datetime,count
2011-01-20 00:00:00,21.480595502405137
2011-01-20 01:00:00,9.911863988504752
2011-01-20 02:00:00,6.010108096389401
2011-01-20 03:00:00,3.4511883555390863
2011-01-20 04:00:00,3.3134621348601545
2011-01-20 05:00:00,17.385557199673006
2011-01-20 06:00:00,83.28134135018227
2011-01-20 07:00:00,221.08140249483816
2011-01-20 08:00:00,411.525062548957
2011-01-20 09:00:00,227.44892422963105
2011-01-20 10:00:00,117.51780271647098
2011-01-20 11:00:00,110.93512627154715
2011-01-20 12:00:00,140.52820939946793
2011-01-20 13:00:00,125.53268684740888
2011-01-20 14:00:00,115.75909378994244
2011-01-20 15:00:00,119.7614210866662
2011-01-20 16:00:00,168.21643683224949
2011-01-20 17:00:00,355.8648311274147
2011-01-20 18:00:00,297.40637749479174
2011-01-20 19:00:00,233.04350699269366
2011-01-20 20:00:00,150.83168589707242
2011-01-20 21:00:00,98.38252836914262
2011-01-20 22:00:00,74.8063634708616
2011-01-20 23:00:00,48.76706095428358
2011-01-21 00:00:00,19.646779031821527
2011-01-21 01:00:00,8.765532531633072
2011-01-21 02:00:00,5.288914014071102
2011-01-21 03:00:00,1.7873501844203612
2011-01-21 04:00:00,2.4127315597863794
2011-01-21 05:00:00,11.888429273788136
2011-01-21 06:00:00,50.078129149742104
2011-01-21 07:00:00,148.19840854239547
2011-01-21 08:00:00,286.01669227836436
2011-01-21 09:00:00,168.80244984872138
2011-01-21 10:00:00,78.65345097583294
2011-01-21 11:00:00,89.81729916473094
2011-01-21 12:00:00,95.99263010599589
2011-01-21 13:00:00,93.54058623290085
2011-01-21 14:00:00,87.57433374214357
2011-01-21 15:00:00,86.23581684263853
2011-01-21 16:00:00,105.85134210087602
2011-01-21 17:00:00,164.75633228305057
2011-01-21 18:00:00,157.6824240586342
2011-01-21 19:00:00,100.79655905688178
2011-01-21 20:00:00,71.50580498300471
2011-01-21 21:00:00,46.266594611011286
2011-01-21 22:00:00,48.3657670309217
2011-01-21 23:00:00,34.590500332707364
2011-01-22 00:00:00,33.36431430354632
2011-01-22 01:00:00,17.048010311002844
2011-01-22 02:00:00,18.552092899937765
2011-01-22 03:00:00,8.08272372082238
2011-01-22 04:00:00,1.5281995339360244
2011-01-22 06:00:00,4.468242931648051
2011-01-22 07:00:00,10.020002806145254
2011-01-22 08:00:00,27.718781174012946
2011-01-22 09:00:00,73.8271123359523
2011-01-22 10:00:00,84.98473002903093
2011-01-22 11:00:00,110.9625798232403
2011-01-22 12:00:00,158.2924274201172
2011-01-22 13:00:00,179.67433102290755
2011-01-22 14:00:00,171.41117134946833
2011-01-22 15:00:00,159.52528975319248
2011-01-22 16:00:00,156.22299805359546
2011-01-22 17:00:00,114.9345847987351
2011-01-22 18:00:00,100.34983715466007
2011-01-22 19:00:00,79.80753720091
2011-01-22 20:00:00,59.170286642145655
2011-01-22 21:00:00,60.46605594966735
2011-01-22 22:00:00,48.8632820170476
2011-01-22 23:00:00,33.62239972396827
2011-01-23 00:00:00,32.20379854658821
2011-01-23 01:00:00,26.76363807016406
2011-01-23 02:00:00,19.67011487611145
2011-01-23 03:00:00,9.00328628620767
2011-01-23 05:00:00,1.732262412613492
2011-01-23 06:00:00,2.844762683386396
2011-01-23 07:00:00,8.168873911763308
2011-01-23 08:00:00,20.582905342816062
2011-01-23 09:00:00,42.69161471786314
2011-01-23 10:00:00,92.24734292315823
2011-01-23 11:00:00,120.35762079218638
2011-01-23 12:00:00,160.34698636589607
2011-01-23 13:00:00,141.7799156257823
2011-01-23 14:00:00,141.75203855165216
2011-01-23 15:00:00,135.50386413161814
2011-01-23 16:00:00,130.67593609300548
2011-01-23 17:00:00,94.9365809545279
2011-01-23 18:00:00,84.85193943415291
2011-01-23 19:00:00,59.13422455110865
2011-01-23 20:00:00,49.01453633490309
2011-01-23 21:00:00,44.209121941988364
2011-01-23 22:00:00,27.486644796189548
2011-01-23 23:00:00,19.462636053315478
2011-01-24 00:00:00,8.829571933630257
2011-01-24 01:00:00,4.01816368717872
2011-01-24 03:00:00,1.6053317339263333
2011-01-24 04:00:00,1.8836025235995084
2011-01-24 05:00:00,7.830222139763713
2011-01-24 06:00:00,40.23982356160626
2011-01-24 07:00:00,144.20768479226868
2011-01-24 08:00:00,256.99212602376593
2011-01-24 09:00:00,135.63377266997054
2011-01-24 10:00:00,59.66049231571573
2011-01-24 11:00:00,67.78431580856838
2011-01-24 12:00:00,64.15144127759591
2011-01-24 13:00:00,55.80109097444501
2011-01-24 14:00:00,53.47116559006693
2011-01-24 15:00:00,77.36822182388218
2011-01-24 16:00:00,99.13758090856378
2011-01-24 17:00:00,204.8021637054324
2011-01-24 18:00:00,198.742184831492
2011-01-24 19:00:00,143.52598729076615
2011-01-24 20:00:00,96.21249103824452
2011-01-24 21:00:00,57.30124267622723
2011-01-24 22:00:00,30.643990765497904
2011-01-24 23:00:00,18.479626166316528
2011-01-25 00:00:00,6.60984966808468
2011-01-25 01:00:00,3.313086196765012
2011-01-25 02:00:00,2.5445639198803995
2011-01-25 04:00:00,1.94035431127668
2011-01-25 05:00:00,9.970046983250086
2011-01-25 06:00:00,46.36624551866846
2011-01-25 07:00:00,163.5282826417616
2011-01-25 08:00:00,231.06823206030805
2011-01-25 09:00:00,135.19188204651303
2011-01-25 10:00:00,65.85936472495102
2011-01-25 11:00:00,69.9301499171679
2011-01-25 12:00:00,82.16389795427484
2011-01-25 13:00:00,84.72720356437732
2011-01-25 14:00:00,81.77443340201063
2011-01-25 15:00:00,92.99351948842788
2011-01-25 16:00:00,130.9202241780071
2011-01-25 17:00:00,289.20192613803056
2011-01-25 18:00:00,256.2359289009727
2011-01-25 19:00:00,175.30200895026255
2011-01-25 20:00:00,125.88419190134485
2011-01-25 21:00:00,90.09130960881728
2011-01-25 22:00:00,51.97152686805503
2011-01-25 23:00:00,25.410675504056716
2011-01-26 00:00:00,13.618437830782641
2011-01-26 01:00:00,6.529058757546666
2011-01-26 02:00:00,2.7483066814101864
2011-01-26 05:00:00,4.425585718477059
2011-01-26 06:00:00,19.96308901480659
2011-01-26 07:00:00,66.77702271806073
2011-01-26 08:00:00,137.24714546364424
2011-01-26 09:00:00,69.45154709726184
2011-01-26 10:00:00,25.67522263132496
2011-01-26 11:00:00,17.327434467826272
2011-01-26 12:00:00,18.3407153416342
2011-01-26 13:00:00,17.58790015181695
2011-01-26 14:00:00,14.055483866589874
2011-01-26 15:00:00,15.960594202235848
2011-01-26 16:00:00,25.38755011450939
2011-01-26 17:00:00,51.640051289654636
2011-01-27 16:00:00,118.7160991426211
2011-01-27 17:00:00,266.8659273084075
2011-01-27 18:00:00,253.1914610458021
2011-01-27 19:00:00,186.35976438493876
2011-01-27 20:00:00,120.6375770231923
2011-01-27 21:00:00,93.18637548035345
2011-01-27 22:00:00,69.5883334842234
2011-01-27 23:00:00,38.691183861839015
2011-01-28 00:00:00,17.44225255319598
2011-01-28 01:00:00,7.948677046409469
2011-01-28 02:00:00,4.571022914046964
2011-01-28 03:00:00,2.475728404420638
2011-01-28 05:00:00,8.704460526491083
2011-01-28 06:00:00,34.01978276199524
2011-01-28 07:00:00,117.80034755408882
2011-01-28 08:00:00,231.21689691885763
2011-01-28 09:00:00,99.61493782397547
2011-01-28 10:00:00,48.65193631585979
2011-01-28 11:00:00,39.69580674515135
2011-01-28 12:00:00,39.879256082238406
2011-01-28 13:00:00,36.73907373978107
2011-01-28 14:00:00,40.03584860254991
2011-01-28 15:00:00,62.566757457483405
2011-01-28 16:00:00,99.12903097935803
2011-01-28 17:00:00,227.96040705553122
2011-01-28 18:00:00,199.97204524269674
2011-01-28 19:00:00,146.31748112830468
2011-01-28 20:00:00,96.42227214466577
2011-01-28 21:00:00,65.06853779209706
2011-01-28 22:00:00,67.29189031407275
2011-01-28 23:00:00,55.384942696608626
2011-01-29 00:00:00,24.690007780257805
2011-01-29 01:00:00,24.59120445426702
2011-01-29 02:00:00,20.720084087267942
2011-01-29 03:00:00,9.027871132586876
2011-01-29 04:00:00,2.0116953716908883
2011-01-29 06:00:00,3.6517025439382893
2011-01-29 07:00:00,13.582373594094042
2011-01-29 08:00:00,30.822449288606858
2011-01-29 09:00:00,59.412211593629394
2011-01-29 10:00:00,65.58987481386833
2011-01-29 11:00:00,75.6339004935699
2011-01-29 12:00:00,106.29433157004166
2011-01-29 13:00:00,119.74188779302999
2011-01-29 14:00:00,131.4735758628735
2011-01-29 15:00:00,148.8096664844072
2011-01-29 16:00:00,153.07994869501908
2011-01-29 17:00:00,100.9911463701293
2011-01-29 18:00:00,108.63492022289198
2011-01-29 19:00:00,69.46736084749507
2011-01-29 20:00:00,66.59988472945882
2011-01-29 21:00:00,58.46093106845321
2011-01-29 22:00:00,53.811318313497424
2011-01-29 23:00:00,44.06895416966747
2011-01-30 00:00:00,39.42770843013635
2011-01-30 01:00:00,29.08412214730851
2011-01-30 02:00:00,26.871936994570028
2011-01-30 03:00:00,10.964475024510593
2011-01-30 04:00:00,2.5642651202346674
2011-01-30 05:00:00,1.7600146139170587
2011-01-30 07:00:00,7.721545516985881
2011-01-30 08:00:00,19.256298603986068
2011-01-30 09:00:00,45.824918790086286
2011-01-30 10:00:00,82.43515526697475
2011-01-30 11:00:00,107.83897210918107
2011-01-30 12:00:00,202.05333668916344
2011-01-30 13:00:00,172.38129969587234
2011-01-30 14:00:00,158.01143092245076
2011-01-30 15:00:00,151.7846320341937
2011-01-30 16:00:00,143.3006752474177
2011-01-30 17:00:00,106.59299109823316
2011-01-30 18:00:00,85.59985108522855
2011-01-30 19:00:00,71.1838916242156
2011-01-30 20:00:00,60.1272384619306
2011-01-30 21:00:00,47.05219444595426
2011-01-30 22:00:00,35.755387604136764
2011-01-30 23:00:00,20.198859728173684
2011-01-31 00:00:00,13.095486273095826
2011-01-31 01:00:00,4.526876371299853
2011-01-31 02:00:00,3.1782525350465143
2011-01-31 03:00:00,1.8751695651395894
2011-01-31 04:00:00,2.1057723845014094
2011-01-31 05:00:00,7.526767076414496
2011-01-31 06:00:00,36.55420121530617
2011-01-31 07:00:00,115.21355193492678
2011-01-31 08:00:00,225.4355283107068
2011-01-31 09:00:00,127.1286768571886
2011-01-31 10:00:00,57.588054263183324
2011-01-31 11:00:00,54.88827764169829
2011-01-31 12:00:00,63.55933519429023
2011-01-31 13:00:00,55.44039649883459
2011-01-31 14:00:00,46.76394423448762
2011-01-31 15:00:00,52.52164973473576
2011-01-31 16:00:00,78.8806849993911
2011-01-31 17:00:00,182.2526201257905
2011-01-31 18:00:00,176.83681421402983
2011-01-31 19:00:00,187.8195654332056
2011-01-31 20:00:00,54.149714303241375
2011-01-31 21:00:00,36.132889280108785
2011-01-31 22:00:00,32.83352984935747
2011-01-31 23:00:00,18.535919798050337
2011-02-20 00:00:00,40.76273516133964
2011-02-20 01:00:00,27.81870721010771
2011-02-20 02:00:00,21.255521920452534
2011-02-20 03:00:00,9.328859215055203
2011-02-20 04:00:00,2.991504105801688
2011-02-20 06:00:00,4.879838004738911
2011-02-20 07:00:00,15.360655322868931
2011-02-20 08:00:00,36.729768218911076
2011-02-20 09:00:00,74.19481491346978
2011-02-20 10:00:00,146.85374279272438
2011-02-20 11:00:00,174.32034342847433
2011-02-20 12:00:00,223.5604560560971
2011-02-20 13:00:00,262.0223517732747
2011-02-20 14:00:00,262.56691523431857
2011-02-20 15:00:00,246.15784327396457
2011-02-20 16:00:00,202.47159703884736
2011-02-20 17:00:00,164.19956487760166
2011-02-20 18:00:00,151.585553008488
2011-02-20 19:00:00,115.0448629643825
2011-02-20 20:00:00,102.34716131247481
2011-02-20 21:00:00,84.96014104056952
2011-02-20 22:00:00,55.65657827842143
2011-02-20 23:00:00,34.41267616078399
2011-02-21 00:00:00,25.719305384960354
2011-02-21 01:00:00,18.448264982617903
2011-02-21 02:00:00,13.801891495061724
2011-02-21 03:00:00,6.503884691050727
2011-02-21 04:00:00,4.545984242991829
2011-02-21 05:00:00,5.457241314782607
2011-02-21 06:00:00,10.988767166931698
2011-02-21 07:00:00,37.41548640732446
2011-02-21 08:00:00,106.81709352255714
2011-02-21 09:00:00,127.72210309281965
2011-02-21 10:00:00,144.11832071552573
2011-02-21 11:00:00,196.0460049012756
2011-02-21 12:00:00,260.64614799718356
2011-02-21 13:00:00,111.1336549159614
2011-02-21 14:00:00,197.56753729106262
2011-02-21 15:00:00,187.33510056343223
2011-02-21 16:00:00,157.7582492604313
2011-02-21 17:00:00,238.50626325207512
2011-02-21 18:00:00,150.9145472177154
2011-02-21 19:00:00,120.5211085016388
2011-02-21 20:00:00,66.84039582262925
2011-02-21 21:00:00,36.64480785677299
2011-02-21 22:00:00,31.707185328359376
2011-02-21 23:00:00,18.858265831061274
2011-02-22 06:00:00,26.037175132194672
2011-02-22 07:00:00,93.71464198272477
2011-02-22 08:00:00,176.69795872432303
2011-02-22 09:00:00,124.2431414907094
2011-02-22 10:00:00,45.27207096525166
2011-02-22 11:00:00,47.40008196417014
2011-02-22 12:00:00,59.16616191229806
2011-02-22 13:00:00,53.950708507993475
2011-02-22 14:00:00,45.063521018561396
2011-02-22 15:00:00,57.98685864298211
2011-02-22 16:00:00,68.3485306429813
2011-02-22 17:00:00,148.51547272279242
2011-02-22 18:00:00,147.48153914826233
2011-02-22 19:00:00,88.07986176232862
2011-02-22 20:00:00,61.148700737789795
2011-02-22 21:00:00,44.23190722504405
2011-02-22 22:00:00,37.357383396747096
2011-02-22 23:00:00,21.04522054147726
2011-02-23 00:00:00,7.897504607432795
2011-02-23 01:00:00,3.370324708234124
2011-02-23 02:00:00,1.7121233004047178
2011-02-23 03:00:00,1.1812856590883527
2011-02-23 05:00:00,5.240759470116824
2011-02-23 06:00:00,30.318359692251757
2011-02-23 07:00:00,105.79109567877707
2011-02-23 08:00:00,203.28816473824162
2011-02-23 09:00:00,103.35534193795795
2011-02-23 10:00:00,51.70566153514438
2011-02-23 11:00:00,58.92056386338218
2011-02-23 12:00:00,63.51226145970423
2011-02-23 13:00:00,63.00297484692297
2011-02-23 14:00:00,60.720549003257446
2011-02-23 15:00:00,71.30093607565384
2011-02-23 16:00:00,95.90352437315569
2011-02-23 17:00:00,182.68658799123207
2011-02-23 18:00:00,161.14028438590537
2011-02-23 19:00:00,118.0386411512579
2011-02-23 20:00:00,91.86402040153682
2011-02-23 21:00:00,59.481097368220894
2011-02-23 22:00:00,43.10074074578961
2011-02-23 23:00:00,26.145237116041425
2011-02-24 00:00:00,14.757041692156488
2011-02-24 01:00:00,6.545104580349594
2011-02-24 02:00:00,2.9619001284495887
2011-02-24 03:00:00,1.5341676738249266
2011-02-24 05:00:00,8.398154247627254
2011-02-24 06:00:00,43.90983071933495
2011-02-24 07:00:00,147.4276800427568
2011-02-24 08:00:00,399.7911273833779
2011-02-24 09:00:00,136.65910021651973
2011-02-24 10:00:00,78.55589715780162
2011-02-24 11:00:00,94.46930334663814
2011-02-24 12:00:00,130.14323305946706
2011-02-24 13:00:00,117.14400040444194
2011-02-24 14:00:00,108.23258530385354
2011-02-24 15:00:00,103.08890598249391
2011-02-24 16:00:00,111.20656051016152
2011-02-24 17:00:00,311.02621564395014
2011-02-24 18:00:00,173.55925715043108
2011-02-24 19:00:00,81.99543701166702
2011-02-24 20:00:00,68.10567767678353
2011-02-24 21:00:00,69.21460827154269
2011-02-24 22:00:00,41.609704546482234
2011-02-24 23:00:00,35.74463704294723
2011-02-25 00:00:00,14.690696481210525
2011-02-25 01:00:00,7.43746040827863
2011-02-25 02:00:00,4.618214314229159
2011-02-25 03:00:00,2.286967126655948
2011-02-25 05:00:00,9.038252353993277
2011-02-25 06:00:00,33.54017490928924
2011-02-25 07:00:00,93.07857036340324
2011-02-25 08:00:00,305.83556463206935
2011-02-25 09:00:00,58.263175682536044
2011-02-25 10:00:00,46.191799118106495
2011-02-25 11:00:00,134.4379829477226
2011-02-25 12:00:00,118.89679710617071
2011-02-25 13:00:00,113.4594391242954
2011-02-25 14:00:00,93.90074044220563
2011-02-25 15:00:00,111.72392221630166
2011-02-25 16:00:00,111.92109461642649
2011-02-25 17:00:00,174.05405389521425
2011-02-25 18:00:00,171.90627514581567
2011-02-25 19:00:00,111.52597158722061
2011-02-25 20:00:00,65.7265628311765
2011-02-25 21:00:00,64.67118358556134
2011-02-25 22:00:00,51.828112551546376
2011-02-25 23:00:00,41.28750065042924
2011-02-26 00:00:00,35.824421877125104
2011-02-26 01:00:00,28.436010254913953
2011-02-26 02:00:00,13.85501702032768
2011-02-26 03:00:00,10.335638362792785
2011-02-26 04:00:00,2.926259374901219
2011-02-26 05:00:00,2.429284287645019
2011-02-26 06:00:00,5.563731346212876
2011-02-26 07:00:00,15.849181304018138
2011-02-26 08:00:00,50.937569382915456
2011-02-26 09:00:00,96.30689497159533
2011-02-26 10:00:00,162.96040009918408
2011-02-26 11:00:00,188.4098907286322
2011-02-26 12:00:00,260.2235728846986
2011-02-26 13:00:00,263.5672577910657
2011-02-26 14:00:00,203.9293311544181
2011-02-26 15:00:00,239.98966821331967
2011-02-26 16:00:00,204.5227762937869
2011-02-26 17:00:00,214.30047964917244
2011-02-26 18:00:00,173.18942769797064
2011-02-26 19:00:00,104.80378759964712
2011-02-26 20:00:00,78.76342140195077
2011-02-26 21:00:00,50.4089400968975
2011-02-26 22:00:00,47.69397817561574
2011-02-26 23:00:00,36.749948225452066
2011-02-27 00:00:00,31.21764867951832
2011-02-27 01:00:00,28.15399948396325
2011-02-27 02:00:00,28.916618792786416
2011-02-27 03:00:00,13.39180851946914
2011-02-27 04:00:00,3.8032572865046053
2011-02-27 06:00:00,4.539110769035887
2011-02-27 07:00:00,16.337714923576023
2011-02-27 08:00:00,42.88074208943133
2011-02-27 09:00:00,90.88224482333855
2011-02-27 10:00:00,130.27017273571752
2011-02-27 11:00:00,180.2712858845243
2011-02-27 12:00:00,297.3810994010523
2011-02-27 13:00:00,326.7770774440767
2011-02-27 14:00:00,326.8990046383703
2011-02-27 15:00:00,333.8251433667353
2011-02-27 16:00:00,366.46485904816956
2011-02-27 17:00:00,226.5192827090984
2011-02-27 18:00:00,175.12884191050534
2011-02-27 19:00:00,146.38580009094363
2011-02-27 20:00:00,110.77663880365611
2011-02-27 21:00:00,80.86675993174933
2011-02-27 22:00:00,65.53718065246464
2011-02-27 23:00:00,40.78265258152511
2011-02-28 00:00:00,15.053024014917773
2011-02-28 01:00:00,3.6896974154546034
2011-02-28 03:00:00,1.6060406624416521
2011-02-28 05:00:00,9.26514889562344
2011-02-28 06:00:00,52.08078947906425
2011-02-28 07:00:00,194.44221127277623
2011-02-28 08:00:00,279.8555936619333
2011-02-28 09:00:00,180.2270759845539
2011-02-28 10:00:00,109.33644767357333
2011-02-28 11:00:00,129.7600396375415
2011-02-28 12:00:00,149.70113867780762
2011-02-28 13:00:00,72.02005214708379
2011-02-28 14:00:00,40.39148342340422
2011-02-28 15:00:00,44.066850249894294
2011-02-28 16:00:00,85.23615722370035
2011-02-28 17:00:00,191.90989265904105
2011-02-28 18:00:00,289.9209318530137
2011-02-28 19:00:00,112.76813856642993
2011-02-28 20:00:00,66.225487391123
2011-02-28 21:00:00,52.67417564866986
2011-02-28 22:00:00,24.15789944693942
2011-02-28 23:00:00,18.719831699156966
2011-03-20 00:00:00,54.122904665814374
2011-03-20 01:00:00,43.47024933611528
2011-03-20 02:00:00,34.21270497530737
2011-03-20 03:00:00,19.112542468498948
2011-03-20 04:00:00,4.926014235124145
2011-03-20 05:00:00,3.7323247690668175
2011-03-20 06:00:00,6.739076611895598
2011-03-20 07:00:00,24.725546483523893
2011-03-20 08:00:00,63.57542954447628
2011-03-20 09:00:00,131.17074751956142
2011-03-20 10:00:00,213.89837038479735
2011-03-20 11:00:00,273.173904013366
2011-03-20 12:00:00,325.1138490448985
2011-03-20 13:00:00,292.7282499444903
2011-03-20 14:00:00,310.04420293382077
2011-03-20 15:00:00,293.9670818527445
2011-03-20 16:00:00,338.61408252816483
2011-03-20 17:00:00,222.2797746604456
2011-03-20 18:00:00,139.73831092613642
2011-03-20 19:00:00,102.4005043255124
2011-03-20 20:00:00,71.74197827007738
2011-03-20 21:00:00,53.290767467601995
2011-03-20 22:00:00,43.125999266366634
2011-03-20 23:00:00,21.88228701302885
2011-03-21 00:00:00,15.111500897798333
2011-03-21 01:00:00,6.937267005436602
2011-03-21 02:00:00,4.063069704143685
2011-03-21 03:00:00,2.347002913305903
2011-03-21 05:00:00,12.309655354345008
2011-03-21 06:00:00,47.23406070520481
2011-03-21 07:00:00,84.92134312001654
2011-03-21 08:00:00,215.71153325542159
2011-03-21 09:00:00,124.64720857521219
2011-03-21 10:00:00,86.46255006641366
2011-03-21 11:00:00,114.30658994791864
2011-03-21 12:00:00,123.61221155559538
2011-03-21 13:00:00,161.7744613898999
2011-03-21 14:00:00,166.53207602945
2011-03-21 15:00:00,183.6832713629319
2011-03-21 16:00:00,256.5096931755806
2011-03-21 17:00:00,527.4309345255698
2011-03-21 18:00:00,448.3371485128397
2011-03-21 19:00:00,360.2077545956743
2011-03-21 20:00:00,246.70045289014828
2011-03-21 21:00:00,113.77082365652299
2011-03-21 22:00:00,76.89255841864919
2011-03-21 23:00:00,51.10498776415182
2011-03-22 00:00:00,17.724773182451937
2011-03-22 01:00:00,5.615045913476574
2011-03-22 02:00:00,4.273924022003633
2011-03-22 03:00:00,2.9746358747313555
2011-03-22 04:00:00,3.0839156592831345
2011-03-22 05:00:00,14.811520563422707
2011-03-22 06:00:00,73.25164885284867
2011-03-22 07:00:00,303.3166888706842
2011-03-22 08:00:00,421.63820412971126
2011-03-22 09:00:00,197.76546026832457
2011-03-22 10:00:00,104.764729505899
2011-03-22 11:00:00,121.00822938939142
2011-03-22 12:00:00,183.2656717803857
2011-03-22 13:00:00,178.8351093736427
2011-03-22 14:00:00,170.93483150813435
2011-03-22 15:00:00,200.73917073109055
2011-03-22 16:00:00,297.88347157676424
2011-03-22 17:00:00,587.4224756286538
2011-03-22 18:00:00,575.4634941590538
2011-03-22 19:00:00,273.1885127191566
2011-03-22 20:00:00,175.36553220598745
2011-03-22 21:00:00,130.04130215246622
2011-03-22 22:00:00,82.71634309348316
2011-03-22 23:00:00,47.634999002303914
2011-03-23 00:00:00,18.000729009820255
2011-03-23 01:00:00,6.644140056250143
2011-03-23 02:00:00,3.7880414903568957
2011-03-23 03:00:00,2.5366870820772167
2011-03-23 05:00:00,9.75237790281192
2011-03-23 06:00:00,60.9083813967577
2011-03-23 07:00:00,146.72955055149518
2011-03-23 08:00:00,311.8429146708742
2011-03-23 09:00:00,171.97935939465654
2011-03-23 10:00:00,72.23037830213119
2011-03-23 11:00:00,57.725383492210575
2011-03-23 12:00:00,64.02102769376701
2011-03-23 13:00:00,43.68289409061905
2011-03-23 14:00:00,75.22517706897209
2011-03-23 15:00:00,89.77440531158791
2011-03-23 16:00:00,151.32669327259342
2011-03-23 17:00:00,328.26579610436886
2011-03-23 18:00:00,204.97132318683862
2011-03-23 19:00:00,144.63360950758667
2011-03-23 20:00:00,38.08687758127265
2011-03-23 21:00:00,22.353984254631918
2011-03-23 22:00:00,37.740442528787696
2011-03-23 23:00:00,20.016266467532397
2011-03-24 00:00:00,12.931068162801687
2011-03-24 01:00:00,5.031729068914991
2011-03-24 02:00:00,3.2109756184014873
2011-03-24 03:00:00,2.0584318669384105
2011-03-24 04:00:00,1.8490214902254225
2011-03-24 05:00:00,10.864862078775653
2011-03-24 06:00:00,55.95976249709469
2011-03-24 07:00:00,78.21597350452157
2011-03-24 08:00:00,147.59359229339336
2011-03-24 09:00:00,113.62011371612329
2011-03-24 10:00:00,39.9550806949908
2011-03-24 11:00:00,72.75085805657109
2011-03-24 12:00:00,116.73802422916981
2011-03-24 13:00:00,93.62000918574188
2011-03-24 14:00:00,93.11611046506273
2011-03-24 15:00:00,91.81320359949524
2011-03-24 16:00:00,134.9754844593415
2011-03-24 17:00:00,274.3513903172343
2011-03-24 18:00:00,264.59718265472924
2011-03-24 19:00:00,210.0829062163511
2011-03-24 20:00:00,137.00969183067272
2011-03-24 21:00:00,91.64982415925707
2011-03-24 22:00:00,70.22871823880033
2011-03-24 23:00:00,45.75962048145459
2011-03-25 00:00:00,27.892027750352106
2011-03-25 01:00:00,9.734002010351851
2011-03-25 02:00:00,5.109766655286181
2011-03-25 03:00:00,3.1701194200339855
2011-03-25 04:00:00,2.5438125122444872
2011-03-25 05:00:00,14.035426407080056
2011-03-25 06:00:00,54.92777920911906
2011-03-25 07:00:00,253.63332023923226
2011-03-25 08:00:00,377.9387193531526
2011-03-25 09:00:00,263.5150431206636
2011-03-25 10:00:00,108.17471062262636
2011-03-25 11:00:00,127.01754840481594
2011-03-25 12:00:00,175.77201986039503
2011-03-25 13:00:00,155.98262170341633
2011-03-25 14:00:00,181.350016217918
2011-03-25 15:00:00,139.52113678717404
2011-03-25 16:00:00,177.74636733621176
2011-03-25 17:00:00,343.4152782180385
2011-03-25 18:00:00,248.39978233739427
2011-03-25 19:00:00,163.25032106956618
2011-03-25 20:00:00,117.56053912154731
2011-03-25 21:00:00,87.51465444948755
2011-03-25 22:00:00,98.6695069491124
2011-03-25 23:00:00,68.5473671989916
2011-03-26 00:00:00,49.12739354951482
2011-03-26 01:00:00,40.06019123693297
2011-03-26 02:00:00,25.299205713005545
2011-03-26 03:00:00,13.360458044759188
2011-03-26 04:00:00,5.25522755706911
2011-03-26 05:00:00,5.771136092138184
2011-03-26 06:00:00,18.48982762293854
2011-03-26 07:00:00,42.13511759606481
2011-03-26 08:00:00,120.46573485773236
2011-03-26 09:00:00,215.20287863693284
2011-03-26 10:00:00,206.0965625253424
2011-03-26 11:00:00,240.64729956260157
2011-03-26 12:00:00,273.1930250051405
2011-03-26 13:00:00,290.2669545713507
2011-03-26 14:00:00,303.12096532851973
2011-03-26 15:00:00,330.2586781729733
2011-03-26 16:00:00,308.9604740959021
2011-03-26 17:00:00,244.57865345951456
2011-03-26 18:00:00,202.74228741082058
2011-03-26 19:00:00,119.60347101333484
2011-03-26 20:00:00,89.8367496923009
2011-03-26 21:00:00,79.06216122754923
2011-03-26 22:00:00,71.05799844227334
2011-03-26 23:00:00,65.59490809603491
2011-03-27 00:00:00,63.72303173822885
2011-03-27 01:00:00,52.3896598328191
2011-03-27 02:00:00,44.71730635544968
2011-03-27 03:00:00,19.60113123037409
2011-03-27 04:00:00,6.782647918611512
2011-03-27 06:00:00,9.472657369775511
2011-03-27 07:00:00,22.08465697424293
2011-03-27 08:00:00,83.54258898284272
2011-03-27 09:00:00,180.55404858052285
2011-03-27 10:00:00,212.55356439551093
2011-03-27 11:00:00,259.4461517163374
2011-03-27 12:00:00,292.1954929588318
2011-03-27 13:00:00,312.6422278414112
2011-03-27 14:00:00,318.5672505318876
2011-03-27 15:00:00,286.9673319832359
2011-03-27 16:00:00,305.7489301671237
2011-03-27 17:00:00,231.76127738541211
2011-03-27 18:00:00,197.28137877873033
2011-03-27 19:00:00,164.62964912811236
2011-03-27 20:00:00,119.86636672014068
2011-03-27 21:00:00,95.28918966809862
2011-03-27 22:00:00,70.7319024376172
2011-03-27 23:00:00,45.423936003329814
2011-03-28 00:00:00,13.698621213403836
2011-03-28 01:00:00,5.433870559492259
2011-03-28 02:00:00,3.2088089644151587
2011-03-28 03:00:00,2.086715475755876
2011-03-28 05:00:00,12.817608027652252
2011-03-28 06:00:00,67.04118883105917
2011-03-28 07:00:00,201.7662584805823
2011-03-28 08:00:00,350.9956295341602
2011-03-28 09:00:00,166.01108811713826
2011-03-28 10:00:00,76.19399540157904
2011-03-28 11:00:00,92.15905474200564
2011-03-28 12:00:00,99.07220058245154
2011-03-28 13:00:00,93.39285060407884
2011-03-28 14:00:00,97.43736633257922
2011-03-28 15:00:00,107.19981497148873
2011-03-28 16:00:00,150.10041668658954
2011-03-28 17:00:00,316.05109323359426
2011-03-28 18:00:00,273.6906850254968
2011-03-28 19:00:00,188.10162644928835
2011-03-28 20:00:00,135.32064138141774
2011-03-28 21:00:00,97.78169668173847
2011-03-28 22:00:00,57.632313399062845
2011-03-28 23:00:00,40.12842066515065
2011-03-29 00:00:00,14.380821678532318
2011-03-29 01:00:00,5.746271358352375
2011-03-29 02:00:00,3.3169724099282862
2011-03-29 03:00:00,2.5727131234906038
2011-03-29 04:00:00,2.5678444151542266
2011-03-29 05:00:00,16.28239409356275
2011-03-29 06:00:00,82.70548314325413
2011-03-29 07:00:00,226.7858283010264
2011-03-29 08:00:00,478.6848241307217
2011-03-29 09:00:00,234.56622572553118
2011-03-29 10:00:00,94.43592900304121
2011-03-29 11:00:00,102.7463718638539
2011-03-29 12:00:00,133.43032703714627
2011-03-29 13:00:00,121.91545090439162
2011-03-29 14:00:00,122.08156062639982
2011-03-29 15:00:00,136.93430453836842
2011-03-29 16:00:00,210.00642848513957
2011-03-29 17:00:00,444.0812459699804
2011-03-29 18:00:00,357.57878798996416
2011-03-29 19:00:00,212.46375411718932
2011-03-29 20:00:00,174.9851228992351
2011-03-29 21:00:00,127.23029988404471
2011-03-29 22:00:00,74.19287232837178
2011-03-29 23:00:00,35.56153745065792
2011-03-30 00:00:00,18.532057977658454
2011-03-30 01:00:00,8.03442676409376
2011-03-30 02:00:00,4.516016809826955
2011-03-30 03:00:00,3.215803407954325
2011-03-30 04:00:00,2.981063485540366
2011-03-30 05:00:00,17.666033423998652
2011-03-30 06:00:00,100.22650199432425
2011-03-30 07:00:00,348.19655339308986
2011-03-30 08:00:00,458.11116543067413
2011-03-30 09:00:00,258.70782091724146
2011-03-30 10:00:00,98.197348017206
2011-03-30 11:00:00,100.56485537439579
2011-03-30 12:00:00,127.76502076696019
2011-03-30 13:00:00,132.58560106202418
2011-03-30 14:00:00,118.27258795791828
2011-03-30 15:00:00,41.873551182764544
2011-03-30 16:00:00,50.12262109754452
2011-03-30 17:00:00,112.32694050038565
2011-03-30 18:00:00,112.75292316290734
2011-03-30 19:00:00,78.49048877073578
2011-03-30 20:00:00,48.805532486681294
2011-03-30 21:00:00,48.78707921139988
2011-03-30 22:00:00,30.8238399097069
2011-03-30 23:00:00,17.769120241962845
2011-03-31 00:00:00,9.504262304492407
2011-03-31 01:00:00,4.633333824040401
2011-03-31 02:00:00,2.999096832472561
2011-03-31 03:00:00,1.8938962373652348
2011-03-31 04:00:00,1.6713631357116745
2011-03-31 05:00:00,8.783327797269962
2011-03-31 06:00:00,34.065351166247545
2011-03-31 07:00:00,112.50547620084352
2011-03-31 08:00:00,232.3019562444061
2011-03-31 09:00:00,72.03397832833146
2011-03-31 10:00:00,32.17504083349839
2011-03-31 11:00:00,26.795210449752048
2011-03-31 12:00:00,32.76244796722416
2011-03-31 13:00:00,39.078482552592384
2011-03-31 14:00:00,32.75639925452012
2011-03-31 15:00:00,32.60706455959044
2011-03-31 16:00:00,88.68090479701061
2011-03-31 17:00:00,184.41687496066987
2011-03-31 18:00:00,195.8693574796955
2011-03-31 19:00:00,136.15754777004858
2011-03-31 20:00:00,53.25475750141979
2011-03-31 21:00:00,61.94962021510313
2011-03-31 22:00:00,33.45670596880211
2011-03-31 23:00:00,16.192808589281874
2011-04-20 00:00:00,21.505272048911745
2011-04-20 01:00:00,7.39737788966073
2011-04-20 02:00:00,4.127986162519956
2011-04-20 03:00:00,2.721954798308813
2011-04-20 04:00:00,1.9660294076703255
2011-04-20 05:00:00,12.95235179432057
2011-04-20 06:00:00,70.05736936654658
2011-04-20 07:00:00,201.56707535903575
2011-04-20 08:00:00,588.7671191113512
2011-04-20 09:00:00,321.6642482565332
2011-04-20 10:00:00,148.1111137110596
2011-04-20 11:00:00,167.58134996211538
2011-04-20 12:00:00,244.4625658078778
2011-04-20 13:00:00,242.3037555389951
2011-04-20 14:00:00,211.10399462193243
2011-04-20 15:00:00,237.54746079823582
2011-04-20 16:00:00,360.527082002422
2011-04-20 17:00:00,800.7234108691446
2011-04-20 18:00:00,735.1794478129164
2011-04-20 19:00:00,544.6055565043262
2011-04-20 20:00:00,414.3310096366962
2011-04-20 21:00:00,287.9490205848445
2011-04-20 22:00:00,213.41345824310048
2011-04-20 23:00:00,124.09491314789166
2011-04-21 00:00:00,48.61009595925277
2011-04-21 01:00:00,19.81928307480074
2011-04-21 02:00:00,11.528323062692655
2011-04-21 03:00:00,5.4278185973301145
2011-04-21 04:00:00,4.313235363746755
2011-04-21 05:00:00,27.886317789890693
2011-04-21 06:00:00,102.37755363433003
2011-04-21 07:00:00,452.7127516842123
2011-04-21 08:00:00,625.7749536477014
2011-04-21 09:00:00,328.4677493185198
2011-04-21 10:00:00,191.6514317704011
2011-04-21 11:00:00,199.9834340394579
2011-04-21 12:00:00,299.7160977998531
2011-04-21 13:00:00,309.22061159625724
2011-04-21 14:00:00,272.2902853164611
2011-04-21 15:00:00,279.07447776013817
2011-04-21 16:00:00,430.5463473260684
2011-04-21 17:00:00,832.8902687440335
2011-04-21 18:00:00,688.7484169530685
2011-04-21 19:00:00,463.80844728105194
2011-04-21 20:00:00,412.6899878047356
2011-04-21 21:00:00,277.76695937801213
2011-04-21 22:00:00,232.3901233692507
2011-04-21 23:00:00,125.94288041463687
2011-04-22 00:00:00,55.45147419409132
2011-04-22 01:00:00,27.33874857378811
2011-04-22 02:00:00,15.429026357605617
2011-04-22 03:00:00,7.344747140742504
2011-04-22 04:00:00,4.8795113840246875
2011-04-22 05:00:00,26.872461528838738
2011-04-22 06:00:00,103.61343741586346
2011-04-22 07:00:00,272.5276444258375
2011-04-22 08:00:00,483.12439447125234
2011-04-22 09:00:00,164.39977227146235
2011-04-22 10:00:00,150.9943008291699
2011-04-22 11:00:00,78.65672174714594
2011-04-22 12:00:00,89.33239079969091
2011-04-22 13:00:00,52.90473097027363
2011-04-22 14:00:00,43.30901246042534
2011-04-22 15:00:00,47.69088026851633
2011-04-22 16:00:00,74.91389339440039
2011-04-22 17:00:00,104.01503413389638
2011-04-22 18:00:00,95.04966669142367
2011-04-22 19:00:00,72.85542737839324
2011-04-22 20:00:00,62.98081259642492
2011-04-22 21:00:00,43.334119047725146
2011-04-22 22:00:00,32.41134051508112
2011-04-22 23:00:00,35.29602361064427
2011-04-23 00:00:00,34.98927518958566
2011-04-23 01:00:00,29.71691986613251
2011-04-23 02:00:00,26.03527513261276
2011-04-23 03:00:00,12.715818833450632
2011-04-23 04:00:00,4.19786741496365
2011-04-23 05:00:00,4.468528077296935
2011-04-23 06:00:00,12.575320631793895
2011-04-23 07:00:00,19.44741376460645
2011-04-23 08:00:00,64.5443236829288
2011-04-23 09:00:00,106.40570403074332
2011-04-23 10:00:00,171.89114690520861
2011-04-23 11:00:00,181.1831871306865
2011-04-23 12:00:00,312.8387571066511
2011-04-23 13:00:00,302.6926804806066
2011-04-23 14:00:00,424.5724355702071
2011-04-23 15:00:00,484.99610358836384
2011-04-23 16:00:00,489.8604022386302
2011-04-23 17:00:00,450.5765376324127
2011-04-23 18:00:00,395.75541935005924
2011-04-23 19:00:00,301.1119141569215
2011-04-23 20:00:00,167.56255248772752
2011-04-23 21:00:00,171.91516499306067
2011-04-23 22:00:00,172.7588149264997
2011-04-23 23:00:00,125.2911476350116
2011-04-24 00:00:00,95.37502449383652
2011-04-24 01:00:00,65.14632680338353
2011-04-24 02:00:00,52.76559643113089
2011-04-24 03:00:00,28.933853761383528
2011-04-24 04:00:00,9.458204307954505
2011-04-24 05:00:00,9.401563728743888
2011-04-24 06:00:00,10.9874826618976
2011-04-24 07:00:00,25.74488804676135
2011-04-24 08:00:00,88.01522047345168
2011-04-24 09:00:00,240.48619506295105
2011-04-24 10:00:00,426.73164079027794
2011-04-24 11:00:00,485.10584052305336
2011-04-24 12:00:00,516.5904455980809
2011-04-24 13:00:00,537.0107643586864
2011-04-24 14:00:00,526.1747123607846
2011-04-24 15:00:00,528.7349146927213
2011-04-24 16:00:00,518.8109474091348
2011-04-24 17:00:00,450.7773809815087
2011-04-24 18:00:00,392.70246545457394
2011-04-24 19:00:00,152.42086133455263
2011-04-24 20:00:00,101.40830494339839
2011-04-24 21:00:00,59.21096345078097
2011-04-24 22:00:00,35.663963939845274
2011-04-24 23:00:00,25.881877665774514
2011-04-25 00:00:00,15.667172583757312
2011-04-25 01:00:00,11.462071200164164
2011-04-25 02:00:00,6.660689312326569
2011-04-25 03:00:00,3.165331915365005
2011-04-25 04:00:00,4.137723209971848
2011-04-25 05:00:00,14.672748804153521
2011-04-25 06:00:00,75.10112048349784
2011-04-25 07:00:00,246.3155578360244
2011-04-25 08:00:00,610.0046378764642
2011-04-25 09:00:00,329.0384582731722
2011-04-25 10:00:00,157.14474430783997
2011-04-25 11:00:00,178.1065219881142
2011-04-25 12:00:00,226.96787343765922
2011-04-25 13:00:00,206.18082073881618
2011-04-25 14:00:00,192.691132354353
2011-04-25 15:00:00,207.3950141811419
2011-04-25 16:00:00,314.81350365657505
2011-04-25 17:00:00,670.0924079830288
2011-04-25 18:00:00,557.4151048209285
2011-04-25 19:00:00,464.30269437564783
2011-04-25 20:00:00,324.47758745009014
2011-04-25 21:00:00,213.72306526265453
2011-04-25 22:00:00,145.5945159850696
2011-04-25 23:00:00,78.57748599062548
2011-04-26 00:00:00,30.04751452245879
2011-04-26 01:00:00,14.734979174673787
2011-04-26 02:00:00,4.967101906665244
2011-04-26 03:00:00,3.8094624785902136
2011-04-26 04:00:00,5.438678240546093
2011-04-26 05:00:00,28.84008054193539
2011-04-26 06:00:00,142.32454937540862
2011-04-26 07:00:00,384.44241243391866
2011-04-26 08:00:00,620.8573662938154
2011-04-26 09:00:00,314.06302789973927
2011-04-26 10:00:00,168.16094561723094
2011-04-26 11:00:00,172.16028425870115
2011-04-26 12:00:00,220.18459769758874
2011-04-26 13:00:00,202.84967460203075
2011-04-26 14:00:00,187.0887056838567
2011-04-26 15:00:00,201.53404355347305
2011-04-26 16:00:00,318.97533807765535
2011-04-26 17:00:00,634.8864461089541
2011-04-26 18:00:00,546.3860060363407
2011-04-26 19:00:00,488.6751702651145
2011-04-26 20:00:00,331.3073829888048
2011-04-26 21:00:00,234.37962408168588
2011-04-26 22:00:00,146.01631411640494
2011-04-26 23:00:00,87.42326070540328
2011-04-27 00:00:00,37.03591151644653
2011-04-27 01:00:00,16.280903899244624
2011-04-27 02:00:00,6.927281193123954
2011-04-27 03:00:00,4.339967090975099
2011-04-27 04:00:00,4.6265023703432755
2011-04-27 05:00:00,23.12930016561653
2011-04-27 06:00:00,116.87518441864769
2011-04-27 07:00:00,344.0744578542095
2011-04-27 08:00:00,453.6032522000186
2011-04-27 09:00:00,223.41427111245144
2011-04-27 10:00:00,167.63817993288444
2011-04-27 11:00:00,191.7581199985803
2011-04-27 12:00:00,221.04012579987491
2011-04-27 13:00:00,202.19314864307762
2011-04-27 14:00:00,210.15393339959886
2011-04-27 15:00:00,216.0315642964011
2011-04-27 16:00:00,350.26040817159463
2011-04-27 17:00:00,372.1501279211185
2011-04-27 18:00:00,361.3856537035255
2011-04-27 19:00:00,440.4314234764786
2011-04-27 20:00:00,247.051927577074
2011-04-27 21:00:00,189.81326369217376
2011-04-27 22:00:00,108.27275956746458
2011-04-27 23:00:00,66.55287077035125
2011-04-28 00:00:00,42.30379666278579
2011-04-28 01:00:00,12.98141914326563
2011-04-28 02:00:00,6.026197402818449
2011-04-28 03:00:00,4.525687480858096
2011-04-28 04:00:00,4.018434055173381
2011-04-28 05:00:00,21.267507651557832
2011-04-28 06:00:00,124.66966846816572
2011-04-28 07:00:00,319.30336984369956
2011-04-28 08:00:00,524.119335697879
2011-04-28 09:00:00,116.87334787443702
2011-04-28 10:00:00,119.47988519241855
2011-04-28 11:00:00,134.9958000202061
2011-04-28 12:00:00,190.12404869540103
2011-04-28 13:00:00,142.09282605910846
2011-04-28 14:00:00,157.01163343652138
2011-04-28 15:00:00,228.01297325910056
2011-04-28 16:00:00,281.93838620828365
2011-04-28 17:00:00,628.0747920337467
2011-04-28 18:00:00,605.3480622236783
2011-04-28 19:00:00,421.88262020352346
2011-04-28 20:00:00,318.5597197473459
2011-04-28 21:00:00,241.5711886907745
2011-04-28 22:00:00,191.3537021645497
2011-04-28 23:00:00,144.8144066052455
2011-04-29 00:00:00,68.2415139701688
2011-04-29 01:00:00,31.376997904181763
2011-04-29 02:00:00,15.099533719433891
2011-04-29 03:00:00,7.1691758779716235
2011-04-29 04:00:00,4.736174192642686
2011-04-29 05:00:00,29.780058851922274
2011-04-29 06:00:00,116.00838285885976
2011-04-29 07:00:00,342.10225246670035
2011-04-29 08:00:00,553.6811925039337
2011-04-29 09:00:00,321.192325523955
2011-04-29 10:00:00,201.89775975522574
2011-04-29 11:00:00,258.9659400564742
2011-04-29 12:00:00,319.8672677651179
2011-04-29 13:00:00,312.5147562918244
2011-04-29 14:00:00,283.69261826305063
2011-04-29 15:00:00,250.85921489999438
2011-04-29 16:00:00,355.6033295799248
2011-04-29 17:00:00,586.6993055255084
2011-04-29 18:00:00,479.68972652211045
2011-04-29 19:00:00,314.5455923717326
2011-04-29 20:00:00,271.4197558528887
2011-04-29 21:00:00,211.2076829995885
2011-04-29 22:00:00,173.70036408173485
2011-04-29 23:00:00,115.70742962912003
2011-04-30 00:00:00,85.55521978613402
2011-04-30 01:00:00,72.1264666051975
2011-04-30 02:00:00,50.92356820854379
2011-04-30 03:00:00,24.61088368334629
2011-04-30 04:00:00,6.818604991519322
2011-04-30 05:00:00,8.211192329810533
2011-04-30 06:00:00,19.15221015828286
2011-04-30 07:00:00,46.535449214624556
2011-04-30 08:00:00,104.05335733879062
2011-04-30 09:00:00,160.2152897352733
2011-04-30 10:00:00,318.3082324269675
2011-04-30 11:00:00,363.9655406143417
2011-04-30 12:00:00,508.75574697688575
2011-04-30 13:00:00,554.2897754081864
2011-04-30 14:00:00,561.5270641575946
2011-04-30 15:00:00,595.2826881986462
2011-04-30 16:00:00,588.2187718905712
2011-04-30 17:00:00,535.5895609741888
2011-04-30 18:00:00,463.5479138549303
2011-04-30 19:00:00,370.81544916815733
2011-04-30 20:00:00,187.07884635346548
2011-04-30 21:00:00,160.52093914154867
2011-04-30 22:00:00,131.80709979374663
2011-04-30 23:00:00,108.27211949602886
2011-05-20 00:00:00,69.21500365704455
2011-05-20 01:00:00,26.25365468371168
2011-05-20 02:00:00,13.971516991487928
2011-05-20 03:00:00,6.511415514187335
2011-05-20 04:00:00,5.718495807893514
2011-05-20 05:00:00,28.031418737418015
2011-05-20 06:00:00,149.9803166578258
2011-05-20 07:00:00,444.2074274759581
2011-05-20 08:00:00,655.1538327280754
2011-05-20 09:00:00,374.1569637963329
2011-05-20 10:00:00,235.54325183673433
2011-05-20 11:00:00,300.3568738506595
2011-05-20 12:00:00,383.180982237081
2011-05-20 13:00:00,265.0889740337135
2011-05-20 14:00:00,317.610887831505
2011-05-20 15:00:00,356.7645382381603
2011-05-20 16:00:00,471.47145339108556
2011-05-20 17:00:00,696.0024597067945
2011-05-20 18:00:00,635.2338972438008
2011-05-20 19:00:00,447.3469010563076
2011-05-20 20:00:00,333.4973403838797
2011-05-20 21:00:00,274.82322261468124
2011-05-20 22:00:00,237.17916869759097
2011-05-20 23:00:00,198.19096479231993
2011-05-21 00:00:00,152.5726775808762
2011-05-21 01:00:00,115.67431458068555
2011-05-21 02:00:00,82.7937876290709
2011-05-21 03:00:00,36.20275722008282
2011-05-21 04:00:00,8.60302274979798
2011-05-21 05:00:00,11.579442899117495
2011-05-21 06:00:00,35.27112993794132
2011-05-21 07:00:00,90.00981138826602
2011-05-21 08:00:00,191.00208153721036
2011-05-21 09:00:00,309.6557768943147
2011-05-21 10:00:00,442.01579120561854
2011-05-21 11:00:00,545.7041799033167
2011-05-21 12:00:00,680.5260718856812
2011-05-21 13:00:00,652.9248121730793
2011-05-21 14:00:00,664.5732149324871
2011-05-21 15:00:00,644.9426472129012
2011-05-21 16:00:00,702.3338753428999
2011-05-21 17:00:00,618.0439166670949
2011-05-21 18:00:00,534.8693030010471
2011-05-21 19:00:00,435.77014397726765
2011-05-21 20:00:00,317.80225103559815
2011-05-21 21:00:00,282.6699151562203
2011-05-21 22:00:00,232.24094513141736
2011-05-21 23:00:00,188.37841926721896
2011-05-22 00:00:00,120.2171900433355
2011-05-22 01:00:00,91.03763875054553
2011-05-22 02:00:00,72.71864714165123
2011-05-22 03:00:00,25.508313691606656
2011-05-22 04:00:00,7.979545753712372
2011-05-22 05:00:00,7.120762934933189
2011-05-22 06:00:00,19.498890451491704
2011-05-22 07:00:00,54.768074472111
2011-05-22 08:00:00,125.28114120515986
2011-05-22 09:00:00,216.96354798352772
2011-05-22 10:00:00,359.8538232473056
2011-05-22 11:00:00,455.54150733432493
2011-05-22 12:00:00,449.8444832567827
2011-05-22 13:00:00,526.0412195043497
2011-05-22 14:00:00,303.49386477082834
2011-05-22 15:00:00,436.815652673669
2011-05-22 16:00:00,443.4913662730211
2011-05-22 17:00:00,428.96183941831663
2011-05-22 18:00:00,406.20707064476227
2011-05-22 19:00:00,358.42352168605424
2011-05-22 20:00:00,236.91743871376602
2011-05-22 21:00:00,181.9043098324935
2011-05-22 22:00:00,144.73220629276528
2011-05-22 23:00:00,75.12703478005393
2011-05-23 00:00:00,29.276332543222516
2011-05-23 01:00:00,14.432120196732487
2011-05-23 02:00:00,7.557202931526372
2011-05-23 03:00:00,4.668604647873308
2011-05-23 04:00:00,5.447770840139385
2011-05-23 05:00:00,21.85012640577846
2011-05-23 06:00:00,75.89217175714776
2011-05-23 07:00:00,275.46642790271034
2011-05-23 08:00:00,446.6503795950161
2011-05-23 09:00:00,219.8527745290531
2011-05-23 10:00:00,143.66514567996268
2011-05-23 11:00:00,161.5032104070594
2011-05-23 12:00:00,210.58827367654644
2011-05-23 13:00:00,186.65045986922084
2011-05-23 14:00:00,179.99334558240832
2011-05-23 15:00:00,187.71097247265538
2011-05-23 16:00:00,305.3759268170087
2011-05-23 17:00:00,684.5304667540156
2011-05-23 18:00:00,500.1785467584284
2011-05-23 19:00:00,393.2031990186644
2011-05-23 20:00:00,249.81132747492833
2011-05-23 21:00:00,152.10248299883426
2011-05-23 22:00:00,98.27291587298639
2011-05-23 23:00:00,59.09169457309819
2011-05-24 00:00:00,22.873029573592873
2011-05-24 01:00:00,10.943524838529743
2011-05-24 02:00:00,5.899463291131175
2011-05-24 03:00:00,3.233873237729466
2011-05-24 04:00:00,4.353923577797437
2011-05-24 05:00:00,17.308691417608472
2011-05-24 06:00:00,78.93677696783641
2011-05-24 07:00:00,227.07916581344537
2011-05-24 08:00:00,353.3736652582765
2011-05-24 09:00:00,256.4683028822712
2011-05-24 10:00:00,122.6747625873487
2011-05-24 11:00:00,139.41697363855343
2011-05-24 12:00:00,191.96630392202596
2011-05-24 13:00:00,163.73891169525993
2011-05-24 14:00:00,150.63655380204378
2011-05-24 15:00:00,145.78100139114008
2011-05-24 16:00:00,291.33837469537207
2011-05-24 17:00:00,530.889647790395
2011-05-24 18:00:00,531.6594175073035
2011-05-24 19:00:00,428.29017680531024
2011-05-24 20:00:00,298.45995163578425
2011-05-24 21:00:00,189.855912707138
2011-05-24 22:00:00,87.87427466894052
2011-05-24 23:00:00,93.95145531233847
2011-05-25 00:00:00,23.94240419278614
2011-05-25 01:00:00,10.904093185061258
2011-05-25 02:00:00,5.443068032373427
2011-05-25 03:00:00,3.10085695596671
2011-05-25 04:00:00,3.4376326983064565
2011-05-25 05:00:00,23.398000398182546
2011-05-25 06:00:00,88.14889617139961
2011-05-25 07:00:00,314.18014867594337
2011-05-25 08:00:00,485.66130909004187
2011-05-25 09:00:00,206.9391636871476
2011-05-25 10:00:00,123.2904691554912
2011-05-25 11:00:00,135.16615169870016
2011-05-25 12:00:00,163.68483027416298
2011-05-25 13:00:00,155.38091767660367
2011-05-25 14:00:00,142.6915627158527
2011-05-25 15:00:00,150.36017229462203
2011-05-25 16:00:00,249.02470370671136
2011-05-25 17:00:00,515.0960907038352
2011-05-25 18:00:00,448.3934918587611
2011-05-25 19:00:00,376.30294185102366
2011-05-25 20:00:00,267.257200648863
2011-05-25 21:00:00,233.64651882498003
2011-05-25 22:00:00,179.2655926176905
2011-05-25 23:00:00,111.5035928535223
2011-05-26 00:00:00,42.393603230482526
2011-05-26 01:00:00,17.828696856532353
2011-05-26 02:00:00,8.482635101998275
2011-05-26 03:00:00,3.94632354087302
2011-05-26 04:00:00,4.41670238017377
2011-05-26 05:00:00,20.32501198929931
2011-05-26 06:00:00,59.78181637369005
2011-05-26 07:00:00,195.20536512462112
2011-05-26 08:00:00,504.7592209522244
2011-05-26 09:00:00,237.2853778945285
2011-05-26 10:00:00,128.01547962425195
2011-05-26 11:00:00,137.2220964331628
2011-05-26 12:00:00,176.87397777684
2011-05-26 13:00:00,155.72551670328542
2011-05-26 14:00:00,144.04798176574414
2011-05-26 15:00:00,166.4999208921411
2011-05-26 16:00:00,263.2033547280695
2011-05-26 17:00:00,542.7366847397461
2011-05-26 18:00:00,515.7561040902343
2011-05-26 19:00:00,373.39912964263215
2011-05-26 20:00:00,272.1792353789538
2011-05-26 21:00:00,226.73358731945652
2011-05-26 22:00:00,179.59894719318925
2011-05-26 23:00:00,113.57185704597755
2011-05-27 00:00:00,64.22887768886794
2011-05-27 01:00:00,30.567109896309464
2011-05-27 02:00:00,15.596274393686171
2011-05-27 03:00:00,6.422223526899921
2011-05-27 04:00:00,5.853027606734631
2011-05-27 05:00:00,30.02156942993356
2011-05-27 06:00:00,127.39508149817489
2011-05-27 07:00:00,330.5196790866522
2011-05-27 08:00:00,551.4804353027685
2011-05-27 09:00:00,308.0767890639672
2011-05-27 10:00:00,212.23690574374834
2011-05-27 11:00:00,208.39149199468534
2011-05-27 12:00:00,241.7668709515647
2011-05-27 13:00:00,237.91980919674683
2011-05-27 14:00:00,209.10731928593611
2011-05-27 15:00:00,252.84790655190733
2011-05-27 16:00:00,340.2264306962816
2011-05-27 17:00:00,572.4590025839013
2011-05-27 18:00:00,468.0681883645277
2011-05-27 19:00:00,255.8410951415307
2011-05-27 20:00:00,237.46334749363658
2011-05-27 21:00:00,203.3549266637673
2011-05-27 22:00:00,198.15865345963013
2011-05-27 23:00:00,124.92410151840303
2011-05-28 00:00:00,106.13074826454874
2011-05-28 01:00:00,75.16746104804744
2011-05-28 02:00:00,54.62859943732637
2011-05-28 03:00:00,23.357592437405525
2011-05-28 04:00:00,9.493356154164836
2011-05-28 05:00:00,12.024496234775551
2011-05-28 06:00:00,32.21406848596538
2011-05-28 07:00:00,71.42757610801564
2011-05-28 08:00:00,154.792941332069
2011-05-28 09:00:00,250.53412369319415
2011-05-28 10:00:00,328.35477010314315
2011-05-28 11:00:00,395.6372147210222
2011-05-28 12:00:00,426.45109769721273
2011-05-28 13:00:00,432.26200642352927
2011-05-28 14:00:00,391.0018262728215
2011-05-28 15:00:00,431.7322194973666
2011-05-28 16:00:00,417.25954459239034
2011-05-28 17:00:00,418.81742179905086
2011-05-28 18:00:00,379.1852314673088
2011-05-28 19:00:00,329.8847962124506
2011-05-28 20:00:00,261.0167476704561
2011-05-28 21:00:00,233.73961082688373
2011-05-28 22:00:00,203.63209195538653
2011-05-28 23:00:00,151.37916442940346
2011-05-29 00:00:00,111.21918942970842
2011-05-29 01:00:00,85.55821112837047
2011-05-29 02:00:00,69.36368094444734
2011-05-29 03:00:00,27.015525715233732
2011-05-29 04:00:00,10.713744029655498
2011-05-29 05:00:00,9.035563387480575
2011-05-29 06:00:00,17.015069342758718
2011-05-29 07:00:00,37.08939765848837
2011-05-29 08:00:00,85.23968704569216
2011-05-29 09:00:00,93.62536801845964
2011-05-29 10:00:00,259.9530909871082
2011-05-29 11:00:00,279.7140936737727
2011-05-29 12:00:00,338.42045266074194
2011-05-29 13:00:00,399.58430312965834
2011-05-29 14:00:00,350.52046053932077
2011-05-29 15:00:00,343.59024324801055
2011-05-29 16:00:00,360.93024863193983
2011-05-29 17:00:00,340.33115710063515
2011-05-29 18:00:00,292.786156924645
2011-05-29 19:00:00,255.62079366422068
2011-05-29 20:00:00,166.96365136153128
2011-05-29 21:00:00,171.02402833757336
2011-05-29 22:00:00,125.89049714441877
2011-05-29 23:00:00,88.70003281059056
2011-05-30 00:00:00,47.244206745642586
2011-05-30 01:00:00,38.63242714260117
2011-05-30 02:00:00,25.13851185277607
2011-05-30 03:00:00,10.257437469870581
2011-05-30 04:00:00,7.606202104852867
2011-05-30 05:00:00,11.842503057880052
2011-05-30 06:00:00,31.229385303448232
2011-05-30 07:00:00,80.84719141327061
2011-05-30 08:00:00,201.3969955786654
2011-05-30 09:00:00,224.8882177958698
2011-05-30 10:00:00,233.44746841067794
2011-05-30 11:00:00,255.13775332191267
2011-05-30 12:00:00,311.8834740713476
2011-05-30 13:00:00,322.78035843203037
2011-05-30 14:00:00,267.38881935582947
2011-05-30 15:00:00,273.7375107195106
2011-05-30 16:00:00,332.9114034066028
2011-05-30 17:00:00,510.1250384632342
2011-05-30 18:00:00,462.09614122465376
2011-05-30 19:00:00,410.00160808171074
2011-05-30 20:00:00,280.15522202468026
2011-05-30 21:00:00,221.33654163925794
2011-05-30 22:00:00,164.27570468965345
2011-05-30 23:00:00,92.61816904142783
2011-05-31 00:00:00,28.820022994731943
2011-05-31 01:00:00,13.388022063501234
2011-05-31 02:00:00,7.83509928754291
2011-05-31 03:00:00,4.13172028966471
2011-05-31 04:00:00,5.493741732425055
2011-05-31 05:00:00,31.51299639251228
2011-05-31 06:00:00,131.22852972892642
2011-05-31 07:00:00,286.31957910046145
2011-05-31 08:00:00,453.9150108936861
2011-05-31 09:00:00,189.2755361794023
2011-05-31 10:00:00,110.68219775468945
2011-05-31 11:00:00,115.37314508903663
2011-05-31 12:00:00,150.1928964855709
2011-05-31 13:00:00,141.53679735750953
2011-05-31 14:00:00,148.89757015432693
2011-05-31 15:00:00,163.7249614117609
2011-05-31 16:00:00,215.52773160307498
2011-05-31 17:00:00,441.5613148459721
2011-05-31 18:00:00,414.23714487861923
2011-05-31 19:00:00,366.1801094843039
2011-05-31 20:00:00,260.1477060658119
2011-05-31 21:00:00,203.8921519230219
2011-05-31 22:00:00,152.51020228792524
2011-05-31 23:00:00,94.2320892680582
2011-06-20 00:00:00,37.101864354808455
2011-06-20 01:00:00,14.097992357988195
2011-06-20 02:00:00,8.014141741484506
2011-06-20 03:00:00,4.000889092142871
2011-06-20 04:00:00,5.2662710817244625
2011-06-20 05:00:00,23.00570249201525
2011-06-20 06:00:00,96.46139607426538
2011-06-20 07:00:00,180.36548856932802
2011-06-20 08:00:00,326.0014908772812
2011-06-20 09:00:00,268.6704574625556
2011-06-20 10:00:00,147.16305163660098
2011-06-20 11:00:00,173.24146715398328
2011-06-20 12:00:00,248.116806528795
2011-06-20 13:00:00,241.1742810979893
2011-06-20 14:00:00,224.58364514466749
2011-06-20 15:00:00,250.32508099236907
2011-06-20 16:00:00,327.93405119764975
2011-06-20 17:00:00,706.1437148506566
2011-06-20 18:00:00,662.481675896282
2011-06-20 19:00:00,530.3565407896024
2011-06-20 20:00:00,353.46760856445644
2011-06-20 21:00:00,243.97876426405062
2011-06-20 22:00:00,170.48003873354008
2011-06-20 23:00:00,93.16341633405523
2011-06-21 00:00:00,42.34647764675172
2011-06-21 01:00:00,15.661438639430884
2011-06-21 02:00:00,6.946261592326117
2011-06-21 03:00:00,4.403800081361087
2011-06-21 04:00:00,6.689517332531562
2011-06-21 05:00:00,35.01591710969711
2011-06-21 06:00:00,148.22229371525836
2011-06-21 07:00:00,302.31364174876
2011-06-21 08:00:00,731.8190477799011
2011-06-21 09:00:00,332.4745309965498
2011-06-21 10:00:00,158.89266384837373
2011-06-21 11:00:00,173.885226856875
2011-06-21 12:00:00,248.26524017383
2011-06-21 13:00:00,272.1412608187221
2011-06-21 14:00:00,259.0222981971497
2011-06-21 15:00:00,263.040594191621
2011-06-21 16:00:00,403.83070931274807
2011-06-21 17:00:00,931.7286662832515
2011-06-21 18:00:00,915.6822648869244
2011-06-21 19:00:00,738.9226646142855
2011-06-21 20:00:00,419.90347820623776
2011-06-21 21:00:00,360.3936788010023
2011-06-21 22:00:00,247.77207312467607
2011-06-21 23:00:00,168.4853306169459
2011-06-22 00:00:00,54.12183748084307
2011-06-22 01:00:00,24.356223813162728
2011-06-22 02:00:00,11.548458326886157
2011-06-22 03:00:00,8.241925135279768
2011-06-22 04:00:00,7.643270352905544
2011-06-22 05:00:00,33.38965732479052
2011-06-22 06:00:00,201.02391436370365
2011-06-22 07:00:00,531.4037640535405
2011-06-22 08:00:00,807.2039038215729
2011-06-22 09:00:00,353.87605148462734
2011-06-22 10:00:00,182.0149787465769
2011-06-22 11:00:00,194.0133987682117
2011-06-22 12:00:00,326.1427207630553
2011-06-22 13:00:00,289.2871214545318
2011-06-22 14:00:00,242.37664691367578
2011-06-22 15:00:00,276.06400813762406
2011-06-22 16:00:00,439.0337025881747
2011-06-22 17:00:00,897.6153925534072
2011-06-22 18:00:00,979.7675508547728
2011-06-22 19:00:00,714.68087755803
2011-06-22 20:00:00,496.5920233551845
2011-06-22 21:00:00,341.4820965300713
2011-06-22 22:00:00,256.9120455412188
2011-06-22 23:00:00,164.50253369317386
2011-06-23 00:00:00,57.345425626598036
2011-06-23 01:00:00,25.80543849586697
2011-06-23 02:00:00,13.111885819607073
2011-06-23 03:00:00,7.050811483330884
2011-06-23 04:00:00,8.186845997450838
2011-06-23 05:00:00,45.225228361251816
2011-06-23 06:00:00,198.24531355883568
2011-06-23 07:00:00,543.4180322899083
2011-06-23 08:00:00,779.5939305540952
2011-06-23 09:00:00,385.2982338130005
2011-06-23 10:00:00,180.22970351632046
2011-06-23 11:00:00,172.18556484352067
2011-06-23 12:00:00,244.52811000961887
2011-06-23 13:00:00,248.4894808309769
2011-06-23 14:00:00,205.90038566672558
2011-06-23 15:00:00,246.23110586601865
2011-06-23 16:00:00,351.1437583755435
2011-06-23 17:00:00,706.8585917614233
2011-06-23 18:00:00,755.4054601160667
2011-06-23 19:00:00,557.3812609435888
2011-06-23 20:00:00,429.3121675245853
2011-06-23 21:00:00,346.61109263656476
2011-06-23 22:00:00,257.7962329657331
2011-06-23 23:00:00,172.3452410552807
2011-06-24 00:00:00,87.53617695282799
2011-06-24 01:00:00,30.051093999840575
2011-06-24 02:00:00,14.909906124809558
2011-06-24 03:00:00,9.709040899052091
2011-06-24 04:00:00,8.942212826298958
2011-06-24 05:00:00,37.6463347522882
2011-06-24 06:00:00,166.52133476829178
2011-06-24 07:00:00,475.93164761579936
2011-06-24 08:00:00,777.2900649049545
2011-06-24 09:00:00,439.4855461314313
2011-06-24 10:00:00,222.079980651622
2011-06-24 11:00:00,312.15501755405853
2011-06-24 12:00:00,380.660632840278
2011-06-24 13:00:00,382.84025813465894
2011-06-24 14:00:00,292.9307856418112
2011-06-24 15:00:00,405.5565558167403
2011-06-24 16:00:00,563.5769945950238
2011-06-24 17:00:00,901.9729780268
2011-06-24 18:00:00,802.9944993113897
2011-06-24 19:00:00,583.1504598611482
2011-06-24 20:00:00,395.25238395189285
2011-06-24 21:00:00,323.7429427231668
2011-06-24 22:00:00,306.3463562215456
2011-06-24 23:00:00,239.9194684862898
2011-06-25 00:00:00,188.9457884884944
2011-06-25 01:00:00,139.4370819642278
2011-06-25 02:00:00,87.23994256983777
2011-06-25 03:00:00,39.90436932132669
2011-06-25 04:00:00,12.99688895555831
2011-06-25 05:00:00,14.48249998671125
2011-06-25 06:00:00,34.128352391237875
2011-06-25 07:00:00,85.5096731832054
2011-06-25 08:00:00,209.92791721287406
2011-06-25 09:00:00,322.186829786217
2011-06-25 10:00:00,455.30429299556675
2011-06-25 11:00:00,573.3531824310883
2011-06-25 12:00:00,624.1977019753892
2011-06-25 13:00:00,658.0765532308965
2011-06-25 14:00:00,560.189383076781
2011-06-25 15:00:00,604.8281312692787
2011-06-25 16:00:00,612.6501157934947
2011-06-25 17:00:00,721.3474290808426
2011-06-25 18:00:00,588.3005772327647
2011-06-25 19:00:00,476.342675178181
2011-06-25 20:00:00,360.41331449461217
2011-06-25 21:00:00,330.16959723559705
2011-06-25 22:00:00,310.5813383172591
2011-06-25 23:00:00,195.72227821552508
2011-06-26 00:00:00,184.30749018287824
2011-06-26 01:00:00,145.88388561737352
2011-06-26 02:00:00,118.96906025050399
2011-06-26 03:00:00,46.56659819461425
2011-06-26 04:00:00,14.655151129538345
2011-06-26 05:00:00,13.69330257569536
2011-06-26 06:00:00,23.55167627561731
2011-06-26 07:00:00,59.84026065398529
2011-06-26 08:00:00,146.03135556267648
2011-06-26 09:00:00,294.4893886597798
2011-06-26 10:00:00,449.3145919874536
2011-06-26 11:00:00,526.0121929699832
2011-06-26 12:00:00,656.7126758094116
2011-06-26 13:00:00,660.1912097682892
2011-06-26 14:00:00,629.1519875013527
2011-06-26 15:00:00,601.2532648155591
2011-06-26 16:00:00,658.3625805622437
2011-06-26 17:00:00,647.9590127583887
2011-06-26 18:00:00,530.2976407040433
2011-06-26 19:00:00,457.1098374034992
2011-06-26 20:00:00,286.59569827335815
2011-06-26 21:00:00,276.57500154207673
2011-06-26 22:00:00,219.4582425576295
2011-06-26 23:00:00,144.45496202308837
2011-06-27 00:00:00,41.02448352078064
2011-06-27 01:00:00,22.123876292847058
2011-06-27 02:00:00,10.177877429882574
2011-06-27 03:00:00,5.76909477077562
2011-06-27 04:00:00,8.547520957189034
2011-06-27 05:00:00,35.017632028889686
2011-06-27 06:00:00,158.82419900160502
2011-06-27 07:00:00,465.9969803855676
2011-06-27 08:00:00,687.7263493382325
2011-06-27 09:00:00,439.0984596291262
2011-06-27 10:00:00,234.82719180298392
2011-06-27 11:00:00,227.34257322738108
2011-06-27 12:00:00,321.2128982287641
2011-06-27 13:00:00,314.17492434234975
2011-06-27 14:00:00,268.50116596652356
2011-06-27 15:00:00,290.9227580740359
2011-06-27 16:00:00,401.3626213330756
2011-06-27 17:00:00,884.0081430660274
2011-06-27 18:00:00,875.7072274475488
2011-06-27 19:00:00,691.8562209498601
2011-06-27 20:00:00,428.9231621553045
2011-06-27 21:00:00,291.0779211200993
2011-06-27 22:00:00,202.17234368524464
2011-06-27 23:00:00,121.9080266954657
2011-06-28 00:00:00,48.95712875452148
2011-06-28 01:00:00,19.484325418311272
2011-06-28 02:00:00,10.385365629484292
2011-06-28 03:00:00,6.6734046276237775
2011-06-28 04:00:00,7.6935503762418636
2011-06-28 05:00:00,38.937434448904696
2011-06-28 06:00:00,176.455563290018
2011-06-28 07:00:00,492.8374725589204
2011-06-28 08:00:00,713.9389421752174
2011-06-28 09:00:00,354.6462500928932
2011-06-28 10:00:00,169.9905567933996
2011-06-28 11:00:00,201.40224723687447
2011-06-28 12:00:00,235.87619964283496
2011-06-28 13:00:00,237.91088058722863
2011-06-28 14:00:00,214.49192127782578
2011-06-28 15:00:00,226.77970197267427
2011-06-28 16:00:00,315.4449623156686
2011-06-28 17:00:00,735.4850874200171
2011-06-28 18:00:00,682.2364590797268
2011-06-28 19:00:00,614.6199111971151
2011-06-28 20:00:00,457.64056275949326
2011-06-28 21:00:00,314.6575323452321
2011-06-28 22:00:00,230.08944142035955
2011-06-28 23:00:00,138.71653097995255
2011-06-29 00:00:00,37.5754936444149
2011-06-29 01:00:00,15.387904946460724
2011-06-29 02:00:00,7.983444741504786
2011-06-29 03:00:00,6.099872344218456
2011-06-29 04:00:00,6.395726733649307
2011-06-29 05:00:00,25.889192315660246
2011-06-29 06:00:00,139.35832677054796
2011-06-29 07:00:00,341.27923393718044
2011-06-29 08:00:00,481.01168625447855
2011-06-29 09:00:00,245.60848736656556
2011-06-29 10:00:00,132.50992414114816
2011-06-29 11:00:00,167.27893609911104
2011-06-29 12:00:00,225.52225216752004
2011-06-29 13:00:00,194.65394290079104
2011-06-29 14:00:00,183.15216817229754
2011-06-29 15:00:00,203.16430970407444
2011-06-29 16:00:00,316.10858941296516
2011-06-29 17:00:00,667.8916306660365
2011-06-29 18:00:00,557.4053234684911
2011-06-29 19:00:00,515.2176658484245
2011-06-29 20:00:00,357.48575548601764
2011-06-29 21:00:00,290.3028276191252
2011-06-29 22:00:00,217.61280353538245
2011-06-29 23:00:00,128.33799496921065
2011-06-30 00:00:00,52.713150015077744
2011-06-30 01:00:00,20.334894068659324
2011-06-30 02:00:00,11.151038718092419
2011-06-30 03:00:00,6.178910232833733
2011-06-30 04:00:00,6.538351499538083
2011-06-30 05:00:00,33.367716837640195
2011-06-30 06:00:00,151.55244814929463
2011-06-30 07:00:00,376.35539366574136
2011-06-30 08:00:00,524.4897279239037
2011-06-30 09:00:00,243.9336612864002
2011-06-30 10:00:00,156.753950881842
2011-06-30 11:00:00,184.67498644301807
2011-06-30 12:00:00,252.97093049386882
2011-06-30 13:00:00,234.28684272673067
2011-06-30 14:00:00,198.61916412164678
2011-06-30 15:00:00,246.339269499865
2011-06-30 16:00:00,371.6520594333574
2011-06-30 17:00:00,677.9259760914819
2011-06-30 18:00:00,695.9521582561176
2011-06-30 19:00:00,463.3649987939223
2011-06-30 20:00:00,403.93164310229224
2011-06-30 21:00:00,317.344550194909
2011-06-30 22:00:00,233.98953115297942
2011-06-30 23:00:00,140.31382764915702
2011-07-20 00:00:00,42.580134000019086
2011-07-20 01:00:00,18.217197541593332
2011-07-20 02:00:00,8.937425396937066
2011-07-20 03:00:00,6.590306972681157
2011-07-20 04:00:00,6.83606548064056
2011-07-20 05:00:00,35.18555459174812
2011-07-20 06:00:00,140.88989102938808
2011-07-20 07:00:00,431.6844173621634
2011-07-20 08:00:00,539.8060999581702
2011-07-20 09:00:00,263.2016471774332
2011-07-20 10:00:00,144.58896716169306
2011-07-20 11:00:00,162.30746452578833
2011-07-20 12:00:00,202.27151081157433
2011-07-20 13:00:00,188.1501400336023
2011-07-20 14:00:00,176.9524071128189
2011-07-20 15:00:00,186.87180905017996
2011-07-20 16:00:00,296.8924589314636
2011-07-20 17:00:00,595.4414623836948
2011-07-20 18:00:00,602.6288421817208
2011-07-20 19:00:00,400.4495872689491
2011-07-20 20:00:00,318.7697801036946
2011-07-20 21:00:00,282.7753609251281
2011-07-20 22:00:00,224.6247972308672
2011-07-20 23:00:00,135.28810748752676
2011-07-21 00:00:00,47.234303007594306
2011-07-21 01:00:00,19.81161743772436
2011-07-21 02:00:00,9.88769940383322
2011-07-21 03:00:00,6.362231540608032
2011-07-21 04:00:00,7.674597916223162
2011-07-21 05:00:00,37.89136235617309
2011-07-21 06:00:00,166.47177509888854
2011-07-21 07:00:00,416.33821439256053
2011-07-21 08:00:00,590.710641976965
2011-07-21 09:00:00,281.46454225407246
2011-07-21 10:00:00,152.4731187815628
2011-07-21 11:00:00,149.87285659754244
2011-07-21 12:00:00,200.79286631721766
2011-07-21 13:00:00,193.43297031597248
2011-07-21 14:00:00,185.9787674423487
2011-07-21 15:00:00,201.686278682021
2011-07-21 16:00:00,312.3883176957942
2011-07-21 17:00:00,626.9244108324998
2011-07-21 18:00:00,577.87440688441
2011-07-21 19:00:00,387.63020372144143
2011-07-21 20:00:00,348.64413920144824
2011-07-21 21:00:00,250.67185405290988
2011-07-21 22:00:00,236.34042909545553
2011-07-21 23:00:00,171.37706842173813
2011-07-22 00:00:00,78.86247182097924
2011-07-22 01:00:00,34.204116999944674
2011-07-22 02:00:00,17.56138372224572
2011-07-22 03:00:00,8.552499996354149
2011-07-22 04:00:00,8.581029221064284
2011-07-22 05:00:00,39.05647640563909
2011-07-22 06:00:00,153.23823786299204
2011-07-22 07:00:00,400.3741802320154
2011-07-22 08:00:00,568.3225547149161
2011-07-22 09:00:00,296.1196223348728
2011-07-22 10:00:00,181.05015021790814
2011-07-22 11:00:00,215.81961354628083
2011-07-22 12:00:00,251.46941313861842
2011-07-22 13:00:00,236.54559417779467
2011-07-22 14:00:00,207.267445119746
2011-07-22 15:00:00,213.2453859887354
2011-07-22 16:00:00,350.2999512161433
2011-07-22 17:00:00,614.9331584884193
2011-07-22 18:00:00,647.1009469615655
2011-07-22 19:00:00,527.2256748889238
2011-07-22 20:00:00,338.32021053649197
2011-07-22 21:00:00,297.4031625004803
2011-07-22 22:00:00,279.86226214581313
2011-07-22 23:00:00,193.59795687716684
2011-07-23 00:00:00,139.59203123938968
2011-07-23 01:00:00,113.55305071849146
2011-07-23 02:00:00,73.73170609244289
2011-07-23 03:00:00,32.889497335547745
2011-07-23 04:00:00,10.477641541813147
2011-07-23 05:00:00,12.255803300095076
2011-07-23 06:00:00,28.35812777671859
2011-07-23 07:00:00,69.1838357586815
2011-07-23 08:00:00,159.6369841402622
2011-07-23 09:00:00,242.4913626029271
2011-07-23 10:00:00,334.3306541378301
2011-07-23 11:00:00,394.3179767028784
2011-07-23 12:00:00,414.542955832715
2011-07-23 13:00:00,419.8827924493125
2011-07-23 14:00:00,418.65484068111516
2011-07-23 15:00:00,414.2873292981841
2011-07-23 16:00:00,427.58029549697284
2011-07-23 17:00:00,406.8010319344177
2011-07-23 18:00:00,382.3552453408972
2011-07-23 19:00:00,321.5787945275683
2011-07-23 20:00:00,299.42862426145774
2011-07-23 21:00:00,262.3420795573573
2011-07-23 22:00:00,257.5793634043907
2011-07-23 23:00:00,193.2480043949082
2011-07-24 00:00:00,168.742409814534
2011-07-24 01:00:00,120.97720001665631
2011-07-24 02:00:00,83.74316877845534
2011-07-24 03:00:00,34.384512347060586
2011-07-24 04:00:00,11.318187113118167
2011-07-24 05:00:00,11.310068050106437
2011-07-24 06:00:00,17.56283835641325
2011-07-24 07:00:00,47.638892302920034
2011-07-24 08:00:00,102.78199087568805
2011-07-24 09:00:00,186.74739845768755
2011-07-24 10:00:00,283.2053005665163
2011-07-24 11:00:00,365.68363542333276
2011-07-24 12:00:00,408.9117280688076
2011-07-24 13:00:00,428.1353951222687
2011-07-24 14:00:00,365.76891661883
2011-07-24 15:00:00,388.95651107849784
2011-07-24 16:00:00,415.7790574454034
2011-07-24 17:00:00,406.0468954484527
2011-07-24 18:00:00,372.9286466509647
2011-07-24 19:00:00,317.1512267392774
2011-07-24 20:00:00,243.0467067849677
2011-07-24 21:00:00,205.38581457934947
2011-07-24 22:00:00,161.44928111586214
2011-07-24 23:00:00,100.93553742819786
2011-07-25 00:00:00,41.18065006675467
2011-07-25 01:00:00,17.77834551959224
2011-07-25 02:00:00,9.486814410608071
2011-07-25 03:00:00,4.750472279265534
2011-07-25 04:00:00,6.496540595905838
2011-07-25 05:00:00,27.748492876225303
2011-07-25 06:00:00,135.324168941397
2011-07-25 07:00:00,343.1142132128998
2011-07-25 08:00:00,502.0274428000781
2011-07-25 09:00:00,232.04555591210882
2011-07-25 10:00:00,128.11669630891768
2011-07-25 11:00:00,195.33405012609884
2011-07-25 12:00:00,241.76273486201544
2011-07-25 13:00:00,189.86729777342563
2011-07-25 14:00:00,159.07934928966333
2011-07-25 15:00:00,112.47910566503742
2011-07-25 16:00:00,208.08709362635759
2011-07-25 17:00:00,501.5618029670882
2011-07-25 18:00:00,501.7083619200032
2011-07-25 19:00:00,460.9575559782039
2011-07-25 20:00:00,304.82707136944106
2011-07-25 21:00:00,174.36746196402672
2011-07-25 22:00:00,130.89113542326797
2011-07-25 23:00:00,82.72965670980317
2011-07-26 00:00:00,38.93052292840995
2011-07-26 01:00:00,16.41291507963222
2011-07-26 02:00:00,8.800285175125955
2011-07-26 03:00:00,5.564470848122795
2011-07-26 04:00:00,6.81528828211005
2011-07-26 05:00:00,33.365418755707054
2011-07-26 06:00:00,143.42976102110234
2011-07-26 07:00:00,350.24174292784835
2011-07-26 08:00:00,524.5977918577282
2011-07-26 09:00:00,291.89314818002345
2011-07-26 10:00:00,150.46662025496298
2011-07-26 11:00:00,174.35068590452946
2011-07-26 12:00:00,208.49445818168613
2011-07-26 13:00:00,203.05886756061935
2011-07-26 14:00:00,180.161441915849
2011-07-26 15:00:00,206.49060045569814
2011-07-26 16:00:00,357.4647717238994
2011-07-26 17:00:00,751.5464836868467
2011-07-26 18:00:00,674.5754208270994
2011-07-26 19:00:00,450.6086367679101
2011-07-26 20:00:00,350.6225052991224
2011-07-26 21:00:00,259.75862619345753
2011-07-26 22:00:00,195.42489918216506
2011-07-26 23:00:00,112.22399341884257
2011-07-27 00:00:00,47.98066505370686
2011-07-27 01:00:00,19.970565002084065
2011-07-27 02:00:00,9.253592667793553
2011-07-27 03:00:00,5.881312903901988
2011-07-27 04:00:00,6.864550878683016
2011-07-27 05:00:00,33.48719843435873
2011-07-27 06:00:00,159.20317912489884
2011-07-27 07:00:00,380.9174207919892
2011-07-27 08:00:00,602.9421473383866
2011-07-27 09:00:00,271.335053916905
2011-07-27 10:00:00,143.32921127108327
2011-07-27 11:00:00,172.8890512748859
2011-07-27 12:00:00,211.0761935745762
2011-07-27 13:00:00,193.51588933872142
2011-07-27 14:00:00,189.09362436517185
2011-07-27 15:00:00,208.3951525199008
2011-07-27 16:00:00,349.234012313428
2011-07-27 17:00:00,709.4392683819362
2011-07-27 18:00:00,680.0054230944381
2011-07-27 19:00:00,501.7116896445875
2011-07-27 20:00:00,397.7382646951901
2011-07-27 21:00:00,291.26728215261915
2011-07-27 22:00:00,211.72401862835105
2011-07-27 23:00:00,140.7328061526913
2011-07-28 00:00:00,59.39626896393401
2011-07-28 01:00:00,25.0515268438761
2011-07-28 02:00:00,12.67850948767262
2011-07-28 03:00:00,6.907695195021465
2011-07-28 04:00:00,7.080962162741873
2011-07-28 05:00:00,35.43269004161332
2011-07-28 06:00:00,159.78736273402993
2011-07-28 07:00:00,435.9916693845677
2011-07-28 08:00:00,631.9602774096126
2011-07-28 09:00:00,281.4024062762581
2011-07-28 10:00:00,145.85283284761695
2011-07-28 11:00:00,161.0727287443023
2011-07-28 12:00:00,215.72917728387617
2011-07-28 13:00:00,216.15427071738972
2011-07-28 14:00:00,212.71390916596977
2011-07-28 15:00:00,207.3097731077831
2011-07-28 16:00:00,339.83625269751667
2011-07-28 17:00:00,621.0758658927604
2011-07-28 18:00:00,594.1688238613822
2011-07-28 19:00:00,469.26145295339586
2011-07-28 20:00:00,385.04776056927267
2011-07-28 21:00:00,289.41012911695833
2011-07-28 22:00:00,225.04331760468983
2011-07-28 23:00:00,144.71448382045267
2011-07-29 00:00:00,70.36416212188107
2011-07-29 01:00:00,32.32755335489973
2011-07-29 02:00:00,15.946288583436049
2011-07-29 03:00:00,7.690908374195721
2011-07-29 04:00:00,7.120085269800198
2011-07-29 05:00:00,33.701772250044485
2011-07-29 06:00:00,130.20105095148529
2011-07-29 07:00:00,345.47504995840427
2011-07-29 08:00:00,487.56305485701785
2011-07-29 09:00:00,308.58365076155934
2011-07-29 10:00:00,163.87696819512854
2011-07-29 11:00:00,194.05428533794014
2011-07-29 12:00:00,209.6950054987336
2011-07-29 13:00:00,226.249986550862
2011-07-29 14:00:00,182.88572604211947
2011-07-29 15:00:00,201.65136892312907
2011-07-29 16:00:00,309.4227649701711
2011-07-29 17:00:00,440.70465061575754
2011-07-29 18:00:00,472.675634399119
2011-07-29 19:00:00,397.75296031325195
2011-07-29 20:00:00,324.37746501983816
2011-07-29 21:00:00,280.3792148361564
2011-07-29 22:00:00,252.30239477782524
2011-07-29 23:00:00,187.02247309086087
2011-07-30 00:00:00,144.15662544677465
2011-07-30 01:00:00,110.59679772107953
2011-07-30 02:00:00,79.72044012845599
2011-07-30 03:00:00,31.610083050141558
2011-07-30 04:00:00,9.82148430739458
2011-07-30 05:00:00,11.469457457131547
2011-07-30 06:00:00,27.269153357245642
2011-07-30 07:00:00,67.40014871866768
2011-07-30 08:00:00,153.83763043350027
2011-07-30 09:00:00,233.88677506865375
2011-07-30 10:00:00,303.0504631764116
2011-07-30 11:00:00,397.18683447742535
2011-07-30 12:00:00,428.4156878612947
2011-07-30 13:00:00,429.918857682407
2011-07-30 14:00:00,385.851414484234
2011-07-30 15:00:00,433.9482924618589
2011-07-30 16:00:00,409.4838486493042
2011-07-30 17:00:00,400.48339127864085
2011-07-30 18:00:00,372.9640825396951
2011-07-30 19:00:00,337.91956137366856
2011-07-30 20:00:00,298.3972547375025
2011-07-30 21:00:00,255.01404093002182
2011-07-30 22:00:00,242.70908856706126
2011-07-30 23:00:00,187.40454178299498
2011-07-31 00:00:00,148.2587523605947
2011-07-31 01:00:00,115.1441310149579
2011-07-31 02:00:00,78.64153524469391
2011-07-31 03:00:00,31.646522454643684
2011-07-31 04:00:00,10.169022504739285
2011-07-31 05:00:00,9.749046413724468
2011-07-31 06:00:00,18.61346173160047
2011-07-31 07:00:00,39.57198797310787
2011-07-31 08:00:00,100.757453421361
2011-07-31 09:00:00,184.21989379932768
2011-07-31 10:00:00,304.64757472894695
2011-07-31 11:00:00,324.68244697177863
2011-07-31 12:00:00,377.6508404582829
2011-07-31 13:00:00,399.3581810558877
2011-07-31 14:00:00,373.75993882686777
2011-07-31 15:00:00,343.23393203622055
2011-07-31 16:00:00,334.67581279182656
2011-07-31 17:00:00,340.14492502473706
2011-07-31 18:00:00,306.1729526983205
2011-07-31 19:00:00,268.8238498018922
2011-07-31 20:00:00,210.8421420619166
2011-07-31 21:00:00,175.79476381862307
2011-07-31 22:00:00,133.8321454747933
2011-07-31 23:00:00,89.49049031794675
2011-08-20 00:00:00,110.74861804856947
2011-08-20 01:00:00,93.88884876358131
2011-08-20 02:00:00,75.27560912378837
2011-08-20 03:00:00,33.3994849366235
2011-08-20 04:00:00,7.9873456638161695
2011-08-20 05:00:00,11.525426884284942
2011-08-20 06:00:00,22.95309092076461
2011-08-20 07:00:00,60.71032982972067
2011-08-20 08:00:00,156.83066107645243
2011-08-20 09:00:00,256.31597291771146
2011-08-20 10:00:00,371.737479533094
2011-08-20 11:00:00,401.8895864696881
2011-08-20 12:00:00,462.8897034909126
2011-08-20 13:00:00,494.70186270953496
2011-08-20 14:00:00,514.3264157318897
2011-08-20 15:00:00,565.2229643268378
2011-08-20 16:00:00,597.3705142324657
2011-08-20 17:00:00,542.7344458355715
2011-08-20 18:00:00,443.8859319498827
2011-08-20 19:00:00,371.71284028701615
2011-08-20 20:00:00,321.13664869891494
2011-08-20 21:00:00,271.53751406774285
2011-08-20 22:00:00,218.26309021581815
2011-08-20 23:00:00,189.59000386274488
2011-08-21 00:00:00,169.2998877650051
2011-08-21 01:00:00,118.3122583598908
2011-08-21 02:00:00,87.12738040235395
2011-08-21 03:00:00,34.02735979228432
2011-08-21 04:00:00,11.547896657148435
2011-08-21 05:00:00,9.371240069525008
2011-08-21 06:00:00,15.989748133368254
2011-08-21 07:00:00,41.802701084281956
2011-08-21 08:00:00,97.37561194985608
2011-08-21 09:00:00,195.08262838431796
2011-08-21 10:00:00,323.70245360822497
2011-08-21 11:00:00,399.9805516180967
2011-08-21 12:00:00,451.77143779218494
2011-08-21 13:00:00,508.61491905744316
2011-08-21 14:00:00,286.3706810833332
2011-08-21 15:00:00,274.63935468896
2011-08-21 16:00:00,422.85587457733345
2011-08-21 17:00:00,381.36043313905003
2011-08-21 18:00:00,296.7750518313303
2011-08-21 19:00:00,317.65976696866784
2011-08-21 20:00:00,186.41954611279783
2011-08-21 21:00:00,161.71358247296084
2011-08-21 22:00:00,129.5964344351227
2011-08-21 23:00:00,102.04966870672126
2011-08-22 00:00:00,38.83662151105983
2011-08-22 01:00:00,16.581737587560518
2011-08-22 02:00:00,9.042445462598014
2011-08-22 03:00:00,5.739569663195271
2011-08-22 04:00:00,6.890311142162711
2011-08-22 05:00:00,28.238422752708146
2011-08-22 06:00:00,120.87375397410965
2011-08-22 07:00:00,314.2433018406371
2011-08-22 08:00:00,491.2857677164226
2011-08-22 09:00:00,247.84063869432782
2011-08-22 10:00:00,125.50026029128011
2011-08-22 11:00:00,182.41334636508427
2011-08-22 12:00:00,251.91229234132075
2011-08-22 13:00:00,269.9114566332293
2011-08-22 14:00:00,238.38027564544663
2011-08-22 15:00:00,236.18096828177488
2011-08-22 16:00:00,407.9793034533373
2011-08-22 17:00:00,752.2127191792407
2011-08-22 18:00:00,705.796454565655
2011-08-22 19:00:00,520.4378597138634
2011-08-22 20:00:00,360.27634051576706
2011-08-22 21:00:00,240.39626158445964
2011-08-22 22:00:00,160.5975495156948
2011-08-22 23:00:00,92.60932706626319
2011-08-23 00:00:00,39.63455224931827
2011-08-23 01:00:00,15.400585597085836
2011-08-23 02:00:00,7.745987776939345
2011-08-23 03:00:00,4.865673033839997
2011-08-23 04:00:00,6.169428431139959
2011-08-23 05:00:00,31.001917992000326
2011-08-23 06:00:00,132.29166522053976
2011-08-23 07:00:00,334.31493141692084
2011-08-23 08:00:00,517.5709142254466
2011-08-23 09:00:00,296.55826947430404
2011-08-23 10:00:00,160.63183289198284
2011-08-23 11:00:00,195.76268045980885
2011-08-23 12:00:00,234.069610519046
2011-08-23 13:00:00,259.0185197651727
2011-08-23 14:00:00,232.16860693101157
2011-08-23 15:00:00,246.66022930455645
2011-08-23 16:00:00,371.177017556893
2011-08-23 17:00:00,783.7423616235446
2011-08-23 18:00:00,759.8596702351317
2011-08-23 19:00:00,428.2390791049218
2011-08-23 20:00:00,283.41052661081454
2011-08-23 21:00:00,197.46535008369182
2011-08-23 22:00:00,151.0298203224227
2011-08-23 23:00:00,89.23918732460405
2011-08-24 00:00:00,41.033856960870274
2011-08-24 01:00:00,18.296550707938955
2011-08-24 02:00:00,7.86127594935029
2011-08-24 03:00:00,5.587022089240598
2011-08-24 04:00:00,6.525080573771192
2011-08-24 05:00:00,34.16483323692284
2011-08-24 06:00:00,150.24755960606655
2011-08-24 07:00:00,356.27254725089125
2011-08-24 08:00:00,495.03225600476384
2011-08-24 09:00:00,211.27521440330975
2011-08-24 10:00:00,117.98595314969509
2011-08-24 11:00:00,139.91483904976445
2011-08-24 12:00:00,177.08530831700608
2011-08-24 13:00:00,200.12843137320135
2011-08-24 14:00:00,177.8083062834515
2011-08-24 15:00:00,195.97752150450444
2011-08-24 16:00:00,297.9121391321911
2011-08-24 17:00:00,578.5780478824107
2011-08-24 18:00:00,541.859920362138
2011-08-24 19:00:00,411.4643875119372
2011-08-24 20:00:00,307.12008930392165
2011-08-24 21:00:00,233.5011816616665
2011-08-24 22:00:00,197.06720908789652
2011-08-24 23:00:00,117.88491974178548
2011-08-25 00:00:00,47.73801304370873
2011-08-25 01:00:00,20.757021194575128
2011-08-25 02:00:00,10.361432716386458
2011-08-25 03:00:00,5.612085858244485
2011-08-25 04:00:00,6.293609730599404
2011-08-25 05:00:00,26.745829180188966
2011-08-25 06:00:00,111.98946063265487
2011-08-25 07:00:00,298.43398668090106
2011-08-25 08:00:00,494.1647709592843
2011-08-25 09:00:00,263.3820536041595
2011-08-25 10:00:00,132.21071890377453
2011-08-25 11:00:00,98.30774499399028
2011-08-25 12:00:00,115.0073876985642
2011-08-25 13:00:00,143.777445688631
2011-08-25 14:00:00,157.96243525503667
2011-08-25 15:00:00,184.68440943269871
2011-08-25 16:00:00,252.7977390097271
2011-08-25 17:00:00,467.11279414475297
2011-08-25 18:00:00,420.3563909563467
2011-08-25 19:00:00,282.98441822487445
2011-08-25 20:00:00,236.3001592821628
2011-08-25 21:00:00,194.73172508718162
2011-08-25 22:00:00,137.80092328911712
2011-08-25 23:00:00,93.36819076270416
2011-08-26 00:00:00,53.57395359735157
2011-08-26 01:00:00,24.45770462243316
2011-08-26 02:00:00,11.706255473020624
2011-08-26 03:00:00,5.804494609300678
2011-08-26 04:00:00,5.283828706817671
2011-08-26 05:00:00,22.268260521367857
2011-08-26 06:00:00,93.96508150375925
2011-08-26 07:00:00,263.6152025874293
2011-08-26 08:00:00,449.2069042418328
2011-08-26 09:00:00,270.1455450220531
2011-08-26 10:00:00,173.12596085719707
2011-08-26 11:00:00,223.12004795283008
2011-08-26 12:00:00,286.2838378824211
2011-08-26 13:00:00,282.99491810100096
2011-08-26 14:00:00,237.77377930479562
2011-08-26 15:00:00,290.03554661472594
2011-08-26 16:00:00,378.0860326741675
2011-08-26 17:00:00,497.1918931822188
2011-08-26 18:00:00,444.68655168379604
2011-08-26 19:00:00,349.41563657891777
2011-08-26 20:00:00,284.5745039668321
2011-08-26 21:00:00,242.76532573257478
2011-08-26 22:00:00,222.69014299083577
2011-08-26 23:00:00,159.78517930131355
2011-08-27 00:00:00,151.13216852201677
2011-08-27 01:00:00,113.84285112789703
2011-08-27 02:00:00,72.8172547239997
2011-08-27 03:00:00,30.548244581887598
2011-08-27 04:00:00,9.818167945624559
2011-08-27 05:00:00,10.699972118544883
2011-08-27 06:00:00,24.667377675381715
2011-08-27 07:00:00,55.36694023775601
2011-08-27 08:00:00,138.41137140050085
2011-08-27 09:00:00,207.58768509274083
2011-08-27 10:00:00,250.44762517436834
2011-08-27 11:00:00,191.5153947398405
2011-08-27 12:00:00,184.76791436762088
2011-08-27 13:00:00,198.2730086878679
2011-08-27 14:00:00,149.2513815581791
2011-08-27 15:00:00,154.98009904103432
2011-08-27 16:00:00,162.310670919835
2011-08-27 17:00:00,109.65321119047218
2011-08-28 07:00:00,17.902057369657214
2011-08-28 08:00:00,42.034919112714874
2011-08-28 09:00:00,160.84998709289195
2011-08-28 10:00:00,255.93778323891112
2011-08-28 11:00:00,343.2014204224279
2011-08-28 12:00:00,417.23256400950703
2011-08-28 13:00:00,416.558547644474
2011-08-28 14:00:00,418.83163057609613
2011-08-28 15:00:00,396.79213730694113
2011-08-28 16:00:00,534.6552068579058
2011-08-28 17:00:00,445.8189518609485
2011-08-28 18:00:00,397.8529708769346
2011-08-28 19:00:00,285.08933596476885
2011-08-28 20:00:00,241.35225651867512
2011-08-28 21:00:00,178.94898786704954
2011-08-28 22:00:00,116.80991406461276
2011-08-28 23:00:00,73.67480694036777
2011-08-29 00:00:00,41.76084091874998
2011-08-29 01:00:00,19.064414584258643
2011-08-29 02:00:00,9.622357369787853
2011-08-29 03:00:00,5.763039085123347
2011-08-29 04:00:00,7.802491135864352
2011-08-29 05:00:00,33.868004323935324
2011-08-29 06:00:00,147.81639066183496
2011-08-29 07:00:00,363.9395069979211
2011-08-29 08:00:00,514.4217315477761
2011-08-29 09:00:00,206.50408694795948
2011-08-29 10:00:00,153.4006714505711
2011-08-29 11:00:00,176.83111420984852
2011-08-29 12:00:00,269.8920135811945
2011-08-29 13:00:00,256.6408816538998
2011-08-29 14:00:00,214.33330941866666
2011-08-29 15:00:00,247.83198478170755
2011-08-29 16:00:00,395.4867473852896
2011-08-29 17:00:00,696.0888899041466
2011-08-29 18:00:00,633.99243947065
2011-08-29 19:00:00,492.754209289948
2011-08-29 20:00:00,298.3588302265028
2011-08-29 21:00:00,210.39304097117736
2011-08-29 22:00:00,161.11627807000224
2011-08-29 23:00:00,97.10093173690618
2011-08-30 00:00:00,34.929645953243416
2011-08-30 01:00:00,14.805430654749204
2011-08-30 02:00:00,8.01427607626905
2011-08-30 03:00:00,5.544609301378201
2011-08-30 04:00:00,6.330415019546328
2011-08-30 05:00:00,31.304581076492994
2011-08-30 06:00:00,138.44231695548825
2011-08-30 07:00:00,339.38931521638426
2011-08-30 08:00:00,495.5364134061409
2011-08-30 09:00:00,266.14032120536984
2011-08-30 10:00:00,182.2718903369325
2011-08-30 11:00:00,212.92606044225295
2011-08-30 12:00:00,256.9649432625785
2011-08-30 13:00:00,268.97343728766106
2011-08-30 14:00:00,238.74087500946465
2011-08-30 15:00:00,262.56099112593114
2011-08-30 16:00:00,415.0362232776596
2011-08-30 17:00:00,846.275188023721
2011-08-30 18:00:00,768.125141068979
2011-08-30 19:00:00,463.0890148592556
2011-08-30 20:00:00,328.08800897333515
2011-08-30 21:00:00,218.67969806305294
2011-08-30 22:00:00,167.00342196777908
2011-08-30 23:00:00,92.891490931586
2011-08-31 00:00:00,39.196443711311176
2011-08-31 01:00:00,16.151321604487535
2011-08-31 02:00:00,8.312523482350176
2011-08-31 03:00:00,5.476014539737773
2011-08-31 04:00:00,6.816254170581195
2011-08-31 05:00:00,29.16469743060047
2011-08-31 06:00:00,141.40482387178255
2011-08-31 07:00:00,344.9312629105735
2011-08-31 08:00:00,500.18351181719964
2011-08-31 09:00:00,223.19634120575074
2011-08-31 10:00:00,161.02507403507906
2011-08-31 11:00:00,193.27269239632912
2011-08-31 12:00:00,235.24962133935364
2011-08-31 13:00:00,244.80768383590922
2011-08-31 14:00:00,217.5933267564281
2011-08-31 15:00:00,235.29275023282213
2011-08-31 16:00:00,371.9247784699784
2011-08-31 17:00:00,696.9951703792011
2011-08-31 18:00:00,612.6890411774867
2011-08-31 19:00:00,526.7612269233932
2011-08-31 20:00:00,345.2264505702733
2011-08-31 21:00:00,257.7244896062326
2011-08-31 22:00:00,167.6937036632703
2011-08-31 23:00:00,109.09324088630459
2011-09-20 00:00:00,27.27199087704456
2011-09-20 01:00:00,9.843534199634863
2011-09-20 02:00:00,4.906158517693767
2011-09-20 03:00:00,3.8267431818029887
2011-09-20 04:00:00,5.483259132295676
2011-09-20 05:00:00,23.60785249576227
2011-09-20 06:00:00,104.51956417316997
2011-09-20 07:00:00,312.6470601430017
2011-09-20 08:00:00,186.74099774964452
2011-09-20 09:00:00,91.32477140682326
2011-09-20 10:00:00,68.04590766832678
2011-09-20 11:00:00,77.93260371291083
2011-09-20 12:00:00,79.16492910194836
2011-09-20 13:00:00,76.849601429885
2011-09-20 14:00:00,108.90011453726198
2011-09-20 15:00:00,166.0468939200687
2011-09-20 16:00:00,210.11998772183492
2011-09-20 17:00:00,454.71979618837827
2011-09-20 18:00:00,438.1397165807314
2011-09-20 19:00:00,302.3353732407172
2011-09-20 20:00:00,182.34697006195725
2011-09-20 21:00:00,138.68948350761977
2011-09-20 22:00:00,104.33965162346232
2011-09-20 23:00:00,63.58075416416197
2011-09-21 00:00:00,18.38571244488695
2011-09-21 01:00:00,9.362642381341294
2011-09-21 02:00:00,4.995323588771184
2011-09-21 03:00:00,3.435629111744873
2011-09-21 04:00:00,3.5811869156775127
2011-09-21 05:00:00,15.9635831437368
2011-09-21 06:00:00,70.62327256549156
2011-09-21 07:00:00,190.67039084945415
2011-09-21 08:00:00,284.64092578414306
2011-09-21 09:00:00,114.41384908771545
2011-09-21 10:00:00,93.88500156843214
2011-09-21 11:00:00,125.97570306175368
2011-09-21 12:00:00,199.0255907505772
2011-09-21 13:00:00,210.77940232814305
2011-09-21 14:00:00,196.5962858333538
2011-09-21 15:00:00,214.73419632364588
2011-09-21 16:00:00,313.9207663120393
2011-09-21 17:00:00,458.1125963673686
2011-09-21 18:00:00,274.54778524649214
2011-09-21 19:00:00,112.93479612469294
2011-09-21 20:00:00,92.00266315575328
2011-09-21 21:00:00,97.01889284431432
2011-09-21 22:00:00,98.59861051212248
2011-09-21 23:00:00,70.84951184307162
2011-09-22 00:00:00,30.323813399787333
2011-09-22 01:00:00,10.238269580122804
2011-09-22 02:00:00,5.567371340274105
2011-09-22 03:00:00,3.7193170633769466
2011-09-22 04:00:00,4.277745228262725
2011-09-22 05:00:00,19.13246152485355
2011-09-22 06:00:00,72.31642693094899
2011-09-22 07:00:00,201.31015446506973
2011-09-22 08:00:00,282.75109126019925
2011-09-22 09:00:00,158.6717759076477
2011-09-22 10:00:00,111.61897422976425
2011-09-22 11:00:00,113.32779223913774
2011-09-22 12:00:00,141.76573625307987
2011-09-22 13:00:00,129.40143095117756
2011-09-22 14:00:00,126.69243898398611
2011-09-22 15:00:00,171.52275968592926
2011-09-22 16:00:00,288.3199470356574
2011-09-22 17:00:00,509.77479278276263
2011-09-22 18:00:00,363.87192748974127
2011-09-22 19:00:00,291.4000034043957
2011-09-22 20:00:00,168.26028796884282
2011-09-22 21:00:00,180.8220187223334
2011-09-22 22:00:00,79.94322465232565
2011-09-22 23:00:00,69.36874751698625
2011-09-23 00:00:00,61.9669026817514
2011-09-23 01:00:00,20.319887105227455
2011-09-23 02:00:00,10.203691433409602
2011-09-23 03:00:00,5.514814255220561
2011-09-23 04:00:00,5.21902743591928
2011-09-23 05:00:00,30.53900621967363
2011-09-23 06:00:00,125.06718377095606
2011-09-23 07:00:00,209.88234098542964
2011-09-23 08:00:00,336.94423252658686
2011-09-23 09:00:00,145.93444499076594
2011-09-23 10:00:00,88.46880539365775
2011-09-23 11:00:00,92.23646201341371
2011-09-23 12:00:00,144.65225089386803
2011-09-23 13:00:00,92.65539865154355
2011-09-23 14:00:00,89.14973957416137
2011-09-23 15:00:00,152.92753799931387
2011-09-23 16:00:00,210.04720424148005
2011-09-23 17:00:00,281.43556275258754
2011-09-23 18:00:00,274.2062732423662
2011-09-23 19:00:00,245.59191195088815
2011-09-23 20:00:00,222.3649610121593
2011-09-23 21:00:00,153.39730622494613
2011-09-23 22:00:00,175.17489604327477
2011-09-23 23:00:00,110.76388487407131
2011-09-24 00:00:00,137.17083984442306
2011-09-24 01:00:00,84.1349578929736
2011-09-24 02:00:00,54.6386637302532
2011-09-24 03:00:00,27.152778007412767
2011-09-24 04:00:00,9.30357556561394
2011-09-24 05:00:00,7.911759699254314
2011-09-24 06:00:00,18.542066687871742
2011-09-24 07:00:00,47.22149888305281
2011-09-24 08:00:00,111.02925433675495
2011-09-24 09:00:00,178.42783933882689
2011-09-24 10:00:00,231.73165849430885
2011-09-24 11:00:00,298.4573335250365
2011-09-24 12:00:00,324.3492838776855
2011-09-24 13:00:00,376.81776622935104
2011-09-24 14:00:00,413.2507758764987
2011-09-24 15:00:00,430.9996205345406
2011-09-24 16:00:00,405.2895126098739
2011-09-24 17:00:00,356.64407882745166
2011-09-24 18:00:00,299.0321294378365
2011-09-24 19:00:00,200.5693890553855
2011-09-24 20:00:00,166.3475607982368
2011-09-24 21:00:00,148.91334049677977
2011-09-24 22:00:00,137.65860733158388
2011-09-24 23:00:00,99.97639437643586
2011-09-25 00:00:00,88.98770979785277
2011-09-25 01:00:00,68.27184960883706
2011-09-25 02:00:00,52.793344956386846
2011-09-25 03:00:00,25.45492344855366
2011-09-25 04:00:00,9.771474757580936
2011-09-25 05:00:00,7.2701691443280705
2011-09-25 06:00:00,13.371021290710816
2011-09-25 07:00:00,31.59813251361267
2011-09-25 08:00:00,85.05679090962246
2011-09-25 09:00:00,150.44926806676267
2011-09-25 10:00:00,229.89043015256905
2011-09-25 11:00:00,324.69464030906926
2011-09-25 12:00:00,351.2021311555576
2011-09-25 13:00:00,385.56204350762306
2011-09-25 14:00:00,365.1627424220467
2011-09-25 15:00:00,349.8300530114169
2011-09-25 16:00:00,333.43642192840684
2011-09-25 17:00:00,288.98877832896653
2011-09-25 18:00:00,241.31109647537798
2011-09-25 19:00:00,153.66845151263468
2011-09-25 20:00:00,122.4937173377008
2011-09-25 21:00:00,99.62028967279045
2011-09-25 22:00:00,82.98023803499525
2011-09-25 23:00:00,59.671246507569094
2011-09-26 00:00:00,31.071386504919225
2011-09-26 01:00:00,12.663708443777306
2011-09-26 02:00:00,6.118804155742653
2011-09-26 03:00:00,4.372762719866389
2011-09-26 04:00:00,7.547315769376818
2011-09-26 05:00:00,24.629901749504707
2011-09-26 06:00:00,132.59768549221343
2011-09-26 07:00:00,335.48627697972927
2011-09-26 08:00:00,516.2359442435812
2011-09-26 09:00:00,276.4932264882679
2011-09-26 10:00:00,139.66933673257333
2011-09-26 11:00:00,134.50136276516142
2011-09-26 12:00:00,197.21264694761157
2011-09-26 13:00:00,201.5632958294442
2011-09-26 14:00:00,175.5168139297603
2011-09-26 15:00:00,205.8592317678456
2011-09-26 16:00:00,304.23310625927695
2011-09-26 17:00:00,572.082561749659
2011-09-26 18:00:00,439.3385463672327
2011-09-26 19:00:00,303.9075197436
2011-09-26 20:00:00,242.60452279553527
2011-09-26 21:00:00,173.41354885366204
2011-09-26 22:00:00,114.47029273313692
2011-09-26 23:00:00,75.46403392197864
2011-09-27 00:00:00,29.974733369286337
2011-09-27 01:00:00,12.526007142251034
2011-09-27 02:00:00,5.932298241396118
2011-09-27 03:00:00,4.815439788021822
2011-09-27 04:00:00,7.28479804785585
2011-09-27 05:00:00,28.07914008590032
2011-09-27 06:00:00,131.9720502865135
2011-09-27 07:00:00,344.480617463005
2011-09-27 08:00:00,662.201124937559
2011-09-27 09:00:00,208.77843856975056
2011-09-27 10:00:00,113.33092633300464
2011-09-27 11:00:00,165.60394001173407
2011-09-27 12:00:00,195.17567029917143
2011-09-27 13:00:00,196.54467410855838
2011-09-27 14:00:00,184.5740468124328
2011-09-27 15:00:00,221.0005879464255
2011-09-27 16:00:00,277.13647984004336
2011-09-27 17:00:00,602.5963427129217
2011-09-27 18:00:00,560.1375186707296
2011-09-27 19:00:00,398.04501358777094
2011-09-27 20:00:00,217.3659000856452
2011-09-27 21:00:00,142.05182296726625
2011-09-27 22:00:00,102.69582706579777
2011-09-27 23:00:00,66.9021727033048
2011-09-28 00:00:00,25.248065930075104
2011-09-28 01:00:00,10.45192700190299
2011-09-28 02:00:00,5.235327487865681
2011-09-28 03:00:00,5.276403366618949
2011-09-28 04:00:00,5.3736587113315855
2011-09-28 05:00:00,28.02756601324069
2011-09-28 06:00:00,79.70325350274508
2011-09-28 07:00:00,161.5794492171215
2011-09-28 08:00:00,276.0250051947944
2011-09-28 09:00:00,135.2430871483394
2011-09-28 10:00:00,111.36310659002285
2011-09-28 11:00:00,163.0631111358971
2011-09-28 12:00:00,225.83340830039015
2011-09-28 13:00:00,193.17747693975204
2011-09-28 14:00:00,203.9970229473627
2011-09-28 15:00:00,221.9519954147301
2011-09-28 16:00:00,339.79168804661464
2011-09-28 17:00:00,677.2043905091144
2011-09-28 18:00:00,412.72338074267316
2011-09-28 19:00:00,294.27511239060686
2011-09-28 20:00:00,136.83462580315367
2011-09-28 21:00:00,78.32567128494341
2011-09-28 22:00:00,104.7821611350682
2011-09-28 23:00:00,90.0362251307478
2011-09-29 00:00:00,37.02267084577353
2011-09-29 01:00:00,10.990013236451766
2011-09-29 02:00:00,5.230950601700644
2011-09-29 03:00:00,4.50857334391883
2011-09-29 04:00:00,4.957717751478635
2011-09-29 05:00:00,24.782719316371217
2011-09-29 06:00:00,112.08975309634565
2011-09-29 07:00:00,298.0737906634261
2011-09-29 08:00:00,486.6474507459829
2011-09-29 09:00:00,214.99047168030964
2011-09-29 10:00:00,153.5057735205089
2011-09-29 11:00:00,180.56577165017887
2011-09-29 12:00:00,233.1817842034416
2011-09-29 13:00:00,207.21864277720073
2011-09-29 14:00:00,202.03684667280078
2011-09-29 15:00:00,223.66842367519635
2011-09-29 16:00:00,334.6080022323344
2011-09-29 17:00:00,572.4395507654868
2011-09-29 18:00:00,613.968406302685
2011-09-29 19:00:00,367.90247495336496
2011-09-29 20:00:00,297.3382839937265
2011-09-29 21:00:00,215.98012554343995
2011-09-29 22:00:00,170.23810114176857
2011-09-29 23:00:00,111.5383981279028
2011-09-30 00:00:00,62.96576089375399
2011-09-30 01:00:00,33.24286702432628
2011-09-30 02:00:00,12.497728807400067
2011-09-30 03:00:00,7.828849411321187
2011-09-30 04:00:00,7.697577509151228
2011-09-30 05:00:00,34.899673268997695
2011-09-30 06:00:00,125.11192580417217
2011-09-30 07:00:00,361.22658659670367
2011-09-30 08:00:00,686.0106307254313
2011-09-30 09:00:00,345.22709336137166
2011-09-30 10:00:00,216.07969995898833
2011-09-30 11:00:00,264.90278648491386
2011-09-30 12:00:00,364.1170345330512
2011-09-30 13:00:00,307.74050992747186
2011-09-30 14:00:00,259.9300176204329
2011-09-30 15:00:00,249.5559710769796
2011-09-30 16:00:00,440.3344033710679
2011-09-30 17:00:00,675.366094583636
2011-09-30 18:00:00,467.0696114764128
2011-09-30 19:00:00,342.11536109390346
2011-09-30 20:00:00,254.73078420125742
2011-09-30 21:00:00,197.38739805005403
2011-09-30 22:00:00,173.99030275866463
2011-09-30 23:00:00,136.3384223887237
2011-10-20 00:00:00,33.80143711093513
2011-10-20 01:00:00,14.032214864707898
2011-10-20 02:00:00,7.001431329666852
2011-10-20 03:00:00,5.462813627027636
2011-10-20 04:00:00,6.814978407708137
2011-10-20 05:00:00,32.157764718985625
2011-10-20 06:00:00,165.89978893408704
2011-10-20 07:00:00,377.2049277593898
2011-10-20 08:00:00,599.907694078989
2011-10-20 09:00:00,275.01231437222924
2011-10-20 10:00:00,196.62335116445226
2011-10-20 11:00:00,207.50720894421968
2011-10-20 12:00:00,283.44721665588173
2011-10-20 13:00:00,263.13493681735076
2011-10-20 14:00:00,213.3571354751409
2011-10-20 15:00:00,256.5143950796301
2011-10-20 16:00:00,370.8873987872682
2011-10-20 17:00:00,728.8141722484467
2011-10-20 18:00:00,624.6571759107422
2011-10-20 19:00:00,449.65343103747944
2011-10-20 20:00:00,342.4665982882626
2011-10-20 21:00:00,245.60920558997924
2011-10-20 22:00:00,196.93233146507694
2011-10-20 23:00:00,134.34813300269593
2011-10-21 00:00:00,67.56611946849863
2011-10-21 01:00:00,29.91651082722983
2011-10-21 02:00:00,13.20532389402904
2011-10-21 03:00:00,7.897979089123169
2011-10-21 04:00:00,8.180122387431233
2011-10-21 05:00:00,38.15595111792107
2011-10-21 06:00:00,157.3078976278776
2011-10-21 07:00:00,452.40728190646024
2011-10-21 08:00:00,605.2311333792078
2011-10-21 09:00:00,345.395399269735
2011-10-21 10:00:00,212.40614080980941
2011-10-21 11:00:00,267.17471487667154
2011-10-21 12:00:00,323.61668119357194
2011-10-21 13:00:00,283.41777827348784
2011-10-21 14:00:00,289.9803630606419
2011-10-21 15:00:00,301.23064502506975
2011-10-21 16:00:00,426.74794447298814
2011-10-21 17:00:00,605.2573454426679
2011-10-21 18:00:00,566.5319874657952
2011-10-21 19:00:00,412.4556436414462
2011-10-21 20:00:00,286.8087542999083
2011-10-21 21:00:00,219.50533958685438
2011-10-21 22:00:00,206.97934737577776
2011-10-21 23:00:00,157.4154218357513
2011-10-22 00:00:00,118.47267475129168
2011-10-22 01:00:00,83.99425185128061
2011-10-22 02:00:00,52.353396181251256
2011-10-22 03:00:00,26.873935907707953
2011-10-22 04:00:00,9.696463982430743
2011-10-22 05:00:00,9.648307852666859
2011-10-22 06:00:00,25.602763591062754
2011-10-22 07:00:00,68.33888409117922
2011-10-22 08:00:00,137.7279275919576
2011-10-22 09:00:00,224.96001478077207
2011-10-22 10:00:00,325.3454446812352
2011-10-22 11:00:00,405.98254741786775
2011-10-22 12:00:00,566.9442713095317
2011-10-22 13:00:00,604.9586321484009
2011-10-22 14:00:00,523.0285407549079
2011-10-22 15:00:00,579.0113392260602
2011-10-22 16:00:00,590.267165431989
2011-10-22 17:00:00,440.0430027391238
2011-10-22 18:00:00,369.2721435097287
2011-10-22 19:00:00,219.3410155655356
2011-10-22 20:00:00,181.39549636236578
2011-10-22 21:00:00,161.99220148676457
2011-10-22 22:00:00,147.12203692290615
2011-10-22 23:00:00,107.71321349380246
2011-10-23 00:00:00,94.3644040819439
2011-10-23 01:00:00,77.72940844139376
2011-10-23 02:00:00,56.7513550744219
2011-10-23 03:00:00,27.178517054486424
2011-10-23 04:00:00,9.826731685208266
2011-10-23 05:00:00,8.396137278925124
2011-10-23 06:00:00,15.47447827568093
2011-10-23 07:00:00,46.23454002661286
2011-10-23 08:00:00,106.37594039873123
2011-10-23 09:00:00,197.57395552426672
2011-10-23 10:00:00,337.5376248562437
2011-10-23 11:00:00,507.7665142050749
2011-10-23 12:00:00,583.1000733671589
2011-10-23 13:00:00,602.6611320289751
2011-10-23 14:00:00,583.51777403752
2011-10-23 15:00:00,572.3797220648963
2011-10-23 16:00:00,546.6407607113191
2011-10-23 17:00:00,397.6545833418387
2011-10-23 18:00:00,335.6113412789852
2011-10-23 19:00:00,255.3805132110673
2011-10-23 20:00:00,188.46069748370633
2011-10-23 21:00:00,159.03388850257784
2011-10-23 22:00:00,117.66350567550104
2011-10-23 23:00:00,86.1032927034065
2011-10-24 00:00:00,30.987848527396743
2011-10-24 01:00:00,12.720103030327438
2011-10-24 02:00:00,5.902879857855007
2011-10-24 03:00:00,4.1266636532262995
2011-10-24 04:00:00,6.176884450860021
2011-10-24 05:00:00,24.283499582267872
2011-10-24 06:00:00,133.3961012137991
2011-10-24 07:00:00,380.18404254562944
2011-10-24 08:00:00,540.883611964679
2011-10-24 09:00:00,274.42626924724834
2011-10-24 10:00:00,134.9240954302616
2011-10-24 11:00:00,190.1839545465846
2011-10-24 12:00:00,257.84328189997973
2011-10-24 13:00:00,266.893280524618
2011-10-24 14:00:00,240.15667741813496
2011-10-24 15:00:00,246.9581387325989
2011-10-24 16:00:00,400.12565381390556
2011-10-24 17:00:00,671.5280326160209
2011-10-24 18:00:00,589.3082309657162
2011-10-24 19:00:00,289.1440017112837
2011-10-24 20:00:00,261.60880515616344
2011-10-24 21:00:00,160.5167717923522
2011-10-24 22:00:00,151.61573171308103
2011-10-24 23:00:00,94.88736068569459
2011-10-25 00:00:00,33.95145438643714
2011-10-25 01:00:00,14.862469001554194
2011-10-25 02:00:00,5.281413498840145
2011-10-25 03:00:00,3.8089378552694986
2011-10-25 04:00:00,7.162935517156069
2011-10-25 05:00:00,32.998687444602105
2011-10-25 06:00:00,151.1202800895482
2011-10-25 07:00:00,374.7896115435816
2011-10-25 08:00:00,684.5749221853648
2011-10-25 09:00:00,316.6177296232124
2011-10-25 10:00:00,167.06156858224557
2011-10-25 11:00:00,189.03911687674
2011-10-25 12:00:00,302.7943991039924
2011-10-25 13:00:00,308.3691883949686
2011-10-25 14:00:00,245.2993839259203
2011-10-25 15:00:00,291.24520423753467
2011-10-25 16:00:00,426.2618090241218
2011-10-25 17:00:00,781.5488583336689
2011-10-25 18:00:00,755.8476753532984
2011-10-25 19:00:00,443.9173296455734
2011-10-25 20:00:00,300.7255072046436
2011-10-25 21:00:00,227.1207570610827
2011-10-25 22:00:00,167.454868591438
2011-10-25 23:00:00,109.88951571765959
2011-10-26 00:00:00,48.18445980329454
2011-10-26 01:00:00,17.389884039768955
2011-10-26 02:00:00,7.932000273798689
2011-10-26 03:00:00,6.510287315433598
2011-10-26 04:00:00,6.555339874570657
2011-10-26 05:00:00,38.03632928958333
2011-10-26 06:00:00,177.89727483787726
2011-10-26 07:00:00,450.5204939940353
2011-10-26 08:00:00,692.4881738670143
2011-10-26 09:00:00,362.13496627486535
2011-10-26 10:00:00,200.5909358756646
2011-10-26 11:00:00,208.2719815468622
2011-10-26 12:00:00,196.70496358590148
2011-10-26 13:00:00,172.10322010840102
2011-10-26 14:00:00,174.81862279106414
2011-10-26 15:00:00,191.80902448008172
2011-10-26 16:00:00,274.42419948889284
2011-10-26 17:00:00,533.0157973567336
2011-10-26 18:00:00,532.6506344544819
2011-10-26 19:00:00,293.55604423958056
2011-10-26 20:00:00,183.44800775382546
2011-10-26 21:00:00,202.21044150742813
2011-10-26 22:00:00,94.68126618357252
2011-10-26 23:00:00,63.82405678626998
2011-10-27 00:00:00,32.03705467093045
2011-10-27 01:00:00,13.760693946993042
2011-10-27 02:00:00,4.0203238830638
2011-10-27 03:00:00,2.745430680608997
2011-10-27 04:00:00,3.6937517073937216
2011-10-27 05:00:00,16.370173559849622
2011-10-27 06:00:00,56.21650197085956
2011-10-27 07:00:00,235.54872404036232
2011-10-27 08:00:00,240.99444648696073
2011-10-27 09:00:00,199.59349575190922
2011-10-27 10:00:00,55.074551479245656
2011-10-27 11:00:00,67.87900462346659
2011-10-27 12:00:00,81.7578514239212
2011-10-27 13:00:00,129.1206422684076
2011-10-27 14:00:00,124.65472748626993
2011-10-27 15:00:00,136.7688267862834
2011-10-27 16:00:00,243.15948738341316
2011-10-27 17:00:00,453.031971163711
2011-10-27 18:00:00,430.27540699922685
2011-10-27 19:00:00,274.8585975454385
2011-10-27 20:00:00,208.9712399340842
2011-10-27 21:00:00,177.04192288358405
2011-10-27 22:00:00,128.44418743675195
2011-10-27 23:00:00,97.491506284549
2011-10-28 00:00:00,45.78778483729893
2011-10-28 01:00:00,20.038918236278885
2011-10-28 02:00:00,9.15080673307774
2011-10-28 03:00:00,5.170299216657525
2011-10-28 04:00:00,5.173754428301941
2011-10-28 05:00:00,30.34422933868054
2011-10-28 06:00:00,110.48363360641643
2011-10-28 07:00:00,325.719716493938
2011-10-28 08:00:00,507.321592493107
2011-10-28 09:00:00,289.1660641736485
2011-10-28 10:00:00,168.65203129814938
2011-10-28 11:00:00,173.27287157325847
2011-10-28 12:00:00,273.7077685210008
2011-10-28 13:00:00,255.5722750311424
2011-10-28 14:00:00,207.793795874727
2011-10-28 15:00:00,228.94161267486905
2011-10-28 16:00:00,316.35894187731117
2011-10-28 17:00:00,425.185769069495
2011-10-28 18:00:00,400.13801497237296
2011-10-28 19:00:00,268.11975015300095
2011-10-28 20:00:00,117.43516899206217
2011-10-28 21:00:00,82.39927986580939
2011-10-28 22:00:00,61.90183285987429
2011-10-28 23:00:00,36.84171502587467
2011-10-29 00:00:00,36.693689437807876
2011-10-29 01:00:00,34.05824317383665
2011-10-29 02:00:00,22.602674082767813
2011-10-29 03:00:00,10.145512805450986
2011-10-29 04:00:00,3.815319861292481
2011-10-29 05:00:00,2.9600047396376765
2011-10-29 06:00:00,6.802105083752298
2011-10-29 07:00:00,15.15593161622271
2011-10-29 08:00:00,39.77361252409411
2011-10-29 09:00:00,62.98470672550723
2011-10-29 10:00:00,88.99479500098683
2011-10-29 11:00:00,108.50710416111446
2011-10-29 12:00:00,90.38692036693904
2011-10-29 13:00:00,81.68043723287744
2011-10-29 14:00:00,89.54553820348039
2011-10-29 15:00:00,96.71680976079962
2011-10-29 16:00:00,72.50301681426687
2011-10-29 17:00:00,67.18929131569078
2011-10-29 18:00:00,60.00126795137202
2011-10-29 19:00:00,71.18265456004211
2011-10-29 20:00:00,58.312568136598564
2011-10-29 21:00:00,48.33283023221659
2011-10-29 22:00:00,55.344415530820456
2011-10-29 23:00:00,52.76523234214558
2011-10-30 00:00:00,52.485723581140164
2011-10-30 01:00:00,36.008468299679905
2011-10-30 02:00:00,23.92510919412537
2011-10-30 03:00:00,15.944070131256055
2011-10-30 04:00:00,4.377208452813114
2011-10-30 05:00:00,5.054598538155517
2011-10-30 06:00:00,10.779976823031621
2011-10-30 07:00:00,31.90854467917377
2011-10-30 08:00:00,94.10152113926121
2011-10-30 09:00:00,164.07327556779475
2011-10-30 10:00:00,269.7156713235964
2011-10-30 11:00:00,391.2603463947823
2011-10-30 12:00:00,451.4897965236687
2011-10-30 13:00:00,534.270291659809
2011-10-30 14:00:00,499.6134337418141
2011-10-30 15:00:00,432.9453340944369
2011-10-30 16:00:00,430.6507579030085
2011-10-30 17:00:00,352.90171260011573
2011-10-30 18:00:00,294.49882511248694
2011-10-30 19:00:00,236.81113348202942
2011-10-30 20:00:00,156.79410633139057
2011-10-30 21:00:00,110.3346162716009
2011-10-30 22:00:00,74.26845490266163
2011-10-30 23:00:00,39.20675016615426
2011-10-31 00:00:00,14.368615461991032
2011-10-31 01:00:00,7.792087857898874
2011-10-31 02:00:00,3.4476685252950077
2011-10-31 03:00:00,2.8855208022236614
2011-10-31 04:00:00,3.6721449709599083
2011-10-31 05:00:00,14.787502894783913
2011-10-31 06:00:00,71.85364502665043
2011-10-31 07:00:00,193.12773852975593
2011-10-31 08:00:00,405.88273662235946
2011-10-31 09:00:00,221.35619012843696
2011-10-31 10:00:00,147.26979924066427
2011-10-31 11:00:00,161.9695798220884
2011-10-31 12:00:00,224.83339377020158
2011-10-31 13:00:00,227.11048242585224
2011-10-31 14:00:00,183.17094894688
2011-10-31 15:00:00,207.75364597484233
2011-10-31 16:00:00,271.23495559167293
2011-10-31 17:00:00,500.9035455288782
2011-10-31 18:00:00,441.8015642980695
2011-10-31 19:00:00,311.9873400480451
2011-10-31 20:00:00,217.42032317043524
2011-10-31 21:00:00,122.53475226739819
2011-10-31 22:00:00,85.91326440210328
2011-10-31 23:00:00,55.41256308987328
2011-11-20 00:00:00,113.24638127180243
2011-11-20 01:00:00,85.07645986155491
2011-11-20 02:00:00,56.377515916216915
2011-11-20 03:00:00,21.67823312877601
2011-11-20 04:00:00,7.219959631846977
2011-11-20 05:00:00,5.420494481266586
2011-11-20 06:00:00,10.190689368119326
2011-11-20 07:00:00,29.34967120197966
2011-11-20 08:00:00,74.22933785566
2011-11-20 09:00:00,167.53814560214266
2011-11-20 10:00:00,243.98065474589586
2011-11-20 11:00:00,349.2577454819733
2011-11-20 12:00:00,413.3700354750624
2011-11-20 13:00:00,525.7733235583662
2011-11-20 14:00:00,560.4702852964152
2011-11-20 15:00:00,488.29776874713036
2011-11-20 16:00:00,485.78150945954906
2011-11-20 17:00:00,415.1536160582269
2011-11-20 18:00:00,366.8033622942929
2011-11-20 19:00:00,223.96646433444747
2011-11-20 20:00:00,197.5504137977853
2011-11-20 21:00:00,133.7712588012878
2011-11-20 22:00:00,89.4227624557298
2011-11-20 23:00:00,65.08907667474108
2011-11-21 00:00:00,36.08480328762724
2011-11-21 01:00:00,14.671101285037894
2011-11-21 02:00:00,5.356323603832354
2011-11-21 03:00:00,4.208657930358648
2011-11-21 04:00:00,6.098498257478896
2011-11-21 05:00:00,25.642538882176716
2011-11-21 06:00:00,108.4807312508173
2011-11-21 07:00:00,410.95237074107735
2011-11-21 08:00:00,650.9061366153641
2011-11-21 09:00:00,313.16237033534713
2011-11-21 10:00:00,151.06139160348732
2011-11-21 11:00:00,182.0245186075889
2011-11-21 12:00:00,232.55311649842983
2011-11-21 13:00:00,218.85009329942574
2011-11-21 14:00:00,202.62720699637572
2011-11-21 15:00:00,165.55968213276452
2011-11-21 16:00:00,243.89305051451927
2011-11-21 17:00:00,442.35511290047003
2011-11-21 18:00:00,474.4082580495269
2011-11-21 19:00:00,359.44198714133535
2011-11-21 20:00:00,226.2578084236182
2011-11-21 21:00:00,157.8290840282073
2011-11-21 22:00:00,114.56642862327375
2011-11-21 23:00:00,75.0902627576537
2011-11-22 00:00:00,20.836102364060817
2011-11-22 01:00:00,9.442140038801718
2011-11-22 02:00:00,4.206924969739428
2011-11-22 03:00:00,3.063815826924004
2011-11-22 04:00:00,5.717731836333523
2011-11-22 05:00:00,21.26958840149338
2011-11-22 06:00:00,114.79106639371533
2011-11-22 07:00:00,194.98769660066142
2011-11-22 08:00:00,309.03072103315714
2011-11-22 09:00:00,132.87133295010184
2011-11-22 10:00:00,71.72551667539307
2011-11-22 11:00:00,84.19650177871273
2011-11-22 12:00:00,70.03989539008234
2011-11-22 13:00:00,66.05027750746375
2011-11-22 14:00:00,57.13332738550033
2011-11-22 15:00:00,84.48373683271112
2011-11-22 16:00:00,122.27464002449231
2011-11-22 17:00:00,197.39660029468303
2011-11-22 18:00:00,185.35192309208216
2011-11-22 19:00:00,184.1736442769402
2011-11-22 20:00:00,171.04487640292214
2011-11-22 21:00:00,122.6385233307955
2011-11-22 22:00:00,105.6142433559693
2011-11-22 23:00:00,70.73896282906956
2011-11-23 00:00:00,20.764630080423938
2011-11-23 01:00:00,8.206902099809508
2011-11-23 02:00:00,1.973170211190621
2011-11-23 03:00:00,1.4313061046316713
2011-11-23 04:00:00,2.2918139511381703
2011-11-23 05:00:00,16.47874066856385
2011-11-23 06:00:00,58.55827393623355
2011-11-23 07:00:00,169.42810548889884
2011-11-23 08:00:00,365.85919500452144
2011-11-23 09:00:00,183.69960015575728
2011-11-23 10:00:00,91.01741576834853
2011-11-23 11:00:00,133.3118604347126
2011-11-23 12:00:00,182.7640704739712
2011-11-23 13:00:00,174.36577776207758
2011-11-23 14:00:00,137.70728826701819
2011-11-23 15:00:00,155.39994584982773
2011-11-23 16:00:00,206.02354621046973
2011-11-23 17:00:00,269.4337506199549
2011-11-23 18:00:00,372.68349849720664
2011-11-23 19:00:00,293.2301916222084
2011-11-23 20:00:00,188.05868188002327
2011-11-23 21:00:00,151.28650050248493
2011-11-23 22:00:00,111.92327867308725
2011-11-23 23:00:00,71.24343397351176
2011-11-24 00:00:00,54.363627520112104
2011-11-24 01:00:00,33.98906326276534
2011-11-24 02:00:00,22.48905994201283
2011-11-24 03:00:00,11.236412144395397
2011-11-24 04:00:00,8.002057225769944
2011-11-24 05:00:00,14.075501503186928
2011-11-24 06:00:00,34.11856882352084
2011-11-24 07:00:00,99.70031635419767
2011-11-24 08:00:00,249.4288617779173
2011-11-24 09:00:00,266.7675195589234
2011-11-24 10:00:00,269.18691337551166
2011-11-24 11:00:00,257.8839690874424
2011-11-24 12:00:00,350.6819927204049
2011-11-24 13:00:00,287.8393351133755
2011-11-24 14:00:00,255.66701931444942
2011-11-24 15:00:00,269.3297654029014
2011-11-24 16:00:00,281.2334274812115
2011-11-24 17:00:00,355.3414405898667
2011-11-24 18:00:00,375.8347574263421
2011-11-24 19:00:00,319.5448309480096
2011-11-24 20:00:00,211.84622572243975
2011-11-24 21:00:00,182.81686669353996
2011-11-24 22:00:00,150.64578744506179
2011-11-24 23:00:00,108.57618815123762
2011-11-25 00:00:00,52.769664404508745
2011-11-25 01:00:00,23.570362108780433
2011-11-25 02:00:00,10.800665865322143
2011-11-25 03:00:00,5.53163534725535
2011-11-25 04:00:00,6.383095450811794
2011-11-25 05:00:00,29.380917141280552
2011-11-25 06:00:00,104.20614923816453
2011-11-25 07:00:00,270.4364601733546
2011-11-25 08:00:00,544.0457029898452
2011-11-25 09:00:00,287.46343546031363
2011-11-25 10:00:00,187.45242066970843
2011-11-25 11:00:00,193.12365541824454
2011-11-25 12:00:00,262.5848525336231
2011-11-25 13:00:00,235.32816430824744
2011-11-25 14:00:00,217.5736682339906
2011-11-25 15:00:00,261.4724354888231
2011-11-25 16:00:00,326.2516087161015
2011-11-25 17:00:00,521.9287713640849
2011-11-25 18:00:00,485.11125286439585
2011-11-25 19:00:00,268.34116874777925
2011-11-25 20:00:00,213.61699145598024
2011-11-25 21:00:00,167.75986901054952
2011-11-25 22:00:00,155.29293453581144
2011-11-25 23:00:00,118.48277037042382
2011-11-26 00:00:00,114.10973211317668
2011-11-26 01:00:00,81.11631190160364
2011-11-26 02:00:00,63.15822001144448
2011-11-26 03:00:00,27.825546134100932
2011-11-26 04:00:00,9.072822406495519
2011-11-26 05:00:00,7.940683021111027
2011-11-26 06:00:00,17.28966348852198
2011-11-26 07:00:00,50.302632799860454
2011-11-26 08:00:00,132.27935479761612
2011-11-26 09:00:00,214.53413797010333
2011-11-26 10:00:00,322.51622949780227
2011-11-26 11:00:00,376.7451660018978
2011-11-26 12:00:00,432.11819702905206
2011-11-26 13:00:00,506.1486855008284
2011-11-26 14:00:00,447.21779761433356
2011-11-26 15:00:00,479.8308473498105
2011-11-26 16:00:00,419.7951518378963
2011-11-26 17:00:00,362.48246425553646
2011-11-26 18:00:00,290.1599986196978
2011-11-26 19:00:00,206.33133842582973
2011-11-26 20:00:00,175.4905700123829
2011-11-26 21:00:00,158.88511530502612
2011-11-26 22:00:00,129.34412787142762
2011-11-26 23:00:00,129.21466234578452
2011-11-27 00:00:00,125.94863885171725
2011-11-27 01:00:00,99.81455360737893
2011-11-27 02:00:00,74.02494347488222
2011-11-27 03:00:00,30.70318027086264
2011-11-27 04:00:00,10.468802711257243
2011-11-27 05:00:00,7.391960421279573
2011-11-27 06:00:00,15.816372291653396
2011-11-27 07:00:00,45.44430450287462
2011-11-27 08:00:00,88.60307023922313
2011-11-27 09:00:00,183.04724173108355
2011-11-27 10:00:00,306.41940777100024
2011-11-27 11:00:00,390.44755862953167
2011-11-27 12:00:00,563.9268692229737
2011-11-27 13:00:00,603.5384923086357
2011-11-27 14:00:00,545.059832207533
2011-11-27 15:00:00,547.697982669463
2011-11-27 16:00:00,506.46026152100234
2011-11-27 17:00:00,447.9718057330083
2011-11-27 18:00:00,309.74988862006995
2011-11-27 19:00:00,237.52977045169865
2011-11-27 20:00:00,190.28227910724277
2011-11-27 21:00:00,138.01805462013806
2011-11-27 22:00:00,128.48567825088932
2011-11-27 23:00:00,90.84828532859193
2011-11-28 00:00:00,43.45630847955923
2011-11-28 01:00:00,17.892811302573197
2011-11-28 03:00:00,6.059646794964531
2011-11-28 04:00:00,9.0473076483653
2011-11-28 05:00:00,33.939814397605524
2011-11-28 06:00:00,157.30805678315613
2011-11-28 07:00:00,447.3326892455046
2011-11-28 08:00:00,639.273164316573
2011-11-28 09:00:00,341.7114502715133
2011-11-28 10:00:00,164.5988496368282
2011-11-28 11:00:00,202.7408775450506
2011-11-28 12:00:00,267.28788850072846
2011-11-28 13:00:00,227.03693401364725
2011-11-28 14:00:00,228.11417329071043
2011-11-28 15:00:00,280.0462221313411
2011-11-28 16:00:00,372.44104012451226
2011-11-28 17:00:00,646.6300975461754
2011-11-28 18:00:00,679.8045553655757
2011-11-28 19:00:00,475.54470849701903
2011-11-28 20:00:00,328.56571567190184
2011-11-28 21:00:00,194.2355653522358
2011-11-28 22:00:00,130.93887818840278
2011-11-28 23:00:00,81.60126975106311
2011-11-29 00:00:00,30.881051305116753
2011-11-29 01:00:00,13.913379891391049
2011-11-29 02:00:00,5.502686261170654
2011-11-29 03:00:00,3.968094296972191
2011-11-29 04:00:00,4.280665945588382
2011-11-29 05:00:00,26.727773253906953
2011-11-29 06:00:00,110.87256488483936
2011-11-29 07:00:00,314.0275577766519
2011-11-29 08:00:00,489.51190771164977
2011-11-29 09:00:00,181.1026875624457
2011-11-29 10:00:00,119.44204771239338
2011-11-29 11:00:00,84.33772437271759
2011-11-29 12:00:00,111.8642602412223
2011-11-29 13:00:00,133.0693763485925
2011-11-29 14:00:00,85.20986321926894
2011-11-29 15:00:00,83.61146532921606
2011-11-29 16:00:00,157.0646667342616
2011-11-29 17:00:00,407.9657374092015
2011-11-29 18:00:00,441.83524290232924
2011-11-29 19:00:00,245.55319692575108
2011-11-29 20:00:00,228.44438951971853
2011-11-29 21:00:00,161.00472948878075
2011-11-29 22:00:00,114.20460227170521
2011-11-29 23:00:00,69.00841372345944
2011-11-30 00:00:00,30.780264778116543
2011-11-30 01:00:00,12.400563233623064
2011-11-30 02:00:00,5.8850463598874585
2011-11-30 03:00:00,4.449886714795653
2011-11-30 04:00:00,4.519643471198876
2011-11-30 05:00:00,23.98212465060373
2011-11-30 06:00:00,83.08926754214085
2011-11-30 07:00:00,317.78268438755447
2011-11-30 08:00:00,511.7880309899569
2011-11-30 09:00:00,210.20138110929182
2011-11-30 10:00:00,126.5561414398129
2011-11-30 11:00:00,155.1176375334268
2011-11-30 12:00:00,204.33753485781082
2011-11-30 13:00:00,210.75119265487248
2011-11-30 14:00:00,191.3846943520153
2011-11-30 15:00:00,174.9863142858811
2011-11-30 16:00:00,229.33777709825515
2011-11-30 17:00:00,485.59031941912366
2011-11-30 18:00:00,420.24778165474606
2011-11-30 19:00:00,319.1149241682923
2011-11-30 20:00:00,225.50348305509826
2011-11-30 21:00:00,149.08411822988083
2011-11-30 22:00:00,111.63181102570127
2011-11-30 23:00:00,66.73951129126344
2011-12-20 00:00:00,38.18414155118957
2011-12-20 01:00:00,16.195553742667546
2011-12-20 02:00:00,7.047679467091295
2011-12-20 03:00:00,5.142836221241754
2011-12-20 04:00:00,8.858900069047804
2011-12-20 05:00:00,34.42786601759969
2011-12-20 06:00:00,144.44728973177112
2011-12-20 07:00:00,351.61120645140403
2011-12-20 08:00:00,595.7541668671838
2011-12-20 09:00:00,265.4750424360325
2011-12-20 10:00:00,147.5240666990264
2011-12-20 11:00:00,151.35244115892718
2011-12-20 12:00:00,226.30022138358507
2011-12-20 13:00:00,216.98887842025678
2011-12-20 14:00:00,188.19271235098697
2011-12-20 15:00:00,210.11426084097783
2011-12-20 16:00:00,331.5933348057545
2011-12-20 17:00:00,545.8263601049366
2011-12-20 18:00:00,506.7136667743572
2011-12-20 19:00:00,333.68084528713956
2011-12-20 20:00:00,237.12877402407102
2011-12-20 21:00:00,172.78425106459167
2011-12-20 22:00:00,120.04206770936524
2011-12-20 23:00:00,81.83482124253348
2011-12-21 00:00:00,25.874045847314786
2011-12-21 01:00:00,11.098637486783376
2011-12-21 02:00:00,5.892257389031294
2011-12-21 03:00:00,4.248022039392408
2011-12-21 04:00:00,4.5023945909524645
2011-12-21 05:00:00,23.459326389901236
2011-12-21 06:00:00,86.57654304829367
2011-12-21 07:00:00,244.30432390379275
2011-12-21 08:00:00,156.29631929453382
2011-12-21 09:00:00,167.61702902734257
2011-12-21 10:00:00,85.44428415030802
2011-12-21 11:00:00,95.24936538428288
2011-12-21 12:00:00,46.5501551632499
2011-12-21 13:00:00,37.15572389089891
2011-12-21 14:00:00,64.03480562933937
2011-12-21 15:00:00,72.18465531417553
2011-12-21 16:00:00,28.611935364893892
2011-12-21 17:00:00,57.28283130365514
2011-12-21 18:00:00,122.00259894764876
2011-12-21 19:00:00,110.20727295450516
2011-12-21 20:00:00,98.52947818768035
2011-12-21 21:00:00,118.23141534843971
2011-12-21 22:00:00,97.08324698575227
2011-12-21 23:00:00,61.25429306939289
2011-12-22 00:00:00,28.072839483593928
2011-12-22 01:00:00,15.38762808725402
2011-12-22 02:00:00,9.37501429329593
2011-12-22 03:00:00,4.68410898783065
2011-12-22 04:00:00,5.305244627585883
2011-12-22 05:00:00,23.743969587388115
2011-12-22 06:00:00,101.11300558720546
2011-12-22 07:00:00,237.02357962042646
2011-12-22 08:00:00,383.07889369212995
2011-12-22 09:00:00,208.04081029513492
2011-12-22 10:00:00,106.14664921779799
2011-12-22 11:00:00,112.9143014544082
2011-12-22 12:00:00,171.38296667686427
2011-12-22 13:00:00,152.50436966204032
2011-12-22 14:00:00,137.10600324398237
2011-12-22 15:00:00,156.36784915218277
2011-12-22 16:00:00,208.32309675617466
2011-12-22 17:00:00,364.7449009076304
2011-12-22 18:00:00,387.752087970502
2011-12-22 19:00:00,276.3816613210167
2011-12-22 20:00:00,121.33140200761487
2011-12-22 21:00:00,95.81715720476305
2011-12-22 22:00:00,50.035837827307724
2011-12-22 23:00:00,41.663728568816474
2011-12-23 00:00:00,32.00851191803044
2011-12-23 01:00:00,16.1204789360953
2011-12-23 02:00:00,8.602917054374425
2011-12-23 03:00:00,4.934372464336918
2011-12-23 04:00:00,4.038563544514857
2011-12-23 05:00:00,22.766581149347154
2011-12-23 06:00:00,92.63209408377102
2011-12-23 07:00:00,289.56679815048227
2011-12-23 08:00:00,364.77318119543725
2011-12-23 09:00:00,227.86951076572004
2011-12-23 10:00:00,155.05606309821422
2011-12-23 11:00:00,165.13361728914907
2011-12-23 12:00:00,218.83018846935056
2011-12-23 13:00:00,197.0979148104657
2011-12-23 14:00:00,183.43882068937592
2011-12-23 15:00:00,200.98964016136037
2011-12-23 16:00:00,238.6586486311713
2011-12-23 17:00:00,357.3905191618541
2011-12-23 18:00:00,314.33195163896505
2011-12-23 19:00:00,242.8760852112675
2011-12-23 20:00:00,141.50830936683553
2011-12-23 21:00:00,124.12636150288203
2011-12-23 22:00:00,109.74591180526377
2011-12-23 23:00:00,83.41989074226025
2011-12-24 00:00:00,74.53499950463244
2011-12-24 01:00:00,57.028244059431955
2011-12-24 02:00:00,47.73698992194433
2011-12-24 03:00:00,22.25988717207531
2011-12-24 04:00:00,5.129296362343368
2011-12-24 05:00:00,5.0319261924938745
2011-12-24 06:00:00,11.710475648281133
2011-12-24 07:00:00,26.638209206428144
2011-12-24 08:00:00,78.45474886111344
2011-12-24 09:00:00,84.86864291665522
2011-12-24 10:00:00,133.24220357324123
2011-12-24 11:00:00,178.05004649915244
2011-12-24 12:00:00,221.0400284902036
2011-12-24 13:00:00,232.07668569789442
2011-12-24 14:00:00,218.16506530618446
2011-12-24 15:00:00,221.27148025650172
2011-12-24 16:00:00,214.3708384790322
2011-12-24 17:00:00,136.9616839233007
2011-12-24 18:00:00,132.45501769739096
2011-12-24 19:00:00,124.38190065939733
2011-12-24 20:00:00,83.46591525712437
2011-12-24 21:00:00,71.29692230777518
2011-12-24 22:00:00,55.17536894407915
2011-12-24 23:00:00,47.76662633416953
2011-12-25 00:00:00,75.50053100770906
2011-12-25 01:00:00,64.49649988599164
2011-12-25 02:00:00,51.797757155233626
2011-12-25 03:00:00,22.406673570133574
2011-12-25 05:00:00,4.770189391809767
2011-12-25 06:00:00,8.215700136089918
2011-12-25 07:00:00,25.836787875737006
2011-12-25 08:00:00,51.13606800700482
2011-12-25 09:00:00,146.51557531826617
2011-12-25 10:00:00,231.9967672978033
2011-12-25 11:00:00,270.5209971655946
2011-12-25 12:00:00,251.69099372004368
2011-12-25 13:00:00,301.5789008355271
2011-12-25 14:00:00,284.76415928653523
2011-12-25 15:00:00,294.9082056768324
2011-12-25 16:00:00,300.8520951991914
2011-12-25 17:00:00,205.9483224641432
2011-12-25 18:00:00,163.47816689848295
2011-12-25 19:00:00,135.76622208711214
2011-12-25 20:00:00,104.95195691852047
2011-12-25 21:00:00,88.51602278965883
2011-12-25 22:00:00,66.54258849741068
2011-12-25 23:00:00,40.00763261170322
2011-12-26 00:00:00,41.87860569555257
2011-12-26 01:00:00,37.78083013052446
2011-12-26 02:00:00,27.79906356072485
2011-12-26 04:00:00,7.175855828844351
2011-12-26 05:00:00,9.19867222349308
2011-12-26 06:00:00,21.156590328466617
2011-12-26 07:00:00,68.76347126150428
2011-12-26 08:00:00,162.7165096518245
2011-12-26 09:00:00,180.17889970268237
2011-12-26 10:00:00,192.78129215379994
2011-12-26 11:00:00,215.25861872906574
2011-12-26 12:00:00,288.40930601815154
2011-12-26 13:00:00,352.3974374539499
2011-12-26 14:00:00,340.16302662543796
2011-12-26 15:00:00,352.16322996957774
2011-12-26 16:00:00,302.7186455368254
2011-12-26 17:00:00,332.91135951013825
2011-12-26 18:00:00,267.31302308393487
2011-12-26 19:00:00,237.8741564450392
2011-12-26 20:00:00,167.97964127563188
2011-12-26 21:00:00,120.50924676703036
2011-12-26 22:00:00,89.76614136390474
2011-12-26 23:00:00,64.78037060854423
2011-12-27 00:00:00,20.93252947709933
2011-12-27 01:00:00,9.215200094082482
2011-12-27 02:00:00,5.259960944901165
2011-12-27 03:00:00,4.995293493166163
2011-12-27 04:00:00,5.177200948407678
2011-12-27 05:00:00,26.824312468258427
2011-12-27 06:00:00,104.36653044620714
2011-12-27 07:00:00,313.3693888423702
2011-12-27 08:00:00,521.1195833951261
2011-12-27 09:00:00,143.61706400244123
2011-12-27 10:00:00,115.25768602425592
2011-12-27 11:00:00,78.44568139416677
2011-12-27 12:00:00,72.29080338320468
2011-12-27 13:00:00,62.6382203822702
2011-12-27 14:00:00,67.8543666817667
2011-12-27 15:00:00,74.32779603580639
2011-12-27 16:00:00,90.51175638628575
2011-12-27 17:00:00,235.94134475027673
2011-12-27 18:00:00,315.88331565183233
2011-12-27 19:00:00,215.61936349629119
2011-12-27 20:00:00,149.19235358183317
2011-12-27 21:00:00,118.92758639718248
2011-12-27 22:00:00,86.56883214697169
2011-12-27 23:00:00,48.08976592411474
2011-12-28 00:00:00,18.095139674301116
2011-12-28 01:00:00,9.885575072675579
2011-12-28 02:00:00,6.6811590168919555
2011-12-28 03:00:00,4.925860604888432
2011-12-28 05:00:00,22.958293078129213
2011-12-28 06:00:00,116.3433728417489
2011-12-28 07:00:00,310.55495679404333
2011-12-28 08:00:00,489.5860375855567
2011-12-28 09:00:00,227.49624604207995
2011-12-28 10:00:00,130.30553127904577
2011-12-28 11:00:00,140.8881346953351
2011-12-28 12:00:00,158.504248700949
2011-12-28 13:00:00,131.77993737463134
2011-12-28 14:00:00,127.30627890427267
2011-12-28 15:00:00,130.55503403759923
2011-12-28 16:00:00,178.6966627057804
2011-12-28 17:00:00,287.4865032020373
2011-12-28 18:00:00,284.2929947057156
2011-12-28 19:00:00,182.0532754506225
2011-12-28 20:00:00,133.42076617157733
2011-12-28 21:00:00,87.71626998613674
2011-12-28 22:00:00,64.2352464949953
2011-12-28 23:00:00,37.46259166472833
2011-12-29 00:00:00,17.59705660490276
2011-12-29 01:00:00,7.490243301454818
2011-12-29 02:00:00,4.474978513160989
2011-12-29 03:00:00,2.769724583684997
2011-12-29 04:00:00,3.1514637952125426
2011-12-29 05:00:00,16.820244732698487
2011-12-29 06:00:00,71.90311101757294
2011-12-29 07:00:00,190.70165111450063
2011-12-29 08:00:00,295.0211576439952
2011-12-29 09:00:00,143.61654117966378
2011-12-29 10:00:00,77.0138381579152
2011-12-29 11:00:00,90.95059657363741
2011-12-29 12:00:00,126.83053873124345
2011-12-29 13:00:00,127.56940811602328
2011-12-29 14:00:00,128.99688944032053
2011-12-29 15:00:00,136.62241617704814
2011-12-29 16:00:00,207.13200078380837
2011-12-29 17:00:00,341.7195299892653
2011-12-29 18:00:00,364.41973151394166
2011-12-29 19:00:00,257.3811754662305
2011-12-29 20:00:00,188.81464768547735
2011-12-29 21:00:00,142.06515352350797
2011-12-29 22:00:00,111.18770483202887
2011-12-29 23:00:00,71.01446738349874
2011-12-30 00:00:00,42.13015328687596
2011-12-30 01:00:00,14.76656265154876
2011-12-30 02:00:00,8.869630405615972
2011-12-30 03:00:00,4.691955867202967
2011-12-30 04:00:00,4.272171923671289
2011-12-30 05:00:00,17.296702025564194
2011-12-30 06:00:00,77.47545178428818
2011-12-30 07:00:00,218.8667890631748
2011-12-30 08:00:00,376.7472576127038
2011-12-30 09:00:00,199.38037419338588
2011-12-30 10:00:00,132.05487467687686
2011-12-30 11:00:00,138.8318259959649
2011-12-30 12:00:00,195.38427131226143
2011-12-30 13:00:00,175.4504859014778
2011-12-30 14:00:00,162.91670956797108
2011-12-30 15:00:00,233.16748657121968
2011-12-30 16:00:00,308.16410393591576
2011-12-30 17:00:00,373.03101123289724
2011-12-30 18:00:00,325.0425941457096
2011-12-30 19:00:00,185.51942937328386
2011-12-30 20:00:00,139.72983029853404
2011-12-30 21:00:00,119.50053898169215
2011-12-30 22:00:00,102.18863430606811
2011-12-30 23:00:00,76.03856847619191
2011-12-31 00:00:00,73.8296447778988
2011-12-31 01:00:00,60.4593079036559
2011-12-31 02:00:00,44.708315021095345
2011-12-31 03:00:00,19.07138718656018
2011-12-31 04:00:00,6.136362634911379
2011-12-31 05:00:00,4.457607873439458
2011-12-31 06:00:00,10.510358299613085
2011-12-31 07:00:00,18.95061572361108
2011-12-31 08:00:00,109.91198918136135
2011-12-31 09:00:00,144.14239221034114
2011-12-31 10:00:00,222.9563594839506
2011-12-31 11:00:00,299.5110353564931
2011-12-31 12:00:00,529.9292361842821
2011-12-31 13:00:00,411.80023003133266
2011-12-31 14:00:00,341.49510036244703
2011-12-31 15:00:00,300.12818912729506
2011-12-31 16:00:00,300.4701599647193
2011-12-31 17:00:00,251.8352606931691
2011-12-31 18:00:00,218.6764183551531
2011-12-31 19:00:00,168.90936681273735
2011-12-31 20:00:00,159.5823389544392
2011-12-31 21:00:00,122.73334818136132
2011-12-31 22:00:00,116.39170071235452
2011-12-31 23:00:00,83.88711145167237
2012-01-20 00:00:00,22.64069509162312
2012-01-20 01:00:00,11.40233140729794
2012-01-20 02:00:00,6.445079630558434
2012-01-20 03:00:00,3.405777453673464
2012-01-20 04:00:00,2.9062566654735322
2012-01-20 05:00:00,13.40190696521514
2012-01-20 06:00:00,57.410487182517045
2012-01-20 07:00:00,203.85450571678803
2012-01-20 08:00:00,303.2435243761142
2012-01-20 09:00:00,205.22125722438656
2012-01-20 10:00:00,68.46726367878765
2012-01-20 11:00:00,76.8999308873659
2012-01-20 12:00:00,84.3096223139841
2012-01-20 13:00:00,108.05150278877291
2012-01-20 14:00:00,74.25531466812326
2012-01-20 15:00:00,88.37624533744305
2012-01-20 16:00:00,96.20876432810653
2012-01-20 17:00:00,193.4407733338096
2012-01-20 18:00:00,192.41231019447278
2012-01-20 19:00:00,128.86990217126174
2012-01-20 20:00:00,85.28638770986285
2012-01-20 21:00:00,66.16947219334298
2012-01-20 22:00:00,52.870055983154074
2012-01-20 23:00:00,22.26485094895148
2012-01-21 00:00:00,22.14592626456572
2012-01-21 01:00:00,17.884612307466686
2012-01-21 02:00:00,14.977568617270075
2012-01-21 03:00:00,7.735716564078446
2012-01-21 04:00:00,1.9733746683554225
2012-01-21 05:00:00,1.7879549395571745
2012-01-21 06:00:00,2.9990161442495458
2012-01-21 07:00:00,6.220021895835438
2012-01-21 08:00:00,23.33071857873917
2012-01-21 09:00:00,41.57346479286154
2012-01-21 10:00:00,37.622219342898624
2012-01-21 11:00:00,107.82501715026963
2012-01-21 12:00:00,139.48349814845952
2012-01-21 13:00:00,107.82187137871838
2012-01-21 14:00:00,81.63920202076957
2012-01-21 15:00:00,83.89033496747672
2012-01-21 16:00:00,84.578148044944
2012-01-21 17:00:00,62.112765488260976
2012-01-21 18:00:00,61.61595473889335
2012-01-21 19:00:00,37.39993795316118
2012-01-21 20:00:00,39.1634020541387
2012-01-21 21:00:00,40.849272522046704
2012-01-21 22:00:00,29.77651009926222
2012-01-21 23:00:00,27.452080384457947
2012-01-22 00:00:00,34.008143254743175
2012-01-22 01:00:00,21.272085552196835
2012-01-22 02:00:00,17.639967709959727
2012-01-22 03:00:00,7.960444871727322
2012-01-22 04:00:00,1.744211841358572
2012-01-22 05:00:00,1.3515971986066342
2012-01-22 06:00:00,2.2172336746109953
2012-01-22 07:00:00,5.405869823566497
2012-01-22 08:00:00,15.575597086463736
2012-01-22 09:00:00,31.9336635665175
2012-01-22 10:00:00,55.247918885079436
2012-01-22 11:00:00,49.99169685019748
2012-01-22 12:00:00,98.82634491480567
2012-01-22 13:00:00,99.17166562557263
2012-01-22 14:00:00,100.99253849259264
2012-01-22 15:00:00,84.19774938394069
2012-01-22 16:00:00,77.90941715311864
2012-01-22 17:00:00,73.92085679154924
2012-01-22 18:00:00,44.67036075838246
2012-01-22 19:00:00,37.07301043146876
2012-01-22 20:00:00,29.0286831812594
2012-01-22 21:00:00,23.938426639132565
2012-01-22 22:00:00,25.63397433576615
2012-01-22 23:00:00,17.112798043034914
2012-01-23 00:00:00,7.854679968672561
2012-01-23 01:00:00,3.9185556611366774
2012-01-23 02:00:00,2.4551525786385886
2012-01-23 03:00:00,1.4549336372440291
2012-01-23 04:00:00,1.8247838832598653
2012-01-23 05:00:00,6.726841455935233
2012-01-23 06:00:00,35.41793289442444
2012-01-23 07:00:00,68.37907652329244
2012-01-23 08:00:00,147.35078920668542
2012-01-23 09:00:00,135.632076354298
2012-01-23 10:00:00,52.68928984476762
2012-01-23 11:00:00,54.008488477983434
2012-01-23 12:00:00,54.20949756114196
2012-01-23 13:00:00,36.54422097508835
2012-01-23 14:00:00,32.97211320947244
2012-01-23 15:00:00,44.80470093478879
2012-01-23 16:00:00,88.40601526152632
2012-01-23 17:00:00,170.8716193212101
2012-01-23 18:00:00,185.7028950589046
2012-01-23 19:00:00,140.1052723529055
2012-01-23 20:00:00,76.32760066113259
2012-01-23 21:00:00,48.044292838982315
2012-01-23 22:00:00,33.79744953420277
2012-01-23 23:00:00,17.66006338980434
2012-01-24 00:00:00,8.802720238235388
2012-01-24 01:00:00,4.987318902853011
2012-01-24 02:00:00,3.1654327175779415
2012-01-24 03:00:00,2.2627492122957884
2012-01-24 04:00:00,2.1753903610222647
2012-01-24 05:00:00,9.599620190142762
2012-01-24 06:00:00,54.929394916643126
2012-01-24 07:00:00,190.07663716489077
2012-01-24 08:00:00,344.03829996841574
2012-01-24 09:00:00,177.66986064093342
2012-01-24 10:00:00,75.28955513725464
2012-01-24 11:00:00,98.77932185196806
2012-01-24 12:00:00,104.75515602276243
2012-01-24 13:00:00,98.77028165581123
2012-01-24 14:00:00,89.19826877163085
2012-01-24 15:00:00,105.9365541201342
2012-01-24 16:00:00,193.67547054446118
2012-01-24 17:00:00,384.21737018183495
2012-01-24 18:00:00,403.8993550473615
2012-01-24 19:00:00,307.132012454843
2012-01-24 20:00:00,144.93826143080565
2012-01-24 21:00:00,123.44617025722121
2012-01-24 22:00:00,79.4768533862254
2012-01-24 23:00:00,49.04134171952671
2012-01-25 00:00:00,8.872143543207295
2012-01-25 01:00:00,7.668129811458669
2012-01-25 02:00:00,4.494513601442594
2012-01-25 03:00:00,2.5219818652451718
2012-01-25 04:00:00,2.059399707798288
2012-01-25 05:00:00,10.52362350508674
2012-01-25 06:00:00,66.92220474183563
2012-01-25 07:00:00,193.25694421786744
2012-01-25 08:00:00,441.4333893323766
2012-01-25 09:00:00,211.9324649005326
2012-01-25 10:00:00,95.02963216437495
2012-01-25 11:00:00,102.2327188631335
2012-01-25 12:00:00,137.760508135905
2012-01-25 13:00:00,133.1861460373113
2012-01-25 14:00:00,119.84997720893787
2012-01-25 15:00:00,123.77724789946912
2012-01-25 16:00:00,172.2602682771267
2012-01-25 17:00:00,356.9780287180045
2012-01-25 18:00:00,295.8751694262124
2012-01-25 19:00:00,220.97680617698313
2012-01-25 20:00:00,152.77733759925326
2012-01-25 21:00:00,109.40936983080903
2012-01-25 22:00:00,81.92863596816281
2012-01-25 23:00:00,44.07981964616182
2012-01-26 00:00:00,26.760571127298597
2012-01-26 01:00:00,11.154274456165524
2012-01-26 02:00:00,6.780802575694436
2012-01-26 03:00:00,3.847310772031771
2012-01-26 04:00:00,3.9676383478145887
2012-01-26 05:00:00,17.96545332041483
2012-01-26 06:00:00,96.87975883184703
2012-01-26 07:00:00,302.37029123607715
2012-01-26 08:00:00,540.6868156767622
2012-01-26 09:00:00,263.7896442734826
2012-01-26 10:00:00,125.34178326437218
2012-01-26 11:00:00,113.74185869692624
2012-01-26 12:00:00,129.44585123223905
2012-01-26 13:00:00,134.0131481546661
2012-01-26 14:00:00,133.06031833521936
2012-01-26 15:00:00,157.6453835470023
2012-01-26 16:00:00,213.03197548560547
2012-01-26 17:00:00,494.2240961474981
2012-01-26 18:00:00,470.272974103804
2012-01-26 19:00:00,315.9275909136055
2012-01-26 20:00:00,235.99420052667904
2012-01-26 21:00:00,173.99831301563856
2012-01-26 22:00:00,154.28577676159443
2012-01-26 23:00:00,96.24676026034594
2012-01-27 00:00:00,32.43194875974301
2012-01-27 01:00:00,14.54237975669832
2012-01-27 02:00:00,11.034358346524481
2012-01-27 03:00:00,3.453178878415325
2012-01-27 04:00:00,2.3500163265668546
2012-01-27 05:00:00,10.875164345582085
2012-01-27 06:00:00,35.57570570400702
2012-01-27 07:00:00,150.22573110866352
2012-01-27 08:00:00,244.6255216057274
2012-01-27 09:00:00,152.17522279990732
2012-01-27 10:00:00,59.231772507955135
2012-01-27 11:00:00,117.18021540740634
2012-01-27 12:00:00,153.36161321157357
2012-01-27 13:00:00,204.06852680073897
2012-01-27 14:00:00,155.0511730689506
2012-01-27 15:00:00,173.45993177910006
2012-01-27 16:00:00,243.1712704190699
2012-01-27 17:00:00,368.49396342948074
2012-01-27 18:00:00,342.58006570966126
2012-01-27 19:00:00,195.20937457206446
2012-01-27 20:00:00,133.8693927977589
2012-01-27 21:00:00,118.53738815604999
2012-01-27 22:00:00,101.89045448742408
2012-01-27 23:00:00,69.76635394236274
2012-01-28 00:00:00,58.180181359667856
2012-01-28 01:00:00,50.81095095861225
2012-01-28 02:00:00,27.099890423710274
2012-01-28 03:00:00,11.510509052357495
2012-01-28 04:00:00,2.7148175362901146
2012-01-28 05:00:00,2.860398246672572
2012-01-28 06:00:00,4.909135384592006
2012-01-28 07:00:00,11.777910709299222
2012-01-28 08:00:00,48.117455317035045
2012-01-28 09:00:00,73.88512092020946
2012-01-28 10:00:00,115.79160516997045
2012-01-28 11:00:00,145.85015950830288
2012-01-28 12:00:00,170.3583148961795
2012-01-28 13:00:00,216.76371897194758
2012-01-28 14:00:00,208.20576230780208
2012-01-28 15:00:00,248.9073716856416
2012-01-28 16:00:00,240.53332310982114
2012-01-28 17:00:00,190.4859883730584
2012-01-28 18:00:00,184.2383885152859
2012-01-28 19:00:00,87.54665886197111
2012-01-28 20:00:00,94.73150406223974
2012-01-28 21:00:00,58.67901060540557
2012-01-28 22:00:00,65.5367402501938
2012-01-28 23:00:00,44.32174311878585
2012-01-29 00:00:00,49.65601054421217
2012-01-29 01:00:00,38.27033711367853
2012-01-29 02:00:00,29.278065201219505
2012-01-29 03:00:00,11.084541621775093
2012-01-29 04:00:00,2.929482281036567
2012-01-29 05:00:00,2.0515532626070985
2012-01-29 06:00:00,4.530591117649896
2012-01-29 07:00:00,11.9921306243648
2012-01-29 08:00:00,31.777365045236998
2012-01-29 09:00:00,58.9850172452438
2012-01-29 10:00:00,118.29586061500211
2012-01-29 11:00:00,117.07277798502975
2012-01-29 12:00:00,185.9206169373271
2012-01-29 13:00:00,183.31878288518024
2012-01-29 14:00:00,165.43201324417345
2012-01-29 15:00:00,163.5657230756928
2012-01-29 16:00:00,155.3242244492656
2012-01-29 17:00:00,116.90131053102297
2012-01-29 18:00:00,99.6851931300001
2012-01-29 19:00:00,71.42344571009423
2012-01-29 20:00:00,55.316458135535505
2012-01-29 21:00:00,42.107131208784054
2012-01-29 22:00:00,41.13280715011572
2012-01-29 23:00:00,23.2091280873535
2012-01-30 00:00:00,9.995416197946431
2012-01-30 01:00:00,5.222978718158438
2012-01-30 02:00:00,2.5990774592060224
2012-01-30 03:00:00,1.7829736152388103
2012-01-30 04:00:00,1.9120463100530118
2012-01-30 05:00:00,7.662957172512257
2012-01-30 06:00:00,41.69117889344316
2012-01-30 07:00:00,126.95749243013556
2012-01-30 08:00:00,249.1010969401705
2012-01-30 09:00:00,130.64018702685652
2012-01-30 10:00:00,63.52229954172862
2012-01-30 11:00:00,73.64445363847834
2012-01-30 12:00:00,86.12249507902405
2012-01-30 13:00:00,76.33709981661885
2012-01-30 14:00:00,72.305233273945
2012-01-30 15:00:00,76.83744599473255
2012-01-30 16:00:00,126.37075081127468
2012-01-30 17:00:00,244.55981598380208
2012-01-30 18:00:00,237.14448811963277
2012-01-30 19:00:00,173.57243534139215
2012-01-30 20:00:00,105.2281660555362
2012-01-30 21:00:00,78.92857299353682
2012-01-30 22:00:00,61.689997240827346
2012-01-30 23:00:00,33.23950108121648
2012-01-31 00:00:00,16.469517920390334
2012-01-31 01:00:00,6.2041023900196235
2012-01-31 02:00:00,3.7046520264622393
2012-01-31 03:00:00,2.633331459162084
2012-01-31 04:00:00,2.7148718338265003
2012-01-31 05:00:00,13.794505459036317
2012-01-31 06:00:00,75.64486527733617
2012-01-31 07:00:00,206.35641015075862
2012-01-31 08:00:00,445.2414776614927
2012-01-31 09:00:00,253.22551356174984
2012-01-31 10:00:00,91.74832509933846
2012-01-31 11:00:00,117.03299297971795
2012-01-31 12:00:00,146.53009088590673
2012-01-31 13:00:00,177.641344170571
2012-01-31 14:00:00,126.20169581809833
2012-01-31 15:00:00,153.15213706355772
2012-01-31 16:00:00,222.7039304008586
2012-01-31 17:00:00,457.34652471041215
2012-01-31 18:00:00,421.1278830757596
2012-01-31 19:00:00,280.664555544723
2012-01-31 20:00:00,179.98245610698194
2012-01-31 21:00:00,157.90816338680241
2012-01-31 22:00:00,119.3868143358954
2012-01-31 23:00:00,73.44696444095065
2012-02-20 00:00:00,24.49630351758223
2012-02-20 01:00:00,19.072942263806056
2012-02-20 02:00:00,15.074739524539446
2012-02-20 03:00:00,6.973052992968977
2012-02-20 05:00:00,4.663518927911801
2012-02-20 06:00:00,12.55729814447231
2012-02-20 07:00:00,30.689284535885236
2012-02-20 08:00:00,81.98908048333068
2012-02-20 09:00:00,104.05957643348238
2012-02-20 10:00:00,100.04176223496027
2012-02-20 11:00:00,195.10399862371958
2012-02-20 12:00:00,265.2706918052374
2012-02-20 13:00:00,247.39595362447028
2012-02-20 14:00:00,243.24649099771437
2012-02-20 15:00:00,229.8229848698271
2012-02-20 16:00:00,250.91311222657978
2012-02-20 17:00:00,274.3348608240397
2012-02-20 18:00:00,240.52011513500267
2012-02-20 19:00:00,182.83632957574176
2012-02-20 20:00:00,146.16182134923878
2012-02-20 21:00:00,101.43651509440555
2012-02-20 22:00:00,84.36200300587146
2012-02-20 23:00:00,44.082606983042204
2012-02-21 00:00:00,8.861567273880901
2012-02-21 01:00:00,4.556781065170389
2012-02-21 02:00:00,2.4250151351836435
2012-02-21 04:00:00,1.5279032058947302
2012-02-21 05:00:00,7.810059536477739
2012-02-21 06:00:00,45.1340061440978
2012-02-21 07:00:00,141.2363738756026
2012-02-21 08:00:00,305.3103602682595
2012-02-21 09:00:00,151.70237170557863
2012-02-21 10:00:00,64.92480447118314
2012-02-21 11:00:00,66.47648424164561
2012-02-21 12:00:00,87.314720026868045
2012-02-21 13:00:00,84.11021314008919
2012-02-21 14:00:00,73.81021885730152
2012-02-21 15:00:00,79.61094526190828
2012-02-21 16:00:00,118.74178692071771
2012-02-21 17:00:00,253.48916435025916
2012-02-21 18:00:00,246.9236753533004
2012-02-21 19:00:00,167.17618563759507
2012-02-21 20:00:00,120.98510927894716
2012-02-21 21:00:00,97.8618652321491
2012-02-21 22:00:00,64.95768654677609
2012-02-21 23:00:00,35.83761787068765
2012-02-22 00:00:00,11.482846141155536
2012-02-22 01:00:00,5.227096863938703
2012-02-22 02:00:00,2.4672164274874953
2012-02-22 03:00:00,1.9879315827733637
2012-02-22 04:00:00,1.8708158911776247
2012-02-22 05:00:00,9.8566116391649
2012-02-22 06:00:00,55.27431945626577
2012-02-22 07:00:00,186.62914194108572
2012-02-22 08:00:00,305.3732725977587
2012-02-22 09:00:00,168.73642674889143
2012-02-22 10:00:00,85.94726939837686
2012-02-22 11:00:00,80.19544115880643
2012-02-22 12:00:00,87.92664906646375
2012-02-22 13:00:00,82.08086501337611
2012-02-22 14:00:00,81.31007730967808
2012-02-22 15:00:00,101.30782387868733
2012-02-22 16:00:00,153.35585183112485
2012-02-22 17:00:00,338.96334102306696
2012-02-22 18:00:00,350.77794043141756
2012-02-22 19:00:00,217.76527288391546
2012-02-22 20:00:00,165.260205882115
2012-02-22 21:00:00,119.2385172695967
2012-02-22 22:00:00,90.10003122154822
2012-02-22 23:00:00,53.13434976731369
2012-02-23 00:00:00,25.095627428425733
2012-02-23 01:00:00,9.009272716508136
2012-02-23 02:00:00,4.882527632214211
2012-02-23 03:00:00,2.6116897932711467
2012-02-23 04:00:00,2.4695034818351087
2012-02-23 05:00:00,12.216680313868869
2012-02-23 06:00:00,64.31843425531619
2012-02-23 07:00:00,193.54779957673546
2012-02-23 08:00:00,374.7477524682849
2012-02-23 09:00:00,162.67489679965934
2012-02-23 10:00:00,92.65251178306845
2012-02-23 11:00:00,102.15566187719811
2012-02-23 12:00:00,147.16522866749676
2012-02-23 13:00:00,147.64812717674192
2012-02-23 14:00:00,137.7968864017351
2012-02-23 15:00:00,153.3871611510611
2012-02-23 16:00:00,208.3013788679664
2012-02-23 17:00:00,414.5318227408861
2012-02-23 18:00:00,415.60167914429985
2012-02-23 19:00:00,263.8120141866639
2012-02-23 20:00:00,200.7743670951823
2012-02-23 21:00:00,128.83517677258848
2012-02-23 22:00:00,110.27895782412062
2012-02-23 23:00:00,74.8623942451812
2012-02-24 00:00:00,31.005384614455117
2012-02-24 01:00:00,13.64803780923479
2012-02-24 02:00:00,6.615554719261527
2012-02-24 03:00:00,3.5739668275091656
2012-02-24 04:00:00,3.3349948728928087
2012-02-24 05:00:00,12.66408395199965
2012-02-24 06:00:00,65.32357240986549
2012-02-24 07:00:00,176.70093528128538
2012-02-24 08:00:00,321.01107071853505
2012-02-24 09:00:00,121.72961101577818
2012-02-24 10:00:00,78.77499431347476
2012-02-24 11:00:00,106.53843332939405
2012-02-24 12:00:00,138.9375099447125
2012-02-24 13:00:00,135.77436196131939
2012-02-24 14:00:00,122.0484317499038
2012-02-24 15:00:00,79.1326943918665
2012-02-24 16:00:00,107.98339823924184
2012-02-24 17:00:00,200.71941913331895
2012-02-24 18:00:00,190.72961196190778
2012-02-24 19:00:00,183.60282914748845
2012-02-24 20:00:00,115.54574628186073
2012-02-24 21:00:00,79.71684863183566
2012-02-24 22:00:00,85.39797500739068
2012-02-24 23:00:00,54.8731877680676
2012-02-25 00:00:00,38.387868821849615
2012-02-25 01:00:00,29.44648863177915
2012-02-25 02:00:00,24.620679986995754
2012-02-25 03:00:00,10.513892377838351
2012-02-25 04:00:00,2.6168991684666167
2012-02-25 05:00:00,2.6231564607767375
2012-02-25 06:00:00,5.269492763619365
2012-02-25 07:00:00,15.414958167450932
2012-02-25 08:00:00,45.48061768040086
2012-02-25 09:00:00,36.21890415814496
2012-02-25 10:00:00,82.82952632787813
2012-02-25 11:00:00,103.15841115420876
2012-02-25 12:00:00,159.5092638848189
2012-02-25 13:00:00,155.91865430820198
2012-02-25 14:00:00,167.71958789178038
2012-02-25 15:00:00,184.11361696225777
2012-02-25 16:00:00,145.26384488770026
2012-02-25 17:00:00,132.1985871642683
2012-02-25 18:00:00,99.9397132113251
2012-02-25 19:00:00,93.45390374624037
2012-02-25 20:00:00,61.07465657726901
2012-02-25 21:00:00,66.76906997702709
2012-02-25 22:00:00,47.3068211198306
2012-02-25 23:00:00,41.28414339072423
2012-02-26 00:00:00,51.24404864923419
2012-02-26 01:00:00,43.868820743927714
2012-02-26 02:00:00,35.49026447423659
2012-02-26 03:00:00,16.374631651297705
2012-02-26 04:00:00,5.017290159230091
2012-02-26 05:00:00,3.590821325547819
2012-02-26 06:00:00,5.921887228386808
2012-02-26 07:00:00,15.88545618657862
2012-02-26 08:00:00,44.99921210136206
2012-02-26 09:00:00,100.91178743907336
2012-02-26 10:00:00,164.84960795927188
2012-02-26 11:00:00,178.53659788144415
2012-02-26 12:00:00,284.8834595096055
2012-02-26 13:00:00,283.6434594752324
2012-02-26 14:00:00,280.35338163908716
2012-02-26 15:00:00,260.1709469767292
2012-02-26 16:00:00,238.04529612781957
2012-02-26 17:00:00,204.57375612970014
2012-02-26 18:00:00,147.50518754747466
2012-02-26 19:00:00,129.8867464488948
2012-02-26 20:00:00,93.08488377728395
2012-02-26 21:00:00,79.77692406963199
2012-02-26 22:00:00,49.393453097887054
2012-02-26 23:00:00,33.116697892548544
2012-02-27 00:00:00,12.303077542059674
2012-02-27 01:00:00,4.705236246755495
2012-02-27 02:00:00,2.571832834692342
2012-02-27 03:00:00,1.7297193636649184
2012-02-27 04:00:00,2.027405239425791
2012-02-27 05:00:00,8.447160337453237
2012-02-27 06:00:00,44.383770364596025
2012-02-27 07:00:00,174.45778936920394
2012-02-27 08:00:00,369.44878812491544
2012-02-27 09:00:00,156.47961529149407
2012-02-27 10:00:00,82.56596165605183
2012-02-27 11:00:00,94.41673261314352
2012-02-27 12:00:00,124.37938107044592
2012-02-27 13:00:00,111.2857543122615
2012-02-27 14:00:00,106.40699639489834
2012-02-27 15:00:00,130.58697083393477
2012-02-27 16:00:00,172.25402643244564
2012-02-27 17:00:00,340.2006033053446
2012-02-27 18:00:00,325.2699830320868
2012-02-27 19:00:00,224.91555641198832
2012-02-27 20:00:00,146.30597097350693
2012-02-27 21:00:00,98.41655480253476
2012-02-27 22:00:00,81.46611714797528
2012-02-27 23:00:00,46.738084746562066
2012-02-28 00:00:00,16.512158769134842
2012-02-28 01:00:00,6.562147310812728
2012-02-28 02:00:00,4.202302041447664
2012-02-28 03:00:00,1.7734840717083136
2012-02-28 04:00:00,2.050556776027454
2012-02-28 05:00:00,9.610819360294355
2012-02-28 06:00:00,47.42210816740322
2012-02-28 07:00:00,178.73718065027222
2012-02-28 08:00:00,319.5116513391117
2012-02-28 09:00:00,160.93420171643592
2012-02-28 10:00:00,74.16316563175059
2012-02-28 11:00:00,89.30525573416445
2012-02-28 12:00:00,109.94343305877761
2012-02-28 13:00:00,103.70157810854577
2012-02-28 14:00:00,103.52544774214539
2012-02-28 15:00:00,110.22566510965322
2012-02-28 16:00:00,158.5095312281048
2012-02-28 17:00:00,315.5393760997269
2012-02-28 18:00:00,312.4586496173285
2012-02-28 19:00:00,200.20678767623863
2012-02-28 20:00:00,142.73723609656585
2012-02-28 21:00:00,100.89703408946396
2012-02-28 22:00:00,75.500019227767
2012-02-28 23:00:00,36.43003030421935
2012-02-29 00:00:00,15.497633506300675
2012-02-29 01:00:00,6.4917878797885615
2012-02-29 02:00:00,3.0887517571169396
2012-02-29 03:00:00,1.957741761088159
2012-02-29 05:00:00,7.471713404747116
2012-02-29 06:00:00,65.69233516240433
2012-02-29 07:00:00,168.90678672313365
2012-02-29 08:00:00,401.9624604003087
2012-02-29 09:00:00,75.32731505819805
2012-02-29 10:00:00,34.16345930428346
2012-02-29 11:00:00,27.85860929733183
2012-02-29 12:00:00,15.18618491126111
2012-02-29 13:00:00,31.37591514157951
2012-02-29 14:00:00,28.769076556264757
2012-02-29 15:00:00,61.45060679918547
2012-02-29 16:00:00,62.84359537187791
2012-02-29 17:00:00,185.4991731232359
2012-02-29 18:00:00,148.3358287525432
2012-02-29 19:00:00,130.77525254594713
2012-02-29 20:00:00,62.256270617177535
2012-02-29 21:00:00,48.62731288566047
2012-02-29 22:00:00,28.853765315135774
2012-02-29 23:00:00,18.699721959259723
2012-03-20 00:00:00,19.538870849360215
2012-03-20 01:00:00,9.01825811500073
2012-03-20 02:00:00,4.837188642707934
2012-03-20 03:00:00,2.866427122073284
2012-03-20 04:00:00,3.363052681583185
2012-03-20 05:00:00,14.39284054909765
2012-03-20 06:00:00,72.91551882221792
2012-03-20 07:00:00,115.68173369768446
2012-03-20 08:00:00,461.28888056843095
2012-03-20 09:00:00,233.93738920448695
2012-03-20 10:00:00,110.58234582351959
2012-03-20 11:00:00,143.69467947633692
2012-03-20 12:00:00,176.8611147874719
2012-03-20 13:00:00,171.2536535092979
2012-03-20 14:00:00,142.39562043856628
2012-03-20 15:00:00,169.77409689149528
2012-03-20 16:00:00,271.99117407159514
2012-03-20 17:00:00,494.2994199735685
2012-03-20 18:00:00,506.6302304019617
2012-03-20 19:00:00,327.2228192699092
2012-03-20 20:00:00,238.0754606241275
2012-03-20 21:00:00,170.1085451020546
2012-03-20 22:00:00,121.6553994820574
2012-03-20 23:00:00,64.18217755431193
2012-03-21 00:00:00,21.114753453635085
2012-03-21 01:00:00,11.337203471192545
2012-03-21 02:00:00,4.027305322752763
2012-03-21 03:00:00,2.423316448113041
2012-03-21 04:00:00,3.102614355010376
2012-03-21 05:00:00,16.52786453314059
2012-03-21 06:00:00,72.12602882154312
2012-03-21 07:00:00,163.38389761969432
2012-03-21 08:00:00,285.22086256639676
2012-03-21 09:00:00,209.49529428941494
2012-03-21 10:00:00,125.68210872473173
2012-03-21 11:00:00,137.6341033082717
2012-03-21 12:00:00,182.33920638135672
2012-03-21 13:00:00,160.35108575531373
2012-03-21 14:00:00,147.05372846669013
2012-03-21 15:00:00,159.66302071881202
2012-03-21 16:00:00,278.58488808734006
2012-03-21 17:00:00,580.23813381624
2012-03-21 18:00:00,550.2306066492037
2012-03-21 19:00:00,414.0555391564461
2012-03-21 20:00:00,246.79283281108192
2012-03-21 21:00:00,181.51665306883666
2012-03-21 22:00:00,129.93474113704326
2012-03-21 23:00:00,95.33742299644227
2012-03-22 00:00:00,31.670323196259492
2012-03-22 01:00:00,14.130777619044682
2012-03-22 02:00:00,6.899809642768954
2012-03-22 03:00:00,4.557517214772658
2012-03-22 04:00:00,2.925796113361153
2012-03-22 05:00:00,13.735785298229052
2012-03-22 06:00:00,69.21254047232689
2012-03-22 07:00:00,218.55885202511513
2012-03-22 08:00:00,427.3539728618513
2012-03-22 09:00:00,190.3020263058299
2012-03-22 10:00:00,62.98419137972599
2012-03-22 11:00:00,85.61862972483203
2012-03-22 12:00:00,130.09795938465592
2012-03-22 13:00:00,211.33678523359953
2012-03-22 14:00:00,189.85227688697526
2012-03-22 15:00:00,200.85543942374852
2012-03-22 16:00:00,326.53419784749883
2012-03-22 17:00:00,628.3579640519873
2012-03-22 18:00:00,593.9387311676396
2012-03-22 19:00:00,431.968646014518
2012-03-22 20:00:00,270.37227819784124
2012-03-22 21:00:00,215.29056773382013
2012-03-22 22:00:00,152.34416786271817
2012-03-22 23:00:00,102.92082399369917
2012-03-23 00:00:00,46.14872302036483
2012-03-23 01:00:00,19.007152852869275
2012-03-23 02:00:00,10.410367526613964
2012-03-23 03:00:00,5.074981861764637
2012-03-23 04:00:00,3.8200034405622083
2012-03-23 05:00:00,17.016064057073898
2012-03-23 06:00:00,92.17600218226278
2012-03-23 07:00:00,252.37133145775212
2012-03-23 08:00:00,425.7555863961752
2012-03-23 09:00:00,279.925034165726
2012-03-23 10:00:00,134.6071020470474
2012-03-23 11:00:00,203.5518141490854
2012-03-23 12:00:00,284.79804327031366
2012-03-23 13:00:00,276.50929504797665
2012-03-23 14:00:00,261.3214925403253
2012-03-23 15:00:00,278.29747837160465
2012-03-23 16:00:00,386.4984483506005
2012-03-23 17:00:00,590.6540880727765
2012-03-23 18:00:00,535.8289926214953
2012-03-23 19:00:00,398.06990035373303
2012-03-23 20:00:00,256.2407564810198
2012-03-23 21:00:00,228.4536375579741
2012-03-23 22:00:00,178.38573469505968
2012-03-23 23:00:00,136.5200508631853
2012-03-24 00:00:00,77.78944428513961
2012-03-24 01:00:00,66.34148230524528
2012-03-24 02:00:00,47.953546166107095
2012-03-24 03:00:00,26.302032041250683
2012-03-24 04:00:00,10.292989172191204
2012-03-24 05:00:00,11.453588012079237
2012-03-24 06:00:00,31.930528188224798
2012-03-24 07:00:00,57.05462951811096
2012-03-24 08:00:00,95.2655821849379
2012-03-24 09:00:00,276.61852212642293
2012-03-24 10:00:00,239.7862248951565
2012-03-24 11:00:00,149.84097296852724
2012-03-24 12:00:00,138.82426430576206
2012-03-24 13:00:00,126.2835519688786
2012-03-24 14:00:00,113.75648582833594
2012-03-24 15:00:00,62.36590952953556
2012-03-24 16:00:00,84.97509638549063
2012-03-24 17:00:00,111.66926656192234
2012-03-24 18:00:00,72.01429870545746
2012-03-24 19:00:00,67.22637855922063
2012-03-24 20:00:00,41.62269405685746
2012-03-24 21:00:00,35.639497727178615
2012-03-24 22:00:00,29.97926945467427
2012-03-24 23:00:00,41.31039472544224
2012-03-25 00:00:00,45.319415248520464
2012-03-25 01:00:00,30.612736325748877
2012-03-25 02:00:00,24.52484796348977
2012-03-25 03:00:00,17.494328420242603
2012-03-25 04:00:00,4.773413028172163
2012-03-25 05:00:00,4.057404310177389
2012-03-25 06:00:00,7.586910435180013
2012-03-25 07:00:00,20.318600610598512
2012-03-25 08:00:00,40.61465721697521
2012-03-25 09:00:00,92.79971647341827
2012-03-25 10:00:00,122.0715215656428
2012-03-25 11:00:00,121.02765324902498
2012-03-25 12:00:00,139.54049452471276
2012-03-25 13:00:00,251.27030860414877
2012-03-25 14:00:00,225.8989246235487
2012-03-25 15:00:00,190.1466715571282
2012-03-25 16:00:00,414.25741603531037
2012-03-25 17:00:00,343.3428939681175
2012-03-25 18:00:00,312.2882549300542
2012-03-25 19:00:00,240.09647609211538
2012-03-25 20:00:00,166.54188645291535
2012-03-25 21:00:00,167.30423899110224
2012-03-25 22:00:00,103.41890664941029
2012-03-25 23:00:00,80.16989541578893
2012-03-26 00:00:00,21.669178849230057
2012-03-26 01:00:00,11.340022061524493
2012-03-26 02:00:00,5.757699323205019
2012-03-26 03:00:00,4.2552197712005215
2012-03-26 04:00:00,4.186889701437701
2012-03-26 05:00:00,24.3095833813198
2012-03-26 06:00:00,100.8078210928104
2012-03-26 07:00:00,341.77818496962476
2012-03-26 08:00:00,500.71604825758976
2012-03-26 09:00:00,239.82951928317277
2012-03-26 10:00:00,126.25246441575312
2012-03-26 11:00:00,158.87574257042377
2012-03-26 12:00:00,213.04010150031658
2012-03-26 13:00:00,217.97735416238945
2012-03-26 14:00:00,187.29540493325092
2012-03-26 15:00:00,215.13008523768804
2012-03-26 16:00:00,350.80543065988394
2012-03-26 17:00:00,570.0956722369574
2012-03-26 18:00:00,559.5036124368918
2012-03-26 19:00:00,329.5686023068238
2012-03-26 20:00:00,209.5576715179184
2012-03-26 21:00:00,126.62528870995574
2012-03-26 22:00:00,76.59661163699415
2012-03-26 23:00:00,42.83268477929051
2012-03-27 00:00:00,17.577093522118616
2012-03-27 01:00:00,6.976051498271042
2012-03-27 02:00:00,3.6151359055572776
2012-03-27 03:00:00,2.4985621544962076
2012-03-27 04:00:00,2.4805594122191326
2012-03-27 05:00:00,16.521972810170755
2012-03-27 06:00:00,76.75055902368908
2012-03-27 07:00:00,230.84085435298218
2012-03-27 08:00:00,417.29240680626975
2012-03-27 09:00:00,213.32940039999866
2012-03-27 10:00:00,82.17079041417998
2012-03-27 11:00:00,93.79629856534888
2012-03-27 12:00:00,134.4450914362129
2012-03-27 13:00:00,138.69770453842003
2012-03-27 14:00:00,150.86649439612015
2012-03-27 15:00:00,174.14748748012775
2012-03-27 16:00:00,244.82031029160177
2012-03-27 17:00:00,476.647865677638
2012-03-27 18:00:00,467.09863289981195
2012-03-27 19:00:00,298.00160231405334
2012-03-27 20:00:00,217.79135717889045
2012-03-27 21:00:00,153.40979389769885
2012-03-27 22:00:00,114.06147472898807
2012-03-27 23:00:00,61.223982280137555
2012-03-28 00:00:00,22.413572869234795
2012-03-28 01:00:00,7.696390917703872
2012-03-28 02:00:00,3.823918690808497
2012-03-28 03:00:00,3.4026115209705785
2012-03-28 04:00:00,2.861612129016767
2012-03-28 05:00:00,16.714739375031705
2012-03-28 06:00:00,101.86545566705578
2012-03-28 07:00:00,293.4987485835614
2012-03-28 08:00:00,507.6287746806835
2012-03-28 09:00:00,231.91601747223424
2012-03-28 10:00:00,130.48021562817414
2012-03-28 11:00:00,150.7052136952492
2012-03-28 12:00:00,234.15926559754928
2012-03-28 13:00:00,196.9654549768538
2012-03-28 14:00:00,191.093581210189
2012-03-28 15:00:00,236.51657157922332
2012-03-28 16:00:00,274.54849989440174
2012-03-28 17:00:00,604.985101664149
2012-03-28 18:00:00,580.2742891526846
2012-03-28 19:00:00,432.29002064086217
2012-03-28 20:00:00,286.18194482514787
2012-03-28 21:00:00,211.90483957842818
2012-03-28 22:00:00,160.0015022265716
2012-03-28 23:00:00,92.1810246047907
2012-03-29 00:00:00,33.72723039426126
2012-03-29 01:00:00,17.37901126131618
2012-03-29 02:00:00,6.693365951876267
2012-03-29 03:00:00,3.245324586415974
2012-03-29 04:00:00,3.8989101597358444
2012-03-29 05:00:00,21.580407054079437
2012-03-29 06:00:00,118.86222537819027
2012-03-29 07:00:00,320.2259693946172
2012-03-29 08:00:00,642.0618240176177
2012-03-29 09:00:00,279.1997396254903
2012-03-29 10:00:00,144.86425978495447
2012-03-29 11:00:00,153.6468894201022
2012-03-29 12:00:00,221.43737842286805
2012-03-29 13:00:00,190.2068504106228
2012-03-29 14:00:00,178.9415935276881
2012-03-29 15:00:00,188.25202174462504
2012-03-29 16:00:00,295.0187894128562
2012-03-29 17:00:00,608.7627286910282
2012-03-29 18:00:00,508.3674385602843
2012-03-29 19:00:00,367.80261980379424
2012-03-29 20:00:00,233.59837536126798
2012-03-29 21:00:00,178.70399241287072
2012-03-29 22:00:00,128.40514827113338
2012-03-29 23:00:00,85.2973242574336
2012-03-30 00:00:00,41.54380755631639
2012-03-30 01:00:00,16.97403354400915
2012-03-30 02:00:00,9.753419754372333
2012-03-30 03:00:00,4.501833654276137
2012-03-30 04:00:00,3.662002622656299
2012-03-30 05:00:00,18.906073091294207
2012-03-30 06:00:00,77.96717997569476
2012-03-30 07:00:00,226.62149385475553
2012-03-30 08:00:00,370.8683915706115
2012-03-30 09:00:00,243.6628517233925
2012-03-30 10:00:00,123.5390644342353
2012-03-30 11:00:00,126.00596226217625
2012-03-30 12:00:00,155.7277102919383
2012-03-30 13:00:00,109.32576506326836
2012-03-30 14:00:00,97.92210914817879
2012-03-30 15:00:00,114.86770612859729
2012-03-30 16:00:00,125.98901699185829
2012-03-30 17:00:00,337.28463216118786
2012-03-30 18:00:00,372.31255821091537
2012-03-30 19:00:00,207.40063250173426
2012-03-30 20:00:00,159.8175501234531
2012-03-30 21:00:00,117.35620096180267
2012-03-30 22:00:00,99.98891608405471
2012-03-30 23:00:00,74.95505656677481
2012-03-31 00:00:00,40.785236206348
2012-03-31 01:00:00,36.264569747672695
2012-03-31 02:00:00,28.037225141280153
2012-03-31 03:00:00,13.946762253753379
2012-03-31 04:00:00,5.039655945343667
2012-03-31 05:00:00,6.677367205860161
2012-03-31 06:00:00,16.38987468172345
2012-03-31 07:00:00,40.12113380799585
2012-03-31 08:00:00,86.91428762645418
2012-03-31 09:00:00,130.91871351167376
2012-03-31 10:00:00,197.8758317610565
2012-03-31 11:00:00,332.7595443576838
2012-03-31 12:00:00,399.13793928944
2012-03-31 13:00:00,526.0689602578298
2012-03-31 14:00:00,276.9987262091427
2012-03-31 15:00:00,392.7137629795128
2012-03-31 16:00:00,273.1502358887666
2012-03-31 17:00:00,275.12275580769244
2012-03-31 18:00:00,143.03641579009454
2012-03-31 19:00:00,120.04217479836258
2012-03-31 20:00:00,92.27602421509849
2012-03-31 21:00:00,77.15599156619189
2012-03-31 22:00:00,71.11645315806825
2012-03-31 23:00:00,49.78809102461039
2012-04-20 00:00:00,76.1326533807127
2012-04-20 01:00:00,35.03740923051262
2012-04-20 02:00:00,15.743542907222773
2012-04-20 03:00:00,8.587500923992158
2012-04-20 04:00:00,5.471611319681826
2012-04-20 05:00:00,27.447096609510353
2012-04-20 06:00:00,140.63130514619488
2012-04-20 07:00:00,339.09897631677944
2012-04-20 08:00:00,562.5158662109693
2012-04-20 09:00:00,395.568108848426
2012-04-20 10:00:00,220.0650537196125
2012-04-20 11:00:00,260.29938493569443
2012-04-20 12:00:00,325.4682492160045
2012-04-20 13:00:00,353.496092495162
2012-04-20 14:00:00,327.27461973726753
2012-04-20 15:00:00,334.08189000927905
2012-04-20 16:00:00,496.25847265585145
2012-04-20 17:00:00,714.1062405646052
2012-04-20 18:00:00,636.4395633377233
2012-04-20 19:00:00,505.34788094201065
2012-04-20 20:00:00,348.38534783609475
2012-04-20 21:00:00,268.8675393390841
2012-04-20 22:00:00,220.19854497897305
2012-04-20 23:00:00,185.34891017584872
2012-04-21 00:00:00,98.49419613927374
2012-04-21 01:00:00,80.22877588916862
2012-04-21 02:00:00,65.10099103942329
2012-04-21 03:00:00,27.27045035475339
2012-04-21 04:00:00,8.929509397334076
2012-04-21 05:00:00,12.40627136251891
2012-04-21 06:00:00,33.933811728810944
2012-04-21 07:00:00,72.32995125251176
2012-04-21 08:00:00,201.19471150448922
2012-04-21 09:00:00,376.54768032301376
2012-04-21 10:00:00,460.01959364130414
2012-04-21 11:00:00,515.4392893403333
2012-04-21 12:00:00,644.8223020395134
2012-04-21 13:00:00,698.4747728806427
2012-04-21 14:00:00,709.2043718119545
2012-04-21 15:00:00,771.321570407107
2012-04-21 16:00:00,673.3458606365473
2012-04-21 17:00:00,520.6998355781362
2012-04-21 18:00:00,426.9009001799666
2012-04-21 19:00:00,173.03669237572703
2012-04-21 20:00:00,74.79716647739905
2012-04-21 21:00:00,48.820878924549476
2012-04-21 22:00:00,152.95244823048793
2012-04-21 23:00:00,78.85284980243871
2012-04-22 00:00:00,82.61018744962264
2012-04-22 01:00:00,49.9824546915265
2012-04-22 02:00:00,77.18439297168821
2012-04-22 03:00:00,29.548174539916264
2012-04-22 04:00:00,9.07074743216191
2012-04-22 05:00:00,8.367999750514667
2012-04-22 06:00:00,14.898204265576656
2012-04-22 07:00:00,26.5573372168348
2012-04-22 08:00:00,49.09732052020972
2012-04-22 09:00:00,72.75866696551476
2012-04-22 10:00:00,85.00729381886462
2012-04-22 11:00:00,101.2055162889148
2012-04-22 12:00:00,86.83049119752147
2012-04-22 13:00:00,101.3332227015628
2012-04-22 14:00:00,74.22481114283839
2012-04-22 15:00:00,72.85030506952364
2012-04-22 16:00:00,64.5035925332264
2012-04-22 17:00:00,42.09338207555983
2012-04-22 18:00:00,36.31703900678158
2012-04-22 19:00:00,47.683604150885664
2012-04-22 20:00:00,26.896970222571216
2012-04-22 21:00:00,33.87051591344665
2012-04-22 22:00:00,16.822224157025374
2012-04-22 23:00:00,16.147363535634067
2012-04-23 00:00:00,14.257934748735288
2012-04-23 01:00:00,5.198336323887954
2012-04-23 02:00:00,3.537760246740113
2012-04-23 03:00:00,2.7527033852106984
2012-04-23 04:00:00,2.7502143917511215
2012-04-23 05:00:00,12.701102595552985
2012-04-23 06:00:00,64.93281753067934
2012-04-23 07:00:00,127.21622146476707
2012-04-23 08:00:00,339.2841747020998
2012-04-23 09:00:00,166.185316366199
2012-04-23 10:00:00,81.55404911876337
2012-04-23 11:00:00,87.54685301871979
2012-04-23 12:00:00,69.1655410161903
2012-04-23 13:00:00,69.40879759639468
2012-04-23 14:00:00,69.71423976141006
2012-04-23 15:00:00,119.91714404520816
2012-04-23 16:00:00,51.22998147444498
2012-04-23 17:00:00,141.8839680158792
2012-04-23 18:00:00,178.20655344202603
2012-04-23 19:00:00,187.79719019458562
2012-04-23 20:00:00,120.94451166604759
2012-04-23 21:00:00,78.10890934406623
2012-04-23 22:00:00,63.11593388102976
2012-04-23 23:00:00,40.00721717771307
2012-04-24 00:00:00,16.199865888243686
2012-04-24 01:00:00,6.436196941759679
2012-04-24 02:00:00,3.478372298888564
2012-04-24 03:00:00,2.461287052859541
2012-04-24 04:00:00,3.3574876418625896
2012-04-24 05:00:00,21.25135084890696
2012-04-24 06:00:00,88.70555781259726
2012-04-24 07:00:00,301.38056386282176
2012-04-24 08:00:00,523.9881887541102
2012-04-24 09:00:00,279.8626424242552
2012-04-24 10:00:00,146.56221217183185
2012-04-24 11:00:00,227.11525236072177
2012-04-24 12:00:00,304.81130999453444
2012-04-24 13:00:00,297.3098542421776
2012-04-24 14:00:00,246.79130029013194
2012-04-24 15:00:00,283.39735704693413
2012-04-24 16:00:00,401.6180643413487
2012-04-24 17:00:00,831.6473920465206
2012-04-24 18:00:00,671.0158054506079
2012-04-24 19:00:00,491.15250188020843
2012-04-24 20:00:00,381.6041890843252
2012-04-24 21:00:00,209.35771878794148
2012-04-24 22:00:00,177.21257594594056
2012-04-24 23:00:00,100.95735629565775
2012-04-25 00:00:00,37.501065051661776
2012-04-25 01:00:00,14.708153642589616
2012-04-25 02:00:00,5.532957824403052
2012-04-25 03:00:00,2.9635552579199538
2012-04-25 04:00:00,2.975944547306494
2012-04-25 05:00:00,18.800631125261987
2012-04-25 06:00:00,96.77075974193586
2012-04-25 07:00:00,257.25230351322807
2012-04-25 08:00:00,459.90879045012315
2012-04-25 09:00:00,251.84357521755058
2012-04-25 10:00:00,184.19709745281065
2012-04-25 11:00:00,215.49135506998041
2012-04-25 12:00:00,243.30805095345002
2012-04-25 13:00:00,300.93222349754564
2012-04-25 14:00:00,255.71600973209019
2012-04-25 15:00:00,277.3286549853539
2012-04-25 16:00:00,396.5982781047791
2012-04-25 17:00:00,758.7615121128548
2012-04-25 18:00:00,726.296038450159
2012-04-25 19:00:00,580.6865750198897
2012-04-25 20:00:00,411.73072694023654
2012-04-25 21:00:00,227.0723964902342
2012-04-25 22:00:00,147.516606272285
2012-04-25 23:00:00,92.59776558528472
2012-04-26 00:00:00,34.29970047888897
2012-04-26 01:00:00,17.212516834676705
2012-04-26 02:00:00,7.835498837483232
2012-04-26 03:00:00,4.360891483380435
2012-04-26 04:00:00,4.798221062493679
2012-04-26 05:00:00,25.45854554113929
2012-04-26 06:00:00,113.5977297606594
2012-04-26 07:00:00,181.9361781597782
2012-04-26 08:00:00,391.07729592083837
2012-04-26 09:00:00,142.0143762549534
2012-04-26 10:00:00,78.57863688894231
2012-04-26 11:00:00,71.05195874488271
2012-04-26 12:00:00,165.861653128077
2012-04-26 13:00:00,146.70169232306222
2012-04-26 14:00:00,143.727400172744
2012-04-26 15:00:00,105.29629945280895
2012-04-26 16:00:00,196.86337937955489
2012-04-26 17:00:00,609.959675435987
2012-04-26 18:00:00,438.87026775686013
2012-04-26 19:00:00,337.4983580171981
2012-04-26 20:00:00,312.69765308111926
2012-04-26 21:00:00,212.56355088174095
2012-04-26 22:00:00,178.46884403029514
2012-04-26 23:00:00,103.40903812700094
2012-04-27 00:00:00,68.05042320022396
2012-04-27 01:00:00,28.272188627759395
2012-04-27 02:00:00,16.630847325352537
2012-04-27 03:00:00,7.381192580878394
2012-04-27 04:00:00,4.670249926560327
2012-04-27 05:00:00,29.247295603445576
2012-04-27 06:00:00,113.9916093889866
2012-04-27 07:00:00,307.85513607237436
2012-04-27 08:00:00,525.9280681958223
2012-04-27 09:00:00,319.80344779381204
2012-04-27 10:00:00,238.16070756914834
2012-04-27 11:00:00,259.54787459871545
2012-04-27 12:00:00,326.57008607236844
2012-04-27 13:00:00,343.8646524566854
2012-04-27 14:00:00,282.9289513597631
2012-04-27 15:00:00,308.5126133834491
2012-04-27 16:00:00,379.86059310326806
2012-04-27 17:00:00,821.8922279175407
2012-04-27 18:00:00,667.6923141863855
2012-04-27 19:00:00,518.9349094772165
2012-04-27 20:00:00,334.69207499224024
2012-04-27 21:00:00,265.6219304782269
2012-04-27 22:00:00,206.69761151901272
2012-04-27 23:00:00,154.17275058909294
2012-04-28 00:00:00,87.16451359179754
2012-04-28 01:00:00,53.69117222897064
2012-04-28 02:00:00,53.612184398926885
2012-04-28 03:00:00,19.837447611599828
2012-04-28 04:00:00,6.149573613351449
2012-04-28 05:00:00,8.776353614614827
2012-04-28 06:00:00,20.54538584330372
2012-04-28 07:00:00,45.697891631976034
2012-04-28 08:00:00,139.50982152615407
2012-04-28 09:00:00,228.53561650096685
2012-04-28 10:00:00,273.89145727316935
2012-04-28 11:00:00,301.14728375014033
2012-04-28 12:00:00,333.0496438104132
2012-04-28 13:00:00,439.17438220575116
2012-04-28 14:00:00,388.04627424099385
2012-04-28 15:00:00,374.94483419921903
2012-04-28 16:00:00,309.2847882366816
2012-04-28 17:00:00,322.09587087203164
2012-04-28 18:00:00,206.77231626541962
2012-04-28 19:00:00,138.48988235291054
2012-04-28 20:00:00,130.82191192558065
2012-04-28 21:00:00,74.95676653045498
2012-04-28 22:00:00,103.86556327938945
2012-04-28 23:00:00,89.86247496421778
2012-04-29 00:00:00,75.59223363229468
2012-04-29 01:00:00,73.94978633621122
2012-04-29 02:00:00,57.32393780950257
2012-04-29 03:00:00,22.15384381937238
2012-04-29 04:00:00,8.024224386033323
2012-04-29 05:00:00,7.267689212578548
2012-04-29 06:00:00,13.893292120972736
2012-04-29 07:00:00,29.917199565882694
2012-04-29 08:00:00,86.85630828291806
2012-04-29 09:00:00,140.00876651532786
2012-04-29 10:00:00,224.3659532017983
2012-04-29 11:00:00,302.32631110155563
2012-04-29 12:00:00,456.0068731836911
2012-04-29 13:00:00,419.09398362338413
2012-04-29 14:00:00,483.10602459916436
2012-04-29 15:00:00,507.7626098612617
2012-04-29 16:00:00,491.43790450509545
2012-04-29 17:00:00,434.7186408942386
2012-04-29 18:00:00,369.263152261541
2012-04-29 19:00:00,331.54279246307823
2012-04-29 20:00:00,213.78233330862398
2012-04-29 21:00:00,186.3932485213738
2012-04-29 22:00:00,115.51271750002721
2012-04-29 23:00:00,78.12221588035993
2012-04-30 00:00:00,53.122545259808376
2012-04-30 01:00:00,21.277210721419017
2012-04-30 02:00:00,10.122633190111722
2012-04-30 03:00:00,5.303223548353688
2012-04-30 04:00:00,5.107375404798592
2012-04-30 05:00:00,20.61932597120503
2012-04-30 06:00:00,113.39921663373933
2012-04-30 07:00:00,331.21873629027556
2012-04-30 08:00:00,530.7718386423008
2012-04-30 09:00:00,261.18837464261793
2012-04-30 10:00:00,167.17627133901223
2012-04-30 11:00:00,172.83103475677194
2012-04-30 12:00:00,208.5562786820964
2012-04-30 13:00:00,196.25755589709613
2012-04-30 14:00:00,180.2677259378998
2012-04-30 15:00:00,199.36236532609317
2012-04-30 16:00:00,391.91421249745696
2012-04-30 17:00:00,760.5519715809315
2012-04-30 18:00:00,635.7802793663293
2012-04-30 19:00:00,450.18887035843926
2012-04-30 20:00:00,298.4697854546584
2012-04-30 21:00:00,205.4988591000471
2012-04-30 22:00:00,138.3697688090693
2012-04-30 23:00:00,80.62989665207103
2012-05-20 00:00:00,167.72115514354607
2012-05-20 01:00:00,121.79395399293116
2012-05-20 02:00:00,91.07349562174188
2012-05-20 03:00:00,33.06144796610242
2012-05-20 04:00:00,15.44933766081571
2012-05-20 05:00:00,12.532697285738204
2012-05-20 06:00:00,22.233958945865357
2012-05-20 07:00:00,62.451454197820205
2012-05-20 08:00:00,127.90444281647571
2012-05-20 09:00:00,216.63396880747808
2012-05-20 10:00:00,427.430315420698
2012-05-20 11:00:00,524.1236724918778
2012-05-20 12:00:00,560.7904035917239
2012-05-20 13:00:00,638.8597989963649
2012-05-20 14:00:00,591.6200439453046
2012-05-20 15:00:00,586.4952474565459
2012-05-20 16:00:00,594.1579429363958
2012-05-20 17:00:00,536.9161942883705
2012-05-20 18:00:00,412.6380591128701
2012-05-20 19:00:00,345.01045183431165
2012-05-20 20:00:00,250.72993034040798
2012-05-20 21:00:00,182.71785593273995
2012-05-20 22:00:00,131.85389992146278
2012-05-20 23:00:00,62.370656639096715
2012-05-21 00:00:00,28.736274849368314
2012-05-21 01:00:00,11.188174625345523
2012-05-21 02:00:00,7.279433925947708
2012-05-21 03:00:00,3.987915593217933
2012-05-21 04:00:00,4.953143626130797
2012-05-21 05:00:00,19.17039294855361
2012-05-21 06:00:00,74.94377033777212
2012-05-21 07:00:00,190.35100091669798
2012-05-21 08:00:00,314.76702090506643
2012-05-21 09:00:00,149.30799148039617
2012-05-21 10:00:00,85.54426543415137
2012-05-21 11:00:00,153.33938278320508
2012-05-21 12:00:00,177.9153842704991
2012-05-21 13:00:00,125.58718662071435
2012-05-21 14:00:00,113.85197160206611
2012-05-21 15:00:00,206.9818102021424
2012-05-21 16:00:00,316.6882730739886
2012-05-21 17:00:00,612.8194204831539
2012-05-21 18:00:00,537.5353899440232
2012-05-21 19:00:00,408.96476568404074
2012-05-21 20:00:00,286.0451166792806
2012-05-21 21:00:00,197.0834081476783
2012-05-21 22:00:00,133.37378934958596
2012-05-21 23:00:00,80.8450022136305
2012-05-22 00:00:00,30.875461517265645
2012-05-22 01:00:00,14.588092425660342
2012-05-22 02:00:00,7.384953001008377
2012-05-22 03:00:00,4.084076819363911
2012-05-22 04:00:00,4.911930988135418
2012-05-22 05:00:00,20.390778981215725
2012-05-22 06:00:00,83.66238314984017
2012-05-22 07:00:00,210.11041762601778
2012-05-22 08:00:00,471.3425975456396
2012-05-22 09:00:00,269.71131756265186
2012-05-22 10:00:00,146.43501657586125
2012-05-22 11:00:00,156.11464026091576
2012-05-22 12:00:00,202.47039220691747
2012-05-22 13:00:00,213.50859120024904
2012-05-22 14:00:00,192.38373574460675
2012-05-22 15:00:00,197.36101302252493
2012-05-22 16:00:00,297.54755018350323
2012-05-22 17:00:00,595.5081908275624
2012-05-22 18:00:00,569.4279880507754
2012-05-22 19:00:00,487.2814621033314
2012-05-22 20:00:00,318.42453222181234
2012-05-22 21:00:00,215.8109285827561
2012-05-22 22:00:00,172.23136464766836
2012-05-22 23:00:00,102.39651145325408
2012-05-23 00:00:00,37.16547647272187
2012-05-23 01:00:00,15.907411900795582
2012-05-23 02:00:00,8.092532111931446
2012-05-23 03:00:00,5.014483478697862
2012-05-23 04:00:00,4.115777860743985
2012-05-23 05:00:00,15.671322370585967
2012-05-23 06:00:00,118.36892863837534
2012-05-23 07:00:00,357.7161863389086
2012-05-23 08:00:00,559.417021107391
2012-05-23 09:00:00,274.24707674126705
2012-05-23 10:00:00,143.63257099990193
2012-05-23 11:00:00,169.63947595657174
2012-05-23 12:00:00,237.35604475132516
2012-05-23 13:00:00,229.60229057909584
2012-05-23 14:00:00,168.18859106122179
2012-05-23 15:00:00,196.8917155890029
2012-05-23 16:00:00,212.38441952296492
2012-05-23 17:00:00,435.9253026810683
2012-05-23 18:00:00,415.2463706305767
2012-05-23 19:00:00,389.5561651110349
2012-05-23 20:00:00,276.90876276647316
2012-05-23 21:00:00,204.16681605930773
2012-05-23 22:00:00,164.85362410863888
2012-05-23 23:00:00,105.25475298936428
2012-05-24 00:00:00,39.99488543670249
2012-05-24 01:00:00,13.879200136278971
2012-05-24 02:00:00,7.717080811220091
2012-05-24 03:00:00,3.63929897804192
2012-05-24 04:00:00,4.273175879352766
2012-05-24 05:00:00,21.07645897414413
2012-05-24 06:00:00,94.3460583000048
2012-05-24 07:00:00,351.250749495967
2012-05-24 08:00:00,529.9678580633371
2012-05-24 09:00:00,243.51394928489637
2012-05-24 10:00:00,151.1723783419573
2012-05-24 11:00:00,170.46734705667203
2012-05-24 12:00:00,205.72591439813976
2012-05-24 13:00:00,199.90204612045903
2012-05-24 14:00:00,162.1347842927535
2012-05-24 15:00:00,171.57189330825707
2012-05-24 16:00:00,262.80439115553037
2012-05-24 17:00:00,516.7569092405686
2012-05-24 18:00:00,535.9838838492392
2012-05-24 19:00:00,380.44792260462424
2012-05-24 20:00:00,247.07053586357503
2012-05-24 21:00:00,151.44229048942722
2012-05-24 22:00:00,136.87445077610275
2012-05-24 23:00:00,93.26044160865534
2012-05-25 00:00:00,57.560527841698764
2012-05-25 01:00:00,25.73006336586858
2012-05-25 02:00:00,12.99853841798947
2012-05-25 03:00:00,5.262145481073902
2012-05-25 04:00:00,5.130677439917141
2012-05-25 05:00:00,23.41503312764324
2012-05-25 06:00:00,97.17344731559709
2012-05-25 07:00:00,264.0031530991377
2012-05-25 08:00:00,467.066616925223
2012-05-25 09:00:00,271.26224262983277
2012-05-25 10:00:00,155.02852672757152
2012-05-25 11:00:00,161.5429030052353
2012-05-25 12:00:00,221.19018713653526
2012-05-25 13:00:00,210.1888705858463
2012-05-25 14:00:00,180.27747830188977
2012-05-25 15:00:00,205.0922772053832
2012-05-25 16:00:00,297.26508682299783
2012-05-25 17:00:00,464.1074946624139
2012-05-25 18:00:00,414.65263647317727
2012-05-25 19:00:00,305.55899954395085
2012-05-25 20:00:00,233.03248914807318
2012-05-25 21:00:00,192.59608523666387
2012-05-25 22:00:00,186.92106804515802
2012-05-25 23:00:00,147.63113605245903
2012-05-26 00:00:00,121.95982320183307
2012-05-26 01:00:00,96.95273048278804
2012-05-26 02:00:00,67.29786941139228
2012-05-26 03:00:00,24.436586508406148
2012-05-26 04:00:00,10.758546662594991
2012-05-26 05:00:00,12.763046616177075
2012-05-26 06:00:00,31.092199869825787
2012-05-26 07:00:00,60.06318977865641
2012-05-26 08:00:00,177.20495722595606
2012-05-26 09:00:00,244.49111086065946
2012-05-26 10:00:00,312.11989619637825
2012-05-26 11:00:00,362.87036232646636
2012-05-26 12:00:00,411.8258864955645
2012-05-26 13:00:00,421.2949177975515
2012-05-26 14:00:00,402.12534107205585
2012-05-26 15:00:00,423.88560755612514
2012-05-26 16:00:00,402.1292821959344
2012-05-26 17:00:00,338.6316965939307
2012-05-26 18:00:00,289.7821362507149
2012-05-26 19:00:00,243.62721425739355
2012-05-26 20:00:00,207.5347366922445
2012-05-26 21:00:00,182.71017896976988
2012-05-26 22:00:00,207.020199530746
2012-05-26 23:00:00,170.3367859191417
2012-05-27 00:00:00,113.10553959772449
2012-05-27 01:00:00,101.83334067727625
2012-05-27 02:00:00,73.5283342463184
2012-05-27 03:00:00,29.230908465437867
2012-05-27 04:00:00,10.683690818566212
2012-05-27 05:00:00,10.957316847110908
2012-05-27 06:00:00,23.589490633868902
2012-05-27 07:00:00,48.006549761772476
2012-05-27 08:00:00,107.29263997640052
2012-05-27 09:00:00,193.43300641700787
2012-05-27 10:00:00,307.5331967204186
2012-05-27 11:00:00,338.75899708522275
2012-05-27 12:00:00,380.38785332825506
2012-05-27 13:00:00,378.9973285604613
2012-05-27 14:00:00,366.6802882603798
2012-05-27 15:00:00,379.6629260592127
2012-05-27 16:00:00,386.40364841426083
2012-05-27 17:00:00,384.2907802844228
2012-05-27 18:00:00,308.6140032013919
2012-05-27 19:00:00,270.0332134963577
2012-05-27 20:00:00,216.59365308599735
2012-05-27 21:00:00,132.49238367347826
2012-05-27 22:00:00,75.50561301227307
2012-05-27 23:00:00,52.026451929935774
2012-05-28 00:00:00,61.38827714726168
2012-05-28 01:00:00,39.96022012261136
2012-05-28 02:00:00,30.33047559138287
2012-05-28 03:00:00,12.94243016532131
2012-05-28 04:00:00,10.903713729997401
2012-05-28 05:00:00,21.341316200409018
2012-05-28 06:00:00,47.86985569218496
2012-05-28 07:00:00,124.92071637270445
2012-05-28 08:00:00,244.94280888205043
2012-05-28 09:00:00,243.24139448725472
2012-05-28 10:00:00,278.07799862418597
2012-05-28 11:00:00,318.6436690603428
2012-05-28 12:00:00,397.62702680998945
2012-05-28 13:00:00,320.1963482978708
2012-05-28 14:00:00,313.92782491088013
2012-05-28 15:00:00,294.92300256889575
2012-05-28 16:00:00,329.3864228416375
2012-05-28 17:00:00,452.2494028341688
2012-05-28 18:00:00,479.6732072810103
2012-05-28 19:00:00,391.36117811915324
2012-05-28 20:00:00,302.1775213621627
2012-05-28 21:00:00,241.6273719163643
2012-05-28 22:00:00,175.60929161909266
2012-05-28 23:00:00,106.53362651277716
2012-05-29 00:00:00,27.314837725266326
2012-05-29 01:00:00,11.84798134278513
2012-05-29 02:00:00,7.353916540430955
2012-05-29 03:00:00,3.718404775254529
2012-05-29 04:00:00,5.1560797826008855
2012-05-29 05:00:00,27.892879799630066
2012-05-29 06:00:00,126.62689112332033
2012-05-29 07:00:00,321.4391865483088
2012-05-29 08:00:00,486.29532850851507
2012-05-29 09:00:00,232.98228127200233
2012-05-29 10:00:00,128.1882221347923
2012-05-29 11:00:00,143.51620389426094
2012-05-29 12:00:00,148.60833257330154
2012-05-29 13:00:00,153.58934631850005
2012-05-29 14:00:00,141.9578260428171
2012-05-29 15:00:00,161.97289781836966
2012-05-29 16:00:00,249.4500839471735
2012-05-29 17:00:00,506.82360698845173
2012-05-29 18:00:00,478.955515729375
2012-05-29 19:00:00,351.75367888746695
2012-05-29 20:00:00,253.24579774440738
2012-05-29 21:00:00,81.28750608938014
2012-05-29 22:00:00,115.09383259086599
2012-05-29 23:00:00,50.15059610249099
2012-05-30 00:00:00,19.73179916883949
2012-05-30 01:00:00,8.821851127036217
2012-05-30 02:00:00,4.053093888841043
2012-05-30 03:00:00,2.7908072057380635
2012-05-30 04:00:00,5.395405532941898
2012-05-30 05:00:00,30.328199243227704
2012-05-30 06:00:00,146.3719821927247
2012-05-30 07:00:00,193.4707865365229
2012-05-30 08:00:00,544.3715716780125
2012-05-30 09:00:00,274.9109856286295
2012-05-30 10:00:00,138.54143713399293
2012-05-30 11:00:00,171.876424228114
2012-05-30 12:00:00,197.85851886322268
2012-05-30 13:00:00,195.11374047800624
2012-05-30 14:00:00,209.78752267514355
2012-05-30 15:00:00,176.62749902716808
2012-05-30 16:00:00,271.91703411674405
2012-05-30 17:00:00,572.6488570849385
2012-05-30 18:00:00,552.7471042443788
2012-05-30 19:00:00,408.79147174085733
2012-05-30 20:00:00,307.68100649236226
2012-05-30 21:00:00,240.35133766109428
2012-05-30 22:00:00,196.91768301383775
2012-05-30 23:00:00,113.88736850790444
2012-05-31 00:00:00,40.253740996258806
2012-05-31 01:00:00,16.456215447102284
2012-05-31 02:00:00,8.259328366528036
2012-05-31 03:00:00,4.372148863314569
2012-05-31 04:00:00,4.808774837770005
2012-05-31 05:00:00,25.42042674012386
2012-05-31 06:00:00,135.72280791739792
2012-05-31 07:00:00,356.13363300706374
2012-05-31 08:00:00,612.5268439754858
2012-05-31 09:00:00,274.1256163258538
2012-05-31 10:00:00,166.76749705841846
2012-05-31 11:00:00,177.7925888684538
2012-05-31 12:00:00,230.5942666097221
2012-05-31 13:00:00,207.12300270208368
2012-05-31 14:00:00,169.5657821825507
2012-05-31 15:00:00,181.9290050256808
2012-05-31 16:00:00,286.80612037681834
2012-05-31 17:00:00,553.3608953546487
2012-05-31 18:00:00,589.7837934082063
2012-05-31 19:00:00,429.3640573362973
2012-05-31 20:00:00,327.5518721943179
2012-05-31 21:00:00,244.68708829824476
2012-05-31 22:00:00,209.13982317770464
2012-05-31 23:00:00,141.72402604998032
2012-06-20 00:00:00,35.664671951441605
2012-06-20 01:00:00,17.320185348858352
2012-06-20 02:00:00,9.296705215310643
2012-06-20 03:00:00,6.662626603482124
2012-06-20 04:00:00,7.298914176423772
2012-06-20 05:00:00,41.05321124993484
2012-06-20 06:00:00,156.19599790760702
2012-06-20 07:00:00,416.0754354746825
2012-06-20 08:00:00,652.6711417273589
2012-06-20 09:00:00,310.08975860646694
2012-06-20 10:00:00,128.1051287048209
2012-06-20 11:00:00,145.38292242924675
2012-06-20 12:00:00,185.95757260412722
2012-06-20 13:00:00,190.84762044215188
2012-06-20 14:00:00,168.39984434223115
2012-06-20 15:00:00,193.88065736668003
2012-06-20 16:00:00,297.6987961677507
2012-06-20 17:00:00,648.5735539034279
2012-06-20 18:00:00,613.6851845872952
2012-06-20 19:00:00,453.65330285190674
2012-06-20 20:00:00,359.5871669812297
2012-06-20 21:00:00,263.51326280152017
2012-06-20 22:00:00,207.7041531458395
2012-06-20 23:00:00,131.89154753923754
2012-06-21 00:00:00,61.18421900161124
2012-06-21 01:00:00,25.701807172929758
2012-06-21 02:00:00,13.158779703873533
2012-06-21 03:00:00,7.59847777726683
2012-06-21 04:00:00,8.794629687894416
2012-06-21 05:00:00,42.582639573944725
2012-06-21 06:00:00,182.34622109424072
2012-06-21 07:00:00,545.0862058827363
2012-06-21 08:00:00,839.8942343302915
2012-06-21 09:00:00,364.7560933389094
2012-06-21 10:00:00,175.04199125521046
2012-06-21 11:00:00,220.5400202443552
2012-06-21 12:00:00,271.3619555050863
2012-06-21 13:00:00,260.0143178629165
2012-06-21 14:00:00,223.41458399766066
2012-06-21 15:00:00,252.25792387627916
2012-06-21 16:00:00,396.82586698909716
2012-06-21 17:00:00,801.1108960560597
2012-06-21 18:00:00,811.1412630270216
2012-06-21 19:00:00,556.5372350192271
2012-06-21 20:00:00,473.4160994293418
2012-06-21 21:00:00,363.45868973926235
2012-06-21 22:00:00,264.4194764549821
2012-06-21 23:00:00,182.67342845184373
2012-06-22 00:00:00,85.04171303573456
2012-06-22 01:00:00,42.27238668530685
2012-06-22 02:00:00,20.813378283724163
2012-06-22 03:00:00,9.84184686549078
2012-06-22 04:00:00,8.669799209580882
2012-06-22 05:00:00,45.61407397298094
2012-06-22 06:00:00,165.05870526273358
2012-06-22 07:00:00,487.3423367425491
2012-06-22 08:00:00,852.9137976081204
2012-06-22 09:00:00,437.1748770615697
2012-06-22 10:00:00,231.16956642856124
2012-06-22 11:00:00,290.18826323425014
2012-06-22 12:00:00,335.767297097407
2012-06-22 13:00:00,324.11437832210805
2012-06-22 14:00:00,293.8933269832278
2012-06-22 15:00:00,356.5029747788073
2012-06-22 16:00:00,462.9605472689601
2012-06-22 17:00:00,975.1689786377465
2012-06-22 18:00:00,792.7944520394566
2012-06-22 19:00:00,606.9678434603094
2012-06-22 20:00:00,438.6363373964315
2012-06-22 21:00:00,220.02944004160886
2012-06-22 22:00:00,301.0829935390659
2012-06-22 23:00:00,220.60568920127105
2012-06-23 00:00:00,160.09912367720534
2012-06-23 01:00:00,149.74904633139252
2012-06-23 02:00:00,69.44283170307476
2012-06-23 03:00:00,34.16484696060782
2012-06-23 04:00:00,10.987082564146208
2012-06-23 05:00:00,11.510188946567594
2012-06-23 06:00:00,33.92179745855381
2012-06-23 07:00:00,91.04752457768946
2012-06-23 08:00:00,224.536275057711
2012-06-23 09:00:00,346.94894975394055
2012-06-23 10:00:00,444.27243957372923
2012-06-23 11:00:00,577.2560373993812
2012-06-23 12:00:00,622.4385713353624
2012-06-23 13:00:00,667.816887349459
2012-06-23 14:00:00,620.4312459377119
2012-06-23 15:00:00,576.4020606313841
2012-06-23 16:00:00,584.7167578347826
2012-06-23 17:00:00,653.8182151019802
2012-06-23 18:00:00,550.8543332040463
2012-06-23 19:00:00,503.54133787623334
2012-06-23 20:00:00,407.3710811463218
2012-06-23 21:00:00,368.48179906982494
2012-06-23 22:00:00,351.06464827843786
2012-06-23 23:00:00,257.6897063907174
2012-06-24 00:00:00,219.12657467559086
2012-06-24 01:00:00,161.21428535959467
2012-06-24 02:00:00,115.93574719378695
2012-06-24 03:00:00,42.86592406992001
2012-06-24 04:00:00,13.425377857048714
2012-06-24 05:00:00,12.425357434998766
2012-06-24 06:00:00,23.01601905881201
2012-06-24 07:00:00,59.9940510546557
2012-06-24 08:00:00,148.44712994389
2012-06-24 09:00:00,286.6805090168061
2012-06-24 10:00:00,483.6032269576331
2012-06-24 11:00:00,588.5262965368291
2012-06-24 12:00:00,635.2475536574315
2012-06-24 13:00:00,606.1595186140273
2012-06-24 14:00:00,541.7786871281037
2012-06-24 15:00:00,525.2788916085218
2012-06-24 16:00:00,585.6736723316301
2012-06-24 17:00:00,596.5530709304796
2012-06-24 18:00:00,569.9994559973113
2012-06-24 19:00:00,514.0231082638546
2012-06-24 20:00:00,359.74572991413896
2012-06-24 21:00:00,280.13619117808764
2012-06-24 22:00:00,219.50674885517736
2012-06-24 23:00:00,133.13611164487813
2012-06-25 00:00:00,57.55312885840084
2012-06-25 01:00:00,22.951617623998487
2012-06-25 02:00:00,11.882690499148978
2012-06-25 03:00:00,6.85545615759608
2012-06-25 04:00:00,9.24005967834954
2012-06-25 05:00:00,40.56973306710671
2012-06-25 06:00:00,163.81684889790156
2012-06-25 07:00:00,467.46571140563566
2012-06-25 08:00:00,759.9617718775888
2012-06-25 09:00:00,376.6749379991792
2012-06-25 10:00:00,194.83405240810407
2012-06-25 11:00:00,218.11188339176377
2012-06-25 12:00:00,332.16066525157987
2012-06-25 13:00:00,281.10119946201
2012-06-25 14:00:00,259.03121108519696
2012-06-25 15:00:00,338.177250914801
2012-06-25 16:00:00,492.00605226659746
2012-06-25 17:00:00,1157.4504224927555
2012-06-25 18:00:00,1091.0761427503703
2012-06-25 19:00:00,817.1675418772592
2012-06-25 20:00:00,525.4369029449786
2012-06-25 21:00:00,331.3520660322862
2012-06-25 22:00:00,253.5338792425812
2012-06-25 23:00:00,146.51973839394276
2012-06-26 00:00:00,51.479432864513335
2012-06-26 01:00:00,23.278575504458775
2012-06-26 02:00:00,9.376706319336106
2012-06-26 03:00:00,6.291167814805124
2012-06-26 04:00:00,7.160338836449885
2012-06-26 05:00:00,40.70440531476297
2012-06-26 06:00:00,152.25372042714474
2012-06-26 07:00:00,454.9710687818874
2012-06-26 08:00:00,654.2645250409136
2012-06-26 09:00:00,329.9883142480613
2012-06-26 10:00:00,172.04290944614368
2012-06-26 11:00:00,225.54309071914315
2012-06-26 12:00:00,295.77655122912716
2012-06-26 13:00:00,323.4260223563844
2012-06-26 14:00:00,295.3942421399556
2012-06-26 15:00:00,307.9911105588105
2012-06-26 16:00:00,500.9492197165022
2012-06-26 17:00:00,1029.0438189180209
2012-06-26 18:00:00,962.4188305929802
2012-06-26 19:00:00,751.5985498212929
2012-06-26 20:00:00,476.88454148967674
2012-06-26 21:00:00,347.49153559034426
2012-06-26 22:00:00,261.71738286347653
2012-06-26 23:00:00,136.63181155526811
2012-06-27 00:00:00,53.36018430644131
2012-06-27 01:00:00,21.637550212390938
2012-06-27 02:00:00,10.833790819561479
2012-06-27 03:00:00,6.564299443506021
2012-06-27 04:00:00,7.449287938498125
2012-06-27 05:00:00,34.58372664012723
2012-06-27 06:00:00,161.80895794619002
2012-06-27 07:00:00,461.5338182371788
2012-06-27 08:00:00,734.6591829534578
2012-06-27 09:00:00,347.9784065567853
2012-06-27 10:00:00,178.16257250857174
2012-06-27 11:00:00,211.8376640455707
2012-06-27 12:00:00,274.1506310891341
2012-06-27 13:00:00,271.9226344558152
2012-06-27 14:00:00,253.74150440227825
2012-06-27 15:00:00,290.5759784030118
2012-06-27 16:00:00,445.12006943181893
2012-06-27 17:00:00,965.8489646267908
2012-06-27 18:00:00,956.363268619164
2012-06-27 19:00:00,637.8499121504625
2012-06-27 20:00:00,473.7624143798251
2012-06-27 21:00:00,370.25002264584316
2012-06-27 22:00:00,282.99554892847146
2012-06-27 23:00:00,166.46540654647544
2012-06-28 00:00:00,51.765977426439726
2012-06-28 01:00:00,22.351590309699056
2012-06-28 02:00:00,10.916195598306038
2012-06-28 03:00:00,5.312913346333244
2012-06-28 04:00:00,6.437183068769913
2012-06-28 05:00:00,29.180721708007002
2012-06-28 06:00:00,138.557588796873
2012-06-28 07:00:00,367.50976167370965
2012-06-28 08:00:00,505.5068683766173
2012-06-28 09:00:00,278.8017458995797
2012-06-28 10:00:00,154.45106606279364
2012-06-28 11:00:00,169.14481348653226
2012-06-28 12:00:00,227.0209029003483
2012-06-28 13:00:00,207.8318942035173
2012-06-28 14:00:00,209.08934184436043
2012-06-28 15:00:00,230.15005776891655
2012-06-28 16:00:00,344.19102548257854
2012-06-28 17:00:00,675.7700434192047
2012-06-28 18:00:00,657.5386442517955
2012-06-28 19:00:00,390.6531069823125
2012-06-28 20:00:00,394.5615650574826
2012-06-28 21:00:00,300.1069512389391
2012-06-28 22:00:00,241.80047760523595
2012-06-28 23:00:00,156.90680393872884
2012-06-29 00:00:00,86.66347442884225
2012-06-29 01:00:00,38.2575982962132
2012-06-29 02:00:00,17.006387743618927
2012-06-29 03:00:00,7.201709974362105
2012-06-29 04:00:00,6.699351805896372
2012-06-29 05:00:00,33.4124285157594
2012-06-29 06:00:00,127.0280734046041
2012-06-29 07:00:00,321.325115799038
2012-06-29 08:00:00,528.5721753785685
2012-06-29 09:00:00,287.72266616728336
2012-06-29 10:00:00,173.90549681272586
2012-06-29 11:00:00,241.03366542537302
2012-06-29 12:00:00,311.266463640668
2012-06-29 13:00:00,247.3918672400045
2012-06-29 14:00:00,227.39347879857
2012-06-29 15:00:00,242.9598733286753
2012-06-29 16:00:00,360.62296304575534
2012-06-29 17:00:00,497.69104351984873
2012-06-29 18:00:00,456.71658432770784
2012-06-29 19:00:00,355.278546034619
2012-06-29 20:00:00,325.8612342999241
2012-06-29 21:00:00,251.52334411251778
2012-06-29 22:00:00,173.87427715928882
2012-06-29 23:00:00,124.70043209377953
2012-06-30 00:00:00,68.99129729763942
2012-06-30 01:00:00,50.85544612370629
2012-06-30 02:00:00,52.8724556549033
2012-06-30 03:00:00,22.87544985332199
2012-06-30 04:00:00,5.7705297393930834
2012-06-30 05:00:00,9.170824419940104
2012-06-30 06:00:00,22.01107471313093
2012-06-30 07:00:00,52.832422800402064
2012-06-30 08:00:00,118.35805547714432
2012-06-30 09:00:00,181.03015514983656
2012-06-30 10:00:00,279.5067156363593
2012-06-30 11:00:00,342.43722981182106
2012-06-30 12:00:00,402.02001674927806
2012-06-30 13:00:00,415.2049163948578
2012-06-30 14:00:00,405.52773819839615
2012-06-30 15:00:00,422.0780176391411
2012-06-30 16:00:00,399.96487204835114
2012-06-30 17:00:00,421.6696929017465
2012-06-30 18:00:00,373.23671542344607
2012-06-30 19:00:00,333.1914505867886
2012-06-30 20:00:00,279.1028731850896
2012-06-30 21:00:00,243.81444410160321
2012-06-30 22:00:00,219.7267605709589
2012-06-30 23:00:00,177.1163609325781
2012-07-20 00:00:00,47.280399738229114
2012-07-20 01:00:00,30.649370550342866
2012-07-20 02:00:00,15.383340424624713
2012-07-20 03:00:00,7.6872885148917165
2012-07-20 04:00:00,7.040722287951813
2012-07-20 05:00:00,33.799742643175136
2012-07-20 06:00:00,124.83908878005514
2012-07-20 07:00:00,318.1920588267744
2012-07-20 08:00:00,585.8503627439856
2012-07-20 09:00:00,319.99612174252536
2012-07-20 10:00:00,171.32589920724112
2012-07-20 11:00:00,167.62891017810324
2012-07-20 12:00:00,146.97526941629204
2012-07-20 13:00:00,143.47780211379353
2012-07-20 14:00:00,142.73804189518103
2012-07-20 15:00:00,195.0474867385048
2012-07-20 16:00:00,225.9200380325271
2012-07-20 17:00:00,302.54593125869434
2012-07-20 18:00:00,418.8081644728113
2012-07-20 19:00:00,258.0362563479104
2012-07-20 20:00:00,106.93792299712175
2012-07-20 21:00:00,82.87946138026139
2012-07-20 22:00:00,166.21466996041346
2012-07-20 23:00:00,121.7706791321543
2012-07-21 00:00:00,67.36654920764602
2012-07-21 01:00:00,78.75514856808103
2012-07-21 02:00:00,33.78037253980628
2012-07-21 03:00:00,15.292802582756618
2012-07-21 04:00:00,5.007859149935049
2012-07-21 05:00:00,5.925345979466306
2012-07-21 06:00:00,11.404003884924288
2012-07-21 07:00:00,45.76868661458266
2012-07-21 08:00:00,107.93950508933429
2012-07-21 09:00:00,179.89424649676087
2012-07-21 10:00:00,130.25971538645913
2012-07-21 11:00:00,261.19389085602756
2012-07-21 12:00:00,192.524746992171
2012-07-21 13:00:00,214.1361894307283
2012-07-21 14:00:00,234.37212481735966
2012-07-21 15:00:00,159.68163358435598
2012-07-21 16:00:00,158.76111746587915
2012-07-21 17:00:00,168.01107661530017
2012-07-21 18:00:00,195.85163064167256
2012-07-21 19:00:00,196.32367551984683
2012-07-21 20:00:00,109.05132749596908
2012-07-21 21:00:00,146.38348255817849
2012-07-21 22:00:00,137.94139673027578
2012-07-21 23:00:00,109.49230908692356
2012-07-22 00:00:00,99.76847458672871
2012-07-22 01:00:00,81.5218242155578
2012-07-22 02:00:00,61.583301579712064
2012-07-22 03:00:00,25.481306649884118
2012-07-22 04:00:00,9.184762491389238
2012-07-22 05:00:00,8.782786728665071
2012-07-22 06:00:00,15.68835791155323
2012-07-22 07:00:00,36.57716655005504
2012-07-22 08:00:00,85.1577767750569
2012-07-22 09:00:00,181.75642670594104
2012-07-22 10:00:00,264.5294684270128
2012-07-22 11:00:00,317.84459451812745
2012-07-22 12:00:00,421.9031796757322
2012-07-22 13:00:00,408.3969343347261
2012-07-22 14:00:00,382.9876423035389
2012-07-22 15:00:00,381.04631385327986
2012-07-22 16:00:00,405.81724212223884
2012-07-22 17:00:00,375.0593058276545
2012-07-22 18:00:00,332.3642022879147
2012-07-22 19:00:00,287.70018201654693
2012-07-22 20:00:00,214.99088304589128
2012-07-22 21:00:00,170.89177962585808
2012-07-22 22:00:00,143.9335381925326
2012-07-22 23:00:00,96.56161307956059
2012-07-23 00:00:00,32.79716980362263
2012-07-23 01:00:00,13.46252448845407
2012-07-23 02:00:00,6.565671085785167
2012-07-23 03:00:00,3.870659611133406
2012-07-23 04:00:00,5.267121295285646
2012-07-23 05:00:00,21.643700535487625
2012-07-23 06:00:00,114.02946743830391
2012-07-23 07:00:00,302.1534110415593
2012-07-23 08:00:00,477.64031307374785
2012-07-23 09:00:00,273.59784250627206
2012-07-23 10:00:00,161.38899880718245
2012-07-23 11:00:00,213.56089913500904
2012-07-23 12:00:00,278.8699188701446
2012-07-23 13:00:00,265.37899210146895
2012-07-23 14:00:00,217.41447783245246
2012-07-23 15:00:00,202.44744706907528
2012-07-23 16:00:00,312.67508026483335
2012-07-23 17:00:00,629.7718687406001
2012-07-23 18:00:00,659.5763417457409
2012-07-23 19:00:00,510.06872464647864
2012-07-23 20:00:00,360.91126746177065
2012-07-23 21:00:00,256.80364173495474
2012-07-23 22:00:00,172.97236894883335
2012-07-23 23:00:00,96.94548459285895
2012-07-24 00:00:00,39.72222958676128
2012-07-24 01:00:00,15.695689729178183
2012-07-24 02:00:00,7.914441336094964
2012-07-24 03:00:00,4.983040484867679
2012-07-24 04:00:00,6.3025872320472756
2012-07-24 05:00:00,31.881893571180914
2012-07-24 06:00:00,136.25290866044563
2012-07-24 07:00:00,343.3014267101411
2012-07-24 08:00:00,570.1242684500655
2012-07-24 09:00:00,229.64695656982727
2012-07-24 10:00:00,124.3268403505202
2012-07-24 11:00:00,171.08512389610684
2012-07-24 12:00:00,237.04494688532037
2012-07-24 13:00:00,194.84484534299273
2012-07-24 14:00:00,195.09847393275834
2012-07-24 15:00:00,185.7820972305183
2012-07-24 16:00:00,272.9369221591205
2012-07-24 17:00:00,576.281933679119
2012-07-24 18:00:00,609.7749914451807
2012-07-24 19:00:00,510.28250172532813
2012-07-24 20:00:00,362.40778343142216
2012-07-24 21:00:00,263.7768203575768
2012-07-24 22:00:00,195.44930565254256
2012-07-24 23:00:00,96.24232683357742
2012-07-25 00:00:00,44.44207399357046
2012-07-25 01:00:00,19.526805891299887
2012-07-25 02:00:00,10.10670344202793
2012-07-25 03:00:00,6.153892358553927
2012-07-25 04:00:00,6.461490583244337
2012-07-25 05:00:00,31.79476236506364
2012-07-25 06:00:00,155.34326593231003
2012-07-25 07:00:00,360.3308169143301
2012-07-25 08:00:00,609.596514869837
2012-07-25 09:00:00,245.9524733039111
2012-07-25 10:00:00,152.08355891244946
2012-07-25 11:00:00,174.24788383060238
2012-07-25 12:00:00,233.1951345832442
2012-07-25 13:00:00,217.33954544394695
2012-07-25 14:00:00,198.45006153505386
2012-07-25 15:00:00,226.66322248264993
2012-07-25 16:00:00,330.1872061266103
2012-07-25 17:00:00,689.4531497399661
2012-07-25 18:00:00,734.0808294367498
2012-07-25 19:00:00,528.5383674778371
2012-07-25 20:00:00,402.52586060473163
2012-07-25 21:00:00,303.3486709571557
2012-07-25 22:00:00,214.7115618541247
2012-07-25 23:00:00,125.98219872286236
2012-07-26 00:00:00,53.322884182037676
2012-07-26 01:00:00,22.146731202071205
2012-07-26 02:00:00,11.153171349360905
2012-07-26 03:00:00,6.740039398553877
2012-07-26 04:00:00,6.987899022971218
2012-07-26 05:00:00,35.698940694461186
2012-07-26 06:00:00,150.6228160665344
2012-07-26 07:00:00,417.78737544961416
2012-07-26 08:00:00,581.2208953880009
2012-07-26 09:00:00,314.8756658340761
2012-07-26 10:00:00,158.51890133607122
2012-07-26 11:00:00,156.47526583140532
2012-07-26 12:00:00,221.63814074153137
2012-07-26 13:00:00,195.13962907783122
2012-07-26 14:00:00,190.02048965610905
2012-07-26 15:00:00,204.44969751911094
2012-07-26 16:00:00,334.6154137423498
2012-07-26 17:00:00,624.611138688556
2012-07-26 18:00:00,604.3738760679936
2012-07-26 19:00:00,451.7138869309211
2012-07-26 20:00:00,402.92221731047806
2012-07-26 21:00:00,308.48098342601804
2012-07-26 22:00:00,243.94959999394607
2012-07-26 23:00:00,164.6388706723043
2012-07-27 00:00:00,76.52194357553661
2012-07-27 01:00:00,35.12562472614146
2012-07-27 02:00:00,15.739262764158122
2012-07-27 03:00:00,8.171779710274867
2012-07-27 04:00:00,6.8189928772225885
2012-07-27 05:00:00,33.62219567685129
2012-07-27 06:00:00,119.59048859661655
2012-07-27 07:00:00,348.8200365285221
2012-07-27 08:00:00,566.7669547477691
2012-07-27 09:00:00,301.9665144284237
2012-07-27 10:00:00,187.151366087148
2012-07-27 11:00:00,220.30355125094337
2012-07-27 12:00:00,246.92183693062802
2012-07-27 13:00:00,251.10430450274555
2012-07-27 14:00:00,219.46477068360966
2012-07-27 15:00:00,266.8341593565191
2012-07-27 16:00:00,389.3171517950774
2012-07-27 17:00:00,594.8400657581436
2012-07-27 18:00:00,591.514845373519
2012-07-27 19:00:00,418.89426773929574
2012-07-27 20:00:00,324.04753041755396
2012-07-27 21:00:00,265.63263831217245
2012-07-27 22:00:00,252.55465372701232
2012-07-27 23:00:00,180.59246289194604
2012-07-28 00:00:00,155.65491905016427
2012-07-28 01:00:00,108.37095746991115
2012-07-28 02:00:00,74.68211632734571
2012-07-28 03:00:00,32.31784069016793
2012-07-28 04:00:00,9.186086643737463
2012-07-28 05:00:00,12.704622284551842
2012-07-28 06:00:00,28.994202564236897
2012-07-28 07:00:00,69.18021371562371
2012-07-28 08:00:00,152.84464954302487
2012-07-28 09:00:00,246.4630719704406
2012-07-28 10:00:00,330.55933330047606
2012-07-28 11:00:00,397.93357787149256
2012-07-28 12:00:00,446.63454943308574
2012-07-28 13:00:00,443.6963518202411
2012-07-28 14:00:00,427.6915477023087
2012-07-28 15:00:00,451.4659543678481
2012-07-28 16:00:00,448.2948536760575
2012-07-28 17:00:00,458.5980651852715
2012-07-28 18:00:00,407.8103928657027
2012-07-28 19:00:00,256.9865336007708
2012-07-28 20:00:00,209.816079290808
2012-07-28 21:00:00,219.39081501520587
2012-07-28 22:00:00,208.0313535764105
2012-07-28 23:00:00,163.17903867638418
2012-07-29 00:00:00,132.23306087454176
2012-07-29 01:00:00,115.24236344499128
2012-07-29 02:00:00,80.40482458908498
2012-07-29 03:00:00,34.81128865663996
2012-07-29 04:00:00,10.144946084983353
2012-07-29 05:00:00,8.165211860132752
2012-07-29 06:00:00,17.022127896594892
2012-07-29 07:00:00,40.644321941697086
2012-07-29 08:00:00,95.41525223181661
2012-07-29 09:00:00,183.20590073606152
2012-07-29 10:00:00,294.5568141385534
2012-07-29 11:00:00,346.3407421279082
2012-07-29 12:00:00,395.5383129103558
2012-07-29 13:00:00,416.4077149898018
2012-07-29 14:00:00,397.917724876638
2012-07-29 15:00:00,378.0936127377686
2012-07-29 16:00:00,395.0740117817029
2012-07-29 17:00:00,379.0304008455411
2012-07-29 18:00:00,346.2107880366811
2012-07-29 19:00:00,302.38916197202457
2012-07-29 20:00:00,241.48430777419114
2012-07-29 21:00:00,197.66186588220228
2012-07-29 22:00:00,141.73800952321605
2012-07-29 23:00:00,96.15594137064873
2012-07-30 00:00:00,38.7656256004419
2012-07-30 01:00:00,15.61933922729944
2012-07-30 02:00:00,7.6309650511965925
2012-07-30 03:00:00,4.282429294918834
2012-07-30 04:00:00,5.41313988970519
2012-07-30 05:00:00,24.635703390088633
2012-07-30 06:00:00,102.51343005812166
2012-07-30 07:00:00,265.576765645587
2012-07-30 08:00:00,516.6250700560927
2012-07-30 09:00:00,261.5785125048151
2012-07-30 10:00:00,142.44794177942822
2012-07-30 11:00:00,170.44301687130098
2012-07-30 12:00:00,213.1499476702203
2012-07-30 13:00:00,180.77516534085453
2012-07-30 14:00:00,163.62345378209608
2012-07-30 15:00:00,189.49098408906343
2012-07-30 16:00:00,276.2956075262627
2012-07-30 17:00:00,516.2758372629403
2012-07-30 18:00:00,538.5414104505204
2012-07-30 19:00:00,423.8622159876449
2012-07-30 20:00:00,284.57022549997475
2012-07-30 21:00:00,209.6079022890957
2012-07-30 22:00:00,153.25156418940261
2012-07-30 23:00:00,83.62987203493171
2012-07-31 00:00:00,32.668521210910875
2012-07-31 01:00:00,14.093898345161294
2012-07-31 02:00:00,7.302821267356539
2012-07-31 03:00:00,4.660706847099194
2012-07-31 04:00:00,5.8379197561135046
2012-07-31 05:00:00,28.426434633054495
2012-07-31 06:00:00,113.49971092954506
2012-07-31 07:00:00,324.33588934825667
2012-07-31 08:00:00,470.9625743826405
2012-07-31 09:00:00,231.93890569793012
2012-07-31 10:00:00,120.45136983706746
2012-07-31 11:00:00,127.47309589805084
2012-07-31 12:00:00,172.5261950406038
2012-07-31 13:00:00,148.79058622961043
2012-07-31 14:00:00,134.79508486828112
2012-07-31 15:00:00,186.22170121333113
2012-07-31 16:00:00,247.82718688405828
2012-07-31 17:00:00,531.4755557822165
2012-07-31 18:00:00,487.83518422023843
2012-07-31 19:00:00,413.0911469325179
2012-07-31 20:00:00,251.78385096464552
2012-07-31 21:00:00,177.80253810691985
2012-07-31 22:00:00,157.68038253143547
2012-07-31 23:00:00,92.31589080829411
2012-08-20 00:00:00,28.501131678382926
2012-08-20 01:00:00,13.99767264270261
2012-08-20 02:00:00,7.2717008406537005
2012-08-20 03:00:00,4.183984952884119
2012-08-20 04:00:00,5.674251571802546
2012-08-20 05:00:00,22.173591232036337
2012-08-20 06:00:00,113.98192252722134
2012-08-20 07:00:00,291.6469037313906
2012-08-20 08:00:00,462.30747151029834
2012-08-20 09:00:00,242.1217455997917
2012-08-20 10:00:00,143.06625975426442
2012-08-20 11:00:00,156.02184303681324
2012-08-20 12:00:00,211.83463634973353
2012-08-20 13:00:00,199.28195991144656
2012-08-20 14:00:00,184.19805287727226
2012-08-20 15:00:00,203.62463153673895
2012-08-20 16:00:00,323.7530583000163
2012-08-20 17:00:00,558.5901734106275
2012-08-20 18:00:00,436.2306610248235
2012-08-20 19:00:00,347.4477031159641
2012-08-20 20:00:00,202.67005612674254
2012-08-20 21:00:00,154.9041351292857
2012-08-20 22:00:00,97.98984974795455
2012-08-20 23:00:00,59.026259304619884
2012-08-21 00:00:00,25.23424437470956
2012-08-21 01:00:00,11.39624540108109
2012-08-21 02:00:00,4.992115852351596
2012-08-21 03:00:00,4.051149216406137
2012-08-21 04:00:00,4.658175112752013
2012-08-21 05:00:00,26.402096653689476
2012-08-21 06:00:00,114.84467367004092
2012-08-21 07:00:00,305.2868550610046
2012-08-21 08:00:00,452.950379822404
2012-08-21 09:00:00,213.6431690279445
2012-08-21 10:00:00,132.1677049342486
2012-08-21 11:00:00,151.82942606259593
2012-08-21 12:00:00,223.5116404722777
2012-08-21 13:00:00,245.841714491047
2012-08-21 14:00:00,230.10121584675113
2012-08-21 15:00:00,259.0208207084095
2012-08-21 16:00:00,384.5476486619403
2012-08-21 17:00:00,590.6405717373599
2012-08-21 18:00:00,598.5852547129543
2012-08-21 19:00:00,320.55014812132396
2012-08-21 20:00:00,279.14095212695497
2012-08-21 21:00:00,212.53567661998898
2012-08-21 22:00:00,140.90208362426029
2012-08-21 23:00:00,74.6439323843296
2012-08-22 00:00:00,33.54866626173166
2012-08-22 01:00:00,15.646568948758125
2012-08-22 02:00:00,7.711470924870433
2012-08-22 03:00:00,5.461762742930524
2012-08-22 04:00:00,5.535113929747113
2012-08-22 05:00:00,32.80355879028471
2012-08-22 06:00:00,146.79936843409112
2012-08-22 07:00:00,320.2889766544846
2012-08-22 08:00:00,532.6241123450434
2012-08-22 09:00:00,222.5150785747573
2012-08-22 10:00:00,128.54209099818115
2012-08-22 11:00:00,143.12286149916062
2012-08-22 12:00:00,189.74165859618338
2012-08-22 13:00:00,197.26787751153697
2012-08-22 14:00:00,194.15057758515934
2012-08-22 15:00:00,200.30711788869223
2012-08-22 16:00:00,202.7123327532299
2012-08-22 17:00:00,425.6885396406173
2012-08-22 18:00:00,377.60695934624147
2012-08-22 19:00:00,399.7436444201767
2012-08-22 20:00:00,311.32120805658656
2012-08-22 21:00:00,232.73618024987104
2012-08-22 22:00:00,176.72072971382727
2012-08-22 23:00:00,84.76566084701594
2012-08-23 00:00:00,45.49405975107952
2012-08-23 01:00:00,16.926099592450264
2012-08-23 02:00:00,8.312086713835116
2012-08-23 03:00:00,5.196957802764566
2012-08-23 04:00:00,5.502169500724994
2012-08-23 05:00:00,25.935852023848586
2012-08-23 06:00:00,93.91922736956911
2012-08-23 07:00:00,283.26666946797945
2012-08-23 08:00:00,493.11801055084106
2012-08-23 09:00:00,271.2946078005258
2012-08-23 10:00:00,152.7223102859212
2012-08-23 11:00:00,206.1911729567299
2012-08-23 12:00:00,271.67281979412326
2012-08-23 13:00:00,280.99194910647975
2012-08-23 14:00:00,225.3648391204587
2012-08-23 15:00:00,257.87377236775063
2012-08-23 16:00:00,371.2830105120648
2012-08-23 17:00:00,695.5745678368573
2012-08-23 18:00:00,651.9842598825375
2012-08-23 19:00:00,485.9595812487963
2012-08-23 20:00:00,363.6458571142365
2012-08-23 21:00:00,295.5024320307814
2012-08-23 22:00:00,211.7251359253588
2012-08-23 23:00:00,115.1852995325924
2012-08-24 00:00:00,60.03506172105921
2012-08-24 01:00:00,27.081195454852804
2012-08-24 02:00:00,15.162567868615904
2012-08-24 03:00:00,7.370560576997781
2012-08-24 04:00:00,6.333434444173651
2012-08-24 05:00:00,28.785459885564215
2012-08-24 06:00:00,92.45731312218334
2012-08-24 07:00:00,261.37210198826114
2012-08-24 08:00:00,444.9658212025043
2012-08-24 09:00:00,306.27789844445135
2012-08-24 10:00:00,195.00163518884344
2012-08-24 11:00:00,236.0721365717702
2012-08-24 12:00:00,285.62617529327554
2012-08-24 13:00:00,345.88225753533595
2012-08-24 14:00:00,242.01434572633258
2012-08-24 15:00:00,262.3677661237176
2012-08-24 16:00:00,370.1209187578019
2012-08-24 17:00:00,543.018052131474
2012-08-24 18:00:00,512.732870038961
2012-08-24 19:00:00,378.3819858791369
2012-08-24 20:00:00,267.6626838748356
2012-08-24 21:00:00,219.38318009217147
2012-08-24 22:00:00,212.13076176823344
2012-08-24 23:00:00,154.87310922898254
2012-08-25 00:00:00,131.72877102091394
2012-08-25 01:00:00,95.73665967243807
2012-08-25 02:00:00,66.60690737639003
2012-08-25 03:00:00,31.20897071067816
2012-08-25 04:00:00,9.563460730461035
2012-08-25 05:00:00,10.114001233672584
2012-08-25 06:00:00,24.489806222945205
2012-08-25 07:00:00,49.27586069831576
2012-08-25 08:00:00,128.70486742529025
2012-08-25 09:00:00,232.84081983698638
2012-08-25 10:00:00,300.9629522931868
2012-08-25 11:00:00,364.0221548753564
2012-08-25 12:00:00,421.76218056405025
2012-08-25 13:00:00,436.17992751906365
2012-08-25 14:00:00,326.70049478772
2012-08-25 15:00:00,323.35881940316125
2012-08-25 16:00:00,321.5073300070313
2012-08-25 17:00:00,306.37581156068893
2012-08-25 18:00:00,295.69197313092866
2012-08-25 19:00:00,203.70494138463846
2012-08-25 20:00:00,106.09435765649518
2012-08-25 21:00:00,132.38047337429006
2012-08-25 22:00:00,122.28888947258403
2012-08-25 23:00:00,93.6945560457585
2012-08-26 00:00:00,109.75207395524745
2012-08-26 01:00:00,87.470821474531
2012-08-26 02:00:00,59.75784650515944
2012-08-26 03:00:00,27.656901378009533
2012-08-26 04:00:00,8.61221970906294
2012-08-26 05:00:00,7.848495900435372
2012-08-26 06:00:00,11.497474104691916
2012-08-26 07:00:00,33.63552874518034
2012-08-26 08:00:00,85.30706091203123
2012-08-26 09:00:00,157.7080364043122
2012-08-26 10:00:00,296.12912828129373
2012-08-26 11:00:00,327.04507915495856
2012-08-26 12:00:00,312.99504000012286
2012-08-26 13:00:00,236.1355336613428
2012-08-26 14:00:00,240.46879373268027
2012-08-26 15:00:00,147.51641714545642
2012-08-26 16:00:00,155.87898339389025
2012-08-26 17:00:00,193.722171631705
2012-08-26 18:00:00,198.9511730831977
2012-08-26 19:00:00,181.3825021705934
2012-08-26 20:00:00,152.8567598072446
2012-08-26 21:00:00,121.5319510864007
2012-08-26 22:00:00,86.16786844795159
2012-08-26 23:00:00,62.29578452247414
2012-08-27 00:00:00,28.799284425548144
2012-08-27 01:00:00,11.845551116868311
2012-08-27 02:00:00,6.245779159482451
2012-08-27 03:00:00,3.8161083249843717
2012-08-27 04:00:00,5.194763694260739
2012-08-27 05:00:00,18.842896033453258
2012-08-27 06:00:00,84.98871961969775
2012-08-27 07:00:00,256.5047479102311
2012-08-27 08:00:00,402.62022319717136
2012-08-27 09:00:00,191.68001152916037
2012-08-27 10:00:00,128.48777795246252
2012-08-27 11:00:00,150.95122688966748
2012-08-27 12:00:00,200.07947907169452
2012-08-27 13:00:00,202.39253056733648
2012-08-27 14:00:00,188.09797793543808
2012-08-27 15:00:00,197.42784800142036
2012-08-27 16:00:00,325.52922045741735
2012-08-27 17:00:00,751.5233095870332
2012-08-27 18:00:00,637.7537816782627
2012-08-27 19:00:00,457.03772342508285
2012-08-27 20:00:00,332.5170985035795
2012-08-27 21:00:00,214.84616870860188
2012-08-27 22:00:00,122.7353322745262
2012-08-27 23:00:00,76.41423286301429
2012-08-28 00:00:00,40.80450960875803
2012-08-28 01:00:00,16.25057711420178
2012-08-28 02:00:00,8.766942653307702
2012-08-28 03:00:00,5.865602420631619
2012-08-28 04:00:00,6.526274036824426
2012-08-28 05:00:00,32.18012613583544
2012-08-28 06:00:00,151.06498433290093
2012-08-28 07:00:00,346.55919126748154
2012-08-28 08:00:00,480.6764154801815
2012-08-28 09:00:00,274.0661552241602
2012-08-28 10:00:00,152.42421571972022
2012-08-28 11:00:00,171.01440690746898
2012-08-28 12:00:00,217.29364278785093
2012-08-28 13:00:00,236.5483654199249
2012-08-28 14:00:00,233.75231312982189
2012-08-28 15:00:00,280.75082172145244
2012-08-28 16:00:00,423.76866373192865
2012-08-28 17:00:00,931.5829866713237
2012-08-28 18:00:00,857.4101177699168
2012-08-28 19:00:00,529.3608363489212
2012-08-28 20:00:00,336.2532193508718
2012-08-28 21:00:00,258.3255809857404
2012-08-28 22:00:00,193.7843324002614
2012-08-28 23:00:00,108.81785544677794
2012-08-29 00:00:00,46.54772554679505
2012-08-29 01:00:00,17.369324001795928
2012-08-29 02:00:00,9.259200979068165
2012-08-29 03:00:00,6.727620557283689
2012-08-29 04:00:00,6.8477761508647825
2012-08-29 05:00:00,35.05209264266429
2012-08-29 06:00:00,158.2249415599759
2012-08-29 07:00:00,385.82707899749556
2012-08-29 08:00:00,609.0962603255432
2012-08-29 09:00:00,252.34907285387135
2012-08-29 10:00:00,143.63706604619125
2012-08-29 11:00:00,181.1910924078882
2012-08-29 12:00:00,263.55643000090856
2012-08-29 13:00:00,245.957386128527
2012-08-29 14:00:00,243.49939904394597
2012-08-29 15:00:00,263.14207572004676
2012-08-29 16:00:00,389.6011839294852
2012-08-29 17:00:00,849.9642236132415
2012-08-29 18:00:00,799.668545321671
2012-08-29 19:00:00,495.09574750020573
2012-08-29 20:00:00,358.2097758516011
2012-08-29 21:00:00,278.85991532917126
2012-08-29 22:00:00,201.73692364604904
2012-08-29 23:00:00,129.72827796781075
2012-08-30 00:00:00,47.961471663033535
2012-08-30 01:00:00,20.94258046693934
2012-08-30 02:00:00,9.973552361637555
2012-08-30 03:00:00,6.2005673026162444
2012-08-30 04:00:00,6.888833680786273
2012-08-30 05:00:00,32.49127102887691
2012-08-30 06:00:00,131.85449840927285
2012-08-30 07:00:00,383.4613741126757
2012-08-30 08:00:00,631.8177335037818
2012-08-30 09:00:00,293.76682249077936
2012-08-30 10:00:00,169.47590895120683
2012-08-30 11:00:00,222.4362028290867
2012-08-30 12:00:00,259.67104440476606
2012-08-30 13:00:00,256.6242814422962
2012-08-30 14:00:00,228.27110789969095
2012-08-30 15:00:00,280.4373927099573
2012-08-30 16:00:00,394.31441444565553
2012-08-30 17:00:00,868.8439059144738
2012-08-30 18:00:00,833.891760653889
2012-08-30 19:00:00,546.9283812705069
2012-08-30 20:00:00,399.6424408721039
2012-08-30 21:00:00,321.3711496720925
2012-08-30 22:00:00,226.50609243047384
2012-08-30 23:00:00,151.58309343025448
2012-08-31 00:00:00,69.36507081226165
2012-08-31 01:00:00,31.683549087961307
2012-08-31 02:00:00,15.12644948062231
2012-08-31 03:00:00,7.9972991423631745
2012-08-31 04:00:00,6.570531877702091
2012-08-31 05:00:00,29.376888002987062
2012-08-31 06:00:00,107.43029729529128
2012-08-31 07:00:00,290.6626849669434
2012-08-31 08:00:00,532.7362043303232
2012-08-31 09:00:00,318.6157359578572
2012-08-31 10:00:00,203.24010827130832
2012-08-31 11:00:00,240.65496188869267
2012-08-31 12:00:00,321.89056572324455
2012-08-31 13:00:00,313.1848845138126
2012-08-31 14:00:00,294.6123172182357
2012-08-31 15:00:00,292.2443406120242
2012-08-31 16:00:00,444.87957699119266
2012-08-31 17:00:00,782.5511821817826
2012-08-31 18:00:00,759.2164080001314
2012-08-31 19:00:00,487.38705156360015
2012-08-31 20:00:00,383.60605395406054
2012-08-31 21:00:00,284.4894252983883
2012-08-31 22:00:00,262.8699435709547
2012-08-31 23:00:00,192.81257104331746
2012-09-20 00:00:00,41.04418302278789
2012-09-20 01:00:00,19.79974093779751
2012-09-20 02:00:00,10.320245168320445
2012-09-20 03:00:00,6.256031292123651
2012-09-20 04:00:00,5.221319793872992
2012-09-20 05:00:00,29.70976844155243
2012-09-20 06:00:00,140.33838520087536
2012-09-20 07:00:00,377.7930107283112
2012-09-20 08:00:00,621.5304099076906
2012-09-20 09:00:00,287.6977519031259
2012-09-20 10:00:00,163.42140380428037
2012-09-20 11:00:00,215.24694654928746
2012-09-20 12:00:00,278.6322252099686
2012-09-20 13:00:00,267.7589380244693
2012-09-20 14:00:00,215.10565327019702
2012-09-20 15:00:00,251.13241076374175
2012-09-20 16:00:00,354.14354841607155
2012-09-20 17:00:00,660.1414050499749
2012-09-20 18:00:00,597.8914310643714
2012-09-20 19:00:00,424.1583632217981
2012-09-20 20:00:00,327.32643743251384
2012-09-20 21:00:00,259.29097968419296
2012-09-20 22:00:00,206.84909422427572
2012-09-20 23:00:00,133.69663086882508
2012-09-21 00:00:00,66.79857443481868
2012-09-21 01:00:00,32.437377938684094
2012-09-21 02:00:00,16.588620044983806
2012-09-21 03:00:00,9.315188230599505
2012-09-21 04:00:00,8.251483382995753
2012-09-21 05:00:00,34.07681782641805
2012-09-21 06:00:00,164.4902391674863
2012-09-21 07:00:00,433.4394735063273
2012-09-21 08:00:00,709.6795635131982
2012-09-21 09:00:00,343.3788162240822
2012-09-21 10:00:00,200.03004898091194
2012-09-21 11:00:00,259.4849124614116
2012-09-21 12:00:00,319.8440962783073
2012-09-21 13:00:00,328.3558410350349
2012-09-21 14:00:00,274.7221229673349
2012-09-21 15:00:00,309.36918513715887
2012-09-21 16:00:00,451.65252540339975
2012-09-21 17:00:00,680.5917435250208
2012-09-21 18:00:00,637.5026593995874
2012-09-21 19:00:00,416.19114626003346
2012-09-21 20:00:00,290.15793183874007
2012-09-21 21:00:00,239.5752835121939
2012-09-21 22:00:00,222.00761147485247
2012-09-21 23:00:00,161.00179609799574
2012-09-22 00:00:00,124.17809851732285
2012-09-22 01:00:00,73.64240418142978
2012-09-22 02:00:00,53.8705347202441
2012-09-22 03:00:00,28.558017083088735
2012-09-22 04:00:00,8.63842118188405
2012-09-22 05:00:00,9.8750022512659
2012-09-22 06:00:00,25.154173918233234
2012-09-22 07:00:00,70.5379997566679
2012-09-22 08:00:00,165.4761326176459
2012-09-22 09:00:00,273.6498205252137
2012-09-22 10:00:00,348.9797614392129
2012-09-22 11:00:00,453.00635573017
2012-09-22 12:00:00,508.43881999933933
2012-09-22 13:00:00,532.0666439305188
2012-09-22 14:00:00,531.1654056353175
2012-09-22 15:00:00,555.4063119336197
2012-09-22 16:00:00,526.7817499140408
2012-09-22 17:00:00,514.8080544235376
2012-09-22 18:00:00,449.1881577815535
2012-09-22 19:00:00,378.4026663380801
2012-09-22 20:00:00,319.311187537376
2012-09-22 21:00:00,248.21003404911048
2012-09-22 22:00:00,217.54041673405573
2012-09-22 23:00:00,178.7861013688846
2012-09-23 00:00:00,125.89534483715326
2012-09-23 01:00:00,77.28915190513347
2012-09-23 02:00:00,54.415030663001225
2012-09-23 03:00:00,22.435203276559072
2012-09-23 04:00:00,6.673236031901729
2012-09-23 05:00:00,6.392168128840177
2012-09-23 06:00:00,10.799515439942459
2012-09-23 07:00:00,26.185440212167734
2012-09-23 08:00:00,63.96063939238218
2012-09-23 09:00:00,115.83958499747683
2012-09-23 10:00:00,277.7869587375298
2012-09-23 11:00:00,312.1470844073501
2012-09-23 12:00:00,374.3870244855113
2012-09-23 13:00:00,386.42669330765483
2012-09-23 14:00:00,371.91153201080715
2012-09-23 15:00:00,386.2423853329332
2012-09-23 16:00:00,380.414325373865
2012-09-23 17:00:00,308.4436927856423
2012-09-23 18:00:00,284.1709757413847
2012-09-23 19:00:00,204.45385412281686
2012-09-23 20:00:00,152.01534519355937
2012-09-23 21:00:00,115.47033270466306
2012-09-23 22:00:00,86.47474046607438
2012-09-23 23:00:00,54.2534931923127
2012-09-24 00:00:00,30.564837191178963
2012-09-24 01:00:00,12.501403153344759
2012-09-24 02:00:00,5.666634271578594
2012-09-24 03:00:00,3.964058595223334
2012-09-24 04:00:00,5.071639449512968
2012-09-24 05:00:00,22.686201684888204
2012-09-24 06:00:00,106.58403916116686
2012-09-24 07:00:00,256.68049622555935
2012-09-24 08:00:00,417.20307830254984
2012-09-24 09:00:00,182.14992814472905
2012-09-24 10:00:00,129.97712991769518
2012-09-24 11:00:00,187.82948650798335
2012-09-24 12:00:00,243.48862721911155
2012-09-24 13:00:00,218.75907907375137
2012-09-24 14:00:00,202.61237773947147
2012-09-24 15:00:00,231.30926961252462
2012-09-24 16:00:00,345.39649210251656
2012-09-24 17:00:00,599.209843264626
2012-09-24 18:00:00,701.1849600414722
2012-09-24 19:00:00,449.4206529021948
2012-09-24 20:00:00,243.33344592347245
2012-09-24 21:00:00,168.32495202826445
2012-09-24 22:00:00,119.32639170539996
2012-09-24 23:00:00,68.92817670867286
2012-09-25 00:00:00,24.746256583798598
2012-09-25 01:00:00,10.043653904997297
2012-09-25 02:00:00,4.401994137727347
2012-09-25 03:00:00,3.363149735276811
2012-09-25 04:00:00,4.83007884052007
2012-09-25 05:00:00,25.492446428601028
2012-09-25 06:00:00,113.69159649326042
2012-09-25 07:00:00,267.1681219094765
2012-09-25 08:00:00,467.4704599648636
2012-09-25 09:00:00,220.20289232668455
2012-09-25 10:00:00,111.67903086327748
2012-09-25 11:00:00,145.8828676264241
2012-09-25 12:00:00,192.1761675290409
2012-09-25 13:00:00,179.7572863435771
2012-09-25 14:00:00,191.18397603720481
2012-09-25 15:00:00,220.8630966106299
2012-09-25 16:00:00,314.1155095275397
2012-09-25 17:00:00,606.5832740288832
2012-09-25 18:00:00,623.7623675824713
2012-09-25 19:00:00,364.7166297270816
2012-09-25 20:00:00,260.35508593818133
2012-09-25 21:00:00,188.97182996848213
2012-09-25 22:00:00,140.56168031588427
2012-09-25 23:00:00,87.0394939653562
2012-09-26 00:00:00,33.86189033623714
2012-09-26 01:00:00,13.331469750257567
2012-09-26 02:00:00,5.788912432032124
2012-09-26 03:00:00,4.653913524888286
2012-09-26 04:00:00,6.474795086921149
2012-09-26 05:00:00,32.46241357342589
2012-09-26 06:00:00,146.96618651977224
2012-09-26 07:00:00,343.1514634890876
2012-09-26 08:00:00,493.7883488287315
2012-09-26 09:00:00,267.39454544164806
2012-09-26 10:00:00,118.74291542790587
2012-09-26 11:00:00,153.0146211361463
2012-09-26 12:00:00,203.1419973876239
2012-09-26 13:00:00,204.63744020895194
2012-09-26 14:00:00,185.89540784837166
2012-09-26 15:00:00,197.86580001024427
2012-09-26 16:00:00,370.127422019519
2012-09-26 17:00:00,638.5551624293694
2012-09-26 18:00:00,650.6893051646886
2012-09-26 19:00:00,461.9444337684639
2012-09-26 20:00:00,319.4437288690512
2012-09-26 21:00:00,226.71717903905346
2012-09-26 22:00:00,112.62665664696036
2012-09-26 23:00:00,94.16018129740108
2012-09-27 00:00:00,41.497293450841454
2012-09-27 01:00:00,17.30279438636892
2012-09-27 02:00:00,7.726215433517716
2012-09-27 03:00:00,5.097621525732931
2012-09-27 04:00:00,5.433592955746674
2012-09-27 05:00:00,27.80164521886268
2012-09-27 06:00:00,123.65213831181099
2012-09-27 07:00:00,347.9896473887138
2012-09-27 08:00:00,594.0221124713354
2012-09-27 09:00:00,274.89003132748775
2012-09-27 10:00:00,175.62337294284725
2012-09-27 11:00:00,215.0620777863189
2012-09-27 12:00:00,271.25955908850034
2012-09-27 13:00:00,255.70153859712303
2012-09-27 14:00:00,236.47897966930606
2012-09-27 15:00:00,244.55033754818018
2012-09-27 16:00:00,347.61943607043196
2012-09-27 17:00:00,559.724451832133
2012-09-27 18:00:00,574.2364119032437
2012-09-27 19:00:00,422.69541136918144
2012-09-27 20:00:00,287.2336120729932
2012-09-27 21:00:00,103.52582170856381
2012-09-27 22:00:00,80.92170434077902
2012-09-27 23:00:00,67.88328618619076
2012-09-28 00:00:00,36.48846414668376
2012-09-28 01:00:00,17.53071173037229
2012-09-28 02:00:00,7.484202586762611
2012-09-28 03:00:00,5.361255875586289
2012-09-28 04:00:00,4.88843560113723
2012-09-28 05:00:00,25.78146405810666
2012-09-28 06:00:00,82.58826297961517
2012-09-28 07:00:00,220.39828448078535
2012-09-28 08:00:00,475.1418981944932
2012-09-28 09:00:00,267.93350192708033
2012-09-28 10:00:00,161.99190057514372
2012-09-28 11:00:00,222.1915677408713
2012-09-28 12:00:00,332.95288610623015
2012-09-28 13:00:00,327.045389932642
2012-09-28 14:00:00,297.9741678718333
2012-09-28 15:00:00,286.4854885150684
2012-09-28 16:00:00,412.5372957018847
2012-09-28 17:00:00,600.1663690812379
2012-09-28 18:00:00,498.18784167915123
2012-09-28 19:00:00,305.0341662607025
2012-09-28 20:00:00,193.47527390584608
2012-09-28 21:00:00,153.27348625028228
2012-09-28 22:00:00,151.02406599410807
2012-09-28 23:00:00,117.67404148817198
2012-09-29 00:00:00,135.82166217773218
2012-09-29 01:00:00,97.71491615740608
2012-09-29 02:00:00,57.92050059954748
2012-09-29 03:00:00,24.21901722018043
2012-09-29 04:00:00,8.739301524069598
2012-09-29 05:00:00,9.10872654010799
2012-09-29 06:00:00,22.293081370828727
2012-09-29 07:00:00,52.74898452174641
2012-09-29 08:00:00,139.89866664882692
2012-09-29 09:00:00,193.76145072195413
2012-09-29 10:00:00,324.1642537469299
2012-09-29 11:00:00,350.23545006587466
2012-09-29 12:00:00,460.70745056955576
2012-09-29 13:00:00,485.41471306929327
2012-09-29 14:00:00,487.280447214223
2012-09-29 15:00:00,501.3137737641069
2012-09-29 16:00:00,519.3131476204146
2012-09-29 17:00:00,410.3769273660042
2012-09-29 18:00:00,343.40134870678907
2012-09-29 19:00:00,245.333020497745
2012-09-29 20:00:00,198.97429224316036
2012-09-29 21:00:00,168.39529085979268
2012-09-29 22:00:00,145.00159000302125
2012-09-29 23:00:00,125.12348670131344
2012-09-30 00:00:00,126.54759382192644
2012-09-30 01:00:00,93.32599767916662
2012-09-30 02:00:00,55.33803176186237
2012-09-30 03:00:00,24.007913118605824
2012-09-30 04:00:00,7.921380992745016
2012-09-30 05:00:00,8.10137736066406
2012-09-30 06:00:00,14.57447129693801
2012-09-30 07:00:00,39.84277601761816
2012-09-30 08:00:00,93.62888051801481
2012-09-30 09:00:00,187.37962058754718
2012-09-30 10:00:00,307.500681350111
2012-09-30 11:00:00,388.26762913548424
2012-09-30 12:00:00,452.2647579861297
2012-09-30 13:00:00,473.25793096919256
2012-09-30 14:00:00,457.39115169604054
2012-09-30 15:00:00,448.09304367807465
2012-09-30 16:00:00,468.0607667393671
2012-09-30 17:00:00,379.2671967706039
2012-09-30 18:00:00,272.3559950644294
2012-09-30 19:00:00,189.41032384935474
2012-09-30 20:00:00,134.63843023258252
2012-09-30 21:00:00,124.31747831295039
2012-09-30 22:00:00,102.79354161874889
2012-09-30 23:00:00,76.75552444443167
2012-10-20 00:00:00,126.73746038104314
2012-10-20 01:00:00,109.93818434441893
2012-10-20 02:00:00,62.81318259248258
2012-10-20 03:00:00,27.20584339732659
2012-10-20 04:00:00,8.927927284671949
2012-10-20 05:00:00,10.321061616727244
2012-10-20 06:00:00,23.43694540040832
2012-10-20 07:00:00,64.38818637437566
2012-10-20 08:00:00,140.23860930541645
2012-10-20 09:00:00,255.0468217019403
2012-10-20 10:00:00,407.2165001770534
2012-10-20 11:00:00,500.71857069080903
2012-10-20 12:00:00,599.734351769068
2012-10-20 13:00:00,636.4115240665786
2012-10-20 14:00:00,597.7090649596971
2012-10-20 15:00:00,624.0004833778075
2012-10-20 16:00:00,581.9820555982576
2012-10-20 17:00:00,522.4100468525131
2012-10-20 18:00:00,420.8228503623149
2012-10-20 19:00:00,296.28823425963066
2012-10-20 20:00:00,254.73373723017343
2012-10-20 21:00:00,188.67304969475165
2012-10-20 22:00:00,161.73268234359188
2012-10-20 23:00:00,136.39248162964512
2012-10-21 00:00:00,161.90781205749582
2012-10-21 01:00:00,111.8251625171556
2012-10-21 02:00:00,69.92067437433417
2012-10-21 03:00:00,33.84469058676527
2012-10-21 04:00:00,12.81006095103707
2012-10-21 05:00:00,9.960713418905225
2012-10-21 06:00:00,16.95540132091442
2012-10-21 07:00:00,45.193039197833386
2012-10-21 08:00:00,103.22444026607806
2012-10-21 09:00:00,237.89514152917857
2012-10-21 10:00:00,397.52311520075995
2012-10-21 11:00:00,536.5368058273812
2012-10-21 12:00:00,660.6492912711424
2012-10-21 13:00:00,687.1621596015328
2012-10-21 14:00:00,648.8781460245007
2012-10-21 15:00:00,617.8471125772991
2012-10-21 16:00:00,653.2223886224135
2012-10-21 17:00:00,504.7500030846626
2012-10-21 18:00:00,422.39127168349415
2012-10-21 19:00:00,315.614712720013
2012-10-21 20:00:00,250.7993258703766
2012-10-21 21:00:00,172.4167969780172
2012-10-21 22:00:00,131.37957676855552
2012-10-21 23:00:00,97.40626402734428
2012-10-22 00:00:00,29.45365364262289
2012-10-22 01:00:00,11.81448311499732
2012-10-22 02:00:00,6.18542122159651
2012-10-22 03:00:00,3.9291783133494604
2012-10-22 04:00:00,6.383271798059794
2012-10-22 05:00:00,26.21747704548503
2012-10-22 06:00:00,126.86491010057706
2012-10-22 07:00:00,365.04626922704523
2012-10-22 08:00:00,497.9970909702183
2012-10-22 09:00:00,255.36552372061334
2012-10-22 10:00:00,147.05646102277447
2012-10-22 11:00:00,212.26659350739567
2012-10-22 12:00:00,267.30424573867907
2012-10-22 13:00:00,252.2709296638046
2012-10-22 14:00:00,253.05816897273948
2012-10-22 15:00:00,275.91330310444494
2012-10-22 16:00:00,413.6036905230451
2012-10-22 17:00:00,727.1866570354672
2012-10-22 18:00:00,663.5545821468163
2012-10-22 19:00:00,392.98313498278407
2012-10-22 20:00:00,270.1021813692996
2012-10-22 21:00:00,190.75933200282597
2012-10-22 22:00:00,128.5889068140403
2012-10-22 23:00:00,82.4728937683161
2012-10-23 00:00:00,27.2028367801061
2012-10-23 01:00:00,15.737016229508125
2012-10-23 02:00:00,5.639355510632734
2012-10-23 03:00:00,5.700177505845654
2012-10-23 04:00:00,7.795861482586816
2012-10-23 05:00:00,40.54310607693569
2012-10-23 06:00:00,162.1131527406057
2012-10-23 07:00:00,405.48007985745215
2012-10-23 08:00:00,781.4944754849549
2012-10-23 09:00:00,309.51272914151866
2012-10-23 10:00:00,195.8673440871008
2012-10-23 11:00:00,238.15210020677404
2012-10-23 12:00:00,327.8619111451723
2012-10-23 13:00:00,328.4836106366448
2012-10-23 14:00:00,324.23394599955594
2012-10-23 15:00:00,351.6231882928494
2012-10-23 16:00:00,492.38221810578057
2012-10-23 17:00:00,920.9551564149483
2012-10-23 18:00:00,814.1972745265933
2012-10-23 19:00:00,518.7345696189043
2012-10-23 20:00:00,361.8254202278414
2012-10-23 21:00:00,248.22383312313667
2012-10-23 22:00:00,194.15376782974235
2012-10-23 23:00:00,127.22339739094649
2012-10-24 00:00:00,47.795217518418504
2012-10-24 01:00:00,18.21711801876294
2012-10-24 02:00:00,7.906339045414263
2012-10-24 03:00:00,6.035608271193895
2012-10-24 04:00:00,8.280737281458396
2012-10-24 05:00:00,29.29866122675303
2012-10-24 06:00:00,151.15689975996057
2012-10-24 07:00:00,307.08839466163397
2012-10-24 08:00:00,525.7685066519764
2012-10-24 09:00:00,297.38130966561357
2012-10-24 10:00:00,184.26051957765816
2012-10-24 11:00:00,209.891463317761
2012-10-24 12:00:00,284.30403923130586
2012-10-24 13:00:00,287.02495771257503
2012-10-24 14:00:00,319.7534488802598
2012-10-24 15:00:00,328.3999344194383
2012-10-24 16:00:00,500.7403353421605
2012-10-24 17:00:00,746.9958001780539
2012-10-24 18:00:00,817.5201541313515
2012-10-24 19:00:00,528.801527920221
2012-10-24 20:00:00,371.2652712257936
2012-10-24 21:00:00,275.6576406484932
2012-10-24 22:00:00,199.50822756789583
2012-10-24 23:00:00,119.72198711908047
2012-10-25 00:00:00,50.722020478421626
2012-10-25 01:00:00,22.307743947473117
2012-10-25 02:00:00,10.022469064111366
2012-10-25 03:00:00,4.840999179610423
2012-10-25 04:00:00,6.162535690144434
2012-10-25 05:00:00,28.93443137178715
2012-10-25 06:00:00,120.03145035559201
2012-10-25 07:00:00,318.0526243888409
2012-10-25 08:00:00,542.9410023943717
2012-10-25 09:00:00,253.82580047231812
2012-10-25 10:00:00,142.14555223936614
2012-10-25 11:00:00,165.04836383665875
2012-10-25 12:00:00,226.2133146331902
2012-10-25 13:00:00,207.8002807471777
2012-10-25 14:00:00,240.3126018649651
2012-10-25 15:00:00,292.82984720561905
2012-10-25 16:00:00,416.33841637814396
2012-10-25 17:00:00,735.2348509830978
2012-10-25 18:00:00,481.6955627296726
2012-10-25 19:00:00,339.35045364518066
2012-10-25 20:00:00,226.00566101385553
2012-10-25 21:00:00,168.91715097518613
2012-10-25 22:00:00,146.70711250735383
2012-10-25 23:00:00,104.5860205292308
2012-10-26 00:00:00,49.106744631092205
2012-10-26 01:00:00,17.890731317231936
2012-10-26 02:00:00,7.801962940990647
2012-10-26 03:00:00,4.405793161073031
2012-10-26 04:00:00,4.780548008510167
2012-10-26 05:00:00,21.725030144862888
2012-10-26 06:00:00,78.48572497409451
2012-10-26 07:00:00,229.35270460221184
2012-10-26 08:00:00,381.2811362615782
2012-10-26 09:00:00,217.63061428006753
2012-10-26 10:00:00,114.37174049298989
2012-10-26 11:00:00,161.24915335759897
2012-10-26 12:00:00,224.52152264581508
2012-10-26 13:00:00,236.02889434228203
2012-10-26 14:00:00,226.7906010612033
2012-10-26 15:00:00,265.16559749759205
2012-10-26 16:00:00,277.09369098895803
2012-10-26 17:00:00,372.41455334494873
2012-10-26 18:00:00,332.0266529816913
2012-10-26 19:00:00,207.60805124988238
2012-10-26 20:00:00,156.83759108678026
2012-10-26 21:00:00,144.52454082042297
2012-10-26 22:00:00,109.80481860325612
2012-10-26 23:00:00,98.8847205803098
2012-10-27 00:00:00,94.05319652569307
2012-10-27 01:00:00,57.325385351364204
2012-10-27 02:00:00,32.698632621221726
2012-10-27 03:00:00,20.523221479808832
2012-10-27 04:00:00,6.539355639687048
2012-10-27 05:00:00,6.432909033561273
2012-10-27 06:00:00,15.77610315859915
2012-10-27 07:00:00,48.82015772280063
2012-10-27 08:00:00,136.37510986305705
2012-10-27 09:00:00,219.59996206487656
2012-10-27 10:00:00,325.82857265102734
2012-10-27 11:00:00,377.74720351123955
2012-10-27 12:00:00,488.10126218070303
2012-10-27 13:00:00,518.7669042377923
2012-10-27 14:00:00,485.96549232560193
2012-10-27 15:00:00,383.0220645714353
2012-10-27 16:00:00,373.5705133985685
2012-10-27 17:00:00,341.6583592620308
2012-10-27 18:00:00,288.67641832819646
2012-10-27 19:00:00,226.48882975851785
2012-10-27 20:00:00,180.3429927463028
2012-10-27 21:00:00,150.59443247825646
2012-10-27 22:00:00,140.3955688678104
2012-10-27 23:00:00,109.53321155657846
2012-10-28 00:00:00,102.85643507444901
2012-10-28 01:00:00,87.81973457153882
2012-10-28 02:00:00,52.33704536570272
2012-10-28 03:00:00,21.981153132135965
2012-10-28 04:00:00,8.155513258666087
2012-10-28 05:00:00,6.967548301386658
2012-10-28 06:00:00,13.505767813839809
2012-10-28 07:00:00,35.69772491420431
2012-10-28 08:00:00,79.46075790112805
2012-10-28 09:00:00,168.5951215079925
2012-10-28 10:00:00,303.99430197240775
2012-10-28 11:00:00,375.8673081157876
2012-10-28 12:00:00,417.6278145799949
2012-10-28 13:00:00,470.3211289358055
2012-10-28 14:00:00,444.14357859269666
2012-10-28 15:00:00,373.92363078729653
2012-10-28 16:00:00,315.0010420058921
2012-10-28 17:00:00,199.56833572533898
2012-10-28 18:00:00,80.97120272389265
2012-10-28 19:00:00,73.82692245707203
2012-10-28 20:00:00,55.80967449860643
2012-10-28 21:00:00,70.5485226983255
2012-10-28 22:00:00,51.16678549873168
2012-10-28 23:00:00,28.63338656953584
2012-10-29 00:00:00,21.54137081333517
2012-10-30 13:00:00,59.735716596729624
2012-10-30 14:00:00,51.6603370533234
2012-10-30 15:00:00,58.1238230644304
2012-10-30 16:00:00,81.69736484910777
2012-10-30 17:00:00,183.38270245780075
2012-10-30 18:00:00,183.2588114888588
2012-10-30 19:00:00,345.7168524117813
2012-10-30 20:00:00,151.32240946683115
2012-10-30 21:00:00,100.34528434350902
2012-10-30 22:00:00,79.014871319293
2012-10-30 23:00:00,51.26395305829878
2012-10-31 00:00:00,29.563398072456383
2012-10-31 01:00:00,13.3632254677339
2012-10-31 02:00:00,6.433911811980831
2012-10-31 03:00:00,5.02564382648856
2012-10-31 04:00:00,4.181675089301574
2012-10-31 05:00:00,26.977026865559203
2012-10-31 06:00:00,104.9380215275409
2012-10-31 07:00:00,297.60974145391367
2012-10-31 08:00:00,497.9082957421022
2012-10-31 09:00:00,271.0416982186279
2012-10-31 10:00:00,135.40954253288137
2012-10-31 11:00:00,161.847283701008
2012-10-31 12:00:00,197.41536496956454
2012-10-31 13:00:00,203.60725107018212
2012-10-31 14:00:00,183.08184839410814
2012-10-31 15:00:00,176.98161051807173
2012-10-31 16:00:00,260.3652203890159
2012-10-31 17:00:00,474.2858519197136
2012-10-31 18:00:00,466.591447852486
2012-10-31 19:00:00,370.0386468342128
2012-10-31 20:00:00,274.39863751866017
2012-10-31 21:00:00,200.44391953289886
2012-10-31 22:00:00,142.805695287882
2012-10-31 23:00:00,91.95331494797833
2012-11-20 00:00:00,27.448808806304353
2012-11-20 01:00:00,12.161095694856959
2012-11-20 02:00:00,5.713371278948607
2012-11-20 03:00:00,4.630254526946449
2012-11-20 04:00:00,6.752516121324068
2012-11-20 05:00:00,35.48822204924335
2012-11-20 06:00:00,161.37109827459048
2012-11-20 07:00:00,390.4023591582997
2012-11-20 08:00:00,717.2620091620819
2012-11-20 09:00:00,293.9984229462334
2012-11-20 10:00:00,133.56379072230712
2012-11-20 11:00:00,138.13152244461762
2012-11-20 12:00:00,169.0382139130672
2012-11-20 13:00:00,181.52319021140457
2012-11-20 14:00:00,175.29060044977433
2012-11-20 15:00:00,204.58006869039096
2012-11-20 16:00:00,263.40660833685905
2012-11-20 17:00:00,509.1776598513576
2012-11-20 18:00:00,491.15646475247485
2012-11-20 19:00:00,329.82989633255386
2012-11-20 20:00:00,216.6780137701652
2012-11-20 21:00:00,164.79383916405166
2012-11-20 22:00:00,129.0171819237509
2012-11-20 23:00:00,73.0415817374672
2012-11-21 00:00:00,28.576851727406908
2012-11-21 01:00:00,12.436938946119902
2012-11-21 02:00:00,5.2449797760339
2012-11-21 03:00:00,4.048778356910236
2012-11-21 04:00:00,4.459157075537547
2012-11-21 05:00:00,22.934398777800105
2012-11-21 06:00:00,100.42584164603394
2012-11-21 07:00:00,244.48505951452216
2012-11-21 08:00:00,632.388240646126
2012-11-21 09:00:00,244.29199723779533
2012-11-21 10:00:00,135.45271713785314
2012-11-21 11:00:00,158.91672034362998
2012-11-21 12:00:00,213.37604422339697
2012-11-21 13:00:00,221.84306679503166
2012-11-21 14:00:00,196.3828630125851
2012-11-21 15:00:00,209.74865714525575
2012-11-21 16:00:00,265.96443369245407
2012-11-21 17:00:00,515.2567742004508
2012-11-21 18:00:00,502.7254698244202
2012-11-21 19:00:00,344.6569910789252
2012-11-21 20:00:00,236.281792048067
2012-11-21 21:00:00,164.31590030154888
2012-11-21 22:00:00,125.61869914869578
2012-11-21 23:00:00,76.85537287609425
2012-11-22 00:00:00,52.326580374704
2012-11-22 01:00:00,32.65421005514618
2012-11-22 02:00:00,19.09236543354545
2012-11-22 03:00:00,9.388016641116591
2012-11-22 04:00:00,6.255576382526919
2012-11-22 05:00:00,10.514408976519622
2012-11-22 06:00:00,31.420867694925175
2012-11-22 07:00:00,85.38159775531832
2012-11-22 08:00:00,230.20511625205378
2012-11-22 09:00:00,227.00494240203855
2012-11-22 10:00:00,260.1464975570726
2012-11-22 11:00:00,278.72799655405686
2012-11-22 12:00:00,343.09315234959644
2012-11-22 13:00:00,301.09435379676927
2012-11-22 14:00:00,228.1653339352407
2012-11-22 15:00:00,220.11053476372842
2012-11-22 16:00:00,346.78671202314735
2012-11-22 17:00:00,409.97299589662134
2012-11-22 18:00:00,348.4551060513718
2012-11-22 19:00:00,241.93436977784046
2012-11-22 20:00:00,200.57067616297599
2012-11-22 21:00:00,196.56450924025086
2012-11-22 22:00:00,147.89357779309296
2012-11-22 23:00:00,98.00252560421751
2012-11-23 00:00:00,45.27645630343345
2012-11-23 01:00:00,21.915159175058356
2012-11-23 02:00:00,8.72915209614235
2012-11-23 03:00:00,4.379389146719475
2012-11-23 04:00:00,5.419440883485174
2012-11-23 05:00:00,24.58605375230021
2012-11-23 06:00:00,92.5750257032575
2012-11-23 07:00:00,288.33150305640675
2012-11-23 08:00:00,529.7813134196276
2012-11-23 09:00:00,286.8280335015528
2012-11-23 10:00:00,189.23463052313832
2012-11-23 11:00:00,200.437301579291
2012-11-23 12:00:00,292.8430503318571
2012-11-23 13:00:00,258.6179457500086
2012-11-23 14:00:00,245.93538816744567
2012-11-23 15:00:00,253.81199314244145
2012-11-23 16:00:00,314.274416890809
2012-11-23 17:00:00,494.9912870375902
2012-11-23 18:00:00,466.3940792974146
2012-11-23 19:00:00,307.3467943731361
2012-11-23 20:00:00,250.96135982088893
2012-11-23 21:00:00,186.16371710901745
2012-11-23 22:00:00,167.59538471517965
2012-11-23 23:00:00,139.1038902148085
2012-11-24 00:00:00,92.80931752257162
2012-11-24 01:00:00,61.611541385059006
2012-11-24 02:00:00,35.11493597647689
2012-11-24 03:00:00,17.887982125713293
2012-11-24 04:00:00,4.36602539007945
2012-11-24 05:00:00,5.131624558873945
2012-11-24 06:00:00,11.632262863433255
2012-11-24 07:00:00,36.03875721651315
2012-11-24 08:00:00,83.92713809675617
2012-11-24 09:00:00,135.72262914367104
2012-11-24 10:00:00,206.97042909309081
2012-11-24 11:00:00,232.31940761701577
2012-11-24 12:00:00,223.6468459307302
2012-11-24 13:00:00,272.5134720697432
2012-11-24 14:00:00,254.28078770793635
2012-11-24 15:00:00,252.15835568822862
2012-11-24 16:00:00,248.00241809452612
2012-11-24 17:00:00,225.29764681387957
2012-11-24 18:00:00,187.88143022458868
2012-11-24 19:00:00,143.7464819295704
2012-11-24 20:00:00,97.92595581227147
2012-11-24 21:00:00,86.75007997714252
2012-11-24 22:00:00,79.87474454918821
2012-11-24 23:00:00,66.4190573631017
2012-11-25 00:00:00,64.63284263177303
2012-11-25 01:00:00,48.38696201850076
2012-11-25 02:00:00,27.093652443582112
2012-11-25 03:00:00,15.335197825253085
2012-11-25 04:00:00,5.714024622077191
2012-11-25 05:00:00,4.910414324499055
2012-11-25 06:00:00,9.704724833698647
2012-11-25 07:00:00,24.935850093468744
2012-11-25 08:00:00,57.30327825439601
2012-11-25 09:00:00,126.27620032846633
2012-11-25 10:00:00,181.36214433859848
2012-11-25 11:00:00,246.05844369285023
2012-11-25 12:00:00,277.25677782940176
2012-11-25 13:00:00,299.3010688610165
2012-11-25 14:00:00,268.4540373981194
2012-11-25 15:00:00,238.2553969461096
2012-11-25 16:00:00,219.4371203468197
2012-11-25 17:00:00,192.77218946354608
2012-11-25 18:00:00,152.07207495755986
2012-11-25 19:00:00,106.77827438134312
2012-11-25 20:00:00,81.60249158333748
2012-11-25 21:00:00,68.40345711504128
2012-11-25 22:00:00,51.971629276469265
2012-11-25 23:00:00,40.46429986356437
2012-11-26 00:00:00,20.72363833390537
2012-11-26 01:00:00,8.0956969802368
2012-11-26 02:00:00,4.154596137235117
2012-11-26 03:00:00,2.8591151260938275
2012-11-26 04:00:00,5.177647334013982
2012-11-26 05:00:00,25.352162986397722
2012-11-26 06:00:00,98.9045070455255
2012-11-26 07:00:00,290.61172344003063
2012-11-26 08:00:00,508.37008453404974
2012-11-26 09:00:00,295.69802859432036
2012-11-26 10:00:00,134.69251122083148
2012-11-26 11:00:00,168.3892039499042
2012-11-26 12:00:00,257.2546861495329
2012-11-26 13:00:00,246.02062107426346
2012-11-26 14:00:00,215.25693311948874
2012-11-26 15:00:00,259.51253618541205
2012-11-26 16:00:00,359.06428877995984
2012-11-26 17:00:00,658.0145584489046
2012-11-26 18:00:00,522.1182760083155
2012-11-26 19:00:00,354.9740296504828
2012-11-26 20:00:00,228.35252562229113
2012-11-26 21:00:00,161.2721137665471
2012-11-26 22:00:00,109.23052983780421
2012-11-26 23:00:00,70.42894210614686
2012-11-27 00:00:00,27.439129103484955
2012-11-27 01:00:00,11.41498174659545
2012-11-27 02:00:00,5.466150745396855
2012-11-27 03:00:00,3.42560426959093
2012-11-27 04:00:00,4.450542397181655
2012-11-27 05:00:00,30.42267928114192
2012-11-27 06:00:00,129.65437406056552
2012-11-27 07:00:00,193.62054813597075
2012-11-27 08:00:00,291.2416306554402
2012-11-27 09:00:00,269.0872555877935
2012-11-27 10:00:00,65.77804011680115
2012-11-27 11:00:00,64.69453307218349
2012-11-27 12:00:00,60.803898163026254
2012-11-27 13:00:00,77.57640648414517
2012-11-27 14:00:00,47.57036523493369
2012-11-27 15:00:00,126.48685509272906
2012-11-27 16:00:00,183.58207452169083
2012-11-27 17:00:00,360.8207297553167
2012-11-27 18:00:00,227.2322434494124
2012-11-27 19:00:00,209.87185215591649
2012-11-27 20:00:00,152.6874833875059
2012-11-27 21:00:00,89.890553230648
2012-11-27 22:00:00,84.98721947231942
2012-11-27 23:00:00,67.55442413016114
2012-11-28 00:00:00,33.39880446385695
2012-11-28 01:00:00,13.26627892889708
2012-11-28 02:00:00,6.446065355990187
2012-11-28 03:00:00,5.091748341778196
2012-11-28 04:00:00,5.701432686021954
2012-11-28 05:00:00,29.610562084781765
2012-11-28 06:00:00,138.62289038251862
2012-11-28 07:00:00,367.5469521308474
2012-11-28 08:00:00,458.05626009703604
2012-11-28 09:00:00,259.4347989978556
2012-11-28 10:00:00,119.25229902935489
2012-11-28 11:00:00,133.7068620592234
2012-11-28 12:00:00,175.39181255103597
2012-11-28 13:00:00,183.508767010714
2012-11-28 14:00:00,152.04361255410157
2012-11-28 15:00:00,156.37201797568818
2012-11-28 16:00:00,199.36257547769785
2012-11-28 17:00:00,412.36855704393753
2012-11-28 18:00:00,354.44458920003666
2012-11-28 19:00:00,257.30921837122963
2012-11-28 20:00:00,190.1106864655021
2012-11-28 21:00:00,125.86110458731497
2012-11-28 22:00:00,102.86789863633183
2012-11-28 23:00:00,58.642482641671705
2012-11-29 00:00:00,28.543540754930046
2012-11-29 01:00:00,9.51102920751094
2012-11-29 02:00:00,4.407873379703357
2012-11-29 04:00:00,4.8516558208364176
2012-11-29 05:00:00,20.953633958502976
2012-11-29 06:00:00,106.59485673286966
2012-11-29 07:00:00,254.73204080747692
2012-11-29 08:00:00,480.5090625095375
2012-11-29 09:00:00,216.066807202509
2012-11-29 10:00:00,139.86563866517304
2012-11-29 11:00:00,164.0667175217352
2012-11-29 12:00:00,215.3590957843888
2012-11-29 13:00:00,209.0543385847571
2012-11-29 14:00:00,181.09366895204397
2012-11-29 15:00:00,180.87856876528878
2012-11-29 16:00:00,264.47147771766845
2012-11-29 17:00:00,502.9479900271842
2012-11-29 18:00:00,433.0527414732504
2012-11-29 19:00:00,284.37169399669756
2012-11-29 20:00:00,223.75196191761918
2012-11-29 21:00:00,141.59355435301822
2012-11-29 22:00:00,109.02460272431931
2012-11-29 23:00:00,84.42437691244675
2012-11-30 00:00:00,34.59791952647671
2012-11-30 01:00:00,15.664233962965863
2012-11-30 02:00:00,6.485783506877156
2012-11-30 03:00:00,3.5617410368907465
2012-11-30 04:00:00,3.6772608947893297
2012-11-30 05:00:00,17.740079417064432
2012-11-30 06:00:00,61.800895696933644
2012-11-30 07:00:00,211.5375886581337
2012-11-30 08:00:00,373.59620704557705
2012-11-30 09:00:00,222.96360550318255
2012-11-30 10:00:00,137.73946200666146
2012-11-30 11:00:00,163.52948668491558
2012-11-30 12:00:00,201.96423676676005
2012-11-30 13:00:00,211.83116293929865
2012-11-30 14:00:00,192.75576312324617
2012-11-30 15:00:00,235.85580987889486
2012-11-30 16:00:00,292.2726319086481
2012-11-30 17:00:00,393.8673465143036
2012-11-30 18:00:00,326.6459214509396
2012-11-30 19:00:00,204.81209803453746
2012-11-30 20:00:00,154.13901042529494
2012-11-30 21:00:00,111.39093150015734
2012-11-30 22:00:00,98.28455553524506
2012-11-30 23:00:00,86.94885778749783
2012-12-20 00:00:00,42.670880750338235
2012-12-20 01:00:00,16.171985858963712
2012-12-20 02:00:00,7.730188174260861
2012-12-20 03:00:00,4.7665603259856715
2012-12-20 04:00:00,6.400806809830606
2012-12-20 05:00:00,33.80433111759826
2012-12-20 06:00:00,117.96783729798433
2012-12-20 07:00:00,357.38807568781436
2012-12-20 08:00:00,571.0543190798435
2012-12-20 09:00:00,258.48412668712564
2012-12-20 10:00:00,134.21465098617603
2012-12-20 11:00:00,138.1948525271245
2012-12-20 12:00:00,206.86358356661142
2012-12-20 13:00:00,181.00778940763385
2012-12-20 14:00:00,168.83392789919327
2012-12-20 15:00:00,163.24309043228718
2012-12-20 16:00:00,231.76994092944486
2012-12-20 17:00:00,386.52233846127325
2012-12-20 18:00:00,347.88271910464107
2012-12-20 19:00:00,158.82450346768385
2012-12-20 20:00:00,107.8521036877496
2012-12-20 21:00:00,82.49831707155185
2012-12-20 22:00:00,50.205344345508934
2012-12-20 23:00:00,50.621583729548334
2012-12-21 00:00:00,31.04102867426933
2012-12-21 01:00:00,16.14972412516346
2012-12-21 02:00:00,7.0871062937915035
2012-12-21 03:00:00,3.731826685771346
2012-12-21 04:00:00,4.431915480316218
2012-12-21 05:00:00,20.57311094626402
2012-12-21 06:00:00,72.22764593451818
2012-12-21 07:00:00,240.36679815649396
2012-12-21 08:00:00,398.7840178139105
2012-12-21 09:00:00,194.21944094827492
2012-12-21 10:00:00,115.48607591641712
2012-12-21 11:00:00,115.9653444965049
2012-12-21 12:00:00,156.56666462483636
2012-12-21 13:00:00,156.4841833030975
2012-12-21 14:00:00,136.38147570176676
2012-12-21 15:00:00,141.57665360202066
2012-12-21 16:00:00,165.69085462465253
2012-12-21 17:00:00,240.76438178710498
2012-12-21 18:00:00,211.06586602721524
2012-12-21 19:00:00,157.95663086770736
2012-12-21 20:00:00,119.0993593202169
2012-12-21 21:00:00,95.87881873307424
2012-12-21 22:00:00,77.5748920812842
2012-12-21 23:00:00,59.544693271590546
2012-12-22 00:00:00,39.53871625148894
2012-12-22 01:00:00,35.382582279417576
2012-12-22 02:00:00,24.620066531653556
2012-12-22 03:00:00,12.502975164732598
2012-12-22 04:00:00,3.7636868883165704
2012-12-22 05:00:00,3.149766451998816
2012-12-22 06:00:00,6.590421656071711
2012-12-22 07:00:00,16.824600303867854
2012-12-22 08:00:00,38.00342304999369
2012-12-22 09:00:00,86.28272798428694
2012-12-22 10:00:00,131.03550789940834
2012-12-22 11:00:00,146.79329959322072
2012-12-22 12:00:00,151.28222318798134
2012-12-22 13:00:00,193.84096368921118
2012-12-22 14:00:00,172.81801826013762
2012-12-22 15:00:00,160.11223972406358
2012-12-22 16:00:00,163.72537604290793
2012-12-22 17:00:00,125.54548385942185
2012-12-22 18:00:00,95.98346110663604
2012-12-22 19:00:00,67.41182426775704
2012-12-22 20:00:00,72.0637005229572
2012-12-22 21:00:00,46.68084810971722
2012-12-22 22:00:00,41.083419725082905
2012-12-22 23:00:00,36.142643621386846
2012-12-23 00:00:00,55.23514330068792
2012-12-23 01:00:00,47.4123857314936
2012-12-23 02:00:00,33.268242377734865
2012-12-23 03:00:00,16.36794209791644
2012-12-23 04:00:00,4.710617894473292
2012-12-23 05:00:00,3.0092497259298523
2012-12-23 06:00:00,4.5353199110932785
2012-12-23 07:00:00,12.11473042594821
2012-12-23 08:00:00,32.94203460978114
2012-12-23 09:00:00,75.39129339316999
2012-12-23 10:00:00,129.4435876213567
2012-12-23 11:00:00,183.44661359056704
2012-12-23 12:00:00,228.58892733996737
2012-12-23 13:00:00,243.63260282484035
2012-12-23 14:00:00,196.0144928491453
2012-12-23 15:00:00,212.28138633837614
2012-12-23 16:00:00,213.5332299323739
2012-12-23 17:00:00,183.21336404904548
2012-12-23 18:00:00,128.6975269778333
2012-12-23 19:00:00,94.2619560579044
2012-12-23 20:00:00,84.97720740011819
2012-12-23 21:00:00,68.4949454579676
2012-12-23 22:00:00,47.62599250294157
2012-12-23 23:00:00,26.943676152013854
2012-12-24 00:00:00,17.680507442917218
2012-12-24 01:00:00,7.698543686645561
2012-12-24 02:00:00,4.292454142551168
2012-12-24 03:00:00,2.9168978500755265
2012-12-24 05:00:00,13.747002769074134
2012-12-24 06:00:00,65.15681041156694
2012-12-24 07:00:00,165.27830333306542
2012-12-24 08:00:00,345.3818969357957
2012-12-24 09:00:00,220.1074051872089
2012-12-24 10:00:00,98.20402058906491
2012-12-24 11:00:00,117.47426137712895
2012-12-24 12:00:00,149.66995512900235
2012-12-24 13:00:00,72.7857193780923
2012-12-24 14:00:00,61.387126690419116
2012-12-24 15:00:00,76.97818499827828
2012-12-24 16:00:00,107.69636985123384
2012-12-24 17:00:00,187.12733847665874
2012-12-24 18:00:00,163.2113301347642
2012-12-24 19:00:00,198.2455011970751
2012-12-24 20:00:00,92.97332815712514
2012-12-24 21:00:00,54.93422899210071
2012-12-24 22:00:00,53.2014486316581
2012-12-24 23:00:00,19.98661558561843
2012-12-25 00:00:00,22.59627303396068
2012-12-25 01:00:00,28.935855790163554
2012-12-25 02:00:00,23.05615825707436
2012-12-25 04:00:00,7.416323994633396
2012-12-25 05:00:00,8.90979997378232
2012-12-25 06:00:00,19.627803168090413
2012-12-25 07:00:00,61.5406290336145
2012-12-25 08:00:00,187.43778715328318
2012-12-25 09:00:00,213.1350139464701
2012-12-25 10:00:00,248.07271241365675
2012-12-25 11:00:00,270.51445525254525
2012-12-25 12:00:00,344.04106757679926
2012-12-25 13:00:00,368.7615829150951
2012-12-25 14:00:00,331.02892146251196
2012-12-25 15:00:00,346.14454627617164
2012-12-25 16:00:00,313.57579423963415
2012-12-25 17:00:00,330.57362869068106
2012-12-25 18:00:00,292.6412321895346
2012-12-25 19:00:00,248.44688349325995
2012-12-25 20:00:00,181.27373973253464
2012-12-25 21:00:00,144.82510219596077
2012-12-25 22:00:00,115.30563130808059
2012-12-25 23:00:00,69.08455213389811
2012-12-26 00:00:00,27.9937872773994
2012-12-26 01:00:00,9.317900893466295
2012-12-26 02:00:00,5.140824897756616
2012-12-26 03:00:00,3.5970864032443486
2012-12-26 04:00:00,2.6032143623399544
2012-12-26 05:00:00,16.156206068375923
2012-12-26 06:00:00,87.71527962296211
2012-12-26 07:00:00,50.656743655382606
2012-12-26 08:00:00,86.57389602957886
2012-12-26 09:00:00,48.42659811538393
2012-12-26 10:00:00,29.84004002950957
2012-12-26 11:00:00,25.81831932410767
2012-12-26 12:00:00,31.828484985387007
2012-12-26 13:00:00,29.26127470397857
2012-12-26 14:00:00,25.1795682884556
2012-12-26 15:00:00,30.6946071522515
2012-12-26 16:00:00,42.11227227122736
2012-12-26 17:00:00,64.3540782854335
2012-12-26 18:00:00,73.98720920266226
2012-12-26 19:00:00,79.15299132690184
2012-12-26 20:00:00,38.7620296671887
2012-12-26 21:00:00,86.41691846860357
2012-12-26 22:00:00,15.12164240067014
2012-12-26 23:00:00,16.67466930755207
2012-12-27 00:00:00,10.629645393807447
2012-12-27 01:00:00,2.8630985965673736
2012-12-27 02:00:00,2.6445246137996343
2012-12-27 03:00:00,3.559730811695912
2012-12-27 04:00:00,2.347768728468489
2012-12-27 05:00:00,20.418204676350324
2012-12-27 06:00:00,61.66294401412946
2012-12-27 07:00:00,272.98936017873837
2012-12-27 08:00:00,411.5842754958105
2012-12-27 09:00:00,186.1491578857073
2012-12-27 10:00:00,120.29756291165302
2012-12-27 11:00:00,109.0860903967367
2012-12-27 12:00:00,118.48328470360327
2012-12-27 13:00:00,109.692647948586
2012-12-27 14:00:00,86.96779600080656
2012-12-27 15:00:00,96.09791172652764
2012-12-27 16:00:00,141.92335537120744
2012-12-27 17:00:00,274.37487021401404
2012-12-27 18:00:00,232.25121318302618
2012-12-27 19:00:00,144.28728383736626
2012-12-27 20:00:00,134.53294919613288
2012-12-27 21:00:00,93.22034665912561
2012-12-27 22:00:00,64.38028050668635
2012-12-27 23:00:00,45.67183266622807
2012-12-28 00:00:00,29.430339438699626
2012-12-28 01:00:00,14.180720493960733
2012-12-28 02:00:00,7.229220059765219
2012-12-28 03:00:00,4.175969598254753
2012-12-28 04:00:00,3.609422973205824
2012-12-28 05:00:00,17.562421298222596
2012-12-28 06:00:00,43.75860248538975
2012-12-28 07:00:00,170.56534595656234
2012-12-28 08:00:00,377.27168409544964
2012-12-28 09:00:00,167.33089076799723
2012-12-28 10:00:00,112.83160449116521
2012-12-28 11:00:00,109.47253031354596
2012-12-28 12:00:00,136.04475033139974
2012-12-28 13:00:00,122.8947367781553
2012-12-28 14:00:00,108.36512910551954
2012-12-28 15:00:00,111.78020149132696
2012-12-28 16:00:00,172.26732124908148
2012-12-28 17:00:00,228.06114766184012
2012-12-28 18:00:00,209.282047467169
2012-12-28 19:00:00,174.2179730468967
2012-12-28 20:00:00,116.07309678580206
2012-12-28 21:00:00,101.08878382664295
2012-12-28 22:00:00,84.6344984167408
2012-12-28 23:00:00,63.460721896231355
2012-12-29 00:00:00,64.90602090604708
2012-12-29 01:00:00,58.31255156440075
2012-12-29 02:00:00,41.51761190769419
2012-12-29 03:00:00,21.45050506294671
2012-12-29 04:00:00,5.54614101314433
2012-12-29 05:00:00,5.264209503275846
2012-12-29 06:00:00,11.913432429153266
2012-12-29 07:00:00,29.652368721673934
2012-12-29 08:00:00,97.00060487343072
2012-12-29 09:00:00,163.7208508725433
2012-12-29 10:00:00,163.02830069470468
2012-12-29 11:00:00,134.17093101080448
2012-12-29 12:00:00,96.8035774041148
2012-12-29 13:00:00,95.5997676384503
2012-12-29 14:00:00,262.1994050343127
2012-12-29 15:00:00,247.99776320773984
2012-12-29 16:00:00,276.275848675023
2012-12-29 17:00:00,170.47860005550265
2012-12-29 18:00:00,185.9967186526024
2012-12-29 19:00:00,127.93059479931378
2012-12-29 20:00:00,74.47495918927703
2012-12-29 21:00:00,62.18974651551432
2012-12-29 22:00:00,57.38233800995932
2012-12-29 23:00:00,67.70256157499394
2012-12-30 00:00:00,91.52233605444677
2012-12-30 01:00:00,50.27090321697942
2012-12-30 02:00:00,46.33189171075489
2012-12-30 03:00:00,17.837275997814494
2012-12-30 04:00:00,5.30324578279558
2012-12-30 05:00:00,3.978075708419237
2012-12-30 06:00:00,5.805009039469448
2012-12-30 07:00:00,12.778560470186287
2012-12-30 08:00:00,37.247462121656426
2012-12-30 09:00:00,76.42500948465408
2012-12-30 10:00:00,114.52075410708376
2012-12-30 11:00:00,164.54042470599651
2012-12-30 12:00:00,179.11059343292578
2012-12-30 13:00:00,177.0890452731036
2012-12-30 14:00:00,184.44580801363097
2012-12-30 15:00:00,175.80861614664548
2012-12-30 16:00:00,185.06184386000925
2012-12-30 17:00:00,133.73856145720822
2012-12-30 18:00:00,107.15137732134103
2012-12-30 19:00:00,134.95713425755022
2012-12-30 20:00:00,45.715234454742976
2012-12-30 21:00:00,40.05307192580122
2012-12-30 22:00:00,29.48931776806804
2012-12-30 23:00:00,18.17913281573243
2012-12-31 00:00:00,13.850994735549387
2012-12-31 01:00:00,6.317973456112334
2012-12-31 02:00:00,3.4529987148781482
2012-12-31 03:00:00,2.253634117040662
2012-12-31 04:00:00,2.733165832879783
2012-12-31 05:00:00,12.33079016919483
2012-12-31 06:00:00,52.36259699656298
2012-12-31 07:00:00,149.45724726677508
2012-12-31 08:00:00,241.16979550076553
2012-12-31 09:00:00,149.0398394387978
2012-12-31 10:00:00,80.12069852580781
2012-12-31 11:00:00,85.50659326074111
2012-12-31 12:00:00,121.95271674685225
2012-12-31 13:00:00,113.60461176647733
2012-12-31 14:00:00,113.49142257933832
2012-12-31 15:00:00,116.80379555060948
2012-12-31 16:00:00,159.7567967093083
2012-12-31 17:00:00,269.71349392730946
2012-12-31 18:00:00,280.35805430797996
2012-12-31 19:00:00,238.05224177173662
2012-12-31 20:00:00,163.2761192176055
2012-12-31 21:00:00,109.77310620349043
2012-12-31 22:00:00,65.82788628094728
2012-12-31 23:00:00,42.56576029297707
