datetime,count
2011-01-20 00:00:00,16.386913963911823
2011-01-20 01:00:00,7.15843086115404
2011-01-20 02:00:00,3.746883512336261
2011-01-20 03:00:00,2.2398661948398533
2011-01-20 04:00:00,2.2591128745492126
2011-01-20 05:00:00,11.214045337027443
2011-01-20 06:00:00,47.10886888969666
2011-01-20 07:00:00,146.1191616750728
2011-01-20 08:00:00,261.452978402489
2011-01-20 09:00:00,167.09182482011863
2011-01-20 10:00:00,78.66461566056024
2011-01-20 11:00:00,81.66080943521081
2011-01-20 12:00:00,119.72066982195688
2011-01-20 13:00:00,107.95087824178461
2011-01-20 14:00:00,97.31042681714922
2011-01-20 15:00:00,100.30652769591823
2011-01-20 16:00:00,148.42227831398756
2011-01-20 17:00:00,258.54705101171123
2011-01-20 18:00:00,204.83655608102316
2011-01-20 19:00:00,154.84146311049224
2011-01-20 20:00:00,99.94096505131327
2011-01-20 21:00:00,71.1682023409386
2011-01-20 22:00:00,49.815027991259235
2011-01-20 23:00:00,30.806650753335354
2011-01-21 00:00:00,14.316931757553421
2011-01-21 01:00:00,5.946011501368723
2011-01-21 02:00:00,3.48022199327759
2011-01-21 03:00:00,1.5481238550391612
2011-01-21 04:00:00,1.881004569746946
2011-01-21 05:00:00,9.367025315530539
2011-01-21 06:00:00,47.17565558670829
2011-01-21 07:00:00,120.76184407899837
2011-01-21 08:00:00,232.90832468736016
2011-01-21 09:00:00,126.23402247400055
2011-01-21 10:00:00,52.180707402391164
2011-01-21 11:00:00,55.08767404091296
2011-01-21 12:00:00,66.47882837870696
2011-01-21 13:00:00,59.72183287676769
2011-01-21 14:00:00,54.33743407376502
2011-01-21 15:00:00,56.98746944712101
2011-01-21 16:00:00,87.14049446109574
2011-01-21 17:00:00,155.7802930118728
2011-01-21 18:00:00,151.33867609141433
2011-01-21 19:00:00,96.57628397171746
2011-01-21 20:00:00,63.21513866694788
2011-01-21 21:00:00,48.767433787441405
2011-01-21 22:00:00,37.34685749898866
2011-01-21 23:00:00,23.904193380584623
2011-01-22 00:00:00,22.952750920083375
2011-01-22 01:00:00,18.121821957996698
2011-01-22 02:00:00,15.219574570097066
2011-01-22 03:00:00,6.635144026585744
2011-01-22 04:00:00,1.9660407925136287
2011-01-22 06:00:00,3.4339058036717507
2011-01-22 07:00:00,9.690917279855448
2011-01-22 08:00:00,23.28439906597552
2011-01-22 09:00:00,51.70213477874659
2011-01-22 10:00:00,90.50678579779962
2011-01-22 11:00:00,110.42443219132214
2011-01-22 12:00:00,132.03189283469297
2011-01-22 13:00:00,127.78688665499524
2011-01-22 14:00:00,120.30997842007596
2011-01-22 15:00:00,119.41141834643504
2011-01-22 16:00:00,97.90608101178533
2011-01-22 17:00:00,90.83020937873148
2011-01-22 18:00:00,69.06259112316464
2011-01-22 19:00:00,65.66034891321934
2011-01-22 20:00:00,46.41159845968238
2011-01-22 21:00:00,42.298354129059526
2011-01-22 22:00:00,32.2577949825243
2011-01-22 23:00:00,25.28961065974122
2011-01-23 00:00:00,27.499793602990586
2011-01-23 01:00:00,23.233618445421868
2011-01-23 02:00:00,15.818705557919559
2011-01-23 03:00:00,7.646231232810611
2011-01-23 05:00:00,2.391400073676462
2011-01-23 06:00:00,3.9346411171685403
2011-01-23 07:00:00,10.702181696599462
2011-01-23 08:00:00,24.95792629576624
2011-01-23 09:00:00,45.50915177723168
2011-01-23 10:00:00,79.26550380176322
2011-01-23 11:00:00,97.51914662583229
2011-01-23 12:00:00,110.23658285359075
2011-01-23 13:00:00,110.14043200096621
2011-01-23 14:00:00,103.2842139668024
2011-01-23 15:00:00,102.5988858793125
2011-01-23 16:00:00,96.92531300160893
2011-01-23 17:00:00,74.90601605426046
2011-01-23 18:00:00,66.72992462074166
2011-01-23 19:00:00,51.16638186091683
2011-01-23 20:00:00,43.02083642204899
2011-01-23 21:00:00,36.113695501572806
2011-01-23 22:00:00,29.771367641058823
2011-01-23 23:00:00,22.054977236430513
2011-01-24 00:00:00,10.74505663443891
2011-01-24 01:00:00,4.484833529550958
2011-01-24 03:00:00,1.4386784959318655
2011-01-24 04:00:00,1.583108897051149
2011-01-24 05:00:00,8.037023543136204
2011-01-24 06:00:00,39.482968343686665
2011-01-24 07:00:00,120.04317295945289
2011-01-24 08:00:00,233.66860439686835
2011-01-24 09:00:00,140.3734064052288
2011-01-24 10:00:00,54.8268940239547
2011-01-24 11:00:00,55.78343167364155
2011-01-24 12:00:00,66.70956529645707
2011-01-24 13:00:00,66.95568154283302
2011-01-24 14:00:00,55.4412780555548
2011-01-24 15:00:00,65.61094819909987
2011-01-24 16:00:00,93.09476526683143
2011-01-24 17:00:00,160.09232964507046
2011-01-24 18:00:00,138.62480225462133
2011-01-24 19:00:00,110.98673077979083
2011-01-24 20:00:00,61.76684359840924
2011-01-24 21:00:00,45.59975285108264
2011-01-24 22:00:00,34.87375946125059
2011-01-24 23:00:00,24.109641871052244
2011-01-25 00:00:00,9.007643403529803
2011-01-25 01:00:00,4.325782217270886
2011-01-25 02:00:00,2.193407013924726
2011-01-25 04:00:00,1.5191517564543777
2011-01-25 05:00:00,6.84174033516117
2011-01-25 06:00:00,38.90250456358703
2011-01-25 07:00:00,111.1718227917889
2011-01-25 08:00:00,231.95129882944198
2011-01-25 09:00:00,144.18644559636942
2011-01-25 10:00:00,65.06173015711819
2011-01-25 11:00:00,74.68193382867564
2011-01-25 12:00:00,98.55849809529728
2011-01-25 13:00:00,96.18090049336216
2011-01-25 14:00:00,96.98687277721396
2011-01-25 15:00:00,105.52486069746415
2011-01-25 16:00:00,152.40022407533525
2011-01-25 17:00:00,270.677751113769
2011-01-25 18:00:00,248.49532568273492
2011-01-25 19:00:00,133.5280186156944
2011-01-25 20:00:00,92.90191291614195
2011-01-25 21:00:00,71.89222993884671
2011-01-25 22:00:00,48.798722069047216
2011-01-25 23:00:00,30.146721885427553
2011-01-26 00:00:00,13.849266950803775
2011-01-26 01:00:00,6.428138386704031
2011-01-26 02:00:00,2.8499304363152898
2011-01-26 05:00:00,4.9627100633306975
2011-01-26 06:00:00,21.03976995744074
2011-01-26 07:00:00,70.11943216932995
2011-01-26 08:00:00,139.57599462212457
2011-01-26 09:00:00,73.77583054206394
2011-01-26 10:00:00,22.41111257306382
2011-01-26 11:00:00,19.539518663330444
2011-01-26 12:00:00,22.033183237295134
2011-01-26 13:00:00,20.533439549695213
2011-01-26 14:00:00,16.069606160777028
2011-01-26 15:00:00,16.717687525752897
2011-01-26 16:00:00,29.902484389769366
2011-01-26 17:00:00,58.88157565959943
2011-01-27 16:00:00,105.39943232109248
2011-01-27 17:00:00,204.8743441317515
2011-01-27 18:00:00,173.06533595103514
2011-01-27 19:00:00,122.62866662592003
2011-01-27 20:00:00,72.4385526112823
2011-01-27 21:00:00,55.96848516682421
2011-01-27 22:00:00,43.939768150573684
2011-01-27 23:00:00,24.750406046180522
2011-01-28 00:00:00,12.634372804952477
2011-01-28 01:00:00,5.554478315928033
2011-01-28 02:00:00,2.6707623825319873
2011-01-28 03:00:00,1.803304907323799
2011-01-28 05:00:00,9.455752631341086
2011-01-28 06:00:00,40.876141516130815
2011-01-28 07:00:00,115.64212251481105
2011-01-28 08:00:00,224.54136017503043
2011-01-28 09:00:00,86.03526514862342
2011-01-28 10:00:00,36.292856294770104
2011-01-28 11:00:00,27.393030439974158
2011-01-28 12:00:00,30.276460636618527
2011-01-28 13:00:00,29.490495641933567
2011-01-28 14:00:00,40.198934580873086
2011-01-28 15:00:00,47.61629019297813
2011-01-28 16:00:00,85.01090392096457
2011-01-28 17:00:00,203.98560940942238
2011-01-28 18:00:00,170.11088940129878
2011-01-28 19:00:00,136.47144679165953
2011-01-28 20:00:00,89.40620735977338
2011-01-28 21:00:00,59.65795755787623
2011-01-28 22:00:00,49.725845764255574
2011-01-28 23:00:00,36.3576930917203
2011-01-29 00:00:00,24.35250856930258
2011-01-29 01:00:00,23.314615574955024
2011-01-29 02:00:00,19.47502093073391
2011-01-29 03:00:00,9.416753634841298
2011-01-29 04:00:00,2.5550075158844483
2011-01-29 06:00:00,3.958563764799552
2011-01-29 07:00:00,11.709780617918032
2011-01-29 08:00:00,29.89737762936081
2011-01-29 09:00:00,64.62556315449145
2011-01-29 10:00:00,97.74685855091991
2011-01-29 11:00:00,102.3482466058626
2011-01-29 12:00:00,106.142317776135
2011-01-29 13:00:00,137.02802684825681
2011-01-29 14:00:00,128.2631665013322
2011-01-29 15:00:00,100.07230508325378
2011-01-29 16:00:00,139.2933830401576
2011-01-29 17:00:00,102.02412510590462
2011-01-29 18:00:00,91.68711514349752
2011-01-29 19:00:00,56.45212161895658
2011-01-29 20:00:00,46.60478980519879
2011-01-29 21:00:00,38.84709597252627
2011-01-29 22:00:00,29.577499584736437
2011-01-29 23:00:00,23.20080517844574
2011-01-30 00:00:00,27.557122174340556
2011-01-30 01:00:00,22.194909477165044
2011-01-30 02:00:00,18.316426386780712
2011-01-30 03:00:00,6.481393083582471
2011-01-30 04:00:00,2.064359414517715
2011-01-30 05:00:00,2.2452737101979356
2011-01-30 07:00:00,10.876808926890021
2011-01-30 08:00:00,26.15580955832814
2011-01-30 09:00:00,57.440534010272565
2011-01-30 10:00:00,91.65870558652959
2011-01-30 11:00:00,103.31807487427687
2011-01-30 12:00:00,197.4143634945492
2011-01-30 13:00:00,192.650733305697
2011-01-30 14:00:00,172.09827201214597
2011-01-30 15:00:00,175.84231643301737
2011-01-30 16:00:00,170.6295014285964
2011-01-30 17:00:00,120.50136888813455
2011-01-30 18:00:00,94.13981007827583
2011-01-30 19:00:00,70.00227725265844
2011-01-30 20:00:00,62.915986229490215
2011-01-30 21:00:00,49.96149902509486
2011-01-30 22:00:00,36.17245141183844
2011-01-30 23:00:00,25.684736420291465
2011-01-31 00:00:00,14.348870945460027
2011-01-31 01:00:00,5.413606005318613
2011-01-31 02:00:00,2.894233965926363
2011-01-31 03:00:00,1.8180276273836706
2011-01-31 04:00:00,1.599576446661483
2011-01-31 05:00:00,7.797337068674907
2011-01-31 06:00:00,31.782582677856503
2011-01-31 07:00:00,106.48016232793623
2011-01-31 08:00:00,212.5936054266031
2011-01-31 09:00:00,115.89994900053388
2011-01-31 10:00:00,48.20712852101238
2011-01-31 11:00:00,47.81298522770687
2011-01-31 12:00:00,76.38468190258725
2011-01-31 13:00:00,61.31252107660821
2011-01-31 14:00:00,58.11500758178063
2011-01-31 15:00:00,56.37443145816926
2011-01-31 16:00:00,85.3010189106251
2011-01-31 17:00:00,158.10887644349702
2011-01-31 18:00:00,165.17585660293986
2011-01-31 19:00:00,178.98195947296531
2011-01-31 20:00:00,52.36370835939727
2011-01-31 21:00:00,41.34851492463542
2011-01-31 22:00:00,40.68083273711768
2011-01-31 23:00:00,24.988263155853723
2011-02-20 00:00:00,35.425588404992205
2011-02-20 01:00:00,26.261683970577433
2011-02-20 02:00:00,20.11611427013109
2011-02-20 03:00:00,8.202640336165132
2011-02-20 04:00:00,2.611754566194485
2011-02-20 06:00:00,3.985621124835721
2011-02-20 07:00:00,12.554046503979844
2011-02-20 08:00:00,40.06585836233013
2011-02-20 09:00:00,63.79018141503977
2011-02-20 10:00:00,133.52817244897366
2011-02-20 11:00:00,178.04461336046108
2011-02-20 12:00:00,225.96134695411627
2011-02-20 13:00:00,213.35909386797795
2011-02-20 14:00:00,208.87225486978838
2011-02-20 15:00:00,226.2353523890972
2011-02-20 16:00:00,216.6524685789833
2011-02-20 17:00:00,167.2220834663594
2011-02-20 18:00:00,156.96712187502814
2011-02-20 19:00:00,129.96384293857668
2011-02-20 20:00:00,100.30125104924302
2011-02-20 21:00:00,77.20796099119868
2011-02-20 22:00:00,55.5666921272186
2011-02-20 23:00:00,47.14991944913882
2011-02-21 00:00:00,33.60947538470008
2011-02-21 01:00:00,18.88471778820051
2011-02-21 02:00:00,12.29701369117695
2011-02-21 03:00:00,5.374204450255684
2011-02-21 04:00:00,5.0145935163535444
2011-02-21 05:00:00,6.867639968337848
2011-02-21 06:00:00,16.99637633131427
2011-02-21 07:00:00,36.83432988606406
2011-02-21 08:00:00,78.61868196014193
2011-02-21 09:00:00,107.41658690284439
2011-02-21 10:00:00,130.64852541395493
2011-02-21 11:00:00,172.99493108595223
2011-02-21 12:00:00,156.5587799317665
2011-02-21 13:00:00,87.6745167888689
2011-02-21 14:00:00,123.6437894338285
2011-02-21 15:00:00,125.1444708045409
2011-02-21 16:00:00,88.38352394106461
2011-02-21 17:00:00,118.83888164095784
2011-02-21 18:00:00,95.01933325237235
2011-02-21 19:00:00,85.21660827728884
2011-02-21 20:00:00,53.95923232929315
2011-02-21 21:00:00,32.69365546243358
2011-02-21 22:00:00,28.06818081489736
2011-02-21 23:00:00,17.489313285042346
2011-02-22 06:00:00,32.556939314654464
2011-02-22 07:00:00,108.82061300032781
2011-02-22 08:00:00,225.72652082064997
2011-02-22 09:00:00,124.02026913551845
2011-02-22 10:00:00,52.18682212763352
2011-02-22 11:00:00,58.37844821639351
2011-02-22 12:00:00,84.81571023218066
2011-02-22 13:00:00,83.20928693848145
2011-02-22 14:00:00,70.46374233191953
2011-02-22 15:00:00,88.6754330086831
2011-02-22 16:00:00,114.25180405738902
2011-02-22 17:00:00,210.75908155204374
2011-02-22 18:00:00,205.3313343289964
2011-02-22 19:00:00,112.08485430203021
2011-02-22 20:00:00,77.34659079818596
2011-02-22 21:00:00,58.09635644675868
2011-02-22 22:00:00,48.649442759069416
2011-02-22 23:00:00,29.96681144811836
2011-02-23 00:00:00,11.484990089856176
2011-02-23 01:00:00,4.823126400517898
2011-02-23 02:00:00,2.5138302972626994
2011-02-23 03:00:00,1.50087312965156
2011-02-23 05:00:00,7.957319010434096
2011-02-23 06:00:00,40.93426658785962
2011-02-23 07:00:00,134.69859764386567
2011-02-23 08:00:00,259.50917989906964
2011-02-23 09:00:00,162.65944297748763
2011-02-23 10:00:00,64.08098939112793
2011-02-23 11:00:00,80.04494571500923
2011-02-23 12:00:00,111.48104096291158
2011-02-23 13:00:00,109.44160484075091
2011-02-23 14:00:00,92.77320802568954
2011-02-23 15:00:00,106.30233404995805
2011-02-23 16:00:00,156.86054281414263
2011-02-23 17:00:00,283.4856564467043
2011-02-23 18:00:00,235.3365929636784
2011-02-23 19:00:00,176.71097103909054
2011-02-23 20:00:00,104.82895709163262
2011-02-23 21:00:00,74.34384199063982
2011-02-23 22:00:00,58.12641161695096
2011-02-23 23:00:00,36.46667870330105
2011-02-24 00:00:00,14.720681803316406
2011-02-24 01:00:00,6.285171186409941
2011-02-24 02:00:00,3.0874781369428397
2011-02-24 03:00:00,1.8880884498244337
2011-02-24 05:00:00,9.990136263807107
2011-02-24 06:00:00,39.395281781787034
2011-02-24 07:00:00,128.3961036757472
2011-02-24 08:00:00,326.47847559416067
2011-02-24 09:00:00,161.48403443899866
2011-02-24 10:00:00,73.74237283421134
2011-02-24 11:00:00,88.61460247333656
2011-02-24 12:00:00,130.42353513081548
2011-02-24 13:00:00,121.97535593153424
2011-02-24 14:00:00,102.403087453886
2011-02-24 15:00:00,79.744136614888
2011-02-24 16:00:00,118.32861103812365
2011-02-24 17:00:00,235.26461731440304
2011-02-24 18:00:00,213.79051100240684
2011-02-24 19:00:00,88.2762434686163
2011-02-24 20:00:00,83.03812864047877
2011-02-24 21:00:00,83.66839475084741
2011-02-24 22:00:00,42.77906986563857
2011-02-24 23:00:00,40.24427229120308
2011-02-25 00:00:00,13.64858623177762
2011-02-25 01:00:00,7.181015794515319
2011-02-25 02:00:00,3.9017053135971973
2011-02-25 03:00:00,3.0111593867770825
2011-02-25 05:00:00,14.902426193969985
2011-02-25 06:00:00,55.87209241398608
2011-02-25 07:00:00,110.70060722524515
2011-02-25 08:00:00,291.71720119982496
2011-02-25 09:00:00,73.19712405451955
2011-02-25 10:00:00,40.83455414504629
2011-02-25 11:00:00,116.23048958722805
2011-02-25 12:00:00,101.22177199240063
2011-02-25 13:00:00,94.1095510068197
2011-02-25 14:00:00,80.78243019179092
2011-02-25 15:00:00,128.06591916400012
2011-02-25 16:00:00,135.394334526958
2011-02-25 17:00:00,213.09338383803498
2011-02-25 18:00:00,215.65139698056592
2011-02-25 19:00:00,162.15228861729312
2011-02-25 20:00:00,108.0922570790496
2011-02-25 21:00:00,85.66629681108397
2011-02-25 22:00:00,61.05746627202036
2011-02-25 23:00:00,39.85236728218265
2011-02-26 00:00:00,38.08054113511118
2011-02-26 01:00:00,29.318049161631606
2011-02-26 02:00:00,18.317577852806696
2011-02-26 03:00:00,11.883427829050598
2011-02-26 04:00:00,3.412314602168437
2011-02-26 05:00:00,3.276905244244495
2011-02-26 06:00:00,5.066581565287015
2011-02-26 07:00:00,14.848544128312207
2011-02-26 08:00:00,39.0989323436146
2011-02-26 09:00:00,88.02746472548901
2011-02-26 10:00:00,176.48421890148418
2011-02-26 11:00:00,194.10317933453672
2011-02-26 12:00:00,218.35545133242752
2011-02-26 13:00:00,206.50441889528764
2011-02-26 14:00:00,176.701636118731
2011-02-26 15:00:00,194.763334746098
2011-02-26 16:00:00,193.51151090436312
2011-02-26 17:00:00,167.38590938266455
2011-02-26 18:00:00,128.39307947763376
2011-02-26 19:00:00,94.96939709476688
2011-02-26 20:00:00,86.30172665852497
2011-02-26 21:00:00,58.26605294386416
2011-02-26 22:00:00,45.23923378748255
2011-02-26 23:00:00,32.602364316924785
2011-02-27 00:00:00,37.925393677448234
2011-02-27 01:00:00,36.93867227572654
2011-02-27 02:00:00,36.08260768469203
2011-02-27 03:00:00,16.77476590612888
2011-02-27 04:00:00,5.3339787350132255
2011-02-27 06:00:00,6.778858935310705
2011-02-27 07:00:00,24.673702540088705
2011-02-27 08:00:00,55.75795175116679
2011-02-27 09:00:00,122.68857399454372
2011-02-27 10:00:00,163.6459775937849
2011-02-27 11:00:00,226.3364626883992
2011-02-27 12:00:00,310.83490908480934
2011-02-27 13:00:00,327.2756967582729
2011-02-27 14:00:00,292.7748610965597
2011-02-27 15:00:00,311.0745619793468
2011-02-27 16:00:00,284.28676416129275
2011-02-27 17:00:00,216.0282856407086
2011-02-27 18:00:00,162.89345123287447
2011-02-27 19:00:00,160.31782056136566
2011-02-27 20:00:00,127.79362032190721
2011-02-27 21:00:00,98.58287977393998
2011-02-27 22:00:00,79.55068964318829
2011-02-27 23:00:00,56.23120039179611
2011-02-28 00:00:00,21.87292353247926
2011-02-28 01:00:00,5.540962658862241
2011-02-28 03:00:00,2.0185309763394637
2011-02-28 05:00:00,14.522807537597007
2011-02-28 06:00:00,80.09926562534606
2011-02-28 07:00:00,242.8402960758541
2011-02-28 08:00:00,330.46509771056196
2011-02-28 09:00:00,222.62633673693185
2011-02-28 10:00:00,90.25330502646797
2011-02-28 11:00:00,115.69742178737458
2011-02-28 12:00:00,144.10868879174856
2011-02-28 13:00:00,60.70401918795317
2011-02-28 14:00:00,34.109940622051454
2011-02-28 15:00:00,37.591501234507426
2011-02-28 16:00:00,79.58404395727766
2011-02-28 17:00:00,115.31507046023275
2011-02-28 18:00:00,186.57088424200447
2011-02-28 19:00:00,87.75757559792237
2011-02-28 20:00:00,61.198441405261
2011-02-28 21:00:00,82.81275235908113
2011-02-28 22:00:00,29.64162280498398
2011-02-28 23:00:00,39.17892963547561
2011-03-20 00:00:00,47.88406768066392
2011-03-20 01:00:00,37.743685768453346
2011-03-20 02:00:00,28.753363133856354
2011-03-20 03:00:00,13.348913387732873
2011-03-20 04:00:00,3.868794002844202
2011-03-20 05:00:00,3.47688014080676
2011-03-20 06:00:00,5.85198277442546
2011-03-20 07:00:00,18.65352925013885
2011-03-20 08:00:00,56.49166762090736
2011-03-20 09:00:00,115.28906897516119
2011-03-20 10:00:00,176.97090025611305
2011-03-20 11:00:00,235.8674658669542
2011-03-20 12:00:00,307.6412926707302
2011-03-20 13:00:00,332.16711993890175
2011-03-20 14:00:00,286.7211737532575
2011-03-20 15:00:00,301.03771185442855
2011-03-20 16:00:00,314.2271166046785
2011-03-20 17:00:00,211.18994101424272
2011-03-20 18:00:00,174.49057120643147
2011-03-20 19:00:00,123.47624665188123
2011-03-20 20:00:00,95.31401590801077
2011-03-20 21:00:00,67.46910546145578
2011-03-20 22:00:00,55.41482332285173
2011-03-20 23:00:00,29.443250349251873
2011-03-21 00:00:00,19.334529206707046
2011-03-21 01:00:00,9.536195894010808
2011-03-21 02:00:00,5.1085984978868835
2011-03-21 03:00:00,3.312057137260731
2011-03-21 05:00:00,13.975889952064174
2011-03-21 06:00:00,54.890692547279414
2011-03-21 07:00:00,78.39863475050748
2011-03-21 08:00:00,274.801340066564
2011-03-21 09:00:00,175.91913184830253
2011-03-21 10:00:00,93.43158627117646
2011-03-21 11:00:00,120.89363562020898
2011-03-21 12:00:00,162.79363678570414
2011-03-21 13:00:00,212.64228015802954
2011-03-21 14:00:00,196.35682513342147
2011-03-21 15:00:00,218.2036810409572
2011-03-21 16:00:00,287.525114536025
2011-03-21 17:00:00,628.90205100826
2011-03-21 18:00:00,542.2611995188979
2011-03-21 19:00:00,456.4706969020205
2011-03-21 20:00:00,342.34475093950005
2011-03-21 21:00:00,141.35063217213855
2011-03-21 22:00:00,129.84304395838768
2011-03-21 23:00:00,91.09678452500863
2011-03-22 00:00:00,31.904649330133104
2011-03-22 01:00:00,8.603911404251042
2011-03-22 02:00:00,6.754023403515748
2011-03-22 03:00:00,4.824472443399096
2011-03-22 04:00:00,3.952065867071394
2011-03-22 05:00:00,17.180828198509975
2011-03-22 06:00:00,83.4753197412195
2011-03-22 07:00:00,285.6228628567716
2011-03-22 08:00:00,449.52053567684754
2011-03-22 09:00:00,206.25091718264656
2011-03-22 10:00:00,142.23306083232848
2011-03-22 11:00:00,168.9316720371893
2011-03-22 12:00:00,274.9391721142618
2011-03-22 13:00:00,265.86584685989203
2011-03-22 14:00:00,211.8191999756796
2011-03-22 15:00:00,250.37119079472427
2011-03-22 16:00:00,360.0748166732234
2011-03-22 17:00:00,709.1824619100307
2011-03-22 18:00:00,673.8510094665859
2011-03-22 19:00:00,365.429798232551
2011-03-22 20:00:00,233.4428572881134
2011-03-22 21:00:00,163.5187465162084
2011-03-22 22:00:00,114.88479224681817
2011-03-22 23:00:00,73.76411797873266
2011-03-23 00:00:00,23.19217242994404
2011-03-23 01:00:00,9.357361983480189
2011-03-23 02:00:00,4.963768276092249
2011-03-23 03:00:00,3.4367168809381727
2011-03-23 05:00:00,9.34230038281097
2011-03-23 06:00:00,70.02256054378732
2011-03-23 07:00:00,170.27326722581708
2011-03-23 08:00:00,381.5482822309471
2011-03-23 09:00:00,185.30431943167775
2011-03-23 10:00:00,84.53462982828772
2011-03-23 11:00:00,80.59934251618996
2011-03-23 12:00:00,88.74039760908566
2011-03-23 13:00:00,53.81054103592889
2011-03-23 14:00:00,94.16042797978008
2011-03-23 15:00:00,99.75029870697746
2011-03-23 16:00:00,165.0516830714419
2011-03-23 17:00:00,342.78741402158784
2011-03-23 18:00:00,177.4408750572309
2011-03-23 19:00:00,124.39868518006432
2011-03-23 20:00:00,46.334533742874655
2011-03-23 21:00:00,22.007259710792443
2011-03-23 22:00:00,56.60070885214637
2011-03-23 23:00:00,23.024725000853802
2011-03-24 00:00:00,13.828016084498735
2011-03-24 01:00:00,5.117779344899147
2011-03-24 02:00:00,2.8261481631847625
2011-03-24 03:00:00,1.7173751853453745
2011-03-24 04:00:00,1.7223077341388533
2011-03-24 05:00:00,10.747887474757919
2011-03-24 06:00:00,51.74681840923879
2011-03-24 07:00:00,63.2982134826618
2011-03-24 08:00:00,122.23708008016762
2011-03-24 09:00:00,118.5137879916786
2011-03-24 10:00:00,45.26859869855925
2011-03-24 11:00:00,76.61687512150652
2011-03-24 12:00:00,105.50352492323452
2011-03-24 13:00:00,113.00522265812496
2011-03-24 14:00:00,99.97197984134742
2011-03-24 15:00:00,99.94043766661389
2011-03-24 16:00:00,157.12225724000734
2011-03-24 17:00:00,290.8409519295194
2011-03-24 18:00:00,288.0936281134105
2011-03-24 19:00:00,208.90986039373752
2011-03-24 20:00:00,142.38540547809978
2011-03-24 21:00:00,98.70428274883557
2011-03-24 22:00:00,74.44031733963674
2011-03-24 23:00:00,44.75332099096395
2011-03-25 00:00:00,20.384465535512405
2011-03-25 01:00:00,6.765370646713278
2011-03-25 02:00:00,2.922989883232566
2011-03-25 03:00:00,2.247075104981791
2011-03-25 04:00:00,2.2587649914449983
2011-03-25 05:00:00,10.784738244957863
2011-03-25 06:00:00,47.30540020816522
2011-03-25 07:00:00,161.98633802656525
2011-03-25 08:00:00,345.7965679752968
2011-03-25 09:00:00,192.12631776970667
2011-03-25 10:00:00,96.56721647767141
2011-03-25 11:00:00,109.12838388196884
2011-03-25 12:00:00,147.42442148882034
2011-03-25 13:00:00,147.22098815998757
2011-03-25 14:00:00,128.91876116004252
2011-03-25 15:00:00,139.02851760495886
2011-03-25 16:00:00,178.43800561565246
2011-03-25 17:00:00,324.9384592109402
2011-03-25 18:00:00,331.8341802296344
2011-03-25 19:00:00,221.81055347506384
2011-03-25 20:00:00,159.6191707806615
2011-03-25 21:00:00,122.19058213295642
2011-03-25 22:00:00,85.25850921677367
2011-03-25 23:00:00,51.02810599684096
2011-03-26 00:00:00,64.53686195689893
2011-03-26 01:00:00,55.90195396390031
2011-03-26 02:00:00,35.052769720388085
2011-03-26 03:00:00,14.538755718028385
2011-03-26 04:00:00,5.193462598991481
2011-03-26 05:00:00,4.1253441398750565
2011-03-26 06:00:00,9.408417992789099
2011-03-26 07:00:00,26.038601524583253
2011-03-26 08:00:00,85.54387279409006
2011-03-26 09:00:00,176.02340937648916
2011-03-26 10:00:00,227.2447228257953
2011-03-26 11:00:00,283.7843727895875
2011-03-26 12:00:00,322.464272224195
2011-03-26 13:00:00,310.9805899162557
2011-03-26 14:00:00,300.2303756807757
2011-03-26 15:00:00,297.2049311848402
2011-03-26 16:00:00,277.9265996921066
2011-03-26 17:00:00,231.58714749097945
2011-03-26 18:00:00,208.0650989006709
2011-03-26 19:00:00,152.03264517058696
2011-03-26 20:00:00,118.07689515235673
2011-03-26 21:00:00,92.55045459062659
2011-03-26 22:00:00,83.65096307093023
2011-03-26 23:00:00,59.42762880804061
2011-03-27 00:00:00,72.44997785282557
2011-03-27 01:00:00,49.7385489329358
2011-03-27 02:00:00,30.75150331701506
2011-03-27 03:00:00,11.583825208808133
2011-03-27 04:00:00,4.303504344719529
2011-03-27 06:00:00,5.327420084263631
2011-03-27 07:00:00,14.095078674607434
2011-03-27 08:00:00,57.01471783624993
2011-03-27 09:00:00,145.84515708854116
2011-03-27 10:00:00,157.1357270265713
2011-03-27 11:00:00,226.8341404614294
2011-03-27 12:00:00,263.10836427094847
2011-03-27 13:00:00,311.15778485423954
2011-03-27 14:00:00,327.2330442844054
2011-03-27 15:00:00,275.90156028473245
2011-03-27 16:00:00,327.1624243613542
2011-03-27 17:00:00,231.77193406179012
2011-03-27 18:00:00,203.14703466108162
2011-03-27 19:00:00,162.8983718804561
2011-03-27 20:00:00,139.19376192164145
2011-03-27 21:00:00,105.30524496538116
2011-03-27 22:00:00,88.95419063175062
2011-03-27 23:00:00,60.275745849362586
2011-03-28 00:00:00,17.87980090088254
2011-03-28 01:00:00,7.990996153152143
2011-03-28 02:00:00,4.107693173858297
2011-03-28 03:00:00,2.673142193901593
2011-03-28 05:00:00,11.474218747904004
2011-03-28 06:00:00,55.570133853422256
2011-03-28 07:00:00,162.02774827511948
2011-03-28 08:00:00,351.34015650206607
2011-03-28 09:00:00,184.35477810600818
2011-03-28 10:00:00,94.89338300949287
2011-03-28 11:00:00,95.95460740326251
2011-03-28 12:00:00,117.85723976024696
2011-03-28 13:00:00,133.42513055373166
2011-03-28 14:00:00,113.28207918848294
2011-03-28 15:00:00,119.2149076237987
2011-03-28 16:00:00,199.73665955228097
2011-03-28 17:00:00,353.89966596172815
2011-03-28 18:00:00,285.71127322554554
2011-03-28 19:00:00,224.01024676956868
2011-03-28 20:00:00,160.46973779058
2011-03-28 21:00:00,120.82879398004351
2011-03-28 22:00:00,92.90283042460473
2011-03-28 23:00:00,56.47105787400567
2011-03-29 00:00:00,20.90325763935901
2011-03-29 01:00:00,8.096765819044943
2011-03-29 02:00:00,4.440066426334984
2011-03-29 03:00:00,2.73079583035305
2011-03-29 04:00:00,2.5185689374328937
2011-03-29 05:00:00,14.13390073054544
2011-03-29 06:00:00,62.421580015022826
2011-03-29 07:00:00,186.19018799824454
2011-03-29 08:00:00,416.984382958723
2011-03-29 09:00:00,216.7539045044405
2011-03-29 10:00:00,108.76548243125714
2011-03-29 11:00:00,106.93597404638678
2011-03-29 12:00:00,155.17106368167757
2011-03-29 13:00:00,134.4134138593377
2011-03-29 14:00:00,135.97465878293937
2011-03-29 15:00:00,171.9511496855683
2011-03-29 16:00:00,239.21762334769696
2011-03-29 17:00:00,472.25602606338884
2011-03-29 18:00:00,414.052086680902
2011-03-29 19:00:00,253.15292914421272
2011-03-29 20:00:00,201.65546873225375
2011-03-29 21:00:00,145.84090047955934
2011-03-29 22:00:00,104.23205308535715
2011-03-29 23:00:00,58.683395527299986
2011-03-30 00:00:00,23.596819290308662
2011-03-30 01:00:00,11.000529907827243
2011-03-30 02:00:00,5.261939897945158
2011-03-30 03:00:00,3.261766408196553
2011-03-30 04:00:00,3.2593823221599796
2011-03-30 05:00:00,18.241502688161503
2011-03-30 06:00:00,84.56536600796481
2011-03-30 07:00:00,258.292021086783
2011-03-30 08:00:00,467.39009001674674
2011-03-30 09:00:00,224.6198568952463
2011-03-30 10:00:00,120.88885384368416
2011-03-30 11:00:00,119.43890104249142
2011-03-30 12:00:00,153.0064407790052
2011-03-30 13:00:00,156.28714436283684
2011-03-30 14:00:00,126.53915595991721
2011-03-30 15:00:00,50.610930722027874
2011-03-30 16:00:00,59.54694849402998
2011-03-30 17:00:00,106.05352367491443
2011-03-30 18:00:00,154.2408524186968
2011-03-30 19:00:00,109.61315548935634
2011-03-30 20:00:00,39.912911581891684
2011-03-30 21:00:00,54.02424503205034
2011-03-30 22:00:00,28.7522876213608
2011-03-30 23:00:00,15.97743498591877
2011-03-31 00:00:00,8.751719905143753
2011-03-31 01:00:00,4.397926403024917
2011-03-31 02:00:00,2.4800119790801562
2011-03-31 03:00:00,1.4850500908631799
2011-03-31 04:00:00,1.5152142455906918
2011-03-31 05:00:00,7.350616796762594
2011-03-31 06:00:00,27.1524384092663
2011-03-31 07:00:00,87.87716716419479
2011-03-31 08:00:00,223.79589862954035
2011-03-31 09:00:00,74.72961153189478
2011-03-31 10:00:00,30.800385410370342
2011-03-31 11:00:00,31.12775280354286
2011-03-31 12:00:00,34.38205337352772
2011-03-31 13:00:00,49.39684461521371
2011-03-31 14:00:00,43.44698335075884
2011-03-31 15:00:00,37.38830634514988
2011-03-31 16:00:00,104.41441783570271
2011-03-31 17:00:00,208.56446070330563
2011-03-31 18:00:00,218.95991134736641
2011-03-31 19:00:00,154.7060688234895
2011-03-31 20:00:00,43.746510177717866
2011-03-31 21:00:00,68.86239067932304
2011-03-31 22:00:00,29.056692515745084
2011-03-31 23:00:00,14.840544767250956
2011-04-20 00:00:00,20.760169897644072
2011-04-20 01:00:00,8.188140276005859
2011-04-20 02:00:00,5.150706664075017
2011-04-20 03:00:00,3.0058910844571476
2011-04-20 04:00:00,2.201985019408615
2011-04-20 05:00:00,13.476526758820915
2011-04-20 06:00:00,76.73803236004345
2011-04-20 07:00:00,217.14790669650773
2011-04-20 08:00:00,405.74582713804386
2011-04-20 09:00:00,240.75344709091402
2011-04-20 10:00:00,128.60417071649096
2011-04-20 11:00:00,135.31173063871734
2011-04-20 12:00:00,187.71553484035064
2011-04-20 13:00:00,175.74900794628076
2011-04-20 14:00:00,193.56470199481438
2011-04-20 15:00:00,218.18780865550934
2011-04-20 16:00:00,326.84897666090274
2011-04-20 17:00:00,675.0759022488064
2011-04-20 18:00:00,632.837780273831
2011-04-20 19:00:00,487.3675614577453
2011-04-20 20:00:00,352.186696094486
2011-04-20 21:00:00,236.5652732313491
2011-04-20 22:00:00,184.70215106311696
2011-04-20 23:00:00,108.68670156051691
2011-04-21 00:00:00,36.61431677008908
2011-04-21 01:00:00,13.973289081700141
2011-04-21 02:00:00,8.110088048958005
2011-04-21 03:00:00,3.3130765295818203
2011-04-21 04:00:00,3.0947874384741203
2011-04-21 05:00:00,16.977129458724605
2011-04-21 06:00:00,69.31354119373728
2011-04-21 07:00:00,253.34767049194747
2011-04-21 08:00:00,377.9581818365904
2011-04-21 09:00:00,220.58537753387398
2011-04-21 10:00:00,130.71700343057825
2011-04-21 11:00:00,154.65144822589357
2011-04-21 12:00:00,225.17868584022938
2011-04-21 13:00:00,212.12886588053908
2011-04-21 14:00:00,168.78446276578475
2011-04-21 15:00:00,207.36804272356306
2011-04-21 16:00:00,307.39974094789125
2011-04-21 17:00:00,608.4334767631779
2011-04-21 18:00:00,528.4236853629011
2011-04-21 19:00:00,368.7332835228827
2011-04-21 20:00:00,267.5438806472294
2011-04-21 21:00:00,164.3587965297312
2011-04-21 22:00:00,152.50076205226736
2011-04-21 23:00:00,86.93507404071387
2011-04-22 00:00:00,25.489570527459513
2011-04-22 01:00:00,11.145507106973511
2011-04-22 02:00:00,5.939581294501269
2011-04-22 03:00:00,3.6165177021942867
2011-04-22 04:00:00,3.271681070482481
2011-04-22 05:00:00,19.19227415700792
2011-04-22 06:00:00,85.44190671717462
2011-04-22 07:00:00,240.34754952934156
2011-04-22 08:00:00,444.4420992043733
2011-04-22 09:00:00,134.57218078513822
2011-04-22 10:00:00,110.4716006273536
2011-04-22 11:00:00,66.22964336365398
2011-04-22 12:00:00,74.46245731380625
2011-04-22 13:00:00,45.43010190968798
2011-04-22 14:00:00,38.47477815018403
2011-04-22 15:00:00,44.156023060545806
2011-04-22 16:00:00,68.05458040737214
2011-04-22 17:00:00,109.16305214029508
2011-04-22 18:00:00,99.76201555414788
2011-04-22 19:00:00,70.79905353898066
2011-04-22 20:00:00,54.42049892118723
2011-04-22 21:00:00,40.04630489544228
2011-04-22 22:00:00,24.680004166874998
2011-04-22 23:00:00,20.553996045103837
2011-04-23 00:00:00,22.96458113077309
2011-04-23 01:00:00,21.8875702822884
2011-04-23 02:00:00,15.229908655393196
2011-04-23 03:00:00,7.620395366203422
2011-04-23 04:00:00,2.389098243710681
2011-04-23 05:00:00,2.3915285851401586
2011-04-23 06:00:00,7.971877816110509
2011-04-23 07:00:00,12.036258365118838
2011-04-23 08:00:00,45.33799117762821
2011-04-23 09:00:00,63.63432920473869
2011-04-23 10:00:00,133.83347523211725
2011-04-23 11:00:00,161.80619066949208
2011-04-23 12:00:00,253.4308255615928
2011-04-23 13:00:00,259.39688886381555
2011-04-23 14:00:00,264.35032775067714
2011-04-23 15:00:00,325.4338629828962
2011-04-23 16:00:00,320.6242088342885
2011-04-23 17:00:00,304.11406620688103
2011-04-23 18:00:00,226.94106308231682
2011-04-23 19:00:00,165.4095000067545
2011-04-23 20:00:00,107.4493965555359
2011-04-23 21:00:00,92.74162476413011
2011-04-23 22:00:00,90.97922148247042
2011-04-23 23:00:00,65.27904713761627
2011-04-24 00:00:00,74.5234028192691
2011-04-24 01:00:00,53.79338641559156
2011-04-24 02:00:00,43.798299757190776
2011-04-24 03:00:00,20.19415891076327
2011-04-24 04:00:00,6.245870013838465
2011-04-24 05:00:00,6.7258026528260295
2011-04-24 06:00:00,9.72118743674034
2011-04-24 07:00:00,24.490879484711034
2011-04-24 08:00:00,87.58393144349907
2011-04-24 09:00:00,169.12713248265956
2011-04-24 10:00:00,262.6741816611476
2011-04-24 11:00:00,322.67077564235603
2011-04-24 12:00:00,378.1038438272531
2011-04-24 13:00:00,379.95927640951123
2011-04-24 14:00:00,395.04297494181515
2011-04-24 15:00:00,392.5237058104631
2011-04-24 16:00:00,366.12105641785087
2011-04-24 17:00:00,331.07297565225025
2011-04-24 18:00:00,297.3347998140071
2011-04-24 19:00:00,109.28815629414301
2011-04-24 20:00:00,79.94041816598696
2011-04-24 21:00:00,52.33192167885234
2011-04-24 22:00:00,35.82165425285927
2011-04-24 23:00:00,29.24582626801475
2011-04-25 00:00:00,9.678866723907564
2011-04-25 01:00:00,7.287485094519681
2011-04-25 02:00:00,4.536706141702758
2011-04-25 03:00:00,2.1898989573266103
2011-04-25 04:00:00,2.3650153218516974
2011-04-25 05:00:00,11.546249439792732
2011-04-25 06:00:00,53.496654761725225
2011-04-25 07:00:00,179.73364610451512
2011-04-25 08:00:00,475.40913658709803
2011-04-25 09:00:00,243.3883536757425
2011-04-25 10:00:00,122.0929590762031
2011-04-25 11:00:00,126.96336330873699
2011-04-25 12:00:00,146.4782080812505
2011-04-25 13:00:00,171.44706303176088
2011-04-25 14:00:00,168.97770004967916
2011-04-25 15:00:00,187.7510016818627
2011-04-25 16:00:00,275.16465657085837
2011-04-25 17:00:00,515.6769330880594
2011-04-25 18:00:00,498.29741033534776
2011-04-25 19:00:00,336.5901745099833
2011-04-25 20:00:00,234.49414454204924
2011-04-25 21:00:00,176.02325148028743
2011-04-25 22:00:00,128.9567189123639
2011-04-25 23:00:00,65.5170396126935
2011-04-26 00:00:00,28.52735301952486
2011-04-26 01:00:00,12.377615414611418
2011-04-26 02:00:00,5.935036794964321
2011-04-26 03:00:00,3.112326451142448
2011-04-26 04:00:00,3.855646805976258
2011-04-26 05:00:00,18.66448863993066
2011-04-26 06:00:00,92.16350334610384
2011-04-26 07:00:00,282.20692922072374
2011-04-26 08:00:00,441.04807443894134
2011-04-26 09:00:00,221.74141703202366
2011-04-26 10:00:00,114.07616865462704
2011-04-26 11:00:00,133.74399690457975
2011-04-26 12:00:00,169.9937992746997
2011-04-26 13:00:00,159.97232034584758
2011-04-26 14:00:00,147.0627195849933
2011-04-26 15:00:00,175.7793131747859
2011-04-26 16:00:00,251.92935958763894
2011-04-26 17:00:00,523.8501425217904
2011-04-26 18:00:00,445.94019703304656
2011-04-26 19:00:00,300.0052910060351
2011-04-26 20:00:00,215.66894113000401
2011-04-26 21:00:00,139.51858863715793
2011-04-26 22:00:00,102.32218882752143
2011-04-26 23:00:00,64.48865986861944
2011-04-27 00:00:00,28.016536303002642
2011-04-27 01:00:00,12.246170554744976
2011-04-27 02:00:00,5.828847599960423
2011-04-27 03:00:00,2.752331511724984
2011-04-27 04:00:00,3.1052519914999057
2011-04-27 05:00:00,14.29404914836719
2011-04-27 06:00:00,78.45945304155087
2011-04-27 07:00:00,213.81085073523522
2011-04-27 08:00:00,330.8630856879013
2011-04-27 09:00:00,134.04190893270123
2011-04-27 10:00:00,91.68981146744899
2011-04-27 11:00:00,109.19273627044196
2011-04-27 12:00:00,128.25324730273658
2011-04-27 13:00:00,124.65883516085754
2011-04-27 14:00:00,127.29264709709472
2011-04-27 15:00:00,157.02633505035863
2011-04-27 16:00:00,232.1242219863262
2011-04-27 17:00:00,258.2931167444837
2011-04-27 18:00:00,243.06615902246926
2011-04-27 19:00:00,259.9348256360611
2011-04-27 20:00:00,174.41159009543856
2011-04-27 21:00:00,116.92843977548944
2011-04-27 22:00:00,79.28282876602574
2011-04-27 23:00:00,43.059620862837974
2011-04-28 00:00:00,26.5240892969602
2011-04-28 01:00:00,9.155099050459699
2011-04-28 02:00:00,5.307156979436409
2011-04-28 03:00:00,3.5935620293850876
2011-04-28 04:00:00,3.2438383620942184
2011-04-28 05:00:00,17.332227555792876
2011-04-28 06:00:00,84.41278687990452
2011-04-28 07:00:00,249.519134368837
2011-04-28 08:00:00,412.944375117581
2011-04-28 09:00:00,96.63437356229565
2011-04-28 10:00:00,77.99472959129561
2011-04-28 11:00:00,98.17690806507335
2011-04-28 12:00:00,131.19547301013642
2011-04-28 13:00:00,102.7445954051545
2011-04-28 14:00:00,114.09167715193827
2011-04-28 15:00:00,145.98009230192196
2011-04-28 16:00:00,198.97032723932148
2011-04-28 17:00:00,540.9460978379478
2011-04-28 18:00:00,507.61487169537304
2011-04-28 19:00:00,424.3147246282872
2011-04-28 20:00:00,281.97275001693765
2011-04-28 21:00:00,187.69274832125
2011-04-28 22:00:00,146.08236198756475
2011-04-28 23:00:00,107.71149722326878
2011-04-29 00:00:00,36.47755268516797
2011-04-29 01:00:00,13.156731405913204
2011-04-29 02:00:00,6.927157049637526
2011-04-29 03:00:00,4.399920109875435
2011-04-29 04:00:00,4.32288408841417
2011-04-29 05:00:00,24.540598339669916
2011-04-29 06:00:00,113.31078882608588
2011-04-29 07:00:00,422.85477682728657
2011-04-29 08:00:00,589.3782004569664
2011-04-29 09:00:00,307.2058939016166
2011-04-29 10:00:00,163.03584889519186
2011-04-29 11:00:00,184.32302687802027
2011-04-29 12:00:00,226.19879793494857
2011-04-29 13:00:00,221.38679783608896
2011-04-29 14:00:00,191.61103935525796
2011-04-29 15:00:00,173.50815766794835
2011-04-29 16:00:00,252.10823309659358
2011-04-29 17:00:00,430.46719164840727
2011-04-29 18:00:00,447.1200299799072
2011-04-29 19:00:00,283.7495755912379
2011-04-29 20:00:00,218.50091554523095
2011-04-29 21:00:00,168.2619394473615
2011-04-29 22:00:00,117.52140926121949
2011-04-29 23:00:00,67.12603613055359
2011-04-30 00:00:00,56.496520768266684
2011-04-30 01:00:00,52.82426752299114
2011-04-30 02:00:00,37.695246147284266
2011-04-30 03:00:00,19.621095907950796
2011-04-30 04:00:00,6.19489997035494
2011-04-30 05:00:00,6.036354581311033
2011-04-30 06:00:00,12.957657543409846
2011-04-30 07:00:00,31.580472411032503
2011-04-30 08:00:00,80.93961393432959
2011-04-30 09:00:00,146.1650241002219
2011-04-30 10:00:00,222.487791889023
2011-04-30 11:00:00,369.4279105783224
2011-04-30 12:00:00,462.3401728657117
2011-04-30 13:00:00,477.1263595043895
2011-04-30 14:00:00,469.49561656318525
2011-04-30 15:00:00,478.01389167750983
2011-04-30 16:00:00,468.2956194166782
2011-04-30 17:00:00,424.0483838635319
2011-04-30 18:00:00,358.09146854976586
2011-04-30 19:00:00,310.03542136283863
2011-04-30 20:00:00,139.58026729304953
2011-04-30 21:00:00,117.1745133752043
2011-04-30 22:00:00,93.69347275394028
2011-04-30 23:00:00,72.78289171467051
2011-05-20 00:00:00,29.45646943415456
2011-05-20 01:00:00,11.709278206462674
2011-05-20 02:00:00,6.264268808389001
2011-05-20 03:00:00,3.59299859055966
2011-05-20 04:00:00,4.340996682461576
2011-05-20 05:00:00,21.941128521550255
2011-05-20 06:00:00,120.50315400394092
2011-05-20 07:00:00,385.67355123331134
2011-05-20 08:00:00,591.6646406901071
2011-05-20 09:00:00,280.5050018753596
2011-05-20 10:00:00,175.81381641435237
2011-05-20 11:00:00,180.69579229551204
2011-05-20 12:00:00,246.35521754180007
2011-05-20 13:00:00,164.1483469106077
2011-05-20 14:00:00,234.10022226295425
2011-05-20 15:00:00,236.27817343108126
2011-05-20 16:00:00,360.7816364639053
2011-05-20 17:00:00,686.1057209857943
2011-05-20 18:00:00,659.2743541502821
2011-05-20 19:00:00,419.39710531577435
2011-05-20 20:00:00,308.15955868487237
2011-05-20 21:00:00,226.4809771573155
2011-05-20 22:00:00,179.727929613573
2011-05-20 23:00:00,118.75938952578278
2011-05-21 00:00:00,140.9451288454479
2011-05-21 01:00:00,109.21277396121512
2011-05-21 02:00:00,87.9427527712582
2011-05-21 03:00:00,32.463565341552574
2011-05-21 04:00:00,9.499731451729428
2011-05-21 05:00:00,9.922518411460574
2011-05-21 06:00:00,21.821868406696698
2011-05-21 07:00:00,60.14592404131597
2011-05-21 08:00:00,123.66960767772447
2011-05-21 09:00:00,227.77962608812373
2011-05-21 10:00:00,348.8640883099744
2011-05-21 11:00:00,453.9122126231458
2011-05-21 12:00:00,518.5662868194997
2011-05-21 13:00:00,544.3582923755564
2011-05-21 14:00:00,560.1293351254856
2011-05-21 15:00:00,567.7187851388467
2011-05-21 16:00:00,571.7561494897441
2011-05-21 17:00:00,512.2366708598552
2011-05-21 18:00:00,446.71042206912244
2011-05-21 19:00:00,371.2114079161478
2011-05-21 20:00:00,251.14667945683763
2011-05-21 21:00:00,219.00901653202956
2011-05-21 22:00:00,181.60067685476167
2011-05-21 23:00:00,114.75647988061273
2011-05-22 00:00:00,104.85765647060398
2011-05-22 01:00:00,84.72438498982383
2011-05-22 02:00:00,64.44931740745633
2011-05-22 03:00:00,24.31851515680768
2011-05-22 04:00:00,7.571068090383546
2011-05-22 05:00:00,7.8737360496421385
2011-05-22 06:00:00,19.052183319114953
2011-05-22 07:00:00,55.59473854153588
2011-05-22 08:00:00,143.64377323278885
2011-05-22 09:00:00,234.89233706590522
2011-05-22 10:00:00,331.5122120066284
2011-05-22 11:00:00,479.0011992228082
2011-05-22 12:00:00,532.010334144322
2011-05-22 13:00:00,527.1545722251302
2011-05-22 14:00:00,347.83338740431924
2011-05-22 15:00:00,527.0463756734165
2011-05-22 16:00:00,544.7745480150704
2011-05-22 17:00:00,470.69999738031277
2011-05-22 18:00:00,404.1011591813178
2011-05-22 19:00:00,347.66004623887983
2011-05-22 20:00:00,255.9307420269554
2011-05-22 21:00:00,201.93909069244972
2011-05-22 22:00:00,157.8774932093362
2011-05-22 23:00:00,95.06647174252102
2011-05-23 00:00:00,32.72994689709927
2011-05-23 01:00:00,17.57447661258896
2011-05-23 02:00:00,6.756858723387449
2011-05-23 03:00:00,3.3155901174460523
2011-05-23 04:00:00,4.456872343283342
2011-05-23 05:00:00,21.492548497062156
2011-05-23 06:00:00,80.74694918991551
2011-05-23 07:00:00,281.54742058954844
2011-05-23 08:00:00,490.880800973462
2011-05-23 09:00:00,236.3863987272538
2011-05-23 10:00:00,151.4968117301658
2011-05-23 11:00:00,171.50864533693752
2011-05-23 12:00:00,221.75283407579923
2011-05-23 13:00:00,219.2131415017362
2011-05-23 14:00:00,198.4514485233231
2011-05-23 15:00:00,220.07678928551655
2011-05-23 16:00:00,337.10617435715164
2011-05-23 17:00:00,490.6922160217085
2011-05-23 18:00:00,519.0123203670569
2011-05-23 19:00:00,392.8304559114001
2011-05-23 20:00:00,272.8505126744219
2011-05-23 21:00:00,197.57741136380295
2011-05-23 22:00:00,122.01989411196469
2011-05-23 23:00:00,83.8196745213883
2011-05-24 00:00:00,25.801816337644468
2011-05-24 01:00:00,13.688147353634195
2011-05-24 02:00:00,7.028981493931604
2011-05-24 03:00:00,4.419345294558555
2011-05-24 04:00:00,5.458457450546321
2011-05-24 05:00:00,20.579502525684713
2011-05-24 06:00:00,95.67908996744215
2011-05-24 07:00:00,247.3372477829297
2011-05-24 08:00:00,314.61611719111244
2011-05-24 09:00:00,278.7704499013763
2011-05-24 10:00:00,166.10599259907775
2011-05-24 11:00:00,197.0020984928446
2011-05-24 12:00:00,246.77248752680498
2011-05-24 13:00:00,238.21683521572524
2011-05-24 14:00:00,213.5882447832527
2011-05-24 15:00:00,177.87762649884863
2011-05-24 16:00:00,330.5162142046705
2011-05-24 17:00:00,704.046464793174
2011-05-24 18:00:00,626.3311451048476
2011-05-24 19:00:00,407.5998761028499
2011-05-24 20:00:00,309.3862587096877
2011-05-24 21:00:00,228.25722628197218
2011-05-24 22:00:00,83.80798182484875
2011-05-24 23:00:00,96.7931223760752
2011-05-25 00:00:00,29.674625456511897
2011-05-25 01:00:00,13.535642095336845
2011-05-25 02:00:00,6.959571347406945
2011-05-25 03:00:00,4.291668265922259
2011-05-25 04:00:00,4.322103396132293
2011-05-25 05:00:00,29.207627589679706
2011-05-25 06:00:00,112.21937899781825
2011-05-25 07:00:00,400.5111991144309
2011-05-25 08:00:00,564.2527317967587
2011-05-25 09:00:00,305.51476185952674
2011-05-25 10:00:00,185.32525288243053
2011-05-25 11:00:00,196.20495081024998
2011-05-25 12:00:00,256.16997884374166
2011-05-25 13:00:00,244.74644412073593
2011-05-25 14:00:00,228.95634684559218
2011-05-25 15:00:00,240.39958335667225
2011-05-25 16:00:00,336.18357752331747
2011-05-25 17:00:00,691.457505579558
2011-05-25 18:00:00,643.0413517652788
2011-05-25 19:00:00,477.84733318057334
2011-05-25 20:00:00,357.9588455252674
2011-05-25 21:00:00,255.45464451560497
2011-05-25 22:00:00,186.64488254807793
2011-05-25 23:00:00,132.5492553233117
2011-05-26 00:00:00,51.43477311799345
2011-05-26 01:00:00,22.87159519233092
2011-05-26 02:00:00,11.09822035040183
2011-05-26 03:00:00,5.44846133957737
2011-05-26 04:00:00,5.1243159593023035
2011-05-26 05:00:00,24.380576837292853
2011-05-26 06:00:00,78.65834850189663
2011-05-26 07:00:00,244.16396712385335
2011-05-26 08:00:00,610.9770068704509
2011-05-26 09:00:00,299.72338764844295
2011-05-26 10:00:00,147.47767050694782
2011-05-26 11:00:00,184.05142260096503
2011-05-26 12:00:00,215.76431814624482
2011-05-26 13:00:00,211.1282374142317
2011-05-26 14:00:00,200.80168338055688
2011-05-26 15:00:00,225.65389633375705
2011-05-26 16:00:00,327.40329365629213
2011-05-26 17:00:00,654.2391573837928
2011-05-26 18:00:00,601.1456895338562
2011-05-26 19:00:00,426.4282910079878
2011-05-26 20:00:00,334.0012571158527
2011-05-26 21:00:00,261.97174024773926
2011-05-26 22:00:00,202.4388490293531
2011-05-26 23:00:00,130.93975071640517
2011-05-27 00:00:00,49.89227721424715
2011-05-27 01:00:00,20.682105222782848
2011-05-27 02:00:00,11.94188891788206
2011-05-27 03:00:00,6.268443741387774
2011-05-27 04:00:00,6.360657811744768
2011-05-27 05:00:00,30.270566404617277
2011-05-27 06:00:00,144.76013558983715
2011-05-27 07:00:00,397.8591126670588
2011-05-27 08:00:00,538.550358558055
2011-05-27 09:00:00,280.27203297018445
2011-05-27 10:00:00,173.85419703155804
2011-05-27 11:00:00,185.39787367900954
2011-05-27 12:00:00,227.18555540685557
2011-05-27 13:00:00,233.54245456449743
2011-05-27 14:00:00,219.94086469319214
2011-05-27 15:00:00,225.9761157506548
2011-05-27 16:00:00,342.6547445092401
2011-05-27 17:00:00,623.2188979101223
2011-05-27 18:00:00,624.2531001457131
2011-05-27 19:00:00,264.33746375511544
2011-05-27 20:00:00,301.9641161519455
2011-05-27 21:00:00,218.19089470616333
2011-05-27 22:00:00,187.6743693544952
2011-05-27 23:00:00,94.55825195491215
2011-05-28 00:00:00,111.59078617957445
2011-05-28 01:00:00,89.20380924005734
2011-05-28 02:00:00,61.02458884370189
2011-05-28 03:00:00,32.753106809433255
2011-05-28 04:00:00,10.078591066144003
2011-05-28 05:00:00,10.76400528834785
2011-05-28 06:00:00,21.802625104631232
2011-05-28 07:00:00,54.96143998498818
2011-05-28 08:00:00,129.1089505882385
2011-05-28 09:00:00,213.82076546701416
2011-05-28 10:00:00,339.3416270101294
2011-05-28 11:00:00,440.7327070339697
2011-05-28 12:00:00,497.1835086126292
2011-05-28 13:00:00,507.38989699564576
2011-05-28 14:00:00,499.50911718713263
2011-05-28 15:00:00,509.35040540347154
2011-05-28 16:00:00,472.62561035410386
2011-05-28 17:00:00,439.4693659933673
2011-05-28 18:00:00,393.24566640681815
2011-05-28 19:00:00,334.83841828104084
2011-05-28 20:00:00,258.96174626174997
2011-05-28 21:00:00,178.66820981716796
2011-05-28 22:00:00,155.9016327544403
2011-05-28 23:00:00,114.93344277869927
2011-05-29 00:00:00,129.28154193557248
2011-05-29 01:00:00,105.97137017828595
2011-05-29 02:00:00,81.25524050496344
2011-05-29 03:00:00,35.969718651950295
2011-05-29 04:00:00,10.471132436142582
2011-05-29 05:00:00,9.55528629927003
2011-05-29 06:00:00,17.878696178953366
2011-05-29 07:00:00,43.69994955017381
2011-05-29 08:00:00,106.84977229560684
2011-05-29 09:00:00,123.40615318074398
2011-05-29 10:00:00,289.5433014924238
2011-05-29 11:00:00,338.32135421000675
2011-05-29 12:00:00,423.402664366031
2011-05-29 13:00:00,436.0748956256482
2011-05-29 14:00:00,424.75616416978806
2011-05-29 15:00:00,419.46881734024487
2011-05-29 16:00:00,425.0466112285011
2011-05-29 17:00:00,397.52719786559084
2011-05-29 18:00:00,303.3796251923777
2011-05-29 19:00:00,276.24191428327777
2011-05-29 20:00:00,218.13045201431865
2011-05-29 21:00:00,188.29845478622673
2011-05-29 22:00:00,143.2725360601951
2011-05-29 23:00:00,112.36786115512527
2011-05-30 00:00:00,71.75054409250711
2011-05-30 01:00:00,47.83785885434986
2011-05-30 02:00:00,29.370205441827505
2011-05-30 03:00:00,11.465266813525979
2011-05-30 04:00:00,9.704630309756219
2011-05-30 05:00:00,11.566905385823057
2011-05-30 06:00:00,33.43357361361005
2011-05-30 07:00:00,85.33716410501003
2011-05-30 08:00:00,239.8940438934968
2011-05-30 09:00:00,286.59869805804965
2011-05-30 10:00:00,313.6364836305949
2011-05-30 11:00:00,360.9994407643253
2011-05-30 12:00:00,387.45756045114246
2011-05-30 13:00:00,406.091339177538
2011-05-30 14:00:00,408.907722703442
2011-05-30 15:00:00,411.59603901877017
2011-05-30 16:00:00,425.7426808725715
2011-05-30 17:00:00,498.5673037583232
2011-05-30 18:00:00,482.3920072729909
2011-05-30 19:00:00,366.7400684978014
2011-05-30 20:00:00,311.7713399395879
2011-05-30 21:00:00,260.936842904064
2011-05-30 22:00:00,203.80828437944712
2011-05-30 23:00:00,112.79928243299136
2011-05-31 00:00:00,47.03314953655024
2011-05-31 01:00:00,19.624046675636226
2011-05-31 02:00:00,8.888868419772955
2011-05-31 03:00:00,4.237350903337537
2011-05-31 04:00:00,5.988450345012315
2011-05-31 05:00:00,32.72717855255388
2011-05-31 06:00:00,143.93494959984668
2011-05-31 07:00:00,371.6881915980589
2011-05-31 08:00:00,576.0540649524137
2011-05-31 09:00:00,285.87897757549047
2011-05-31 10:00:00,166.88587467691505
2011-05-31 11:00:00,177.35943291890348
2011-05-31 12:00:00,229.4493876394666
2011-05-31 13:00:00,219.26891323015866
2011-05-31 14:00:00,204.46465532672914
2011-05-31 15:00:00,234.14064394457512
2011-05-31 16:00:00,321.43204752660023
2011-05-31 17:00:00,640.2636696218722
2011-05-31 18:00:00,594.5522165611422
2011-05-31 19:00:00,453.21297310311616
2011-05-31 20:00:00,332.470769509476
2011-05-31 21:00:00,245.04761495810786
2011-05-31 22:00:00,206.407864758466
2011-05-31 23:00:00,112.50933975348136
2011-06-20 00:00:00,42.21718121460879
2011-06-20 01:00:00,16.97847941498156
2011-06-20 02:00:00,9.194506052468407
2011-06-20 03:00:00,3.2577301147395237
2011-06-20 04:00:00,3.6956025976787665
2011-06-20 05:00:00,19.863155093136182
2011-06-20 06:00:00,96.87702281955653
2011-06-20 07:00:00,173.24231518897423
2011-06-20 08:00:00,302.5033776907821
2011-06-20 09:00:00,255.9907247077876
2011-06-20 10:00:00,139.35668620478768
2011-06-20 11:00:00,160.72562084636783
2011-06-20 12:00:00,225.69908657713768
2011-06-20 13:00:00,229.89508314766712
2011-06-20 14:00:00,230.9805176885732
2011-06-20 15:00:00,246.78934798546555
2011-06-20 16:00:00,353.29716299113494
2011-06-20 17:00:00,670.920138497073
2011-06-20 18:00:00,650.4259753598564
2011-06-20 19:00:00,460.28708624491196
2011-06-20 20:00:00,319.3426155040806
2011-06-20 21:00:00,270.52540881479484
2011-06-20 22:00:00,183.4765978645463
2011-06-20 23:00:00,106.69344647207771
2011-06-21 00:00:00,47.964102308793734
2011-06-21 01:00:00,19.262755307117708
2011-06-21 02:00:00,7.301354258168654
2011-06-21 03:00:00,3.8862123104905253
2011-06-21 04:00:00,6.119314390831794
2011-06-21 05:00:00,27.05385540302302
2011-06-21 06:00:00,118.29808878666492
2011-06-21 07:00:00,278.16297302878115
2011-06-21 08:00:00,523.4616812521407
2011-06-21 09:00:00,235.32567062636988
2011-06-21 10:00:00,131.36872513342095
2011-06-21 11:00:00,167.91391571714968
2011-06-21 12:00:00,197.69390100165293
2011-06-21 13:00:00,214.85380348526206
2011-06-21 14:00:00,217.87463215655976
2011-06-21 15:00:00,223.54092886833246
2011-06-21 16:00:00,334.80308712738383
2011-06-21 17:00:00,635.8986075477533
2011-06-21 18:00:00,611.6127416030522
2011-06-21 19:00:00,388.1589050504244
2011-06-21 20:00:00,251.24510667101964
2011-06-21 21:00:00,221.46335786618334
2011-06-21 22:00:00,172.60682619451237
2011-06-21 23:00:00,115.5438653982845
2011-06-22 00:00:00,46.49198775662588
2011-06-22 01:00:00,20.6493615277334
2011-06-22 02:00:00,10.241915772741422
2011-06-22 03:00:00,6.1738384897690315
2011-06-22 04:00:00,7.168816593851562
2011-06-22 05:00:00,30.59230497233267
2011-06-22 06:00:00,138.1935275232096
2011-06-22 07:00:00,353.6007668526942
2011-06-22 08:00:00,598.9887998880272
2011-06-22 09:00:00,265.522935663468
2011-06-22 10:00:00,149.34202507775194
2011-06-22 11:00:00,180.44302801120293
2011-06-22 12:00:00,235.95774871746684
2011-06-22 13:00:00,218.27035995830065
2011-06-22 14:00:00,205.67139927754786
2011-06-22 15:00:00,215.44628851695325
2011-06-22 16:00:00,296.44254343343516
2011-06-22 17:00:00,642.4806148149644
2011-06-22 18:00:00,636.4274155626777
2011-06-22 19:00:00,485.8940136339779
2011-06-22 20:00:00,308.917103874607
2011-06-22 21:00:00,222.8368686681891
2011-06-22 22:00:00,165.66871359630983
2011-06-22 23:00:00,106.31461137486151
2011-06-23 00:00:00,42.32913141831041
2011-06-23 01:00:00,19.7567331991
2011-06-23 02:00:00,10.102573501734009
2011-06-23 03:00:00,6.160127568906825
2011-06-23 04:00:00,7.167264862578769
2011-06-23 05:00:00,34.23216165886271
2011-06-23 06:00:00,151.22345361195633
2011-06-23 07:00:00,395.0622988117114
2011-06-23 08:00:00,574.2287503032181
2011-06-23 09:00:00,300.63350978510783
2011-06-23 10:00:00,163.96858168958505
2011-06-23 11:00:00,139.88055020655062
2011-06-23 12:00:00,222.02364247483013
2011-06-23 13:00:00,218.98704764799157
2011-06-23 14:00:00,200.92625528732762
2011-06-23 15:00:00,238.63931575046956
2011-06-23 16:00:00,325.95493450702014
2011-06-23 17:00:00,608.6959806705659
2011-06-23 18:00:00,556.9761207930878
2011-06-23 19:00:00,394.5732360712181
2011-06-23 20:00:00,283.6683965369551
2011-06-23 21:00:00,219.44922323365176
2011-06-23 22:00:00,171.7736199745564
2011-06-23 23:00:00,104.17587312891762
2011-06-24 00:00:00,43.61245088925993
2011-06-24 01:00:00,17.075224629740532
2011-06-24 02:00:00,8.762683955629255
2011-06-24 03:00:00,5.723825046461181
2011-06-24 04:00:00,7.032780777200252
2011-06-24 05:00:00,31.100246172124994
2011-06-24 06:00:00,143.55310348412544
2011-06-24 07:00:00,382.786560229408
2011-06-24 08:00:00,548.265003948159
2011-06-24 09:00:00,278.36450104522515
2011-06-24 10:00:00,164.2469434536103
2011-06-24 11:00:00,192.906481023197
2011-06-24 12:00:00,240.305983710169
2011-06-24 13:00:00,253.0492709927325
2011-06-24 14:00:00,222.62589607058578
2011-06-24 15:00:00,232.86188684547972
2011-06-24 16:00:00,359.01312639555414
2011-06-24 17:00:00,746.4689207506976
2011-06-24 18:00:00,671.3832830231024
2011-06-24 19:00:00,520.0673879148002
2011-06-24 20:00:00,365.0922116050519
2011-06-24 21:00:00,271.1955792069712
2011-06-24 22:00:00,207.84418782195337
2011-06-24 23:00:00,136.47726439926774
2011-06-25 00:00:00,149.26978429225622
2011-06-25 01:00:00,116.98150661650024
2011-06-25 02:00:00,90.78124558351033
2011-06-25 03:00:00,38.50387862268669
2011-06-25 04:00:00,12.623899901774212
2011-06-25 05:00:00,12.222844500618338
2011-06-25 06:00:00,26.75953553358447
2011-06-25 07:00:00,57.860692173196355
2011-06-25 08:00:00,145.16867211019726
2011-06-25 09:00:00,251.48654314405223
2011-06-25 10:00:00,368.3574453488439
2011-06-25 11:00:00,434.4628055148459
2011-06-25 12:00:00,522.5622202397507
2011-06-25 13:00:00,525.3407535671524
2011-06-25 14:00:00,491.37445142607675
2011-06-25 15:00:00,502.9389230001559
2011-06-25 16:00:00,496.77166277046746
2011-06-25 17:00:00,486.76231079607294
2011-06-25 18:00:00,435.6323664763453
2011-06-25 19:00:00,319.8080961019815
2011-06-25 20:00:00,281.0021046247732
2011-06-25 21:00:00,234.12442439300358
2011-06-25 22:00:00,202.6463900553632
2011-06-25 23:00:00,145.53771551477135
2011-06-26 00:00:00,140.18723656842795
2011-06-26 01:00:00,123.49260371892059
2011-06-26 02:00:00,90.3358803952546
2011-06-26 03:00:00,37.38235992890789
2011-06-26 04:00:00,12.346849653613168
2011-06-26 05:00:00,11.443756981029551
2011-06-26 06:00:00,24.739636844593758
2011-06-26 07:00:00,57.57039432241985
2011-06-26 08:00:00,148.0786785583308
2011-06-26 09:00:00,248.87810785392648
2011-06-26 10:00:00,337.5900331214188
2011-06-26 11:00:00,456.6484689927763
2011-06-26 12:00:00,551.1619167202682
2011-06-26 13:00:00,528.4276830936991
2011-06-26 14:00:00,551.6701716286792
2011-06-26 15:00:00,551.7876904691614
2011-06-26 16:00:00,528.855220865264
2011-06-26 17:00:00,532.442186629913
2011-06-26 18:00:00,450.74909831779854
2011-06-26 19:00:00,355.26620037677793
2011-06-26 20:00:00,286.66338686727784
2011-06-26 21:00:00,237.24277135970095
2011-06-26 22:00:00,188.97438283305155
2011-06-26 23:00:00,146.48279345701866
2011-06-27 00:00:00,40.14818251302826
2011-06-27 01:00:00,20.084536076059873
2011-06-27 02:00:00,9.827970485786686
2011-06-27 03:00:00,5.136947452609338
2011-06-27 04:00:00,6.598864052736628
2011-06-27 05:00:00,30.349071686420345
2011-06-27 06:00:00,146.90899595506212
2011-06-27 07:00:00,370.13909417320224
2011-06-27 08:00:00,583.7337146664566
2011-06-27 09:00:00,300.78117675195074
2011-06-27 10:00:00,176.31578235115137
2011-06-27 11:00:00,185.27661343976234
2011-06-27 12:00:00,241.08430738314806
2011-06-27 13:00:00,223.53206740119325
2011-06-27 14:00:00,214.403176522146
2011-06-27 15:00:00,236.64414226706268
2011-06-27 16:00:00,352.84767311771424
2011-06-27 17:00:00,692.5030758670891
2011-06-27 18:00:00,621.2374193058694
2011-06-27 19:00:00,462.2568526933779
2011-06-27 20:00:00,337.35245058361767
2011-06-27 21:00:00,255.66984446364188
2011-06-27 22:00:00,196.7535419543709
2011-06-27 23:00:00,125.22369451019027
2011-06-28 00:00:00,48.833286194355956
2011-06-28 01:00:00,21.298915081824568
2011-06-28 02:00:00,10.827149261594856
2011-06-28 03:00:00,6.251556152174368
2011-06-28 04:00:00,7.680183695151753
2011-06-28 05:00:00,34.245680568072295
2011-06-28 06:00:00,143.55766582536413
2011-06-28 07:00:00,360.5546418561997
2011-06-28 08:00:00,555.2420705799454
2011-06-28 09:00:00,275.94136812274064
2011-06-28 10:00:00,162.88542150684975
2011-06-28 11:00:00,178.85750811215624
2011-06-28 12:00:00,232.69461374728772
2011-06-28 13:00:00,216.16833302034064
2011-06-28 14:00:00,212.01290802234382
2011-06-28 15:00:00,222.8843175540197
2011-06-28 16:00:00,309.82244101120926
2011-06-28 17:00:00,492.53947791437855
2011-06-28 18:00:00,485.2753528436414
2011-06-28 19:00:00,414.70990855743844
2011-06-28 20:00:00,323.03172018963784
2011-06-28 21:00:00,239.02837771774819
2011-06-28 22:00:00,185.34433997262894
2011-06-28 23:00:00,118.7907945796204
2011-06-29 00:00:00,41.534917507302296
2011-06-29 01:00:00,17.609426429597995
2011-06-29 02:00:00,9.437036091221941
2011-06-29 03:00:00,5.719824476367931
2011-06-29 04:00:00,7.2095992314944
2011-06-29 05:00:00,32.246412730735855
2011-06-29 06:00:00,134.5312062094086
2011-06-29 07:00:00,406.99369997850494
2011-06-29 08:00:00,578.9743533997555
2011-06-29 09:00:00,289.0120653958887
2011-06-29 10:00:00,171.74045835343566
2011-06-29 11:00:00,202.40701323625038
2011-06-29 12:00:00,263.4992570483334
2011-06-29 13:00:00,215.0298058487042
2011-06-29 14:00:00,229.50627113128306
2011-06-29 15:00:00,236.8002082552794
2011-06-29 16:00:00,330.3379753765731
2011-06-29 17:00:00,638.9797787669003
2011-06-29 18:00:00,625.2979366913149
2011-06-29 19:00:00,459.68516560349485
2011-06-29 20:00:00,361.8334596566794
2011-06-29 21:00:00,295.00660085105
2011-06-29 22:00:00,231.68124030186894
2011-06-29 23:00:00,141.93824470776374
2011-06-30 00:00:00,51.19009187466599
2011-06-30 01:00:00,21.836967350413484
2011-06-30 02:00:00,10.919670512084142
2011-06-30 03:00:00,6.186917793749437
2011-06-30 04:00:00,8.098898619077907
2011-06-30 05:00:00,37.44890018049369
2011-06-30 06:00:00,155.3906454973245
2011-06-30 07:00:00,409.9876961987192
2011-06-30 08:00:00,635.3937245653036
2011-06-30 09:00:00,306.41098699465493
2011-06-30 10:00:00,191.37901733974033
2011-06-30 11:00:00,216.37005085463957
2011-06-30 12:00:00,257.3146754788314
2011-06-30 13:00:00,244.0498182650199
2011-06-30 14:00:00,224.17292998942705
2011-06-30 15:00:00,236.86813888629732
2011-06-30 16:00:00,358.0706579233466
2011-06-30 17:00:00,654.4138508281246
2011-06-30 18:00:00,662.2846961688856
2011-06-30 19:00:00,516.2684923241903
2011-06-30 20:00:00,381.7477876825876
2011-06-30 21:00:00,293.9062099786416
2011-06-30 22:00:00,226.00746015606308
2011-06-30 23:00:00,133.56099065936132
2011-07-20 00:00:00,42.988549840624785
2011-07-20 01:00:00,17.75981410122937
2011-07-20 02:00:00,9.041491888935125
2011-07-20 03:00:00,5.426324294064687
2011-07-20 04:00:00,6.287720963349112
2011-07-20 05:00:00,30.179482061502565
2011-07-20 06:00:00,132.76537150904988
2011-07-20 07:00:00,370.1322676613711
2011-07-20 08:00:00,546.136704328561
2011-07-20 09:00:00,272.04933524377225
2011-07-20 10:00:00,153.80111580703414
2011-07-20 11:00:00,173.2971383258301
2011-07-20 12:00:00,208.34927568004053
2011-07-20 13:00:00,209.55426820464908
2011-07-20 14:00:00,192.81753482818877
2011-07-20 15:00:00,211.8962658090367
2011-07-20 16:00:00,305.7027483108585
2011-07-20 17:00:00,595.2225792035376
2011-07-20 18:00:00,545.0898973736465
2011-07-20 19:00:00,374.98675910289717
2011-07-20 20:00:00,261.030331780897
2011-07-20 21:00:00,247.49295928988528
2011-07-20 22:00:00,193.98291309471682
2011-07-20 23:00:00,114.43663419883978
2011-07-21 00:00:00,48.489822693234004
2011-07-21 01:00:00,18.671165822867206
2011-07-21 02:00:00,9.33951969255299
2011-07-21 03:00:00,6.040045904602182
2011-07-21 04:00:00,7.161247393827226
2011-07-21 05:00:00,32.1720892144485
2011-07-21 06:00:00,138.1305099412504
2011-07-21 07:00:00,382.96818236420546
2011-07-21 08:00:00,568.0216554124959
2011-07-21 09:00:00,264.6672244636482
2011-07-21 10:00:00,127.56634638822321
2011-07-21 11:00:00,141.09714875057455
2011-07-21 12:00:00,171.8016706763163
2011-07-21 13:00:00,165.8247811873
2011-07-21 14:00:00,163.72815775246767
2011-07-21 15:00:00,193.0534761916897
2011-07-21 16:00:00,260.6003846131544
2011-07-21 17:00:00,521.3318086987528
2011-07-21 18:00:00,490.2409262712879
2011-07-21 19:00:00,317.4841107897072
2011-07-21 20:00:00,271.0834373851291
2011-07-21 21:00:00,186.442679268275
2011-07-21 22:00:00,175.3936053679542
2011-07-21 23:00:00,127.24939486807003
2011-07-22 00:00:00,43.29903982276157
2011-07-22 01:00:00,18.833123676651056
2011-07-22 02:00:00,9.792407120110814
2011-07-22 03:00:00,6.007317872182911
2011-07-22 04:00:00,7.265123174858265
2011-07-22 05:00:00,31.330738235239522
2011-07-22 06:00:00,150.08307646883438
2011-07-22 07:00:00,356.35399976767684
2011-07-22 08:00:00,479.4150823316215
2011-07-22 09:00:00,222.74367139310556
2011-07-22 10:00:00,134.78376966318606
2011-07-22 11:00:00,147.0326917217776
2011-07-22 12:00:00,184.82692322505883
2011-07-22 13:00:00,177.50278640492073
2011-07-22 14:00:00,156.32651163502752
2011-07-22 15:00:00,172.11837330087198
2011-07-22 16:00:00,235.38462138146807
2011-07-22 17:00:00,592.0279783414403
2011-07-22 18:00:00,617.8115029326307
2011-07-22 19:00:00,487.54583036503544
2011-07-22 20:00:00,319.1288386192648
2011-07-22 21:00:00,249.76848451136888
2011-07-22 22:00:00,200.01291576697267
2011-07-22 23:00:00,128.8821690841513
2011-07-23 00:00:00,125.34015102053837
2011-07-23 01:00:00,107.02658719525712
2011-07-23 02:00:00,78.69221530462363
2011-07-23 03:00:00,34.77604367251959
2011-07-23 04:00:00,11.182565899185366
2011-07-23 05:00:00,10.847807713437113
2011-07-23 06:00:00,24.963931918890026
2011-07-23 07:00:00,54.00698123045033
2011-07-23 08:00:00,121.458934805676
2011-07-23 09:00:00,204.6619272230633
2011-07-23 10:00:00,324.77974814056773
2011-07-23 11:00:00,387.2924094188453
2011-07-23 12:00:00,430.7575642915804
2011-07-23 13:00:00,409.28697828523883
2011-07-23 14:00:00,406.7985750430719
2011-07-23 15:00:00,407.88597850891733
2011-07-23 16:00:00,406.20857800649276
2011-07-23 17:00:00,386.37275040933463
2011-07-23 18:00:00,335.4284793781745
2011-07-23 19:00:00,330.5432440091488
2011-07-23 20:00:00,257.09910639938334
2011-07-23 21:00:00,209.28208849145824
2011-07-23 22:00:00,185.26423068257054
2011-07-23 23:00:00,142.05654172463204
2011-07-24 00:00:00,132.46888864729925
2011-07-24 01:00:00,105.68696618958838
2011-07-24 02:00:00,79.21804434635972
2011-07-24 03:00:00,34.935944058875705
2011-07-24 04:00:00,10.68604791669925
2011-07-24 05:00:00,10.396089459494803
2011-07-24 06:00:00,24.11996647905358
2011-07-24 07:00:00,55.00230068376732
2011-07-24 08:00:00,115.68976788297536
2011-07-24 09:00:00,193.57864061827522
2011-07-24 10:00:00,274.4476175136434
2011-07-24 11:00:00,379.6836357208319
2011-07-24 12:00:00,403.88381506099836
2011-07-24 13:00:00,462.85748891000577
2011-07-24 14:00:00,414.5602266235997
2011-07-24 15:00:00,428.0008657967557
2011-07-24 16:00:00,417.8705950125519
2011-07-24 17:00:00,427.774142828365
2011-07-24 18:00:00,369.9404676043503
2011-07-24 19:00:00,322.42499536774164
2011-07-24 20:00:00,254.0036560538839
2011-07-24 21:00:00,213.5203329319484
2011-07-24 22:00:00,175.52419735249237
2011-07-24 23:00:00,154.70661022534986
2011-07-25 00:00:00,51.27031519831803
2011-07-25 01:00:00,21.837378245028983
2011-07-25 02:00:00,10.439120749005227
2011-07-25 03:00:00,5.55762584585771
2011-07-25 04:00:00,6.404719514714782
2011-07-25 05:00:00,31.232549539794004
2011-07-25 06:00:00,140.26542043699644
2011-07-25 07:00:00,358.7091569658307
2011-07-25 08:00:00,586.4379976591564
2011-07-25 09:00:00,240.3730906491277
2011-07-25 10:00:00,145.6032925652935
2011-07-25 11:00:00,169.0076525304851
2011-07-25 12:00:00,213.61379325293188
2011-07-25 13:00:00,196.33387506819375
2011-07-25 14:00:00,163.59256266079194
2011-07-25 15:00:00,143.12382207769383
2011-07-25 16:00:00,236.46245587861526
2011-07-25 17:00:00,575.1982410800539
2011-07-25 18:00:00,549.8465758942812
2011-07-25 19:00:00,456.25310587699136
2011-07-25 20:00:00,307.4185131436193
2011-07-25 21:00:00,206.55648481818827
2011-07-25 22:00:00,161.08668562772607
2011-07-25 23:00:00,105.5537055877456
2011-07-26 00:00:00,44.464423792213786
2011-07-26 01:00:00,19.242607442164143
2011-07-26 02:00:00,9.074074573926127
2011-07-26 03:00:00,5.2779459995636975
2011-07-26 04:00:00,6.14199544099755
2011-07-26 05:00:00,27.05076194788244
2011-07-26 06:00:00,123.99997827819192
2011-07-26 07:00:00,330.1373559340632
2011-07-26 08:00:00,555.9827200004348
2011-07-26 09:00:00,293.9919063547737
2011-07-26 10:00:00,164.61826344126584
2011-07-26 11:00:00,177.6381383005301
2011-07-26 12:00:00,225.96401016891403
2011-07-26 13:00:00,210.1891832960442
2011-07-26 14:00:00,197.44261048638518
2011-07-26 15:00:00,211.0776845098642
2011-07-26 16:00:00,338.80764498012365
2011-07-26 17:00:00,684.2049241540934
2011-07-26 18:00:00,605.6293443866824
2011-07-26 19:00:00,451.67326143929824
2011-07-26 20:00:00,358.24234426013595
2011-07-26 21:00:00,261.4922575595229
2011-07-26 22:00:00,206.84947798108598
2011-07-26 23:00:00,130.22585062472334
2011-07-27 00:00:00,52.766456335870664
2011-07-27 01:00:00,20.4577821293689
2011-07-27 02:00:00,9.880845285174056
2011-07-27 03:00:00,5.77152770153121
2011-07-27 04:00:00,7.269440568315772
2011-07-27 05:00:00,32.08059297743101
2011-07-27 06:00:00,152.22662551787081
2011-07-27 07:00:00,362.7673150168511
2011-07-27 08:00:00,569.5210039965054
2011-07-27 09:00:00,280.2101558740087
2011-07-27 10:00:00,166.80549905934834
2011-07-27 11:00:00,187.03513408454015
2011-07-27 12:00:00,223.09855487636798
2011-07-27 13:00:00,209.44580709565017
2011-07-27 14:00:00,209.0677141906703
2011-07-27 15:00:00,224.8310210799131
2011-07-27 16:00:00,339.794198522201
2011-07-27 17:00:00,687.8805150519744
2011-07-27 18:00:00,658.0602715448023
2011-07-27 19:00:00,481.13444601106045
2011-07-27 20:00:00,364.89469806725725
2011-07-27 21:00:00,268.15562982921915
2011-07-27 22:00:00,197.99403899540522
2011-07-27 23:00:00,138.24737780170693
2011-07-28 00:00:00,51.74639426928493
2011-07-28 01:00:00,19.861694704040683
2011-07-28 02:00:00,10.662559548094746
2011-07-28 03:00:00,5.8787016187502825
2011-07-28 04:00:00,7.089281963369324
2011-07-28 05:00:00,33.098705408636974
2011-07-28 06:00:00,149.44813430498323
2011-07-28 07:00:00,367.47957307767706
2011-07-28 08:00:00,538.8394615244005
2011-07-28 09:00:00,273.87484154093744
2011-07-28 10:00:00,147.66540407354316
2011-07-28 11:00:00,155.86788401067247
2011-07-28 12:00:00,225.0931225817505
2011-07-28 13:00:00,211.4528691735993
2011-07-28 14:00:00,208.10928186453918
2011-07-28 15:00:00,214.79418223586578
2011-07-28 16:00:00,324.8210915422471
2011-07-28 17:00:00,635.8677326190543
2011-07-28 18:00:00,577.5087341370324
2011-07-28 19:00:00,431.7756492639658
2011-07-28 20:00:00,337.5420793357917
2011-07-28 21:00:00,239.14614016242467
2011-07-28 22:00:00,196.1073723541049
2011-07-28 23:00:00,112.91593349839962
2011-07-29 00:00:00,45.69242437131702
2011-07-29 01:00:00,19.595227197902403
2011-07-29 02:00:00,9.474154709086891
2011-07-29 03:00:00,5.5103736140861965
2011-07-29 04:00:00,6.58762617919354
2011-07-29 05:00:00,29.257727190530037
2011-07-29 06:00:00,137.88798350744526
2011-07-29 07:00:00,378.6911935389902
2011-07-29 08:00:00,583.4640210245296
2011-07-29 09:00:00,254.08417210256036
2011-07-29 10:00:00,135.92358367487762
2011-07-29 11:00:00,149.4628527764269
2011-07-29 12:00:00,179.97395853365865
2011-07-29 13:00:00,189.58835935131657
2011-07-29 14:00:00,177.64520486303627
2011-07-29 15:00:00,188.92551947687045
2011-07-29 16:00:00,268.11151803284423
2011-07-29 17:00:00,523.2301484916953
2011-07-29 18:00:00,528.4425870880189
2011-07-29 19:00:00,408.0189142720819
2011-07-29 20:00:00,311.58593281878865
2011-07-29 21:00:00,269.76898506577464
2011-07-29 22:00:00,205.44187582328894
2011-07-29 23:00:00,136.46485769599184
2011-07-30 00:00:00,137.06123480181765
2011-07-30 01:00:00,111.19422538195732
2011-07-30 02:00:00,84.97556789763038
2011-07-30 03:00:00,35.53373653718558
2011-07-30 04:00:00,11.023446391048713
2011-07-30 05:00:00,9.712622435070319
2011-07-30 06:00:00,20.525641483337928
2011-07-30 07:00:00,52.345595506213954
2011-07-30 08:00:00,128.3367286121138
2011-07-30 09:00:00,200.45374384565534
2011-07-30 10:00:00,313.12572166843097
2011-07-30 11:00:00,426.9492579099672
2011-07-30 12:00:00,494.6398726916553
2011-07-30 13:00:00,448.27371991561984
2011-07-30 14:00:00,444.9451721466987
2011-07-30 15:00:00,446.34489836229915
2011-07-30 16:00:00,453.90824335060586
2011-07-30 17:00:00,415.9999519485449
2011-07-30 18:00:00,379.4049974935436
2011-07-30 19:00:00,352.43353357431033
2011-07-30 20:00:00,277.88420846595164
2011-07-30 21:00:00,230.91818739179567
2011-07-30 22:00:00,189.3237539992394
2011-07-30 23:00:00,147.09395200350173
2011-07-31 00:00:00,137.16998453120294
2011-07-31 01:00:00,106.1493392615924
2011-07-31 02:00:00,78.6157830771473
2011-07-31 03:00:00,33.49682358071215
2011-07-31 04:00:00,11.059941588023754
2011-07-31 05:00:00,10.514898955312471
2011-07-31 06:00:00,22.969446004772806
2011-07-31 07:00:00,53.11495896605711
2011-07-31 08:00:00,133.5107201387124
2011-07-31 09:00:00,207.0384942635089
2011-07-31 10:00:00,338.09275728980003
2011-07-31 11:00:00,393.7842633267405
2011-07-31 12:00:00,464.8749848137009
2011-07-31 13:00:00,464.3496679884046
2011-07-31 14:00:00,479.06365696490485
2011-07-31 15:00:00,397.03700936076353
2011-07-31 16:00:00,389.68770246406575
2011-07-31 17:00:00,388.8820259103741
2011-07-31 18:00:00,358.00319344440805
2011-07-31 19:00:00,311.8389224485375
2011-07-31 20:00:00,248.88362033096786
2011-07-31 21:00:00,207.1053286455649
2011-07-31 22:00:00,161.44017744405707
2011-07-31 23:00:00,138.849047260444
2011-08-20 00:00:00,98.21116521129778
2011-08-20 01:00:00,96.8398170049269
2011-08-20 02:00:00,74.8323756519562
2011-08-20 03:00:00,33.667075943464006
2011-08-20 04:00:00,8.082441007465327
2011-08-20 05:00:00,10.599688745523524
2011-08-20 06:00:00,18.764008338834376
2011-08-20 07:00:00,51.598776713599975
2011-08-20 08:00:00,121.75242211962836
2011-08-20 09:00:00,211.00049144135207
2011-08-20 10:00:00,319.91581606966935
2011-08-20 11:00:00,375.7347456807895
2011-08-20 12:00:00,465.6343058595088
2011-08-20 13:00:00,486.895887939003
2011-08-20 14:00:00,502.2977737262448
2011-08-20 15:00:00,527.6717579436217
2011-08-20 16:00:00,511.6528612311549
2011-08-20 17:00:00,455.89892856161015
2011-08-20 18:00:00,378.0895654972337
2011-08-20 19:00:00,310.767861844621
2011-08-20 20:00:00,257.3541068452842
2011-08-20 21:00:00,202.085037661857
2011-08-20 22:00:00,154.53948293545866
2011-08-20 23:00:00,120.47612842115402
2011-08-21 00:00:00,128.07774610446336
2011-08-21 01:00:00,99.02686809742562
2011-08-21 02:00:00,75.39123239494761
2011-08-21 03:00:00,31.286805370491425
2011-08-21 04:00:00,10.116966466523062
2011-08-21 05:00:00,8.093641172316639
2011-08-21 06:00:00,15.924586483355958
2011-08-21 07:00:00,46.15687770493402
2011-08-21 08:00:00,118.01534562604988
2011-08-21 09:00:00,198.22639205887535
2011-08-21 10:00:00,298.5109129052724
2011-08-21 11:00:00,368.23212787533635
2011-08-21 12:00:00,430.98391624664214
2011-08-21 13:00:00,432.0636386745445
2011-08-21 14:00:00,255.76477750323545
2011-08-21 15:00:00,312.1879096089022
2011-08-21 16:00:00,389.85272468646053
2011-08-21 17:00:00,370.769317092161
2011-08-21 18:00:00,302.564642914659
2011-08-21 19:00:00,304.0398393831374
2011-08-21 20:00:00,202.62222483010183
2011-08-21 21:00:00,168.15370674162972
2011-08-21 22:00:00,147.70826550789448
2011-08-21 23:00:00,126.6023937786276
2011-08-22 00:00:00,45.30551379995244
2011-08-22 01:00:00,19.72508421115202
2011-08-22 02:00:00,10.085237863460748
2011-08-22 03:00:00,5.41438839229705
2011-08-22 04:00:00,6.793532083092742
2011-08-22 05:00:00,27.948599204329252
2011-08-22 06:00:00,130.53176705620862
2011-08-22 07:00:00,328.4037763947829
2011-08-22 08:00:00,478.9627761284992
2011-08-22 09:00:00,271.4596636238059
2011-08-22 10:00:00,157.42413617818542
2011-08-22 11:00:00,186.11361406269774
2011-08-22 12:00:00,243.08731013555396
2011-08-22 13:00:00,213.3919138036574
2011-08-22 14:00:00,213.7444665353421
2011-08-22 15:00:00,226.61080365750638
2011-08-22 16:00:00,352.84501654951214
2011-08-22 17:00:00,645.9854054333824
2011-08-22 18:00:00,608.9391296258651
2011-08-22 19:00:00,441.26846338490554
2011-08-22 20:00:00,348.50693645361935
2011-08-22 21:00:00,267.46055746727177
2011-08-22 22:00:00,188.52139087258558
2011-08-22 23:00:00,131.50573411038073
2011-08-23 00:00:00,49.77509755125477
2011-08-23 01:00:00,19.295215478655912
2011-08-23 02:00:00,9.696678720291555
2011-08-23 03:00:00,5.67468161256952
2011-08-23 04:00:00,7.061644352905568
2011-08-23 05:00:00,32.69638078613847
2011-08-23 06:00:00,144.09699171302316
2011-08-23 07:00:00,358.4376784648136
2011-08-23 08:00:00,498.094115724308
2011-08-23 09:00:00,294.08711045450923
2011-08-23 10:00:00,179.00846352126837
2011-08-23 11:00:00,208.02435753704236
2011-08-23 12:00:00,256.3091701928822
2011-08-23 13:00:00,234.49232554539847
2011-08-23 14:00:00,231.98536659368054
2011-08-23 15:00:00,256.6011208462854
2011-08-23 16:00:00,372.28072130961056
2011-08-23 17:00:00,719.3602833957381
2011-08-23 18:00:00,690.9258662397053
2011-08-23 19:00:00,445.0512989170683
2011-08-23 20:00:00,329.83921688952125
2011-08-23 21:00:00,240.64902343585064
2011-08-23 22:00:00,189.52450228661695
2011-08-23 23:00:00,122.1515759255439
2011-08-24 00:00:00,47.13750961295978
2011-08-24 01:00:00,19.305681364063535
2011-08-24 02:00:00,9.021361258358974
2011-08-24 03:00:00,5.591041060859668
2011-08-24 04:00:00,7.303832938746156
2011-08-24 05:00:00,34.407921248820784
2011-08-24 06:00:00,141.32060648216114
2011-08-24 07:00:00,348.3784057491303
2011-08-24 08:00:00,533.5475446503222
2011-08-24 09:00:00,240.94114026509163
2011-08-24 10:00:00,151.2651256271017
2011-08-24 11:00:00,176.9187501377714
2011-08-24 12:00:00,219.47969167670337
2011-08-24 13:00:00,213.39364039338363
2011-08-24 14:00:00,204.252300329729
2011-08-24 15:00:00,210.8199028209544
2011-08-24 16:00:00,333.34021542825786
2011-08-24 17:00:00,640.193782121518
2011-08-24 18:00:00,572.8611365087869
2011-08-24 19:00:00,417.36540947460105
2011-08-24 20:00:00,305.75435545469884
2011-08-24 21:00:00,238.46549566415547
2011-08-24 22:00:00,177.80617533485594
2011-08-24 23:00:00,110.44573999244726
2011-08-25 00:00:00,42.61991041387583
2011-08-25 01:00:00,16.378680236929636
2011-08-25 02:00:00,8.960406157009816
2011-08-25 03:00:00,5.128448520808792
2011-08-25 04:00:00,6.166849754566965
2011-08-25 05:00:00,24.72629139521812
2011-08-25 06:00:00,109.48397359514541
2011-08-25 07:00:00,311.64711184577135
2011-08-25 08:00:00,493.82341311670734
2011-08-25 09:00:00,247.28352553855038
2011-08-25 10:00:00,148.38743803789916
2011-08-25 11:00:00,122.33801674890954
2011-08-25 12:00:00,133.3426586069908
2011-08-25 13:00:00,184.6857879703518
2011-08-25 14:00:00,184.1799687030943
2011-08-25 15:00:00,213.99598154960245
2011-08-25 16:00:00,258.598348996399
2011-08-25 17:00:00,530.846383385422
2011-08-25 18:00:00,527.2986353543066
2011-08-25 19:00:00,317.35988843794877
2011-08-25 20:00:00,241.3022529469013
2011-08-25 21:00:00,183.45958116060498
2011-08-25 22:00:00,154.75846711407695
2011-08-25 23:00:00,104.77280596776677
2011-08-26 00:00:00,42.0608216818909
2011-08-26 01:00:00,18.392583373939015
2011-08-26 02:00:00,8.84105392153179
2011-08-26 03:00:00,4.873380225717199
2011-08-26 04:00:00,5.887024149928822
2011-08-26 05:00:00,23.254323194567796
2011-08-26 06:00:00,117.22631355994521
2011-08-26 07:00:00,346.28531277162915
2011-08-26 08:00:00,519.8880499291766
2011-08-26 09:00:00,260.2674367299822
2011-08-26 10:00:00,159.49132778733141
2011-08-26 11:00:00,184.57276867618887
2011-08-26 12:00:00,241.67850228004593
2011-08-26 13:00:00,221.84102014451568
2011-08-26 14:00:00,205.70871782902051
2011-08-26 15:00:00,243.20722684272872
2011-08-26 16:00:00,350.43921582171976
2011-08-26 17:00:00,550.3519639457635
2011-08-26 18:00:00,561.5623870754816
2011-08-26 19:00:00,384.0249606047269
2011-08-26 20:00:00,278.8373177945211
2011-08-26 21:00:00,217.75705219912533
2011-08-26 22:00:00,170.37147579752835
2011-08-26 23:00:00,102.76224491786552
2011-08-27 00:00:00,122.81037042220143
2011-08-27 01:00:00,100.70237743559133
2011-08-27 02:00:00,73.15005543791143
2011-08-27 03:00:00,31.368377000824196
2011-08-27 04:00:00,10.06881838000727
2011-08-27 05:00:00,9.051600006624462
2011-08-27 06:00:00,17.79131509593154
2011-08-27 07:00:00,42.45865971940033
2011-08-27 08:00:00,120.64239036894476
2011-08-27 09:00:00,164.86418213113572
2011-08-27 10:00:00,246.61473939725374
2011-08-27 11:00:00,139.30375255876768
2011-08-27 12:00:00,200.38783110843758
2011-08-27 13:00:00,207.42615435547575
2011-08-27 14:00:00,117.6881944976305
2011-08-27 15:00:00,117.04231351243325
2011-08-27 16:00:00,113.98312660354819
2011-08-27 17:00:00,108.75291987799413
2011-08-28 07:00:00,24.045877719233488
2011-08-28 08:00:00,57.55263384546871
2011-08-28 09:00:00,179.15267369972867
2011-08-28 10:00:00,278.8456655732375
2011-08-28 11:00:00,383.016760852245
2011-08-28 12:00:00,441.6939944220636
2011-08-28 13:00:00,473.30302422103966
2011-08-28 14:00:00,476.0555268207047
2011-08-28 15:00:00,500.1674359180202
2011-08-28 16:00:00,490.8281258997
2011-08-28 17:00:00,440.13107561700036
2011-08-28 18:00:00,409.8273723783144
2011-08-28 19:00:00,329.72896812061754
2011-08-28 20:00:00,272.0805941310811
2011-08-28 21:00:00,211.80584423080694
2011-08-28 22:00:00,171.11827021743147
2011-08-28 23:00:00,132.56308125595305
2011-08-29 00:00:00,47.120230317839116
2011-08-29 01:00:00,19.365959485345364
2011-08-29 02:00:00,9.109239187196376
2011-08-29 03:00:00,5.757967978971623
2011-08-29 04:00:00,6.684505589803316
2011-08-29 05:00:00,33.99065982314347
2011-08-29 06:00:00,143.22715114889888
2011-08-29 07:00:00,362.9213730352677
2011-08-29 08:00:00,527.3050942416907
2011-08-29 09:00:00,268.0882461255911
2011-08-29 10:00:00,170.42381391882904
2011-08-29 11:00:00,193.03924295520486
2011-08-29 12:00:00,263.771145374312
2011-08-29 13:00:00,244.76160363805937
2011-08-29 14:00:00,225.3695214537941
2011-08-29 15:00:00,252.43748015533237
2011-08-29 16:00:00,377.92043980442276
2011-08-29 17:00:00,729.1647792145625
2011-08-29 18:00:00,634.6686063970706
2011-08-29 19:00:00,464.46544695434363
2011-08-29 20:00:00,334.01762592067774
2011-08-29 21:00:00,252.96603565222225
2011-08-29 22:00:00,194.65224410508063
2011-08-29 23:00:00,122.61822985062282
2011-08-30 00:00:00,44.66774015429311
2011-08-30 01:00:00,18.48388653221085
2011-08-30 02:00:00,9.588886698339214
2011-08-30 03:00:00,5.559815840828857
2011-08-30 04:00:00,7.085567027687828
2011-08-30 05:00:00,33.612200127570496
2011-08-30 06:00:00,147.59559695486797
2011-08-30 07:00:00,361.19603321339315
2011-08-30 08:00:00,537.5313413290635
2011-08-30 09:00:00,269.0164455590232
2011-08-30 10:00:00,180.66159651093486
2011-08-30 11:00:00,209.86848220208347
2011-08-30 12:00:00,255.65511108454947
2011-08-30 13:00:00,248.9516762991528
2011-08-30 14:00:00,233.7149556668574
2011-08-30 15:00:00,249.83805702488183
2011-08-30 16:00:00,392.7680803985813
2011-08-30 17:00:00,725.8839770530334
2011-08-30 18:00:00,680.0547115062478
2011-08-30 19:00:00,449.5935015239114
2011-08-30 20:00:00,321.7889870097281
2011-08-30 21:00:00,239.11500764507906
2011-08-30 22:00:00,179.31094948287034
2011-08-30 23:00:00,116.89380257028701
2011-08-31 00:00:00,43.479739200368776
2011-08-31 01:00:00,18.36765897753908
2011-08-31 02:00:00,9.331704359924428
2011-08-31 03:00:00,5.6615901495525485
2011-08-31 04:00:00,6.918114281455785
2011-08-31 05:00:00,29.489930918597135
2011-08-31 06:00:00,141.15722922245624
2011-08-31 07:00:00,349.9896348148386
2011-08-31 08:00:00,517.2969333672185
2011-08-31 09:00:00,256.91259206435734
2011-08-31 10:00:00,174.63600964527598
2011-08-31 11:00:00,201.0375095590607
2011-08-31 12:00:00,252.45058005393227
2011-08-31 13:00:00,252.98030158101577
2011-08-31 14:00:00,237.12879166748064
2011-08-31 15:00:00,257.412521551128
2011-08-31 16:00:00,365.7774336993432
2011-08-31 17:00:00,710.2058469050826
2011-08-31 18:00:00,639.000711977541
2011-08-31 19:00:00,455.0714051219311
2011-08-31 20:00:00,332.96274212835385
2011-08-31 21:00:00,248.58623226155282
2011-08-31 22:00:00,180.37807618408357
2011-08-31 23:00:00,109.96568122874372
2011-09-20 00:00:00,41.661442088606336
2011-09-20 01:00:00,13.520049432682045
2011-09-20 02:00:00,7.003542092886828
2011-09-20 03:00:00,4.75900652285712
2011-09-20 04:00:00,5.790548256614326
2011-09-20 05:00:00,23.859086181570962
2011-09-20 06:00:00,103.56629369861274
2011-09-20 07:00:00,309.1391324409498
2011-09-20 08:00:00,212.14788675920497
2011-09-20 09:00:00,94.50213690619917
2011-09-20 10:00:00,70.54592512354863
2011-09-20 11:00:00,79.16730336292885
2011-09-20 12:00:00,111.47904517169157
2011-09-20 13:00:00,105.66209150636132
2011-09-20 14:00:00,117.77021168839933
2011-09-20 15:00:00,181.41340500221867
2011-09-20 16:00:00,236.4684354425071
2011-09-20 17:00:00,564.425761096568
2011-09-20 18:00:00,516.6704705533845
2011-09-20 19:00:00,305.74750141744204
2011-09-20 20:00:00,190.8144428335822
2011-09-20 21:00:00,145.58181532473318
2011-09-20 22:00:00,114.1827409093039
2011-09-20 23:00:00,74.7067561143191
2011-09-21 00:00:00,22.171669846845745
2011-09-21 01:00:00,12.841681160603109
2011-09-21 02:00:00,6.9880369984422455
2011-09-21 03:00:00,4.109050426876749
2011-09-21 04:00:00,3.93793074179056
2011-09-21 05:00:00,16.72256117574331
2011-09-21 06:00:00,71.79561377599019
2011-09-21 07:00:00,193.40048310314626
2011-09-21 08:00:00,312.4571721104449
2011-09-21 09:00:00,143.161344698796
2011-09-21 10:00:00,108.73321776978129
2011-09-21 11:00:00,145.1654795688157
2011-09-21 12:00:00,181.27788422156817
2011-09-21 13:00:00,193.745010219562
2011-09-21 14:00:00,178.02552136318712
2011-09-21 15:00:00,206.87643457947337
2011-09-21 16:00:00,303.59741915264584
2011-09-21 17:00:00,491.5874388553598
2011-09-21 18:00:00,303.2849641225967
2011-09-21 19:00:00,150.17724697137365
2011-09-21 20:00:00,107.174764189421
2011-09-21 21:00:00,108.46921922715117
2011-09-21 22:00:00,103.24833267387365
2011-09-21 23:00:00,78.60278502111362
2011-09-22 00:00:00,29.009038833623144
2011-09-22 01:00:00,11.970155765357154
2011-09-22 02:00:00,6.280138821250702
2011-09-22 03:00:00,3.7106427535791005
2011-09-22 04:00:00,4.633602979804063
2011-09-22 05:00:00,19.746182510795677
2011-09-22 06:00:00,72.16632432485893
2011-09-22 07:00:00,197.7418076992791
2011-09-22 08:00:00,292.6549693088875
2011-09-22 09:00:00,154.8016332320774
2011-09-22 10:00:00,115.66461472766993
2011-09-22 11:00:00,128.7720378046619
2011-09-22 12:00:00,178.63067100859354
2011-09-22 13:00:00,163.42094559376295
2011-09-22 14:00:00,160.3188213245158
2011-09-22 15:00:00,199.1861619235844
2011-09-22 16:00:00,312.87283442615006
2011-09-22 17:00:00,580.2170148669196
2011-09-22 18:00:00,469.6464864804272
2011-09-22 19:00:00,315.53912782681954
2011-09-22 20:00:00,178.98450995806192
2011-09-22 21:00:00,178.86249248520772
2011-09-22 22:00:00,84.44253145274021
2011-09-22 23:00:00,69.1376856517363
2011-09-23 00:00:00,30.310466017696537
2011-09-23 01:00:00,11.010301905481574
2011-09-23 02:00:00,5.363745987275638
2011-09-23 03:00:00,3.563032120379392
2011-09-23 04:00:00,3.241804185401099
2011-09-23 05:00:00,24.38505060160629
2011-09-23 06:00:00,109.51000125856909
2011-09-23 07:00:00,165.74101255995575
2011-09-23 08:00:00,255.82288999697687
2011-09-23 09:00:00,92.42195461103672
2011-09-23 10:00:00,49.348616556716614
2011-09-23 11:00:00,54.832017571544505
2011-09-23 12:00:00,78.163431838767
2011-09-23 13:00:00,57.83190466937976
2011-09-23 14:00:00,56.351892423000166
2011-09-23 15:00:00,78.74070508236373
2011-09-23 16:00:00,112.67352930467061
2011-09-23 17:00:00,335.2123318203598
2011-09-23 18:00:00,337.107783795587
2011-09-23 19:00:00,326.2297019135893
2011-09-23 20:00:00,227.0329646906288
2011-09-23 21:00:00,142.7004520771953
2011-09-23 22:00:00,138.34072998677516
2011-09-23 23:00:00,64.21035812969107
2011-09-24 00:00:00,80.61076000059501
2011-09-24 01:00:00,81.90458615537844
2011-09-24 02:00:00,61.71415886454759
2011-09-24 03:00:00,32.55699881688566
2011-09-24 04:00:00,10.081321865513372
2011-09-24 05:00:00,10.182949067941056
2011-09-24 06:00:00,18.796040558894497
2011-09-24 07:00:00,53.92420608448202
2011-09-24 08:00:00,126.26829340869114
2011-09-24 09:00:00,202.95855775402788
2011-09-24 10:00:00,282.1599092543078
2011-09-24 11:00:00,398.5969506938705
2011-09-24 12:00:00,401.40288867406855
2011-09-24 13:00:00,456.85109151333364
2011-09-24 14:00:00,526.6183555190752
2011-09-24 15:00:00,528.6565568621305
2011-09-24 16:00:00,461.26022495890345
2011-09-24 17:00:00,455.77748781073325
2011-09-24 18:00:00,361.2333063054571
2011-09-24 19:00:00,278.1712046346099
2011-09-24 20:00:00,234.25707380929504
2011-09-24 21:00:00,205.74132302400446
2011-09-24 22:00:00,140.01193431837407
2011-09-24 23:00:00,106.89608471479423
2011-09-25 00:00:00,107.80654852142904
2011-09-25 01:00:00,96.26698462178662
2011-09-25 02:00:00,42.69315620119234
2011-09-25 03:00:00,19.40464477815612
2011-09-25 04:00:00,6.053742888529827
2011-09-25 05:00:00,11.949439740132906
2011-09-25 06:00:00,20.14502990474114
2011-09-25 07:00:00,44.17033394832638
2011-09-25 08:00:00,130.75827325541144
2011-09-25 09:00:00,223.3776671801311
2011-09-25 10:00:00,306.26302511899615
2011-09-25 11:00:00,466.52875850957616
2011-09-25 12:00:00,472.39810580743466
2011-09-25 13:00:00,508.4064477436808
2011-09-25 14:00:00,488.7588615349304
2011-09-25 15:00:00,492.00011166525553
2011-09-25 16:00:00,551.5056669409523
2011-09-25 17:00:00,460.1994806903681
2011-09-25 18:00:00,383.2379491684345
2011-09-25 19:00:00,306.5691300344843
2011-09-25 20:00:00,247.3311511627219
2011-09-25 21:00:00,157.10537737585818
2011-09-25 22:00:00,162.57980610707207
2011-09-25 23:00:00,92.60381929868393
2011-09-26 00:00:00,30.041705516248836
2011-09-26 01:00:00,17.76568913428818
2011-09-26 02:00:00,8.097870062735334
2011-09-26 03:00:00,4.4362349948986655
2011-09-26 04:00:00,5.678029694782554
2011-09-26 05:00:00,29.684269542831608
2011-09-26 06:00:00,109.63562955588888
2011-09-26 07:00:00,295.38525456897537
2011-09-26 08:00:00,440.4983443960204
2011-09-26 09:00:00,284.1350153742353
2011-09-26 10:00:00,140.76518353385308
2011-09-26 11:00:00,194.92794936186635
2011-09-26 12:00:00,244.65114632391095
2011-09-26 13:00:00,235.85858159234422
2011-09-26 14:00:00,256.06840937212837
2011-09-26 15:00:00,280.6674911193118
2011-09-26 16:00:00,406.79788325952165
2011-09-26 17:00:00,788.7078522063921
2011-09-26 18:00:00,592.8877214964514
2011-09-26 19:00:00,405.45197303064054
2011-09-26 20:00:00,296.03011232432664
2011-09-26 21:00:00,229.57270403670393
2011-09-26 22:00:00,145.35962244643633
2011-09-26 23:00:00,94.55256566536296
2011-09-27 00:00:00,34.22982515474865
2011-09-27 01:00:00,15.45333315935108
2011-09-27 02:00:00,7.468072717544375
2011-09-27 03:00:00,4.484437425841156
2011-09-27 04:00:00,4.353334239707806
2011-09-27 05:00:00,17.46054635307114
2011-09-27 06:00:00,109.9946032820941
2011-09-27 07:00:00,307.22725306640064
2011-09-27 08:00:00,555.1429605539076
2011-09-27 09:00:00,159.58805800453146
2011-09-27 10:00:00,65.85719571432526
2011-09-27 11:00:00,188.82821822249431
2011-09-27 12:00:00,212.16322460362906
2011-09-27 13:00:00,229.57247686957726
2011-09-27 14:00:00,219.1567623735072
2011-09-27 15:00:00,228.1057115698198
2011-09-27 16:00:00,324.08825878102556
2011-09-27 17:00:00,573.1794379111428
2011-09-27 18:00:00,487.6550730759594
2011-09-27 19:00:00,369.4285019979335
2011-09-27 20:00:00,306.30379956069044
2011-09-27 21:00:00,230.35751520545656
2011-09-27 22:00:00,159.71868689581163
2011-09-27 23:00:00,108.78472167960587
2011-09-28 00:00:00,39.67056153617947
2011-09-28 01:00:00,17.749251169347506
2011-09-28 02:00:00,7.94206301557829
2011-09-28 03:00:00,4.5930362363821455
2011-09-28 04:00:00,6.874731640837514
2011-09-28 05:00:00,24.038135010009032
2011-09-28 06:00:00,67.87539136031438
2011-09-28 07:00:00,163.89312757841083
2011-09-28 08:00:00,232.45330087501313
2011-09-28 09:00:00,111.07938561777446
2011-09-28 10:00:00,103.76772071235263
2011-09-28 11:00:00,200.00924151344714
2011-09-28 12:00:00,234.5105914419607
2011-09-28 13:00:00,217.33751878260918
2011-09-28 14:00:00,271.89372070119737
2011-09-28 15:00:00,281.4693034653395
2011-09-28 16:00:00,392.13783906817207
2011-09-28 17:00:00,752.5536010184012
2011-09-28 18:00:00,378.9727505735675
2011-09-28 19:00:00,266.26039665388276
2011-09-28 20:00:00,160.74959387594453
2011-09-28 21:00:00,107.0794548760996
2011-09-28 22:00:00,170.03246710898432
2011-09-28 23:00:00,92.81563690122432
2011-09-29 00:00:00,31.261580106078874
2011-09-29 01:00:00,10.590853141728346
2011-09-29 02:00:00,5.00651609441075
2011-09-29 03:00:00,4.257913639021878
2011-09-29 04:00:00,6.213582616634132
2011-09-29 05:00:00,28.2855104205507
2011-09-29 06:00:00,126.73079663630776
2011-09-29 07:00:00,380.9933127071345
2011-09-29 08:00:00,634.4567333468398
2011-09-29 09:00:00,306.3668383602466
2011-09-29 10:00:00,188.9054993879327
2011-09-29 11:00:00,218.03197673288065
2011-09-29 12:00:00,284.7410091101127
2011-09-29 13:00:00,267.3745660950613
2011-09-29 14:00:00,286.0534058890908
2011-09-29 15:00:00,362.36552277003244
2011-09-29 16:00:00,544.3835438884098
2011-09-29 17:00:00,919.2026131932315
2011-09-29 18:00:00,854.7913717367105
2011-09-29 19:00:00,566.452379115817
2011-09-29 20:00:00,400.3796129122005
2011-09-29 21:00:00,257.16660054192556
2011-09-29 22:00:00,191.04133674304344
2011-09-29 23:00:00,120.67470296775647
2011-09-30 00:00:00,45.81611505259401
2011-09-30 01:00:00,22.149392203456483
2011-09-30 02:00:00,8.752766323262854
2011-09-30 03:00:00,6.580036270736713
2011-09-30 04:00:00,7.45810203706203
2011-09-30 05:00:00,33.51182533287947
2011-09-30 06:00:00,143.28525367198122
2011-09-30 07:00:00,402.53710572717574
2011-09-30 08:00:00,691.7349009666368
2011-09-30 09:00:00,326.44816057057693
2011-09-30 10:00:00,188.98591714378588
2011-09-30 11:00:00,222.80494347126958
2011-09-30 12:00:00,282.3766584027279
2011-09-30 13:00:00,330.86340820477557
2011-09-30 14:00:00,305.87139238591305
2011-09-30 15:00:00,329.0784125367834
2011-09-30 16:00:00,439.5065144625338
2011-09-30 17:00:00,788.2883433589004
2011-09-30 18:00:00,756.6465198874737
2011-09-30 19:00:00,503.6999759337986
2011-09-30 20:00:00,359.8170014257805
2011-09-30 21:00:00,268.94192749082686
2011-09-30 22:00:00,203.2576455386836
2011-09-30 23:00:00,132.68300169263208
2011-10-20 00:00:00,26.960574036244406
2011-10-20 01:00:00,12.020473312758563
2011-10-20 02:00:00,5.37272254691248
2011-10-20 03:00:00,4.708928369777256
2011-10-20 04:00:00,5.7440590004747385
2011-10-20 05:00:00,27.790022446154765
2011-10-20 06:00:00,110.75973873678427
2011-10-20 07:00:00,336.94267023064316
2011-10-20 08:00:00,492.4081136028144
2011-10-20 09:00:00,234.52673278478724
2011-10-20 10:00:00,167.92229589245423
2011-10-20 11:00:00,186.09297314304715
2011-10-20 12:00:00,241.07133530207486
2011-10-20 13:00:00,228.41479833517465
2011-10-20 14:00:00,181.53004470571926
2011-10-20 15:00:00,196.4882575673571
2011-10-20 16:00:00,292.772380458787
2011-10-20 17:00:00,550.1371471550246
2011-10-20 18:00:00,522.2442200237435
2011-10-20 19:00:00,400.197733929171
2011-10-20 20:00:00,262.44255607344144
2011-10-20 21:00:00,201.58359394400796
2011-10-20 22:00:00,154.69251289636452
2011-10-20 23:00:00,109.44242220586911
2011-10-21 00:00:00,42.01099436851602
2011-10-21 01:00:00,17.815607827905875
2011-10-21 02:00:00,7.82217498561287
2011-10-21 03:00:00,6.0159449480182365
2011-10-21 04:00:00,7.4395911937010775
2011-10-21 05:00:00,28.390382506314065
2011-10-21 06:00:00,144.7143672262607
2011-10-21 07:00:00,380.3096245849519
2011-10-21 08:00:00,632.3967629886888
2011-10-21 09:00:00,293.9641710494226
2011-10-21 10:00:00,190.80211790842102
2011-10-21 11:00:00,218.60477533006645
2011-10-21 12:00:00,256.618793820365
2011-10-21 13:00:00,228.90318599747602
2011-10-21 14:00:00,222.54674725930502
2011-10-21 15:00:00,227.19841702559157
2011-10-21 16:00:00,360.0344402429269
2011-10-21 17:00:00,605.9972787978606
2011-10-21 18:00:00,524.8051160519268
2011-10-21 19:00:00,337.8449276750603
2011-10-21 20:00:00,270.7603296958311
2011-10-21 21:00:00,225.77854101216232
2011-10-21 22:00:00,178.76805868573172
2011-10-21 23:00:00,108.28857879199413
2011-10-22 00:00:00,97.60667687321806
2011-10-22 01:00:00,81.96561373951873
2011-10-22 02:00:00,60.44672993321168
2011-10-22 03:00:00,32.866142230964506
2011-10-22 04:00:00,9.828744930378724
2011-10-22 05:00:00,9.05312033368043
2011-10-22 06:00:00,18.637820073974517
2011-10-22 07:00:00,46.20208492198298
2011-10-22 08:00:00,118.81092314714577
2011-10-22 09:00:00,214.58826020502684
2011-10-22 10:00:00,288.1457531755209
2011-10-22 11:00:00,359.79461223513937
2011-10-22 12:00:00,498.80363364945316
2011-10-22 13:00:00,557.9619772415515
2011-10-22 14:00:00,377.84005056642826
2011-10-22 15:00:00,409.62819269767004
2011-10-22 16:00:00,509.45765863016027
2011-10-22 17:00:00,395.24676108351343
2011-10-22 18:00:00,314.78073920581176
2011-10-22 19:00:00,231.9396341134447
2011-10-22 20:00:00,194.909109110071
2011-10-22 21:00:00,144.72655581359928
2011-10-22 22:00:00,124.69908927661463
2011-10-22 23:00:00,84.03485687020732
2011-10-23 00:00:00,77.88735923661025
2011-10-23 01:00:00,68.9838043327668
2011-10-23 02:00:00,54.76696418148877
2011-10-23 03:00:00,22.886720206060346
2011-10-23 04:00:00,7.225159870668584
2011-10-23 05:00:00,7.332481257173022
2011-10-23 06:00:00,15.334856837262388
2011-10-23 07:00:00,43.00669823424419
2011-10-23 08:00:00,115.91574731294146
2011-10-23 09:00:00,205.75415121053234
2011-10-23 10:00:00,311.6810743196865
2011-10-23 11:00:00,394.94254973202317
2011-10-23 12:00:00,531.1191774850346
2011-10-23 13:00:00,579.68875150611
2011-10-23 14:00:00,527.3746101419742
2011-10-23 15:00:00,537.7120503158711
2011-10-23 16:00:00,521.122233484723
2011-10-23 17:00:00,403.34850421989506
2011-10-23 18:00:00,353.6966438783201
2011-10-23 19:00:00,233.24974859420752
2011-10-23 20:00:00,198.70256117477373
2011-10-23 21:00:00,166.54290776815424
2011-10-23 22:00:00,134.22247134250125
2011-10-23 23:00:00,103.43384142349389
2011-10-24 00:00:00,43.968897587190554
2011-10-24 01:00:00,16.37204939535359
2011-10-24 02:00:00,7.194150359009795
2011-10-24 03:00:00,5.452701502320249
2011-10-24 04:00:00,6.515110192646695
2011-10-24 05:00:00,26.79065528087701
2011-10-24 06:00:00,127.37194353766209
2011-10-24 07:00:00,281.53501997096254
2011-10-24 08:00:00,551.4119678864843
2011-10-24 09:00:00,273.0416925625651
2011-10-24 10:00:00,138.92192704698863
2011-10-24 11:00:00,182.17274920832756
2011-10-24 12:00:00,237.03082629937188
2011-10-24 13:00:00,238.97547326858339
2011-10-24 14:00:00,204.4574439826234
2011-10-24 15:00:00,251.12352517318234
2011-10-24 16:00:00,368.89881734322074
2011-10-24 17:00:00,651.7835600189904
2011-10-24 18:00:00,636.5912483035094
2011-10-24 19:00:00,212.17874585734938
2011-10-24 20:00:00,243.4246484873244
2011-10-24 21:00:00,184.43750897785975
2011-10-24 22:00:00,168.33697140824796
2011-10-24 23:00:00,110.14813718779882
2011-10-25 00:00:00,43.99404759784809
2011-10-25 01:00:00,18.817152190298454
2011-10-25 02:00:00,7.858418905563708
2011-10-25 03:00:00,4.918059378095972
2011-10-25 04:00:00,6.358867175462616
2011-10-25 05:00:00,28.015083079303245
2011-10-25 06:00:00,128.69269083949183
2011-10-25 07:00:00,352.3548409024947
2011-10-25 08:00:00,598.9978203133023
2011-10-25 09:00:00,317.63969107990306
2011-10-25 10:00:00,188.09139946582692
2011-10-25 11:00:00,211.35222650582605
2011-10-25 12:00:00,288.00984453697373
2011-10-25 13:00:00,279.5105436788921
2011-10-25 14:00:00,247.62466220985877
2011-10-25 15:00:00,274.5641420704046
2011-10-25 16:00:00,413.7872922540565
2011-10-25 17:00:00,758.6701362090404
2011-10-25 18:00:00,669.0691624731202
2011-10-25 19:00:00,373.0995639837124
2011-10-25 20:00:00,298.53781506592344
2011-10-25 21:00:00,216.77775888532935
2011-10-25 22:00:00,166.33282235095632
2011-10-25 23:00:00,111.83189714733815
2011-10-26 00:00:00,40.72173243167672
2011-10-26 01:00:00,16.248083021183625
2011-10-26 02:00:00,7.898603143150059
2011-10-26 03:00:00,5.052663565722811
2011-10-26 04:00:00,7.042359788534092
2011-10-26 05:00:00,32.529184973128714
2011-10-26 06:00:00,140.68961463864065
2011-10-26 07:00:00,400.2754758527595
2011-10-26 08:00:00,514.2943241630654
2011-10-26 09:00:00,310.5002679961872
2011-10-26 10:00:00,177.38889849363983
2011-10-26 11:00:00,196.89941059653208
2011-10-26 12:00:00,206.10761015757117
2011-10-26 13:00:00,184.9180376029616
2011-10-26 14:00:00,173.32441932029388
2011-10-26 15:00:00,188.0413888682421
2011-10-26 16:00:00,289.8521344661496
2011-10-26 17:00:00,562.8476969374964
2011-10-26 18:00:00,548.7128081910728
2011-10-26 19:00:00,319.7461343587296
2011-10-26 20:00:00,225.69501777581047
2011-10-26 21:00:00,199.88852016337535
2011-10-26 22:00:00,130.55602835907996
2011-10-26 23:00:00,85.46048316301011
2011-10-27 00:00:00,30.196569007063985
2011-10-27 01:00:00,14.092026272900629
2011-10-27 02:00:00,5.209943322086358
2011-10-27 03:00:00,3.444721118034803
2011-10-27 04:00:00,5.239980758806283
2011-10-27 05:00:00,21.960419076311457
2011-10-27 06:00:00,87.72897529003552
2011-10-27 07:00:00,302.119098801196
2011-10-27 08:00:00,308.93715910945065
2011-10-27 09:00:00,288.86497027413463
2011-10-27 10:00:00,85.03065309083276
2011-10-27 11:00:00,99.9810760648194
2011-10-27 12:00:00,114.14798897407037
2011-10-27 13:00:00,164.34452827609493
2011-10-27 14:00:00,157.41781007232703
2011-10-27 15:00:00,171.3741912822078
2011-10-27 16:00:00,329.07182716034237
2011-10-27 17:00:00,474.3690343030148
2011-10-27 18:00:00,435.2914074866871
2011-10-27 19:00:00,290.3738322331463
2011-10-27 20:00:00,243.27090775599646
2011-10-27 21:00:00,188.0558264127421
2011-10-27 22:00:00,127.5361721468584
2011-10-27 23:00:00,80.98024655454205
2011-10-28 00:00:00,36.37945236771307
2011-10-28 01:00:00,14.096015275462833
2011-10-28 02:00:00,5.9696220881073865
2011-10-28 03:00:00,4.174538051570851
2011-10-28 04:00:00,5.293350298108034
2011-10-28 05:00:00,27.632541939810867
2011-10-28 06:00:00,106.86833843117398
2011-10-28 07:00:00,287.3181546218677
2011-10-28 08:00:00,536.0555853339652
2011-10-28 09:00:00,281.9747745692953
2011-10-28 10:00:00,157.84614360606508
2011-10-28 11:00:00,169.1833975437669
2011-10-28 12:00:00,244.85589914342722
2011-10-28 13:00:00,225.8697213910317
2011-10-28 14:00:00,186.73886510259229
2011-10-28 15:00:00,208.6384736647498
2011-10-28 16:00:00,313.994524915438
2011-10-28 17:00:00,541.9082602388534
2011-10-28 18:00:00,515.4352028352456
2011-10-28 19:00:00,360.49951364684756
2011-10-28 20:00:00,184.40482945250562
2011-10-28 21:00:00,125.73149529771973
2011-10-28 22:00:00,77.42131326863941
2011-10-28 23:00:00,44.584459831511786
2011-10-29 00:00:00,40.772933136086436
2011-10-29 01:00:00,38.816289208527294
2011-10-29 02:00:00,28.35009763334518
2011-10-29 03:00:00,17.716904230514587
2011-10-29 04:00:00,5.787338123301786
2011-10-29 05:00:00,3.0888585281920427
2011-10-29 06:00:00,6.496785406268124
2011-10-29 07:00:00,15.104919746666654
2011-10-29 08:00:00,36.01907143438988
2011-10-29 09:00:00,60.850604414810945
2011-10-29 10:00:00,74.55516827258946
2011-10-29 11:00:00,70.61589664444529
2011-10-29 12:00:00,92.01011487345795
2011-10-29 13:00:00,87.63202366300759
2011-10-29 14:00:00,84.26165376597112
2011-10-29 15:00:00,83.66426610784873
2011-10-29 16:00:00,63.43922908270864
2011-10-29 17:00:00,72.90099576386513
2011-10-29 18:00:00,60.9787191441295
2011-10-29 19:00:00,75.52052803481094
2011-10-29 20:00:00,56.78843884344403
2011-10-29 21:00:00,46.81410523626326
2011-10-29 22:00:00,46.98641113815291
2011-10-29 23:00:00,36.87266750019664
2011-10-30 00:00:00,44.39011384179887
2011-10-30 01:00:00,38.86301890742864
2011-10-30 02:00:00,25.515793691305475
2011-10-30 03:00:00,17.531436516933677
2011-10-30 04:00:00,4.147592541271067
2011-10-30 05:00:00,5.409315186541416
2011-10-30 06:00:00,12.047612773240772
2011-10-30 07:00:00,30.8787422197089
2011-10-30 08:00:00,74.06969825859497
2011-10-30 09:00:00,156.57960666314804
2011-10-30 10:00:00,263.190252530476
2011-10-30 11:00:00,313.2777659968465
2011-10-30 12:00:00,407.8197574470538
2011-10-30 13:00:00,448.0268203934178
2011-10-30 14:00:00,431.2825085887136
2011-10-30 15:00:00,472.5763832413937
2011-10-30 16:00:00,456.2488228760373
2011-10-30 17:00:00,384.7750127297129
2011-10-30 18:00:00,298.7799517741865
2011-10-30 19:00:00,300.97208178028353
2011-10-30 20:00:00,163.32446666829694
2011-10-30 21:00:00,114.15616595984973
2011-10-30 22:00:00,89.72207614469077
2011-10-30 23:00:00,50.02200944815655
2011-10-31 00:00:00,21.724087280168927
2011-10-31 01:00:00,10.827425651504843
2011-10-31 02:00:00,4.1688208041801484
2011-10-31 03:00:00,3.2689581701766657
2011-10-31 04:00:00,3.935520776601034
2011-10-31 05:00:00,12.963582959587857
2011-10-31 06:00:00,74.3648532423758
2011-10-31 07:00:00,186.6497677973381
2011-10-31 08:00:00,484.0581443774166
2011-10-31 09:00:00,279.49837523475895
2011-10-31 10:00:00,176.69179640038632
2011-10-31 11:00:00,199.25327085160424
2011-10-31 12:00:00,274.7198980700436
2011-10-31 13:00:00,235.25205521455223
2011-10-31 14:00:00,198.14327164039352
2011-10-31 15:00:00,232.6450445675248
2011-10-31 16:00:00,345.93564132384273
2011-10-31 17:00:00,636.52006542813206
2011-10-31 18:00:00,534.7039884564033
2011-10-31 19:00:00,381.10779957662294
2011-10-31 20:00:00,273.52806545278503
2011-10-31 21:00:00,166.53607002609297
2011-10-31 22:00:00,129.4540947281468
2011-10-31 23:00:00,84.900575914749
2011-11-20 00:00:00,100.84227953062278
2011-11-20 01:00:00,76.68855123868342
2011-11-20 02:00:00,54.5136903498935
2011-11-20 03:00:00,23.61623393853876
2011-11-20 04:00:00,7.560733655581745
2011-11-20 05:00:00,6.662466718135468
2011-11-20 06:00:00,15.7665178320532
2011-11-20 07:00:00,42.11719341562634
2011-11-20 08:00:00,93.918685793065393
2011-11-20 09:00:00,200.93305217061746
2011-11-20 10:00:00,265.400619726837
2011-11-20 11:00:00,347.4486297475307
2011-11-20 12:00:00,403.74527131901107
2011-11-20 13:00:00,450.1167691699651
2011-11-20 14:00:00,426.542760131871
2011-11-20 15:00:00,363.13632860068407
2011-11-20 16:00:00,385.0986679459437
2011-11-20 17:00:00,341.6733714730591
2011-11-20 18:00:00,288.72996907154794
2011-11-20 19:00:00,225.15683232351034
2011-11-20 20:00:00,182.72426957031254
2011-11-20 21:00:00,124.48271842196871
2011-11-20 22:00:00,54.61393430938649
2011-11-20 23:00:00,42.33316231682525
2011-11-21 00:00:00,21.73101362618054
2011-11-21 01:00:00,7.572019065720346
2011-11-21 02:00:00,3.1699376517877482
2011-11-21 03:00:00,2.2285434954646774
2011-11-21 04:00:00,3.0623630112088027
2011-11-21 05:00:00,16.633796815454982
2011-11-21 06:00:00,77.86500272232806
2011-11-21 07:00:00,252.18248800810196
2011-11-21 08:00:00,395.98587503215236
2011-11-21 09:00:00,183.80440168691808
2011-11-21 10:00:00,122.51913464401545
2011-11-21 11:00:00,140.4911606043072
2011-11-21 12:00:00,170.9425638644672
2011-11-21 13:00:00,164.47401428191614
2011-11-21 14:00:00,116.91427181708657
2011-11-21 15:00:00,56.817054285669364
2011-11-21 16:00:00,84.20704104735368
2011-11-21 17:00:00,176.46815037160462
2011-11-21 18:00:00,229.48815884695236
2011-11-21 19:00:00,130.3837015432472
2011-11-21 20:00:00,102.07325594751369
2011-11-21 21:00:00,85.89751519415233
2011-11-21 22:00:00,69.04862951845715
2011-11-21 23:00:00,44.15634627094218
2011-11-22 00:00:00,17.4222102203958
2011-11-22 01:00:00,8.69531193682505
2011-11-22 02:00:00,3.5022569389726583
2011-11-22 03:00:00,2.2569755958750335
2011-11-22 04:00:00,3.7670454146844157
2011-11-22 05:00:00,14.860970073539558
2011-11-22 06:00:00,96.04467441833643
2011-11-22 07:00:00,134.15895504320872
2011-11-22 08:00:00,235.44253838509167
2011-11-22 09:00:00,109.74871822506347
2011-11-22 10:00:00,53.96292867096276
2011-11-22 11:00:00,60.52606748272598
2011-11-22 12:00:00,55.091854654098704
2011-11-22 13:00:00,54.53185330390404
2011-11-22 14:00:00,47.755695235032974
2011-11-22 15:00:00,60.93259285127747
2011-11-22 16:00:00,92.47711049254873
2011-11-22 17:00:00,172.1749890094024
2011-11-22 18:00:00,149.3859650488067
2011-11-22 19:00:00,136.15452647921686
2011-11-22 20:00:00,114.03143217822229
2011-11-22 21:00:00,86.2881995110223
2011-11-22 22:00:00,86.9339460351847
2011-11-22 23:00:00,56.11725823894956
2011-11-23 00:00:00,21.612895946185127
2011-11-23 01:00:00,8.364373936836941
2011-11-23 02:00:00,2.6481929683189556
2011-11-23 03:00:00,1.7036433983787118
2011-11-23 04:00:00,2.9233727266550593
2011-11-23 05:00:00,18.670188647570765
2011-11-23 06:00:00,72.55399528278319
2011-11-23 07:00:00,205.78341593531962
2011-11-23 08:00:00,410.3871947282063
2011-11-23 09:00:00,178.4198847465365
2011-11-23 10:00:00,85.88826060747566
2011-11-23 11:00:00,129.64541368409616
2011-11-23 12:00:00,200.26749257716344
2011-11-23 13:00:00,193.5671491415585
2011-11-23 14:00:00,182.26626455429744
2011-11-23 15:00:00,187.72783613218067
2011-11-23 16:00:00,251.57785943283452
2011-11-23 17:00:00,323.19179821381715
2011-11-23 18:00:00,417.91687936963143
2011-11-23 19:00:00,335.0325941039021
2011-11-23 20:00:00,217.7663209505832
2011-11-23 21:00:00,165.61551831791422
2011-11-23 22:00:00,127.54729130143104
2011-11-23 23:00:00,84.2006966647709
2011-11-24 00:00:00,63.838177658759264
2011-11-24 01:00:00,33.5282242221928
2011-11-24 02:00:00,22.28132891108663
2011-11-24 03:00:00,10.16318011027479
2011-11-24 04:00:00,9.265249844380765
2011-11-24 05:00:00,13.039612270350707
2011-11-24 06:00:00,37.25253367263219
2011-11-24 07:00:00,83.20214768060184
2011-11-24 08:00:00,196.72005163667785
2011-11-24 09:00:00,253.43583460172127
2011-11-24 10:00:00,222.85568982187885
2011-11-24 11:00:00,299.40337928592635
2011-11-24 12:00:00,333.9201963049922
2011-11-24 13:00:00,326.97435153715685
2011-11-24 14:00:00,325.17486691536743
2011-11-24 15:00:00,349.9955045223419
2011-11-24 16:00:00,366.2000734790841
2011-11-24 17:00:00,372.00114187324385
2011-11-24 18:00:00,376.4770585754402
2011-11-24 19:00:00,343.5912672547426
2011-11-24 20:00:00,188.23435352734754
2011-11-24 21:00:00,166.55204957301433
2011-11-24 22:00:00,142.20143399994424
2011-11-24 23:00:00,77.05062112674865
2011-11-25 00:00:00,39.308393781482756
2011-11-25 01:00:00,14.936550541006833
2011-11-25 02:00:00,6.113143460268649
2011-11-25 03:00:00,4.851152696366198
2011-11-25 04:00:00,6.374926570679504
2011-11-25 05:00:00,25.62380412308011
2011-11-25 06:00:00,95.21854618509904
2011-11-25 07:00:00,266.3473460455136
2011-11-25 08:00:00,506.3259680359683
2011-11-25 09:00:00,290.40234078739695
2011-11-25 10:00:00,153.04112347629385
2011-11-25 11:00:00,172.13445080206168
2011-11-25 12:00:00,217.0593775467338
2011-11-25 13:00:00,218.97016533159018
2011-11-25 14:00:00,202.1711873153281
2011-11-25 15:00:00,223.97835583082534
2011-11-25 16:00:00,304.16435411827877
2011-11-25 17:00:00,547.5506417310635
2011-11-25 18:00:00,522.8392528615277
2011-11-25 19:00:00,353.0880241341935
2011-11-25 20:00:00,255.0166383984368
2011-11-25 21:00:00,178.73314104191314
2011-11-25 22:00:00,143.5542180779637
2011-11-25 23:00:00,82.57947058173409
2011-11-26 00:00:00,106.44639724067247
2011-11-26 01:00:00,80.44579901600413
2011-11-26 02:00:00,54.75932251358961
2011-11-26 03:00:00,25.149063214968965
2011-11-26 04:00:00,8.087295608662494
2011-11-26 05:00:00,8.743373818585727
2011-11-26 06:00:00,18.531173828613777
2011-11-26 07:00:00,37.08754345977795
2011-11-26 08:00:00,115.62375538013136
2011-11-26 09:00:00,201.0200602521747
2011-11-26 10:00:00,220.42604230119645
2011-11-26 11:00:00,366.8113780375895
2011-11-26 12:00:00,431.3091649660162
2011-11-26 13:00:00,432.7011686736668
2011-11-26 14:00:00,361.45614762297924
2011-11-26 15:00:00,407.36229041836805
2011-11-26 16:00:00,359.7108446454507
2011-11-26 17:00:00,309.1191507057115
2011-11-26 18:00:00,275.72206893000987
2011-11-26 19:00:00,219.1710956235766
2011-11-26 20:00:00,177.81390514984068
2011-11-26 21:00:00,115.76932897814869
2011-11-26 22:00:00,106.46105542027975
2011-11-26 23:00:00,71.69796286959117
2011-11-27 00:00:00,81.40870511223768
2011-11-27 01:00:00,68.78854066448696
2011-11-27 02:00:00,51.9583576916093
2011-11-27 03:00:00,23.745631407391112
2011-11-27 04:00:00,8.661723509328304
2011-11-27 05:00:00,7.1174640059136145
2011-11-27 06:00:00,18.35521071106759
2011-11-27 07:00:00,37.451208179279334
2011-11-27 08:00:00,91.70062894581643
2011-11-27 09:00:00,148.8299169439545
2011-11-27 10:00:00,204.5742497806428
2011-11-27 11:00:00,348.41533608885106
2011-11-27 12:00:00,464.2446697218061
2011-11-27 13:00:00,479.9027024470959
2011-11-27 14:00:00,461.97636114910034
2011-11-27 15:00:00,470.96987656457287
2011-11-27 16:00:00,435.21445954951326
2011-11-27 17:00:00,376.15890631162625
2011-11-27 18:00:00,284.42209754154527
2011-11-27 19:00:00,179.7881254945361
2011-11-27 20:00:00,186.32796555154295
2011-11-27 21:00:00,111.15024351780959
2011-11-27 22:00:00,103.11258581316805
2011-11-27 23:00:00,80.27379021856014
2011-11-28 00:00:00,33.13834533572798
2011-11-28 01:00:00,14.006294100805606
2011-11-28 03:00:00,4.3571667828611496
2011-11-28 04:00:00,6.2858908329593675
2011-11-28 05:00:00,25.467665891400074
2011-11-28 06:00:00,129.8292527822348
2011-11-28 07:00:00,339.27502072699815
2011-11-28 08:00:00,470.7760076699983
2011-11-28 09:00:00,240.66180826270437
2011-11-28 10:00:00,139.63890196625442
2011-11-28 11:00:00,159.00550619813473
2011-11-28 12:00:00,224.30701571510684
2011-11-28 13:00:00,197.75144732647217
2011-11-28 14:00:00,197.52922885133412
2011-11-28 15:00:00,199.86043703207972
2011-11-28 16:00:00,300.6730254326341
2011-11-28 17:00:00,568.315999283177
2011-11-28 18:00:00,516.5091896409558
2011-11-28 19:00:00,337.58468185487783
2011-11-28 20:00:00,227.23585172669087
2011-11-28 21:00:00,162.40600664665527
2011-11-28 22:00:00,115.68543992397326
2011-11-28 23:00:00,76.82491319365707
2011-11-29 00:00:00,34.212987015580396
2011-11-29 01:00:00,15.507536999315995
2011-11-29 02:00:00,5.661067048256345
2011-11-29 03:00:00,4.031164198169656
2011-11-29 04:00:00,5.0884395327500975
2011-11-29 05:00:00,19.054629255816383
2011-11-29 06:00:00,103.70847608442509
2011-11-29 07:00:00,343.2639870586846
2011-11-29 08:00:00,481.6517215519512
2011-11-29 09:00:00,155.07289705348697
2011-11-29 10:00:00,86.9000510615071
2011-11-29 11:00:00,58.217938308374286
2011-11-29 12:00:00,87.91013434595918
2011-11-29 13:00:00,107.73904724060496
2011-11-29 14:00:00,52.92378694122852
2011-11-29 15:00:00,64.62949490148333
2011-11-29 16:00:00,111.99600654525445
2011-11-29 17:00:00,312.87223034017114
2011-11-29 18:00:00,335.45381219659816
2011-11-29 19:00:00,228.54784875528102
2011-11-29 20:00:00,170.10360774017835
2011-11-29 21:00:00,132.6556385044449
2011-11-29 22:00:00,109.96702473367077
2011-11-29 23:00:00,72.39284159621326
2011-11-30 00:00:00,36.82566790337774
2011-11-30 01:00:00,14.81051531480986
2011-11-30 02:00:00,7.324682491849983
2011-11-30 03:00:00,5.15110485080493
2011-11-30 04:00:00,5.99487664351644
2011-11-30 05:00:00,23.00822522645346
2011-11-30 06:00:00,89.87511416528945
2011-11-30 07:00:00,273.9032967605089
2011-11-30 08:00:00,529.6225794377774
2011-11-30 09:00:00,256.1485318183255
2011-11-30 10:00:00,152.35326217717295
2011-11-30 11:00:00,171.8121506231731
2011-11-30 12:00:00,207.49415497779714
2011-11-30 13:00:00,207.84687459657562
2011-11-30 14:00:00,178.74496758716703
2011-11-30 15:00:00,175.12518395642672
2011-11-30 16:00:00,266.5748166191553
2011-11-30 17:00:00,487.1125223710516
2011-11-30 18:00:00,422.31769869590204
2011-11-30 19:00:00,300.70017514067933
2011-11-30 20:00:00,214.94402674544628
2011-11-30 21:00:00,161.78312251966327
2011-11-30 22:00:00,123.16674063969394
2011-11-30 23:00:00,77.96766498057121
2011-12-20 00:00:00,37.56314146005412
2011-12-20 01:00:00,15.617356432077719
2011-12-20 02:00:00,6.491298472040211
2011-12-20 03:00:00,4.512286082175396
2011-12-20 04:00:00,6.548598104824935
2011-12-20 05:00:00,28.13045326714162
2011-12-20 06:00:00,121.63146188341914
2011-12-20 07:00:00,329.82009187993617
2011-12-20 08:00:00,586.5988912144511
2011-12-20 09:00:00,267.0113165683513
2011-12-20 10:00:00,155.99234619446898
2011-12-20 11:00:00,172.9754472090528
2011-12-20 12:00:00,223.3863700804034
2011-12-20 13:00:00,208.58278932956839
2011-12-20 14:00:00,174.6825127700084
2011-12-20 15:00:00,188.37676291577156
2011-12-20 16:00:00,301.7947545531432
2011-12-20 17:00:00,556.8870875110001
2011-12-20 18:00:00,501.0192290320984
2011-12-20 19:00:00,352.66228801645417
2011-12-20 20:00:00,231.11929932848668
2011-12-20 21:00:00,185.7248612937269
2011-12-20 22:00:00,141.2610442835239
2011-12-20 23:00:00,93.07725342503237
2011-12-21 00:00:00,25.792234719644593
2011-12-21 01:00:00,9.31702415015519
2011-12-21 02:00:00,5.299681980123226
2011-12-21 03:00:00,3.2930681574732192
2011-12-21 04:00:00,3.3991816121037055
2011-12-21 05:00:00,19.10748360032265
2011-12-21 06:00:00,80.51963415645646
2011-12-21 07:00:00,238.49151010082406
2011-12-21 08:00:00,205.83919208859876
2011-12-21 09:00:00,183.8019701351903
2011-12-21 10:00:00,94.83365671661215
2011-12-21 11:00:00,104.08419369754971
2011-12-21 12:00:00,52.766325180681335
2011-12-21 13:00:00,40.548415255622075
2011-12-21 14:00:00,74.21975583996024
2011-12-21 15:00:00,80.68765450728814
2011-12-21 16:00:00,42.284036562020084
2011-12-21 17:00:00,97.91122870475841
2011-12-21 18:00:00,152.68690055196424
2011-12-21 19:00:00,141.27469751820118
2011-12-21 20:00:00,91.3332218566719
2011-12-21 21:00:00,110.3204374537235
2011-12-21 22:00:00,96.85503269805022
2011-12-21 23:00:00,65.5309565991125
2011-12-22 00:00:00,28.162945742541787
2011-12-22 01:00:00,10.618906617012048
2011-12-22 02:00:00,7.403464129813799
2011-12-22 03:00:00,3.387815376293387
2011-12-22 04:00:00,3.9042790309079174
2011-12-22 05:00:00,20.987569136195173
2011-12-22 06:00:00,83.21835184378968
2011-12-22 07:00:00,192.69288522911103
2011-12-22 08:00:00,419.9414966077438
2011-12-22 09:00:00,213.44576512527047
2011-12-22 10:00:00,103.64783746772905
2011-12-22 11:00:00,116.78207705846346
2011-12-22 12:00:00,147.80066211953897
2011-12-22 13:00:00,136.92968183203826
2011-12-22 14:00:00,118.21170531200335
2011-12-22 15:00:00,132.36598101156258
2011-12-22 16:00:00,193.50278427002806
2011-12-22 17:00:00,312.0558254339367
2011-12-22 18:00:00,319.59765524559026
2011-12-22 19:00:00,218.8158931401937
2011-12-22 20:00:00,130.37916849803239
2011-12-22 21:00:00,97.33454156389503
2011-12-22 22:00:00,47.834757586272346
2011-12-22 23:00:00,34.27023225635133
2011-12-23 00:00:00,13.329871123293238
2011-12-23 01:00:00,6.521912533744773
2011-12-23 02:00:00,3.662917992354636
2011-12-23 03:00:00,2.062421281905252
2011-12-23 04:00:00,1.6422196060105867
2011-12-23 05:00:00,14.621305326621798
2011-12-23 06:00:00,86.72724948740127
2011-12-23 07:00:00,246.8674686767264
2011-12-23 08:00:00,428.9005258600568
2011-12-23 09:00:00,181.9701989536929
2011-12-23 10:00:00,94.7504288108731
2011-12-23 11:00:00,101.39214919562983
2011-12-23 12:00:00,130.13211689749255
2011-12-23 13:00:00,124.25881888021561
2011-12-23 14:00:00,109.7023835436408
2011-12-23 15:00:00,120.44500638399806
2011-12-23 16:00:00,173.24211795701117
2011-12-23 17:00:00,299.9254412173569
2011-12-23 18:00:00,273.036412034189
2011-12-23 19:00:00,186.33312246887195
2011-12-23 20:00:00,109.15545566652888
2011-12-23 21:00:00,90.98668362793767
2011-12-23 22:00:00,68.93267947769543
2011-12-23 23:00:00,47.50716254250313
2011-12-24 00:00:00,49.79175587419621
2011-12-24 01:00:00,36.332847610673255
2011-12-24 02:00:00,29.108699694190026
2011-12-24 03:00:00,15.752934141218624
2011-12-24 04:00:00,4.046515767529309
2011-12-24 05:00:00,3.7547720433640515
2011-12-24 06:00:00,7.15754896254855
2011-12-24 07:00:00,15.772094583054793
2011-12-24 08:00:00,39.69537637075432
2011-12-24 09:00:00,72.3602428007088
2011-12-24 10:00:00,121.85865189314231
2011-12-24 11:00:00,145.0934986586348
2011-12-24 12:00:00,178.9631335115106
2011-12-24 13:00:00,172.65148752760703
2011-12-24 14:00:00,164.313822759141
2011-12-24 15:00:00,166.5246410414008
2011-12-24 16:00:00,159.49465223531757
2011-12-24 17:00:00,138.07018491501375
2011-12-24 18:00:00,126.04577023823306
2011-12-24 19:00:00,99.58311152862935
2011-12-24 20:00:00,68.90795072707604
2011-12-24 21:00:00,54.70161275123048
2011-12-24 22:00:00,41.58453383595252
2011-12-24 23:00:00,32.35262932318269
2011-12-25 00:00:00,33.983864212340904
2011-12-25 01:00:00,32.65084491623425
2011-12-25 02:00:00,23.634213688167755
2011-12-25 03:00:00,10.392869545028415
2011-12-25 05:00:00,3.369988135633265
2011-12-25 06:00:00,5.227368197950916
2011-12-25 07:00:00,18.55435256974423
2011-12-25 08:00:00,40.72943979314191
2011-12-25 09:00:00,84.60863845887367
2011-12-25 10:00:00,125.02749237690239
2011-12-25 11:00:00,167.36766597374938
2011-12-25 12:00:00,138.917093199222
2011-12-25 13:00:00,167.9262781664942
2011-12-25 14:00:00,166.07286260064024
2011-12-25 15:00:00,161.4772184812004
2011-12-25 16:00:00,208.26098134835053
2011-12-25 17:00:00,154.61250803933518
2011-12-25 18:00:00,102.59207507351512
2011-12-25 19:00:00,100.31418618822113
2011-12-25 20:00:00,79.41466263366769
2011-12-25 21:00:00,67.82210006211085
2011-12-25 22:00:00,51.59572811052038
2011-12-25 23:00:00,35.282961068897784
2011-12-26 00:00:00,28.257223130843474
2011-12-26 01:00:00,16.34058258453661
2011-12-26 02:00:00,12.722601895980178
2011-12-26 04:00:00,4.279628566760468
2011-12-26 05:00:00,5.742891917806859
2011-12-26 06:00:00,15.382214630257714
2011-12-26 07:00:00,35.332327054382056
2011-12-26 08:00:00,90.27157710768206
2011-12-26 09:00:00,96.88265519101834
2011-12-26 10:00:00,114.67633356543827
2011-12-26 11:00:00,118.65900567596613
2011-12-26 12:00:00,150.12973359475595
2011-12-26 13:00:00,177.5338552221689
2011-12-26 14:00:00,161.2763216186673
2011-12-26 15:00:00,175.8860301415388
2011-12-26 16:00:00,160.02437236432561
2011-12-26 17:00:00,154.10774254212893
2011-12-26 18:00:00,153.42399914930525
2011-12-26 19:00:00,136.7563455892992
2011-12-26 20:00:00,100.8989346162027
2011-12-26 21:00:00,73.18991300076867
2011-12-26 22:00:00,61.44964210701356
2011-12-26 23:00:00,40.76952538471379
2011-12-27 00:00:00,19.043917463038245
2011-12-27 01:00:00,8.519171198078844
2011-12-27 02:00:00,4.407439638026485
2011-12-27 03:00:00,2.532458911964859
2011-12-27 04:00:00,2.548933319207875
2011-12-27 05:00:00,13.20188591189147
2011-12-27 06:00:00,62.269010827465706
2011-12-27 07:00:00,168.5055417670238
2011-12-27 08:00:00,339.13089104457805
2011-12-27 09:00:00,130.8770710136409
2011-12-27 10:00:00,90.82294534902077
2011-12-27 11:00:00,62.096191434132905
2011-12-27 12:00:00,76.10471560214955
2011-12-27 13:00:00,59.79030474590938
2011-12-27 14:00:00,57.516499362685124
2011-12-27 15:00:00,61.28536891183376
2011-12-27 16:00:00,72.74057548112525
2011-12-27 17:00:00,193.2153830917434
2011-12-27 18:00:00,243.87787206370774
2011-12-27 19:00:00,173.99294517891366
2011-12-27 20:00:00,108.1058206636776
2011-12-27 21:00:00,96.5157016460837
2011-12-27 22:00:00,75.65082878165437
2011-12-27 23:00:00,41.388391445444384
2011-12-28 00:00:00,19.027127873418184
2011-12-28 01:00:00,9.366440921058514
2011-12-28 02:00:00,4.308704528565704
2011-12-28 03:00:00,2.6190044749174923
2011-12-28 05:00:00,13.143848124789356
2011-12-28 06:00:00,66.90247912021968
2011-12-28 07:00:00,192.11343515633152
2011-12-28 08:00:00,347.63296070294024
2011-12-28 09:00:00,175.3293517619455
2011-12-28 10:00:00,95.86483624698829
2011-12-28 11:00:00,98.53195220477662
2011-12-28 12:00:00,106.51615576745095
2011-12-28 13:00:00,109.29599400947221
2011-12-28 14:00:00,90.15357593606358
2011-12-28 15:00:00,97.90662191323537
2011-12-28 16:00:00,144.79835140717873
2011-12-28 17:00:00,250.5729644420288
2011-12-28 18:00:00,223.90902087580372
2011-12-28 19:00:00,157.08935645546765
2011-12-28 20:00:00,103.92895168417505
2011-12-28 21:00:00,71.882941392276
2011-12-28 22:00:00,56.52010492327851
2011-12-28 23:00:00,33.954685525665916
2011-12-29 00:00:00,14.15545750142744
2011-12-29 01:00:00,5.906456382162526
2011-12-29 02:00:00,2.9907302231735158
2011-12-29 03:00:00,1.5960259357260338
2011-12-29 04:00:00,1.778594152594131
2011-12-29 05:00:00,10.09852304403274
2011-12-29 06:00:00,45.8372026190522
2011-12-29 07:00:00,141.35420257208935
2011-12-29 08:00:00,233.0920165018398
2011-12-29 09:00:00,147.5356663835892
2011-12-29 10:00:00,61.63598065455156
2011-12-29 11:00:00,75.17328438447802
2011-12-29 12:00:00,100.90445241342408
2011-12-29 13:00:00,105.58849977413954
2011-12-29 14:00:00,91.96108406489715
2011-12-29 15:00:00,101.65481588445235
2011-12-29 16:00:00,147.0092789419204
2011-12-29 17:00:00,241.90192425501343
2011-12-29 18:00:00,241.5469294776829
2011-12-29 19:00:00,172.9008995417019
2011-12-29 20:00:00,120.24153475092679
2011-12-29 21:00:00,91.37445598347713
2011-12-29 22:00:00,70.62315509160801
2011-12-29 23:00:00,44.76865756173145
2011-12-30 00:00:00,22.38942096728606
2011-12-30 01:00:00,7.3262774913395114
2011-12-30 02:00:00,4.059271149648136
2011-12-30 03:00:00,2.559887935514067
2011-12-30 04:00:00,2.599708508049245
2011-12-30 05:00:00,11.749138044920453
2011-12-30 06:00:00,64.38166436475343
2011-12-30 07:00:00,177.26718032133078
2011-12-30 08:00:00,327.8223039071452
2011-12-30 09:00:00,188.80184234681576
2011-12-30 10:00:00,85.58033284349051
2011-12-30 11:00:00,88.52966807111892
2011-12-30 12:00:00,118.29912939650505
2011-12-30 13:00:00,129.7403573260694
2011-12-30 14:00:00,115.52323954060809
2011-12-30 15:00:00,150.29905359656522
2011-12-30 16:00:00,212.01529684624353
2011-12-30 17:00:00,338.4954576763534
2011-12-30 18:00:00,298.9269999938419
2011-12-30 19:00:00,160.52040827885705
2011-12-30 20:00:00,133.96570351124123
2011-12-30 21:00:00,114.53112219016212
2011-12-30 22:00:00,84.14170716922217
2011-12-30 23:00:00,53.129896748970864
2011-12-31 00:00:00,37.63005944716376
2011-12-31 01:00:00,33.586440051524725
2011-12-31 02:00:00,25.343227222893375
2011-12-31 03:00:00,12.043133674013273
2011-12-31 04:00:00,4.772506197776151
2011-12-31 05:00:00,4.63226514810899
2011-12-31 06:00:00,8.272872274033892
2011-12-31 07:00:00,14.432805496433316
2011-12-31 08:00:00,63.93736223705557
2011-12-31 09:00:00,102.64772578919838
2011-12-31 10:00:00,175.5990798766722
2011-12-31 11:00:00,241.57439789335942
2011-12-31 12:00:00,315.842567966247
2011-12-31 13:00:00,284.0114694286661
2011-12-31 14:00:00,209.28720318106076
2011-12-31 15:00:00,207.02013277436828
2011-12-31 16:00:00,186.02762692367182
2011-12-31 17:00:00,177.21542033541863
2011-12-31 18:00:00,183.5449046310317
2011-12-31 19:00:00,126.88554445098106
2011-12-31 20:00:00,102.5088256936501
2011-12-31 21:00:00,76.11101928592402
2011-12-31 22:00:00,76.33512030199611
2011-12-31 23:00:00,49.279052179499494
2012-01-20 00:00:00,15.287794296732951
2012-01-20 01:00:00,7.3288805483548165
2012-01-20 02:00:00,3.9381378694644007
2012-01-20 03:00:00,2.2014654540801812
2012-01-20 04:00:00,2.029528634342484
2012-01-20 05:00:00,10.499617137930034
2012-01-20 06:00:00,50.99507134832266
2012-01-20 07:00:00,134.23519767073384
2012-01-20 08:00:00,278.6441942916447
2012-01-20 09:00:00,140.92425683250073
2012-01-20 10:00:00,62.805314637558816
2012-01-20 11:00:00,51.5576321095542
2012-01-20 12:00:00,64.19208774817612
2012-01-20 13:00:00,74.57643011246003
2012-01-20 14:00:00,64.70782281876728
2012-01-20 15:00:00,74.65559605809919
2012-01-20 16:00:00,100.46501167164857
2012-01-20 17:00:00,186.62165803542368
2012-01-20 18:00:00,187.97997271072728
2012-01-20 19:00:00,137.18461763977305
2012-01-20 20:00:00,87.00873785719388
2012-01-20 21:00:00,67.9056363792407
2012-01-20 22:00:00,45.86507840070425
2012-01-20 23:00:00,19.775521222503446
2012-01-21 00:00:00,22.102686344241903
2012-01-21 01:00:00,13.058772423466147
2012-01-21 02:00:00,12.34510820238045
2012-01-21 03:00:00,5.272344539202063
2012-01-21 04:00:00,1.9788073018578989
2012-01-21 05:00:00,1.9492280430814681
2012-01-21 06:00:00,2.339029895556814
2012-01-21 07:00:00,6.229861697318876
2012-01-21 08:00:00,19.643776206433692
2012-01-21 09:00:00,32.0255249624709
2012-01-21 10:00:00,31.931509379455672
2012-01-21 11:00:00,95.22864218964982
2012-01-21 12:00:00,105.4882531508527
2012-01-21 13:00:00,86.80707729201121
2012-01-21 14:00:00,62.27336926902124
2012-01-21 15:00:00,62.25046425985789
2012-01-21 16:00:00,69.97684238491453
2012-01-21 17:00:00,62.00265482138328
2012-01-21 18:00:00,51.913506328724864
2012-01-21 19:00:00,43.39464639769551
2012-01-21 20:00:00,34.20675145636796
2012-01-21 21:00:00,27.82856717740581
2012-01-21 22:00:00,23.283311857002115
2012-01-21 23:00:00,18.50058574768352
2012-01-22 00:00:00,21.329399878375604
2012-01-22 01:00:00,18.376721504233753
2012-01-22 02:00:00,14.388335440946905
2012-01-22 03:00:00,6.721107840028168
2012-01-22 04:00:00,1.897995704272112
2012-01-22 05:00:00,1.9764886719058428
2012-01-22 06:00:00,3.128486939397594
2012-01-22 07:00:00,8.950277327293719
2012-01-22 08:00:00,22.552688373948104
2012-01-22 09:00:00,42.24649917093377
2012-01-22 10:00:00,62.30880423070704
2012-01-22 11:00:00,60.05639806216413
2012-01-22 12:00:00,79.99007718383208
2012-01-22 13:00:00,99.5942233002998
2012-01-22 14:00:00,87.56188387182237
2012-01-22 15:00:00,73.51774278628206
2012-01-22 16:00:00,73.07195050997896
2012-01-22 17:00:00,78.42552483000088
2012-01-22 18:00:00,43.329705717839005
2012-01-22 19:00:00,35.83867346673543
2012-01-22 20:00:00,24.897090691789394
2012-01-22 21:00:00,21.914278418674066
2012-01-22 22:00:00,23.656518783995512
2012-01-22 23:00:00,17.810479105693677
2012-01-23 00:00:00,10.714515454755029
2012-01-23 01:00:00,4.957487230225166
2012-01-23 02:00:00,2.6137019600373352
2012-01-23 03:00:00,1.5736889665643357
2012-01-23 04:00:00,1.7648745677954674
2012-01-23 05:00:00,8.129361773195626
2012-01-23 06:00:00,38.47828290808147
2012-01-23 07:00:00,72.60630829245957
2012-01-23 08:00:00,174.682826471867
2012-01-23 09:00:00,136.56685278569378
2012-01-23 10:00:00,38.13620069061641
2012-01-23 11:00:00,40.86812801334161
2012-01-23 12:00:00,43.23047864817511
2012-01-23 13:00:00,29.439205236543252
2012-01-23 14:00:00,23.430176622946156
2012-01-23 15:00:00,29.65102566296258
2012-01-23 16:00:00,69.75753378866403
2012-01-23 17:00:00,135.47266577295522
2012-01-23 18:00:00,154.25293833317235
2012-01-23 19:00:00,99.83847726143922
2012-01-23 20:00:00,59.28430715490938
2012-01-23 21:00:00,35.95827490275612
2012-01-23 22:00:00,28.73175813449012
2012-01-23 23:00:00,23.83268080791059
2012-01-24 00:00:00,8.143826451478974
2012-01-24 01:00:00,5.589553976217849
2012-01-24 02:00:00,3.1226551549576005
2012-01-24 03:00:00,2.246120839776208
2012-01-24 04:00:00,1.8417826988590966
2012-01-24 05:00:00,9.273064146993793
2012-01-24 06:00:00,47.37146082770585
2012-01-24 07:00:00,170.49978435969368
2012-01-24 08:00:00,323.2507726311645
2012-01-24 09:00:00,188.5245799261537
2012-01-24 10:00:00,63.533974698716925
2012-01-24 11:00:00,85.33915879510366
2012-01-24 12:00:00,95.26275784829816
2012-01-24 13:00:00,87.41519776653563
2012-01-24 14:00:00,82.25183801483604
2012-01-24 15:00:00,101.25441990038696
2012-01-24 16:00:00,187.02825401501207
2012-01-24 17:00:00,374.6607806661291
2012-01-24 18:00:00,337.9300945882616
2012-01-24 19:00:00,257.70805501535045
2012-01-24 20:00:00,107.00872227584662
2012-01-24 21:00:00,117.88132520686224
2012-01-24 22:00:00,65.75617628553947
2012-01-24 23:00:00,42.134245748883714
2012-01-25 00:00:00,11.711740977222075
2012-01-25 01:00:00,7.490548771737308
2012-01-25 02:00:00,3.840212650365951
2012-01-25 03:00:00,2.195747887946882
2012-01-25 04:00:00,2.0974757319233874
2012-01-25 05:00:00,11.397263838025994
2012-01-25 06:00:00,50.89238418651776
2012-01-25 07:00:00,152.56388113926144
2012-01-25 08:00:00,296.56122239780615
2012-01-25 09:00:00,158.56557198979186
2012-01-25 10:00:00,64.9549272258815
2012-01-25 11:00:00,80.58589338667534
2012-01-25 12:00:00,120.7950237302235
2012-01-25 13:00:00,118.12371870348073
2012-01-25 14:00:00,103.71645133501998
2012-01-25 15:00:00,120.22838817671712
2012-01-25 16:00:00,157.83383952411756
2012-01-25 17:00:00,318.9553482971079
2012-01-25 18:00:00,235.86693144002857
2012-01-25 19:00:00,192.88569693862263
2012-01-25 20:00:00,119.21824303129976
2012-01-25 21:00:00,89.10225132204448
2012-01-25 22:00:00,71.64462637458605
2012-01-25 23:00:00,41.00400387310632
2012-01-26 00:00:00,18.539271677211957
2012-01-26 01:00:00,7.77770385286834
2012-01-26 02:00:00,3.9407259927168634
2012-01-26 03:00:00,2.5629975163243865
2012-01-26 04:00:00,2.57115583453359
2012-01-26 05:00:00,14.732911789969505
2012-01-26 06:00:00,62.44635200265305
2012-01-26 07:00:00,191.35546539996258
2012-01-26 08:00:00,373.7286959778065
2012-01-26 09:00:00,193.85490100863692
2012-01-26 10:00:00,85.74114900994293
2012-01-26 11:00:00,80.18141632261771
2012-01-26 12:00:00,101.98432042249227
2012-01-26 13:00:00,116.02943023360115
2012-01-26 14:00:00,103.60056878305797
2012-01-26 15:00:00,120.53922379146668
2012-01-26 16:00:00,166.63002461915394
2012-01-26 17:00:00,332.9763405099262
2012-01-26 18:00:00,305.6194302246943
2012-01-26 19:00:00,185.39737520159036
2012-01-26 20:00:00,136.28076679261528
2012-01-26 21:00:00,103.77739385957902
2012-01-26 22:00:00,95.0481603577969
2012-01-26 23:00:00,51.19313751198976
2012-01-27 00:00:00,18.482120957394145
2012-01-27 01:00:00,7.174387781217349
2012-01-27 02:00:00,5.164197940238093
2012-01-27 03:00:00,1.9543073439754086
2012-01-27 04:00:00,1.4505076069570433
2012-01-27 05:00:00,9.876818054501301
2012-01-27 06:00:00,39.01182054032465
2012-01-27 07:00:00,111.32757868423784
2012-01-27 08:00:00,174.8722295079099
2012-01-27 09:00:00,88.36306173526945
2012-01-27 10:00:00,32.84669557420819
2012-01-27 11:00:00,81.10498062102494
2012-01-27 12:00:00,113.06850451988718
2012-01-27 13:00:00,135.4641258306615
2012-01-27 14:00:00,116.65799899172394
2012-01-27 15:00:00,131.9905037049161
2012-01-27 16:00:00,174.40658194411543
2012-01-27 17:00:00,327.7457882162057
2012-01-27 18:00:00,278.0251567571285
2012-01-27 19:00:00,184.64657831530383
2012-01-27 20:00:00,126.56941911676314
2012-01-27 21:00:00,92.43255871186783
2012-01-27 22:00:00,73.1043838040982
2012-01-27 23:00:00,41.625341165289434
2012-01-28 00:00:00,37.297249636783064
2012-01-28 01:00:00,37.48045890414695
2012-01-28 02:00:00,23.842001365828235
2012-01-28 03:00:00,11.966584983938514
2012-01-28 04:00:00,3.6057857181418487
2012-01-28 05:00:00,3.4112394240673853
2012-01-28 06:00:00,4.976810476678047
2012-01-28 07:00:00,12.628657922082148
2012-01-28 08:00:00,36.84724946109419
2012-01-28 09:00:00,59.24742334457713
2012-01-28 10:00:00,121.4304455991473
2012-01-28 11:00:00,167.04503042171515
2012-01-28 12:00:00,154.33685117948986
2012-01-28 13:00:00,179.3413837002757
2012-01-28 14:00:00,184.58379722902959
2012-01-28 15:00:00,189.0378228985128
2012-01-28 16:00:00,212.103264430698
2012-01-28 17:00:00,177.6778507693718
2012-01-28 18:00:00,162.1113161858951
2012-01-28 19:00:00,102.77291490527384
2012-01-28 20:00:00,89.63551073039328
2012-01-28 21:00:00,64.57146938385517
2012-01-28 22:00:00,55.38086296015742
2012-01-28 23:00:00,36.802286256781734
2012-01-29 00:00:00,40.59807160568837
2012-01-29 01:00:00,32.21717524472532
2012-01-29 02:00:00,23.12788450006455
2012-01-29 03:00:00,10.751806828777854
2012-01-29 04:00:00,3.456144841820941
2012-01-29 05:00:00,2.7564654625025624
2012-01-29 06:00:00,4.97845261748632
2012-01-29 07:00:00,14.944277354553103
2012-01-29 08:00:00,34.11333483714454
2012-01-29 09:00:00,65.14367104296812
2012-01-29 10:00:00,138.1824381343543
2012-01-29 11:00:00,138.7137024667161
2012-01-29 12:00:00,172.8981730138113
2012-01-29 13:00:00,174.84732650669707
2012-01-29 14:00:00,161.07835015810647
2012-01-29 15:00:00,170.84662848171274
2012-01-29 16:00:00,160.1581116909752
2012-01-29 17:00:00,135.38469207371364
2012-01-29 18:00:00,109.14900678278416
2012-01-29 19:00:00,83.94051797043161
2012-01-29 20:00:00,69.28644571072142
2012-01-29 21:00:00,55.90124065505925
2012-01-29 22:00:00,44.535363660032566
2012-01-29 23:00:00,35.364864289068706
2012-01-30 00:00:00,17.13508269664395
2012-01-30 01:00:00,6.118778052860178
2012-01-30 02:00:00,3.2843244066031487
2012-01-30 03:00:00,2.1490119203170917
2012-01-30 04:00:00,1.8888895593172352
2012-01-30 05:00:00,9.77440114377922
2012-01-30 06:00:00,51.413536281017784
2012-01-30 07:00:00,144.28541810846366
2012-01-30 08:00:00,257.83979022720564
2012-01-30 09:00:00,138.86448289436507
2012-01-30 10:00:00,64.37899485967783
2012-01-30 11:00:00,87.43060879299746
2012-01-30 12:00:00,104.27691523476538
2012-01-30 13:00:00,110.08451832146041
2012-01-30 14:00:00,99.52816208466011
2012-01-30 15:00:00,101.97593705677649
2012-01-30 16:00:00,159.23317726109826
2012-01-30 17:00:00,309.02130047677286
2012-01-30 18:00:00,262.0147997815921
2012-01-30 19:00:00,184.8988885759234
2012-01-30 20:00:00,123.8300139455847
2012-01-30 21:00:00,95.39063529569223
2012-01-30 22:00:00,68.45549140641646
2012-01-30 23:00:00,39.30679321224254
2012-01-31 00:00:00,18.353978675632888
2012-01-31 01:00:00,7.970928738256397
2012-01-31 02:00:00,4.573433880153665
2012-01-31 03:00:00,2.7252596205913124
2012-01-31 04:00:00,2.5845561050998067
2012-01-31 05:00:00,13.769319471867453
2012-01-31 06:00:00,64.73621153580419
2012-01-31 07:00:00,158.54097367220936
2012-01-31 08:00:00,326.88720934847817
2012-01-31 09:00:00,191.42149270685968
2012-01-31 10:00:00,86.7655271646266
2012-01-31 11:00:00,118.3447941866359
2012-01-31 12:00:00,139.03103930652549
2012-01-31 13:00:00,172.73811292079296
2012-01-31 14:00:00,123.90325175142696
2012-01-31 15:00:00,141.57404328606157
2012-01-31 16:00:00,212.34644725016153
2012-01-31 17:00:00,393.473212983001
2012-01-31 18:00:00,376.19751596134336
2012-01-31 19:00:00,248.10982340835056
2012-01-31 20:00:00,168.20023929840428
2012-01-31 21:00:00,139.14993272604855
2012-01-31 22:00:00,102.1391150388503
2012-01-31 23:00:00,69.65782331045833
2012-02-20 00:00:00,36.03475803262917
2012-02-20 01:00:00,21.25224059210122
2012-02-20 02:00:00,14.904502753248991
2012-02-20 03:00:00,4.479776126350928
2012-02-20 05:00:00,4.670472528299781
2012-02-20 06:00:00,13.717844516378483
2012-02-20 07:00:00,25.463402513656362
2012-02-20 08:00:00,52.666253385497114
2012-02-20 09:00:00,75.17411954927813
2012-02-20 10:00:00,85.6790227152441
2012-02-20 11:00:00,129.42561602550236
2012-02-20 12:00:00,153.96802042880657
2012-02-20 13:00:00,156.17781936534737
2012-02-20 14:00:00,158.88334095260376
2012-02-20 15:00:00,161.8582737265991
2012-02-20 16:00:00,200.1067760885338
2012-02-20 17:00:00,183.42400692038493
2012-02-20 18:00:00,164.5559371575485
2012-02-20 19:00:00,149.44632937712137
2012-02-20 20:00:00,107.66457461785018
2012-02-20 21:00:00,88.09035161217903
2012-02-20 22:00:00,79.10792555410383
2012-02-20 23:00:00,47.507566427765724
2012-02-21 00:00:00,16.74522899809817
2012-02-21 01:00:00,7.511976535269828
2012-02-21 02:00:00,3.3981640613868493
2012-02-21 04:00:00,1.6411106912038713
2012-02-21 05:00:00,8.979241044012898
2012-02-21 06:00:00,46.18213380734721
2012-02-21 07:00:00,132.98106657265615
2012-02-21 08:00:00,302.5267540607223
2012-02-21 09:00:00,167.97749725422952
2012-02-21 10:00:00,73.79672044177197
2012-02-21 11:00:00,72.95941404920791
2012-02-21 12:00:00,111.45987568900479
2012-02-21 13:00:00,109.79083998958328
2012-02-21 14:00:00,91.61980352545903
2012-02-21 15:00:00,102.4052321137478
2012-02-21 16:00:00,164.70907406585752
2012-02-21 17:00:00,318.1516925155318
2012-02-21 18:00:00,300.8433080610725
2012-02-21 19:00:00,195.33388085630378
2012-02-21 20:00:00,143.36553745885334
2012-02-21 21:00:00,104.9895007221524
2012-02-21 22:00:00,79.074313241373
2012-02-21 23:00:00,47.04167120578758
2012-02-22 00:00:00,19.35805507672576
2012-02-22 01:00:00,9.57690625792406
2012-02-22 02:00:00,4.481694039083644
2012-02-22 03:00:00,2.7869068781029678
2012-02-22 04:00:00,2.6492474307543605
2012-02-22 05:00:00,15.457247886608286
2012-02-22 06:00:00,70.7144344627599
2012-02-22 07:00:00,219.05545090778745
2012-02-22 08:00:00,427.0040326504527
2012-02-22 09:00:00,221.5226555166607
2012-02-22 10:00:00,103.78582483953073
2012-02-22 11:00:00,106.87899826386588
2012-02-22 12:00:00,141.83469926022156
2012-02-22 13:00:00,152.62204055851467
2012-02-22 14:00:00,120.62768540780306
2012-02-22 15:00:00,120.64709455460586
2012-02-22 16:00:00,182.58247298335053
2012-02-22 17:00:00,354.91530289406586
2012-02-22 18:00:00,309.47997850804165
2012-02-22 19:00:00,229.15542060215714
2012-02-22 20:00:00,165.2519050971376
2012-02-22 21:00:00,122.18162813119916
2012-02-22 22:00:00,96.56143354303006
2012-02-22 23:00:00,61.291828062110746
2012-02-23 00:00:00,22.73601062971146
2012-02-23 01:00:00,8.70050749687253
2012-02-23 02:00:00,4.936635247111149
2012-02-23 03:00:00,2.3526597347354206
2012-02-23 04:00:00,2.7657943840532546
2012-02-23 05:00:00,16.108444332891693
2012-02-23 06:00:00,94.10093145011187
2012-02-23 07:00:00,248.23346579412694
2012-02-23 08:00:00,451.2795622436792
2012-02-23 09:00:00,229.1834227503218
2012-02-23 10:00:00,108.37979586216855
2012-02-23 11:00:00,127.94969107454087
2012-02-23 12:00:00,172.3406836679782
2012-02-23 13:00:00,178.08447652303926
2012-02-23 14:00:00,152.96861174955276
2012-02-23 15:00:00,167.6176319304534
2012-02-23 16:00:00,220.6566408581627
2012-02-23 17:00:00,398.9680104509575
2012-02-23 18:00:00,436.53069916357055
2012-02-23 19:00:00,289.77375941713257
2012-02-23 20:00:00,209.63912980618676
2012-02-23 21:00:00,140.25351697029245
2012-02-23 22:00:00,113.38367693999217
2012-02-23 23:00:00,75.11980235742736
2012-02-24 00:00:00,23.414472104363526
2012-02-24 01:00:00,11.036119178837183
2012-02-24 02:00:00,4.393977842109451
2012-02-24 03:00:00,4.1825074933969155
2012-02-24 04:00:00,3.7628616090084868
2012-02-24 05:00:00,15.925434527430024
2012-02-24 06:00:00,88.37221086740468
2012-02-24 07:00:00,200.14973096152374
2012-02-24 08:00:00,329.127074110553
2012-02-24 09:00:00,151.8318696848791
2012-02-24 10:00:00,76.25609813595999
2012-02-24 11:00:00,114.05527844303046
2012-02-24 12:00:00,125.24993841397882
2012-02-24 13:00:00,149.82736340200213
2012-02-24 14:00:00,128.3750800776206
2012-02-24 15:00:00,67.35726651109725
2012-02-24 16:00:00,101.99498090127852
2012-02-24 17:00:00,221.87691349865204
2012-02-24 18:00:00,313.8248210524516
2012-02-24 19:00:00,254.15022878357254
2012-02-24 20:00:00,167.19638105594387
2012-02-24 21:00:00,116.1637760475356
2012-02-24 22:00:00,89.81093849767221
2012-02-24 23:00:00,55.512461504241735
2012-02-25 00:00:00,50.38268566353063
2012-02-25 01:00:00,37.941451239995274
2012-02-25 02:00:00,28.89188152575557
2012-02-25 03:00:00,12.57967479279627
2012-02-25 04:00:00,4.014254274483564
2012-02-25 05:00:00,3.5598399073964155
2012-02-25 06:00:00,5.933203144866457
2012-02-25 07:00:00,17.74660996753921
2012-02-25 08:00:00,41.129509804451146
2012-02-25 09:00:00,41.82392015960483
2012-02-25 10:00:00,131.70488816265117
2012-02-25 11:00:00,149.55929507049132
2012-02-25 12:00:00,149.47254184555865
2012-02-25 13:00:00,152.9830396775962
2012-02-25 14:00:00,146.24170504286712
2012-02-25 15:00:00,145.7232782450468
2012-02-25 16:00:00,134.65922319463027
2012-02-25 17:00:00,125.76728828653695
2012-02-25 18:00:00,89.82653329301618
2012-02-25 19:00:00,80.76002031235431
2012-02-25 20:00:00,54.04506441734244
2012-02-25 21:00:00,49.10736268956309
2012-02-25 22:00:00,38.15703392341341
2012-02-25 23:00:00,30.71791748749833
2012-02-26 00:00:00,33.33378233766086
2012-02-26 01:00:00,28.2573626817674
2012-02-26 02:00:00,21.75817710894212
2012-02-26 03:00:00,11.417203929000467
2012-02-26 04:00:00,3.6570524383691203
2012-02-26 05:00:00,2.837691546037128
2012-02-26 06:00:00,4.182567180713116
2012-02-26 07:00:00,11.31422606269043
2012-02-26 08:00:00,31.379028829075665
2012-02-26 09:00:00,67.55811875224968
2012-02-26 10:00:00,148.52623742430012
2012-02-26 11:00:00,156.07185946673974
2012-02-26 12:00:00,236.81224549285656
2012-02-26 13:00:00,238.0670287351838
2012-02-26 14:00:00,199.7557609790467
2012-02-26 15:00:00,215.14621105213217
2012-02-26 16:00:00,180.29897876268146
2012-02-26 17:00:00,152.91363221991446
2012-02-26 18:00:00,127.57054044921229
2012-02-26 19:00:00,116.92313914415888
2012-02-26 20:00:00,87.02258396440722
2012-02-26 21:00:00,77.99155712531989
2012-02-26 22:00:00,56.02269455170378
2012-02-26 23:00:00,42.026044144986315
2012-02-27 00:00:00,18.248282336447605
2012-02-27 01:00:00,7.0822406707162475
2012-02-27 02:00:00,3.6088605787756465
2012-02-27 03:00:00,2.2694717246705607
2012-02-27 04:00:00,2.0241747331452284
2012-02-27 05:00:00,11.209673978527924
2012-02-27 06:00:00,53.8777036891789
2012-02-27 07:00:00,176.39899707971747
2012-02-27 08:00:00,359.52282545085274
2012-02-27 09:00:00,192.54659155694785
2012-02-27 10:00:00,95.6795830440287
2012-02-27 11:00:00,108.63059644636678
2012-02-27 12:00:00,145.03252689809966
2012-02-27 13:00:00,141.18209876075312
2012-02-27 14:00:00,132.85860097395764
2012-02-27 15:00:00,128.35221795273557
2012-02-27 16:00:00,184.72304295416964
2012-02-27 17:00:00,327.3305221951206
2012-02-27 18:00:00,322.52922801326696
2012-02-27 19:00:00,216.5835424534975
2012-02-27 20:00:00,172.160035295704
2012-02-27 21:00:00,145.20653544459867
2012-02-27 22:00:00,105.42698792383598
2012-02-27 23:00:00,72.83740066997582
2012-02-28 00:00:00,29.967865016464902
2012-02-28 01:00:00,10.339882864836369
2012-02-28 02:00:00,5.970215846023531
2012-02-28 03:00:00,2.607778799666181
2012-02-28 04:00:00,2.1941209449297805
2012-02-28 05:00:00,12.707010315176468
2012-02-28 06:00:00,62.01664277321683
2012-02-28 07:00:00,169.7719102988657
2012-02-28 08:00:00,355.51975102331426
2012-02-28 09:00:00,182.31876319992003
2012-02-28 10:00:00,90.40746936712063
2012-02-28 11:00:00,103.44401311924207
2012-02-28 12:00:00,145.29568296550585
2012-02-28 13:00:00,129.60011247754676
2012-02-28 14:00:00,119.82427561250503
2012-02-28 15:00:00,142.41876080946943
2012-02-28 16:00:00,209.6747739731406
2012-02-28 17:00:00,379.80984472244364
2012-02-28 18:00:00,328.6358929162549
2012-02-28 19:00:00,241.95555168707304
2012-02-28 20:00:00,164.52097832943713
2012-02-28 21:00:00,113.7144252123298
2012-02-28 22:00:00,90.41802197320617
2012-02-28 23:00:00,50.54965706727733
2012-02-29 00:00:00,21.920977516743477
2012-02-29 01:00:00,9.10530001055933
2012-02-29 02:00:00,4.433567570815673
2012-02-29 03:00:00,2.768442348124586
2012-02-29 05:00:00,13.201895859173092
2012-02-29 06:00:00,72.518361660413575
2012-02-29 07:00:00,202.18480078945416
2012-02-29 08:00:00,397.4598595329648
2012-02-29 09:00:00,145.91695032080307
2012-02-29 10:00:00,65.44646111051053
2012-02-29 11:00:00,56.655582453584614
2012-02-29 12:00:00,40.12028691233431
2012-02-29 13:00:00,65.8680589244821
2012-02-29 14:00:00,53.28815250016957
2012-02-29 15:00:00,96.14867413014035
2012-02-29 16:00:00,91.30050172655731
2012-02-29 17:00:00,344.05917553853715
2012-02-29 18:00:00,214.1709314698785
2012-02-29 19:00:00,246.6292510668348
2012-02-29 20:00:00,112.24552249329753
2012-02-29 21:00:00,85.95406377050901
2012-02-29 22:00:00,52.017205456209695
2012-02-29 23:00:00,33.396118869766816
2012-03-20 00:00:00,34.1061990297401
2012-03-20 01:00:00,14.250205993830729
2012-03-20 02:00:00,8.078933297555839
2012-03-20 03:00:00,4.425411798536029
2012-03-20 04:00:00,4.344657069422891
2012-03-20 05:00:00,18.596144448456073
2012-03-20 06:00:00,87.51410992116466
2012-03-20 07:00:00,132.514437701678
2012-03-20 08:00:00,540.5797668094682
2012-03-20 09:00:00,284.24946625885525
2012-03-20 10:00:00,124.26795459387661
2012-03-20 11:00:00,172.30557875179778
2012-03-20 12:00:00,185.87691639818888
2012-03-20 13:00:00,178.22529494808063
2012-03-20 14:00:00,171.45702660998276
2012-03-20 15:00:00,202.02961749138152
2012-03-20 16:00:00,280.90932807345143
2012-03-20 17:00:00,518.0388781802861
2012-03-20 18:00:00,469.08459320424265
2012-03-20 19:00:00,362.3774635089995
2012-03-20 20:00:00,250.98685719858838
2012-03-20 21:00:00,194.05371660224503
2012-03-20 22:00:00,136.5188926170304
2012-03-20 23:00:00,85.95298334814065
2012-03-21 00:00:00,35.64781251476049
2012-03-21 01:00:00,18.729850269565112
2012-03-21 02:00:00,8.507146852462036
2012-03-21 03:00:00,4.247067544327918
2012-03-21 04:00:00,4.703580090801461
2012-03-21 05:00:00,24.067255718084496
2012-03-21 06:00:00,90.69905701055606
2012-03-21 07:00:00,144.5174646883195
2012-03-21 08:00:00,283.8592157686269
2012-03-21 09:00:00,275.8786997646824
2012-03-21 10:00:00,146.9668773125881
2012-03-21 11:00:00,159.28486513628945
2012-03-21 12:00:00,201.22484730332698
2012-03-21 13:00:00,175.2857171119255
2012-03-21 14:00:00,157.4537588843596
2012-03-21 15:00:00,170.1989882723445
2012-03-21 16:00:00,332.4551606872371
2012-03-21 17:00:00,748.2693010130203
2012-03-21 18:00:00,681.5473763877978
2012-03-21 19:00:00,487.9469614080797
2012-03-21 20:00:00,294.52612255422923
2012-03-21 21:00:00,207.1526365027617
2012-03-21 22:00:00,158.62639399091856
2012-03-21 23:00:00,113.10398321324463
2012-03-22 00:00:00,43.34127716184164
2012-03-22 01:00:00,18.53013038344142
2012-03-22 02:00:00,9.409496813684871
2012-03-22 03:00:00,6.116242420332632
2012-03-22 04:00:00,3.2285599673831706
2012-03-22 05:00:00,16.386449237600992
2012-03-22 06:00:00,78.17584037523898
2012-03-22 07:00:00,238.53754948154145
2012-03-22 08:00:00,500.7983684959565
2012-03-22 09:00:00,214.57688455674548
2012-03-22 10:00:00,77.74850910468928
2012-03-22 11:00:00,111.31709588048288
2012-03-22 12:00:00,159.60136278685232
2012-03-22 13:00:00,219.08945366550415
2012-03-22 14:00:00,231.5283755403081
2012-03-22 15:00:00,244.5167276831942
2012-03-22 16:00:00,378.8931206576736
2012-03-22 17:00:00,739.8080530652315
2012-03-22 18:00:00,724.0675532775352
2012-03-22 19:00:00,527.1075487320336
2012-03-22 20:00:00,322.62711338685693
2012-03-22 21:00:00,226.0888174073262
2012-03-22 22:00:00,149.96151454146732
2012-03-22 23:00:00,105.15202076657428
2012-03-23 00:00:00,42.1308795102457
2012-03-23 01:00:00,16.542449150074777
2012-03-23 02:00:00,8.96347489318699
2012-03-23 03:00:00,5.831580365492183
2012-03-23 04:00:00,4.009816936271194
2012-03-23 05:00:00,20.260762303535273
2012-03-23 06:00:00,109.47941108183265
2012-03-23 07:00:00,302.785161866628
2012-03-23 08:00:00,497.8831509478483
2012-03-23 09:00:00,246.53036060144436
2012-03-23 10:00:00,140.63274614408033
2012-03-23 11:00:00,195.01947929257668
2012-03-23 12:00:00,292.68126488464554
2012-03-23 13:00:00,273.3124381232432
2012-03-23 14:00:00,285.4373624797362
2012-03-23 15:00:00,310.493955498386
2012-03-23 16:00:00,444.6602653217699
2012-03-23 17:00:00,912.9995667144373
2012-03-23 18:00:00,814.9061975783787
2012-03-23 19:00:00,549.9968890882551
2012-03-23 20:00:00,393.2581592825099
2012-03-23 21:00:00,294.48849113180876
2012-03-23 22:00:00,204.2905934416377
2012-03-23 23:00:00,126.68480743888244
2012-03-24 00:00:00,154.61558804991677
2012-03-24 01:00:00,134.1518328428879
2012-03-24 02:00:00,105.57272592650361
2012-03-24 03:00:00,49.38612883889932
2012-03-24 04:00:00,14.015945281200002
2012-03-24 05:00:00,12.454084551452322
2012-03-24 06:00:00,25.190964702264885
2012-03-24 07:00:00,61.22345436215448
2012-03-24 08:00:00,117.78637798324796
2012-03-24 09:00:00,274.2220502534723
2012-03-24 10:00:00,297.2896521258001
2012-03-24 11:00:00,260.92095061999635
2012-03-24 12:00:00,167.83671676225597
2012-03-24 13:00:00,167.563868922369
2012-03-24 14:00:00,148.81790738669287
2012-03-24 15:00:00,101.74251966030464
2012-03-24 16:00:00,120.0573958249304
2012-03-24 17:00:00,192.30167501735787
2012-03-24 18:00:00,113.71094581938725
2012-03-24 19:00:00,120.05884587971163
2012-03-24 20:00:00,52.10535020323214
2012-03-24 21:00:00,42.71903906765016
2012-03-24 22:00:00,36.22698977438504
2012-03-24 23:00:00,51.651868429311754
2012-03-25 00:00:00,50.28812145709428
2012-03-25 01:00:00,39.59170882824916
2012-03-25 02:00:00,17.799606909754015
2012-03-25 03:00:00,10.615924944917118
2012-03-25 04:00:00,4.64567775691131
2012-03-25 05:00:00,4.084063481016813
2012-03-25 06:00:00,8.42354651629045
2012-03-25 07:00:00,23.586412360889373
2012-03-25 08:00:00,58.765149748653826
2012-03-25 09:00:00,96.942057496736
2012-03-25 10:00:00,139.84981699001014
2012-03-25 11:00:00,153.81478755174862
2012-03-25 12:00:00,166.3696659508826
2012-03-25 13:00:00,297.1508275486832
2012-03-25 14:00:00,301.2044341979674
2012-03-25 15:00:00,241.7383242693306
2012-03-25 16:00:00,428.4273057809899
2012-03-25 17:00:00,527.9969535438688
2012-03-25 18:00:00,443.47981587675923
2012-03-25 19:00:00,342.38310183019803
2012-03-25 20:00:00,195.79506654043965
2012-03-25 21:00:00,201.89361077688392
2012-03-25 22:00:00,149.5386944144944
2012-03-25 23:00:00,116.48126625688923
2012-03-26 00:00:00,34.173542621121904
2012-03-26 01:00:00,16.40970260391525
2012-03-26 02:00:00,7.8225304335642845
2012-03-26 03:00:00,5.413098939010774
2012-03-26 04:00:00,4.980388001205581
2012-03-26 05:00:00,30.00188419979555
2012-03-26 06:00:00,107.40143275228117
2012-03-26 07:00:00,373.1839287865065
2012-03-26 08:00:00,678.471126824066
2012-03-26 09:00:00,343.10174923590705
2012-03-26 10:00:00,176.81943698784673
2012-03-26 11:00:00,193.46681452036105
2012-03-26 12:00:00,253.10248459542527
2012-03-26 13:00:00,225.3531580866475
2012-03-26 14:00:00,208.92681017689293
2012-03-26 15:00:00,202.89213339448403
2012-03-26 16:00:00,300.7600062553049
2012-03-26 17:00:00,622.6027783103983
2012-03-26 18:00:00,523.398062926082
2012-03-26 19:00:00,350.8722596868067
2012-03-26 20:00:00,211.97799291067201
2012-03-26 21:00:00,154.84733170622852
2012-03-26 22:00:00,109.37264392233769
2012-03-26 23:00:00,60.40515236341383
2012-03-27 00:00:00,23.00715923250482
2012-03-27 01:00:00,9.056697034670991
2012-03-27 02:00:00,4.782827474913656
2012-03-27 03:00:00,2.979650136941398
2012-03-27 04:00:00,2.785686183859745
2012-03-27 05:00:00,13.133813825758756
2012-03-27 06:00:00,69.6671379415801
2012-03-27 07:00:00,214.31760867450106
2012-03-27 08:00:00,373.5189309912953
2012-03-27 09:00:00,230.9869470836488
2012-03-27 10:00:00,104.81131977795823
2012-03-27 11:00:00,113.9351906665513
2012-03-27 12:00:00,142.71250279639617
2012-03-27 13:00:00,157.89519996312544
2012-03-27 14:00:00,165.3520533179314
2012-03-27 15:00:00,181.1166842970373
2012-03-27 16:00:00,259.4053692691491
2012-03-27 17:00:00,526.1855099743264
2012-03-27 18:00:00,475.8674052064882
2012-03-27 19:00:00,326.38499070102506
2012-03-27 20:00:00,239.87508317082603
2012-03-27 21:00:00,160.78872107290846
2012-03-27 22:00:00,128.64806302510166
2012-03-27 23:00:00,80.80259576701884
2012-03-28 00:00:00,31.85009430510195
2012-03-28 01:00:00,13.152882117132577
2012-03-28 02:00:00,5.8469199673247
2012-03-28 03:00:00,3.86443331720366
2012-03-28 04:00:00,4.142329547176689
2012-03-28 05:00:00,22.63825220116027
2012-03-28 06:00:00,104.45417785376607
2012-03-28 07:00:00,286.40989504070114
2012-03-28 08:00:00,528.9412269437413
2012-03-28 09:00:00,245.23444050537393
2012-03-28 10:00:00,187.4932835709729
2012-03-28 11:00:00,209.3214921202797
2012-03-28 12:00:00,256.60726069510815
2012-03-28 13:00:00,271.00127047265414
2012-03-28 14:00:00,271.1563375371001
2012-03-28 15:00:00,263.1845661329554
2012-03-28 16:00:00,294.4962654660352
2012-03-28 17:00:00,785.7398685463276
2012-03-28 18:00:00,747.7617427096834
2012-03-28 19:00:00,540.6514585946545
2012-03-28 20:00:00,343.5798282789493
2012-03-28 21:00:00,267.5581433000404
2012-03-28 22:00:00,202.57694166181741
2012-03-28 23:00:00,120.24772067943967
2012-03-29 00:00:00,43.627960098293684
2012-03-29 01:00:00,20.79560921307973
2012-03-29 02:00:00,10.731759438189522
2012-03-29 03:00:00,7.033372083620335
2012-03-29 04:00:00,7.132774354406685
2012-03-29 05:00:00,34.87948241270302
2012-03-29 06:00:00,155.46167093305635
2012-03-29 07:00:00,413.0000054446043
2012-03-29 08:00:00,703.8038020940272
2012-03-29 09:00:00,326.6107274186903
2012-03-29 10:00:00,177.75717690764367
2012-03-29 11:00:00,204.8090374823997
2012-03-29 12:00:00,254.58078652819134
2012-03-29 13:00:00,252.48975990724728
2012-03-29 14:00:00,218.1521467535268
2012-03-29 15:00:00,250.8460161490277
2012-03-29 16:00:00,364.7783158811628
2012-03-29 17:00:00,721.5908019663175
2012-03-29 18:00:00,625.4815921665471
2012-03-29 19:00:00,451.87140902948727
2012-03-29 20:00:00,317.51304014497424
2012-03-29 21:00:00,216.73310191398141
2012-03-29 22:00:00,150.04599423427803
2012-03-29 23:00:00,92.78911566475114
2012-03-30 00:00:00,31.866315266134748
2012-03-30 01:00:00,12.777434982289225
2012-03-30 02:00:00,6.714516191142757
2012-03-30 03:00:00,3.93252499697833
2012-03-30 04:00:00,3.9283494542308426
2012-03-30 05:00:00,18.368022122856367
2012-03-30 06:00:00,89.85294715388942
2012-03-30 07:00:00,248.36876137722456
2012-03-30 08:00:00,449.6412812216551
2012-03-30 09:00:00,244.52595802107103
2012-03-30 10:00:00,114.80221243523263
2012-03-30 11:00:00,132.18168603653606
2012-03-30 12:00:00,161.82351045399332
2012-03-30 13:00:00,104.91278567249657
2012-03-30 14:00:00,92.32564994099093
2012-03-30 15:00:00,110.07366105599834
2012-03-30 16:00:00,133.20228067537568
2012-03-30 17:00:00,422.1028240816131
2012-03-30 18:00:00,516.5914098203115
2012-03-30 19:00:00,318.97110259750394
2012-03-30 20:00:00,221.01129613114128
2012-03-30 21:00:00,159.96555022279833
2012-03-30 22:00:00,114.27103639842208
2012-03-30 23:00:00,72.82110852722138
2012-03-31 00:00:00,75.9073767697112
2012-03-31 01:00:00,61.445780597794354
2012-03-31 02:00:00,51.651336150874535
2012-03-31 03:00:00,22.85242037772001
2012-03-31 04:00:00,8.07175771767472
2012-03-31 05:00:00,7.20231539763536
2012-03-31 06:00:00,15.829063621062655
2012-03-31 07:00:00,42.81105264385133
2012-03-31 08:00:00,87.02815075975607
2012-03-31 09:00:00,154.18600255554395
2012-03-31 10:00:00,237.24055598967655
2012-03-31 11:00:00,472.84091430483824
2012-03-31 12:00:00,550.7884261283689
2012-03-31 13:00:00,701.0486721597913
2012-03-31 14:00:00,504.467280809241
2012-03-31 15:00:00,511.2961952723643
2012-03-31 16:00:00,455.1857029881992
2012-03-31 17:00:00,350.8385063936422
2012-03-31 18:00:00,237.04511640347906
2012-03-31 19:00:00,197.31191116923824
2012-03-31 20:00:00,126.11984152509568
2012-03-31 21:00:00,104.32119768742102
2012-03-31 22:00:00,97.06697169093835
2012-03-31 23:00:00,60.03484321371595
2012-04-20 00:00:00,28.127987215793556
2012-04-20 01:00:00,10.548970954593331
2012-04-20 02:00:00,5.195098629147104
2012-04-20 03:00:00,3.4314900369002883
2012-04-20 04:00:00,3.080224120925993
2012-04-20 05:00:00,16.077813533784898
2012-04-20 06:00:00,86.02697130450231
2012-04-20 07:00:00,231.09794261674764
2012-04-20 08:00:00,383.3814998609223
2012-04-20 09:00:00,222.97048250955888
2012-04-20 10:00:00,117.26482875992718
2012-04-20 11:00:00,143.00108187025936
2012-04-20 12:00:00,196.2253830434977
2012-04-20 13:00:00,218.8018117802481
2012-04-20 14:00:00,182.5150001293832
2012-04-20 15:00:00,193.9813249931446
2012-04-20 16:00:00,305.0940210341066
2012-04-20 17:00:00,531.7955479065446
2012-04-20 18:00:00,495.7818292042015
2012-04-20 19:00:00,379.73648700061767
2012-04-20 20:00:00,234.25418977228003
2012-04-20 21:00:00,167.5974306823894
2012-04-20 22:00:00,121.41866397759324
2012-04-20 23:00:00,84.09462404249498
2012-04-21 00:00:00,84.97775909167494
2012-04-21 01:00:00,68.63279098512609
2012-04-21 02:00:00,58.95111150071451
2012-04-21 03:00:00,22.887773446566236
2012-04-21 04:00:00,7.373910347775717
2012-04-21 05:00:00,7.39668961213278
2012-04-21 06:00:00,16.444560652367937
2012-04-21 07:00:00,39.56669747798064
2012-04-21 08:00:00,109.37287788593642
2012-04-21 09:00:00,212.97448777507398
2012-04-21 10:00:00,251.79587889311068
2012-04-21 11:00:00,295.8080370856517
2012-04-21 12:00:00,405.194774012429
2012-04-21 13:00:00,410.7135959468748
2012-04-21 14:00:00,431.1028344922023
2012-04-21 15:00:00,520.9745854831156
2012-04-21 16:00:00,465.2740803339928
2012-04-21 17:00:00,457.96276343832545
2012-04-21 18:00:00,303.1033129457176
2012-04-21 19:00:00,126.43067782424112
2012-04-21 20:00:00,63.00132782704576
2012-04-21 21:00:00,51.904923745588505
2012-04-21 22:00:00,67.44045324605666
2012-04-21 23:00:00,45.72672905187275
2012-04-22 00:00:00,51.388930619171106
2012-04-22 01:00:00,37.426716153528766
2012-04-22 02:00:00,39.065278395139025
2012-04-22 03:00:00,18.650668618540553
2012-04-22 04:00:00,6.572072373338867
2012-04-22 05:00:00,5.386584423236852
2012-04-22 06:00:00,11.1385929725286
2012-04-22 07:00:00,19.521660538899358
2012-04-22 08:00:00,39.027239485582996
2012-04-22 09:00:00,64.01872179704051
2012-04-22 10:00:00,71.89076799495153
2012-04-22 11:00:00,73.06796564344603
2012-04-22 12:00:00,76.90955752243659
2012-04-22 13:00:00,96.91173868307371
2012-04-22 14:00:00,71.733211953211665
2012-04-22 15:00:00,61.92475075022314
2012-04-22 16:00:00,57.544168555878386
2012-04-22 17:00:00,48.940562806618374
2012-04-22 18:00:00,41.52782390323827
2012-04-22 19:00:00,38.3674464654556
2012-04-22 20:00:00,27.093404044379678
2012-04-22 21:00:00,26.204933744329306
2012-04-22 22:00:00,18.137567145141446
2012-04-22 23:00:00,26.4593293569675
2012-04-23 00:00:00,15.389933627074885
2012-04-23 01:00:00,3.9436670757929906
2012-04-23 02:00:00,3.241974366449911
2012-04-23 03:00:00,2.3700067342302664
2012-04-23 04:00:00,2.2209538078793605
2012-04-23 05:00:00,11.345957230673129
2012-04-23 06:00:00,61.84287568626191
2012-04-23 07:00:00,128.03739488170285
2012-04-23 08:00:00,389.13743561900077
2012-04-23 09:00:00,175.63525862598402
2012-04-23 10:00:00,77.98241304051578
2012-04-23 11:00:00,77.0815231714319
2012-04-23 12:00:00,72.68949501815509
2012-04-23 13:00:00,71.43802071388866
2012-04-23 14:00:00,66.7564784920309
2012-04-23 15:00:00,108.7572384236446
2012-04-23 16:00:00,72.65550283948795
2012-04-23 17:00:00,127.75452413740476
2012-04-23 18:00:00,164.21351911495648
2012-04-23 19:00:00,171.70753428689238
2012-04-23 20:00:00,115.86055508651401
2012-04-23 21:00:00,74.92199891678028
2012-04-23 22:00:00,66.68232234698358
2012-04-23 23:00:00,45.84185071970506
2012-04-24 00:00:00,20.266477661302655
2012-04-24 01:00:00,7.975570651878775
2012-04-24 02:00:00,4.301757597794726
2012-04-24 03:00:00,2.6526752107629274
2012-04-24 04:00:00,2.9502372082155555
2012-04-24 05:00:00,16.202455261351087
2012-04-24 06:00:00,74.03501227069258
2012-04-24 07:00:00,209.20408534382233
2012-04-24 08:00:00,436.56582342427964
2012-04-24 09:00:00,216.0214145321857
2012-04-24 10:00:00,126.48898403896041
2012-04-24 11:00:00,176.81724418259503
2012-04-24 12:00:00,224.3488448158855
2012-04-24 13:00:00,208.0901346876082
2012-04-24 14:00:00,179.65140336455687
2012-04-24 15:00:00,197.38680267305656
2012-04-24 16:00:00,323.7254861325694
2012-04-24 17:00:00,589.3576976032522
2012-04-24 18:00:00,523.222454193316
2012-04-24 19:00:00,383.5511455797149
2012-04-24 20:00:00,259.2504086460107
2012-04-24 21:00:00,190.98413799929756
2012-04-24 22:00:00,151.07582567304019
2012-04-24 23:00:00,98.98636060956179
2012-04-25 00:00:00,33.90707622287836
2012-04-25 01:00:00,14.733972319639102
2012-04-25 02:00:00,5.313474583274774
2012-04-25 03:00:00,3.1038533615736803
2012-04-25 04:00:00,3.208951519788602
2012-04-25 05:00:00,15.53980299069766
2012-04-25 06:00:00,72.53319051234611
2012-04-25 07:00:00,225.27872881770176
2012-04-25 08:00:00,453.703634779682
2012-04-25 09:00:00,244.32451401022857
2012-04-25 10:00:00,167.70806462983822
2012-04-25 11:00:00,205.7458016068837
2012-04-25 12:00:00,240.68452698963767
2012-04-25 13:00:00,254.05659767899044
2012-04-25 14:00:00,200.62468912978167
2012-04-25 15:00:00,228.101025468545
2012-04-25 16:00:00,328.9663785968182
2012-04-25 17:00:00,641.0681142672842
2012-04-25 18:00:00,610.663575285201
2012-04-25 19:00:00,462.30031632183744
2012-04-25 20:00:00,315.04503084876745
2012-04-25 21:00:00,173.98474784054642
2012-04-25 22:00:00,124.00245748749789
2012-04-25 23:00:00,72.69849618234339
2012-04-26 00:00:00,23.782838872630407
2012-04-26 01:00:00,11.278905006894645
2012-04-26 02:00:00,6.407874364968403
2012-04-26 03:00:00,3.81484180670643
2012-04-26 04:00:00,3.831634550995858
2012-04-26 05:00:00,20.067367736753003
2012-04-26 06:00:00,92.68772630372371
2012-04-26 07:00:00,128.22646799598763
2012-04-26 08:00:00,242.2102262235208
2012-04-26 09:00:00,118.21338064482516
2012-04-26 10:00:00,69.30230612593843
2012-04-26 11:00:00,67.39130709345193
2012-04-26 12:00:00,124.80905519629582
2012-04-26 13:00:00,112.03929141743541
2012-04-26 14:00:00,110.26002499624403
2012-04-26 15:00:00,91.76431300473307
2012-04-26 16:00:00,151.081748413168
2012-04-26 17:00:00,426.6598521231181
2012-04-26 18:00:00,334.8956640844165
2012-04-26 19:00:00,232.59034431172
2012-04-26 20:00:00,191.17207361500664
2012-04-26 21:00:00,126.31735131368194
2012-04-26 22:00:00,107.24459586520578
2012-04-26 23:00:00,60.67850428747805
2012-04-27 00:00:00,23.036915344728477
2012-04-27 01:00:00,9.874910718387738
2012-04-27 02:00:00,6.500349441088804
2012-04-27 03:00:00,3.6528477004172024
2012-04-27 04:00:00,4.446856809401193
2012-04-27 05:00:00,22.141458552903746
2012-04-27 06:00:00,118.89634729806659
2012-04-27 07:00:00,261.4811990619462
2012-04-27 08:00:00,490.0022249534191
2012-04-27 09:00:00,229.71614261667102
2012-04-27 10:00:00,145.867446884334
2012-04-27 11:00:00,154.6298651642661
2012-04-27 12:00:00,223.83210471942488
2012-04-27 13:00:00,220.87565748228224
2012-04-27 14:00:00,181.5764944188626
2012-04-27 15:00:00,198.76517757907496
2012-04-27 16:00:00,328.0587733036946
2012-04-27 17:00:00,603.0760690078234
2012-04-27 18:00:00,566.4841650125899
2012-04-27 19:00:00,365.96996903716666
2012-04-27 20:00:00,266.6314915534485
2012-04-27 21:00:00,190.1510372776203
2012-04-27 22:00:00,156.466688500582
2012-04-27 23:00:00,88.04373117634827
2012-04-28 00:00:00,80.33031435216078
2012-04-28 01:00:00,46.04145712976485
2012-04-28 02:00:00,54.7752173893537
2012-04-28 03:00:00,18.20153883518747
2012-04-28 04:00:00,6.709601706035608
2012-04-28 05:00:00,6.384586792060083
2012-04-28 06:00:00,13.150160339681548
2012-04-28 07:00:00,37.018040433235676
2012-04-28 08:00:00,116.50515728250559
2012-04-28 09:00:00,172.656604144466
2012-04-28 10:00:00,235.52937953077853
2012-04-28 11:00:00,291.2295416166419
2012-04-28 12:00:00,317.556951427766
2012-04-28 13:00:00,336.4365243187573
2012-04-28 14:00:00,399.71293543275937
2012-04-28 15:00:00,339.9027529622654
2012-04-28 16:00:00,293.7211408191154
2012-04-28 17:00:00,304.26024437208025
2012-04-28 18:00:00,147.6037324763789
2012-04-28 19:00:00,112.59051624331511
2012-04-28 20:00:00,108.59381915378802
2012-04-28 21:00:00,57.85451788500571
2012-04-28 22:00:00,79.69261747034714
2012-04-28 23:00:00,55.9551148042635
2012-04-29 00:00:00,51.3136715955501
2012-04-29 01:00:00,48.9865969532933
2012-04-29 02:00:00,33.23634322139577
2012-04-29 03:00:00,15.493385590501207
2012-04-29 04:00:00,5.921956242301103
2012-04-29 05:00:00,4.839220647423569
2012-04-29 06:00:00,11.990008066871972
2012-04-29 07:00:00,29.445458358459074
2012-04-29 08:00:00,94.18786392406543
2012-04-29 09:00:00,158.7675569317147
2012-04-29 10:00:00,224.8257355873302
2012-04-29 11:00:00,290.04649947244025
2012-04-29 12:00:00,383.54211099098154
2012-04-29 13:00:00,401.406272068932
2012-04-29 14:00:00,464.70819260094237
2012-04-29 15:00:00,479.2728187120034
2012-04-29 16:00:00,532.155676003222
2012-04-29 17:00:00,449.44713923731956
2012-04-29 18:00:00,389.32495744084446
2012-04-29 19:00:00,310.3189153230975
2012-04-29 20:00:00,245.92135829741815
2012-04-29 21:00:00,152.0924083136318
2012-04-29 22:00:00,121.97481657856761
2012-04-29 23:00:00,81.44905202359458
2012-04-30 00:00:00,27.521174072625275
2012-04-30 01:00:00,12.525058510628194
2012-04-30 02:00:00,6.956875671363732
2012-04-30 03:00:00,3.8890658910283764
2012-04-30 04:00:00,3.5323644881504084
2012-04-30 05:00:00,19.998025321393417
2012-04-30 06:00:00,106.37152019025471
2012-04-30 07:00:00,289.5561825926066
2012-04-30 08:00:00,604.092608884128
2012-04-30 09:00:00,250.18549703811183
2012-04-30 10:00:00,137.0851204228185
2012-04-30 11:00:00,128.7559600179928
2012-04-30 12:00:00,153.74984054100992
2012-04-30 13:00:00,153.3735526704224
2012-04-30 14:00:00,124.15999648146241
2012-04-30 15:00:00,147.02678884127582
2012-04-30 16:00:00,245.39221177974986
2012-04-30 17:00:00,491.44305935331016
2012-04-30 18:00:00,405.5824767684847
2012-04-30 19:00:00,280.7159253663658
2012-04-30 20:00:00,198.3204069141926
2012-04-30 21:00:00,149.85500260965435
2012-04-30 22:00:00,116.78752884996196
2012-04-30 23:00:00,75.07172693708667
2012-05-20 00:00:00,139.48402199930504
2012-05-20 01:00:00,111.19946031567383
2012-05-20 02:00:00,85.7957457244021
2012-05-20 03:00:00,40.627104216655326
2012-05-20 04:00:00,11.982279610922305
2012-05-20 05:00:00,11.798381772962735
2012-05-20 06:00:00,23.279955644196452
2012-05-20 07:00:00,55.24888123877953
2012-05-20 08:00:00,151.39231656142735
2012-05-20 09:00:00,252.60779866445307
2012-05-20 10:00:00,359.12809274392447
2012-05-20 11:00:00,450.04860487805905
2012-05-20 12:00:00,543.6083801829998
2012-05-20 13:00:00,543.5569699987019
2012-05-20 14:00:00,537.9654047397036
2012-05-20 15:00:00,545.1425356184872
2012-05-20 16:00:00,515.7810938493551
2012-05-20 17:00:00,456.2047154612594
2012-05-20 18:00:00,372.46331859457007
2012-05-20 19:00:00,315.5202881038037
2012-05-20 20:00:00,242.51266865254354
2012-05-20 21:00:00,185.13450712130236
2012-05-20 22:00:00,157.00706095990145
2012-05-20 23:00:00,75.52591016805017
2012-05-21 00:00:00,20.081684436387917
2012-05-21 01:00:00,8.339456101316205
2012-05-21 02:00:00,5.224542286958218
2012-05-21 03:00:00,3.828370557576473
2012-05-21 04:00:00,3.264246550976071
2012-05-21 05:00:00,15.372558775251365
2012-05-21 06:00:00,61.26303467495643
2012-05-21 07:00:00,149.8654112961903
2012-05-21 08:00:00,273.8235567893886
2012-05-21 09:00:00,141.26437034419789
2012-05-21 10:00:00,63.33350139197903
2012-05-21 11:00:00,153.6211019621245
2012-05-21 12:00:00,163.77216439759476
2012-05-21 13:00:00,98.52752994490703
2012-05-21 14:00:00,95.56562645811803
2012-05-21 15:00:00,209.0997775550728
2012-05-21 16:00:00,309.7431994393961
2012-05-21 17:00:00,653.029653164876
2012-05-21 18:00:00,653.0048308120612
2012-05-21 19:00:00,452.7353434751934
2012-05-21 20:00:00,331.70915667496797
2012-05-21 21:00:00,252.08154061557647
2012-05-21 22:00:00,196.18848385663523
2012-05-21 23:00:00,116.35160655930403
2012-05-22 00:00:00,40.38241204481232
2012-05-22 01:00:00,17.332996569600848
2012-05-22 02:00:00,8.924733485599639
2012-05-22 03:00:00,5.469741309848757
2012-05-22 04:00:00,5.039279975726355
2012-05-22 05:00:00,17.59779886181696
2012-05-22 06:00:00,77.89417413878165
2012-05-22 07:00:00,191.9956347094912
2012-05-22 08:00:00,496.11101065803996
2012-05-22 09:00:00,274.05421730248526
2012-05-22 10:00:00,147.2163332905591
2012-05-22 11:00:00,155.57193562006606
2012-05-22 12:00:00,196.33103771223006
2012-05-22 13:00:00,207.47208231260066
2012-05-22 14:00:00,204.7109691150745
2012-05-22 15:00:00,256.8451908310969
2012-05-22 16:00:00,379.6728982038139
2012-05-22 17:00:00,681.3125807232526
2012-05-22 18:00:00,685.5835952533414
2012-05-22 19:00:00,436.76167599260793
2012-05-22 20:00:00,315.1611081295977
2012-05-22 21:00:00,226.27188310600425
2012-05-22 22:00:00,203.94625857516758
2012-05-22 23:00:00,132.43592196982422
2012-05-23 00:00:00,47.72189183421507
2012-05-23 01:00:00,21.192969123518605
2012-05-23 02:00:00,9.436912094414145
2012-05-23 03:00:00,6.46265657520633
2012-05-23 04:00:00,4.287401577936253
2012-05-23 05:00:00,17.93843504503274
2012-05-23 06:00:00,126.68525886503132
2012-05-23 07:00:00,369.3616513128826
2012-05-23 08:00:00,582.0263591058886
2012-05-23 09:00:00,283.0678320976696
2012-05-23 10:00:00,160.49622372801704
2012-05-23 11:00:00,182.2948021048526
2012-05-23 12:00:00,237.71066917715765
2012-05-23 13:00:00,206.93710884167402
2012-05-23 14:00:00,226.68196247274125
2012-05-23 15:00:00,248.31917866304445
2012-05-23 16:00:00,289.7331250904625
2012-05-23 17:00:00,540.7856064911911
2012-05-23 18:00:00,503.1935933206114
2012-05-23 19:00:00,347.1374936682522
2012-05-23 20:00:00,255.3811010551825
2012-05-23 21:00:00,186.53855024001177
2012-05-23 22:00:00,153.98548420250447
2012-05-23 23:00:00,109.79653948267743
2012-05-24 00:00:00,47.5545807699646
2012-05-24 01:00:00,18.045057870145023
2012-05-24 02:00:00,9.449425096056435
2012-05-24 03:00:00,4.78151265180876
2012-05-24 04:00:00,4.946318051605515
2012-05-24 05:00:00,24.065431949911545
2012-05-24 06:00:00,109.03792580260456
2012-05-24 07:00:00,394.32265342706893
2012-05-24 08:00:00,592.9269829460626
2012-05-24 09:00:00,292.8870674884461
2012-05-24 10:00:00,172.14566410684787
2012-05-24 11:00:00,190.42344018408667
2012-05-24 12:00:00,246.83685233830124
2012-05-24 13:00:00,244.85539778916794
2012-05-24 14:00:00,229.08936067497083
2012-05-24 15:00:00,243.92694447566845
2012-05-24 16:00:00,343.8924605579906
2012-05-24 17:00:00,652.6956398279481
2012-05-24 18:00:00,611.1630998686519
2012-05-24 19:00:00,451.6388026615266
2012-05-24 20:00:00,299.5997557243098
2012-05-24 21:00:00,171.42098708013418
2012-05-24 22:00:00,167.04874124087743
2012-05-24 23:00:00,109.77147565273607
2012-05-25 00:00:00,46.79691766168403
2012-05-25 01:00:00,21.3309457394167
2012-05-25 02:00:00,9.291947381492689
2012-05-25 03:00:00,4.965451071430511
2012-05-25 04:00:00,4.826019188374364
2012-05-25 05:00:00,25.812535813012353
2012-05-25 06:00:00,114.38721457932996
2012-05-25 07:00:00,327.98971517281694
2012-05-25 08:00:00,526.8223686961263
2012-05-25 09:00:00,266.65218068497217
2012-05-25 10:00:00,168.23508317170382
2012-05-25 11:00:00,185.56844391712036
2012-05-25 12:00:00,240.90675350876856
2012-05-25 13:00:00,234.0465186224234
2012-05-25 14:00:00,215.19202509445373
2012-05-25 15:00:00,242.03414908182006
2012-05-25 16:00:00,359.43774151665417
2012-05-25 17:00:00,632.1052014526142
2012-05-25 18:00:00,639.788111980583
2012-05-25 19:00:00,462.4771326357611
2012-05-25 20:00:00,346.0315993661281
2012-05-25 21:00:00,260.744283903545
2012-05-25 22:00:00,188.25316079674806
2012-05-25 23:00:00,111.02885379768234
2012-05-26 00:00:00,139.62940868392863
2012-05-26 01:00:00,112.77692834917869
2012-05-26 02:00:00,82.66706991931925
2012-05-26 03:00:00,34.69357171326767
2012-05-26 04:00:00,11.206587666598791
2012-05-26 05:00:00,11.742265285954986
2012-05-26 06:00:00,19.88143550796677
2012-05-26 07:00:00,48.245304899118004
2012-05-26 08:00:00,134.03551563202927
2012-05-26 09:00:00,215.02577900327276
2012-05-26 10:00:00,306.78554081845635
2012-05-26 11:00:00,393.29233162322834
2012-05-26 12:00:00,482.45504688735974
2012-05-26 13:00:00,499.7518552516559
2012-05-26 14:00:00,489.9219648556677
2012-05-26 15:00:00,467.8349179355079
2012-05-26 16:00:00,487.50851736012874
2012-05-26 17:00:00,458.0724524954873
2012-05-26 18:00:00,408.53035700066744
2012-05-26 19:00:00,330.1696581484515
2012-05-26 20:00:00,270.4879283266868
2012-05-26 21:00:00,230.15578438703002
2012-05-26 22:00:00,153.72305448077512
2012-05-26 23:00:00,118.54587715978067
2012-05-27 00:00:00,148.68021477063223
2012-05-27 01:00:00,116.53108568168788
2012-05-27 02:00:00,85.19786114004637
2012-05-27 03:00:00,40.23759392276548
2012-05-27 04:00:00,11.238078692366788
2012-05-27 05:00:00,11.647906905070847
2012-05-27 06:00:00,23.536739087427645
2012-05-27 07:00:00,55.45872309422648
2012-05-27 08:00:00,134.235952021245
2012-05-27 09:00:00,213.84991392821624
2012-05-27 10:00:00,320.1145573151694
2012-05-27 11:00:00,430.88453986935724
2012-05-27 12:00:00,492.7978074347346
2012-05-27 13:00:00,494.8363404374016
2012-05-27 14:00:00,498.4813423590385
2012-05-27 15:00:00,495.10621478539184
2012-05-27 16:00:00,471.34337472466257
2012-05-27 17:00:00,424.58829592371364
2012-05-27 18:00:00,360.21796638547767
2012-05-27 19:00:00,329.03897231489685
2012-05-27 20:00:00,272.58849726556065
2012-05-27 21:00:00,151.12142609439616
2012-05-27 22:00:00,90.36442295247546
2012-05-27 23:00:00,73.50805622538807
2012-05-28 00:00:00,97.0820967755504
2012-05-28 01:00:00,48.835566500029394
2012-05-28 02:00:00,35.36853095254755
2012-05-28 03:00:00,15.721807923192294
2012-05-28 04:00:00,13.420827736023247
2012-05-28 05:00:00,17.838821192984703
2012-05-28 06:00:00,49.981803061164065
2012-05-28 07:00:00,117.37232781655905
2012-05-28 08:00:00,250.4220330269118
2012-05-28 09:00:00,301.01684638027695
2012-05-28 10:00:00,312.4728638577877
2012-05-28 11:00:00,371.14721060431367
2012-05-28 12:00:00,415.05581248610855
2012-05-28 13:00:00,376.6305268545089
2012-05-28 14:00:00,401.1431721059507
2012-05-28 15:00:00,378.4354572699727
2012-05-28 16:00:00,400.70551452425724
2012-05-28 17:00:00,456.2860377412222
2012-05-28 18:00:00,447.4279031130732
2012-05-28 19:00:00,424.05300503770366
2012-05-28 20:00:00,299.1174630302636
2012-05-28 21:00:00,238.48229662010792
2012-05-28 22:00:00,224.03825036654925
2012-05-28 23:00:00,122.04268516064641
2012-05-29 00:00:00,45.32400644265495
2012-05-29 01:00:00,19.823147417898575
2012-05-29 02:00:00,11.077982612057472
2012-05-29 03:00:00,5.498403957215963
2012-05-29 04:00:00,6.005428412578871
2012-05-29 05:00:00,31.01903172995354
2012-05-29 06:00:00,134.78705136817044
2012-05-29 07:00:00,366.10134958329263
2012-05-29 08:00:00,556.7425380439672
2012-05-29 09:00:00,272.1611291737921
2012-05-29 10:00:00,146.30704048081475
2012-05-29 11:00:00,177.11952014712315
2012-05-29 12:00:00,217.73996483071244
2012-05-29 13:00:00,213.6413984621201
2012-05-29 14:00:00,203.11024348551476
2012-05-29 15:00:00,215.62868394494504
2012-05-29 16:00:00,312.0950258699862
2012-05-29 17:00:00,639.0695690055966
2012-05-29 18:00:00,573.27127775922
2012-05-29 19:00:00,432.36301636740035
2012-05-29 20:00:00,250.95929012781988
2012-05-29 21:00:00,71.32805405716853
2012-05-29 22:00:00,144.16861743382924
2012-05-29 23:00:00,47.70656562971777
2012-05-30 00:00:00,27.920780524102838
2012-05-30 01:00:00,12.595022516798199
2012-05-30 02:00:00,6.123173325802625
2012-05-30 03:00:00,3.898924556495197
2012-05-30 04:00:00,4.985584242443343
2012-05-30 05:00:00,31.74709417272176
2012-05-30 06:00:00,131.71068911830017
2012-05-30 07:00:00,221.5113561244231
2012-05-30 08:00:00,564.8494590353229
2012-05-30 09:00:00,280.9691022842929
2012-05-30 10:00:00,142.6215339497908
2012-05-30 11:00:00,191.9204416648162
2012-05-30 12:00:00,253.88676994763364
2012-05-30 13:00:00,248.4793786795402
2012-05-30 14:00:00,252.39882474827292
2012-05-30 15:00:00,244.34075705138022
2012-05-30 16:00:00,371.2789770338085
2012-05-30 17:00:00,691.0271412030909
2012-05-30 18:00:00,659.6555695500507
2012-05-30 19:00:00,481.74623180501777
2012-05-30 20:00:00,274.72354304908237
2012-05-30 21:00:00,277.2951121251841
2012-05-30 22:00:00,201.28511633283344
2012-05-30 23:00:00,126.25446110266678
2012-05-31 00:00:00,52.37291695798423
2012-05-31 01:00:00,22.242717021502127
2012-05-31 02:00:00,10.847614908345623
2012-05-31 03:00:00,6.279929222111626
2012-05-31 04:00:00,6.03887365433622
2012-05-31 05:00:00,31.787218625140053
2012-05-31 06:00:00,136.65609184680122
2012-05-31 07:00:00,353.37642281212095
2012-05-31 08:00:00,606.245660593113
2012-05-31 09:00:00,311.15954418577957
2012-05-31 10:00:00,187.30677982943232
2012-05-31 11:00:00,207.1291521567786
2012-05-31 12:00:00,288.7728039424109
2012-05-31 13:00:00,268.90555770048564
2012-05-31 14:00:00,235.65935691790344
2012-05-31 15:00:00,246.10341913872324
2012-05-31 16:00:00,366.08398295894455
2012-05-31 17:00:00,713.7575279458657
2012-05-31 18:00:00,693.3854152698668
2012-05-31 19:00:00,516.9791680810727
2012-05-31 20:00:00,382.78062300481633
2012-05-31 21:00:00,294.39308521071416
2012-05-31 22:00:00,205.87824572242621
2012-05-31 23:00:00,136.56941921538015
2012-06-20 00:00:00,38.134027360022664
2012-06-20 01:00:00,17.938855820873048
2012-06-20 02:00:00,9.389687486769752
2012-06-20 03:00:00,5.34193237146535
2012-06-20 04:00:00,5.530426270187489
2012-06-20 05:00:00,29.910975554549008
2012-06-20 06:00:00,114.84467824435482
2012-06-20 07:00:00,351.4847965723863
2012-06-20 08:00:00,534.8422498505956
2012-06-20 09:00:00,262.55194389227415
2012-06-20 10:00:00,145.77167584370628
2012-06-20 11:00:00,160.34521270988182
2012-06-20 12:00:00,209.07535485183442
2012-06-20 13:00:00,203.64950825986412
2012-06-20 14:00:00,194.95601678732015
2012-06-20 15:00:00,199.8141169169635
2012-06-20 16:00:00,299.0210132628279
2012-06-20 17:00:00,555.5397171726455
2012-06-20 18:00:00,533.7987889656547
2012-06-20 19:00:00,411.25739301885835
2012-06-20 20:00:00,306.49632388553965
2012-06-20 21:00:00,234.5706684987269
2012-06-20 22:00:00,180.1975510982928
2012-06-20 23:00:00,113.08112711280819
2012-06-21 00:00:00,50.36248115754556
2012-06-21 01:00:00,19.63514262800812
2012-06-21 02:00:00,9.994264966916267
2012-06-21 03:00:00,5.933641039339539
2012-06-21 04:00:00,6.628900462242827
2012-06-21 05:00:00,31.849601941195598
2012-06-21 06:00:00,131.28474604398025
2012-06-21 07:00:00,372.8432431117703
2012-06-21 08:00:00,566.6158828303859
2012-06-21 09:00:00,274.3776937216549
2012-06-21 10:00:00,154.82470081457816
2012-06-21 11:00:00,181.33458377958166
2012-06-21 12:00:00,227.34588137796484
2012-06-21 13:00:00,204.12998871021085
2012-06-21 14:00:00,217.58878261363685
2012-06-21 15:00:00,209.71367091985545
2012-06-21 16:00:00,316.8202997127678
2012-06-21 17:00:00,641.3173241907299
2012-06-21 18:00:00,618.4678871511067
2012-06-21 19:00:00,452.83132601714954
2012-06-21 20:00:00,339.16725259332657
2012-06-21 21:00:00,254.00863434319527
2012-06-21 22:00:00,187.34020060177835
2012-06-21 23:00:00,127.42231366081235
2012-06-22 00:00:00,50.24512646639906
2012-06-22 01:00:00,20.636280909768015
2012-06-22 02:00:00,9.533788827947594
2012-06-22 03:00:00,5.536749214584541
2012-06-22 04:00:00,7.078716088245565
2012-06-22 05:00:00,33.28832373873146
2012-06-22 06:00:00,138.1794101784678
2012-06-22 07:00:00,368.4470515371309
2012-06-22 08:00:00,603.5845717492991
2012-06-22 09:00:00,276.43140721096614
2012-06-22 10:00:00,154.18119259705756
2012-06-22 11:00:00,186.42238932865885
2012-06-22 12:00:00,218.43465874094156
2012-06-22 13:00:00,219.60325636358021
2012-06-22 14:00:00,207.04865675103218
2012-06-22 15:00:00,209.4675450429505
2012-06-22 16:00:00,326.0973071080955
2012-06-22 17:00:00,725.9034975253181
2012-06-22 18:00:00,661.6744556356391
2012-06-22 19:00:00,429.1961298871914
2012-06-22 20:00:00,316.2085676166656
2012-06-22 21:00:00,191.57864274965144
2012-06-22 22:00:00,210.40715304153724
2012-06-22 23:00:00,123.55088806992002
2012-06-23 00:00:00,133.2718626574478
2012-06-23 01:00:00,115.46101267655118
2012-06-23 02:00:00,71.96787583311618
2012-06-23 03:00:00,33.33716610059633
2012-06-23 04:00:00,10.7549858202952
2012-06-23 05:00:00,10.449461666146899
2012-06-23 06:00:00,24.537780532744783
2012-06-23 07:00:00,61.50179575785539
2012-06-23 08:00:00,133.61525925480373
2012-06-23 09:00:00,221.72103168939532
2012-06-23 10:00:00,336.2264209215173
2012-06-23 11:00:00,426.2520496607087
2012-06-23 12:00:00,512.7594803423216
2012-06-23 13:00:00,506.336381958587
2012-06-23 14:00:00,528.5739550795205
2012-06-23 15:00:00,449.5675402878453
2012-06-23 16:00:00,458.871272205384
2012-06-23 17:00:00,464.23878350663233
2012-06-23 18:00:00,370.24946331045527
2012-06-23 19:00:00,348.7178652193642
2012-06-23 20:00:00,273.0152758041202
2012-06-23 21:00:00,230.7772138050604
2012-06-23 22:00:00,208.063276168336
2012-06-23 23:00:00,149.17160174226007
2012-06-24 00:00:00,138.06386648826964
2012-06-24 01:00:00,118.69984408904071
2012-06-24 02:00:00,87.76646627164706
2012-06-24 03:00:00,37.59120422869343
2012-06-24 04:00:00,11.93725383645626
2012-06-24 05:00:00,11.985726548277619
2012-06-24 06:00:00,25.447672498232954
2012-06-24 07:00:00,60.13360497587082
2012-06-24 08:00:00,135.31847849982324
2012-06-24 09:00:00,216.50426975818178
2012-06-24 10:00:00,345.0293746424402
2012-06-24 11:00:00,445.0234893354542
2012-06-24 12:00:00,514.4953947071039
2012-06-24 13:00:00,486.718681666998
2012-06-24 14:00:00,454.5664164595521
2012-06-24 15:00:00,480.20488698748557
2012-06-24 16:00:00,472.9320527148147
2012-06-24 17:00:00,459.91773802555116
2012-06-24 18:00:00,407.07621001808474
2012-06-24 19:00:00,340.8386785821188
2012-06-24 20:00:00,282.92592854775035
2012-06-24 21:00:00,225.2117577156865
2012-06-24 22:00:00,192.10944627147828
2012-06-24 23:00:00,136.14219384857265
2012-06-25 00:00:00,47.44402053544432
2012-06-25 01:00:00,20.459744831774444
2012-06-25 02:00:00,10.44900479027167
2012-06-25 03:00:00,5.753518642785814
2012-06-25 04:00:00,7.233604576947368
2012-06-25 05:00:00,37.06022403822987
2012-06-25 06:00:00,153.07630169542324
2012-06-25 07:00:00,399.21206840607385
2012-06-25 08:00:00,601.0667334883784
2012-06-25 09:00:00,283.52261687480916
2012-06-25 10:00:00,169.57126428843827
2012-06-25 11:00:00,182.65610058652456
2012-06-25 12:00:00,237.96080992162473
2012-06-25 13:00:00,214.31733467854846
2012-06-25 14:00:00,234.78590866935352
2012-06-25 15:00:00,230.53921713073962
2012-06-25 16:00:00,347.852315625501
2012-06-25 17:00:00,605.8682779434279
2012-06-25 18:00:00,608.2466690885495
2012-06-25 19:00:00,442.1670786846122
2012-06-25 20:00:00,329.8733717175545
2012-06-25 21:00:00,260.8019851684176
2012-06-25 22:00:00,211.8540816570118
2012-06-25 23:00:00,134.41835651308605
2012-06-26 00:00:00,50.27032335295443
2012-06-26 01:00:00,19.96128824945307
2012-06-26 02:00:00,11.03260132617912
2012-06-26 03:00:00,6.6123043437287725
2012-06-26 04:00:00,7.928704390406623
2012-06-26 05:00:00,34.93176754474639
2012-06-26 06:00:00,157.24154313789504
2012-06-26 07:00:00,420.63900239221647
2012-06-26 08:00:00,608.7069546606053
2012-06-26 09:00:00,315.2343869191994
2012-06-26 10:00:00,179.43793793147663
2012-06-26 11:00:00,204.65016273311204
2012-06-26 12:00:00,258.259278230233
2012-06-26 13:00:00,226.31040562111042
2012-06-26 14:00:00,212.88644822728077
2012-06-26 15:00:00,236.23398128920132
2012-06-26 16:00:00,347.87432268739065
2012-06-26 17:00:00,705.5103993801978
2012-06-26 18:00:00,662.9936830978024
2012-06-26 19:00:00,494.5843961713651
2012-06-26 20:00:00,345.914730268687
2012-06-26 21:00:00,299.31157972958425
2012-06-26 22:00:00,233.13977575152867
2012-06-26 23:00:00,147.11652908015105
2012-06-27 00:00:00,55.494800722356864
2012-06-27 01:00:00,22.273482102713764
2012-06-27 02:00:00,10.895897134480538
2012-06-27 03:00:00,7.2157576419370155
2012-06-27 04:00:00,7.966473790382024
2012-06-27 05:00:00,36.536263624581366
2012-06-27 06:00:00,167.44006747404921
2012-06-27 07:00:00,405.88942454779385
2012-06-27 08:00:00,595.8202755514844
2012-06-27 09:00:00,307.4104445667162
2012-06-27 10:00:00,192.1142363620628
2012-06-27 11:00:00,185.16116285095572
2012-06-27 12:00:00,232.0471678500536
2012-06-27 13:00:00,218.56304257516376
2012-06-27 14:00:00,207.9514211010058
2012-06-27 15:00:00,223.290612942181
2012-06-27 16:00:00,322.1536696202436
2012-06-27 17:00:00,648.7297256667711
2012-06-27 18:00:00,630.4561716886172
2012-06-27 19:00:00,431.48124225959106
2012-06-27 20:00:00,351.8850680393634
2012-06-27 21:00:00,288.04758921788067
2012-06-27 22:00:00,225.67023228372307
2012-06-27 23:00:00,142.5102997574789
2012-06-28 00:00:00,52.11921276679556
2012-06-28 01:00:00,21.520839787765308
2012-06-28 02:00:00,11.520372979019328
2012-06-28 03:00:00,6.220458077382555
2012-06-28 04:00:00,7.625304115617169
2012-06-28 05:00:00,36.50455633304043
2012-06-28 06:00:00,158.02828732448896
2012-06-28 07:00:00,396.59650805262277
2012-06-28 08:00:00,629.4876926319992
2012-06-28 09:00:00,296.1926616010112
2012-06-28 10:00:00,173.4609141238503
2012-06-28 11:00:00,196.9270073765677
2012-06-28 12:00:00,221.38784404903026
2012-06-28 13:00:00,222.79140989062714
2012-06-28 14:00:00,195.9269957286171
2012-06-28 15:00:00,214.12175543327808
2012-06-28 16:00:00,334.9312684909007
2012-06-28 17:00:00,641.0129959863082
2012-06-28 18:00:00,622.2470591038802
2012-06-28 19:00:00,422.57810107352327
2012-06-28 20:00:00,352.88285682068346
2012-06-28 21:00:00,269.7077949239303
2012-06-28 22:00:00,204.62496893214166
2012-06-28 23:00:00,133.08792552267101
2012-06-29 00:00:00,48.85972035952826
2012-06-29 01:00:00,20.44432631672311
2012-06-29 02:00:00,10.101174737533835
2012-06-29 03:00:00,5.767356101305473
2012-06-29 04:00:00,7.225522767491374
2012-06-29 05:00:00,35.936203486668475
2012-06-29 06:00:00,155.89086803595094
2012-06-29 07:00:00,403.6999136680279
2012-06-29 08:00:00,589.041085020669
2012-06-29 09:00:00,288.05025132110154
2012-06-29 10:00:00,136.27015226322652
2012-06-29 11:00:00,153.16758791300188
2012-06-29 12:00:00,202.71177816738984
2012-06-29 13:00:00,189.7274244487368
2012-06-29 14:00:00,191.77487914072498
2012-06-29 15:00:00,192.24832526196363
2012-06-29 16:00:00,283.6085295035451
2012-06-29 17:00:00,558.4566616390051
2012-06-29 18:00:00,491.07328362295067
2012-06-29 19:00:00,378.8911092966767
2012-06-29 20:00:00,285.4218964444748
2012-06-29 21:00:00,234.40021832071912
2012-06-29 22:00:00,136.9464161813151
2012-06-29 23:00:00,89.07966792163847
2012-06-30 00:00:00,79.21095024873411
2012-06-30 01:00:00,64.76108575980103
2012-06-30 02:00:00,67.52905444712292
2012-06-30 03:00:00,29.808830149361953
2012-06-30 04:00:00,8.403158604221035
2012-06-30 05:00:00,12.007649701207185
2012-06-30 06:00:00,23.558670746250357
2012-06-30 07:00:00,56.85066751131223
2012-06-30 08:00:00,137.86084652728877
2012-06-30 09:00:00,214.9159898769292
2012-06-30 10:00:00,322.8216656063158
2012-06-30 11:00:00,396.601004042996
2012-06-30 12:00:00,473.90665766237834
2012-06-30 13:00:00,474.9869271556768
2012-06-30 14:00:00,478.1128496022433
2012-06-30 15:00:00,477.3039587177129
2012-06-30 16:00:00,460.4271327747177
2012-06-30 17:00:00,439.3671420623602
2012-06-30 18:00:00,368.86741446854876
2012-06-30 19:00:00,335.80879788682387
2012-06-30 20:00:00,252.83922664941582
2012-06-30 21:00:00,213.81338874830828
2012-06-30 22:00:00,179.7204790837254
2012-06-30 23:00:00,132.40362201822325
2012-07-20 00:00:00,29.144329749960335
2012-07-20 01:00:00,15.761444492530506
2012-07-20 02:00:00,8.88881963242273
2012-07-20 03:00:00,5.155641854493208
2012-07-20 04:00:00,6.16520982188277
2012-07-20 05:00:00,28.629077112564765
2012-07-20 06:00:00,126.60879311285332
2012-07-20 07:00:00,316.9400761159516
2012-07-20 08:00:00,557.883420891958
2012-07-20 09:00:00,284.57791012976975
2012-07-20 10:00:00,150.469605361502
2012-07-20 11:00:00,127.29259142519093
2012-07-20 12:00:00,120.09263527950893
2012-07-20 13:00:00,111.46081953592271
2012-07-20 14:00:00,108.2428175486937
2012-07-20 15:00:00,144.93563204034595
2012-07-20 16:00:00,236.70468539941388
2012-07-20 17:00:00,342.8663469747756
2012-07-20 18:00:00,474.43979809853147
2012-07-20 19:00:00,288.1505322744128
2012-07-20 20:00:00,136.41695533460734
2012-07-20 21:00:00,99.59067139028963
2012-07-20 22:00:00,138.56114658767254
2012-07-20 23:00:00,83.5953302915419
2012-07-21 00:00:00,70.56533296171993
2012-07-21 01:00:00,86.31641480458703
2012-07-21 02:00:00,35.828073043047254
2012-07-21 03:00:00,18.253006414378355
2012-07-21 04:00:00,5.286548272513934
2012-07-21 05:00:00,6.179911673985946
2012-07-21 06:00:00,11.084660504962722
2012-07-21 07:00:00,40.35127290331234
2012-07-21 08:00:00,107.54466539167443
2012-07-21 09:00:00,168.2029951764136
2012-07-21 10:00:00,129.1239799972549
2012-07-21 11:00:00,286.16113284080996
2012-07-21 12:00:00,184.77281879047177
2012-07-21 13:00:00,201.44865699585583
2012-07-21 14:00:00,267.75884157684163
2012-07-21 15:00:00,161.80010616855404
2012-07-21 16:00:00,160.92536516100952
2012-07-21 17:00:00,184.41436425302797
2012-07-21 18:00:00,224.25654072888898
2012-07-21 19:00:00,210.30161782888075
2012-07-21 20:00:00,105.11246393988272
2012-07-21 21:00:00,140.5358114712683
2012-07-21 22:00:00,120.94953332168411
2012-07-21 23:00:00,90.90114312714954
2012-07-22 00:00:00,91.40837366777264
2012-07-22 01:00:00,80.92400504200043
2012-07-22 02:00:00,62.473441342632825
2012-07-22 03:00:00,27.089236046808264
2012-07-22 04:00:00,9.180763083492213
2012-07-22 05:00:00,9.476388675847128
2012-07-22 06:00:00,19.693211487903955
2012-07-22 07:00:00,45.94208197997163
2012-07-22 08:00:00,119.35860826364278
2012-07-22 09:00:00,209.11505360563143
2012-07-22 10:00:00,307.4833404206261
2012-07-22 11:00:00,376.0853936695305
2012-07-22 12:00:00,484.8295561522613
2012-07-22 13:00:00,481.91125237201027
2012-07-22 14:00:00,461.9470720012544
2012-07-22 15:00:00,448.32686611556005
2012-07-22 16:00:00,460.4727901090204
2012-07-22 17:00:00,432.3513803441679
2012-07-22 18:00:00,375.3772325526455
2012-07-22 19:00:00,330.3172923823493
2012-07-22 20:00:00,239.2367054971818
2012-07-22 21:00:00,184.00355814995208
2012-07-22 22:00:00,154.95307542957943
2012-07-22 23:00:00,122.61250083348725
2012-07-23 00:00:00,36.94455638219898
2012-07-23 01:00:00,15.526599139960975
2012-07-23 02:00:00,7.77534395004001
2012-07-23 03:00:00,4.465175630687122
2012-07-23 04:00:00,5.38257306270755
2012-07-23 05:00:00,24.160859094506485
2012-07-23 06:00:00,131.51923685220936
2012-07-23 07:00:00,355.0165027222367
2012-07-23 08:00:00,546.9636029072043
2012-07-23 09:00:00,290.5132497793323
2012-07-23 10:00:00,159.999597110416
2012-07-23 11:00:00,191.16788609551446
2012-07-23 12:00:00,246.29299893987306
2012-07-23 13:00:00,238.6676970617229
2012-07-23 14:00:00,221.93676048882787
2012-07-23 15:00:00,233.9818416666374
2012-07-23 16:00:00,338.1535247899924
2012-07-23 17:00:00,666.9382863241465
2012-07-23 18:00:00,640.5629234876978
2012-07-23 19:00:00,470.4425630135296
2012-07-23 20:00:00,352.50313382196117
2012-07-23 21:00:00,265.2721881536201
2012-07-23 22:00:00,203.57612709381598
2012-07-23 23:00:00,127.23586901360376
2012-07-24 00:00:00,48.39663710948794
2012-07-24 01:00:00,19.70059313848156
2012-07-24 02:00:00,9.157215113742799
2012-07-24 03:00:00,5.585189787166437
2012-07-24 04:00:00,6.378618833558481
2012-07-24 05:00:00,29.83470018237097
2012-07-24 06:00:00,127.05278644410014
2012-07-24 07:00:00,370.64175831526086
2012-07-24 08:00:00,527.5137411204827
2012-07-24 09:00:00,248.9566015312814
2012-07-24 10:00:00,143.33837505985326
2012-07-24 11:00:00,160.48838506979723
2012-07-24 12:00:00,230.53739128528227
2012-07-24 13:00:00,206.86066934160883
2012-07-24 14:00:00,212.27643730324579
2012-07-24 15:00:00,217.02011143667156
2012-07-24 16:00:00,321.9253198541284
2012-07-24 17:00:00,632.5766738587054
2012-07-24 18:00:00,568.7435816596271
2012-07-24 19:00:00,471.58090372675696
2012-07-24 20:00:00,343.90755852871104
2012-07-24 21:00:00,254.88519986927056
2012-07-24 22:00:00,197.7848800761977
2012-07-24 23:00:00,115.51505379343575
2012-07-25 00:00:00,43.996606473671676
2012-07-25 01:00:00,20.101884028079915
2012-07-25 02:00:00,10.371282745346985
2012-07-25 03:00:00,5.625921613239719
2012-07-25 04:00:00,6.470315699255163
2012-07-25 05:00:00,31.278918186379926
2012-07-25 06:00:00,133.06851683644075
2012-07-25 07:00:00,338.0644279090899
2012-07-25 08:00:00,598.9778222258223
2012-07-25 09:00:00,277.10547729755217
2012-07-25 10:00:00,174.75555551265023
2012-07-25 11:00:00,188.4820879639509
2012-07-25 12:00:00,237.21231801639945
2012-07-25 13:00:00,222.8691716713204
2012-07-25 14:00:00,215.5029092138715
2012-07-25 15:00:00,233.08851225044845
2012-07-25 16:00:00,348.96717807841236
2012-07-25 17:00:00,661.2828060538524
2012-07-25 18:00:00,661.1443617050774
2012-07-25 19:00:00,493.9380039060947
2012-07-25 20:00:00,372.4122631709023
2012-07-25 21:00:00,275.89299325693526
2012-07-25 22:00:00,199.87392852657464
2012-07-25 23:00:00,126.42694535183553
2012-07-26 00:00:00,47.22942603625887
2012-07-26 01:00:00,19.38486909163947
2012-07-26 02:00:00,9.39516819229895
2012-07-26 03:00:00,5.502186263846183
2012-07-26 04:00:00,6.503273731812676
2012-07-26 05:00:00,31.938291309562825
2012-07-26 06:00:00,128.78260637996493
2012-07-26 07:00:00,348.12284390063286
2012-07-26 08:00:00,539.236353920003
2012-07-26 09:00:00,291.3226246343479
2012-07-26 10:00:00,138.55221421998266
2012-07-26 11:00:00,167.91283984583762
2012-07-26 12:00:00,212.860967645135
2012-07-26 13:00:00,187.14090470254195
2012-07-26 14:00:00,180.5794081751186
2012-07-26 15:00:00,184.01081078229706
2012-07-26 16:00:00,279.7672455051668
2012-07-26 17:00:00,535.7392792778637
2012-07-26 18:00:00,527.1877990348096
2012-07-26 19:00:00,358.12174287150435
2012-07-26 20:00:00,317.62413986165376
2012-07-26 21:00:00,227.43394500900175
2012-07-26 22:00:00,177.9003576860891
2012-07-26 23:00:00,135.0904079742162
2012-07-27 00:00:00,48.35241690687853
2012-07-27 01:00:00,20.22068098465341
2012-07-27 02:00:00,9.589334735177108
2012-07-27 03:00:00,5.999788713480369
2012-07-27 04:00:00,6.323894281619911
2012-07-27 05:00:00,29.59964634843943
2012-07-27 06:00:00,131.61575956894512
2012-07-27 07:00:00,353.6392896563981
2012-07-27 08:00:00,541.466130221961
2012-07-27 09:00:00,247.52722155503065
2012-07-27 10:00:00,158.24734846014186
2012-07-27 11:00:00,168.43040987189727
2012-07-27 12:00:00,210.4510421015339
2012-07-27 13:00:00,205.8965613603883
2012-07-27 14:00:00,187.10766677873744
2012-07-27 15:00:00,230.7203042050376
2012-07-27 16:00:00,344.50592193555417
2012-07-27 17:00:00,617.2732749081791
2012-07-27 18:00:00,643.1265823027168
2012-07-27 19:00:00,459.1914977546608
2012-07-27 20:00:00,353.1371968689227
2012-07-27 21:00:00,263.91136927488486
2012-07-27 22:00:00,204.7764771892031
2012-07-27 23:00:00,122.0621371100493
2012-07-28 00:00:00,129.86243561001388
2012-07-28 01:00:00,111.10366926171608
2012-07-28 02:00:00,80.44920311117181
2012-07-28 03:00:00,36.401319987578525
2012-07-28 04:00:00,10.086085810292127
2012-07-28 05:00:00,11.475786705508273
2012-07-28 06:00:00,23.88512058958033
2012-07-28 07:00:00,56.00754294445054
2012-07-28 08:00:00,126.02608200888236
2012-07-28 09:00:00,212.01020463850978
2012-07-28 10:00:00,322.54189797416
2012-07-28 11:00:00,411.46490114841635
2012-07-28 12:00:00,489.0916855229205
2012-07-28 13:00:00,436.84986087689117
2012-07-28 14:00:00,485.6797753911602
2012-07-28 15:00:00,454.3120897066949
2012-07-28 16:00:00,476.31309951197204
2012-07-28 17:00:00,459.8036051403029
2012-07-28 18:00:00,382.5385200370787
2012-07-28 19:00:00,253.87225564748428
2012-07-28 20:00:00,194.6610085975712
2012-07-28 21:00:00,185.78715828924356
2012-07-28 22:00:00,153.26457194624726
2012-07-28 23:00:00,113.38206165184984
2012-07-29 00:00:00,107.42509400811288
2012-07-29 01:00:00,99.60275355053449
2012-07-29 02:00:00,82.56488935730185
2012-07-29 03:00:00,33.16363619410548
2012-07-29 04:00:00,10.179081115755286
2012-07-29 05:00:00,10.464550880729426
2012-07-29 06:00:00,23.178237874267648
2012-07-29 07:00:00,49.24698661414676
2012-07-29 08:00:00,127.42173813660925
2012-07-29 09:00:00,213.6164295492859
2012-07-29 10:00:00,305.66410454273733
2012-07-29 11:00:00,406.0173962367318
2012-07-29 12:00:00,434.01283762696886
2012-07-29 13:00:00,478.63663772780114
2012-07-29 14:00:00,511.6553526751742
2012-07-29 15:00:00,514.142721795929
2012-07-29 16:00:00,509.3913655493863
2012-07-29 17:00:00,461.74943486089444
2012-07-29 18:00:00,384.595507727045
2012-07-29 19:00:00,342.0604271618316
2012-07-29 20:00:00,265.1283836443097
2012-07-29 21:00:00,217.25142357886193
2012-07-29 22:00:00,187.5188897077901
2012-07-29 23:00:00,142.69976587991576
2012-07-30 00:00:00,49.10364198280337
2012-07-30 01:00:00,19.571465126964316
2012-07-30 02:00:00,10.085706881741931
2012-07-30 03:00:00,5.270504967450677
2012-07-30 04:00:00,6.115213124228784
2012-07-30 05:00:00,29.436780830887535
2012-07-30 06:00:00,128.71807984726033
2012-07-30 07:00:00,358.5028141185073
2012-07-30 08:00:00,586.0604903248133
2012-07-30 09:00:00,281.09564139439806
2012-07-30 10:00:00,164.88657984038358
2012-07-30 11:00:00,190.7638990394804
2012-07-30 12:00:00,235.7977603310192
2012-07-30 13:00:00,222.21044118953705
2012-07-30 14:00:00,213.86034931156877
2012-07-30 15:00:00,232.56040714471314
2012-07-30 16:00:00,320.8044834408491
2012-07-30 17:00:00,622.0469853023304
2012-07-30 18:00:00,577.3925528095715
2012-07-30 19:00:00,463.34157604728193
2012-07-30 20:00:00,322.05501926625067
2012-07-30 21:00:00,245.86939072268123
2012-07-30 22:00:00,174.95662466122846
2012-07-30 23:00:00,106.91461817690744
2012-07-31 00:00:00,46.372715177804174
2012-07-31 01:00:00,18.342395248400564
2012-07-31 02:00:00,9.334823184119408
2012-07-31 03:00:00,5.294188520772367
2012-07-31 04:00:00,6.253606731247626
2012-07-31 05:00:00,30.63531920711974
2012-07-31 06:00:00,122.1248188890513
2012-07-31 07:00:00,336.36670922479476
2012-07-31 08:00:00,537.0389521541267
2012-07-31 09:00:00,263.7909141534171
2012-07-31 10:00:00,148.48513554428507
2012-07-31 11:00:00,169.67737013674008
2012-07-31 12:00:00,235.81516618972083
2012-07-31 13:00:00,207.53070780729936
2012-07-31 14:00:00,204.05634529504474
2012-07-31 15:00:00,226.92098234381984
2012-07-31 16:00:00,338.2591499806171
2012-07-31 17:00:00,690.361106952523
2012-07-31 18:00:00,618.1589534993319
2012-07-31 19:00:00,344.283323015763
2012-07-31 20:00:00,258.0457282460573
2012-07-31 21:00:00,212.84304352243902
2012-07-31 22:00:00,172.5747203067804
2012-07-31 23:00:00,109.15948966808965
2012-08-20 00:00:00,36.932729779132025
2012-08-20 01:00:00,18.777501458038145
2012-08-20 02:00:00,9.56647706327313
2012-08-20 03:00:00,4.752915278710273
2012-08-20 04:00:00,5.847801200737941
2012-08-20 05:00:00,25.92030236324654
2012-08-20 06:00:00,123.64184190993942
2012-08-20 07:00:00,336.03879196112626
2012-08-20 08:00:00,531.4612581865043
2012-08-20 09:00:00,260.04319032701534
2012-08-20 10:00:00,151.12280169368623
2012-08-20 11:00:00,177.9327288459666
2012-08-20 12:00:00,231.89521636986692
2012-08-20 13:00:00,221.16754430350406
2012-08-20 14:00:00,218.14368822000097
2012-08-20 15:00:00,237.04982429764468
2012-08-20 16:00:00,354.3861432998549
2012-08-20 17:00:00,623.8735263789418
2012-08-20 18:00:00,467.00846189878615
2012-08-20 19:00:00,334.2123034668791
2012-08-20 20:00:00,210.9512957312708
2012-08-20 21:00:00,194.34773509375788
2012-08-20 22:00:00,135.48174388804424
2012-08-20 23:00:00,87.75803942400795
2012-08-21 00:00:00,37.032780360597826
2012-08-21 01:00:00,16.677675443857243
2012-08-21 02:00:00,5.894666425639685
2012-08-21 03:00:00,4.919466252857836
2012-08-21 04:00:00,6.037751657641062
2012-08-21 05:00:00,30.318509476825735
2012-08-21 06:00:00,127.9539524504518
2012-08-21 07:00:00,363.1134276584974
2012-08-21 08:00:00,546.9554422946977
2012-08-21 09:00:00,253.62095293265136
2012-08-21 10:00:00,160.5222446134655
2012-08-21 11:00:00,188.91416259768428
2012-08-21 12:00:00,236.66315551777052
2012-08-21 13:00:00,239.02321631971986
2012-08-21 14:00:00,234.2739723396715
2012-08-21 15:00:00,246.4883446166721
2012-08-21 16:00:00,355.08919870257125
2012-08-21 17:00:00,613.0295085478178
2012-08-21 18:00:00,645.020280066444
2012-08-21 19:00:00,327.15586433398755
2012-08-21 20:00:00,306.0127789092987
2012-08-21 21:00:00,235.52576759720654
2012-08-21 22:00:00,159.25693091633903
2012-08-21 23:00:00,101.781095764268
2012-08-22 00:00:00,43.24784399135599
2012-08-22 01:00:00,18.82605280995107
2012-08-22 02:00:00,9.204826719497099
2012-08-22 03:00:00,5.402882662590687
2012-08-22 04:00:00,6.535483811591398
2012-08-22 05:00:00,31.59455439212805
2012-08-22 06:00:00,132.79561560245446
2012-08-22 07:00:00,339.72836448125213
2012-08-22 08:00:00,546.1813214010398
2012-08-22 09:00:00,252.03851899094923
2012-08-22 10:00:00,168.07976269304098
2012-08-22 11:00:00,179.55663597443157
2012-08-22 12:00:00,228.78014286660894
2012-08-22 13:00:00,227.27840505483556
2012-08-22 14:00:00,223.2250211454488
2012-08-22 15:00:00,236.9360005233589
2012-08-22 16:00:00,265.8423337472948
2012-08-22 17:00:00,558.0568573016873
2012-08-22 18:00:00,502.32489918265986
2012-08-22 19:00:00,389.7638260892652
2012-08-22 20:00:00,301.2902465653667
2012-08-22 21:00:00,229.4097017547521
2012-08-22 22:00:00,187.7270769442792
2012-08-22 23:00:00,101.96496353888207
2012-08-23 00:00:00,42.06629126438308
2012-08-23 01:00:00,17.73599364903173
2012-08-23 02:00:00,9.048017343452184
2012-08-23 03:00:00,5.462835568887884
2012-08-23 04:00:00,6.558395064626964
2012-08-23 05:00:00,29.685805311250842
2012-08-23 06:00:00,101.57256715247078
2012-08-23 07:00:00,318.4405337357886
2012-08-23 08:00:00,564.2751965124921
2012-08-23 09:00:00,280.8984532365243
2012-08-23 10:00:00,158.6758748712977
2012-08-23 11:00:00,184.0394403241378
2012-08-23 12:00:00,245.1640879212439
2012-08-23 13:00:00,240.86198432814624
2012-08-23 14:00:00,221.84883595853995
2012-08-23 15:00:00,240.18635949095983
2012-08-23 16:00:00,360.49498015541445
2012-08-23 17:00:00,701.1001531692152
2012-08-23 18:00:00,627.5338181327368
2012-08-23 19:00:00,460.04547894894046
2012-08-23 20:00:00,342.1722008915535
2012-08-23 21:00:00,255.30340216282954
2012-08-23 22:00:00,204.82847399174224
2012-08-23 23:00:00,120.38468617051986
2012-08-24 00:00:00,45.66155694996704
2012-08-24 01:00:00,18.737088729411543
2012-08-24 02:00:00,9.643530438030362
2012-08-24 03:00:00,5.613838552214459
2012-08-24 04:00:00,6.667465640466126
2012-08-24 05:00:00,30.353213177329973
2012-08-24 06:00:00,113.88422230160457
2012-08-24 07:00:00,331.6887212148517
2012-08-24 08:00:00,531.6581281889568
2012-08-24 09:00:00,277.15917060411033
2012-08-24 10:00:00,166.3697824365639
2012-08-24 11:00:00,195.49041361483046
2012-08-24 12:00:00,247.82939660623583
2012-08-24 13:00:00,243.95500496957516
2012-08-24 14:00:00,231.2592553216917
2012-08-24 15:00:00,240.7457221263276
2012-08-24 16:00:00,355.07538907047837
2012-08-24 17:00:00,695.776152064071
2012-08-24 18:00:00,665.9030089575411
2012-08-24 19:00:00,457.00886595181385
2012-08-24 20:00:00,326.7149087173544
2012-08-24 21:00:00,257.3436198324124
2012-08-24 22:00:00,195.1937636375375
2012-08-24 23:00:00,130.59332342561248
2012-08-25 00:00:00,134.7535350035854
2012-08-25 01:00:00,108.34180106678528
2012-08-25 02:00:00,87.66321852360137
2012-08-25 03:00:00,36.26839805521281
2012-08-25 04:00:00,11.518833616127784
2012-08-25 05:00:00,10.822593330690356
2012-08-25 06:00:00,21.33158807363825
2012-08-25 07:00:00,46.81322534766306
2012-08-25 08:00:00,122.14615829790363
2012-08-25 09:00:00,195.46025264897114
2012-08-25 10:00:00,301.9107486277807
2012-08-25 11:00:00,388.88788981675134
2012-08-25 12:00:00,353.51859752881956
2012-08-25 13:00:00,464.92157944001696
2012-08-25 14:00:00,356.3130638625595
2012-08-25 15:00:00,368.7280481194294
2012-08-25 16:00:00,355.19210574631205
2012-08-25 17:00:00,320.21798259684994
2012-08-25 18:00:00,307.3921308857375
2012-08-25 19:00:00,224.50596762596348
2012-08-25 20:00:00,108.63843030942427
2012-08-25 21:00:00,154.29701133334868
2012-08-25 22:00:00,124.8745219820743
2012-08-25 23:00:00,92.05753412971569
2012-08-26 00:00:00,99.99158129903454
2012-08-26 01:00:00,90.41945689626246
2012-08-26 02:00:00,59.80669378435045
2012-08-26 03:00:00,26.950021997754238
2012-08-26 04:00:00,8.317797054746176
2012-08-26 05:00:00,9.73389290312154
2012-08-26 06:00:00,15.790348050592444
2012-08-26 07:00:00,47.28896356325151
2012-08-26 08:00:00,113.2943574578737
2012-08-26 09:00:00,194.29008695955147
2012-08-26 10:00:00,296.4256498552974
2012-08-26 11:00:00,363.75068709575487
2012-08-26 12:00:00,283.339359647267
2012-08-26 13:00:00,264.63737334760873
2012-08-26 14:00:00,349.55477398529797
2012-08-26 15:00:00,153.90010699048634
2012-08-26 16:00:00,149.24995929667858
2012-08-26 17:00:00,317.18912393216425
2012-08-26 18:00:00,254.17623802406078
2012-08-26 19:00:00,215.33516552165835
2012-08-26 20:00:00,197.30223035411987
2012-08-26 21:00:00,178.52057141201445
2012-08-26 22:00:00,136.02999996600104
2012-08-26 23:00:00,112.01882041512356
2012-08-27 00:00:00,41.409104351591495
2012-08-27 01:00:00,16.646389510085996
2012-08-27 02:00:00,8.541181125068853
2012-08-27 03:00:00,5.232974544965039
2012-08-27 04:00:00,6.3284201673264455
2012-08-27 05:00:00,26.55706061313665
2012-08-27 06:00:00,120.05879892727718
2012-08-27 07:00:00,338.925547388139
2012-08-27 08:00:00,538.3404672007063
2012-08-27 09:00:00,251.0870376623519
2012-08-27 10:00:00,160.98216619156227
2012-08-27 11:00:00,182.24247940288356
2012-08-27 12:00:00,232.75067724221762
2012-08-27 13:00:00,229.33628569584002
2012-08-27 14:00:00,216.27220080075335
2012-08-27 15:00:00,218.50585178248053
2012-08-27 16:00:00,343.5750874438538
2012-08-27 17:00:00,686.3935767122646
2012-08-27 18:00:00,642.3051500757758
2012-08-27 19:00:00,419.5485966169827
2012-08-27 20:00:00,324.4226847813741
2012-08-27 21:00:00,218.92917698517147
2012-08-27 22:00:00,147.86641903099985
2012-08-27 23:00:00,107.43548543238785
2012-08-28 00:00:00,39.395403838672586
2012-08-28 01:00:00,15.901204101442975
2012-08-28 02:00:00,8.951899433032212
2012-08-28 03:00:00,5.064556427448825
2012-08-28 04:00:00,6.252460896234418
2012-08-28 05:00:00,30.963168295243833
2012-08-28 06:00:00,122.29939213593225
2012-08-28 07:00:00,360.77774193875956
2012-08-28 08:00:00,510.09300322917306
2012-08-28 09:00:00,280.7861739627434
2012-08-28 10:00:00,160.4765655965285
2012-08-28 11:00:00,187.27886359921547
2012-08-28 12:00:00,227.17406888945968
2012-08-28 13:00:00,220.28279381515304
2012-08-28 14:00:00,205.20508114912727
2012-08-28 15:00:00,226.7655301360492
2012-08-28 16:00:00,327.3435658865653
2012-08-28 17:00:00,659.1429449152357
2012-08-28 18:00:00,666.4004844444895
2012-08-28 19:00:00,470.3756304817153
2012-08-28 20:00:00,338.862703986463
2012-08-28 21:00:00,256.05226419682106
2012-08-28 22:00:00,198.9318265803999
2012-08-28 23:00:00,125.67364434143624
2012-08-29 00:00:00,43.979183545204954
2012-08-29 01:00:00,19.72533675373762
2012-08-29 02:00:00,9.928177429438417
2012-08-29 03:00:00,5.82453697288418
2012-08-29 04:00:00,6.50160878438819
2012-08-29 05:00:00,30.41249124563153
2012-08-29 06:00:00,132.3087545133144
2012-08-29 07:00:00,347.9017060187727
2012-08-29 08:00:00,557.3591008702394
2012-08-29 09:00:00,276.80464356422215
2012-08-29 10:00:00,168.8098228469056
2012-08-29 11:00:00,190.95517174070866
2012-08-29 12:00:00,248.81414039467447
2012-08-29 13:00:00,233.20864003741258
2012-08-29 14:00:00,230.19308073842515
2012-08-29 15:00:00,259.44504987098964
2012-08-29 16:00:00,375.70154211981884
2012-08-29 17:00:00,710.4660397865108
2012-08-29 18:00:00,669.2208517227227
2012-08-29 19:00:00,468.1231410646646
2012-08-29 20:00:00,335.1075519731943
2012-08-29 21:00:00,253.88180275915389
2012-08-29 22:00:00,191.5445723000388
2012-08-29 23:00:00,123.660399095916
2012-08-30 00:00:00,44.786579086653525
2012-08-30 01:00:00,18.37384861278896
2012-08-30 02:00:00,9.689155502362858
2012-08-30 03:00:00,5.536442066435531
2012-08-30 04:00:00,6.605143329975493
2012-08-30 05:00:00,31.304592552124944
2012-08-30 06:00:00,130.67166662831715
2012-08-30 07:00:00,354.8018425528532
2012-08-30 08:00:00,487.78568700734485
2012-08-30 09:00:00,258.76541661144176
2012-08-30 10:00:00,160.17974151376046
2012-08-30 11:00:00,199.3702754237535
2012-08-30 12:00:00,252.38930512082743
2012-08-30 13:00:00,231.27446465641862
2012-08-30 14:00:00,215.90034189738552
2012-08-30 15:00:00,248.58472223502375
2012-08-30 16:00:00,372.08045014224143
2012-08-30 17:00:00,705.6259777360502
2012-08-30 18:00:00,681.5152658638095
2012-08-30 19:00:00,450.6205249685308
2012-08-30 20:00:00,325.92231631337387
2012-08-30 21:00:00,242.9212195389339
2012-08-30 22:00:00,193.5864410908588
2012-08-30 23:00:00,115.63771248524337
2012-08-31 00:00:00,43.31090565469621
2012-08-31 01:00:00,18.77101465179223
2012-08-31 02:00:00,8.82591829075767
2012-08-31 03:00:00,5.060360812442536
2012-08-31 04:00:00,6.266243224633744
2012-08-31 05:00:00,28.458454165459635
2012-08-31 06:00:00,111.28766949262847
2012-08-31 07:00:00,308.5608272863017
2012-08-31 08:00:00,539.4999669905912
2012-08-31 09:00:00,255.32140360277091
2012-08-31 10:00:00,163.14251197264122
2012-08-31 11:00:00,170.9236622384428
2012-08-31 12:00:00,228.77278269341133
2012-08-31 13:00:00,202.908033610966
2012-08-31 14:00:00,206.04768334240302
2012-08-31 15:00:00,204.09119894838727
2012-08-31 16:00:00,330.83993864051047
2012-08-31 17:00:00,671.9080295056851
2012-08-31 18:00:00,661.0902182496311
2012-08-31 19:00:00,449.4566376798568
2012-08-31 20:00:00,343.3185145067042
2012-08-31 21:00:00,256.5947100947858
2012-08-31 22:00:00,202.31776916681534
2012-08-31 23:00:00,126.80021779334086
2012-09-20 00:00:00,40.80799601389231
2012-09-20 01:00:00,18.33387534875873
2012-09-20 02:00:00,9.657727246044326
2012-09-20 03:00:00,5.558843847493574
2012-09-20 04:00:00,6.726849939347431
2012-09-20 05:00:00,31.732151694819585
2012-09-20 06:00:00,130.61786201163054
2012-09-20 07:00:00,361.41259551801517
2012-09-20 08:00:00,597.9998575456543
2012-09-20 09:00:00,302.83177574544857
2012-09-20 10:00:00,183.44241432030296
2012-09-20 11:00:00,212.91545126993006
2012-09-20 12:00:00,286.3211368852259
2012-09-20 13:00:00,270.6208062318246
2012-09-20 14:00:00,256.41289690959564
2012-09-20 15:00:00,280.2180324994577
2012-09-20 16:00:00,415.6820308563065
2012-09-20 17:00:00,772.2482735854403
2012-09-20 18:00:00,663.4011092745322
2012-09-20 19:00:00,436.535513615813
2012-09-20 20:00:00,300.5998669599466
2012-09-20 21:00:00,231.7975222286931
2012-09-20 22:00:00,183.28007684530803
2012-09-20 23:00:00,112.5310626568644
2012-09-21 00:00:00,42.1444581303552
2012-09-21 01:00:00,19.059632796118002
2012-09-21 02:00:00,9.528473335272981
2012-09-21 03:00:00,6.36035333686261
2012-09-21 04:00:00,6.902660686910646
2012-09-21 05:00:00,29.71656101480089
2012-09-21 06:00:00,142.30846885268906
2012-09-21 07:00:00,403.27088935116683
2012-09-21 08:00:00,611.8660991336598
2012-09-21 09:00:00,289.73582936699586
2012-09-21 10:00:00,167.48250326253975
2012-09-21 11:00:00,193.97869100533572
2012-09-21 12:00:00,253.03318251795272
2012-09-21 13:00:00,241.63723399334643
2012-09-21 14:00:00,238.59787706263018
2012-09-21 15:00:00,264.94686369337353
2012-09-21 16:00:00,375.842686676969
2012-09-21 17:00:00,759.6693030277909
2012-09-21 18:00:00,647.2426581856851
2012-09-21 19:00:00,456.8933061321488
2012-09-21 20:00:00,313.36528731452995
2012-09-21 21:00:00,238.40614857908173
2012-09-21 22:00:00,191.30788160264052
2012-09-21 23:00:00,116.81492697922279
2012-09-22 00:00:00,131.9129740795212
2012-09-22 01:00:00,93.41923099804252
2012-09-22 02:00:00,64.7233272196701
2012-09-22 03:00:00,34.87331448886353
2012-09-22 04:00:00,10.494575338425713
2012-09-22 05:00:00,11.185072773784816
2012-09-22 06:00:00,21.069499536626562
2012-09-22 07:00:00,55.747851336993484
2012-09-22 08:00:00,127.20797533712141
2012-09-22 09:00:00,209.69979275043508
2012-09-22 10:00:00,326.4310351114535
2012-09-22 11:00:00,442.5794014596923
2012-09-22 12:00:00,530.6470793902386
2012-09-22 13:00:00,530.8480294351039
2012-09-22 14:00:00,599.3895789145843
2012-09-22 15:00:00,595.9534140094106
2012-09-22 16:00:00,511.11665880372146
2012-09-22 17:00:00,478.08131448291203
2012-09-22 18:00:00,432.433992856217
2012-09-22 19:00:00,350.83094135883414
2012-09-22 20:00:00,276.31967162297445
2012-09-22 21:00:00,227.14468317890692
2012-09-22 22:00:00,185.38622568310507
2012-09-22 23:00:00,157.02046356117378
2012-09-23 00:00:00,187.74354228859306
2012-09-23 01:00:00,128.42075324881571
2012-09-23 02:00:00,102.3198613626929
2012-09-23 03:00:00,34.221664076008295
2012-09-23 04:00:00,10.30475004426434
2012-09-23 05:00:00,10.146099857951512
2012-09-23 06:00:00,19.275168616370735
2012-09-23 07:00:00,50.920935234469034
2012-09-23 08:00:00,124.44590547054747
2012-09-23 09:00:00,262.26136876087656
2012-09-23 10:00:00,483.9584219487424
2012-09-23 11:00:00,589.328836462719
2012-09-23 12:00:00,718.4068941673132
2012-09-23 13:00:00,701.8843474464445
2012-09-23 14:00:00,712.0961154200306
2012-09-23 15:00:00,725.244618155008
2012-09-23 16:00:00,697.8853086167096
2012-09-23 17:00:00,584.2784678492136
2012-09-23 18:00:00,495.07448764290604
2012-09-23 19:00:00,409.18363037690483
2012-09-23 20:00:00,310.09232802917495
2012-09-23 21:00:00,226.00671348460926
2012-09-23 22:00:00,199.3074324391327
2012-09-23 23:00:00,117.87511416273769
2012-09-24 00:00:00,47.12674534369877
2012-09-24 01:00:00,19.498656516549083
2012-09-24 02:00:00,8.156379579292496
2012-09-24 03:00:00,6.416597180522054
2012-09-24 04:00:00,7.239963275035278
2012-09-24 05:00:00,35.55009859126903
2012-09-24 06:00:00,154.73754600573497
2012-09-24 07:00:00,406.956513411801
2012-09-24 08:00:00,677.0484797403393
2012-09-24 09:00:00,350.97845176047605
2012-09-24 10:00:00,229.9194787072786
2012-09-24 11:00:00,284.3062822595623
2012-09-24 12:00:00,358.1856622319821
2012-09-24 13:00:00,308.3869014753594
2012-09-24 14:00:00,281.10625550006444
2012-09-24 15:00:00,314.356634269105
2012-09-24 16:00:00,445.91727849320716
2012-09-24 17:00:00,792.6911183569883
2012-09-24 18:00:00,812.4597562955247
2012-09-24 19:00:00,550.154951033503
2012-09-24 20:00:00,355.1942195103358
2012-09-24 21:00:00,246.98096004648585
2012-09-24 22:00:00,193.96146687489852
2012-09-24 23:00:00,119.78871074369374
2012-09-25 00:00:00,46.12015514897509
2012-09-25 01:00:00,19.230936873654333
2012-09-25 02:00:00,9.28321750342794
2012-09-25 03:00:00,6.604913840339618
2012-09-25 04:00:00,8.00409278112687
2012-09-25 05:00:00,37.496456684347336
2012-09-25 06:00:00,143.3149583153543
2012-09-25 07:00:00,373.1595995945154
2012-09-25 08:00:00,604.1680559082572
2012-09-25 09:00:00,353.99921136033123
2012-09-25 10:00:00,220.3650947016352
2012-09-25 11:00:00,260.2536752688036
2012-09-25 12:00:00,349.9500727599504
2012-09-25 13:00:00,312.9829789188652
2012-09-25 14:00:00,317.27948951253006
2012-09-25 15:00:00,345.37173300256046
2012-09-25 16:00:00,525.5753759097437
2012-09-25 17:00:00,959.1032634734607
2012-09-25 18:00:00,890.3100306060452
2012-09-25 19:00:00,576.3181159408772
2012-09-25 20:00:00,386.1559437738313
2012-09-25 21:00:00,295.66562224924036
2012-09-25 22:00:00,231.9732853823574
2012-09-25 23:00:00,149.54749740911004
2012-09-26 00:00:00,53.09430004838404
2012-09-26 01:00:00,21.31421027417534
2012-09-26 02:00:00,8.798269516076914
2012-09-26 03:00:00,6.4527229259867385
2012-09-26 04:00:00,8.351339823831749
2012-09-26 05:00:00,38.21647714780675
2012-09-26 06:00:00,160.37748786179498
2012-09-26 07:00:00,459.5938624248803
2012-09-26 08:00:00,647.6340080598928
2012-09-26 09:00:00,326.0515193057665
2012-09-26 10:00:00,181.79930512568006
2012-09-26 11:00:00,221.63365579902262
2012-09-26 12:00:00,298.92208603138226
2012-09-26 13:00:00,272.22108134815454
2012-09-26 14:00:00,303.362615927513
2012-09-26 15:00:00,326.3590013470608
2012-09-26 16:00:00,518.8616566511154
2012-09-26 17:00:00,907.849322633398
2012-09-26 18:00:00,835.2411331916346
2012-09-26 19:00:00,568.7891692851173
2012-09-26 20:00:00,358.3228623511111
2012-09-26 21:00:00,284.086623738666
2012-09-26 22:00:00,150.8551988844932
2012-09-26 23:00:00,109.45984105556873
2012-09-27 00:00:00,52.9780162084165
2012-09-27 01:00:00,22.904144028351542
2012-09-27 02:00:00,10.07048404596194
2012-09-27 03:00:00,7.043305915937061
2012-09-27 04:00:00,6.46065174883963
2012-09-27 05:00:00,35.997237600613225
2012-09-27 06:00:00,150.1901406579382
2012-09-27 07:00:00,428.6686039157092
2012-09-27 08:00:00,667.7249108159665
2012-09-27 09:00:00,320.5827930689305
2012-09-27 10:00:00,227.28716907788288
2012-09-27 11:00:00,239.60666617410547
2012-09-27 12:00:00,341.70708064699056
2012-09-27 13:00:00,311.2872853593203
2012-09-27 14:00:00,324.292950742356
2012-09-27 15:00:00,339.7475446998559
2012-09-27 16:00:00,436.0272667515451
2012-09-27 17:00:00,735.1332723250821
2012-09-27 18:00:00,712.179610565396
2012-09-27 19:00:00,500.61837849867914
2012-09-27 20:00:00,342.09060999937685
2012-09-27 21:00:00,123.56353729091673
2012-09-27 22:00:00,98.03644019477609
2012-09-27 23:00:00,67.87524569605813
2012-09-28 00:00:00,25.607409805613905
2012-09-28 01:00:00,12.076557644809133
2012-09-28 02:00:00,5.189486672635394
2012-09-28 03:00:00,5.9100238713144995
2012-09-28 04:00:00,5.189869397224561
2012-09-28 05:00:00,32.485748948149734
2012-09-28 06:00:00,114.22240029799912
2012-09-28 07:00:00,309.72200547051887
2012-09-28 08:00:00,646.1930341787164
2012-09-28 09:00:00,308.0920938018402
2012-09-28 10:00:00,177.50922864756862
2012-09-28 11:00:00,213.16331158533663
2012-09-28 12:00:00,326.0413605452621
2012-09-28 13:00:00,298.7424259350087
2012-09-28 14:00:00,287.28007945021716
2012-09-28 15:00:00,316.5937531154255
2012-09-28 16:00:00,511.9528523012719
2012-09-28 17:00:00,839.2613745198846
2012-09-28 18:00:00,809.6189434614829
2012-09-28 19:00:00,446.4853316977219
2012-09-28 20:00:00,285.7132169285074
2012-09-28 21:00:00,219.90804343855615
2012-09-28 22:00:00,197.84360574870942
2012-09-28 23:00:00,122.6435393466915
2012-09-29 00:00:00,144.38676785644162
2012-09-29 01:00:00,119.90127850023921
2012-09-29 02:00:00,83.87847825101446
2012-09-29 03:00:00,39.02649284434617
2012-09-29 04:00:00,12.933484384923052
2012-09-29 05:00:00,12.10666336662941
2012-09-29 06:00:00,25.32127658701684
2012-09-29 07:00:00,47.95636751121751
2012-09-29 08:00:00,136.18961780643258
2012-09-29 09:00:00,256.37122947469885
2012-09-29 10:00:00,412.07583670283515
2012-09-29 11:00:00,532.3949589066339
2012-09-29 12:00:00,694.1674733716566
2012-09-29 13:00:00,709.252005697533
2012-09-29 14:00:00,711.248158657187
2012-09-29 15:00:00,708.6479532393806
2012-09-29 16:00:00,694.4787031417353
2012-09-29 17:00:00,625.326150665165
2012-09-29 18:00:00,465.668306027934
2012-09-29 19:00:00,343.62299130512633
2012-09-29 20:00:00,265.3696924929425
2012-09-29 21:00:00,228.03379025778787
2012-09-29 22:00:00,173.05982191855776
2012-09-29 23:00:00,132.89343877364132
2012-09-30 00:00:00,127.70133045906506
2012-09-30 01:00:00,106.67753862888738
2012-09-30 02:00:00,74.14310932250197
2012-09-30 03:00:00,35.26241793440173
2012-09-30 04:00:00,10.537436951420023
2012-09-30 05:00:00,10.42563485501881
2012-09-30 06:00:00,21.909134122967995
2012-09-30 07:00:00,52.19068840791567
2012-09-30 08:00:00,132.28196038213363
2012-09-30 09:00:00,271.2901753449314
2012-09-30 10:00:00,477.89119979113724
2012-09-30 11:00:00,592.3825867801244
2012-09-30 12:00:00,704.2350102784195
2012-09-30 13:00:00,685.1264522164341
2012-09-30 14:00:00,716.1902062334603
2012-09-30 15:00:00,755.6693069879013
2012-09-30 16:00:00,724.2931273195277
2012-09-30 17:00:00,626.2815568270548
2012-09-30 18:00:00,383.2441847434539
2012-09-30 19:00:00,204.7425330758338
2012-09-30 20:00:00,159.8431374203898
2012-09-30 21:00:00,194.09172512103677
2012-09-30 22:00:00,156.44811578527134
2012-09-30 23:00:00,120.76950584135585
2012-10-20 00:00:00,107.88267449607228
2012-10-20 01:00:00,100.76269659089733
2012-10-20 02:00:00,70.77929915365722
2012-10-20 03:00:00,34.804791532584844
2012-10-20 04:00:00,10.293969451063218
2012-10-20 05:00:00,9.319373726654856
2012-10-20 06:00:00,21.51632343671158
2012-10-20 07:00:00,47.016908403014845
2012-10-20 08:00:00,126.53134067959431
2012-10-20 09:00:00,252.33659543700713
2012-10-20 10:00:00,391.65328159995386
2012-10-20 11:00:00,504.5311989112321
2012-10-20 12:00:00,598.1802515066349
2012-10-20 13:00:00,620.7979187229602
2012-10-20 14:00:00,538.6757692790262
2012-10-20 15:00:00,541.6525840355104
2012-10-20 16:00:00,517.1825913924005
2012-10-20 17:00:00,500.9014597898874
2012-10-20 18:00:00,418.71235895322104
2012-10-20 19:00:00,309.64375287744144
2012-10-20 20:00:00,249.4887652330669
2012-10-20 21:00:00,169.12016285694247
2012-10-20 22:00:00,143.65170815182665
2012-10-20 23:00:00,104.92495119694999
2012-10-21 00:00:00,113.39958044275873
2012-10-21 01:00:00,81.37722740552981
2012-10-21 02:00:00,67.94834064062017
2012-10-21 03:00:00,30.909889191357703
2012-10-21 04:00:00,10.72800757072961
2012-10-21 05:00:00,9.225327561932085
2012-10-21 06:00:00,20.43842402956607
2012-10-21 07:00:00,47.74227852725159
2012-10-21 08:00:00,119.97304114631032
2012-10-21 09:00:00,228.29858910177674
2012-10-21 10:00:00,343.31245362664475
2012-10-21 11:00:00,465.33575778544736
2012-10-21 12:00:00,554.0014187349921
2012-10-21 13:00:00,650.1843649634183
2012-10-21 14:00:00,560.8008631407768
2012-10-21 15:00:00,514.5197495347205
2012-10-21 16:00:00,575.5554891776187
2012-10-21 17:00:00,482.22679644390837
2012-10-21 18:00:00,410.3094359973479
2012-10-21 19:00:00,318.23699307703293
2012-10-21 20:00:00,209.24791384318723
2012-10-21 21:00:00,180.50968009394856
2012-10-21 22:00:00,148.4659472519487
2012-10-21 23:00:00,105.89676924472111
2012-10-22 00:00:00,41.70374987678807
2012-10-22 01:00:00,18.014838078770783
2012-10-22 02:00:00,8.063424511797237
2012-10-22 03:00:00,5.689724958758275
2012-10-22 04:00:00,6.606171941154267
2012-10-22 05:00:00,33.052975780481695
2012-10-22 06:00:00,130.35408927923967
2012-10-22 07:00:00,365.67306284220376
2012-10-22 08:00:00,587.3130933582776
2012-10-22 09:00:00,313.03700701512395
2012-10-22 10:00:00,181.4841076889088
2012-10-22 11:00:00,243.06681845439536
2012-10-22 12:00:00,295.52926782420525
2012-10-22 13:00:00,273.9253075654686
2012-10-22 14:00:00,266.06575075585886
2012-10-22 15:00:00,288.4153351012579
2012-10-22 16:00:00,431.8380292640505
2012-10-22 17:00:00,795.5261313135951
2012-10-22 18:00:00,622.6384914653612
2012-10-22 19:00:00,450.6157096684251
2012-10-22 20:00:00,307.2621652310931
2012-10-22 21:00:00,224.75236322708213
2012-10-22 22:00:00,148.25527015866243
2012-10-22 23:00:00,97.25579778759133
2012-10-23 00:00:00,36.20070842834861
2012-10-23 01:00:00,20.60556205121664
2012-10-23 02:00:00,7.237611031478595
2012-10-23 03:00:00,5.963903637366905
2012-10-23 04:00:00,7.690425468267281
2012-10-23 05:00:00,34.594016516242384
2012-10-23 06:00:00,128.11607554665525
2012-10-23 07:00:00,355.41938884294876
2012-10-23 08:00:00,589.3802013219516
2012-10-23 09:00:00,302.14056901347
2012-10-23 10:00:00,190.93321505412908
2012-10-23 11:00:00,214.29716964321483
2012-10-23 12:00:00,284.1889117504223
2012-10-23 13:00:00,270.96804251754816
2012-10-23 14:00:00,283.32804706954164
2012-10-23 15:00:00,306.8551063560463
2012-10-23 16:00:00,450.41403955760853
2012-10-23 17:00:00,788.4493800123391
2012-10-23 18:00:00,728.7418681500416
2012-10-23 19:00:00,502.1351678900775
2012-10-23 20:00:00,329.874201132106
2012-10-23 21:00:00,233.9237679300549
2012-10-23 22:00:00,188.54934515170146
2012-10-23 23:00:00,128.70836655576716
2012-10-24 00:00:00,51.39731632713418
2012-10-24 01:00:00,19.23367596647695
2012-10-24 02:00:00,8.576576382434462
2012-10-24 03:00:00,6.367570839847361
2012-10-24 04:00:00,7.940744767749429
2012-10-24 05:00:00,31.247554530050603
2012-10-24 06:00:00,140.8564255242552
2012-10-24 07:00:00,364.26918846071294
2012-10-24 08:00:00,558.0997599974681
2012-10-24 09:00:00,318.91669952283553
2012-10-24 10:00:00,166.18346797646535
2012-10-24 11:00:00,207.27973280298596
2012-10-24 12:00:00,272.5667978945412
2012-10-24 13:00:00,263.8633840128261
2012-10-24 14:00:00,273.62610880679244
2012-10-24 15:00:00,307.6822758761507
2012-10-24 16:00:00,454.5450400212388
2012-10-24 17:00:00,748.4753244900672
2012-10-24 18:00:00,751.2959152126517
2012-10-24 19:00:00,518.400172954638
2012-10-24 20:00:00,357.2787430367982
2012-10-24 21:00:00,283.1393853985514
2012-10-24 22:00:00,211.40707125497445
2012-10-24 23:00:00,114.26475263288205
2012-10-25 00:00:00,51.907669790544844
2012-10-25 01:00:00,19.397993366240286
2012-10-25 02:00:00,9.409885692413088
2012-10-25 03:00:00,5.276724225186026
2012-10-25 04:00:00,6.71883224502901
2012-10-25 05:00:00,28.97716486880619
2012-10-25 06:00:00,120.24971509803045
2012-10-25 07:00:00,332.08972402372257
2012-10-25 08:00:00,564.6419537704572
2012-10-25 09:00:00,282.0723291428115
2012-10-25 10:00:00,156.5353034559128
2012-10-25 11:00:00,170.90789816368365
2012-10-25 12:00:00,212.14931597676994
2012-10-25 13:00:00,192.1840736212507
2012-10-25 14:00:00,235.82163253800175
2012-10-25 15:00:00,258.6317323604854
2012-10-25 16:00:00,388.98413529117875
2012-10-25 17:00:00,724.9392001298406
2012-10-25 18:00:00,511.2484143837404
2012-10-25 19:00:00,330.3169762048108
2012-10-25 20:00:00,229.3516191938323
2012-10-25 21:00:00,175.34739570195416
2012-10-25 22:00:00,148.2529002233884
2012-10-25 23:00:00,94.4546803229949
2012-10-26 00:00:00,43.94679007774614
2012-10-26 01:00:00,15.486243333796859
2012-10-26 02:00:00,7.3412900430507095
2012-10-26 03:00:00,5.343506309704569
2012-10-26 04:00:00,6.5048231395272555
2012-10-26 05:00:00,29.14324626781694
2012-10-26 06:00:00,131.68186986995693
2012-10-26 07:00:00,359.3656539337462
2012-10-26 08:00:00,549.5736460434191
2012-10-26 09:00:00,298.87880964118426
2012-10-26 10:00:00,148.19159452945345
2012-10-26 11:00:00,183.72794299422821
2012-10-26 12:00:00,233.82763004374502
2012-10-26 13:00:00,235.2911078346513
2012-10-26 14:00:00,240.96002954341387
2012-10-26 15:00:00,268.1740818221259
2012-10-26 16:00:00,332.7849824927141
2012-10-26 17:00:00,533.3648694186993
2012-10-26 18:00:00,491.73803351426324
2012-10-26 19:00:00,333.02622019860655
2012-10-26 20:00:00,240.5057731643972
2012-10-26 21:00:00,208.85951433840404
2012-10-26 22:00:00,143.76017551253204
2012-10-26 23:00:00,102.78937717535362
2012-10-27 00:00:00,106.77188729033794
2012-10-27 01:00:00,87.70494397656935
2012-10-27 02:00:00,61.827141423034654
2012-10-27 03:00:00,33.446995543833125
2012-10-27 04:00:00,9.786905280321003
2012-10-27 05:00:00,9.775145869153874
2012-10-27 06:00:00,18.842146071299307
2012-10-27 07:00:00,44.79387943868292
2012-10-27 08:00:00,133.93122814139932
2012-10-27 09:00:00,228.69684863725058
2012-10-27 10:00:00,329.73782462670476
2012-10-27 11:00:00,454.57318919630654
2012-10-27 12:00:00,572.1820335287812
2012-10-27 13:00:00,593.389055202676
2012-10-27 14:00:00,592.7595944793688
2012-10-27 15:00:00,459.8924759450346
2012-10-27 16:00:00,436.7722119665137
2012-10-27 17:00:00,381.7770673111804
2012-10-27 18:00:00,329.12962026254297
2012-10-27 19:00:00,271.24792468506354
2012-10-27 20:00:00,214.6311802968562
2012-10-27 21:00:00,181.61192080268003
2012-10-27 22:00:00,152.03651096912517
2012-10-27 23:00:00,103.47465004080762
2012-10-28 00:00:00,97.60376578762516
2012-10-28 01:00:00,87.58437319295764
2012-10-28 02:00:00,61.74961004394017
2012-10-28 03:00:00,31.444776077208086
2012-10-28 04:00:00,10.0980834091751
2012-10-28 05:00:00,9.268245914767054
2012-10-28 06:00:00,21.04978837383718
2012-10-28 07:00:00,49.29875844626338
2012-10-28 08:00:00,114.06940339888253
2012-10-28 09:00:00,208.18850241164566
2012-10-28 10:00:00,259.4165848478346
2012-10-28 11:00:00,384.87465767453574
2012-10-28 12:00:00,355.67251523614084
2012-10-28 13:00:00,378.2074073013807
2012-10-28 14:00:00,402.57247684507104
2012-10-28 15:00:00,389.4599598709142
2012-10-28 16:00:00,222.3840949318618
2012-10-28 17:00:00,183.4086770735216
2012-10-28 18:00:00,77.40185599012626
2012-10-28 19:00:00,69.61431980614184
2012-10-28 20:00:00,50.153181645542794
2012-10-28 21:00:00,48.05737619320691
2012-10-28 22:00:00,41.29438379837182
2012-10-28 23:00:00,30.295824875169124
2012-10-29 00:00:00,16.54931914967464
2012-10-30 13:00:00,91.89518969409217
2012-10-30 14:00:00,78.52831006110239
2012-10-30 15:00:00,72.47794195023592
2012-10-30 16:00:00,108.61833384166711
2012-10-30 17:00:00,212.83897365975037
2012-10-30 18:00:00,219.50748313440891
2012-10-30 19:00:00,350.65522858408025
2012-10-30 20:00:00,162.18898886351184
2012-10-30 21:00:00,124.30758598767552
2012-10-30 22:00:00,100.14639543151895
2012-10-30 23:00:00,66.15724818929273
2012-10-31 00:00:00,31.31520893197331
2012-10-31 01:00:00,13.720283081128791
2012-10-31 02:00:00,6.141754081046295
2012-10-31 03:00:00,4.4023863737200175
2012-10-31 04:00:00,4.938911916874201
2012-10-31 05:00:00,24.70977064859466
2012-10-31 06:00:00,104.76594671246768
2012-10-31 07:00:00,284.8602198827389
2012-10-31 08:00:00,544.1052753297088
2012-10-31 09:00:00,286.93594284493673
2012-10-31 10:00:00,146.32773782144596
2012-10-31 11:00:00,167.59433522787768
2012-10-31 12:00:00,237.20671536132951
2012-10-31 13:00:00,249.38419599566328
2012-10-31 14:00:00,192.33278566930514
2012-10-31 15:00:00,227.25146820767344
2012-10-31 16:00:00,320.2272743259065
2012-10-31 17:00:00,519.1450922501591
2012-10-31 18:00:00,511.03999340231564
2012-10-31 19:00:00,367.37018571040653
2012-10-31 20:00:00,264.9157684822412
2012-10-31 21:00:00,201.61224729052984
2012-10-31 22:00:00,154.41975635155953
2012-10-31 23:00:00,100.79387404075894
2012-11-20 00:00:00,38.14126370949373
2012-11-20 01:00:00,16.78801708851701
2012-11-20 02:00:00,7.4608474628067745
2012-11-20 03:00:00,5.814174516565143
2012-11-20 04:00:00,7.091608556835065
2012-11-20 05:00:00,31.17807168081924
2012-11-20 06:00:00,139.16539880778402
2012-11-20 07:00:00,342.322070213341
2012-11-20 08:00:00,635.539639007741
2012-11-20 09:00:00,270.5313209305365
2012-11-20 10:00:00,144.62087966231502
2012-11-20 11:00:00,168.3412904183329
2012-11-20 12:00:00,204.67198281934935
2012-11-20 13:00:00,196.38785647732078
2012-11-20 14:00:00,173.80625564728672
2012-11-20 15:00:00,179.70895339678825
2012-11-20 16:00:00,294.7633555126716
2012-11-20 17:00:00,506.8649472551211
2012-11-20 18:00:00,465.3306000672934
2012-11-20 19:00:00,328.97570199117996
2012-11-20 20:00:00,209.72085577416388
2012-11-20 21:00:00,181.16468109260393
2012-11-20 22:00:00,138.73217880606632
2012-11-20 23:00:00,69.42914308386236
2012-11-21 00:00:00,30.779490401614417
2012-11-21 01:00:00,14.103701791353835
2012-11-21 02:00:00,5.960105938637031
2012-11-21 03:00:00,4.136623349468994
2012-11-21 04:00:00,5.196090569007108
2012-11-21 05:00:00,22.79271844825566
2012-11-21 06:00:00,99.64978363388005
2012-11-21 07:00:00,258.2079226386083
2012-11-21 08:00:00,586.8200358016367
2012-11-21 09:00:00,292.76068309304134
2012-11-21 10:00:00,141.94648796897812
2012-11-21 11:00:00,181.4626500862755
2012-11-21 12:00:00,253.05421007260082
2012-11-21 13:00:00,246.1572095788076
2012-11-21 14:00:00,185.2559345501048
2012-11-21 15:00:00,210.8372700469931
2012-11-21 16:00:00,327.9726361934277
2012-11-21 17:00:00,596.1427358424299
2012-11-21 18:00:00,585.6310176561469
2012-11-21 19:00:00,396.79977989579
2012-11-21 20:00:00,239.89118720167116
2012-11-21 21:00:00,178.6844058237872
2012-11-21 22:00:00,140.51292209965808
2012-11-21 23:00:00,81.09000348232215
2012-11-22 00:00:00,69.43699777599396
2012-11-22 01:00:00,36.286881593523375
2012-11-22 02:00:00,20.811202004819755
2012-11-22 03:00:00,8.948529894619897
2012-11-22 04:00:00,6.2459596950911305
2012-11-22 05:00:00,10.192186182655439
2012-11-22 06:00:00,32.089764021895185
2012-11-22 07:00:00,76.72295574556139
2012-11-22 08:00:00,179.00521110150055
2012-11-22 09:00:00,233.41740080705355
2012-11-22 10:00:00,235.78478812008888
2012-11-22 11:00:00,350.1471405522112
2012-11-22 12:00:00,368.37756058534706
2012-11-22 13:00:00,340.7206467614235
2012-11-22 14:00:00,313.64821209838357
2012-11-22 15:00:00,309.88760308699403
2012-11-22 16:00:00,340.41161654360326
2012-11-22 17:00:00,388.90748285456266
2012-11-22 18:00:00,366.89084628137545
2012-11-22 19:00:00,252.88057067981794
2012-11-22 20:00:00,207.71529154543404
2012-11-22 21:00:00,167.6617034520082
2012-11-22 22:00:00,124.44416642222387
2012-11-22 23:00:00,77.89619864979447
2012-11-23 00:00:00,31.734530003755115
2012-11-23 01:00:00,13.352728293629035
2012-11-23 02:00:00,5.9276946920032225
2012-11-23 03:00:00,4.19845879486647
2012-11-23 04:00:00,5.221588765829651
2012-11-23 05:00:00,18.655257335930905
2012-11-23 06:00:00,81.6386969492693
2012-11-23 07:00:00,237.05064537969548
2012-11-23 08:00:00,451.76341774274687
2012-11-23 09:00:00,284.8779491105699
2012-11-23 10:00:00,160.38909766932858
2012-11-23 11:00:00,184.84406749302383
2012-11-23 12:00:00,256.5082385328412
2012-11-23 13:00:00,211.71941608250106
2012-11-23 14:00:00,195.46281662924756
2012-11-23 15:00:00,207.07233853472835
2012-11-23 16:00:00,284.36174807604175
2012-11-23 17:00:00,532.8273250053463
2012-11-23 18:00:00,484.9896240861461
2012-11-23 19:00:00,334.71473159673826
2012-11-23 20:00:00,261.2703907854754
2012-11-23 21:00:00,198.17175660858328
2012-11-23 22:00:00,150.3137226825804
2012-11-23 23:00:00,104.72241843117288
2012-11-24 00:00:00,93.90879943414538
2012-11-24 01:00:00,74.39013621753193
2012-11-24 02:00:00,48.41801724524589
2012-11-24 03:00:00,24.824436423996666
2012-11-24 04:00:00,7.000827063362654
2012-11-24 05:00:00,6.642278123360962
2012-11-24 06:00:00,13.80875050469204
2012-11-24 07:00:00,41.74548432000891
2012-11-24 08:00:00,97.76016998481711
2012-11-24 09:00:00,183.2973296568327
2012-11-24 10:00:00,247.88421510631048
2012-11-24 11:00:00,285.5650609263114
2012-11-24 12:00:00,334.10260286264435
2012-11-24 13:00:00,336.67637230607676
2012-11-24 14:00:00,299.6767761272214
2012-11-24 15:00:00,307.803353055078
2012-11-24 16:00:00,294.59365391732047
2012-11-24 17:00:00,247.14473099253146
2012-11-24 18:00:00,211.0768839065006
2012-11-24 19:00:00,181.93784737115362
2012-11-24 20:00:00,114.09325107916064
2012-11-24 21:00:00,104.63167494906327
2012-11-24 22:00:00,84.81544659254
2012-11-24 23:00:00,65.33468345730454
2012-11-25 00:00:00,63.45054384074511
2012-11-25 01:00:00,54.83897380489813
2012-11-25 02:00:00,36.92526868222395
2012-11-25 03:00:00,19.28406887251222
2012-11-25 04:00:00,6.149642995921025
2012-11-25 05:00:00,6.5170171681262286
2012-11-25 06:00:00,14.731457300357196
2012-11-25 07:00:00,38.057482010350455
2012-11-25 08:00:00,83.2044628344903
2012-11-25 09:00:00,173.74277483568721
2012-11-25 10:00:00,215.77964089718378
2012-11-25 11:00:00,282.4947629537029
2012-11-25 12:00:00,332.62765710268644
2012-11-25 13:00:00,376.04724454515383
2012-11-25 14:00:00,346.8111857240173
2012-11-25 15:00:00,325.24843467366054
2012-11-25 16:00:00,322.82901629832025
2012-11-25 17:00:00,281.8524619358438
2012-11-25 18:00:00,214.78772131841777
2012-11-25 19:00:00,165.92702966404357
2012-11-25 20:00:00,110.01790834939612
2012-11-25 21:00:00,104.08557291976749
2012-11-25 22:00:00,78.18950756021117
2012-11-25 23:00:00,55.32488895411381
2012-11-26 00:00:00,22.669506872907643
2012-11-26 01:00:00,9.314081660038871
2012-11-26 02:00:00,4.2820410972559815
2012-11-26 03:00:00,3.056970850247036
2012-11-26 04:00:00,4.128494077320823
2012-11-26 05:00:00,20.429365443750783
2012-11-26 06:00:00,78.39220969404523
2012-11-26 07:00:00,234.6047433695284
2012-11-26 08:00:00,420.15164592368035
2012-11-26 09:00:00,280.344274705743
2012-11-26 10:00:00,151.880315721314
2012-11-26 11:00:00,189.63360560287887
2012-11-26 12:00:00,260.93969536173313
2012-11-26 13:00:00,246.42912432248036
2012-11-26 14:00:00,206.9256148892244
2012-11-26 15:00:00,230.00784432789058
2012-11-26 16:00:00,298.23548185138014
2012-11-26 17:00:00,594.3400807527373
2012-11-26 18:00:00,472.2411632660994
2012-11-26 19:00:00,335.04265434252255
2012-11-26 20:00:00,228.0503610440302
2012-11-26 21:00:00,178.11326956497103
2012-11-26 22:00:00,124.90168050457602
2012-11-26 23:00:00,84.77972910328482
2012-11-27 00:00:00,36.77413818370476
2012-11-27 01:00:00,16.794260878265113
2012-11-27 02:00:00,7.684815963927838
2012-11-27 03:00:00,4.392311947844173
2012-11-27 04:00:00,5.059118853760065
2012-11-27 05:00:00,25.240666874385465
2012-11-27 06:00:00,112.692062644815
2012-11-27 07:00:00,212.57450732383126
2012-11-27 08:00:00,400.563845307943
2012-11-27 09:00:00,293.56162011344304
2012-11-27 10:00:00,86.46223906770443
2012-11-27 11:00:00,60.18416207059096
2012-11-27 12:00:00,57.18486208093333
2012-11-27 13:00:00,69.66344387055801
2012-11-27 14:00:00,46.88244415503765
2012-11-27 15:00:00,136.92023823430284
2012-11-27 16:00:00,198.97131386722015
2012-11-27 17:00:00,374.2145315545093
2012-11-27 18:00:00,289.83096609509283
2012-11-27 19:00:00,218.59951110156223
2012-11-27 20:00:00,148.7108435926935
2012-11-27 21:00:00,94.78503330977757
2012-11-27 22:00:00,83.24219980971233
2012-11-27 23:00:00,58.13426541188365
2012-11-28 00:00:00,31.49193130545959
2012-11-28 01:00:00,13.356754465348434
2012-11-28 02:00:00,6.0710448297321875
2012-11-28 03:00:00,4.19409130683793
2012-11-28 04:00:00,5.54776350364341
2012-11-28 05:00:00,25.623021949305073
2012-11-28 06:00:00,109.96290814169777
2012-11-28 07:00:00,314.7988477990866
2012-11-28 08:00:00,532.479081441179
2012-11-28 09:00:00,288.7606806393488
2012-11-28 10:00:00,156.97800102377718
2012-11-28 11:00:00,163.6287806953566
2012-11-28 12:00:00,211.41255252430943
2012-11-28 13:00:00,219.53232448801285
2012-11-28 14:00:00,174.87400989846245
2012-11-28 15:00:00,176.25426234963498
2012-11-28 16:00:00,288.71465930894135
2012-11-28 17:00:00,518.1495972910452
2012-11-28 18:00:00,415.0581493131085
2012-11-28 19:00:00,329.55719994272994
2012-11-28 20:00:00,239.27093300212482
2012-11-28 21:00:00,174.5744171103341
2012-11-28 22:00:00,130.3559160330278
2012-11-28 23:00:00,72.81784373969934
2012-11-29 00:00:00,28.697628099781426
2012-11-29 01:00:00,10.290659976254101
2012-11-29 02:00:00,4.324360164461598
2012-11-29 04:00:00,4.484219850563057
2012-11-29 05:00:00,17.37054220015864
2012-11-29 06:00:00,79.70133030549627
2012-11-29 07:00:00,199.63431600433583
2012-11-29 08:00:00,458.19484677130646
2012-11-29 09:00:00,226.74555860403328
2012-11-29 10:00:00,139.2459841453964
2012-11-29 11:00:00,179.45932363031744
2012-11-29 12:00:00,219.5023213481477
2012-11-29 13:00:00,234.47604740543053
2012-11-29 14:00:00,179.58110681730238
2012-11-29 15:00:00,186.66739662869438
2012-11-29 16:00:00,292.130025848763
2012-11-29 17:00:00,534.5655900420451
2012-11-29 18:00:00,423.32810798893684
2012-11-29 19:00:00,311.5015265512434
2012-11-29 20:00:00,222.999839383392
2012-11-29 21:00:00,135.40138432217825
2012-11-29 22:00:00,109.97072039029872
2012-11-29 23:00:00,74.53745943432409
2012-11-30 00:00:00,32.883066146897164
2012-11-30 01:00:00,12.14290423375239
2012-11-30 02:00:00,5.167182008153357
2012-11-30 03:00:00,3.7109762246714872
2012-11-30 04:00:00,4.159649607808432
2012-11-30 05:00:00,15.550271294121726
2012-11-30 06:00:00,61.41221007144464
2012-11-30 07:00:00,206.70526609260043
2012-11-30 08:00:00,415.781854184556
2012-11-30 09:00:00,238.7839191379673
2012-11-30 10:00:00,147.0352248685385
2012-11-30 11:00:00,175.2029501315947
2012-11-30 12:00:00,218.53636832837466
2012-11-30 13:00:00,225.66317620964148
2012-11-30 14:00:00,192.33780530628528
2012-11-30 15:00:00,217.02235266846108
2012-11-30 16:00:00,327.2814038363379
2012-11-30 17:00:00,493.5440587113632
2012-11-30 18:00:00,476.3193862372833
2012-11-30 19:00:00,278.9409836110654
2012-11-30 20:00:00,199.5460122725493
2012-11-30 21:00:00,144.01369708500525
2012-11-30 22:00:00,111.94074577185893
2012-11-30 23:00:00,77.24997992790739
2012-12-20 00:00:00,34.467178423556774
2012-12-20 01:00:00,13.500659208095284
2012-12-20 02:00:00,5.977425475035211
2012-12-20 03:00:00,5.374361439698292
2012-12-20 04:00:00,6.739197810494946
2012-12-20 05:00:00,30.734184859448884
2012-12-20 06:00:00,110.61551330436491
2012-12-20 07:00:00,333.5523547116691
2012-12-20 08:00:00,605.4418467386643
2012-12-20 09:00:00,285.64525227144657
2012-12-20 10:00:00,139.03509186628668
2012-12-20 11:00:00,152.05534331253122
2012-12-20 12:00:00,214.39322379317164
2012-12-20 13:00:00,199.5273442705167
2012-12-20 14:00:00,176.75023539274227
2012-12-20 15:00:00,169.48668175387516
2012-12-20 16:00:00,231.23152762201113
2012-12-20 17:00:00,452.1623298725279
2012-12-20 18:00:00,456.22471459345013
2012-12-20 19:00:00,218.7015026014143
2012-12-20 20:00:00,155.17816801028087
2012-12-20 21:00:00,118.63105600650397
2012-12-20 22:00:00,64.53615127322998
2012-12-20 23:00:00,46.50193559928423
2012-12-21 00:00:00,12.49310177742603
2012-12-21 01:00:00,4.967940614686493
2012-12-21 02:00:00,2.5651590883831044
2012-12-21 03:00:00,1.4584464836949376
2012-12-21 04:00:00,2.9585688868464213
2012-12-21 05:00:00,14.664268646507225
2012-12-21 06:00:00,63.23224016063256
2012-12-21 07:00:00,181.4641617848231
2012-12-21 08:00:00,339.8697836096963
2012-12-21 09:00:00,174.0262458825071
2012-12-21 10:00:00,85.03481221257064
2012-12-21 11:00:00,84.4219267641523
2012-12-21 12:00:00,109.38755783422245
2012-12-21 13:00:00,101.44599924292793
2012-12-21 14:00:00,85.409895792541775
2012-12-21 15:00:00,95.61461094141846
2012-12-21 16:00:00,140.191308200429
2012-12-21 17:00:00,219.20743053566332
2012-12-21 18:00:00,213.18810915275213
2012-12-21 19:00:00,151.73371966567106
2012-12-21 20:00:00,118.9108388124729
2012-12-21 21:00:00,81.94096993016417
2012-12-21 22:00:00,61.85035338174736
2012-12-21 23:00:00,41.46592699642858
2012-12-22 00:00:00,33.888495548823606
2012-12-22 01:00:00,29.69649201884121
2012-12-22 02:00:00,22.297983272499028
2012-12-22 03:00:00,9.92377242073701
2012-12-22 04:00:00,3.34360123447355
2012-12-22 05:00:00,2.9786539332933573
2012-12-22 06:00:00,5.293611912706425
2012-12-22 07:00:00,15.242203206450014
2012-12-22 08:00:00,34.657215843351175
2012-12-22 09:00:00,70.75951061061627
2012-12-22 10:00:00,109.4361226107748
2012-12-22 11:00:00,139.20933537401967
2012-12-22 12:00:00,161.82439595255744
2012-12-22 13:00:00,163.81048813335244
2012-12-22 14:00:00,151.47239921964177
2012-12-22 15:00:00,144.54985974817825
2012-12-22 16:00:00,141.64702734295355
2012-12-22 17:00:00,111.52432664199527
2012-12-22 18:00:00,91.88020192840318
2012-12-22 19:00:00,67.33541957976469
2012-12-22 20:00:00,63.5311091094728
2012-12-22 21:00:00,38.01210175325239
2012-12-22 22:00:00,32.6415358912562
2012-12-22 23:00:00,26.184796470736305
2012-12-23 00:00:00,28.580796822000444
2012-12-23 01:00:00,25.825672059498295
2012-12-23 02:00:00,19.617854716518124
2012-12-23 03:00:00,9.960312361777385
2012-12-23 04:00:00,3.1544393824937753
2012-12-23 05:00:00,2.507132993001396
2012-12-23 06:00:00,4.085853177568125
2012-12-23 07:00:00,12.017017167762294
2012-12-23 08:00:00,31.20053604549522
2012-12-23 09:00:00,66.69352343532242
2012-12-23 10:00:00,92.96814846912655
2012-12-23 11:00:00,127.47816661898415
2012-12-23 12:00:00,179.30917264708387
2012-12-23 13:00:00,181.15747589116765
2012-12-23 14:00:00,154.86038613737207
2012-12-23 15:00:00,212.0414583675347
2012-12-23 16:00:00,167.95612699133778
2012-12-23 17:00:00,115.66238044698972
2012-12-23 18:00:00,115.79625627146017
2012-12-23 19:00:00,101.8878835659073
2012-12-23 20:00:00,62.98992286862985
2012-12-23 21:00:00,55.69609975017146
2012-12-23 22:00:00,44.89303389900446
2012-12-23 23:00:00,32.19047879406918
2012-12-24 00:00:00,14.896919025670863
2012-12-24 01:00:00,6.225515804501304
2012-12-24 02:00:00,3.1169665172311687
2012-12-24 03:00:00,1.9487582583797454
2012-12-24 05:00:00,10.590157303665759
2012-12-24 06:00:00,50.15061338868753
2012-12-24 07:00:00,136.720661561864
2012-12-24 08:00:00,278.0046109693445
2012-12-24 09:00:00,158.44071601676433
2012-12-24 10:00:00,74.74670793597342
2012-12-24 11:00:00,77.69523790880902
2012-12-24 12:00:00,106.54936248813644
2012-12-24 13:00:00,65.65680050303979
2012-12-24 14:00:00,45.820953329460714
2012-12-24 15:00:00,44.36707726689304
2012-12-24 16:00:00,65.38576994184987
2012-12-24 17:00:00,127.71766937260526
2012-12-24 18:00:00,113.22440996174379
2012-12-24 19:00:00,129.4809490617201
2012-12-24 20:00:00,57.391037397437685
2012-12-24 21:00:00,42.07099088528372
2012-12-24 22:00:00,45.731466131598665
2012-12-24 23:00:00,20.334917809027097
2012-12-25 00:00:00,19.212923419058722
2012-12-25 01:00:00,17.969779888915976
2012-12-25 02:00:00,12.24187039659083
2012-12-25 04:00:00,4.088657372203857
2012-12-25 05:00:00,4.521835642609011
2012-12-25 06:00:00,12.924515198319655
2012-12-25 07:00:00,30.17211768490149
2012-12-25 08:00:00,71.60088628120961
2012-12-25 09:00:00,98.3689534518387
2012-12-25 10:00:00,132.4539515461405
2012-12-25 11:00:00,157.97403638012022
2012-12-25 12:00:00,160.16520278306652
2012-12-25 13:00:00,163.32545999847008
2012-12-25 14:00:00,163.90603823292656
2012-12-25 15:00:00,146.35849250482192
2012-12-25 16:00:00,152.3700237138083
2012-12-25 17:00:00,131.8324295211471
2012-12-25 18:00:00,120.98611802174202
2012-12-25 19:00:00,114.39124625684968
2012-12-25 20:00:00,73.84787621230876
2012-12-25 21:00:00,64.93717071086782
2012-12-25 22:00:00,68.8816122355599
2012-12-25 23:00:00,31.74493296378523
2012-12-26 00:00:00,17.270939572765563
2012-12-26 01:00:00,6.494568988562884
2012-12-26 02:00:00,3.451967152130984
2012-12-26 03:00:00,2.0745906493993336
2012-12-26 04:00:00,1.7322787308222911
2012-12-26 05:00:00,9.649930467356059
2012-12-26 06:00:00,49.71857723786657
2012-12-26 07:00:00,66.46650285070399
2012-12-26 08:00:00,133.1820121925854
2012-12-26 09:00:00,70.13136655185245
2012-12-26 10:00:00,27.401983795132935
2012-12-26 11:00:00,26.63187076707004
2012-12-26 12:00:00,33.86337390708431
2012-12-26 13:00:00,31.805673515845495
2012-12-26 14:00:00,26.66696567310052
2012-12-26 15:00:00,33.86975639683736
2012-12-26 16:00:00,48.59079844356945
2012-12-26 17:00:00,84.90272834505822
2012-12-26 18:00:00,87.55050939979557
2012-12-26 19:00:00,90.13423032470082
2012-12-26 20:00:00,53.663327802496696
2012-12-26 21:00:00,68.83506852459949
2012-12-26 22:00:00,18.98702205604308
2012-12-26 23:00:00,19.198206030029464
2012-12-27 00:00:00,9.94783149393252
2012-12-27 01:00:00,2.8883594848049348
2012-12-27 02:00:00,2.1930674172359836
2012-12-27 03:00:00,2.0766157896326654
2012-12-27 04:00:00,1.8780847969417862
2012-12-27 05:00:00,13.070383541849344
2012-12-27 06:00:00,46.94202999669255
2012-12-27 07:00:00,176.6890476827921
2012-12-27 08:00:00,336.514729650972
2012-12-27 09:00:00,182.28648846995443
2012-12-27 10:00:00,80.46493494756828
2012-12-27 11:00:00,80.07259752230193
2012-12-27 12:00:00,99.20246842375157
2012-12-27 13:00:00,95.30637869330279
2012-12-27 14:00:00,74.02173885482318
2012-12-27 15:00:00,80.7113859051169
2012-12-27 16:00:00,123.859958590514
2012-12-27 17:00:00,226.03837943599208
2012-12-27 18:00:00,207.62984577225703
2012-12-27 19:00:00,137.66367243462656
2012-12-27 20:00:00,97.79680950452682
2012-12-27 21:00:00,71.83705619980304
2012-12-27 22:00:00,53.6876560040335
2012-12-27 23:00:00,36.15150960504973
2012-12-28 00:00:00,15.491292348218767
2012-12-28 01:00:00,6.869595921660088
2012-12-28 02:00:00,3.5306178969673585
2012-12-28 03:00:00,2.0417837132789964
2012-12-28 04:00:00,2.309608856825397
2012-12-28 05:00:00,12.15764809427487
2012-12-28 06:00:00,44.52502216880302
2012-12-28 07:00:00,147.00621256352815
2012-12-28 08:00:00,347.34733168424066
2012-12-28 09:00:00,164.01677253675317
2012-12-28 10:00:00,82.43779150086934
2012-12-28 11:00:00,84.05807264738435
2012-12-28 12:00:00,113.77845472668695
2012-12-28 13:00:00,110.7378474034138
2012-12-28 14:00:00,94.37461343564154
2012-12-28 15:00:00,98.88753858467824
2012-12-28 16:00:00,151.3204069850997
2012-12-28 17:00:00,236.21025907956843
2012-12-28 18:00:00,221.7165497610381
2012-12-28 19:00:00,144.8988468307679
2012-12-28 20:00:00,94.77701351571852
2012-12-28 21:00:00,85.25875426277207
2012-12-28 22:00:00,65.14355925866023
2012-12-28 23:00:00,36.252755180879376
2012-12-29 00:00:00,42.100750725693324
2012-12-29 01:00:00,37.438151903172
2012-12-29 02:00:00,28.117804144408254
2012-12-29 03:00:00,13.036813691339539
2012-12-29 04:00:00,4.209586753590324
2012-12-29 05:00:00,4.10255225661063
2012-12-29 06:00:00,7.069547116144776
2012-12-29 07:00:00,20.615058767918793
2012-12-29 08:00:00,55.238236233934735
2012-12-29 09:00:00,99.32013847182424
2012-12-29 10:00:00,109.63822322094694
2012-12-29 11:00:00,59.37868392110903
2012-12-29 12:00:00,49.08769092873446
2012-12-29 13:00:00,49.17959020189726
2012-12-29 14:00:00,145.22738869895005
2012-12-29 15:00:00,140.02753034648467
2012-12-29 16:00:00,189.11458119111185
2012-12-29 17:00:00,153.14025526529923
2012-12-29 18:00:00,124.33745642940025
2012-12-29 19:00:00,98.48466003952777
2012-12-29 20:00:00,63.05991611922118
2012-12-29 21:00:00,51.65369440546765
2012-12-29 22:00:00,38.282229085999525
2012-12-29 23:00:00,38.975541332565854
2012-12-30 00:00:00,38.39635505003439
2012-12-30 01:00:00,27.90126145272642
2012-12-30 02:00:00,22.446380912570227
2012-12-30 03:00:00,10.42237501045963
2012-12-30 04:00:00,3.2686988066570795
2012-12-30 05:00:00,2.8910756260488166
2012-12-30 06:00:00,4.235961695922924
2012-12-30 07:00:00,13.541688757923895
2012-12-30 08:00:00,30.297765147192635
2012-12-30 09:00:00,63.83010941157012
2012-12-30 10:00:00,111.96174022893214
2012-12-30 11:00:00,133.1768466152823
2012-12-30 12:00:00,164.97409713144378
2012-12-30 13:00:00,164.54176116040563
2012-12-30 14:00:00,152.96636694215326
2012-12-30 15:00:00,149.10033497586275
2012-12-30 16:00:00,155.38952693895027
2012-12-30 17:00:00,116.86372349974334
2012-12-30 18:00:00,86.8767265578682
2012-12-30 19:00:00,108.06994570326583
2012-12-30 20:00:00,44.737685178768224
2012-12-30 21:00:00,42.30724217689521
2012-12-30 22:00:00,30.839534219394125
2012-12-30 23:00:00,23.586687646473266
2012-12-31 00:00:00,11.716639681985416
2012-12-31 01:00:00,4.8684625228130605
2012-12-31 02:00:00,2.415762287381581
2012-12-31 03:00:00,1.499775288100077
2012-12-31 04:00:00,1.7462085323755514
2012-12-31 05:00:00,7.898225457620443
2012-12-31 06:00:00,38.42215785428416
2012-12-31 07:00:00,125.3748839533843
2012-12-31 08:00:00,260.3257900989986
2012-12-31 09:00:00,147.87146519986175
2012-12-31 10:00:00,66.4046766033805
2012-12-31 11:00:00,63.228452099545635
2012-12-31 12:00:00,89.65561362077047
2012-12-31 13:00:00,98.82464789832069
2012-12-31 14:00:00,86.1290506624746
2012-12-31 15:00:00,98.2420061092737
2012-12-31 16:00:00,125.57848402460057
2012-12-31 17:00:00,216.70214775527995
2012-12-31 18:00:00,210.01475353740304
2012-12-31 19:00:00,142.12926959669855
2012-12-31 20:00:00,102.30395823658966
2012-12-31 21:00:00,79.84239349231093
2012-12-31 22:00:00,63.48706257074031
2012-12-31 23:00:00,41.507151087520135
