datetime,count
2011-01-20 00:00:00,18.85849977135304
2011-01-20 01:00:00,8.084688405817634
2011-01-20 02:00:00,4.276058303318343
2011-01-20 03:00:00,2.712192263008411
2011-01-20 04:00:00,2.4416688139296414
2011-01-20 05:00:00,13.35025180368277
2011-01-20 06:00:00,58.13467976141584
2011-01-20 07:00:00,151.57208368029046
2011-01-20 08:00:00,288.3839286937335
2011-01-20 09:00:00,190.03088422949358
2011-01-20 10:00:00,87.19030585480984
2011-01-20 11:00:00,107.5282298594728
2011-01-20 12:00:00,127.76142788975
2011-01-20 13:00:00,109.00197943839754
2011-01-20 14:00:00,93.11128223894654
2011-01-20 15:00:00,89.82025943461622
2011-01-20 16:00:00,145.41898675383044
2011-01-20 17:00:00,273.0577209746117
2011-01-20 18:00:00,226.13456515151165
2011-01-20 19:00:00,160.0116221018395
2011-01-20 20:00:00,122.12799009996743
2011-01-20 21:00:00,91.14449150916487
2011-01-20 22:00:00,54.21532055053326
2011-01-20 23:00:00,33.02208290346456
2011-01-21 00:00:00,19.43769471143638
2011-01-21 01:00:00,9.612567681244354
2011-01-21 02:00:00,5.8786224218335805
2011-01-21 03:00:00,2.046870498952135
2011-01-21 04:00:00,2.373023874951712
2011-01-21 05:00:00,12.45336778691421
2011-01-21 06:00:00,42.81675428885115
2011-01-21 07:00:00,99.58893653480801
2011-01-21 08:00:00,212.7165561942835
2011-01-21 09:00:00,119.88955540269205
2011-01-21 10:00:00,71.85500962984644
2011-01-21 11:00:00,77.10805640140913
2011-01-21 12:00:00,80.17980138079072
2011-01-21 13:00:00,66.96424529134487
2011-01-21 14:00:00,70.04127773285894
2011-01-21 15:00:00,61.846641232742726
2011-01-21 16:00:00,78.57714512558431
2011-01-21 17:00:00,113.88191149216249
2011-01-21 18:00:00,94.23999311985348
2011-01-21 19:00:00,61.367185014769674
2011-01-21 20:00:00,45.475305197290275
2011-01-21 21:00:00,34.20610221377768
2011-01-21 22:00:00,34.78708095772691
2011-01-21 23:00:00,25.544576369439735
2011-01-22 00:00:00,28.57468423178162
2011-01-22 01:00:00,18.334118417430656
2011-01-22 02:00:00,15.567915813953004
2011-01-22 03:00:00,6.066086590589994
2011-01-22 04:00:00,1.7875355910749804
2011-01-22 06:00:00,4.783202888506852
2011-01-22 07:00:00,11.840080026830803
2011-01-22 08:00:00,32.460701301188074
2011-01-22 09:00:00,58.25478203414689
2011-01-22 10:00:00,101.98137920742013
2011-01-22 11:00:00,108.4040861716236
2011-01-22 12:00:00,125.84986226467178
2011-01-22 13:00:00,119.95503183268178
2011-01-22 14:00:00,121.24137919177511
2011-01-22 15:00:00,117.38932936996885
2011-01-22 16:00:00,106.76640554805226
2011-01-22 17:00:00,90.16227433445471
2011-01-22 18:00:00,68.7849583668817
2011-01-22 19:00:00,61.55702148387571
2011-01-22 20:00:00,50.38213192548311
2011-01-22 21:00:00,48.11765844162964
2011-01-22 22:00:00,38.18516475123395
2011-01-22 23:00:00,33.34849226806281
2011-01-23 00:00:00,38.48580049640676
2011-01-23 01:00:00,29.262227847967416
2011-01-23 02:00:00,20.089813744478544
2011-01-23 03:00:00,9.224623873608225
2011-01-23 05:00:00,2.226682324808177
2011-01-23 06:00:00,3.6285798325908147
2011-01-23 07:00:00,8.548641817818368
2011-01-23 08:00:00,21.993345064628624
2011-01-23 09:00:00,46.59372936999909
2011-01-23 10:00:00,78.79904622187418
2011-01-23 11:00:00,107.81464594750193
2011-01-23 12:00:00,111.27612344584944
2011-01-23 13:00:00,109.43329341030042
2011-01-23 14:00:00,105.13626594478157
2011-01-23 15:00:00,102.70962823689419
2011-01-23 16:00:00,102.47529808742604
2011-01-23 17:00:00,81.23185741919913
2011-01-23 18:00:00,66.75295592699334
2011-01-23 19:00:00,48.050604425133656
2011-01-23 20:00:00,38.68748351944261
2011-01-23 21:00:00,32.67538744793007
2011-01-23 22:00:00,25.08214018867752
2011-01-23 23:00:00,17.05120942127697
2011-01-24 00:00:00,8.254345039564196
2011-01-24 01:00:00,3.6136911368588014
2011-01-24 03:00:00,1.335906132125234
2011-01-24 04:00:00,1.8837766781683183
2011-01-24 05:00:00,8.149358714215873
2011-01-24 06:00:00,39.85749132684122
2011-01-24 07:00:00,108.38122269415773
2011-01-24 08:00:00,210.29294299496945
2011-01-24 09:00:00,116.03715336979057
2011-01-24 10:00:00,54.47071467618304
2011-01-24 11:00:00,54.18913124399487
2011-01-24 12:00:00,66.08458305374158
2011-01-24 13:00:00,65.04281203754095
2011-01-24 14:00:00,54.69747758865788
2011-01-24 15:00:00,72.5547156781086
2011-01-24 16:00:00,85.76976370249925
2011-01-24 17:00:00,152.33182771709335
2011-01-24 18:00:00,147.71932265370714
2011-01-24 19:00:00,120.44624765432566
2011-01-24 20:00:00,71.50759619690422
2011-01-24 21:00:00,48.350588813377264
2011-01-24 22:00:00,32.45148833185041
2011-01-24 23:00:00,17.87103110428173
2011-01-25 00:00:00,7.539558132902431
2011-01-25 01:00:00,3.1821227429504355
2011-01-25 02:00:00,1.8328625524166795
2011-01-25 04:00:00,1.6185431855217516
2011-01-25 05:00:00,7.24789609172845
2011-01-25 06:00:00,45.01850152169933
2011-01-25 07:00:00,113.79886436471931
2011-01-25 08:00:00,215.94621244253455
2011-01-25 09:00:00,126.50911276145283
2011-01-25 10:00:00,71.56415521719383
2011-01-25 11:00:00,76.37968735002941
2011-01-25 12:00:00,83.82063534207897
2011-01-25 13:00:00,84.62930396827484
2011-01-25 14:00:00,93.63410168685205
2011-01-25 15:00:00,106.40343784969701
2011-01-25 16:00:00,152.2232796381041
2011-01-25 17:00:00,296.5630034806427
2011-01-25 18:00:00,236.76622992503653
2011-01-25 19:00:00,138.70145583506218
2011-01-25 20:00:00,79.92772058502224
2011-01-25 21:00:00,62.193071008185804
2011-01-25 22:00:00,38.604227005436286
2011-01-25 23:00:00,26.01397113063309
2011-01-26 00:00:00,12.926686044667331
2011-01-26 01:00:00,6.423257917998136
2011-01-26 02:00:00,2.5507954691121406
2011-01-26 05:00:00,5.209438837188231
2011-01-26 06:00:00,24.448336661017063
2011-01-26 07:00:00,87.37712774784256
2011-01-26 08:00:00,151.37301653069946
2011-01-26 09:00:00,78.58556123998218
2011-01-26 10:00:00,23.842770234535383
2011-01-26 11:00:00,18.260600514209745
2011-01-26 12:00:00,19.21473217512885
2011-01-26 13:00:00,17.477499599924087
2011-01-26 14:00:00,14.773672065403092
2011-01-26 15:00:00,14.825172843625776
2011-01-26 16:00:00,26.966785374362473
2011-01-26 17:00:00,49.05946286181846
2011-01-27 16:00:00,100.66725443481427
2011-01-27 17:00:00,209.49359072405423
2011-01-27 18:00:00,173.660620324112
2011-01-27 19:00:00,121.80568630152463
2011-01-27 20:00:00,86.70305902125232
2011-01-27 21:00:00,74.77443342880089
2011-01-27 22:00:00,61.05029602269066
2011-01-27 23:00:00,36.42190806169706
2011-01-28 00:00:00,16.897102536505415
2011-01-28 01:00:00,8.44152527611195
2011-01-28 02:00:00,4.159870300121441
2011-01-28 03:00:00,2.6701961740659725
2011-01-28 05:00:00,9.468640134936871
2011-01-28 06:00:00,35.374321281246054
2011-01-28 07:00:00,90.34115993454029
2011-01-28 08:00:00,186.85879170943065
2011-01-28 09:00:00,89.94898475709921
2011-01-28 10:00:00,43.94702009819878
2011-01-28 11:00:00,34.49583870394484
2011-01-28 12:00:00,36.08434367658102
2011-01-28 13:00:00,33.708295497830335
2011-01-28 14:00:00,45.5774586153737
2011-01-28 15:00:00,63.85097173474083
2011-01-28 16:00:00,102.793403918789
2011-01-28 17:00:00,239.2323319083975
2011-01-28 18:00:00,189.05565431638647
2011-01-28 19:00:00,135.84914169798606
2011-01-28 20:00:00,88.87915347981456
2011-01-28 21:00:00,65.56718089435593
2011-01-28 22:00:00,64.80696447613262
2011-01-28 23:00:00,54.931445425941426
2011-01-29 00:00:00,30.656417179189422
2011-01-29 01:00:00,26.928447747643318
2011-01-29 02:00:00,22.33758881282113
2011-01-29 03:00:00,9.632024177170344
2011-01-29 04:00:00,2.356854472165227
2011-01-29 06:00:00,5.289182378631048
2011-01-29 07:00:00,15.215414024778672
2011-01-29 08:00:00,37.91222933294158
2011-01-29 09:00:00,78.09094451330164
2011-01-29 10:00:00,95.96622400417928
2011-01-29 11:00:00,91.06470312010343
2011-01-29 12:00:00,103.4909537941845
2011-01-29 13:00:00,153.7662599958959
2011-01-29 14:00:00,151.12403956652201
2011-01-29 15:00:00,118.65854924823677
2011-01-29 16:00:00,160.47021831390592
2011-01-29 17:00:00,108.86621808479696
2011-01-29 18:00:00,94.80668957979998
2011-01-29 19:00:00,62.859944071854414
2011-01-29 20:00:00,58.30749170186746
2011-01-29 21:00:00,55.99152998463915
2011-01-29 22:00:00,49.27907588051527
2011-01-29 23:00:00,40.83600872888551
2011-01-30 00:00:00,44.57352604954411
2011-01-30 01:00:00,31.63438767508813
2011-01-30 02:00:00,27.05584038275546
2011-01-30 03:00:00,9.854492280825042
2011-01-30 04:00:00,2.355453671815223
2011-01-30 05:00:00,2.152611345758977
2011-01-30 07:00:00,10.068719091924288
2011-01-30 08:00:00,26.82078493608306
2011-01-30 09:00:00,71.26056697355152
2011-01-30 10:00:00,102.56496833809165
2011-01-30 11:00:00,101.597552610489
2011-01-30 12:00:00,203.93194018070298
2011-01-30 13:00:00,161.07010129820353
2011-01-30 14:00:00,151.46143879694714
2011-01-30 15:00:00,160.80069473048255
2011-01-30 16:00:00,152.9292188441171
2011-01-30 17:00:00,134.17740911556683
2011-01-30 18:00:00,89.23514306992946
2011-01-30 19:00:00,67.0494605496858
2011-01-30 20:00:00,62.89560484066087
2011-01-30 21:00:00,60.26085248050845
2011-01-30 22:00:00,44.38826102459051
2011-01-30 23:00:00,20.51266071142278
2011-01-31 00:00:00,12.233152432015194
2011-01-31 01:00:00,3.8795530085729286
2011-01-31 02:00:00,2.524065387045186
2011-01-31 03:00:00,1.7356683458836137
2011-01-31 04:00:00,1.8025309044543099
2011-01-31 05:00:00,5.972265414719632
2011-01-31 06:00:00,27.325380267351512
2011-01-31 07:00:00,82.09666311199338
2011-01-31 08:00:00,180.09336028925293
2011-01-31 09:00:00,96.39667943877731
2011-01-31 10:00:00,49.4710712866501
2011-01-31 11:00:00,46.588059804621004
2011-01-31 12:00:00,71.59535105598084
2011-01-31 13:00:00,69.54820219390527
2011-01-31 14:00:00,51.95434973027982
2011-01-31 15:00:00,56.29310191063248
2011-01-31 16:00:00,82.3524910874545
2011-01-31 17:00:00,154.86426618091042
2011-01-31 18:00:00,157.1896074380379
2011-01-31 19:00:00,174.81714995144705
2011-01-31 20:00:00,73.15022256161755
2011-01-31 21:00:00,50.96866244258682
2011-01-31 22:00:00,37.1915332873626
2011-01-31 23:00:00,18.609154697795333
2011-02-20 00:00:00,37.102883215592385
2011-02-20 01:00:00,28.593095665693095
2011-02-20 02:00:00,23.867108467947066
2011-02-20 03:00:00,9.578848441232369
2011-02-20 04:00:00,2.4391210835115364
2011-02-20 06:00:00,3.5061515987881537
2011-02-20 07:00:00,10.382514746909115
2011-02-20 08:00:00,32.903174845609634
2011-02-20 09:00:00,61.397096062197804
2011-02-20 10:00:00,134.2992034401881
2011-02-20 11:00:00,174.4347437991272
2011-02-20 12:00:00,230.94382804723858
2011-02-20 13:00:00,220.5356480696367
2011-02-20 14:00:00,236.9835200989424
2011-02-20 15:00:00,214.6154518266962
2011-02-20 16:00:00,204.24500461003709
2011-02-20 17:00:00,186.74110050899029
2011-02-20 18:00:00,141.61790157307584
2011-02-20 19:00:00,118.91435930105526
2011-02-20 20:00:00,87.41795695165662
2011-02-20 21:00:00,62.057077390639265
2011-02-20 22:00:00,47.017336029482124
2011-02-20 23:00:00,28.50401023325813
2011-02-21 00:00:00,25.518426127262885
2011-02-21 01:00:00,16.137961148737535
2011-02-21 02:00:00,12.73892464205182
2011-02-21 03:00:00,5.782136902826435
2011-02-21 04:00:00,4.155815113081553
2011-02-21 05:00:00,5.324141774711798
2011-02-21 06:00:00,10.600465641184568
2011-02-21 07:00:00,29.246728591201773
2011-02-21 08:00:00,83.41458210022884
2011-02-21 09:00:00,106.02275550029367
2011-02-21 10:00:00,139.36310256451293
2011-02-21 11:00:00,172.4432132292054
2011-02-21 12:00:00,156.30946122251856
2011-02-21 13:00:00,79.33239201431648
2011-02-21 14:00:00,119.72998001082065
2011-02-21 15:00:00,153.7234108506535
2011-02-21 16:00:00,121.35973447247258
2011-02-21 17:00:00,150.63930138686658
2011-02-21 18:00:00,81.45155878282482
2011-02-21 19:00:00,73.50814717424103
2011-02-21 20:00:00,50.76343249649308
2011-02-21 21:00:00,31.152936869409913
2011-02-21 22:00:00,23.27354900767736
2011-02-21 23:00:00,12.860554632145405
2011-02-22 06:00:00,36.08629452952082
2011-02-22 07:00:00,101.00369793617098
2011-02-22 08:00:00,212.7087781672356
2011-02-22 09:00:00,105.10219270483958
2011-02-22 10:00:00,48.11273252225578
2011-02-22 11:00:00,49.04330160199546
2011-02-22 12:00:00,60.031539532484615
2011-02-22 13:00:00,62.356393937981096
2011-02-22 14:00:00,55.679469968967474
2011-02-22 15:00:00,72.04908273223519
2011-02-22 16:00:00,91.45520022303164
2011-02-22 17:00:00,176.58781436098874
2011-02-22 18:00:00,169.60385856310347
2011-02-22 19:00:00,92.02758326653885
2011-02-22 20:00:00,74.19469249777987
2011-02-22 21:00:00,53.75808639371696
2011-02-22 22:00:00,49.04849564757647
2011-02-22 23:00:00,28.839282025460857
2011-02-23 00:00:00,9.837449077947964
2011-02-23 01:00:00,4.256469400536973
2011-02-23 02:00:00,2.1959740685923212
2011-02-23 03:00:00,1.5203897912129536
2011-02-23 05:00:00,7.963710339419754
2011-02-23 06:00:00,40.51795614086823
2011-02-23 07:00:00,131.1502491104324
2011-02-23 08:00:00,242.71606172805625
2011-02-23 09:00:00,141.5998753065977
2011-02-23 10:00:00,63.10054040200295
2011-02-23 11:00:00,79.78161662820679
2011-02-23 12:00:00,88.81127500456954
2011-02-23 13:00:00,87.07516242072765
2011-02-23 14:00:00,90.97674418441268
2011-02-23 15:00:00,105.85950027619056
2011-02-23 16:00:00,144.81822176152843
2011-02-23 17:00:00,282.2429629149893
2011-02-23 18:00:00,260.3799193892015
2011-02-23 19:00:00,201.00215871156868
2011-02-23 20:00:00,113.68087207440522
2011-02-23 21:00:00,74.44118074817487
2011-02-23 22:00:00,54.72674728786989
2011-02-23 23:00:00,30.314173569436605
2011-02-24 00:00:00,15.429591043670904
2011-02-24 01:00:00,6.8581830229496745
2011-02-24 02:00:00,3.419524665795562
2011-02-24 03:00:00,2.1363030066204924
2011-02-24 05:00:00,10.921453478003057
2011-02-24 06:00:00,45.568882151901505
2011-02-24 07:00:00,146.41472008861757
2011-02-24 08:00:00,338.94551309570454
2011-02-24 09:00:00,144.937043559171
2011-02-24 10:00:00,82.3732174331326
2011-02-24 11:00:00,103.49343306445843
2011-02-24 12:00:00,129.7972713584237
2011-02-24 13:00:00,113.73572051379796
2011-02-24 14:00:00,96.38387653794635
2011-02-24 15:00:00,88.12891754423447
2011-02-24 16:00:00,96.6130841794554
2011-02-24 17:00:00,199.67695648623587
2011-02-24 18:00:00,172.82143422176446
2011-02-24 19:00:00,70.78399653615833
2011-02-24 20:00:00,62.601722110063506
2011-02-24 21:00:00,68.67739372980272
2011-02-24 22:00:00,39.40880451697251
2011-02-24 23:00:00,33.635160551172056
2011-02-25 00:00:00,15.291861073995765
2011-02-25 01:00:00,7.483099989318474
2011-02-25 02:00:00,4.286112952494516
2011-02-25 03:00:00,3.201301375208819
2011-02-25 05:00:00,12.868503269181259
2011-02-25 06:00:00,39.326908504938196
2011-02-25 07:00:00,78.33294231164089
2011-02-25 08:00:00,202.38253707701105
2011-02-25 09:00:00,72.88036486143515
2011-02-25 10:00:00,46.32669940307428
2011-02-25 11:00:00,183.7581819527497
2011-02-25 12:00:00,140.2420327097551
2011-02-25 13:00:00,136.63731633403185
2011-02-25 14:00:00,123.36953057326355
2011-02-25 15:00:00,175.9530512238576
2011-02-25 16:00:00,144.14085343189586
2011-02-25 17:00:00,210.5141054800824
2011-02-25 18:00:00,193.40391504888672
2011-02-25 19:00:00,137.22975978930995
2011-02-25 20:00:00,93.50272701465582
2011-02-25 21:00:00,85.44228319685861
2011-02-25 22:00:00,70.19591926825828
2011-02-25 23:00:00,51.946981829708534
2011-02-26 00:00:00,44.377372292690005
2011-02-26 01:00:00,30.468661000615967
2011-02-26 02:00:00,19.21790938807923
2011-02-26 03:00:00,10.448910752839673
2011-02-26 04:00:00,2.764876242258261
2011-02-26 05:00:00,2.86143899836439
2011-02-26 06:00:00,5.673802848685751
2011-02-26 07:00:00,16.088571338333168
2011-02-26 08:00:00,45.34158115380582
2011-02-26 09:00:00,89.87969030028943
2011-02-26 10:00:00,159.69651038640254
2011-02-26 11:00:00,189.9224404470854
2011-02-26 12:00:00,203.69052609462096
2011-02-26 13:00:00,234.49361324724404
2011-02-26 14:00:00,191.3401637008148
2011-02-26 15:00:00,214.71774733375725
2011-02-26 16:00:00,202.00931384922794
2011-02-26 17:00:00,203.96597252733187
2011-02-26 18:00:00,147.2717396674281
2011-02-26 19:00:00,104.42760394140699
2011-02-26 20:00:00,88.88818878264095
2011-02-26 21:00:00,63.446702575465814
2011-02-26 22:00:00,53.52659406854161
2011-02-26 23:00:00,41.86628445916074
2011-02-27 00:00:00,41.9306892515849
2011-02-27 01:00:00,35.896047250891854
2011-02-27 02:00:00,35.87123154976728
2011-02-27 03:00:00,16.006880319829207
2011-02-27 04:00:00,4.291686328697356
2011-02-27 06:00:00,4.820667720485195
2011-02-27 07:00:00,17.172373351269044
2011-02-27 08:00:00,40.22426911041574
2011-02-27 09:00:00,100.52768011331541
2011-02-27 10:00:00,144.20083488785664
2011-02-27 11:00:00,191.93513690976494
2011-02-27 12:00:00,305.07194211690364
2011-02-27 13:00:00,303.2740217084747
2011-02-27 14:00:00,305.92483938607535
2011-02-27 15:00:00,322.76937913716864
2011-02-27 16:00:00,361.8383268728023
2011-02-27 17:00:00,229.4512838997668
2011-02-27 18:00:00,167.28729788015474
2011-02-27 19:00:00,149.4463192710298
2011-02-27 20:00:00,111.93938418283795
2011-02-27 21:00:00,73.24562650481182
2011-02-27 22:00:00,53.33114851810524
2011-02-27 23:00:00,32.37215483653703
2011-02-28 00:00:00,14.411656604280855
2011-02-28 01:00:00,3.6119600926555626
2011-02-28 03:00:00,1.9444912559412182
2011-02-28 05:00:00,11.015747935790344
2011-02-28 06:00:00,48.40559317267967
2011-02-28 07:00:00,153.88953432858116
2011-02-28 08:00:00,194.93652015640166
2011-02-28 09:00:00,199.62542232840823
2011-02-28 10:00:00,109.60330880886252
2011-02-28 11:00:00,117.32374037944273
2011-02-28 12:00:00,156.96077313837299
2011-02-28 13:00:00,64.52027257526933
2011-02-28 14:00:00,34.34201560909549
2011-02-28 15:00:00,36.252568380199875
2011-02-28 16:00:00,83.571930491922
2011-02-28 17:00:00,100.4763738635165
2011-02-28 18:00:00,215.4959726556985
2011-02-28 19:00:00,84.85452018085485
2011-02-28 20:00:00,57.639766681728815
2011-02-28 21:00:00,50.76869709614366
2011-02-28 22:00:00,23.346284895975437
2011-02-28 23:00:00,23.82485675871227
2011-03-20 00:00:00,59.679417684407575
2011-03-20 01:00:00,41.84721283158573
2011-03-20 02:00:00,32.36971257172984
2011-03-20 03:00:00,14.147003608557322
2011-03-20 04:00:00,2.9019026941825823
2011-03-20 05:00:00,2.548308793990903
2011-03-20 06:00:00,4.635688608718012
2011-03-20 07:00:00,12.41291406876627
2011-03-20 08:00:00,41.70149007258964
2011-03-20 09:00:00,107.62185225334265
2011-03-20 10:00:00,153.33689061481155
2011-03-20 11:00:00,230.0558754796265
2011-03-20 12:00:00,275.7071687233227
2011-03-20 13:00:00,269.77228965841715
2011-03-20 14:00:00,251.80316757749804
2011-03-20 15:00:00,264.85539705989567
2011-03-20 16:00:00,274.89104018802647
2011-03-20 17:00:00,181.88484926629982
2011-03-20 18:00:00,138.3351511013122
2011-03-20 19:00:00,109.01398331386017
2011-03-20 20:00:00,78.85750674345165
2011-03-20 21:00:00,61.398439944525954
2011-03-20 22:00:00,48.29327380299648
2011-03-20 23:00:00,22.67596725294104
2011-03-21 00:00:00,13.480204124945907
2011-03-21 01:00:00,5.985851719459951
2011-03-21 02:00:00,3.6086865761641875
2011-03-21 03:00:00,2.4175436764374365
2011-03-21 05:00:00,10.541398520940374
2011-03-21 06:00:00,41.61498618451327
2011-03-21 07:00:00,70.53110846749888
2011-03-21 08:00:00,169.76806623978342
2011-03-21 09:00:00,130.54546000285012
2011-03-21 10:00:00,73.97432731540623
2011-03-21 11:00:00,91.68325748260358
2011-03-21 12:00:00,124.45167612576496
2011-03-21 13:00:00,158.20517421561937
2011-03-21 14:00:00,167.41840526015878
2011-03-21 15:00:00,183.93943123431433
2011-03-21 16:00:00,244.05716459701148
2011-03-21 17:00:00,499.51136555023294
2011-03-21 18:00:00,463.4558409983585
2011-03-21 19:00:00,371.90460033536044
2011-03-21 20:00:00,277.3754361665831
2011-03-21 21:00:00,118.39654238681129
2011-03-21 22:00:00,86.35714500206248
2011-03-21 23:00:00,57.19492436896235
2011-03-22 00:00:00,23.954753684963926
2011-03-22 01:00:00,6.017588388282095
2011-03-22 02:00:00,4.44647640394799
2011-03-22 03:00:00,3.930869421676115
2011-03-22 04:00:00,4.012332940029896
2011-03-22 05:00:00,17.32057788803773
2011-03-22 06:00:00,84.50466015496337
2011-03-22 07:00:00,240.57868141070273
2011-03-22 08:00:00,404.49904731930815
2011-03-22 09:00:00,178.68701831066397
2011-03-22 10:00:00,114.91150445368686
2011-03-22 11:00:00,122.80477619797873
2011-03-22 12:00:00,180.3931393712192
2011-03-22 13:00:00,189.09786600889407
2011-03-22 14:00:00,164.52850013237406
2011-03-22 15:00:00,197.63746317220256
2011-03-22 16:00:00,283.70319062736064
2011-03-22 17:00:00,567.1019144107557
2011-03-22 18:00:00,558.2637053088866
2011-03-22 19:00:00,311.3163476188847
2011-03-22 20:00:00,199.3944402262681
2011-03-22 21:00:00,137.85346841809812
2011-03-22 22:00:00,86.16248519725796
2011-03-22 23:00:00,51.0668818631411
2011-03-23 00:00:00,16.740041447123865
2011-03-23 01:00:00,6.0593029739909925
2011-03-23 02:00:00,3.288941606756075
2011-03-23 03:00:00,2.705638086157577
2011-03-23 05:00:00,8.70883206868788
2011-03-23 06:00:00,60.3171412020801
2011-03-23 07:00:00,114.80805289456204
2011-03-23 08:00:00,282.87204017197274
2011-03-23 09:00:00,166.06406019836564
2011-03-23 10:00:00,66.0171166222697
2011-03-23 11:00:00,56.54662612871311
2011-03-23 12:00:00,53.580907797371886
2011-03-23 13:00:00,36.215206580706585
2011-03-23 14:00:00,62.44808561590657
2011-03-23 15:00:00,87.23783715951392
2011-03-23 16:00:00,143.37254902300242
2011-03-23 17:00:00,277.294375776368
2011-03-23 18:00:00,159.99311798146562
2011-03-23 19:00:00,114.72503717281892
2011-03-23 20:00:00,25.774962725230807
2011-03-23 21:00:00,16.413459935956833
2011-03-23 22:00:00,33.09288784505267
2011-03-23 23:00:00,17.703358158836238
2011-03-24 00:00:00,10.776146512425417
2011-03-24 01:00:00,4.654382703930031
2011-03-24 02:00:00,2.7714051604348473
2011-03-24 03:00:00,2.0862274325408925
2011-03-24 04:00:00,1.9267464127923117
2011-03-24 05:00:00,11.934220585331651
2011-03-24 06:00:00,54.17525045782079
2011-03-24 07:00:00,73.66709723040063
2011-03-24 08:00:00,120.62249081828185
2011-03-24 09:00:00,120.44610841736082
2011-03-24 10:00:00,51.92617605273026
2011-03-24 11:00:00,64.1063860392318
2011-03-24 12:00:00,90.94594239202742
2011-03-24 13:00:00,78.88769828169042
2011-03-24 14:00:00,76.80815903944372
2011-03-24 15:00:00,78.30900207159364
2011-03-24 16:00:00,119.27571850292395
2011-03-24 17:00:00,229.2766520840329
2011-03-24 18:00:00,237.46787411328526
2011-03-24 19:00:00,189.97599644661622
2011-03-24 20:00:00,114.34529679998279
2011-03-24 21:00:00,77.20215663528171
2011-03-24 22:00:00,63.02137191604602
2011-03-24 23:00:00,40.06457976528369
2011-03-25 00:00:00,27.02096214664156
2011-03-25 01:00:00,9.751229530160492
2011-03-25 02:00:00,5.127279589248683
2011-03-25 03:00:00,3.0611877576768487
2011-03-25 04:00:00,2.0615764944191923
2011-03-25 05:00:00,10.341217996325298
2011-03-25 06:00:00,38.92411570844349
2011-03-25 07:00:00,139.6692777081954
2011-03-25 08:00:00,294.4378785480205
2011-03-25 09:00:00,185.31626346447462
2011-03-25 10:00:00,97.23537409037105
2011-03-25 11:00:00,115.3114045111903
2011-03-25 12:00:00,139.69952976906788
2011-03-25 13:00:00,134.04330148244705
2011-03-25 14:00:00,173.2098779717418
2011-03-25 15:00:00,139.19059997232745
2011-03-25 16:00:00,196.6894653926877
2011-03-25 17:00:00,279.4520877034664
2011-03-25 18:00:00,245.17450349321638
2011-03-25 19:00:00,159.12676947318843
2011-03-25 20:00:00,114.33085732096963
2011-03-25 21:00:00,85.53604686976357
2011-03-25 22:00:00,81.93369749964894
2011-03-25 23:00:00,59.68788663883457
2011-03-26 00:00:00,48.075668131797244
2011-03-26 01:00:00,34.19988288212156
2011-03-26 02:00:00,24.565792090610355
2011-03-26 03:00:00,9.49494130021323
2011-03-26 04:00:00,4.052996319204481
2011-03-26 05:00:00,3.6269489608891896
2011-03-26 06:00:00,8.670264432860552
2011-03-26 07:00:00,23.26033741588779
2011-03-26 08:00:00,79.02846882279508
2011-03-26 09:00:00,120.25218754565003
2011-03-26 10:00:00,150.41488066604336
2011-03-26 11:00:00,182.819947496328
2011-03-26 12:00:00,228.96015983904374
2011-03-26 13:00:00,252.53794777333184
2011-03-26 14:00:00,262.7856227277799
2011-03-26 15:00:00,264.1705926921244
2011-03-26 16:00:00,278.0038824965908
2011-03-26 17:00:00,223.82942577348837
2011-03-26 18:00:00,160.61815809629195
2011-03-26 19:00:00,118.70669726443496
2011-03-26 20:00:00,94.99893045372258
2011-03-26 21:00:00,74.20836320481533
2011-03-26 22:00:00,72.33695275076708
2011-03-26 23:00:00,56.3059593107891
2011-03-27 00:00:00,57.974947214028724
2011-03-27 01:00:00,42.606408069032334
2011-03-27 02:00:00,30.803062616808223
2011-03-27 03:00:00,10.19671244773419
2011-03-27 04:00:00,3.3931079134007094
2011-03-27 06:00:00,3.9454682024494896
2011-03-27 07:00:00,9.433601023530892
2011-03-27 08:00:00,40.85216047206079
2011-03-27 09:00:00,80.2580840531801
2011-03-27 10:00:00,103.01382026403206
2011-03-27 11:00:00,162.4021762794999
2011-03-27 12:00:00,192.6703916151399
2011-03-27 13:00:00,217.42372766630623
2011-03-27 14:00:00,220.4073135801759
2011-03-27 15:00:00,203.81009964632935
2011-03-27 16:00:00,221.38848924458142
2011-03-27 17:00:00,195.34787802688993
2011-03-27 18:00:00,155.44716200757352
2011-03-27 19:00:00,121.43809013677038
2011-03-27 20:00:00,81.0018908535393
2011-03-27 21:00:00,53.201042623138456
2011-03-27 22:00:00,43.63213382549294
2011-03-27 23:00:00,28.267465518630587
2011-03-28 00:00:00,11.731920129165912
2011-03-28 01:00:00,5.489123459259138
2011-03-28 02:00:00,3.4981926685963383
2011-03-28 03:00:00,2.243330237108323
2011-03-28 05:00:00,9.47754910567954
2011-03-28 06:00:00,38.6685406206739
2011-03-28 07:00:00,101.38506357609761
2011-03-28 08:00:00,224.99697700736596
2011-03-28 09:00:00,141.0580428010985
2011-03-28 10:00:00,80.07645837677964
2011-03-28 11:00:00,80.66645573918915
2011-03-28 12:00:00,102.65685145002452
2011-03-28 13:00:00,118.88912876780162
2011-03-28 14:00:00,101.74832813240897
2011-03-28 15:00:00,105.74774874710073
2011-03-28 16:00:00,167.3713943597123
2011-03-28 17:00:00,306.32991455265864
2011-03-28 18:00:00,264.68133343918714
2011-03-28 19:00:00,190.79921741495062
2011-03-28 20:00:00,125.32625637174722
2011-03-28 21:00:00,88.92529215658396
2011-03-28 22:00:00,62.474738418230636
2011-03-28 23:00:00,32.650486342948085
2011-03-29 00:00:00,11.246372121018027
2011-03-29 01:00:00,4.535548557779687
2011-03-29 02:00:00,2.621117202728398
2011-03-29 03:00:00,1.8193840535246628
2011-03-29 04:00:00,2.021745045525219
2011-03-29 05:00:00,12.791580660370167
2011-03-29 06:00:00,62.69326517676151
2011-03-29 07:00:00,164.5566085460418
2011-03-29 08:00:00,325.33670920191094
2011-03-29 09:00:00,217.089848286922
2011-03-29 10:00:00,102.03892950701517
2011-03-29 11:00:00,93.76496343115788
2011-03-29 12:00:00,125.6434815948159
2011-03-29 13:00:00,109.89933706170581
2011-03-29 14:00:00,131.15930224441212
2011-03-29 15:00:00,150.24832870102958
2011-03-29 16:00:00,217.63400471771664
2011-03-29 17:00:00,464.4890698565617
2011-03-29 18:00:00,370.2973621517893
2011-03-29 19:00:00,238.43303721918062
2011-03-29 20:00:00,162.0845173803797
2011-03-29 21:00:00,111.60133298801118
2011-03-29 22:00:00,76.95405897409506
2011-03-29 23:00:00,41.73201743404923
2011-03-30 00:00:00,20.739555399495416
2011-03-30 01:00:00,8.779364390275182
2011-03-30 02:00:00,4.804873393254789
2011-03-30 03:00:00,3.2118503116891834
2011-03-30 04:00:00,3.3051044464501618
2011-03-30 05:00:00,19.740619970314928
2011-03-30 06:00:00,85.36452598917664
2011-03-30 07:00:00,253.8495483018437
2011-03-30 08:00:00,398.03369567276235
2011-03-30 09:00:00,237.1415627730273
2011-03-30 10:00:00,108.04490144456493
2011-03-30 11:00:00,96.67862345187422
2011-03-30 12:00:00,118.2963969161471
2011-03-30 13:00:00,134.121023057931
2011-03-30 14:00:00,111.47611547907026
2011-03-30 15:00:00,41.82840146252236
2011-03-30 16:00:00,50.871631910343034
2011-03-30 17:00:00,78.4742003072782
2011-03-30 18:00:00,107.0372435803671
2011-03-30 19:00:00,79.85413637685424
2011-03-30 20:00:00,36.10674489017907
2011-03-30 21:00:00,47.47280772581636
2011-03-30 22:00:00,25.068706752772865
2011-03-30 23:00:00,14.22223176445704
2011-03-31 00:00:00,9.892737302548392
2011-03-31 01:00:00,5.184300461606935
2011-03-31 02:00:00,3.0929668980520746
2011-03-31 03:00:00,1.7863971575461302
2011-03-31 04:00:00,1.8382148712466018
2011-03-31 05:00:00,9.184381830426767
2011-03-31 06:00:00,33.37178420502809
2011-03-31 07:00:00,109.63015285984979
2011-03-31 08:00:00,203.0755715969125
2011-03-31 09:00:00,85.46125770999816
2011-03-31 10:00:00,36.98393531473293
2011-03-31 11:00:00,36.01400144512247
2011-03-31 12:00:00,38.237941148747204
2011-03-31 13:00:00,44.42122524406132
2011-03-31 14:00:00,38.50349226491951
2011-03-31 15:00:00,35.21728510052679
2011-03-31 16:00:00,85.41491135353161
2011-03-31 17:00:00,164.36964865437739
2011-03-31 18:00:00,169.32496111561588
2011-03-31 19:00:00,122.84965739569739
2011-03-31 20:00:00,52.55572160445957
2011-03-31 21:00:00,66.02840259445497
2011-03-31 22:00:00,34.12634078416434
2011-03-31 23:00:00,20.064454562953987
2011-04-20 00:00:00,23.86300775497917
2011-04-20 01:00:00,6.721682936613627
2011-04-20 02:00:00,3.9676871313251585
2011-04-20 03:00:00,2.8018657312912207
2011-04-20 04:00:00,1.989899492667579
2011-04-20 05:00:00,14.103035590163932
2011-04-20 06:00:00,72.88199952730646
2011-04-20 07:00:00,208.1424375511637
2011-04-20 08:00:00,576.1058825693146
2011-04-20 09:00:00,310.8251683081795
2011-04-20 10:00:00,155.20198342291403
2011-04-20 11:00:00,168.3929559638695
2011-04-20 12:00:00,243.1342016172437
2011-04-20 13:00:00,231.06611383244672
2011-04-20 14:00:00,195.53033539194115
2011-04-20 15:00:00,231.11624832858686
2011-04-20 16:00:00,348.9598186757026
2011-04-20 17:00:00,755.5369220878014
2011-04-20 18:00:00,621.468743854952
2011-04-20 19:00:00,538.259538293983
2011-04-20 20:00:00,368.1104648552892
2011-04-20 21:00:00,292.55763708699925
2011-04-20 22:00:00,211.46664499550008
2011-04-20 23:00:00,120.3122092391026
2011-04-21 00:00:00,46.30172533765099
2011-04-21 01:00:00,18.143741775273167
2011-04-21 02:00:00,9.631658768260975
2011-04-21 03:00:00,3.408964522455918
2011-04-21 04:00:00,4.232735965208214
2011-04-21 05:00:00,21.990395758806148
2011-04-21 06:00:00,87.45741198671736
2011-04-21 07:00:00,288.39168453905756
2011-04-21 08:00:00,422.8558743229777
2011-04-21 09:00:00,226.8466414058296
2011-04-21 10:00:00,140.78213185785563
2011-04-21 11:00:00,151.96237920583712
2011-04-21 12:00:00,221.280315199281
2011-04-21 13:00:00,203.9561399018456
2011-04-21 14:00:00,188.8440609284834
2011-04-21 15:00:00,204.45155406765792
2011-04-21 16:00:00,293.9855712691217
2011-04-21 17:00:00,574.0875839074099
2011-04-21 18:00:00,499.3122694737833
2011-04-21 19:00:00,340.2950994872015
2011-04-21 20:00:00,255.52875751422016
2011-04-21 21:00:00,194.82120656090163
2011-04-21 22:00:00,162.39625289313537
2011-04-21 23:00:00,91.3378775286452
2011-04-22 00:00:00,40.716034998871635
2011-04-22 01:00:00,20.598874357477243
2011-04-22 02:00:00,11.367988132223735
2011-04-22 03:00:00,5.691495754791369
2011-04-22 04:00:00,4.184342001976368
2011-04-22 05:00:00,21.98053868303526
2011-04-22 06:00:00,92.05017941977219
2011-04-22 07:00:00,243.01572499960034
2011-04-22 08:00:00,450.05034908226924
2011-04-22 09:00:00,157.19601987872812
2011-04-22 10:00:00,134.47816371580265
2011-04-22 11:00:00,69.90766397963213
2011-04-22 12:00:00,86.61886329185153
2011-04-22 13:00:00,55.174279193996625
2011-04-22 14:00:00,39.00126806261093
2011-04-22 15:00:00,54.24202326166137
2011-04-22 16:00:00,80.27296529710436
2011-04-22 17:00:00,88.9561602728508
2011-04-22 18:00:00,78.2055654775117
2011-04-22 19:00:00,57.46272541503903
2011-04-22 20:00:00,48.14162518367925
2011-04-22 21:00:00,35.711527880910275
2011-04-22 22:00:00,27.690800012606058
2011-04-22 23:00:00,32.95029516014671
2011-04-23 00:00:00,25.871300173227386
2011-04-23 01:00:00,20.283136512706673
2011-04-23 02:00:00,19.165964761871567
2011-04-23 03:00:00,8.951585475266949
2011-04-23 04:00:00,3.8109541796408157
2011-04-23 05:00:00,3.56435254364085
2011-04-23 06:00:00,9.480807717414626
2011-04-23 07:00:00,16.519828885884774
2011-04-23 08:00:00,52.31601752662584
2011-04-23 09:00:00,70.17855693586995
2011-04-23 10:00:00,130.6453590526465
2011-04-23 11:00:00,166.58812370397874
2011-04-23 12:00:00,244.6211674723872
2011-04-23 13:00:00,261.64165871305886
2011-04-23 14:00:00,385.13046596391695
2011-04-23 15:00:00,409.19147121576793
2011-04-23 16:00:00,413.46763813126125
2011-04-23 17:00:00,376.6707064885009
2011-04-23 18:00:00,359.6993231547048
2011-04-23 19:00:00,229.049379573684
2011-04-23 20:00:00,129.26286517265194
2011-04-23 21:00:00,130.13446724632624
2011-04-23 22:00:00,140.90228669296425
2011-04-23 23:00:00,108.59812672487159
2011-04-24 00:00:00,96.68606972051137
2011-04-24 01:00:00,69.44538002434533
2011-04-24 02:00:00,59.64466879972078
2011-04-24 03:00:00,27.21457370904887
2011-04-24 04:00:00,8.16964487828275
2011-04-24 05:00:00,8.954631339273584
2011-04-24 06:00:00,10.066681428773744
2011-04-24 07:00:00,25.03854644324373
2011-04-24 08:00:00,81.931456137673365
2011-04-24 09:00:00,175.40212888466107
2011-04-24 10:00:00,317.56043202860064
2011-04-24 11:00:00,448.1314120532518
2011-04-24 12:00:00,481.7595634111894
2011-04-24 13:00:00,478.97224855582
2011-04-24 14:00:00,487.40329896160523
2011-04-24 15:00:00,500.66385981242956
2011-04-24 16:00:00,435.4175501198791
2011-04-24 17:00:00,428.84398660883767
2011-04-24 18:00:00,351.72823188310184
2011-04-24 19:00:00,143.45352263216216
2011-04-24 20:00:00,110.83645272046077
2011-04-24 21:00:00,74.58873356482924
2011-04-24 22:00:00,42.96476033681048
2011-04-24 23:00:00,31.4763818786739
2011-04-25 00:00:00,17.561182632739072
2011-04-25 01:00:00,11.830770648243288
2011-04-25 02:00:00,7.681256877327878
2011-04-25 03:00:00,3.9788258591054886
2011-04-25 04:00:00,4.463979364510712
2011-04-25 05:00:00,15.155498077141928
2011-04-25 06:00:00,61.6631293151652
2011-04-25 07:00:00,203.4228558973906
2011-04-25 08:00:00,543.8164911270596
2011-04-25 09:00:00,291.03504796475676
2011-04-25 10:00:00,148.71124900302837
2011-04-25 11:00:00,168.63024774686005
2011-04-25 12:00:00,204.47599570871543
2011-04-25 13:00:00,201.42322814760237
2011-04-25 14:00:00,198.06272841805367
2011-04-25 15:00:00,187.17331498430283
2011-04-25 16:00:00,304.26350073219476
2011-04-25 17:00:00,585.4982592588258
2011-04-25 18:00:00,568.2560660748145
2011-04-25 19:00:00,406.69339973774794
2011-04-25 20:00:00,282.9181866910496
2011-04-25 21:00:00,197.02751465951377
2011-04-25 22:00:00,131.97226465937484
2011-04-25 23:00:00,68.75590233966244
2011-04-26 00:00:00,30.912960079266163
2011-04-26 01:00:00,13.30246174520017
2011-04-26 02:00:00,5.9914215492441025
2011-04-26 03:00:00,3.535038962894999
2011-04-26 04:00:00,5.401934326510644
2011-04-26 05:00:00,25.047220733524746
2011-04-26 06:00:00,124.17576275739688
2011-04-26 07:00:00,322.37188314699466
2011-04-26 08:00:00,520.2251921633915
2011-04-26 09:00:00,256.8644267277758
2011-04-26 10:00:00,150.02352515692021
2011-04-26 11:00:00,172.49059961957747
2011-04-26 12:00:00,220.82350273455654
2011-04-26 13:00:00,172.97371813563336
2011-04-26 14:00:00,177.50115559900823
2011-04-26 15:00:00,205.9608121606998
2011-04-26 16:00:00,320.1573667619723
2011-04-26 17:00:00,633.8543866566332
2011-04-26 18:00:00,603.7289062834177
2011-04-26 19:00:00,417.0739672189659
2011-04-26 20:00:00,288.08203368382317
2011-04-26 21:00:00,212.18823956405177
2011-04-26 22:00:00,145.26469916677024
2011-04-26 23:00:00,81.10774173705767
2011-04-27 00:00:00,37.166671051869564
2011-04-27 01:00:00,15.675052054113879
2011-04-27 02:00:00,6.664982784617126
2011-04-27 03:00:00,3.9520688153999273
2011-04-27 04:00:00,3.9391227498580625
2011-04-27 05:00:00,20.631555890500096
2011-04-27 06:00:00,100.99373369512443
2011-04-27 07:00:00,304.0484999958209
2011-04-27 08:00:00,458.0186234388368
2011-04-27 09:00:00,163.30823234213418
2011-04-27 10:00:00,139.49997789077682
2011-04-27 11:00:00,165.62527164380919
2011-04-27 12:00:00,208.24034242146075
2011-04-27 13:00:00,185.6745973028432
2011-04-27 14:00:00,177.445704627505
2011-04-27 15:00:00,194.57486213245886
2011-04-27 16:00:00,316.03835159005575
2011-04-27 17:00:00,311.0938285334862
2011-04-27 18:00:00,321.7420888848886
2011-04-27 19:00:00,403.5702462036776
2011-04-27 20:00:00,236.05896048648134
2011-04-27 21:00:00,171.2588562330949
2011-04-27 22:00:00,106.43913943204652
2011-04-27 23:00:00,56.108170928156326
2011-04-28 00:00:00,44.27585175234198
2011-04-28 01:00:00,13.032367434282273
2011-04-28 02:00:00,6.0276021128275925
2011-04-28 03:00:00,4.519463198706266
2011-04-28 04:00:00,4.0449167220996705
2011-04-28 05:00:00,22.03526832887492
2011-04-28 06:00:00,127.08319793132057
2011-04-28 07:00:00,336.3447703732339
2011-04-28 08:00:00,585.3105030052659
2011-04-28 09:00:00,137.2140791253702
2011-04-28 10:00:00,117.69334385962006
2011-04-28 11:00:00,128.87103942698852
2011-04-28 12:00:00,190.3112847275384
2011-04-28 13:00:00,140.6059175643186
2011-04-28 14:00:00,142.36234198483757
2011-04-28 15:00:00,216.84419340249949
2011-04-28 16:00:00,291.1422710620193
2011-04-28 17:00:00,635.3716098584304
2011-04-28 18:00:00,632.4699975536029
2011-04-28 19:00:00,484.2667862842227
2011-04-28 20:00:00,339.1427018379015
2011-04-28 21:00:00,257.63197280134347
2011-04-28 22:00:00,202.09066718530661
2011-04-28 23:00:00,135.0062538179258
2011-04-29 00:00:00,70.20223946656472
2011-04-29 01:00:00,35.995698548654325
2011-04-29 02:00:00,16.187206586079753
2011-04-29 03:00:00,7.8676642462598965
2011-04-29 04:00:00,5.7250651023401415
2011-04-29 05:00:00,29.701783942529154
2011-04-29 06:00:00,117.21365539240831
2011-04-29 07:00:00,388.9177428981648
2011-04-29 08:00:00,647.0703245832358
2011-04-29 09:00:00,345.7502424104872
2011-04-29 10:00:00,215.01488729238835
2011-04-29 11:00:00,253.93899341910787
2011-04-29 12:00:00,312.07843094194453
2011-04-29 13:00:00,299.8386981536669
2011-04-29 14:00:00,273.1536006304191
2011-04-29 15:00:00,263.31669986591584
2011-04-29 16:00:00,338.76272432357763
2011-04-29 17:00:00,568.7098757104785
2011-04-29 18:00:00,529.7032632109633
2011-04-29 19:00:00,291.06284117977907
2011-04-29 20:00:00,253.90328521623542
2011-04-29 21:00:00,193.79821324340406
2011-04-29 22:00:00,164.6123764537475
2011-04-29 23:00:00,115.25554335014442
2011-04-30 00:00:00,73.70312401160716
2011-04-30 01:00:00,60.125774322081945
2011-04-30 02:00:00,40.59218539390573
2011-04-30 03:00:00,19.50812820876865
2011-04-30 04:00:00,7.245907842478916
2011-04-30 05:00:00,9.317770877805954
2011-04-30 06:00:00,19.22281258783332
2011-04-30 07:00:00,52.902757036859484
2011-04-30 08:00:00,128.83258894200173
2011-04-30 09:00:00,167.44102746961264
2011-04-30 10:00:00,296.7956631322474
2011-04-30 11:00:00,390.91316174627315
2011-04-30 12:00:00,522.0729589002106
2011-04-30 13:00:00,570.9679331698534
2011-04-30 14:00:00,584.0031170342072
2011-04-30 15:00:00,590.7965016402926
2011-04-30 16:00:00,594.8028703546918
2011-04-30 17:00:00,525.0826605877569
2011-04-30 18:00:00,460.26611606544594
2011-04-30 19:00:00,367.4945325999694
2011-04-30 20:00:00,157.91565226250725
2011-04-30 21:00:00,140.45276201644862
2011-04-30 22:00:00,117.201094605677
2011-04-30 23:00:00,98.0896451032154
2011-05-20 00:00:00,44.31776279827513
2011-05-20 01:00:00,17.031159387934963
2011-05-20 02:00:00,9.422611603026562
2011-05-20 03:00:00,4.800321762438887
2011-05-20 04:00:00,4.724863145259513
2011-05-20 05:00:00,24.05947762832673
2011-05-20 06:00:00,116.3893480770677
2011-05-20 07:00:00,381.9591079559018
2011-05-20 08:00:00,569.0448178349304
2011-05-20 09:00:00,298.14833216054427
2011-05-20 10:00:00,191.64440950807818
2011-05-20 11:00:00,200.4929474958157
2011-05-20 12:00:00,272.53290703981986
2011-05-20 13:00:00,179.6333112267391
2011-05-20 14:00:00,262.983197149834
2011-05-20 15:00:00,269.71137997094706
2011-05-20 16:00:00,359.15291213811213
2011-05-20 17:00:00,601.1261494584279
2011-05-20 18:00:00,529.4068405463489
2011-05-20 19:00:00,341.5660477008004
2011-05-20 20:00:00,245.98082526947272
2011-05-20 21:00:00,213.03206127459444
2011-05-20 22:00:00,230.69580522162363
2011-05-20 23:00:00,186.00208462820038
2011-05-21 00:00:00,123.56103403234737
2011-05-21 01:00:00,90.17879458946445
2011-05-21 02:00:00,67.47814936781413
2011-05-21 03:00:00,28.40451909111989
2011-05-21 04:00:00,7.658044835200742
2011-05-21 05:00:00,9.737558208401891
2011-05-21 06:00:00,32.74661606841614
2011-05-21 07:00:00,94.02781485025065
2011-05-21 08:00:00,203.48334444588355
2011-05-21 09:00:00,260.9215933864748
2011-05-21 10:00:00,386.4823922690225
2011-05-21 11:00:00,519.6388909018132
2011-05-21 12:00:00,553.8843518810013
2011-05-21 13:00:00,582.5856895059345
2011-05-21 14:00:00,579.0481373342191
2011-05-21 15:00:00,568.2980594089372
2011-05-21 16:00:00,582.9942263823339
2011-05-21 17:00:00,526.9892975608998
2011-05-21 18:00:00,423.9540323629234
2011-05-21 19:00:00,363.6671655591349
2011-05-21 20:00:00,287.66448133397466
2011-05-21 21:00:00,267.27594366890366
2011-05-21 22:00:00,205.59230609486772
2011-05-21 23:00:00,176.5839058060428
2011-05-22 00:00:00,110.10821505434613
2011-05-22 01:00:00,68.65346025991239
2011-05-22 02:00:00,61.32621891852185
2011-05-22 03:00:00,21.86482962397596
2011-05-22 04:00:00,6.827876407605344
2011-05-22 05:00:00,7.363514101301646
2011-05-22 06:00:00,18.507591926866848
2011-05-22 07:00:00,61.74222496012529
2011-05-22 08:00:00,142.60838463268303
2011-05-22 09:00:00,216.2248000167847
2011-05-22 10:00:00,336.8613355236522
2011-05-22 11:00:00,475.5400312196453
2011-05-22 12:00:00,494.269813107663
2011-05-22 13:00:00,612.4226043023797
2011-05-22 14:00:00,329.6635640858809
2011-05-22 15:00:00,507.65775804903734
2011-05-22 16:00:00,481.0481889996128
2011-05-22 17:00:00,420.61344170346325
2011-05-22 18:00:00,412.1384703838629
2011-05-22 19:00:00,344.73026237399216
2011-05-22 20:00:00,230.25896422571745
2011-05-22 21:00:00,189.83126940525597
2011-05-22 22:00:00,127.53243920954242
2011-05-22 23:00:00,81.51469233911175
2011-05-23 00:00:00,28.236419770571246
2011-05-23 01:00:00,14.53582642301001
2011-05-23 02:00:00,6.640676984483679
2011-05-23 03:00:00,3.753212371906812
2011-05-23 04:00:00,5.2869740113815755
2011-05-23 05:00:00,22.692670463920223
2011-05-23 06:00:00,72.36386439405956
2011-05-23 07:00:00,244.5463919121158
2011-05-23 08:00:00,445.6143703239578
2011-05-23 09:00:00,206.23764649055343
2011-05-23 10:00:00,141.1220427706893
2011-05-23 11:00:00,156.57604196272308
2011-05-23 12:00:00,207.33445098394867
2011-05-23 13:00:00,174.85839637424937
2011-05-23 14:00:00,182.17883932178609
2011-05-23 15:00:00,194.918573164784
2011-05-23 16:00:00,309.2569836849261
2011-05-23 17:00:00,505.51694133361394
2011-05-23 18:00:00,495.11171059092544
2011-05-23 19:00:00,380.96738353498205
2011-05-23 20:00:00,229.70700369206097
2011-05-23 21:00:00,152.677821135724
2011-05-23 22:00:00,92.74191569895679
2011-05-23 23:00:00,62.73201485832548
2011-05-24 00:00:00,21.192367874189767
2011-05-24 01:00:00,9.531641168215272
2011-05-24 02:00:00,5.3367059967721175
2011-05-24 03:00:00,3.4511671507728345
2011-05-24 04:00:00,4.9401601758940465
2011-05-24 05:00:00,20.21355418742899
2011-05-24 06:00:00,91.69247137645934
2011-05-24 07:00:00,284.747718446327
2011-05-24 08:00:00,335.42868814876596
2011-05-24 09:00:00,283.3943403570683
2011-05-24 10:00:00,148.83159667823674
2011-05-24 11:00:00,159.07282000203202
2011-05-24 12:00:00,213.7199089256415
2011-05-24 13:00:00,188.29909466956414
2011-05-24 14:00:00,171.41520932506666
2011-05-24 15:00:00,146.41221650020498
2011-05-24 16:00:00,339.2398967425953
2011-05-24 17:00:00,633.6845392992669
2011-05-24 18:00:00,716.8597484677352
2011-05-24 19:00:00,485.9224076892925
2011-05-24 20:00:00,316.85952667282646
2011-05-24 21:00:00,230.66941541294986
2011-05-24 22:00:00,92.63465777495746
2011-05-24 23:00:00,98.39484011795429
2011-05-25 00:00:00,28.314178047136767
2011-05-25 01:00:00,13.23975655047897
2011-05-25 02:00:00,5.523031187466075
2011-05-25 03:00:00,3.7082507085678666
2011-05-25 04:00:00,3.6452748507698267
2011-05-25 05:00:00,28.86366363395822
2011-05-25 06:00:00,104.63978115863553
2011-05-25 07:00:00,407.65963724052415
2011-05-25 08:00:00,570.57344339452
2011-05-25 09:00:00,284.7467609414771
2011-05-25 10:00:00,159.2400215070908
2011-05-25 11:00:00,150.9148130921549
2011-05-25 12:00:00,200.4694407912762
2011-05-25 13:00:00,189.24363274287
2011-05-25 14:00:00,174.81023448244318
2011-05-25 15:00:00,201.9103642669267
2011-05-25 16:00:00,284.92200746939534
2011-05-25 17:00:00,604.9455828615456
2011-05-25 18:00:00,630.8858682558164
2011-05-25 19:00:00,467.92739925793194
2011-05-25 20:00:00,345.00234450927985
2011-05-25 21:00:00,268.62462462669214
2011-05-25 22:00:00,201.44016918096136
2011-05-25 23:00:00,136.66487194284204
2011-05-26 00:00:00,53.998492978259556
2011-05-26 01:00:00,22.70108941192986
2011-05-26 02:00:00,10.526131303854557
2011-05-26 03:00:00,5.3238247561990075
2011-05-26 04:00:00,5.4620568349253915
2011-05-26 05:00:00,25.904845141236304
2011-05-26 06:00:00,81.13689668045686
2011-05-26 07:00:00,238.28226874093053
2011-05-26 08:00:00,620.145844333239
2011-05-26 09:00:00,276.8237692449977
2011-05-26 10:00:00,147.88356315788866
2011-05-26 11:00:00,173.85560813341533
2011-05-26 12:00:00,200.32139499618233
2011-05-26 13:00:00,173.3440337106923
2011-05-26 14:00:00,156.44837279721304
2011-05-26 15:00:00,176.6082738154685
2011-05-26 16:00:00,285.5857824363435
2011-05-26 17:00:00,615.6545420653281
2011-05-26 18:00:00,611.87340843367
2011-05-26 19:00:00,432.332459083943
2011-05-26 20:00:00,326.2119450180189
2011-05-26 21:00:00,291.9919297896519
2011-05-26 22:00:00,215.31886127208483
2011-05-26 23:00:00,136.06700564300348
2011-05-27 00:00:00,65.64203317100247
2011-05-27 01:00:00,31.303521322677675
2011-05-27 02:00:00,15.543275566269175
2011-05-27 03:00:00,6.421873206940015
2011-05-27 04:00:00,5.279259456357803
2011-05-27 05:00:00,26.33244050350555
2011-05-27 06:00:00,104.8949674525913
2011-05-27 07:00:00,315.2246196085708
2011-05-27 08:00:00,526.6250574988551
2011-05-27 09:00:00,285.63260624507274
2011-05-27 10:00:00,230.06450431728982
2011-05-27 11:00:00,196.92093619979948
2011-05-27 12:00:00,241.32683536524354
2011-05-27 13:00:00,248.9411589684708
2011-05-27 14:00:00,218.13963567279865
2011-05-27 15:00:00,236.85526579228727
2011-05-27 16:00:00,346.8500181084709
2011-05-27 17:00:00,623.5259759395299
2011-05-27 18:00:00,559.658451919383
2011-05-27 19:00:00,223.61633316017864
2011-05-27 20:00:00,249.17475885529967
2011-05-27 21:00:00,196.8621963442444
2011-05-27 22:00:00,214.54700862572003
2011-05-27 23:00:00,138.79062136054225
2011-05-28 00:00:00,108.49042327040051
2011-05-28 01:00:00,79.04580518028257
2011-05-28 02:00:00,57.03609102476438
2011-05-28 03:00:00,26.34137968552917
2011-05-28 04:00:00,9.97152716253623
2011-05-28 05:00:00,12.494743363889386
2011-05-28 06:00:00,33.08106600260927
2011-05-28 07:00:00,78.03933845832161
2011-05-28 08:00:00,192.6237609923225
2011-05-28 09:00:00,227.2268906316172
2011-05-28 10:00:00,339.81896392997896
2011-05-28 11:00:00,435.48592043925754
2011-05-28 12:00:00,501.8178740752969
2011-05-28 13:00:00,528.8583744036554
2011-05-28 14:00:00,454.7922138012429
2011-05-28 15:00:00,482.80397573544764
2011-05-28 16:00:00,442.9579503976716
2011-05-28 17:00:00,416.12436813652914
2011-05-28 18:00:00,389.20357517292155
2011-05-28 19:00:00,335.72990762043344
2011-05-28 20:00:00,277.7797062442564
2011-05-28 21:00:00,218.592922618195
2011-05-28 22:00:00,201.13636881982342
2011-05-28 23:00:00,151.96290282414415
2011-05-29 00:00:00,108.66731725117883
2011-05-29 01:00:00,85.52897934203246
2011-05-29 02:00:00,70.58257410664868
2011-05-29 03:00:00,32.309340470330824
2011-05-29 04:00:00,11.226443871741026
2011-05-29 05:00:00,10.13198206136095
2011-05-29 06:00:00,18.388518394858465
2011-05-29 07:00:00,41.32629014408659
2011-05-29 08:00:00,95.8845927080543
2011-05-29 09:00:00,107.81574485768016
2011-05-29 10:00:00,284.5074633639361
2011-05-29 11:00:00,316.13332410564385
2011-05-29 12:00:00,383.0421994991931
2011-05-29 13:00:00,441.6586748207738
2011-05-29 14:00:00,393.0256698470439
2011-05-29 15:00:00,389.9152070955368
2011-05-29 16:00:00,406.34705680238875
2011-05-29 17:00:00,367.0279889029226
2011-05-29 18:00:00,279.07473598478373
2011-05-29 19:00:00,249.73560867531313
2011-05-29 20:00:00,205.31586635321003
2011-05-29 21:00:00,180.54508109647628
2011-05-29 22:00:00,133.09962626610962
2011-05-29 23:00:00,91.19385125803254
2011-05-30 00:00:00,37.936221011760594
2011-05-30 01:00:00,30.493465040259657
2011-05-30 02:00:00,20.335306743643656
2011-05-30 03:00:00,9.629958704115511
2011-05-30 04:00:00,7.72578289829749
2011-05-30 05:00:00,12.883574948596893
2011-05-30 06:00:00,32.976545521221496
2011-05-30 07:00:00,74.52590953973323
2011-05-30 08:00:00,231.97027474052328
2011-05-30 09:00:00,225.95577296441246
2011-05-30 10:00:00,223.98827187180225
2011-05-30 11:00:00,270.50418507648425
2011-05-30 12:00:00,296.19807806312417
2011-05-30 13:00:00,308.2036780118586
2011-05-30 14:00:00,270.6200643852782
2011-05-30 15:00:00,302.20501027892226
2011-05-30 16:00:00,363.92500918493874
2011-05-30 17:00:00,391.81243493413746
2011-05-30 18:00:00,395.83086399920694
2011-05-30 19:00:00,325.9146069505212
2011-05-30 20:00:00,267.5585409378696
2011-05-30 21:00:00,240.45687044808312
2011-05-30 22:00:00,180.44006084341038
2011-05-30 23:00:00,76.99029016959852
2011-05-31 00:00:00,32.70463216839862
2011-05-31 01:00:00,14.250493920029667
2011-05-31 02:00:00,6.484283269504228
2011-05-31 03:00:00,3.4065103553158442
2011-05-31 04:00:00,5.5993488773319875
2011-05-31 05:00:00,28.67575470865706
2011-05-31 06:00:00,144.068711195899
2011-05-31 07:00:00,278.747499696562
2011-05-31 08:00:00,411.2819522809595
2011-05-31 09:00:00,193.19128669636032
2011-05-31 10:00:00,121.08268384957043
2011-05-31 11:00:00,118.80076659555844
2011-05-31 12:00:00,152.48200777501734
2011-05-31 13:00:00,152.29642109141383
2011-05-31 14:00:00,136.31233133365492
2011-05-31 15:00:00,161.8343748484427
2011-05-31 16:00:00,233.38948872039512
2011-05-31 17:00:00,520.556985123678
2011-05-31 18:00:00,513.6647310541689
2011-05-31 19:00:00,400.373618658735
2011-05-31 20:00:00,277.7064313703412
2011-05-31 21:00:00,225.24583201505462
2011-05-31 22:00:00,174.9836556298371
2011-05-31 23:00:00,109.01912636476239
2011-06-20 00:00:00,36.632300556540486
2011-06-20 01:00:00,14.447599188182274
2011-06-20 02:00:00,7.97951166215489
2011-06-20 03:00:00,3.892666261283723
2011-06-20 04:00:00,4.889812721082013
2011-06-20 05:00:00,23.249221709833307
2011-06-20 06:00:00,106.35800573350433
2011-06-20 07:00:00,191.9623155166176
2011-06-20 08:00:00,345.524735773337
2011-06-20 09:00:00,230.93451875889681
2011-06-20 10:00:00,124.24045313393447
2011-06-20 11:00:00,156.92729948852573
2011-06-20 12:00:00,214.75216222380388
2011-06-20 13:00:00,202.48179380604293
2011-06-20 14:00:00,206.73711188200795
2011-06-20 15:00:00,221.17775752943345
2011-06-20 16:00:00,295.34632897603115
2011-06-20 17:00:00,574.6102642470049
2011-06-20 18:00:00,588.5841296425028
2011-06-20 19:00:00,430.67670749926776
2011-06-20 20:00:00,302.6627519140903
2011-06-20 21:00:00,237.1809448404067
2011-06-20 22:00:00,149.19258784799203
2011-06-20 23:00:00,77.63226760400714
2011-06-21 00:00:00,33.5052073943378
2011-06-21 01:00:00,12.497142149386912
2011-06-21 02:00:00,5.7884186679286405
2011-06-21 03:00:00,3.580141850245203
2011-06-21 04:00:00,5.907167802557532
2011-06-21 05:00:00,26.5307480325584
2011-06-21 06:00:00,110.6573253462691
2011-06-21 07:00:00,223.69095560918473
2011-06-21 08:00:00,479.93967427447404
2011-06-21 09:00:00,220.09286977326545
2011-06-21 10:00:00,120.7076883715486
2011-06-21 11:00:00,146.02844783904
2011-06-21 12:00:00,204.37993154181993
2011-06-21 13:00:00,204.03641734597537
2011-06-21 14:00:00,212.25709493460596
2011-06-21 15:00:00,221.32030118017866
2011-06-21 16:00:00,346.35103136557746
2011-06-21 17:00:00,670.3828125382015
2011-06-21 18:00:00,758.4156843457647
2011-06-21 19:00:00,562.4676098579401
2011-06-21 20:00:00,338.15328619343126
2011-06-21 21:00:00,284.05200728160133
2011-06-21 22:00:00,167.4473857716451
2011-06-21 23:00:00,114.95614478339314
2011-06-22 00:00:00,43.200937749682275
2011-06-22 01:00:00,18.636832145366387
2011-06-22 02:00:00,9.049577753922051
2011-06-22 03:00:00,6.392290777091785
2011-06-22 04:00:00,5.826878340355002
2011-06-22 05:00:00,27.01994854018243
2011-06-22 06:00:00,148.81131665803596
2011-06-22 07:00:00,391.1818835158139
2011-06-22 08:00:00,598.0889787469131
2011-06-22 09:00:00,282.49822267612575
2011-06-22 10:00:00,143.9872206128604
2011-06-22 11:00:00,163.50452091751131
2011-06-22 12:00:00,254.0074442573657
2011-06-22 13:00:00,222.30870370838065
2011-06-22 14:00:00,210.52097154470576
2011-06-22 15:00:00,220.84814019228847
2011-06-22 16:00:00,318.917423287603
2011-06-22 17:00:00,765.5536634526345
2011-06-22 18:00:00,769.4933878739955
2011-06-22 19:00:00,605.1758032766531
2011-06-22 20:00:00,344.6092416451503
2011-06-22 21:00:00,250.91175204849802
2011-06-22 22:00:00,176.7900199405613
2011-06-22 23:00:00,116.1858123048523
2011-06-23 00:00:00,42.38195094041642
2011-06-23 01:00:00,19.52371261596574
2011-06-23 02:00:00,9.998869849669047
2011-06-23 03:00:00,5.493407008323749
2011-06-23 04:00:00,6.711313245582456
2011-06-23 05:00:00,33.12515903959339
2011-06-23 06:00:00,145.98913486551942
2011-06-23 07:00:00,389.13241726701665
2011-06-23 08:00:00,515.5357809474328
2011-06-23 09:00:00,272.83896426047517
2011-06-23 10:00:00,172.87411817661226
2011-06-23 11:00:00,133.32503832443183
2011-06-23 12:00:00,227.34553276642717
2011-06-23 13:00:00,217.28593268127435
2011-06-23 14:00:00,191.42291117649228
2011-06-23 15:00:00,224.83088593127283
2011-06-23 16:00:00,325.5512156902775
2011-06-23 17:00:00,643.0381579009493
2011-06-23 18:00:00,668.9277487129589
2011-06-23 19:00:00,484.50849872805736
2011-06-23 20:00:00,315.0529912659072
2011-06-23 21:00:00,259.630827961504
2011-06-23 22:00:00,194.42148117957393
2011-06-23 23:00:00,130.9260647357061
2011-06-24 00:00:00,61.28776543482559
2011-06-24 01:00:00,25.92709170368712
2011-06-24 02:00:00,13.38564085024965
2011-06-24 03:00:00,7.643848576719262
2011-06-24 04:00:00,6.555656674687734
2011-06-24 05:00:00,28.146233926409266
2011-06-24 06:00:00,119.55769930256942
2011-06-24 07:00:00,289.3100535606247
2011-06-24 08:00:00,545.1905806747972
2011-06-24 09:00:00,304.82386334576967
2011-06-24 10:00:00,183.57754213799603
2011-06-24 11:00:00,227.8191732060741
2011-06-24 12:00:00,286.04448956590545
2011-06-24 13:00:00,296.74535948964063
2011-06-24 14:00:00,243.72762544798286
2011-06-24 15:00:00,322.3326809798958
2011-06-24 16:00:00,415.67843878089093
2011-06-24 17:00:00,719.5947148525049
2011-06-24 18:00:00,625.6090856555417
2011-06-24 19:00:00,470.8287403728606
2011-06-24 20:00:00,344.6707298550769
2011-06-24 21:00:00,264.65458875606805
2011-06-24 22:00:00,244.71434297950515
2011-06-24 23:00:00,176.9629523304282
2011-06-25 00:00:00,161.74566490179035
2011-06-25 01:00:00,118.46151189675138
2011-06-25 02:00:00,74.26216758709545
2011-06-25 03:00:00,31.992579125235036
2011-06-25 04:00:00,10.300309735222905
2011-06-25 05:00:00,12.613171649825835
2011-06-25 06:00:00,26.049972814383175
2011-06-25 07:00:00,64.04810827169455
2011-06-25 08:00:00,155.76508796650387
2011-06-25 09:00:00,270.17638253055026
2011-06-25 10:00:00,394.22136255327496
2011-06-25 11:00:00,463.9807134740432
2011-06-25 12:00:00,552.8000612677769
2011-06-25 13:00:00,571.3823871916388
2011-06-25 14:00:00,502.1610411865652
2011-06-25 15:00:00,540.7374246892633
2011-06-25 16:00:00,514.5165298562591
2011-06-25 17:00:00,525.2428927074632
2011-06-25 18:00:00,464.3437760593802
2011-06-25 19:00:00,360.2902404134418
2011-06-25 20:00:00,310.2015059047825
2011-06-25 21:00:00,280.17855552147324
2011-06-25 22:00:00,243.4786793623665
2011-06-25 23:00:00,172.77409933802548
2011-06-26 00:00:00,179.2147320580787
2011-06-26 01:00:00,138.9009651416651
2011-06-26 02:00:00,97.72721503624757
2011-06-26 03:00:00,40.44859189307554
2011-06-26 04:00:00,11.251676940957339
2011-06-26 05:00:00,11.075282171742181
2011-06-26 06:00:00,17.683590717852475
2011-06-26 07:00:00,45.2945348627952
2011-06-26 08:00:00,103.87329509303518
2011-06-26 09:00:00,239.05712375582067
2011-06-26 10:00:00,380.4570785198349
2011-06-26 11:00:00,496.3743696718074
2011-06-26 12:00:00,571.2437858886298
2011-06-26 13:00:00,562.3252518109423
2011-06-26 14:00:00,533.7614186815297
2011-06-26 15:00:00,517.7348879407288
2011-06-26 16:00:00,522.3110649766253
2011-06-26 17:00:00,546.3950449268301
2011-06-26 18:00:00,448.4160774265133
2011-06-26 19:00:00,403.6863542158817
2011-06-26 20:00:00,313.28123224594657
2011-06-26 21:00:00,242.06271663008962
2011-06-26 22:00:00,165.15369909941785
2011-06-26 23:00:00,113.55915965757092
2011-06-27 00:00:00,31.37110469071618
2011-06-27 01:00:00,15.153500533897304
2011-06-27 02:00:00,8.008059985898846
2011-06-27 03:00:00,4.762360412222953
2011-06-27 04:00:00,6.478455717427097
2011-06-27 05:00:00,25.789494716712742
2011-06-27 06:00:00,112.3250850108918
2011-06-27 07:00:00,322.62701688544684
2011-06-27 08:00:00,523.4304092772378
2011-06-27 09:00:00,301.9883018488268
2011-06-27 10:00:00,182.17338171625474
2011-06-27 11:00:00,181.28046722823356
2011-06-27 12:00:00,261.9759671244695
2011-06-27 13:00:00,231.80589950536233
2011-06-27 14:00:00,204.81945980820606
2011-06-27 15:00:00,228.00240098455487
2011-06-27 16:00:00,328.88044132658933
2011-06-27 17:00:00,640.3378003472089
2011-06-27 18:00:00,597.2949737488394
2011-06-27 19:00:00,526.379649541182
2011-06-27 20:00:00,319.64355432427817
2011-06-27 21:00:00,218.4693000479402
2011-06-27 22:00:00,152.28369533715193
2011-06-27 23:00:00,86.58261371158615
2011-06-28 00:00:00,38.69603850933908
2011-06-28 01:00:00,15.48966088224398
2011-06-28 02:00:00,8.860475245419162
2011-06-28 03:00:00,5.502684962930591
2011-06-28 04:00:00,6.347792541211334
2011-06-28 05:00:00,31.062862991504325
2011-06-28 06:00:00,140.9608312365361
2011-06-28 07:00:00,376.6994235106633
2011-06-28 08:00:00,580.0939994383376
2011-06-28 09:00:00,252.34401962292023
2011-06-28 10:00:00,160.07984782621625
2011-06-28 11:00:00,168.8213556963816
2011-06-28 12:00:00,208.54582474655015
2011-06-28 13:00:00,210.4561476750163
2011-06-28 14:00:00,197.73240032840968
2011-06-28 15:00:00,208.81927903035412
2011-06-28 16:00:00,287.89668103486207
2011-06-28 17:00:00,537.0997182840048
2011-06-28 18:00:00,576.7303503477
2011-06-28 19:00:00,561.4156778427729
2011-06-28 20:00:00,340.3550034896726
2011-06-28 21:00:00,260.80694698647676
2011-06-28 22:00:00,178.47469213396775
2011-06-28 23:00:00,112.08482298716709
2011-06-29 00:00:00,38.45606570670167
2011-06-29 01:00:00,15.96417561129889
2011-06-29 02:00:00,8.571945290143805
2011-06-29 03:00:00,5.42639050538005
2011-06-29 04:00:00,6.456000694158667
2011-06-29 05:00:00,30.31445315094555
2011-06-29 06:00:00,151.3369173307555
2011-06-29 07:00:00,419.80610440310994
2011-06-29 08:00:00,606.9852828166327
2011-06-29 09:00:00,344.2417732718011
2011-06-29 10:00:00,151.08015120907487
2011-06-29 11:00:00,182.81147162220057
2011-06-29 12:00:00,235.5269222914608
2011-06-29 13:00:00,202.52456081100144
2011-06-29 14:00:00,203.8512393044898
2011-06-29 15:00:00,207.72826036129226
2011-06-29 16:00:00,321.57287381966927
2011-06-29 17:00:00,618.9127823839879
2011-06-29 18:00:00,588.9738677616111
2011-06-29 19:00:00,537.155732320916
2011-06-29 20:00:00,390.2243717324919
2011-06-29 21:00:00,329.48258164404467
2011-06-29 22:00:00,229.31284877625183
2011-06-29 23:00:00,137.85892896496227
2011-06-30 00:00:00,54.84032417421281
2011-06-30 01:00:00,23.45345595413127
2011-06-30 02:00:00,11.075937320961009
2011-06-30 03:00:00,6.172307818237767
2011-06-30 04:00:00,7.002278583956986
2011-06-30 05:00:00,34.79997463657702
2011-06-30 06:00:00,151.31611615505923
2011-06-30 07:00:00,391.16859139317756
2011-06-30 08:00:00,576.8067511333677
2011-06-30 09:00:00,304.5909722971436
2011-06-30 10:00:00,170.3276896614492
2011-06-30 11:00:00,210.49109729013074
2011-06-30 12:00:00,240.5275278506365
2011-06-30 13:00:00,223.94907116417585
2011-06-30 14:00:00,207.98035837644247
2011-06-30 15:00:00,201.231221445873
2011-06-30 16:00:00,338.2508531708248
2011-06-30 17:00:00,608.4418127962705
2011-06-30 18:00:00,625.5422753662504
2011-06-30 19:00:00,524.3811812054925
2011-06-30 20:00:00,371.6963544076341
2011-06-30 21:00:00,324.74947369585414
2011-06-30 22:00:00,239.56175150442326
2011-06-30 23:00:00,152.7526534378403
2011-07-20 00:00:00,40.78920596812817
2011-07-20 01:00:00,17.17705830311847
2011-07-20 02:00:00,8.578843665366689
2011-07-20 03:00:00,5.8805229263602365
2011-07-20 04:00:00,6.360995700381134
2011-07-20 05:00:00,33.368619724231415
2011-07-20 06:00:00,131.24557762445326
2011-07-20 07:00:00,395.98747342283485
2011-07-20 08:00:00,559.4780505029469
2011-07-20 09:00:00,269.52839502833643
2011-07-20 10:00:00,153.97148005914684
2011-07-20 11:00:00,172.53765449669635
2011-07-20 12:00:00,209.19651575683557
2011-07-20 13:00:00,183.80934851438514
2011-07-20 14:00:00,178.07769413837167
2011-07-20 15:00:00,198.73082943904947
2011-07-20 16:00:00,285.27317625041053
2011-07-20 17:00:00,543.4701911521856
2011-07-20 18:00:00,575.9935325450655
2011-07-20 19:00:00,406.51626311900526
2011-07-20 20:00:00,319.3131394711822
2011-07-20 21:00:00,285.06984247044113
2011-07-20 22:00:00,217.48855903415932
2011-07-20 23:00:00,135.15301447328517
2011-07-21 00:00:00,45.207098298571374
2011-07-21 01:00:00,17.839655590430002
2011-07-21 02:00:00,9.425984620877841
2011-07-21 03:00:00,5.674871482253785
2011-07-21 04:00:00,6.995853894618048
2011-07-21 05:00:00,34.3213888002216
2011-07-21 06:00:00,152.1654770146239
2011-07-21 07:00:00,397.60639802569267
2011-07-21 08:00:00,571.3813993487513
2011-07-21 09:00:00,255.19958387102227
2011-07-21 10:00:00,124.99579700539101
2011-07-21 11:00:00,136.94284378700263
2011-07-21 12:00:00,170.5219008051772
2011-07-21 13:00:00,163.176527388625
2011-07-21 14:00:00,162.50577333322397
2011-07-21 15:00:00,185.41566530428378
2011-07-21 16:00:00,272.9555266789047
2011-07-21 17:00:00,528.3080547916395
2011-07-21 18:00:00,501.35188130809524
2011-07-21 19:00:00,370.543415238989
2011-07-21 20:00:00,278.02057143836
2011-07-21 21:00:00,240.45880650549273
2011-07-21 22:00:00,197.10092519669917
2011-07-21 23:00:00,151.61303659619512
2011-07-22 00:00:00,74.2728749262774
2011-07-22 01:00:00,35.855143148395165
2011-07-22 02:00:00,17.699801053278556
2011-07-22 03:00:00,9.067205415728289
2011-07-22 04:00:00,7.758526799119469
2011-07-22 05:00:00,34.432033352109066
2011-07-22 06:00:00,136.97544872602558
2011-07-22 07:00:00,347.1250215080224
2011-07-22 08:00:00,475.2531208354332
2011-07-22 09:00:00,256.44492313651637
2011-07-22 10:00:00,165.72780334858146
2011-07-22 11:00:00,190.62778846813532
2011-07-22 12:00:00,221.18069824959173
2011-07-22 13:00:00,205.83543923107584
2011-07-22 14:00:00,176.71665568195485
2011-07-22 15:00:00,203.86578959381941
2011-07-22 16:00:00,292.0663205992912
2011-07-22 17:00:00,538.5766807943775
2011-07-22 18:00:00,619.2588251532289
2011-07-22 19:00:00,474.57557853541294
2011-07-22 20:00:00,285.3531239790905
2011-07-22 21:00:00,260.43822617737186
2011-07-22 22:00:00,231.87051545872353
2011-07-22 23:00:00,176.65013140241032
2011-07-23 00:00:00,140.07364652608683
2011-07-23 01:00:00,111.42014466755724
2011-07-23 02:00:00,74.18897530334525
2011-07-23 03:00:00,32.058691328152456
2011-07-23 04:00:00,10.70955910620621
2011-07-23 05:00:00,12.28987771946846
2011-07-23 06:00:00,25.450019313700054
2011-07-23 07:00:00,62.219243948116066
2011-07-23 08:00:00,136.682129357296
2011-07-23 09:00:00,215.32759083223087
2011-07-23 10:00:00,341.63953737817826
2011-07-23 11:00:00,406.6277425599428
2011-07-23 12:00:00,437.42908175855894
2011-07-23 13:00:00,414.63712333443334
2011-07-23 14:00:00,419.03244974436376
2011-07-23 15:00:00,394.2197380170442
2011-07-23 16:00:00,398.9947628191608
2011-07-23 17:00:00,363.8540238374124
2011-07-23 18:00:00,345.5096238731467
2011-07-23 19:00:00,334.78944385556565
2011-07-23 20:00:00,270.94981462121274
2011-07-23 21:00:00,246.0870698847018
2011-07-23 22:00:00,226.57805637017884
2011-07-23 23:00:00,193.79238015311603
2011-07-24 00:00:00,173.87935037779917
2011-07-24 01:00:00,119.11711197628033
2011-07-24 02:00:00,82.65266622424141
2011-07-24 03:00:00,38.638912408605734
2011-07-24 04:00:00,11.180497742196469
2011-07-24 05:00:00,11.374037799635207
2011-07-24 06:00:00,18.43914982047907
2011-07-24 07:00:00,47.26326915719602
2011-07-24 08:00:00,92.47396872231685
2011-07-24 09:00:00,182.94556121311996
2011-07-24 10:00:00,259.7940187464153
2011-07-24 11:00:00,365.27855066145105
2011-07-24 12:00:00,393.3197994489354
2011-07-24 13:00:00,434.4064264790305
2011-07-24 14:00:00,373.2980913829942
2011-07-24 15:00:00,379.0587851059456
2011-07-24 16:00:00,380.60595347418797
2011-07-24 17:00:00,390.5715607455391
2011-07-24 18:00:00,362.704023305798
2011-07-24 19:00:00,298.6841035400485
2011-07-24 20:00:00,241.68591418999247
2011-07-24 21:00:00,194.54202519107514
2011-07-24 22:00:00,148.80308885544622
2011-07-24 23:00:00,111.42444068045818
2011-07-25 00:00:00,42.22338532411808
2011-07-25 01:00:00,16.606454008255373
2011-07-25 02:00:00,9.200795286412976
2011-07-25 03:00:00,4.891685505097808
2011-07-25 04:00:00,6.4990896598498225
2011-07-25 05:00:00,27.479637601345843
2011-07-25 06:00:00,125.47238764125802
2011-07-25 07:00:00,318.7512035101551
2011-07-25 08:00:00,494.61852866816196
2011-07-25 09:00:00,228.1543703391452
2011-07-25 10:00:00,135.8091472973494
2011-07-25 11:00:00,157.30379614600216
2011-07-25 12:00:00,207.16931578354354
2011-07-25 13:00:00,227.6405370624069
2011-07-25 14:00:00,178.5199114344884
2011-07-25 15:00:00,144.52167977386566
2011-07-25 16:00:00,255.98379753737683
2011-07-25 17:00:00,603.0988296036684
2011-07-25 18:00:00,646.6792098174269
2011-07-25 19:00:00,473.2124773516895
2011-07-25 20:00:00,342.38753670847757
2011-07-25 21:00:00,171.82278646531466
2011-07-25 22:00:00,125.00991979969521
2011-07-25 23:00:00,76.72823015748126
2011-07-26 00:00:00,34.76987139990222
2011-07-26 01:00:00,15.227191887578787
2011-07-26 02:00:00,7.980402905181944
2011-07-26 03:00:00,5.071674148480717
2011-07-26 04:00:00,5.9869964390547645
2011-07-26 05:00:00,30.210568327835478
2011-07-26 06:00:00,134.93333632423477
2011-07-26 07:00:00,362.61128118984936
2011-07-26 08:00:00,492.1496107582326
2011-07-26 09:00:00,277.67853700535204
2011-07-26 10:00:00,161.7919234759948
2011-07-26 11:00:00,163.90257835144737
2011-07-26 12:00:00,209.7717281966568
2011-07-26 13:00:00,207.65755833468756
2011-07-26 14:00:00,178.334161857642
2011-07-26 15:00:00,201.19663073741677
2011-07-26 16:00:00,345.10553248544727
2011-07-26 17:00:00,667.4927016811887
2011-07-26 18:00:00,713.4258099187335
2011-07-26 19:00:00,487.2120826443932
2011-07-26 20:00:00,381.65483877356337
2011-07-26 21:00:00,289.32596067336453
2011-07-26 22:00:00,187.571590835944
2011-07-26 23:00:00,123.81323225433962
2011-07-27 00:00:00,43.7777192988314
2011-07-27 01:00:00,17.143386778056396
2011-07-27 02:00:00,7.408480787387476
2011-07-27 03:00:00,5.8898243291562675
2011-07-27 04:00:00,6.468860874404873
2011-07-27 05:00:00,34.54350020307212
2011-07-27 06:00:00,157.38937689026494
2011-07-27 07:00:00,439.4286760919073
2011-07-27 08:00:00,629.1871226983689
2011-07-27 09:00:00,283.5747586912188
2011-07-27 10:00:00,160.178268686066
2011-07-27 11:00:00,170.69329945335068
2011-07-27 12:00:00,201.74758024517163
2011-07-27 13:00:00,187.03350280676855
2011-07-27 14:00:00,178.82886591966135
2011-07-27 15:00:00,196.93227854313292
2011-07-27 16:00:00,307.9126279872949
2011-07-27 17:00:00,583.8642936201146
2011-07-27 18:00:00,610.5989778951384
2011-07-27 19:00:00,463.24268103860425
2011-07-27 20:00:00,395.16121156085404
2011-07-27 21:00:00,289.6113549777576
2011-07-27 22:00:00,225.33515609944493
2011-07-27 23:00:00,132.43134348359868
2011-07-28 00:00:00,56.33609766743145
2011-07-28 01:00:00,23.70942518025969
2011-07-28 02:00:00,11.985876194637074
2011-07-28 03:00:00,6.252644691112397
2011-07-28 04:00:00,7.163524399619623
2011-07-28 05:00:00,33.237244538380594
2011-07-28 06:00:00,157.65419119987337
2011-07-28 07:00:00,385.39550545824534
2011-07-28 08:00:00,525.899595470497
2011-07-28 09:00:00,266.28042054758
2011-07-28 10:00:00,146.81379909294057
2011-07-28 11:00:00,155.4170084672865
2011-07-28 12:00:00,223.5369219406852
2011-07-28 13:00:00,204.45242546075787
2011-07-28 14:00:00,201.98863346431818
2011-07-28 15:00:00,199.59269704493818
2011-07-28 16:00:00,329.6302611056279
2011-07-28 17:00:00,639.9917110893521
2011-07-28 18:00:00,596.3421768288101
2011-07-28 19:00:00,480.8910072094028
2011-07-28 20:00:00,371.3894196698745
2011-07-28 21:00:00,297.12142621519735
2011-07-28 22:00:00,244.29891850628707
2011-07-28 23:00:00,156.818677366018
2011-07-29 00:00:00,70.2942806188606
2011-07-29 01:00:00,34.95441247293839
2011-07-29 02:00:00,17.318837968193858
2011-07-29 03:00:00,8.543320058621857
2011-07-29 04:00:00,7.932253198717174
2011-07-29 05:00:00,34.48073061310631
2011-07-29 06:00:00,139.09936177738868
2011-07-29 07:00:00,363.65600612058046
2011-07-29 08:00:00,697.0929334437673
2011-07-29 09:00:00,272.8588107686097
2011-07-29 10:00:00,159.30391911550873
2011-07-29 11:00:00,198.31063319304607
2011-07-29 12:00:00,216.8863199199862
2011-07-29 13:00:00,239.10275945865777
2011-07-29 14:00:00,190.6342520799865
2011-07-29 15:00:00,212.52464147730655
2011-07-29 16:00:00,320.95031920402204
2011-07-29 17:00:00,469.2551559328805
2011-07-29 18:00:00,522.2944529754418
2011-07-29 19:00:00,399.53015925149595
2011-07-29 20:00:00,297.4114054302597
2011-07-29 21:00:00,274.60544453764226
2011-07-29 22:00:00,238.99358524351993
2011-07-29 23:00:00,183.81050864932382
2011-07-30 00:00:00,130.6419436782356
2011-07-30 01:00:00,101.48347164544982
2011-07-30 02:00:00,69.84966784633279
2011-07-30 03:00:00,31.389017857523303
2011-07-30 04:00:00,9.838627979876925
2011-07-30 05:00:00,12.000738390854279
2011-07-30 06:00:00,25.31078086337598
2011-07-30 07:00:00,60.32260667308637
2011-07-30 08:00:00,141.84020117490311
2011-07-30 09:00:00,221.0182052863991
2011-07-30 10:00:00,339.9835492775181
2011-07-30 11:00:00,415.6312732587861
2011-07-30 12:00:00,477.712528412779
2011-07-30 13:00:00,471.2772298758783
2011-07-30 14:00:00,447.25031403060643
2011-07-30 15:00:00,472.13987927117097
2011-07-30 16:00:00,470.0016522649292
2011-07-30 17:00:00,417.73585370258144
2011-07-30 18:00:00,367.1604231903322
2011-07-30 19:00:00,391.21649591032656
2011-07-30 20:00:00,297.88029385625225
2011-07-30 21:00:00,263.8400428314123
2011-07-30 22:00:00,227.6440219115602
2011-07-30 23:00:00,177.41140192410597
2011-07-31 00:00:00,159.48414706799838
2011-07-31 01:00:00,125.31234659196176
2011-07-31 02:00:00,87.15175878410906
2011-07-31 03:00:00,37.5988105831397
2011-07-31 04:00:00,11.17943963496618
2011-07-31 05:00:00,11.159888530293674
2011-07-31 06:00:00,17.815022770239143
2011-07-31 07:00:00,45.83759205511702
2011-07-31 08:00:00,91.02374144352532
2011-07-31 09:00:00,204.81997433870927
2011-07-31 10:00:00,323.1739854350341
2011-07-31 11:00:00,367.91248783396406
2011-07-31 12:00:00,448.37716981470885
2011-07-31 13:00:00,465.1620771540949
2011-07-31 14:00:00,457.9602562002911
2011-07-31 15:00:00,376.67048490008966
2011-07-31 16:00:00,366.9288829345124
2011-07-31 17:00:00,351.35118295650153
2011-07-31 18:00:00,343.7391824720806
2011-07-31 19:00:00,273.7431392038391
2011-07-31 20:00:00,216.53776541140843
2011-07-31 21:00:00,187.3083785426688
2011-07-31 22:00:00,145.81365166900315
2011-07-31 23:00:00,101.61911642775141
2011-08-20 00:00:00,111.17038938362242
2011-08-20 01:00:00,98.0305528505152
2011-08-20 02:00:00,75.54736181339678
2011-08-20 03:00:00,32.206840003788024
2011-08-20 04:00:00,8.485247074695183
2011-08-20 05:00:00,12.119899048968685
2011-08-20 06:00:00,25.216187460340503
2011-08-20 07:00:00,60.30464848724917
2011-08-20 08:00:00,139.52078763101764
2011-08-20 09:00:00,232.69196072232677
2011-08-20 10:00:00,351.05322949593415
2011-08-20 11:00:00,415.80979848071365
2011-08-20 12:00:00,453.24547894308296
2011-08-20 13:00:00,465.011966727175
2011-08-20 14:00:00,494.0943677905873
2011-08-20 15:00:00,548.7543321553379
2011-08-20 16:00:00,500.4449254356588
2011-08-20 17:00:00,456.72691845962953
2011-08-20 18:00:00,386.32997438129763
2011-08-20 19:00:00,336.7186615694486
2011-08-20 20:00:00,281.2775651971067
2011-08-20 21:00:00,247.51471393341595
2011-08-20 22:00:00,171.48482773692677
2011-08-20 23:00:00,169.59469305151129
2011-08-21 00:00:00,135.03718843829927
2011-08-21 01:00:00,96.37879731953001
2011-08-21 02:00:00,78.23127574598102
2011-08-21 03:00:00,33.75757822302224
2011-08-21 04:00:00,9.093660449330057
2011-08-21 05:00:00,8.128060650422306
2011-08-21 06:00:00,13.84417687329295
2011-08-21 07:00:00,34.25468899085551
2011-08-21 08:00:00,88.9419059192191
2011-08-21 09:00:00,188.22348440406486
2011-08-21 10:00:00,281.6472592976506
2011-08-21 11:00:00,347.416793661271
2011-08-21 12:00:00,404.5219197502314
2011-08-21 13:00:00,447.88511859726987
2011-08-21 14:00:00,227.97647021071475
2011-08-21 15:00:00,295.682175854047
2011-08-21 16:00:00,366.1064114596837
2011-08-21 17:00:00,334.01099511357756
2011-08-21 18:00:00,273.43385808776827
2011-08-21 19:00:00,305.44386215162046
2011-08-21 20:00:00,178.6750090069659
2011-08-21 21:00:00,156.0733359813887
2011-08-21 22:00:00,124.4260676891856
2011-08-21 23:00:00,96.49191347249365
2011-08-22 00:00:00,34.53038412432602
2011-08-22 01:00:00,15.819524748074107
2011-08-22 02:00:00,9.791437687141258
2011-08-22 03:00:00,5.696305152192131
2011-08-22 04:00:00,6.430234186017559
2011-08-22 05:00:00,24.632384336630686
2011-08-22 06:00:00,111.24278786306539
2011-08-22 07:00:00,310.9993314269935
2011-08-22 08:00:00,478.5087905985225
2011-08-22 09:00:00,277.3391350912154
2011-08-22 10:00:00,144.67635034464243
2011-08-22 11:00:00,177.4378981262497
2011-08-22 12:00:00,254.2337565588333
2011-08-22 13:00:00,219.41957696149396
2011-08-22 14:00:00,210.43820299999527
2011-08-22 15:00:00,216.38573529582746
2011-08-22 16:00:00,351.15861070132325
2011-08-22 17:00:00,638.1882276724843
2011-08-22 18:00:00,630.9979273933409
2011-08-22 19:00:00,442.5833553909652
2011-08-22 20:00:00,368.8458162708199
2011-08-22 21:00:00,257.7588712956973
2011-08-22 22:00:00,162.66154531710785
2011-08-22 23:00:00,98.03953289820382
2011-08-23 00:00:00,40.390923342515435
2011-08-23 01:00:00,17.126459894698726
2011-08-23 02:00:00,8.490970455681024
2011-08-23 03:00:00,5.1160018685402715
2011-08-23 04:00:00,6.505075462971705
2011-08-23 05:00:00,32.64919070833939
2011-08-23 06:00:00,155.4052369552789
2011-08-23 07:00:00,407.93126031703866
2011-08-23 08:00:00,581.6055141936014
2011-08-23 09:00:00,336.6055301969821
2011-08-23 10:00:00,187.4651711353741
2011-08-23 11:00:00,204.61774856673821
2011-08-23 12:00:00,272.8557719472452
2011-08-23 13:00:00,243.96151973421954
2011-08-23 14:00:00,226.12277965072076
2011-08-23 15:00:00,274.34818838353505
2011-08-23 16:00:00,388.9968023990112
2011-08-23 17:00:00,820.7803095633265
2011-08-23 18:00:00,808.0123670615014
2011-08-23 19:00:00,547.472100944818
2011-08-23 20:00:00,391.52441674219483
2011-08-23 21:00:00,270.3587626722636
2011-08-23 22:00:00,202.08234283663853
2011-08-23 23:00:00,120.45143879881891
2011-08-24 00:00:00,47.419227491589744
2011-08-24 01:00:00,18.795977671763563
2011-08-24 02:00:00,8.688736213418544
2011-08-24 03:00:00,5.949180040322954
2011-08-24 04:00:00,7.317784591512154
2011-08-24 05:00:00,38.98262586765957
2011-08-24 06:00:00,169.67719337449037
2011-08-24 07:00:00,421.4496483300577
2011-08-24 08:00:00,579.541348726547
2011-08-24 09:00:00,298.21508945776725
2011-08-24 10:00:00,147.54444222900193
2011-08-24 11:00:00,178.85485858190572
2011-08-24 12:00:00,197.6910309804746
2011-08-24 13:00:00,221.38555394929455
2011-08-24 14:00:00,205.32628306120992
2011-08-24 15:00:00,226.52034960099925
2011-08-24 16:00:00,343.3404063399577
2011-08-24 17:00:00,665.3366487153986
2011-08-24 18:00:00,599.3672483144086
2011-08-24 19:00:00,444.7782756403443
2011-08-24 20:00:00,335.3707650019249
2011-08-24 21:00:00,291.21491803619546
2011-08-24 22:00:00,197.51160542059552
2011-08-24 23:00:00,120.50329670568365
2011-08-25 00:00:00,46.7981832315203
2011-08-25 01:00:00,22.298133748599177
2011-08-25 02:00:00,10.785359742477846
2011-08-25 03:00:00,5.6221241320922735
2011-08-25 04:00:00,7.287226351626157
2011-08-25 05:00:00,27.829315963569517
2011-08-25 06:00:00,127.59928983454876
2011-08-25 07:00:00,361.95687767516347
2011-08-25 08:00:00,545.342262905996
2011-08-25 09:00:00,251.01370068863628
2011-08-25 10:00:00,143.62144304519464
2011-08-25 11:00:00,108.30461023903324
2011-08-25 12:00:00,128.30115645852956
2011-08-25 13:00:00,178.53369674075688
2011-08-25 14:00:00,198.41866337829137
2011-08-25 15:00:00,221.40994957643704
2011-08-25 16:00:00,307.3494735626537
2011-08-25 17:00:00,583.4780884581793
2011-08-25 18:00:00,594.4096761317535
2011-08-25 19:00:00,348.4095086842011
2011-08-25 20:00:00,262.9214524105641
2011-08-25 21:00:00,217.3401918067987
2011-08-25 22:00:00,169.71131710843338
2011-08-25 23:00:00,112.32271706046305
2011-08-26 00:00:00,57.79977255726086
2011-08-26 01:00:00,27.558947463115278
2011-08-26 02:00:00,13.648571352993997
2011-08-26 03:00:00,6.997850594433638
2011-08-26 04:00:00,5.712160348051896
2011-08-26 05:00:00,24.573278420398566
2011-08-26 06:00:00,100.56487287826704
2011-08-26 07:00:00,285.9732816964569
2011-08-26 08:00:00,528.4141283619081
2011-08-26 09:00:00,311.0498880259425
2011-08-26 10:00:00,174.37472502301873
2011-08-26 11:00:00,228.30091839054538
2011-08-26 12:00:00,281.356749993083
2011-08-26 13:00:00,269.6910564083869
2011-08-26 14:00:00,243.88532463704527
2011-08-26 15:00:00,291.1869446466206
2011-08-26 16:00:00,370.40719490969906
2011-08-26 17:00:00,577.9019964853843
2011-08-26 18:00:00,549.5115477867643
2011-08-26 19:00:00,356.0702064523339
2011-08-26 20:00:00,249.04151672165588
2011-08-26 21:00:00,228.38534373476026
2011-08-26 22:00:00,217.179503657984
2011-08-26 23:00:00,161.1359818184403
2011-08-27 00:00:00,142.21261844144757
2011-08-27 01:00:00,105.11067740268585
2011-08-27 02:00:00,72.25947165583166
2011-08-27 03:00:00,29.58410633306489
2011-08-27 04:00:00,10.191174680896856
2011-08-27 05:00:00,10.502790652583395
2011-08-27 06:00:00,23.149689452730872
2011-08-27 07:00:00,51.22405401938114
2011-08-27 08:00:00,140.30464999096577
2011-08-27 09:00:00,191.4273728680975
2011-08-27 10:00:00,273.5772272300143
2011-08-27 11:00:00,173.09591852970195
2011-08-27 12:00:00,195.62054896170685
2011-08-27 13:00:00,226.46224932469983
2011-08-27 14:00:00,144.55469845534958
2011-08-27 15:00:00,145.54240324974785
2011-08-27 16:00:00,142.89446989426108
2011-08-27 17:00:00,113.5274796338693
2011-08-28 07:00:00,19.566322311741303
2011-08-28 08:00:00,44.4208521667036
2011-08-28 09:00:00,184.4228669061421
2011-08-28 10:00:00,299.6166612824255
2011-08-28 11:00:00,399.0547984903719
2011-08-28 12:00:00,477.94372394145944
2011-08-28 13:00:00,501.60328383417414
2011-08-28 14:00:00,473.4853063969826
2011-08-28 15:00:00,467.28664335093964
2011-08-28 16:00:00,533.8680887499218
2011-08-28 17:00:00,464.6068937456915
2011-08-28 18:00:00,430.3887981061252
2011-08-28 19:00:00,341.29566175119066
2011-08-28 20:00:00,282.9684246430647
2011-08-28 21:00:00,220.50704489001436
2011-08-28 22:00:00,150.3047878437842
2011-08-28 23:00:00,99.50065598771421
2011-08-29 00:00:00,41.232744029566796
2011-08-29 01:00:00,16.66672747660755
2011-08-29 02:00:00,8.293175273416313
2011-08-29 03:00:00,5.757173371641655
2011-08-29 04:00:00,7.611348198224856
2011-08-29 05:00:00,33.313696118752816
2011-08-29 06:00:00,148.09070009261725
2011-08-29 07:00:00,357.197391997325
2011-08-29 08:00:00,492.3453992728181
2011-08-29 09:00:00,274.8922454811688
2011-08-29 10:00:00,163.98602669339115
2011-08-29 11:00:00,186.7933428484091
2011-08-29 12:00:00,290.6097804188464
2011-08-29 13:00:00,264.83393306372074
2011-08-29 14:00:00,220.2159926615235
2011-08-29 15:00:00,257.69509375772105
2011-08-29 16:00:00,391.76432833717223
2011-08-29 17:00:00,774.9465264489061
2011-08-29 18:00:00,691.3982228270734
2011-08-29 19:00:00,492.2310312807791
2011-08-29 20:00:00,354.9859859731533
2011-08-29 21:00:00,247.24947269119082
2011-08-29 22:00:00,169.72037263680147
2011-08-29 23:00:00,93.52448114452795
2011-08-30 00:00:00,36.288134644317424
2011-08-30 01:00:00,15.00243900258745
2011-08-30 02:00:00,8.008502800994892
2011-08-30 03:00:00,5.28251285123549
2011-08-30 04:00:00,7.779002752069295
2011-08-30 05:00:00,38.75503384462658
2011-08-30 06:00:00,155.85026187304464
2011-08-30 07:00:00,398.8411923315043
2011-08-30 08:00:00,598.8878507030984
2011-08-30 09:00:00,306.2952856676636
2011-08-30 10:00:00,189.2620691324759
2011-08-30 11:00:00,220.6757061206429
2011-08-30 12:00:00,270.5502106154146
2011-08-30 13:00:00,235.01724445768212
2011-08-30 14:00:00,221.6742082602993
2011-08-30 15:00:00,251.1759215987612
2011-08-30 16:00:00,389.4323447488828
2011-08-30 17:00:00,795.5538108710372
2011-08-30 18:00:00,754.4634869714603
2011-08-30 19:00:00,513.1021757866998
2011-08-30 20:00:00,366.6823603848023
2011-08-30 21:00:00,252.29070941347297
2011-08-30 22:00:00,190.57084098227918
2011-08-30 23:00:00,114.37100977698546
2011-08-31 00:00:00,41.54908322043025
2011-08-31 01:00:00,17.295071295078678
2011-08-31 02:00:00,9.353106457013409
2011-08-31 03:00:00,6.452110513579805
2011-08-31 04:00:00,7.242856581549949
2011-08-31 05:00:00,35.53937694106991
2011-08-31 06:00:00,191.57130621365351
2011-08-31 07:00:00,410.03787097607375
2011-08-31 08:00:00,586.2454636797814
2011-08-31 09:00:00,304.74814437475146
2011-08-31 10:00:00,176.4911855557643
2011-08-31 11:00:00,206.62997961801614
2011-08-31 12:00:00,241.80183163861955
2011-08-31 13:00:00,241.20718940644016
2011-08-31 14:00:00,216.51192030984942
2011-08-31 15:00:00,244.40135656809315
2011-08-31 16:00:00,354.73013933702384
2011-08-31 17:00:00,747.8949205969275
2011-08-31 18:00:00,687.5037679412472
2011-08-31 19:00:00,503.835182063414
2011-08-31 20:00:00,382.4575927279412
2011-08-31 21:00:00,302.69050861178255
2011-08-31 22:00:00,193.745790150408
2011-08-31 23:00:00,105.40987208474908
2011-09-20 00:00:00,34.11262121129194
2011-09-20 01:00:00,11.200852804940231
2011-09-20 02:00:00,6.547204318681615
2011-09-20 03:00:00,4.370380099972131
2011-09-20 04:00:00,5.770085222192653
2011-09-20 05:00:00,25.885316383633484
2011-09-20 06:00:00,110.81064442273771
2011-09-20 07:00:00,298.3419909368325
2011-09-20 08:00:00,212.02458321711526
2011-09-20 09:00:00,98.65598338818742
2011-09-20 10:00:00,70.65562772100556
2011-09-20 11:00:00,67.7659528568174
2011-09-20 12:00:00,92.9998957514246
2011-09-20 13:00:00,87.30480422028089
2011-09-20 14:00:00,108.97393577500651
2011-09-20 15:00:00,169.5773747804501
2011-09-20 16:00:00,213.70900934223994
2011-09-20 17:00:00,432.8382370074733
2011-09-20 18:00:00,441.41274479781765
2011-09-20 19:00:00,300.69733949700276
2011-09-20 20:00:00,166.2866582072096
2011-09-20 21:00:00,138.2550050937724
2011-09-20 22:00:00,102.3920411049147
2011-09-20 23:00:00,64.42991496311768
2011-09-21 00:00:00,19.097521844724323
2011-09-21 01:00:00,9.623899081976504
2011-09-21 02:00:00,5.647159161575139
2011-09-21 03:00:00,3.3234016399197
2011-09-21 04:00:00,3.1811306852252836
2011-09-21 05:00:00,13.726531837802257
2011-09-21 06:00:00,57.00607418004263
2011-09-21 07:00:00,149.7454579576905
2011-09-21 08:00:00,242.17025366129113
2011-09-21 09:00:00,122.28014013294259
2011-09-21 10:00:00,90.25050357920534
2011-09-21 11:00:00,112.78115006576604
2011-09-21 12:00:00,167.47588005768333
2011-09-21 13:00:00,195.63544541099944
2011-09-21 14:00:00,182.52820575062833
2011-09-21 15:00:00,201.01322771218324
2011-09-21 16:00:00,299.2455863545568
2011-09-21 17:00:00,404.1746570722385
2011-09-21 18:00:00,264.6374709835996
2011-09-21 19:00:00,109.9500385523543
2011-09-21 20:00:00,78.25720473372446
2011-09-21 21:00:00,88.19307375046465
2011-09-21 22:00:00,73.49437039840402
2011-09-21 23:00:00,63.02113124075387
2011-09-22 00:00:00,30.20431015828606
2011-09-22 01:00:00,10.759930248427167
2011-09-22 02:00:00,5.9424693858892255
2011-09-22 03:00:00,3.671144947254178
2011-09-22 04:00:00,4.34243539923783
2011-09-22 05:00:00,21.470473476590033
2011-09-22 06:00:00,69.2923665846515
2011-09-22 07:00:00,189.48879106164995
2011-09-22 08:00:00,261.9585162494812
2011-09-22 09:00:00,148.08138274926316
2011-09-22 10:00:00,113.99403198166928
2011-09-22 11:00:00,112.8134106883794
2011-09-22 12:00:00,173.28762235990965
2011-09-22 13:00:00,154.16861266637594
2011-09-22 14:00:00,138.75290639934622
2011-09-22 15:00:00,176.8337245530348
2011-09-22 16:00:00,307.80129356322004
2011-09-22 17:00:00,515.8771577286449
2011-09-22 18:00:00,392.23908580191676
2011-09-22 19:00:00,298.3301799768961
2011-09-22 20:00:00,153.4590738958931
2011-09-22 21:00:00,175.05105885507191
2011-09-22 22:00:00,88.47041155514724
2011-09-22 23:00:00,65.22476413886852
2011-09-23 00:00:00,46.44636785988954
2011-09-23 01:00:00,18.34759216149404
2011-09-23 02:00:00,9.76764867784336
2011-09-23 03:00:00,4.87064228016052
2011-09-23 04:00:00,4.531896596971482
2011-09-23 05:00:00,28.090266704572922
2011-09-23 06:00:00,103.28791325742091
2011-09-23 07:00:00,176.00613127124194
2011-09-23 08:00:00,299.16967654441174
2011-09-23 09:00:00,123.22446599835465
2011-09-23 10:00:00,76.11615985326054
2011-09-23 11:00:00,79.8551348902142
2011-09-23 12:00:00,142.97696544987414
2011-09-23 13:00:00,91.34942880265667
2011-09-23 14:00:00,85.21853055994978
2011-09-23 15:00:00,136.23074640060747
2011-09-23 16:00:00,176.41846238576636
2011-09-23 17:00:00,293.4876699673504
2011-09-23 18:00:00,279.4922742424311
2011-09-23 19:00:00,294.3114040698784
2011-09-23 20:00:00,210.89467822643616
2011-09-23 21:00:00,141.01542490607434
2011-09-23 22:00:00,174.36015942358128
2011-09-23 23:00:00,86.62764528521485
2011-09-24 00:00:00,126.65751796324612
2011-09-24 01:00:00,102.8931626166343
2011-09-24 02:00:00,76.5949979266026
2011-09-24 03:00:00,37.04613193822822
2011-09-24 04:00:00,15.230153178504
2011-09-24 05:00:00,14.635069004289297
2011-09-24 06:00:00,31.93345382989654
2011-09-24 07:00:00,77.33998004937519
2011-09-24 08:00:00,201.8309278030261
2011-09-24 09:00:00,301.2839802500673
2011-09-24 10:00:00,419.7210608126349
2011-09-24 11:00:00,523.9336646777863
2011-09-24 12:00:00,594.9822278176908
2011-09-24 13:00:00,631.5623161904693
2011-09-24 14:00:00,669.1216759754898
2011-09-24 15:00:00,675.7209931229398
2011-09-24 16:00:00,594.6115043990663
2011-09-24 17:00:00,563.5386061551254
2011-09-24 18:00:00,460.3413908088016
2011-09-24 19:00:00,339.9898909992508
2011-09-24 20:00:00,286.6648547154073
2011-09-24 21:00:00,263.2483558856511
2011-09-24 22:00:00,214.70256288457298
2011-09-24 23:00:00,173.46075593596558
2011-09-25 00:00:00,143.01446353813932
2011-09-25 01:00:00,120.76908173834241
2011-09-25 02:00:00,73.3628537565077
2011-09-25 03:00:00,34.22369194194616
2011-09-25 04:00:00,11.582715267743254
2011-09-25 05:00:00,14.71863530178381
2011-09-25 06:00:00,24.535326257583165
2011-09-25 07:00:00,52.20242282630722
2011-09-25 08:00:00,141.76984314352654
2011-09-25 09:00:00,244.5166832213932
2011-09-25 10:00:00,385.51875293181206
2011-09-25 11:00:00,612.5372210322254
2011-09-25 12:00:00,649.7040505310695
2011-09-25 13:00:00,641.9348304272847
2011-09-25 14:00:00,604.0838198580452
2011-09-25 15:00:00,579.4916975684515
2011-09-25 16:00:00,563.4821457517689
2011-09-25 17:00:00,477.8714075054601
2011-09-25 18:00:00,399.3584696704229
2011-09-25 19:00:00,298.4215529279061
2011-09-25 20:00:00,230.8782868451939
2011-09-25 21:00:00,183.1303633077965
2011-09-25 22:00:00,159.81760429699204
2011-09-25 23:00:00,100.18969663234608
2011-09-26 00:00:00,30.282170390442186
2011-09-26 01:00:00,16.242977459291318
2011-09-26 02:00:00,8.60408099440101
2011-09-26 03:00:00,4.560291695543911
2011-09-26 04:00:00,8.281000195686508
2011-09-26 05:00:00,34.178045039538674
2011-09-26 06:00:00,130.614990871684
2011-09-26 07:00:00,331.0100375871895
2011-09-26 08:00:00,552.7275661904188
2011-09-26 09:00:00,327.4414015048779
2011-09-26 10:00:00,186.41545256295151
2011-09-26 11:00:00,200.86679480021706
2011-09-26 12:00:00,267.8074632612364
2011-09-26 13:00:00,259.5431106884894
2011-09-26 14:00:00,243.35183457931095
2011-09-26 15:00:00,262.7358514857814
2011-09-26 16:00:00,359.98329962673654
2011-09-26 17:00:00,722.5058640492806
2011-09-26 18:00:00,612.3295256570905
2011-09-26 19:00:00,424.187601716121
2011-09-26 20:00:00,311.0090687721825
2011-09-26 21:00:00,211.9143973829923
2011-09-26 22:00:00,136.73534016996197
2011-09-26 23:00:00,82.23298879580373
2011-09-27 00:00:00,28.999591038855513
2011-09-27 01:00:00,13.134289621960306
2011-09-27 02:00:00,6.807224532806413
2011-09-27 03:00:00,4.193785952973589
2011-09-27 04:00:00,6.003297314424741
2011-09-27 05:00:00,23.114946826692456
2011-09-27 06:00:00,127.17471551196789
2011-09-27 07:00:00,342.09570909045806
2011-09-27 08:00:00,742.3453883120482
2011-09-27 09:00:00,238.32788418624338
2011-09-27 10:00:00,105.79014242031906
2011-09-27 11:00:00,213.33658876827852
2011-09-27 12:00:00,257.8158817900484
2011-09-27 13:00:00,262.7380604634243
2011-09-27 14:00:00,211.51432356847943
2011-09-27 15:00:00,223.5567931518705
2011-09-27 16:00:00,327.43243538024564
2011-09-27 17:00:00,779.1964420161263
2011-09-27 18:00:00,649.5530152468359
2011-09-27 19:00:00,497.6748155113945
2011-09-27 20:00:00,310.987857774818
2011-09-27 21:00:00,202.98131564345832
2011-09-27 22:00:00,159.26472908914175
2011-09-27 23:00:00,100.72193249216964
2011-09-28 00:00:00,37.20154500788834
2011-09-28 01:00:00,15.94333055342098
2011-09-28 02:00:00,7.26948826703295
2011-09-28 03:00:00,4.773993171928976
2011-09-28 04:00:00,7.414284198303268
2011-09-28 05:00:00,30.409396962459482
2011-09-28 06:00:00,63.77510671231545
2011-09-28 07:00:00,164.30370409577557
2011-09-28 08:00:00,244.7352121970323
2011-09-28 09:00:00,133.1853487341824
2011-09-28 10:00:00,125.38047062952495
2011-09-28 11:00:00,202.44967582245323
2011-09-28 12:00:00,268.25543298978107
2011-09-28 13:00:00,239.50085542642924
2011-09-28 14:00:00,295.6937274154923
2011-09-28 15:00:00,301.8519719289082
2011-09-28 16:00:00,436.5459159772333
2011-09-28 17:00:00,859.3702881991946
2011-09-28 18:00:00,396.2901103284788
2011-09-28 19:00:00,288.42392452616133
2011-09-28 20:00:00,154.6931768060111
2011-09-28 21:00:00,105.02545051304554
2011-09-28 22:00:00,151.1714194401582
2011-09-28 23:00:00,94.7253745098857
2011-09-29 00:00:00,36.33054239620604
2011-09-29 01:00:00,12.37816504714347
2011-09-29 02:00:00,6.5443526340188685
2011-09-29 03:00:00,4.247573243613452
2011-09-29 04:00:00,6.594883663896541
2011-09-29 05:00:00,31.958252511168592
2011-09-29 06:00:00,146.34126494276413
2011-09-29 07:00:00,439.068860853404
2011-09-29 08:00:00,656.0259965405876
2011-09-29 09:00:00,287.940068871488
2011-09-29 10:00:00,172.4995770173155
2011-09-29 11:00:00,207.77722350555123
2011-09-29 12:00:00,288.1774961118342
2011-09-29 13:00:00,250.35162234242944
2011-09-29 14:00:00,226.6657142892805
2011-09-29 15:00:00,268.6469691053386
2011-09-29 16:00:00,393.0888223314079
2011-09-29 17:00:00,721.1791841523245
2011-09-29 18:00:00,743.2895400831475
2011-09-29 19:00:00,478.37587817882803
2011-09-29 20:00:00,371.71726100991515
2011-09-29 21:00:00,263.80278135388204
2011-09-29 22:00:00,194.79268468468152
2011-09-29 23:00:00,117.3454241316199
2011-09-30 00:00:00,62.53182324570793
2011-09-30 01:00:00,32.64801634043724
2011-09-30 02:00:00,14.322298798698842
2011-09-30 03:00:00,7.4186848286411005
2011-09-30 04:00:00,7.404364808946798
2011-09-30 05:00:00,32.165006950893535
2011-09-30 06:00:00,118.45990682902942
2011-09-30 07:00:00,313.65062238731224
2011-09-30 08:00:00,626.214211765822
2011-09-30 09:00:00,292.76151007141107
2011-09-30 10:00:00,191.08921663279642
2011-09-30 11:00:00,239.01134544216495
2011-09-30 12:00:00,301.48235521399215
2011-09-30 13:00:00,300.1841912982045
2011-09-30 14:00:00,264.3746153165741
2011-09-30 15:00:00,262.49502126088584
2011-09-30 16:00:00,397.1606518731087
2011-09-30 17:00:00,629.62684160449
2011-09-30 18:00:00,486.65942151548893
2011-09-30 19:00:00,338.72596130344124
2011-09-30 20:00:00,241.60113076225196
2011-09-30 21:00:00,190.8340294887796
2011-09-30 22:00:00,176.61355631443953
2011-09-30 23:00:00,138.3134586823242
2011-10-20 00:00:00,29.612257512398198
2011-10-20 01:00:00,13.27971580433029
2011-10-20 02:00:00,5.6541048197018675
2011-10-20 03:00:00,3.825474820758557
2011-10-20 04:00:00,4.923165774272747
2011-10-20 05:00:00,23.96896039698446
2011-10-20 06:00:00,113.89355456162355
2011-10-20 07:00:00,362.29777420963336
2011-10-20 08:00:00,671.7959618717097
2011-10-20 09:00:00,276.83914999319575
2011-10-20 10:00:00,154.1278485171215
2011-10-20 11:00:00,178.69725253151938
2011-10-20 12:00:00,237.99254552110892
2011-10-20 13:00:00,206.62416070928106
2011-10-20 14:00:00,183.30178423514857
2011-10-20 15:00:00,187.54928158423698
2011-10-20 16:00:00,282.2842374473833
2011-10-20 17:00:00,572.6622814999854
2011-10-20 18:00:00,466.8962724059404
2011-10-20 19:00:00,378.8619309477421
2011-10-20 20:00:00,244.08367177315574
2011-10-20 21:00:00,195.2066980583264
2011-10-20 22:00:00,159.63036719585793
2011-10-20 23:00:00,110.41430011337164
2011-10-21 00:00:00,62.58372881158236
2011-10-21 01:00:00,30.20391168612516
2011-10-21 02:00:00,12.334396953365253
2011-10-21 03:00:00,8.21129753830082
2011-10-21 04:00:00,7.59706116773279
2011-10-21 05:00:00,28.55498527950697
2011-10-21 06:00:00,141.88069479051399
2011-10-21 07:00:00,397.09716833840434
2011-10-21 08:00:00,639.128965921204
2011-10-21 09:00:00,286.0506941604551
2011-10-21 10:00:00,185.4727321108683
2011-10-21 11:00:00,226.2058613207628
2011-10-21 12:00:00,261.5370160035622
2011-10-21 13:00:00,255.00467374149486
2011-10-21 14:00:00,236.530024697507
2011-10-21 15:00:00,240.55988937428623
2011-10-21 16:00:00,332.82898033488635
2011-10-21 17:00:00,529.220685238261
2011-10-21 18:00:00,457.53476760754836
2011-10-21 19:00:00,351.37795591762676
2011-10-21 20:00:00,239.51384667146237
2011-10-21 21:00:00,186.10988563611798
2011-10-21 22:00:00,191.89031867734045
2011-10-21 23:00:00,145.9070404188289
2011-10-22 00:00:00,114.65727594566972
2011-10-22 01:00:00,84.42450211035033
2011-10-22 02:00:00,52.79163624446051
2011-10-22 03:00:00,25.33053203868969
2011-10-22 04:00:00,8.717197301912764
2011-10-22 05:00:00,8.495277537591722
2011-10-22 06:00:00,22.94414665265889
2011-10-22 07:00:00,52.10851544170975
2011-10-22 08:00:00,128.8495958380457
2011-10-22 09:00:00,190.45208261700236
2011-10-22 10:00:00,261.23869271203023
2011-10-22 11:00:00,345.8075995601785
2011-10-22 12:00:00,443.98033346626175
2011-10-22 13:00:00,515.5420113481291
2011-10-22 14:00:00,453.5062049024983
2011-10-22 15:00:00,453.33031737979144
2011-10-22 16:00:00,450.7520216626801
2011-10-22 17:00:00,362.5810396938471
2011-10-22 18:00:00,329.7834078404018
2011-10-22 19:00:00,216.69429602735926
2011-10-22 20:00:00,178.07511564882086
2011-10-22 21:00:00,158.30739103038076
2011-10-22 22:00:00,139.64366746157978
2011-10-22 23:00:00,121.19278610895103
2011-10-23 00:00:00,104.28798061911831
2011-10-23 01:00:00,84.31747685542797
2011-10-23 02:00:00,63.26001739365463
2011-10-23 03:00:00,28.27567585375281
2011-10-23 04:00:00,9.153086247733155
2011-10-23 05:00:00,7.681292948040693
2011-10-23 06:00:00,15.36525305146944
2011-10-23 07:00:00,40.99273549070695
2011-10-23 08:00:00,107.37301080239136
2011-10-23 09:00:00,170.14129049728288
2011-10-23 10:00:00,267.77358995982183
2011-10-23 11:00:00,392.43464710441805
2011-10-23 12:00:00,468.1776402578295
2011-10-23 13:00:00,482.4087540404399
2011-10-23 14:00:00,473.95190559565776
2011-10-23 15:00:00,457.48165792817446
2011-10-23 16:00:00,428.45746384272127
2011-10-23 17:00:00,390.56399150271477
2011-10-23 18:00:00,318.33906767171845
2011-10-23 19:00:00,209.64165517379627
2011-10-23 20:00:00,170.90210030837736
2011-10-23 21:00:00,141.55744318998828
2011-10-23 22:00:00,104.46245682757763
2011-10-23 23:00:00,73.05947238690803
2011-10-24 00:00:00,31.22325530237446
2011-10-24 01:00:00,13.38141923010802
2011-10-24 02:00:00,6.677119463885105
2011-10-24 03:00:00,4.754235524686781
2011-10-24 04:00:00,6.764023952936127
2011-10-24 05:00:00,28.142677067731324
2011-10-24 06:00:00,147.13152369333108
2011-10-24 07:00:00,344.9016866097614
2011-10-24 08:00:00,619.5398080405131
2011-10-24 09:00:00,289.71477637131267
2011-10-24 10:00:00,144.57252094664491
2011-10-24 11:00:00,176.57513813591802
2011-10-24 12:00:00,216.81557254373152
2011-10-24 13:00:00,244.3970213736484
2011-10-24 14:00:00,199.822203664177
2011-10-24 15:00:00,223.2727164833726
2011-10-24 16:00:00,338.90942865751066
2011-10-24 17:00:00,615.4814388114103
2011-10-24 18:00:00,610.3608020678521
2011-10-24 19:00:00,322.03957420676375
2011-10-24 20:00:00,270.1487238720696
2011-10-24 21:00:00,184.05372059219158
2011-10-24 22:00:00,148.3077146918265
2011-10-24 23:00:00,84.94609803368041
2011-10-25 00:00:00,29.00959368406491
2011-10-25 01:00:00,13.200473164687894
2011-10-25 02:00:00,5.331655937350947
2011-10-25 03:00:00,3.913498171779498
2011-10-25 04:00:00,5.77550837036523
2011-10-25 05:00:00,29.14935952507086
2011-10-25 06:00:00,142.22708843697492
2011-10-25 07:00:00,396.48711722921456
2011-10-25 08:00:00,666.5235604165199
2011-10-25 09:00:00,304.4530054294208
2011-10-25 10:00:00,162.37221156755209
2011-10-25 11:00:00,180.1591347325973
2011-10-25 12:00:00,232.0557643691722
2011-10-25 13:00:00,250.70753761618587
2011-10-25 14:00:00,232.2023263468581
2011-10-25 15:00:00,231.17664034885516
2011-10-25 16:00:00,361.4914237718922
2011-10-25 17:00:00,679.4954028054237
2011-10-25 18:00:00,643.0026351157846
2011-10-25 19:00:00,412.9694063298873
2011-10-25 20:00:00,274.63086210412445
2011-10-25 21:00:00,191.73791426932928
2011-10-25 22:00:00,156.87232540907036
2011-10-25 23:00:00,91.047483658033
2011-10-26 00:00:00,39.83830686660519
2011-10-26 01:00:00,17.22360802456891
2011-10-26 02:00:00,7.0905016143839505
2011-10-26 03:00:00,5.395743296103297
2011-10-26 04:00:00,5.986943190514956
2011-10-26 05:00:00,30.91341128181001
2011-10-26 06:00:00,148.49947864437152
2011-10-26 07:00:00,422.09616574007043
2011-10-26 08:00:00,644.4294601548988
2011-10-26 09:00:00,324.2501829530496
2011-10-26 10:00:00,173.2892214570334
2011-10-26 11:00:00,187.34028023377613
2011-10-26 12:00:00,210.1154364407911
2011-10-26 13:00:00,153.68506490772592
2011-10-26 14:00:00,164.46775156966007
2011-10-26 15:00:00,183.2106889200624
2011-10-26 16:00:00,259.97838850084827
2011-10-26 17:00:00,512.9236241077895
2011-10-26 18:00:00,524.8998240475912
2011-10-26 19:00:00,319.13223267058373
2011-10-26 20:00:00,211.79734336809165
2011-10-26 21:00:00,196.80148916508813
2011-10-26 22:00:00,107.09821088200648
2011-10-26 23:00:00,71.25294028329674
2011-10-27 00:00:00,38.95797966868821
2011-10-27 01:00:00,17.670514707994894
2011-10-27 02:00:00,6.550545362114572
2011-10-27 03:00:00,3.8480669833220773
2011-10-27 04:00:00,4.772117133650004
2011-10-27 05:00:00,20.20580406801039
2011-10-27 06:00:00,80.23619459666376
2011-10-27 07:00:00,307.9475696142171
2011-10-27 08:00:00,302.125516341514
2011-10-27 09:00:00,246.4398025350947
2011-10-27 10:00:00,85.9788091071164
2011-10-27 11:00:00,100.65724335256972
2011-10-27 12:00:00,121.32218736142579
2011-10-27 13:00:00,154.26088143346482
2011-10-27 14:00:00,135.06624933377725
2011-10-27 15:00:00,147.44264579343465
2011-10-27 16:00:00,279.0236779338113
2011-10-27 17:00:00,432.90143771531683
2011-10-27 18:00:00,480.72973164784776
2011-10-27 19:00:00,292.86413794852683
2011-10-27 20:00:00,237.67496797473856
2011-10-27 21:00:00,181.48418204227988
2011-10-27 22:00:00,116.01610325522275
2011-10-27 23:00:00,83.323948762411
2011-10-28 00:00:00,51.05969622998431
2011-10-28 01:00:00,23.517376948630744
2011-10-28 02:00:00,10.714253251582406
2011-10-28 03:00:00,6.047008726811043
2011-10-28 04:00:00,6.290263760610908
2011-10-28 05:00:00,28.805097506454462
2011-10-28 06:00:00,117.3640045075646
2011-10-28 07:00:00,330.799973833175
2011-10-28 08:00:00,578.922369877864
2011-10-28 09:00:00,292.292047473961
2011-10-28 10:00:00,174.79769444472856
2011-10-28 11:00:00,201.2095891835705
2011-10-28 12:00:00,273.2975718382684
2011-10-28 13:00:00,269.93734798025383
2011-10-28 14:00:00,204.68142508849195
2011-10-28 15:00:00,221.54860233438674
2011-10-28 16:00:00,302.9634901525937
2011-10-28 17:00:00,504.4838530154472
2011-10-28 18:00:00,452.617023289164
2011-10-28 19:00:00,299.931871337684
2011-10-28 20:00:00,130.4385269777886
2011-10-28 21:00:00,105.31456309262886
2011-10-28 22:00:00,72.37068789963966
2011-10-28 23:00:00,48.29914758298276
2011-10-29 00:00:00,57.20822153840833
2011-10-29 01:00:00,47.883191638372764
2011-10-29 02:00:00,32.768754688343435
2011-10-29 03:00:00,14.130912902567086
2011-10-29 04:00:00,4.757826211808466
2011-10-29 05:00:00,4.038529598990788
2011-10-29 06:00:00,8.526148063458926
2011-10-29 07:00:00,21.17787101704175
2011-10-29 08:00:00,51.985901818152534
2011-10-29 09:00:00,90.81436480091463
2011-10-29 10:00:00,129.93473715653911
2011-10-29 11:00:00,133.05384119420685
2011-10-29 12:00:00,93.73251632236811
2011-10-29 13:00:00,88.18185207783101
2011-10-29 14:00:00,92.91726545792945
2011-10-29 15:00:00,133.8904737354014
2011-10-29 16:00:00,101.47164076759755
2011-10-29 17:00:00,97.66281049494887
2011-10-29 18:00:00,79.06180750024228
2011-10-29 19:00:00,91.00469560953283
2011-10-29 20:00:00,77.6806214618264
2011-10-29 21:00:00,68.4203193226732
2011-10-29 22:00:00,78.43444493609354
2011-10-29 23:00:00,74.94824616878171
2011-10-30 00:00:00,60.485402932051436
2011-10-30 01:00:00,47.062914500473504
2011-10-30 02:00:00,31.841298795834618
2011-10-30 03:00:00,15.743076192923837
2011-10-30 04:00:00,4.5502220280355266
2011-10-30 05:00:00,4.7343389309896375
2011-10-30 06:00:00,9.3037967493956355
2011-10-30 07:00:00,24.87916362811036
2011-10-30 08:00:00,71.9532463061361
2011-10-30 09:00:00,146.81385735801211
2011-10-30 10:00:00,241.17067077551226
2011-10-30 11:00:00,360.56925828418804
2011-10-30 12:00:00,387.9931092092919
2011-10-30 13:00:00,439.7907122360752
2011-10-30 14:00:00,411.2776137350378
2011-10-30 15:00:00,403.3674297415482
2011-10-30 16:00:00,374.4738699398542
2011-10-30 17:00:00,329.8642664014565
2011-10-30 18:00:00,259.19450199102573
2011-10-30 19:00:00,269.4891556735783
2011-10-30 20:00:00,131.9993791107059
2011-10-30 21:00:00,101.63839973632567
2011-10-30 22:00:00,82.05438319801894
2011-10-30 23:00:00,45.02685708657991
2011-10-31 00:00:00,19.202420670646394
2011-10-31 01:00:00,9.014677833249518
2011-10-31 02:00:00,4.14879927360166
2011-10-31 03:00:00,3.642087602001884
2011-10-31 04:00:00,4.60751826951339
2011-10-31 05:00:00,17.76343545328906
2011-10-31 06:00:00,90.50471241027508
2011-10-31 07:00:00,232.73828617970685
2011-10-31 08:00:00,545.5783351051798
2011-10-31 09:00:00,236.1296314268732
2011-10-31 10:00:00,143.3170274016626
2011-10-31 11:00:00,164.852246545822
2011-10-31 12:00:00,252.60031072288157
2011-10-31 13:00:00,230.7407264018001
2011-10-31 14:00:00,201.718728291731
2011-10-31 15:00:00,200.34299867566494
2011-10-31 16:00:00,324.59153758087274
2011-10-31 17:00:00,615.2412476168662
2011-10-31 18:00:00,461.0099510179764
2011-10-31 19:00:00,313.9993751383843
2011-10-31 20:00:00,227.96003208271662
2011-10-31 21:00:00,131.25541764507886
2011-10-31 22:00:00,99.33779802731524
2011-10-31 23:00:00,58.59510889589812
2011-11-20 00:00:00,111.22119709754632
2011-11-20 01:00:00,83.341815601557
2011-11-20 02:00:00,51.43413056873034
2011-11-20 03:00:00,22.64019922179583
2011-11-20 04:00:00,8.048300170011423
2011-11-20 05:00:00,7.428515310812521
2011-11-20 06:00:00,13.44808382627478
2011-11-20 07:00:00,37.04267445697117
2011-11-20 08:00:00,74.56782534367204
2011-11-20 09:00:00,180.23092429803413
2011-11-20 10:00:00,258.7568755687005
2011-11-20 11:00:00,401.6012247295087
2011-11-20 12:00:00,471.29034874387776
2011-11-20 13:00:00,473.708807799674
2011-11-20 14:00:00,483.42038347679835
2011-11-20 15:00:00,421.52643935031665
2011-11-20 16:00:00,409.90853903476295
2011-11-20 17:00:00,377.384939019318
2011-11-20 18:00:00,319.0585444410322
2011-11-20 19:00:00,268.6726682238222
2011-11-20 20:00:00,211.06596354982207
2011-11-20 21:00:00,146.75103241425072
2011-11-20 22:00:00,82.22036935013705
2011-11-20 23:00:00,55.72571787340218
2011-11-21 00:00:00,31.199980252744087
2011-11-21 01:00:00,13.299962743271163
2011-11-21 02:00:00,6.047485525874678
2011-11-21 03:00:00,4.495363615147573
2011-11-21 04:00:00,5.612079657712016
2011-11-21 05:00:00,25.253080501325567
2011-11-21 06:00:00,97.49469141283117
2011-11-21 07:00:00,330.5655875095843
2011-11-21 08:00:00,540.606299893143
2011-11-21 09:00:00,278.1976956192857
2011-11-21 10:00:00,144.9867402413423
2011-11-21 11:00:00,165.4527627508326
2011-11-21 12:00:00,224.18736769280667
2011-11-21 13:00:00,197.1964252748701
2011-11-21 14:00:00,176.25926890146607
2011-11-21 15:00:00,119.61107093275822
2011-11-21 16:00:00,183.802985436957
2011-11-21 17:00:00,305.54801665834765
2011-11-21 18:00:00,345.8677421874782
2011-11-21 19:00:00,240.74043723128958
2011-11-21 20:00:00,181.0732827043955
2011-11-21 21:00:00,117.27515501479165
2011-11-21 22:00:00,91.4880047011795
2011-11-21 23:00:00,52.78263088779433
2011-11-22 00:00:00,19.598784882279283
2011-11-22 01:00:00,8.779260327805343
2011-11-22 02:00:00,4.10846654882814
2011-11-22 03:00:00,3.1723584773036055
2011-11-22 04:00:00,4.53518712413575
2011-11-22 05:00:00,19.32630043630561
2011-11-22 06:00:00,112.22097785259955
2011-11-22 07:00:00,177.607138226556
2011-11-22 08:00:00,290.66446955705845
2011-11-22 09:00:00,147.3579232302595
2011-11-22 10:00:00,66.28275197086725
2011-11-22 11:00:00,72.85682011828091
2011-11-22 12:00:00,64.46706696528567
2011-11-22 13:00:00,63.53935277952894
2011-11-22 14:00:00,58.834271573532256
2011-11-22 15:00:00,82.7197902045063
2011-11-22 16:00:00,117.74488482744368
2011-11-22 17:00:00,199.2624829542998
2011-11-22 18:00:00,186.05800220975945
2011-11-22 19:00:00,225.47966193798888
2011-11-22 20:00:00,174.04611086129898
2011-11-22 21:00:00,122.74518804848843
2011-11-22 22:00:00,116.38939437646165
2011-11-22 23:00:00,69.65254872761072
2011-11-23 00:00:00,24.624210581954678
2011-11-23 01:00:00,9.684197779572713
2011-11-23 02:00:00,3.199841233378163
2011-11-23 03:00:00,2.14901890800454
2011-11-23 04:00:00,3.1350733831198956
2011-11-23 05:00:00,21.862906045630403
2011-11-23 06:00:00,74.65149342745212
2011-11-23 07:00:00,200.31130278995647
2011-11-23 08:00:00,454.78271193742626
2011-11-23 09:00:00,212.60517558960998
2011-11-23 10:00:00,108.06153725341103
2011-11-23 11:00:00,157.47036943226803
2011-11-23 12:00:00,221.0494660721918
2011-11-23 13:00:00,222.17546726474546
2011-11-23 14:00:00,185.22253772020778
2011-11-23 15:00:00,213.73924783645325
2011-11-23 16:00:00,268.1986863294171
2011-11-23 17:00:00,335.9782771475889
2011-11-23 18:00:00,448.56507812703177
2011-11-23 19:00:00,344.2708197536311
2011-11-23 20:00:00,242.32018693339145
2011-11-23 21:00:00,157.62298717552986
2011-11-23 22:00:00,111.88032711681477
2011-11-23 23:00:00,76.66684079056127
2011-11-24 00:00:00,61.9369301646059
2011-11-24 01:00:00,34.921343864125944
2011-11-24 02:00:00,22.420128529715637
2011-11-24 03:00:00,10.160678221577063
2011-11-24 04:00:00,10.308805904768946
2011-11-24 05:00:00,16.807772424695578
2011-11-24 06:00:00,50.96832589240987
2011-11-24 07:00:00,92.20985654501081
2011-11-24 08:00:00,253.33384193433196
2011-11-24 09:00:00,234.9808242578508
2011-11-24 10:00:00,289.92706524574464
2011-11-24 11:00:00,333.8527460424572
2011-11-24 12:00:00,403.53305771311864
2011-11-24 13:00:00,405.20213288664166
2011-11-24 14:00:00,371.4824713348488
2011-11-24 15:00:00,389.31911827381253
2011-11-24 16:00:00,427.79406477406627
2011-11-24 17:00:00,475.8036184855163
2011-11-24 18:00:00,369.19596113752885
2011-11-24 19:00:00,344.7821257847042
2011-11-24 20:00:00,206.53111962675902
2011-11-24 21:00:00,201.47964537269144
2011-11-24 22:00:00,170.4806475109403
2011-11-24 23:00:00,94.30736502063901
2011-11-25 00:00:00,49.7809994319217
2011-11-25 01:00:00,23.15481309591341
2011-11-25 02:00:00,10.919613645495707
2011-11-25 03:00:00,6.412510639340969
2011-11-25 04:00:00,6.3366281548686905
2011-11-25 05:00:00,27.37372979829732
2011-11-25 06:00:00,104.52186564051343
2011-11-25 07:00:00,261.8800025928736
2011-11-25 08:00:00,561.7432369939329
2011-11-25 09:00:00,278.2936664389281
2011-11-25 10:00:00,187.42064082766282
2011-11-25 11:00:00,213.38381247221616
2011-11-25 12:00:00,277.94461586226095
2011-11-25 13:00:00,262.5355221249746
2011-11-25 14:00:00,250.89875069720304
2011-11-25 15:00:00,256.7722659512309
2011-11-25 16:00:00,352.1630836385018
2011-11-25 17:00:00,589.86130861773
2011-11-25 18:00:00,518.0686873955722
2011-11-25 19:00:00,308.3055811595133
2011-11-25 20:00:00,226.4046326346989
2011-11-25 21:00:00,174.81116925168496
2011-11-25 22:00:00,168.72079447018226
2011-11-25 23:00:00,120.84536326043828
2011-11-26 00:00:00,106.21668839172072
2011-11-26 01:00:00,76.8149645610744
2011-11-26 02:00:00,54.82362199369855
2011-11-26 03:00:00,24.281551996455136
2011-11-26 04:00:00,8.530787672261784
2011-11-26 05:00:00,7.905718706239938
2011-11-26 06:00:00,17.54029225680794
2011-11-26 07:00:00,45.30645601934855
2011-11-26 08:00:00,122.80401547828548
2011-11-26 09:00:00,192.43305174101496
2011-11-26 10:00:00,274.809208016452
2011-11-26 11:00:00,376.6668888485828
2011-11-26 12:00:00,429.1680063616607
2011-11-26 13:00:00,519.6743417595795
2011-11-26 14:00:00,453.4427841186113
2011-11-26 15:00:00,501.4693588810687
2011-11-26 16:00:00,383.53362735642224
2011-11-26 17:00:00,353.81977624786754
2011-11-26 18:00:00,249.97051384495077
2011-11-26 19:00:00,201.1769246402806
2011-11-26 20:00:00,161.0009544626511
2011-11-26 21:00:00,141.12870951173673
2011-11-26 22:00:00,122.06102695348545
2011-11-26 23:00:00,112.9054425140347
2011-11-27 00:00:00,109.01934467940946
2011-11-27 01:00:00,85.25788926689926
2011-11-27 02:00:00,58.72077095037107
2011-11-27 03:00:00,27.815072666720308
2011-11-27 04:00:00,10.185253249294298
2011-11-27 05:00:00,7.701829180313807
2011-11-27 06:00:00,16.22359844773609
2011-11-27 07:00:00,34.27049932775473
2011-11-27 08:00:00,78.74483967350994
2011-11-27 09:00:00,147.50083951987753
2011-11-27 10:00:00,227.06752908585943
2011-11-27 11:00:00,396.2025395894227
2011-11-27 12:00:00,478.06897971617275
2011-11-27 13:00:00,505.8051769600344
2011-11-27 14:00:00,513.017796268764
2011-11-27 15:00:00,555.6300695228513
2011-11-27 16:00:00,474.59508363729657
2011-11-27 17:00:00,409.59343602865346
2011-11-27 18:00:00,331.8560671546524
2011-11-27 19:00:00,241.3425234544005
2011-11-27 20:00:00,206.76304722601452
2011-11-27 21:00:00,133.8454076328803
2011-11-27 22:00:00,111.69412473743208
2011-11-27 23:00:00,77.12053856684578
2011-11-28 00:00:00,35.409154424294584
2011-11-28 01:00:00,14.705593899712943
2011-11-28 03:00:00,5.228943807314138
2011-11-28 04:00:00,8.44018438800062
2011-11-28 05:00:00,29.44616158402043
2011-11-28 06:00:00,162.2316685702147
2011-11-28 07:00:00,421.72419299257
2011-11-28 08:00:00,571.4015833085256
2011-11-28 09:00:00,278.7837230282555
2011-11-28 10:00:00,164.48131976785209
2011-11-28 11:00:00,172.78879561518931
2011-11-28 12:00:00,227.67066455412623
2011-11-28 13:00:00,192.51931268379542
2011-11-28 14:00:00,197.0857103557402
2011-11-28 15:00:00,215.56978174075564
2011-11-28 16:00:00,316.52993136728134
2011-11-28 17:00:00,633.4824387074052
2011-11-28 18:00:00,696.9539746899562
2011-11-28 19:00:00,462.93064212226665
2011-11-28 20:00:00,321.87064439691625
2011-11-28 21:00:00,199.7668974686132
2011-11-28 22:00:00,122.38125563607568
2011-11-28 23:00:00,74.36048419299301
2011-11-29 00:00:00,27.06514387285021
2011-11-29 01:00:00,12.80233168816928
2011-11-29 02:00:00,6.413047208335838
2011-11-29 03:00:00,4.41768587411894
2011-11-29 04:00:00,5.58757923772802
2011-11-29 05:00:00,28.66836386571145
2011-11-29 06:00:00,125.90214269210848
2011-11-29 07:00:00,369.3366813311447
2011-11-29 08:00:00,563.5971272357258
2011-11-29 09:00:00,216.8565993220175
2011-11-29 10:00:00,119.31044612167602
2011-11-29 11:00:00,77.64629310400937
2011-11-29 12:00:00,86.75756293321197
2011-11-29 13:00:00,96.99697050950537
2011-11-29 14:00:00,74.61861806283878
2011-11-29 15:00:00,74.7697496178809
2011-11-29 16:00:00,129.1122561803423
2011-11-29 17:00:00,298.67390787006184
2011-11-29 18:00:00,287.9168623465176
2011-11-29 19:00:00,209.6398183038039
2011-11-29 20:00:00,183.85145086907067
2011-11-29 21:00:00,129.56772725458808
2011-11-29 22:00:00,92.16823274879118
2011-11-29 23:00:00,65.72921122061874
2011-11-30 00:00:00,34.52665896320476
2011-11-30 01:00:00,12.505846218603418
2011-11-30 02:00:00,6.765372436913886
2011-11-30 03:00:00,5.257067946057571
2011-11-30 04:00:00,4.688229396040025
2011-11-30 05:00:00,26.28501477322003
2011-11-30 06:00:00,102.96453973227779
2011-11-30 07:00:00,309.55744785288294
2011-11-30 08:00:00,585.0705411212816
2011-11-30 09:00:00,222.7547583503854
2011-11-30 10:00:00,130.7533057974078
2011-11-30 11:00:00,170.92513261019516
2011-11-30 12:00:00,237.96033678051307
2011-11-30 13:00:00,226.83017442181128
2011-11-30 14:00:00,206.53957584708382
2011-11-30 15:00:00,175.07157775610509
2011-11-30 16:00:00,253.58266771057745
2011-11-30 17:00:00,491.074403247496
2011-11-30 18:00:00,417.6882222717977
2011-11-30 19:00:00,320.9171982530622
2011-11-30 20:00:00,233.00429409219623
2011-11-30 21:00:00,171.9699407807577
2011-11-30 22:00:00,120.9188709434998
2011-11-30 23:00:00,71.95515784902122
2011-12-20 00:00:00,29.0698083285504
2011-12-20 01:00:00,13.275933702116435
2011-12-20 02:00:00,5.790770323152079
2011-12-20 03:00:00,4.50222627224669
2011-12-20 04:00:00,8.7898266514207
2011-12-20 05:00:00,35.42709372519964
2011-12-20 06:00:00,153.7771274109059
2011-12-20 07:00:00,418.3808735975839
2011-12-20 08:00:00,712.1372267669924
2011-12-20 09:00:00,284.24536637507737
2011-12-20 10:00:00,128.21830160614994
2011-12-20 11:00:00,144.41129821467172
2011-12-20 12:00:00,216.7075537046543
2011-12-20 13:00:00,203.02537437091658
2011-12-20 14:00:00,155.22811871010995
2011-12-20 15:00:00,201.6921925740717
2011-12-20 16:00:00,322.69572404394484
2011-12-20 17:00:00,530.9982494468137
2011-12-20 18:00:00,489.7325238167736
2011-12-20 19:00:00,314.59529412614097
2011-12-20 20:00:00,214.56397934383108
2011-12-20 21:00:00,161.91063051924024
2011-12-20 22:00:00,116.02010898358094
2011-12-20 23:00:00,81.92148134250922
2011-12-21 00:00:00,17.920696523595673
2011-12-21 01:00:00,7.048348341985639
2011-12-21 02:00:00,4.1121047980868495
2011-12-21 03:00:00,2.9966780786520575
2011-12-21 04:00:00,2.836217349761211
2011-12-21 05:00:00,16.729833559212068
2011-12-21 06:00:00,71.67064434247867
2011-12-21 07:00:00,200.38320338143276
2011-12-21 08:00:00,140.87299438108244
2011-12-21 09:00:00,165.31534689037792
2011-12-21 10:00:00,86.24314666742352
2011-12-21 11:00:00,84.98732509719119
2011-12-21 12:00:00,45.45308351455983
2011-12-21 13:00:00,28.505786686728623
2011-12-21 14:00:00,68.20541240443407
2011-12-21 15:00:00,76.08544868675605
2011-12-21 16:00:00,31.997675428158736
2011-12-21 17:00:00,66.6828024112371
2011-12-21 18:00:00,112.6720246318668
2011-12-21 19:00:00,129.52730240712734
2011-12-21 20:00:00,82.95057390590324
2011-12-21 21:00:00,118.0058783142113
2011-12-21 22:00:00,94.04205328198981
2011-12-21 23:00:00,69.97850672242498
2011-12-22 00:00:00,33.58933340229385
2011-12-22 01:00:00,13.263917425862807
2011-12-22 02:00:00,10.252420877759278
2011-12-22 03:00:00,4.233089523429055
2011-12-22 04:00:00,3.6804120972776677
2011-12-22 05:00:00,21.659833238164225
2011-12-22 06:00:00,106.56000626376863
2011-12-22 07:00:00,209.95457497474345
2011-12-22 08:00:00,462.7630288158608
2011-12-22 09:00:00,252.91448474383844
2011-12-22 10:00:00,113.96056908435914
2011-12-22 11:00:00,128.7850984262406
2011-12-22 12:00:00,165.61419081034077
2011-12-22 13:00:00,150.48559524922706
2011-12-22 14:00:00,135.43796498942856
2011-12-22 15:00:00,152.9243781343014
2011-12-22 16:00:00,203.9210169134079
2011-12-22 17:00:00,356.3056444781316
2011-12-22 18:00:00,366.6521280969563
2011-12-22 19:00:00,260.5048265575458
2011-12-22 20:00:00,138.97569513801096
2011-12-22 21:00:00,108.09121918867194
2011-12-22 22:00:00,54.76008954427557
2011-12-22 23:00:00,49.36069594830536
2011-12-23 00:00:00,22.107754481049867
2011-12-23 01:00:00,11.513790362262569
2011-12-23 02:00:00,6.0018739115687785
2011-12-23 03:00:00,3.2145370908767954
2011-12-23 04:00:00,1.7507771137306292
2011-12-23 05:00:00,14.044776939546287
2011-12-23 06:00:00,67.35701751460395
2011-12-23 07:00:00,190.1634207314387
2011-12-23 08:00:00,357.71982337032324
2011-12-23 09:00:00,193.17109159002678
2011-12-23 10:00:00,114.90812706858799
2011-12-23 11:00:00,133.41134610707493
2011-12-23 12:00:00,193.77662683283762
2011-12-23 13:00:00,164.65717272002152
2011-12-23 14:00:00,161.32808261076042
2011-12-23 15:00:00,153.63615740543062
2011-12-23 16:00:00,179.33653152816885
2011-12-23 17:00:00,310.50647574268305
2011-12-23 18:00:00,256.14776501920295
2011-12-23 19:00:00,189.37234388667815
2011-12-23 20:00:00,93.28174212574721
2011-12-23 21:00:00,85.83387652166772
2011-12-23 22:00:00,78.35031790125214
2011-12-23 23:00:00,72.15402886213485
2011-12-24 00:00:00,49.86035593935648
2011-12-24 01:00:00,35.24636534363009
2011-12-24 02:00:00,28.12403161077633
2011-12-24 03:00:00,14.088111616270355
2011-12-24 04:00:00,3.400515490486043
2011-12-24 05:00:00,3.202151301487878
2011-12-24 06:00:00,7.296146640810096
2011-12-24 07:00:00,20.645765633280572
2011-12-24 08:00:00,59.376471162302195
2011-12-24 09:00:00,96.51793027502045
2011-12-24 10:00:00,137.9973826190165
2011-12-24 11:00:00,164.32509743166875
2011-12-24 12:00:00,228.66311503189016
2011-12-24 13:00:00,230.0509200219557
2011-12-24 14:00:00,224.47156044624467
2011-12-24 15:00:00,209.65040756596107
2011-12-24 16:00:00,200.59099394937914
2011-12-24 17:00:00,150.28788529884304
2011-12-24 18:00:00,151.14508107087224
2011-12-24 19:00:00,109.49276339704986
2011-12-24 20:00:00,73.432867628532
2011-12-24 21:00:00,67.67994407849561
2011-12-24 22:00:00,50.455865780629
2011-12-24 23:00:00,45.02747454745865
2011-12-25 00:00:00,46.55239950685098
2011-12-25 01:00:00,33.98872962166844
2011-12-25 02:00:00,26.380873211063445
2011-12-25 03:00:00,12.320096922234539
2011-12-25 05:00:00,2.483963686753045
2011-12-25 06:00:00,4.463382159158877
2011-12-25 07:00:00,14.649355567860084
2011-12-25 08:00:00,35.609971327818464
2011-12-25 09:00:00,94.74023670549526
2011-12-25 10:00:00,108.07292802073692
2011-12-25 11:00:00,179.7143502221382
2011-12-25 12:00:00,135.87272020137692
2011-12-25 13:00:00,170.89703061116202
2011-12-25 14:00:00,169.65021939649668
2011-12-25 15:00:00,169.81756448734134
2011-12-25 16:00:00,192.18839334739118
2011-12-25 17:00:00,153.59330908773615
2011-12-25 18:00:00,114.98466098323745
2011-12-25 19:00:00,102.05385248749195
2011-12-25 20:00:00,79.47847019548095
2011-12-25 21:00:00,66.52497357565105
2011-12-25 22:00:00,43.79994736359985
2011-12-25 23:00:00,23.832631965010997
2011-12-26 00:00:00,21.9396917290027
2011-12-26 01:00:00,16.870412058373628
2011-12-26 02:00:00,14.861923258944522
2011-12-26 04:00:00,3.5458163431789926
2011-12-26 05:00:00,5.13517914216155
2011-12-26 06:00:00,13.604635829817132
2011-12-26 07:00:00,40.46498141782131
2011-12-26 08:00:00,111.31629929550654
2011-12-26 09:00:00,117.23287557966708
2011-12-26 10:00:00,148.66129913536992
2011-12-26 11:00:00,141.903534947603
2011-12-26 12:00:00,196.56166907468202
2011-12-26 13:00:00,205.971443759574
2011-12-26 14:00:00,189.7609801308934
2011-12-26 15:00:00,202.05890625026137
2011-12-26 16:00:00,214.605787099145
2011-12-26 17:00:00,200.359361954128
2011-12-26 18:00:00,180.02850767509753
2011-12-26 19:00:00,139.98240993930318
2011-12-26 20:00:00,113.59755064594214
2011-12-26 21:00:00,65.13385296635649
2011-12-26 22:00:00,51.68915633448597
2011-12-26 23:00:00,32.52273857744715
2011-12-27 00:00:00,11.061288706903161
2011-12-27 01:00:00,4.815541036034834
2011-12-27 02:00:00,2.7366174490886435
2011-12-27 03:00:00,2.7751841831159614
2011-12-27 04:00:00,2.860208983653897
2011-12-27 05:00:00,14.104528395581026
2011-12-27 06:00:00,70.40516565598357
2011-12-27 07:00:00,181.65181530010838
2011-12-27 08:00:00,339.4627063931703
2011-12-27 09:00:00,123.00062577321687
2011-12-27 10:00:00,75.24423330758952
2011-12-27 11:00:00,51.547498371227114
2011-12-27 12:00:00,47.03027059562146
2011-12-27 13:00:00,44.69811069822088
2011-12-27 14:00:00,46.3252104825751
2011-12-27 15:00:00,51.286840905238535
2011-12-27 16:00:00,69.7366690303737
2011-12-27 17:00:00,193.12621780734392
2011-12-27 18:00:00,208.52851472516605
2011-12-27 19:00:00,171.48012011645298
2011-12-27 20:00:00,93.82301720720666
2011-12-27 21:00:00,93.34454870475716
2011-12-27 22:00:00,70.44350758237377
2011-12-27 23:00:00,32.56194122962313
2011-12-28 00:00:00,14.22280670209139
2011-12-28 01:00:00,6.546069182234999
2011-12-28 02:00:00,3.6068572484920285
2011-12-28 03:00:00,2.683057466716084
2011-12-28 05:00:00,13.990158988169796
2011-12-28 06:00:00,75.81669737900089
2011-12-28 07:00:00,214.39255548842755
2011-12-28 08:00:00,379.8146316256702
2011-12-28 09:00:00,195.22016355862732
2011-12-28 10:00:00,95.46025568757676
2011-12-28 11:00:00,89.22903992683578
2011-12-28 12:00:00,97.67197052297158
2011-12-28 13:00:00,99.38381529667076
2011-12-28 14:00:00,89.71716674122645
2011-12-28 15:00:00,93.62501425962382
2011-12-28 16:00:00,138.69529684337232
2011-12-28 17:00:00,257.7903049611938
2011-12-28 18:00:00,223.65917287826645
2011-12-28 19:00:00,155.9789322309903
2011-12-28 20:00:00,110.71107997379814
2011-12-28 21:00:00,79.02474897271684
2011-12-28 22:00:00,60.63593744444077
2011-12-28 23:00:00,33.4157643058504
2011-12-29 00:00:00,14.650911420117867
2011-12-29 01:00:00,6.189656050107071
2011-12-29 02:00:00,3.5715838868092518
2011-12-29 03:00:00,1.7246382153224178
2011-12-29 04:00:00,1.8780924586124605
2011-12-29 05:00:00,11.528756640351448
2011-12-29 06:00:00,54.82017609586484
2011-12-29 07:00:00,141.21156549214277
2011-12-29 08:00:00,277.26228258562577
2011-12-29 09:00:00,143.63324760952997
2011-12-29 10:00:00,76.35885189107269
2011-12-29 11:00:00,90.31693215307871
2011-12-29 12:00:00,107.91638276639235
2011-12-29 13:00:00,108.49227560180411
2011-12-29 14:00:00,99.20432364430566
2011-12-29 15:00:00,96.34484535139394
2011-12-29 16:00:00,157.37336735513387
2011-12-29 17:00:00,293.562997175189
2011-12-29 18:00:00,295.64171099959947
2011-12-29 19:00:00,202.61276097820777
2011-12-29 20:00:00,118.85383246215065
2011-12-29 21:00:00,101.75490762755764
2011-12-29 22:00:00,78.47530547554284
2011-12-29 23:00:00,55.25477267843772
2011-12-30 00:00:00,28.42742608252551
2011-12-30 01:00:00,11.070436569925988
2011-12-30 02:00:00,6.462895196288164
2011-12-30 03:00:00,3.5880479493329376
2011-12-30 04:00:00,2.678323118587847
2011-12-30 05:00:00,11.572415021576367
2011-12-30 06:00:00,57.27726851516171
2011-12-30 07:00:00,163.39345386020028
2011-12-30 08:00:00,318.34848336266765
2011-12-30 09:00:00,187.75016900824778
2011-12-30 10:00:00,102.14279607643984
2011-12-30 11:00:00,103.93213377256717
2011-12-30 12:00:00,153.48342242478208
2011-12-30 13:00:00,161.1885356916081
2011-12-30 14:00:00,149.43507399101298
2011-12-30 15:00:00,212.11055665169096
2011-12-30 16:00:00,241.05271214734077
2011-12-30 17:00:00,379.7650759225431
2011-12-30 18:00:00,276.24592584942076
2011-12-30 19:00:00,156.60158566378897
2011-12-30 20:00:00,109.32963196093365
2011-12-30 21:00:00,90.56289045328643
2011-12-30 22:00:00,88.14286151124251
2011-12-30 23:00:00,59.60087560232059
2011-12-31 00:00:00,43.35298369967126
2011-12-31 01:00:00,35.09183853351073
2011-12-31 02:00:00,24.678398214416813
2011-12-31 03:00:00,10.593547065698347
2011-12-31 04:00:00,3.2593022271571512
2011-12-31 05:00:00,2.520889281891267
2011-12-31 06:00:00,9.311909021864578
2011-12-31 07:00:00,17.11887041832397
2011-12-31 08:00:00,74.82590244203922
2011-12-31 09:00:00,116.09044494404003
2011-12-31 10:00:00,175.14625866776947
2011-12-31 11:00:00,244.63601268353835
2011-12-31 12:00:00,415.8884994859141
2011-12-31 13:00:00,327.65362088282706
2011-12-31 14:00:00,262.7278870354164
2011-12-31 15:00:00,235.78309084984568
2011-12-31 16:00:00,233.55340612980353
2011-12-31 17:00:00,251.64787767177666
2011-12-31 18:00:00,232.03193271790514
2011-12-31 19:00:00,161.20472069352869
2011-12-31 20:00:00,132.68714850190688
2011-12-31 21:00:00,98.04139719153092
2011-12-31 22:00:00,87.69543733490235
2011-12-31 23:00:00,62.6407273679162
2012-01-20 00:00:00,20.47012527470245
2012-01-20 01:00:00,11.598498327725826
2012-01-20 02:00:00,6.198914817951254
2012-01-20 03:00:00,3.0694853450420667
2012-01-20 04:00:00,2.3892460848198667
2012-01-20 05:00:00,12.87838143921856
2012-01-20 06:00:00,53.60557137180385
2012-01-20 07:00:00,131.73212975286847
2012-01-20 08:00:00,273.5410912086453
2012-01-20 09:00:00,146.77376639804842
2012-01-20 10:00:00,73.61324926248848
2012-01-20 11:00:00,53.14178115433218
2012-01-20 12:00:00,59.2092221776443
2012-01-20 13:00:00,82.43047575239278
2012-01-20 14:00:00,65.47203303974878
2012-01-20 15:00:00,83.4411535606533
2012-01-20 16:00:00,99.33560537240909
2012-01-20 17:00:00,169.50039849860707
2012-01-20 18:00:00,149.62502602073286
2012-01-20 19:00:00,106.48264262712411
2012-01-20 20:00:00,70.78399508197285
2012-01-20 21:00:00,57.834187692349694
2012-01-20 22:00:00,40.77652505365518
2012-01-20 23:00:00,20.16606141545173
2012-01-21 00:00:00,25.04187711171266
2012-01-21 01:00:00,17.98996809827266
2012-01-21 02:00:00,16.136367664960748
2012-01-21 03:00:00,7.234866441644941
2012-01-21 04:00:00,2.0901162180946864
2012-01-21 05:00:00,1.8166867613436033
2012-01-21 06:00:00,3.4307205700940253
2012-01-21 07:00:00,8.562697789429965
2012-01-21 08:00:00,28.973607958722784
2012-01-21 09:00:00,47.899047321369686
2012-01-21 10:00:00,41.68019974319479
2012-01-21 11:00:00,109.3507742795748
2012-01-21 12:00:00,124.64262947967201
2012-01-21 13:00:00,84.01573425779482
2012-01-21 14:00:00,64.64212158872056
2012-01-21 15:00:00,64.14222334078485
2012-01-21 16:00:00,72.51337547343988
2012-01-21 17:00:00,62.36771098012727
2012-01-21 18:00:00,54.24337780909307
2012-01-21 19:00:00,44.62455791725056
2012-01-21 20:00:00,35.42962230139858
2012-01-21 21:00:00,37.264186065195005
2012-01-21 22:00:00,27.167471160253978
2012-01-21 23:00:00,25.320550644565195
2012-01-22 00:00:00,28.165111751686933
2012-01-22 01:00:00,18.82202142528179
2012-01-22 02:00:00,15.274123689376363
2012-01-22 03:00:00,8.04576423925182
2012-01-22 04:00:00,2.0206298964895435
2012-01-22 05:00:00,1.4649642448198947
2012-01-22 06:00:00,2.712595645081199
2012-01-22 07:00:00,7.113140479005012
2012-01-22 08:00:00,20.78002304720308
2012-01-22 09:00:00,42.89232068083042
2012-01-22 10:00:00,61.098272540995936
2012-01-22 11:00:00,50.90864852464948
2012-01-22 12:00:00,85.36895775210675
2012-01-22 13:00:00,101.00817034601258
2012-01-22 14:00:00,94.19387640427628
2012-01-22 15:00:00,85.79918650933051
2012-01-22 16:00:00,82.29396261550426
2012-01-22 17:00:00,80.86168812190948
2012-01-22 18:00:00,47.904661949863566
2012-01-22 19:00:00,43.66246367698175
2012-01-22 20:00:00,32.08952512711524
2012-01-22 21:00:00,27.341308970756433
2012-01-22 22:00:00,24.63873385600937
2012-01-22 23:00:00,16.555684031132532
2012-01-23 00:00:00,10.12267210061278
2012-01-23 01:00:00,4.655894425544635
2012-01-23 02:00:00,2.7870241458664737
2012-01-23 03:00:00,1.8908399878228306
2012-01-23 04:00:00,2.26260779731921
2012-01-23 05:00:00,9.213733307325116
2012-01-23 06:00:00,40.3924840766076
2012-01-23 07:00:00,92.863167175123
2012-01-23 08:00:00,189.79476481577726
2012-01-23 09:00:00,152.90737356682732
2012-01-23 10:00:00,50.56564046891333
2012-01-23 11:00:00,56.02534962408514
2012-01-23 12:00:00,60.57660713125627
2012-01-23 13:00:00,43.70722823834261
2012-01-23 14:00:00,42.10023787253966
2012-01-23 15:00:00,42.88638461693711
2012-01-23 16:00:00,116.7666438116138
2012-01-23 17:00:00,183.08635528530618
2012-01-23 18:00:00,205.31125374053383
2012-01-23 19:00:00,154.78700458523457
2012-01-23 20:00:00,95.28633141396276
2012-01-23 21:00:00,55.91034413567392
2012-01-23 22:00:00,40.94645793902654
2012-01-23 23:00:00,23.431602845200317
2012-01-24 00:00:00,7.633316036054092
2012-01-24 01:00:00,4.019423726272051
2012-01-24 02:00:00,2.3868905114714916
2012-01-24 03:00:00,2.0862744014469548
2012-01-24 04:00:00,2.003642799422395
2012-01-24 05:00:00,8.914815857544722
2012-01-24 06:00:00,46.548522403561236
2012-01-24 07:00:00,145.36683474685046
2012-01-24 08:00:00,281.3807387037872
2012-01-24 09:00:00,184.74124877662044
2012-01-24 10:00:00,65.39753048257485
2012-01-24 11:00:00,83.03095705575052
2012-01-24 12:00:00,95.26731143349421
2012-01-24 13:00:00,91.49095413126133
2012-01-24 14:00:00,71.40621399303448
2012-01-24 15:00:00,99.25503498588918
2012-01-24 16:00:00,168.51183649011264
2012-01-24 17:00:00,349.66593883730957
2012-01-24 18:00:00,318.1378290319865
2012-01-24 19:00:00,282.9355570548072
2012-01-24 20:00:00,111.47862175251939
2012-01-24 21:00:00,101.04473783927764
2012-01-24 22:00:00,66.32881133186022
2012-01-24 23:00:00,41.31863843403071
2012-01-25 00:00:00,8.89938790083746
2012-01-25 01:00:00,6.050707473003943
2012-01-25 02:00:00,3.5332770530429447
2012-01-25 03:00:00,2.17173771201982
2012-01-25 04:00:00,2.0089310860924123
2012-01-25 05:00:00,11.481898266268647
2012-01-25 06:00:00,56.376161297504126
2012-01-25 07:00:00,155.24621815614253
2012-01-25 08:00:00,308.50533797690724
2012-01-25 09:00:00,156.60659002639045
2012-01-25 10:00:00,80.4981013275048
2012-01-25 11:00:00,93.39948374881472
2012-01-25 12:00:00,126.67500013767011
2012-01-25 13:00:00,113.4927799926138
2012-01-25 14:00:00,101.47603580839365
2012-01-25 15:00:00,113.98660570839405
2012-01-25 16:00:00,166.13028079954523
2012-01-25 17:00:00,330.8039802957892
2012-01-25 18:00:00,242.76584866665542
2012-01-25 19:00:00,211.65361230701996
2012-01-25 20:00:00,117.36576568974058
2012-01-25 21:00:00,97.14115418152042
2012-01-25 22:00:00,64.9359406320089
2012-01-25 23:00:00,35.21055551549351
2012-01-26 00:00:00,21.038311031925804
2012-01-26 01:00:00,8.037170327673381
2012-01-26 02:00:00,4.665731354818112
2012-01-26 03:00:00,2.7929136234728578
2012-01-26 04:00:00,2.7519858858818007
2012-01-26 05:00:00,14.27537676668589
2012-01-26 06:00:00,77.00552656541053
2012-01-26 07:00:00,236.14727168190618
2012-01-26 08:00:00,441.8906281349731
2012-01-26 09:00:00,216.9807182657236
2012-01-26 10:00:00,94.80345113544809
2012-01-26 11:00:00,89.6880851316989
2012-01-26 12:00:00,114.23699950841974
2012-01-26 13:00:00,124.75667653564277
2012-01-26 14:00:00,113.46365489678004
2012-01-26 15:00:00,130.35741279809034
2012-01-26 16:00:00,178.75225641924712
2012-01-26 17:00:00,359.0025078226315
2012-01-26 18:00:00,343.47565345700883
2012-01-26 19:00:00,221.44899709739587
2012-01-26 20:00:00,159.67508149839426
2012-01-26 21:00:00,124.85576376483343
2012-01-26 22:00:00,122.99779583781702
2012-01-26 23:00:00,68.01698779356855
2012-01-27 00:00:00,24.28415409463194
2012-01-27 01:00:00,12.230334566389764
2012-01-27 02:00:00,9.835273438630102
2012-01-27 03:00:00,3.0144442668249627
2012-01-27 04:00:00,1.7676495450970682
2012-01-27 05:00:00,12.18911125691742
2012-01-27 06:00:00,36.84346164374076
2012-01-27 07:00:00,101.88857518399011
2012-01-27 08:00:00,226.3023048290738
2012-01-27 09:00:00,125.82305980479009
2012-01-27 10:00:00,51.00799019746101
2012-01-27 11:00:00,126.44439251447591
2012-01-27 12:00:00,189.87880724346874
2012-01-27 13:00:00,199.89599634891817
2012-01-27 14:00:00,175.2759864070922
2012-01-27 15:00:00,182.22580666097554
2012-01-27 16:00:00,238.34625722295937
2012-01-27 17:00:00,343.19600649310826
2012-01-27 18:00:00,288.40240344460614
2012-01-27 19:00:00,192.75419512869212
2012-01-27 20:00:00,119.52025703314523
2012-01-27 21:00:00,94.35169847275421
2012-01-27 22:00:00,93.96170927393933
2012-01-27 23:00:00,60.4832634056374
2012-01-28 00:00:00,49.6442531571697
2012-01-28 01:00:00,44.68119563694887
2012-01-28 02:00:00,25.214130871010685
2012-01-28 03:00:00,11.722620685333418
2012-01-28 04:00:00,3.0941625889938416
2012-01-28 05:00:00,2.853894547180968
2012-01-28 06:00:00,6.455257283618106
2012-01-28 07:00:00,14.121432552186745
2012-01-28 08:00:00,52.08560427206281
2012-01-28 09:00:00,80.95618627178253
2012-01-28 10:00:00,136.2690436333566
2012-01-28 11:00:00,186.59863233939456
2012-01-28 12:00:00,161.6704913804103
2012-01-28 13:00:00,217.67668301466827
2012-01-28 14:00:00,207.7176230258396
2012-01-28 15:00:00,220.75099561935713
2012-01-28 16:00:00,255.3575038317283
2012-01-28 17:00:00,230.37187488969423
2012-01-28 18:00:00,208.46897766051225
2012-01-28 19:00:00,108.38175131220639
2012-01-28 20:00:00,101.37374264878443
2012-01-28 21:00:00,82.26072711144062
2012-01-28 22:00:00,80.86280949897838
2012-01-28 23:00:00,56.47547909854767
2012-01-29 00:00:00,54.2373927335059
2012-01-29 01:00:00,34.08181740282049
2012-01-29 02:00:00,24.653521412402704
2012-01-29 03:00:00,10.684598210900308
2012-01-29 04:00:00,2.5629125572151796
2012-01-29 05:00:00,2.368706680361949
2012-01-29 06:00:00,4.7638170326823195
2012-01-29 07:00:00,12.69608540282905
2012-01-29 08:00:00,33.00554738355994
2012-01-29 09:00:00,70.23008568620718
2012-01-29 10:00:00,147.8622736282802
2012-01-29 11:00:00,148.58977251342128
2012-01-29 12:00:00,202.29898131064368
2012-01-29 13:00:00,200.28868664327607
2012-01-29 14:00:00,184.2263726509295
2012-01-29 15:00:00,198.53374509266214
2012-01-29 16:00:00,167.07945136263626
2012-01-29 17:00:00,147.69621610367562
2012-01-29 18:00:00,125.34000449153135
2012-01-29 19:00:00,93.23271658517615
2012-01-29 20:00:00,76.09345813025563
2012-01-29 21:00:00,53.54750684314063
2012-01-29 22:00:00,40.97263910444872
2012-01-29 23:00:00,27.389449580189726
2012-01-30 00:00:00,10.644959192556618
2012-01-30 01:00:00,4.73505848082857
2012-01-30 02:00:00,2.555810633768242
2012-01-30 03:00:00,1.912098362147944
2012-01-30 04:00:00,1.9104538793348256
2012-01-30 05:00:00,8.85361304440112
2012-01-30 06:00:00,43.18794450679282
2012-01-30 07:00:00,120.60622780734066
2012-01-30 08:00:00,215.8095739189965
2012-01-30 09:00:00,111.8741940556019
2012-01-30 10:00:00,63.4801489653046
2012-01-30 11:00:00,76.16780334707735
2012-01-30 12:00:00,95.41505974197406
2012-01-30 13:00:00,100.45681551295502
2012-01-30 14:00:00,92.98021154966918
2012-01-30 15:00:00,92.76803837892777
2012-01-30 16:00:00,144.23458966122308
2012-01-30 17:00:00,258.1319665808971
2012-01-30 18:00:00,271.3189611584016
2012-01-30 19:00:00,172.4198068345337
2012-01-30 20:00:00,126.33502873673523
2012-01-30 21:00:00,87.4591050869244
2012-01-30 22:00:00,55.90609589828012
2012-01-30 23:00:00,30.688043156323285
2012-01-31 00:00:00,14.050346729483177
2012-01-31 01:00:00,5.998439323883236
2012-01-31 02:00:00,3.612933700982217
2012-01-31 03:00:00,2.632259380358383
2012-01-31 04:00:00,2.721608614419657
2012-01-31 05:00:00,14.513559812311362
2012-01-31 06:00:00,72.3424015865896
2012-01-31 07:00:00,181.30546191191323
2012-01-31 08:00:00,360.5264081371574
2012-01-31 09:00:00,214.96629596265382
2012-01-31 10:00:00,89.0079252314687
2012-01-31 11:00:00,107.66428547964588
2012-01-31 12:00:00,128.50722333326982
2012-01-31 13:00:00,176.51859438235982
2012-01-31 14:00:00,135.31894951267338
2012-01-31 15:00:00,178.58658628689975
2012-01-31 16:00:00,263.18308170657593
2012-01-31 17:00:00,520.3206733785901
2012-01-31 18:00:00,487.7976748587832
2012-01-31 19:00:00,278.2177799848594
2012-01-31 20:00:00,158.7874102229565
2012-01-31 21:00:00,144.85063233519367
2012-01-31 22:00:00,98.43108394305555
2012-01-31 23:00:00,67.29509552816695
2012-02-20 00:00:00,24.856671748998
2012-02-20 01:00:00,17.26495134767252
2012-02-20 02:00:00,13.54981965115282
2012-02-20 03:00:00,6.066269175088313
2012-02-20 05:00:00,3.892561899863755
2012-02-20 06:00:00,9.241732807888589
2012-02-20 07:00:00,19.288368283264386
2012-02-20 08:00:00,61.76918858721698
2012-02-20 09:00:00,80.5017531531239
2012-02-20 10:00:00,87.74688162136391
2012-02-20 11:00:00,127.23009798736592
2012-02-20 12:00:00,178.2077955279464
2012-02-20 13:00:00,183.79370074569195
2012-02-20 14:00:00,184.2076466138062
2012-02-20 15:00:00,187.01579366744272
2012-02-20 16:00:00,224.1719721779646
2012-02-20 17:00:00,211.42852731184266
2012-02-20 18:00:00,197.66347486679956
2012-02-20 19:00:00,149.9406821690063
2012-02-20 20:00:00,110.16305672992553
2012-02-20 21:00:00,83.36302855877466
2012-02-20 22:00:00,61.2056068783843
2012-02-20 23:00:00,31.72272413041677
2012-02-21 00:00:00,9.517725062364027
2012-02-21 01:00:00,5.0257899255997245
2012-02-21 02:00:00,2.3892543880458557
2012-02-21 04:00:00,1.6083426476886453
2012-02-21 05:00:00,8.108870297181069
2012-02-21 06:00:00,43.24890171974494
2012-02-21 07:00:00,127.36223968325412
2012-02-21 08:00:00,246.7402864955269
2012-02-21 09:00:00,132.6938437976114
2012-02-21 10:00:00,67.22972838736162
2012-02-21 11:00:00,62.0907562706379
2012-02-21 12:00:00,100.94529240364585
2012-02-21 13:00:00,100.10778148704075
2012-02-21 14:00:00,93.3785090539926
2012-02-21 15:00:00,97.46157852217758
2012-02-21 16:00:00,162.06807012250394
2012-02-21 17:00:00,319.0995569927323
2012-02-21 18:00:00,312.27005788602366
2012-02-21 19:00:00,200.11085244735176
2012-02-21 20:00:00,136.9203517895196
2012-02-21 21:00:00,105.82486440953421
2012-02-21 22:00:00,69.3018659264726
2012-02-21 23:00:00,36.74825846785176
2012-02-22 00:00:00,15.110474905545187
2012-02-22 01:00:00,7.2388100491600165
2012-02-22 02:00:00,3.258243006984516
2012-02-22 03:00:00,2.5854522666923656
2012-02-22 04:00:00,2.644504205688542
2012-02-22 05:00:00,15.386216309248717
2012-02-22 06:00:00,65.96722482547673
2012-02-22 07:00:00,192.2767011979749
2012-02-22 08:00:00,360.93710519219786
2012-02-22 09:00:00,214.4554498737928
2012-02-22 10:00:00,92.0392461133896
2012-02-22 11:00:00,84.89922888970256
2012-02-22 12:00:00,107.91414669043056
2012-02-22 13:00:00,124.64607014273224
2012-02-22 14:00:00,117.54545089418792
2012-02-22 15:00:00,142.31751136463313
2012-02-22 16:00:00,216.24679959851923
2012-02-22 17:00:00,488.75733442277715
2012-02-22 18:00:00,406.72576772205144
2012-02-22 19:00:00,263.6822805048134
2012-02-22 20:00:00,190.3127402995617
2012-02-22 21:00:00,135.32782442643781
2012-02-22 22:00:00,93.61652557539446
2012-02-22 23:00:00,60.010746106278354
2012-02-23 00:00:00,24.52839166990426
2012-02-23 01:00:00,9.18771437890203
2012-02-23 02:00:00,4.949163581153003
2012-02-23 03:00:00,2.6190154039516815
2012-02-23 04:00:00,2.60844140150071
2012-02-23 05:00:00,15.261915161837159
2012-02-23 06:00:00,89.65854759813854
2012-02-23 07:00:00,219.07922735991667
2012-02-23 08:00:00,442.78469957044837
2012-02-23 09:00:00,217.92485720496296
2012-02-23 10:00:00,113.09014299753461
2012-02-23 11:00:00,132.00760768224535
2012-02-23 12:00:00,178.67492239724052
2012-02-23 13:00:00,195.30339112906836
2012-02-23 14:00:00,173.75697704365237
2012-02-23 15:00:00,214.5434194996469
2012-02-23 16:00:00,308.5946885782729
2012-02-23 17:00:00,594.8662585809112
2012-02-23 18:00:00,615.4082312784374
2012-02-23 19:00:00,360.2086375125507
2012-02-23 20:00:00,251.09147129952294
2012-02-23 21:00:00,162.49658423307056
2012-02-23 22:00:00,139.397846510381
2012-02-23 23:00:00,107.36284370917068
2012-02-24 00:00:00,38.60353087572013
2012-02-24 01:00:00,20.733894390788926
2012-02-24 02:00:00,5.936866308778953
2012-02-24 03:00:00,6.3739836837456885
2012-02-24 04:00:00,4.127768624730754
2012-02-24 05:00:00,16.10190488993242
2012-02-24 06:00:00,75.6147749597056
2012-02-24 07:00:00,148.1487921302864
2012-02-24 08:00:00,290.5638713777601
2012-02-24 09:00:00,119.45268515632317
2012-02-24 10:00:00,74.85011620569033
2012-02-24 11:00:00,113.7013425300283
2012-02-24 12:00:00,160.27146060075214
2012-02-24 13:00:00,160.91871400638072
2012-02-24 14:00:00,153.8846265645859
2012-02-24 15:00:00,75.11030549885481
2012-02-24 16:00:00,101.99913991105204
2012-02-24 17:00:00,179.00599097128728
2012-02-24 18:00:00,222.67743709152404
2012-02-24 19:00:00,210.09422817656355
2012-02-24 20:00:00,160.06014395175768
2012-02-24 21:00:00,114.60707584730096
2012-02-24 22:00:00,111.99422473622487
2012-02-24 23:00:00,78.63839825167041
2012-02-25 00:00:00,65.76933076948384
2012-02-25 01:00:00,48.88811229168746
2012-02-25 02:00:00,34.67480962205226
2012-02-25 03:00:00,13.313440621235252
2012-02-25 04:00:00,3.7186722705522652
2012-02-25 05:00:00,3.7045362663070383
2012-02-25 06:00:00,9.053794955770414
2012-02-25 07:00:00,20.605101763003066
2012-02-25 08:00:00,52.702615696633174
2012-02-25 09:00:00,33.494944104459336
2012-02-25 10:00:00,124.01901948984087
2012-02-25 11:00:00,134.760649966727
2012-02-25 12:00:00,153.31169258492682
2012-02-25 13:00:00,166.2429221896745
2012-02-25 14:00:00,156.85501860543133
2012-02-25 15:00:00,162.83919694358553
2012-02-25 16:00:00,138.3842318280103
2012-02-25 17:00:00,155.8256470789036
2012-02-25 18:00:00,94.8281080327898
2012-02-25 19:00:00,77.13020280396303
2012-02-25 20:00:00,55.40912799104201
2012-02-25 21:00:00,59.48064309550888
2012-02-25 22:00:00,45.26956051473772
2012-02-25 23:00:00,40.54442550482764
2012-02-26 00:00:00,45.114487982033026
2012-02-26 01:00:00,33.354516934235356
2012-02-26 02:00:00,26.801077068396786
2012-02-26 03:00:00,14.012570498681
2012-02-26 04:00:00,3.333033543137041
2012-02-26 05:00:00,2.4388679658390418
2012-02-26 06:00:00,3.963659956617189
2012-02-26 07:00:00,9.145025169334222
2012-02-26 08:00:00,27.028010189003407
2012-02-26 09:00:00,65.29818606155496
2012-02-26 10:00:00,135.50691527123047
2012-02-26 11:00:00,152.67486712676387
2012-02-26 12:00:00,242.9920200552862
2012-02-26 13:00:00,212.90582844226802
2012-02-26 14:00:00,220.42189815105138
2012-02-26 15:00:00,208.57298669236897
2012-02-26 16:00:00,199.26464024078797
2012-02-26 17:00:00,171.940916606951
2012-02-26 18:00:00,130.80870139506567
2012-02-26 19:00:00,126.29165337039495
2012-02-26 20:00:00,82.12204415163903
2012-02-26 21:00:00,67.73670131470472
2012-02-26 22:00:00,48.73856702034107
2012-02-26 23:00:00,25.993841943967332
2012-02-27 00:00:00,12.641557685685918
2012-02-27 01:00:00,4.573339580834781
2012-02-27 02:00:00,2.621150451135115
2012-02-27 03:00:00,2.2890462146264077
2012-02-27 04:00:00,2.564847419327793
2012-02-27 05:00:00,11.718642334878208
2012-02-27 06:00:00,47.292915294439574
2012-02-27 07:00:00,164.99331353698705
2012-02-27 08:00:00,333.92764863237915
2012-02-27 09:00:00,162.09433429829943
2012-02-27 10:00:00,85.45003456802885
2012-02-27 11:00:00,90.44371467835144
2012-02-27 12:00:00,123.76183190375178
2012-02-27 13:00:00,119.58627434803125
2012-02-27 14:00:00,138.3037694660761
2012-02-27 15:00:00,153.19258532743717
2012-02-27 16:00:00,239.8860185996674
2012-02-27 17:00:00,422.8147535935394
2012-02-27 18:00:00,411.53713595126715
2012-02-27 19:00:00,247.15526883616158
2012-02-27 20:00:00,174.89799372385968
2012-02-27 21:00:00,117.46802255033727
2012-02-27 22:00:00,86.51531898139756
2012-02-27 23:00:00,51.380102828792864
2012-02-28 00:00:00,23.222535097528812
2012-02-28 01:00:00,6.705071040817042
2012-02-28 02:00:00,4.366313474239364
2012-02-28 03:00:00,1.9788081751835345
2012-02-28 04:00:00,2.7779669768434867
2012-02-28 05:00:00,14.718983988360907
2012-02-28 06:00:00,77.31821843259434
2012-02-28 07:00:00,211.77190603377937
2012-02-28 08:00:00,339.51181954406655
2012-02-28 09:00:00,196.4002731417004
2012-02-28 10:00:00,95.18785350873908
2012-02-28 11:00:00,99.60389186372986
2012-02-28 12:00:00,140.31430539350637
2012-02-28 13:00:00,123.85837800766261
2012-02-28 14:00:00,129.12769208295666
2012-02-28 15:00:00,157.5349919444683
2012-02-28 16:00:00,228.55267556412275
2012-02-28 17:00:00,438.5579182831373
2012-02-28 18:00:00,425.2928685020609
2012-02-28 19:00:00,269.66725949256966
2012-02-28 20:00:00,168.23203014763058
2012-02-28 21:00:00,113.69272076627024
2012-02-28 22:00:00,84.11111494936799
2012-02-28 23:00:00,45.044672754235606
2012-02-29 00:00:00,19.11799715133592
2012-02-29 01:00:00,7.345600009361842
2012-02-29 02:00:00,3.7572854924456136
2012-02-29 03:00:00,2.6842297373288844
2012-02-29 05:00:00,11.269164511550878
2012-02-29 06:00:00,69.34813990984719
2012-02-29 07:00:00,208.99869930142518
2012-02-29 08:00:00,418.07787993928565
2012-02-29 09:00:00,117.3750900317679
2012-02-29 10:00:00,47.72508096007081
2012-02-29 11:00:00,42.371886065517174
2012-02-29 12:00:00,23.57823053608793
2012-02-29 13:00:00,39.12108421828203
2012-02-29 14:00:00,35.86282374297124
2012-02-29 15:00:00,77.89464766822306
2012-02-29 16:00:00,69.78186191604082
2012-02-29 17:00:00,242.04582677300098
2012-02-29 18:00:00,156.5775343341231
2012-02-29 19:00:00,169.1638508211101
2012-02-29 20:00:00,84.37172133769108
2012-02-29 21:00:00,65.26352565461123
2012-02-29 22:00:00,29.82342616278017
2012-02-29 23:00:00,19.24400759731175
2012-03-20 00:00:00,28.18332089908464
2012-03-20 01:00:00,12.403677806543925
2012-03-20 02:00:00,6.770034598823001
2012-03-20 03:00:00,3.8258409827259725
2012-03-20 04:00:00,4.955082670588717
2012-03-20 05:00:00,18.88735652742482
2012-03-20 06:00:00,79.99853052051229
2012-03-20 07:00:00,123.74388251112101
2012-03-20 08:00:00,515.1199699921954
2012-03-20 09:00:00,266.185836876858
2012-03-20 10:00:00,155.9039333093334
2012-03-20 11:00:00,161.52213815208702
2012-03-20 12:00:00,177.44623073825713
2012-03-20 13:00:00,190.1526637183165
2012-03-20 14:00:00,183.59748606129224
2012-03-20 15:00:00,191.3273425071576
2012-03-20 16:00:00,302.4698643902184
2012-03-20 17:00:00,594.5431470330077
2012-03-20 18:00:00,540.7476475408116
2012-03-20 19:00:00,417.22891732578387
2012-03-20 20:00:00,269.86181436258596
2012-03-20 21:00:00,221.55394744416122
2012-03-20 22:00:00,155.55765329513773
2012-03-20 23:00:00,87.59068840104402
2012-03-21 00:00:00,30.346130206199263
2012-03-21 01:00:00,16.661347645898406
2012-03-21 02:00:00,6.947124551248542
2012-03-21 03:00:00,4.00599411674759
2012-03-21 04:00:00,4.0686180072129465
2012-03-21 05:00:00,21.082197961666747
2012-03-21 06:00:00,64.5352849989451
2012-03-21 07:00:00,122.93570236680861
2012-03-21 08:00:00,190.814158503092
2012-03-21 09:00:00,216.20735020922376
2012-03-21 10:00:00,142.35036359853083
2012-03-21 11:00:00,139.54549719444586
2012-03-21 12:00:00,202.5615380861077
2012-03-21 13:00:00,157.9776303910237
2012-03-21 14:00:00,166.49006731934807
2012-03-21 15:00:00,186.59037024916697
2012-03-21 16:00:00,312.3428421984895
2012-03-21 17:00:00,568.528420718261
2012-03-21 18:00:00,574.3224187386198
2012-03-21 19:00:00,420.5362468150266
2012-03-21 20:00:00,295.14856360183643
2012-03-21 21:00:00,229.06122110714225
2012-03-21 22:00:00,164.74086828052378
2012-03-21 23:00:00,123.02905346614298
2012-03-22 00:00:00,45.43407215880061
2012-03-22 01:00:00,20.752923827445468
2012-03-22 02:00:00,11.141261643984892
2012-03-22 03:00:00,6.168330595904409
2012-03-22 04:00:00,3.202816662080384
2012-03-22 05:00:00,15.830679313411554
2012-03-22 06:00:00,71.34472382114704
2012-03-22 07:00:00,194.5214263924331
2012-03-22 08:00:00,396.5020424870959
2012-03-22 09:00:00,192.87132802573007
2012-03-22 10:00:00,77.07435865349035
2012-03-22 11:00:00,101.65795210743214
2012-03-22 12:00:00,154.3356280441653
2012-03-22 13:00:00,218.0960565973241
2012-03-22 14:00:00,213.4314997127369
2012-03-22 15:00:00,213.27378113922708
2012-03-22 16:00:00,320.9191566730638
2012-03-22 17:00:00,658.4706216462578
2012-03-22 18:00:00,656.6672382507437
2012-03-22 19:00:00,481.57039663323883
2012-03-22 20:00:00,308.7798620907654
2012-03-22 21:00:00,269.5456173357373
2012-03-22 22:00:00,190.20847329498037
2012-03-22 23:00:00,126.58429729839678
2012-03-23 00:00:00,62.54682671143451
2012-03-23 01:00:00,28.4063165401774
2012-03-23 02:00:00,15.924724896937304
2012-03-23 03:00:00,8.052764360349197
2012-03-23 04:00:00,4.251870760074963
2012-03-23 05:00:00,19.85961818599147
2012-03-23 06:00:00,96.33396097129554
2012-03-23 07:00:00,214.5410986976926
2012-03-23 08:00:00,377.5832738323407
2012-03-23 09:00:00,255.1288241974289
2012-03-23 10:00:00,157.52507014091262
2012-03-23 11:00:00,211.27681388836646
2012-03-23 12:00:00,300.7011605130828
2012-03-23 13:00:00,270.31467077157623
2012-03-23 14:00:00,278.2140075929455
2012-03-23 15:00:00,317.8745262394057
2012-03-23 16:00:00,430.42356560960866
2012-03-23 17:00:00,715.7280358657982
2012-03-23 18:00:00,593.3235184778806
2012-03-23 19:00:00,416.3349157455475
2012-03-23 20:00:00,295.13719023800377
2012-03-23 21:00:00,241.3689771267788
2012-03-23 22:00:00,202.43000660218138
2012-03-23 23:00:00,151.8889400027926
2012-03-24 00:00:00,118.16827473651833
2012-03-24 01:00:00,99.40814009758985
2012-03-24 02:00:00,74.04435192433857
2012-03-24 03:00:00,34.676525499110014
2012-03-24 04:00:00,12.171901489171496
2012-03-24 05:00:00,12.032075203435829
2012-03-24 06:00:00,30.79919550415577
2012-03-24 07:00:00,57.9739245942349
2012-03-24 08:00:00,102.42515459878574
2012-03-24 09:00:00,233.97205320397578
2012-03-24 10:00:00,236.2894384609914
2012-03-24 11:00:00,193.40736971643776
2012-03-24 12:00:00,145.67758783579646
2012-03-24 13:00:00,141.17542422014628
2012-03-24 14:00:00,109.64275075428591
2012-03-24 15:00:00,71.38588995330825
2012-03-24 16:00:00,102.51666387566486
2012-03-24 17:00:00,130.46670843170835
2012-03-24 18:00:00,79.36221856621603
2012-03-24 19:00:00,98.36534727918327
2012-03-24 20:00:00,47.99240442741453
2012-03-24 21:00:00,41.58287018016322
2012-03-24 22:00:00,30.975712156220993
2012-03-24 23:00:00,43.503801681907234
2012-03-25 00:00:00,35.55448242747689
2012-03-25 01:00:00,23.84186100066487
2012-03-25 02:00:00,15.828597342395263
2012-03-25 03:00:00,10.290373364332305
2012-03-25 04:00:00,4.148509340100772
2012-03-25 05:00:00,3.4325443960327657
2012-03-25 06:00:00,5.4411570222287455
2012-03-25 07:00:00,15.205396177769199
2012-03-25 08:00:00,36.89021311637192
2012-03-25 09:00:00,62.255818341287906
2012-03-25 10:00:00,94.5570897534842
2012-03-25 11:00:00,94.8937662000547
2012-03-25 12:00:00,108.43038947923779
2012-03-25 13:00:00,196.95488030837834
2012-03-25 14:00:00,190.45549945732435
2012-03-25 15:00:00,165.57091750697856
2012-03-25 16:00:00,296.2693424311042
2012-03-25 17:00:00,317.2406295654368
2012-03-25 18:00:00,271.36013889558353
2012-03-25 19:00:00,186.74639264910036
2012-03-25 20:00:00,128.5893482437373
2012-03-25 21:00:00,129.62317779666344
2012-03-25 22:00:00,92.00123333883285
2012-03-25 23:00:00,65.53810078627255
2012-03-26 00:00:00,33.741641204087614
2012-03-26 01:00:00,13.532746353911953
2012-03-26 02:00:00,6.73941744528253
2012-03-26 03:00:00,5.350652807868671
2012-03-26 04:00:00,6.077360940207519
2012-03-26 05:00:00,28.669655582445976
2012-03-26 06:00:00,117.40099936848348
2012-03-26 07:00:00,337.54262037120986
2012-03-26 08:00:00,499.94047433570756
2012-03-26 09:00:00,220.424226899297
2012-03-26 10:00:00,138.90948871234326
2012-03-26 11:00:00,146.01447065754195
2012-03-26 12:00:00,214.6888203869926
2012-03-26 13:00:00,187.80470170744604
2012-03-26 14:00:00,190.42568222124902
2012-03-26 15:00:00,173.80118991142734
2012-03-26 16:00:00,269.6404962984478
2012-03-26 17:00:00,502.478164368403
2012-03-26 18:00:00,423.19953052324666
2012-03-26 19:00:00,288.020527480509
2012-03-26 20:00:00,146.70947249648503
2012-03-26 21:00:00,94.04486079891574
2012-03-26 22:00:00,66.72778108703416
2012-03-26 23:00:00,31.937898834756012
2012-03-27 00:00:00,13.12364235675294
2012-03-27 01:00:00,5.680416663313574
2012-03-27 02:00:00,2.6110837595196266
2012-03-27 03:00:00,1.8621011133826113
2012-03-27 04:00:00,2.1190410397137796
2012-03-27 05:00:00,12.333550166777057
2012-03-27 06:00:00,64.64077650580647
2012-03-27 07:00:00,185.83889395263475
2012-03-27 08:00:00,327.4120828668861
2012-03-27 09:00:00,181.60818275166065
2012-03-27 10:00:00,88.65107931575871
2012-03-27 11:00:00,93.73345467067217
2012-03-27 12:00:00,103.7895256831171
2012-03-27 13:00:00,134.20539452537818
2012-03-27 14:00:00,151.80249237282416
2012-03-27 15:00:00,171.5063722266337
2012-03-27 16:00:00,253.6478732116741
2012-03-27 17:00:00,459.33715131361635
2012-03-27 18:00:00,467.24100949439503
2012-03-27 19:00:00,310.42495287436833
2012-03-27 20:00:00,219.50553379237994
2012-03-27 21:00:00,136.00519571596772
2012-03-27 22:00:00,101.5523507788333
2012-03-27 23:00:00,64.60575829922055
2012-03-28 00:00:00,22.671166316393016
2012-03-28 01:00:00,8.961932658405011
2012-03-28 02:00:00,4.59009216505818
2012-03-28 03:00:00,3.2854197269283114
2012-03-28 04:00:00,3.607562148449112
2012-03-28 05:00:00,21.44100064512435
2012-03-28 06:00:00,100.42232383956866
2012-03-28 07:00:00,285.287994149991
2012-03-28 08:00:00,438.38026111033474
2012-03-28 09:00:00,230.15599576247473
2012-03-28 10:00:00,140.91475274049358
2012-03-28 11:00:00,150.88056363935044
2012-03-28 12:00:00,235.13903413256196
2012-03-28 13:00:00,236.6383799201197
2012-03-28 14:00:00,230.19454670713068
2012-03-28 15:00:00,279.73603697628243
2012-03-28 16:00:00,273.6366753603602
2012-03-28 17:00:00,659.3042993354893
2012-03-28 18:00:00,650.9785117469085
2012-03-28 19:00:00,477.3350244352398
2012-03-28 20:00:00,339.2759473530266
2012-03-28 21:00:00,263.80802826221463
2012-03-28 22:00:00,177.16645944946592
2012-03-28 23:00:00,112.25303134140937
2012-03-29 00:00:00,45.89537093096645
2012-03-29 01:00:00,21.28418535489949
2012-03-29 02:00:00,7.437899085197164
2012-03-29 03:00:00,4.082128083314785
2012-03-29 04:00:00,5.570583507216884
2012-03-29 05:00:00,25.79741019396153
2012-03-29 06:00:00,124.78127247241669
2012-03-29 07:00:00,329.4830729816327
2012-03-29 08:00:00,582.0642032907207
2012-03-29 09:00:00,277.6053027756412
2012-03-29 10:00:00,146.43517036382207
2012-03-29 11:00:00,160.30331445610048
2012-03-29 12:00:00,204.3118179109225
2012-03-29 13:00:00,186.9047861622981
2012-03-29 14:00:00,168.60108868736475
2012-03-29 15:00:00,202.02615766688504
2012-03-29 16:00:00,312.08369967347494
2012-03-29 17:00:00,642.3500517767918
2012-03-29 18:00:00,510.5775786109211
2012-03-29 19:00:00,373.7493271352271
2012-03-29 20:00:00,249.2924226267015
2012-03-29 21:00:00,184.3443574949369
2012-03-29 22:00:00,144.38656544823849
2012-03-29 23:00:00,93.57701098030824
2012-03-30 00:00:00,49.422484085928524
2012-03-30 01:00:00,20.356192562372545
2012-03-30 02:00:00,11.255752152853296
2012-03-30 03:00:00,5.232265030108211
2012-03-30 04:00:00,4.749940396788117
2012-03-30 05:00:00,18.15095506555447
2012-03-30 06:00:00,77.20231881122766
2012-03-30 07:00:00,207.73278314492885
2012-03-30 08:00:00,372.03238866396373
2012-03-30 09:00:00,243.48954798038224
2012-03-30 10:00:00,140.79684191691106
2012-03-30 11:00:00,147.10069239095475
2012-03-30 12:00:00,194.55020557863241
2012-03-30 13:00:00,129.41029774792722
2012-03-30 14:00:00,124.78277678911356
2012-03-30 15:00:00,142.68253414979102
2012-03-30 16:00:00,139.73211117962708
2012-03-30 17:00:00,356.7257900106814
2012-03-30 18:00:00,466.8800990296413
2012-03-30 19:00:00,243.39693649403767
2012-03-30 20:00:00,182.41625655085988
2012-03-30 21:00:00,135.60199172880203
2012-03-30 22:00:00,125.21779002239555
2012-03-30 23:00:00,96.49651380527386
2012-03-31 00:00:00,61.903781249491594
2012-03-31 01:00:00,40.8544126686653
2012-03-31 02:00:00,31.13670936010447
2012-03-31 03:00:00,16.94053104821039
2012-03-31 04:00:00,6.09741853249758
2012-03-31 05:00:00,6.865222779529065
2012-03-31 06:00:00,14.508054631720992
2012-03-31 07:00:00,36.566362923874635
2012-03-31 08:00:00,83.07787337264055
2012-03-31 09:00:00,119.37290995892812
2012-03-31 10:00:00,175.05448047108004
2012-03-31 11:00:00,321.1110310822118
2012-03-31 12:00:00,351.49543360487576
2012-03-31 13:00:00,544.321089690652
2012-03-31 14:00:00,317.2049918254439
2012-03-31 15:00:00,368.76199428139586
2012-03-31 16:00:00,285.1748416163867
2012-03-31 17:00:00,255.4164226129389
2012-03-31 18:00:00,118.53768599414893
2012-03-31 19:00:00,121.31585196879854
2012-03-31 20:00:00,88.92614569960736
2012-03-31 21:00:00,74.31359939127609
2012-03-31 22:00:00,70.22165133474222
2012-03-31 23:00:00,43.20042922097822
2012-04-20 00:00:00,67.52408951731286
2012-04-20 01:00:00,32.37136924056795
2012-04-20 02:00:00,13.950768789163106
2012-04-20 03:00:00,7.589162721175079
2012-04-20 04:00:00,4.116147362931477
2012-04-20 05:00:00,21.940609687045725
2012-04-20 06:00:00,107.48997774990072
2012-04-20 07:00:00,235.0493131540253
2012-04-20 08:00:00,424.5366068828401
2012-04-20 09:00:00,304.8572176289406
2012-04-20 10:00:00,200.99441442135057
2012-04-20 11:00:00,214.55669271853725
2012-04-20 12:00:00,298.2602611278796
2012-04-20 13:00:00,303.73963635936207
2012-04-20 14:00:00,276.0004199496384
2012-04-20 15:00:00,274.5611084171803
2012-04-20 16:00:00,429.86201654744843
2012-04-20 17:00:00,585.1597701287706
2012-04-20 18:00:00,524.7483078453247
2012-04-20 19:00:00,410.1407790049432
2012-04-20 20:00:00,270.7439211814178
2012-04-20 21:00:00,207.25704839143097
2012-04-20 22:00:00,196.50150095345862
2012-04-20 23:00:00,186.60487095871883
2012-04-21 00:00:00,99.12357993247785
2012-04-21 01:00:00,77.37869841969784
2012-04-21 02:00:00,72.54389626598392
2012-04-21 03:00:00,24.35292696887995
2012-04-21 04:00:00,8.450772491353478
2012-04-21 05:00:00,10.6290577204205
2012-04-21 06:00:00,25.360000597908975
2012-04-21 07:00:00,62.07564597695337
2012-04-21 08:00:00,175.3129233251623
2012-04-21 09:00:00,295.44314329664655
2012-04-21 10:00:00,327.5275503833046
2012-04-21 11:00:00,447.2940310905908
2012-04-21 12:00:00,580.6218111749182
2012-04-21 13:00:00,652.4655156602765
2012-04-21 14:00:00,561.2890945289269
2012-04-21 15:00:00,607.1299872937666
2012-04-21 16:00:00,562.8746675760857
2012-04-21 17:00:00,451.1883291051458
2012-04-21 18:00:00,332.63061706760834
2012-04-21 19:00:00,141.13097703331735
2012-04-21 20:00:00,77.42788440600353
2012-04-21 21:00:00,54.83223034730721
2012-04-21 22:00:00,96.98287909136045
2012-04-21 23:00:00,58.77917937735191
2012-04-22 00:00:00,78.27335636010959
2012-04-22 01:00:00,44.27624895311124
2012-04-22 02:00:00,45.28020911784232
2012-04-22 03:00:00,24.302998220424225
2012-04-22 04:00:00,8.138915295077357
2012-04-22 05:00:00,6.903698308267292
2012-04-22 06:00:00,10.287788272102512
2012-04-22 07:00:00,20.981610310557436
2012-04-22 08:00:00,42.02809642782546
2012-04-22 09:00:00,61.31056556071381
2012-04-22 10:00:00,70.7133332973251
2012-04-22 11:00:00,67.74911450119372
2012-04-22 12:00:00,72.2543450352464
2012-04-22 13:00:00,74.72620838606731
2012-04-22 14:00:00,66.48675950508462
2012-04-22 15:00:00,50.701198566298174
2012-04-22 16:00:00,43.844224757998944
2012-04-22 17:00:00,30.394479129486385
2012-04-22 18:00:00,24.898195625065636
2012-04-22 19:00:00,25.622502504753992
2012-04-22 20:00:00,19.41578821059669
2012-04-22 21:00:00,20.348386914433167
2012-04-22 22:00:00,12.596566587678572
2012-04-22 23:00:00,12.893496087267353
2012-04-23 00:00:00,9.680355967656759
2012-04-23 01:00:00,3.2377882525297146
2012-04-23 02:00:00,2.4696568146492925
2012-04-23 03:00:00,2.1627604607029967
2012-04-23 04:00:00,2.318584308510108
2012-04-23 05:00:00,10.046701335244943
2012-04-23 06:00:00,49.26118829766297
2012-04-23 07:00:00,119.55471311813768
2012-04-23 08:00:00,281.8169997364751
2012-04-23 09:00:00,151.92996192997916
2012-04-23 10:00:00,68.780278407464
2012-04-23 11:00:00,67.2834371242801
2012-04-23 12:00:00,61.60521995212698
2012-04-23 13:00:00,63.508014075215726
2012-04-23 14:00:00,60.78181391727768
2012-04-23 15:00:00,91.23651207615255
2012-04-23 16:00:00,61.40765814935792
2012-04-23 17:00:00,148.60445959933526
2012-04-23 18:00:00,174.76927500763367
2012-04-23 19:00:00,156.0369799642603
2012-04-23 20:00:00,113.54041162024356
2012-04-23 21:00:00,65.84809641160658
2012-04-23 22:00:00,58.607344868467386
2012-04-23 23:00:00,36.47555360309704
2012-04-24 00:00:00,12.648516479590663
2012-04-24 01:00:00,5.63401517693222
2012-04-24 02:00:00,3.2027854021153925
2012-04-24 03:00:00,2.306838383230196
2012-04-24 04:00:00,2.8273973012719
2012-04-24 05:00:00,15.380076607840236
2012-04-24 06:00:00,73.4471234538891
2012-04-24 07:00:00,215.4530566144388
2012-04-24 08:00:00,443.1068343098213
2012-04-24 09:00:00,230.49291441364468
2012-04-24 10:00:00,119.93476165785121
2012-04-24 11:00:00,163.87608719299425
2012-04-24 12:00:00,211.9844610609812
2012-04-24 13:00:00,200.38590755953587
2012-04-24 14:00:00,190.77835840895483
2012-04-24 15:00:00,203.62993931346995
2012-04-24 16:00:00,328.6392588578309
2012-04-24 17:00:00,672.7257911229536
2012-04-24 18:00:00,559.5923388268837
2012-04-24 19:00:00,381.8001522794535
2012-04-24 20:00:00,254.04627477652832
2012-04-24 21:00:00,165.75355069263014
2012-04-24 22:00:00,132.02525289133533
2012-04-24 23:00:00,76.05615722492394
2012-04-25 00:00:00,35.53265976520707
2012-04-25 01:00:00,12.47010341438194
2012-04-25 02:00:00,4.804644365428096
2012-04-25 03:00:00,2.9994555303782513
2012-04-25 04:00:00,2.989908090639327
2012-04-25 05:00:00,16.73903822390791
2012-04-25 06:00:00,82.12581291275423
2012-04-25 07:00:00,236.08490887359918
2012-04-25 08:00:00,418.93593472617016
2012-04-25 09:00:00,275.19783464080774
2012-04-25 10:00:00,182.7850011460371
2012-04-25 11:00:00,192.28944666855006
2012-04-25 12:00:00,216.00976427510187
2012-04-25 13:00:00,231.59211375189878
2012-04-25 14:00:00,197.76122463245255
2012-04-25 15:00:00,220.67873589376572
2012-04-25 16:00:00,314.09873478019426
2012-04-25 17:00:00,634.1969122764365
2012-04-25 18:00:00,633.1894130513283
2012-04-25 19:00:00,475.02758862494994
2012-04-25 20:00:00,308.97983001513524
2012-04-25 21:00:00,230.1607578044215
2012-04-25 22:00:00,137.2216406167081
2012-04-25 23:00:00,76.10242185337313
2012-04-26 00:00:00,35.718369040560184
2012-04-26 01:00:00,16.68352613714526
2012-04-26 02:00:00,7.514388321074086
2012-04-26 03:00:00,3.9403542565091123
2012-04-26 04:00:00,4.266542434633877
2012-04-26 05:00:00,23.6599268654571
2012-04-26 06:00:00,106.34384817467935
2012-04-26 07:00:00,153.92389455926798
2012-04-26 08:00:00,322.9007989653253
2012-04-26 09:00:00,152.3804285402554
2012-04-26 10:00:00,90.0524977777621
2012-04-26 11:00:00,72.08490251278533
2012-04-26 12:00:00,172.84171201872843
2012-04-26 13:00:00,144.36969387411065
2012-04-26 14:00:00,161.3463394292579
2012-04-26 15:00:00,114.61813012706354
2012-04-26 16:00:00,188.1035345856585
2012-04-26 17:00:00,653.1782553845433
2012-04-26 18:00:00,511.3886921360042
2012-04-26 19:00:00,326.5673274953825
2012-04-26 20:00:00,316.65462146761075
2012-04-26 21:00:00,192.1805850311833
2012-04-26 22:00:00,183.90653088260783
2012-04-26 23:00:00,99.07867978023576
2012-04-27 00:00:00,60.46245768591576
2012-04-27 01:00:00,31.739529140884123
2012-04-27 02:00:00,16.74547871601693
2012-04-27 03:00:00,7.429047309215607
2012-04-27 04:00:00,5.550003296766297
2012-04-27 05:00:00,30.527361453098994
2012-04-27 06:00:00,115.86823561407179
2012-04-27 07:00:00,255.2349199239987
2012-04-27 08:00:00,510.2528656617661
2012-04-27 09:00:00,355.9004677753811
2012-04-27 10:00:00,217.87534166631013
2012-04-27 11:00:00,215.05699473049305
2012-04-27 12:00:00,293.2828444871733
2012-04-27 13:00:00,301.8238082725038
2012-04-27 14:00:00,251.75239662902368
2012-04-27 15:00:00,304.71833321441295
2012-04-27 16:00:00,408.1273386095715
2012-04-27 17:00:00,749.8112266220633
2012-04-27 18:00:00,605.7395783138247
2012-04-27 19:00:00,404.6121972617784
2012-04-27 20:00:00,248.01998386983936
2012-04-27 21:00:00,201.56252800978928
2012-04-27 22:00:00,181.79250974975213
2012-04-27 23:00:00,120.21939745081923
2012-04-28 00:00:00,86.66270810741248
2012-04-28 01:00:00,50.83893115539191
2012-04-28 02:00:00,51.84711683615882
2012-04-28 03:00:00,18.600835500874073
2012-04-28 04:00:00,6.577486525092347
2012-04-28 05:00:00,7.5229985715150764
2012-04-28 06:00:00,18.850638483069744
2012-04-28 07:00:00,46.20911998513576
2012-04-28 08:00:00,134.86557772355465
2012-04-28 09:00:00,156.72681324101185
2012-04-28 10:00:00,221.55175189788656
2012-04-28 11:00:00,282.55327081570636
2012-04-28 12:00:00,312.7084709335617
2012-04-28 13:00:00,330.03172818804524
2012-04-28 14:00:00,406.8832948146075
2012-04-28 15:00:00,369.7452688726852
2012-04-28 16:00:00,338.5422392801002
2012-04-28 17:00:00,311.28272739600675
2012-04-28 18:00:00,171.87593342296537
2012-04-28 19:00:00,110.70305644742434
2012-04-28 20:00:00,99.97998526015786
2012-04-28 21:00:00,69.85534753314793
2012-04-28 22:00:00,80.81448242524212
2012-04-28 23:00:00,64.38988448186512
2012-04-29 00:00:00,63.22907884291472
2012-04-29 01:00:00,57.38665122212086
2012-04-29 02:00:00,38.68388187579709
2012-04-29 03:00:00,17.520325566825605
2012-04-29 04:00:00,6.870104532706649
2012-04-29 05:00:00,5.090957788172317
2012-04-29 06:00:00,10.123394686043959
2012-04-29 07:00:00,23.245353365114774
2012-04-29 08:00:00,84.09933772867976
2012-04-29 09:00:00,139.0497691463145
2012-04-29 10:00:00,213.10193552094358
2012-04-29 11:00:00,317.18508542671606
2012-04-29 12:00:00,484.47549010301486
2012-04-29 13:00:00,439.75267418006206
2012-04-29 14:00:00,538.1092286939156
2012-04-29 15:00:00,543.295441144421
2012-04-29 16:00:00,527.8205375993718
2012-04-29 17:00:00,484.37086128461425
2012-04-29 18:00:00,395.85839221249006
2012-04-29 19:00:00,339.4956999486812
2012-04-29 20:00:00,246.15667857266422
2012-04-29 21:00:00,171.7240863344329
2012-04-29 22:00:00,115.39450898063566
2012-04-29 23:00:00,64.85812925561612
2012-04-30 00:00:00,37.4053072273137
2012-04-30 01:00:00,13.837592317746058
2012-04-30 02:00:00,7.47883882937185
2012-04-30 03:00:00,4.0469578239276744
2012-04-30 04:00:00,3.1279628472590484
2012-04-30 05:00:00,15.76794524335939
2012-04-30 06:00:00,90.33515349071483
2012-04-30 07:00:00,246.01379930456542
2012-04-30 08:00:00,460.9535032983032
2012-04-30 09:00:00,214.07037232859375
2012-04-30 10:00:00,129.8925001247804
2012-04-30 11:00:00,149.6884294509224
2012-04-30 12:00:00,179.6188379620733
2012-04-30 13:00:00,166.45283275239913
2012-04-30 14:00:00,144.75453256618488
2012-04-30 15:00:00,170.0009090824998
2012-04-30 16:00:00,310.8754113964192
2012-04-30 17:00:00,597.1878133589735
2012-04-30 18:00:00,536.0473769377662
2012-04-30 19:00:00,383.24098434531817
2012-04-30 20:00:00,269.87178926591037
2012-04-30 21:00:00,168.89870419562982
2012-04-30 22:00:00,116.82589429948118
2012-04-30 23:00:00,63.63077774156282
2012-05-20 00:00:00,149.58661949986546
2012-05-20 01:00:00,97.85069054299343
2012-05-20 02:00:00,74.07897263700613
2012-05-20 03:00:00,36.490662616063055
2012-05-20 04:00:00,12.02880155728358
2012-05-20 05:00:00,11.673306881286715
2012-05-20 06:00:00,21.446876777122732
2012-05-20 07:00:00,57.93383549097077
2012-05-20 08:00:00,145.4894305705946
2012-05-20 09:00:00,220.5215612493842
2012-05-20 10:00:00,360.9412405433358
2012-05-20 11:00:00,500.4183903793101
2012-05-20 12:00:00,567.1675270093262
2012-05-20 13:00:00,588.5163063634079
2012-05-20 14:00:00,528.2921141609834
2012-05-20 15:00:00,489.52816462557774
2012-05-20 16:00:00,517.9306174898871
2012-05-20 17:00:00,452.7579008374558
2012-05-20 18:00:00,348.454777549969
2012-05-20 19:00:00,296.1106818521143
2012-05-20 20:00:00,229.2442316713865
2012-05-20 21:00:00,171.7855482259132
2012-05-20 22:00:00,124.22568867857196
2012-05-20 23:00:00,50.13687125761032
2012-05-21 00:00:00,18.27410484417747
2012-05-21 01:00:00,6.980710927316573
2012-05-21 02:00:00,5.158455985511512
2012-05-21 03:00:00,3.1439152448078262
2012-05-21 04:00:00,3.5895852730743676
2012-05-21 05:00:00,14.34149722032145
2012-05-21 06:00:00,55.18151122510015
2012-05-21 07:00:00,147.71534753468976
2012-05-21 08:00:00,251.22549741562278
2012-05-21 09:00:00,141.56733887509822
2012-05-21 10:00:00,68.59405810264009
2012-05-21 11:00:00,141.10429517832122
2012-05-21 12:00:00,155.1422101523443
2012-05-21 13:00:00,105.46543421894948
2012-05-21 14:00:00,108.40259867996
2012-05-21 15:00:00,218.18038299742008
2012-05-21 16:00:00,296.98747392627
2012-05-21 17:00:00,599.3839147964482
2012-05-21 18:00:00,637.7114991381712
2012-05-21 19:00:00,404.9895856233932
2012-05-21 20:00:00,286.34265717836814
2012-05-21 21:00:00,193.63734771125112
2012-05-21 22:00:00,160.8808548781941
2012-05-21 23:00:00,79.90483938958755
2012-05-22 00:00:00,28.992129709666507
2012-05-22 01:00:00,13.185548194163198
2012-05-22 02:00:00,6.71495176147503
2012-05-22 03:00:00,4.260314296246669
2012-05-22 04:00:00,5.402780207798308
2012-05-22 05:00:00,20.04732758763125
2012-05-22 06:00:00,84.37179633691922
2012-05-22 07:00:00,219.37889005426095
2012-05-22 08:00:00,515.0278261270125
2012-05-22 09:00:00,260.84492736823785
2012-05-22 10:00:00,140.42394739973162
2012-05-22 11:00:00,143.61281267672214
2012-05-22 12:00:00,192.48172714465147
2012-05-22 13:00:00,200.66405595057495
2012-05-22 14:00:00,190.73537196780148
2012-05-22 15:00:00,209.2741715537737
2012-05-22 16:00:00,333.7637914466366
2012-05-22 17:00:00,652.7480797196671
2012-05-22 18:00:00,672.7544471462326
2012-05-22 19:00:00,473.392133726809
2012-05-22 20:00:00,309.88802233099204
2012-05-22 21:00:00,235.23516427253708
2012-05-22 22:00:00,187.99317436729913
2012-05-22 23:00:00,115.64094437198085
2012-05-23 00:00:00,44.03474916903188
2012-05-23 01:00:00,16.950542779670787
2012-05-23 02:00:00,8.163280294207397
2012-05-23 03:00:00,5.824001327675411
2012-05-23 04:00:00,4.864874730719582
2012-05-23 05:00:00,18.049573077873514
2012-05-23 06:00:00,144.33358242342027
2012-05-23 07:00:00,434.4733729595004
2012-05-23 08:00:00,664.6640327726884
2012-05-23 09:00:00,344.13971461925723
2012-05-23 10:00:00,172.87087396173317
2012-05-23 11:00:00,186.51623450146386
2012-05-23 12:00:00,242.43048492049633
2012-05-23 13:00:00,238.12271031908017
2012-05-23 14:00:00,194.9727135120809
2012-05-23 15:00:00,225.7355277669498
2012-05-23 16:00:00,236.04180443183674
2012-05-23 17:00:00,463.52526082552765
2012-05-23 18:00:00,474.70810111772465
2012-05-23 19:00:00,376.7424009872101
2012-05-23 20:00:00,264.100068695365
2012-05-23 21:00:00,208.82731527328883
2012-05-23 22:00:00,157.95283773355277
2012-05-23 23:00:00,112.69536452081925
2012-05-24 00:00:00,45.399410780353406
2012-05-24 01:00:00,18.266271270265477
2012-05-24 02:00:00,9.064896693465531
2012-05-24 03:00:00,4.3634240263656805
2012-05-24 04:00:00,4.966804356113013
2012-05-24 05:00:00,25.033790849998834
2012-05-24 06:00:00,121.26379527944975
2012-05-24 07:00:00,427.9635943453016
2012-05-24 08:00:00,628.267426164721
2012-05-24 09:00:00,320.0455931119105
2012-05-24 10:00:00,167.3194238121875
2012-05-24 11:00:00,196.66943911970054
2012-05-24 12:00:00,233.44540671106807
2012-05-24 13:00:00,237.051600687079
2012-05-24 14:00:00,192.2176581439026
2012-05-24 15:00:00,213.24955342911372
2012-05-24 16:00:00,308.7368334172261
2012-05-24 17:00:00,607.6850833695548
2012-05-24 18:00:00,657.466602442017
2012-05-24 19:00:00,458.11096774511856
2012-05-24 20:00:00,308.57047814954853
2012-05-24 21:00:00,172.12169484207064
2012-05-24 22:00:00,186.20754000909952
2012-05-24 23:00:00,121.81105853496037
2012-05-25 00:00:00,63.91451094463368
2012-05-25 01:00:00,30.79799975177811
2012-05-25 02:00:00,13.162994152824886
2012-05-25 03:00:00,5.839566398601883
2012-05-25 04:00:00,4.9744982565138285
2012-05-25 05:00:00,24.725533174199633
2012-05-25 06:00:00,104.24274065632405
2012-05-25 07:00:00,270.9424177762272
2012-05-25 08:00:00,512.3153440315975
2012-05-25 09:00:00,278.2079755242012
2012-05-25 10:00:00,206.34363629562517
2012-05-25 11:00:00,226.73419303184173
2012-05-25 12:00:00,269.53311718759323
2012-05-25 13:00:00,263.5187936644627
2012-05-25 14:00:00,222.8804563959332
2012-05-25 15:00:00,261.0737874106717
2012-05-25 16:00:00,347.527334905966
2012-05-25 17:00:00,578.6287805600628
2012-05-25 18:00:00,560.8329187867045
2012-05-25 19:00:00,408.35339483077263
2012-05-25 20:00:00,276.61167847820985
2012-05-25 21:00:00,237.8962650067105
2012-05-25 22:00:00,233.4137589081051
2012-05-25 23:00:00,174.1003430489225
2012-05-26 00:00:00,115.13942408745756
2012-05-26 01:00:00,93.24893879018323
2012-05-26 02:00:00,64.77027213337578
2012-05-26 03:00:00,27.54062002900997
2012-05-26 04:00:00,10.361399087506898
2012-05-26 05:00:00,12.655423808608681
2012-05-26 06:00:00,30.171892894745348
2012-05-26 07:00:00,70.61073634649775
2012-05-26 08:00:00,205.31147021881586
2012-05-26 09:00:00,231.7933194882642
2012-05-26 10:00:00,332.8639894869784
2012-05-26 11:00:00,383.26134668112405
2012-05-26 12:00:00,449.12225114247804
2012-05-26 13:00:00,464.73190613635745
2012-05-26 14:00:00,455.9088542705251
2012-05-26 15:00:00,435.56565424763477
2012-05-26 16:00:00,444.7788595817802
2012-05-26 17:00:00,423.21506555377994
2012-05-26 18:00:00,377.6724600263027
2012-05-26 19:00:00,287.86867798985236
2012-05-26 20:00:00,260.064188386808
2012-05-26 21:00:00,210.2403191973585
2012-05-26 22:00:00,179.57718331594455
2012-05-26 23:00:00,146.962826863871
2012-05-27 00:00:00,126.72861351504775
2012-05-27 01:00:00,88.45353940599482
2012-05-27 02:00:00,63.637407500237416
2012-05-27 03:00:00,32.8657055148532
2012-05-27 04:00:00,10.590129245718341
2012-05-27 05:00:00,11.723162726421727
2012-05-27 06:00:00,23.07872207924145
2012-05-27 07:00:00,51.944393932750515
2012-05-27 08:00:00,128.08065021331893
2012-05-27 09:00:00,203.64827858006197
2012-05-27 10:00:00,290.76858273029114
2012-05-27 11:00:00,397.3744099310331
2012-05-27 12:00:00,434.9476398125711
2012-05-27 13:00:00,449.30634401366393
2012-05-27 14:00:00,418.1209793563058
2012-05-27 15:00:00,399.85886157919964
2012-05-27 16:00:00,408.37902071285754
2012-05-27 17:00:00,379.23306363168984
2012-05-27 18:00:00,316.7072599680014
2012-05-27 19:00:00,295.1445280617908
2012-05-27 20:00:00,222.7342833672509
2012-05-27 21:00:00,135.30591367224764
2012-05-27 22:00:00,92.20001505933196
2012-05-27 23:00:00,64.93484971970842
2012-05-28 00:00:00,48.45645551886406
2012-05-28 01:00:00,28.571780788245714
2012-05-28 02:00:00,24.126498387576405
2012-05-28 03:00:00,13.092875480746644
2012-05-28 04:00:00,10.998530705857531
2012-05-28 05:00:00,18.949772460073476
2012-05-28 06:00:00,47.90771740640548
2012-05-28 07:00:00,130.8831425983411
2012-05-28 08:00:00,226.28792041116057
2012-05-28 09:00:00,219.66769882004687
2012-05-28 10:00:00,267.1705632326332
2012-05-28 11:00:00,376.5853025995939
2012-05-28 12:00:00,456.6308906635102
2012-05-28 13:00:00,341.92034247600344
2012-05-28 14:00:00,326.25158694492285
2012-05-28 15:00:00,317.4583448091071
2012-05-28 16:00:00,352.8060561706778
2012-05-28 17:00:00,387.7590309172283
2012-05-28 18:00:00,416.326222882762
2012-05-28 19:00:00,324.99167022213817
2012-05-28 20:00:00,262.87726185413294
2012-05-28 21:00:00,214.0582438405839
2012-05-28 22:00:00,187.41242565769102
2012-05-28 23:00:00,106.28250762038797
2012-05-29 00:00:00,33.91654234844897
2012-05-29 01:00:00,14.62733920540819
2012-05-29 02:00:00,7.651043171736551
2012-05-29 03:00:00,4.03883491783263
2012-05-29 04:00:00,5.612465550792946
2012-05-29 05:00:00,29.498457384151436
2012-05-29 06:00:00,143.76551616513527
2012-05-29 07:00:00,393.65534082307454
2012-05-29 08:00:00,576.5119410472105
2012-05-29 09:00:00,250.4688871937849
2012-05-29 10:00:00,132.33860684692775
2012-05-29 11:00:00,155.90402068934085
2012-05-29 12:00:00,173.228563269809
2012-05-29 13:00:00,164.41566440161273
2012-05-29 14:00:00,147.72143951125608
2012-05-29 15:00:00,171.4073042187884
2012-05-29 16:00:00,250.0259631013268
2012-05-29 17:00:00,545.9496848852698
2012-05-29 18:00:00,547.3390694006416
2012-05-29 19:00:00,399.55744520810237
2012-05-29 20:00:00,244.7630213909791
2012-05-29 21:00:00,72.61396172680848
2012-05-29 22:00:00,131.7723848689542
2012-05-29 23:00:00,51.649951104035296
2012-05-30 00:00:00,25.43830554771537
2012-05-30 01:00:00,11.659139706050444
2012-05-30 02:00:00,4.4785340655978825
2012-05-30 03:00:00,3.554715324729972
2012-05-30 04:00:00,5.211090074413009
2012-05-30 05:00:00,34.2297131907101
2012-05-30 06:00:00,166.36575655924895
2012-05-30 07:00:00,320.62740426344226
2012-05-30 08:00:00,637.4217919664334
2012-05-30 09:00:00,330.68682405531155
2012-05-30 10:00:00,162.8342303612217
2012-05-30 11:00:00,208.05717576438633
2012-05-30 12:00:00,246.12699369803263
2012-05-30 13:00:00,209.88517033690403
2012-05-30 14:00:00,226.00017199043717
2012-05-30 15:00:00,208.1030948806792
2012-05-30 16:00:00,316.4127838679887
2012-05-30 17:00:00,581.9257057856789
2012-05-30 18:00:00,598.5251123581413
2012-05-30 19:00:00,483.10546953156074
2012-05-30 20:00:00,286.64282977145336
2012-05-30 21:00:00,282.8595628431997
2012-05-30 22:00:00,195.8886248155515
2012-05-30 23:00:00,122.63547927558996
2012-05-31 00:00:00,46.344148140436836
2012-05-31 01:00:00,19.643710139568864
2012-05-31 02:00:00,9.22870171358855
2012-05-31 03:00:00,4.917671554613378
2012-05-31 04:00:00,5.2602428067220535
2012-05-31 05:00:00,29.913606004701805
2012-05-31 06:00:00,138.75470833591305
2012-05-31 07:00:00,380.8648129558142
2012-05-31 08:00:00,591.3202660731519
2012-05-31 09:00:00,299.65955556802527
2012-05-31 10:00:00,185.2006121280349
2012-05-31 11:00:00,195.49488990117257
2012-05-31 12:00:00,268.12984409595913
2012-05-31 13:00:00,235.79687209026392
2012-05-31 14:00:00,201.85296294311732
2012-05-31 15:00:00,220.8078430174494
2012-05-31 16:00:00,327.7598377959963
2012-05-31 17:00:00,660.3419404125153
2012-05-31 18:00:00,664.4959012094938
2012-05-31 19:00:00,514.3630594361287
2012-05-31 20:00:00,348.9967709582211
2012-05-31 21:00:00,277.9439511831931
2012-05-31 22:00:00,217.14939375829073
2012-05-31 23:00:00,151.75248282883535
2012-06-20 00:00:00,41.58306553204246
2012-06-20 01:00:00,19.151366040532213
2012-06-20 02:00:00,9.224196332004794
2012-06-20 03:00:00,5.807249928814321
2012-06-20 04:00:00,5.920964654816843
2012-06-20 05:00:00,33.07573836896804
2012-06-20 06:00:00,122.42136381259049
2012-06-20 07:00:00,357.73270293534017
2012-06-20 08:00:00,612.5690173973567
2012-06-20 09:00:00,280.66657293664787
2012-06-20 10:00:00,120.07245668262235
2012-06-20 11:00:00,130.0372511207994
2012-06-20 12:00:00,158.33375292389707
2012-06-20 13:00:00,167.14812101055333
2012-06-20 14:00:00,151.32809620424067
2012-06-20 15:00:00,161.5657986162136
2012-06-20 16:00:00,235.8655990089355
2012-06-20 17:00:00,483.01623823234354
2012-06-20 18:00:00,493.2979735989779
2012-06-20 19:00:00,404.7720163209453
2012-06-20 20:00:00,293.86406576324936
2012-06-20 21:00:00,216.17265338910408
2012-06-20 22:00:00,157.13700552120463
2012-06-20 23:00:00,107.2711425729411
2012-06-21 00:00:00,51.538353724652765
2012-06-21 01:00:00,20.03617663363577
2012-06-21 02:00:00,10.617685913441344
2012-06-21 03:00:00,6.0656555763001
2012-06-21 04:00:00,6.832863224570665
2012-06-21 05:00:00,35.303568915660364
2012-06-21 06:00:00,151.9294132039739
2012-06-21 07:00:00,402.72175475257836
2012-06-21 08:00:00,563.0264343611668
2012-06-21 09:00:00,242.32397078791948
2012-06-21 10:00:00,160.67366238272214
2012-06-21 11:00:00,187.42804705708605
2012-06-21 12:00:00,222.39620338596163
2012-06-21 13:00:00,219.37608521802886
2012-06-21 14:00:00,211.9192650855408
2012-06-21 15:00:00,217.56835346969888
2012-06-21 16:00:00,341.5201116667054
2012-06-21 17:00:00,712.6435599060903
2012-06-21 18:00:00,658.3946423168011
2012-06-21 19:00:00,485.5395912072506
2012-06-21 20:00:00,353.44313624924104
2012-06-21 21:00:00,304.5770210086994
2012-06-21 22:00:00,240.81060120370273
2012-06-21 23:00:00,171.71773503465727
2012-06-22 00:00:00,78.09047643436237
2012-06-22 01:00:00,36.61354466456861
2012-06-22 02:00:00,17.01604852454631
2012-06-22 03:00:00,8.37630197292979
2012-06-22 04:00:00,7.627779631501547
2012-06-22 05:00:00,32.6930311857515
2012-06-22 06:00:00,123.11447487108258
2012-06-22 07:00:00,327.20223995131994
2012-06-22 08:00:00,484.4312155787428
2012-06-22 09:00:00,300.4891190424466
2012-06-22 10:00:00,183.29270830368554
2012-06-22 11:00:00,220.38268382176605
2012-06-22 12:00:00,271.525404350543
2012-06-22 13:00:00,276.33361022123063
2012-06-22 14:00:00,249.59053436370806
2012-06-22 15:00:00,274.30936029560877
2012-06-22 16:00:00,369.9861207018205
2012-06-22 17:00:00,774.045424634822
2012-06-22 18:00:00,589.5913124245353
2012-06-22 19:00:00,450.3620060447517
2012-06-22 20:00:00,319.3357393493957
2012-06-22 21:00:00,164.38062053861714
2012-06-22 22:00:00,220.55459092421077
2012-06-22 23:00:00,150.64129564947913
2012-06-23 00:00:00,124.41549949640503
2012-06-23 01:00:00,110.34703087893729
2012-06-23 02:00:00,59.01247808774013
2012-06-23 03:00:00,29.103749434194942
2012-06-23 04:00:00,9.39952851711218
2012-06-23 05:00:00,9.760941314800364
2012-06-23 06:00:00,26.14248053275085
2012-06-23 07:00:00,61.360055091621376
2012-06-23 08:00:00,142.68809246171648
2012-06-23 09:00:00,240.72288789204995
2012-06-23 10:00:00,314.12809420803177
2012-06-23 11:00:00,427.2549053792178
2012-06-23 12:00:00,529.545266430839
2012-06-23 13:00:00,526.4645377994623
2012-06-23 14:00:00,514.6538857178333
2012-06-23 15:00:00,444.86852538360466
2012-06-23 16:00:00,450.680186512882
2012-06-23 17:00:00,466.882948864966
2012-06-23 18:00:00,394.395854669433
2012-06-23 19:00:00,341.82873351117235
2012-06-23 20:00:00,278.1141776060877
2012-06-23 21:00:00,274.4979966877851
2012-06-23 22:00:00,255.01293726081408
2012-06-23 23:00:00,210.64033560710385
2012-06-24 00:00:00,172.87691861383806
2012-06-24 01:00:00,150.12145154476244
2012-06-24 02:00:00,102.92991848514094
2012-06-24 03:00:00,41.12130481256814
2012-06-24 04:00:00,12.349396775245863
2012-06-24 05:00:00,11.07603803003187
2012-06-24 06:00:00,16.555370779915254
2012-06-24 07:00:00,44.10417517650695
2012-06-24 08:00:00,103.77615876387881
2012-06-24 09:00:00,211.98845172457573
2012-06-24 10:00:00,359.0001884387023
2012-06-24 11:00:00,484.4694825283122
2012-06-24 12:00:00,493.32971441848355
2012-06-24 13:00:00,493.7303759736333
2012-06-24 14:00:00,429.15328306303724
2012-06-24 15:00:00,436.5841129361876
2012-06-24 16:00:00,447.26887648654076
2012-06-24 17:00:00,435.72174754886134
2012-06-24 18:00:00,409.62505895208676
2012-06-24 19:00:00,331.2225849989924
2012-06-24 20:00:00,248.4529992790604
2012-06-24 21:00:00,197.1867522477875
2012-06-24 22:00:00,150.9641351090457
2012-06-24 23:00:00,101.47890320670864
2012-06-25 00:00:00,39.25266736237317
2012-06-25 01:00:00,16.35102145375962
2012-06-25 02:00:00,8.714808989254298
2012-06-25 03:00:00,5.173110051942337
2012-06-25 04:00:00,5.846909219497818
2012-06-25 05:00:00,28.734197483379383
2012-06-25 06:00:00,114.29225311430596
2012-06-25 07:00:00,337.8199843719638
2012-06-25 08:00:00,518.9663899593833
2012-06-25 09:00:00,268.0041763176542
2012-06-25 10:00:00,149.4944764046625
2012-06-25 11:00:00,181.6265670260705
2012-06-25 12:00:00,258.15770281093984
2012-06-25 13:00:00,208.70605327629448
2012-06-25 14:00:00,224.1838903740054
2012-06-25 15:00:00,264.89332023514555
2012-06-25 16:00:00,371.3458625047472
2012-06-25 17:00:00,649.2891173801715
2012-06-25 18:00:00,617.4969449856783
2012-06-25 19:00:00,442.7272946657743
2012-06-25 20:00:00,307.9115048890818
2012-06-25 21:00:00,206.92993424660602
2012-06-25 22:00:00,162.82740272144414
2012-06-25 23:00:00,86.0714651863581
2012-06-26 00:00:00,35.14642290550054
2012-06-26 01:00:00,15.623062328821657
2012-06-26 02:00:00,8.301003112529662
2012-06-26 03:00:00,5.202998863330802
2012-06-26 04:00:00,7.319007581107144
2012-06-26 05:00:00,39.927908884113855
2012-06-26 06:00:00,168.11001839304458
2012-06-26 07:00:00,460.4849695971359
2012-06-26 08:00:00,653.4675072034302
2012-06-26 09:00:00,307.8621033563772
2012-06-26 10:00:00,176.09228775322734
2012-06-26 11:00:00,215.60658713703089
2012-06-26 12:00:00,280.5191696788391
2012-06-26 13:00:00,247.4248588394306
2012-06-26 14:00:00,235.4164254670009
2012-06-26 15:00:00,261.5982552254563
2012-06-26 16:00:00,398.8722033714149
2012-06-26 17:00:00,777.6511953097087
2012-06-26 18:00:00,730.3851412014914
2012-06-26 19:00:00,577.9473396867705
2012-06-26 20:00:00,361.9773120970844
2012-06-26 21:00:00,306.66484162313714
2012-06-26 22:00:00,223.06043987283584
2012-06-26 23:00:00,126.66567261001533
2012-06-27 00:00:00,50.377785886662195
2012-06-27 01:00:00,19.264484111658426
2012-06-27 02:00:00,9.841764104504394
2012-06-27 03:00:00,6.115995155807808
2012-06-27 04:00:00,7.390933393266041
2012-06-27 05:00:00,36.05609180413743
2012-06-27 06:00:00,164.401968490573
2012-06-27 07:00:00,460.5241246833344
2012-06-27 08:00:00,642.9236927801874
2012-06-27 09:00:00,343.87391944067605
2012-06-27 10:00:00,189.31138799815787
2012-06-27 11:00:00,154.81310807656973
2012-06-27 12:00:00,199.3776551173771
2012-06-27 13:00:00,188.44497346419968
2012-06-27 14:00:00,178.39614995271137
2012-06-27 15:00:00,206.46227486820803
2012-06-27 16:00:00,302.0372005917406
2012-06-27 17:00:00,610.5326915064887
2012-06-27 18:00:00,581.1132078513014
2012-06-27 19:00:00,430.5484138271126
2012-06-27 20:00:00,351.78194272041264
2012-06-27 21:00:00,295.7570125557625
2012-06-27 22:00:00,241.30708952342272
2012-06-27 23:00:00,139.02544648736202
2012-06-28 00:00:00,56.67874532131842
2012-06-28 01:00:00,23.81773073570509
2012-06-28 02:00:00,11.44259602627193
2012-06-28 03:00:00,6.090258674337967
2012-06-28 04:00:00,6.755346008649844
2012-06-28 05:00:00,33.161865323673084
2012-06-28 06:00:00,152.00501068813034
2012-06-28 07:00:00,424.4188604929834
2012-06-28 08:00:00,604.3579793461821
2012-06-28 09:00:00,307.9055596627166
2012-06-28 10:00:00,157.1803983429071
2012-06-28 11:00:00,182.48969019177923
2012-06-28 12:00:00,191.59434319700057
2012-06-28 13:00:00,198.80525744931865
2012-06-28 14:00:00,172.10125814050772
2012-06-28 15:00:00,188.08830833170293
2012-06-28 16:00:00,305.6477071031844
2012-06-28 17:00:00,568.9422715353817
2012-06-28 18:00:00,610.742380861765
2012-06-28 19:00:00,428.3368934222897
2012-06-28 20:00:00,367.4064526500465
2012-06-28 21:00:00,275.73227696701264
2012-06-28 22:00:00,240.1732415275846
2012-06-28 23:00:00,152.4829737290672
2012-06-29 00:00:00,82.04279855726729
2012-06-29 01:00:00,36.76296092800675
2012-06-29 02:00:00,16.65604117950129
2012-06-29 03:00:00,8.18996003534061
2012-06-29 04:00:00,6.84720698091361
2012-06-29 05:00:00,34.36526255914801
2012-06-29 06:00:00,132.11537544321183
2012-06-29 07:00:00,361.9856389886495
2012-06-29 08:00:00,515.9934300261541
2012-06-29 09:00:00,269.6030303480592
2012-06-29 10:00:00,174.9066162879638
2012-06-29 11:00:00,213.23802723743958
2012-06-29 12:00:00,284.27050759838664
2012-06-29 13:00:00,237.13570972891603
2012-06-29 14:00:00,210.95851690469613
2012-06-29 15:00:00,236.36061429197565
2012-06-29 16:00:00,308.48392707314827
2012-06-29 17:00:00,514.4648103294376
2012-06-29 18:00:00,464.96608670831296
2012-06-29 19:00:00,360.5769983967318
2012-06-29 20:00:00,273.15116624090433
2012-06-29 21:00:00,247.56571511602064
2012-06-29 22:00:00,168.9151157627749
2012-06-29 23:00:00,131.74044417434598
2012-06-30 00:00:00,80.44854466018312
2012-06-30 01:00:00,59.19998512164261
2012-06-30 02:00:00,61.07398721048124
2012-06-30 03:00:00,28.052878377266726
2012-06-30 04:00:00,7.478251238780529
2012-06-30 05:00:00,11.534162201208975
2012-06-30 06:00:00,24.500136142353078
2012-06-30 07:00:00,58.934379041415504
2012-06-30 08:00:00,138.48561878578099
2012-06-30 09:00:00,225.1401688815876
2012-06-30 10:00:00,300.8804287020364
2012-06-30 11:00:00,385.6697984577942
2012-06-30 12:00:00,459.8196485406734
2012-06-30 13:00:00,464.49859305779455
2012-06-30 14:00:00,457.7813141778493
2012-06-30 15:00:00,473.5906365790886
2012-06-30 16:00:00,451.76136259753446
2012-06-30 17:00:00,435.55967025843216
2012-06-30 18:00:00,375.1973324762984
2012-06-30 19:00:00,365.49150140333325
2012-06-30 20:00:00,288.9322252790578
2012-06-30 21:00:00,261.1033679802314
2012-06-30 22:00:00,217.6653851685038
2012-06-30 23:00:00,181.4247914248342
2012-07-20 00:00:00,40.22577642238061
2012-07-20 01:00:00,29.300180469190863
2012-07-20 02:00:00,14.026549463649683
2012-07-20 03:00:00,6.992852885726905
2012-07-20 04:00:00,6.4575184182175525
2012-07-20 05:00:00,29.058366526704972
2012-07-20 06:00:00,107.91081861769403
2012-07-20 07:00:00,282.43806399380986
2012-07-20 08:00:00,514.8584341381653
2012-07-20 09:00:00,316.24799241687197
2012-07-20 10:00:00,177.33721752209775
2012-07-20 11:00:00,145.01378474605926
2012-07-20 12:00:00,138.05465465353421
2012-07-20 13:00:00,134.66349792588326
2012-07-20 14:00:00,126.3965802665684
2012-07-20 15:00:00,195.48929889424102
2012-07-20 16:00:00,236.85340683784727
2012-07-20 17:00:00,373.6785869540384
2012-07-20 18:00:00,420.9973738619419
2012-07-20 19:00:00,238.69521062076572
2012-07-20 20:00:00,116.29499819662858
2012-07-20 21:00:00,89.27521379486916
2012-07-20 22:00:00,137.9942973264316
2012-07-20 23:00:00,103.48893086079049
2012-07-21 00:00:00,72.98516849794602
2012-07-21 01:00:00,76.49607934138501
2012-07-21 02:00:00,36.444311722765534
2012-07-21 03:00:00,17.670914415206706
2012-07-21 04:00:00,6.095003017221476
2012-07-21 05:00:00,6.966313587952712
2012-07-21 06:00:00,14.229781563660158
2012-07-21 07:00:00,51.241341275787455
2012-07-21 08:00:00,127.40159372855139
2012-07-21 09:00:00,201.92130870455156
2012-07-21 10:00:00,149.0750514274142
2012-07-21 11:00:00,277.4814417100884
2012-07-21 12:00:00,204.49550990058935
2012-07-21 13:00:00,235.83662048240336
2012-07-21 14:00:00,263.97137748203033
2012-07-21 15:00:00,168.98108816012157
2012-07-21 16:00:00,167.6830097156712
2012-07-21 17:00:00,187.82963788314788
2012-07-21 18:00:00,206.11113469792247
2012-07-21 19:00:00,202.26504522332564
2012-07-21 20:00:00,116.73858821082946
2012-07-21 21:00:00,147.31191865742824
2012-07-21 22:00:00,132.44851026086502
2012-07-21 23:00:00,105.55834287693466
2012-07-22 00:00:00,107.86642596509976
2012-07-22 01:00:00,79.09562439087578
2012-07-22 02:00:00,68.24621730878198
2012-07-22 03:00:00,33.215635229885955
2012-07-22 04:00:00,9.122928627765166
2012-07-22 05:00:00,9.347463285710194
2012-07-22 06:00:00,15.124813958765936
2012-07-22 07:00:00,36.852447827736405
2012-07-22 08:00:00,91.87844580055604
2012-07-22 09:00:00,207.0443611077993
2012-07-22 10:00:00,314.1962601847043
2012-07-22 11:00:00,357.7542941696287
2012-07-22 12:00:00,486.11384617041176
2012-07-22 13:00:00,476.6913094954549
2012-07-22 14:00:00,436.113765866433
2012-07-22 15:00:00,441.48195451106557
2012-07-22 16:00:00,422.4436030968997
2012-07-22 17:00:00,399.48300086845273
2012-07-22 18:00:00,351.99322568370707
2012-07-22 19:00:00,312.9531418206007
2012-07-22 20:00:00,216.90173308259102
2012-07-22 21:00:00,169.62904476750384
2012-07-22 22:00:00,137.1690563395264
2012-07-22 23:00:00,92.18339238387988
2012-07-23 00:00:00,30.745791525792203
2012-07-23 01:00:00,12.815533633541083
2012-07-23 02:00:00,6.562459762558104
2012-07-23 03:00:00,3.9662350210920523
2012-07-23 04:00:00,5.364456825005704
2012-07-23 05:00:00,21.871819613668688
2012-07-23 06:00:00,116.55526806637563
2012-07-23 07:00:00,327.4040779311502
2012-07-23 08:00:00,517.2035615047564
2012-07-23 09:00:00,287.58772285533774
2012-07-23 10:00:00,163.86098004397314
2012-07-23 11:00:00,192.54900967992458
2012-07-23 12:00:00,250.9570849303486
2012-07-23 13:00:00,235.10853322287264
2012-07-23 14:00:00,222.86064528250932
2012-07-23 15:00:00,222.43323933120888
2012-07-23 16:00:00,327.0584044758216
2012-07-23 17:00:00,625.170475970743
2012-07-23 18:00:00,635.5177691485122
2012-07-23 19:00:00,486.89518650660614
2012-07-23 20:00:00,384.03031440788044
2012-07-23 21:00:00,268.91891366877115
2012-07-23 22:00:00,180.50966170234912
2012-07-23 23:00:00,101.93380841284728
2012-07-24 00:00:00,37.217986090785494
2012-07-24 01:00:00,15.59998555208356
2012-07-24 02:00:00,7.760003203546917
2012-07-24 03:00:00,4.881772365807423
2012-07-24 04:00:00,6.09391366874566
2012-07-24 05:00:00,30.33464800198338
2012-07-24 06:00:00,141.6805841820604
2012-07-24 07:00:00,380.95336851738983
2012-07-24 08:00:00,527.7112637249347
2012-07-24 09:00:00,222.51648400432776
2012-07-24 10:00:00,133.9158033291932
2012-07-24 11:00:00,164.25284148921352
2012-07-24 12:00:00,221.57251689751553
2012-07-24 13:00:00,203.4981635252521
2012-07-24 14:00:00,206.64818892757702
2012-07-24 15:00:00,212.30233474858318
2012-07-24 16:00:00,316.87162689228154
2012-07-24 17:00:00,646.3410767049606
2012-07-24 18:00:00,654.5600823800654
2012-07-24 19:00:00,525.599103196953
2012-07-24 20:00:00,347.9071814823733
2012-07-24 21:00:00,273.6092905024083
2012-07-24 22:00:00,199.68624270579167
2012-07-24 23:00:00,107.45065389130187
2012-07-25 00:00:00,43.732449641311455
2012-07-25 01:00:00,18.84075327153922
2012-07-25 02:00:00,9.465855275597276
2012-07-25 03:00:00,5.859412751205414
2012-07-25 04:00:00,6.1059596634753754
2012-07-25 05:00:00,32.33426972354791
2012-07-25 06:00:00,142.4121552668364
2012-07-25 07:00:00,413.5468947106721
2012-07-25 08:00:00,682.1110537382394
2012-07-25 09:00:00,327.70027900546
2012-07-25 10:00:00,170.6235874722305
2012-07-25 11:00:00,178.45597204523358
2012-07-25 12:00:00,238.40741822246545
2012-07-25 13:00:00,220.12747028047423
2012-07-25 14:00:00,184.4991357232734
2012-07-25 15:00:00,232.09330777125635
2012-07-25 16:00:00,313.27101522684984
2012-07-25 17:00:00,680.1325910198477
2012-07-25 18:00:00,623.8383202749226
2012-07-25 19:00:00,520.6294333898315
2012-07-25 20:00:00,387.1934166533085
2012-07-25 21:00:00,329.3930120158943
2012-07-25 22:00:00,207.5482670886871
2012-07-25 23:00:00,132.23968353753017
2012-07-26 00:00:00,49.92475346878701
2012-07-26 01:00:00,21.591390616892816
2012-07-26 02:00:00,10.126190277413443
2012-07-26 03:00:00,5.718505030605364
2012-07-26 04:00:00,6.49117696215108
2012-07-26 05:00:00,33.07089181004295
2012-07-26 06:00:00,155.63071515909851
2012-07-26 07:00:00,397.9008435938181
2012-07-26 08:00:00,586.209629343275
2012-07-26 09:00:00,289.3829911618986
2012-07-26 10:00:00,151.10166594230938
2012-07-26 11:00:00,175.93453068918112
2012-07-26 12:00:00,209.6788902181075
2012-07-26 13:00:00,189.16661027454623
2012-07-26 14:00:00,166.8070497353697
2012-07-26 15:00:00,180.31991684856274
2012-07-26 16:00:00,297.9843811675145
2012-07-26 17:00:00,576.9694308382248
2012-07-26 18:00:00,573.7198412876053
2012-07-26 19:00:00,395.1583031817218
2012-07-26 20:00:00,341.9759705865069
2012-07-26 21:00:00,284.48250291304333
2012-07-26 22:00:00,227.73395945720895
2012-07-26 23:00:00,158.62204549310923
2012-07-27 00:00:00,74.10080475331316
2012-07-27 01:00:00,36.631532988283865
2012-07-27 02:00:00,17.390510430093247
2012-07-27 03:00:00,8.42817101145864
2012-07-27 04:00:00,6.967527414078454
2012-07-27 05:00:00,32.8179568061188
2012-07-27 06:00:00,127.77535429368834
2012-07-27 07:00:00,333.8301744498916
2012-07-27 08:00:00,569.9326139603377
2012-07-27 09:00:00,283.05723917393925
2012-07-27 10:00:00,186.50469793126146
2012-07-27 11:00:00,208.33586150790262
2012-07-27 12:00:00,264.1661221499322
2012-07-27 13:00:00,253.58369237208143
2012-07-27 14:00:00,221.5334540101065
2012-07-27 15:00:00,278.026131224403
2012-07-27 16:00:00,373.45794055990706
2012-07-27 17:00:00,621.0725590819555
2012-07-27 18:00:00,594.224758319678
2012-07-27 19:00:00,448.5940533716833
2012-07-27 20:00:00,312.6446683958156
2012-07-27 21:00:00,272.5187787709565
2012-07-27 22:00:00,250.19039344886602
2012-07-27 23:00:00,181.83470976845288
2012-07-28 00:00:00,144.6896167262964
2012-07-28 01:00:00,107.1005394537365
2012-07-28 02:00:00,73.80944983684424
2012-07-28 03:00:00,31.16782601501984
2012-07-28 04:00:00,9.889879310513715
2012-07-28 05:00:00,12.931297872594344
2012-07-28 06:00:00,26.72638197336536
2012-07-28 07:00:00,63.57974106248174
2012-07-28 08:00:00,134.32139405259846
2012-07-28 09:00:00,238.22363849822884
2012-07-28 10:00:00,335.9202463124611
2012-07-28 11:00:00,419.6696834129538
2012-07-28 12:00:00,511.29525713333726
2012-07-28 13:00:00,483.22142035873344
2012-07-28 14:00:00,501.79478937011305
2012-07-28 15:00:00,471.5932194282243
2012-07-28 16:00:00,520.7170312597804
2012-07-28 17:00:00,462.22441225984807
2012-07-28 18:00:00,403.79090225518615
2012-07-28 19:00:00,272.93088202700847
2012-07-28 20:00:00,226.86136308332988
2012-07-28 21:00:00,246.14628314777957
2012-07-28 22:00:00,220.3847978358993
2012-07-28 23:00:00,174.8234515432063
2012-07-29 00:00:00,132.20678998913732
2012-07-29 01:00:00,111.59819856500772
2012-07-29 02:00:00,90.96797376279777
2012-07-29 03:00:00,38.21812863263602
2012-07-29 04:00:00,9.954063020538483
2012-07-29 05:00:00,9.27674817885907
2012-07-29 06:00:00,16.25663040445779
2012-07-29 07:00:00,45.06966137803867
2012-07-29 08:00:00,98.0759945061888
2012-07-29 09:00:00,208.24501083299555
2012-07-29 10:00:00,316.2949609004939
2012-07-29 11:00:00,374.2787172842236
2012-07-29 12:00:00,408.18371747682977
2012-07-29 13:00:00,474.2478621158016
2012-07-29 14:00:00,464.2903521498208
2012-07-29 15:00:00,507.85230392236076
2012-07-29 16:00:00,503.08758766667245
2012-07-29 17:00:00,463.79321297404425
2012-07-29 18:00:00,386.9993791932039
2012-07-29 19:00:00,313.24067091765556
2012-07-29 20:00:00,235.9763727494982
2012-07-29 21:00:00,197.51040870745527
2012-07-29 22:00:00,157.1757511405168
2012-07-29 23:00:00,100.53578094448892
2012-07-30 00:00:00,40.007278706093466
2012-07-30 01:00:00,15.950811088607052
2012-07-30 02:00:00,9.072060918756248
2012-07-30 03:00:00,4.9549920423383895
2012-07-30 04:00:00,5.889876813546268
2012-07-30 05:00:00,27.436075271796476
2012-07-30 06:00:00,114.16411381232582
2012-07-30 07:00:00,319.5172170300022
2012-07-30 08:00:00,568.6250658765437
2012-07-30 09:00:00,267.0727822738803
2012-07-30 10:00:00,172.2471774631756
2012-07-30 11:00:00,199.31130126432868
2012-07-30 12:00:00,261.60683147568955
2012-07-30 13:00:00,222.99943571291487
2012-07-30 14:00:00,209.4701680204818
2012-07-30 15:00:00,226.75383799343106
2012-07-30 16:00:00,330.5123557323688
2012-07-30 17:00:00,618.5177023959701
2012-07-30 18:00:00,684.8560482291383
2012-07-30 19:00:00,483.62904286542647
2012-07-30 20:00:00,362.85546106468405
2012-07-30 21:00:00,251.6681638862254
2012-07-30 22:00:00,167.93672606111738
2012-07-30 23:00:00,89.79679005667447
2012-07-31 00:00:00,34.39107281630911
2012-07-31 01:00:00,14.174671099572185
2012-07-31 02:00:00,7.537727193275066
2012-07-31 03:00:00,5.030257839621305
2012-07-31 04:00:00,6.097850409283825
2012-07-31 05:00:00,30.0236669851504
2012-07-31 06:00:00,130.66902420032955
2012-07-31 07:00:00,376.5440661876933
2012-07-31 08:00:00,577.960060967667
2012-07-31 09:00:00,277.5377586991015
2012-07-31 10:00:00,159.63292105283443
2012-07-31 11:00:00,172.2092194531781
2012-07-31 12:00:00,220.07633592728254
2012-07-31 13:00:00,197.47670627472544
2012-07-31 14:00:00,180.255183287572
2012-07-31 15:00:00,231.65630414913105
2012-07-31 16:00:00,352.0813838856697
2012-07-31 17:00:00,703.8988551166684
2012-07-31 18:00:00,630.4837945092393
2012-07-31 19:00:00,511.1654655627301
2012-07-31 20:00:00,326.5627168593375
2012-07-31 21:00:00,229.5561074072913
2012-07-31 22:00:00,193.80047094308267
2012-07-31 23:00:00,98.04832544847521
2012-08-20 00:00:00,31.655125974879272
2012-08-20 01:00:00,13.459970826603584
2012-08-20 02:00:00,7.751680502517178
2012-08-20 03:00:00,4.598417583198054
2012-08-20 04:00:00,6.631574739433627
2012-08-20 05:00:00,26.050152841610306
2012-08-20 06:00:00,117.86735964144714
2012-08-20 07:00:00,322.0626567146766
2012-08-20 08:00:00,522.4093125795697
2012-08-20 09:00:00,272.2681026883422
2012-08-20 10:00:00,147.95905428948097
2012-08-20 11:00:00,183.01594676460124
2012-08-20 12:00:00,252.31347454964194
2012-08-20 13:00:00,207.377302515591
2012-08-20 14:00:00,220.8982987935535
2012-08-20 15:00:00,239.96170471949412
2012-08-20 16:00:00,368.95622446282056
2012-08-20 17:00:00,591.7857366936947
2012-08-20 18:00:00,491.4774811899846
2012-08-20 19:00:00,394.26761997564824
2012-08-20 20:00:00,213.4133173944099
2012-08-20 21:00:00,153.89332872235892
2012-08-20 22:00:00,104.91071835466039
2012-08-20 23:00:00,62.240243775096616
2012-08-21 00:00:00,29.679528234184588
2012-08-21 01:00:00,13.263708348839643
2012-08-21 02:00:00,5.894968854201045
2012-08-21 03:00:00,4.723539692822824
2012-08-21 04:00:00,5.8676350879875185
2012-08-21 05:00:00,30.851879203602184
2012-08-21 06:00:00,146.95822209930031
2012-08-21 07:00:00,391.99857511400955
2012-08-21 08:00:00,591.834451818766
2012-08-21 09:00:00,277.3351554348429
2012-08-21 10:00:00,170.87514325385652
2012-08-21 11:00:00,191.1887965778288
2012-08-21 12:00:00,249.19167533708034
2012-08-21 13:00:00,234.30106942496178
2012-08-21 14:00:00,216.37735086954635
2012-08-21 15:00:00,245.33045046236242
2012-08-21 16:00:00,369.10325635189895
2012-08-21 17:00:00,637.9922292113595
2012-08-21 18:00:00,763.1445984011842
2012-08-21 19:00:00,385.37029581446
2012-08-21 20:00:00,319.5963716910345
2012-08-21 21:00:00,248.43792381739857
2012-08-21 22:00:00,159.2754506638177
2012-08-21 23:00:00,88.08690548648603
2012-08-22 00:00:00,37.95171985336244
2012-08-22 01:00:00,16.97095473402021
2012-08-22 02:00:00,8.33364919667912
2012-08-22 03:00:00,5.688041064385254
2012-08-22 04:00:00,6.590980938302549
2012-08-22 05:00:00,33.743840213448564
2012-08-22 06:00:00,149.67942917750497
2012-08-22 07:00:00,402.41036729741444
2012-08-22 08:00:00,601.9715438798318
2012-08-22 09:00:00,308.6269531870391
2012-08-22 10:00:00,162.39762596659799
2012-08-22 11:00:00,171.32884698226275
2012-08-22 12:00:00,212.88272078838483
2012-08-22 13:00:00,218.4883379184063
2012-08-22 14:00:00,211.38106471231742
2012-08-22 15:00:00,229.82083485135146
2012-08-22 16:00:00,227.91979536736955
2012-08-22 17:00:00,489.73063553464056
2012-08-22 18:00:00,500.31737426440014
2012-08-22 19:00:00,437.9590420052329
2012-08-22 20:00:00,346.5725348180728
2012-08-22 21:00:00,277.69890479826654
2012-08-22 22:00:00,203.03748575936186
2012-08-22 23:00:00,98.29383850639236
2012-08-23 00:00:00,46.94368117328443
2012-08-23 01:00:00,18.5312250414989
2012-08-23 02:00:00,9.84644607144227
2012-08-23 03:00:00,5.863085938743562
2012-08-23 04:00:00,6.056995731908572
2012-08-23 05:00:00,30.92037030882092
2012-08-23 06:00:00,115.06837205187965
2012-08-23 07:00:00,336.8690823146311
2012-08-23 08:00:00,600.485595333171
2012-08-23 09:00:00,307.9337144806442
2012-08-23 10:00:00,161.04234158799997
2012-08-23 11:00:00,198.84746589117333
2012-08-23 12:00:00,260.64730540795307
2012-08-23 13:00:00,241.03141527279104
2012-08-23 14:00:00,198.9496886537944
2012-08-23 15:00:00,230.06520673289467
2012-08-23 16:00:00,363.0661291210573
2012-08-23 17:00:00,701.4518969334808
2012-08-23 18:00:00,646.9550089226755
2012-08-23 19:00:00,509.11386826059294
2012-08-23 20:00:00,359.14278402688353
2012-08-23 21:00:00,294.9218923126745
2012-08-23 22:00:00,218.4101444492594
2012-08-23 23:00:00,125.09508075472749
2012-08-24 00:00:00,61.80216740927232
2012-08-24 01:00:00,29.30929872522644
2012-08-24 02:00:00,15.375167557996688
2012-08-24 03:00:00,7.394186055228219
2012-08-24 04:00:00,6.293668887987751
2012-08-24 05:00:00,29.40141625651647
2012-08-24 06:00:00,99.50137758943531
2012-08-24 07:00:00,287.2854372338277
2012-08-24 08:00:00,521.4407166254045
2012-08-24 09:00:00,324.77584346428114
2012-08-24 10:00:00,201.19652985964623
2012-08-24 11:00:00,236.97524485101218
2012-08-24 12:00:00,313.306924578337
2012-08-24 13:00:00,316.3336930011648
2012-08-24 14:00:00,253.8305116301106
2012-08-24 15:00:00,294.061187168687
2012-08-24 16:00:00,401.07615944252757
2012-08-24 17:00:00,702.5840293629451
2012-08-24 18:00:00,609.9035446833387
2012-08-24 19:00:00,434.57320440566315
2012-08-24 20:00:00,293.53538934566
2012-08-24 21:00:00,253.07605877649866
2012-08-24 22:00:00,225.4514255807215
2012-08-24 23:00:00,155.19408382147836
2012-08-25 00:00:00,141.7930567105484
2012-08-25 01:00:00,97.35661314188852
2012-08-25 02:00:00,67.8510311887743
2012-08-25 03:00:00,33.230080388559
2012-08-25 04:00:00,10.461939958716052
2012-08-25 05:00:00,9.969858879855524
2012-08-25 06:00:00,23.89400764837608
2012-08-25 07:00:00,53.94184848480484
2012-08-25 08:00:00,135.06752465248582
2012-08-25 09:00:00,232.04620379427308
2012-08-25 10:00:00,327.8301438278012
2012-08-25 11:00:00,416.3232686937156
2012-08-25 12:00:00,470.7071178349772
2012-08-25 13:00:00,570.3071343577011
2012-08-25 14:00:00,351.2304214135635
2012-08-25 15:00:00,372.5254584453972
2012-08-25 16:00:00,372.8351592981827
2012-08-25 17:00:00,341.064403895828
2012-08-25 18:00:00,349.0573609063297
2012-08-25 19:00:00,244.42877593539296
2012-08-25 20:00:00,129.49218870949457
2012-08-25 21:00:00,155.85409757615258
2012-08-25 22:00:00,133.95806774929915
2012-08-25 23:00:00,116.46205149894271
2012-08-26 00:00:00,109.50741154260848
2012-08-26 01:00:00,84.58925935587018
2012-08-26 02:00:00,65.42375218301301
2012-08-26 03:00:00,29.25252489494959
2012-08-26 04:00:00,8.735614503678269
2012-08-26 05:00:00,8.49141135014998
2012-08-26 06:00:00,12.191070311779352
2012-08-26 07:00:00,33.65943681758785
2012-08-26 08:00:00,90.02408546136068
2012-08-26 09:00:00,180.09860628159223
2012-08-26 10:00:00,302.1801783190786
2012-08-26 11:00:00,357.7317227369962
2012-08-26 12:00:00,299.23229976449363
2012-08-26 13:00:00,256.8869693117891
2012-08-26 14:00:00,296.47596846390866
2012-08-26 15:00:00,148.50791537055864
2012-08-26 16:00:00,148.47094108457435
2012-08-26 17:00:00,242.7979697347729
2012-08-26 18:00:00,211.49125082070256
2012-08-26 19:00:00,205.3506595196071
2012-08-26 20:00:00,161.10669696640397
2012-08-26 21:00:00,147.81952872012832
2012-08-26 22:00:00,105.07699749583826
2012-08-26 23:00:00,76.19363967973493
2012-08-27 00:00:00,31.230397391852883
2012-08-27 01:00:00,12.63007201451135
2012-08-27 02:00:00,7.49167555700001
2012-08-27 03:00:00,4.467716212372687
2012-08-27 04:00:00,5.713352274831616
2012-08-27 05:00:00,21.599973440425376
2012-08-27 06:00:00,97.40065873405877
2012-08-27 07:00:00,313.9946787169018
2012-08-27 08:00:00,498.53951593578245
2012-08-27 09:00:00,271.1600311091649
2012-08-27 10:00:00,172.46174391529573
2012-08-27 11:00:00,181.84225513056325
2012-08-27 12:00:00,244.35386561141522
2012-08-27 13:00:00,243.54411863484688
2012-08-27 14:00:00,201.63768290699136
2012-08-27 15:00:00,204.55499362852595
2012-08-27 16:00:00,339.5662136256383
2012-08-27 17:00:00,715.4441857468548
2012-08-27 18:00:00,702.0113150154125
2012-08-27 19:00:00,508.377426868736
2012-08-27 20:00:00,353.4557212073577
2012-08-27 21:00:00,249.8481465587167
2012-08-27 22:00:00,129.6143844546766
2012-08-27 23:00:00,77.60529692443608
2012-08-28 00:00:00,33.198487611288385
2012-08-28 01:00:00,14.656063056068874
2012-08-28 02:00:00,7.666726201548255
2012-08-28 03:00:00,4.916793216801598
2012-08-28 04:00:00,6.22259965830297
2012-08-28 05:00:00,31.02450518958515
2012-08-28 06:00:00,138.8002456249656
2012-08-28 07:00:00,362.0320603700098
2012-08-28 08:00:00,541.3264174541719
2012-08-28 09:00:00,288.9271377863581
2012-08-28 10:00:00,158.43772333914825
2012-08-28 11:00:00,172.07427208507124
2012-08-28 12:00:00,216.23951952421874
2012-08-28 13:00:00,209.13210339864142
2012-08-28 14:00:00,185.14784894985846
2012-08-28 15:00:00,231.02183118141394
2012-08-28 16:00:00,343.23825141508667
2012-08-28 17:00:00,781.477099036067
2012-08-28 18:00:00,753.1299045780426
2012-08-28 19:00:00,521.1487490317517
2012-08-28 20:00:00,374.56900858449467
2012-08-28 21:00:00,294.8037078902954
2012-08-28 22:00:00,208.31760127558422
2012-08-28 23:00:00,125.56702244404164
2012-08-29 00:00:00,44.93819936413153
2012-08-29 01:00:00,17.829443299922126
2012-08-29 02:00:00,8.826813850728604
2012-08-29 03:00:00,5.92882717800958
2012-08-29 04:00:00,6.496668891591088
2012-08-29 05:00:00,34.334206508383694
2012-08-29 06:00:00,153.93231045445276
2012-08-29 07:00:00,402.37347734654895
2012-08-29 08:00:00,646.7899449516398
2012-08-29 09:00:00,299.7563267069277
2012-08-29 10:00:00,158.91382657689118
2012-08-29 11:00:00,196.18584178199308
2012-08-29 12:00:00,254.48387825877344
2012-08-29 13:00:00,221.7410764381816
2012-08-29 14:00:00,223.6002479795494
2012-08-29 15:00:00,248.78584233723564
2012-08-29 16:00:00,363.20107964841475
2012-08-29 17:00:00,712.9241880626563
2012-08-29 18:00:00,697.3263530852081
2012-08-29 19:00:00,528.040012947307
2012-08-29 20:00:00,373.59662148722435
2012-08-29 21:00:00,313.3930977310928
2012-08-29 22:00:00,227.96053420645129
2012-08-29 23:00:00,142.1318491106176
2012-08-30 00:00:00,50.795839431704145
2012-08-30 01:00:00,21.458868628802975
2012-08-30 02:00:00,10.512319061059246
2012-08-30 03:00:00,6.045591290671797
2012-08-30 04:00:00,6.5911595795695765
2012-08-30 05:00:00,32.84181878981582
2012-08-30 06:00:00,142.69273271658068
2012-08-30 07:00:00,407.14334273532506
2012-08-30 08:00:00,594.9534598845082
2012-08-30 09:00:00,300.93246437503655
2012-08-30 10:00:00,174.66234938803154
2012-08-30 11:00:00,206.40019950283005
2012-08-30 12:00:00,253.58967394015508
2012-08-30 13:00:00,230.42723749471702
2012-08-30 14:00:00,216.38742813470142
2012-08-30 15:00:00,236.3020362332116
2012-08-30 16:00:00,380.184170084666
2012-08-30 17:00:00,701.0086002902448
2012-08-30 18:00:00,759.7913569060119
2012-08-30 19:00:00,540.0200256606221
2012-08-30 20:00:00,367.2527588828739
2012-08-30 21:00:00,308.4170448692417
2012-08-30 22:00:00,228.3208939303047
2012-08-30 23:00:00,147.13504501358767
2012-08-31 00:00:00,61.61410339650273
2012-08-31 01:00:00,30.59630423133336
2012-08-31 02:00:00,15.146724971235358
2012-08-31 03:00:00,7.681761678258856
2012-08-31 04:00:00,6.190874921714361
2012-08-31 05:00:00,28.083264781038956
2012-08-31 06:00:00,99.40528809561332
2012-08-31 07:00:00,274.67685218208203
2012-08-31 08:00:00,594.0508388699858
2012-08-31 09:00:00,290.3309393342179
2012-08-31 10:00:00,192.7001868002849
2012-08-31 11:00:00,200.01789113747066
2012-08-31 12:00:00,272.46205618051107
2012-08-31 13:00:00,254.71344774357604
2012-08-31 14:00:00,252.1252712592697
2012-08-31 15:00:00,257.54930539278223
2012-08-31 16:00:00,358.6314316587862
2012-08-31 17:00:00,673.929698320106
2012-08-31 18:00:00,632.9772287306049
2012-08-31 19:00:00,449.28630490138363
2012-08-31 20:00:00,323.82243995982066
2012-08-31 21:00:00,258.4304427284198
2012-08-31 22:00:00,228.61577958366493
2012-08-31 23:00:00,184.17422590950423
2012-09-20 00:00:00,55.189161802946444
2012-09-20 01:00:00,23.2518490578141
2012-09-20 02:00:00,11.896732390860564
2012-09-20 03:00:00,7.884852230781499
2012-09-20 04:00:00,7.600433049586586
2012-09-20 05:00:00,39.06603731304433
2012-09-20 06:00:00,173.81871573898695
2012-09-20 07:00:00,419.6625190242288
2012-09-20 08:00:00,660.5085256330143
2012-09-20 09:00:00,332.1920227743346
2012-09-20 10:00:00,163.35547370139182
2012-09-20 11:00:00,193.54317046696167
2012-09-20 12:00:00,247.13152328778096
2012-09-20 13:00:00,241.12868606066758
2012-09-20 14:00:00,194.999249278538
2012-09-20 15:00:00,226.36231338581607
2012-09-20 16:00:00,337.9815942633358
2012-09-20 17:00:00,620.595074271508
2012-09-20 18:00:00,582.6868029158546
2012-09-20 19:00:00,424.8565964455316
2012-09-20 20:00:00,305.2754625003693
2012-09-20 21:00:00,244.52311313730794
2012-09-20 22:00:00,220.15755479517998
2012-09-20 23:00:00,136.25026882358497
2012-09-21 00:00:00,69.7220084877269
2012-09-21 01:00:00,38.379117718763574
2012-09-21 02:00:00,19.22644912758396
2012-09-21 03:00:00,11.230565246494841
2012-09-21 04:00:00,8.303415783670289
2012-09-21 05:00:00,32.492357430092376
2012-09-21 06:00:00,155.24722211144248
2012-09-21 07:00:00,456.4005936098635
2012-09-21 08:00:00,642.4313110969576
2012-09-21 09:00:00,287.16784390073076
2012-09-21 10:00:00,173.5796273516235
2012-09-21 11:00:00,218.25174197904622
2012-09-21 12:00:00,277.9824085059844
2012-09-21 13:00:00,277.26003214616094
2012-09-21 14:00:00,246.6335025351386
2012-09-21 15:00:00,281.7832103900773
2012-09-21 16:00:00,378.5840228531547
2012-09-21 17:00:00,567.608179342242
2012-09-21 18:00:00,537.6982415747252
2012-09-21 19:00:00,351.25974311016967
2012-09-21 20:00:00,250.19817961553133
2012-09-21 21:00:00,219.7039147287323
2012-09-21 22:00:00,207.5127172505947
2012-09-21 23:00:00,153.21112168150043
2012-09-22 00:00:00,116.8855716686288
2012-09-22 01:00:00,83.33876724926094
2012-09-22 02:00:00,68.1218429891044
2012-09-22 03:00:00,31.33483242512792
2012-09-22 04:00:00,10.583021848447762
2012-09-22 05:00:00,11.40402606525914
2012-09-22 06:00:00,25.035563424429668
2012-09-22 07:00:00,68.98471805231272
2012-09-22 08:00:00,130.77847277822013
2012-09-22 09:00:00,230.76803999067764
2012-09-22 10:00:00,322.99466279235105
2012-09-22 11:00:00,400.761498052865
2012-09-22 12:00:00,513.5838560991241
2012-09-22 13:00:00,495.7454506718163
2012-09-22 14:00:00,469.7614664518124
2012-09-22 15:00:00,530.4357763022667
2012-09-22 16:00:00,470.63239234673864
2012-09-22 17:00:00,444.59718164670704
2012-09-22 18:00:00,417.4479130455365
2012-09-22 19:00:00,341.4867562127932
2012-09-22 20:00:00,321.80174131965066
2012-09-22 21:00:00,277.7736360873736
2012-09-22 22:00:00,233.3484102110675
2012-09-22 23:00:00,195.8999430981019
2012-09-23 00:00:00,145.7034938494617
2012-09-23 01:00:00,90.03260014678435
2012-09-23 02:00:00,64.46790328045806
2012-09-23 03:00:00,24.06629562763503
2012-09-23 04:00:00,8.203903343000318
2012-09-23 05:00:00,8.896581597989808
2012-09-23 06:00:00,15.789652423112752
2012-09-23 07:00:00,39.43056114230297
2012-09-23 08:00:00,91.98505342686167
2012-09-23 09:00:00,168.29982690388505
2012-09-23 10:00:00,332.6545983096585
2012-09-23 11:00:00,451.7634360361795
2012-09-23 12:00:00,561.3212686386818
2012-09-23 13:00:00,584.9193141006688
2012-09-23 14:00:00,548.080549191532
2012-09-23 15:00:00,545.2211613341823
2012-09-23 16:00:00,486.03063143271527
2012-09-23 17:00:00,420.0523610756011
2012-09-23 18:00:00,369.0760467073324
2012-09-23 19:00:00,277.3907262661005
2012-09-23 20:00:00,219.41713522036693
2012-09-23 21:00:00,160.32944935509016
2012-09-23 22:00:00,129.9033739745869
2012-09-23 23:00:00,77.93635986271313
2012-09-24 00:00:00,38.60109522742229
2012-09-24 01:00:00,17.194735834160287
2012-09-24 02:00:00,7.68883539935379
2012-09-24 03:00:00,4.783301321026168
2012-09-24 04:00:00,7.573901645931187
2012-09-24 05:00:00,30.166734165039994
2012-09-24 06:00:00,134.46277692405747
2012-09-24 07:00:00,386.99454956523317
2012-09-24 08:00:00,541.6110971481581
2012-09-24 09:00:00,235.01547739647225
2012-09-24 10:00:00,160.18924487919932
2012-09-24 11:00:00,172.93912781657886
2012-09-24 12:00:00,238.20529483115234
2012-09-24 13:00:00,225.04719831281028
2012-09-24 14:00:00,180.88024714809745
2012-09-24 15:00:00,193.253675234527
2012-09-24 16:00:00,334.3900467169261
2012-09-24 17:00:00,501.4466627043976
2012-09-24 18:00:00,621.9631592840343
2012-09-24 19:00:00,385.4836468605115
2012-09-24 20:00:00,262.7826504179437
2012-09-24 21:00:00,171.7370770076812
2012-09-24 22:00:00,142.0146696514898
2012-09-24 23:00:00,82.2456869383341
2012-09-25 00:00:00,34.11750203479709
2012-09-25 01:00:00,14.075637917523995
2012-09-25 02:00:00,5.313360848110844
2012-09-25 03:00:00,4.362751393937336
2012-09-25 04:00:00,6.2309844740047184
2012-09-25 05:00:00,30.228063520893812
2012-09-25 06:00:00,138.2750522482267
2012-09-25 07:00:00,407.66699913072483
2012-09-25 08:00:00,666.210708256237
2012-09-25 09:00:00,282.137403414912
2012-09-25 10:00:00,154.38112980200938
2012-09-25 11:00:00,197.5250791894222
2012-09-25 12:00:00,268.99140496477725
2012-09-25 13:00:00,276.00271379259476
2012-09-25 14:00:00,252.22804460860496
2012-09-25 15:00:00,277.5620992553411
2012-09-25 16:00:00,425.8584150543426
2012-09-25 17:00:00,844.1428590131495
2012-09-25 18:00:00,872.5150419469337
2012-09-25 19:00:00,554.2249586024745
2012-09-25 20:00:00,370.36164000700495
2012-09-25 21:00:00,269.36545841196784
2012-09-25 22:00:00,205.27278519488073
2012-09-25 23:00:00,120.86865062090133
2012-09-26 00:00:00,49.14465682476154
2012-09-26 01:00:00,20.35231297557488
2012-09-26 02:00:00,9.199949139698292
2012-09-26 03:00:00,6.201249737108964
2012-09-26 04:00:00,8.026304777660608
2012-09-26 05:00:00,36.722321517839994
2012-09-26 06:00:00,163.1439174001388
2012-09-26 07:00:00,443.7057326695045
2012-09-26 08:00:00,695.0520806029508
2012-09-26 09:00:00,370.75867693041556
2012-09-26 10:00:00,162.79913098961634
2012-09-26 11:00:00,241.86001117092349
2012-09-26 12:00:00,336.5360181993927
2012-09-26 13:00:00,282.6231784236061
2012-09-26 14:00:00,232.18908909444627
2012-09-26 15:00:00,253.53579615970025
2012-09-26 16:00:00,381.65351583836775
2012-09-26 17:00:00,746.0679528297916
2012-09-26 18:00:00,793.8769382616432
2012-09-26 19:00:00,591.1894335615713
2012-09-26 20:00:00,416.6854465437625
2012-09-26 21:00:00,322.110607941214
2012-09-26 22:00:00,152.86611044621475
2012-09-26 23:00:00,115.59123040954465
2012-09-27 00:00:00,45.632406643771716
2012-09-27 01:00:00,20.584541623852605
2012-09-27 02:00:00,9.490006941613295
2012-09-27 03:00:00,5.502452173916928
2012-09-27 04:00:00,6.705173051190211
2012-09-27 05:00:00,34.17326980003866
2012-09-27 06:00:00,154.30113454078736
2012-09-27 07:00:00,421.52557060855725
2012-09-27 08:00:00,699.7051454900665
2012-09-27 09:00:00,324.6745716801118
2012-09-27 10:00:00,191.48165182765246
2012-09-27 11:00:00,225.7830335831058
2012-09-27 12:00:00,281.4652060259193
2012-09-27 13:00:00,267.6041920095953
2012-09-27 14:00:00,253.08348371399194
2012-09-27 15:00:00,288.0917312431007
2012-09-27 16:00:00,375.26789953880325
2012-09-27 17:00:00,701.1698612383279
2012-09-27 18:00:00,762.6347088065676
2012-09-27 19:00:00,506.1620945858073
2012-09-27 20:00:00,372.8260052177392
2012-09-27 21:00:00,118.59287583870673
2012-09-27 22:00:00,96.16444717731429
2012-09-27 23:00:00,79.23069442502683
2012-09-28 00:00:00,43.69609419995038
2012-09-28 01:00:00,23.04687314044877
2012-09-28 02:00:00,9.162247213205127
2012-09-28 03:00:00,6.230682377408734
2012-09-28 04:00:00,5.482263049450056
2012-09-28 05:00:00,31.308530064495532
2012-09-28 06:00:00,101.35490958510402
2012-09-28 07:00:00,264.55323460791044
2012-09-28 08:00:00,599.9331530482243
2012-09-28 09:00:00,289.9493662274695
2012-09-28 10:00:00,191.98983945245914
2012-09-28 11:00:00,248.9051206456742
2012-09-28 12:00:00,390.94580593533226
2012-09-28 13:00:00,345.53065671566725
2012-09-28 14:00:00,335.4191246169037
2012-09-28 15:00:00,335.8644356552562
2012-09-28 16:00:00,435.2602074439963
2012-09-28 17:00:00,743.2845239898893
2012-09-28 18:00:00,594.4928216044974
2012-09-28 19:00:00,353.9910797884012
2012-09-28 20:00:00,245.84423898226484
2012-09-28 21:00:00,179.75135330161942
2012-09-28 22:00:00,193.08708338018724
2012-09-28 23:00:00,133.62312404190897
2012-09-29 00:00:00,134.6113562092735
2012-09-29 01:00:00,101.24279769045243
2012-09-29 02:00:00,55.72058069539652
2012-09-29 03:00:00,21.87500501383614
2012-09-29 04:00:00,11.213420504850035
2012-09-29 05:00:00,11.014042231231421
2012-09-29 06:00:00,27.770611272171614
2012-09-29 07:00:00,58.37391122618434
2012-09-29 08:00:00,146.42691353047516
2012-09-29 09:00:00,224.05080951712364
2012-09-29 10:00:00,345.80932146310147
2012-09-29 11:00:00,448.59099694747584
2012-09-29 12:00:00,617.1426714837775
2012-09-29 13:00:00,637.8511646578173
2012-09-29 14:00:00,646.8526482967677
2012-09-29 15:00:00,638.8096745032832
2012-09-29 16:00:00,641.7157655932946
2012-09-29 17:00:00,500.78399418280236
2012-09-29 18:00:00,385.12518262885834
2012-09-29 19:00:00,293.3967064033839
2012-09-29 20:00:00,230.73132266028895
2012-09-29 21:00:00,214.01893743080115
2012-09-29 22:00:00,189.3157838292919
2012-09-29 23:00:00,153.76995287313804
2012-09-30 00:00:00,135.81917565504867
2012-09-30 01:00:00,102.4418260752449
2012-09-30 02:00:00,65.23613109106877
2012-09-30 03:00:00,28.75731639728793
2012-09-30 04:00:00,9.09794785797675
2012-09-30 05:00:00,9.078374232717747
2012-09-30 06:00:00,17.154661003341133
2012-09-30 07:00:00,44.795007603157245
2012-09-30 08:00:00,110.74406346965995
2012-09-30 09:00:00,227.54924419377946
2012-09-30 10:00:00,321.72353131242994
2012-09-30 11:00:00,514.0695769024511
2012-09-30 12:00:00,577.7241159825069
2012-09-30 13:00:00,628.7741272708076
2012-09-30 14:00:00,598.9202798195895
2012-09-30 15:00:00,572.7790981004858
2012-09-30 16:00:00,566.0044846127197
2012-09-30 17:00:00,456.18962101397454
2012-09-30 18:00:00,275.5998239719289
2012-09-30 19:00:00,241.4091065359755
2012-09-30 20:00:00,189.45939494284983
2012-09-30 21:00:00,154.66106383873444
2012-09-30 22:00:00,128.3685774894469
2012-09-30 23:00:00,90.74875448478382
2012-10-20 00:00:00,127.83564419397686
2012-10-20 01:00:00,99.51730969478446
2012-10-20 02:00:00,59.45727030654217
2012-10-20 03:00:00,28.045342323464094
2012-10-20 04:00:00,8.700448686996948
2012-10-20 05:00:00,10.128795745991432
2012-10-20 06:00:00,21.840388811271996
2012-10-20 07:00:00,61.77021084564358
2012-10-20 08:00:00,132.48993822540805
2012-10-20 09:00:00,224.84414273114862
2012-10-20 10:00:00,369.97390353229827
2012-10-20 11:00:00,486.73761498531763
2012-10-20 12:00:00,546.4153442650403
2012-10-20 13:00:00,574.2704105411257
2012-10-20 14:00:00,535.8966315860403
2012-10-20 15:00:00,544.4012624742943
2012-10-20 16:00:00,529.6808517123615
2012-10-20 17:00:00,504.50172101161405
2012-10-20 18:00:00,390.32899109616545
2012-10-20 19:00:00,289.2844558898838
2012-10-20 20:00:00,239.7461834939975
2012-10-20 21:00:00,181.23855252264312
2012-10-20 22:00:00,154.03020616545777
2012-10-20 23:00:00,118.31910825792183
2012-10-21 00:00:00,129.32230687968686
2012-10-21 01:00:00,85.19035406125218
2012-10-21 02:00:00,58.970517245094364
2012-10-21 03:00:00,26.92698859522412
2012-10-21 04:00:00,10.073039463419274
2012-10-21 05:00:00,8.158272481918473
2012-10-21 06:00:00,15.236660661285256
2012-10-21 07:00:00,39.25524808185657
2012-10-21 08:00:00,92.26463261874984
2012-10-21 09:00:00,163.99332685187628
2012-10-21 10:00:00,289.52457596691227
2012-10-21 11:00:00,422.5092397917055
2012-10-21 12:00:00,510.4986751683717
2012-10-21 13:00:00,578.5448717582918
2012-10-21 14:00:00,497.4005500067583
2012-10-21 15:00:00,462.42463090047266
2012-10-21 16:00:00,520.1447467529229
2012-10-21 17:00:00,433.5632246763141
2012-10-21 18:00:00,350.08563588480996
2012-10-21 19:00:00,260.614247654742
2012-10-21 20:00:00,192.379001002512
2012-10-21 21:00:00,141.6234993524287
2012-10-21 22:00:00,108.13544176038465
2012-10-21 23:00:00,73.73023865485746
2012-10-22 00:00:00,28.950409884097976
2012-10-22 01:00:00,12.759364836349752
2012-10-22 02:00:00,5.7763035736123625
2012-10-22 03:00:00,4.049362807711899
2012-10-22 04:00:00,5.666233862428095
2012-10-22 05:00:00,28.591414993849714
2012-10-22 06:00:00,121.92414606738411
2012-10-22 07:00:00,357.4193557967166
2012-10-22 08:00:00,633.662639433686
2012-10-22 09:00:00,289.21305074518733
2012-10-22 10:00:00,141.41974582301984
2012-10-22 11:00:00,166.32512822455715
2012-10-22 12:00:00,212.82147287669298
2012-10-22 13:00:00,207.36989500925415
2012-10-22 14:00:00,201.30437254314631
2012-10-22 15:00:00,207.25229645070206
2012-10-22 16:00:00,327.4281065305829
2012-10-22 17:00:00,606.0781632970536
2012-10-22 18:00:00,615.1242336048198
2012-10-22 19:00:00,370.1683944278216
2012-10-22 20:00:00,287.86777431970705
2012-10-22 21:00:00,188.23439916713735
2012-10-22 22:00:00,139.01132537461905
2012-10-22 23:00:00,83.27294221516807
2012-10-23 00:00:00,30.36200315204223
2012-10-23 01:00:00,14.150518323365983
2012-10-23 02:00:00,5.95973654233301
2012-10-23 03:00:00,4.565077613950471
2012-10-23 04:00:00,6.190928165089076
2012-10-23 05:00:00,30.807678295819354
2012-10-23 06:00:00,138.61824248538758
2012-10-23 07:00:00,353.22849409793497
2012-10-23 08:00:00,589.7478565191759
2012-10-23 09:00:00,270.3289187157203
2012-10-23 10:00:00,152.26796181840027
2012-10-23 11:00:00,206.32471336313853
2012-10-23 12:00:00,259.98603821929265
2012-10-23 13:00:00,265.84416064799694
2012-10-23 14:00:00,257.4461733434232
2012-10-23 15:00:00,311.877636348739
2012-10-23 16:00:00,403.9845569920376
2012-10-23 17:00:00,792.1170551742817
2012-10-23 18:00:00,763.3916402726791
2012-10-23 19:00:00,526.601203093775
2012-10-23 20:00:00,322.2529678152889
2012-10-23 21:00:00,217.52964475017828
2012-10-23 22:00:00,166.7740667232834
2012-10-23 23:00:00,114.12897165596411
2012-10-24 00:00:00,47.24240852474946
2012-10-24 01:00:00,19.586235122998982
2012-10-24 02:00:00,8.178200337804668
2012-10-24 03:00:00,5.582169597573185
2012-10-24 04:00:00,6.837000623627975
2012-10-24 05:00:00,32.40192197918754
2012-10-24 06:00:00,151.36028586043207
2012-10-24 07:00:00,374.1237561319986
2012-10-24 08:00:00,634.4718651395442
2012-10-24 09:00:00,305.1630295228263
2012-10-24 10:00:00,160.90380600948376
2012-10-24 11:00:00,192.55215925224616
2012-10-24 12:00:00,297.00150143129775
2012-10-24 13:00:00,297.0926726597224
2012-10-24 14:00:00,225.13717403855094
2012-10-24 15:00:00,296.2906424646431
2012-10-24 16:00:00,384.7720998540524
2012-10-24 17:00:00,783.2979129704673
2012-10-24 18:00:00,821.0665916827015
2012-10-24 19:00:00,638.3909921238179
2012-10-24 20:00:00,452.5121189371279
2012-10-24 21:00:00,325.6053391696916
2012-10-24 22:00:00,218.2222572057997
2012-10-24 23:00:00,120.71791410181999
2012-10-25 00:00:00,47.52420144251081
2012-10-25 01:00:00,20.526924892388756
2012-10-25 02:00:00,9.026093154956689
2012-10-25 03:00:00,4.369126745471025
2012-10-25 04:00:00,6.408828470727274
2012-10-25 05:00:00,29.05353296161926
2012-10-25 06:00:00,120.65106397711696
2012-10-25 07:00:00,330.1607165657846
2012-10-25 08:00:00,528.079441091934
2012-10-25 09:00:00,219.15226959338176
2012-10-25 10:00:00,129.90883839256622
2012-10-25 11:00:00,138.83580097754373
2012-10-25 12:00:00,180.84649456100203
2012-10-25 13:00:00,170.08676631973827
2012-10-25 14:00:00,214.26958007891238
2012-10-25 15:00:00,241.65374164959547
2012-10-25 16:00:00,339.8057181951372
2012-10-25 17:00:00,651.2908825281905
2012-10-25 18:00:00,465.9637630702324
2012-10-25 19:00:00,323.8825439074272
2012-10-25 20:00:00,225.9045079740774
2012-10-25 21:00:00,165.8348611331388
2012-10-25 22:00:00,137.7701025267715
2012-10-25 23:00:00,90.93272523940644
2012-10-26 00:00:00,52.81443701494416
2012-10-26 01:00:00,26.426497029989044
2012-10-26 02:00:00,12.543917922381004
2012-10-26 03:00:00,6.24423836133141
2012-10-26 04:00:00,7.099383287371852
2012-10-26 05:00:00,32.07087651625616
2012-10-26 06:00:00,122.01169085721938
2012-10-26 07:00:00,330.70427199990695
2012-10-26 08:00:00,551.6035073977326
2012-10-26 09:00:00,277.52186011673797
2012-10-26 10:00:00,166.29305799946738
2012-10-26 11:00:00,179.73476446939495
2012-10-26 12:00:00,247.75090326880186
2012-10-26 13:00:00,241.55297827377757
2012-10-26 14:00:00,260.8594196032617
2012-10-26 15:00:00,293.3568566182823
2012-10-26 16:00:00,312.148537158688
2012-10-26 17:00:00,475.03552892189487
2012-10-26 18:00:00,400.08771467073257
2012-10-26 19:00:00,275.0805151384095
2012-10-26 20:00:00,193.78317065425733
2012-10-26 21:00:00,165.62741581757658
2012-10-26 22:00:00,144.59370773964415
2012-10-26 23:00:00,141.7493490078692
2012-10-27 00:00:00,148.91753701710567
2012-10-27 01:00:00,98.11268138076565
2012-10-27 02:00:00,57.604966524728376
2012-10-27 03:00:00,33.86876027566286
2012-10-27 04:00:00,10.933450671465213
2012-10-27 05:00:00,10.10120163954404
2012-10-27 06:00:00,23.459696692301456
2012-10-27 07:00:00,62.00863702164111
2012-10-27 08:00:00,152.96424443758806
2012-10-27 09:00:00,219.15032860715314
2012-10-27 10:00:00,303.05306855942047
2012-10-27 11:00:00,478.375005634814
2012-10-27 12:00:00,644.7543044599126
2012-10-27 13:00:00,652.7323005027907
2012-10-27 14:00:00,602.3638120807705
2012-10-27 15:00:00,498.5909399466567
2012-10-27 16:00:00,489.2299771438209
2012-10-27 17:00:00,444.09683634002363
2012-10-27 18:00:00,370.169965843449
2012-10-27 19:00:00,251.97685316352107
2012-10-27 20:00:00,207.58495616411398
2012-10-27 21:00:00,170.20109686963633
2012-10-27 22:00:00,153.18507285756166
2012-10-27 23:00:00,128.42782397059827
2012-10-28 00:00:00,108.5278106207738
2012-10-28 01:00:00,85.37262654243354
2012-10-28 02:00:00,57.81334909125024
2012-10-28 03:00:00,27.019479919578487
2012-10-28 04:00:00,10.228265273655515
2012-10-28 05:00:00,9.582857553592179
2012-10-28 06:00:00,14.63290268589221
2012-10-28 07:00:00,39.375734075661775
2012-10-28 08:00:00,94.51849906780332
2012-10-28 09:00:00,156.49813991137702
2012-10-28 10:00:00,254.48547090726018
2012-10-28 11:00:00,370.7343664001223
2012-10-28 12:00:00,372.3864051839399
2012-10-28 13:00:00,361.81721068575087
2012-10-28 14:00:00,362.42870779828604
2012-10-28 15:00:00,354.0921129159426
2012-10-28 16:00:00,272.589226844306
2012-10-28 17:00:00,171.9488431822499
2012-10-28 18:00:00,70.080768804606
2012-10-28 19:00:00,76.44240409255433
2012-10-28 20:00:00,51.584767661257196
2012-10-28 21:00:00,46.156608515209385
2012-10-28 22:00:00,41.541317905039094
2012-10-28 23:00:00,26.671271725536393
2012-10-29 00:00:00,21.207460156506542
2012-10-30 13:00:00,69.20228535314125
2012-10-30 14:00:00,61.484181031174266
2012-10-30 15:00:00,69.63994587191026
2012-10-30 16:00:00,108.8650890978912
2012-10-30 17:00:00,221.98273636100313
2012-10-30 18:00:00,223.01159143334397
2012-10-30 19:00:00,409.62707435453007
2012-10-30 20:00:00,167.5243132913376
2012-10-30 21:00:00,107.63079810006602
2012-10-30 22:00:00,86.79913085595567
2012-10-30 23:00:00,55.46299116649386
2012-10-31 00:00:00,27.014469496479165
2012-10-31 01:00:00,11.717765599498751
2012-10-31 02:00:00,5.636916359857496
2012-10-31 03:00:00,4.244509184377498
2012-10-31 04:00:00,5.467410355907664
2012-10-31 05:00:00,25.982213939592253
2012-10-31 06:00:00,118.77055151107598
2012-10-31 07:00:00,311.43020504922737
2012-10-31 08:00:00,591.4268529101444
2012-10-31 09:00:00,280.13285142692376
2012-10-31 10:00:00,126.1028763939776
2012-10-31 11:00:00,164.93107658148256
2012-10-31 12:00:00,200.23101882221735
2012-10-31 13:00:00,202.54153342142047
2012-10-31 14:00:00,196.5562091791677
2012-10-31 15:00:00,215.15011352219105
2012-10-31 16:00:00,331.8610222496517
2012-10-31 17:00:00,512.8916381050664
2012-10-31 18:00:00,491.059837447228
2012-10-31 19:00:00,385.9321966152057
2012-10-31 20:00:00,286.8011061464752
2012-10-31 21:00:00,197.2229126151339
2012-10-31 22:00:00,161.45806000950125
2012-10-31 23:00:00,93.83061729100375
2012-11-20 00:00:00,26.515788640258403
2012-11-20 01:00:00,10.778245513048683
2012-11-20 02:00:00,5.106220190969132
2012-11-20 03:00:00,4.6766433466152995
2012-11-20 04:00:00,7.37540198556548
2012-11-20 05:00:00,31.67842400154617
2012-11-20 06:00:00,140.09744590374083
2012-11-20 07:00:00,350.96980371627814
2012-11-20 08:00:00,719.7919605227992
2012-11-20 09:00:00,292.05657697002135
2012-11-20 10:00:00,113.87437070675412
2012-11-20 11:00:00,134.64816961854683
2012-11-20 12:00:00,162.9408906879443
2012-11-20 13:00:00,166.4822770874164
2012-11-20 14:00:00,161.32874552129985
2012-11-20 15:00:00,185.27851121157386
2012-11-20 16:00:00,238.88392753946275
2012-11-20 17:00:00,463.27566629208496
2012-11-20 18:00:00,423.89908319560027
2012-11-20 19:00:00,315.26592589679166
2012-11-20 20:00:00,225.33702178590667
2012-11-20 21:00:00,163.342919058868
2012-11-20 22:00:00,123.04671843095137
2012-11-20 23:00:00,62.930396582867566
2012-11-21 00:00:00,26.016210313603146
2012-11-21 01:00:00,11.77283677859877
2012-11-21 02:00:00,4.898991332322734
2012-11-21 03:00:00,3.8386714904192565
2012-11-21 04:00:00,4.733922727666944
2012-11-21 05:00:00,24.064025856681013
2012-11-21 06:00:00,110.75188832134994
2012-11-21 07:00:00,266.4562023947556
2012-11-21 08:00:00,610.4420529936493
2012-11-21 09:00:00,269.613532399888
2012-11-21 10:00:00,146.04667554948796
2012-11-21 11:00:00,168.43199799574103
2012-11-21 12:00:00,234.63594215471798
2012-11-21 13:00:00,219.8837153868819
2012-11-21 14:00:00,198.66781838910254
2012-11-21 15:00:00,220.67345259811177
2012-11-21 16:00:00,298.666567225613
2012-11-21 17:00:00,576.5208189864532
2012-11-21 18:00:00,558.3149540042837
2012-11-21 19:00:00,376.832896955211
2012-11-21 20:00:00,245.83110782736716
2012-11-21 21:00:00,194.02893615510837
2012-11-21 22:00:00,136.12721798744533
2012-11-21 23:00:00,86.36275977010466
2012-11-22 00:00:00,61.14686646747684
2012-11-22 01:00:00,34.596828536849024
2012-11-22 02:00:00,17.948217837347364
2012-11-22 03:00:00,8.541121119543089
2012-11-22 04:00:00,7.029033972812206
2012-11-22 05:00:00,11.449637412234726
2012-11-22 06:00:00,41.12409279080825
2012-11-22 07:00:00,81.6938873535499
2012-11-22 08:00:00,203.28519608512795
2012-11-22 09:00:00,212.48423974384585
2012-11-22 10:00:00,286.48843827097744
2012-11-22 11:00:00,363.97077535737856
2012-11-22 12:00:00,407.8718402766791
2012-11-22 13:00:00,391.38774214396807
2012-11-22 14:00:00,350.97220534387134
2012-11-22 15:00:00,359.48816671287307
2012-11-22 16:00:00,430.80615066434393
2012-11-22 17:00:00,441.5870550982783
2012-11-22 18:00:00,387.61303938845566
2012-11-22 19:00:00,252.9043635732656
2012-11-22 20:00:00,218.79008454835744
2012-11-22 21:00:00,194.5706565145213
2012-11-22 22:00:00,150.11161789083826
2012-11-22 23:00:00,99.62983241821698
2012-11-23 00:00:00,45.18533169583204
2012-11-23 01:00:00,23.06786079577174
2012-11-23 02:00:00,9.425844458253518
2012-11-23 03:00:00,5.671173908888557
2012-11-23 04:00:00,5.415569652477523
2012-11-23 05:00:00,22.053920750448807
2012-11-23 06:00:00,87.29524949658523
2012-11-23 07:00:00,243.79653328898587
2012-11-23 08:00:00,536.0176530644135
2012-11-23 09:00:00,312.0321569445493
2012-11-23 10:00:00,178.73119431384546
2012-11-23 11:00:00,206.3789293497921
2012-11-23 12:00:00,292.3899513701448
2012-11-23 13:00:00,268.4720561303406
2012-11-23 14:00:00,241.97241926919133
2012-11-23 15:00:00,278.90478090158854
2012-11-23 16:00:00,349.3963362875528
2012-11-23 17:00:00,572.7818892064766
2012-11-23 18:00:00,469.8711055227975
2012-11-23 19:00:00,316.2011467533184
2012-11-23 20:00:00,255.15678718294237
2012-11-23 21:00:00,194.87373434988572
2012-11-23 22:00:00,169.1810046561008
2012-11-23 23:00:00,137.44125810232194
2012-11-24 00:00:00,100.06633128505769
2012-11-24 01:00:00,58.77168995984538
2012-11-24 02:00:00,33.70795747209936
2012-11-24 03:00:00,17.75050642929325
2012-11-24 04:00:00,5.26762542471061
2012-11-24 05:00:00,5.724137554798258
2012-11-24 06:00:00,14.117628126162215
2012-11-24 07:00:00,40.46727312009864
2012-11-24 08:00:00,89.32799304624
2012-11-24 09:00:00,127.28344000831167
2012-11-24 10:00:00,226.35718822564016
2012-11-24 11:00:00,289.99572911727694
2012-11-24 12:00:00,271.7036072398511
2012-11-24 13:00:00,316.76305508317415
2012-11-24 14:00:00,254.05529540061445
2012-11-24 15:00:00,249.4808975364115
2012-11-24 16:00:00,246.46889423508725
2012-11-24 17:00:00,216.09871903099182
2012-11-24 18:00:00,171.41727051459137
2012-11-24 19:00:00,156.5305519273976
2012-11-24 20:00:00,110.5415992810692
2012-11-24 21:00:00,102.87205004267133
2012-11-24 22:00:00,90.59213084697903
2012-11-24 23:00:00,76.67991452581451
2012-11-25 00:00:00,60.89915874455431
2012-11-25 01:00:00,47.61828882335491
2012-11-25 02:00:00,29.264156794897566
2012-11-25 03:00:00,15.675965618278994
2012-11-25 04:00:00,5.265967711673794
2012-11-25 05:00:00,5.955387721750709
2012-11-25 06:00:00,10.747429878906177
2012-11-25 07:00:00,27.5542035541787
2012-11-25 08:00:00,65.60726587256225
2012-11-25 09:00:00,133.60517069117574
2012-11-25 10:00:00,171.49829347405046
2012-11-25 11:00:00,271.60197671406473
2012-11-25 12:00:00,312.4096327583575
2012-11-25 13:00:00,327.578827135838
2012-11-25 14:00:00,339.27771495065076
2012-11-25 15:00:00,286.8232395898343
2012-11-25 16:00:00,291.18366953609603
2012-11-25 17:00:00,243.78867426836467
2012-11-25 18:00:00,170.25247759890266
2012-11-25 19:00:00,122.41351842733854
2012-11-25 20:00:00,83.32434854672415
2012-11-25 21:00:00,74.68443054092873
2012-11-25 22:00:00,54.05537282863188
2012-11-25 23:00:00,35.056434840991365
2012-11-26 00:00:00,15.12500903643778
2012-11-26 01:00:00,6.296418886491117
2012-11-26 02:00:00,3.366437188344914
2012-11-26 03:00:00,2.4997274525873117
2012-11-26 04:00:00,3.8965018351747074
2012-11-26 05:00:00,18.449744655682974
2012-11-26 06:00:00,80.11472708703873
2012-11-26 07:00:00,240.0158470400009
2012-11-26 08:00:00,434.66173086185586
2012-11-26 09:00:00,279.05348720248696
2012-11-26 10:00:00,122.06441812471795
2012-11-26 11:00:00,160.75284037944587
2012-11-26 12:00:00,229.95797828707325
2012-11-26 13:00:00,204.64375920523017
2012-11-26 14:00:00,181.06242739156
2012-11-26 15:00:00,203.23215188032373
2012-11-26 16:00:00,263.7236698272181
2012-11-26 17:00:00,509.88513869764364
2012-11-26 18:00:00,432.9975996907976
2012-11-26 19:00:00,263.70365428492687
2012-11-26 20:00:00,181.86623873416022
2012-11-26 21:00:00,119.21279156018556
2012-11-26 22:00:00,93.2843091732059
2012-11-26 23:00:00,56.88565844340229
2012-11-27 00:00:00,25.47648493633807
2012-11-27 01:00:00,12.01537702340642
2012-11-27 02:00:00,5.909655220964666
2012-11-27 03:00:00,4.742714179251178
2012-11-27 04:00:00,4.894396408406828
2012-11-27 05:00:00,24.673984390893388
2012-11-27 06:00:00,111.58195898994818
2012-11-27 07:00:00,202.60844953104285
2012-11-27 08:00:00,331.1351209121102
2012-11-27 09:00:00,243.57764463403575
2012-11-27 10:00:00,73.0789134631481
2012-11-27 11:00:00,64.2619568823079
2012-11-27 12:00:00,68.2457225456064
2012-11-27 13:00:00,75.259455506297
2012-11-27 14:00:00,57.73506745453482
2012-11-27 15:00:00,115.16824473685327
2012-11-27 16:00:00,167.9576602271631
2012-11-27 17:00:00,360.0196109286077
2012-11-27 18:00:00,212.42162618821015
2012-11-27 19:00:00,188.58054732008458
2012-11-27 20:00:00,132.0145043981129
2012-11-27 21:00:00,87.0082591232321
2012-11-27 22:00:00,75.29844918180098
2012-11-27 23:00:00,51.912157294667054
2012-11-28 00:00:00,29.70340123062637
2012-11-28 01:00:00,12.202402176771297
2012-11-28 02:00:00,5.5837768649675414
2012-11-28 03:00:00,5.064520520211723
2012-11-28 04:00:00,7.43786776276531
2012-11-28 05:00:00,32.80528927501955
2012-11-28 06:00:00,140.15947070869856
2012-11-28 07:00:00,436.6397428032613
2012-11-28 08:00:00,595.2475556432479
2012-11-28 09:00:00,316.9656952633762
2012-11-28 10:00:00,150.243134366434
2012-11-28 11:00:00,151.83249731659004
2012-11-28 12:00:00,188.88724152507797
2012-11-28 13:00:00,199.84164955356349
2012-11-28 14:00:00,169.60160923185498
2012-11-28 15:00:00,176.7452397882584
2012-11-28 16:00:00,246.0091721554457
2012-11-28 17:00:00,514.0069324007296
2012-11-28 18:00:00,400.83866784542926
2012-11-28 19:00:00,308.14369829443126
2012-11-28 20:00:00,249.68492153213126
2012-11-28 21:00:00,169.10527390107126
2012-11-28 22:00:00,120.85566005596444
2012-11-28 23:00:00,67.59207380703438
2012-11-29 00:00:00,32.04168301291386
2012-11-29 01:00:00,10.589303638805651
2012-11-29 02:00:00,4.828947204784131
2012-11-29 04:00:00,3.9426214379062756
2012-11-29 05:00:00,19.345996327512246
2012-11-29 06:00:00,92.43887663761762
2012-11-29 07:00:00,245.46824860716382
2012-11-29 08:00:00,472.431369162878
2012-11-29 09:00:00,248.39071140467064
2012-11-29 10:00:00,137.8977304238726
2012-11-29 11:00:00,178.06326848959372
2012-11-29 12:00:00,231.27618582237196
2012-11-29 13:00:00,218.15669433735476
2012-11-29 14:00:00,185.69471615217208
2012-11-29 15:00:00,180.27992054788297
2012-11-29 16:00:00,298.22542494050646
2012-11-29 17:00:00,529.5966608976655
2012-11-29 18:00:00,430.04326458824403
2012-11-29 19:00:00,276.7566368461589
2012-11-29 20:00:00,224.16547743260722
2012-11-29 21:00:00,127.88342781951003
2012-11-29 22:00:00,109.90843540185061
2012-11-29 23:00:00,82.68037548209153
2012-11-30 00:00:00,47.05863726488442
2012-11-30 01:00:00,21.641879328144388
2012-11-30 02:00:00,8.302145190489865
2012-11-30 03:00:00,4.774456074562506
2012-11-30 04:00:00,4.27558078521988
2012-11-30 05:00:00,18.29151102679159
2012-11-30 06:00:00,67.20038230328468
2012-11-30 07:00:00,215.320279662171
2012-11-30 08:00:00,429.91076043615504
2012-11-30 09:00:00,266.0369667469942
2012-11-30 10:00:00,157.03531281146388
2012-11-30 11:00:00,204.30723947208043
2012-11-30 12:00:00,254.7565297384988
2012-11-30 13:00:00,254.0977528541834
2012-11-30 14:00:00,232.46689635066292
2012-11-30 15:00:00,249.3966396360566
2012-11-30 16:00:00,352.3965940062553
2012-11-30 17:00:00,483.55314140434166
2012-11-30 18:00:00,358.7350297599032
2012-11-30 19:00:00,254.63246239737748
2012-11-30 20:00:00,184.99181577381276
2012-11-30 21:00:00,134.6814817412504
2012-11-30 22:00:00,135.8347628034506
2012-11-30 23:00:00,92.67171673344693
2012-12-20 00:00:00,39.1593287869113
2012-12-20 01:00:00,14.877503728277631
2012-12-20 02:00:00,7.2620947620098475
2012-12-20 03:00:00,4.7588697766475025
2012-12-20 04:00:00,6.44421595815695
2012-12-20 05:00:00,31.171289833470393
2012-12-20 06:00:00,125.00565918698317
2012-12-20 07:00:00,390.9666880699117
2012-12-20 08:00:00,674.6624938998738
2012-12-20 09:00:00,313.5951582478288
2012-12-20 10:00:00,130.86578015611954
2012-12-20 11:00:00,150.38600663215038
2012-12-20 12:00:00,222.2906617137797
2012-12-20 13:00:00,185.02491544946673
2012-12-20 14:00:00,178.56582893823992
2012-12-20 15:00:00,173.3505178953404
2012-12-20 16:00:00,223.509367229861
2012-12-20 17:00:00,430.1471370758793
2012-12-20 18:00:00,407.7730649506219
2012-12-20 19:00:00,178.4499461816689
2012-12-20 20:00:00,154.71149765313504
2012-12-20 21:00:00,112.76169054559016
2012-12-20 22:00:00,73.155001069099
2012-12-20 23:00:00,43.33060384420549
2012-12-21 00:00:00,18.301994374969535
2012-12-21 01:00:00,10.380043075561558
2012-12-21 02:00:00,5.229803175001984
2012-12-21 03:00:00,2.5391704366400782
2012-12-21 04:00:00,2.8363729974378593
2012-12-21 05:00:00,13.428875745520232
2012-12-21 06:00:00,67.45320460689291
2012-12-21 07:00:00,157.71271847382943
2012-12-21 08:00:00,327.469273443523
2012-12-21 09:00:00,224.26704885510867
2012-12-21 10:00:00,121.97298989865797
2012-12-21 11:00:00,117.21475926563468
2012-12-21 12:00:00,127.45577582072669
2012-12-21 13:00:00,125.3424902057612
2012-12-21 14:00:00,108.75301260134947
2012-12-21 15:00:00,124.81050369253073
2012-12-21 16:00:00,152.2775267349834
2012-12-21 17:00:00,205.249320591154
2012-12-21 18:00:00,179.8137131695806
2012-12-21 19:00:00,137.32213600584316
2012-12-21 20:00:00,99.1490053971836
2012-12-21 21:00:00,81.61549685605722
2012-12-21 22:00:00,71.52664011805656
2012-12-21 23:00:00,56.336980395877724
2012-12-22 00:00:00,35.5155415716185
2012-12-22 01:00:00,29.775766721484136
2012-12-22 02:00:00,21.80904466445943
2012-12-22 03:00:00,9.284551296193088
2012-12-22 04:00:00,2.880207276341709
2012-12-22 05:00:00,2.7801354299098566
2012-12-22 06:00:00,7.152913876151236
2012-12-22 07:00:00,19.281870536946972
2012-12-22 08:00:00,45.47251550885431
2012-12-22 09:00:00,85.68873221909448
2012-12-22 10:00:00,127.34328009758512
2012-12-22 11:00:00,158.1973266154623
2012-12-22 12:00:00,158.8400464553572
2012-12-22 13:00:00,173.33690209235567
2012-12-22 14:00:00,161.56922272543727
2012-12-22 15:00:00,147.5796826597924
2012-12-22 16:00:00,153.7188535650813
2012-12-22 17:00:00,142.46821209804938
2012-12-22 18:00:00,100.8321080804268
2012-12-22 19:00:00,81.21350073505805
2012-12-22 20:00:00,80.10708179484158
2012-12-22 21:00:00,51.11281180709616
2012-12-22 22:00:00,44.942306289488855
2012-12-22 23:00:00,38.593015206198004
2012-12-23 00:00:00,37.118752620674655
2012-12-23 01:00:00,31.381234192961742
2012-12-23 02:00:00,25.32163350069134
2012-12-23 03:00:00,11.75846619894282
2012-12-23 04:00:00,2.9581302181759814
2012-12-23 05:00:00,2.0834820281867854
2012-12-23 06:00:00,3.873147608972322
2012-12-23 07:00:00,10.171873698603584
2012-12-23 08:00:00,28.798022262117716
2012-12-23 09:00:00,70.8120473287188
2012-12-23 10:00:00,94.55195535624445
2012-12-23 11:00:00,127.53942717074455
2012-12-23 12:00:00,203.38020899477024
2012-12-23 13:00:00,216.26706886518193
2012-12-23 14:00:00,197.08659610366794
2012-12-23 15:00:00,223.03709224937472
2012-12-23 16:00:00,200.24685266140244
2012-12-23 17:00:00,140.02946868028494
2012-12-23 18:00:00,130.4212379719721
2012-12-23 19:00:00,100.80400174860085
2012-12-23 20:00:00,50.11454222368152
2012-12-23 21:00:00,44.19619231556447
2012-12-23 22:00:00,38.3730518771958
2012-12-23 23:00:00,21.807698602045935
2012-12-24 00:00:00,8.6729977620593
2012-12-24 01:00:00,3.792287056431799
2012-12-24 02:00:00,2.3738965265592036
2012-12-24 03:00:00,1.6469583126857577
2012-12-24 05:00:00,9.782599019444397
2012-12-24 06:00:00,41.969327989105686
2012-12-24 07:00:00,113.99635136036218
2012-12-24 08:00:00,238.19082019276576
2012-12-24 09:00:00,164.744711669767
2012-12-24 10:00:00,65.47931178676626
2012-12-24 11:00:00,83.16867978447682
2012-12-24 12:00:00,113.4812259443589
2012-12-24 13:00:00,71.46193346447006
2012-12-24 14:00:00,60.55388778488621
2012-12-24 15:00:00,58.852423870996965
2012-12-24 16:00:00,89.38357183190884
2012-12-24 17:00:00,178.4762844050462
2012-12-24 18:00:00,156.66763618820897
2012-12-24 19:00:00,163.5713798369475
2012-12-24 20:00:00,99.46634667117296
2012-12-24 21:00:00,58.23177175458973
2012-12-24 22:00:00,44.616129883467856
2012-12-24 23:00:00,21.579998962503527
2012-12-25 00:00:00,15.518336365218568
2012-12-25 01:00:00,17.872286027698042
2012-12-25 02:00:00,13.11987153962753
2012-12-25 04:00:00,4.0534115207722765
2012-12-25 05:00:00,4.1603837036255635
2012-12-25 06:00:00,10.941837109772333
2012-12-25 07:00:00,26.988654768902727
2012-12-25 08:00:00,91.91284410411801
2012-12-25 09:00:00,118.54371310231106
2012-12-25 10:00:00,140.95930522052197
2012-12-25 11:00:00,167.53340985804562
2012-12-25 12:00:00,191.5911030462903
2012-12-25 13:00:00,238.2285151178074
2012-12-25 14:00:00,213.3330721498609
2012-12-25 15:00:00,228.45012555979756
2012-12-25 16:00:00,230.35375982472263
2012-12-25 17:00:00,222.94292753143804
2012-12-25 18:00:00,179.30970084118414
2012-12-25 19:00:00,159.7301708616646
2012-12-25 20:00:00,112.39013705969268
2012-12-25 21:00:00,93.61833138128101
2012-12-25 22:00:00,75.49317112129447
2012-12-25 23:00:00,41.6606873059159
2012-12-26 00:00:00,16.865454823735902
2012-12-26 01:00:00,5.905866717734719
2012-12-26 02:00:00,3.253968351466324
2012-12-26 03:00:00,2.2356525480717693
2012-12-26 04:00:00,1.4788711196540156
2012-12-26 05:00:00,10.04683091449309
2012-12-26 06:00:00,52.635487193513974
2012-12-26 07:00:00,62.930141902892004
2012-12-26 08:00:00,114.5923076948194
2012-12-26 09:00:00,56.836450643741436
2012-12-26 10:00:00,24.10033553789855
2012-12-26 11:00:00,20.84475713282115
2012-12-26 12:00:00,26.949135259175367
2012-12-26 13:00:00,25.189790845993013
2012-12-26 14:00:00,20.46437030461764
2012-12-26 15:00:00,34.14067855750047
2012-12-26 16:00:00,50.42269271293248
2012-12-26 17:00:00,75.90038495540408
2012-12-26 18:00:00,75.8289124760499
2012-12-26 19:00:00,85.21807844841383
2012-12-26 20:00:00,38.85676874886856
2012-12-26 21:00:00,62.00804113901109
2012-12-26 22:00:00,16.331034851398197
2012-12-26 23:00:00,21.12611755713305
2012-12-27 00:00:00,12.58738926736432
2012-12-27 01:00:00,2.7893119937998807
2012-12-27 02:00:00,2.179794995691508
2012-12-27 03:00:00,2.695217407779157
2012-12-27 04:00:00,2.119652678637163
2012-12-27 05:00:00,14.61126282720031
2012-12-27 06:00:00,57.21344013582394
2012-12-27 07:00:00,176.76209008643397
2012-12-27 08:00:00,350.41229451856833
2012-12-27 09:00:00,210.94490644394247
2012-12-27 10:00:00,114.6810607393881
2012-12-27 11:00:00,114.58598368815979
2012-12-27 12:00:00,111.94769299984542
2012-12-27 13:00:00,105.40056324479313
2012-12-27 14:00:00,80.52311554023892
2012-12-27 15:00:00,84.3712120754265
2012-12-27 16:00:00,132.1505150810531
2012-12-27 17:00:00,255.5815252512109
2012-12-27 18:00:00,232.17123178647452
2012-12-27 19:00:00,148.57883305584633
2012-12-27 20:00:00,125.0587406500113
2012-12-27 21:00:00,89.38783378215165
2012-12-27 22:00:00,61.5286000504596
2012-12-27 23:00:00,46.065499546127626
2012-12-28 00:00:00,22.047915285496103
2012-12-28 01:00:00,11.130872915943481
2012-12-28 02:00:00,5.995375626196858
2012-12-28 03:00:00,3.1906138020894206
2012-12-28 04:00:00,2.3768847644157542
2012-12-28 05:00:00,11.935353810680393
2012-12-28 06:00:00,44.15172805963201
2012-12-28 07:00:00,138.77633937643773
2012-12-28 08:00:00,347.33773082908994
2012-12-28 09:00:00,152.07241159183766
2012-12-28 10:00:00,102.9180630304017
2012-12-28 11:00:00,103.04159632049421
2012-12-28 12:00:00,123.73533121692637
2012-12-28 13:00:00,114.43539322357825
2012-12-28 14:00:00,101.69818875918115
2012-12-28 15:00:00,100.44409200410786
2012-12-28 16:00:00,154.34432812170846
2012-12-28 17:00:00,227.7613475442188
2012-12-28 18:00:00,197.48561148690584
2012-12-28 19:00:00,115.03176053726295
2012-12-28 20:00:00,78.3561570607856
2012-12-28 21:00:00,75.11448306222603
2012-12-28 22:00:00,66.23201646591967
2012-12-28 23:00:00,44.837762342733676
2012-12-29 00:00:00,46.65754838437549
2012-12-29 01:00:00,37.06727823718767
2012-12-29 02:00:00,26.905440433147508
2012-12-29 03:00:00,11.487784262040968
2012-12-29 04:00:00,3.4860986826453937
2012-12-29 05:00:00,3.2214848865477954
2012-12-29 06:00:00,8.978741878299752
2012-12-29 07:00:00,23.287608665281457
2012-12-29 08:00:00,68.06637709986818
2012-12-29 09:00:00,119.0394254333565
2012-12-29 10:00:00,122.53583064966178
2012-12-29 11:00:00,78.92742615852251
2012-12-29 12:00:00,60.07124652857506
2012-12-29 13:00:00,61.755870882465594
2012-12-29 14:00:00,181.04093834341484
2012-12-29 15:00:00,171.32047503029165
2012-12-29 16:00:00,201.23194119493834
2012-12-29 17:00:00,158.4222893363238
2012-12-29 18:00:00,150.34711308572793
2012-12-29 19:00:00,110.72645042281019
2012-12-29 20:00:00,76.4277921314226
2012-12-29 21:00:00,61.521229409395026
2012-12-29 22:00:00,49.23335079887275
2012-12-29 23:00:00,51.25115456760989
2012-12-30 00:00:00,53.43848449344792
2012-12-30 01:00:00,36.071548078933816
2012-12-30 02:00:00,32.08080155569467
2012-12-30 03:00:00,13.405362955254217
2012-12-30 04:00:00,3.4789436677105323
2012-12-30 05:00:00,3.0442048871769276
2012-12-30 06:00:00,3.54794655829983
2012-12-30 07:00:00,11.811234546886585
2012-12-30 08:00:00,30.204593720190402
2012-12-30 09:00:00,68.21490732708841
2012-12-30 10:00:00,113.16096654165852
2012-12-30 11:00:00,135.99385825719685
2012-12-30 12:00:00,173.24387231736156
2012-12-30 13:00:00,175.95241427947144
2012-12-30 14:00:00,166.20947989193942
2012-12-30 15:00:00,154.25740582631587
2012-12-30 16:00:00,159.22797217138174
2012-12-30 17:00:00,123.43279326583412
2012-12-30 18:00:00,93.13950315814274
2012-12-30 19:00:00,93.83254777312638
2012-12-30 20:00:00,43.243812913605005
2012-12-30 21:00:00,40.36973414557107
2012-12-30 22:00:00,29.101568923458398
2012-12-30 23:00:00,18.50240980150632
2012-12-31 00:00:00,7.805138658413509
2012-12-31 01:00:00,3.320012517952871
2012-12-31 02:00:00,2.351412636247345
2012-12-31 03:00:00,1.7358424170447484
2012-12-31 04:00:00,1.7071757202998954
2012-12-31 05:00:00,6.784783061560658
2012-12-31 06:00:00,35.62655646699846
2012-12-31 07:00:00,113.35074488844663
2012-12-31 08:00:00,209.70158218764058
2012-12-31 09:00:00,126.39473218693979
2012-12-31 10:00:00,59.946184518106584
2012-12-31 11:00:00,70.6514178646185
2012-12-31 12:00:00,108.06356508589002
2012-12-31 13:00:00,105.03813812904369
2012-12-31 14:00:00,98.81199066154285
2012-12-31 15:00:00,101.43980802685408
2012-12-31 16:00:00,131.88571711129075
2012-12-31 17:00:00,224.0139070999059
2012-12-31 18:00:00,234.77728362624282
2012-12-31 19:00:00,185.34345318135308
2012-12-31 20:00:00,132.1440345312105
2012-12-31 21:00:00,79.70363577032913
2012-12-31 22:00:00,56.31167347121193
2012-12-31 23:00:00,27.798501949123
