datetime,count
2011-01-20 00:00:00,16.386913963911823
2011-01-20 01:00:00,7.445619457127831
2011-01-20 02:00:00,3.8859772570525077
2011-01-20 03:00:00,2.335985118360544
2011-01-20 04:00:00,2.18107601283033
2011-01-20 05:00:00,11.115942837732891
2011-01-20 06:00:00,46.81787200997169
2011-01-20 07:00:00,134.8387745909963
2011-01-20 08:00:00,258.1972295524511
2011-01-20 09:00:00,175.63401086669947
2011-01-20 10:00:00,72.87338904384717
2011-01-20 11:00:00,95.19232336989748
2011-01-20 12:00:00,125.38633807347239
2011-01-20 13:00:00,105.70377398511792
2011-01-20 14:00:00,97.95667141693279
2011-01-20 15:00:00,100.49110068557397
2011-01-20 16:00:00,147.56829045610075
2011-01-20 17:00:00,266.93047498626134
2011-01-20 18:00:00,213.32572687636906
2011-01-20 19:00:00,155.12331909093857
2011-01-20 20:00:00,101.67287536741095
2011-01-20 21:00:00,78.16731418242624
2011-01-20 22:00:00,54.262755676693565
2011-01-20 23:00:00,34.070537997732316
2011-01-21 00:00:00,14.511418742034138
2011-01-21 01:00:00,6.210901516635494
2011-01-21 02:00:00,3.0410646300050703
2011-01-21 03:00:00,1.2835833459114787
2011-01-21 04:00:00,1.8425311536494768
2011-01-21 05:00:00,8.936469878892481
2011-01-21 06:00:00,47.205638115047456
2011-01-21 07:00:00,110.5187130429219
2011-01-21 08:00:00,228.57875778017512
2011-01-21 09:00:00,124.12605706163356
2011-01-21 10:00:00,50.01377507481368
2011-01-21 11:00:00,58.1878407733177
2011-01-21 12:00:00,69.14142507085324
2011-01-21 13:00:00,57.127209793955736
2011-01-21 14:00:00,53.6237577711081
2011-01-21 15:00:00,57.808493569617426
2011-01-21 16:00:00,84.99783208650769
2011-01-21 17:00:00,145.96939228296677
2011-01-21 18:00:00,131.55901758902485
2011-01-21 19:00:00,88.34803760435986
2011-01-21 20:00:00,61.3747636827343
2011-01-21 21:00:00,47.88700739758755
2011-01-21 22:00:00,36.8910848802535
2011-01-21 23:00:00,23.927011051225243
2011-01-22 00:00:00,25.25797071375848
2011-01-22 01:00:00,17.773675554266173
2011-01-22 02:00:00,14.675550717705994
2011-01-22 03:00:00,6.326902257485167
2011-01-22 04:00:00,1.8564631407855632
2011-01-22 06:00:00,3.3477627240572554
2011-01-22 07:00:00,10.731967719396803
2011-01-22 08:00:00,26.422375085222104
2011-01-22 09:00:00,53.112912693576085
2011-01-22 10:00:00,73.12738689431208
2011-01-22 11:00:00,91.64548578250763
2011-01-22 12:00:00,108.0978900010766
2011-01-22 13:00:00,106.10464609950921
2011-01-22 14:00:00,113.10050642435557
2011-01-22 15:00:00,103.8249510593585
2011-01-22 16:00:00,97.86989003775747
2011-01-22 17:00:00,83.18959671249046
2011-01-22 18:00:00,69.80297499772163
2011-01-22 19:00:00,60.39559998159176
2011-01-22 20:00:00,41.99383834630188
2011-01-22 21:00:00,39.48751065475803
2011-01-22 22:00:00,29.132396468603684
2011-01-22 23:00:00,22.819562213664035
2011-01-23 00:00:00,27.87160989633063
2011-01-23 01:00:00,23.261662264251044
2011-01-23 02:00:00,18.148586754892154
2011-01-23 03:00:00,8.2962022925503
2011-01-23 05:00:00,2.041653914106974
2011-01-23 06:00:00,3.4749261287575863
2011-01-23 07:00:00,11.042484828864174
2011-01-23 08:00:00,27.181122405625107
2011-01-23 09:00:00,47.88753860221061
2011-01-23 10:00:00,75.861472061918235
2011-01-23 11:00:00,103.12668145612837
2011-01-23 12:00:00,121.09356766450306
2011-01-23 13:00:00,103.92355804710306
2011-01-23 14:00:00,110.06501640557354
2011-01-23 15:00:00,107.02112927716507
2011-01-23 16:00:00,105.8665780971309
2011-01-23 17:00:00,78.4914286047619
2011-01-23 18:00:00,67.72438680655776
2011-01-23 19:00:00,51.93390514439558
2011-01-23 20:00:00,42.8291630865931
2011-01-23 21:00:00,37.035405929679996
2011-01-23 22:00:00,30.469390378581974
2011-01-23 23:00:00,23.304602507112772
2011-01-24 00:00:00,10.681004422475624
2011-01-24 01:00:00,4.410288234939538
2011-01-24 03:00:00,1.421780288209275
2011-01-24 04:00:00,1.5811110835855542
2011-01-24 05:00:00,8.133091251052056
2011-01-24 06:00:00,40.52042595213103
2011-01-24 07:00:00,108.78731533747806
2011-01-24 08:00:00,226.7279050924092
2011-01-24 09:00:00,126.50709201223219
2011-01-24 10:00:00,53.209887205807675
2011-01-24 11:00:00,54.409171127480434
2011-01-24 12:00:00,65.90980133380158
2011-01-24 13:00:00,58.74194051854201
2011-01-24 14:00:00,49.76465119338543
2011-01-24 15:00:00,62.2535504205462
2011-01-24 16:00:00,88.3667544410457
2011-01-24 17:00:00,146.63605701311397
2011-01-24 18:00:00,132.17283719790868
2011-01-24 19:00:00,96.74109608467248
2011-01-24 20:00:00,65.68331624638475
2011-01-24 21:00:00,47.393621821958895
2011-01-24 22:00:00,37.640179477000665
2011-01-24 23:00:00,26.30637927466505
2011-01-25 00:00:00,10.288309735908364
2011-01-25 01:00:00,4.625707667138232
2011-01-25 02:00:00,2.3765802838783907
2011-01-25 04:00:00,1.5568726852231332
2011-01-25 05:00:00,7.3778992807418105
2011-01-25 06:00:00,44.536966888273994
2011-01-25 07:00:00,115.81078612855977
2011-01-25 08:00:00,258.63143741465626
2011-01-25 09:00:00,139.96457169469508
2011-01-25 10:00:00,65.04140853587839
2011-01-25 11:00:00,80.41744829649441
2011-01-25 12:00:00,99.74593766078215
2011-01-25 13:00:00,91.92427747143546
2011-01-25 14:00:00,94.55973730905654
2011-01-25 15:00:00,108.96305517639955
2011-01-25 16:00:00,152.28799981577873
2011-01-25 17:00:00,258.0715779343842
2011-01-25 18:00:00,239.64801603258235
2011-01-25 19:00:00,145.638094295561
2011-01-25 20:00:00,96.02823938876065
2011-01-25 21:00:00,72.16380300534497
2011-01-25 22:00:00,47.65054387104386
2011-01-25 23:00:00,30.145105432876743
2011-01-26 00:00:00,14.053029323492908
2011-01-26 01:00:00,6.65674554780074
2011-01-26 02:00:00,2.4528209099577927
2011-01-26 05:00:00,4.301792018077453
2011-01-26 06:00:00,18.01346144173751
2011-01-26 07:00:00,55.666666475770676
2011-01-26 08:00:00,117.69593200086604
2011-01-26 09:00:00,53.78577520963864
2011-01-26 10:00:00,19.818360971239898
2011-01-26 11:00:00,15.710055919711223
2011-01-26 12:00:00,19.664412711804893
2011-01-26 13:00:00,17.64083171792036
2011-01-26 14:00:00,15.079239985802795
2011-01-26 15:00:00,15.165499237954062
2011-01-26 16:00:00,24.920145902794726
2011-01-26 17:00:00,51.58238788839697
2011-01-27 16:00:00,76.77119368398169
2011-01-27 17:00:00,200.58269736519134
2011-01-27 18:00:00,169.36177613594307
2011-01-27 19:00:00,119.1532942481685
2011-01-27 20:00:00,82.81803067559653
2011-01-27 21:00:00,61.829600197368784
2011-01-27 22:00:00,49.680881429074276
2011-01-27 23:00:00,24.569080208286294
2011-01-28 00:00:00,14.294980418555133
2011-01-28 01:00:00,5.693401910095325
2011-01-28 02:00:00,2.6628818347647982
2011-01-28 03:00:00,1.8130526311424968
2011-01-28 05:00:00,9.41422255385111
2011-01-28 06:00:00,40.713903417898294
2011-01-28 07:00:00,119.31480594512179
2011-01-28 08:00:00,230.97932815103442
2011-01-28 09:00:00,106.18842796653115
2011-01-28 10:00:00,26.85025295128605
2011-01-28 11:00:00,24.58917025283475
2011-01-28 12:00:00,29.85219935747389
2011-01-28 13:00:00,27.131878893189523
2011-01-28 14:00:00,26.515414968789987
2011-01-28 15:00:00,34.481128368497615
2011-01-28 16:00:00,82.32337513678056
2011-01-28 17:00:00,236.3243012713996
2011-01-28 18:00:00,191.04740330507204
2011-01-28 19:00:00,143.80057166954222
2011-01-28 20:00:00,99.90976062472889
2011-01-28 21:00:00,69.08808081109422
2011-01-28 22:00:00,54.67895872495198
2011-01-28 23:00:00,36.40503165412058
2011-01-29 00:00:00,26.023618296426847
2011-01-29 01:00:00,23.805964862381156
2011-01-29 02:00:00,18.993352090297407
2011-01-29 03:00:00,9.2574690340473
2011-01-29 04:00:00,2.93617348972867
2011-01-29 06:00:00,4.474479354197364
2011-01-29 07:00:00,14.337941302905769
2011-01-29 08:00:00,32.20888041694948
2011-01-29 09:00:00,65.69108007824269
2011-01-29 10:00:00,80.09059254910589
2011-01-29 11:00:00,94.21133016034301
2011-01-29 12:00:00,100.53351486892169
2011-01-29 13:00:00,100.778327915145
2011-01-29 14:00:00,105.85482457956087
2011-01-29 15:00:00,105.52603809352716
2011-01-29 16:00:00,130.41095650199514
2011-01-29 17:00:00,102.8991904925485
2011-01-29 18:00:00,80.53499800751902
2011-01-29 19:00:00,55.444754170041804
2011-01-29 20:00:00,49.69698696572196
2011-01-29 21:00:00,41.62702329777006
2011-01-29 22:00:00,31.017502793528614
2011-01-29 23:00:00,23.676771166141044
2011-01-30 00:00:00,30.57844302123586
2011-01-30 01:00:00,21.69377124153036
2011-01-30 02:00:00,18.79444104504194
2011-01-30 03:00:00,7.080535912366647
2011-01-30 04:00:00,2.193329493653653
2011-01-30 05:00:00,2.190464256414808
2011-01-30 07:00:00,11.880044144282637
2011-01-30 08:00:00,26.42107500504056
2011-01-30 09:00:00,53.73810583105606
2011-01-30 10:00:00,72.475801601241
2011-01-30 11:00:00,100.53657630426451
2011-01-30 12:00:00,197.87240155975044
2011-01-30 13:00:00,175.66840626373735
2011-01-30 14:00:00,169.1818225462303
2011-01-30 15:00:00,169.06806228481733
2011-01-30 16:00:00,166.77188532150785
2011-01-30 17:00:00,128.1356731212971
2011-01-30 18:00:00,90.24871107292988
2011-01-30 19:00:00,71.96943205639536
2011-01-30 20:00:00,51.260922362178235
2011-01-30 21:00:00,44.608557012672044
2011-01-30 22:00:00,36.220233008821324
2011-01-30 23:00:00,25.855269976793615
2011-01-31 00:00:00,13.781933151190847
2011-01-31 01:00:00,5.123496734292329
2011-01-31 02:00:00,2.8910932739182735
2011-01-31 03:00:00,1.7739086339193952
2011-01-31 04:00:00,1.470763460863671
2011-01-31 05:00:00,7.54959632387068
2011-01-31 06:00:00,38.34822801238959
2011-01-31 07:00:00,105.32715619429845
2011-01-31 08:00:00,216.8662310638424
2011-01-31 09:00:00,120.98779765062217
2011-01-31 10:00:00,49.58368761842322
2011-01-31 11:00:00,53.61648580814668
2011-01-31 12:00:00,78.09897781389303
2011-01-31 13:00:00,67.7977921217173
2011-01-31 14:00:00,55.34431251637117
2011-01-31 15:00:00,58.171743599075334
2011-01-31 16:00:00,80.18655060402988
2011-01-31 17:00:00,152.37507218301405
2011-01-31 18:00:00,151.44337985678405
2011-01-31 19:00:00,182.4323811907216
2011-01-31 20:00:00,61.60560724004498
2011-01-31 21:00:00,41.437998994878875
2011-01-31 22:00:00,42.191249684607854
2011-01-31 23:00:00,26.979487162783716
2011-02-20 00:00:00,38.992442617916836
2011-02-20 01:00:00,27.38649092951271
2011-02-20 02:00:00,21.087609679087514
2011-02-20 03:00:00,8.40899285819889
2011-02-20 04:00:00,2.5907102253396053
2011-02-20 06:00:00,4.089250976424931
2011-02-20 07:00:00,14.489521929273607
2011-02-20 08:00:00,40.94919012201834
2011-02-20 09:00:00,65.68235143339686
2011-02-20 10:00:00,128.0003480051662
2011-02-20 11:00:00,168.37085030361635
2011-02-20 12:00:00,229.3108949154226
2011-02-20 13:00:00,219.87665088667234
2011-02-20 14:00:00,216.30577633018427
2011-02-20 15:00:00,227.5108662783209
2011-02-20 16:00:00,226.1934647047668
2011-02-20 17:00:00,165.74658674473184
2011-02-20 18:00:00,154.05159359643065
2011-02-20 19:00:00,141.15571620242363
2011-02-20 20:00:00,101.87601381212998
2011-02-20 21:00:00,78.36682366193044
2011-02-20 22:00:00,63.633252260207314
2011-02-20 23:00:00,47.547024804930615
2011-02-21 00:00:00,36.147476168693714
2011-02-21 01:00:00,20.556314310095214
2011-02-21 02:00:00,13.465497774715848
2011-02-21 03:00:00,5.463812466659115
2011-02-21 04:00:00,5.066958827456867
2011-02-21 05:00:00,8.138025576386873
2011-02-21 06:00:00,15.19846628322649
2011-02-21 07:00:00,40.839149651510546
2011-02-21 08:00:00,90.11611450226938
2011-02-21 09:00:00,130.23889954676085
2011-02-21 10:00:00,134.36539953645055
2011-02-21 11:00:00,175.82677538877442
2011-02-21 12:00:00,172.13575106778396
2011-02-21 13:00:00,105.4212342842734
2011-02-21 14:00:00,121.64836626118071
2011-02-21 15:00:00,126.55411331081697
2011-02-21 16:00:00,116.76407814066762
2011-02-21 17:00:00,146.1721239418357
2011-02-21 18:00:00,116.79859064638607
2011-02-21 19:00:00,106.36680051121719
2011-02-21 20:00:00,60.26035885466233
2011-02-21 21:00:00,42.38273636858263
2011-02-21 22:00:00,36.02705092038212
2011-02-21 23:00:00,20.35989284848395
2011-02-22 06:00:00,31.13780759074103
2011-02-22 07:00:00,99.11976538489047
2011-02-22 08:00:00,216.33735794323397
2011-02-22 09:00:00,129.8134027710155
2011-02-22 10:00:00,55.001556474218496
2011-02-22 11:00:00,65.95865928411295
2011-02-22 12:00:00,87.05483711449844
2011-02-22 13:00:00,78.28577820732559
2011-02-22 14:00:00,69.05078035858594
2011-02-22 15:00:00,86.41756571035873
2011-02-22 16:00:00,108.7625908173276
2011-02-22 17:00:00,195.97489176153871
2011-02-22 18:00:00,190.77071625006187
2011-02-22 19:00:00,103.3329101735425
2011-02-22 20:00:00,76.4080384442989
2011-02-22 21:00:00,57.87093853575787
2011-02-22 22:00:00,48.52076348818402
2011-02-22 23:00:00,29.84660717498237
2011-02-23 00:00:00,11.168837982875168
2011-02-23 01:00:00,4.701289654273662
2011-02-23 02:00:00,2.5815293465138325
2011-02-23 03:00:00,1.5232827762833943
2011-02-23 05:00:00,7.926676124736093
2011-02-23 06:00:00,41.08960283358109
2011-02-23 07:00:00,121.74049649135732
2011-02-23 08:00:00,236.8271768076067
2011-02-23 09:00:00,172.64213545187442
2011-02-23 10:00:00,64.86571417387827
2011-02-23 11:00:00,88.26747375137369
2011-02-23 12:00:00,120.79480512441052
2011-02-23 13:00:00,110.75167843638826
2011-02-23 14:00:00,102.65187865143656
2011-02-23 15:00:00,126.00686413143052
2011-02-23 16:00:00,158.77133784852
2011-02-23 17:00:00,323.3152316658548
2011-02-23 18:00:00,249.88999725315435
2011-02-23 19:00:00,162.24119614918877
2011-02-23 20:00:00,102.18133016361585
2011-02-23 21:00:00,72.98005273280162
2011-02-23 22:00:00,56.43618445703884
2011-02-23 23:00:00,32.18329653323417
2011-02-24 00:00:00,14.645098398972952
2011-02-24 01:00:00,6.044479824292176
2011-02-24 02:00:00,3.1524872001653588
2011-02-24 03:00:00,1.9663991720650253
2011-02-24 05:00:00,10.286854610386637
2011-02-24 06:00:00,42.455699481592006
2011-02-24 07:00:00,125.41073784054943
2011-02-24 08:00:00,352.77360801982945
2011-02-24 09:00:00,167.36881994086815
2011-02-24 10:00:00,76.10194805798332
2011-02-24 11:00:00,84.59273630605674
2011-02-24 12:00:00,116.43953784723244
2011-02-24 13:00:00,111.52223607111596
2011-02-24 14:00:00,95.96080055165663
2011-02-24 15:00:00,80.92580353603168
2011-02-24 16:00:00,111.36949906765338
2011-02-24 17:00:00,226.12562106616798
2011-02-24 18:00:00,194.87334516967755
2011-02-24 19:00:00,93.66639671040558
2011-02-24 20:00:00,80.44301706668818
2011-02-24 21:00:00,77.1356594510281
2011-02-24 22:00:00,51.78936878142035
2011-02-24 23:00:00,39.501316227401965
2011-02-25 00:00:00,13.425197830444676
2011-02-25 01:00:00,6.000019477236425
2011-02-25 02:00:00,3.2328937173263808
2011-02-25 03:00:00,2.4037780809053486
2011-02-25 05:00:00,12.796487252310179
2011-02-25 06:00:00,50.88435811527556
2011-02-25 07:00:00,110.05909022544198
2011-02-25 08:00:00,286.3488290771834
2011-02-25 09:00:00,74.80447025164746
2011-02-25 10:00:00,36.15985762253337
2011-02-25 11:00:00,79.48602909296986
2011-02-25 12:00:00,116.18293589707027
2011-02-25 13:00:00,83.27034922994972
2011-02-25 14:00:00,73.08620776699924
2011-02-25 15:00:00,102.24687438102444
2011-02-25 16:00:00,125.61514768401916
2011-02-25 17:00:00,213.30289758504037
2011-02-25 18:00:00,208.61081080652443
2011-02-25 19:00:00,147.20766532718332
2011-02-25 20:00:00,99.42561629802356
2011-02-25 21:00:00,83.12992279290427
2011-02-25 22:00:00,57.835084476932224
2011-02-25 23:00:00,38.12954719758658
2011-02-26 00:00:00,37.27286175712984
2011-02-26 01:00:00,27.687142821237583
2011-02-26 02:00:00,17.8794991861849
2011-02-26 03:00:00,10.943811149626606
2011-02-26 04:00:00,3.1261348920555947
2011-02-26 05:00:00,3.179182471334943
2011-02-26 06:00:00,5.015954715791251
2011-02-26 07:00:00,15.08797278320969
2011-02-26 08:00:00,42.55826497455939
2011-02-26 09:00:00,91.80722937444672
2011-02-26 10:00:00,164.79842700858893
2011-02-26 11:00:00,199.8488847447817
2011-02-26 12:00:00,209.78199647317606
2011-02-26 13:00:00,222.22394312585445
2011-02-26 14:00:00,182.78182584574108
2011-02-26 15:00:00,213.61958236373093
2011-02-26 16:00:00,204.85902600183087
2011-02-26 17:00:00,173.5633085539864
2011-02-26 18:00:00,130.3049573295385
2011-02-26 19:00:00,92.21807522553135
2011-02-26 20:00:00,76.9469696926539
2011-02-26 21:00:00,56.35510987165311
2011-02-26 22:00:00,53.199928110462324
2011-02-26 23:00:00,37.29249168418206
2011-02-27 00:00:00,42.072722012381476
2011-02-27 01:00:00,36.01779333408185
2011-02-27 02:00:00,31.25494447640086
2011-02-27 03:00:00,14.286349031585695
2011-02-27 04:00:00,4.790726919945766
2011-02-27 06:00:00,6.541839683371958
2011-02-27 07:00:00,23.653686526942828
2011-02-27 08:00:00,53.487071962829134
2011-02-27 09:00:00,111.61348190661003
2011-02-27 10:00:00,153.98264396188972
2011-02-27 11:00:00,235.75758044856613
2011-02-27 12:00:00,293.99332591589075
2011-02-27 13:00:00,305.5556403679343
2011-02-27 14:00:00,295.8646623886921
2011-02-27 15:00:00,335.37838679372146
2011-02-27 16:00:00,315.5550185566194
2011-02-27 17:00:00,201.16235698260746
2011-02-27 18:00:00,160.59746787375482
2011-02-27 19:00:00,141.14923400674573
2011-02-27 20:00:00,114.69637523714668
2011-02-27 21:00:00,85.98511914542541
2011-02-27 22:00:00,73.97325365273106
2011-02-27 23:00:00,59.02085348204977
2011-02-28 00:00:00,24.182020305648603
2011-02-28 01:00:00,5.233170234927628
2011-02-28 03:00:00,1.9104817536623127
2011-02-28 05:00:00,13.228136002860406
2011-02-28 06:00:00,65.90734899745189
2011-02-28 07:00:00,206.37129944587917
2011-02-28 08:00:00,266.0184220530422
2011-02-28 09:00:00,206.0019793931455
2011-02-28 10:00:00,98.95696370341533
2011-02-28 11:00:00,102.07770028139622
2011-02-28 12:00:00,130.38274207846877
2011-02-28 13:00:00,72.76691150007925
2011-02-28 14:00:00,31.392312990541132
2011-02-28 15:00:00,33.523997883218136
2011-02-28 16:00:00,74.105587071263
2011-02-28 17:00:00,111.4774665592322
2011-02-28 18:00:00,196.04259502700296
2011-02-28 19:00:00,98.2114455712964
2011-02-28 20:00:00,68.4413063592786
2011-02-28 21:00:00,77.203722635876
2011-02-28 22:00:00,35.19026772754585
2011-02-28 23:00:00,39.144822474685036
2011-03-20 00:00:00,45.14030909341278
2011-03-20 01:00:00,39.33135546096596
2011-03-20 02:00:00,32.292576358929615
2011-03-20 03:00:00,15.378715531551324
2011-03-20 04:00:00,4.21411920881417
2011-03-20 05:00:00,3.8396921005632616
2011-03-20 06:00:00,6.97195613019084
2011-03-20 07:00:00,20.828956594130275
2011-03-20 08:00:00,60.23454427540807
2011-03-20 09:00:00,126.8761891548452
2011-03-20 10:00:00,167.41081039846392
2011-03-20 11:00:00,256.79634322661957
2011-03-20 12:00:00,334.8553303567685
2011-03-20 13:00:00,326.4805821383774
2011-03-20 14:00:00,336.1778774397509
2011-03-20 15:00:00,357.292874653749
2011-03-20 16:00:00,364.14433605080654
2011-03-20 17:00:00,243.43503376041863
2011-03-20 18:00:00,153.73203905940076
2011-03-20 19:00:00,131.32229266090772
2011-03-20 20:00:00,95.8898939263637
2011-03-20 21:00:00,66.59916789795038
2011-03-20 22:00:00,51.566030317529844
2011-03-20 23:00:00,29.089456290298358
2011-03-21 00:00:00,16.052503400381603
2011-03-21 01:00:00,8.430972514676611
2011-03-21 02:00:00,5.183412484179208
2011-03-21 03:00:00,3.122002048557863
2011-03-21 05:00:00,14.831611938653854
2011-03-21 06:00:00,66.23888560177387
2011-03-21 07:00:00,79.89091281163122
2011-03-21 08:00:00,209.44533659148172
2011-03-21 09:00:00,195.3490126620778
2011-03-21 10:00:00,114.17341932236904
2011-03-21 11:00:00,114.52122931530539
2011-03-21 12:00:00,178.98593930830097
2011-03-21 13:00:00,192.26910231701567
2011-03-21 14:00:00,180.17879883044736
2011-03-21 15:00:00,215.31356754619637
2011-03-21 16:00:00,271.53981842284327
2011-03-21 17:00:00,557.3582156079294
2011-03-21 18:00:00,568.9025118772707
2011-03-21 19:00:00,449.6224444359184
2011-03-21 20:00:00,302.1415578026265
2011-03-21 21:00:00,158.10970735438912
2011-03-21 22:00:00,141.25983902865514
2011-03-21 23:00:00,95.66618497082055
2011-03-22 00:00:00,38.83139863073571
2011-03-22 01:00:00,11.249269163744685
2011-03-22 02:00:00,7.758915823358452
2011-03-22 03:00:00,5.3916441993483994
2011-03-22 04:00:00,4.867155384078753
2011-03-22 05:00:00,20.90076319101512
2011-03-22 06:00:00,87.4010342037835
2011-03-22 07:00:00,348.1504355196828
2011-03-22 08:00:00,449.76905195568435
2011-03-22 09:00:00,201.3500437113243
2011-03-22 10:00:00,136.16893966701895
2011-03-22 11:00:00,158.18219664112905
2011-03-22 12:00:00,247.48753798520488
2011-03-22 13:00:00,248.03583954613072
2011-03-22 14:00:00,222.66003313766515
2011-03-22 15:00:00,251.50678374996323
2011-03-22 16:00:00,396.4755012749999
2011-03-22 17:00:00,766.6319982198622
2011-03-22 18:00:00,678.3495928772973
2011-03-22 19:00:00,358.64675979642385
2011-03-22 20:00:00,242.1394899173316
2011-03-22 21:00:00,158.9694390800294
2011-03-22 22:00:00,118.8952372814479
2011-03-22 23:00:00,74.88796465415646
2011-03-23 00:00:00,22.419106396259437
2011-03-23 01:00:00,7.2023312998554285
2011-03-23 02:00:00,4.557875389576852
2011-03-23 03:00:00,2.9625256729689777
2011-03-23 05:00:00,12.106408275177204
2011-03-23 06:00:00,47.87569892451857
2011-03-23 07:00:00,191.86017019317237
2011-03-23 08:00:00,395.7855419149171
2011-03-23 09:00:00,202.19130194671584
2011-03-23 10:00:00,83.19458921767031
2011-03-23 11:00:00,88.44086206590747
2011-03-23 12:00:00,103.67377428782353
2011-03-23 13:00:00,75.1629212895153
2011-03-23 14:00:00,60.18247914454102
2011-03-23 15:00:00,120.48621556986473
2011-03-23 16:00:00,191.81547047233227
2011-03-23 17:00:00,398.3373590404855
2011-03-23 18:00:00,252.12860532785734
2011-03-23 19:00:00,126.9550354497358
2011-03-23 20:00:00,48.10415259455561
2011-03-23 21:00:00,24.316855817025413
2011-03-23 22:00:00,44.83965936252436
2011-03-23 23:00:00,32.64946562303189
2011-03-24 00:00:00,13.128380471642794
2011-03-24 01:00:00,6.178863208589423
2011-03-24 02:00:00,3.019589503414752
2011-03-24 03:00:00,1.9720629230592246
2011-03-24 04:00:00,2.0832722955096714
2011-03-24 05:00:00,12.40705235159345
2011-03-24 06:00:00,57.84958228138643
2011-03-24 07:00:00,97.42560159383595
2011-03-24 08:00:00,104.76153610354044
2011-03-24 09:00:00,94.50902857790936
2011-03-24 10:00:00,52.78548365080144
2011-03-24 11:00:00,86.7102377006588
2011-03-24 12:00:00,120.13442203776822
2011-03-24 13:00:00,108.94561423935723
2011-03-24 14:00:00,99.98979729584188
2011-03-24 15:00:00,102.07151570807653
2011-03-24 16:00:00,145.99938708645124
2011-03-24 17:00:00,314.75125988289807
2011-03-24 18:00:00,313.5180250476035
2011-03-24 19:00:00,225.2865103771841
2011-03-24 20:00:00,138.69267746356053
2011-03-24 21:00:00,91.5026704261472
2011-03-24 22:00:00,71.41229366006253
2011-03-24 23:00:00,41.81118033747495
2011-03-25 00:00:00,21.80603454077719
2011-03-25 01:00:00,7.129044276990473
2011-03-25 02:00:00,3.136949432620218
2011-03-25 03:00:00,2.3097853158622255
2011-03-25 04:00:00,2.180280816713974
2011-03-25 05:00:00,10.726695324027414
2011-03-25 06:00:00,51.86758803950736
2011-03-25 07:00:00,161.00743663355652
2011-03-25 08:00:00,327.103514540909
2011-03-25 09:00:00,194.8731368738208
2011-03-25 10:00:00,92.49561371290909
2011-03-25 11:00:00,110.93463223999201
2011-03-25 12:00:00,154.55348721663046
2011-03-25 13:00:00,143.3239475974642
2011-03-25 14:00:00,131.9974231654204
2011-03-25 15:00:00,143.50408401400807
2011-03-25 16:00:00,191.3018559989587
2011-03-25 17:00:00,367.9455457240726
2011-03-25 18:00:00,343.38110346336055
2011-03-25 19:00:00,223.5771830158209
2011-03-25 20:00:00,170.1835117538449
2011-03-25 21:00:00,129.34980553838582
2011-03-25 22:00:00,94.0260718015687
2011-03-25 23:00:00,56.96524760870147
2011-03-26 00:00:00,81.42788252082826
2011-03-26 01:00:00,58.78882088591132
2011-03-26 02:00:00,41.3230649897568
2011-03-26 03:00:00,18.126427882089725
2011-03-26 04:00:00,6.0447222369090845
2011-03-26 05:00:00,5.168792292165606
2011-03-26 06:00:00,10.671112977893767
2011-03-26 07:00:00,29.650301132528327
2011-03-26 08:00:00,81.23212743697644
2011-03-26 09:00:00,158.47153429915787
2011-03-26 10:00:00,230.68296779948088
2011-03-26 11:00:00,306.92056546538896
2011-03-26 12:00:00,362.4837981935765
2011-03-26 13:00:00,334.2098139350238
2011-03-26 14:00:00,338.8488773455877
2011-03-26 15:00:00,339.8926942089785
2011-03-26 16:00:00,334.8694405001885
2011-03-26 17:00:00,281.5126489629719
2011-03-26 18:00:00,227.16380523419338
2011-03-26 19:00:00,185.24724684726962
2011-03-26 20:00:00,138.82042288434351
2011-03-26 21:00:00,111.68038112286159
2011-03-26 22:00:00,100.1934485380082
2011-03-26 23:00:00,71.96720635720412
2011-03-27 00:00:00,80.2766189959132
2011-03-27 01:00:00,57.87436791671034
2011-03-27 02:00:00,32.68587783332047
2011-03-27 03:00:00,11.514375693547262
2011-03-27 04:00:00,3.7340116457774117
2011-03-27 06:00:00,4.729176053728511
2011-03-27 07:00:00,13.360199487043703
2011-03-27 08:00:00,55.70455584914644
2011-03-27 09:00:00,127.55606458308486
2011-03-27 10:00:00,173.62550823257394
2011-03-27 11:00:00,233.77906843091867
2011-03-27 12:00:00,301.4910285001007
2011-03-27 13:00:00,308.78768838086796
2011-03-27 14:00:00,339.99919514528625
2011-03-27 15:00:00,306.9879206702991
2011-03-27 16:00:00,366.7717781707316
2011-03-27 17:00:00,283.2720827976613
2011-03-27 18:00:00,217.77814021311528
2011-03-27 19:00:00,178.7334649252493
2011-03-27 20:00:00,138.7229073961698
2011-03-27 21:00:00,106.73469782346235
2011-03-27 22:00:00,90.72239430510827
2011-03-27 23:00:00,66.23659894422299
2011-03-28 00:00:00,19.0999172431968
2011-03-28 01:00:00,8.534275939877856
2011-03-28 02:00:00,4.538573057441548
2011-03-28 03:00:00,2.7487609065621736
2011-03-28 05:00:00,12.15763739279612
2011-03-28 06:00:00,58.1923948957957
2011-03-28 07:00:00,166.1903526339854
2011-03-28 08:00:00,318.3161414728901
2011-03-28 09:00:00,175.38634164980516
2011-03-28 10:00:00,85.32822701559921
2011-03-28 11:00:00,100.11883045941377
2011-03-28 12:00:00,110.62254328580455
2011-03-28 13:00:00,119.90705764708309
2011-03-28 14:00:00,113.6503580891225
2011-03-28 15:00:00,120.85942774875414
2011-03-28 16:00:00,206.65510322914784
2011-03-28 17:00:00,395.9872175450919
2011-03-28 18:00:00,300.44109005233634
2011-03-28 19:00:00,222.15228316536658
2011-03-28 20:00:00,159.11189971134652
2011-03-28 21:00:00,121.19527732094213
2011-03-28 22:00:00,91.01825585242534
2011-03-28 23:00:00,57.23550428070533
2011-03-29 00:00:00,24.418670356549416
2011-03-29 01:00:00,8.845581146185754
2011-03-29 02:00:00,4.715753283169466
2011-03-29 03:00:00,2.886398393160368
2011-03-29 04:00:00,2.493414809831819
2011-03-29 05:00:00,14.387270925305874
2011-03-29 06:00:00,68.35727143347026
2011-03-29 07:00:00,185.68319629458114
2011-03-29 08:00:00,422.5796263484159
2011-03-29 09:00:00,221.70463725683425
2011-03-29 10:00:00,109.00732611605632
2011-03-29 11:00:00,126.26701809330586
2011-03-29 12:00:00,160.32845452626816
2011-03-29 13:00:00,142.6495298897497
2011-03-29 14:00:00,136.85992994915352
2011-03-29 15:00:00,157.69970426582267
2011-03-29 16:00:00,241.82822888703112
2011-03-29 17:00:00,535.4409312480086
2011-03-29 18:00:00,376.97699657698223
2011-03-29 19:00:00,245.8244210055272
2011-03-29 20:00:00,184.90856111624748
2011-03-29 21:00:00,137.91116138079013
2011-03-29 22:00:00,100.13304878555779
2011-03-29 23:00:00,59.91715392677141
2011-03-30 00:00:00,25.172310384976385
2011-03-30 01:00:00,11.55699926982343
2011-03-30 02:00:00,5.765261075334349
2011-03-30 03:00:00,3.2823931369514723
2011-03-30 04:00:00,3.5840468747717247
2011-03-30 05:00:00,17.959876789848135
2011-03-30 06:00:00,85.21608740785726
2011-03-30 07:00:00,265.8462072342395
2011-03-30 08:00:00,468.49402002812855
2011-03-30 09:00:00,229.31143161854607
2011-03-30 10:00:00,110.85060613358479
2011-03-30 11:00:00,118.53184151043787
2011-03-30 12:00:00,155.51273611435641
2011-03-30 13:00:00,138.74964785591575
2011-03-30 14:00:00,120.64016223503363
2011-03-30 15:00:00,64.64255900144391
2011-03-30 16:00:00,56.078162769377144
2011-03-30 17:00:00,104.04816266525773
2011-03-30 18:00:00,139.45839441405369
2011-03-30 19:00:00,143.44696384429133
2011-03-30 20:00:00,57.098522823938744
2011-03-30 21:00:00,48.770663807402826
2011-03-30 22:00:00,42.58207843061584
2011-03-30 23:00:00,16.886255532186944
2011-03-31 00:00:00,9.63382156115991
2011-03-31 01:00:00,4.648156426895095
2011-03-31 02:00:00,2.8690439493818136
2011-03-31 03:00:00,1.5897577880356228
2011-03-31 04:00:00,1.608186870990171
2011-03-31 05:00:00,6.722538299865662
2011-03-31 06:00:00,22.05433328613199
2011-03-31 07:00:00,80.16430047504468
2011-03-31 08:00:00,178.7276228626649
2011-03-31 09:00:00,101.56651492524747
2011-03-31 10:00:00,28.306942643237722
2011-03-31 11:00:00,30.785067746794166
2011-03-31 12:00:00,37.707711559772925
2011-03-31 13:00:00,43.27527126050149
2011-03-31 14:00:00,39.33483525807995
2011-03-31 15:00:00,34.023115744457506
2011-03-31 16:00:00,78.52363641158024
2011-03-31 17:00:00,249.91366705771674
2011-03-31 18:00:00,254.38839838936852
2011-03-31 19:00:00,187.57853335239895
2011-03-31 20:00:00,68.73188259892311
2011-03-31 21:00:00,56.17650925980246
2011-03-31 22:00:00,42.42615151837134
2011-03-31 23:00:00,14.752261047634663
2011-04-20 00:00:00,14.466270570828385
2011-04-20 01:00:00,8.217525619365045
2011-04-20 02:00:00,4.66977349075049
2011-04-20 03:00:00,2.7533913738990234
2011-04-20 04:00:00,2.2258481331841558
2011-04-20 05:00:00,13.72546388356921
2011-04-20 06:00:00,71.85094614718025
2011-04-20 07:00:00,225.81408777622795
2011-04-20 08:00:00,404.5419686769847
2011-04-20 09:00:00,242.40092246982547
2011-04-20 10:00:00,127.6739017000338
2011-04-20 11:00:00,143.39403925890886
2011-04-20 12:00:00,178.63207901115237
2011-04-20 13:00:00,179.10590769125733
2011-04-20 14:00:00,181.24580465102386
2011-04-20 15:00:00,204.6959118663626
2011-04-20 16:00:00,320.87860926371394
2011-04-20 17:00:00,644.0093789699513
2011-04-20 18:00:00,665.0942989730581
2011-04-20 19:00:00,503.5160352096574
2011-04-20 20:00:00,359.4553813524327
2011-04-20 21:00:00,233.63323878434088
2011-04-20 22:00:00,187.95482370475216
2011-04-20 23:00:00,106.42040083244267
2011-04-21 00:00:00,35.873239374834895
2011-04-21 01:00:00,15.04966721704355
2011-04-21 02:00:00,7.92458734642494
2011-04-21 03:00:00,3.3502506225714126
2011-04-21 04:00:00,3.1260012076696087
2011-04-21 05:00:00,15.46433742747514
2011-04-21 06:00:00,65.94482905289834
2011-04-21 07:00:00,250.67196582073208
2011-04-21 08:00:00,361.7465639996111
2011-04-21 09:00:00,215.4722025606185
2011-04-21 10:00:00,123.59330951315559
2011-04-21 11:00:00,150.9891984971671
2011-04-21 12:00:00,231.82037628505063
2011-04-21 13:00:00,222.2218678752952
2011-04-21 14:00:00,181.51025550695718
2011-04-21 15:00:00,221.94313924249823
2011-04-21 16:00:00,323.47549638959254
2011-04-21 17:00:00,679.3947528534925
2011-04-21 18:00:00,515.4566441846903
2011-04-21 19:00:00,377.6636201790122
2011-04-21 20:00:00,274.62494748901133
2011-04-21 21:00:00,168.43613480688285
2011-04-21 22:00:00,155.7779621836637
2011-04-21 23:00:00,89.56898911070878
2011-04-22 00:00:00,24.729064087915354
2011-04-22 01:00:00,10.446727298755958
2011-04-22 02:00:00,5.60170181400321
2011-04-22 03:00:00,3.431804121496774
2011-04-22 04:00:00,3.1546302723764894
2011-04-22 05:00:00,19.341097892093938
2011-04-22 06:00:00,85.49919015062582
2011-04-22 07:00:00,257.49030111426424
2011-04-22 08:00:00,444.28812392399635
2011-04-22 09:00:00,148.57730755320904
2011-04-22 10:00:00,82.2616570873278
2011-04-22 11:00:00,78.87164941725176
2011-04-22 12:00:00,60.007701940287625
2011-04-22 13:00:00,38.43701060157338
2011-04-22 14:00:00,32.53153541060847
2011-04-22 15:00:00,36.46765906246644
2011-04-22 16:00:00,61.19439462314333
2011-04-22 17:00:00,96.48443581870035
2011-04-22 18:00:00,92.81322396812287
2011-04-22 19:00:00,66.72415805599182
2011-04-22 20:00:00,53.24863521696522
2011-04-22 21:00:00,35.48282749970659
2011-04-22 22:00:00,23.58325195509987
2011-04-22 23:00:00,17.676865537079244
2011-04-23 00:00:00,22.507663543757854
2011-04-23 01:00:00,23.423082719952326
2011-04-23 02:00:00,16.62483978454775
2011-04-23 03:00:00,6.845670494081712
2011-04-23 04:00:00,2.36812554368333
2011-04-23 05:00:00,2.028069101630179
2011-04-23 06:00:00,5.362582152588143
2011-04-23 07:00:00,14.408224565529352
2011-04-23 08:00:00,32.838067063525884
2011-04-23 09:00:00,72.79198817538132
2011-04-23 10:00:00,137.6538992304878
2011-04-23 11:00:00,172.77518860129604
2011-04-23 12:00:00,243.23874600924427
2011-04-23 13:00:00,272.54138852670434
2011-04-23 14:00:00,327.82292069809984
2011-04-23 15:00:00,330.7706149550629
2011-04-23 16:00:00,318.09578246870205
2011-04-23 17:00:00,288.03168624624897
2011-04-23 18:00:00,253.13029265408898
2011-04-23 19:00:00,182.70923349177116
2011-04-23 20:00:00,116.55564014983689
2011-04-23 21:00:00,107.96813873273094
2011-04-23 22:00:00,105.04920450624887
2011-04-23 23:00:00,69.77213242011373
2011-04-24 00:00:00,72.3450540994951
2011-04-24 01:00:00,45.933955722178645
2011-04-24 02:00:00,36.389043799524984
2011-04-24 03:00:00,17.82200815466297
2011-04-24 04:00:00,5.87395957368035
2011-04-24 05:00:00,5.9614729340808985
2011-04-24 06:00:00,9.913217352836641
2011-04-24 07:00:00,22.806806158904024
2011-04-24 08:00:00,79.21822312622093
2011-04-24 09:00:00,177.40873287906876
2011-04-24 10:00:00,277.71741355440963
2011-04-24 11:00:00,342.171816119825
2011-04-24 12:00:00,386.27103698939936
2011-04-24 13:00:00,400.9018492461348
2011-04-24 14:00:00,385.41558048255246
2011-04-24 15:00:00,416.5759229342229
2011-04-24 16:00:00,372.6030465250382
2011-04-24 17:00:00,332.2172264545013
2011-04-24 18:00:00,308.7470350278224
2011-04-24 19:00:00,157.25889321753897
2011-04-24 20:00:00,75.17804775126862
2011-04-24 21:00:00,47.66517325629127
2011-04-24 22:00:00,33.83882080594759
2011-04-24 23:00:00,26.817407332743173
2011-04-25 00:00:00,9.2390725998256
2011-04-25 01:00:00,5.77595181196035
2011-04-25 02:00:00,4.408186103229183
2011-04-25 03:00:00,2.4905238480287015
2011-04-25 04:00:00,2.376378054598143
2011-04-25 05:00:00,11.61491833690112
2011-04-25 06:00:00,54.564473934836876
2011-04-25 07:00:00,182.3197022843316
2011-04-25 08:00:00,400.2673882132608
2011-04-25 09:00:00,279.6100631953381
2011-04-25 10:00:00,138.7570599446495
2011-04-25 11:00:00,153.00236455759097
2011-04-25 12:00:00,192.0044139731528
2011-04-25 13:00:00,177.91383534040355
2011-04-25 14:00:00,166.191038515107
2011-04-25 15:00:00,182.2675224494025
2011-04-25 16:00:00,261.08632862062757
2011-04-25 17:00:00,511.4103830696179
2011-04-25 18:00:00,487.4617509353524
2011-04-25 19:00:00,341.7859346575691
2011-04-25 20:00:00,246.34349105450184
2011-04-25 21:00:00,184.7341216960583
2011-04-25 22:00:00,121.97786696742149
2011-04-25 23:00:00,72.1229222678344
2011-04-26 00:00:00,27.85795798563641
2011-04-26 01:00:00,12.036273314964864
2011-04-26 02:00:00,5.847189908976985
2011-04-26 03:00:00,3.1805719654095435
2011-04-26 04:00:00,4.033440326421147
2011-04-26 05:00:00,18.288303232508483
2011-04-26 06:00:00,88.42263744528482
2011-04-26 07:00:00,293.36729182719495
2011-04-26 08:00:00,449.8333682547122
2011-04-26 09:00:00,240.83275328247828
2011-04-26 10:00:00,126.46745808686501
2011-04-26 11:00:00,138.8769347618154
2011-04-26 12:00:00,179.566342448952
2011-04-26 13:00:00,167.83443758990012
2011-04-26 14:00:00,152.91452929086853
2011-04-26 15:00:00,175.73186795776266
2011-04-26 16:00:00,259.775129005192
2011-04-26 17:00:00,493.9507560223988
2011-04-26 18:00:00,446.8839632017757
2011-04-26 19:00:00,302.9615438501162
2011-04-26 20:00:00,221.06290030940397
2011-04-26 21:00:00,158.94892896528356
2011-04-26 22:00:00,111.99173584275601
2011-04-26 23:00:00,68.32407617808487
2011-04-27 00:00:00,26.71774352318631
2011-04-27 01:00:00,12.503419694101657
2011-04-27 02:00:00,5.676461766481207
2011-04-27 03:00:00,3.250975082129182
2011-04-27 04:00:00,3.0487715729872753
2011-04-27 05:00:00,15.852792559616912
2011-04-27 06:00:00,65.91140793246585
2011-04-27 07:00:00,269.27433824121977
2011-04-27 08:00:00,315.3124208350648
2011-04-27 09:00:00,151.44510093155432
2011-04-27 10:00:00,111.07723112101215
2011-04-27 11:00:00,129.3318858869381
2011-04-27 12:00:00,167.97752101134387
2011-04-27 13:00:00,143.99651195368614
2011-04-27 14:00:00,143.9833352348785
2011-04-27 15:00:00,152.42604289671
2011-04-27 16:00:00,253.99697822254046
2011-04-27 17:00:00,301.015595884887
2011-04-27 18:00:00,180.3962236524462
2011-04-27 19:00:00,200.9965724539384
2011-04-27 20:00:00,171.01387964383727
2011-04-27 21:00:00,116.64058026229264
2011-04-27 22:00:00,79.6187941083148
2011-04-27 23:00:00,45.34811230613187
2011-04-28 00:00:00,28.646867940731635
2011-04-28 01:00:00,10.116521874685821
2011-04-28 02:00:00,5.196887279939031
2011-04-28 03:00:00,3.9877807506819165
2011-04-28 04:00:00,3.68723820036753
2011-04-28 05:00:00,18.762784045492356
2011-04-28 06:00:00,92.92389310818653
2011-04-28 07:00:00,283.77812172054354
2011-04-28 08:00:00,445.7992140968924
2011-04-28 09:00:00,121.01612073534365
2011-04-28 10:00:00,58.11906405132785
2011-04-28 11:00:00,120.64144047176303
2011-04-28 12:00:00,168.76000592891384
2011-04-28 13:00:00,117.60307591978489
2011-04-28 14:00:00,107.48045143879501
2011-04-28 15:00:00,162.95455088949586
2011-04-28 16:00:00,227.1420229784472
2011-04-28 17:00:00,556.8805231584286
2011-04-28 18:00:00,544.4313693659079
2011-04-28 19:00:00,413.89209290427794
2011-04-28 20:00:00,290.19741210263385
2011-04-28 21:00:00,201.06465410348972
2011-04-28 22:00:00,165.52195930212886
2011-04-28 23:00:00,108.92010623523662
2011-04-29 00:00:00,35.326683864829754
2011-04-29 01:00:00,15.647924319619051
2011-04-29 02:00:00,7.115277511006947
2011-04-29 03:00:00,4.495073721838772
2011-04-29 04:00:00,4.357887986847809
2011-04-29 05:00:00,28.769736163096603
2011-04-29 06:00:00,121.82527367945015
2011-04-29 07:00:00,409.7617219527605
2011-04-29 08:00:00,638.261611226188
2011-04-29 09:00:00,301.77339813811153
2011-04-29 10:00:00,163.94899905092694
2011-04-29 11:00:00,186.86063299590285
2011-04-29 12:00:00,227.95749241051277
2011-04-29 13:00:00,218.03211398426888
2011-04-29 14:00:00,184.53653380516155
2011-04-29 15:00:00,196.5188271797109
2011-04-29 16:00:00,249.9845204355646
2011-04-29 17:00:00,461.54101581371674
2011-04-29 18:00:00,396.6123488474808
2011-04-29 19:00:00,273.619872612355
2011-04-29 20:00:00,213.64962169179424
2011-04-29 21:00:00,164.2093361304598
2011-04-29 22:00:00,118.42972784347494
2011-04-29 23:00:00,73.26225036632304
2011-04-30 00:00:00,56.9949151639104
2011-04-30 01:00:00,51.99427106157429
2011-04-30 02:00:00,36.3955113746226
2011-04-30 03:00:00,18.516683823183488
2011-04-30 04:00:00,6.165760939363804
2011-04-30 05:00:00,5.7227547560678325
2011-04-30 06:00:00,13.5446643102821
2011-04-30 07:00:00,33.38420006409744
2011-04-30 08:00:00,82.78990401328416
2011-04-30 09:00:00,142.29193030845994
2011-04-30 10:00:00,264.9122889526072
2011-04-30 11:00:00,326.1141493405271
2011-04-30 12:00:00,452.31078840753315
2011-04-30 13:00:00,473.33843518513714
2011-04-30 14:00:00,485.22637744671914
2011-04-30 15:00:00,523.9749215533444
2011-04-30 16:00:00,508.82360437398154
2011-04-30 17:00:00,456.2413554451727
2011-04-30 18:00:00,366.80792194826057
2011-04-30 19:00:00,306.9759085177087
2011-04-30 20:00:00,137.02914284244625
2011-04-30 21:00:00,118.67871028451964
2011-04-30 22:00:00,93.41449421576566
2011-04-30 23:00:00,72.67305225134827
2011-05-20 00:00:00,37.28520241425513
2011-05-20 01:00:00,13.227978350673261
2011-05-20 02:00:00,6.544849357255946
2011-05-20 03:00:00,3.820277523707581
2011-05-20 04:00:00,4.487483889353813
2011-05-20 05:00:00,23.55748737316822
2011-05-20 06:00:00,133.5278995224793
2011-05-20 07:00:00,402.44948707478966
2011-05-20 08:00:00,590.6120642127411
2011-05-20 09:00:00,284.9626511386737
2011-05-20 10:00:00,174.6968145499594
2011-05-20 11:00:00,196.6568412914275
2011-05-20 12:00:00,235.55807600553274
2011-05-20 13:00:00,169.54838416337435
2011-05-20 14:00:00,186.16656062296465
2011-05-20 15:00:00,222.97237100571854
2011-05-20 16:00:00,355.6664477735388
2011-05-20 17:00:00,662.7458414111604
2011-05-20 18:00:00,630.5807176042945
2011-05-20 19:00:00,411.8719361880697
2011-05-20 20:00:00,300.3629354224275
2011-05-20 21:00:00,219.60438136571372
2011-05-20 22:00:00,172.76230824475462
2011-05-20 23:00:00,108.04079219888013
2011-05-21 00:00:00,144.14594110962344
2011-05-21 01:00:00,112.59710259061164
2011-05-21 02:00:00,87.06934971877448
2011-05-21 03:00:00,32.300729169592856
2011-05-21 04:00:00,9.80756311745625
2011-05-21 05:00:00,9.668477037261269
2011-05-21 06:00:00,19.888162021749185
2011-05-21 07:00:00,62.13567460478442
2011-05-21 08:00:00,123.19404994039334
2011-05-21 09:00:00,214.06241114171218
2011-05-21 10:00:00,360.185103993055
2011-05-21 11:00:00,452.28770354677795
2011-05-21 12:00:00,518.3184593549679
2011-05-21 13:00:00,538.476756653915
2011-05-21 14:00:00,539.3294117201823
2011-05-21 15:00:00,524.9276896547876
2011-05-21 16:00:00,549.630893063725
2011-05-21 17:00:00,512.3446189864059
2011-05-21 18:00:00,439.98520469416417
2011-05-21 19:00:00,372.4286494298823
2011-05-21 20:00:00,262.4764883751945
2011-05-21 21:00:00,223.8901494040045
2011-05-21 22:00:00,174.10134230709903
2011-05-21 23:00:00,115.02848437626123
2011-05-22 00:00:00,133.607238839769
2011-05-22 01:00:00,95.16962246713958
2011-05-22 02:00:00,72.15027278665029
2011-05-22 03:00:00,23.742047227101622
2011-05-22 04:00:00,7.187458376931869
2011-05-22 05:00:00,7.610390466146574
2011-05-22 06:00:00,21.845055952009343
2011-05-22 07:00:00,60.54666662243622
2011-05-22 08:00:00,133.13338878297088
2011-05-22 09:00:00,223.60911036942562
2011-05-22 10:00:00,347.51399888059797
2011-05-22 11:00:00,464.0850810334821
2011-05-22 12:00:00,501.0165506505196
2011-05-22 13:00:00,544.8745120544095
2011-05-22 14:00:00,367.9000938137928
2011-05-22 15:00:00,437.74469489508044
2011-05-22 16:00:00,529.6487247957283
2011-05-22 17:00:00,455.71863174371225
2011-05-22 18:00:00,429.57247007528315
2011-05-22 19:00:00,354.23573447187414
2011-05-22 20:00:00,256.15849991253486
2011-05-22 21:00:00,205.86278430372275
2011-05-22 22:00:00,142.9267157780422
2011-05-22 23:00:00,106.46465498897216
2011-05-23 00:00:00,34.974123685651456
2011-05-23 01:00:00,16.879514595763762
2011-05-23 02:00:00,8.912290986567788
2011-05-23 03:00:00,3.2395297736125195
2011-05-23 04:00:00,4.10494119280142
2011-05-23 05:00:00,22.47662893506312
2011-05-23 06:00:00,82.60907510843577
2011-05-23 07:00:00,294.65612337937495
2011-05-23 08:00:00,536.9530237203718
2011-05-23 09:00:00,309.0197325180711
2011-05-23 10:00:00,170.0563419388712
2011-05-23 11:00:00,181.35932150732228
2011-05-23 12:00:00,229.29340477773297
2011-05-23 13:00:00,226.9329859767466
2011-05-23 14:00:00,198.24270287637805
2011-05-23 15:00:00,214.64115240869845
2011-05-23 16:00:00,340.2099756843259
2011-05-23 17:00:00,478.33177753310395
2011-05-23 18:00:00,522.5989865947944
2011-05-23 19:00:00,436.73809920218383
2011-05-23 20:00:00,267.7289077927605
2011-05-23 21:00:00,204.75380375351702
2011-05-23 22:00:00,137.09535286430082
2011-05-23 23:00:00,95.59958782478863
2011-05-24 00:00:00,32.51810154708696
2011-05-24 01:00:00,14.854397704968898
2011-05-24 02:00:00,7.530388210061931
2011-05-24 03:00:00,4.4377436240867265
2011-05-24 04:00:00,5.743518305905665
2011-05-24 05:00:00,25.957103535571733
2011-05-24 06:00:00,105.42433828788504
2011-05-24 07:00:00,273.3875602486715
2011-05-24 08:00:00,295.4976558721236
2011-05-24 09:00:00,248.53666511555093
2011-05-24 10:00:00,174.39392474213878
2011-05-24 11:00:00,202.35048952099388
2011-05-24 12:00:00,238.1984798103641
2011-05-24 13:00:00,248.32896340283975
2011-05-24 14:00:00,206.27749262064506
2011-05-24 15:00:00,187.51584845023962
2011-05-24 16:00:00,280.7115187320525
2011-05-24 17:00:00,684.0229617049021
2011-05-24 18:00:00,649.4983100015936
2011-05-24 19:00:00,450.13807099450014
2011-05-24 20:00:00,327.82355333824944
2011-05-24 21:00:00,225.20470667844663
2011-05-24 22:00:00,126.35996090551967
2011-05-24 23:00:00,82.73403506344408
2011-05-25 00:00:00,27.708873153141823
2011-05-25 01:00:00,12.61790532451782
2011-05-25 02:00:00,6.835065106838675
2011-05-25 03:00:00,3.961096634242436
2011-05-25 04:00:00,4.36782866119567
2011-05-25 05:00:00,30.22865203275633
2011-05-25 06:00:00,117.45434977550653
2011-05-25 07:00:00,378.01109731574377
2011-05-25 08:00:00,560.3886515957296
2011-05-25 09:00:00,284.74496001960273
2011-05-25 10:00:00,181.43701324034149
2011-05-25 11:00:00,199.10726338124283
2011-05-25 12:00:00,246.85267734721438
2011-05-25 13:00:00,246.36809526911966
2011-05-25 14:00:00,219.97732574747994
2011-05-25 15:00:00,240.0843375299149
2011-05-25 16:00:00,329.2265643044246
2011-05-25 17:00:00,694.5463613558944
2011-05-25 18:00:00,675.3145274629524
2011-05-25 19:00:00,492.726835391969
2011-05-25 20:00:00,360.5081210829515
2011-05-25 21:00:00,251.87983174421282
2011-05-25 22:00:00,193.2543902889775
2011-05-25 23:00:00,119.78638579274562
2011-05-26 00:00:00,49.52166999194519
2011-05-26 01:00:00,20.366839503970656
2011-05-26 02:00:00,9.660071147758662
2011-05-26 03:00:00,5.83880948519257
2011-05-26 04:00:00,5.477316002589855
2011-05-26 05:00:00,29.810978292116598
2011-05-26 06:00:00,89.64112444355683
2011-05-26 07:00:00,300.908816143525
2011-05-26 08:00:00,605.6341792602441
2011-05-26 09:00:00,292.84317740515803
2011-05-26 10:00:00,166.33421069160738
2011-05-26 11:00:00,188.08715553804507
2011-05-26 12:00:00,227.1647429749037
2011-05-26 13:00:00,228.02371969087264
2011-05-26 14:00:00,208.25111091138288
2011-05-26 15:00:00,222.73056825601788
2011-05-26 16:00:00,338.2488008496767
2011-05-26 17:00:00,672.9486336853611
2011-05-26 18:00:00,643.3424373604352
2011-05-26 19:00:00,470.53039008898105
2011-05-26 20:00:00,347.5241172474467
2011-05-26 21:00:00,266.9894036005847
2011-05-26 22:00:00,203.52254764994368
2011-05-26 23:00:00,130.371845424086
2011-05-27 00:00:00,47.208547377977744
2011-05-27 01:00:00,19.638565981696125
2011-05-27 02:00:00,10.687307316794417
2011-05-27 03:00:00,5.838662726794627
2011-05-27 04:00:00,5.59429890643778
2011-05-27 05:00:00,28.32980145142125
2011-05-27 06:00:00,137.43869059808165
2011-05-27 07:00:00,379.7886467003732
2011-05-27 08:00:00,553.9688316459358
2011-05-27 09:00:00,261.982648509107
2011-05-27 10:00:00,171.2867768897829
2011-05-27 11:00:00,181.14185002208623
2011-05-27 12:00:00,235.15034972189483
2011-05-27 13:00:00,252.11848290242256
2011-05-27 14:00:00,218.57394622376225
2011-05-27 15:00:00,225.13401864225798
2011-05-27 16:00:00,335.21508241004136
2011-05-27 17:00:00,680.9565810064838
2011-05-27 18:00:00,624.7753576747315
2011-05-27 19:00:00,291.4786804935412
2011-05-27 20:00:00,269.1389312074285
2011-05-27 21:00:00,193.07215450891312
2011-05-27 22:00:00,174.38720253892438
2011-05-27 23:00:00,94.41516904341788
2011-05-28 00:00:00,129.26742598596493
2011-05-28 01:00:00,103.43909632906076
2011-05-28 02:00:00,68.80892758588477
2011-05-28 03:00:00,35.86436336085428
2011-05-28 04:00:00,11.08076709220105
2011-05-28 05:00:00,11.462764321497852
2011-05-28 06:00:00,23.055844822771544
2011-05-28 07:00:00,56.71434952760469
2011-05-28 08:00:00,133.96297027409295
2011-05-28 09:00:00,223.16223773930284
2011-05-28 10:00:00,353.9047866181787
2011-05-28 11:00:00,421.70257643231065
2011-05-28 12:00:00,492.9388747719677
2011-05-28 13:00:00,509.1983425898382
2011-05-28 14:00:00,508.84076440969284
2011-05-28 15:00:00,497.98795644548005
2011-05-28 16:00:00,465.4887843713941
2011-05-28 17:00:00,435.38793697363394
2011-05-28 18:00:00,413.1468406644328
2011-05-28 19:00:00,343.42975598703663
2011-05-28 20:00:00,263.34488336357214
2011-05-28 21:00:00,195.69780558574143
2011-05-28 22:00:00,172.8808397184175
2011-05-28 23:00:00,117.83500902906698
2011-05-29 00:00:00,121.98673074139474
2011-05-29 01:00:00,109.57076364134758
2011-05-29 02:00:00,83.39881322831806
2011-05-29 03:00:00,37.83620769050597
2011-05-29 04:00:00,11.890811773279305
2011-05-29 05:00:00,10.574558789140154
2011-05-29 06:00:00,23.41469998675887
2011-05-29 07:00:00,48.02169431813379
2011-05-29 08:00:00,127.21351657552908
2011-05-29 09:00:00,165.7788185447262
2011-05-29 10:00:00,331.56481173490374
2011-05-29 11:00:00,353.5465677639422
2011-05-29 12:00:00,499.481103019279
2011-05-29 13:00:00,478.5760205313169
2011-05-29 14:00:00,451.4081654227599
2011-05-29 15:00:00,456.63257001884233
2011-05-29 16:00:00,455.94563027031165
2011-05-29 17:00:00,417.54556234405203
2011-05-29 18:00:00,360.72813213424024
2011-05-29 19:00:00,321.5478814905232
2011-05-29 20:00:00,224.2989362032033
2011-05-29 21:00:00,195.91633704964497
2011-05-29 22:00:00,159.64612183354535
2011-05-29 23:00:00,123.0290680012675
2011-05-30 00:00:00,88.0198541878876
2011-05-30 01:00:00,52.05566857668364
2011-05-30 02:00:00,31.623305382227823
2011-05-30 03:00:00,12.799034474118088
2011-05-30 04:00:00,10.979879840698786
2011-05-30 05:00:00,14.461673868256813
2011-05-30 06:00:00,34.26088069005655
2011-05-30 07:00:00,86.91431134347873
2011-05-30 08:00:00,231.41997331814576
2011-05-30 09:00:00,293.78391738969344
2011-05-30 10:00:00,306.71284769581496
2011-05-30 11:00:00,349.0851936066308
2011-05-30 12:00:00,398.93955805314
2011-05-30 13:00:00,429.2812445321458
2011-05-30 14:00:00,396.2670620820468
2011-05-30 15:00:00,397.3009142373307
2011-05-30 16:00:00,432.7316579622637
2011-05-30 17:00:00,517.3104995423043
2011-05-30 18:00:00,513.9347342068623
2011-05-30 19:00:00,394.3665750630406
2011-05-30 20:00:00,329.4294238174815
2011-05-30 21:00:00,273.9267602653714
2011-05-30 22:00:00,213.88666166788286
2011-05-30 23:00:00,110.60498265833566
2011-05-31 00:00:00,46.88547797657035
2011-05-31 01:00:00,19.084155834276313
2011-05-31 02:00:00,8.527306981022914
2011-05-31 03:00:00,4.52454105178669
2011-05-31 04:00:00,6.650062478449417
2011-05-31 05:00:00,31.50317480620313
2011-05-31 06:00:00,144.86868614863792
2011-05-31 07:00:00,376.28009943904374
2011-05-31 08:00:00,585.6661991335654
2011-05-31 09:00:00,288.0442514712077
2011-05-31 10:00:00,170.5867365744392
2011-05-31 11:00:00,175.6533444284048
2011-05-31 12:00:00,227.499186253407
2011-05-31 13:00:00,230.72297254125647
2011-05-31 14:00:00,206.10373380799726
2011-05-31 15:00:00,233.74633674059098
2011-05-31 16:00:00,332.7178254141071
2011-05-31 17:00:00,650.9380593379403
2011-05-31 18:00:00,639.6877647763873
2011-05-31 19:00:00,476.67814501887614
2011-05-31 20:00:00,348.0412983950034
2011-05-31 21:00:00,261.86779392285285
2011-05-31 22:00:00,204.35255090799976
2011-05-31 23:00:00,112.63298068250236
2011-06-20 00:00:00,42.7148651850135
2011-06-20 01:00:00,16.360471046320804
2011-06-20 02:00:00,8.241557207996436
2011-06-20 03:00:00,4.328174662080362
2011-06-20 04:00:00,4.197960507543944
2011-06-20 05:00:00,18.241412502470116
2011-06-20 06:00:00,77.94646908950257
2011-06-20 07:00:00,159.75809182829985
2011-06-20 08:00:00,264.1057428514203
2011-06-20 09:00:00,182.99850369002152
2011-06-20 10:00:00,163.6034397149292
2011-06-20 11:00:00,178.04000024511413
2011-06-20 12:00:00,234.2758320384899
2011-06-20 13:00:00,240.57112071023758
2011-06-20 14:00:00,224.30014182980202
2011-06-20 15:00:00,239.57714287984055
2011-06-20 16:00:00,353.8594151124791
2011-06-20 17:00:00,656.0206642297334
2011-06-20 18:00:00,651.6516953387265
2011-06-20 19:00:00,469.20210418470714
2011-06-20 20:00:00,334.5718042881276
2011-06-20 21:00:00,248.73171227003914
2011-06-20 22:00:00,184.76741271085334
2011-06-20 23:00:00,107.43455054359389
2011-06-21 00:00:00,49.05038365745089
2011-06-21 01:00:00,20.267129066823646
2011-06-21 02:00:00,7.9237451971809145
2011-06-21 03:00:00,4.166978408138502
2011-06-21 04:00:00,5.939063619904103
2011-06-21 05:00:00,30.607797306823056
2011-06-21 06:00:00,127.64621316350572
2011-06-21 07:00:00,313.84925645725224
2011-06-21 08:00:00,577.4859224837151
2011-06-21 09:00:00,277.3977005968322
2011-06-21 10:00:00,174.2099979776121
2011-06-21 11:00:00,185.877303937596
2011-06-21 12:00:00,251.55903653239386
2011-06-21 13:00:00,215.8791421064593
2011-06-21 14:00:00,216.18249025654293
2011-06-21 15:00:00,225.1521415850052
2011-06-21 16:00:00,323.6332143925193
2011-06-21 17:00:00,595.208074800289
2011-06-21 18:00:00,614.27920218159
2011-06-21 19:00:00,432.138420080126
2011-06-21 20:00:00,250.62791913387454
2011-06-21 21:00:00,192.7879689955157
2011-06-21 22:00:00,176.32651148292194
2011-06-21 23:00:00,123.28393031281198
2011-06-22 00:00:00,50.46920898983383
2011-06-22 01:00:00,21.1100049492003
2011-06-22 02:00:00,10.265452763953075
2011-06-22 03:00:00,6.239259913495571
2011-06-22 04:00:00,6.757778569661913
2011-06-22 05:00:00,29.54374205164953
2011-06-22 06:00:00,143.3551509089704
2011-06-22 07:00:00,387.23044364688883
2011-06-22 08:00:00,564.817745677058
2011-06-22 09:00:00,281.3543356460212
2011-06-22 10:00:00,156.85581966181576
2011-06-22 11:00:00,176.21555773796197
2011-06-22 12:00:00,222.9573179214991
2011-06-22 13:00:00,221.54316750188528
2011-06-22 14:00:00,191.09330148944355
2011-06-22 15:00:00,204.88053017323966
2011-06-22 16:00:00,300.93843239870716
2011-06-22 17:00:00,633.8356049025855
2011-06-22 18:00:00,623.2138129611826
2011-06-22 19:00:00,462.68062349939515
2011-06-22 20:00:00,313.33114762293116
2011-06-22 21:00:00,213.75694977045268
2011-06-22 22:00:00,167.68937099729285
2011-06-22 23:00:00,107.06805408130771
2011-06-23 00:00:00,44.250343099646116
2011-06-23 01:00:00,19.193101211973282
2011-06-23 02:00:00,9.5990528484377
2011-06-23 03:00:00,5.780587697577842
2011-06-23 04:00:00,8.011166416142903
2011-06-23 05:00:00,34.091774519569704
2011-06-23 06:00:00,143.52460371259622
2011-06-23 07:00:00,377.0804014496861
2011-06-23 08:00:00,555.7409784084882
2011-06-23 09:00:00,275.77309594051906
2011-06-23 10:00:00,162.6594982755627
2011-06-23 11:00:00,138.31628331629037
2011-06-23 12:00:00,167.39589488362805
2011-06-23 13:00:00,225.486182529384
2011-06-23 14:00:00,188.20781786344736
2011-06-23 15:00:00,226.07222659267626
2011-06-23 16:00:00,341.4744351132417
2011-06-23 17:00:00,606.285569360128
2011-06-23 18:00:00,561.7227620558594
2011-06-23 19:00:00,422.6984714293825
2011-06-23 20:00:00,325.06015310595444
2011-06-23 21:00:00,253.8713242359997
2011-06-23 22:00:00,194.91138911444673
2011-06-23 23:00:00,119.38734813084538
2011-06-24 00:00:00,46.67529572954409
2011-06-24 01:00:00,16.52832067171673
2011-06-24 02:00:00,8.420214743757674
2011-06-24 03:00:00,5.811336777226826
2011-06-24 04:00:00,6.9319754404121126
2011-06-24 05:00:00,30.907922346477047
2011-06-24 06:00:00,149.77505580454297
2011-06-24 07:00:00,408.9152962548278
2011-06-24 08:00:00,611.4258367422756
2011-06-24 09:00:00,268.3810849829968
2011-06-24 10:00:00,161.97496971129831
2011-06-24 11:00:00,188.63626876154356
2011-06-24 12:00:00,234.13030972973655
2011-06-24 13:00:00,250.10647292826476
2011-06-24 14:00:00,210.5709507836702
2011-06-24 15:00:00,227.04497852330778
2011-06-24 16:00:00,339.63753600607293
2011-06-24 17:00:00,753.9404811967646
2011-06-24 18:00:00,710.2782165467199
2011-06-24 19:00:00,549.9900032118178
2011-06-24 20:00:00,375.9901412804728
2011-06-24 21:00:00,287.8337452482642
2011-06-24 22:00:00,212.88057188750236
2011-06-24 23:00:00,144.80211411248985
2011-06-25 00:00:00,148.8043214561633
2011-06-25 01:00:00,118.57804712075212
2011-06-25 02:00:00,90.22945331005198
2011-06-25 03:00:00,40.88543688478427
2011-06-25 04:00:00,12.71188149155376
2011-06-25 05:00:00,12.948274604794687
2011-06-25 06:00:00,26.473645548223406
2011-06-25 07:00:00,54.34040821556722
2011-06-25 08:00:00,141.16837358845336
2011-06-25 09:00:00,241.9164353130747
2011-06-25 10:00:00,394.2988672514414
2011-06-25 11:00:00,469.43434024008036
2011-06-25 12:00:00,532.0397009391437
2011-06-25 13:00:00,562.4668852287318
2011-06-25 14:00:00,492.9049571351684
2011-06-25 15:00:00,519.8009670304735
2011-06-25 16:00:00,480.0076129056559
2011-06-25 17:00:00,506.350146922147
2011-06-25 18:00:00,451.3181134490465
2011-06-25 19:00:00,341.07037284829585
2011-06-25 20:00:00,294.1617495994398
2011-06-25 21:00:00,255.38574850800453
2011-06-25 22:00:00,211.66035319934466
2011-06-25 23:00:00,148.65222505157632
2011-06-26 00:00:00,142.7402210038413
2011-06-26 01:00:00,120.76226888976983
2011-06-26 02:00:00,87.64339266645678
2011-06-26 03:00:00,37.11844028056546
2011-06-26 04:00:00,11.858701755904782
2011-06-26 05:00:00,11.562074369569915
2011-06-26 06:00:00,24.049313032662994
2011-06-26 07:00:00,57.02117762356724
2011-06-26 08:00:00,144.8038843301618
2011-06-26 09:00:00,258.5013652876017
2011-06-26 10:00:00,379.8534647904311
2011-06-26 11:00:00,479.4555022695408
2011-06-26 12:00:00,591.4388671719519
2011-06-26 13:00:00,589.9929072307942
2011-06-26 14:00:00,587.1751819592274
2011-06-26 15:00:00,566.9621076759629
2011-06-26 16:00:00,550.5012578065916
2011-06-26 17:00:00,515.8971619144808
2011-06-26 18:00:00,458.07499848983366
2011-06-26 19:00:00,374.46079602015516
2011-06-26 20:00:00,301.0639575681109
2011-06-26 21:00:00,253.70114587008925
2011-06-26 22:00:00,196.887384614063
2011-06-26 23:00:00,161.26422565806658
2011-06-27 00:00:00,43.7090258683657
2011-06-27 01:00:00,17.21337696232611
2011-06-27 02:00:00,9.293042530955358
2011-06-27 03:00:00,4.519919741641002
2011-06-27 04:00:00,6.3430754080914
2011-06-27 05:00:00,35.734082458588645
2011-06-27 06:00:00,159.55810245657904
2011-06-27 07:00:00,430.26581033652707
2011-06-27 08:00:00,655.7663369114949
2011-06-27 09:00:00,300.38588039750556
2011-06-27 10:00:00,186.82558299354955
2011-06-27 11:00:00,207.79016336872255
2011-06-27 12:00:00,257.7581101368946
2011-06-27 13:00:00,254.71255399098305
2011-06-27 14:00:00,230.48662801682102
2011-06-27 15:00:00,228.26855560107094
2011-06-27 16:00:00,352.68883594924137
2011-06-27 17:00:00,663.2059102054726
2011-06-27 18:00:00,673.1382400880275
2011-06-27 19:00:00,473.78503035152534
2011-06-27 20:00:00,345.6231645083448
2011-06-27 21:00:00,260.36491737630985
2011-06-27 22:00:00,201.90795538610425
2011-06-27 23:00:00,130.40395653985377
2011-06-28 00:00:00,50.75226696029875
2011-06-28 01:00:00,20.70924326239139
2011-06-28 02:00:00,10.291435748751777
2011-06-28 03:00:00,6.155181958853859
2011-06-28 04:00:00,8.449475249435244
2011-06-28 05:00:00,35.13291832974694
2011-06-28 06:00:00,148.11863633439148
2011-06-28 07:00:00,403.3706695090749
2011-06-28 08:00:00,601.3076244353439
2011-06-28 09:00:00,251.88375573120706
2011-06-28 10:00:00,164.45962011969544
2011-06-28 11:00:00,172.59641963071368
2011-06-28 12:00:00,223.59867151851535
2011-06-28 13:00:00,220.4133381972816
2011-06-28 14:00:00,199.34871768044553
2011-06-28 15:00:00,206.3327363149558
2011-06-28 16:00:00,288.4864573536127
2011-06-28 17:00:00,513.8602652975562
2011-06-28 18:00:00,394.8148271160106
2011-06-28 19:00:00,381.11133342792573
2011-06-28 20:00:00,316.6288083283795
2011-06-28 21:00:00,229.36144667215183
2011-06-28 22:00:00,196.07380684534985
2011-06-28 23:00:00,124.45756736060025
2011-06-29 00:00:00,44.7695258611297
2011-06-29 01:00:00,18.316204892873493
2011-06-29 02:00:00,9.800247099155811
2011-06-29 03:00:00,5.790061899648729
2011-06-29 04:00:00,8.113141778965176
2011-06-29 05:00:00,32.9594454611339
2011-06-29 06:00:00,144.87513332666634
2011-06-29 07:00:00,411.45496902486326
2011-06-29 08:00:00,593.656738273236
2011-06-29 09:00:00,303.72746686381583
2011-06-29 10:00:00,183.5630542809069
2011-06-29 11:00:00,213.82001405721795
2011-06-29 12:00:00,268.49275960017
2011-06-29 13:00:00,224.99456581624437
2011-06-29 14:00:00,216.08149027732992
2011-06-29 15:00:00,233.2344054209492
2011-06-29 16:00:00,327.6147526114643
2011-06-29 17:00:00,626.8711741371766
2011-06-29 18:00:00,622.5653758398938
2011-06-29 19:00:00,520.9374855677733
2011-06-29 20:00:00,364.44143551977254
2011-06-29 21:00:00,317.1158076490677
2011-06-29 22:00:00,235.54326059809753
2011-06-29 23:00:00,145.60868736983215
2011-06-30 00:00:00,52.679805172943034
2011-06-30 01:00:00,21.654264909918375
2011-06-30 02:00:00,10.647973621722022
2011-06-30 03:00:00,6.118387967192654
2011-06-30 04:00:00,7.61207042105355
2011-06-30 05:00:00,36.11568326914155
2011-06-30 06:00:00,146.7445591054988
2011-06-30 07:00:00,410.79033588571053
2011-06-30 08:00:00,623.4272900187191
2011-06-30 09:00:00,336.8593767784094
2011-06-30 10:00:00,201.63024708020086
2011-06-30 11:00:00,229.3364577807019
2011-06-30 12:00:00,281.6566492607404
2011-06-30 13:00:00,260.4540612027362
2011-06-30 14:00:00,210.72649719539245
2011-06-30 15:00:00,243.20115570765307
2011-06-30 16:00:00,357.3006591227473
2011-06-30 17:00:00,632.0388138056079
2011-06-30 18:00:00,721.6253698329078
2011-06-30 19:00:00,557.5545457397633
2011-06-30 20:00:00,386.2051233689788
2011-06-30 21:00:00,304.4336774852571
2011-06-30 22:00:00,233.96331607870687
2011-06-30 23:00:00,140.96523223055448
2011-07-20 00:00:00,44.678392694316095
2011-07-20 01:00:00,18.171527765343882
2011-07-20 02:00:00,9.301653367702347
2011-07-20 03:00:00,5.65164400383678
2011-07-20 04:00:00,6.362696816868722
2011-07-20 05:00:00,31.604131190915815
2011-07-20 06:00:00,126.82298109514194
2011-07-20 07:00:00,385.4784470171725
2011-07-20 08:00:00,552.5407801257273
2011-07-20 09:00:00,257.25048065428876
2011-07-20 10:00:00,150.01294150780495
2011-07-20 11:00:00,180.80530398313985
2011-07-20 12:00:00,213.85766644909197
2011-07-20 13:00:00,212.61395886689127
2011-07-20 14:00:00,184.52696184791694
2011-07-20 15:00:00,204.23096783434147
2011-07-20 16:00:00,304.66477852043454
2011-07-20 17:00:00,600.670157626689
2011-07-20 18:00:00,585.276310904359
2011-07-20 19:00:00,384.70631521792404
2011-07-20 20:00:00,298.0781042691581
2011-07-20 21:00:00,243.7522090738442
2011-07-20 22:00:00,197.52254874721166
2011-07-20 23:00:00,122.23559258039748
2011-07-21 00:00:00,50.93379509262583
2011-07-21 01:00:00,20.16923127046693
2011-07-21 02:00:00,10.118219529164397
2011-07-21 03:00:00,6.16444404056783
2011-07-21 04:00:00,7.985244885896589
2011-07-21 05:00:00,33.57711372579275
2011-07-21 06:00:00,138.18253636508504
2011-07-21 07:00:00,398.5143945071082
2011-07-21 08:00:00,602.6786681616182
2011-07-21 09:00:00,268.7288839104261
2011-07-21 10:00:00,147.506154145499
2011-07-21 11:00:00,150.92396415476972
2011-07-21 12:00:00,183.73740011224857
2011-07-21 13:00:00,174.7142457160106
2011-07-21 14:00:00,161.492132108174
2011-07-21 15:00:00,187.6179781210927
2011-07-21 16:00:00,264.6593437538524
2011-07-21 17:00:00,525.6021960886279
2011-07-21 18:00:00,513.4861587740651
2011-07-21 19:00:00,349.8157029993383
2011-07-21 20:00:00,280.5962794842635
2011-07-21 21:00:00,207.12299851994803
2011-07-21 22:00:00,171.3659508155068
2011-07-21 23:00:00,121.36059240675866
2011-07-22 00:00:00,44.52896075652624
2011-07-22 01:00:00,19.05474449893159
2011-07-22 02:00:00,9.58702381032843
2011-07-22 03:00:00,6.080750226093626
2011-07-22 04:00:00,6.999526178465514
2011-07-22 05:00:00,31.432878897138764
2011-07-22 06:00:00,146.2659285649799
2011-07-22 07:00:00,340.8035840110929
2011-07-22 08:00:00,499.2096428937431
2011-07-22 09:00:00,228.69333160960332
2011-07-22 10:00:00,137.52981415018175
2011-07-22 11:00:00,154.1457391513581
2011-07-22 12:00:00,188.31826089501303
2011-07-22 13:00:00,181.22980773311306
2011-07-22 14:00:00,155.90358655167765
2011-07-22 15:00:00,170.20697260766178
2011-07-22 16:00:00,269.64068229264853
2011-07-22 17:00:00,515.4260956262058
2011-07-22 18:00:00,649.6683991503769
2011-07-22 19:00:00,493.80478946590455
2011-07-22 20:00:00,312.85993142866266
2011-07-22 21:00:00,252.06334825341153
2011-07-22 22:00:00,209.3027092620457
2011-07-22 23:00:00,127.97251116358804
2011-07-23 00:00:00,131.05171254972916
2011-07-23 01:00:00,112.55193169554845
2011-07-23 02:00:00,82.41352801057089
2011-07-23 03:00:00,36.38832121545191
2011-07-23 04:00:00,11.255659506951913
2011-07-23 05:00:00,11.406000615990026
2011-07-23 06:00:00,23.907033843614787
2011-07-23 07:00:00,52.299699469468806
2011-07-23 08:00:00,120.87180683034218
2011-07-23 09:00:00,204.40852591559366
2011-07-23 10:00:00,338.4432219376414
2011-07-23 11:00:00,395.086162497959
2011-07-23 12:00:00,425.41380968859613
2011-07-23 13:00:00,432.77925372816946
2011-07-23 14:00:00,395.5887038490236
2011-07-23 15:00:00,396.4449048172398
2011-07-23 16:00:00,408.43860706812166
2011-07-23 17:00:00,397.4899185968498
2011-07-23 18:00:00,355.6098989344753
2011-07-23 19:00:00,329.68750122586016
2011-07-23 20:00:00,254.8268828191914
2011-07-23 21:00:00,215.58524846189346
2011-07-23 22:00:00,189.8868035661966
2011-07-23 23:00:00,144.3297652019314
2011-07-24 00:00:00,136.90285737108937
2011-07-24 01:00:00,107.23898498793709
2011-07-24 02:00:00,82.02059136489902
2011-07-24 03:00:00,36.92544677701184
2011-07-24 04:00:00,11.345794247248293
2011-07-24 05:00:00,10.940421883326735
2011-07-24 06:00:00,22.87825063706266
2011-07-24 07:00:00,53.19380695780648
2011-07-24 08:00:00,114.53962222558383
2011-07-24 09:00:00,188.7929714140526
2011-07-24 10:00:00,282.68717760158177
2011-07-24 11:00:00,373.52021838686085
2011-07-24 12:00:00,405.39000062613235
2011-07-24 13:00:00,452.6314251657383
2011-07-24 14:00:00,396.27444578112954
2011-07-24 15:00:00,415.9613185797074
2011-07-24 16:00:00,411.3177708845597
2011-07-24 17:00:00,416.120029081669
2011-07-24 18:00:00,403.01000476801164
2011-07-24 19:00:00,322.60267166934824
2011-07-24 20:00:00,268.67050033047747
2011-07-24 21:00:00,220.13224441554323
2011-07-24 22:00:00,179.09524236606993
2011-07-24 23:00:00,143.53203276612268
2011-07-25 00:00:00,48.709476495816794
2011-07-25 01:00:00,21.588342216693974
2011-07-25 02:00:00,10.42288788268231
2011-07-25 03:00:00,5.809942484285131
2011-07-25 04:00:00,6.611680685911058
2011-07-25 05:00:00,31.35637406013846
2011-07-25 06:00:00,135.79278703891993
2011-07-25 07:00:00,391.6509930278598
2011-07-25 08:00:00,577.8652259084886
2011-07-25 09:00:00,250.05440835979616
2011-07-25 10:00:00,152.48771990339353
2011-07-25 11:00:00,172.31107541474927
2011-07-25 12:00:00,213.27400201117192
2011-07-25 13:00:00,219.31140589027348
2011-07-25 14:00:00,177.9695111511862
2011-07-25 15:00:00,136.60325365480062
2011-07-25 16:00:00,277.106023018639
2011-07-25 17:00:00,574.3902361649989
2011-07-25 18:00:00,594.4019337236615
2011-07-25 19:00:00,444.9959902772541
2011-07-25 20:00:00,310.8558781892046
2011-07-25 21:00:00,203.11866156655964
2011-07-25 22:00:00,158.40255596544515
2011-07-25 23:00:00,108.58451411634185
2011-07-26 00:00:00,46.026165633791834
2011-07-26 01:00:00,19.03910269041226
2011-07-26 02:00:00,8.88996764277115
2011-07-26 03:00:00,5.521685374371242
2011-07-26 04:00:00,6.043162804513715
2011-07-26 05:00:00,28.32069497900027
2011-07-26 06:00:00,133.45083672822133
2011-07-26 07:00:00,317.95282667733744
2011-07-26 08:00:00,547.3287512486169
2011-07-26 09:00:00,298.55651022077745
2011-07-26 10:00:00,164.843072198282
2011-07-26 11:00:00,174.0137365719137
2011-07-26 12:00:00,231.87561071573566
2011-07-26 13:00:00,218.6046227144084
2011-07-26 14:00:00,192.46465331329796
2011-07-26 15:00:00,213.73186811064488
2011-07-26 16:00:00,336.1453372248449
2011-07-26 17:00:00,636.2121207286101
2011-07-26 18:00:00,642.6285626813477
2011-07-26 19:00:00,474.037456822229
2011-07-26 20:00:00,355.30654240774913
2011-07-26 21:00:00,272.09659949983194
2011-07-26 22:00:00,207.8682048503241
2011-07-26 23:00:00,132.87320574560744
2011-07-27 00:00:00,51.876042936141886
2011-07-27 01:00:00,21.17082880190397
2011-07-27 02:00:00,9.962731066524672
2011-07-27 03:00:00,5.9528520758413475
2011-07-27 04:00:00,7.092233514663131
2011-07-27 05:00:00,31.84625597296305
2011-07-27 06:00:00,148.29682382327152
2011-07-27 07:00:00,368.02055056830704
2011-07-27 08:00:00,569.1126673080116
2011-07-27 09:00:00,283.4949069525323
2011-07-27 10:00:00,165.07424375460462
2011-07-27 11:00:00,184.7529480187597
2011-07-27 12:00:00,224.97750456556523
2011-07-27 13:00:00,216.88049716580684
2011-07-27 14:00:00,207.94617593102566
2011-07-27 15:00:00,216.50118076413807
2011-07-27 16:00:00,338.0637596706315
2011-07-27 17:00:00,671.482986483111
2011-07-27 18:00:00,673.691640758757
2011-07-27 19:00:00,488.8068129988164
2011-07-27 20:00:00,361.9651649567479
2011-07-27 21:00:00,266.9497221185184
2011-07-27 22:00:00,200.88904470605277
2011-07-27 23:00:00,138.65002582921252
2011-07-28 00:00:00,51.21892685193104
2011-07-28 01:00:00,19.864487558984443
2011-07-28 02:00:00,10.738798348475244
2011-07-28 03:00:00,6.050575397786515
2011-07-28 04:00:00,6.912785734705985
2011-07-28 05:00:00,31.629728021589155
2011-07-28 06:00:00,136.98678282922077
2011-07-28 07:00:00,350.8214711259647
2011-07-28 08:00:00,521.264653647778
2011-07-28 09:00:00,267.44163233725544
2011-07-28 10:00:00,150.09289015011112
2011-07-28 11:00:00,161.34692740342442
2011-07-28 12:00:00,211.75844002587812
2011-07-28 13:00:00,210.60769176117003
2011-07-28 14:00:00,204.51179182778412
2011-07-28 15:00:00,213.30996588614366
2011-07-28 16:00:00,331.20879557341715
2011-07-28 17:00:00,623.7797293886333
2011-07-28 18:00:00,614.2621750594529
2011-07-28 19:00:00,455.7898830437291
2011-07-28 20:00:00,329.4361476599832
2011-07-28 21:00:00,234.93809523560458
2011-07-28 22:00:00,198.65139022301386
2011-07-28 23:00:00,126.08595747480558
2011-07-29 00:00:00,47.42017670215709
2011-07-29 01:00:00,19.23294523858468
2011-07-29 02:00:00,9.611355746649448
2011-07-29 03:00:00,5.5897435350364
2011-07-29 04:00:00,6.5364042050596645
2011-07-29 05:00:00,30.146450352649893
2011-07-29 06:00:00,133.17541294616612
2011-07-29 07:00:00,399.20135452411296
2011-07-29 08:00:00,574.3700659738962
2011-07-29 09:00:00,265.55693083991605
2011-07-29 10:00:00,142.69118189608224
2011-07-29 11:00:00,154.6127225167563
2011-07-29 12:00:00,180.28775215883437
2011-07-29 13:00:00,194.64069092630822
2011-07-29 14:00:00,173.64919837519133
2011-07-29 15:00:00,189.26253705399515
2011-07-29 16:00:00,268.7667649981057
2011-07-29 17:00:00,520.2191495765904
2011-07-29 18:00:00,547.4372450178337
2011-07-29 19:00:00,426.24650309838387
2011-07-29 20:00:00,333.55242904710656
2011-07-29 21:00:00,269.1882973950245
2011-07-29 22:00:00,206.6676151039229
2011-07-29 23:00:00,135.08629076898004
2011-07-30 00:00:00,136.2622219015045
2011-07-30 01:00:00,111.86141263385946
2011-07-30 02:00:00,82.15133319994328
2011-07-30 03:00:00,38.77072633730302
2011-07-30 04:00:00,11.293478506121092
2011-07-30 05:00:00,10.015540397381272
2011-07-30 06:00:00,20.768152500787252
2011-07-30 07:00:00,49.566985018536414
2011-07-30 08:00:00,125.52686484025283
2011-07-30 09:00:00,199.49404053625818
2011-07-30 10:00:00,331.3847307163246
2011-07-30 11:00:00,431.2448643994178
2011-07-30 12:00:00,483.3346856431501
2011-07-30 13:00:00,469.95134235625824
2011-07-30 14:00:00,439.693828046159
2011-07-30 15:00:00,449.60244259237334
2011-07-30 16:00:00,446.1696436181136
2011-07-30 17:00:00,424.2454225114986
2011-07-30 18:00:00,398.62567393959864
2011-07-30 19:00:00,364.88681125799866
2011-07-30 20:00:00,292.84820823082396
2011-07-30 21:00:00,230.65460555867193
2011-07-30 22:00:00,190.84520805991278
2011-07-30 23:00:00,143.0586713513927
2011-07-31 00:00:00,136.24196261567317
2011-07-31 01:00:00,110.22961799690528
2011-07-31 02:00:00,79.66777790260709
2011-07-31 03:00:00,35.47983548672423
2011-07-31 04:00:00,10.889665817647483
2011-07-31 05:00:00,10.519359503400782
2011-07-31 06:00:00,21.658553548877148
2011-07-31 07:00:00,51.51684057147362
2011-07-31 08:00:00,124.19476665398508
2011-07-31 09:00:00,206.48122111443902
2011-07-31 10:00:00,359.19030241305967
2011-07-31 11:00:00,407.34813603218794
2011-07-31 12:00:00,460.2788383076006
2011-07-31 13:00:00,472.3717961680798
2011-07-31 14:00:00,465.19602186450294
2011-07-31 15:00:00,409.10497534113273
2011-07-31 16:00:00,403.0841897634682
2011-07-31 17:00:00,399.82392909064
2011-07-31 18:00:00,382.3015661392541
2011-07-31 19:00:00,311.4502712649556
2011-07-31 20:00:00,245.75642875969402
2011-07-31 21:00:00,209.93571700598076
2011-07-31 22:00:00,166.34749195200695
2011-07-31 23:00:00,135.7337241341262
2011-08-20 00:00:00,111.30660289820793
2011-08-20 01:00:00,95.02413161787784
2011-08-20 02:00:00,77.17081672218917
2011-08-20 03:00:00,35.272681016739206
2011-08-20 04:00:00,10.055308839581757
2011-08-20 05:00:00,9.907579554706327
2011-08-20 06:00:00,22.372921942505158
2011-08-20 07:00:00,50.76488414073108
2011-08-20 08:00:00,118.54897106516034
2011-08-20 09:00:00,203.40592397088665
2011-08-20 10:00:00,341.74111589819086
2011-08-20 11:00:00,403.6055237629622
2011-08-20 12:00:00,480.77653144128493
2011-08-20 13:00:00,494.16187754330616
2011-08-20 14:00:00,486.7741560427337
2011-08-20 15:00:00,524.8866132161702
2011-08-20 16:00:00,494.64427901425336
2011-08-20 17:00:00,438.7474501827517
2011-08-20 18:00:00,405.9202102202323
2011-08-20 19:00:00,336.3261382209231
2011-08-20 20:00:00,263.95691867461346
2011-08-20 21:00:00,211.5403133790687
2011-08-20 22:00:00,166.98522108643138
2011-08-20 23:00:00,130.7281636218428
2011-08-21 00:00:00,129.4740238427195
2011-08-21 01:00:00,101.5283821859697
2011-08-21 02:00:00,77.04956005855875
2011-08-21 03:00:00,35.30753552010154
2011-08-21 04:00:00,10.832183805338707
2011-08-21 05:00:00,8.559770896884494
2011-08-21 06:00:00,18.31669139585995
2011-08-21 07:00:00,43.983560690512476
2011-08-21 08:00:00,125.22887780628925
2011-08-21 09:00:00,207.45775099796592
2011-08-21 10:00:00,328.1620373413393
2011-08-21 11:00:00,372.60493606221684
2011-08-21 12:00:00,426.55076774258896
2011-08-21 13:00:00,451.12424797542263
2011-08-21 14:00:00,314.86286978647064
2011-08-21 15:00:00,233.7705872727235
2011-08-21 16:00:00,399.98458194598584
2011-08-21 17:00:00,364.3344176513702
2011-08-21 18:00:00,329.25310366009563
2011-08-21 19:00:00,317.2796003411741
2011-08-21 20:00:00,212.81936259399797
2011-08-21 21:00:00,172.84889128340433
2011-08-21 22:00:00,151.7668855368733
2011-08-21 23:00:00,132.01000583109612
2011-08-22 00:00:00,45.27464616511788
2011-08-22 01:00:00,19.193860017387852
2011-08-22 02:00:00,9.561598009456713
2011-08-22 03:00:00,4.933307132753979
2011-08-22 04:00:00,6.603222079584015
2011-08-22 05:00:00,29.894821734248914
2011-08-22 06:00:00,135.83182986449438
2011-08-22 07:00:00,336.19934645181985
2011-08-22 08:00:00,518.8110513601459
2011-08-22 09:00:00,282.78819862612016
2011-08-22 10:00:00,165.37710378557054
2011-08-22 11:00:00,193.5129778236421
2011-08-22 12:00:00,244.77004352888616
2011-08-22 13:00:00,219.8880135325925
2011-08-22 14:00:00,209.0335934007254
2011-08-22 15:00:00,225.86555890090855
2011-08-22 16:00:00,346.8990203487437
2011-08-22 17:00:00,637.1824722158799
2011-08-22 18:00:00,618.9726084333522
2011-08-22 19:00:00,447.52774003560955
2011-08-22 20:00:00,357.8939944820781
2011-08-22 21:00:00,274.0630329595912
2011-08-22 22:00:00,194.62618359799038
2011-08-22 23:00:00,133.45086434866042
2011-08-23 00:00:00,48.8182868539803
2011-08-23 01:00:00,20.539335095674197
2011-08-23 02:00:00,10.085855027849638
2011-08-23 03:00:00,5.670129771116677
2011-08-23 04:00:00,6.977004758625821
2011-08-23 05:00:00,31.635901208010452
2011-08-23 06:00:00,136.40989232234594
2011-08-23 07:00:00,364.24034904910707
2011-08-23 08:00:00,539.925099256174
2011-08-23 09:00:00,301.43125046216153
2011-08-23 10:00:00,189.5797242812123
2011-08-23 11:00:00,205.17685595329976
2011-08-23 12:00:00,257.7062159002339
2011-08-23 13:00:00,242.42559327612136
2011-08-23 14:00:00,222.78437262376949
2011-08-23 15:00:00,253.28952411450126
2011-08-23 16:00:00,364.93901529141056
2011-08-23 17:00:00,699.6527800756002
2011-08-23 18:00:00,693.188784035789
2011-08-23 19:00:00,455.5790387211263
2011-08-23 20:00:00,323.6890454746143
2011-08-23 21:00:00,233.42528489762933
2011-08-23 22:00:00,192.6709505403359
2011-08-23 23:00:00,122.71755004901019
2011-08-24 00:00:00,46.644597420967045
2011-08-24 01:00:00,18.972047635008327
2011-08-24 02:00:00,9.499775926645537
2011-08-24 03:00:00,5.655146006310894
2011-08-24 04:00:00,6.887614313556264
2011-08-24 05:00:00,33.19016926615032
2011-08-24 06:00:00,134.61928657119614
2011-08-24 07:00:00,338.4099098427236
2011-08-24 08:00:00,513.63402115833
2011-08-24 09:00:00,253.37899347081262
2011-08-24 10:00:00,159.5488356258062
2011-08-24 11:00:00,176.13934946044188
2011-08-24 12:00:00,215.85653069934153
2011-08-24 13:00:00,219.18406203958992
2011-08-24 14:00:00,197.17920552536364
2011-08-24 15:00:00,204.8191696407502
2011-08-24 16:00:00,326.53381546826756
2011-08-24 17:00:00,618.4358029289393
2011-08-24 18:00:00,601.3226484834674
2011-08-24 19:00:00,442.2802306749353
2011-08-24 20:00:00,318.55328513627376
2011-08-24 21:00:00,240.59448080527682
2011-08-24 22:00:00,185.19591207791964
2011-08-24 23:00:00,114.95854184724855
2011-08-25 00:00:00,44.604558117707526
2011-08-25 01:00:00,18.400770313339393
2011-08-25 02:00:00,8.878764910736395
2011-08-25 03:00:00,5.47748379978798
2011-08-25 04:00:00,6.556143682965349
2011-08-25 05:00:00,25.969292952481
2011-08-25 06:00:00,108.36579249906386
2011-08-25 07:00:00,341.32446542654446
2011-08-25 08:00:00,519.726099479955
2011-08-25 09:00:00,257.688913801741
2011-08-25 10:00:00,156.98294911658238
2011-08-25 11:00:00,130.14399721888557
2011-08-25 12:00:00,99.14871606345488
2011-08-25 13:00:00,120.2348425009614
2011-08-25 14:00:00,187.8374175757543
2011-08-25 15:00:00,215.79620127042034
2011-08-25 16:00:00,271.51359467268526
2011-08-25 17:00:00,526.2805643318816
2011-08-25 18:00:00,549.8145164093818
2011-08-25 19:00:00,366.46083755681923
2011-08-25 20:00:00,250.11189406438578
2011-08-25 21:00:00,197.24533359428924
2011-08-25 22:00:00,149.05495296201843
2011-08-25 23:00:00,98.70982505469391
2011-08-26 00:00:00,41.19128017530284
2011-08-26 01:00:00,17.07157812263011
2011-08-26 02:00:00,8.578118929227227
2011-08-26 03:00:00,5.299132660380629
2011-08-26 04:00:00,5.984862901398934
2011-08-26 05:00:00,30.17784952261791
2011-08-26 06:00:00,108.27091970007221
2011-08-26 07:00:00,328.90590318266084
2011-08-26 08:00:00,562.8827685722757
2011-08-26 09:00:00,258.1512474250865
2011-08-26 10:00:00,160.55161018836952
2011-08-26 11:00:00,184.10925303579802
2011-08-26 12:00:00,231.20467487459157
2011-08-26 13:00:00,239.6365134297645
2011-08-26 14:00:00,203.42797289008243
2011-08-26 15:00:00,231.91840258492806
2011-08-26 16:00:00,352.4706275384414
2011-08-26 17:00:00,589.4722202904962
2011-08-26 18:00:00,601.8325415281749
2011-08-26 19:00:00,399.8398443356761
2011-08-26 20:00:00,275.58503786587994
2011-08-26 21:00:00,215.98395252083017
2011-08-26 22:00:00,164.74013594833212
2011-08-26 23:00:00,105.44560437488182
2011-08-27 00:00:00,124.30345149719496
2011-08-27 01:00:00,100.99461891810182
2011-08-27 02:00:00,76.35699921657226
2011-08-27 03:00:00,35.137303243520954
2011-08-27 04:00:00,11.361643689037153
2011-08-27 05:00:00,9.059140924357662
2011-08-27 06:00:00,17.53879446436209
2011-08-27 07:00:00,37.23496878713625
2011-08-27 08:00:00,125.14917705359478
2011-08-27 09:00:00,157.72692174774267
2011-08-27 10:00:00,280.0530626636672
2011-08-27 11:00:00,186.44101985766875
2011-08-27 12:00:00,160.844755083086
2011-08-27 13:00:00,160.6265182405873
2011-08-27 14:00:00,115.87054159647083
2011-08-27 15:00:00,116.54508923846939
2011-08-27 16:00:00,114.46479346464592
2011-08-27 17:00:00,100.83538236121139
2011-08-28 07:00:00,19.504138427209355
2011-08-28 08:00:00,47.99911000498297
2011-08-28 09:00:00,152.27617269448282
2011-08-28 10:00:00,297.003882121529
2011-08-28 11:00:00,387.1183139312072
2011-08-28 12:00:00,441.60596632957635
2011-08-28 13:00:00,455.3937454279385
2011-08-28 14:00:00,458.5044240739502
2011-08-28 15:00:00,479.3372254436573
2011-08-28 16:00:00,465.7034067545714
2011-08-28 17:00:00,435.60668486278706
2011-08-28 18:00:00,416.1341890469249
2011-08-28 19:00:00,347.5777146294715
2011-08-28 20:00:00,281.02701584589863
2011-08-28 21:00:00,223.04890590348174
2011-08-28 22:00:00,171.87226240188622
2011-08-28 23:00:00,125.96262520675963
2011-08-29 00:00:00,44.52970597869349
2011-08-29 01:00:00,17.289194095027028
2011-08-29 02:00:00,8.721175245710862
2011-08-29 03:00:00,5.208083977681483
2011-08-29 04:00:00,6.487708686189703
2011-08-29 05:00:00,32.838084914333336
2011-08-29 06:00:00,142.41273518764524
2011-08-29 07:00:00,352.71242419448595
2011-08-29 08:00:00,530.8356887362445
2011-08-29 09:00:00,283.3389454799519
2011-08-29 10:00:00,177.25027688090557
2011-08-29 11:00:00,198.21682877318554
2011-08-29 12:00:00,260.35585600763045
2011-08-29 13:00:00,260.45282475473186
2011-08-29 14:00:00,221.65162532507318
2011-08-29 15:00:00,252.4849738341207
2011-08-29 16:00:00,381.4352360457769
2011-08-29 17:00:00,674.3034670013571
2011-08-29 18:00:00,655.5434863376687
2011-08-29 19:00:00,461.5171270786176
2011-08-29 20:00:00,337.146579342316
2011-08-29 21:00:00,250.98231419139555
2011-08-29 22:00:00,190.6736848532318
2011-08-29 23:00:00,121.42101819517119
2011-08-30 00:00:00,46.49752209947561
2011-08-30 01:00:00,18.686888154111905
2011-08-30 02:00:00,9.902811367295708
2011-08-30 03:00:00,5.772123338388337
2011-08-30 04:00:00,6.972753299133041
2011-08-30 05:00:00,33.46893885022124
2011-08-30 06:00:00,145.97201913484218
2011-08-30 07:00:00,351.4630206307269
2011-08-30 08:00:00,546.0936798583796
2011-08-30 09:00:00,277.74796074017854
2011-08-30 10:00:00,184.13027554557922
2011-08-30 11:00:00,212.28386546335867
2011-08-30 12:00:00,245.30252000775855
2011-08-30 13:00:00,254.5805931087154
2011-08-30 14:00:00,222.68672410869763
2011-08-30 15:00:00,258.12812631547246
2011-08-30 16:00:00,390.21238758010065
2011-08-30 17:00:00,698.4270496392644
2011-08-30 18:00:00,660.7553849761441
2011-08-30 19:00:00,472.0642312157095
2011-08-30 20:00:00,322.40001227504223
2011-08-30 21:00:00,235.02026422058296
2011-08-30 22:00:00,182.29074587468298
2011-08-30 23:00:00,119.07720067566804
2011-08-31 00:00:00,41.203145640598606
2011-08-31 01:00:00,17.1736235760543
2011-08-31 02:00:00,9.383035765395256
2011-08-31 03:00:00,5.721336115516801
2011-08-31 04:00:00,6.569230787692686
2011-08-31 05:00:00,31.939614908310283
2011-08-31 06:00:00,141.1125558027449
2011-08-31 07:00:00,328.7260099267781
2011-08-31 08:00:00,509.08529419929533
2011-08-31 09:00:00,257.6497834518086
2011-08-31 10:00:00,177.8118462086155
2011-08-31 11:00:00,205.84007234332242
2011-08-31 12:00:00,241.72884202397069
2011-08-31 13:00:00,260.50165363447
2011-08-31 14:00:00,230.03836973974052
2011-08-31 15:00:00,247.495886458135
2011-08-31 16:00:00,370.75447591944237
2011-08-31 17:00:00,667.3527127498313
2011-08-31 18:00:00,636.0615132728559
2011-08-31 19:00:00,462.4340273841107
2011-08-31 20:00:00,339.1585327315069
2011-08-31 21:00:00,252.14624881144712
2011-08-31 22:00:00,180.71594763418244
2011-08-31 23:00:00,103.59069994657015
2011-09-20 00:00:00,44.71120400618067
2011-09-20 01:00:00,14.68722080067592
2011-09-20 02:00:00,7.371644858084786
2011-09-20 03:00:00,4.745373702701008
2011-09-20 04:00:00,5.817319726236983
2011-09-20 05:00:00,27.82295519993838
2011-09-20 06:00:00,103.68513152615407
2011-09-20 07:00:00,323.44789879281603
2011-09-20 08:00:00,271.6305398582248
2011-09-20 09:00:00,76.39940493310208
2011-09-20 10:00:00,59.31813302943866
2011-09-20 11:00:00,62.189932721001284
2011-09-20 12:00:00,79.29874247529953
2011-09-20 13:00:00,114.13054224849824
2011-09-20 14:00:00,145.2502301773812
2011-09-20 15:00:00,204.0793506417292
2011-09-20 16:00:00,263.9670182249305
2011-09-20 17:00:00,496.17958110663193
2011-09-20 18:00:00,480.7095260526594
2011-09-20 19:00:00,314.2420097743452
2011-09-20 20:00:00,184.37199401292386
2011-09-20 21:00:00,138.67968189326237
2011-09-20 22:00:00,108.09433019630822
2011-09-20 23:00:00,71.22214010465908
2011-09-21 00:00:00,26.30147252405883
2011-09-21 01:00:00,14.032011250566887
2011-09-21 02:00:00,7.019014648164185
2011-09-21 03:00:00,4.409213067653487
2011-09-21 04:00:00,4.0602683136586615
2011-09-21 05:00:00,18.06821922963969
2011-09-21 06:00:00,68.77865307055775
2011-09-21 07:00:00,202.49929501803024
2011-09-21 08:00:00,341.25631017315436
2011-09-21 09:00:00,153.6711690664444
2011-09-21 10:00:00,131.78879427777787
2011-09-21 11:00:00,170.57063214621547
2011-09-21 12:00:00,225.0733295342065
2011-09-21 13:00:00,218.4971830750404
2011-09-21 14:00:00,203.063945199277
2011-09-21 15:00:00,223.88164100480677
2011-09-21 16:00:00,334.0297503229538
2011-09-21 17:00:00,477.13411393939884
2011-09-21 18:00:00,271.5906560770069
2011-09-21 19:00:00,131.16875747635947
2011-09-21 20:00:00,91.07087481043693
2011-09-21 21:00:00,81.42063985718644
2011-09-21 22:00:00,107.75490919966664
2011-09-21 23:00:00,72.05262410880157
2011-09-22 00:00:00,31.302411689054175
2011-09-22 01:00:00,13.751720069386566
2011-09-22 02:00:00,6.145534822486489
2011-09-22 03:00:00,4.094364502276243
2011-09-22 04:00:00,5.107911158164456
2011-09-22 05:00:00,22.712969922890856
2011-09-22 06:00:00,79.65579762928424
2011-09-22 07:00:00,230.07118673654682
2011-09-22 08:00:00,361.88965289632034
2011-09-22 09:00:00,200.75614783933838
2011-09-22 10:00:00,145.6016676129378
2011-09-22 11:00:00,155.3016148759906
2011-09-22 12:00:00,218.44774225493424
2011-09-22 13:00:00,198.0249769142279
2011-09-22 14:00:00,179.32824154752538
2011-09-22 15:00:00,205.71437086631937
2011-09-22 16:00:00,339.64398925986507
2011-09-22 17:00:00,598.6739708973479
2011-09-22 18:00:00,507.4872181653698
2011-09-22 19:00:00,351.3842301907334
2011-09-22 20:00:00,190.3868647166868
2011-09-22 21:00:00,188.13243494183152
2011-09-22 22:00:00,95.38297793430493
2011-09-22 23:00:00,70.20751684881925
2011-09-23 00:00:00,28.982723287056615
2011-09-23 01:00:00,9.953815295727871
2011-09-23 02:00:00,5.080336402065612
2011-09-23 03:00:00,3.366041482358924
2011-09-23 04:00:00,3.3993105059236415
2011-09-23 05:00:00,15.672340864221967
2011-09-23 06:00:00,92.66504489681905
2011-09-23 07:00:00,190.90642245307507
2011-09-23 08:00:00,192.92793513527099
2011-09-23 09:00:00,73.3607530230795
2011-09-23 10:00:00,41.24619078962043
2011-09-23 11:00:00,43.63462593734193
2011-09-23 12:00:00,65.40894783477565
2011-09-23 13:00:00,47.4953023438858
2011-09-23 14:00:00,43.27449599333934
2011-09-23 15:00:00,60.62415165024586
2011-09-23 16:00:00,85.80297011939166
2011-09-23 17:00:00,204.4739838418224
2011-09-23 18:00:00,293.45065731992344
2011-09-23 19:00:00,262.7389342371755
2011-09-23 20:00:00,173.99307421411157
2011-09-23 21:00:00,118.75207872330438
2011-09-23 22:00:00,107.87580402550664
2011-09-23 23:00:00,57.87379707635832
2011-09-24 00:00:00,71.12809452675674
2011-09-24 01:00:00,76.96208286752243
2011-09-24 02:00:00,53.142073544999896
2011-09-24 03:00:00,24.176798969842643
2011-09-24 04:00:00,8.066278169961627
2011-09-24 05:00:00,8.539670581357626
2011-09-24 06:00:00,14.47827789031705
2011-09-24 07:00:00,45.63817802809145
2011-09-24 08:00:00,110.70189786238089
2011-09-24 09:00:00,198.34518491809217
2011-09-24 10:00:00,271.8453819276996
2011-09-24 11:00:00,373.823418257952
2011-09-24 12:00:00,424.496352054033
2011-09-24 13:00:00,436.8286389158633
2011-09-24 14:00:00,442.99719413576054
2011-09-24 15:00:00,473.9457084951038
2011-09-24 16:00:00,426.094506072998
2011-09-24 17:00:00,423.0217415826208
2011-09-24 18:00:00,332.60716817151837
2011-09-24 19:00:00,227.03228572241005
2011-09-24 20:00:00,195.41903390533497
2011-09-24 21:00:00,172.9782502105552
2011-09-24 22:00:00,122.73334494465858
2011-09-24 23:00:00,94.79423165837485
2011-09-25 00:00:00,99.37871848625586
2011-09-25 01:00:00,83.01858277993406
2011-09-25 02:00:00,41.252367503863276
2011-09-25 03:00:00,15.444231746445078
2011-09-25 04:00:00,5.019153895448716
2011-09-25 05:00:00,7.445934293307854
2011-09-25 06:00:00,20.112184001417415
2011-09-25 07:00:00,37.93414582930492
2011-09-25 08:00:00,113.98655534104661
2011-09-25 09:00:00,218.34948521751184
2011-09-25 10:00:00,307.2736783008332
2011-09-25 11:00:00,426.740885347599
2011-09-25 12:00:00,478.4712843863276
2011-09-25 13:00:00,467.58463004386374
2011-09-25 14:00:00,428.29057003535496
2011-09-25 15:00:00,439.1167096130396
2011-09-25 16:00:00,469.8976346095174
2011-09-25 17:00:00,380.4886046917012
2011-09-25 18:00:00,356.048726709186
2011-09-25 19:00:00,259.75181788096836
2011-09-25 20:00:00,200.62603938538658
2011-09-25 21:00:00,126.62252593142487
2011-09-25 22:00:00,128.03550098576403
2011-09-25 23:00:00,78.97415200297112
2011-09-26 00:00:00,27.591464586945758
2011-09-26 01:00:00,14.987880992900743
2011-09-26 02:00:00,7.499416997385332
2011-09-26 03:00:00,3.9897849128995557
2011-09-26 04:00:00,5.414257642480201
2011-09-26 05:00:00,26.455396279374877
2011-09-26 06:00:00,92.847979261636
2011-09-26 07:00:00,273.7133262472001
2011-09-26 08:00:00,408.4293792299732
2011-09-26 09:00:00,275.7486232706182
2011-09-26 10:00:00,147.98089654733883
2011-09-26 11:00:00,179.6235416823383
2011-09-26 12:00:00,210.29637590023717
2011-09-26 13:00:00,212.316304081868
2011-09-26 14:00:00,214.06008050266067
2011-09-26 15:00:00,225.46682840529607
2011-09-26 16:00:00,340.59877519209994
2011-09-26 17:00:00,619.1596033677121
2011-09-26 18:00:00,523.3612235352721
2011-09-26 19:00:00,369.81902935837775
2011-09-26 20:00:00,243.5584226998588
2011-09-26 21:00:00,182.01249381307989
2011-09-26 22:00:00,109.9209151093382
2011-09-26 23:00:00,73.98042489179949
2011-09-27 00:00:00,31.925776156712317
2011-09-27 01:00:00,13.982121868909296
2011-09-27 02:00:00,6.727888261928599
2011-09-27 03:00:00,4.336246916320432
2011-09-27 04:00:00,4.3428170946252695
2011-09-27 05:00:00,12.048324369294537
2011-09-27 06:00:00,63.872432543894206
2011-09-27 07:00:00,273.59281538673196
2011-09-27 08:00:00,546.5646100694148
2011-09-27 09:00:00,197.20439120188166
2011-09-27 10:00:00,47.262943066104555
2011-09-27 11:00:00,103.22477376173643
2011-09-27 12:00:00,195.55123819851468
2011-09-27 13:00:00,221.72890630099798
2011-09-27 14:00:00,186.93842239623825
2011-09-27 15:00:00,199.40836353921262
2011-09-27 16:00:00,293.18519192593163
2011-09-27 17:00:00,496.05862185355153
2011-09-27 18:00:00,477.090506292583
2011-09-27 19:00:00,336.5543516877636
2011-09-27 20:00:00,273.3163092794977
2011-09-27 21:00:00,172.16795345235565
2011-09-27 22:00:00,133.59634399292204
2011-09-27 23:00:00,84.61843975166717
2011-09-28 00:00:00,36.22137940055527
2011-09-28 01:00:00,15.723278101176227
2011-09-28 02:00:00,7.953285461745367
2011-09-28 03:00:00,4.491992334380405
2011-09-28 04:00:00,6.411165544851789
2011-09-28 05:00:00,23.42396651065113
2011-09-28 06:00:00,68.78641647535655
2011-09-28 07:00:00,124.53972517529722
2011-09-28 08:00:00,198.92814000086972
2011-09-28 09:00:00,87.9611916062038
2011-09-28 10:00:00,64.85054202807595
2011-09-28 11:00:00,171.52483636632
2011-09-28 12:00:00,215.73158055936653
2011-09-28 13:00:00,223.83869875758023
2011-09-28 14:00:00,208.70913863881992
2011-09-28 15:00:00,231.02321150038915
2011-09-28 16:00:00,337.3470312543245
2011-09-28 17:00:00,621.2986615190811
2011-09-28 18:00:00,445.2073597389557
2011-09-28 19:00:00,197.6840939425222
2011-09-28 20:00:00,104.24369299235934
2011-09-28 21:00:00,83.30623527058357
2011-09-28 22:00:00,89.1698531198871
2011-09-28 23:00:00,69.96581918628661
2011-09-29 00:00:00,30.58261835160096
2011-09-29 01:00:00,11.240606877928325
2011-09-29 02:00:00,4.982852953866216
2011-09-29 03:00:00,4.032514989968755
2011-09-29 04:00:00,6.443579891036283
2011-09-29 05:00:00,27.72564523269335
2011-09-29 06:00:00,113.75816992833396
2011-09-29 07:00:00,335.064531925369
2011-09-29 08:00:00,570.3258874854677
2011-09-29 09:00:00,278.1016638389747
2011-09-29 10:00:00,161.9769325211204
2011-09-29 11:00:00,187.0696995438076
2011-09-29 12:00:00,240.4593968270445
2011-09-29 13:00:00,230.62315484942357
2011-09-29 14:00:00,220.366277645666
2011-09-29 15:00:00,266.95062295099575
2011-09-29 16:00:00,420.2047582954962
2011-09-29 17:00:00,718.6552361320616
2011-09-29 18:00:00,736.9351790795652
2011-09-29 19:00:00,467.8717724681815
2011-09-29 20:00:00,324.48601316474816
2011-09-29 21:00:00,216.41727481049836
2011-09-29 22:00:00,159.07888381120608
2011-09-29 23:00:00,103.21489998282715
2011-09-30 00:00:00,42.976988401946954
2011-09-30 01:00:00,19.281074745108995
2011-09-30 02:00:00,8.661987193753218
2011-09-30 03:00:00,5.948970517921372
2011-09-30 04:00:00,6.254936935013148
2011-09-30 05:00:00,29.604107926796466
2011-09-30 06:00:00,125.96094934505298
2011-09-30 07:00:00,375.40509539244215
2011-09-30 08:00:00,614.5081807892814
2011-09-30 09:00:00,298.1939935975198
2011-09-30 10:00:00,150.56838359544633
2011-09-30 11:00:00,183.79296868376056
2011-09-30 12:00:00,234.5254806411727
2011-09-30 13:00:00,267.3866952169383
2011-09-30 14:00:00,234.40238192829528
2011-09-30 15:00:00,251.64023225535476
2011-09-30 16:00:00,348.9557792988412
2011-09-30 17:00:00,657.5867098324251
2011-09-30 18:00:00,603.1599387653667
2011-09-30 19:00:00,397.4880269603981
2011-09-30 20:00:00,285.01230912303276
2011-09-30 21:00:00,216.83715860441885
2011-09-30 22:00:00,163.30043313011348
2011-09-30 23:00:00,104.65412635403044
2011-10-20 00:00:00,29.399954039715812
2011-10-20 01:00:00,13.283403950074234
2011-10-20 02:00:00,5.884772264040262
2011-10-20 03:00:00,4.458816575643324
2011-10-20 04:00:00,5.661623949671358
2011-10-20 05:00:00,27.727747792973904
2011-10-20 06:00:00,109.69817459378135
2011-10-20 07:00:00,344.8491202818881
2011-10-20 08:00:00,545.2720126469796
2011-10-20 09:00:00,253.06219696271697
2011-10-20 10:00:00,166.29651291283463
2011-10-20 11:00:00,182.28243081461892
2011-10-20 12:00:00,236.24384231461292
2011-10-20 13:00:00,233.51342050651
2011-10-20 14:00:00,199.30715078590725
2011-10-20 15:00:00,207.9171763290966
2011-10-20 16:00:00,302.53142795332604
2011-10-20 17:00:00,590.0161538651864
2011-10-20 18:00:00,564.1316986890073
2011-10-20 19:00:00,424.4537412152033
2011-10-20 20:00:00,269.78396954399466
2011-10-20 21:00:00,208.8902961727728
2011-10-20 22:00:00,159.12917842823504
2011-10-20 23:00:00,108.44423085242185
2011-10-21 00:00:00,39.6313131912257
2011-10-21 01:00:00,17.001257548284947
2011-10-21 02:00:00,7.413080751592775
2011-10-21 03:00:00,5.521624472554836
2011-10-21 04:00:00,6.678976400545485
2011-10-21 05:00:00,27.3315108364114
2011-10-21 06:00:00,144.06395358579297
2011-10-21 07:00:00,369.6306750380741
2011-10-21 08:00:00,629.5175309074949
2011-10-21 09:00:00,321.75048709779605
2011-10-21 10:00:00,185.78095218556192
2011-10-21 11:00:00,208.74960493511364
2011-10-21 12:00:00,243.81724840649437
2011-10-21 13:00:00,244.67049056198826
2011-10-21 14:00:00,233.8332678627229
2011-10-21 15:00:00,236.98250059372293
2011-10-21 16:00:00,374.3054187187494
2011-10-21 17:00:00,656.883288580593
2011-10-21 18:00:00,549.639174139499
2011-10-21 19:00:00,378.9340008851646
2011-10-21 20:00:00,278.6723571222834
2011-10-21 21:00:00,232.57442113030228
2011-10-21 22:00:00,184.44382390600902
2011-10-21 23:00:00,103.26537794170447
2011-10-22 00:00:00,99.37859313854014
2011-10-22 01:00:00,81.38882238923681
2011-10-22 02:00:00,62.35966734322702
2011-10-22 03:00:00,31.294208514456905
2011-10-22 04:00:00,8.963812732437882
2011-10-22 05:00:00,8.409322060149387
2011-10-22 06:00:00,17.975552807390432
2011-10-22 07:00:00,43.433046585065
2011-10-22 08:00:00,111.06228870792849
2011-10-22 09:00:00,202.5386032299541
2011-10-22 10:00:00,319.30904933610856
2011-10-22 11:00:00,349.6745776919917
2011-10-22 12:00:00,430.3935298239966
2011-10-22 13:00:00,494.23262282111244
2011-10-22 14:00:00,445.2222844782375
2011-10-22 15:00:00,404.6256438108639
2011-10-22 16:00:00,442.9286708481305
2011-10-22 17:00:00,415.17271402091234
2011-10-22 18:00:00,319.88999790903057
2011-10-22 19:00:00,232.96128449222547
2011-10-22 20:00:00,181.53522114048235
2011-10-22 21:00:00,138.95684311329936
2011-10-22 22:00:00,119.17493307163845
2011-10-22 23:00:00,78.83231261689068
2011-10-23 00:00:00,80.6128286574128
2011-10-23 01:00:00,68.79615140820867
2011-10-23 02:00:00,52.449082938981306
2011-10-23 03:00:00,22.830196566000993
2011-10-23 04:00:00,7.555749839113995
2011-10-23 05:00:00,6.565731530779718
2011-10-23 06:00:00,13.839503450078093
2011-10-23 07:00:00,39.761759166582664
2011-10-23 08:00:00,106.62650437688414
2011-10-23 09:00:00,191.6367129527438
2011-10-23 10:00:00,295.6147688116309
2011-10-23 11:00:00,402.7885465129236
2011-10-23 12:00:00,427.6932280288322
2011-10-23 13:00:00,530.8791690927733
2011-10-23 14:00:00,518.8413410467496
2011-10-23 15:00:00,586.5549313131627
2011-10-23 16:00:00,521.6718175052079
2011-10-23 17:00:00,412.88769798714105
2011-10-23 18:00:00,325.9854356855773
2011-10-23 19:00:00,231.9352765843861
2011-10-23 20:00:00,177.28926104444685
2011-10-23 21:00:00,153.69940874446252
2011-10-23 22:00:00,126.90121524562765
2011-10-23 23:00:00,95.35972024136231
2011-10-24 00:00:00,43.09929469768385
2011-10-24 01:00:00,16.987433229488765
2011-10-24 02:00:00,7.417560479148926
2011-10-24 03:00:00,5.420432838793856
2011-10-24 04:00:00,6.623067514866635
2011-10-24 05:00:00,26.192361542169998
2011-10-24 06:00:00,125.9807248418974
2011-10-24 07:00:00,340.3224211474498
2011-10-24 08:00:00,561.5734342476978
2011-10-24 09:00:00,284.25626666843687
2011-10-24 10:00:00,140.04859881979425
2011-10-24 11:00:00,191.5797950243568
2011-10-24 12:00:00,230.91998038230952
2011-10-24 13:00:00,216.41117847456377
2011-10-24 14:00:00,193.6454001566993
2011-10-24 15:00:00,239.8051232588131
2011-10-24 16:00:00,364.15435288913875
2011-10-24 17:00:00,693.8047425521197
2011-10-24 18:00:00,648.551409938079
2011-10-24 19:00:00,325.7021660464935
2011-10-24 20:00:00,181.55785718216595
2011-10-24 21:00:00,186.13617579638137
2011-10-24 22:00:00,170.24302521665734
2011-10-24 23:00:00,108.46734830150159
2011-10-25 00:00:00,45.261539433652395
2011-10-25 01:00:00,18.90232174232029
2011-10-25 02:00:00,8.266980821248923
2011-10-25 03:00:00,4.988600963315581
2011-10-25 04:00:00,5.806232084117512
2011-10-25 05:00:00,27.03940279769491
2011-10-25 06:00:00,128.74972949114877
2011-10-25 07:00:00,367.7055264065748
2011-10-25 08:00:00,618.5395883242497
2011-10-25 09:00:00,316.3629090366436
2011-10-25 10:00:00,181.9407347093538
2011-10-25 11:00:00,198.13623816479281
2011-10-25 12:00:00,271.8846555819714
2011-10-25 13:00:00,277.1505221291556
2011-10-25 14:00:00,257.469451064988
2011-10-25 15:00:00,286.0098117368502
2011-10-25 16:00:00,431.59459964576706
2011-10-25 17:00:00,799.8827076743713
2011-10-25 18:00:00,693.5607938988601
2011-10-25 19:00:00,393.30592552083976
2011-10-25 20:00:00,298.4637231554361
2011-10-25 21:00:00,213.60076671072991
2011-10-25 22:00:00,166.1455100085825
2011-10-25 23:00:00,105.88328486577831
2011-10-26 00:00:00,42.77743637443305
2011-10-26 01:00:00,16.353615050407075
2011-10-26 02:00:00,8.175804414405542
2011-10-26 03:00:00,5.273234273527924
2011-10-26 04:00:00,6.572936926862742
2011-10-26 05:00:00,31.108974858346294
2011-10-26 06:00:00,135.60450162325444
2011-10-26 07:00:00,393.9965991939389
2011-10-26 08:00:00,588.6326997902125
2011-10-26 09:00:00,285.06316808218054
2011-10-26 10:00:00,161.36739755295307
2011-10-26 11:00:00,178.95279597692743
2011-10-26 12:00:00,263.4336368955494
2011-10-26 13:00:00,159.32097147952615
2011-10-26 14:00:00,115.77175231471749
2011-10-26 15:00:00,201.37616009554893
2011-10-26 16:00:00,316.11767625645535
2011-10-26 17:00:00,576.4461820939188
2011-10-26 18:00:00,577.3725215989891
2011-10-26 19:00:00,345.3133702700296
2011-10-26 20:00:00,238.32001317423104
2011-10-26 21:00:00,204.74163141600343
2011-10-26 22:00:00,143.9314675451947
2011-10-26 23:00:00,90.58978133716995
2011-10-27 00:00:00,31.216034897956575
2011-10-27 01:00:00,15.043146749904075
2011-10-27 02:00:00,7.122165438717027
2011-10-27 03:00:00,3.264589407110038
2011-10-27 04:00:00,5.230726068986633
2011-10-27 05:00:00,17.750828440298967
2011-10-27 06:00:00,73.79960449164645
2011-10-27 07:00:00,223.42891192163964
2011-10-27 08:00:00,421.98106971799564
2011-10-27 09:00:00,189.97336917757966
2011-10-27 10:00:00,110.68067687212776
2011-10-27 11:00:00,83.08024687770238
2011-10-27 12:00:00,102.72271729749858
2011-10-27 13:00:00,113.9417553105491
2011-10-27 14:00:00,168.31497944488837
2011-10-27 15:00:00,193.33860529187038
2011-10-27 16:00:00,326.2523557030651
2011-10-27 17:00:00,484.723978716688
2011-10-27 18:00:00,487.9642183039805
2011-10-27 19:00:00,324.6165055605786
2011-10-27 20:00:00,243.09896961749007
2011-10-27 21:00:00,181.78948103475298
2011-10-27 22:00:00,118.82415593562774
2011-10-27 23:00:00,82.06740317123747
2011-10-28 00:00:00,34.65552736274712
2011-10-28 01:00:00,13.901038911978146
2011-10-28 02:00:00,6.26606345260967
2011-10-28 03:00:00,4.352137476413447
2011-10-28 04:00:00,5.111517983590943
2011-10-28 05:00:00,27.717020635828195
2011-10-28 06:00:00,103.23565915137816
2011-10-28 07:00:00,306.33001880695855
2011-10-28 08:00:00,544.6966637459558
2011-10-28 09:00:00,297.79544121008786
2011-10-28 10:00:00,156.0918363248449
2011-10-28 11:00:00,189.78655584239942
2011-10-28 12:00:00,258.2871500998652
2011-10-28 13:00:00,223.8989072986622
2011-10-28 14:00:00,177.39010180231637
2011-10-28 15:00:00,203.30471420410964
2011-10-28 16:00:00,309.59592811747984
2011-10-28 17:00:00,577.6135332615172
2011-10-28 18:00:00,559.6461898604763
2011-10-28 19:00:00,403.53872951526574
2011-10-28 20:00:00,196.88341691964874
2011-10-28 21:00:00,120.82056683681661
2011-10-28 22:00:00,85.24312093668394
2011-10-28 23:00:00,40.15574263988239
2011-10-29 00:00:00,39.609195987532566
2011-10-29 01:00:00,35.438157235717334
2011-10-29 02:00:00,28.147297901157728
2011-10-29 03:00:00,15.681629077179798
2011-10-29 04:00:00,5.343126565599795
2011-10-29 05:00:00,2.6505842134382456
2011-10-29 06:00:00,5.262552288086293
2011-10-29 07:00:00,13.891642782253836
2011-10-29 08:00:00,35.162643815452086
2011-10-29 09:00:00,54.19964047942677
2011-10-29 10:00:00,66.9117654126094
2011-10-29 11:00:00,72.3082118132415
2011-10-29 12:00:00,93.50866130653357
2011-10-29 13:00:00,86.59065723072018
2011-10-29 14:00:00,82.2484714065033
2011-10-29 15:00:00,82.5432854842305
2011-10-29 16:00:00,68.34576467517516
2011-10-29 17:00:00,71.6208353598351
2011-10-29 18:00:00,64.28368868678211
2011-10-29 19:00:00,71.73163660016797
2011-10-29 20:00:00,72.64992543415656
2011-10-29 21:00:00,63.041566677700004
2011-10-29 22:00:00,61.42210186799438
2011-10-29 23:00:00,46.70928854845827
2011-10-30 00:00:00,55.9734821864461
2011-10-30 01:00:00,46.08015494836103
2011-10-30 02:00:00,33.090501199285875
2011-10-30 03:00:00,18.402498039176763
2011-10-30 04:00:00,5.0751034884659125
2011-10-30 05:00:00,5.837142571983053
2011-10-30 06:00:00,12.388666239652453
2011-10-30 07:00:00,29.954758296215882
2011-10-30 08:00:00,86.82057491287804
2011-10-30 09:00:00,158.09965624072234
2011-10-30 10:00:00,254.6946436499077
2011-10-30 11:00:00,338.97254068368943
2011-10-30 12:00:00,378.24190321761415
2011-10-30 13:00:00,438.4099519135539
2011-10-30 14:00:00,447.1564723058318
2011-10-30 15:00:00,502.71204807978404
2011-10-30 16:00:00,463.8581566927841
2011-10-30 17:00:00,409.413016691923
2011-10-30 18:00:00,284.40602078014274
2011-10-30 19:00:00,310.752565415972
2011-10-30 20:00:00,145.1621360284979
2011-10-30 21:00:00,107.77292828021525
2011-10-30 22:00:00,90.93015311599784
2011-10-30 23:00:00,49.51312176923781
2011-10-31 00:00:00,23.038977276333846
2011-10-31 01:00:00,11.289399174440085
2011-10-31 02:00:00,4.67737564332013
2011-10-31 03:00:00,3.4435078225836753
2011-10-31 04:00:00,4.051182011541138
2011-10-31 05:00:00,15.143641400598534
2011-10-31 06:00:00,83.53462966052945
2011-10-31 07:00:00,240.85313900122986
2011-10-31 08:00:00,516.6512553133531
2011-10-31 09:00:00,277.32789437471536
2011-10-31 10:00:00,172.37462633322036
2011-10-31 11:00:00,188.50777408461542
2011-10-31 12:00:00,250.51842754767773
2011-10-31 13:00:00,244.9519623042331
2011-10-31 14:00:00,189.60593598221857
2011-10-31 15:00:00,232.97626221257224
2011-10-31 16:00:00,375.6928535302293
2011-10-31 17:00:00,699.3518515442079
2011-10-31 18:00:00,542.26634314496755
2011-10-31 19:00:00,381.9747079929186
2011-10-31 20:00:00,276.448584471847
2011-10-31 21:00:00,166.16139394118142
2011-10-31 22:00:00,136.82954825583982
2011-10-31 23:00:00,90.23991623529602
2011-11-20 00:00:00,91.06184138735549
2011-11-20 01:00:00,75.7495900562575
2011-11-20 02:00:00,53.38241993347734
2011-11-20 03:00:00,25.90714547235262
2011-11-20 04:00:00,7.813297826845609
2011-11-20 05:00:00,7.710094558274855
2011-11-20 06:00:00,15.886612605560048
2011-11-20 07:00:00,40.33560292528444
2011-11-20 08:00:00,97.24236068631508
2011-11-20 09:00:00,189.11072719417498
2011-11-20 10:00:00,297.91847870685586
2011-11-20 11:00:00,305.76237928115233
2011-11-20 12:00:00,367.02942679595395
2011-11-20 13:00:00,422.54265086571104
2011-11-20 14:00:00,394.0253592512581
2011-11-20 15:00:00,421.84073544798076
2011-11-20 16:00:00,418.2653024912375
2011-11-20 17:00:00,338.93904035019307
2011-11-20 18:00:00,310.06350634991094
2011-11-20 19:00:00,218.4443153201955
2011-11-20 20:00:00,213.70309623668118
2011-11-20 21:00:00,135.20917237573198
2011-11-20 22:00:00,71.58096349983089
2011-11-20 23:00:00,40.28686348703583
2011-11-21 00:00:00,18.967830692916046
2011-11-21 01:00:00,8.355321339444012
2011-11-21 02:00:00,3.4663179238976074
2011-11-21 03:00:00,2.4669157200922025
2011-11-21 04:00:00,3.1884830412449037
2011-11-21 05:00:00,13.130411523366476
2011-11-21 06:00:00,81.55359853395
2011-11-21 07:00:00,269.47143235276525
2011-11-21 08:00:00,411.3333001061464
2011-11-21 09:00:00,201.86679012715476
2011-11-21 10:00:00,130.36627254525084
2011-11-21 11:00:00,143.57429220204628
2011-11-21 12:00:00,191.93825306097193
2011-11-21 13:00:00,170.30751336795626
2011-11-21 14:00:00,134.01459272019912
2011-11-21 15:00:00,85.26272006920671
2011-11-21 16:00:00,83.80277554578214
2011-11-21 17:00:00,146.0074078507323
2011-11-21 18:00:00,203.52099268287984
2011-11-21 19:00:00,127.00616541031323
2011-11-21 20:00:00,100.48336382007155
2011-11-21 21:00:00,83.259043054344275
2011-11-21 22:00:00,63.68765383811043
2011-11-21 23:00:00,42.8781275037202
2011-11-22 00:00:00,17.69721904026693
2011-11-22 01:00:00,7.99622070842629
2011-11-22 02:00:00,4.042698860318122
2011-11-22 03:00:00,2.564807875791511
2011-11-22 04:00:00,4.013650069721254
2011-11-22 05:00:00,13.872395034172657
2011-11-22 06:00:00,74.32218344153651
2011-11-22 07:00:00,202.9218911917307
2011-11-22 08:00:00,235.4942648590586
2011-11-22 09:00:00,94.53147181904225
2011-11-22 10:00:00,49.188079286392416
2011-11-22 11:00:00,55.646969090506595
2011-11-22 12:00:00,55.99685445225299
2011-11-22 13:00:00,51.31925030689742
2011-11-22 14:00:00,44.90027119979357
2011-11-22 15:00:00,57.032499864330426
2011-11-22 16:00:00,87.52725253914974
2011-11-22 17:00:00,155.97131095916296
2011-11-22 18:00:00,146.8542520830398
2011-11-22 19:00:00,130.40649127312295
2011-11-22 20:00:00,96.76748058050774
2011-11-22 21:00:00,98.44690553712137
2011-11-22 22:00:00,95.64670786145348
2011-11-22 23:00:00,60.12111608345523
2011-11-23 00:00:00,21.911826527252025
2011-11-23 01:00:00,8.110711135072043
2011-11-23 02:00:00,3.1721583162143876
2011-11-23 03:00:00,1.7970129755409074
2011-11-23 04:00:00,2.9281108593020737
2011-11-23 05:00:00,13.891524451580214
2011-11-23 06:00:00,76.74782042764716
2011-11-23 07:00:00,226.07673369951783
2011-11-23 08:00:00,436.7414097401728
2011-11-23 09:00:00,194.717294399634
2011-11-23 10:00:00,97.75519322367036
2011-11-23 11:00:00,139.67484079667838
2011-11-23 12:00:00,182.0657560579829
2011-11-23 13:00:00,193.91251629227068
2011-11-23 14:00:00,175.65528994780837
2011-11-23 15:00:00,187.6943978284818
2011-11-23 16:00:00,260.97191997787513
2011-11-23 17:00:00,380.7699981979435
2011-11-23 18:00:00,391.9196736600383
2011-11-23 19:00:00,347.3581588612356
2011-11-23 20:00:00,216.45011189252077
2011-11-23 21:00:00,158.49610675759237
2011-11-23 22:00:00,118.73461538396121
2011-11-23 23:00:00,81.87358520661486
2011-11-24 00:00:00,65.73129090173563
2011-11-24 01:00:00,35.12626304669231
2011-11-24 02:00:00,22.750408069270822
2011-11-24 03:00:00,9.254798036585692
2011-11-24 04:00:00,8.470477187596689
2011-11-24 05:00:00,12.154107090891225
2011-11-24 06:00:00,33.31537515632069
2011-11-24 07:00:00,76.9882111106116
2011-11-24 08:00:00,185.39628063911775
2011-11-24 09:00:00,245.00521888334342
2011-11-24 10:00:00,247.89819491799494
2011-11-24 11:00:00,275.81974471035534
2011-11-24 12:00:00,321.15031398098733
2011-11-24 13:00:00,314.99540061265594
2011-11-24 14:00:00,292.8133089461513
2011-11-24 15:00:00,303.71431597469433
2011-11-24 16:00:00,323.2042828171066
2011-11-24 17:00:00,395.4255810451992
2011-11-24 18:00:00,349.73647071320306
2011-11-24 19:00:00,319.22386724424297
2011-11-24 20:00:00,184.35219665213225
2011-11-24 21:00:00,165.7448718133493
2011-11-24 22:00:00,130.80245742853077
2011-11-24 23:00:00,68.61716401254195
2011-11-25 00:00:00,37.80768099112364
2011-11-25 01:00:00,14.777906938449133
2011-11-25 02:00:00,6.491416488699371
2011-11-25 03:00:00,4.700327058693254
2011-11-25 04:00:00,5.97468159155685
2011-11-25 05:00:00,25.49910983610594
2011-11-25 06:00:00,99.38124175086378
2011-11-25 07:00:00,302.72982946398224
2011-11-25 08:00:00,538.7158588402758
2011-11-25 09:00:00,281.8538507855623
2011-11-25 10:00:00,160.7743753249431
2011-11-25 11:00:00,176.1306790217624
2011-11-25 12:00:00,219.16381545719125
2011-11-25 13:00:00,211.93716545296783
2011-11-25 14:00:00,199.5262320786478
2011-11-25 15:00:00,221.1684794268854
2011-11-25 16:00:00,342.5352006378887
2011-11-25 17:00:00,621.8755478138547
2011-11-25 18:00:00,524.288411712235
2011-11-25 19:00:00,338.8385883535842
2011-11-25 20:00:00,269.98289023502014
2011-11-25 21:00:00,166.21802143700845
2011-11-25 22:00:00,132.8431869480283
2011-11-25 23:00:00,82.87503418223186
2011-11-26 00:00:00,95.84960151974755
2011-11-26 01:00:00,72.16211797577658
2011-11-26 02:00:00,52.86662734696561
2011-11-26 03:00:00,24.81483716156754
2011-11-26 04:00:00,7.931939828635158
2011-11-26 05:00:00,8.184517516298884
2011-11-26 06:00:00,17.44639955424349
2011-11-26 07:00:00,36.180033892112746
2011-11-26 08:00:00,105.59445548454869
2011-11-26 09:00:00,182.4522451176994
2011-11-26 10:00:00,249.38085843596073
2011-11-26 11:00:00,350.1946053782615
2011-11-26 12:00:00,403.8531862254155
2011-11-26 13:00:00,424.23810638494217
2011-11-26 14:00:00,394.278003115835
2011-11-26 15:00:00,401.5482377344677
2011-11-26 16:00:00,373.1465654766132
2011-11-26 17:00:00,330.310152114975
2011-11-26 18:00:00,302.4322192954343
2011-11-26 19:00:00,230.2637726120886
2011-11-26 20:00:00,184.90365006409772
2011-11-26 21:00:00,136.05858159844527
2011-11-26 22:00:00,119.47929675540566
2011-11-26 23:00:00,80.94473273479569
2011-11-27 00:00:00,87.90589419393638
2011-11-27 01:00:00,74.87382279612822
2011-11-27 02:00:00,54.67643805538398
2011-11-27 03:00:00,23.902337253747717
2011-11-27 04:00:00,8.040176828017563
2011-11-27 05:00:00,7.396746677858394
2011-11-27 06:00:00,17.580131626443855
2011-11-27 07:00:00,39.83459108712337
2011-11-27 08:00:00,91.56938107570191
2011-11-27 09:00:00,160.37302516106232
2011-11-27 10:00:00,241.0429173883102
2011-11-27 11:00:00,279.9607260898143
2011-11-27 12:00:00,414.39255250404267
2011-11-27 13:00:00,448.6754010670874
2011-11-27 14:00:00,429.36831310964834
2011-11-27 15:00:00,474.05834397974473
2011-11-27 16:00:00,455.9786630547058
2011-11-27 17:00:00,384.6609921005771
2011-11-27 18:00:00,263.99676743358907
2011-11-27 19:00:00,197.50954857382
2011-11-27 20:00:00,159.92299032382945
2011-11-27 21:00:00,121.87172359858508
2011-11-27 22:00:00,102.38438510513684
2011-11-27 23:00:00,80.61822918467678
2011-11-28 00:00:00,32.78644494410049
2011-11-28 01:00:00,13.742739404995
2011-11-28 03:00:00,4.556240680820775
2011-11-28 04:00:00,6.374700122771902
2011-11-28 05:00:00,26.664243779409528
2011-11-28 06:00:00,126.50055159636332
2011-11-28 07:00:00,356.3602260193279
2011-11-28 08:00:00,472.2310812937572
2011-11-28 09:00:00,245.72297414547722
2011-11-28 10:00:00,146.135951718265
2011-11-28 11:00:00,156.03635005560622
2011-11-28 12:00:00,207.83068019957682
2011-11-28 13:00:00,215.46582096482874
2011-11-28 14:00:00,200.49988779681118
2011-11-28 15:00:00,216.68757674473846
2011-11-28 16:00:00,322.9314759874454
2011-11-28 17:00:00,589.4526787800731
2011-11-28 18:00:00,482.57680273943447
2011-11-28 19:00:00,321.33520358888603
2011-11-28 20:00:00,219.3741100705359
2011-11-28 21:00:00,168.06690783978155
2011-11-28 22:00:00,131.28862266541884
2011-11-28 23:00:00,84.15028021909366
2011-11-29 00:00:00,33.23708395769999
2011-11-29 01:00:00,15.405484668914887
2011-11-29 02:00:00,6.196201945469892
2011-11-29 03:00:00,4.0775728126893265
2011-11-29 04:00:00,5.002823518406386
2011-11-29 05:00:00,21.294378298955632
2011-11-29 06:00:00,108.30761746081316
2011-11-29 07:00:00,343.0721477118948
2011-11-29 08:00:00,525.6545114962837
2011-11-29 09:00:00,213.24156947742276
2011-11-29 10:00:00,81.73914205198922
2011-11-29 11:00:00,46.62832950071033
2011-11-29 12:00:00,69.04846483840012
2011-11-29 13:00:00,79.05730168731637
2011-11-29 14:00:00,51.647594187861564
2011-11-29 15:00:00,53.29074547046271
2011-11-29 16:00:00,102.68549289229983
2011-11-29 17:00:00,221.34284787143332
2011-11-29 18:00:00,326.6227209593988
2011-11-29 19:00:00,242.07746182825264
2011-11-29 20:00:00,192.2237605555002
2011-11-29 21:00:00,151.76078687493515
2011-11-29 22:00:00,103.40597647168102
2011-11-29 23:00:00,73.27526773093003
2011-11-30 00:00:00,36.20894037897879
2011-11-30 01:00:00,14.054345136568072
2011-11-30 02:00:00,6.956494438591362
2011-11-30 03:00:00,5.005142454518903
2011-11-30 04:00:00,5.864511956009246
2011-11-30 05:00:00,25.235862094566794
2011-11-30 06:00:00,90.03614849322288
2011-11-30 07:00:00,318.77833941500336
2011-11-30 08:00:00,585.3304693248302
2011-11-30 09:00:00,285.016250001363
2011-11-30 10:00:00,147.9927973952341
2011-11-30 11:00:00,161.6917758227078
2011-11-30 12:00:00,220.02957007824608
2011-11-30 13:00:00,214.6285850731072
2011-11-30 14:00:00,191.51495400726836
2011-11-30 15:00:00,180.59369409287538
2011-11-30 16:00:00,268.4686893109019
2011-11-30 17:00:00,498.92078845313705
2011-11-30 18:00:00,464.7488945290795
2011-11-30 19:00:00,286.04658593165544
2011-11-30 20:00:00,235.45411714330118
2011-11-30 21:00:00,175.3877251967328
2011-11-30 22:00:00,115.04594649475722
2011-11-30 23:00:00,75.35740513582945
2011-12-20 00:00:00,42.14303075959964
2011-12-20 01:00:00,17.631972564147745
2011-12-20 02:00:00,7.612027001297122
2011-12-20 03:00:00,4.801648471859544
2011-12-20 04:00:00,7.441366093789566
2011-12-20 05:00:00,30.452228953218896
2011-12-20 06:00:00,129.34821301178397
2011-12-20 07:00:00,343.89779010050125
2011-12-20 08:00:00,587.3461348539041
2011-12-20 09:00:00,280.2215382583726
2011-12-20 10:00:00,145.0782195400341
2011-12-20 11:00:00,166.40619943965808
2011-12-20 12:00:00,214.29014265275848
2011-12-20 13:00:00,215.36614558678104
2011-12-20 14:00:00,188.87886408660907
2011-12-20 15:00:00,198.23867574032866
2011-12-20 16:00:00,308.55616505432863
2011-12-20 17:00:00,610.0960748583763
2011-12-20 18:00:00,458.5624070097347
2011-12-20 19:00:00,331.76918622183865
2011-12-20 20:00:00,220.97301010333513
2011-12-20 21:00:00,176.85836732770696
2011-12-20 22:00:00,136.34149228051515
2011-12-20 23:00:00,104.0687941853326
2011-12-21 00:00:00,26.403031540179935
2011-12-21 01:00:00,11.336549207024198
2011-12-21 02:00:00,5.60693866060321
2011-12-21 03:00:00,3.356162012618457
2011-12-21 04:00:00,3.7420218011377626
2011-12-21 05:00:00,19.261569182897354
2011-12-21 06:00:00,83.32091416311074
2011-12-21 07:00:00,245.69570998713974
2011-12-21 08:00:00,275.1890173477983
2011-12-21 09:00:00,131.71931428637632
2011-12-21 10:00:00,89.67319355031383
2011-12-21 11:00:00,92.05684235022215
2011-12-21 12:00:00,74.26602730108542
2011-12-21 13:00:00,34.88856831808408
2011-12-21 14:00:00,55.0380122316234
2011-12-21 15:00:00,93.72062204549731
2011-12-21 16:00:00,62.63653725332143
2011-12-21 17:00:00,90.48411766321979
2011-12-21 18:00:00,127.24992225110034
2011-12-21 19:00:00,161.8646678411457
2011-12-21 20:00:00,107.32849503684096
2011-12-21 21:00:00,125.25993547864577
2011-12-21 22:00:00,107.29027160003862
2011-12-21 23:00:00,70.49255960438131
2011-12-22 00:00:00,33.442954871279525
2011-12-22 01:00:00,10.23770452205496
2011-12-22 02:00:00,7.666162966175638
2011-12-22 03:00:00,3.8747618924402376
2011-12-22 04:00:00,3.7342078473481095
2011-12-22 05:00:00,19.927906268255416
2011-12-22 06:00:00,90.13845981294664
2011-12-22 07:00:00,208.82414484664156
2011-12-22 08:00:00,484.60314718726045
2011-12-22 09:00:00,259.5849810566
2011-12-22 10:00:00,110.03699146654215
2011-12-22 11:00:00,127.24752604127198
2011-12-22 12:00:00,172.00541673515778
2011-12-22 13:00:00,159.90917142496176
2011-12-22 14:00:00,145.13490457423288
2011-12-22 15:00:00,161.1574859552131
2011-12-22 16:00:00,221.12042417486063
2011-12-22 17:00:00,346.6796543779342
2011-12-22 18:00:00,352.13354950710794
2011-12-22 19:00:00,252.31471381277356
2011-12-22 20:00:00,137.32363568051696
2011-12-22 21:00:00,100.44064837843533
2011-12-22 22:00:00,43.57674347997088
2011-12-22 23:00:00,33.781427533053126
2011-12-23 00:00:00,14.514326599992451
2011-12-23 01:00:00,6.825435009607128
2011-12-23 02:00:00,4.5389029048869585
2011-12-23 03:00:00,2.5029092499787917
2011-12-23 04:00:00,1.9871776739835902
2011-12-23 05:00:00,11.338754511248089
2011-12-23 06:00:00,80.10657673797128
2011-12-23 07:00:00,228.8869812687307
2011-12-23 08:00:00,451.4971349001211
2011-12-23 09:00:00,212.21609001697578
2011-12-23 10:00:00,107.59739903848639
2011-12-23 11:00:00,115.14349092510234
2011-12-23 12:00:00,143.90615259683298
2011-12-23 13:00:00,143.56975687804822
2011-12-23 14:00:00,135.52771670742513
2011-12-23 15:00:00,134.56184143592898
2011-12-23 16:00:00,192.28561616166925
2011-12-23 17:00:00,340.4043618906496
2011-12-23 18:00:00,297.8371435896979
2011-12-23 19:00:00,205.678495719898
2011-12-23 20:00:00,128.11626460636913
2011-12-23 21:00:00,105.14004398776507
2011-12-23 22:00:00,80.0690529334569
2011-12-23 23:00:00,53.5609553838776
2011-12-24 00:00:00,42.69052633802067
2011-12-24 01:00:00,36.32361155538031
2011-12-24 02:00:00,29.827721344358295
2011-12-24 03:00:00,14.06074723855948
2011-12-24 04:00:00,3.8139290799090833
2011-12-24 05:00:00,3.700645432531333
2011-12-24 06:00:00,6.24675581023101
2011-12-24 07:00:00,18.360314052234678
2011-12-24 08:00:00,50.84761313527748
2011-12-24 09:00:00,86.32215740032129
2011-12-24 10:00:00,132.90827493315794
2011-12-24 11:00:00,169.27499190244905
2011-12-24 12:00:00,216.097825601698
2011-12-24 13:00:00,210.78175140713216
2011-12-24 14:00:00,198.436405973813
2011-12-24 15:00:00,194.14181210369708
2011-12-24 16:00:00,188.8368222801353
2011-12-24 17:00:00,151.2654289778794
2011-12-24 18:00:00,129.20956636978377
2011-12-24 19:00:00,100.43448685696477
2011-12-24 20:00:00,68.9834042008762
2011-12-24 21:00:00,57.747884003976125
2011-12-24 22:00:00,44.83344743185702
2011-12-24 23:00:00,34.44423032381652
2011-12-25 00:00:00,40.73868505582359
2011-12-25 01:00:00,35.607019569977055
2011-12-25 02:00:00,26.078563646689297
2011-12-25 03:00:00,11.312684193173151
2011-12-25 05:00:00,3.458036331710955
2011-12-25 06:00:00,6.053847342980994
2011-12-25 07:00:00,18.999806913866344
2011-12-25 08:00:00,40.856449792990546
2011-12-25 09:00:00,95.100832896322
2011-12-25 10:00:00,127.31568131911632
2011-12-25 11:00:00,179.92414772836037
2011-12-25 12:00:00,189.05648948627308
2011-12-25 13:00:00,189.94893931035614
2011-12-25 14:00:00,189.98827193818275
2011-12-25 15:00:00,191.61555873438266
2011-12-25 16:00:00,235.28967878914506
2011-12-25 17:00:00,179.5488258265727
2011-12-25 18:00:00,119.771318077082
2011-12-25 19:00:00,102.60894134911912
2011-12-25 20:00:00,82.30108354028206
2011-12-25 21:00:00,67.78298014004612
2011-12-25 22:00:00,52.458037756008565
2011-12-25 23:00:00,35.1108151922452
2011-12-26 00:00:00,29.843121394293068
2011-12-26 01:00:00,20.409798072693338
2011-12-26 02:00:00,15.388341615674763
2011-12-26 04:00:00,4.848977993888777
2011-12-26 05:00:00,7.037184031050058
2011-12-26 06:00:00,17.44418481923815
2011-12-26 07:00:00,47.35493213592564
2011-12-26 08:00:00,112.6015620483052
2011-12-26 09:00:00,124.15788886576925
2011-12-26 10:00:00,137.73620475878457
2011-12-26 11:00:00,144.24812694712762
2011-12-26 12:00:00,186.4892961127634
2011-12-26 13:00:00,205.04414759917108
2011-12-26 14:00:00,194.49327125597844
2011-12-26 15:00:00,204.99984277033158
2011-12-26 16:00:00,195.78812486962607
2011-12-26 17:00:00,181.55498759146303
2011-12-26 18:00:00,162.839343518039
2011-12-26 19:00:00,134.55857053818264
2011-12-26 20:00:00,104.73784344991024
2011-12-26 21:00:00,76.72308838390354
2011-12-26 22:00:00,62.20342725498378
2011-12-26 23:00:00,36.3792091608393
2011-12-27 00:00:00,19.69558100452261
2011-12-27 01:00:00,9.06391557320309
2011-12-27 02:00:00,4.632736664234719
2011-12-27 03:00:00,2.759094477239386
2011-12-27 04:00:00,2.801519627279482
2011-12-27 05:00:00,13.279734669640392
2011-12-27 06:00:00,63.208634223415075
2011-12-27 07:00:00,167.5534987753882
2011-12-27 08:00:00,369.2049941809233
2011-12-27 09:00:00,162.848397897574
2011-12-27 10:00:00,83.64750697569522
2011-12-27 11:00:00,81.88636086771736
2011-12-27 12:00:00,60.40750122121995
2011-12-27 13:00:00,52.64457665054633
2011-12-27 14:00:00,40.22561646651968
2011-12-27 15:00:00,42.95134286595223
2011-12-27 16:00:00,59.34761539828172
2011-12-27 17:00:00,186.13968946238595
2011-12-27 18:00:00,202.2355925247194
2011-12-27 19:00:00,196.94296457500965
2011-12-27 20:00:00,110.83984307533733
2011-12-27 21:00:00,96.33946198431146
2011-12-27 22:00:00,74.87513945489658
2011-12-27 23:00:00,42.82483952840981
2011-12-28 00:00:00,19.251313143481056
2011-12-28 01:00:00,9.36493300700831
2011-12-28 02:00:00,4.7028441677074175
2011-12-28 03:00:00,2.9001561226813144
2011-12-28 05:00:00,14.545625149383717
2011-12-28 06:00:00,73.68221649025287
2011-12-28 07:00:00,201.5242202893599
2011-12-28 08:00:00,401.36912542267504
2011-12-28 09:00:00,209.676194047134
2011-12-28 10:00:00,105.93837263964663
2011-12-28 11:00:00,119.340550992323
2011-12-28 12:00:00,126.1545771425782
2011-12-28 13:00:00,122.81042820511374
2011-12-28 14:00:00,105.71870740100728
2011-12-28 15:00:00,116.06014507646975
2011-12-28 16:00:00,160.45853326310854
2011-12-28 17:00:00,293.26365882181665
2011-12-28 18:00:00,241.44722465893574
2011-12-28 19:00:00,168.4692857188157
2011-12-28 20:00:00,122.28587359550788
2011-12-28 21:00:00,85.59846068514175
2011-12-28 22:00:00,66.14190681065497
2011-12-28 23:00:00,40.07691013815713
2011-12-29 00:00:00,16.427881938647705
2011-12-29 01:00:00,6.597920336259396
2011-12-29 02:00:00,3.8382510097490306
2011-12-29 03:00:00,1.829426543131442
2011-12-29 04:00:00,1.9846198345295218
2011-12-29 05:00:00,12.44980100315297
2011-12-29 06:00:00,54.36481828946976
2011-12-29 07:00:00,157.5025914959972
2011-12-29 08:00:00,292.65034910577765
2011-12-29 09:00:00,167.80826558213477
2011-12-29 10:00:00,65.88979999038749
2011-12-29 11:00:00,88.31864685198546
2011-12-29 12:00:00,112.93188299289803
2011-12-29 13:00:00,116.39766798958925
2011-12-29 14:00:00,102.88106873587792
2011-12-29 15:00:00,115.44471994351629
2011-12-29 16:00:00,148.18597806313596
2011-12-29 17:00:00,272.2841145921511
2011-12-29 18:00:00,262.78674053096626
2011-12-29 19:00:00,186.48398992198605
2011-12-29 20:00:00,125.45647148376112
2011-12-29 21:00:00,96.8378010952853
2011-12-29 22:00:00,75.1235051584858
2011-12-29 23:00:00,47.868409227692446
2011-12-30 00:00:00,23.802300630231574
2011-12-30 01:00:00,8.285035979600387
2011-12-30 02:00:00,4.340297482191609
2011-12-30 03:00:00,2.825053000942923
2011-12-30 04:00:00,2.610721364187094
2011-12-30 05:00:00,12.69653083069964
2011-12-30 06:00:00,70.2463179655134
2011-12-30 07:00:00,192.22056531261484
2011-12-30 08:00:00,403.9648139364125
2011-12-30 09:00:00,202.17406306420554
2011-12-30 10:00:00,87.55668209896218
2011-12-30 11:00:00,107.15745258010409
2011-12-30 12:00:00,144.50408551111659
2011-12-30 13:00:00,161.67591781443048
2011-12-30 14:00:00,139.86751853724124
2011-12-30 15:00:00,168.89445141581646
2011-12-30 16:00:00,233.0393393413761
2011-12-30 17:00:00,390.4296680072598
2011-12-30 18:00:00,325.8361654063804
2011-12-30 19:00:00,188.87004095020941
2011-12-30 20:00:00,165.43589681289666
2011-12-30 21:00:00,130.57586732535694
2011-12-30 22:00:00,94.75230806416262
2011-12-30 23:00:00,58.47543839476409
2011-12-31 00:00:00,38.56611444348466
2011-12-31 01:00:00,32.55052965638699
2011-12-31 02:00:00,24.883682028893173
2011-12-31 03:00:00,11.484059815609225
2011-12-31 04:00:00,4.450069854221549
2011-12-31 05:00:00,4.256131531821277
2011-12-31 06:00:00,7.566069984498072
2011-12-31 07:00:00,15.526737129545873
2011-12-31 08:00:00,48.74005495512662
2011-12-31 09:00:00,119.890365566688
2011-12-31 10:00:00,195.5691874534582
2011-12-31 11:00:00,234.8071097016372
2011-12-31 12:00:00,336.59146462607526
2011-12-31 13:00:00,280.91148181352645
2011-12-31 14:00:00,258.50277756951556
2011-12-31 15:00:00,254.00716878126755
2011-12-31 16:00:00,233.123144318453
2011-12-31 17:00:00,204.23594188430613
2011-12-31 18:00:00,194.63276994684097
2011-12-31 19:00:00,138.93380134750552
2011-12-31 20:00:00,110.86500085768358
2011-12-31 21:00:00,89.70675568204994
2011-12-31 22:00:00,76.05318199583353
2011-12-31 23:00:00,51.143195469980405
2012-01-20 00:00:00,16.424116731644155
2012-01-20 01:00:00,7.5135408054874935
2012-01-20 02:00:00,4.180460480329665
2012-01-20 03:00:00,2.2748527414764803
2012-01-20 04:00:00,1.9577044370294046
2012-01-20 05:00:00,10.71407675364654
2012-01-20 06:00:00,52.78616580705338
2012-01-20 07:00:00,132.96338633314636
2012-01-20 08:00:00,264.3329662066238
2012-01-20 09:00:00,130.8247119912681
2012-01-20 10:00:00,60.34835603241538
2012-01-20 11:00:00,50.511843869880465
2012-01-20 12:00:00,64.37386752566947
2012-01-20 13:00:00,67.61212528425318
2012-01-20 14:00:00,66.51613456575687
2012-01-20 15:00:00,73.4683161640949
2012-01-20 16:00:00,97.76019774944334
2012-01-20 17:00:00,179.65073510106498
2012-01-20 18:00:00,190.5985628142536
2012-01-20 19:00:00,139.57914399676764
2012-01-20 20:00:00,93.73354766009555
2012-01-20 21:00:00,73.55012710493389
2012-01-20 22:00:00,48.293039622368845
2012-01-20 23:00:00,20.741541620857312
2012-01-21 00:00:00,18.391508325838757
2012-01-21 01:00:00,13.213061317102605
2012-01-21 02:00:00,11.39821176373167
2012-01-21 03:00:00,4.930258413653222
2012-01-21 04:00:00,1.8342070309428762
2012-01-21 05:00:00,1.5113437730396433
2012-01-21 06:00:00,1.791542309600835
2012-01-21 07:00:00,5.5292134733293326
2012-01-21 08:00:00,19.018168317410517
2012-01-21 09:00:00,42.9647868830301
2012-01-21 10:00:00,41.50342592949681
2012-01-21 11:00:00,54.474784907992095
2012-01-21 12:00:00,91.37232251436228
2012-01-21 13:00:00,82.92247345008768
2012-01-21 14:00:00,64.09638211499924
2012-01-21 15:00:00,40.1833607736359
2012-01-21 16:00:00,46.61025896161253
2012-01-21 17:00:00,59.8056408230858
2012-01-21 18:00:00,63.18225802976498
2012-01-21 19:00:00,46.55104209829699
2012-01-21 20:00:00,34.73763038959728
2012-01-21 21:00:00,39.69846734182747
2012-01-21 22:00:00,27.215469441446857
2012-01-21 23:00:00,20.24114636003733
2012-01-22 00:00:00,23.10074025432778
2012-01-22 01:00:00,20.348282835326067
2012-01-22 02:00:00,14.882076422587025
2012-01-22 03:00:00,6.980972817845176
2012-01-22 04:00:00,1.6758422209448849
2012-01-22 05:00:00,1.7921886912286162
2012-01-22 06:00:00,3.4860417264849395
2012-01-22 07:00:00,10.770312995154466
2012-01-22 08:00:00,27.474515605534876
2012-01-22 09:00:00,50.586495199076175
2012-01-22 10:00:00,69.38559994237599
2012-01-22 11:00:00,58.17511162288093
2012-01-22 12:00:00,60.54933754708769
2012-01-22 13:00:00,93.07226682668622
2012-01-22 14:00:00,85.95145624884418
2012-01-22 15:00:00,83.44251501586947
2012-01-22 16:00:00,81.20436771978852
2012-01-22 17:00:00,73.6568706901336
2012-01-22 18:00:00,47.37718178805971
2012-01-22 19:00:00,30.68934347520771
2012-01-22 20:00:00,23.463605610612984
2012-01-22 21:00:00,19.20329241629357
2012-01-22 22:00:00,19.64974320575104
2012-01-22 23:00:00,20.043136790890077
2012-01-23 00:00:00,11.47531956768711
2012-01-23 01:00:00,5.0829933517134585
2012-01-23 02:00:00,2.601094848030172
2012-01-23 03:00:00,1.6183816852448367
2012-01-23 04:00:00,1.7456196400095867
2012-01-23 05:00:00,7.996323374510533
2012-01-23 06:00:00,38.807974112628585
2012-01-23 07:00:00,84.48220251219443
2012-01-23 08:00:00,151.59405258565954
2012-01-23 09:00:00,95.0058837403506
2012-01-23 10:00:00,44.400658261102606
2012-01-23 11:00:00,51.83002619071945
2012-01-23 12:00:00,57.681274707225064
2012-01-23 13:00:00,40.141037808680494
2012-01-23 14:00:00,22.340692781582824
2012-01-23 15:00:00,27.214329813964007
2012-01-23 16:00:00,87.31477134593298
2012-01-23 17:00:00,163.9434129180995
2012-01-23 18:00:00,172.11282779405812
2012-01-23 19:00:00,114.87153162184265
2012-01-23 20:00:00,66.0671200389177
2012-01-23 21:00:00,47.80179754783009
2012-01-23 22:00:00,37.30410932285718
2012-01-23 23:00:00,25.73875225789396
2012-01-24 00:00:00,9.46031758518985
2012-01-24 01:00:00,5.442486564489091
2012-01-24 02:00:00,2.9287220947436334
2012-01-24 03:00:00,2.059123981919886
2012-01-24 04:00:00,1.895308174504592
2012-01-24 05:00:00,9.348187281615935
2012-01-24 06:00:00,46.102434549680545
2012-01-24 07:00:00,158.63937583856182
2012-01-24 08:00:00,320.0173757217075
2012-01-24 09:00:00,188.64234548428664
2012-01-24 10:00:00,64.87529132379233
2012-01-24 11:00:00,96.12361944922388
2012-01-24 12:00:00,109.19097255254678
2012-01-24 13:00:00,98.34901522037413
2012-01-24 14:00:00,93.75022451262808
2012-01-24 15:00:00,130.81468281441553
2012-01-24 16:00:00,192.63706615784494
2012-01-24 17:00:00,401.0927110347271
2012-01-24 18:00:00,348.40696045767254
2012-01-24 19:00:00,256.72611966480986
2012-01-24 20:00:00,114.7821429089923
2012-01-24 21:00:00,104.57282613084938
2012-01-24 22:00:00,64.70277125538172
2012-01-24 23:00:00,42.544733297969245
2012-01-25 00:00:00,12.596705994631606
2012-01-25 01:00:00,8.089648153054478
2012-01-25 02:00:00,4.049682769557696
2012-01-25 03:00:00,2.3146192058142585
2012-01-25 04:00:00,2.14263084579626
2012-01-25 05:00:00,12.09002037582564
2012-01-25 06:00:00,54.364075627163935
2012-01-25 07:00:00,157.63303619512882
2012-01-25 08:00:00,313.4716682366518
2012-01-25 09:00:00,168.8786106185088
2012-01-25 10:00:00,74.26383844548475
2012-01-25 11:00:00,82.52026480547708
2012-01-25 12:00:00,128.36975575316956
2012-01-25 13:00:00,133.74675173951556
2012-01-25 14:00:00,122.70422829870472
2012-01-25 15:00:00,131.24382777477754
2012-01-25 16:00:00,171.15865410279238
2012-01-25 17:00:00,338.38486784122506
2012-01-25 18:00:00,231.97322189339127
2012-01-25 19:00:00,194.33823738182133
2012-01-25 20:00:00,124.29123371874134
2012-01-25 21:00:00,88.7978323081147
2012-01-25 22:00:00,69.07564820123685
2012-01-25 23:00:00,41.38858982008086
2012-01-26 00:00:00,19.031892595914744
2012-01-26 01:00:00,7.920936436372684
2012-01-26 02:00:00,3.8130456927082585
2012-01-26 03:00:00,2.528628902423179
2012-01-26 04:00:00,2.8273355838054504
2012-01-26 05:00:00,15.35053713874328
2012-01-26 06:00:00,60.53645637740982
2012-01-26 07:00:00,192.92666381680473
2012-01-26 08:00:00,398.3902735476389
2012-01-26 09:00:00,206.55639432762766
2012-01-26 10:00:00,85.54066518929064
2012-01-26 11:00:00,79.48840771629659
2012-01-26 12:00:00,120.08696418141645
2012-01-26 13:00:00,125.24512958468172
2012-01-26 14:00:00,114.46954500413163
2012-01-26 15:00:00,127.59350357001628
2012-01-26 16:00:00,179.18108670026612
2012-01-26 17:00:00,319.80564466340917
2012-01-26 18:00:00,304.9728651904742
2012-01-26 19:00:00,209.1547027939309
2012-01-26 20:00:00,133.69949108175072
2012-01-26 21:00:00,109.01197265060918
2012-01-26 22:00:00,84.03008055287546
2012-01-26 23:00:00,50.034906510367144
2012-01-27 00:00:00,17.15474305093207
2012-01-27 01:00:00,7.200186380926691
2012-01-27 02:00:00,4.27070340003133
2012-01-27 03:00:00,2.1700400088388716
2012-01-27 04:00:00,1.448254388295489
2012-01-27 05:00:00,8.63591515017193
2012-01-27 06:00:00,33.03872473755305
2012-01-27 07:00:00,98.10019507615664
2012-01-27 08:00:00,226.0977630608127
2012-01-27 09:00:00,78.45413755839961
2012-01-27 10:00:00,30.7575714141372
2012-01-27 11:00:00,58.60703804410264
2012-01-27 12:00:00,121.40834667792188
2012-01-27 13:00:00,131.99526273012455
2012-01-27 14:00:00,132.90908353522858
2012-01-27 15:00:00,149.95713386078992
2012-01-27 16:00:00,182.64603664514752
2012-01-27 17:00:00,314.64862528514936
2012-01-27 18:00:00,288.3956846781968
2012-01-27 19:00:00,186.0777158599168
2012-01-27 20:00:00,125.98477434887596
2012-01-27 21:00:00,92.96966619089892
2012-01-27 22:00:00,75.7780521500612
2012-01-27 23:00:00,43.17572545270863
2012-01-28 00:00:00,40.13622851093998
2012-01-28 01:00:00,37.221381021909636
2012-01-28 02:00:00,25.658721434339927
2012-01-28 03:00:00,12.151342208097889
2012-01-28 04:00:00,3.426394491357138
2012-01-28 05:00:00,3.1329338898271977
2012-01-28 06:00:00,5.108286396662919
2012-01-28 07:00:00,13.215747363456643
2012-01-28 08:00:00,36.40874837346821
2012-01-28 09:00:00,62.445528519666595
2012-01-28 10:00:00,123.75355019400806
2012-01-28 11:00:00,172.40304632483756
2012-01-28 12:00:00,165.10321115777086
2012-01-28 13:00:00,185.37341321713436
2012-01-28 14:00:00,191.5681109263211
2012-01-28 15:00:00,210.57910203611925
2012-01-28 16:00:00,222.02631436654383
2012-01-28 17:00:00,178.63651312842717
2012-01-28 18:00:00,161.96692323940124
2012-01-28 19:00:00,93.05673929270861
2012-01-28 20:00:00,91.4168138839841
2012-01-28 21:00:00,65.81478505593066
2012-01-28 22:00:00,58.08481635757092
2012-01-28 23:00:00,40.04309420776137
2012-01-29 00:00:00,42.76859008256438
2012-01-29 01:00:00,33.04124219948339
2012-01-29 02:00:00,24.20417970126057
2012-01-29 03:00:00,11.325577065064259
2012-01-29 04:00:00,3.2888529040972965
2012-01-29 05:00:00,2.7420266747707456
2012-01-29 06:00:00,5.113843514099632
2012-01-29 07:00:00,15.645787199326096
2012-01-29 08:00:00,38.71928448740146
2012-01-29 09:00:00,72.15525808316184
2012-01-29 10:00:00,127.42259909739927
2012-01-29 11:00:00,150.23998976089263
2012-01-29 12:00:00,192.35259602868993
2012-01-29 13:00:00,179.46310221987267
2012-01-29 14:00:00,166.26879186725617
2012-01-29 15:00:00,186.52006399327757
2012-01-29 16:00:00,166.43718366984817
2012-01-29 17:00:00,135.89360251407
2012-01-29 18:00:00,110.62852515010475
2012-01-29 19:00:00,90.50676633969871
2012-01-29 20:00:00,73.90840683877109
2012-01-29 21:00:00,56.62286383546401
2012-01-29 22:00:00,46.87203342885027
2012-01-29 23:00:00,35.6964159868451
2012-01-30 00:00:00,17.707903051332437
2012-01-30 01:00:00,6.679021973313779
2012-01-30 02:00:00,3.301467618549753
2012-01-30 03:00:00,2.2238207927605935
2012-01-30 04:00:00,1.898959216829702
2012-01-30 05:00:00,10.472925832001655
2012-01-30 06:00:00,50.30208421969758
2012-01-30 07:00:00,134.70043088982055
2012-01-30 08:00:00,244.25885483980116
2012-01-30 09:00:00,131.8453225994227
2012-01-30 10:00:00,61.768857963007285
2012-01-30 11:00:00,96.1523420075848
2012-01-30 12:00:00,110.87127908081212
2012-01-30 13:00:00,107.47268243272683
2012-01-30 14:00:00,108.48472805314177
2012-01-30 15:00:00,106.51750909345425
2012-01-30 16:00:00,162.39272126832432
2012-01-30 17:00:00,305.50649902626844
2012-01-30 18:00:00,282.00267397692005
2012-01-30 19:00:00,175.07362635112455
2012-01-30 20:00:00,127.97500483689194
2012-01-30 21:00:00,98.80102785728766
2012-01-30 22:00:00,68.30117497006779
2012-01-30 23:00:00,39.31448586291899
2012-01-31 00:00:00,18.75420359761774
2012-01-31 01:00:00,8.155011931258624
2012-01-31 02:00:00,4.531562720603733
2012-01-31 03:00:00,2.6986124369199014
2012-01-31 04:00:00,2.5378738534036
2012-01-31 05:00:00,13.77803841051496
2012-01-31 06:00:00,64.22660464399628
2012-01-31 07:00:00,161.58848970511013
2012-01-31 08:00:00,364.096370644568
2012-01-31 09:00:00,201.89865945074365
2012-01-31 10:00:00,89.25129819923507
2012-01-31 11:00:00,101.17945432401513
2012-01-31 12:00:00,141.5935294020383
2012-01-31 13:00:00,175.62829804497687
2012-01-31 14:00:00,142.32052577113546
2012-01-31 15:00:00,158.13781470094816
2012-01-31 16:00:00,223.18740452948302
2012-01-31 17:00:00,421.46676977568114
2012-01-31 18:00:00,381.91893077171227
2012-01-31 19:00:00,262.8103706599106
2012-01-31 20:00:00,182.13332549898402
2012-01-31 21:00:00,143.77901134269646
2012-01-31 22:00:00,100.32429530925927
2012-01-31 23:00:00,68.64426502999304
2012-02-20 00:00:00,36.130811130440165
2012-02-20 01:00:00,21.973060907547026
2012-02-20 02:00:00,14.305821840482931
2012-02-20 03:00:00,4.841457641642318
2012-02-20 05:00:00,4.343592995719159
2012-02-20 06:00:00,12.745284826196878
2012-02-20 07:00:00,27.419896743063685
2012-02-20 08:00:00,61.992811607321066
2012-02-20 09:00:00,77.77513505851806
2012-02-20 10:00:00,75.32408711418279
2012-02-20 11:00:00,121.94773865663316
2012-02-20 12:00:00,168.22978410951634
2012-02-20 13:00:00,155.38288890391263
2012-02-20 14:00:00,172.20526547530184
2012-02-20 15:00:00,175.96649299331253
2012-02-20 16:00:00,208.59110406071045
2012-02-20 17:00:00,190.87153247616422
2012-02-20 18:00:00,173.3933514986993
2012-02-20 19:00:00,154.04106207418673
2012-02-20 20:00:00,118.92896266795631
2012-02-20 21:00:00,91.09912572713648
2012-02-20 22:00:00,72.45741358887393
2012-02-20 23:00:00,41.587950594107554
2012-02-21 00:00:00,17.099562146463718
2012-02-21 01:00:00,7.646632999574575
2012-02-21 02:00:00,3.5052134358621307
2012-02-21 04:00:00,1.577805793567234
2012-02-21 05:00:00,9.288991127581921
2012-02-21 06:00:00,47.40631775297705
2012-02-21 07:00:00,131.43401588562514
2012-02-21 08:00:00,319.7140746754404
2012-02-21 09:00:00,175.44770357301942
2012-02-21 10:00:00,75.67320758810634
2012-02-21 11:00:00,87.07031333458815
2012-02-21 12:00:00,101.92842043969112
2012-02-21 13:00:00,97.9741752187029
2012-02-21 14:00:00,88.17735123052431
2012-02-21 15:00:00,92.64047243451432
2012-02-21 16:00:00,151.17468892979215
2012-02-21 17:00:00,305.07375044895656
2012-02-21 18:00:00,265.06667319082266
2012-02-21 19:00:00,179.63675093613236
2012-02-21 20:00:00,139.3629587094798
2012-02-21 21:00:00,114.38200072552502
2012-02-21 22:00:00,80.11797073978512
2012-02-21 23:00:00,48.78895949011031
2012-02-22 00:00:00,19.491281152305884
2012-02-22 01:00:00,9.595680592103353
2012-02-22 02:00:00,4.339514253000809
2012-02-22 03:00:00,2.7499812454816475
2012-02-22 04:00:00,2.8188523050520162
2012-02-22 05:00:00,15.459466742824295
2012-02-22 06:00:00,67.09423230597426
2012-02-22 07:00:00,217.00609590005647
2012-02-22 08:00:00,463.31293368504885
2012-02-22 09:00:00,237.32814517266766
2012-02-22 10:00:00,116.71264011517894
2012-02-22 11:00:00,120.939810418004
2012-02-22 12:00:00,134.85888130788865
2012-02-22 13:00:00,135.52497538808387
2012-02-22 14:00:00,117.31544368873892
2012-02-22 15:00:00,133.05620532861258
2012-02-22 16:00:00,186.73795513849086
2012-02-22 17:00:00,350.4116532207392
2012-02-22 18:00:00,335.350607533982
2012-02-22 19:00:00,254.44978418527683
2012-02-22 20:00:00,164.44421612194216
2012-02-22 21:00:00,127.40296647431147
2012-02-22 22:00:00,99.72983186257565
2012-02-22 23:00:00,67.18899392062656
2012-02-23 00:00:00,20.83350340701548
2012-02-23 01:00:00,8.182026787938499
2012-02-23 02:00:00,4.495667636072282
2012-02-23 03:00:00,2.222227731435397
2012-02-23 04:00:00,2.9700625714826874
2012-02-23 05:00:00,16.841490068002887
2012-02-23 06:00:00,76.11516570620081
2012-02-23 07:00:00,221.2371347055623
2012-02-23 08:00:00,421.84860811761
2012-02-23 09:00:00,229.76234266074854
2012-02-23 10:00:00,106.49250456411949
2012-02-23 11:00:00,127.96785810153088
2012-02-23 12:00:00,178.98437136740688
2012-02-23 13:00:00,183.36800291026765
2012-02-23 14:00:00,165.92226261939336
2012-02-23 15:00:00,188.25324668962173
2012-02-23 16:00:00,255.20067898151484
2012-02-23 17:00:00,453.4068459540563
2012-02-23 18:00:00,472.1534460895566
2012-02-23 19:00:00,326.22814757677685
2012-02-23 20:00:00,224.94914962537027
2012-02-23 21:00:00,139.58356798073612
2012-02-23 22:00:00,105.80222728126363
2012-02-23 23:00:00,74.2628092170588
2012-02-24 00:00:00,27.517244986369
2012-02-24 01:00:00,9.12943017360571
2012-02-24 02:00:00,4.841395359467431
2012-02-24 03:00:00,4.034467568155251
2012-02-24 04:00:00,3.282935042571635
2012-02-24 05:00:00,15.498872314795378
2012-02-24 06:00:00,72.24982819195702
2012-02-24 07:00:00,185.20513618729268
2012-02-24 08:00:00,340.8410320186384
2012-02-24 09:00:00,154.50048256049416
2012-02-24 10:00:00,65.2474216367749
2012-02-24 11:00:00,97.53719621795297
2012-02-24 12:00:00,140.8375932299442
2012-02-24 13:00:00,143.58092915901486
2012-02-24 14:00:00,138.7688955651202
2012-02-24 15:00:00,76.41097558441062
2012-02-24 16:00:00,92.99607870507499
2012-02-24 17:00:00,206.81170170307945
2012-02-24 18:00:00,268.73398067780926
2012-02-24 19:00:00,221.67629404762621
2012-02-24 20:00:00,143.76229965088712
2012-02-24 21:00:00,109.7683078867149
2012-02-24 22:00:00,87.638362503675907
2012-02-24 23:00:00,50.598040897265776
2012-02-25 00:00:00,48.73646884021922
2012-02-25 01:00:00,38.758404333858586
2012-02-25 02:00:00,30.66706428102013
2012-02-25 03:00:00,12.164469099709518
2012-02-25 04:00:00,3.755803207403873
2012-02-25 05:00:00,3.4512940786157653
2012-02-25 06:00:00,6.4479359584817555
2012-02-25 07:00:00,18.58486341113319
2012-02-25 08:00:00,43.32950514970124
2012-02-25 09:00:00,49.10019574780647
2012-02-25 10:00:00,102.53219380687733
2012-02-25 11:00:00,148.7338112324426
2012-02-25 12:00:00,149.49681290391212
2012-02-25 13:00:00,146.99139959532218
2012-02-25 14:00:00,143.27369516679974
2012-02-25 15:00:00,147.694198176607
2012-02-25 16:00:00,132.81835512844515
2012-02-25 17:00:00,111.14999139044211
2012-02-25 18:00:00,85.2080768028088
2012-02-25 19:00:00,68.23004812158477
2012-02-25 20:00:00,52.06433743965279
2012-02-25 21:00:00,47.57111528325283
2012-02-25 22:00:00,38.82607884384491
2012-02-25 23:00:00,30.998884812502553
2012-02-26 00:00:00,33.600564325646396
2012-02-26 01:00:00,28.535577016616934
2012-02-26 02:00:00,22.35217728087233
2012-02-26 03:00:00,11.910969619108059
2012-02-26 04:00:00,3.6622827420801074
2012-02-26 05:00:00,2.8730779321205886
2012-02-26 06:00:00,4.433574193459342
2012-02-26 07:00:00,12.352794536686643
2012-02-26 08:00:00,35.480376862441894
2012-02-26 09:00:00,68.58156351027064
2012-02-26 10:00:00,135.30552901180016
2012-02-26 11:00:00,164.65050977496537
2012-02-26 12:00:00,239.0130406174155
2012-02-26 13:00:00,223.41107641039673
2012-02-26 14:00:00,211.0961213404811
2012-02-26 15:00:00,229.83433582587958
2012-02-26 16:00:00,194.7166480523151
2012-02-26 17:00:00,160.43390607714088
2012-02-26 18:00:00,129.6239602070138
2012-02-26 19:00:00,119.63830491175399
2012-02-26 20:00:00,87.04901431006844
2012-02-26 21:00:00,67.66791768613326
2012-02-26 22:00:00,57.8667706799413
2012-02-26 23:00:00,35.71880241764399
2012-02-27 00:00:00,18.0903791027498
2012-02-27 01:00:00,6.918604974105951
2012-02-27 02:00:00,3.524435792780315
2012-02-27 03:00:00,2.2502714770684316
2012-02-27 04:00:00,1.9552648853424344
2012-02-27 05:00:00,11.090125654280747
2012-02-27 06:00:00,55.72313228327503
2012-02-27 07:00:00,165.77075083531625
2012-02-27 08:00:00,363.55080362596146
2012-02-27 09:00:00,190.5883785361176
2012-02-27 10:00:00,94.23008595278581
2012-02-27 11:00:00,120.03069767311361
2012-02-27 12:00:00,136.39116603437625
2012-02-27 13:00:00,147.59627787662717
2012-02-27 14:00:00,152.38303423186156
2012-02-27 15:00:00,134.73744189093523
2012-02-27 16:00:00,187.5034121559162
2012-02-27 17:00:00,338.0181763503212
2012-02-27 18:00:00,313.13701227957915
2012-02-27 19:00:00,224.56013808658085
2012-02-27 20:00:00,161.1194759992344
2012-02-27 21:00:00,152.33626205916124
2012-02-27 22:00:00,110.15940407843587
2012-02-27 23:00:00,71.75919611943785
2012-02-28 00:00:00,29.633305387106923
2012-02-28 01:00:00,10.154712849353945
2012-02-28 02:00:00,6.350715289859308
2012-02-28 03:00:00,2.524044566767678
2012-02-28 04:00:00,2.2456217213339844
2012-02-28 05:00:00,12.969605231794938
2012-02-28 06:00:00,59.211070550791085
2012-02-28 07:00:00,170.5431100110763
2012-02-28 08:00:00,361.40997216204636
2012-02-28 09:00:00,188.97680593119253
2012-02-28 10:00:00,83.21438170376841
2012-02-28 11:00:00,115.85197694229952
2012-02-28 12:00:00,181.96759996260033
2012-02-28 13:00:00,135.70859219080322
2012-02-28 14:00:00,142.54458114206193
2012-02-28 15:00:00,158.55509780918356
2012-02-28 16:00:00,224.61614387779574
2012-02-28 17:00:00,401.86796172043114
2012-02-28 18:00:00,343.97208958376996
2012-02-28 19:00:00,241.57015811190308
2012-02-28 20:00:00,179.07005943505396
2012-02-28 21:00:00,123.7643110800534
2012-02-28 22:00:00,92.01303479532636
2012-02-28 23:00:00,49.926055269311284
2012-02-29 00:00:00,23.6310346007648
2012-02-29 01:00:00,9.759579859052867
2012-02-29 02:00:00,4.29583071801879
2012-02-29 03:00:00,2.865939613357053
2012-02-29 05:00:00,13.15215366620909
2012-02-29 06:00:00,72.3547902269475
2012-02-29 07:00:00,197.38413960494083
2012-02-29 08:00:00,427.3081490581924
2012-02-29 09:00:00,164.37109815781398
2012-02-29 10:00:00,54.08873047805837
2012-02-29 11:00:00,53.05640913368361
2012-02-29 12:00:00,40.76925167980268
2012-02-29 13:00:00,54.53136847960191
2012-02-29 14:00:00,58.80962944272568
2012-02-29 15:00:00,97.84257484217575
2012-02-29 16:00:00,116.27086574726854
2012-02-29 17:00:00,290.73928294873673
2012-02-29 18:00:00,222.88520991012356
2012-02-29 19:00:00,221.64536255382038
2012-02-29 20:00:00,115.18396724832479
2012-02-29 21:00:00,85.87161277366368
2012-02-29 22:00:00,50.29805764017844
2012-02-29 23:00:00,32.65660373217714
2012-03-20 00:00:00,30.782865129566524
2012-03-20 01:00:00,13.74661202587205
2012-03-20 02:00:00,8.208273537123636
2012-03-20 03:00:00,4.645230563255374
2012-03-20 04:00:00,4.368839815553162
2012-03-20 05:00:00,18.451903841567546
2012-03-20 06:00:00,79.37863349412515
2012-03-20 07:00:00,155.80419563350267
2012-03-20 08:00:00,437.08579464907547
2012-03-20 09:00:00,284.9007838149786
2012-03-20 10:00:00,125.454042564105
2012-03-20 11:00:00,181.23210741820756
2012-03-20 12:00:00,199.88181628562774
2012-03-20 13:00:00,186.52853442138877
2012-03-20 14:00:00,175.4492229929466
2012-03-20 15:00:00,197.62185411918585
2012-03-20 16:00:00,257.19078512611935
2012-03-20 17:00:00,527.3469363460379
2012-03-20 18:00:00,485.8511355062572
2012-03-20 19:00:00,378.3741732541704
2012-03-20 20:00:00,227.72752337108903
2012-03-20 21:00:00,186.60806663714317
2012-03-20 22:00:00,145.538534499341
2012-03-20 23:00:00,81.15569108110367
2012-03-21 00:00:00,42.0899956810784
2012-03-21 01:00:00,21.8050655006381
2012-03-21 02:00:00,9.784194292385692
2012-03-21 03:00:00,5.289117740624356
2012-03-21 04:00:00,5.437122270900746
2012-03-21 05:00:00,26.73492121584219
2012-03-21 06:00:00,100.87323211899886
2012-03-21 07:00:00,220.29137017960434
2012-03-21 08:00:00,250.15678546238377
2012-03-21 09:00:00,198.9045878695055
2012-03-21 10:00:00,165.3942033993495
2012-03-21 11:00:00,172.9196076577877
2012-03-21 12:00:00,223.23861924180503
2012-03-21 13:00:00,188.18742128867675
2012-03-21 14:00:00,177.97513281338087
2012-03-21 15:00:00,192.29357916875367
2012-03-21 16:00:00,319.281780532583
2012-03-21 17:00:00,633.4329769475829
2012-03-21 18:00:00,619.8453970655919
2012-03-21 19:00:00,466.2849983134898
2012-03-21 20:00:00,302.8401627289217
2012-03-21 21:00:00,220.56436114580953
2012-03-21 22:00:00,171.55383209576712
2012-03-21 23:00:00,117.74272686609476
2012-03-22 00:00:00,51.568499462233525
2012-03-22 01:00:00,22.273041249068427
2012-03-22 02:00:00,11.263673751885504
2012-03-22 03:00:00,6.820544947819767
2012-03-22 04:00:00,4.0815287007630525
2012-03-22 05:00:00,19.560473249019402
2012-03-22 06:00:00,93.18784907671476
2012-03-22 07:00:00,287.2158668905841
2012-03-22 08:00:00,524.0612826204169
2012-03-22 09:00:00,253.43840414908712
2012-03-22 10:00:00,103.18573412328405
2012-03-22 11:00:00,131.4881706829302
2012-03-22 12:00:00,185.73905382658964
2012-03-22 13:00:00,223.0726740369397
2012-03-22 14:00:00,220.00575436660978
2012-03-22 15:00:00,230.37203807394175
2012-03-22 16:00:00,339.3882378822986
2012-03-22 17:00:00,683.47119279963
2012-03-22 18:00:00,699.9307132416703
2012-03-22 19:00:00,518.9080042635305
2012-03-22 20:00:00,330.12645288458117
2012-03-22 21:00:00,239.46640342521908
2012-03-22 22:00:00,173.04200894131404
2012-03-22 23:00:00,108.06664501273616
2012-03-23 00:00:00,48.672217184609046
2012-03-23 01:00:00,19.68199722398524
2012-03-23 02:00:00,10.228655817242865
2012-03-23 03:00:00,6.5754138182362025
2012-03-23 04:00:00,4.927296370452212
2012-03-23 05:00:00,23.170840998163587
2012-03-23 06:00:00,120.20118722476064
2012-03-23 07:00:00,340.9338597877603
2012-03-23 08:00:00,533.0105985916197
2012-03-23 09:00:00,305.9893175873223
2012-03-23 10:00:00,149.59267109184623
2012-03-23 11:00:00,225.6504359468776
2012-03-23 12:00:00,269.6165840450276
2012-03-23 13:00:00,268.38828816094116
2012-03-23 14:00:00,256.8286099818586
2012-03-23 15:00:00,277.3108290722594
2012-03-23 16:00:00,408.8531018404421
2012-03-23 17:00:00,827.7103342576867
2012-03-23 18:00:00,784.3356251384619
2012-03-23 19:00:00,546.0917185723383
2012-03-23 20:00:00,390.29953437508635
2012-03-23 21:00:00,287.42189249466776
2012-03-23 22:00:00,188.19523212368597
2012-03-23 23:00:00,116.29706617596875
2012-03-24 00:00:00,172.95983121738755
2012-03-24 01:00:00,168.86849947080276
2012-03-24 02:00:00,133.7940115458839
2012-03-24 03:00:00,60.84085272571623
2012-03-24 04:00:00,18.090236682825974
2012-03-24 05:00:00,17.10324158356908
2012-03-24 06:00:00,30.99669282118257
2012-03-24 07:00:00,64.12377687064311
2012-03-24 08:00:00,131.3428460684532
2012-03-24 09:00:00,339.8980827197477
2012-03-24 10:00:00,377.45456907429445
2012-03-24 11:00:00,302.66639833118836
2012-03-24 12:00:00,306.5361073448883
2012-03-24 13:00:00,177.02847378133842
2012-03-24 14:00:00,146.10973019655688
2012-03-24 15:00:00,93.97965583156801
2012-03-24 16:00:00,102.16880283134564
2012-03-24 17:00:00,194.4319255946274
2012-03-24 18:00:00,140.03548696655682
2012-03-24 19:00:00,131.08172412693133
2012-03-24 20:00:00,64.85461066582205
2012-03-24 21:00:00,53.46224837750715
2012-03-24 22:00:00,41.37730603028489
2012-03-24 23:00:00,52.994362312491575
2012-03-25 00:00:00,81.51099605939072
2012-03-25 01:00:00,55.90233364754732
2012-03-25 02:00:00,25.89379811178578
2012-03-25 03:00:00,11.855472363100962
2012-03-25 04:00:00,4.71947390076536
2012-03-25 05:00:00,6.009728826017338
2012-03-25 06:00:00,10.773381719322302
2012-03-25 07:00:00,27.36045767494436
2012-03-25 08:00:00,69.12893469730703
2012-03-25 09:00:00,144.74808940650533
2012-03-25 10:00:00,168.02492222529816
2012-03-25 11:00:00,218.22893249451818
2012-03-25 12:00:00,269.3111260833386
2012-03-25 13:00:00,358.27184807248545
2012-03-25 14:00:00,381.8374328109058
2012-03-25 15:00:00,341.31406318500717
2012-03-25 16:00:00,481.47549482284006
2012-03-25 17:00:00,586.3145616525502
2012-03-25 18:00:00,466.8047499544244
2012-03-25 19:00:00,342.11518882301294
2012-03-25 20:00:00,244.78596440538357
2012-03-25 21:00:00,232.74730313705123
2012-03-25 22:00:00,173.5154449194085
2012-03-25 23:00:00,136.69130529511136
2012-03-26 00:00:00,45.357863292994836
2012-03-26 01:00:00,16.484407963642145
2012-03-26 02:00:00,8.98606097328871
2012-03-26 03:00:00,6.0606540388860894
2012-03-26 04:00:00,5.760117051366982
2012-03-26 05:00:00,33.94292096745276
2012-03-26 06:00:00,121.54370265458893
2012-03-26 07:00:00,414.6587810198963
2012-03-26 08:00:00,652.3339984719588
2012-03-26 09:00:00,313.80089456513485
2012-03-26 10:00:00,180.73953889488607
2012-03-26 11:00:00,184.74188062880424
2012-03-26 12:00:00,243.13224350861952
2012-03-26 13:00:00,224.49257672684425
2012-03-26 14:00:00,208.43613132867424
2012-03-26 15:00:00,221.05334089709734
2012-03-26 16:00:00,320.7966397879534
2012-03-26 17:00:00,618.9622597346412
2012-03-26 18:00:00,501.8871814118136
2012-03-26 19:00:00,344.22343762805923
2012-03-26 20:00:00,210.06616542454316
2012-03-26 21:00:00,142.1412581578906
2012-03-26 22:00:00,109.24572725436238
2012-03-26 23:00:00,60.66334905065626
2012-03-27 00:00:00,26.133255568459127
2012-03-27 01:00:00,10.551560470787612
2012-03-27 02:00:00,5.419563866536932
2012-03-27 03:00:00,3.319095011407061
2012-03-27 04:00:00,2.775966709945599
2012-03-27 05:00:00,13.803958362514692
2012-03-27 06:00:00,71.94196911728586
2012-03-27 07:00:00,211.84449866645076
2012-03-27 08:00:00,364.95211293748247
2012-03-27 09:00:00,214.83729094756328
2012-03-27 10:00:00,97.10664469525229
2012-03-27 11:00:00,118.21144700116155
2012-03-27 12:00:00,153.47108444952488
2012-03-27 13:00:00,158.16381420356365
2012-03-27 14:00:00,179.89396682791124
2012-03-27 15:00:00,192.88046855097463
2012-03-27 16:00:00,283.72880135899896
2012-03-27 17:00:00,574.8820931917961
2012-03-27 18:00:00,494.9636109184215
2012-03-27 19:00:00,336.73527573630145
2012-03-27 20:00:00,242.22024649260575
2012-03-27 21:00:00,163.89399033134106
2012-03-27 22:00:00,124.93564084863121
2012-03-27 23:00:00,74.25546958009754
2012-03-28 00:00:00,31.311286268778286
2012-03-28 01:00:00,12.920865998436469
2012-03-28 02:00:00,6.307241022732383
2012-03-28 03:00:00,4.12770657572261
2012-03-28 04:00:00,4.174532332461757
2012-03-28 05:00:00,23.574357881655356
2012-03-28 06:00:00,105.44188947740278
2012-03-28 07:00:00,301.80426937042546
2012-03-28 08:00:00,488.4982733225285
2012-03-28 09:00:00,243.96683445287243
2012-03-28 10:00:00,182.02953831688413
2012-03-28 11:00:00,202.01968998131895
2012-03-28 12:00:00,245.86039327733963
2012-03-28 13:00:00,237.31986784768293
2012-03-28 14:00:00,247.75702906116405
2012-03-28 15:00:00,258.37643529845394
2012-03-28 16:00:00,300.15752035294526
2012-03-28 17:00:00,639.3753562909772
2012-03-28 18:00:00,708.5973325357434
2012-03-28 19:00:00,508.42201113538425
2012-03-28 20:00:00,345.88081191537555
2012-03-28 21:00:00,249.5357855210066
2012-03-28 22:00:00,184.10483487207946
2012-03-28 23:00:00,114.60184068251681
2012-03-29 00:00:00,43.13796527839569
2012-03-29 01:00:00,20.82839523519492
2012-03-29 02:00:00,10.249868792600603
2012-03-29 03:00:00,6.597443494446583
2012-03-29 04:00:00,6.445069769404333
2012-03-29 05:00:00,32.63035222702744
2012-03-29 06:00:00,150.18796227125776
2012-03-29 07:00:00,408.90942057588444
2012-03-29 08:00:00,676.205900011362
2012-03-29 09:00:00,329.8882370999327
2012-03-29 10:00:00,170.68919409590512
2012-03-29 11:00:00,193.22883130272626
2012-03-29 12:00:00,240.20537324606804
2012-03-29 13:00:00,239.9745136171488
2012-03-29 14:00:00,225.62560408451102
2012-03-29 15:00:00,248.78641394314045
2012-03-29 16:00:00,381.1581954150019
2012-03-29 17:00:00,741.3139238228476
2012-03-29 18:00:00,610.1671488566983
2012-03-29 19:00:00,426.5820683790963
2012-03-29 20:00:00,303.92295228976946
2012-03-29 21:00:00,196.8815034192264
2012-03-29 22:00:00,137.73445172731684
2012-03-29 23:00:00,87.74276298163329
2012-03-30 00:00:00,33.94806265288702
2012-03-30 01:00:00,12.00493772892042
2012-03-30 02:00:00,6.94873691582442
2012-03-30 03:00:00,4.200304996669041
2012-03-30 04:00:00,4.0882433467023604
2012-03-30 05:00:00,19.46494359049723
2012-03-30 06:00:00,92.93648920402285
2012-03-30 07:00:00,273.7208183961716
2012-03-30 08:00:00,444.9829308005495
2012-03-30 09:00:00,250.44553802653095
2012-03-30 10:00:00,129.1854414796726
2012-03-30 11:00:00,127.08145114446732
2012-03-30 12:00:00,159.5712904186537
2012-03-30 13:00:00,118.66306401562905
2012-03-30 14:00:00,84.0830358748067
2012-03-30 15:00:00,96.69711462515289
2012-03-30 16:00:00,116.11243665274294
2012-03-30 17:00:00,365.3194990501415
2012-03-30 18:00:00,477.97937440109615
2012-03-30 19:00:00,308.1577413897163
2012-03-30 20:00:00,228.8094341346742
2012-03-30 21:00:00,140.43952070482024
2012-03-30 22:00:00,103.40958196106061
2012-03-30 23:00:00,62.55156454075955
2012-03-31 00:00:00,98.56277448612946
2012-03-31 01:00:00,98.73828528086722
2012-03-31 02:00:00,67.96308584152243
2012-03-31 03:00:00,27.12752805965958
2012-03-31 04:00:00,9.664057438650426
2012-03-31 05:00:00,9.757197349710243
2012-03-31 06:00:00,16.508515589910786
2012-03-31 07:00:00,41.41575671946339
2012-03-31 08:00:00,96.89070554733973
2012-03-31 09:00:00,195.3587774404977
2012-03-31 10:00:00,303.44178838701373
2012-03-31 11:00:00,497.1863751236509
2012-03-31 12:00:00,532.3784567488972
2012-03-31 13:00:00,768.3537003021015
2012-03-31 14:00:00,513.98261334148
2012-03-31 15:00:00,540.8246586854714
2012-03-31 16:00:00,382.98353668837035
2012-03-31 17:00:00,361.74797043676733
2012-03-31 18:00:00,277.8784901314643
2012-03-31 19:00:00,193.78370207707945
2012-03-31 20:00:00,139.38711507050198
2012-03-31 21:00:00,115.3311753392117
2012-03-31 22:00:00,109.48032856313587
2012-03-31 23:00:00,72.64351580628824
2012-04-20 00:00:00,26.46132128921702
2012-04-20 01:00:00,11.146420821875875
2012-04-20 02:00:00,4.7460040127738425
2012-04-20 03:00:00,3.2508537504674417
2012-04-20 04:00:00,2.707750411090489
2012-04-20 05:00:00,15.547325096361199
2012-04-20 06:00:00,78.06975806992885
2012-04-20 07:00:00,229.94446369707563
2012-04-20 08:00:00,369.24191264104394
2012-04-20 09:00:00,230.24755181613
2012-04-20 10:00:00,130.82816871442827
2012-04-20 11:00:00,148.88421771723023
2012-04-20 12:00:00,195.09240248328422
2012-04-20 13:00:00,225.44214644433603
2012-04-20 14:00:00,200.13726793165344
2012-04-20 15:00:00,212.53622020428597
2012-04-20 16:00:00,337.11943308576275
2012-04-20 17:00:00,562.7876194237454
2012-04-20 18:00:00,469.64419090556777
2012-04-20 19:00:00,359.80617467759583
2012-04-20 20:00:00,236.46754210845214
2012-04-20 21:00:00,163.40113388971034
2012-04-20 22:00:00,121.84075748130785
2012-04-20 23:00:00,83.19815545564335
2012-04-21 00:00:00,88.28233854912978
2012-04-21 01:00:00,70.57210675170894
2012-04-21 02:00:00,60.037039016193916
2012-04-21 03:00:00,22.205700426093557
2012-04-21 04:00:00,6.9854976613592505
2012-04-21 05:00:00,7.196976944296341
2012-04-21 06:00:00,16.009665304749166
2012-04-21 07:00:00,38.19964338981094
2012-04-21 08:00:00,122.810826725004
2012-04-21 09:00:00,231.17163896626332
2012-04-21 10:00:00,252.85234317712934
2012-04-21 11:00:00,321.22166491907234
2012-04-21 12:00:00,405.26851681533606
2012-04-21 13:00:00,436.1479435784615
2012-04-21 14:00:00,458.965020071417
2012-04-21 15:00:00,509.5529449559488
2012-04-21 16:00:00,473.49758060803
2012-04-21 17:00:00,435.18353596862386
2012-04-21 18:00:00,332.53866521723603
2012-04-21 19:00:00,136.18922296728428
2012-04-21 20:00:00,50.106874162117826
2012-04-21 21:00:00,40.72050164624121
2012-04-21 22:00:00,45.94646939791899
2012-04-21 23:00:00,56.25392012434643
2012-04-22 00:00:00,55.66928017312061
2012-04-22 01:00:00,36.97360560027002
2012-04-22 02:00:00,38.848431167602456
2012-04-22 03:00:00,21.659746863943305
2012-04-22 04:00:00,6.552876610756306
2012-04-22 05:00:00,5.954103404896397
2012-04-22 06:00:00,12.21181599420234
2012-04-22 07:00:00,20.634136634553986
2012-04-22 08:00:00,36.31044294644265
2012-04-22 09:00:00,57.9807915103047
2012-04-22 10:00:00,64.9791165002535
2012-04-22 11:00:00,60.81758426773285
2012-04-22 12:00:00,67.94906572598909
2012-04-22 13:00:00,81.3984002050868
2012-04-22 14:00:00,63.5822344126479
2012-04-22 15:00:00,58.99910459864818
2012-04-22 16:00:00,54.86854092372742
2012-04-22 17:00:00,44.70694160194729
2012-04-22 18:00:00,38.44669357789096
2012-04-22 19:00:00,36.878165002303504
2012-04-22 20:00:00,26.66049490144115
2012-04-22 21:00:00,26.046892395321095
2012-04-22 22:00:00,17.562764590689643
2012-04-22 23:00:00,22.725287064013965
2012-04-23 00:00:00,12.467465547087432
2012-04-23 01:00:00,3.5052583603039498
2012-04-23 02:00:00,2.7315845270818295
2012-04-23 03:00:00,2.4290456221012606
2012-04-23 04:00:00,2.3884144030164625
2012-04-23 05:00:00,8.491421330060522
2012-04-23 06:00:00,45.13997086287233
2012-04-23 07:00:00,167.8790828342894
2012-04-23 08:00:00,348.93759419984224
2012-04-23 09:00:00,193.29440970266995
2012-04-23 10:00:00,83.228141171829
2012-04-23 11:00:00,88.6003675949368
2012-04-23 12:00:00,85.98942252135092
2012-04-23 13:00:00,62.56745360333035
2012-04-23 14:00:00,58.883806439029115
2012-04-23 15:00:00,87.24377613232716
2012-04-23 16:00:00,96.18441384147722
2012-04-23 17:00:00,109.9486185607276
2012-04-23 18:00:00,135.41392138411743
2012-04-23 19:00:00,137.07651290514897
2012-04-23 20:00:00,130.88532722884852
2012-04-23 21:00:00,94.69563722068538
2012-04-23 22:00:00,76.77214485918242
2012-04-23 23:00:00,48.390406071558104
2012-04-24 00:00:00,20.702648968496792
2012-04-24 01:00:00,7.926648907817996
2012-04-24 02:00:00,4.329705205894139
2012-04-24 03:00:00,2.827411346958767
2012-04-24 04:00:00,2.948314415517184
2012-04-24 05:00:00,16.722108632564428
2012-04-24 06:00:00,80.38892394441338
2012-04-24 07:00:00,229.26511194653924
2012-04-24 08:00:00,452.6523975371378
2012-04-24 09:00:00,242.77304689028009
2012-04-24 10:00:00,134.37729920918878
2012-04-24 11:00:00,180.68038944344596
2012-04-24 12:00:00,223.5048733358517
2012-04-24 13:00:00,222.6554739697532
2012-04-24 14:00:00,197.1899683419868
2012-04-24 15:00:00,213.90798527206542
2012-04-24 16:00:00,343.5262577637039
2012-04-24 17:00:00,607.6836729134268
2012-04-24 18:00:00,558.7101164518865
2012-04-24 19:00:00,380.55489930336313
2012-04-24 20:00:00,264.65443477091515
2012-04-24 21:00:00,209.47242429631126
2012-04-24 22:00:00,146.59996556275385
2012-04-24 23:00:00,94.88194224543895
2012-04-25 00:00:00,33.386348137780395
2012-04-25 01:00:00,14.126402934464371
2012-04-25 02:00:00,5.8293748612967224
2012-04-25 03:00:00,2.9857834950375994
2012-04-25 04:00:00,3.2304522936337565
2012-04-25 05:00:00,17.381252080078173
2012-04-25 06:00:00,84.76886542925016
2012-04-25 07:00:00,245.1030606674877
2012-04-25 08:00:00,451.32702866175305
2012-04-25 09:00:00,249.94414941235232
2012-04-25 10:00:00,171.74529016827861
2012-04-25 11:00:00,215.73869054466255
2012-04-25 12:00:00,228.6384431435076
2012-04-25 13:00:00,250.96723225574502
2012-04-25 14:00:00,211.68515198428807
2012-04-25 15:00:00,248.89508803125827
2012-04-25 16:00:00,311.2084962842602
2012-04-25 17:00:00,598.2363519851554
2012-04-25 18:00:00,586.7670889022921
2012-04-25 19:00:00,460.11566790149476
2012-04-25 20:00:00,303.39010082335824
2012-04-25 21:00:00,183.65424641219784
2012-04-25 22:00:00,131.81467790371946
2012-04-25 23:00:00,82.47705799398503
2012-04-26 00:00:00,24.12889700551384
2012-04-26 01:00:00,11.213300487501362
2012-04-26 02:00:00,6.098398129409847
2012-04-26 03:00:00,3.676627979738299
2012-04-26 04:00:00,4.099899557290953
2012-04-26 05:00:00,20.39004628606803
2012-04-26 06:00:00,88.45621569120156
2012-04-26 07:00:00,159.2623951115244
2012-04-26 08:00:00,221.31950002429107
2012-04-26 09:00:00,90.0499241728135
2012-04-26 10:00:00,49.500640328806846
2012-04-26 11:00:00,71.10659317199567
2012-04-26 12:00:00,142.12288312262916
2012-04-26 13:00:00,123.87962749119241
2012-04-26 14:00:00,117.80470636522878
2012-04-26 15:00:00,93.27455128077378
2012-04-26 16:00:00,173.78047302211135
2012-04-26 17:00:00,409.7203136320891
2012-04-26 18:00:00,356.8026499368502
2012-04-26 19:00:00,249.90575920438314
2012-04-26 20:00:00,189.3343183211993
2012-04-26 21:00:00,134.50987720696364
2012-04-26 22:00:00,112.6009844256877
2012-04-26 23:00:00,56.892312648772496
2012-04-27 00:00:00,23.86124212156402
2012-04-27 01:00:00,10.869432732412166
2012-04-27 02:00:00,6.350700605632448
2012-04-27 03:00:00,3.7013106521465047
2012-04-27 04:00:00,4.342081072455533
2012-04-27 05:00:00,24.75371895451882
2012-04-27 06:00:00,115.13891569836085
2012-04-27 07:00:00,256.4414991445035
2012-04-27 08:00:00,485.2736076986977
2012-04-27 09:00:00,244.95405565870277
2012-04-27 10:00:00,138.52311225951465
2012-04-27 11:00:00,154.0293747570725
2012-04-27 12:00:00,206.72800546666886
2012-04-27 13:00:00,216.4654161174902
2012-04-27 14:00:00,196.24254549735906
2012-04-27 15:00:00,203.29115034795464
2012-04-27 16:00:00,350.7548589798875
2012-04-27 17:00:00,618.9189788033387
2012-04-27 18:00:00,525.7704171342838
2012-04-27 19:00:00,375.48747535711925
2012-04-27 20:00:00,261.1572311359499
2012-04-27 21:00:00,178.29389988742815
2012-04-27 22:00:00,140.05104598208467
2012-04-27 23:00:00,84.65690778164547
2012-04-28 00:00:00,78.77624688601428
2012-04-28 01:00:00,48.306252025378846
2012-04-28 02:00:00,55.474571914569154
2012-04-28 03:00:00,19.238976260357262
2012-04-28 04:00:00,6.781554758731555
2012-04-28 05:00:00,7.222817080987671
2012-04-28 06:00:00,13.744530310861563
2012-04-28 07:00:00,35.57668550307689
2012-04-28 08:00:00,109.77632148045367
2012-04-28 09:00:00,187.85317793319956
2012-04-28 10:00:00,236.6265927371501
2012-04-28 11:00:00,285.84756219124995
2012-04-28 12:00:00,321.3839558552001
2012-04-28 13:00:00,327.006401272681
2012-04-28 14:00:00,358.1861979181681
2012-04-28 15:00:00,364.3628759335941
2012-04-28 16:00:00,341.88328893049743
2012-04-28 17:00:00,299.18657042090484
2012-04-28 18:00:00,179.15776918532333
2012-04-28 19:00:00,105.92622086370358
2012-04-28 20:00:00,105.3530883592073
2012-04-28 21:00:00,69.4960599062758
2012-04-28 22:00:00,71.36693580729184
2012-04-28 23:00:00,64.58070896177682
2012-04-29 00:00:00,52.300158428678344
2012-04-29 01:00:00,41.15485075773709
2012-04-29 02:00:00,30.28296673457612
2012-04-29 03:00:00,14.305599964570936
2012-04-29 04:00:00,5.196121133096557
2012-04-29 05:00:00,4.476817448833189
2012-04-29 06:00:00,10.967416028142868
2012-04-29 07:00:00,28.650255985370833
2012-04-29 08:00:00,83.40850360788039
2012-04-29 09:00:00,151.13950951562768
2012-04-29 10:00:00,215.63369294494535
2012-04-29 11:00:00,297.00296020268024
2012-04-29 12:00:00,449.7747602972347
2012-04-29 13:00:00,428.05570001976133
2012-04-29 14:00:00,499.85970807406113
2012-04-29 15:00:00,525.1943702909845
2012-04-29 16:00:00,517.2840808942366
2012-04-29 17:00:00,444.71388638478
2012-04-29 18:00:00,397.8577463267567
2012-04-29 19:00:00,309.0369445940978
2012-04-29 20:00:00,257.9227677417144
2012-04-29 21:00:00,164.24387070038622
2012-04-29 22:00:00,133.91389705382895
2012-04-29 23:00:00,81.79442803180815
2012-04-30 00:00:00,28.384018941278818
2012-04-30 01:00:00,11.746919575771322
2012-04-30 02:00:00,6.304748081075657
2012-04-30 03:00:00,4.081462118752499
2012-04-30 04:00:00,3.160674962102115
2012-04-30 05:00:00,18.318615382675592
2012-04-30 06:00:00,112.01338197796025
2012-04-30 07:00:00,286.9823783047806
2012-04-30 08:00:00,618.0345899157503
2012-04-30 09:00:00,270.6226242245354
2012-04-30 10:00:00,134.33196215063342
2012-04-30 11:00:00,140.54798677980884
2012-04-30 12:00:00,164.64179346867977
2012-04-30 13:00:00,154.70900453229748
2012-04-30 14:00:00,137.36734699550072
2012-04-30 15:00:00,154.96007785838458
2012-04-30 16:00:00,235.23058505444615
2012-04-30 17:00:00,505.26496128033637
2012-04-30 18:00:00,419.6285871789753
2012-04-30 19:00:00,273.72332054439084
2012-04-30 20:00:00,195.00095264267046
2012-04-30 21:00:00,150.03902276517795
2012-04-30 22:00:00,128.5438541959986
2012-04-30 23:00:00,74.79978673976015
2012-05-20 00:00:00,128.5842237555978
2012-05-20 01:00:00,111.21282946394136
2012-05-20 02:00:00,84.52586516293462
2012-05-20 03:00:00,41.338022620034735
2012-05-20 04:00:00,11.936762467318989
2012-05-20 05:00:00,10.379066061189866
2012-05-20 06:00:00,20.854286809089636
2012-05-20 07:00:00,51.28022856849004
2012-05-20 08:00:00,143.04026580347087
2012-05-20 09:00:00,230.83486515582948
2012-05-20 10:00:00,364.0942786403099
2012-05-20 11:00:00,450.33903050420577
2012-05-20 12:00:00,537.3857618060783
2012-05-20 13:00:00,548.783775433549
2012-05-20 14:00:00,524.6926026113093
2012-05-20 15:00:00,516.0903868076047
2012-05-20 16:00:00,512.2249059841117
2012-05-20 17:00:00,438.9860321538153
2012-05-20 18:00:00,394.4534192742049
2012-05-20 19:00:00,312.93231200048785
2012-05-20 20:00:00,252.08752016970172
2012-05-20 21:00:00,197.43486473149557
2012-05-20 22:00:00,156.63757203050494
2012-05-20 23:00:00,93.01371499161135
2012-05-21 00:00:00,20.04594989017374
2012-05-21 01:00:00,8.612070225661622
2012-05-21 02:00:00,5.782891934755521
2012-05-21 03:00:00,3.4249823955264884
2012-05-21 04:00:00,3.536927670512201
2012-05-21 05:00:00,11.881420603471932
2012-05-21 06:00:00,46.36357532681199
2012-05-21 07:00:00,128.70617321009422
2012-05-21 08:00:00,243.2303831170116
2012-05-21 09:00:00,122.19011865202062
2012-05-21 10:00:00,63.82547005622879
2012-05-21 11:00:00,104.19310619852948
2012-05-21 12:00:00,186.39443153657643
2012-05-21 13:00:00,132.3373788399784
2012-05-21 14:00:00,79.85148479321495
2012-05-21 15:00:00,178.35436046117204
2012-05-21 16:00:00,312.1829413905651
2012-05-21 17:00:00,664.513368834007
2012-05-21 18:00:00,618.1443499463816
2012-05-21 19:00:00,448.89927560892517
2012-05-21 20:00:00,331.2843347089884
2012-05-21 21:00:00,242.15071693069618
2012-05-21 22:00:00,182.0931830127368
2012-05-21 23:00:00,108.26072464518333
2012-05-22 00:00:00,45.638328461240754
2012-05-22 01:00:00,19.618342632952913
2012-05-22 02:00:00,8.762829629637379
2012-05-22 03:00:00,5.078279189708568
2012-05-22 04:00:00,5.311887333984432
2012-05-22 05:00:00,21.193898486423386
2012-05-22 06:00:00,59.161253971116345
2012-05-22 07:00:00,165.32954092866072
2012-05-22 08:00:00,359.32857594556583
2012-05-22 09:00:00,283.73600552471447
2012-05-22 10:00:00,169.00232516774238
2012-05-22 11:00:00,172.8786496883476
2012-05-22 12:00:00,228.118035073845
2012-05-22 13:00:00,218.3919121698067
2012-05-22 14:00:00,202.44947118856263
2012-05-22 15:00:00,250.34160396322804
2012-05-22 16:00:00,371.8779624722216
2012-05-22 17:00:00,661.7359955464478
2012-05-22 18:00:00,678.8222414191424
2012-05-22 19:00:00,475.5687482129936
2012-05-22 20:00:00,312.32121087001855
2012-05-22 21:00:00,223.14161611026927
2012-05-22 22:00:00,184.1951797965685
2012-05-22 23:00:00,118.73781429554538
2012-05-23 00:00:00,47.9030843465107
2012-05-23 01:00:00,20.029099331038196
2012-05-23 02:00:00,9.942067580489235
2012-05-23 03:00:00,5.9834801549257834
2012-05-23 04:00:00,5.518829298129823
2012-05-23 05:00:00,14.411989813412918
2012-05-23 06:00:00,86.11022439148687
2012-05-23 07:00:00,383.64384179694275
2012-05-23 08:00:00,614.37152130829
2012-05-23 09:00:00,277.5701456832532
2012-05-23 10:00:00,175.85331505253416
2012-05-23 11:00:00,188.33070193877504
2012-05-23 12:00:00,239.70463800539702
2012-05-23 13:00:00,231.98385903116133
2012-05-23 14:00:00,219.0241579706906
2012-05-23 15:00:00,233.0364329555918
2012-05-23 16:00:00,283.7806123046417
2012-05-23 17:00:00,441.27753025346664
2012-05-23 18:00:00,424.63683715086995
2012-05-23 19:00:00,272.06033731872117
2012-05-23 20:00:00,266.93037917615726
2012-05-23 21:00:00,200.16932564716342
2012-05-23 22:00:00,161.6218593385876
2012-05-23 23:00:00,95.04831136883217
2012-05-24 00:00:00,47.71487162778413
2012-05-24 01:00:00,19.544599330076352
2012-05-24 02:00:00,9.581882613469817
2012-05-24 03:00:00,5.731988938539163
2012-05-24 04:00:00,5.610691233840513
2012-05-24 05:00:00,26.764560168400532
2012-05-24 06:00:00,119.3665600993319
2012-05-24 07:00:00,362.05963165991693
2012-05-24 08:00:00,588.6940719635228
2012-05-24 09:00:00,299.81249606524966
2012-05-24 10:00:00,168.6847218784043
2012-05-24 11:00:00,194.39424078869553
2012-05-24 12:00:00,247.87803618207948
2012-05-24 13:00:00,249.50571098853797
2012-05-24 14:00:00,215.88989327107942
2012-05-24 15:00:00,235.5365057894826
2012-05-24 16:00:00,345.6688927399314
2012-05-24 17:00:00,633.2075856578483
2012-05-24 18:00:00,650.5161108104583
2012-05-24 19:00:00,465.34770931581056
2012-05-24 20:00:00,310.9045408381047
2012-05-24 21:00:00,171.30479770731625
2012-05-24 22:00:00,123.8744901768524
2012-05-24 23:00:00,112.6092297044878
2012-05-25 00:00:00,43.93663926117795
2012-05-25 01:00:00,18.44982188015248
2012-05-25 02:00:00,9.116906256577256
2012-05-25 03:00:00,5.0908996707032115
2012-05-25 04:00:00,5.5566927649094495
2012-05-25 05:00:00,28.435862068385934
2012-05-25 06:00:00,124.57901693840036
2012-05-25 07:00:00,351.6335069679439
2012-05-25 08:00:00,570.0336857040978
2012-05-25 09:00:00,296.8420358927002
2012-05-25 10:00:00,179.33610081563134
2012-05-25 11:00:00,189.798852670845
2012-05-25 12:00:00,235.3629392140658
2012-05-25 13:00:00,245.74985646327187
2012-05-25 14:00:00,217.79334068439132
2012-05-25 15:00:00,232.37243997002622
2012-05-25 16:00:00,363.6241871518029
2012-05-25 17:00:00,637.4923188979441
2012-05-25 18:00:00,695.9001357164803
2012-05-25 19:00:00,486.97828817690555
2012-05-25 20:00:00,336.8735106809342
2012-05-25 21:00:00,262.40552641523686
2012-05-25 22:00:00,193.41913984314908
2012-05-25 23:00:00,118.9876194330115
2012-05-26 00:00:00,125.87666451657202
2012-05-26 01:00:00,99.98378764791978
2012-05-26 02:00:00,75.50286925722587
2012-05-26 03:00:00,38.75967933503806
2012-05-26 04:00:00,12.057571418950776
2012-05-26 05:00:00,11.284943512219385
2012-05-26 06:00:00,23.897711378199997
2012-05-26 07:00:00,57.87307239168495
2012-05-26 08:00:00,136.27982289560484
2012-05-26 09:00:00,226.02505698285074
2012-05-26 10:00:00,344.84486371339733
2012-05-26 11:00:00,429.73813486892504
2012-05-26 12:00:00,482.1378871807569
2012-05-26 13:00:00,494.63896423292334
2012-05-26 14:00:00,475.8146773733963
2012-05-26 15:00:00,459.7688209115889
2012-05-26 16:00:00,497.1869525285825
2012-05-26 17:00:00,449.9811542624097
2012-05-26 18:00:00,422.99279809200584
2012-05-26 19:00:00,334.06898216160647
2012-05-26 20:00:00,276.20970080976286
2012-05-26 21:00:00,222.0425181195687
2012-05-26 22:00:00,174.17947714481593
2012-05-26 23:00:00,137.7405402213205
2012-05-27 00:00:00,133.17889936925542
2012-05-27 01:00:00,112.2690578012278
2012-05-27 02:00:00,83.1019997159264
2012-05-27 03:00:00,39.72150488222155
2012-05-27 04:00:00,11.133978580317022
2012-05-27 05:00:00,11.497780745978021
2012-05-27 06:00:00,22.554505078146217
2012-05-27 07:00:00,61.169673081177024
2012-05-27 08:00:00,131.79694377279804
2012-05-27 09:00:00,228.7614012987247
2012-05-27 10:00:00,366.5080533858307
2012-05-27 11:00:00,404.2427954080274
2012-05-27 12:00:00,480.50325404341066
2012-05-27 13:00:00,513.4251373553142
2012-05-27 14:00:00,502.74241717152137
2012-05-27 15:00:00,479.6596816508258
2012-05-27 16:00:00,474.5734640682598
2012-05-27 17:00:00,437.95182389707367
2012-05-27 18:00:00,397.0252098351641
2012-05-27 19:00:00,359.37881933059043
2012-05-27 20:00:00,283.03905768149264
2012-05-27 21:00:00,172.40640910537653
2012-05-27 22:00:00,78.6506881772347
2012-05-27 23:00:00,63.872994033374134
2012-05-28 00:00:00,75.41186469521412
2012-05-28 01:00:00,51.339698475744804
2012-05-28 02:00:00,31.38403878830502
2012-05-28 03:00:00,14.766323831598339
2012-05-28 04:00:00,11.851979358505742
2012-05-28 05:00:00,16.384843989061874
2012-05-28 06:00:00,46.0019067563295
2012-05-28 07:00:00,107.1994866233736
2012-05-28 08:00:00,212.50537047018776
2012-05-28 09:00:00,275.86065433040227
2012-05-28 10:00:00,323.335115641244
2012-05-28 11:00:00,341.4190987258719
2012-05-28 12:00:00,416.5290159065274
2012-05-28 13:00:00,389.67047424077634
2012-05-28 14:00:00,375.91410792709866
2012-05-28 15:00:00,370.9429207274966
2012-05-28 16:00:00,409.0301307573754
2012-05-28 17:00:00,470.0218801642597
2012-05-28 18:00:00,473.00471229532167
2012-05-28 19:00:00,426.5604147487867
2012-05-28 20:00:00,312.7039620086381
2012-05-28 21:00:00,250.70740635383106
2012-05-28 22:00:00,221.5737503816319
2012-05-28 23:00:00,123.68413419504735
2012-05-29 00:00:00,47.36603450224374
2012-05-29 01:00:00,19.742922736418883
2012-05-29 02:00:00,10.213644888334507
2012-05-29 03:00:00,5.485233662748929
2012-05-29 04:00:00,6.239485738274822
2012-05-29 05:00:00,33.04811412472476
2012-05-29 06:00:00,145.8152769895167
2012-05-29 07:00:00,372.6027825926033
2012-05-29 08:00:00,580.1455463980836
2012-05-29 09:00:00,275.99369695229143
2012-05-29 10:00:00,162.28995123515114
2012-05-29 11:00:00,184.60340707677372
2012-05-29 12:00:00,221.52634768464821
2012-05-29 13:00:00,233.2477188105682
2012-05-29 14:00:00,202.31379795004733
2012-05-29 15:00:00,223.15842117751532
2012-05-29 16:00:00,327.1978402492134
2012-05-29 17:00:00,634.1147262839477
2012-05-29 18:00:00,601.0451744884559
2012-05-29 19:00:00,460.1846695839412
2012-05-29 20:00:00,267.8449510357578
2012-05-29 21:00:00,64.85237302441156
2012-05-29 22:00:00,104.42039324970723
2012-05-29 23:00:00,62.27732378149526
2012-05-30 00:00:00,28.06161881248923
2012-05-30 01:00:00,13.009398335913728
2012-05-30 02:00:00,6.74294225280705
2012-05-30 03:00:00,3.9950435767089076
2012-05-30 04:00:00,5.122293161822172
2012-05-30 05:00:00,32.27387412893881
2012-05-30 06:00:00,137.8175703011061
2012-05-30 07:00:00,266.5925829944253
2012-05-30 08:00:00,521.6238042951016
2012-05-30 09:00:00,285.4623706344005
2012-05-30 10:00:00,156.04886609508188
2012-05-30 11:00:00,191.80452951610621
2012-05-30 12:00:00,258.37235685093793
2012-05-30 13:00:00,253.3776720934172
2012-05-30 14:00:00,241.75167339368866
2012-05-30 15:00:00,238.64575903067814
2012-05-30 16:00:00,365.5590092837014
2012-05-30 17:00:00,700.0062043743039
2012-05-30 18:00:00,669.1118570691098
2012-05-30 19:00:00,503.94562233285757
2012-05-30 20:00:00,292.2388409467937
2012-05-30 21:00:00,271.82098860279365
2012-05-30 22:00:00,198.83654765328495
2012-05-30 23:00:00,123.0754778452223
2012-05-31 00:00:00,44.79650987933589
2012-05-31 01:00:00,18.88394382205513
2012-05-31 02:00:00,9.892955553783766
2012-05-31 03:00:00,5.717592151609082
2012-05-31 04:00:00,5.4326336220714495
2012-05-31 05:00:00,29.904111053803433
2012-05-31 06:00:00,137.99944119039716
2012-05-31 07:00:00,339.53343153988067
2012-05-31 08:00:00,574.0813469564034
2012-05-31 09:00:00,307.50667085903206
2012-05-31 10:00:00,187.22147341491393
2012-05-31 11:00:00,209.0238219362558
2012-05-31 12:00:00,277.3857581895
2012-05-31 13:00:00,280.997283872179
2012-05-31 14:00:00,228.5552647267872
2012-05-31 15:00:00,233.88746458804656
2012-05-31 16:00:00,356.30285635291625
2012-05-31 17:00:00,725.1993887514973
2012-05-31 18:00:00,734.9110341227067
2012-05-31 19:00:00,535.0470976174984
2012-05-31 20:00:00,375.5050002683853
2012-05-31 21:00:00,280.99955586392974
2012-05-31 22:00:00,213.07344052734797
2012-05-31 23:00:00,137.01014554775617
2012-06-20 00:00:00,42.01090284342031
2012-06-20 01:00:00,18.32792117765148
2012-06-20 02:00:00,9.22478365014693
2012-06-20 03:00:00,5.49684437332064
2012-06-20 04:00:00,5.534464089202357
2012-06-20 05:00:00,30.80328187106504
2012-06-20 06:00:00,125.82449068677415
2012-06-20 07:00:00,345.2244045755295
2012-06-20 08:00:00,584.1562801840763
2012-06-20 09:00:00,255.78635070919788
2012-06-20 10:00:00,150.44417460776222
2012-06-20 11:00:00,157.09054777791766
2012-06-20 12:00:00,193.44384652011448
2012-06-20 13:00:00,201.94414890490654
2012-06-20 14:00:00,177.24634893892218
2012-06-20 15:00:00,182.09627392165592
2012-06-20 16:00:00,292.5636227739767
2012-06-20 17:00:00,521.7430865878025
2012-06-20 18:00:00,519.6281108052548
2012-06-20 19:00:00,414.0194681935813
2012-06-20 20:00:00,295.75235027073273
2012-06-20 21:00:00,236.61711246107097
2012-06-20 22:00:00,177.0002201798294
2012-06-20 23:00:00,111.11869137617352
2012-06-21 00:00:00,43.99240344713708
2012-06-21 01:00:00,18.073083777508256
2012-06-21 02:00:00,9.316347712929778
2012-06-21 03:00:00,5.34767184979
2012-06-21 04:00:00,6.856494862322492
2012-06-21 05:00:00,32.914988552876686
2012-06-21 06:00:00,142.488492177225
2012-06-21 07:00:00,411.76030029098814
2012-06-21 08:00:00,535.5348528451613
2012-06-21 09:00:00,260.81301540736774
2012-06-21 10:00:00,152.19360200173048
2012-06-21 11:00:00,178.19783643712992
2012-06-21 12:00:00,212.9565149147305
2012-06-21 13:00:00,199.9846617431128
2012-06-21 14:00:00,202.94334730854925
2012-06-21 15:00:00,196.30800481360797
2012-06-21 16:00:00,314.99538735163327
2012-06-21 17:00:00,616.264905868374
2012-06-21 18:00:00,614.2887600813598
2012-06-21 19:00:00,432.95996110026783
2012-06-21 20:00:00,320.197887254351
2012-06-21 21:00:00,244.33703247031428
2012-06-21 22:00:00,181.8489410907908
2012-06-21 23:00:00,125.9042399608998
2012-06-22 00:00:00,44.025712758069524
2012-06-22 01:00:00,18.785458344606536
2012-06-22 02:00:00,8.770066710124386
2012-06-22 03:00:00,5.365338940972688
2012-06-22 04:00:00,6.308113534832739
2012-06-22 05:00:00,32.29994287261585
2012-06-22 06:00:00,133.31219167081966
2012-06-22 07:00:00,364.84255351167246
2012-06-22 08:00:00,549.3411789641376
2012-06-22 09:00:00,278.09499166192273
2012-06-22 10:00:00,154.7661478311191
2012-06-22 11:00:00,187.42337390739218
2012-06-22 12:00:00,211.8806727688934
2012-06-22 13:00:00,215.9630846318787
2012-06-22 14:00:00,192.0284172625218
2012-06-22 15:00:00,197.28487643869647
2012-06-22 16:00:00,308.5680416269851
2012-06-22 17:00:00,702.9251791985522
2012-06-22 18:00:00,628.5201918263818
2012-06-22 19:00:00,428.7040767952976
2012-06-22 20:00:00,299.6850249367862
2012-06-22 21:00:00,196.73284733685915
2012-06-22 22:00:00,176.35252728859598
2012-06-22 23:00:00,127.14334637207418
2012-06-23 00:00:00,126.49399281518336
2012-06-23 01:00:00,118.59562927168552
2012-06-23 02:00:00,79.64751993389065
2012-06-23 03:00:00,37.30922207340305
2012-06-23 04:00:00,12.274150910268075
2012-06-23 05:00:00,12.663308268143895
2012-06-23 06:00:00,24.922580821698535
2012-06-23 07:00:00,58.509150364903974
2012-06-23 08:00:00,134.37063593480318
2012-06-23 09:00:00,210.1964546732133
2012-06-23 10:00:00,341.84170083106335
2012-06-23 11:00:00,419.6989139038028
2012-06-23 12:00:00,507.45900701968463
2012-06-23 13:00:00,514.0871398302384
2012-06-23 14:00:00,485.0048702332859
2012-06-23 15:00:00,446.34230661936454
2012-06-23 16:00:00,443.4215846650096
2012-06-23 17:00:00,447.1356687439187
2012-06-23 18:00:00,386.5081491323324
2012-06-23 19:00:00,345.03123634287437
2012-06-23 20:00:00,274.7619643008749
2012-06-23 21:00:00,256.3366846108917
2012-06-23 22:00:00,228.3739044462841
2012-06-23 23:00:00,162.45988090522889
2012-06-24 00:00:00,136.59696517308672
2012-06-24 01:00:00,116.50005264623685
2012-06-24 02:00:00,88.3042097231575
2012-06-24 03:00:00,39.199871172239696
2012-06-24 04:00:00,12.7829004924996
2012-06-24 05:00:00,13.064588451656897
2012-06-24 06:00:00,25.663881318169967
2012-06-24 07:00:00,57.286063001111046
2012-06-24 08:00:00,138.79720755940875
2012-06-24 09:00:00,228.09503750802574
2012-06-24 10:00:00,358.26729963585404
2012-06-24 11:00:00,465.81362666219854
2012-06-24 12:00:00,496.23774366437027
2012-06-24 13:00:00,477.27176517838774
2012-06-24 14:00:00,440.4979881474382
2012-06-24 15:00:00,462.7186901912101
2012-06-24 16:00:00,469.1642649915915
2012-06-24 17:00:00,431.1593127025903
2012-06-24 18:00:00,415.80704306453157
2012-06-24 19:00:00,346.2617957016262
2012-06-24 20:00:00,265.1429239731527
2012-06-24 21:00:00,221.40355105223466
2012-06-24 22:00:00,186.6910712163519
2012-06-24 23:00:00,143.66978480821086
2012-06-25 00:00:00,44.733810666922025
2012-06-25 01:00:00,20.05634401143163
2012-06-25 02:00:00,10.070342357416548
2012-06-25 03:00:00,5.81177726872855
2012-06-25 04:00:00,7.495037206299363
2012-06-25 05:00:00,36.70728989007683
2012-06-25 06:00:00,156.96757382166203
2012-06-25 07:00:00,415.7275744270967
2012-06-25 08:00:00,598.0071892781616
2012-06-25 09:00:00,290.9982350494439
2012-06-25 10:00:00,167.40109876143083
2012-06-25 11:00:00,185.85984878960463
2012-06-25 12:00:00,231.51050785142064
2012-06-25 13:00:00,242.91142060765236
2012-06-25 14:00:00,222.70465419980243
2012-06-25 15:00:00,221.035084959003
2012-06-25 16:00:00,342.25520298186706
2012-06-25 17:00:00,614.7765473676664
2012-06-25 18:00:00,644.155520243645
2012-06-25 19:00:00,467.82290747751705
2012-06-25 20:00:00,339.85747789911665
2012-06-25 21:00:00,274.4507782757237
2012-06-25 22:00:00,221.91114031066394
2012-06-25 23:00:00,139.55566340563658
2012-06-26 00:00:00,47.96524714858831
2012-06-26 01:00:00,20.74551156520009
2012-06-26 02:00:00,11.09311741307646
2012-06-26 03:00:00,6.228101325262777
2012-06-26 04:00:00,7.469102643990986
2012-06-26 05:00:00,35.33601778517743
2012-06-26 06:00:00,152.71871004102772
2012-06-26 07:00:00,414.03038287103965
2012-06-26 08:00:00,645.0305713501173
2012-06-26 09:00:00,318.798189919076
2012-06-26 10:00:00,195.02818587945706
2012-06-26 11:00:00,221.53029253560106
2012-06-26 12:00:00,264.94322846279664
2012-06-26 13:00:00,248.1204908364027
2012-06-26 14:00:00,225.0520488723329
2012-06-26 15:00:00,237.85847094274877
2012-06-26 16:00:00,368.28599219152835
2012-06-26 17:00:00,700.3093103778168
2012-06-26 18:00:00,688.2788781360257
2012-06-26 19:00:00,534.787338435654
2012-06-26 20:00:00,359.33582855980194
2012-06-26 21:00:00,303.36689848492733
2012-06-26 22:00:00,242.07854753647766
2012-06-26 23:00:00,153.451022181855
2012-06-27 00:00:00,53.65676289976515
2012-06-27 01:00:00,22.050390573581566
2012-06-27 02:00:00,11.237878336938337
2012-06-27 03:00:00,6.559982434202603
2012-06-27 04:00:00,7.7210339405729265
2012-06-27 05:00:00,36.33932231531149
2012-06-27 06:00:00,156.42685609839464
2012-06-27 07:00:00,426.01166933918654
2012-06-27 08:00:00,630.9964792268496
2012-06-27 09:00:00,314.7223731228248
2012-06-27 10:00:00,204.6560089666268
2012-06-27 11:00:00,196.55897818293124
2012-06-27 12:00:00,243.05003740868668
2012-06-27 13:00:00,221.8535403126235
2012-06-27 14:00:00,205.1327706494854
2012-06-27 15:00:00,211.87919602506776
2012-06-27 16:00:00,324.8302954314305
2012-06-27 17:00:00,643.0116048747994
2012-06-27 18:00:00,609.5888489836996
2012-06-27 19:00:00,447.5894031220382
2012-06-27 20:00:00,381.41559885425295
2012-06-27 21:00:00,305.33107119109656
2012-06-27 22:00:00,233.83022230640907
2012-06-27 23:00:00,144.66315027709226
2012-06-28 00:00:00,50.91050124658101
2012-06-28 01:00:00,20.972204778907376
2012-06-28 02:00:00,10.849496602969825
2012-06-28 03:00:00,6.334258073782414
2012-06-28 04:00:00,7.613267557082844
2012-06-28 05:00:00,37.39893213709464
2012-06-28 06:00:00,161.3718021641052
2012-06-28 07:00:00,429.8728516132914
2012-06-28 08:00:00,648.5503886305632
2012-06-28 09:00:00,315.1065277957572
2012-06-28 10:00:00,180.75330001934935
2012-06-28 11:00:00,182.28340391739408
2012-06-28 12:00:00,219.51886389604852
2012-06-28 13:00:00,220.0377196350229
2012-06-28 14:00:00,192.34634210220918
2012-06-28 15:00:00,207.77064734066246
2012-06-28 16:00:00,331.60121520926776
2012-06-28 17:00:00,613.9671804344558
2012-06-28 18:00:00,633.9506254016941
2012-06-28 19:00:00,441.8091205337592
2012-06-28 20:00:00,350.5667617638766
2012-06-28 21:00:00,253.51192282415903
2012-06-28 22:00:00,206.06243913701567
2012-06-28 23:00:00,141.67231378853344
2012-06-29 00:00:00,49.57999406648803
2012-06-29 01:00:00,20.623555312217153
2012-06-29 02:00:00,10.385149283707795
2012-06-29 03:00:00,6.121430007746438
2012-06-29 04:00:00,7.18817199560141
2012-06-29 05:00:00,36.01714250862814
2012-06-29 06:00:00,157.9339933724616
2012-06-29 07:00:00,408.28896806150476
2012-06-29 08:00:00,566.161559456445
2012-06-29 09:00:00,285.391848144267
2012-06-29 10:00:00,139.61710674998133
2012-06-29 11:00:00,151.60446962124874
2012-06-29 12:00:00,202.351889930789
2012-06-29 13:00:00,190.41478685488374
2012-06-29 14:00:00,171.98914319159195
2012-06-29 15:00:00,175.25984522530683
2012-06-29 16:00:00,273.22708566433363
2012-06-29 17:00:00,519.5714005282417
2012-06-29 18:00:00,473.2388637503661
2012-06-29 19:00:00,379.11422721337067
2012-06-29 20:00:00,277.09995664445483
2012-06-29 21:00:00,219.9547097217602
2012-06-29 22:00:00,134.66895043920968
2012-06-29 23:00:00,72.32474336683075
2012-06-30 00:00:00,78.71155653123195
2012-06-30 01:00:00,64.29267106133283
2012-06-30 02:00:00,62.71718803221642
2012-06-30 03:00:00,33.18417151646642
2012-06-30 04:00:00,9.232564155585242
2012-06-30 05:00:00,11.91587698683987
2012-06-30 06:00:00,22.683415299205016
2012-06-30 07:00:00,56.079096191023204
2012-06-30 08:00:00,136.48600687131443
2012-06-30 09:00:00,226.09971459685357
2012-06-30 10:00:00,307.66372764543576
2012-06-30 11:00:00,375.533407429817
2012-06-30 12:00:00,439.2229219981731
2012-06-30 13:00:00,448.0487458663353
2012-06-30 14:00:00,437.72301582759343
2012-06-30 15:00:00,444.37178435876274
2012-06-30 16:00:00,442.5298557689599
2012-06-30 17:00:00,413.46072610804174
2012-06-30 18:00:00,372.3507138843463
2012-06-30 19:00:00,335.4475339290421
2012-06-30 20:00:00,252.80777162542546
2012-06-30 21:00:00,214.38666774435478
2012-06-30 22:00:00,182.84458742481505
2012-06-30 23:00:00,141.38029020219952
2012-07-20 00:00:00,37.19471311661675
2012-07-20 01:00:00,13.980720836550297
2012-07-20 02:00:00,9.00117798387274
2012-07-20 03:00:00,5.354284663194357
2012-07-20 04:00:00,7.224491904251093
2012-07-20 05:00:00,29.811824582125315
2012-07-20 06:00:00,125.38987070130568
2012-07-20 07:00:00,346.6973903011788
2012-07-20 08:00:00,601.6293770670414
2012-07-20 09:00:00,285.350649604084
2012-07-20 10:00:00,161.7327136151214
2012-07-20 11:00:00,151.95790685764166
2012-07-20 12:00:00,101.69457685950107
2012-07-20 13:00:00,95.68065622183127
2012-07-20 14:00:00,83.67444979601399
2012-07-20 15:00:00,92.20785998518603
2012-07-20 16:00:00,246.16825432164586
2012-07-20 17:00:00,367.6337269597136
2012-07-20 18:00:00,514.8883462920982
2012-07-20 19:00:00,334.95429730667496
2012-07-20 20:00:00,167.9600485604514
2012-07-20 21:00:00,82.63176700618058
2012-07-20 22:00:00,108.47590003423257
2012-07-20 23:00:00,91.4709195976985
2012-07-21 00:00:00,95.08214921898684
2012-07-21 01:00:00,75.65780381246988
2012-07-21 02:00:00,48.22475105802132
2012-07-21 03:00:00,19.04463654943575
2012-07-21 04:00:00,5.608710590451476
2012-07-21 05:00:00,5.059578978014302
2012-07-21 06:00:00,8.522486937832308
2012-07-21 07:00:00,28.23006323834607
2012-07-21 08:00:00,112.81096804009553
2012-07-21 09:00:00,196.2027203522
2012-07-21 10:00:00,182.49230271223493
2012-07-21 11:00:00,194.90931650845337
2012-07-21 12:00:00,288.61562773046245
2012-07-21 13:00:00,174.40854314767196
2012-07-21 14:00:00,190.5642681455475
2012-07-21 15:00:00,228.4770267806382
2012-07-21 16:00:00,148.66180899100974
2012-07-21 17:00:00,156.05405538685926
2012-07-21 18:00:00,178.28410493367656
2012-07-21 19:00:00,234.01816857481242
2012-07-21 20:00:00,138.18145767715623
2012-07-21 21:00:00,100.38970172879631
2012-07-21 22:00:00,125.22328268632603
2012-07-21 23:00:00,95.14769392826875
2012-07-22 00:00:00,108.37918586536634
2012-07-22 01:00:00,86.81853953155095
2012-07-22 02:00:00,66.26049846172158
2012-07-22 03:00:00,31.491932395427202
2012-07-22 04:00:00,9.093248528429477
2012-07-22 05:00:00,9.721883786122529
2012-07-22 06:00:00,21.034295831739147
2012-07-22 07:00:00,50.16597362887739
2012-07-22 08:00:00,121.75865347525878
2012-07-22 09:00:00,205.1976701680938
2012-07-22 10:00:00,345.95023184783093
2012-07-22 11:00:00,417.9006337534902
2012-07-22 12:00:00,471.51046829519385
2012-07-22 13:00:00,481.1859304684815
2012-07-22 14:00:00,455.88911813072616
2012-07-22 15:00:00,451.54787781547
2012-07-22 16:00:00,441.646210959936
2012-07-22 17:00:00,419.43162376427557
2012-07-22 18:00:00,388.3897762791876
2012-07-22 19:00:00,323.6918666224641
2012-07-22 20:00:00,241.47788404181057
2012-07-22 21:00:00,189.24520598781564
2012-07-22 22:00:00,167.19290168463186
2012-07-22 23:00:00,121.68597423847375
2012-07-23 00:00:00,39.394058947056635
2012-07-23 01:00:00,17.11509068153109
2012-07-23 02:00:00,7.871697030266568
2012-07-23 03:00:00,4.746991807263734
2012-07-23 04:00:00,6.24773016591379
2012-07-23 05:00:00,25.993923890678328
2012-07-23 06:00:00,129.04426172651503
2012-07-23 07:00:00,366.64986580459595
2012-07-23 08:00:00,570.981088125916
2012-07-23 09:00:00,279.02503751971693
2012-07-23 10:00:00,166.77897817334886
2012-07-23 11:00:00,201.5785669152128
2012-07-23 12:00:00,246.06169084010236
2012-07-23 13:00:00,246.3211143964854
2012-07-23 14:00:00,218.24395260500097
2012-07-23 15:00:00,226.57673121997772
2012-07-23 16:00:00,345.68726701360663
2012-07-23 17:00:00,668.0607454560437
2012-07-23 18:00:00,657.4724555051858
2012-07-23 19:00:00,483.7300728159667
2012-07-23 20:00:00,356.49980931536965
2012-07-23 21:00:00,260.6456730790248
2012-07-23 22:00:00,204.79403616535305
2012-07-23 23:00:00,125.0479169544618
2012-07-24 00:00:00,48.20792646401633
2012-07-24 01:00:00,19.826230918510863
2012-07-24 02:00:00,9.630046131791499
2012-07-24 03:00:00,5.626708222314161
2012-07-24 04:00:00,6.513854607489698
2012-07-24 05:00:00,30.746591678292532
2012-07-24 06:00:00,130.54737257639525
2012-07-24 07:00:00,354.2270476951436
2012-07-24 08:00:00,529.0699591274304
2012-07-24 09:00:00,252.896156449713
2012-07-24 10:00:00,152.10327290358595
2012-07-24 11:00:00,172.6485879186512
2012-07-24 12:00:00,242.06358222066308
2012-07-24 13:00:00,214.61732973840014
2012-07-24 14:00:00,210.04218616710403
2012-07-24 15:00:00,214.62334487283096
2012-07-24 16:00:00,314.7969170292124
2012-07-24 17:00:00,629.0844521622813
2012-07-24 18:00:00,618.4779267880451
2012-07-24 19:00:00,468.6008211883577
2012-07-24 20:00:00,330.01005425971476
2012-07-24 21:00:00,256.09763333862696
2012-07-24 22:00:00,195.3553818988527
2012-07-24 23:00:00,125.23388332612492
2012-07-25 00:00:00,45.59579405938229
2012-07-25 01:00:00,20.85005425312144
2012-07-25 02:00:00,10.566685128867006
2012-07-25 03:00:00,5.976600266480502
2012-07-25 04:00:00,6.623294855820047
2012-07-25 05:00:00,30.836243974738327
2012-07-25 06:00:00,132.0768515173397
2012-07-25 07:00:00,343.6203038139691
2012-07-25 08:00:00,587.2652892092035
2012-07-25 09:00:00,289.04890073089615
2012-07-25 10:00:00,179.16260465530328
2012-07-25 11:00:00,179.3351301313208
2012-07-25 12:00:00,228.44457379114715
2012-07-25 13:00:00,236.53947216285235
2012-07-25 14:00:00,213.34863690476757
2012-07-25 15:00:00,238.51384181268935
2012-07-25 16:00:00,353.49282977708856
2012-07-25 17:00:00,650.9113580619903
2012-07-25 18:00:00,658.0915043519898
2012-07-25 19:00:00,493.9241615352469
2012-07-25 20:00:00,372.3044282694133
2012-07-25 21:00:00,275.0459740782604
2012-07-25 22:00:00,211.35078813642988
2012-07-25 23:00:00,123.99086968237124
2012-07-26 00:00:00,47.72966831730687
2012-07-26 01:00:00,19.24040158800322
2012-07-26 02:00:00,9.768607867616371
2012-07-26 03:00:00,5.928072828194492
2012-07-26 04:00:00,6.949668348313993
2012-07-26 05:00:00,33.82136301242685
2012-07-26 06:00:00,137.91797231238104
2012-07-26 07:00:00,349.7024826725977
2012-07-26 08:00:00,541.2853128427844
2012-07-26 09:00:00,273.7278632593398
2012-07-26 10:00:00,163.64755793566468
2012-07-26 11:00:00,164.96036391222114
2012-07-26 12:00:00,209.98099132462121
2012-07-26 13:00:00,194.7258823459237
2012-07-26 14:00:00,175.77055021405525
2012-07-26 15:00:00,182.23028167205095
2012-07-26 16:00:00,286.6721095981754
2012-07-26 17:00:00,526.0143486622933
2012-07-26 18:00:00,543.6822357460911
2012-07-26 19:00:00,373.8466172365733
2012-07-26 20:00:00,320.80938536368
2012-07-26 21:00:00,233.75328946800457
2012-07-26 22:00:00,180.8987619896317
2012-07-26 23:00:00,126.88825937027987
2012-07-27 00:00:00,46.073668419186376
2012-07-27 01:00:00,19.65659881687818
2012-07-27 02:00:00,9.6345246080873
2012-07-27 03:00:00,6.057774319359828
2012-07-27 04:00:00,6.3631089969512145
2012-07-27 05:00:00,29.973419029427063
2012-07-27 06:00:00,128.29647107582764
2012-07-27 07:00:00,346.91947335465085
2012-07-27 08:00:00,528.6813423057926
2012-07-27 09:00:00,250.53887449029
2012-07-27 10:00:00,155.02378552972812
2012-07-27 11:00:00,174.40362628460073
2012-07-27 12:00:00,211.2719461576954
2012-07-27 13:00:00,216.1352287623614
2012-07-27 14:00:00,182.3119896672195
2012-07-27 15:00:00,228.7466459435982
2012-07-27 16:00:00,336.3355443181631
2012-07-27 17:00:00,631.4742731354336
2012-07-27 18:00:00,664.6575257711526
2012-07-27 19:00:00,491.8721455498763
2012-07-27 20:00:00,344.3174963075045
2012-07-27 21:00:00,266.9917493139314
2012-07-27 22:00:00,211.1023292399225
2012-07-27 23:00:00,124.78470984945986
2012-07-28 00:00:00,134.50204296950136
2012-07-28 01:00:00,105.97625992986589
2012-07-28 02:00:00,77.39909457621515
2012-07-28 03:00:00,35.41124645785685
2012-07-28 04:00:00,10.851561934980063
2012-07-28 05:00:00,11.457102721281084
2012-07-28 06:00:00,22.466670871836335
2012-07-28 07:00:00,50.208106298380784
2012-07-28 08:00:00,121.70142098797318
2012-07-28 09:00:00,209.35575587734152
2012-07-28 10:00:00,330.2203562679543
2012-07-28 11:00:00,419.26485425049
2012-07-28 12:00:00,492.07636410667675
2012-07-28 13:00:00,454.3214988278402
2012-07-28 14:00:00,476.9330003744468
2012-07-28 15:00:00,433.29453615896057
2012-07-28 16:00:00,478.10525948616765
2012-07-28 17:00:00,453.90643854669577
2012-07-28 18:00:00,398.150791357691
2012-07-28 19:00:00,265.0577162402842
2012-07-28 20:00:00,215.3074888249279
2012-07-28 21:00:00,200.91447264550368
2012-07-28 22:00:00,170.28031338116566
2012-07-28 23:00:00,115.82475780026539
2012-07-29 00:00:00,114.89223830890424
2012-07-29 01:00:00,102.07214006868578
2012-07-29 02:00:00,82.95335440522695
2012-07-29 03:00:00,36.89739734284151
2012-07-29 04:00:00,10.495063385147052
2012-07-29 05:00:00,11.048483343808144
2012-07-29 06:00:00,22.240955230739797
2012-07-29 07:00:00,47.643952843315255
2012-07-29 08:00:00,121.97321375980403
2012-07-29 09:00:00,203.50669075754647
2012-07-29 10:00:00,323.0202901176098
2012-07-29 11:00:00,395.61478536324023
2012-07-29 12:00:00,426.95201368460346
2012-07-29 13:00:00,471.05706454217
2012-07-29 14:00:00,472.67700269086316
2012-07-29 15:00:00,502.7664653383007
2012-07-29 16:00:00,501.4955718984131
2012-07-29 17:00:00,475.1159511788858
2012-07-29 18:00:00,402.0525467728097
2012-07-29 19:00:00,349.0035998520233
2012-07-29 20:00:00,250.80381614343716
2012-07-29 21:00:00,216.6273853594461
2012-07-29 22:00:00,184.58709900314383
2012-07-29 23:00:00,132.7999543206032
2012-07-30 00:00:00,46.90660636126821
2012-07-30 01:00:00,19.595610996180575
2012-07-30 02:00:00,9.78812204359474
2012-07-30 03:00:00,5.570340692535464
2012-07-30 04:00:00,6.183420998975509
2012-07-30 05:00:00,31.070710995501045
2012-07-30 06:00:00,127.61758565347616
2012-07-30 07:00:00,364.7781673491492
2012-07-30 08:00:00,567.1705697380568
2012-07-30 09:00:00,264.32680924944043
2012-07-30 10:00:00,164.11065292451391
2012-07-30 11:00:00,195.13473340899006
2012-07-30 12:00:00,241.5655120452089
2012-07-30 13:00:00,235.83426717920784
2012-07-30 14:00:00,210.07131767373235
2012-07-30 15:00:00,224.26449737214452
2012-07-30 16:00:00,332.1336769005284
2012-07-30 17:00:00,601.7083674518218
2012-07-30 18:00:00,616.5552451052521
2012-07-30 19:00:00,469.286233707812
2012-07-30 20:00:00,332.2240052458618
2012-07-30 21:00:00,252.16372489985017
2012-07-30 22:00:00,194.49866857733664
2012-07-30 23:00:00,117.10194337793921
2012-07-31 00:00:00,48.129251923478336
2012-07-31 01:00:00,19.130976624612895
2012-07-31 02:00:00,9.474461208103824
2012-07-31 03:00:00,5.713867316170803
2012-07-31 04:00:00,6.387855710397231
2012-07-31 05:00:00,30.983353746745117
2012-07-31 06:00:00,117.34225628710276
2012-07-31 07:00:00,356.5114806684381
2012-07-31 08:00:00,561.4004251012101
2012-07-31 09:00:00,260.24325658061724
2012-07-31 10:00:00,149.46701913139464
2012-07-31 11:00:00,179.44890267182876
2012-07-31 12:00:00,225.8620465086629
2012-07-31 13:00:00,209.68655726450402
2012-07-31 14:00:00,190.1926514947432
2012-07-31 15:00:00,230.98150461251257
2012-07-31 16:00:00,342.0258688296943
2012-07-31 17:00:00,678.2683052149589
2012-07-31 18:00:00,601.0064522056705
2012-07-31 19:00:00,394.20677421495986
2012-07-31 20:00:00,218.71453592224213
2012-07-31 21:00:00,149.1147959272228
2012-07-31 22:00:00,188.2403882308845
2012-07-31 23:00:00,110.80659518949219
2012-08-20 00:00:00,38.2448213368825
2012-08-20 01:00:00,16.40742780853234
2012-08-20 02:00:00,9.097016899673564
2012-08-20 03:00:00,5.237752367926771
2012-08-20 04:00:00,6.54399120146257
2012-08-20 05:00:00,27.462091461568075
2012-08-20 06:00:00,134.029288010386
2012-08-20 07:00:00,362.7074744093976
2012-08-20 08:00:00,553.9622137246793
2012-08-20 09:00:00,260.4995490426555
2012-08-20 10:00:00,158.85963246934105
2012-08-20 11:00:00,187.29496120488486
2012-08-20 12:00:00,243.68209873382958
2012-08-20 13:00:00,239.91106245854493
2012-08-20 14:00:00,213.7291452451059
2012-08-20 15:00:00,226.83825619578738
2012-08-20 16:00:00,348.1801128771489
2012-08-20 17:00:00,610.1251085093253
2012-08-20 18:00:00,527.3736141329124
2012-08-20 19:00:00,387.25828669634376
2012-08-20 20:00:00,232.17048420829357
2012-08-20 21:00:00,170.3157034300331
2012-08-20 22:00:00,137.8802896824607
2012-08-20 23:00:00,89.45221827673598
2012-08-21 00:00:00,38.613931634075115
2012-08-21 01:00:00,16.497798801513515
2012-08-21 02:00:00,6.771965377769411
2012-08-21 03:00:00,4.34014536542351
2012-08-21 04:00:00,5.840899340818665
2012-08-21 05:00:00,29.982701256965502
2012-08-21 06:00:00,127.77418526124421
2012-08-21 07:00:00,342.1081969281757
2012-08-21 08:00:00,523.7973702498016
2012-08-21 09:00:00,250.9039891180379
2012-08-21 10:00:00,170.85018357556655
2012-08-21 11:00:00,190.57693121963058
2012-08-21 12:00:00,230.46167217605483
2012-08-21 13:00:00,252.22459343506628
2012-08-21 14:00:00,225.5165262056196
2012-08-21 15:00:00,233.1227183943557
2012-08-21 16:00:00,354.6870909576044
2012-08-21 17:00:00,607.7457124150183
2012-08-21 18:00:00,648.3905538715608
2012-08-21 19:00:00,350.23392662060695
2012-08-21 20:00:00,238.31481477653915
2012-08-21 21:00:00,220.63528363857975
2012-08-21 22:00:00,161.7978047487742
2012-08-21 23:00:00,97.23564803234017
2012-08-22 00:00:00,41.53427146503226
2012-08-22 01:00:00,18.432362764371895
2012-08-22 02:00:00,9.116191707481056
2012-08-22 03:00:00,5.4659110682410486
2012-08-22 04:00:00,6.369155668160076
2012-08-22 05:00:00,29.35778864757692
2012-08-22 06:00:00,129.47846273312197
2012-08-22 07:00:00,337.6922328742227
2012-08-22 08:00:00,532.2346339837286
2012-08-22 09:00:00,260.37008264405694
2012-08-22 10:00:00,171.33814250186
2012-08-22 11:00:00,184.04621695038546
2012-08-22 12:00:00,227.67990570910766
2012-08-22 13:00:00,235.66991679536756
2012-08-22 14:00:00,213.7760383273505
2012-08-22 15:00:00,232.11519308253415
2012-08-22 16:00:00,305.68232736112725
2012-08-22 17:00:00,443.81033008914886
2012-08-22 18:00:00,427.9710161255247
2012-08-22 19:00:00,362.9911513172786
2012-08-22 20:00:00,287.822475357007
2012-08-22 21:00:00,221.51805658913915
2012-08-22 22:00:00,171.3468293703653
2012-08-22 23:00:00,98.10705301587038
2012-08-23 00:00:00,44.62078437059358
2012-08-23 01:00:00,17.554197481590442
2012-08-23 02:00:00,8.316748772170026
2012-08-23 03:00:00,5.239594414330396
2012-08-23 04:00:00,5.915769316530558
2012-08-23 05:00:00,27.91776297410658
2012-08-23 06:00:00,126.2407898708525
2012-08-23 07:00:00,367.0739584900108
2012-08-23 08:00:00,554.2344711483513
2012-08-23 09:00:00,267.3203267215397
2012-08-23 10:00:00,166.9050943712175
2012-08-23 11:00:00,193.98362147706055
2012-08-23 12:00:00,242.76708842120203
2012-08-23 13:00:00,249.07200816478468
2012-08-23 14:00:00,211.61883469208684
2012-08-23 15:00:00,230.0898295809683
2012-08-23 16:00:00,355.4659407023999
2012-08-23 17:00:00,664.6553063870304
2012-08-23 18:00:00,645.575924956837
2012-08-23 19:00:00,459.84416634419284
2012-08-23 20:00:00,333.1561143550681
2012-08-23 21:00:00,251.824470695519
2012-08-23 22:00:00,204.8187084106438
2012-08-23 23:00:00,118.82807351701992
2012-08-24 00:00:00,44.15547532302252
2012-08-24 01:00:00,19.52452755250744
2012-08-24 02:00:00,9.22977570061692
2012-08-24 03:00:00,5.638226822615539
2012-08-24 04:00:00,6.31614165457452
2012-08-24 05:00:00,30.61149002560961
2012-08-24 06:00:00,120.45470819541849
2012-08-24 07:00:00,349.238893919528
2012-08-24 08:00:00,554.4711450455989
2012-08-24 09:00:00,273.8748283642296
2012-08-24 10:00:00,169.0336136674519
2012-08-24 11:00:00,199.35299257118527
2012-08-24 12:00:00,248.23059675663544
2012-08-24 13:00:00,257.3382155279179
2012-08-24 14:00:00,224.89992064954052
2012-08-24 15:00:00,233.45040036694468
2012-08-24 16:00:00,360.1747734980209
2012-08-24 17:00:00,685.4499544825766
2012-08-24 18:00:00,648.8319064370689
2012-08-24 19:00:00,469.9065648179786
2012-08-24 20:00:00,328.78904281820013
2012-08-24 21:00:00,261.2356040504518
2012-08-24 22:00:00,196.3545958222216
2012-08-24 23:00:00,125.562478302566
2012-08-25 00:00:00,136.09069441972682
2012-08-25 01:00:00,104.40761426931847
2012-08-25 02:00:00,86.0460682057011
2012-08-25 03:00:00,38.08171147420218
2012-08-25 04:00:00,11.467476468374725
2012-08-25 05:00:00,12.280105677289109
2012-08-25 06:00:00,23.509528484420972
2012-08-25 07:00:00,48.42704563852987
2012-08-25 08:00:00,127.38818056365756
2012-08-25 09:00:00,201.05693992595323
2012-08-25 10:00:00,324.6194052639453
2012-08-25 11:00:00,402.7573705347065
2012-08-25 12:00:00,366.41803664895
2012-08-25 13:00:00,379.8211575532083
2012-08-25 14:00:00,369.8695139697062
2012-08-25 15:00:00,326.042044500457
2012-08-25 16:00:00,422.70279263663895
2012-08-25 17:00:00,368.24067913301343
2012-08-25 18:00:00,319.9842346144227
2012-08-25 19:00:00,249.1149993834722
2012-08-25 20:00:00,148.3048471840563
2012-08-25 21:00:00,90.62714575746057
2012-08-25 22:00:00,116.87905609270423
2012-08-25 23:00:00,107.41517159774503
2012-08-26 00:00:00,103.25579588340257
2012-08-26 01:00:00,87.15380347610153
2012-08-26 02:00:00,68.05571102378066
2012-08-26 03:00:00,30.561154670332463
2012-08-26 04:00:00,10.324581180580092
2012-08-26 05:00:00,10.429553810060945
2012-08-26 06:00:00,17.327556031881194
2012-08-26 07:00:00,46.49719711735097
2012-08-26 08:00:00,118.56114579063667
2012-08-26 09:00:00,215.9374809912492
2012-08-26 10:00:00,303.16751652707165
2012-08-26 11:00:00,360.8145572597469
2012-08-26 12:00:00,375.23851239070103
2012-08-26 13:00:00,188.35564472946402
2012-08-26 14:00:00,230.99463084741183
2012-08-26 15:00:00,285.86728672839405
2012-08-26 16:00:00,150.97462082582106
2012-08-26 17:00:00,212.65685117529614
2012-08-26 18:00:00,292.11593168066133
2012-08-26 19:00:00,249.74211858913029
2012-08-26 20:00:00,195.00937746998005
2012-08-26 21:00:00,177.4122413671653
2012-08-26 22:00:00,128.2573995299327
2012-08-26 23:00:00,107.80645738968452
2012-08-27 00:00:00,39.42245706964301
2012-08-27 01:00:00,17.954255002795588
2012-08-27 02:00:00,8.85388180267101
2012-08-27 03:00:00,5.355131571835916
2012-08-27 04:00:00,5.97707667990961
2012-08-27 05:00:00,29.095671683154357
2012-08-27 06:00:00,123.37581341581837
2012-08-27 07:00:00,346.97433757208483
2012-08-27 08:00:00,539.8480434816303
2012-08-27 09:00:00,277.82580273517755
2012-08-27 10:00:00,164.02040648196683
2012-08-27 11:00:00,181.8345495205386
2012-08-27 12:00:00,225.05567124940342
2012-08-27 13:00:00,230.18172282245246
2012-08-27 14:00:00,210.81889367210425
2012-08-27 15:00:00,210.63022056012662
2012-08-27 16:00:00,337.41861785988687
2012-08-27 17:00:00,680.056358847053
2012-08-27 18:00:00,651.0164323000405
2012-08-27 19:00:00,454.23690069627304
2012-08-27 20:00:00,324.65213988887774
2012-08-27 21:00:00,238.05879331570821
2012-08-27 22:00:00,157.98676959746822
2012-08-27 23:00:00,106.02092515772578
2012-08-28 00:00:00,41.871509037498875
2012-08-28 01:00:00,17.617092896710446
2012-08-28 02:00:00,9.219058308664932
2012-08-28 03:00:00,5.112749706718609
2012-08-28 04:00:00,6.493076985319712
2012-08-28 05:00:00,30.74811864663203
2012-08-28 06:00:00,126.71162010595982
2012-08-28 07:00:00,371.0385399749761
2012-08-28 08:00:00,573.5440892211484
2012-08-28 09:00:00,285.47759233492735
2012-08-28 10:00:00,168.6174394664667
2012-08-28 11:00:00,185.70043873588443
2012-08-28 12:00:00,217.53514237873043
2012-08-28 13:00:00,226.85769969008047
2012-08-28 14:00:00,201.8370731101002
2012-08-28 15:00:00,230.92308754502136
2012-08-28 16:00:00,327.0849759218448
2012-08-28 17:00:00,668.2184792478863
2012-08-28 18:00:00,683.3311290823937
2012-08-28 19:00:00,471.0850622074174
2012-08-28 20:00:00,336.2564154991964
2012-08-28 21:00:00,258.71256300414353
2012-08-28 22:00:00,201.01189909925088
2012-08-28 23:00:00,125.63957131883504
2012-08-29 00:00:00,42.33141322447245
2012-08-29 01:00:00,18.272206344650595
2012-08-29 02:00:00,9.28404411676712
2012-08-29 03:00:00,5.6436485275401935
2012-08-29 04:00:00,6.254068919020674
2012-08-29 05:00:00,30.563089905991845
2012-08-29 06:00:00,131.29514310711116
2012-08-29 07:00:00,346.2782541503002
2012-08-29 08:00:00,547.582553550795
2012-08-29 09:00:00,287.35138266613495
2012-08-29 10:00:00,171.6991311188443
2012-08-29 11:00:00,192.42287318215574
2012-08-29 12:00:00,245.23244981010038
2012-08-29 13:00:00,232.70966566945762
2012-08-29 14:00:00,224.7108016939276
2012-08-29 15:00:00,245.35814876545203
2012-08-29 16:00:00,375.7579661630598
2012-08-29 17:00:00,702.7392610998342
2012-08-29 18:00:00,680.952306189496
2012-08-29 19:00:00,477.3667264692474
2012-08-29 20:00:00,325.79816231868153
2012-08-29 21:00:00,259.4758705568888
2012-08-29 22:00:00,196.1124701745922
2012-08-29 23:00:00,124.60786622258165
2012-08-30 00:00:00,42.53391404868011
2012-08-30 01:00:00,18.06856701867959
2012-08-30 02:00:00,9.210350714693586
2012-08-30 03:00:00,5.393190234278132
2012-08-30 04:00:00,6.416861037062632
2012-08-30 05:00:00,30.664859910741153
2012-08-30 06:00:00,130.68456193818957
2012-08-30 07:00:00,349.4441964190086
2012-08-30 08:00:00,504.35724564181174
2012-08-30 09:00:00,265.10621321068163
2012-08-30 10:00:00,162.9624579088079
2012-08-30 11:00:00,197.21228533661494
2012-08-30 12:00:00,238.62505743875744
2012-08-30 13:00:00,236.6049476049637
2012-08-30 14:00:00,210.62851102775028
2012-08-30 15:00:00,231.5023450936465
2012-08-30 16:00:00,374.29868756829046
2012-08-30 17:00:00,682.3033649664836
2012-08-30 18:00:00,691.3168961587921
2012-08-30 19:00:00,464.39743647383256
2012-08-30 20:00:00,337.97672465393197
2012-08-30 21:00:00,248.48054202445013
2012-08-30 22:00:00,185.40508138383635
2012-08-30 23:00:00,115.9176738109876
2012-08-31 00:00:00,43.854403004261286
2012-08-31 01:00:00,18.905493509952368
2012-08-31 02:00:00,8.119794511806408
2012-08-31 03:00:00,5.006222118775484
2012-08-31 04:00:00,5.614597257866243
2012-08-31 05:00:00,27.227387485410965
2012-08-31 06:00:00,118.29938837185277
2012-08-31 07:00:00,334.5730758998098
2012-08-31 08:00:00,533.3888560304442
2012-08-31 09:00:00,263.31804489076416
2012-08-31 10:00:00,169.224737928614
2012-08-31 11:00:00,168.57884360798525
2012-08-31 12:00:00,225.02026918507147
2012-08-31 13:00:00,214.45095613267293
2012-08-31 14:00:00,200.76433158507817
2012-08-31 15:00:00,204.80957456246352
2012-08-31 16:00:00,322.8663765532356
2012-08-31 17:00:00,620.896411091887
2012-08-31 18:00:00,660.6220386050667
2012-08-31 19:00:00,482.89087883757344
2012-08-31 20:00:00,342.2756185824628
2012-08-31 21:00:00,259.6069128101824
2012-08-31 22:00:00,203.30015625792643
2012-08-31 23:00:00,131.4083414492456
2012-09-20 00:00:00,44.7959504114971
2012-09-20 01:00:00,19.843222705033387
2012-09-20 02:00:00,10.031745903458104
2012-09-20 03:00:00,5.727146072231363
2012-09-20 04:00:00,6.447379178151385
2012-09-20 05:00:00,31.313029244517594
2012-09-20 06:00:00,132.38776498356742
2012-09-20 07:00:00,409.8073212524257
2012-09-20 08:00:00,594.9489905672551
2012-09-20 09:00:00,308.0855695800432
2012-09-20 10:00:00,181.52757885610603
2012-09-20 11:00:00,219.30373035792988
2012-09-20 12:00:00,284.628489909619
2012-09-20 13:00:00,273.3409124507676
2012-09-20 14:00:00,243.52287211281882
2012-09-20 15:00:00,272.04710451670996
2012-09-20 16:00:00,398.6852934728823
2012-09-20 17:00:00,703.4603413570953
2012-09-20 18:00:00,657.0739566345532
2012-09-20 19:00:00,430.4874344291422
2012-09-20 20:00:00,293.5195752898066
2012-09-20 21:00:00,226.95856190253872
2012-09-20 22:00:00,173.67980688213163
2012-09-20 23:00:00,113.31960906785994
2012-09-21 00:00:00,44.65601648274574
2012-09-21 01:00:00,19.55561822969441
2012-09-21 02:00:00,9.809928874581933
2012-09-21 03:00:00,6.711795107755016
2012-09-21 04:00:00,6.93786725839683
2012-09-21 05:00:00,32.22803748878798
2012-09-21 06:00:00,153.61080686168881
2012-09-21 07:00:00,399.56172537824364
2012-09-21 08:00:00,656.4392783394462
2012-09-21 09:00:00,289.84080454827404
2012-09-21 10:00:00,176.64706313600496
2012-09-21 11:00:00,199.19760018301577
2012-09-21 12:00:00,251.86274305033908
2012-09-21 13:00:00,258.5110804095469
2012-09-21 14:00:00,226.86065685694592
2012-09-21 15:00:00,252.46892815564746
2012-09-21 16:00:00,385.88667048342677
2012-09-21 17:00:00,697.9051228987003
2012-09-21 18:00:00,698.9821389863181
2012-09-21 19:00:00,454.6361246980115
2012-09-21 20:00:00,324.1382544387923
2012-09-21 21:00:00,230.305637837511
2012-09-21 22:00:00,181.6856181548132
2012-09-21 23:00:00,112.86587082569193
2012-09-22 00:00:00,129.06222573223408
2012-09-22 01:00:00,94.24309700874197
2012-09-22 02:00:00,73.27781047018567
2012-09-22 03:00:00,36.278736452508596
2012-09-22 04:00:00,10.988032007114322
2012-09-22 05:00:00,10.535431310034605
2012-09-22 06:00:00,19.778218409843006
2012-09-22 07:00:00,58.02030707265891
2012-09-22 08:00:00,127.76455877161412
2012-09-22 09:00:00,212.61097687624357
2012-09-22 10:00:00,341.15759247951826
2012-09-22 11:00:00,434.47346826545504
2012-09-22 12:00:00,502.72238954586885
2012-09-22 13:00:00,508.9061507841094
2012-09-22 14:00:00,530.7408101594
2012-09-22 15:00:00,517.1882881947492
2012-09-22 16:00:00,493.96085221043484
2012-09-22 17:00:00,455.4082877521868
2012-09-22 18:00:00,419.1076472471722
2012-09-22 19:00:00,358.37261476082205
2012-09-22 20:00:00,287.66244573347586
2012-09-22 21:00:00,233.03361737043443
2012-09-22 22:00:00,186.69298460379252
2012-09-22 23:00:00,149.58681560344158
2012-09-23 00:00:00,154.82643096976147
2012-09-23 01:00:00,104.46540750324634
2012-09-23 02:00:00,83.33010990578552
2012-09-23 03:00:00,29.33274381336799
2012-09-23 04:00:00,8.859733596183275
2012-09-23 05:00:00,9.094882027522809
2012-09-23 06:00:00,17.37800698558729
2012-09-23 07:00:00,42.4193414645146
2012-09-23 08:00:00,105.06135701329697
2012-09-23 09:00:00,185.86141168922433
2012-09-23 10:00:00,377.5306447523573
2012-09-23 11:00:00,460.39233740012094
2012-09-23 12:00:00,576.3043870807256
2012-09-23 13:00:00,575.3256229790062
2012-09-23 14:00:00,551.3269442157848
2012-09-23 15:00:00,553.6936110664739
2012-09-23 16:00:00,536.052654843761
2012-09-23 17:00:00,513.9936204972117
2012-09-23 18:00:00,396.2299336324841
2012-09-23 19:00:00,353.33614834582454
2012-09-23 20:00:00,273.97099826543393
2012-09-23 21:00:00,203.30529617387114
2012-09-23 22:00:00,168.69489384333875
2012-09-23 23:00:00,99.66675486131452
2012-09-24 00:00:00,35.87138809853789
2012-09-24 01:00:00,17.547882600769423
2012-09-24 02:00:00,8.209731422531146
2012-09-24 03:00:00,5.51966422260875
2012-09-24 04:00:00,6.21639774466273
2012-09-24 05:00:00,31.61305928021693
2012-09-24 06:00:00,137.76143288037696
2012-09-24 07:00:00,367.7478980845037
2012-09-24 08:00:00,600.2452112727096
2012-09-24 09:00:00,299.3275034934766
2012-09-24 10:00:00,174.01384692833628
2012-09-24 11:00:00,229.31837103190352
2012-09-24 12:00:00,285.185991280074
2012-09-24 13:00:00,255.71677351494426
2012-09-24 14:00:00,218.52888979231648
2012-09-24 15:00:00,249.6051744269627
2012-09-24 16:00:00,410.3330674399727
2012-09-24 17:00:00,721.6551697989495
2012-09-24 18:00:00,700.4833807439786
2012-09-24 19:00:00,480.45378936604016
2012-09-24 20:00:00,305.76544644683224
2012-09-24 21:00:00,228.49358754968213
2012-09-24 22:00:00,162.7472250708525
2012-09-24 23:00:00,106.96170031919085
2012-09-25 00:00:00,41.435429345242284
2012-09-25 01:00:00,17.26643402193846
2012-09-25 02:00:00,8.694129872115598
2012-09-25 03:00:00,5.583728711793335
2012-09-25 04:00:00,6.315674553601084
2012-09-25 05:00:00,31.716342939699153
2012-09-25 06:00:00,125.94580203767309
2012-09-25 07:00:00,335.7696476031806
2012-09-25 08:00:00,562.8841308725658
2012-09-25 09:00:00,291.25862642857317
2012-09-25 10:00:00,174.66747677624133
2012-09-25 11:00:00,199.09639348838377
2012-09-25 12:00:00,274.7169649710365
2012-09-25 13:00:00,253.9003438452089
2012-09-25 14:00:00,256.0914324644288
2012-09-25 15:00:00,286.5443330036155
2012-09-25 16:00:00,414.46869167341924
2012-09-25 17:00:00,754.6516498270261
2012-09-25 18:00:00,739.0484787011143
2012-09-25 19:00:00,480.9030379942536
2012-09-25 20:00:00,309.4061426852376
2012-09-25 21:00:00,240.58286686847867
2012-09-25 22:00:00,188.01089363039864
2012-09-25 23:00:00,120.14475868323703
2012-09-26 00:00:00,45.54720412482064
2012-09-26 01:00:00,18.263097941425485
2012-09-26 02:00:00,8.689724591140374
2012-09-26 03:00:00,5.402555188535646
2012-09-26 04:00:00,7.479543476133286
2012-09-26 05:00:00,33.60321924803669
2012-09-26 06:00:00,139.74836562299015
2012-09-26 07:00:00,410.7827176858207
2012-09-26 08:00:00,593.6325752843251
2012-09-26 09:00:00,264.4453598361697
2012-09-26 10:00:00,158.66246929665039
2012-09-26 11:00:00,189.42003162216017
2012-09-26 12:00:00,247.5894618684176
2012-09-26 13:00:00,235.46399212525785
2012-09-26 14:00:00,217.42695708668418
2012-09-26 15:00:00,235.40778957953736
2012-09-26 16:00:00,382.661127663577
2012-09-26 17:00:00,689.2678591013175
2012-09-26 18:00:00,671.6440059827419
2012-09-26 19:00:00,488.53298390202457
2012-09-26 20:00:00,318.65212592327555
2012-09-26 21:00:00,243.84931528423192
2012-09-26 22:00:00,155.90885918782305
2012-09-26 23:00:00,68.91763637840602
2012-09-27 00:00:00,44.26443843004295
2012-09-27 01:00:00,17.709816273683384
2012-09-27 02:00:00,8.653224308846305
2012-09-27 03:00:00,5.688406499235751
2012-09-27 04:00:00,5.079728923434648
2012-09-27 05:00:00,30.576841975935775
2012-09-27 06:00:00,124.23580043568256
2012-09-27 07:00:00,338.8460350589736
2012-09-27 08:00:00,539.1851457280973
2012-09-27 09:00:00,267.51661169163265
2012-09-27 10:00:00,172.00892004946985
2012-09-27 11:00:00,200.46860616782487
2012-09-27 12:00:00,257.1667510679479
2012-09-27 13:00:00,244.63705961118254
2012-09-27 14:00:00,250.00635530011854
2012-09-27 15:00:00,257.68370357338046
2012-09-27 16:00:00,355.32495953975194
2012-09-27 17:00:00,654.5868911211354
2012-09-27 18:00:00,617.3528949201186
2012-09-27 19:00:00,461.9711462820754
2012-09-27 20:00:00,302.5814760142303
2012-09-27 21:00:00,128.78581143249318
2012-09-27 22:00:00,68.64992009446708
2012-09-27 23:00:00,52.77481441419054
2012-09-28 00:00:00,20.89352574203508
2012-09-28 01:00:00,9.45436147514823
2012-09-28 02:00:00,4.657151385019394
2012-09-28 03:00:00,4.771147524006774
2012-09-28 04:00:00,4.96182794187317
2012-09-28 05:00:00,18.018270698701656
2012-09-28 06:00:00,93.8233688357536
2012-09-28 07:00:00,245.58183065691372
2012-09-28 08:00:00,540.7872038718976
2012-09-28 09:00:00,280.80739118331786
2012-09-28 10:00:00,167.24405887214408
2012-09-28 11:00:00,180.63499541986016
2012-09-28 12:00:00,268.52671646178595
2012-09-28 13:00:00,259.58510294209805
2012-09-28 14:00:00,230.77944582676992
2012-09-28 15:00:00,249.21993214971948
2012-09-28 16:00:00,389.70152589654595
2012-09-28 17:00:00,708.9180322929236
2012-09-28 18:00:00,676.0240945904229
2012-09-28 19:00:00,380.1576828807335
2012-09-28 20:00:00,214.42106278400794
2012-09-28 21:00:00,160.3726253362968
2012-09-28 22:00:00,149.89301821557555
2012-09-28 23:00:00,106.72259995827899
2012-09-29 00:00:00,112.25395494532981
2012-09-29 01:00:00,102.52790792030838
2012-09-29 02:00:00,77.42598108419507
2012-09-29 03:00:00,30.808459729404102
2012-09-29 04:00:00,10.177326763893669
2012-09-29 05:00:00,9.067948075716737
2012-09-29 06:00:00,18.421021489968627
2012-09-29 07:00:00,40.986588163945
2012-09-29 08:00:00,100.72981328976732
2012-09-29 09:00:00,181.38507255816205
2012-09-29 10:00:00,335.5392810936673
2012-09-29 11:00:00,416.9433391914052
2012-09-29 12:00:00,563.0335386352776
2012-09-29 13:00:00,577.1743999530008
2012-09-29 14:00:00,560.6826402649297
2012-09-29 15:00:00,562.4148832199036
2012-09-29 16:00:00,572.9438014791813
2012-09-29 17:00:00,485.07578160007654
2012-09-29 18:00:00,374.2168154408202
2012-09-29 19:00:00,300.61039372181204
2012-09-29 20:00:00,209.50045223421995
2012-09-29 21:00:00,202.24618078122316
2012-09-29 22:00:00,134.98126475310983
2012-09-29 23:00:00,105.29827735844543
2012-09-30 00:00:00,107.9795917269319
2012-09-30 01:00:00,87.28897768414285
2012-09-30 02:00:00,64.73823027868808
2012-09-30 03:00:00,30.064933137913137
2012-09-30 04:00:00,9.139585033944744
2012-09-30 05:00:00,9.171966202138327
2012-09-30 06:00:00,18.05062731606538
2012-09-30 07:00:00,42.24321311422087
2012-09-30 08:00:00,109.7083323484873
2012-09-30 09:00:00,235.49806593731128
2012-09-30 10:00:00,387.81723562434735
2012-09-30 11:00:00,474.8628668208302
2012-09-30 12:00:00,562.1570794198251
2012-09-30 13:00:00,583.5490457004764
2012-09-30 14:00:00,566.6001377367188
2012-09-30 15:00:00,585.0300642745955
2012-09-30 16:00:00,567.9236481990936
2012-09-30 17:00:00,505.140958890916
2012-09-30 18:00:00,304.291960258905
2012-09-30 19:00:00,188.8087068705322
2012-09-30 20:00:00,109.9904151788582
2012-09-30 21:00:00,127.14140529502625
2012-09-30 22:00:00,121.28962605222601
2012-09-30 23:00:00,93.7344951626357
2012-10-20 00:00:00,109.02157606814063
2012-10-20 01:00:00,98.1040171493479
2012-10-20 02:00:00,70.00528356331759
2012-10-20 03:00:00,32.834793491641406
2012-10-20 04:00:00,10.136253565173739
2012-10-20 05:00:00,8.990847397973965
2012-10-20 06:00:00,19.286846668202596
2012-10-20 07:00:00,47.60598713939307
2012-10-20 08:00:00,125.75085754726533
2012-10-20 09:00:00,220.55859204366084
2012-10-20 10:00:00,419.11590249303924
2012-10-20 11:00:00,464.0007469709135
2012-10-20 12:00:00,566.3383855066065
2012-10-20 13:00:00,615.9560580715773
2012-10-20 14:00:00,567.5166707290194
2012-10-20 15:00:00,589.6848030892322
2012-10-20 16:00:00,525.308136089477
2012-10-20 17:00:00,504.1322037965809
2012-10-20 18:00:00,394.81577801334635
2012-10-20 19:00:00,289.52918249755237
2012-10-20 20:00:00,209.74783154598012
2012-10-20 21:00:00,169.62687691889218
2012-10-20 22:00:00,145.6356774167777
2012-10-20 23:00:00,104.71346626326775
2012-10-21 00:00:00,116.63208915227524
2012-10-21 01:00:00,86.15989305379703
2012-10-21 02:00:00,67.67824080243422
2012-10-21 03:00:00,27.73210867600988
2012-10-21 04:00:00,9.834937919115102
2012-10-21 05:00:00,8.710598230037249
2012-10-21 06:00:00,19.592127004436623
2012-10-21 07:00:00,47.0771941684373
2012-10-21 08:00:00,113.5825019037498
2012-10-21 09:00:00,219.02993640941824
2012-10-21 10:00:00,307.50044807597806
2012-10-21 11:00:00,460.95879833869583
2012-10-21 12:00:00,527.2363696426593
2012-10-21 13:00:00,608.7851750317575
2012-10-21 14:00:00,604.7622254557903
2012-10-21 15:00:00,554.5241980228612
2012-10-21 16:00:00,569.3772039765837
2012-10-21 17:00:00,494.80419035470493
2012-10-21 18:00:00,402.5015348858396
2012-10-21 19:00:00,301.3622919167023
2012-10-21 20:00:00,207.90137282814584
2012-10-21 21:00:00,172.52282835041436
2012-10-21 22:00:00,141.48467831080382
2012-10-21 23:00:00,110.56907837266132
2012-10-22 00:00:00,41.69955825546591
2012-10-22 01:00:00,16.987667791267334
2012-10-22 02:00:00,7.263123771634711
2012-10-22 03:00:00,5.638353222177709
2012-10-22 04:00:00,6.0876739499208385
2012-10-22 05:00:00,31.052641445071046
2012-10-22 06:00:00,128.58644988934014
2012-10-22 07:00:00,353.77030048881164
2012-10-22 08:00:00,591.3767740036673
2012-10-22 09:00:00,332.53994878083483
2012-10-22 10:00:00,186.04849191369078
2012-10-22 11:00:00,238.0677410590889
2012-10-22 12:00:00,283.42282010421155
2012-10-22 13:00:00,277.25207379907556
2012-10-22 14:00:00,244.96648638401015
2012-10-22 15:00:00,273.32565930662685
2012-10-22 16:00:00,411.881658596216
2012-10-22 17:00:00,770.1230771921312
2012-10-22 18:00:00,608.2599632616291
2012-10-22 19:00:00,474.71784388840524
2012-10-22 20:00:00,324.97235645183207
2012-10-22 21:00:00,232.20651362293918
2012-10-22 22:00:00,154.16905437605308
2012-10-22 23:00:00,100.77056399147963
2012-10-23 00:00:00,38.650737593344424
2012-10-23 01:00:00,19.899670288976655
2012-10-23 02:00:00,7.485742581251668
2012-10-23 03:00:00,6.038651748598486
2012-10-23 04:00:00,7.598620675214739
2012-10-23 05:00:00,35.2429899327492
2012-10-23 06:00:00,136.01983412296445
2012-10-23 07:00:00,396.04781227036597
2012-10-23 08:00:00,573.8987293834356
2012-10-23 09:00:00,303.6173298123952
2012-10-23 10:00:00,178.14702732949374
2012-10-23 11:00:00,203.33560566714849
2012-10-23 12:00:00,279.4422121091243
2012-10-23 13:00:00,294.40164875366537
2012-10-23 14:00:00,285.49276328550684
2012-10-23 15:00:00,293.01304021959953
2012-10-23 16:00:00,440.2975737740112
2012-10-23 17:00:00,776.0737199437923
2012-10-23 18:00:00,726.3869106119905
2012-10-23 19:00:00,508.02769042105615
2012-10-23 20:00:00,314.8925596218325
2012-10-23 21:00:00,227.3747346762933
2012-10-23 22:00:00,180.40488620624072
2012-10-23 23:00:00,118.22350878666182
2012-10-24 00:00:00,50.248878718615465
2012-10-24 01:00:00,19.491491717831458
2012-10-24 02:00:00,8.971042408421324
2012-10-24 03:00:00,6.359394763306509
2012-10-24 04:00:00,8.031034289018498
2012-10-24 05:00:00,33.50233145588076
2012-10-24 06:00:00,151.3219938302731
2012-10-24 07:00:00,400.426536127568
2012-10-24 08:00:00,664.2302746874873
2012-10-24 09:00:00,317.0986284253137
2012-10-24 10:00:00,171.49390294871608
2012-10-24 11:00:00,184.04749438187318
2012-10-24 12:00:00,265.2348168775216
2012-10-24 13:00:00,271.424117387861
2012-10-24 14:00:00,250.57044922104492
2012-10-24 15:00:00,293.7634765560251
2012-10-24 16:00:00,434.850067263356
2012-10-24 17:00:00,737.1654617270419
2012-10-24 18:00:00,750.3269055169746
2012-10-24 19:00:00,542.1688216372371
2012-10-24 20:00:00,387.7256419840705
2012-10-24 21:00:00,292.1206678057869
2012-10-24 22:00:00,213.33229182751933
2012-10-24 23:00:00,121.15011022799703
2012-10-25 00:00:00,48.29043090930282
2012-10-25 01:00:00,17.2156977666491
2012-10-25 02:00:00,9.41124123880556
2012-10-25 03:00:00,5.471813377281209
2012-10-25 04:00:00,7.142509297195296
2012-10-25 05:00:00,29.562472631322883
2012-10-25 06:00:00,112.95995419600717
2012-10-25 07:00:00,339.03093306810365
2012-10-25 08:00:00,606.2610105521617
2012-10-25 09:00:00,296.53777207748084
2012-10-25 10:00:00,160.49821242367972
2012-10-25 11:00:00,173.71131145930042
2012-10-25 12:00:00,225.27002558090678
2012-10-25 13:00:00,199.7870382372856
2012-10-25 14:00:00,218.54959881775335
2012-10-25 15:00:00,248.60840700350764
2012-10-25 16:00:00,345.9759250756666
2012-10-25 17:00:00,651.4502332507179
2012-10-25 18:00:00,512.5250568430978
2012-10-25 19:00:00,354.6176536111804
2012-10-25 20:00:00,237.7233429331017
2012-10-25 21:00:00,185.30229479813232
2012-10-25 22:00:00,158.1148837111326
2012-10-25 23:00:00,102.08024398268051
2012-10-26 00:00:00,43.54377937749019
2012-10-26 01:00:00,15.556888680260935
2012-10-26 02:00:00,7.354419722934258
2012-10-26 03:00:00,4.886705881685222
2012-10-26 04:00:00,7.19893102737514
2012-10-26 05:00:00,29.703127022437013
2012-10-26 06:00:00,125.04382548385153
2012-10-26 07:00:00,367.12348089719313
2012-10-26 08:00:00,559.5041333198377
2012-10-26 09:00:00,298.45221164334527
2012-10-26 10:00:00,153.65321841431117
2012-10-26 11:00:00,185.65097038137796
2012-10-26 12:00:00,255.8162059924418
2012-10-26 13:00:00,233.94554840633518
2012-10-26 14:00:00,232.24491763271786
2012-10-26 15:00:00,286.56195927519457
2012-10-26 16:00:00,328.42564310398836
2012-10-26 17:00:00,554.7049811350594
2012-10-26 18:00:00,543.6285713871501
2012-10-26 19:00:00,372.1180745609737
2012-10-26 20:00:00,263.7496775630844
2012-10-26 21:00:00,216.17560989043056
2012-10-26 22:00:00,154.39734980950217
2012-10-26 23:00:00,107.85237244416528
2012-10-27 00:00:00,103.65807180692873
2012-10-27 01:00:00,86.76675254586385
2012-10-27 02:00:00,54.34898806002189
2012-10-27 03:00:00,28.733875712768157
2012-10-27 04:00:00,9.973399062508335
2012-10-27 05:00:00,9.162815401600271
2012-10-27 06:00:00,17.658601668446416
2012-10-27 07:00:00,46.48673875094424
2012-10-27 08:00:00,116.11317222160127
2012-10-27 09:00:00,199.61448155044835
2012-10-27 10:00:00,354.08499988374376
2012-10-27 11:00:00,414.44101652518407
2012-10-27 12:00:00,544.6181372330221
2012-10-27 13:00:00,574.6410325184278
2012-10-27 14:00:00,530.8080226058561
2012-10-27 15:00:00,522.1207891230148
2012-10-27 16:00:00,442.99854639443174
2012-10-27 17:00:00,397.8477414578198
2012-10-27 18:00:00,348.84203810406865
2012-10-27 19:00:00,280.3242724674338
2012-10-27 20:00:00,220.24789452321534
2012-10-27 21:00:00,179.84570655540745
2012-10-27 22:00:00,157.03566968524282
2012-10-27 23:00:00,115.57172058902718
2012-10-28 00:00:00,96.79471939159549
2012-10-28 01:00:00,63.51829923360967
2012-10-28 02:00:00,55.19500134107174
2012-10-28 03:00:00,25.642381884363196
2012-10-28 04:00:00,9.01094736068262
2012-10-28 05:00:00,8.854289080236228
2012-10-28 06:00:00,17.634762094375706
2012-10-28 07:00:00,41.659835822225624
2012-10-28 08:00:00,96.31419607024495
2012-10-28 09:00:00,173.07594161326418
2012-10-28 10:00:00,271.97867690379434
2012-10-28 11:00:00,316.9260268209327
2012-10-28 12:00:00,358.33592813070624
2012-10-28 13:00:00,386.96315411876014
2012-10-28 14:00:00,354.134912015893
2012-10-28 15:00:00,356.9713405382549
2012-10-28 16:00:00,279.6679276041407
2012-10-28 17:00:00,153.1861444253142
2012-10-28 18:00:00,75.96076927316965
2012-10-28 19:00:00,67.42158486446795
2012-10-28 20:00:00,49.58197536691189
2012-10-28 21:00:00,46.73405198488469
2012-10-28 22:00:00,40.01886583233157
2012-10-28 23:00:00,28.668153030933446
2012-10-29 00:00:00,15.451920956248108
2012-10-30 13:00:00,73.591019190736
2012-10-30 14:00:00,66.90037096165605
2012-10-30 15:00:00,67.72506488252309
2012-10-30 16:00:00,101.29109988919402
2012-10-30 17:00:00,214.01291754685715
2012-10-30 18:00:00,213.1479629280587
2012-10-30 19:00:00,338.97417337235436
2012-10-30 20:00:00,199.8729776279795
2012-10-30 21:00:00,141.0129054864512
2012-10-30 22:00:00,118.03675745876932
2012-10-30 23:00:00,71.22933429426978
2012-10-31 00:00:00,33.91770670141568
2012-10-31 01:00:00,13.834373084159369
2012-10-31 02:00:00,6.4391339763356115
2012-10-31 03:00:00,4.299610374045889
2012-10-31 04:00:00,5.452448084020118
2012-10-31 05:00:00,25.494614084996794
2012-10-31 06:00:00,107.18003621030205
2012-10-31 07:00:00,327.3169137617358
2012-10-31 08:00:00,575.8988675862553
2012-10-31 09:00:00,288.9821612628374
2012-10-31 10:00:00,145.07329026999184
2012-10-31 11:00:00,177.54385430082513
2012-10-31 12:00:00,211.1052365762098
2012-10-31 13:00:00,239.10427463462315
2012-10-31 14:00:00,206.54777139303278
2012-10-31 15:00:00,231.57652855031142
2012-10-31 16:00:00,338.6808550463586
2012-10-31 17:00:00,582.9627026736202
2012-10-31 18:00:00,565.2442034428128
2012-10-31 19:00:00,390.00598173707544
2012-10-31 20:00:00,276.2772480504039
2012-10-31 21:00:00,209.97225433561195
2012-10-31 22:00:00,163.05924018364908
2012-10-31 23:00:00,93.20333881728523
2012-11-20 00:00:00,33.76320229748884
2012-11-20 01:00:00,15.894071987153183
2012-11-20 02:00:00,7.088119364346173
2012-11-20 03:00:00,5.4795221169077015
2012-11-20 04:00:00,6.974701976747789
2012-11-20 05:00:00,32.532449882061854
2012-11-20 06:00:00,139.76353570215863
2012-11-20 07:00:00,331.5711103867505
2012-11-20 08:00:00,597.0723132099264
2012-11-20 09:00:00,301.81535126670485
2012-11-20 10:00:00,146.14033759902162
2012-11-20 11:00:00,159.9748420909552
2012-11-20 12:00:00,196.0456382308821
2012-11-20 13:00:00,204.607281336099
2012-11-20 14:00:00,187.97428868608162
2012-11-20 15:00:00,189.42250280452072
2012-11-20 16:00:00,304.9357540497914
2012-11-20 17:00:00,539.6028656466981
2012-11-20 18:00:00,505.173037742588
2012-11-20 19:00:00,347.7286109698684
2012-11-20 20:00:00,250.6124791045924
2012-11-20 21:00:00,186.21358349027005
2012-11-20 22:00:00,128.7805995205382
2012-11-20 23:00:00,72.77187055389511
2012-11-21 00:00:00,33.43880664424303
2012-11-21 01:00:00,13.479835294760992
2012-11-21 02:00:00,5.7534779605156166
2012-11-21 03:00:00,4.114933208217075
2012-11-21 04:00:00,5.051037296618432
2012-11-21 05:00:00,23.394040247390674
2012-11-21 06:00:00,101.70919389669463
2012-11-21 07:00:00,284.7764067635712
2012-11-21 08:00:00,622.5780907569577
2012-11-21 09:00:00,285.9083887082705
2012-11-21 10:00:00,158.51874326150528
2012-11-21 11:00:00,175.27884304841828
2012-11-21 12:00:00,234.14874584435827
2012-11-21 13:00:00,237.01707964653335
2012-11-21 14:00:00,186.86279542271384
2012-11-21 15:00:00,226.49591208752906
2012-11-21 16:00:00,345.0342401059407
2012-11-21 17:00:00,652.1618267303132
2012-11-21 18:00:00,569.1675112922151
2012-11-21 19:00:00,361.99579260107265
2012-11-21 20:00:00,236.06759848687835
2012-11-21 21:00:00,178.61465192975473
2012-11-21 22:00:00,134.118955041912
2012-11-21 23:00:00,80.84108756917755
2012-11-22 00:00:00,65.40584661977894
2012-11-22 01:00:00,34.373352713031046
2012-11-22 02:00:00,18.41995520571968
2012-11-22 03:00:00,7.875923020511331
2012-11-22 04:00:00,5.759949402109167
2012-11-22 05:00:00,9.419048180896075
2012-11-22 06:00:00,28.94135873862114
2012-11-22 07:00:00,65.44118781805132
2012-11-22 08:00:00,156.3884746762206
2012-11-22 09:00:00,216.22316563039544
2012-11-22 10:00:00,256.4570869333678
2012-11-22 11:00:00,319.40520945030806
2012-11-22 12:00:00,352.6638474734375
2012-11-22 13:00:00,329.19248426158345
2012-11-22 14:00:00,327.1613346552814
2012-11-22 15:00:00,323.8861448483968
2012-11-22 16:00:00,343.8731942910731
2012-11-22 17:00:00,408.50048264949197
2012-11-22 18:00:00,359.3632200193971
2012-11-22 19:00:00,233.46983299003819
2012-11-22 20:00:00,177.49407233015256
2012-11-22 21:00:00,167.60550248019842
2012-11-22 22:00:00,115.62748678838611
2012-11-22 23:00:00,66.85440501026315
2012-11-23 00:00:00,30.713264017713072
2012-11-23 01:00:00,13.73625298911043
2012-11-23 02:00:00,6.048839028535497
2012-11-23 03:00:00,4.230645400746951
2012-11-23 04:00:00,4.608526924196745
2012-11-23 05:00:00,19.69690029584918
2012-11-23 06:00:00,88.58919102188099
2012-11-23 07:00:00,260.39534652779395
2012-11-23 08:00:00,502.31745805292604
2012-11-23 09:00:00,298.94736504206395
2012-11-23 10:00:00,166.1381360566644
2012-11-23 11:00:00,173.72794540902083
2012-11-23 12:00:00,233.8172496678318
2012-11-23 13:00:00,207.28050449058276
2012-11-23 14:00:00,198.79552107248108
2012-11-23 15:00:00,214.61126868615096
2012-11-23 16:00:00,331.4713269331184
2012-11-23 17:00:00,578.0734264995496
2012-11-23 18:00:00,512.8820692557059
2012-11-23 19:00:00,382.2901300249023
2012-11-23 20:00:00,283.12086438708315
2012-11-23 21:00:00,184.47542108494815
2012-11-23 22:00:00,139.21818220377776
2012-11-23 23:00:00,96.42817349729124
2012-11-24 00:00:00,94.57623869077925
2012-11-24 01:00:00,73.87311566865446
2012-11-24 02:00:00,51.132261720996375
2012-11-24 03:00:00,25.207889360147753
2012-11-24 04:00:00,7.205990180295035
2012-11-24 05:00:00,7.1839364383575885
2012-11-24 06:00:00,13.597508358399148
2012-11-24 07:00:00,41.77195713270758
2012-11-24 08:00:00,101.07319116485114
2012-11-24 09:00:00,174.36796452070445
2012-11-24 10:00:00,249.72610919252534
2012-11-24 11:00:00,310.45742559379505
2012-11-24 12:00:00,354.12124830683047
2012-11-24 13:00:00,337.0780639167054
2012-11-24 14:00:00,296.1038038569836
2012-11-24 15:00:00,299.73855930973497
2012-11-24 16:00:00,313.4222803675459
2012-11-24 17:00:00,251.1224057826343
2012-11-24 18:00:00,203.01180884167815
2012-11-24 19:00:00,170.68964902810924
2012-11-24 20:00:00,110.8264374450036
2012-11-24 21:00:00,104.58122652930739
2012-11-24 22:00:00,83.96861152019048
2012-11-24 23:00:00,64.0558462003533
2012-11-25 00:00:00,60.70471305330096
2012-11-25 01:00:00,54.474128891251624
2012-11-25 02:00:00,38.85882002846356
2012-11-25 03:00:00,18.37457911740417
2012-11-25 04:00:00,5.816060407535562
2012-11-25 05:00:00,6.20629623479918
2012-11-25 06:00:00,13.050963956493145
2012-11-25 07:00:00,33.27422854047317
2012-11-25 08:00:00,82.77592357505438
2012-11-25 09:00:00,161.72549677698007
2012-11-25 10:00:00,208.90862616151725
2012-11-25 11:00:00,305.54979582762945
2012-11-25 12:00:00,353.1710356367218
2012-11-25 13:00:00,324.5913843583399
2012-11-25 14:00:00,352.32236725525894
2012-11-25 15:00:00,327.2501129038593
2012-11-25 16:00:00,322.7199206006781
2012-11-25 17:00:00,287.71621755052644
2012-11-25 18:00:00,201.90041298720408
2012-11-25 19:00:00,159.85844153697616
2012-11-25 20:00:00,103.2943484681826
2012-11-25 21:00:00,98.75823118861793
2012-11-25 22:00:00,71.52429575161186
2012-11-25 23:00:00,49.46087004574781
2012-11-26 00:00:00,22.279661696815474
2012-11-26 01:00:00,8.850173783485406
2012-11-26 02:00:00,4.45499422479107
2012-11-26 03:00:00,3.1022378492624503
2012-11-26 04:00:00,3.6793010699312054
2012-11-26 05:00:00,19.768184251427247
2012-11-26 06:00:00,79.27058444090646
2012-11-26 07:00:00,250.80171742287
2012-11-26 08:00:00,441.73188865875727
2012-11-26 09:00:00,308.68739181448314
2012-11-26 10:00:00,145.19815590097588
2012-11-26 11:00:00,175.9457553167097
2012-11-26 12:00:00,250.75789300236096
2012-11-26 13:00:00,252.99938558722639
2012-11-26 14:00:00,216.00620324093828
2012-11-26 15:00:00,243.81032052165642
2012-11-26 16:00:00,332.6072915088999
2012-11-26 17:00:00,612.1925389959948
2012-11-26 18:00:00,485.73729975842815
2012-11-26 19:00:00,314.8136674999209
2012-11-26 20:00:00,220.74657326508154
2012-11-26 21:00:00,169.60706525825256
2012-11-26 22:00:00,121.49615071577597
2012-11-26 23:00:00,79.19094620406692
2012-11-27 00:00:00,34.91327019090901
2012-11-27 01:00:00,14.644460409897839
2012-11-27 02:00:00,7.077641994013806
2012-11-27 03:00:00,4.011172971835985
2012-11-27 04:00:00,4.62549073614391
2012-11-27 05:00:00,19.360598042270876
2012-11-27 06:00:00,117.95891357152189
2012-11-27 07:00:00,270.5881885588406
2012-11-27 08:00:00,306.02187137152833
2012-11-27 09:00:00,202.31286323830577
2012-11-27 10:00:00,104.78891971088079
2012-11-27 11:00:00,49.29174991042657
2012-11-27 12:00:00,58.03118142844072
2012-11-27 13:00:00,64.80404073144658
2012-11-27 14:00:00,45.23141454189271
2012-11-27 15:00:00,131.59591517143863
2012-11-27 16:00:00,241.29492111629983
2012-11-27 17:00:00,452.4200163425634
2012-11-27 18:00:00,344.31097502223236
2012-11-27 19:00:00,231.25597042784912
2012-11-27 20:00:00,180.09773605888213
2012-11-27 21:00:00,112.21747228295544
2012-11-27 22:00:00,93.31870063482484
2012-11-27 23:00:00,67.54964586473487
2012-11-28 00:00:00,32.342307942178984
2012-11-28 01:00:00,12.755411087046495
2012-11-28 02:00:00,6.318567191377174
2012-11-28 03:00:00,4.4081874620175965
2012-11-28 04:00:00,6.0362500115697
2012-11-28 05:00:00,25.657087490638165
2012-11-28 06:00:00,106.57947230806526
2012-11-28 07:00:00,324.321579056384
2012-11-28 08:00:00,483.16034607160236
2012-11-28 09:00:00,315.2853611468058
2012-11-28 10:00:00,151.9921545598653
2012-11-28 11:00:00,166.8509550769944
2012-11-28 12:00:00,219.6163123995778
2012-11-28 13:00:00,206.65414829002802
2012-11-28 14:00:00,178.9383482196422
2012-11-28 15:00:00,181.02103895865082
2012-11-28 16:00:00,294.3670813230182
2012-11-28 17:00:00,564.2494690782324
2012-11-28 18:00:00,406.8400221671156
2012-11-28 19:00:00,332.02433999650344
2012-11-28 20:00:00,232.03102791920386
2012-11-28 21:00:00,171.83137701136877
2012-11-28 22:00:00,121.23222093679902
2012-11-28 23:00:00,70.85257698182431
2012-11-29 00:00:00,26.761395832259403
2012-11-29 01:00:00,9.397588178580296
2012-11-29 02:00:00,4.294089198948311
2012-11-29 04:00:00,4.061634149029027
2012-11-29 05:00:00,17.108032327734055
2012-11-29 06:00:00,81.31603894575181
2012-11-29 07:00:00,212.5577075229238
2012-11-29 08:00:00,433.28009752147926
2012-11-29 09:00:00,238.63808698637877
2012-11-29 10:00:00,134.34106559353222
2012-11-29 11:00:00,191.75594174734104
2012-11-29 12:00:00,254.38412731156382
2012-11-29 13:00:00,232.95778904604714
2012-11-29 14:00:00,187.5573190653431
2012-11-29 15:00:00,189.69626373436336
2012-11-29 16:00:00,298.65980226182813
2012-11-29 17:00:00,554.5128593483146
2012-11-29 18:00:00,426.6686546066908
2012-11-29 19:00:00,291.1018896727612
2012-11-29 20:00:00,218.71948865532744
2012-11-29 21:00:00,130.4678329417238
2012-11-29 22:00:00,106.7216835798008
2012-11-29 23:00:00,76.21180758981033
2012-11-30 00:00:00,30.39106575538168
2012-11-30 01:00:00,11.158654141430922
2012-11-30 02:00:00,5.1112203348907865
2012-11-30 03:00:00,3.5996885278404656
2012-11-30 04:00:00,3.762391760257059
2012-11-30 05:00:00,16.328255668124164
2012-11-30 06:00:00,69.18044603065836
2012-11-30 07:00:00,234.47733524980697
2012-11-30 08:00:00,436.7674023816056
2012-11-30 09:00:00,245.2464193832904
2012-11-30 10:00:00,140.6697021785855
2012-11-30 11:00:00,192.27431048593905
2012-11-30 12:00:00,224.603267702388
2012-11-30 13:00:00,229.26284834982349
2012-11-30 14:00:00,203.05552270524953
2012-11-30 15:00:00,228.1523186195707
2012-11-30 16:00:00,334.9938006032668
2012-11-30 17:00:00,526.4538373670206
2012-11-30 18:00:00,438.81636757515673
2012-11-30 19:00:00,298.25932057696696
2012-11-30 20:00:00,197.85668837706908
2012-11-30 21:00:00,159.1430591718141
2012-11-30 22:00:00,118.8733177295882
2012-11-30 23:00:00,81.94835772180367
2012-12-20 00:00:00,34.34632364761198
2012-12-20 01:00:00,14.321399357036196
2012-12-20 02:00:00,6.580965278814814
2012-12-20 03:00:00,4.94458782084073
2012-12-20 04:00:00,6.37764281909075
2012-12-20 05:00:00,27.782626241429043
2012-12-20 06:00:00,102.8126844594609
2012-12-20 07:00:00,315.94553214861344
2012-12-20 08:00:00,566.158936175861
2012-12-20 09:00:00,278.1706054270674
2012-12-20 10:00:00,132.767308219984
2012-12-20 11:00:00,158.24399682947427
2012-12-20 12:00:00,227.5439687808833
2012-12-20 13:00:00,183.24333950828574
2012-12-20 14:00:00,167.25161782955988
2012-12-20 15:00:00,166.7161075596086
2012-12-20 16:00:00,243.05917942384775
2012-12-20 17:00:00,455.292512936557
2012-12-20 18:00:00,452.9078252226856
2012-12-20 19:00:00,236.42140798313338
2012-12-20 20:00:00,114.4454158524025
2012-12-20 21:00:00,86.9429299455688
2012-12-20 22:00:00,58.47960164366097
2012-12-20 23:00:00,33.97195346410244
2012-12-21 00:00:00,11.573030224036858
2012-12-21 01:00:00,5.112671990614815
2012-12-21 02:00:00,2.9736547481227493
2012-12-21 03:00:00,1.6308860221380077
2012-12-21 04:00:00,3.000700728894087
2012-12-21 05:00:00,15.134041348037865
2012-12-21 06:00:00,63.42164037676447
2012-12-21 07:00:00,195.88287918051566
2012-12-21 08:00:00,373.3694454655532
2012-12-21 09:00:00,195.40595521525228
2012-12-21 10:00:00,91.37626495737103
2012-12-21 11:00:00,103.6792610969116
2012-12-21 12:00:00,124.79458629571609
2012-12-21 13:00:00,114.19514186953847
2012-12-21 14:00:00,99.02837890803826
2012-12-21 15:00:00,103.10340331705332
2012-12-21 16:00:00,152.13017106173382
2012-12-21 17:00:00,238.40414467562178
2012-12-21 18:00:00,239.20931684139728
2012-12-21 19:00:00,179.52407132312263
2012-12-21 20:00:00,132.32090346219712
2012-12-21 21:00:00,93.45182614457389
2012-12-21 22:00:00,73.69451021979587
2012-12-21 23:00:00,46.139773842368655
2012-12-22 00:00:00,38.36144489981072
2012-12-22 01:00:00,34.170390507663065
2012-12-22 02:00:00,26.518769545597362
2012-12-22 03:00:00,11.833749012420617
2012-12-22 04:00:00,3.8138255750244965
2012-12-22 05:00:00,3.331755127674892
2012-12-22 06:00:00,6.390205171766088
2012-12-22 07:00:00,18.152731899028215
2012-12-22 08:00:00,41.71048068803205
2012-12-22 09:00:00,81.52079372929819
2012-12-22 10:00:00,121.03346039492044
2012-12-22 11:00:00,162.8543404848243
2012-12-22 12:00:00,181.01794816562125
2012-12-22 13:00:00,187.33815223809154
2012-12-22 14:00:00,177.59741569738213
2012-12-22 15:00:00,164.16480135975206
2012-12-22 16:00:00,165.5169386559752
2012-12-22 17:00:00,138.54545672192216
2012-12-22 18:00:00,101.30637271855089
2012-12-22 19:00:00,79.21652178584677
2012-12-22 20:00:00,67.9719125127654
2012-12-22 21:00:00,43.80897421878836
2012-12-22 22:00:00,37.856652827648674
2012-12-22 23:00:00,30.963638734575454
2012-12-23 00:00:00,32.699803867597886
2012-12-23 01:00:00,30.51230652485585
2012-12-23 02:00:00,22.900216264824476
2012-12-23 03:00:00,11.716156193787299
2012-12-23 04:00:00,3.6434047056342656
2012-12-23 05:00:00,2.9588938570987877
2012-12-23 06:00:00,5.483392505568928
2012-12-23 07:00:00,15.840371690832965
2012-12-23 08:00:00,40.467691671186095
2012-12-23 09:00:00,76.05580997366026
2012-12-23 10:00:00,103.21510553958117
2012-12-23 11:00:00,153.58388093161892
2012-12-23 12:00:00,210.38537755090576
2012-12-23 13:00:00,208.66140756512146
2012-12-23 14:00:00,193.32657331839332
2012-12-23 15:00:00,255.74983715613854
2012-12-23 16:00:00,211.77317660491542
2012-12-23 17:00:00,143.8964116057878
2012-12-23 18:00:00,122.61123152037855
2012-12-23 19:00:00,102.53670021567999
2012-12-23 20:00:00,64.34874166136633
2012-12-23 21:00:00,53.999725958612835
2012-12-23 22:00:00,46.97669347278474
2012-12-23 23:00:00,33.463116778119165
2012-12-24 00:00:00,16.37448916773475
2012-12-24 01:00:00,7.060663367764656
2012-12-24 02:00:00,3.5317943356763295
2012-12-24 03:00:00,2.2136155773116726
2012-12-24 05:00:00,11.013188869895318
2012-12-24 06:00:00,57.337988638229476
2012-12-24 07:00:00,154.43049241764837
2012-12-24 08:00:00,325.4458438559798
2012-12-24 09:00:00,191.83655124878902
2012-12-24 10:00:00,77.96027391487216
2012-12-24 11:00:00,86.18818703475355
2012-12-24 12:00:00,127.55681946963723
2012-12-24 13:00:00,70.18569487576873
2012-12-24 14:00:00,40.68002878380658
2012-12-24 15:00:00,42.43288071117035
2012-12-24 16:00:00,60.407686381894365
2012-12-24 17:00:00,115.36475392898157
2012-12-24 18:00:00,110.9805687618828
2012-12-24 19:00:00,120.07092486456526
2012-12-24 20:00:00,77.47853759335197
2012-12-24 21:00:00,42.150401902085555
2012-12-24 22:00:00,43.417711065680095
2012-12-24 23:00:00,26.201823042869734
2012-12-25 00:00:00,19.339686443960897
2012-12-25 01:00:00,14.295444980038688
2012-12-25 02:00:00,10.055387777362535
2012-12-25 04:00:00,3.671557832026113
2012-12-25 05:00:00,4.029196163479766
2012-12-25 06:00:00,11.178158518993413
2012-12-25 07:00:00,29.12320373438253
2012-12-25 08:00:00,78.49718459995498
2012-12-25 09:00:00,106.89449261883397
2012-12-25 10:00:00,130.85117530121116
2012-12-25 11:00:00,175.41605826252936
2012-12-25 12:00:00,191.4645426861927
2012-12-25 13:00:00,202.29345948819926
2012-12-25 14:00:00,186.8308287674916
2012-12-25 15:00:00,180.75842887283082
2012-12-25 16:00:00,169.53773957047216
2012-12-25 17:00:00,132.35230966877202
2012-12-25 18:00:00,132.77976923004746
2012-12-25 19:00:00,123.26007660140121
2012-12-25 20:00:00,84.07757052967861
2012-12-25 21:00:00,69.46916853583006
2012-12-25 22:00:00,64.88881798599857
2012-12-25 23:00:00,32.11533500062578
2012-12-26 00:00:00,18.15657914325643
2012-12-26 01:00:00,6.946636099432275
2012-12-26 02:00:00,3.601947633169257
2012-12-26 03:00:00,2.3275731361006193
2012-12-26 04:00:00,1.9881934036438251
2012-12-26 05:00:00,11.398386842739779
2012-12-26 06:00:00,55.71815375510416
2012-12-26 07:00:00,72.95680464897687
2012-12-26 08:00:00,109.15506658539098
2012-12-26 09:00:00,51.61684255006111
2012-12-26 10:00:00,20.237903484309598
2012-12-26 11:00:00,18.676794730267464
2012-12-26 12:00:00,28.46744374682773
2012-12-26 13:00:00,25.77872568684251
2012-12-26 14:00:00,26.932100586002658
2012-12-26 15:00:00,30.792092863818343
2012-12-26 16:00:00,44.841983481562984
2012-12-26 17:00:00,82.9719044273666
2012-12-26 18:00:00,92.90040613176936
2012-12-26 19:00:00,102.72581362997545
2012-12-26 20:00:00,57.706544691088006
2012-12-26 21:00:00,57.291510365605205
2012-12-26 22:00:00,27.44262559628858
2012-12-26 23:00:00,19.456769474684524
2012-12-27 00:00:00,9.735930718282972
2012-12-27 01:00:00,2.9994429124254136
2012-12-27 02:00:00,2.5335173646986546
2012-12-27 03:00:00,2.43860806678248
2012-12-27 04:00:00,2.084768567816873
2012-12-27 05:00:00,13.471029872868684
2012-12-27 06:00:00,55.874492580950225
2012-12-27 07:00:00,190.95491960139844
2012-12-27 08:00:00,354.51690243887964
2012-12-27 09:00:00,185.67909322066464
2012-12-27 10:00:00,88.84118029382898
2012-12-27 11:00:00,95.1962642220722
2012-12-27 12:00:00,110.1926458793305
2012-12-27 13:00:00,105.70969866670738
2012-12-27 14:00:00,85.36601992911619
2012-12-27 15:00:00,88.47326634712444
2012-12-27 16:00:00,131.98892914160731
2012-12-27 17:00:00,238.7232915308521
2012-12-27 18:00:00,234.07914383995654
2012-12-27 19:00:00,160.05193314227705
2012-12-27 20:00:00,117.844092613265
2012-12-27 21:00:00,84.83684104066373
2012-12-27 22:00:00,66.77109812918535
2012-12-27 23:00:00,44.587031004074156
2012-12-28 00:00:00,17.128982763932793
2012-12-28 01:00:00,7.398969154734248
2012-12-28 02:00:00,4.0589801016260365
2012-12-28 03:00:00,2.524883315097828
2012-12-28 04:00:00,2.693109082207501
2012-12-28 05:00:00,13.58433769580868
2012-12-28 06:00:00,48.54634499219191
2012-12-28 07:00:00,154.10726457446285
2012-12-28 08:00:00,418.5677199866101
2012-12-28 09:00:00,180.69632289313753
2012-12-28 10:00:00,82.4601622561111
2012-12-28 11:00:00,94.28419831208524
2012-12-28 12:00:00,135.32384381696622
2012-12-28 13:00:00,119.24401219652175
2012-12-28 14:00:00,104.21633548619882
2012-12-28 15:00:00,109.47562662512351
2012-12-28 16:00:00,160.70646779097743
2012-12-28 17:00:00,266.472811832603
2012-12-28 18:00:00,231.3770271312254
2012-12-28 19:00:00,156.21819153167996
2012-12-28 20:00:00,109.67965819236568
2012-12-28 21:00:00,99.86951194135331
2012-12-28 22:00:00,73.36856116798025
2012-12-28 23:00:00,41.776565920987366
2012-12-29 00:00:00,38.72642922548521
2012-12-29 01:00:00,34.08518702569359
2012-12-29 02:00:00,25.784443988815486
2012-12-29 03:00:00,12.022968148872568
2012-12-29 04:00:00,3.772824375222695
2012-12-29 05:00:00,3.6714988880452673
2012-12-29 06:00:00,6.280565301407486
2012-12-29 07:00:00,18.403996770362184
2012-12-29 08:00:00,47.616054289498194
2012-12-29 09:00:00,85.25113788874172
2012-12-29 10:00:00,90.98223510448143
2012-12-29 11:00:00,44.38376665651852
2012-12-29 12:00:00,41.416399236680384
2012-12-29 13:00:00,38.535950335678166
2012-12-29 14:00:00,92.36526970142512
2012-12-29 15:00:00,133.59156211796935
2012-12-29 16:00:00,206.70943467726013
2012-12-29 17:00:00,138.66409195812886
2012-12-29 18:00:00,135.89436525281295
2012-12-29 19:00:00,88.4574160024161
2012-12-29 20:00:00,65.08640172577078
2012-12-29 21:00:00,52.42596008143182
2012-12-29 22:00:00,40.04023567144471
2012-12-29 23:00:00,35.762827576424186
2012-12-30 00:00:00,33.554342283685756
2012-12-30 01:00:00,27.87623020772247
2012-12-30 02:00:00,22.162968750895644
2012-12-30 03:00:00,9.974596235563721
2012-12-30 04:00:00,3.1771645064844605
2012-12-30 05:00:00,3.0069041083523627
2012-12-30 06:00:00,4.811048063591831
2012-12-30 07:00:00,15.435311801354937
2012-12-30 08:00:00,40.099022114798565
2012-12-30 09:00:00,77.20386783020639
2012-12-30 10:00:00,119.77574026193975
2012-12-30 11:00:00,153.7210842929237
2012-12-30 12:00:00,194.51569142605408
2012-12-30 13:00:00,171.26053544748612
2012-12-30 14:00:00,173.16103881872286
2012-12-30 15:00:00,173.68820158043928
2012-12-30 16:00:00,179.2408376668839
2012-12-30 17:00:00,130.10516617433044
2012-12-30 18:00:00,89.4012905690918
2012-12-30 19:00:00,114.33308373568849
2012-12-30 20:00:00,55.500992128814744
2012-12-30 21:00:00,47.20028949815706
2012-12-30 22:00:00,38.49923903160084
2012-12-30 23:00:00,30.03576977294081
2012-12-31 00:00:00,13.669392285291348
2012-12-31 01:00:00,5.799909252858383
2012-12-31 02:00:00,3.100933435120082
2012-12-31 03:00:00,2.046449568198327
2012-12-31 04:00:00,1.9765211976054735
2012-12-31 05:00:00,9.506091462846852
2012-12-31 06:00:00,46.674190728074215
2012-12-31 07:00:00,142.82646075786727
2012-12-31 08:00:00,289.78308934020464
2012-12-31 09:00:00,175.47236678009335
2012-12-31 10:00:00,73.85660118783017
2012-12-31 11:00:00,73.22279209798157
2012-12-31 12:00:00,105.26855425671005
2012-12-31 13:00:00,102.96747859602962
2012-12-31 14:00:00,93.56697773687628
2012-12-31 15:00:00,109.08576315889388
2012-12-31 16:00:00,130.8228477874648
2012-12-31 17:00:00,249.45025410827753
2012-12-31 18:00:00,240.44824032368953
2012-12-31 19:00:00,167.32146654810464
2012-12-31 20:00:00,120.24757524135931
2012-12-31 21:00:00,93.57780640694142
2012-12-31 22:00:00,68.57070053302942
2012-12-31 23:00:00,42.09373012615091
