datetime,count
2011-01-20 00:00:00,19.140218609627066
2011-01-20 01:00:00,8.63661476856331
2011-01-20 02:00:00,4.639896066840824
2011-01-20 03:00:00,3.0979334737122435
2011-01-20 04:00:00,2.9820840157892627
2011-01-20 05:00:00,13.433730481510546
2011-01-20 06:00:00,61.415515304255806
2011-01-20 07:00:00,178.13920688559963
2011-01-20 08:00:00,345.63934684730464
2011-01-20 09:00:00,189.0867147520835
2011-01-20 10:00:00,89.22924305579974
2011-01-20 11:00:00,123.40331477584742
2011-01-20 12:00:00,126.46713516802899
2011-01-20 13:00:00,121.4188923645807
2011-01-20 14:00:00,101.51487534197359
2011-01-20 15:00:00,107.57502852877404
2011-01-20 16:00:00,156.44659850289003
2011-01-20 17:00:00,318.38082045094393
2011-01-20 18:00:00,253.4297160565869
2011-01-20 19:00:00,169.84482394690951
2011-01-20 20:00:00,126.61423024422352
2011-01-20 21:00:00,96.68776113759326
2011-01-20 22:00:00,64.72323243368501
2011-01-20 23:00:00,38.49501342483452
2011-01-21 00:00:00,22.609564894799554
2011-01-21 01:00:00,10.580594498839305
2011-01-21 02:00:00,6.0039635867331835
2011-01-21 03:00:00,2.114088812855551
2011-01-21 04:00:00,2.4050061748947416
2011-01-21 05:00:00,11.319849402054931
2011-01-21 06:00:00,49.27402202493257
2011-01-21 07:00:00,120.88691602256142
2011-01-21 08:00:00,209.95720062538564
2011-01-21 09:00:00,139.0637528406743
2011-01-21 10:00:00,64.77890340943851
2011-01-21 11:00:00,62.074190461871474
2011-01-21 12:00:00,78.7128069610102
2011-01-21 13:00:00,78.037376478731
2011-01-21 14:00:00,73.60982663201538
2011-01-21 15:00:00,67.94687728289041
2011-01-21 16:00:00,94.75411056978761
2011-01-21 17:00:00,119.10330772038847
2011-01-21 18:00:00,113.38551991331192
2011-01-21 19:00:00,70.84143028258704
2011-01-21 20:00:00,48.16200945042196
2011-01-21 21:00:00,36.99687496548865
2011-01-21 22:00:00,36.11118022972711
2011-01-21 23:00:00,25.948464348526997
2011-01-22 00:00:00,25.466881195980847
2011-01-22 01:00:00,11.667090420976963
2011-01-22 02:00:00,12.32281416119958
2011-01-22 03:00:00,6.010024537021997
2011-01-22 04:00:00,1.1182095351089842
2011-01-22 06:00:00,3.3630698024467063
2011-01-22 07:00:00,8.138156204698978
2011-01-22 08:00:00,21.46613663190971
2011-01-22 09:00:00,46.881984870250186
2011-01-22 10:00:00,59.45577525266716
2011-01-22 11:00:00,78.6554220830142
2011-01-22 12:00:00,99.7437378648787
2011-01-22 13:00:00,125.9791278365318
2011-01-22 14:00:00,117.84118585838706
2011-01-22 15:00:00,116.7557279746163
2011-01-22 16:00:00,118.82519753186578
2011-01-22 17:00:00,90.70536976998665
2011-01-22 18:00:00,66.24537886515247
2011-01-22 19:00:00,53.56791870581888
2011-01-22 20:00:00,37.184039441977845
2011-01-22 21:00:00,38.27280385893911
2011-01-22 22:00:00,34.4369418056407
2011-01-22 23:00:00,22.894749574427955
2011-01-23 00:00:00,27.45967020629672
2011-01-23 01:00:00,23.667523060506163
2011-01-23 02:00:00,15.067671308946947
2011-01-23 03:00:00,7.200426595869731
2011-01-23 05:00:00,1.4606598216235023
2011-01-23 06:00:00,2.4047712263961483
2011-01-23 07:00:00,7.452118624714967
2011-01-23 08:00:00,17.546397375058216
2011-01-23 09:00:00,34.58356457825646
2011-01-23 10:00:00,71.0937871707396
2011-01-23 11:00:00,107.08989878798388
2011-01-23 12:00:00,114.37277463475549
2011-01-23 13:00:00,97.72570562446069
2011-01-23 14:00:00,114.85241086236589
2011-01-23 15:00:00,107.67905176079928
2011-01-23 16:00:00,109.25621431480614
2011-01-23 17:00:00,66.64919210803889
2011-01-23 18:00:00,59.86581154642282
2011-01-23 19:00:00,43.37818466701839
2011-01-23 20:00:00,32.699696802976234
2011-01-23 21:00:00,31.69714771511383
2011-01-23 22:00:00,20.330400810941047
2011-01-23 23:00:00,14.248064584357934
2011-01-24 00:00:00,5.964717784059872
2011-01-24 01:00:00,2.886755019343145
2011-01-24 03:00:00,1.2527795869435838
2011-01-24 04:00:00,1.4739740406652866
2011-01-24 05:00:00,6.506007279591902
2011-01-24 06:00:00,29.4813619280173
2011-01-24 07:00:00,97.28760732912261
2011-01-24 08:00:00,194.55161981318906
2011-01-24 09:00:00,105.1855806877876
2011-01-24 10:00:00,55.00572388799202
2011-01-24 11:00:00,55.42926384339737
2011-01-24 12:00:00,57.88183340691661
2011-01-24 13:00:00,55.2598655080672
2011-01-24 14:00:00,54.317182152542856
2011-01-24 15:00:00,68.07921550231991
2011-01-24 16:00:00,88.8983180395599
2011-01-24 17:00:00,156.653170897148
2011-01-24 18:00:00,150.1940285495531
2011-01-24 19:00:00,105.29406707003898
2011-01-24 20:00:00,65.24911896885332
2011-01-24 21:00:00,44.396688790981294
2011-01-24 22:00:00,25.662454755328284
2011-01-24 23:00:00,14.220462931899812
2011-01-25 00:00:00,7.578196135073757
2011-01-25 01:00:00,3.8803331474639498
2011-01-25 02:00:00,1.935234527641058
2011-01-25 04:00:00,1.5737204452087892
2011-01-25 05:00:00,7.300970431575186
2011-01-25 06:00:00,48.45862403374368
2011-01-25 07:00:00,132.6698365782549
2011-01-25 08:00:00,264.6271997620049
2011-01-25 09:00:00,137.35369245425002
2011-01-25 10:00:00,72.78524129943315
2011-01-25 11:00:00,81.05372295578321
2011-01-25 12:00:00,84.84180850789798
2011-01-25 13:00:00,85.1983456569802
2011-01-25 14:00:00,84.32414263068696
2011-01-25 15:00:00,94.35985188975522
2011-01-25 16:00:00,138.31642322771427
2011-01-25 17:00:00,258.3406501035527
2011-01-25 18:00:00,266.9401388181249
2011-01-25 19:00:00,166.72510531539803
2011-01-25 20:00:00,104.66492381189089
2011-01-25 21:00:00,85.76042395030768
2011-01-25 22:00:00,44.82184211612043
2011-01-25 23:00:00,26.74429845282668
2011-01-26 00:00:00,12.472544290180798
2011-01-26 01:00:00,6.950467089767552
2011-01-26 02:00:00,2.440718279475113
2011-01-26 05:00:00,4.873025121417293
2011-01-26 06:00:00,22.12805437473068
2011-01-26 07:00:00,68.22607920278698
2011-01-26 08:00:00,119.25023213039938
2011-01-26 09:00:00,59.40333346951638
2011-01-26 10:00:00,20.980876196203113
2011-01-26 11:00:00,15.150453520962802
2011-01-26 12:00:00,16.689629194343723
2011-01-26 13:00:00,16.189871669847474
2011-01-26 14:00:00,12.280434763580217
2011-01-26 15:00:00,12.368224991402915
2011-01-26 16:00:00,23.310322651948933
2011-01-26 17:00:00,41.231705727614994
2011-01-27 16:00:00,115.51495661588818
2011-01-27 17:00:00,228.11897929179295
2011-01-27 18:00:00,202.1327102096099
2011-01-27 19:00:00,140.55268254154817
2011-01-27 20:00:00,94.75168404955465
2011-01-27 21:00:00,78.95977166539922
2011-01-27 22:00:00,63.73971525736404
2011-01-27 23:00:00,34.41370842827486
2011-01-28 00:00:00,18.940625305004968
2011-01-28 01:00:00,9.26348566127967
2011-01-28 02:00:00,5.383129271281713
2011-01-28 03:00:00,3.3207659967377765
2011-01-28 05:00:00,9.610248705382068
2011-01-28 06:00:00,39.29640064018815
2011-01-28 07:00:00,117.15589422400927
2011-01-28 08:00:00,222.89236689909453
2011-01-28 09:00:00,107.25362343250372
2011-01-28 10:00:00,52.043602623858014
2011-01-28 11:00:00,42.25588016101108
2011-01-28 12:00:00,43.580292948618094
2011-01-28 13:00:00,38.87601322305363
2011-01-28 14:00:00,40.42663428657596
2011-01-28 15:00:00,54.5302272282091
2011-01-28 16:00:00,97.4214016256071
2011-01-28 17:00:00,214.27997148472113
2011-01-28 18:00:00,192.6519232732059
2011-01-28 19:00:00,137.4482709142201
2011-01-28 20:00:00,91.25700508936131
2011-01-28 21:00:00,70.97215240565183
2011-01-28 22:00:00,67.56525107435851
2011-01-28 23:00:00,59.61126091009255
2011-01-29 00:00:00,27.102382669451757
2011-01-29 01:00:00,23.9631231137603
2011-01-29 02:00:00,20.471390840541787
2011-01-29 03:00:00,9.253724136168868
2011-01-29 04:00:00,2.4463557595310874
2011-01-29 06:00:00,4.038804464649236
2011-01-29 07:00:00,13.923649956252206
2011-01-29 08:00:00,30.260877333445595
2011-01-29 09:00:00,58.555680319334954
2011-01-29 10:00:00,66.20068253955598
2011-01-29 11:00:00,71.34706480598689
2011-01-29 12:00:00,86.78706190343628
2011-01-29 13:00:00,100.60113219695184
2011-01-29 14:00:00,102.89858952617807
2011-01-29 15:00:00,106.94353293561659
2011-01-29 16:00:00,151.13218544629146
2011-01-29 17:00:00,96.72643748470266
2011-01-29 18:00:00,88.69079274960332
2011-01-29 19:00:00,51.69371917421941
2011-01-29 20:00:00,46.94860463004969
2011-01-29 21:00:00,43.55624256983717
2011-01-29 22:00:00,36.063141026135064
2011-01-29 23:00:00,27.890458829467427
2011-01-30 00:00:00,32.216625365224246
2011-01-30 01:00:00,22.301010860227603
2011-01-30 02:00:00,23.058566622847568
2011-01-30 03:00:00,8.249452189495312
2011-01-30 04:00:00,2.221449494914979
2011-01-30 05:00:00,1.6096314835411185
2011-01-30 07:00:00,6.388202155785731
2011-01-30 08:00:00,15.331321431749775
2011-01-30 09:00:00,38.28822072435226
2011-01-30 10:00:00,59.53016435382794
2011-01-30 11:00:00,88.86353397224381
2011-01-30 12:00:00,187.49889417893326
2011-01-30 13:00:00,161.62172853262288
2011-01-30 14:00:00,151.49102822866504
2011-01-30 15:00:00,151.4228841487136
2011-01-30 16:00:00,148.62480021574822
2011-01-30 17:00:00,104.23575088887377
2011-01-30 18:00:00,70.70766378953115
2011-01-30 19:00:00,58.30800426346135
2011-01-30 20:00:00,50.508079416080015
2011-01-30 21:00:00,41.887292377305954
2011-01-30 22:00:00,29.566830149929547
2011-01-30 23:00:00,18.0871586143562
2011-01-31 00:00:00,13.772043473903702
2011-01-31 01:00:00,4.213544205855574
2011-01-31 02:00:00,2.6641581538737382
2011-01-31 03:00:00,1.8463183667165333
2011-01-31 04:00:00,1.9959847517914613
2011-01-31 05:00:00,7.2351069577441205
2011-01-31 06:00:00,31.47141036718543
2011-01-31 07:00:00,91.18190353289087
2011-01-31 08:00:00,189.9191019896761
2011-01-31 09:00:00,103.33674043939476
2011-01-31 10:00:00,49.11077717456366
2011-01-31 11:00:00,48.0206777170947
2011-01-31 12:00:00,52.56382002687144
2011-01-31 13:00:00,49.58506832259517
2011-01-31 14:00:00,39.04488941312099
2011-01-31 15:00:00,45.77189214661344
2011-01-31 16:00:00,71.02330092907202
2011-01-31 17:00:00,153.8932494176992
2011-01-31 18:00:00,146.36235827354986
2011-01-31 19:00:00,178.3403173346238
2011-01-31 20:00:00,54.28892133089764
2011-01-31 21:00:00,40.50791013089979
2011-01-31 22:00:00,28.885314996953323
2011-01-31 23:00:00,13.55039437907218
2011-02-20 00:00:00,46.67331535221922
2011-02-20 01:00:00,33.48024107042642
2011-02-20 02:00:00,25.38928207673372
2011-02-20 03:00:00,10.212328815656454
2011-02-20 04:00:00,2.558096128895945
2011-02-20 06:00:00,3.983787140865785
2011-02-20 07:00:00,11.270106810246771
2011-02-20 08:00:00,33.949884274191454
2011-02-20 09:00:00,60.02475742640827
2011-02-20 10:00:00,108.82994448887099
2011-02-20 11:00:00,154.57245396185084
2011-02-20 12:00:00,190.9905238396703
2011-02-20 13:00:00,201.6440336977299
2011-02-20 14:00:00,202.78857702214745
2011-02-20 15:00:00,181.8568140874735
2011-02-20 16:00:00,172.01418997219287
2011-02-20 17:00:00,132.92837239466198
2011-02-20 18:00:00,135.17302744518472
2011-02-20 19:00:00,102.6805087378581
2011-02-20 20:00:00,80.50775348790248
2011-02-20 21:00:00,73.2517325267563
2011-02-20 22:00:00,52.06017443015917
2011-02-20 23:00:00,36.60731134531789
2011-02-21 00:00:00,31.521562613364672
2011-02-21 01:00:00,19.578391051531938
2011-02-21 02:00:00,14.580403648718322
2011-02-21 03:00:00,6.350159373999401
2011-02-21 04:00:00,4.172425757729376
2011-02-21 05:00:00,4.216536015547486
2011-02-21 06:00:00,6.7000794661216405
2011-02-21 07:00:00,20.624358115766558
2011-02-21 08:00:00,72.5895077359179
2011-02-21 09:00:00,102.1865163232458
2011-02-21 10:00:00,136.9458456443975
2011-02-21 11:00:00,203.59019619541522
2011-02-21 12:00:00,231.58833422182093
2011-02-21 13:00:00,102.49273879119741
2011-02-21 14:00:00,182.35009996185585
2011-02-21 15:00:00,162.56602472050218
2011-02-21 16:00:00,122.48503393497298
2011-02-21 17:00:00,182.6102034547675
2011-02-21 18:00:00,117.77866343249711
2011-02-21 19:00:00,95.65722603333947
2011-02-21 20:00:00,53.46556242898862
2011-02-21 21:00:00,42.03341582100974
2011-02-21 22:00:00,33.460502053523165
2011-02-21 23:00:00,17.786182610478402
2011-02-22 06:00:00,23.986593879163628
2011-02-22 07:00:00,84.67793999585834
2011-02-22 08:00:00,182.41725080847243
2011-02-22 09:00:00,115.84949767499678
2011-02-22 10:00:00,52.965654796401545
2011-02-22 11:00:00,47.6241098894335
2011-02-22 12:00:00,71.62417666307194
2011-02-22 13:00:00,70.63396340476436
2011-02-22 14:00:00,62.10645301486797
2011-02-22 15:00:00,79.09254457772363
2011-02-22 16:00:00,96.70883842546733
2011-02-22 17:00:00,200.45930265815397
2011-02-22 18:00:00,157.71994512283402
2011-02-22 19:00:00,108.80219621033491
2011-02-22 20:00:00,74.51546213334068
2011-02-22 21:00:00,58.88860038404753
2011-02-22 22:00:00,50.8083784623592
2011-02-22 23:00:00,30.62369496648702
2011-02-23 00:00:00,10.90470025450779
2011-02-23 01:00:00,5.161480969813232
2011-02-23 02:00:00,2.196315623771938
2011-02-23 03:00:00,1.6264066484985942
2011-02-23 05:00:00,7.429658968509183
2011-02-23 06:00:00,41.2135232041375
2011-02-23 07:00:00,166.08857279142174
2011-02-23 08:00:00,329.3393637530628
2011-02-23 09:00:00,152.63031362188818
2011-02-23 10:00:00,59.52605938171478
2011-02-23 11:00:00,68.31297317681585
2011-02-23 12:00:00,75.73921366745654
2011-02-23 13:00:00,81.02771371711539
2011-02-23 14:00:00,76.90685565458556
2011-02-23 15:00:00,89.1152604824187
2011-02-23 16:00:00,124.79307288716444
2011-02-23 17:00:00,263.1434028210372
2011-02-23 18:00:00,229.28302192580762
2011-02-23 19:00:00,136.7838898109082
2011-02-23 20:00:00,104.54629580280573
2011-02-23 21:00:00,65.43922886653246
2011-02-23 22:00:00,51.19943224685551
2011-02-23 23:00:00,31.03645090797866
2011-02-24 00:00:00,15.719718621256018
2011-02-24 01:00:00,7.173179833400018
2011-02-24 02:00:00,3.712258388913883
2011-02-24 03:00:00,2.1668926011564174
2011-02-24 05:00:00,11.040336391648147
2011-02-24 06:00:00,48.3788728487794
2011-02-24 07:00:00,179.5715100207494
2011-02-24 08:00:00,428.5227341912143
2011-02-24 09:00:00,175.29033524550988
2011-02-24 10:00:00,88.65874173855799
2011-02-24 11:00:00,87.36660692225809
2011-02-24 12:00:00,123.58956470753442
2011-02-24 13:00:00,118.76598049860688
2011-02-24 14:00:00,110.00213647860465
2011-02-24 15:00:00,92.9458113558213
2011-02-24 16:00:00,112.91709870931403
2011-02-24 17:00:00,282.19751322931796
2011-02-24 18:00:00,244.15679641409673
2011-02-24 19:00:00,125.32530695493392
2011-02-24 20:00:00,90.71255160060792
2011-02-24 21:00:00,98.3201207256911
2011-02-24 22:00:00,62.65236945603172
2011-02-24 23:00:00,47.47345077470992
2011-02-25 00:00:00,18.40467216693718
2011-02-25 01:00:00,10.811956745431278
2011-02-25 02:00:00,6.0910245129888505
2011-02-25 03:00:00,3.3037585232801776
2011-02-25 05:00:00,11.408621107113687
2011-02-25 06:00:00,39.989704049151285
2011-02-25 07:00:00,92.53707918534813
2011-02-25 08:00:00,274.82829804326184
2011-02-25 09:00:00,84.31695458062153
2011-02-25 10:00:00,48.945389220248046
2011-02-25 11:00:00,113.34426582454745
2011-02-25 12:00:00,113.8708388967914
2011-02-25 13:00:00,110.41408331417507
2011-02-25 14:00:00,87.97543589837296
2011-02-25 15:00:00,170.5108913737744
2011-02-25 16:00:00,178.4194945743295
2011-02-25 17:00:00,267.0315718561938
2011-02-25 18:00:00,241.96896398198996
2011-02-25 19:00:00,174.96783349223244
2011-02-25 20:00:00,106.12365509799211
2011-02-25 21:00:00,97.08860810164107
2011-02-25 22:00:00,83.22377211269722
2011-02-25 23:00:00,63.33531491382034
2011-02-26 00:00:00,47.3871540201205
2011-02-26 01:00:00,31.1466951802798
2011-02-26 02:00:00,18.257420299941465
2011-02-26 03:00:00,11.643384976347228
2011-02-26 04:00:00,2.660008395543385
2011-02-26 05:00:00,2.593479189832883
2011-02-26 06:00:00,5.158326564116886
2011-02-26 07:00:00,14.940461414402868
2011-02-26 08:00:00,45.65747066559536
2011-02-26 09:00:00,96.79277319198685
2011-02-26 10:00:00,181.57900812613045
2011-02-26 11:00:00,206.98130269437462
2011-02-26 12:00:00,267.87685800449134
2011-02-26 13:00:00,256.020101849741
2011-02-26 14:00:00,184.62876701746026
2011-02-26 15:00:00,245.55136684283053
2011-02-26 16:00:00,230.0036563328795
2011-02-26 17:00:00,201.72768555177083
2011-02-26 18:00:00,163.98382722663732
2011-02-26 19:00:00,104.76373236236186
2011-02-26 20:00:00,98.02292508320053
2011-02-26 21:00:00,67.65207797118799
2011-02-26 22:00:00,64.11246115622384
2011-02-26 23:00:00,47.519580376648634
2011-02-27 00:00:00,46.886091463209084
2011-02-27 01:00:00,37.799062045575226
2011-02-27 02:00:00,39.54641901245995
2011-02-27 03:00:00,15.468057768402382
2011-02-27 04:00:00,4.971715929974316
2011-02-27 06:00:00,5.1901713870463375
2011-02-27 07:00:00,16.978220096433656
2011-02-27 08:00:00,39.056709434018686
2011-02-27 09:00:00,89.19352148355776
2011-02-27 10:00:00,128.3568697199172
2011-02-27 11:00:00,198.32055965659632
2011-02-27 12:00:00,262.98619225021906
2011-02-27 13:00:00,264.30486960290796
2011-02-27 14:00:00,265.4948422059413
2011-02-27 15:00:00,285.18281673105395
2011-02-27 16:00:00,288.07501053909897
2011-02-27 17:00:00,166.58519528371514
2011-02-27 18:00:00,138.96569185389941
2011-02-27 19:00:00,118.43877177898123
2011-02-27 20:00:00,92.1998570545926
2011-02-27 21:00:00,70.1575340772829
2011-02-27 22:00:00,58.201373413183354
2011-02-27 23:00:00,40.504504168984475
2011-02-28 00:00:00,15.181120707139183
2011-02-28 01:00:00,4.188090367200469
2011-02-28 03:00:00,1.8872327299245035
2011-02-28 05:00:00,10.109936008435735
2011-02-28 06:00:00,50.90411357002546
2011-02-28 07:00:00,197.58196162983248
2011-02-28 08:00:00,282.9449684755128
2011-02-28 09:00:00,194.25515414635885
2011-02-28 10:00:00,84.55156620372496
2011-02-28 11:00:00,88.18726173533001
2011-02-28 12:00:00,114.825201084397
2011-02-28 13:00:00,62.86249211388078
2011-02-28 14:00:00,37.56458286092787
2011-02-28 15:00:00,40.6577429350003
2011-02-28 16:00:00,73.03623327438112
2011-02-28 17:00:00,152.67076950825262
2011-02-28 18:00:00,205.80465118071544
2011-02-28 19:00:00,99.5242311577028
2011-02-28 20:00:00,59.084336450359466
2011-02-28 21:00:00,81.33595010679953
2011-02-28 22:00:00,37.71911021634259
2011-02-28 23:00:00,23.426344295743334
2011-03-20 00:00:00,62.15777207555493
2011-03-20 01:00:00,43.50512048237511
2011-03-20 02:00:00,35.6852398380569
2011-03-20 03:00:00,16.346219076519116
2011-03-20 04:00:00,4.558986120395549
2011-03-20 05:00:00,3.3236418254074662
2011-03-20 06:00:00,5.456606006310441
2011-03-20 07:00:00,19.122448542038224
2011-03-20 08:00:00,65.4543674741767
2011-03-20 09:00:00,136.52352461251925
2011-03-20 10:00:00,214.83069140817526
2011-03-20 11:00:00,330.02886313432447
2011-03-20 12:00:00,433.8176324543577
2011-03-20 13:00:00,355.10446278337304
2011-03-20 14:00:00,335.3739840676395
2011-03-20 15:00:00,339.1211039541578
2011-03-20 16:00:00,350.68344552591003
2011-03-20 17:00:00,224.47360866183203
2011-03-20 18:00:00,155.2322276767615
2011-03-20 19:00:00,115.8497005289808
2011-03-20 20:00:00,86.25408967256864
2011-03-20 21:00:00,59.685176800563
2011-03-20 22:00:00,44.947406425396636
2011-03-20 23:00:00,23.18827447552105
2011-03-21 00:00:00,16.011132901953253
2011-03-21 01:00:00,6.513609218721289
2011-03-21 02:00:00,4.36530976869772
2011-03-21 03:00:00,2.675133683583803
2011-03-21 05:00:00,12.70653564786549
2011-03-21 06:00:00,47.71680657048039
2011-03-21 07:00:00,88.94369531092042
2011-03-21 08:00:00,225.0941095380336
2011-03-21 09:00:00,164.61054569630465
2011-03-21 10:00:00,92.21997545156867
2011-03-21 11:00:00,136.8238253912165
2011-03-21 12:00:00,202.311512962655
2011-03-21 13:00:00,210.38627449501845
2011-03-21 14:00:00,242.9039973657182
2011-03-21 15:00:00,260.8814212364898
2011-03-21 16:00:00,314.84454502575244
2011-03-21 17:00:00,720.5489133942534
2011-03-21 18:00:00,712.489225028413
2011-03-21 19:00:00,596.000916117294
2011-03-21 20:00:00,356.7135898177668
2011-03-21 21:00:00,166.7066121152271
2011-03-21 22:00:00,124.9125203842743
2011-03-21 23:00:00,77.87860414226932
2011-03-22 00:00:00,31.05912128550878
2011-03-22 01:00:00,8.575675788078177
2011-03-22 02:00:00,5.898701520022462
2011-03-22 03:00:00,4.477529485455069
2011-03-22 04:00:00,4.665147576803521
2011-03-22 05:00:00,25.166930388915517
2011-03-22 06:00:00,105.64096223653452
2011-03-22 07:00:00,308.2867884531584
2011-03-22 08:00:00,457.24021089652706
2011-03-22 09:00:00,237.3939449750764
2011-03-22 10:00:00,116.89018097514796
2011-03-22 11:00:00,145.1180662148197
2011-03-22 12:00:00,198.49634702880488
2011-03-22 13:00:00,192.14773190941372
2011-03-22 14:00:00,178.36814644732573
2011-03-22 15:00:00,207.15712071313285
2011-03-22 16:00:00,291.51086988758277
2011-03-22 17:00:00,602.3393010708105
2011-03-22 18:00:00,596.9569647051164
2011-03-22 19:00:00,329.84735684621717
2011-03-22 20:00:00,209.11653787808402
2011-03-22 21:00:00,154.2151420027076
2011-03-22 22:00:00,92.9767546988761
2011-03-22 23:00:00,59.806954514169995
2011-03-23 00:00:00,14.451950230418312
2011-03-23 01:00:00,5.629725447533877
2011-03-23 02:00:00,2.968379576115434
2011-03-23 03:00:00,2.7363670351273504
2011-03-23 05:00:00,8.296579712856264
2011-03-23 06:00:00,67.34602859821197
2011-03-23 07:00:00,172.79788240691667
2011-03-23 08:00:00,311.6903549243731
2011-03-23 09:00:00,169.90166202331008
2011-03-23 10:00:00,67.79292213249742
2011-03-23 11:00:00,72.46692244444493
2011-03-23 12:00:00,84.72155958702436
2011-03-23 13:00:00,45.776142818248616
2011-03-23 14:00:00,82.62830697618416
2011-03-23 15:00:00,105.7040150698529
2011-03-23 16:00:00,176.07133385583583
2011-03-23 17:00:00,390.65839394338116
2011-03-23 18:00:00,185.37932597001011
2011-03-23 19:00:00,144.33792853615685
2011-03-23 20:00:00,37.635079119865594
2011-03-23 21:00:00,20.704867359115042
2011-03-23 22:00:00,50.15680295234412
2011-03-23 23:00:00,18.729316802655738
2011-03-24 00:00:00,14.929142445253909
2011-03-24 01:00:00,5.996840515276892
2011-03-24 02:00:00,3.534041259205198
2011-03-24 03:00:00,2.2413435193584985
2011-03-24 04:00:00,2.220639899338507
2011-03-24 05:00:00,12.577794182429509
2011-03-24 06:00:00,55.18135833331293
2011-03-24 07:00:00,71.23210342445255
2011-03-24 08:00:00,119.5844586431733
2011-03-24 09:00:00,122.64154497303322
2011-03-24 10:00:00,45.679582136518455
2011-03-24 11:00:00,76.67621920105553
2011-03-24 12:00:00,108.0486086647725
2011-03-24 13:00:00,92.34748269127904
2011-03-24 14:00:00,95.64872140272439
2011-03-24 15:00:00,92.82726258402465
2011-03-24 16:00:00,117.90759923875362
2011-03-24 17:00:00,273.3603351644046
2011-03-24 18:00:00,293.2367576589762
2011-03-24 19:00:00,200.07334089528482
2011-03-24 20:00:00,138.0330960885995
2011-03-24 21:00:00,82.56943438309318
2011-03-24 22:00:00,66.44348242543667
2011-03-24 23:00:00,43.397541781674974
2011-03-25 00:00:00,28.86179154325799
2011-03-25 01:00:00,8.662067845267579
2011-03-25 02:00:00,4.500953971314766
2011-03-25 03:00:00,2.9630875399977388
2011-03-25 04:00:00,2.347561800781376
2011-03-25 05:00:00,10.460011648312577
2011-03-25 06:00:00,41.806088024169846
2011-03-25 07:00:00,203.20205149815314
2011-03-25 08:00:00,373.52887397328493
2011-03-25 09:00:00,247.7125162738246
2011-03-25 10:00:00,108.0063205155269
2011-03-25 11:00:00,143.91882787727667
2011-03-25 12:00:00,171.60764636179587
2011-03-25 13:00:00,171.82968850521843
2011-03-25 14:00:00,157.3161492429684
2011-03-25 15:00:00,149.84143838880541
2011-03-25 16:00:00,189.14152321452227
2011-03-25 17:00:00,331.525572450683
2011-03-25 18:00:00,271.4072615878292
2011-03-25 19:00:00,210.8106332910835
2011-03-25 20:00:00,124.8270011069828
2011-03-25 21:00:00,101.61477316145292
2011-03-25 22:00:00,107.27398022279063
2011-03-25 23:00:00,63.857200272937845
2011-03-26 00:00:00,72.59457019737631
2011-03-26 01:00:00,59.688453618484765
2011-03-26 02:00:00,43.39118589135203
2011-03-26 03:00:00,19.165840153317856
2011-03-26 04:00:00,6.406115555393174
2011-03-26 05:00:00,5.306400264606503
2011-03-26 06:00:00,12.402758854711024
2011-03-26 07:00:00,37.09628811141204
2011-03-26 08:00:00,134.1533269257824
2011-03-26 09:00:00,239.5387661593217
2011-03-26 10:00:00,227.48866760701574
2011-03-26 11:00:00,331.3099292694616
2011-03-26 12:00:00,372.0985482140157
2011-03-26 13:00:00,376.57193767169423
2011-03-26 14:00:00,388.1581429558357
2011-03-26 15:00:00,413.9508915881406
2011-03-26 16:00:00,428.890574439394
2011-03-26 17:00:00,330.24380308704326
2011-03-26 18:00:00,269.06670339849165
2011-03-26 19:00:00,164.41992585554712
2011-03-26 20:00:00,119.94929207318188
2011-03-26 21:00:00,97.48627926788066
2011-03-26 22:00:00,94.1703138687799
2011-03-26 23:00:00,70.3430321650121
2011-03-27 00:00:00,84.95813628370479
2011-03-27 01:00:00,66.30162970699473
2011-03-27 02:00:00,38.4581299756292
2011-03-27 03:00:00,13.164670171557717
2011-03-27 04:00:00,4.3958772257247984
2011-03-27 06:00:00,4.411562014549671
2011-03-27 07:00:00,10.903174462609083
2011-03-27 08:00:00,53.48816002806467
2011-03-27 09:00:00,151.08761538328994
2011-03-27 10:00:00,189.2538308594442
2011-03-27 11:00:00,276.71883732431695
2011-03-27 12:00:00,314.47232061893897
2011-03-27 13:00:00,347.4000350966204
2011-03-27 14:00:00,365.2173517741421
2011-03-27 15:00:00,289.2537181673309
2011-03-27 16:00:00,337.1663732441468
2011-03-27 17:00:00,262.636550675964
2011-03-27 18:00:00,218.48133030724813
2011-03-27 19:00:00,179.6499578873032
2011-03-27 20:00:00,128.7458405126994
2011-03-27 21:00:00,93.1390311804704
2011-03-27 22:00:00,71.1973345578956
2011-03-27 23:00:00,43.310651110908786
2011-03-28 00:00:00,14.42085595371567
2011-03-28 01:00:00,5.848926483140843
2011-03-28 02:00:00,3.398667283791584
2011-03-28 03:00:00,2.3347912982289056
2011-03-28 05:00:00,12.70787823247708
2011-03-28 06:00:00,51.09191625588159
2011-03-28 07:00:00,172.11579167573365
2011-03-28 08:00:00,309.61417493021787
2011-03-28 09:00:00,183.84491857884086
2011-03-28 10:00:00,94.28476983553698
2011-03-28 11:00:00,110.20522988452461
2011-03-28 12:00:00,116.06561463587066
2011-03-28 13:00:00,132.2513946651547
2011-03-28 14:00:00,120.63356583535696
2011-03-28 15:00:00,122.90680522164548
2011-03-28 16:00:00,179.72110871306742
2011-03-28 17:00:00,349.6734978278172
2011-03-28 18:00:00,313.6718178825069
2011-03-28 19:00:00,218.32331959567438
2011-03-28 20:00:00,140.61505147193236
2011-03-28 21:00:00,110.34398053913392
2011-03-28 22:00:00,72.29577564649017
2011-03-28 23:00:00,39.57453499239227
2011-03-29 00:00:00,14.604078183594865
2011-03-29 01:00:00,6.1221825994122785
2011-03-29 02:00:00,3.308499971148498
2011-03-29 03:00:00,2.5825801584025125
2011-03-29 04:00:00,2.679547818942289
2011-03-29 05:00:00,15.273747061347041
2011-03-29 06:00:00,64.90265240348158
2011-03-29 07:00:00,204.0287984998197
2011-03-29 08:00:00,463.5080247922447
2011-03-29 09:00:00,239.87499872866832
2011-03-29 10:00:00,109.55033725696984
2011-03-29 11:00:00,119.73166317399358
2011-03-29 12:00:00,146.7347916418604
2011-03-29 13:00:00,132.03433793286808
2011-03-29 14:00:00,128.85574758758491
2011-03-29 15:00:00,132.62449880882016
2011-03-29 16:00:00,190.30201371084524
2011-03-29 17:00:00,425.6792952507057
2011-03-29 18:00:00,357.5062941471605
2011-03-29 19:00:00,259.0153902413014
2011-03-29 20:00:00,164.89796368984983
2011-03-29 21:00:00,122.62980138441131
2011-03-29 22:00:00,86.10615183815058
2011-03-29 23:00:00,50.081875439930215
2011-03-30 00:00:00,21.03729707971708
2011-03-30 01:00:00,7.978183738266569
2011-03-30 02:00:00,4.686748435478382
2011-03-30 03:00:00,3.155926178887151
2011-03-30 04:00:00,3.4023162694129354
2011-03-30 05:00:00,21.11005076068001
2011-03-30 06:00:00,81.53268089369479
2011-03-30 07:00:00,302.2559046348377
2011-03-30 08:00:00,475.3475821800341
2011-03-30 09:00:00,241.07534915542408
2011-03-30 10:00:00,118.19892209153876
2011-03-30 11:00:00,130.20914836274773
2011-03-30 12:00:00,142.5256267114115
2011-03-30 13:00:00,132.90248863564506
2011-03-30 14:00:00,119.5345783303578
2011-03-30 15:00:00,39.99484935622828
2011-03-30 16:00:00,50.67041688975842
2011-03-30 17:00:00,86.19059396295926
2011-03-30 18:00:00,135.13066277122815
2011-03-30 19:00:00,98.64441787607659
2011-03-30 20:00:00,27.59827350788806
2011-03-30 21:00:00,51.346445009593026
2011-03-30 22:00:00,23.14685486130037
2011-03-30 23:00:00,12.173846707591524
2011-03-31 00:00:00,9.871416109556238
2011-03-31 01:00:00,4.648957592033144
2011-03-31 02:00:00,2.598788720087238
2011-03-31 03:00:00,1.7130996627758948
2011-03-31 04:00:00,1.6305936386109539
2011-03-31 05:00:00,8.285953019813897
2011-03-31 06:00:00,26.773818628714544
2011-03-31 07:00:00,102.90937483533811
2011-03-31 08:00:00,220.1810570886987
2011-03-31 09:00:00,73.26349353082097
2011-03-31 10:00:00,32.76043036550376
2011-03-31 11:00:00,33.60915400085749
2011-03-31 12:00:00,41.87233615286978
2011-03-31 13:00:00,48.30402079765144
2011-03-31 14:00:00,41.585284642433095
2011-03-31 15:00:00,40.34723418008603
2011-03-31 16:00:00,99.77595888931556
2011-03-31 17:00:00,216.41783408777002
2011-03-31 18:00:00,217.99010441168633
2011-03-31 19:00:00,157.15794312563665
2011-03-31 20:00:00,48.32306537176043
2011-03-31 21:00:00,76.23983217228076
2011-03-31 22:00:00,37.03363531736354
2011-03-31 23:00:00,17.783087389800457
2011-04-20 00:00:00,17.23964786601874
2011-04-20 01:00:00,6.1747152444047675
2011-04-20 02:00:00,3.305216439795538
2011-04-20 03:00:00,2.1138055083541794
2011-04-20 04:00:00,1.970836111544367
2011-04-20 05:00:00,10.69060281850664
2011-04-20 06:00:00,52.938075975447866
2011-04-20 07:00:00,165.03185094698392
2011-04-20 08:00:00,403.4465446448851
2011-04-20 09:00:00,231.83077078255923
2011-04-20 10:00:00,108.40527863966427
2011-04-20 11:00:00,117.9878449664935
2011-04-20 12:00:00,182.98025295986358
2011-04-20 13:00:00,170.152252774907
2011-04-20 14:00:00,180.25816042409045
2011-04-20 15:00:00,231.2167195914068
2011-04-20 16:00:00,338.8867355798622
2011-04-20 17:00:00,725.1007778227031
2011-04-20 18:00:00,585.5449099331167
2011-04-20 19:00:00,446.79197720355387
2011-04-20 20:00:00,323.54820651310337
2011-04-20 21:00:00,233.9141362110236
2011-04-20 22:00:00,166.7561541106274
2011-04-20 23:00:00,92.15819549856867
2011-04-21 00:00:00,33.31469229488852
2011-04-21 01:00:00,16.561325230339786
2011-04-21 02:00:00,8.32239109587964
2011-04-21 03:00:00,3.727655067070046
2011-04-21 04:00:00,3.6303578064903865
2011-04-21 05:00:00,21.637514072320872
2011-04-21 06:00:00,85.88339836304041
2011-04-21 07:00:00,309.48854739115507
2011-04-21 08:00:00,461.9873801097807
2011-04-21 09:00:00,239.45327288234103
2011-04-21 10:00:00,152.8809056585258
2011-04-21 11:00:00,145.39001565392718
2011-04-21 12:00:00,220.7364635065861
2011-04-21 13:00:00,216.96360376178447
2011-04-21 14:00:00,198.4247744982557
2011-04-21 15:00:00,249.7895315463416
2011-04-21 16:00:00,352.9054774169828
2011-04-21 17:00:00,686.7799751446839
2011-04-21 18:00:00,630.9354797302767
2011-04-21 19:00:00,371.6982633617451
2011-04-21 20:00:00,300.32609355721985
2011-04-21 21:00:00,172.40507849203343
2011-04-21 22:00:00,165.62381677781312
2011-04-21 23:00:00,93.42415272196276
2011-04-22 00:00:00,34.673286796796546
2011-04-22 01:00:00,17.913872528729772
2011-04-22 02:00:00,9.199128640127528
2011-04-22 03:00:00,5.141026168611753
2011-04-22 04:00:00,3.83526365510511
2011-04-22 05:00:00,18.571825563182614
2011-04-22 06:00:00,81.44106441827643
2011-04-22 07:00:00,232.02025273379155
2011-04-22 08:00:00,424.28240405231224
2011-04-22 09:00:00,146.977245152618
2011-04-22 10:00:00,111.23122683128597
2011-04-22 11:00:00,69.37013384358737
2011-04-22 12:00:00,78.9350977815781
2011-04-22 13:00:00,48.8940863096962
2011-04-22 14:00:00,38.31674914794664
2011-04-22 15:00:00,46.05771380546681
2011-04-22 16:00:00,69.02597503640517
2011-04-22 17:00:00,84.85424177149946
2011-04-22 18:00:00,79.64301230224721
2011-04-22 19:00:00,60.99613284158798
2011-04-22 20:00:00,47.15515720101918
2011-04-22 21:00:00,35.25239741981096
2011-04-22 22:00:00,27.881869540714042
2011-04-22 23:00:00,27.491193916267818
2011-04-23 00:00:00,28.36274756785206
2011-04-23 01:00:00,22.595417201052086
2011-04-23 02:00:00,18.235093837569273
2011-04-23 03:00:00,9.001318723241853
2011-04-23 04:00:00,2.6861873594990744
2011-04-23 05:00:00,2.955421665066669
2011-04-23 06:00:00,9.12188646481281
2011-04-23 07:00:00,15.984259458800524
2011-04-23 08:00:00,56.20186659225236
2011-04-23 09:00:00,67.90363199992117
2011-04-23 10:00:00,138.4162565458321
2011-04-23 11:00:00,155.34494861128474
2011-04-23 12:00:00,227.6363699238235
2011-04-23 13:00:00,239.34187896606895
2011-04-23 14:00:00,271.93872731157813
2011-04-23 15:00:00,290.4959679216325
2011-04-23 16:00:00,336.4087363939841
2011-04-23 17:00:00,312.86092663703226
2011-04-23 18:00:00,280.87316856968545
2011-04-23 19:00:00,202.65562506277215
2011-04-23 20:00:00,114.61231999257689
2011-04-23 21:00:00,121.13838681733164
2011-04-23 22:00:00,132.19908570187724
2011-04-23 23:00:00,73.3287701608138
2011-04-24 00:00:00,79.37105488085292
2011-04-24 01:00:00,48.15734101564508
2011-04-24 02:00:00,39.06517345068343
2011-04-24 03:00:00,18.63386926753873
2011-04-24 04:00:00,6.714995493836743
2011-04-24 05:00:00,7.5979228736629745
2011-04-24 06:00:00,9.96836762257359
2011-04-24 07:00:00,24.982930602369834
2011-04-24 08:00:00,91.6254165999316
2011-04-24 09:00:00,181.56578595423582
2011-04-24 10:00:00,295.9242100132127
2011-04-24 11:00:00,381.7305178849203
2011-04-24 12:00:00,386.01131288396874
2011-04-24 13:00:00,396.7333783951324
2011-04-24 14:00:00,407.57110277827985
2011-04-24 15:00:00,386.5639005562172
2011-04-24 16:00:00,441.27537519186654
2011-04-24 17:00:00,315.9926450802541
2011-04-24 18:00:00,290.5785185601897
2011-04-24 19:00:00,157.84024941203842
2011-04-24 20:00:00,99.10722181809611
2011-04-24 21:00:00,53.25912748131517
2011-04-24 22:00:00,37.79774483024062
2011-04-24 23:00:00,27.522210250677748
2011-04-25 00:00:00,13.317343551347669
2011-04-25 01:00:00,7.868906137362116
2011-04-25 02:00:00,4.67615329459002
2011-04-25 03:00:00,2.397722927802133
2011-04-25 04:00:00,3.2281822066927135
2011-04-25 05:00:00,10.245234557994536
2011-04-25 06:00:00,49.10761697025189
2011-04-25 07:00:00,157.9936891290779
2011-04-25 08:00:00,394.7178807859283
2011-04-25 09:00:00,233.33847651561527
2011-04-25 10:00:00,122.50509124775287
2011-04-25 11:00:00,133.3861464328653
2011-04-25 12:00:00,148.1501732521855
2011-04-25 13:00:00,143.93460989158618
2011-04-25 14:00:00,144.31716182872864
2011-04-25 15:00:00,153.5118493339349
2011-04-25 16:00:00,216.94870667507422
2011-04-25 17:00:00,474.39492021834457
2011-04-25 18:00:00,415.2785650786019
2011-04-25 19:00:00,286.43864963424176
2011-04-25 20:00:00,212.94777636519805
2011-04-25 21:00:00,141.52193083830784
2011-04-25 22:00:00,90.37623356040388
2011-04-25 23:00:00,48.70923783147932
2011-04-26 00:00:00,20.331909183913716
2011-04-26 01:00:00,9.582640051356732
2011-04-26 02:00:00,4.325014375807271
2011-04-26 03:00:00,2.385420983238673
2011-04-26 04:00:00,4.3709052391050385
2011-04-26 05:00:00,18.49626467333709
2011-04-26 06:00:00,90.22030856880363
2011-04-26 07:00:00,278.7951777265041
2011-04-26 08:00:00,440.7065000076946
2011-04-26 09:00:00,195.68967637687652
2011-04-26 10:00:00,92.06106288305534
2011-04-26 11:00:00,111.03271049393211
2011-04-26 12:00:00,137.95818829326282
2011-04-26 13:00:00,141.54836474033104
2011-04-26 14:00:00,111.0972071069735
2011-04-26 15:00:00,125.81827005194673
2011-04-26 16:00:00,197.6887380586377
2011-04-26 17:00:00,408.9761462132955
2011-04-26 18:00:00,378.31666923961893
2011-04-26 19:00:00,250.42130851689996
2011-04-26 20:00:00,177.38774756520073
2011-04-26 21:00:00,143.9080355430496
2011-04-26 22:00:00,96.92496896246573
2011-04-26 23:00:00,58.24870705516142
2011-04-27 00:00:00,26.16224868810865
2011-04-27 01:00:00,11.223302834101288
2011-04-27 02:00:00,4.518662684543375
2011-04-27 03:00:00,2.4539334184612187
2011-04-27 04:00:00,3.0929885479488486
2011-04-27 05:00:00,14.413300606868937
2011-04-27 06:00:00,71.67308977444998
2011-04-27 07:00:00,218.07954014739715
2011-04-27 08:00:00,334.84035468831877
2011-04-27 09:00:00,144.87113596682278
2011-04-27 10:00:00,81.06798861003406
2011-04-27 11:00:00,108.17357237319689
2011-04-27 12:00:00,137.51891683272328
2011-04-27 13:00:00,124.83063532303892
2011-04-27 14:00:00,130.3208340407143
2011-04-27 15:00:00,136.3723715593011
2011-04-27 16:00:00,199.5842889972808
2011-04-27 17:00:00,209.46996613205573
2011-04-27 18:00:00,193.4678497201376
2011-04-27 19:00:00,259.4167120392408
2011-04-27 20:00:00,168.19252600962767
2011-04-27 21:00:00,105.06635962965696
2011-04-27 22:00:00,58.87501858854786
2011-04-27 23:00:00,32.9234105301508
2011-04-28 00:00:00,25.03830794113109
2011-04-28 01:00:00,7.939298832626736
2011-04-28 02:00:00,4.18636116529777
2011-04-28 03:00:00,3.2300051593895027
2011-04-28 04:00:00,3.2922956796412643
2011-04-28 05:00:00,17.041067317631097
2011-04-28 06:00:00,91.96652266971707
2011-04-28 07:00:00,254.09794325499703
2011-04-28 08:00:00,436.2331224081713
2011-04-28 09:00:00,84.98673542200717
2011-04-28 10:00:00,57.40821744553771
2011-04-28 11:00:00,77.6440084923734
2011-04-28 12:00:00,111.97195793754912
2011-04-28 13:00:00,83.03453386727554
2011-04-28 14:00:00,92.0294376538042
2011-04-28 15:00:00,130.2477922145822
2011-04-28 16:00:00,180.09323485876672
2011-04-28 17:00:00,511.30374625546324
2011-04-28 18:00:00,486.89001803572717
2011-04-28 19:00:00,358.5454055683902
2011-04-28 20:00:00,282.4375522427187
2011-04-28 21:00:00,202.92601052497676
2011-04-28 22:00:00,175.41551578170743
2011-04-28 23:00:00,121.96639066064321
2011-04-29 00:00:00,54.801179777202
2011-04-29 01:00:00,27.25897364035695
2011-04-29 02:00:00,11.326179996256366
2011-04-29 03:00:00,5.7843489673258794
2011-04-29 04:00:00,4.75925106319946
2011-04-29 05:00:00,28.011554947812158
2011-04-29 06:00:00,121.65794940130384
2011-04-29 07:00:00,393.64947564019946
2011-04-29 08:00:00,589.5373855461597
2011-04-29 09:00:00,315.30929664498194
2011-04-29 10:00:00,180.75721870938077
2011-04-29 11:00:00,218.5343386568087
2011-04-29 12:00:00,274.44998945691714
2011-04-29 13:00:00,264.54495384173225
2011-04-29 14:00:00,234.18566195718265
2011-04-29 15:00:00,202.20995044982462
2011-04-29 16:00:00,263.3692547301068
2011-04-29 17:00:00,454.9176478919825
2011-04-29 18:00:00,398.67532877381944
2011-04-29 19:00:00,217.68684672054854
2011-04-29 20:00:00,213.7674303826495
2011-04-29 21:00:00,155.9039458968384
2011-04-29 22:00:00,129.21026766093036
2011-04-29 23:00:00,99.33098850648624
2011-04-30 00:00:00,61.86333335827119
2011-04-30 01:00:00,52.82116382566459
2011-04-30 02:00:00,38.1002900968773
2011-04-30 03:00:00,19.24000648348592
2011-04-30 04:00:00,6.031097007983037
2011-04-30 05:00:00,7.734590269573216
2011-04-30 06:00:00,17.342128461722787
2011-04-30 07:00:00,45.26815898764433
2011-04-30 08:00:00,102.88158476807705
2011-04-30 09:00:00,163.16984472854247
2011-04-30 10:00:00,307.13033654439613
2011-04-30 11:00:00,408.2312176488628
2011-04-30 12:00:00,534.0394349992998
2011-04-30 13:00:00,585.1606246713452
2011-04-30 14:00:00,593.3431264388925
2011-04-30 15:00:00,618.5959538196074
2011-04-30 16:00:00,605.1429839989368
2011-04-30 17:00:00,566.9402556725145
2011-04-30 18:00:00,462.00369469115054
2011-04-30 19:00:00,366.4190500439325
2011-04-30 20:00:00,159.32640686274888
2011-04-30 21:00:00,153.0919577149939
2011-04-30 22:00:00,123.92417085670516
2011-04-30 23:00:00,95.83294514170483
2011-05-20 00:00:00,60.30275651914329
2011-05-20 01:00:00,25.48607058344774
2011-05-20 02:00:00,13.060409231600504
2011-05-20 03:00:00,6.122446521343278
2011-05-20 04:00:00,5.482913741785995
2011-05-20 05:00:00,25.415713759541067
2011-05-20 06:00:00,120.14557721893918
2011-05-20 07:00:00,387.00540427798165
2011-05-20 08:00:00,597.8445810138354
2011-05-20 09:00:00,340.3606570197162
2011-05-20 10:00:00,206.31404379120607
2011-05-20 11:00:00,236.98582488890236
2011-05-20 12:00:00,310.97491816885355
2011-05-20 13:00:00,206.99353757815206
2011-05-20 14:00:00,281.43663989114003
2011-05-20 15:00:00,276.8285983332506
2011-05-20 16:00:00,404.76489920085925
2011-05-20 17:00:00,676.1787958339139
2011-05-20 18:00:00,595.3337869047052
2011-05-20 19:00:00,402.0650673176494
2011-05-20 20:00:00,311.8348388244295
2011-05-20 21:00:00,235.39862170234898
2011-05-20 22:00:00,228.1355126853293
2011-05-20 23:00:00,174.7551913253351
2011-05-21 00:00:00,146.2677600921709
2011-05-21 01:00:00,106.14070142064017
2011-05-21 02:00:00,78.44344956161667
2011-05-21 03:00:00,32.296208460615176
2011-05-21 04:00:00,9.011743656200247
2011-05-21 05:00:00,10.925274224219178
2011-05-21 06:00:00,31.027753053562645
2011-05-21 07:00:00,88.78145934907485
2011-05-21 08:00:00,174.26911643909173
2011-05-21 09:00:00,292.3432193070727
2011-05-21 10:00:00,447.9547619317327
2011-05-21 11:00:00,529.4907906960811
2011-05-21 12:00:00,582.3532016901397
2011-05-21 13:00:00,613.5347502758676
2011-05-21 14:00:00,592.8984285363861
2011-05-21 15:00:00,580.2636746497145
2011-05-21 16:00:00,607.1756883127987
2011-05-21 17:00:00,555.4946627591357
2011-05-21 18:00:00,497.94101978327666
2011-05-21 19:00:00,413.9342544710434
2011-05-21 20:00:00,321.5000451250963
2011-05-21 21:00:00,271.48180325742624
2011-05-21 22:00:00,227.9303221257719
2011-05-21 23:00:00,177.20197145931527
2011-05-22 00:00:00,122.64180720957545
2011-05-22 01:00:00,87.06339705394572
2011-05-22 02:00:00,71.3480094474538
2011-05-22 03:00:00,28.768343658431352
2011-05-22 04:00:00,9.23482604630933
2011-05-22 05:00:00,7.757964016275471
2011-05-22 06:00:00,17.114239092497137
2011-05-22 07:00:00,53.19985815344085
2011-05-22 08:00:00,122.80842388622784
2011-05-22 09:00:00,227.17575809413233
2011-05-22 10:00:00,358.8859557600687
2011-05-22 11:00:00,506.7834233972083
2011-05-22 12:00:00,518.1728844718782
2011-05-22 13:00:00,524.0938024649497
2011-05-22 14:00:00,333.8342850928317
2011-05-22 15:00:00,479.64850772255085
2011-05-22 16:00:00,471.2292906209243
2011-05-22 17:00:00,419.7800403091355
2011-05-22 18:00:00,399.5322983454904
2011-05-22 19:00:00,341.5630053871586
2011-05-22 20:00:00,240.51059519701786
2011-05-22 21:00:00,183.47723754742455
2011-05-22 22:00:00,125.55319922257164
2011-05-22 23:00:00,80.44406488991598
2011-05-23 00:00:00,29.68922612849934
2011-05-23 01:00:00,14.783822964817073
2011-05-23 02:00:00,7.339894157936245
2011-05-23 03:00:00,3.6995194562610556
2011-05-23 04:00:00,4.7868689393281345
2011-05-23 05:00:00,18.86480725545859
2011-05-23 06:00:00,63.06224465593488
2011-05-23 07:00:00,231.1349874481325
2011-05-23 08:00:00,453.4291028739665
2011-05-23 09:00:00,219.90463914180813
2011-05-23 10:00:00,152.0938527689885
2011-05-23 11:00:00,172.65769129656917
2011-05-23 12:00:00,213.06817911120604
2011-05-23 13:00:00,224.8973082590696
2011-05-23 14:00:00,222.80280015391725
2011-05-23 15:00:00,232.1176215780408
2011-05-23 16:00:00,336.2041525780516
2011-05-23 17:00:00,797.0760923261287
2011-05-23 18:00:00,569.1117337346545
2011-05-23 19:00:00,445.37724293526685
2011-05-23 20:00:00,238.25036211719402
2011-05-23 21:00:00,173.37846514126582
2011-05-23 22:00:00,111.04337612270652
2011-05-23 23:00:00,63.49038105062887
2011-05-24 00:00:00,29.148443778531647
2011-05-24 01:00:00,12.83492086916092
2011-05-24 02:00:00,6.546834843329865
2011-05-24 03:00:00,4.129394695853462
2011-05-24 04:00:00,5.538577290122605
2011-05-24 05:00:00,24.036273482692025
2011-05-24 06:00:00,102.61521951472241
2011-05-24 07:00:00,258.8861719483947
2011-05-24 08:00:00,344.98084037326043
2011-05-24 09:00:00,336.09159530919936
2011-05-24 10:00:00,132.97617179806147
2011-05-24 11:00:00,174.31984196816035
2011-05-24 12:00:00,227.29329685555206
2011-05-24 13:00:00,204.1780947370044
2011-05-24 14:00:00,175.86196029655497
2011-05-24 15:00:00,199.21028234978522
2011-05-24 16:00:00,314.30111000245137
2011-05-24 17:00:00,646.1022394933924
2011-05-24 18:00:00,722.8965834510998
2011-05-24 19:00:00,477.8762189112069
2011-05-24 20:00:00,362.0272138682354
2011-05-24 21:00:00,235.98712480718626
2011-05-24 22:00:00,109.38167825946984
2011-05-24 23:00:00,127.41895912227052
2011-05-25 00:00:00,25.60065637196421
2011-05-25 01:00:00,11.700823014434492
2011-05-25 02:00:00,5.706978776630229
2011-05-25 03:00:00,3.8969479347105866
2011-05-25 04:00:00,4.230608375761597
2011-05-25 05:00:00,27.894827563321797
2011-05-25 06:00:00,103.54967438925718
2011-05-25 07:00:00,387.1704961737566
2011-05-25 08:00:00,581.7807102928124
2011-05-25 09:00:00,277.80314740287025
2011-05-25 10:00:00,157.86259291153988
2011-05-25 11:00:00,195.2480344475184
2011-05-25 12:00:00,233.25522343935708
2011-05-25 13:00:00,231.98282746021584
2011-05-25 14:00:00,198.2854349372709
2011-05-25 15:00:00,228.2315597840591
2011-05-25 16:00:00,311.7373101387192
2011-05-25 17:00:00,697.3867804293358
2011-05-25 18:00:00,623.9341114253308
2011-05-25 19:00:00,473.1295349820037
2011-05-25 20:00:00,346.0071517113596
2011-05-25 21:00:00,273.68884025094417
2011-05-25 22:00:00,201.75576472021163
2011-05-25 23:00:00,137.41566586143585
2011-05-26 00:00:00,64.96688166337442
2011-05-26 01:00:00,27.312363464913265
2011-05-26 02:00:00,11.520993982003045
2011-05-26 03:00:00,5.607498470747088
2011-05-26 04:00:00,5.821188185542337
2011-05-26 05:00:00,28.897053501333815
2011-05-26 06:00:00,95.92498592839495
2011-05-26 07:00:00,287.9571083108586
2011-05-26 08:00:00,698.5754694374327
2011-05-26 09:00:00,366.53454203962946
2011-05-26 10:00:00,180.78654537707072
2011-05-26 11:00:00,219.0883745009266
2011-05-26 12:00:00,261.21850546133254
2011-05-26 13:00:00,231.72977673284385
2011-05-26 14:00:00,207.43981608378954
2011-05-26 15:00:00,271.7581462551388
2011-05-26 16:00:00,403.58486013312574
2011-05-26 17:00:00,699.0520691247867
2011-05-26 18:00:00,664.1099568692348
2011-05-26 19:00:00,476.6380429349571
2011-05-26 20:00:00,380.51938807375984
2011-05-26 21:00:00,328.147552198669
2011-05-26 22:00:00,256.3455699877765
2011-05-26 23:00:00,152.9083944761687
2011-05-27 00:00:00,94.47285736181342
2011-05-27 01:00:00,38.01891985804198
2011-05-27 02:00:00,19.050083041565802
2011-05-27 03:00:00,8.599878436949526
2011-05-27 04:00:00,7.629161315588431
2011-05-27 05:00:00,34.0757350047785
2011-05-27 06:00:00,149.1472067045423
2011-05-27 07:00:00,399.4634060601002
2011-05-27 08:00:00,647.3799716490352
2011-05-27 09:00:00,360.395080177758
2011-05-27 10:00:00,266.5466953038012
2011-05-27 11:00:00,271.6526602226879
2011-05-27 12:00:00,367.272846662661
2011-05-27 13:00:00,298.55449587771557
2011-05-27 14:00:00,279.4583684435886
2011-05-27 15:00:00,312.0098437048275
2011-05-27 16:00:00,502.1900250801186
2011-05-27 17:00:00,709.5482390407738
2011-05-27 18:00:00,656.9760176873345
2011-05-27 19:00:00,277.27824474746427
2011-05-27 20:00:00,309.16550955245333
2011-05-27 21:00:00,213.33823554934884
2011-05-27 22:00:00,234.4111701766251
2011-05-27 23:00:00,141.92655703267445
2011-05-28 00:00:00,132.34120178449254
2011-05-28 01:00:00,96.62297811876658
2011-05-28 02:00:00,66.47159177926916
2011-05-28 03:00:00,31.33633461620014
2011-05-28 04:00:00,11.305358951037324
2011-05-28 05:00:00,14.31972903085499
2011-05-28 06:00:00,32.55734131166477
2011-05-28 07:00:00,82.91832576698327
2011-05-28 08:00:00,181.0952163697946
2011-05-28 09:00:00,290.798314246491
2011-05-28 10:00:00,406.70175426555426
2011-05-28 11:00:00,489.9957742621022
2011-05-28 12:00:00,518.3328185917255
2011-05-28 13:00:00,583.1110884066183
2011-05-28 14:00:00,498.6633651886816
2011-05-28 15:00:00,538.2140257203166
2011-05-28 16:00:00,526.0758464472658
2011-05-28 17:00:00,503.3092094359033
2011-05-28 18:00:00,480.9368566520479
2011-05-28 19:00:00,393.42459695165417
2011-05-28 20:00:00,320.8577546210574
2011-05-28 21:00:00,243.87415013059783
2011-05-28 22:00:00,241.1091704264255
2011-05-28 23:00:00,167.53085853799092
2011-05-29 00:00:00,127.20792338097769
2011-05-29 01:00:00,96.46193910014975
2011-05-29 02:00:00,76.00275858930218
2011-05-29 03:00:00,33.99973534533986
2011-05-29 04:00:00,12.099448394025794
2011-05-29 05:00:00,10.875683254218083
2011-05-29 06:00:00,20.329369127754873
2011-05-29 07:00:00,48.271243202256315
2011-05-29 08:00:00,107.5115356120618
2011-05-29 09:00:00,124.8006606834459
2011-05-29 10:00:00,303.31384787736295
2011-05-29 11:00:00,330.02471893895455
2011-05-29 12:00:00,481.1433289383792
2011-05-29 13:00:00,526.4095946490256
2011-05-29 14:00:00,461.3502901792749
2011-05-29 15:00:00,456.78092750112324
2011-05-29 16:00:00,464.718822298508
2011-05-29 17:00:00,421.194089743085
2011-05-29 18:00:00,348.4096788089903
2011-05-29 19:00:00,311.26976279727523
2011-05-29 20:00:00,220.47492116428361
2011-05-29 21:00:00,178.01317808406841
2011-05-29 22:00:00,135.32187692378457
2011-05-29 23:00:00,100.50347963717576
2011-05-30 00:00:00,65.99504110233748
2011-05-30 01:00:00,41.05013046288409
2011-05-30 02:00:00,29.635922695043547
2011-05-30 03:00:00,15.006998019333269
2011-05-30 04:00:00,8.52948921026367
2011-05-30 05:00:00,10.86025378836277
2011-05-30 06:00:00,24.978291102108027
2011-05-30 07:00:00,65.14030809021523
2011-05-30 08:00:00,180.09456039368115
2011-05-30 09:00:00,230.74508297605797
2011-05-30 10:00:00,269.7927333082426
2011-05-30 11:00:00,321.50397569408494
2011-05-30 12:00:00,354.8759366349364
2011-05-30 13:00:00,375.10127004455325
2011-05-30 14:00:00,319.4076908096892
2011-05-30 15:00:00,350.67023097463755
2011-05-30 16:00:00,372.079533941196
2011-05-30 17:00:00,497.834398693628
2011-05-30 18:00:00,472.79511215031886
2011-05-30 19:00:00,357.9488529676317
2011-05-30 20:00:00,320.19774549838286
2011-05-30 21:00:00,295.4854338665188
2011-05-30 22:00:00,195.36907989798303
2011-05-30 23:00:00,106.40400567638889
2011-05-31 00:00:00,41.15429956596544
2011-05-31 01:00:00,18.244402004763487
2011-05-31 02:00:00,7.467843004920756
2011-05-31 03:00:00,4.55645461215514
2011-05-31 04:00:00,6.812562592767835
2011-05-31 05:00:00,33.80054687460263
2011-05-31 06:00:00,150.21940189728494
2011-05-31 07:00:00,407.73739102866864
2011-05-31 08:00:00,640.2902409918871
2011-05-31 09:00:00,263.2211858539996
2011-05-31 10:00:00,165.79296636342903
2011-05-31 11:00:00,163.5761096517965
2011-05-31 12:00:00,206.1343447677365
2011-05-31 13:00:00,191.18991816861987
2011-05-31 14:00:00,198.55350336659356
2011-05-31 15:00:00,218.29214590900173
2011-05-31 16:00:00,281.6435407408272
2011-05-31 17:00:00,632.0081830707019
2011-05-31 18:00:00,626.5509905220786
2011-05-31 19:00:00,562.38824341253
2011-05-31 20:00:00,410.3837112247311
2011-05-31 21:00:00,297.5586323789169
2011-05-31 22:00:00,205.2623191985528
2011-05-31 23:00:00,123.87540435858999
2011-06-20 00:00:00,33.75679614104668
2011-06-20 01:00:00,13.774362054718972
2011-06-20 02:00:00,7.81490344957447
2011-06-20 03:00:00,3.9756782110794373
2011-06-20 04:00:00,5.001035233987763
2011-06-20 05:00:00,21.05732464439561
2011-06-20 06:00:00,95.55099225125814
2011-06-20 07:00:00,169.69481996897886
2011-06-20 08:00:00,304.1481004477101
2011-06-20 09:00:00,284.872989643302
2011-06-20 10:00:00,160.08612776727455
2011-06-20 11:00:00,169.51037258143631
2011-06-20 12:00:00,223.35034270779042
2011-06-20 13:00:00,229.02870697690545
2011-06-20 14:00:00,236.5620767752718
2011-06-20 15:00:00,251.70617872175444
2011-06-20 16:00:00,328.0035877887128
2011-06-20 17:00:00,665.0602013059029
2011-06-20 18:00:00,634.0240229334082
2011-06-20 19:00:00,478.5205720309161
2011-06-20 20:00:00,341.7657028660778
2011-06-20 21:00:00,248.1480773938404
2011-06-20 22:00:00,164.51250069073433
2011-06-20 23:00:00,86.55532601231884
2011-06-21 00:00:00,37.76862639721934
2011-06-21 01:00:00,12.89478282879287
2011-06-21 02:00:00,5.6224911759858625
2011-06-21 03:00:00,3.576556979909087
2011-06-21 04:00:00,5.406687082527131
2011-06-21 05:00:00,28.583736318059902
2011-06-21 06:00:00,117.79965918496481
2011-06-21 07:00:00,294.19985656117353
2011-06-21 08:00:00,547.4720520388761
2011-06-21 09:00:00,224.46797784964315
2011-06-21 10:00:00,132.55310091246392
2011-06-21 11:00:00,143.92538170690452
2011-06-21 12:00:00,193.1362817612563
2011-06-21 13:00:00,189.5186595222064
2011-06-21 14:00:00,193.6153105016367
2011-06-21 15:00:00,193.59028536494029
2011-06-21 16:00:00,304.7469112053241
2011-06-21 17:00:00,643.3086648851396
2011-06-21 18:00:00,666.7971165936741
2011-06-21 19:00:00,428.90462711483804
2011-06-21 20:00:00,323.1196496667808
2011-06-21 21:00:00,258.99011754753593
2011-06-21 22:00:00,168.5408832636916
2011-06-21 23:00:00,114.75029718470637
2011-06-22 00:00:00,44.74665444876825
2011-06-22 01:00:00,19.308619838779993
2011-06-22 02:00:00,9.024369826683253
2011-06-22 03:00:00,6.034782483893182
2011-06-22 04:00:00,5.659639659787709
2011-06-22 05:00:00,28.885750290531433
2011-06-22 06:00:00,152.1216611809242
2011-06-22 07:00:00,353.1763655529902
2011-06-22 08:00:00,553.5311534901956
2011-06-22 09:00:00,242.3092000372026
2011-06-22 10:00:00,137.72401822536665
2011-06-22 11:00:00,159.07450734550557
2011-06-22 12:00:00,196.8423588973371
2011-06-22 13:00:00,197.27514357291903
2011-06-22 14:00:00,169.5993909612293
2011-06-22 15:00:00,198.1739981396239
2011-06-22 16:00:00,246.25539961026206
2011-06-22 17:00:00,631.7850412231505
2011-06-22 18:00:00,575.7645020249684
2011-06-22 19:00:00,453.2932907435577
2011-06-22 20:00:00,335.1708196457996
2011-06-22 21:00:00,251.63938634026832
2011-06-22 22:00:00,152.42384171566667
2011-06-22 23:00:00,95.30590682858261
2011-06-23 00:00:00,42.068253117347346
2011-06-23 01:00:00,18.487545408103475
2011-06-23 02:00:00,8.834854030024081
2011-06-23 03:00:00,4.704880155931064
2011-06-23 04:00:00,5.836459961862869
2011-06-23 05:00:00,31.108469883522627
2011-06-23 06:00:00,141.29247373954212
2011-06-23 07:00:00,327.543607854042
2011-06-23 08:00:00,499.0979303661083
2011-06-23 09:00:00,245.34358095349447
2011-06-23 10:00:00,129.95907845632598
2011-06-23 11:00:00,112.07324207456172
2011-06-23 12:00:00,166.8945181621256
2011-06-23 13:00:00,163.86607929590502
2011-06-23 14:00:00,144.30836266753744
2011-06-23 15:00:00,204.58691270664872
2011-06-23 16:00:00,259.5595882671632
2011-06-23 17:00:00,418.52199196313455
2011-06-23 18:00:00,520.5781068940021
2011-06-23 19:00:00,354.7952776608362
2011-06-23 20:00:00,330.302663426094
2011-06-23 21:00:00,238.59616491456492
2011-06-23 22:00:00,163.26621183658085
2011-06-23 23:00:00,119.49153572206613
2011-06-24 00:00:00,63.69196945537113
2011-06-24 01:00:00,26.029020656175273
2011-06-24 02:00:00,12.644929568941812
2011-06-24 03:00:00,6.921968587304048
2011-06-24 04:00:00,6.8999115513286995
2011-06-24 05:00:00,29.482128981083623
2011-06-24 06:00:00,134.19791644062974
2011-06-24 07:00:00,317.88902727197427
2011-06-24 08:00:00,522.3796160737993
2011-06-24 09:00:00,268.438321170594
2011-06-24 10:00:00,167.8454851434449
2011-06-24 11:00:00,175.00447869689
2011-06-24 12:00:00,266.0828388086638
2011-06-24 13:00:00,256.08494014387145
2011-06-24 14:00:00,217.52034890312513
2011-06-24 15:00:00,288.48609188315174
2011-06-24 16:00:00,398.37457243901844
2011-06-24 17:00:00,679.9315514655757
2011-06-24 18:00:00,632.8892354493444
2011-06-24 19:00:00,458.1102872872521
2011-06-24 20:00:00,342.5548147279464
2011-06-24 21:00:00,240.6753153846799
2011-06-24 22:00:00,225.3109711462613
2011-06-24 23:00:00,186.32837132280108
2011-06-25 00:00:00,132.7760840856818
2011-06-25 01:00:00,108.12574954616447
2011-06-25 02:00:00,72.69377554778974
2011-06-25 03:00:00,33.6812737417224
2011-06-25 04:00:00,11.613455360586377
2011-06-25 05:00:00,14.265636061853924
2011-06-25 06:00:00,34.23640764700751
2011-06-25 07:00:00,79.9783173360292
2011-06-25 08:00:00,172.93795067594726
2011-06-25 09:00:00,255.84195720038272
2011-06-25 10:00:00,384.32165049885907
2011-06-25 11:00:00,442.1509391580894
2011-06-25 12:00:00,538.7330480659479
2011-06-25 13:00:00,550.0311849321097
2011-06-25 14:00:00,502.0698092714359
2011-06-25 15:00:00,499.2360052240336
2011-06-25 16:00:00,499.9517987704803
2011-06-25 17:00:00,539.892803220327
2011-06-25 18:00:00,483.8095014351806
2011-06-25 19:00:00,412.27337665037743
2011-06-25 20:00:00,330.32728886831893
2011-06-25 21:00:00,278.5770274294391
2011-06-25 22:00:00,251.08144513717997
2011-06-25 23:00:00,181.3383857236939
2011-06-26 00:00:00,155.58718626486382
2011-06-26 01:00:00,117.87978702338457
2011-06-26 02:00:00,91.3594990842798
2011-06-26 03:00:00,39.30197158942649
2011-06-26 04:00:00,13.504566808211852
2011-06-26 05:00:00,12.997572615925675
2011-06-26 06:00:00,23.408711129489156
2011-06-26 07:00:00,60.012373671882415
2011-06-26 08:00:00,138.74163946855415
2011-06-26 09:00:00,264.273627968775
2011-06-26 10:00:00,381.55162857655193
2011-06-26 11:00:00,449.99916532972225
2011-06-26 12:00:00,529.8841903447343
2011-06-26 13:00:00,523.2606255573587
2011-06-26 14:00:00,518.3642621582965
2011-06-26 15:00:00,514.1013845962212
2011-06-26 16:00:00,538.2702607854095
2011-06-26 17:00:00,479.35969281262544
2011-06-26 18:00:00,420.7165298460373
2011-06-26 19:00:00,371.3810906140698
2011-06-26 20:00:00,267.6649548177534
2011-06-26 21:00:00,230.5516009798622
2011-06-26 22:00:00,179.76904817031863
2011-06-26 23:00:00,133.74676876144292
2011-06-27 00:00:00,33.52104414898046
2011-06-27 01:00:00,15.807130493048936
2011-06-27 02:00:00,8.109081972520238
2011-06-27 03:00:00,4.462867653517515
2011-06-27 04:00:00,5.960513278477024
2011-06-27 05:00:00,25.709896944576304
2011-06-27 06:00:00,130.8792181963716
2011-06-27 07:00:00,372.49066934086613
2011-06-27 08:00:00,559.9542383526318
2011-06-27 09:00:00,280.17144115988833
2011-06-27 10:00:00,171.21459531826548
2011-06-27 11:00:00,188.46493822284975
2011-06-27 12:00:00,231.47060188807237
2011-06-27 13:00:00,227.80795851112177
2011-06-27 14:00:00,202.1357494400926
2011-06-27 15:00:00,204.62399878373773
2011-06-27 16:00:00,310.52011320932286
2011-06-27 17:00:00,642.7063712258779
2011-06-27 18:00:00,654.9668982554323
2011-06-27 19:00:00,475.5188767195067
2011-06-27 20:00:00,328.5690269782643
2011-06-27 21:00:00,230.6421087905088
2011-06-27 22:00:00,174.16838567982518
2011-06-27 23:00:00,100.08819391602069
2011-06-28 00:00:00,41.456915124217566
2011-06-28 01:00:00,16.668564389449095
2011-06-28 02:00:00,8.428040769840853
2011-06-28 03:00:00,5.406296047594939
2011-06-28 04:00:00,6.603447021205307
2011-06-28 05:00:00,36.38511113887242
2011-06-28 06:00:00,157.84515481866973
2011-06-28 07:00:00,396.99767357935684
2011-06-28 08:00:00,575.2086462852496
2011-06-28 09:00:00,249.07703413523853
2011-06-28 10:00:00,129.97791484820436
2011-06-28 11:00:00,152.39674323362553
2011-06-28 12:00:00,178.4186296088623
2011-06-28 13:00:00,187.22163006153036
2011-06-28 14:00:00,167.9647283376832
2011-06-28 15:00:00,187.804271007656
2011-06-28 16:00:00,244.99687792678105
2011-06-28 17:00:00,552.945001203047
2011-06-28 18:00:00,520.6716597275297
2011-06-28 19:00:00,410.8522964572633
2011-06-28 20:00:00,347.6251990852209
2011-06-28 21:00:00,243.88289082040893
2011-06-28 22:00:00,192.87046137693622
2011-06-28 23:00:00,117.97580024702643
2011-06-29 00:00:00,32.79250894214685
2011-06-29 01:00:00,16.254136955072926
2011-06-29 02:00:00,8.12733782478655
2011-06-29 03:00:00,5.681742546119044
2011-06-29 04:00:00,6.614631006346733
2011-06-29 05:00:00,30.049654917007008
2011-06-29 06:00:00,150.95289100742454
2011-06-29 07:00:00,394.4298515488439
2011-06-29 08:00:00,579.0276091201239
2011-06-29 09:00:00,274.73188080003484
2011-06-29 10:00:00,141.2068183095394
2011-06-29 11:00:00,161.81777704611892
2011-06-29 12:00:00,241.46442705374997
2011-06-29 13:00:00,189.84359580071987
2011-06-29 14:00:00,192.16987260647394
2011-06-29 15:00:00,206.82256433450485
2011-06-29 16:00:00,328.6541187193484
2011-06-29 17:00:00,621.5952082860582
2011-06-29 18:00:00,608.0947281649243
2011-06-29 19:00:00,542.6785714619896
2011-06-29 20:00:00,424.41927651606085
2011-06-29 21:00:00,311.97602303242456
2011-06-29 22:00:00,215.23835599141827
2011-06-29 23:00:00,134.7780038255154
2011-06-30 00:00:00,46.449756375999634
2011-06-30 01:00:00,21.706819443468234
2011-06-30 02:00:00,10.845887968256063
2011-06-30 03:00:00,5.761368268764775
2011-06-30 04:00:00,6.695543080740164
2011-06-30 05:00:00,35.966554553375744
2011-06-30 06:00:00,159.85269037213078
2011-06-30 07:00:00,404.5857103687463
2011-06-30 08:00:00,511.3433332122329
2011-06-30 09:00:00,230.05718020192808
2011-06-30 10:00:00,149.7687899421877
2011-06-30 11:00:00,178.2401867206574
2011-06-30 12:00:00,229.86125758709557
2011-06-30 13:00:00,206.1966375397649
2011-06-30 14:00:00,176.34560717046057
2011-06-30 15:00:00,210.34027792777476
2011-06-30 16:00:00,310.46500378987446
2011-06-30 17:00:00,588.6223297402198
2011-06-30 18:00:00,608.3389928241475
2011-06-30 19:00:00,476.84745262579605
2011-06-30 20:00:00,382.21271278103035
2011-06-30 21:00:00,300.70747856625593
2011-06-30 22:00:00,225.00053199041733
2011-06-30 23:00:00,153.14307085232733
2011-07-20 00:00:00,47.85256286571598
2011-07-20 01:00:00,19.32307279217942
2011-07-20 02:00:00,9.480177659432501
2011-07-20 03:00:00,6.38853647790322
2011-07-20 04:00:00,6.5600692355833505
2011-07-20 05:00:00,34.54997070684761
2011-07-20 06:00:00,138.4944020118733
2011-07-20 07:00:00,431.2537738309124
2011-07-20 08:00:00,614.2501694071537
2011-07-20 09:00:00,272.4516391777514
2011-07-20 10:00:00,149.00779221882482
2011-07-20 11:00:00,161.03749594862953
2011-07-20 12:00:00,202.60108744247395
2011-07-20 13:00:00,188.64560019049722
2011-07-20 14:00:00,168.53794612217266
2011-07-20 15:00:00,180.14807708868716
2011-07-20 16:00:00,295.5746300838763
2011-07-20 17:00:00,559.1496362126869
2011-07-20 18:00:00,562.7912654775107
2011-07-20 19:00:00,371.360687237825
2011-07-20 20:00:00,345.5476221469813
2011-07-20 21:00:00,275.52644280394895
2011-07-20 22:00:00,213.87538162695208
2011-07-20 23:00:00,139.32604448646072
2011-07-21 00:00:00,49.9362913378902
2011-07-21 01:00:00,17.881776683414895
2011-07-21 02:00:00,9.243339636377124
2011-07-21 03:00:00,6.317124173880762
2011-07-21 04:00:00,7.343536114124387
2011-07-21 05:00:00,34.785371118614776
2011-07-21 06:00:00,155.73184229188598
2011-07-21 07:00:00,388.59690624502696
2011-07-21 08:00:00,598.5427974564552
2011-07-21 09:00:00,269.6955078386248
2011-07-21 10:00:00,140.13995649361416
2011-07-21 11:00:00,123.7956946387585
2011-07-21 12:00:00,161.4275100974147
2011-07-21 13:00:00,156.83814610623367
2011-07-21 14:00:00,157.77655891919034
2011-07-21 15:00:00,167.6592924711279
2011-07-21 16:00:00,250.84933535711755
2011-07-21 17:00:00,544.6691222606648
2011-07-21 18:00:00,483.65515414172626
2011-07-21 19:00:00,315.59641429430366
2011-07-21 20:00:00,314.941660942348
2011-07-21 21:00:00,246.22572189512007
2011-07-21 22:00:00,224.7102101607904
2011-07-21 23:00:00,154.78589661709316
2011-07-22 00:00:00,66.59392157698954
2011-07-22 01:00:00,29.98036004091057
2011-07-22 02:00:00,16.22700678828565
2011-07-22 03:00:00,8.586134327314982
2011-07-22 04:00:00,8.827743890607877
2011-07-22 05:00:00,35.99338633631118
2011-07-22 06:00:00,151.49903291600768
2011-07-22 07:00:00,300.8047872838601
2011-07-22 08:00:00,412.37531355486055
2011-07-22 09:00:00,231.92460987848548
2011-07-22 10:00:00,156.16856630363884
2011-07-22 11:00:00,184.22552418899969
2011-07-22 12:00:00,213.8617442361775
2011-07-22 13:00:00,191.04492908693229
2011-07-22 14:00:00,178.03074115036424
2011-07-22 15:00:00,180.88234188634337
2011-07-22 16:00:00,290.41611578068307
2011-07-22 17:00:00,556.46816676783
2011-07-22 18:00:00,570.460385501005
2011-07-22 19:00:00,482.1048740588792
2011-07-22 20:00:00,294.83323005589443
2011-07-22 21:00:00,243.3145713382282
2011-07-22 22:00:00,256.6444357322137
2011-07-22 23:00:00,162.5287522335456
2011-07-23 00:00:00,129.19522462286722
2011-07-23 01:00:00,104.37538933421366
2011-07-23 02:00:00,66.56371987365021
2011-07-23 03:00:00,30.575757920034214
2011-07-23 04:00:00,10.609608743298812
2011-07-23 05:00:00,11.509312785503276
2011-07-23 06:00:00,27.38507527792213
2011-07-23 07:00:00,69.56176221128752
2011-07-23 08:00:00,144.31448549840178
2011-07-23 09:00:00,237.49953622644477
2011-07-23 10:00:00,313.85626191165704
2011-07-23 11:00:00,382.3412541335146
2011-07-23 12:00:00,419.8587921297457
2011-07-23 13:00:00,402.6616961945187
2011-07-23 14:00:00,406.50005092215025
2011-07-23 15:00:00,388.57124636510775
2011-07-23 16:00:00,417.6045321548389
2011-07-23 17:00:00,382.42916784207216
2011-07-23 18:00:00,348.66678948756794
2011-07-23 19:00:00,340.04955205423323
2011-07-23 20:00:00,273.8486881073663
2011-07-23 21:00:00,237.27009910029756
2011-07-23 22:00:00,240.14865381186206
2011-07-23 23:00:00,196.8587352144672
2011-07-24 00:00:00,155.29533244298733
2011-07-24 01:00:00,108.76814796664283
2011-07-24 02:00:00,73.89981094961212
2011-07-24 03:00:00,31.90305055004072
2011-07-24 04:00:00,10.714348770839935
2011-07-24 05:00:00,9.713240195078123
2011-07-24 06:00:00,17.7553053756695
2011-07-24 07:00:00,46.23683413330903
2011-07-24 08:00:00,94.45096488137416
2011-07-24 09:00:00,179.77415186953795
2011-07-24 10:00:00,254.31166276568825
2011-07-24 11:00:00,369.8893683316069
2011-07-24 12:00:00,397.48553698847167
2011-07-24 13:00:00,402.8984704220171
2011-07-24 14:00:00,354.0308500907714
2011-07-24 15:00:00,373.5405776714092
2011-07-24 16:00:00,384.872803831009
2011-07-24 17:00:00,400.7555343749356
2011-07-24 18:00:00,365.6607135950739
2011-07-24 19:00:00,301.0888255021758
2011-07-24 20:00:00,252.53805170902174
2011-07-24 21:00:00,196.61732611033463
2011-07-24 22:00:00,156.48209199260273
2011-07-24 23:00:00,117.91916213521577
2011-07-25 00:00:00,47.18577385257502
2011-07-25 01:00:00,21.777310632031355
2011-07-25 02:00:00,10.483169675461378
2011-07-25 03:00:00,5.409364023932793
2011-07-25 04:00:00,7.331288468993089
2011-07-25 05:00:00,28.89366752058228
2011-07-25 06:00:00,132.5904228838276
2011-07-25 07:00:00,354.6829313700351
2011-07-25 08:00:00,574.5465636064479
2011-07-25 09:00:00,239.23664227526004
2011-07-25 10:00:00,140.83375915042913
2011-07-25 11:00:00,191.91256487932174
2011-07-25 12:00:00,232.98587160416918
2011-07-25 13:00:00,219.8134633058605
2011-07-25 14:00:00,184.18659901448234
2011-07-25 15:00:00,136.2963756228157
2011-07-25 16:00:00,251.80016481931014
2011-07-25 17:00:00,568.209732991577
2011-07-25 18:00:00,586.9656574354021
2011-07-25 19:00:00,443.8948680451381
2011-07-25 20:00:00,337.0654822467265
2011-07-25 21:00:00,226.10910977253482
2011-07-25 22:00:00,161.37667830390976
2011-07-25 23:00:00,91.23396268771458
2011-07-26 00:00:00,37.872258852086055
2011-07-26 01:00:00,16.215930604090406
2011-07-26 02:00:00,8.27502980344492
2011-07-26 03:00:00,5.065785883323182
2011-07-26 04:00:00,6.1721597780418325
2011-07-26 05:00:00,27.952354722076084
2011-07-26 06:00:00,132.9409327818891
2011-07-26 07:00:00,317.6033599811987
2011-07-26 08:00:00,526.7773504212834
2011-07-26 09:00:00,235.1826277833788
2011-07-26 10:00:00,134.25890714945058
2011-07-26 11:00:00,161.02029004919032
2011-07-26 12:00:00,212.7072756144792
2011-07-26 13:00:00,207.41146663184986
2011-07-26 14:00:00,183.0454128375196
2011-07-26 15:00:00,203.18978688252804
2011-07-26 16:00:00,339.35217163046264
2011-07-26 17:00:00,684.764788329202
2011-07-26 18:00:00,709.2607754458159
2011-07-26 19:00:00,444.7617407506216
2011-07-26 20:00:00,362.25495669443615
2011-07-26 21:00:00,259.58470854490974
2011-07-26 22:00:00,185.01491794706826
2011-07-26 23:00:00,115.9319813969678
2011-07-27 00:00:00,50.10547547168481
2011-07-27 01:00:00,16.316843260236237
2011-07-27 02:00:00,8.125856067055121
2011-07-27 03:00:00,5.0212867195117505
2011-07-27 04:00:00,6.1741455681471065
2011-07-27 05:00:00,30.34089222301901
2011-07-27 06:00:00,146.2156565534305
2011-07-27 07:00:00,353.42122261887494
2011-07-27 08:00:00,557.6567935424944
2011-07-27 09:00:00,244.72039245139956
2011-07-27 10:00:00,139.3536339834458
2011-07-27 11:00:00,163.585169260435
2011-07-27 12:00:00,219.34265800836388
2011-07-27 13:00:00,213.9959375670577
2011-07-27 14:00:00,204.4229284130748
2011-07-27 15:00:00,218.3532084691898
2011-07-27 16:00:00,358.85246005295954
2011-07-27 17:00:00,672.3144727781718
2011-07-27 18:00:00,688.9161968424465
2011-07-27 19:00:00,491.27605952092836
2011-07-27 20:00:00,399.36450087868695
2011-07-27 21:00:00,297.9806633979652
2011-07-27 22:00:00,220.05936480945144
2011-07-27 23:00:00,144.99104041488127
2011-07-28 00:00:00,61.68144243005716
2011-07-28 01:00:00,24.439334326285245
2011-07-28 02:00:00,12.544688174937106
2011-07-28 03:00:00,6.511386842892567
2011-07-28 04:00:00,6.885542628858057
2011-07-28 05:00:00,32.38147122931982
2011-07-28 06:00:00,156.9841475146215
2011-07-28 07:00:00,395.6299106494529
2011-07-28 08:00:00,572.976694440835
2011-07-28 09:00:00,260.1964607620913
2011-07-28 10:00:00,145.81162149568365
2011-07-28 11:00:00,151.93499210701248
2011-07-28 12:00:00,209.74653645292878
2011-07-28 13:00:00,206.54906502089068
2011-07-28 14:00:00,219.27839255939978
2011-07-28 15:00:00,193.51920970554846
2011-07-28 16:00:00,314.5923015776055
2011-07-28 17:00:00,627.3000335400698
2011-07-28 18:00:00,578.0486953292063
2011-07-28 19:00:00,407.2413768406955
2011-07-28 20:00:00,351.6385210625042
2011-07-28 21:00:00,268.06024431992597
2011-07-28 22:00:00,236.3501564414758
2011-07-28 23:00:00,157.61075592519057
2011-07-29 00:00:00,75.48555195322342
2011-07-29 01:00:00,35.45417145865624
2011-07-29 02:00:00,17.263070097847
2011-07-29 03:00:00,8.277281999658534
2011-07-29 04:00:00,7.849714127912715
2011-07-29 05:00:00,33.835343006100096
2011-07-29 06:00:00,131.6146036125013
2011-07-29 07:00:00,355.897822507339
2011-07-29 08:00:00,589.6910284540828
2011-07-29 09:00:00,284.41993851811696
2011-07-29 10:00:00,173.33649582462303
2011-07-29 11:00:00,185.56003856684464
2011-07-29 12:00:00,218.4941025865304
2011-07-29 13:00:00,237.79361310330955
2011-07-29 14:00:00,195.03071380436538
2011-07-29 15:00:00,210.32687464607062
2011-07-29 16:00:00,336.50915138506366
2011-07-29 17:00:00,466.3706337672719
2011-07-29 18:00:00,471.4961272476129
2011-07-29 19:00:00,365.3386784972385
2011-07-29 20:00:00,333.9232346390302
2011-07-29 21:00:00,290.7152426516957
2011-07-29 22:00:00,265.7790698422079
2011-07-29 23:00:00,204.80243449074743
2011-07-30 00:00:00,138.8757785669997
2011-07-30 01:00:00,104.32807503708878
2011-07-30 02:00:00,74.09994464650674
2011-07-30 03:00:00,28.97491794471854
2011-07-30 04:00:00,9.504874826199774
2011-07-30 05:00:00,10.874959755903879
2011-07-30 06:00:00,24.421660962376183
2011-07-30 07:00:00,59.38735881453637
2011-07-30 08:00:00,139.0363862976726
2011-07-30 09:00:00,242.28291264661686
2011-07-30 10:00:00,305.1546188401796
2011-07-30 11:00:00,374.11688356452555
2011-07-30 12:00:00,495.10012721458054
2011-07-30 13:00:00,484.2722574306179
2011-07-30 14:00:00,434.6032431167612
2011-07-30 15:00:00,435.22945971161727
2011-07-30 16:00:00,443.299851923888
2011-07-30 17:00:00,430.0931243665053
2011-07-30 18:00:00,395.32785982760464
2011-07-30 19:00:00,359.3228124166306
2011-07-30 20:00:00,313.5903009591461
2011-07-30 21:00:00,287.2750312842529
2011-07-30 22:00:00,260.86396665736686
2011-07-30 23:00:00,198.1836986015271
2011-07-31 00:00:00,162.4438974700999
2011-07-31 01:00:00,113.01137488873748
2011-07-31 02:00:00,79.15146014826728
2011-07-31 03:00:00,33.24191911003714
2011-07-31 04:00:00,11.57953690662985
2011-07-31 05:00:00,9.789509775017963
2011-07-31 06:00:00,17.720386445729385
2011-07-31 07:00:00,45.47567635613399
2011-07-31 08:00:00,107.85140153706429
2011-07-31 09:00:00,220.1765781942756
2011-07-31 10:00:00,285.79367024876683
2011-07-31 11:00:00,359.9812536989398
2011-07-31 12:00:00,413.8906739864056
2011-07-31 13:00:00,444.2397263900098
2011-07-31 14:00:00,423.77629915748577
2011-07-31 15:00:00,365.4795968035072
2011-07-31 16:00:00,374.2385815184097
2011-07-31 17:00:00,317.87553156152046
2011-07-31 18:00:00,366.8308492022102
2011-07-31 19:00:00,290.1131147665745
2011-07-31 20:00:00,240.16151134144258
2011-07-31 21:00:00,192.39714790055558
2011-07-31 22:00:00,145.8924749630615
2011-07-31 23:00:00,102.20075045165514
2011-08-20 00:00:00,108.48421201302918
2011-08-20 01:00:00,88.42988499191969
2011-08-20 02:00:00,64.6913093253586
2011-08-20 03:00:00,28.294460679724853
2011-08-20 04:00:00,7.95954493066792
2011-08-20 05:00:00,11.378395470275725
2011-08-20 06:00:00,21.405280087663012
2011-08-20 07:00:00,56.176136051184876
2011-08-20 08:00:00,142.23487098232448
2011-08-20 09:00:00,226.88959135288613
2011-08-20 10:00:00,383.2494101953514
2011-08-20 11:00:00,417.2775758298375
2011-08-20 12:00:00,463.88418481372184
2011-08-20 13:00:00,486.61823828542765
2011-08-20 14:00:00,494.96929692379854
2011-08-20 15:00:00,477.063246491734
2011-08-20 16:00:00,513.5792687058176
2011-08-20 17:00:00,503.9974568294189
2011-08-20 18:00:00,422.71029293177884
2011-08-20 19:00:00,365.1088322135746
2011-08-20 20:00:00,313.9338633118092
2011-08-20 21:00:00,268.7530616361005
2011-08-20 22:00:00,184.26802128158627
2011-08-20 23:00:00,169.1452388975402
2011-08-21 00:00:00,153.02960742794514
2011-08-21 01:00:00,105.35161962166842
2011-08-21 02:00:00,79.79067497364672
2011-08-21 03:00:00,32.29161424556485
2011-08-21 04:00:00,11.150614918700331
2011-08-21 05:00:00,8.036360050839992
2011-08-21 06:00:00,14.222251566509076
2011-08-21 07:00:00,38.321984259440846
2011-08-21 08:00:00,93.78346991617276
2011-08-21 09:00:00,178.36390074533512
2011-08-21 10:00:00,273.3933015524097
2011-08-21 11:00:00,349.1856041806129
2011-08-21 12:00:00,393.838417281632
2011-08-21 13:00:00,429.9588261737034
2011-08-21 14:00:00,233.155475410064
2011-08-21 15:00:00,263.72979596989813
2011-08-21 16:00:00,337.28896383497226
2011-08-21 17:00:00,288.44640264916706
2011-08-21 18:00:00,263.7279567901357
2011-08-21 19:00:00,306.0708241982851
2011-08-21 20:00:00,182.85359167438304
2011-08-21 21:00:00,150.59280643607352
2011-08-21 22:00:00,110.94144186993047
2011-08-21 23:00:00,95.57032847425965
2011-08-22 00:00:00,36.2690568962209
2011-08-22 01:00:00,15.800446483299929
2011-08-22 02:00:00,8.757703679879695
2011-08-22 03:00:00,5.326575792259958
2011-08-22 04:00:00,6.206756389677667
2011-08-22 05:00:00,24.471975592310173
2011-08-22 06:00:00,105.27613087083985
2011-08-22 07:00:00,275.7453827493209
2011-08-22 08:00:00,441.6609666309461
2011-08-22 09:00:00,248.42230444958128
2011-08-22 10:00:00,132.9091653416567
2011-08-22 11:00:00,136.19239450843108
2011-08-22 12:00:00,212.30008172286895
2011-08-22 13:00:00,197.43370932152436
2011-08-22 14:00:00,188.10995173199836
2011-08-22 15:00:00,191.8395806583313
2011-08-22 16:00:00,311.660859205521
2011-08-22 17:00:00,540.0104241170741
2011-08-22 18:00:00,526.473264792676
2011-08-22 19:00:00,394.25107928463615
2011-08-22 20:00:00,285.28862402510254
2011-08-22 21:00:00,202.49216164865692
2011-08-22 22:00:00,125.53355630418889
2011-08-22 23:00:00,74.89940449884003
2011-08-23 00:00:00,32.199886378581716
2011-08-23 01:00:00,12.627753860974758
2011-08-23 02:00:00,6.869539769028027
2011-08-23 03:00:00,3.9633050665624987
2011-08-23 04:00:00,5.790592357424683
2011-08-23 05:00:00,29.50829548131299
2011-08-23 06:00:00,128.2016925409654
2011-08-23 07:00:00,283.3180890904569
2011-08-23 08:00:00,476.4691344109787
2011-08-23 09:00:00,253.6269683538912
2011-08-23 10:00:00,137.8859888096855
2011-08-23 11:00:00,161.90086225680923
2011-08-23 12:00:00,236.8729448242335
2011-08-23 13:00:00,224.47043901198717
2011-08-23 14:00:00,206.3675757486599
2011-08-23 15:00:00,238.82319611269955
2011-08-23 16:00:00,339.18384291308126
2011-08-23 17:00:00,737.9718607515731
2011-08-23 18:00:00,696.46580553194
2011-08-23 19:00:00,470.45586430704066
2011-08-23 20:00:00,324.65851869698304
2011-08-23 21:00:00,225.9481078141742
2011-08-23 22:00:00,166.98184107257313
2011-08-23 23:00:00,99.86743999290556
2011-08-24 00:00:00,42.77377519453041
2011-08-24 01:00:00,17.961420986373593
2011-08-24 02:00:00,7.7014762328184405
2011-08-24 03:00:00,4.76700923901949
2011-08-24 04:00:00,5.944842858979237
2011-08-24 05:00:00,31.32129023209404
2011-08-24 06:00:00,131.47831823117872
2011-08-24 07:00:00,337.15836189658046
2011-08-24 08:00:00,527.3751174747495
2011-08-24 09:00:00,243.30610768764487
2011-08-24 10:00:00,131.54092429881055
2011-08-24 11:00:00,162.89952031403857
2011-08-24 12:00:00,182.91229285154648
2011-08-24 13:00:00,220.79352152065258
2011-08-24 14:00:00,199.96349306102434
2011-08-24 15:00:00,215.81018547074353
2011-08-24 16:00:00,318.1977663473628
2011-08-24 17:00:00,619.2344498437874
2011-08-24 18:00:00,591.2215480557787
2011-08-24 19:00:00,412.41140744741483
2011-08-24 20:00:00,294.75813812941203
2011-08-24 21:00:00,240.14704741049187
2011-08-24 22:00:00,185.2934079217277
2011-08-24 23:00:00,128.64822003504685
2011-08-25 00:00:00,49.827784446747074
2011-08-25 01:00:00,20.720541833451986
2011-08-25 02:00:00,9.93250654135432
2011-08-25 03:00:00,5.082830848722394
2011-08-25 04:00:00,5.81053494416394
2011-08-25 05:00:00,26.147522814014838
2011-08-25 06:00:00,119.44454363603812
2011-08-25 07:00:00,294.85892837666484
2011-08-25 08:00:00,527.8104353053761
2011-08-25 09:00:00,284.1538468214246
2011-08-25 10:00:00,136.16625031849506
2011-08-25 11:00:00,108.99049304850477
2011-08-25 12:00:00,132.12214034579156
2011-08-25 13:00:00,182.64143960615132
2011-08-25 14:00:00,162.65029009028373
2011-08-25 15:00:00,190.73523752297433
2011-08-25 16:00:00,265.64493558344884
2011-08-25 17:00:00,516.2176560909578
2011-08-25 18:00:00,415.922754010605
2011-08-25 19:00:00,291.48667415576523
2011-08-25 20:00:00,241.85773393056428
2011-08-25 21:00:00,206.92852692030368
2011-08-25 22:00:00,162.83298323570236
2011-08-25 23:00:00,109.60438813082206
2011-08-26 00:00:00,57.41025009017965
2011-08-26 01:00:00,26.016282308077734
2011-08-26 02:00:00,12.135659125294158
2011-08-26 03:00:00,5.886106880956624
2011-08-26 04:00:00,5.52129512450787
2011-08-26 05:00:00,22.366058112282357
2011-08-26 06:00:00,98.23946218228768
2011-08-26 07:00:00,266.51577066561657
2011-08-26 08:00:00,510.2941676979123
2011-08-26 09:00:00,291.7501721688133
2011-08-26 10:00:00,187.56453837782766
2011-08-26 11:00:00,211.67882719792996
2011-08-26 12:00:00,270.6640442115197
2011-08-26 13:00:00,289.12354833123817
2011-08-26 14:00:00,236.00872200118891
2011-08-26 15:00:00,255.48558537462833
2011-08-26 16:00:00,376.6104664751974
2011-08-26 17:00:00,548.6294928308176
2011-08-26 18:00:00,434.34406501690046
2011-08-26 19:00:00,344.23679157260506
2011-08-26 20:00:00,285.26929383182807
2011-08-26 21:00:00,229.01577617274
2011-08-26 22:00:00,210.7903388254996
2011-08-26 23:00:00,155.54637815198691
2011-08-27 00:00:00,139.1517085994754
2011-08-27 01:00:00,106.783339902064
2011-08-27 02:00:00,73.52510618481759
2011-08-27 03:00:00,31.659735696564002
2011-08-27 04:00:00,11.097834032911917
2011-08-27 05:00:00,10.620000344382115
2011-08-27 06:00:00,23.35269458628037
2011-08-27 07:00:00,49.946487744215425
2011-08-27 08:00:00,140.98642226530748
2011-08-27 09:00:00,168.16994377865151
2011-08-27 10:00:00,233.26964991054098
2011-08-27 11:00:00,166.89322732499247
2011-08-27 12:00:00,185.54837871506385
2011-08-27 13:00:00,206.3507845125279
2011-08-27 14:00:00,113.76331944334035
2011-08-27 15:00:00,121.40849415171246
2011-08-27 16:00:00,122.8386128733208
2011-08-27 17:00:00,82.97939975308921
2011-08-28 07:00:00,17.099332929456263
2011-08-28 08:00:00,35.73467680285784
2011-08-28 09:00:00,145.15601277397704
2011-08-28 10:00:00,256.1723454311605
2011-08-28 11:00:00,408.32607919973645
2011-08-28 12:00:00,470.4691279450589
2011-08-28 13:00:00,447.16811298921436
2011-08-28 14:00:00,436.2151381396529
2011-08-28 15:00:00,424.8514379085103
2011-08-28 16:00:00,498.1454250756368
2011-08-28 17:00:00,435.7711165568998
2011-08-28 18:00:00,407.41540215600264
2011-08-28 19:00:00,350.2303791760298
2011-08-28 20:00:00,258.43660094715153
2011-08-28 21:00:00,197.8860880864371
2011-08-28 22:00:00,141.0740438774266
2011-08-28 23:00:00,87.63798944327388
2011-08-29 00:00:00,37.28788187693591
2011-08-29 01:00:00,15.534538818657461
2011-08-29 02:00:00,8.28808443785217
2011-08-29 03:00:00,4.828956225782139
2011-08-29 04:00:00,6.637813009079957
2011-08-29 05:00:00,29.11135263419031
2011-08-29 06:00:00,118.78472629493149
2011-08-29 07:00:00,305.66438708298153
2011-08-29 08:00:00,452.059666029139
2011-08-29 09:00:00,232.99952638579222
2011-08-29 10:00:00,131.02131885704406
2011-08-29 11:00:00,146.59163315495266
2011-08-29 12:00:00,223.26737982565555
2011-08-29 13:00:00,237.8035227171541
2011-08-29 14:00:00,178.21862298023166
2011-08-29 15:00:00,200.6737298977219
2011-08-29 16:00:00,316.6077597874305
2011-08-29 17:00:00,641.5286299687239
2011-08-29 18:00:00,543.7975488882263
2011-08-29 19:00:00,398.332375815042
2011-08-29 20:00:00,268.12970242114227
2011-08-29 21:00:00,203.54302487091888
2011-08-29 22:00:00,148.9378204810461
2011-08-29 23:00:00,86.86198898978864
2011-08-30 00:00:00,33.509912722744964
2011-08-30 01:00:00,14.621474277490373
2011-08-30 02:00:00,7.502765812211935
2011-08-30 03:00:00,4.55931547725221
2011-08-30 04:00:00,5.87132828348594
2011-08-30 05:00:00,28.173286695099794
2011-08-30 06:00:00,134.96939506927313
2011-08-30 07:00:00,312.82114628155057
2011-08-30 08:00:00,508.4359339130442
2011-08-30 09:00:00,256.5790494824509
2011-08-30 10:00:00,143.27434164582127
2011-08-30 11:00:00,163.3173437882189
2011-08-30 12:00:00,228.20396427092675
2011-08-30 13:00:00,233.03186467464755
2011-08-30 14:00:00,202.68062297414673
2011-08-30 15:00:00,229.13985243117355
2011-08-30 16:00:00,366.5500931219727
2011-08-30 17:00:00,731.2012726325687
2011-08-30 18:00:00,678.4959371938841
2011-08-30 19:00:00,465.6904234668366
2011-08-30 20:00:00,332.85168521110444
2011-08-30 21:00:00,211.49806259838567
2011-08-30 22:00:00,163.6680013544583
2011-08-30 23:00:00,100.13553536451421
2011-08-31 00:00:00,37.89380141690417
2011-08-31 01:00:00,15.761896333321548
2011-08-31 02:00:00,8.081216011011966
2011-08-31 03:00:00,4.8475977065825875
2011-08-31 04:00:00,5.588370360203233
2011-08-31 05:00:00,28.32438492011034
2011-08-31 06:00:00,128.9056878231195
2011-08-31 07:00:00,336.2766661680645
2011-08-31 08:00:00,513.10351940322
2011-08-31 09:00:00,248.20527167456902
2011-08-31 10:00:00,159.98512889012218
2011-08-31 11:00:00,182.78017565960985
2011-08-31 12:00:00,234.5963151581981
2011-08-31 13:00:00,253.59586850131183
2011-08-31 14:00:00,217.650958626499
2011-08-31 15:00:00,242.02806835070467
2011-08-31 16:00:00,357.0133614397724
2011-08-31 17:00:00,708.9114106981629
2011-08-31 18:00:00,631.7230487149423
2011-08-31 19:00:00,455.46362858931
2011-08-31 20:00:00,352.28794362021625
2011-08-31 21:00:00,247.54859817875442
2011-08-31 22:00:00,175.65785203852874
2011-08-31 23:00:00,108.85955129584131
2011-09-20 00:00:00,28.2672320370937
2011-09-20 01:00:00,9.636758503473553
2011-09-20 02:00:00,5.235702453209803
2011-09-20 03:00:00,3.90986273368071
2011-09-20 04:00:00,5.6030841549671955
2011-09-20 05:00:00,26.46781622557264
2011-09-20 06:00:00,109.44140609284781
2011-09-20 07:00:00,299.52086986364617
2011-09-20 08:00:00,196.72314354634543
2011-09-20 09:00:00,87.07350028407076
2011-09-20 10:00:00,67.42902416832669
2011-09-20 11:00:00,66.62461972762046
2011-09-20 12:00:00,85.50554555457417
2011-09-20 13:00:00,81.28240160087162
2011-09-20 14:00:00,110.80932961959898
2011-09-20 15:00:00,174.89591030772357
2011-09-20 16:00:00,217.01685819933638
2011-09-20 17:00:00,485.9906902661133
2011-09-20 18:00:00,476.9222981249771
2011-09-20 19:00:00,300.78530607314815
2011-09-20 20:00:00,174.6536312630439
2011-09-20 21:00:00,135.92236524243032
2011-09-20 22:00:00,101.92381265289461
2011-09-20 23:00:00,62.149426974685305
2011-09-21 00:00:00,19.316213375705797
2011-09-21 01:00:00,10.004644210357718
2011-09-21 02:00:00,5.2914209044341804
2011-09-21 03:00:00,3.3825657403538494
2011-09-21 04:00:00,3.2750650953315184
2011-09-21 05:00:00,14.128421721711204
2011-09-21 06:00:00,58.782287841621184
2011-09-21 07:00:00,160.5020015381475
2011-09-21 08:00:00,252.3854785631197
2011-09-21 09:00:00,109.21980454697193
2011-09-21 10:00:00,83.47278909341993
2011-09-21 11:00:00,110.49601734735626
2011-09-21 12:00:00,159.0096462208374
2011-09-21 13:00:00,156.72874798427588
2011-09-21 14:00:00,156.49251802941257
2011-09-21 15:00:00,168.46945504910252
2011-09-21 16:00:00,262.9545376142146
2011-09-21 17:00:00,359.01096056648873
2011-09-21 18:00:00,230.77550483939888
2011-09-21 19:00:00,121.45070675739971
2011-09-21 20:00:00,82.05975249546088
2011-09-21 21:00:00,93.01706190965702
2011-09-21 22:00:00,88.03670904055664
2011-09-21 23:00:00,72.57923086845544
2011-09-22 00:00:00,30.78469956853545
2011-09-22 01:00:00,9.554736028631961
2011-09-22 02:00:00,5.355576788358553
2011-09-22 03:00:00,3.7501054322225524
2011-09-22 04:00:00,4.299701481307707
2011-09-22 05:00:00,22.21040540158269
2011-09-22 06:00:00,74.53410245813647
2011-09-22 07:00:00,194.11698950239781
2011-09-22 08:00:00,297.69779854349827
2011-09-22 09:00:00,156.34726657384923
2011-09-22 10:00:00,92.56222669843423
2011-09-22 11:00:00,99.09248891235968
2011-09-22 12:00:00,138.14359330631743
2011-09-22 13:00:00,121.8835106740644
2011-09-22 14:00:00,110.06638201195646
2011-09-22 15:00:00,156.40209420018323
2011-09-22 16:00:00,268.83517074849357
2011-09-22 17:00:00,473.3919413114358
2011-09-22 18:00:00,361.58014142539184
2011-09-22 19:00:00,249.91278174877135
2011-09-22 20:00:00,151.09827593082525
2011-09-22 21:00:00,153.75237442743733
2011-09-22 22:00:00,75.36712064992058
2011-09-22 23:00:00,62.66642275161921
2011-09-23 00:00:00,39.217147029066105
2011-09-23 01:00:00,16.29722397151123
2011-09-23 02:00:00,8.948146714554731
2011-09-23 03:00:00,5.409031521601619
2011-09-23 04:00:00,4.098461282284975
2011-09-23 05:00:00,26.81919911024355
2011-09-23 06:00:00,106.75422656346456
2011-09-23 07:00:00,163.72620741367805
2011-09-23 08:00:00,259.97315822186533
2011-09-23 09:00:00,98.98513875972812
2011-09-23 10:00:00,52.267591168709565
2011-09-23 11:00:00,55.12355213637914
2011-09-23 12:00:00,88.74928362421868
2011-09-23 13:00:00,60.681383378791466
2011-09-23 14:00:00,53.58872198931229
2011-09-23 15:00:00,87.07477138044453
2011-09-23 16:00:00,118.01650954439249
2011-09-23 17:00:00,202.40964017834463
2011-09-23 18:00:00,237.1087020775738
2011-09-23 19:00:00,235.9832138157548
2011-09-23 20:00:00,190.566517619395
2011-09-23 21:00:00,134.4015619241046
2011-09-23 22:00:00,152.99815302745785
2011-09-23 23:00:00,73.99688144162117
2011-09-24 00:00:00,106.34939408533693
2011-09-24 01:00:00,76.72850894901615
2011-09-24 02:00:00,56.476112448338895
2011-09-24 03:00:00,28.243451002875545
2011-09-24 04:00:00,10.44311907979116
2011-09-24 05:00:00,9.011953547843218
2011-09-24 06:00:00,19.699297736689072
2011-09-24 07:00:00,64.818206542981315
2011-09-24 08:00:00,135.27974418375896
2011-09-24 09:00:00,231.15260198285338
2011-09-24 10:00:00,274.3127051170075
2011-09-24 11:00:00,340.1711414829501
2011-09-24 12:00:00,347.9871804431022
2011-09-24 13:00:00,414.4514492573835
2011-09-24 14:00:00,424.3976324777042
2011-09-24 15:00:00,430.6443722405425
2011-09-24 16:00:00,398.76646866795073
2011-09-24 17:00:00,400.7477229563121
2011-09-24 18:00:00,342.2526090085043
2011-09-24 19:00:00,263.7469790496394
2011-09-24 20:00:00,239.5399258052276
2011-09-24 21:00:00,214.29800827518162
2011-09-24 22:00:00,164.72182390303698
2011-09-24 23:00:00,126.17959982164712
2011-09-25 00:00:00,114.63960931072371
2011-09-25 01:00:00,91.78993028940484
2011-09-25 02:00:00,50.14903634281551
2011-09-25 03:00:00,23.19588013785506
2011-09-25 04:00:00,8.641525630178359
2011-09-25 05:00:00,11.838219897114366
2011-09-25 06:00:00,18.111776398907978
2011-09-25 07:00:00,39.77449719089722
2011-09-25 08:00:00,114.73070841214209
2011-09-25 09:00:00,204.9640617071382
2011-09-25 10:00:00,275.2622384993805
2011-09-25 11:00:00,400.34706696094634
2011-09-25 12:00:00,406.7817724101195
2011-09-25 13:00:00,423.947337428896
2011-09-25 14:00:00,398.37006767314335
2011-09-25 15:00:00,389.0237226801958
2011-09-25 16:00:00,455.3954604874093
2011-09-25 17:00:00,362.2074215665396
2011-09-25 18:00:00,325.6825119204504
2011-09-25 19:00:00,233.24923481507187
2011-09-25 20:00:00,197.621108901137
2011-09-25 21:00:00,126.44511201745536
2011-09-25 22:00:00,121.41058038631698
2011-09-25 23:00:00,66.87679301120033
2011-09-26 00:00:00,27.006660833828214
2011-09-26 01:00:00,14.075536367206377
2011-09-26 02:00:00,8.028917269617297
2011-09-26 03:00:00,4.394751494210831
2011-09-26 04:00:00,6.801563728038163
2011-09-26 05:00:00,30.482063901203173
2011-09-26 06:00:00,107.64854455013875
2011-09-26 07:00:00,299.0479815320471
2011-09-26 08:00:00,463.3836349272298
2011-09-26 09:00:00,297.6433563467428
2011-09-26 10:00:00,149.44017708605267
2011-09-26 11:00:00,179.13416159518283
2011-09-26 12:00:00,234.08925396322851
2011-09-26 13:00:00,241.2726326571223
2011-09-26 14:00:00,214.91969137056228
2011-09-26 15:00:00,251.10301227891267
2011-09-26 16:00:00,344.5597995724294
2011-09-26 17:00:00,685.1017032030967
2011-09-26 18:00:00,531.4632279335095
2011-09-26 19:00:00,390.4958685621492
2011-09-26 20:00:00,282.82646359223895
2011-09-26 21:00:00,211.6944701190406
2011-09-26 22:00:00,121.93114873314637
2011-09-26 23:00:00,70.72875739149707
2011-09-27 00:00:00,28.553758466296408
2011-09-27 01:00:00,12.158887517924223
2011-09-27 02:00:00,6.279019471949887
2011-09-27 03:00:00,4.44627437068589
2011-09-27 04:00:00,5.024980172895809
2011-09-27 05:00:00,22.174619032939848
2011-09-27 06:00:00,133.31647722981324
2011-09-27 07:00:00,353.4078693582018
2011-09-27 08:00:00,753.0148853691587
2011-09-27 09:00:00,178.06389190573705
2011-09-27 10:00:00,72.45505894179081
2011-09-27 11:00:00,161.54259149558277
2011-09-27 12:00:00,187.85536568204165
2011-09-27 13:00:00,238.57030495485088
2011-09-27 14:00:00,216.48253044454108
2011-09-27 15:00:00,221.07204457678083
2011-09-27 16:00:00,303.7632273681616
2011-09-27 17:00:00,570.7532706451273
2011-09-27 18:00:00,522.6429553741737
2011-09-27 19:00:00,377.24761500741937
2011-09-27 20:00:00,316.43509007513717
2011-09-27 21:00:00,216.53052881403033
2011-09-27 22:00:00,148.78675737375565
2011-09-27 23:00:00,92.84240516336845
2011-09-28 00:00:00,32.68297780825328
2011-09-28 01:00:00,14.03188611384024
2011-09-28 02:00:00,7.260095568810147
2011-09-28 03:00:00,4.385021866760339
2011-09-28 04:00:00,6.038598569635879
2011-09-28 05:00:00,27.526506540206054
2011-09-28 06:00:00,63.165703366312776
2011-09-28 07:00:00,148.14261562557377
2011-09-28 08:00:00,246.19973310719215
2011-09-28 09:00:00,110.0057700043535
2011-09-28 10:00:00,84.13832455826545
2011-09-28 11:00:00,150.5183945707892
2011-09-28 12:00:00,200.37095658056663
2011-09-28 13:00:00,237.15029279587304
2011-09-28 14:00:00,227.1886983758959
2011-09-28 15:00:00,241.03938015103236
2011-09-28 16:00:00,362.796998385548
2011-09-28 17:00:00,736.3702304479157
2011-09-28 18:00:00,346.89023683380424
2011-09-28 19:00:00,268.5531143323419
2011-09-28 20:00:00,114.54267767734314
2011-09-28 21:00:00,81.28157935445817
2011-09-28 22:00:00,150.84135192347117
2011-09-28 23:00:00,88.49769001880827
2011-09-29 00:00:00,34.75212437943886
2011-09-29 01:00:00,9.978877708265879
2011-09-29 02:00:00,5.2572216696603125
2011-09-29 03:00:00,4.100916509670926
2011-09-29 04:00:00,5.3798304505873915
2011-09-29 05:00:00,31.523757195864512
2011-09-29 06:00:00,127.16929615466326
2011-09-29 07:00:00,390.92937057137084
2011-09-29 08:00:00,651.2047212347668
2011-09-29 09:00:00,294.92335420599466
2011-09-29 10:00:00,169.86607568143998
2011-09-29 11:00:00,207.90965017847114
2011-09-29 12:00:00,265.5253707029821
2011-09-29 13:00:00,232.6608513844808
2011-09-29 14:00:00,240.13227284984984
2011-09-29 15:00:00,316.3198913816354
2011-09-29 16:00:00,486.62527839061727
2011-09-29 17:00:00,795.5873734012893
2011-09-29 18:00:00,784.5680604240349
2011-09-29 19:00:00,534.6347199827671
2011-09-29 20:00:00,417.3533650337824
2011-09-29 21:00:00,291.16009187790377
2011-09-29 22:00:00,226.29013108326896
2011-09-29 23:00:00,145.92984239814024
2011-09-30 00:00:00,67.20258254236433
2011-09-30 01:00:00,36.953288980295575
2011-09-30 02:00:00,16.119716127753115
2011-09-30 03:00:00,8.932619657633866
2011-09-30 04:00:00,8.573254058263373
2011-09-30 05:00:00,39.98899834380663
2011-09-30 06:00:00,151.25544626930045
2011-09-30 07:00:00,421.8076934099256
2011-09-30 08:00:00,759.1996981086576
2011-09-30 09:00:00,385.4637882116745
2011-09-30 10:00:00,211.60065519859555
2011-09-30 11:00:00,248.77605069244288
2011-09-30 12:00:00,290.59519750067886
2011-09-30 13:00:00,324.15821094852225
2011-09-30 14:00:00,287.11530912668917
2011-09-30 15:00:00,315.60861935917
2011-09-30 16:00:00,417.56711530140535
2011-09-30 17:00:00,665.3236651283559
2011-09-30 18:00:00,606.9776492513237
2011-09-30 19:00:00,427.50851641157016
2011-09-30 20:00:00,326.16349206444
2011-09-30 21:00:00,244.60915753163394
2011-09-30 22:00:00,200.6300337335875
2011-09-30 23:00:00,164.44134605355922
2011-10-20 00:00:00,31.504693458075398
2011-10-20 01:00:00,13.788512080313804
2011-10-20 02:00:00,7.091182134531272
2011-10-20 03:00:00,5.05930450039169
2011-10-20 04:00:00,6.212627644975102
2011-10-20 05:00:00,31.072993802736114
2011-10-20 06:00:00,160.21833191080606
2011-10-20 07:00:00,443.1414213015537
2011-10-20 08:00:00,603.9477613559723
2011-10-20 09:00:00,288.4932053583599
2011-10-20 10:00:00,176.31093654620383
2011-10-20 11:00:00,181.11136645976734
2011-10-20 12:00:00,262.95325964125414
2011-10-20 13:00:00,227.0050829379375
2011-10-20 14:00:00,207.8906876659652
2011-10-20 15:00:00,224.94554461620825
2011-10-20 16:00:00,339.75726336022007
2011-10-20 17:00:00,693.0526949729885
2011-10-20 18:00:00,551.5749956800727
2011-10-20 19:00:00,431.227988578199
2011-10-20 20:00:00,282.65450617664135
2011-10-20 21:00:00,214.58524513974308
2011-10-20 22:00:00,179.2250982512776
2011-10-20 23:00:00,113.49441906946232
2011-10-21 00:00:00,51.19276728951001
2011-10-21 01:00:00,24.809032729279885
2011-10-21 02:00:00,11.784682963640163
2011-10-21 03:00:00,7.02716450638159
2011-10-21 04:00:00,7.102411135018283
2011-10-21 05:00:00,30.4413855905759
2011-10-21 06:00:00,136.8291261095324
2011-10-21 07:00:00,374.77880878781804
2011-10-21 08:00:00,534.0352444063401
2011-10-21 09:00:00,290.186061201015
2011-10-21 10:00:00,195.62081138389092
2011-10-21 11:00:00,249.76187849782576
2011-10-21 12:00:00,280.17024116615767
2011-10-21 13:00:00,249.96117885619412
2011-10-21 14:00:00,264.2651395935651
2011-10-21 15:00:00,254.31651481501922
2011-10-21 16:00:00,371.5805302777256
2011-10-21 17:00:00,565.0711742254131
2011-10-21 18:00:00,517.3521350563265
2011-10-21 19:00:00,380.3159986942937
2011-10-21 20:00:00,242.5175272856034
2011-10-21 21:00:00,198.52882134296576
2011-10-21 22:00:00,184.03877760562403
2011-10-21 23:00:00,138.7044259853645
2011-10-22 00:00:00,104.83583092102594
2011-10-22 01:00:00,80.6130521153753
2011-10-22 02:00:00,48.274139235079225
2011-10-22 03:00:00,24.32710494499584
2011-10-22 04:00:00,8.955360416345913
2011-10-22 05:00:00,9.483287246881124
2011-10-22 06:00:00,24.89102343483988
2011-10-22 07:00:00,54.13591350615887
2011-10-22 08:00:00,130.02446565380254
2011-10-22 09:00:00,206.81561942583335
2011-10-22 10:00:00,275.5866338253247
2011-10-22 11:00:00,342.81213067651396
2011-10-22 12:00:00,483.22531129683716
2011-10-22 13:00:00,465.6609841742452
2011-10-22 14:00:00,448.86667038780445
2011-10-22 15:00:00,443.95144707818224
2011-10-22 16:00:00,470.1177942118297
2011-10-22 17:00:00,389.30600197037904
2011-10-22 18:00:00,328.25492291663664
2011-10-22 19:00:00,228.61516583284964
2011-10-22 20:00:00,183.29729280792012
2011-10-22 21:00:00,137.04043175900796
2011-10-22 22:00:00,123.88063293636044
2011-10-22 23:00:00,97.77242449869776
2011-10-23 00:00:00,93.32797085550132
2011-10-23 01:00:00,70.53580827585958
2011-10-23 02:00:00,54.45408831174719
2011-10-23 03:00:00,23.936093293915107
2011-10-23 04:00:00,8.448576033421894
2011-10-23 05:00:00,7.75555772942121
2011-10-23 06:00:00,14.796393730954692
2011-10-23 07:00:00,35.911888611181
2011-10-23 08:00:00,91.35783574219526
2011-10-23 09:00:00,143.28252930672414
2011-10-23 10:00:00,261.4141928808642
2011-10-23 11:00:00,383.02005078252756
2011-10-23 12:00:00,405.19806407721956
2011-10-23 13:00:00,461.3448420175459
2011-10-23 14:00:00,442.52487996132453
2011-10-23 15:00:00,478.23648167847267
2011-10-23 16:00:00,456.7710087043296
2011-10-23 17:00:00,329.1581697120154
2011-10-23 18:00:00,292.50188111675186
2011-10-23 19:00:00,198.83101210548494
2011-10-23 20:00:00,156.4029023427182
2011-10-23 21:00:00,133.6156064589442
2011-10-23 22:00:00,91.84401635311966
2011-10-23 23:00:00,65.26608825608344
2011-10-24 00:00:00,34.294695508251195
2011-10-24 01:00:00,12.375069867495483
2011-10-24 02:00:00,6.811315919431462
2011-10-24 03:00:00,4.601094048638079
2011-10-24 04:00:00,6.53454764175065
2011-10-24 05:00:00,27.738158417638
2011-10-24 06:00:00,125.09164029132877
2011-10-24 07:00:00,300.766328929742
2011-10-24 08:00:00,523.2870860142206
2011-10-24 09:00:00,277.17904317772513
2011-10-24 10:00:00,142.62306512015869
2011-10-24 11:00:00,185.64369990660887
2011-10-24 12:00:00,246.37191110594088
2011-10-24 13:00:00,238.8140427268723
2011-10-24 14:00:00,211.2062231979996
2011-10-24 15:00:00,233.29506067777717
2011-10-24 16:00:00,358.9490955304118
2011-10-24 17:00:00,616.321903194133
2011-10-24 18:00:00,621.6418651413853
2011-10-24 19:00:00,365.8356817972889
2011-10-24 20:00:00,261.74040663300815
2011-10-24 21:00:00,189.66029919366602
2011-10-24 22:00:00,147.7437354697945
2011-10-24 23:00:00,89.84811633691824
2011-10-25 00:00:00,34.688789999911485
2011-10-25 01:00:00,14.922925984582092
2011-10-25 02:00:00,6.1872023100198845
2011-10-25 03:00:00,3.6356035345070925
2011-10-25 04:00:00,6.012656660424085
2011-10-25 05:00:00,29.6705308079517
2011-10-25 06:00:00,142.43863373029205
2011-10-25 07:00:00,350.7881136802416
2011-10-25 08:00:00,606.4891996016997
2011-10-25 09:00:00,273.5946612500684
2011-10-25 10:00:00,149.9275394339222
2011-10-25 11:00:00,185.29250666056168
2011-10-25 12:00:00,287.1467211771616
2011-10-25 13:00:00,283.71237180369616
2011-10-25 14:00:00,237.53066301389265
2011-10-25 15:00:00,287.88027146816165
2011-10-25 16:00:00,434.607292660328
2011-10-25 17:00:00,842.8655379362199
2011-10-25 18:00:00,751.9536410988408
2011-10-25 19:00:00,433.75613138059407
2011-10-25 20:00:00,325.3348973513074
2011-10-25 21:00:00,226.41963456082522
2011-10-25 22:00:00,164.73245374523978
2011-10-25 23:00:00,99.6506190000312
2011-10-26 00:00:00,41.07227753250224
2011-10-26 01:00:00,16.653804509995513
2011-10-26 02:00:00,7.638026133532728
2011-10-26 03:00:00,4.9108966054230025
2011-10-26 04:00:00,6.347838860366306
2011-10-26 05:00:00,34.40190193423072
2011-10-26 06:00:00,153.18134201169602
2011-10-26 07:00:00,412.2508324657588
2011-10-26 08:00:00,579.6689565574762
2011-10-26 09:00:00,279.2530141190713
2011-10-26 10:00:00,171.25284988276763
2011-10-26 11:00:00,183.38359034310554
2011-10-26 12:00:00,211.60337032598673
2011-10-26 13:00:00,185.6734291421459
2011-10-26 14:00:00,170.1619538520282
2011-10-26 15:00:00,184.47636601478357
2011-10-26 16:00:00,281.18132834462284
2011-10-26 17:00:00,550.1197017454209
2011-10-26 18:00:00,528.4503592777071
2011-10-26 19:00:00,316.3672604836019
2011-10-26 20:00:00,205.0696062382444
2011-10-26 21:00:00,206.570857410134
2011-10-26 22:00:00,109.9771168743386
2011-10-26 23:00:00,71.41696619840465
2011-10-27 00:00:00,39.9562770340672
2011-10-27 01:00:00,16.949232822361285
2011-10-27 02:00:00,6.379026527025771
2011-10-27 03:00:00,3.7276036825143404
2011-10-27 04:00:00,4.77322472436318
2011-10-27 05:00:00,22.797097515879873
2011-10-27 06:00:00,92.36472383062102
2011-10-27 07:00:00,324.980321533876
2011-10-27 08:00:00,336.6721270833766
2011-10-27 09:00:00,266.22599868221226
2011-10-27 10:00:00,80.69607034546148
2011-10-27 11:00:00,94.0109581124201
2011-10-27 12:00:00,110.72869635003994
2011-10-27 13:00:00,151.03169338358924
2011-10-27 14:00:00,156.58415834987838
2011-10-27 15:00:00,176.53687184738695
2011-10-27 16:00:00,339.6401766696573
2011-10-27 17:00:00,580.1318468122231
2011-10-27 18:00:00,570.0874521331747
2011-10-27 19:00:00,375.5000213185206
2011-10-27 20:00:00,280.8105915446682
2011-10-27 21:00:00,202.15065443985478
2011-10-27 22:00:00,143.76679079095598
2011-10-27 23:00:00,107.26040764818873
2011-10-28 00:00:00,54.941763156444495
2011-10-28 01:00:00,25.772773606236417
2011-10-28 02:00:00,12.066351117025654
2011-10-28 03:00:00,6.737663402413615
2011-10-28 04:00:00,6.881753746815669
2011-10-28 05:00:00,32.93660997132696
2011-10-28 06:00:00,134.7095210114786
2011-10-28 07:00:00,383.92862059709057
2011-10-28 08:00:00,603.2915325121031
2011-10-28 09:00:00,372.3717537160201
2011-10-28 10:00:00,205.80525625307877
2011-10-28 11:00:00,248.29142245611158
2011-10-28 12:00:00,342.00543366191573
2011-10-28 13:00:00,306.08150435335466
2011-10-28 14:00:00,255.10417888968456
2011-10-28 15:00:00,267.8933369990139
2011-10-28 16:00:00,392.56458674920685
2011-10-28 17:00:00,568.0996248147138
2011-10-28 18:00:00,527.0804022799541
2011-10-28 19:00:00,364.92024339545173
2011-10-28 20:00:00,143.74579326188604
2011-10-28 21:00:00,104.31847601317261
2011-10-28 22:00:00,84.54591244872834
2011-10-28 23:00:00,58.65846326138373
2011-10-29 00:00:00,53.48556723630418
2011-10-29 01:00:00,46.469675807458316
2011-10-29 02:00:00,32.1239760645222
2011-10-29 03:00:00,15.305331727945068
2011-10-29 04:00:00,5.43571517487613
2011-10-29 05:00:00,3.9499971293745513
2011-10-29 06:00:00,8.651748906879249
2011-10-29 07:00:00,18.68070743948096
2011-10-29 08:00:00,52.69243907713482
2011-10-29 09:00:00,77.24072894034246
2011-10-29 10:00:00,96.67887989659224
2011-10-29 11:00:00,111.67977405146924
2011-10-29 12:00:00,104.98184717574944
2011-10-29 13:00:00,99.71029472298507
2011-10-29 14:00:00,102.22310880895488
2011-10-29 15:00:00,112.15041821249152
2011-10-29 16:00:00,91.2784961743073
2011-10-29 17:00:00,82.05069303220893
2011-10-29 18:00:00,67.61923386092332
2011-10-29 19:00:00,102.13022072400184
2011-10-29 20:00:00,82.88246639895522
2011-10-29 21:00:00,66.20415445172661
2011-10-29 22:00:00,69.56802277783666
2011-10-29 23:00:00,59.95434325521719
2011-10-30 00:00:00,57.98289818138682
2011-10-30 01:00:00,43.39877329118311
2011-10-30 02:00:00,28.90518562337956
2011-10-30 03:00:00,20.039018314200245
2011-10-30 04:00:00,4.842805059230492
2011-10-30 05:00:00,5.279005160818661
2011-10-30 06:00:00,11.358838064086775
2011-10-30 07:00:00,23.162157690971135
2011-10-30 08:00:00,63.69225367244533
2011-10-30 09:00:00,126.42012807975222
2011-10-30 10:00:00,238.05632636276624
2011-10-30 11:00:00,324.3052328761192
2011-10-30 12:00:00,401.27116245037746
2011-10-30 13:00:00,416.4416000464543
2011-10-30 14:00:00,428.67710874508913
2011-10-30 15:00:00,412.0342934836493
2011-10-30 16:00:00,366.48744114471117
2011-10-30 17:00:00,286.3246124526464
2011-10-30 18:00:00,262.82176225648016
2011-10-30 19:00:00,288.68460795213406
2011-10-30 20:00:00,139.83809218917952
2011-10-30 21:00:00,107.14641327298234
2011-10-30 22:00:00,65.67454043293719
2011-10-30 23:00:00,35.540893420360725
2011-10-31 00:00:00,17.181013973546467
2011-10-31 01:00:00,8.944300257422984
2011-10-31 02:00:00,4.302275766995777
2011-10-31 03:00:00,3.628151299935254
2011-10-31 04:00:00,4.394230643230676
2011-10-31 05:00:00,15.98559137258659
2011-10-31 06:00:00,83.4646773092576
2011-10-31 07:00:00,208.11719562157165
2011-10-31 08:00:00,456.812805434662
2011-10-31 09:00:00,230.44421955050115
2011-10-31 10:00:00,169.6934550988951
2011-10-31 11:00:00,213.34957968660953
2011-10-31 12:00:00,278.27798287279046
2011-10-31 13:00:00,258.8164069500234
2011-10-31 14:00:00,209.19785902394182
2011-10-31 15:00:00,239.02365562702443
2011-10-31 16:00:00,322.34744893672865
2011-10-31 17:00:00,581.7638273686084
2011-10-31 18:00:00,499.5154646240154
2011-10-31 19:00:00,352.59537480297746
2011-10-31 20:00:00,238.39425732292153
2011-10-31 21:00:00,157.56219853945828
2011-10-31 22:00:00,110.46360745495964
2011-10-31 23:00:00,62.70365143209403
2011-11-20 00:00:00,97.6828564854613
2011-11-20 01:00:00,70.72846803821076
2011-11-20 02:00:00,49.50129689122351
2011-11-20 03:00:00,21.654779173320208
2011-11-20 04:00:00,8.080698049070783
2011-11-20 05:00:00,7.9591212303314185
2011-11-20 06:00:00,15.627816411881696
2011-11-20 07:00:00,50.01149631750828
2011-11-20 08:00:00,94.53848029760786
2011-11-20 09:00:00,211.93067293449826
2011-11-20 10:00:00,295.3912661438549
2011-11-20 11:00:00,356.70414792044784
2011-11-20 12:00:00,426.3822874029764
2011-11-20 13:00:00,478.64633976413097
2011-11-20 14:00:00,450.25771511438444
2011-11-20 15:00:00,441.39498552531825
2011-11-20 16:00:00,436.27809146783756
2011-11-20 17:00:00,360.1139331125116
2011-11-20 18:00:00,347.2152503362414
2011-11-20 19:00:00,239.02570448649502
2011-11-20 20:00:00,208.7944300881363
2011-11-20 21:00:00,124.62510481608506
2011-11-20 22:00:00,67.78474028214517
2011-11-20 23:00:00,50.27991175886956
2011-11-21 00:00:00,26.151259700107715
2011-11-21 01:00:00,10.357772516515597
2011-11-21 02:00:00,5.287068169531829
2011-11-21 03:00:00,3.340943224977608
2011-11-21 04:00:00,4.691044378785256
2011-11-21 05:00:00,19.214498612596707
2011-11-21 06:00:00,77.85510811512229
2011-11-21 07:00:00,307.43483346266635
2011-11-21 08:00:00,463.9669029379891
2011-11-21 09:00:00,216.50750949410343
2011-11-21 10:00:00,127.18210894537717
2011-11-21 11:00:00,143.11066106039954
2011-11-21 12:00:00,202.44507158516757
2011-11-21 13:00:00,183.23161654315285
2011-11-21 14:00:00,151.04628931237966
2011-11-21 15:00:00,92.1068441128837
2011-11-21 16:00:00,137.821364589555
2011-11-21 17:00:00,285.54931625104973
2011-11-21 18:00:00,337.1886475134125
2011-11-21 19:00:00,239.15961869719817
2011-11-21 20:00:00,162.49525478504202
2011-11-21 21:00:00,124.46156964076755
2011-11-21 22:00:00,90.32250537348088
2011-11-21 23:00:00,53.888104097979415
2011-11-22 00:00:00,15.506376108299525
2011-11-22 01:00:00,6.969155314777885
2011-11-22 02:00:00,3.280764972748165
2011-11-22 03:00:00,2.3479990885762154
2011-11-22 04:00:00,4.03325714954287
2011-11-22 05:00:00,16.890314228212926
2011-11-22 06:00:00,103.06386090675836
2011-11-22 07:00:00,155.67217459551003
2011-11-22 08:00:00,256.46257384971375
2011-11-22 09:00:00,111.13628570372124
2011-11-22 10:00:00,54.735178251873165
2011-11-22 11:00:00,60.19574477148627
2011-11-22 12:00:00,47.49386013369936
2011-11-22 13:00:00,44.668998690145564
2011-11-22 14:00:00,39.7923525378105
2011-11-22 15:00:00,61.23797033783009
2011-11-22 16:00:00,91.40625663784026
2011-11-22 17:00:00,162.65901609252347
2011-11-22 18:00:00,148.98978906888013
2011-11-22 19:00:00,172.84000481357026
2011-11-22 20:00:00,128.46548854546106
2011-11-22 21:00:00,91.64102821148957
2011-11-22 22:00:00,87.92726580960755
2011-11-22 23:00:00,54.32949064407038
2011-11-23 00:00:00,22.914985464804793
2011-11-23 01:00:00,8.712380177509145
2011-11-23 02:00:00,2.435740555130979
2011-11-23 03:00:00,1.792088662401676
2011-11-23 04:00:00,2.9771678780642477
2011-11-23 05:00:00,18.98232201937161
2011-11-23 06:00:00,62.16960962762906
2011-11-23 07:00:00,188.9912807926287
2011-11-23 08:00:00,386.2110773971382
2011-11-23 09:00:00,168.92230470441456
2011-11-23 10:00:00,77.23266906114952
2011-11-23 11:00:00,134.22159157593117
2011-11-23 12:00:00,196.71695954000776
2011-11-23 13:00:00,201.95801383496746
2011-11-23 14:00:00,175.2013014352461
2011-11-23 15:00:00,203.91503629160383
2011-11-23 16:00:00,254.03158155082403
2011-11-23 17:00:00,308.28332567765926
2011-11-23 18:00:00,455.814475360189
2011-11-23 19:00:00,352.23316502250645
2011-11-23 20:00:00,257.87539896104397
2011-11-23 21:00:00,164.96786620467205
2011-11-23 22:00:00,120.6832461541315
2011-11-23 23:00:00,90.13785494247105
2011-11-24 00:00:00,57.85247587558595
2011-11-24 01:00:00,31.552889588254384
2011-11-24 02:00:00,21.014302819583204
2011-11-24 03:00:00,10.891576258644966
2011-11-24 04:00:00,8.277791438794807
2011-11-24 05:00:00,14.120331979024911
2011-11-24 06:00:00,46.817403538826454
2011-11-24 07:00:00,117.91338233685873
2011-11-24 08:00:00,308.7293668095609
2011-11-24 09:00:00,329.1407838243706
2011-11-24 10:00:00,307.2500456953524
2011-11-24 11:00:00,332.22157826149424
2011-11-24 12:00:00,499.6185006652145
2011-11-24 13:00:00,416.1342710999536
2011-11-24 14:00:00,387.59619676724685
2011-11-24 15:00:00,412.38657868373315
2011-11-24 16:00:00,407.8980794146029
2011-11-24 17:00:00,483.7251333993828
2011-11-24 18:00:00,442.5508132001568
2011-11-24 19:00:00,369.349303276975
2011-11-24 20:00:00,262.6880086973096
2011-11-24 21:00:00,228.95524707496824
2011-11-24 22:00:00,193.45743801155498
2011-11-24 23:00:00,120.02782968449573
2011-11-25 00:00:00,44.50702521367079
2011-11-25 01:00:00,19.769413553232436
2011-11-25 02:00:00,10.25291095986506
2011-11-25 03:00:00,6.673709977345772
2011-11-25 04:00:00,6.862559734226444
2011-11-25 05:00:00,29.322340380276376
2011-11-25 06:00:00,105.46437015346028
2011-11-25 07:00:00,285.76832763691664
2011-11-25 08:00:00,573.5631242083576
2011-11-25 09:00:00,259.217935383093
2011-11-25 10:00:00,145.42636017855898
2011-11-25 11:00:00,166.7521799567298
2011-11-25 12:00:00,247.62984080551988
2011-11-25 13:00:00,211.57699573761232
2011-11-25 14:00:00,221.4084497242604
2011-11-25 15:00:00,244.7962126223896
2011-11-25 16:00:00,342.1982654056246
2011-11-25 17:00:00,493.6684578839545
2011-11-25 18:00:00,499.21976114175465
2011-11-25 19:00:00,276.19105007281536
2011-11-25 20:00:00,209.79224788633138
2011-11-25 21:00:00,146.4220112285622
2011-11-25 22:00:00,135.6825588363285
2011-11-25 23:00:00,103.9017056803847
2011-11-26 00:00:00,92.24757010307836
2011-11-26 01:00:00,71.36787739032027
2011-11-26 02:00:00,50.765770342670415
2011-11-26 03:00:00,22.680871751455918
2011-11-26 04:00:00,8.260050413178995
2011-11-26 05:00:00,8.84872271606512
2011-11-26 06:00:00,22.181821766355906
2011-11-26 07:00:00,48.25944873686403
2011-11-26 08:00:00,145.12952332733852
2011-11-26 09:00:00,225.36265240059842
2011-11-26 10:00:00,256.1999239628654
2011-11-26 11:00:00,365.0896483450446
2011-11-26 12:00:00,399.18320633619794
2011-11-26 13:00:00,471.6521657622365
2011-11-26 14:00:00,439.05451683850777
2011-11-26 15:00:00,450.4932352301362
2011-11-26 16:00:00,417.05913239839424
2011-11-26 17:00:00,348.49241600985556
2011-11-26 18:00:00,267.2056191151821
2011-11-26 19:00:00,204.3284894575616
2011-11-26 20:00:00,169.68053634325548
2011-11-26 21:00:00,119.91018319701355
2011-11-26 22:00:00,113.9732386074503
2011-11-26 23:00:00,98.68669729296779
2011-11-27 00:00:00,90.3657165512755
2011-11-27 01:00:00,71.54181418210972
2011-11-27 02:00:00,55.43870710082532
2011-11-27 03:00:00,23.100611716184982
2011-11-27 04:00:00,9.369295922911077
2011-11-27 05:00:00,9.462868068575208
2011-11-27 06:00:00,19.061041125014977
2011-11-27 07:00:00,50.785720727688535
2011-11-27 08:00:00,97.20091430423136
2011-11-27 09:00:00,216.358865795942
2011-11-27 10:00:00,297.95967219616455
2011-11-27 11:00:00,327.564890416962
2011-11-27 12:00:00,503.3569564573672
2011-11-27 13:00:00,492.52665557793756
2011-11-27 14:00:00,462.89922536484295
2011-11-27 15:00:00,537.8914266595863
2011-11-27 16:00:00,448.55464178762224
2011-11-27 17:00:00,380.65929717808217
2011-11-27 18:00:00,280.6456535731821
2011-11-27 19:00:00,209.89572168796386
2011-11-27 20:00:00,181.38996810136388
2011-11-27 21:00:00,124.19567937725967
2011-11-27 22:00:00,101.31365437316656
2011-11-27 23:00:00,75.50442640208824
2011-11-28 00:00:00,37.403009502886114
2011-11-28 01:00:00,15.426654691496928
2011-11-28 03:00:00,4.4147161904225936
2011-11-28 04:00:00,7.119809127413762
2011-11-28 05:00:00,29.953557811643716
2011-11-28 06:00:00,116.02729892491483
2011-11-28 07:00:00,370.6621612811312
2011-11-28 08:00:00,477.07548791348154
2011-11-28 09:00:00,259.05333872443805
2011-11-28 10:00:00,157.27229551208237
2011-11-28 11:00:00,176.49579318967756
2011-11-28 12:00:00,220.18693652146004
2011-11-28 13:00:00,195.51501777537774
2011-11-28 14:00:00,169.91571857857653
2011-11-28 15:00:00,209.8306604493733
2011-11-28 16:00:00,287.428106397936
2011-11-28 17:00:00,549.0350189354233
2011-11-28 18:00:00,539.2257070999623
2011-11-28 19:00:00,378.8830492801252
2011-11-28 20:00:00,272.7192922742973
2011-11-28 21:00:00,190.86443844128746
2011-11-28 22:00:00,113.65620241770776
2011-11-28 23:00:00,64.4685372369627
2011-11-29 00:00:00,26.379642403156318
2011-11-29 01:00:00,11.579834589234652
2011-11-29 02:00:00,4.6833232901049024
2011-11-29 03:00:00,3.214606668610548
2011-11-29 04:00:00,4.623102284355662
2011-11-29 05:00:00,19.01006810284573
2011-11-29 06:00:00,98.33325465911528
2011-11-29 07:00:00,338.13867706863124
2011-11-29 08:00:00,500.8873236971518
2011-11-29 09:00:00,145.15955731605254
2011-11-29 10:00:00,94.72605038629467
2011-11-29 11:00:00,51.193642618437984
2011-11-29 12:00:00,87.65542033965025
2011-11-29 13:00:00,105.56582111015558
2011-11-29 14:00:00,58.63264947055307
2011-11-29 15:00:00,68.44923489952292
2011-11-29 16:00:00,108.1170777048247
2011-11-29 17:00:00,318.67423445563895
2011-11-29 18:00:00,348.5279340552166
2011-11-29 19:00:00,246.6169866420314
2011-11-29 20:00:00,183.093400764307
2011-11-29 21:00:00,130.8359860652388
2011-11-29 22:00:00,92.8034822042552
2011-11-29 23:00:00,70.17667584686451
2011-11-30 00:00:00,37.28513351939433
2011-11-30 01:00:00,14.369522455321142
2011-11-30 02:00:00,6.7100717094402835
2011-11-30 03:00:00,4.913727975563141
2011-11-30 04:00:00,6.051366628996054
2011-11-30 05:00:00,29.167285139509257
2011-11-30 06:00:00,98.8432573812517
2011-11-30 07:00:00,373.22409325389964
2011-11-30 08:00:00,669.9956738689646
2011-11-30 09:00:00,270.83001960602473
2011-11-30 10:00:00,137.0432075518965
2011-11-30 11:00:00,191.0029358020857
2011-11-30 12:00:00,235.33749128707876
2011-11-30 13:00:00,253.3171462387479
2011-11-30 14:00:00,231.36159053017082
2011-11-30 15:00:00,208.97716750730726
2011-11-30 16:00:00,309.87737245940787
2011-11-30 17:00:00,597.5329511388779
2011-11-30 18:00:00,500.83609554912874
2011-11-30 19:00:00,377.44884834555035
2011-11-30 20:00:00,264.87887941985457
2011-11-30 21:00:00,174.02802170409473
2011-11-30 22:00:00,134.29922017393594
2011-11-30 23:00:00,77.67120816767132
2011-12-20 00:00:00,35.30767219337211
2011-12-20 01:00:00,15.090888514040037
2011-12-20 02:00:00,6.561258020792474
2011-12-20 03:00:00,4.643026523851423
2011-12-20 04:00:00,7.393338045918086
2011-12-20 05:00:00,35.78433005864807
2011-12-20 06:00:00,157.63905408664098
2011-12-20 07:00:00,421.7563385774672
2011-12-20 08:00:00,711.2076339763652
2011-12-20 09:00:00,256.2547194417762
2011-12-20 10:00:00,150.20275901362479
2011-12-20 11:00:00,169.34050989715814
2011-12-20 12:00:00,239.2750392457823
2011-12-20 13:00:00,230.72956272646744
2011-12-20 14:00:00,191.91757846241592
2011-12-20 15:00:00,213.00246460218634
2011-12-20 16:00:00,326.47891068959336
2011-12-20 17:00:00,572.778735691897
2011-12-20 18:00:00,469.1074345975107
2011-12-20 19:00:00,342.68127148223294
2011-12-20 20:00:00,235.68772211964986
2011-12-20 21:00:00,171.7505330438138
2011-12-20 22:00:00,127.69452364492902
2011-12-20 23:00:00,92.69845573522204
2011-12-21 00:00:00,17.849202818606535
2011-12-21 01:00:00,7.541292161835963
2011-12-21 02:00:00,4.188905709803886
2011-12-21 03:00:00,2.8968654072673004
2011-12-21 04:00:00,2.785115379760746
2011-12-21 05:00:00,13.608343677448536
2011-12-21 06:00:00,60.46859753829201
2011-12-21 07:00:00,180.52921367477066
2011-12-21 08:00:00,154.57834220466614
2011-12-21 09:00:00,141.46411671564718
2011-12-21 10:00:00,70.0133896371388
2011-12-21 11:00:00,66.86719356801257
2011-12-21 12:00:00,35.61321973597877
2011-12-21 13:00:00,32.13206332643668
2011-12-21 14:00:00,58.95720379940626
2011-12-21 15:00:00,62.70154817836721
2011-12-21 16:00:00,28.324701543192962
2011-12-21 17:00:00,58.36528869576136
2011-12-21 18:00:00,106.98196325956212
2011-12-21 19:00:00,136.7102193513155
2011-12-21 20:00:00,91.25438797747807
2011-12-21 21:00:00,106.51682643802845
2011-12-21 22:00:00,86.8123652220647
2011-12-21 23:00:00,57.6634347781933
2011-12-22 00:00:00,27.187604853440106
2011-12-22 01:00:00,13.037454097228993
2011-12-22 02:00:00,8.823952319945485
2011-12-22 03:00:00,3.89627420993644
2011-12-22 04:00:00,3.4063052783767698
2011-12-22 05:00:00,16.37738143458166
2011-12-22 06:00:00,83.9164762114929
2011-12-22 07:00:00,188.75656121262344
2011-12-22 08:00:00,387.2158468211446
2011-12-22 09:00:00,214.11861350950545
2011-12-22 10:00:00,104.90217988527772
2011-12-22 11:00:00,120.73243879545086
2011-12-22 12:00:00,163.13697470425248
2011-12-22 13:00:00,127.52173010374999
2011-12-22 14:00:00,114.30712176375495
2011-12-22 15:00:00,149.84150351479394
2011-12-22 16:00:00,179.67273479228612
2011-12-22 17:00:00,341.3166289664595
2011-12-22 18:00:00,375.9659419278906
2011-12-22 19:00:00,260.8807704387845
2011-12-22 20:00:00,118.97846720129226
2011-12-22 21:00:00,95.91098543945151
2011-12-22 22:00:00,52.850951658580904
2011-12-22 23:00:00,40.93741779909758
2011-12-23 00:00:00,23.282724794968413
2011-12-23 01:00:00,10.989377494899925
2011-12-23 02:00:00,6.318000192804673
2011-12-23 03:00:00,3.2968755656194566
2011-12-23 04:00:00,1.7340612380370564
2011-12-23 05:00:00,12.556373066282102
2011-12-23 06:00:00,56.08670347154914
2011-12-23 07:00:00,171.6969659827438
2011-12-23 08:00:00,305.73594708966255
2011-12-23 09:00:00,174.8408006977069
2011-12-23 10:00:00,108.89325844389637
2011-12-23 11:00:00,105.8466759436674
2011-12-23 12:00:00,153.77436847373545
2011-12-23 13:00:00,134.8973114169199
2011-12-23 14:00:00,133.5658887532696
2011-12-23 15:00:00,128.84300346392345
2011-12-23 16:00:00,170.93990686754626
2011-12-23 17:00:00,267.00692846186263
2011-12-23 18:00:00,232.89653489160128
2011-12-23 19:00:00,181.50324938166523
2011-12-23 20:00:00,97.52260392393737
2011-12-23 21:00:00,93.58720026486682
2011-12-23 22:00:00,85.10116678944848
2011-12-23 23:00:00,67.7588319343764
2011-12-24 00:00:00,49.67342864656625
2011-12-24 01:00:00,40.139192281182716
2011-12-24 02:00:00,31.63989218778384
2011-12-24 03:00:00,14.659843959841055
2011-12-24 04:00:00,3.47137231182496
2011-12-24 05:00:00,3.004471900441797
2011-12-24 06:00:00,7.102857843056939
2011-12-24 07:00:00,11.252441207665791
2011-12-24 08:00:00,40.57975028602436
2011-12-24 09:00:00,62.96998293209292
2011-12-24 10:00:00,99.68161189842802
2011-12-24 11:00:00,110.62448384515491
2011-12-24 12:00:00,167.7637432281492
2011-12-24 13:00:00,169.29611102700682
2011-12-24 14:00:00,157.1639521878667
2011-12-24 15:00:00,176.65305696887702
2011-12-24 16:00:00,185.25670843204654
2011-12-24 17:00:00,115.68245054506697
2011-12-24 18:00:00,110.5866214768439
2011-12-24 19:00:00,95.32383154447892
2011-12-24 20:00:00,72.46684399974451
2011-12-24 21:00:00,64.31809305327626
2011-12-24 22:00:00,48.20188242644104
2011-12-24 23:00:00,40.26453048684533
2011-12-25 00:00:00,39.6450068443325
2011-12-25 01:00:00,34.95835617151545
2011-12-25 02:00:00,27.61215446860685
2011-12-25 03:00:00,12.282788426277099
2011-12-25 05:00:00,2.5001851632990304
2011-12-25 06:00:00,4.100638460067865
2011-12-25 07:00:00,9.925025034743971
2011-12-25 08:00:00,21.419209860376487
2011-12-25 09:00:00,65.10184497549075
2011-12-25 10:00:00,79.52837969363325
2011-12-25 11:00:00,153.05947777950922
2011-12-25 12:00:00,127.06058081445431
2011-12-25 13:00:00,141.04129839905278
2011-12-25 14:00:00,141.96727035908938
2011-12-25 15:00:00,173.4832672700468
2011-12-25 16:00:00,189.966143103052
2011-12-25 17:00:00,127.66673218252458
2011-12-25 18:00:00,89.32099538799986
2011-12-25 19:00:00,84.4720618723064
2011-12-25 20:00:00,69.35836325587859
2011-12-25 21:00:00,58.04509281815033
2011-12-25 22:00:00,40.559529722548056
2011-12-25 23:00:00,24.377356783044828
2011-12-26 00:00:00,23.27632380990733
2011-12-26 01:00:00,17.068867505474014
2011-12-26 02:00:00,13.629778209228748
2011-12-26 04:00:00,2.991318601151006
2011-12-26 05:00:00,3.5453891461861176
2011-12-26 06:00:00,7.909736753137539
2011-12-26 07:00:00,25.94934931458819
2011-12-26 08:00:00,73.66633718395482
2011-12-26 09:00:00,73.80238654182877
2011-12-26 10:00:00,89.4581675400278
2011-12-26 11:00:00,94.5651259599594
2011-12-26 12:00:00,139.83450034549287
2011-12-26 13:00:00,177.766009098297
2011-12-26 14:00:00,160.8695947070721
2011-12-26 15:00:00,208.103210890706
2011-12-26 16:00:00,169.76779435629467
2011-12-26 17:00:00,184.0371221977103
2011-12-26 18:00:00,149.43297501379115
2011-12-26 19:00:00,128.15392645173543
2011-12-26 20:00:00,96.56802245533311
2011-12-26 21:00:00,76.30986409561535
2011-12-26 22:00:00,53.60240673836222
2011-12-26 23:00:00,34.564869139331954
2011-12-27 00:00:00,12.826099119219766
2011-12-27 01:00:00,5.878564804537617
2011-12-27 02:00:00,3.2236012149642286
2011-12-27 03:00:00,2.521331966354951
2011-12-27 04:00:00,2.559883584597122
2011-12-27 05:00:00,12.723909854308205
2011-12-27 06:00:00,65.17159239894002
2011-12-27 07:00:00,174.9946968947062
2011-12-27 08:00:00,376.79020172931655
2011-12-27 09:00:00,123.59539850388255
2011-12-27 10:00:00,92.59763364970418
2011-12-27 11:00:00,61.16504490301844
2011-12-27 12:00:00,55.93212949619312
2011-12-27 13:00:00,43.17943461522273
2011-12-27 14:00:00,42.27800637810878
2011-12-27 15:00:00,47.02756378960975
2011-12-27 16:00:00,71.06911432646662
2011-12-27 17:00:00,213.5841865027568
2011-12-27 18:00:00,187.83227510788996
2011-12-27 19:00:00,145.53945911288562
2011-12-27 20:00:00,91.61231203326845
2011-12-27 21:00:00,85.9003489661764
2011-12-27 22:00:00,60.96774756595441
2011-12-27 23:00:00,32.41019938568362
2011-12-28 00:00:00,13.637992604181461
2011-12-28 01:00:00,6.9877369367589335
2011-12-28 02:00:00,3.457903784138106
2011-12-28 03:00:00,2.484401097305997
2011-12-28 05:00:00,10.809350698046309
2011-12-28 06:00:00,62.44910027938601
2011-12-28 07:00:00,185.75215586929076
2011-12-28 08:00:00,288.3518198714928
2011-12-28 09:00:00,156.74518222044367
2011-12-28 10:00:00,87.54945920560581
2011-12-28 11:00:00,85.93023826525389
2011-12-28 12:00:00,89.39614954341008
2011-12-28 13:00:00,88.37917273437698
2011-12-28 14:00:00,75.17190735958829
2011-12-28 15:00:00,86.44966907294734
2011-12-28 16:00:00,123.89399757002414
2011-12-28 17:00:00,213.56270372770064
2011-12-28 18:00:00,177.8611282995182
2011-12-28 19:00:00,130.94148393681886
2011-12-28 20:00:00,94.00524013027375
2011-12-28 21:00:00,65.85821074016648
2011-12-28 22:00:00,49.832656035771464
2011-12-28 23:00:00,29.28469506080732
2011-12-29 00:00:00,10.297084584646575
2011-12-29 01:00:00,4.483184974418456
2011-12-29 02:00:00,3.2673134468190344
2011-12-29 03:00:00,1.869327005164454
2011-12-29 04:00:00,2.1807983459031317
2011-12-29 05:00:00,12.167146954074028
2011-12-29 06:00:00,54.40762098216312
2011-12-29 07:00:00,162.31635790604076
2011-12-29 08:00:00,272.82173102282036
2011-12-29 09:00:00,162.0441149456796
2011-12-29 10:00:00,77.75333030711626
2011-12-29 11:00:00,86.03062738524655
2011-12-29 12:00:00,103.96996872784803
2011-12-29 13:00:00,107.19737391328577
2011-12-29 14:00:00,86.53574998357281
2011-12-29 15:00:00,95.289667861347
2011-12-29 16:00:00,145.27501826393882
2011-12-29 17:00:00,241.10092690997485
2011-12-29 18:00:00,254.801273813805
2011-12-29 19:00:00,185.0538961063894
2011-12-29 20:00:00,113.90266391140452
2011-12-29 21:00:00,102.83115956534566
2011-12-29 22:00:00,75.05684452387919
2011-12-29 23:00:00,52.13500988784051
2011-12-30 00:00:00,30.11944566681064
2011-12-30 01:00:00,11.700999899566973
2011-12-30 02:00:00,6.917557427468209
2011-12-30 03:00:00,3.871686319240461
2011-12-30 04:00:00,2.892963210967353
2011-12-30 05:00:00,12.011062741670305
2011-12-30 06:00:00,61.47516457544891
2011-12-30 07:00:00,172.6998770204531
2011-12-30 08:00:00,312.22157648666297
2011-12-30 09:00:00,209.22533382163644
2011-12-30 10:00:00,90.30555302034526
2011-12-30 11:00:00,101.9856431959135
2011-12-30 12:00:00,144.34347133030073
2011-12-30 13:00:00,136.26920730387673
2011-12-30 14:00:00,130.1178676771522
2011-12-30 15:00:00,178.65007109524808
2011-12-30 16:00:00,246.2789061217222
2011-12-30 17:00:00,309.83384484515324
2011-12-30 18:00:00,264.01141928766356
2011-12-30 19:00:00,144.3605179796171
2011-12-30 20:00:00,116.64984933663452
2011-12-30 21:00:00,101.7717481721598
2011-12-30 22:00:00,93.69381483192936
2011-12-30 23:00:00,62.92486278060892
2011-12-31 00:00:00,36.530161788824714
2011-12-31 01:00:00,32.42136089882088
2011-12-31 02:00:00,23.229286680301332
2011-12-31 03:00:00,10.131269059068089
2011-12-31 04:00:00,3.6478328559656017
2011-12-31 05:00:00,2.765366788917597
2011-12-31 06:00:00,7.691122600334978
2011-12-31 07:00:00,11.917955746178169
2011-12-31 08:00:00,61.36808033367173
2011-12-31 09:00:00,87.6620096373963
2011-12-31 10:00:00,156.42937756761808
2011-12-31 11:00:00,206.84810928252307
2011-12-31 12:00:00,415.7897594016618
2011-12-31 13:00:00,275.722231885874
2011-12-31 14:00:00,231.03628797755925
2011-12-31 15:00:00,191.55664076051198
2011-12-31 16:00:00,189.69361608297032
2011-12-31 17:00:00,190.57980114686254
2011-12-31 18:00:00,168.5265007380981
2011-12-31 19:00:00,134.62400106043413
2011-12-31 20:00:00,120.97862352034034
2011-12-31 21:00:00,95.3313227975006
2011-12-31 22:00:00,84.62238197276405
2011-12-31 23:00:00,59.58831739147014
2012-01-20 00:00:00,24.318442911041764
2012-01-20 01:00:00,12.867403703109561
2012-01-20 02:00:00,6.819076112289569
2012-01-20 03:00:00,4.011095120254959
2012-01-20 04:00:00,2.76346005325078
2012-01-20 05:00:00,12.902176169040132
2012-01-20 06:00:00,52.70417103115247
2012-01-20 07:00:00,155.13840952181275
2012-01-20 08:00:00,249.14538215659707
2012-01-20 09:00:00,154.6056112249218
2012-01-20 10:00:00,67.01612324131332
2012-01-20 11:00:00,60.34280987809768
2012-01-20 12:00:00,76.26964747865031
2012-01-20 13:00:00,90.51169768436597
2012-01-20 14:00:00,66.7652943660693
2012-01-20 15:00:00,73.76460246680269
2012-01-20 16:00:00,93.75862427373619
2012-01-20 17:00:00,161.19604529206143
2012-01-20 18:00:00,166.01396650165
2012-01-20 19:00:00,115.69161643554075
2012-01-20 20:00:00,74.4612628659205
2012-01-20 21:00:00,62.60959967254091
2012-01-20 22:00:00,48.877603648850965
2012-01-20 23:00:00,20.959328682676436
2012-01-21 00:00:00,20.85216301234191
2012-01-21 01:00:00,13.579427212402107
2012-01-21 02:00:00,12.128134171441621
2012-01-21 03:00:00,5.8151494811771265
2012-01-21 04:00:00,1.8172438604790366
2012-01-21 05:00:00,1.5114617634971677
2012-01-21 06:00:00,2.505563626272681
2012-01-21 07:00:00,5.532858406863302
2012-01-21 08:00:00,16.622074541621455
2012-01-21 09:00:00,29.58068967615685
2012-01-21 10:00:00,26.15026626209857
2012-01-21 11:00:00,77.16825560209615
2012-01-21 12:00:00,96.54415265794596
2012-01-21 13:00:00,73.06116053832228
2012-01-21 14:00:00,60.0329230236722
2012-01-21 15:00:00,58.58920803225754
2012-01-21 16:00:00,64.56911149174506
2012-01-21 17:00:00,45.63482997192679
2012-01-21 18:00:00,46.03586655866666
2012-01-21 19:00:00,27.366604894460284
2012-01-21 20:00:00,26.719540663262315
2012-01-21 21:00:00,29.514897570206635
2012-01-21 22:00:00,22.22235784044174
2012-01-21 23:00:00,15.675889172201977
2012-01-22 00:00:00,22.48050252178766
2012-01-22 01:00:00,19.518408941520867
2012-01-22 02:00:00,16.177535428298768
2012-01-22 03:00:00,7.480387455254667
2012-01-22 04:00:00,1.6329475680353913
2012-01-22 05:00:00,1.4630786741558393
2012-01-22 06:00:00,2.642783207624623
2012-01-22 07:00:00,6.180657983462652
2012-01-22 08:00:00,16.74760413792838
2012-01-22 09:00:00,34.36849004676878
2012-01-22 10:00:00,54.98156601829976
2012-01-22 11:00:00,33.66529020252617
2012-01-22 12:00:00,59.56325473518857
2012-01-22 13:00:00,69.92240105286882
2012-01-22 14:00:00,63.64864380326148
2012-01-22 15:00:00,55.919286486754864
2012-01-22 16:00:00,55.722152452360746
2012-01-22 17:00:00,51.14815129605262
2012-01-22 18:00:00,34.31696854730806
2012-01-22 19:00:00,31.293972020897755
2012-01-22 20:00:00,18.432395859103078
2012-01-22 21:00:00,18.235310469548082
2012-01-22 22:00:00,18.609501121057626
2012-01-22 23:00:00,12.73567980467516
2012-01-23 00:00:00,7.858290118325366
2012-01-23 01:00:00,4.1217899439047425
2012-01-23 02:00:00,2.4294206295617546
2012-01-23 03:00:00,1.6563790501693936
2012-01-23 04:00:00,1.9261054752157032
2012-01-23 05:00:00,7.423075787637439
2012-01-23 06:00:00,35.59987644622988
2012-01-23 07:00:00,86.28871440863695
2012-01-23 08:00:00,183.17393902440557
2012-01-23 09:00:00,140.39033132924698
2012-01-23 10:00:00,49.59018527289201
2012-01-23 11:00:00,52.89750242219222
2012-01-23 12:00:00,49.89953137775462
2012-01-23 13:00:00,36.64043855841024
2012-01-23 14:00:00,33.24383963248986
2012-01-23 15:00:00,39.99737906415024
2012-01-23 16:00:00,84.26763849030553
2012-01-23 17:00:00,151.80716321176695
2012-01-23 18:00:00,157.27148012712055
2012-01-23 19:00:00,115.66677289850105
2012-01-23 20:00:00,68.78111061282628
2012-01-23 21:00:00,54.846020508689186
2012-01-23 22:00:00,38.3710496055497
2012-01-23 23:00:00,19.48026725491921
2012-01-24 00:00:00,7.182451355614936
2012-01-24 01:00:00,3.672726285060997
2012-01-24 02:00:00,2.0597501750649614
2012-01-24 03:00:00,1.7251674596617887
2012-01-24 04:00:00,1.8020205081135192
2012-01-24 05:00:00,7.834774397356863
2012-01-24 06:00:00,38.77095539975931
2012-01-24 07:00:00,140.9532629317197
2012-01-24 08:00:00,244.17837273755157
2012-01-24 09:00:00,146.101142268033
2012-01-24 10:00:00,52.4301827758395
2012-01-24 11:00:00,63.652617880167774
2012-01-24 12:00:00,74.59285038619053
2012-01-24 13:00:00,68.91864849916172
2012-01-24 14:00:00,69.61758545806788
2012-01-24 15:00:00,100.27167226285128
2012-01-24 16:00:00,162.91190147913542
2012-01-24 17:00:00,358.1938647609986
2012-01-24 18:00:00,337.15787767167
2012-01-24 19:00:00,273.4151826289073
2012-01-24 20:00:00,108.70951520852941
2012-01-24 21:00:00,102.37452730234281
2012-01-24 22:00:00,60.64879550002617
2012-01-24 23:00:00,38.33628413185641
2012-01-25 00:00:00,7.999711803279521
2012-01-25 01:00:00,7.714556866827704
2012-01-25 02:00:00,4.150249231857398
2012-01-25 03:00:00,2.413281474698359
2012-01-25 04:00:00,2.341744264132022
2012-01-25 05:00:00,11.887603899047793
2012-01-25 06:00:00,66.04843563598013
2012-01-25 07:00:00,187.1060643911924
2012-01-25 08:00:00,371.40460193569544
2012-01-25 09:00:00,184.28426561264442
2012-01-25 10:00:00,83.33312929398888
2012-01-25 11:00:00,91.81028300426375
2012-01-25 12:00:00,125.54976761465967
2012-01-25 13:00:00,124.17322776888135
2012-01-25 14:00:00,105.11313553024891
2012-01-25 15:00:00,117.58752595008771
2012-01-25 16:00:00,168.23261370962874
2012-01-25 17:00:00,333.2733672305987
2012-01-25 18:00:00,256.8067894506131
2012-01-25 19:00:00,217.98729838843926
2012-01-25 20:00:00,134.13785345600638
2012-01-25 21:00:00,100.01382673386232
2012-01-25 22:00:00,74.38062565605567
2012-01-25 23:00:00,42.679189873199356
2012-01-26 00:00:00,24.302717009967434
2012-01-26 01:00:00,10.162576401034599
2012-01-26 02:00:00,6.287665284111152
2012-01-26 03:00:00,3.688565848832464
2012-01-26 04:00:00,3.3501315601847486
2012-01-26 05:00:00,16.914546612296306
2012-01-26 06:00:00,80.71615308792299
2012-01-26 07:00:00,256.17486182323916
2012-01-26 08:00:00,464.9197171193978
2012-01-26 09:00:00,183.7685139485708
2012-01-26 10:00:00,88.8165284364109
2012-01-26 11:00:00,73.98851675241914
2012-01-26 12:00:00,104.77712375770882
2012-01-26 13:00:00,111.88364060900291
2012-01-26 14:00:00,111.10226041409078
2012-01-26 15:00:00,127.21367146324658
2012-01-26 16:00:00,172.98302892963693
2012-01-26 17:00:00,368.7674646920026
2012-01-26 18:00:00,351.9567595355757
2012-01-26 19:00:00,227.83879019464112
2012-01-26 20:00:00,154.5785972518447
2012-01-26 21:00:00,132.0988716061146
2012-01-26 22:00:00,111.64889721185853
2012-01-26 23:00:00,63.206684368597074
2012-01-27 00:00:00,24.279405757253112
2012-01-27 01:00:00,11.680190763087372
2012-01-27 02:00:00,9.29431637646631
2012-01-27 03:00:00,2.7237807459404166
2012-01-27 04:00:00,1.683576146922939
2012-01-27 05:00:00,9.44840762987398
2012-01-27 06:00:00,29.215793251431343
2012-01-27 07:00:00,88.8024931971806
2012-01-27 08:00:00,146.9424094542168
2012-01-27 09:00:00,92.1807273688015
2012-01-27 10:00:00,38.89113026665462
2012-01-27 11:00:00,92.53695396700176
2012-01-27 12:00:00,120.91259667595395
2012-01-27 13:00:00,178.48092900901733
2012-01-27 14:00:00,161.9701664430623
2012-01-27 15:00:00,164.71550125887165
2012-01-27 16:00:00,226.751743309291
2012-01-27 17:00:00,345.71248949794733
2012-01-27 18:00:00,297.808681378955
2012-01-27 19:00:00,205.27119486903183
2012-01-27 20:00:00,135.22985280283194
2012-01-27 21:00:00,104.79903390268845
2012-01-27 22:00:00,98.55338605545717
2012-01-27 23:00:00,69.57146671573764
2012-01-28 00:00:00,47.54617989928306
2012-01-28 01:00:00,46.47805765684831
2012-01-28 02:00:00,26.210957250544777
2012-01-28 03:00:00,12.262128378319092
2012-01-28 04:00:00,3.0942543875313864
2012-01-28 05:00:00,2.8493126662504284
2012-01-28 06:00:00,5.700783259548031
2012-01-28 07:00:00,11.501265698182085
2012-01-28 08:00:00,40.164406228833535
2012-01-28 09:00:00,61.11154365029156
2012-01-28 10:00:00,111.31129404183987
2012-01-28 11:00:00,167.74572724256967
2012-01-28 12:00:00,149.33642853274273
2012-01-28 13:00:00,183.82542352661346
2012-01-28 14:00:00,172.1054748682352
2012-01-28 15:00:00,190.79833587385903
2012-01-28 16:00:00,224.0803700985432
2012-01-28 17:00:00,173.71927057715496
2012-01-28 18:00:00,175.3416965536493
2012-01-28 19:00:00,78.52653494616462
2012-01-28 20:00:00,76.5069584325376
2012-01-28 21:00:00,55.62429490920279
2012-01-28 22:00:00,59.63136438156604
2012-01-28 23:00:00,41.75179287926163
2012-01-29 00:00:00,49.349851385445895
2012-01-29 01:00:00,41.325884158286144
2012-01-29 02:00:00,31.679901513031613
2012-01-29 03:00:00,13.021056871615817
2012-01-29 04:00:00,3.646740577800388
2012-01-29 05:00:00,2.1639571121572767
2012-01-29 06:00:00,5.153555526265168
2012-01-29 07:00:00,11.273598582061537
2012-01-29 08:00:00,28.76721365858374
2012-01-29 09:00:00,60.71190164160699
2012-01-29 10:00:00,126.27654997538694
2012-01-29 11:00:00,117.15025093316474
2012-01-29 12:00:00,164.8887709360866
2012-01-29 13:00:00,165.98394863604534
2012-01-29 14:00:00,156.10262771970787
2012-01-29 15:00:00,158.4212968963892
2012-01-29 16:00:00,159.22185919378367
2012-01-29 17:00:00,120.38374787278609
2012-01-29 18:00:00,97.47674406670568
2012-01-29 19:00:00,67.30938379140107
2012-01-29 20:00:00,49.111634827268645
2012-01-29 21:00:00,39.695604750020586
2012-01-29 22:00:00,33.94363770140274
2012-01-29 23:00:00,21.35276803298159
2012-01-30 00:00:00,10.415094604222135
2012-01-30 01:00:00,5.229688981666907
2012-01-30 02:00:00,2.6732972098780095
2012-01-30 03:00:00,1.9344252105581647
2012-01-30 04:00:00,1.777768463637968
2012-01-30 05:00:00,7.483093527247676
2012-01-30 06:00:00,36.27345191072852
2012-01-30 07:00:00,112.02164140095289
2012-01-30 08:00:00,185.3465131607919
2012-01-30 09:00:00,98.88347037965086
2012-01-30 10:00:00,58.890250078579584
2012-01-30 11:00:00,63.41334988018206
2012-01-30 12:00:00,85.97735428909533
2012-01-30 13:00:00,83.59331058614076
2012-01-30 14:00:00,86.09332077495846
2012-01-30 15:00:00,91.10794231411653
2012-01-30 16:00:00,141.3789952477938
2012-01-30 17:00:00,294.50013280076024
2012-01-30 18:00:00,257.2616148480133
2012-01-30 19:00:00,176.73287246265605
2012-01-30 20:00:00,110.93274161496582
2012-01-30 21:00:00,91.11227744526559
2012-01-30 22:00:00,59.15903151308555
2012-01-30 23:00:00,30.156731681489934
2012-01-31 00:00:00,15.712220843830762
2012-01-31 01:00:00,6.03328569713446
2012-01-31 02:00:00,3.295834544790267
2012-01-31 03:00:00,2.33125404264522
2012-01-31 04:00:00,2.3306642393415324
2012-01-31 05:00:00,12.39824008631118
2012-01-31 06:00:00,77.17039580987444
2012-01-31 07:00:00,182.6626026930656
2012-01-31 08:00:00,404.96008186383324
2012-01-31 09:00:00,203.34115964289742
2012-01-31 10:00:00,90.48008026278487
2012-01-31 11:00:00,105.40916379184765
2012-01-31 12:00:00,144.5607508546903
2012-01-31 13:00:00,185.55076203496577
2012-01-31 14:00:00,133.30491423535557
2012-01-31 15:00:00,155.65430543269878
2012-01-31 16:00:00,234.55747132687426
2012-01-31 17:00:00,488.35780231208037
2012-01-31 18:00:00,478.70903468982067
2012-01-31 19:00:00,314.90209143802565
2012-01-31 20:00:00,160.49390657857515
2012-01-31 21:00:00,176.92104748442944
2012-01-31 22:00:00,120.70890831352351
2012-01-31 23:00:00,81.288187393428
2012-02-20 00:00:00,29.86616707475167
2012-02-20 01:00:00,20.916395419390152
2012-02-20 02:00:00,17.87702435518265
2012-02-20 03:00:00,6.72226764278104
2012-02-20 05:00:00,3.652712860456902
2012-02-20 06:00:00,7.4274805965876904
2012-02-20 07:00:00,20.157501249428293
2012-02-20 08:00:00,65.6416567768543
2012-02-20 09:00:00,87.79067921442073
2012-02-20 10:00:00,89.81798284774564
2012-02-20 11:00:00,153.33590225055661
2012-02-20 12:00:00,206.75538474584945
2012-02-20 13:00:00,189.02720126702081
2012-02-20 14:00:00,185.40076010681224
2012-02-20 15:00:00,182.53116428293754
2012-02-20 16:00:00,175.16307173872235
2012-02-20 17:00:00,188.07521328539409
2012-02-20 18:00:00,173.00288341975815
2012-02-20 19:00:00,126.65641990096063
2012-02-20 20:00:00,97.41869206824117
2012-02-20 21:00:00,79.33860946520905
2012-02-20 22:00:00,66.84015055745942
2012-02-20 23:00:00,32.37980699509021
2012-02-21 00:00:00,11.368106788004246
2012-02-21 01:00:00,5.184749004570089
2012-02-21 02:00:00,2.4300266941357256
2012-02-21 04:00:00,1.5033542692169335
2012-02-21 05:00:00,7.860864921371014
2012-02-21 06:00:00,42.74778752959551
2012-02-21 07:00:00,131.37619807310926
2012-02-21 08:00:00,315.3000194956625
2012-02-21 09:00:00,167.96651727984974
2012-02-21 10:00:00,80.47521224386486
2012-02-21 11:00:00,80.71183698501692
2012-02-21 12:00:00,107.28002350095042
2012-02-21 13:00:00,104.84557515031453
2012-02-21 14:00:00,91.58920943107177
2012-02-21 15:00:00,103.301430582967
2012-02-21 16:00:00,158.35924914501007
2012-02-21 17:00:00,316.72945443444326
2012-02-21 18:00:00,296.2749128347472
2012-02-21 19:00:00,221.28736907762504
2012-02-21 20:00:00,150.1643871274624
2012-02-21 21:00:00,114.9691046188661
2012-02-21 22:00:00,71.47559932476231
2012-02-21 23:00:00,44.82045338404506
2012-02-22 00:00:00,18.50041942247215
2012-02-22 01:00:00,8.28953263541114
2012-02-22 02:00:00,3.454033090790554
2012-02-22 03:00:00,2.0928267052938825
2012-02-22 04:00:00,2.4516248416678947
2012-02-22 05:00:00,13.811917518375596
2012-02-22 06:00:00,61.98182610647428
2012-02-22 07:00:00,208.83468768067266
2012-02-22 08:00:00,432.50246687760676
2012-02-22 09:00:00,228.96372703788427
2012-02-22 10:00:00,90.52210348077661
2012-02-22 11:00:00,89.60894273125506
2012-02-22 12:00:00,114.94983954674638
2012-02-22 13:00:00,119.6262303749755
2012-02-22 14:00:00,110.95480825878634
2012-02-22 15:00:00,135.97649402988333
2012-02-22 16:00:00,177.05152271412888
2012-02-22 17:00:00,402.96657329139674
2012-02-22 18:00:00,400.613488343016
2012-02-22 19:00:00,254.73721977163797
2012-02-22 20:00:00,171.31294837669222
2012-02-22 21:00:00,133.8553418930091
2012-02-22 22:00:00,106.65525233694663
2012-02-22 23:00:00,69.15892180981275
2012-02-23 00:00:00,23.109297853689874
2012-02-23 01:00:00,7.578517326889486
2012-02-23 02:00:00,4.410211756325685
2012-02-23 03:00:00,1.918546230478247
2012-02-23 04:00:00,2.5206054621498217
2012-02-23 05:00:00,13.684887642836099
2012-02-23 06:00:00,76.71015835488387
2012-02-23 07:00:00,203.19808291700107
2012-02-23 08:00:00,453.93720967008136
2012-02-23 09:00:00,186.07986471423177
2012-02-23 10:00:00,94.05772178280048
2012-02-23 11:00:00,108.8741885050633
2012-02-23 12:00:00,158.20700543514843
2012-02-23 13:00:00,165.55288173787326
2012-02-23 14:00:00,153.15069036144385
2012-02-23 15:00:00,159.04543939097059
2012-02-23 16:00:00,223.32379775720457
2012-02-23 17:00:00,442.53104592966224
2012-02-23 18:00:00,471.3405477998403
2012-02-23 19:00:00,315.78638365582833
2012-02-23 20:00:00,235.38497052007313
2012-02-23 21:00:00,140.63320509185377
2012-02-23 22:00:00,129.60002231776613
2012-02-23 23:00:00,84.081063791472
2012-02-24 00:00:00,32.69183280023471
2012-02-24 01:00:00,17.458973385457075
2012-02-24 02:00:00,6.56341354566828
2012-02-24 03:00:00,5.018806374944255
2012-02-24 04:00:00,4.184788514411642
2012-02-24 05:00:00,14.386649934131714
2012-02-24 06:00:00,73.57676355600077
2012-02-24 07:00:00,163.0885321520218
2012-02-24 08:00:00,290.87026427566826
2012-02-24 09:00:00,123.23453432133101
2012-02-24 10:00:00,79.43234741197895
2012-02-24 11:00:00,106.55029342767001
2012-02-24 12:00:00,145.86675539351293
2012-02-24 13:00:00,140.700621291797
2012-02-24 14:00:00,124.11092748513845
2012-02-24 15:00:00,90.66385045522016
2012-02-24 16:00:00,122.49335846383939
2012-02-24 17:00:00,204.7333008728138
2012-02-24 18:00:00,213.05537346532086
2012-02-24 19:00:00,187.32870345093383
2012-02-24 20:00:00,161.22783518941677
2012-02-24 21:00:00,113.93551868982283
2012-02-24 22:00:00,122.52998165788816
2012-02-24 23:00:00,83.0479245979062
2012-02-25 00:00:00,68.61675230368698
2012-02-25 01:00:00,49.14857928577256
2012-02-25 02:00:00,33.07078226802124
2012-02-25 03:00:00,13.03319106666331
2012-02-25 04:00:00,3.0943429501040396
2012-02-25 05:00:00,3.162174858549811
2012-02-25 06:00:00,6.953733496549513
2012-02-25 07:00:00,17.467746453178744
2012-02-25 08:00:00,44.696706434826936
2012-02-25 09:00:00,42.99089643529374
2012-02-25 10:00:00,119.51592215228087
2012-02-25 11:00:00,128.730005501637
2012-02-25 12:00:00,154.8286840968771
2012-02-25 13:00:00,155.35379003792133
2012-02-25 14:00:00,160.95505905215168
2012-02-25 15:00:00,164.2016784162821
2012-02-25 16:00:00,156.44182178732584
2012-02-25 17:00:00,122.7792660946271
2012-02-25 18:00:00,93.05663830060368
2012-02-25 19:00:00,81.05848202582744
2012-02-25 20:00:00,55.14184863259789
2012-02-25 21:00:00,64.43768373662876
2012-02-25 22:00:00,52.168561329985806
2012-02-25 23:00:00,43.79937134012512
2012-02-26 00:00:00,51.53153454930991
2012-02-26 01:00:00,37.30208221991673
2012-02-26 02:00:00,29.513334670529517
2012-02-26 03:00:00,13.46517671650826
2012-02-26 04:00:00,3.280554118058081
2012-02-26 05:00:00,2.3158971039143585
2012-02-26 06:00:00,4.082205420368538
2012-02-26 07:00:00,9.500155851445008
2012-02-26 08:00:00,25.43634204639431
2012-02-26 09:00:00,58.0460568087198
2012-02-26 10:00:00,111.84477163961094
2012-02-26 11:00:00,126.00201918501882
2012-02-26 12:00:00,206.6580255192276
2012-02-26 13:00:00,200.6140567938714
2012-02-26 14:00:00,172.61826682395613
2012-02-26 15:00:00,171.47054664858192
2012-02-26 16:00:00,165.5184817567935
2012-02-26 17:00:00,126.06019271324085
2012-02-26 18:00:00,100.99751104383435
2012-02-26 19:00:00,82.13693874688835
2012-02-26 20:00:00,69.05715813195418
2012-02-26 21:00:00,59.78049320309631
2012-02-26 22:00:00,41.116796190316116
2012-02-26 23:00:00,30.430323689245657
2012-02-27 00:00:00,15.453710363600708
2012-02-27 01:00:00,5.45800626228314
2012-02-27 02:00:00,3.0222788411117056
2012-02-27 03:00:00,2.33783158546534
2012-02-27 04:00:00,2.1854870045921437
2012-02-27 05:00:00,9.286501179739643
2012-02-27 06:00:00,48.992693519582005
2012-02-27 07:00:00,176.9883466180202
2012-02-27 08:00:00,369.41850360971887
2012-02-27 09:00:00,183.88639664974838
2012-02-27 10:00:00,92.6499642153005
2012-02-27 11:00:00,107.57662537192246
2012-02-27 12:00:00,138.2370835178717
2012-02-27 13:00:00,128.7046615514989
2012-02-27 14:00:00,131.27363684857096
2012-02-27 15:00:00,121.2154524815566
2012-02-27 16:00:00,181.02010292385154
2012-02-27 17:00:00,359.4110921432395
2012-02-27 18:00:00,316.03420295528315
2012-02-27 19:00:00,230.7041940837548
2012-02-27 20:00:00,159.4061274113907
2012-02-27 21:00:00,136.49318631418592
2012-02-27 22:00:00,99.47970924128163
2012-02-27 23:00:00,50.41712203955488
2012-02-28 00:00:00,24.1131332878082
2012-02-28 01:00:00,7.233603183766323
2012-02-28 02:00:00,4.559246024274751
2012-02-28 03:00:00,1.7575216221383163
2012-02-28 04:00:00,1.942917406517361
2012-02-28 05:00:00,10.037299520247059
2012-02-28 06:00:00,51.54180715345184
2012-02-28 07:00:00,188.49830028061044
2012-02-28 08:00:00,347.0855967352205
2012-02-28 09:00:00,184.8520739726918
2012-02-28 10:00:00,91.25071611038554
2012-02-28 11:00:00,90.67546558737543
2012-02-28 12:00:00,119.97028777101653
2012-02-28 13:00:00,98.85267643499333
2012-02-28 14:00:00,100.35779999073006
2012-02-28 15:00:00,108.41189847123704
2012-02-28 16:00:00,164.34043744218374
2012-02-28 17:00:00,313.65778757178606
2012-02-28 18:00:00,302.95360145532715
2012-02-28 19:00:00,194.9672876585406
2012-02-28 20:00:00,141.37660499760614
2012-02-28 21:00:00,130.13067949809178
2012-02-28 22:00:00,94.04312135651986
2012-02-28 23:00:00,50.31679014697044
2012-02-29 00:00:00,22.849397542397014
2012-02-29 01:00:00,8.919312276252901
2012-02-29 02:00:00,4.156981541431236
2012-02-29 03:00:00,2.772760276067152
2012-02-29 05:00:00,11.04687822597631
2012-02-29 06:00:00,76.17748540699829
2012-02-29 07:00:00,219.56158067929945
2012-02-29 08:00:00,505.5042012632803
2012-02-29 09:00:00,106.77603938735827
2012-02-29 10:00:00,47.66530626291438
2012-02-29 11:00:00,36.53706234258879
2012-02-29 12:00:00,31.025488578739637
2012-02-29 13:00:00,51.058521288218564
2012-02-29 14:00:00,47.916417433539536
2012-02-29 15:00:00,90.13968931916719
2012-02-29 16:00:00,87.58234577460503
2012-02-29 17:00:00,292.08429537828937
2012-02-29 18:00:00,200.7834583986616
2012-02-29 19:00:00,191.64209177444673
2012-02-29 20:00:00,88.32649957111599
2012-02-29 21:00:00,74.85458917704636
2012-02-29 22:00:00,47.16222543368339
2012-02-29 23:00:00,28.8064546684142
2012-03-20 00:00:00,27.442492076155872
2012-03-20 01:00:00,12.33244094783699
2012-03-20 02:00:00,6.526096201070989
2012-03-20 03:00:00,3.7989933175632924
2012-03-20 04:00:00,4.579739444821516
2012-03-20 05:00:00,19.0980301832715
2012-03-20 06:00:00,96.49624715987335
2012-03-20 07:00:00,132.55198593422176
2012-03-20 08:00:00,608.4947423202922
2012-03-20 09:00:00,321.4721756178789
2012-03-20 10:00:00,136.98227678023682
2012-03-20 11:00:00,169.3825695552079
2012-03-20 12:00:00,198.8903930425174
2012-03-20 13:00:00,197.10275881325083
2012-03-20 14:00:00,177.412408078089
2012-03-20 15:00:00,213.3817146812288
2012-03-20 16:00:00,306.78379760508733
2012-03-20 17:00:00,578.565264314943
2012-03-20 18:00:00,575.2780454809541
2012-03-20 19:00:00,421.2260202888901
2012-03-20 20:00:00,312.8645501016005
2012-03-20 21:00:00,217.40490176153057
2012-03-20 22:00:00,147.04196214182534
2012-03-20 23:00:00,69.86485644043651
2012-03-21 00:00:00,34.354115159060726
2012-03-21 01:00:00,16.47056097621417
2012-03-21 02:00:00,6.7332816407827405
2012-03-21 03:00:00,3.9782566550152274
2012-03-21 04:00:00,4.635041651394803
2012-03-21 05:00:00,25.134467101809665
2012-03-21 06:00:00,97.83885785777967
2012-03-21 07:00:00,180.35532899212168
2012-03-21 08:00:00,285.3964885463844
2012-03-21 09:00:00,260.8947909858275
2012-03-21 10:00:00,148.76016945315823
2012-03-21 11:00:00,162.81676001665735
2012-03-21 12:00:00,241.61151587388468
2012-03-21 13:00:00,187.20487444267656
2012-03-21 14:00:00,187.25436001589011
2012-03-21 15:00:00,195.2535711802152
2012-03-21 16:00:00,335.7193257323984
2012-03-21 17:00:00,750.422338755672
2012-03-21 18:00:00,711.6293679265218
2012-03-21 19:00:00,544.5291847802342
2012-03-21 20:00:00,334.7405465123643
2012-03-21 21:00:00,229.26044128962238
2012-03-21 22:00:00,151.07264177056393
2012-03-21 23:00:00,119.20584105259354
2012-03-22 00:00:00,49.852353210351616
2012-03-22 01:00:00,22.015413003943923
2012-03-22 02:00:00,11.078048964077293
2012-03-22 03:00:00,6.105709949366375
2012-03-22 04:00:00,3.9319364415428573
2012-03-22 05:00:00,17.718381397454483
2012-03-22 06:00:00,82.65386835774919
2012-03-22 07:00:00,249.77083918947596
2012-03-22 08:00:00,542.0394050910862
2012-03-22 09:00:00,249.7112115896095
2012-03-22 10:00:00,76.1794924368129
2012-03-22 11:00:00,124.68291396854723
2012-03-22 12:00:00,161.8409157244047
2012-03-22 13:00:00,280.5577989348884
2012-03-22 14:00:00,266.1046303160508
2012-03-22 15:00:00,262.8101279633931
2012-03-22 16:00:00,377.94730832201134
2012-03-22 17:00:00,797.8106186754605
2012-03-22 18:00:00,763.87474568431
2012-03-22 19:00:00,644.7395711242316
2012-03-22 20:00:00,353.35542879759146
2012-03-22 21:00:00,284.9117245123277
2012-03-22 22:00:00,199.95567805312047
2012-03-22 23:00:00,133.51134105854507
2012-03-23 00:00:00,71.23895948856006
2012-03-23 01:00:00,29.497536963791855
2012-03-23 02:00:00,15.609374330188484
2012-03-23 03:00:00,7.297101933213961
2012-03-23 04:00:00,5.172758391029022
2012-03-23 05:00:00,22.17619783120141
2012-03-23 06:00:00,112.90156211757211
2012-03-23 07:00:00,305.66617189390774
2012-03-23 08:00:00,474.4338304691413
2012-03-23 09:00:00,325.18857863062726
2012-03-23 10:00:00,154.51727361507815
2012-03-23 11:00:00,292.6520880552664
2012-03-23 12:00:00,438.0369028767153
2012-03-23 13:00:00,422.1380363189012
2012-03-23 14:00:00,372.17932419235433
2012-03-23 15:00:00,379.3470057321071
2012-03-23 16:00:00,529.0665296151524
2012-03-23 17:00:00,856.8865808979255
2012-03-23 18:00:00,768.26304153464
2012-03-23 19:00:00,554.0730780475935
2012-03-23 20:00:00,380.41087382870194
2012-03-23 21:00:00,309.7475051836194
2012-03-23 22:00:00,226.59326285253078
2012-03-23 23:00:00,184.52854926797772
2012-03-24 00:00:00,167.9598936363819
2012-03-24 01:00:00,141.27893037022685
2012-03-24 02:00:00,102.59006698347152
2012-03-24 03:00:00,46.073329795749686
2012-03-24 04:00:00,14.428327984483602
2012-03-24 05:00:00,15.733102738929194
2012-03-24 06:00:00,37.12020905542576
2012-03-24 07:00:00,85.29953382312274
2012-03-24 08:00:00,166.16313844504066
2012-03-24 09:00:00,390.91655873635534
2012-03-24 10:00:00,413.1806691773191
2012-03-24 11:00:00,299.1639164252239
2012-03-24 12:00:00,221.08229279344386
2012-03-24 13:00:00,191.60367208505218
2012-03-24 14:00:00,185.60861074563044
2012-03-24 15:00:00,91.37077029365899
2012-03-24 16:00:00,116.57075069458136
2012-03-24 17:00:00,191.2051641982036
2012-03-24 18:00:00,122.83439830550932
2012-03-24 19:00:00,136.36511421492298
2012-03-24 20:00:00,59.56353988442958
2012-03-24 21:00:00,59.116856098288466
2012-03-24 22:00:00,50.509896046384085
2012-03-24 23:00:00,76.10028173301207
2012-03-25 00:00:00,75.72933376806832
2012-03-25 01:00:00,47.09373253485208
2012-03-25 02:00:00,30.530047648434884
2012-03-25 03:00:00,17.83266996627024
2012-03-25 04:00:00,6.368018957507407
2012-03-25 05:00:00,4.9029315096054535
2012-03-25 06:00:00,8.153087169203852
2012-03-25 07:00:00,29.31904008918067
2012-03-25 08:00:00,67.25389852892629
2012-03-25 09:00:00,115.21975098970736
2012-03-25 10:00:00,202.88642628243838
2012-03-25 11:00:00,183.96759980657188
2012-03-25 12:00:00,222.88759410309487
2012-03-25 13:00:00,383.4176378344918
2012-03-25 14:00:00,359.4212391100532
2012-03-25 15:00:00,321.38108242683074
2012-03-25 16:00:00,485.1730476919269
2012-03-25 17:00:00,490.8633777092918
2012-03-25 18:00:00,445.6792886689819
2012-03-25 19:00:00,328.3641011424092
2012-03-25 20:00:00,221.73981334045962
2012-03-25 21:00:00,196.4722281137735
2012-03-25 22:00:00,142.058211795082
2012-03-25 23:00:00,94.53574195564627
2012-03-26 00:00:00,34.705577637823644
2012-03-26 01:00:00,15.259534744377415
2012-03-26 02:00:00,8.406955538453431
2012-03-26 03:00:00,6.043423508183127
2012-03-26 04:00:00,6.800377081358723
2012-03-26 05:00:00,32.96992991656716
2012-03-26 06:00:00,110.41851594144526
2012-03-26 07:00:00,359.4258193465373
2012-03-26 08:00:00,463.19972163377406
2012-03-26 09:00:00,261.96240671775774
2012-03-26 10:00:00,147.53189328231892
2012-03-26 11:00:00,174.5763446563889
2012-03-26 12:00:00,227.7849247968825
2012-03-26 13:00:00,192.09193838339706
2012-03-26 14:00:00,205.923646256152
2012-03-26 15:00:00,169.85748263823703
2012-03-26 16:00:00,264.8246231878036
2012-03-26 17:00:00,544.6435601037917
2012-03-26 18:00:00,439.10306289867924
2012-03-26 19:00:00,273.56030805564416
2012-03-26 20:00:00,144.81312269826202
2012-03-26 21:00:00,112.08648430244243
2012-03-26 22:00:00,78.09741359690278
2012-03-26 23:00:00,39.40188718491838
2012-03-27 00:00:00,16.06003491670104
2012-03-27 01:00:00,7.383222412503032
2012-03-27 02:00:00,3.4387481947514047
2012-03-27 03:00:00,2.5524111454481804
2012-03-27 04:00:00,2.8592069207846764
2012-03-27 05:00:00,15.119500468169239
2012-03-27 06:00:00,70.30300321567624
2012-03-27 07:00:00,223.90829652005317
2012-03-27 08:00:00,362.90844364427596
2012-03-27 09:00:00,220.61240720713465
2012-03-27 10:00:00,92.91769329290969
2012-03-27 11:00:00,103.01007074409628
2012-03-27 12:00:00,123.44685596381214
2012-03-27 13:00:00,122.9642830922863
2012-03-27 14:00:00,144.6460641465015
2012-03-27 15:00:00,153.67943398190036
2012-03-27 16:00:00,214.84170153978658
2012-03-27 17:00:00,447.0343793556714
2012-03-27 18:00:00,446.4741248238116
2012-03-27 19:00:00,299.96180069088655
2012-03-27 20:00:00,205.63889785043997
2012-03-27 21:00:00,137.30429371895355
2012-03-27 22:00:00,98.51380451490415
2012-03-27 23:00:00,59.312046775142605
2012-03-28 00:00:00,20.94233125205649
2012-03-28 01:00:00,9.940441618546867
2012-03-28 02:00:00,4.790845083632111
2012-03-28 03:00:00,3.3192771011205475
2012-03-28 04:00:00,3.919402169982393
2012-03-28 05:00:00,20.782508329119764
2012-03-28 06:00:00,106.32785917246393
2012-03-28 07:00:00,316.5125512152223
2012-03-28 08:00:00,485.82481372969556
2012-03-28 09:00:00,252.69643674831823
2012-03-28 10:00:00,143.67783731203338
2012-03-28 11:00:00,198.23975088959162
2012-03-28 12:00:00,240.75301575476564
2012-03-28 13:00:00,203.73283595603007
2012-03-28 14:00:00,210.01606169417437
2012-03-28 15:00:00,246.29772386061967
2012-03-28 16:00:00,238.73971782437482
2012-03-28 17:00:00,913.7924707651744
2012-03-28 18:00:00,887.8714667774168
2012-03-28 19:00:00,605.0698033061672
2012-03-28 20:00:00,400.0272409381087
2012-03-28 21:00:00,322.8402462416234
2012-03-28 22:00:00,208.11449960342748
2012-03-28 23:00:00,125.64995170774203
2012-03-29 00:00:00,60.864702014720415
2012-03-29 01:00:00,28.335763352449177
2012-03-29 02:00:00,7.006776496627931
2012-03-29 03:00:00,3.967431513950584
2012-03-29 04:00:00,4.872609497543507
2012-03-29 05:00:00,28.249854940428534
2012-03-29 06:00:00,114.80334730662878
2012-03-29 07:00:00,336.2473349551649
2012-03-29 08:00:00,641.2360771205111
2012-03-29 09:00:00,321.7268832534213
2012-03-29 10:00:00,167.7874028665783
2012-03-29 11:00:00,194.4024185159882
2012-03-29 12:00:00,239.16055819822566
2012-03-29 13:00:00,208.18778892004917
2012-03-29 14:00:00,188.40307297931048
2012-03-29 15:00:00,205.02141458211227
2012-03-29 16:00:00,262.9719069108796
2012-03-29 17:00:00,592.1356419018362
2012-03-29 18:00:00,475.7130674217168
2012-03-29 19:00:00,330.16917465876605
2012-03-29 20:00:00,233.22281689657373
2012-03-29 21:00:00,176.2566863490773
2012-03-29 22:00:00,138.5197891033216
2012-03-29 23:00:00,88.32102203504836
2012-03-30 00:00:00,42.47823793694719
2012-03-30 01:00:00,17.902771854707964
2012-03-30 02:00:00,9.371138166070514
2012-03-30 03:00:00,5.713192752682843
2012-03-30 04:00:00,4.665218256295109
2012-03-30 05:00:00,21.064733115826826
2012-03-30 06:00:00,86.94592753448094
2012-03-30 07:00:00,269.1206837707049
2012-03-30 08:00:00,384.03484645054226
2012-03-30 09:00:00,297.6867469924402
2012-03-30 10:00:00,136.46002919493472
2012-03-30 11:00:00,141.93697913258342
2012-03-30 12:00:00,190.3848455417665
2012-03-30 13:00:00,125.21195225245314
2012-03-30 14:00:00,105.48556463998226
2012-03-30 15:00:00,109.29843789739327
2012-03-30 16:00:00,117.29014130633279
2012-03-30 17:00:00,339.39382093065905
2012-03-30 18:00:00,370.7832718793397
2012-03-30 19:00:00,225.1404972102243
2012-03-30 20:00:00,161.58730076772355
2012-03-30 21:00:00,108.24004186394392
2012-03-30 22:00:00,96.89379027250486
2012-03-30 23:00:00,74.56434228294616
2012-03-31 00:00:00,76.20122356537222
2012-03-31 01:00:00,58.16113864919838
2012-03-31 02:00:00,46.40792955638395
2012-03-31 03:00:00,23.81354704131869
2012-03-31 04:00:00,6.000763377853115
2012-03-31 05:00:00,10.723633125674347
2012-03-31 06:00:00,17.300257146844473
2012-03-31 07:00:00,47.87537157912723
2012-03-31 08:00:00,105.90077687637942
2012-03-31 09:00:00,177.94575148766396
2012-03-31 10:00:00,250.26180374155638
2012-03-31 11:00:00,546.6154337457466
2012-03-31 12:00:00,552.9919540408129
2012-03-31 13:00:00,869.7363378787728
2012-03-31 14:00:00,480.05525040504534
2012-03-31 15:00:00,547.2745829207618
2012-03-31 16:00:00,422.3444526786386
2012-03-31 17:00:00,355.07015612823756
2012-03-31 18:00:00,187.93216715474975
2012-03-31 19:00:00,163.0375268508226
2012-03-31 20:00:00,104.71738269108045
2012-03-31 21:00:00,94.96965230155627
2012-03-31 22:00:00,87.85021783119566
2012-03-31 23:00:00,57.61378876970446
2012-04-20 00:00:00,48.80457391536655
2012-04-20 01:00:00,20.305289749940876
2012-04-20 02:00:00,8.2815837971672
2012-04-20 03:00:00,4.288581299284967
2012-04-20 04:00:00,2.9518371724179717
2012-04-20 05:00:00,13.923277524879126
2012-04-20 06:00:00,65.63007828390839
2012-04-20 07:00:00,182.49985146999757
2012-04-20 08:00:00,297.10981560129807
2012-04-20 09:00:00,196.63046190049008
2012-04-20 10:00:00,141.97591238753654
2012-04-20 11:00:00,157.79764750990486
2012-04-20 12:00:00,242.0301890588855
2012-04-20 13:00:00,255.69494252279878
2012-04-20 14:00:00,234.94622052650627
2012-04-20 15:00:00,231.3065337605466
2012-04-20 16:00:00,350.0118295382282
2012-04-20 17:00:00,519.7892602058738
2012-04-20 18:00:00,463.33302459822653
2012-04-20 19:00:00,342.61198653475384
2012-04-20 20:00:00,234.9185778960503
2012-04-20 21:00:00,146.95377306135924
2012-04-20 22:00:00,122.67870609982944
2012-04-20 23:00:00,108.06094071475225
2012-04-21 00:00:00,83.68802543245563
2012-04-21 01:00:00,62.932496630476024
2012-04-21 02:00:00,50.16574202074725
2012-04-21 03:00:00,21.556825367903016
2012-04-21 04:00:00,7.202180273804221
2012-04-21 05:00:00,10.74434811688347
2012-04-21 06:00:00,29.05432776071387
2012-04-21 07:00:00,68.68418340482337
2012-04-21 08:00:00,193.7394178811143
2012-04-21 09:00:00,299.4118452350421
2012-04-21 10:00:00,338.1388995279835
2012-04-21 11:00:00,417.4456037998375
2012-04-21 12:00:00,477.54233150039283
2012-04-21 13:00:00,502.3017098898347
2012-04-21 14:00:00,587.7598280102812
2012-04-21 15:00:00,630.1867591123657
2012-04-21 16:00:00,543.5053073329027
2012-04-21 17:00:00,488.0923966587297
2012-04-21 18:00:00,355.66067980016584
2012-04-21 19:00:00,120.70426475078862
2012-04-21 20:00:00,62.85165663554647
2012-04-21 21:00:00,43.981748754632726
2012-04-21 22:00:00,84.43825582066368
2012-04-21 23:00:00,55.33453672217573
2012-04-22 00:00:00,60.12911561301848
2012-04-22 01:00:00,38.6178770394982
2012-04-22 02:00:00,43.779768083717144
2012-04-22 03:00:00,19.675163887157897
2012-04-22 04:00:00,6.53025756245171
2012-04-22 05:00:00,7.846431949590357
2012-04-22 06:00:00,12.644473825195773
2012-04-22 07:00:00,24.277981423353523
2012-04-22 08:00:00,51.107587825190336
2012-04-22 09:00:00,80.14572921243858
2012-04-22 10:00:00,90.99208443843523
2012-04-22 11:00:00,83.8117897093744
2012-04-22 12:00:00,84.9879698296155
2012-04-22 13:00:00,102.07287837538382
2012-04-22 14:00:00,75.20307074550554
2012-04-22 15:00:00,66.83723389199531
2012-04-22 16:00:00,52.413588900667385
2012-04-22 17:00:00,49.67284649292692
2012-04-22 18:00:00,40.27599277566557
2012-04-22 19:00:00,43.37474961364874
2012-04-22 20:00:00,25.157659891143876
2012-04-22 21:00:00,36.87851729999135
2012-04-22 22:00:00,15.022030260541964
2012-04-22 23:00:00,21.015103421357285
2012-04-23 00:00:00,11.284739691221892
2012-04-23 01:00:00,3.636835624405098
2012-04-23 02:00:00,2.7008630576883594
2012-04-23 03:00:00,2.198971983896297
2012-04-23 04:00:00,2.5533514010555853
2012-04-23 05:00:00,11.256505986509202
2012-04-23 06:00:00,54.286228799610484
2012-04-23 07:00:00,144.0133078533539
2012-04-23 08:00:00,346.120004863057
2012-04-23 09:00:00,165.83417864876702
2012-04-23 10:00:00,72.49352162110046
2012-04-23 11:00:00,64.5667489734772
2012-04-23 12:00:00,65.02537053894099
2012-04-23 13:00:00,62.53721990657476
2012-04-23 14:00:00,71.88395042977004
2012-04-23 15:00:00,101.17076306262516
2012-04-23 16:00:00,58.743783995874985
2012-04-23 17:00:00,174.28903686461473
2012-04-23 18:00:00,218.72654825698552
2012-04-23 19:00:00,162.3127804045
2012-04-23 20:00:00,99.65517699604727
2012-04-23 21:00:00,80.20899051064794
2012-04-23 22:00:00,52.5642700368039
2012-04-23 23:00:00,28.77828661621692
2012-04-24 00:00:00,13.145861636956884
2012-04-24 01:00:00,5.853465243700815
2012-04-24 02:00:00,2.85679697477258
2012-04-24 03:00:00,2.1770641549303016
2012-04-24 04:00:00,2.916941971880207
2012-04-24 05:00:00,16.6754519848543
2012-04-24 06:00:00,76.01807643505802
2012-04-24 07:00:00,232.8555897877385
2012-04-24 08:00:00,468.65671680513753
2012-04-24 09:00:00,245.76073837974332
2012-04-24 10:00:00,124.66617427810392
2012-04-24 11:00:00,170.93086418186263
2012-04-24 12:00:00,251.93027782392065
2012-04-24 13:00:00,213.42551977321577
2012-04-24 14:00:00,214.34730690643804
2012-04-24 15:00:00,230.11995909375463
2012-04-24 16:00:00,347.9456888563506
2012-04-24 17:00:00,681.6648833011124
2012-04-24 18:00:00,564.3928412167211
2012-04-24 19:00:00,413.6391141192178
2012-04-24 20:00:00,244.78507795959436
2012-04-24 21:00:00,206.6523121035535
2012-04-24 22:00:00,156.79689541403692
2012-04-24 23:00:00,82.1657475288347
2012-04-25 00:00:00,31.834660889426118
2012-04-25 01:00:00,13.261071447248279
2012-04-25 02:00:00,4.669541689551161
2012-04-25 03:00:00,2.9079865329672736
2012-04-25 04:00:00,3.0211834413407286
2012-04-25 05:00:00,15.646843930598099
2012-04-25 06:00:00,77.47342124224335
2012-04-25 07:00:00,219.79624569930724
2012-04-25 08:00:00,407.7383368499688
2012-04-25 09:00:00,252.774248826659
2012-04-25 10:00:00,159.7030797588801
2012-04-25 11:00:00,197.21118144791978
2012-04-25 12:00:00,236.76038777685076
2012-04-25 13:00:00,242.41235390660978
2012-04-25 14:00:00,219.44170643136746
2012-04-25 15:00:00,233.39210009822227
2012-04-25 16:00:00,346.91949432225823
2012-04-25 17:00:00,702.0977524130946
2012-04-25 18:00:00,657.834911678357
2012-04-25 19:00:00,509.9440164805174
2012-04-25 20:00:00,345.2143055885904
2012-04-25 21:00:00,190.00969642238707
2012-04-25 22:00:00,124.6026509505339
2012-04-25 23:00:00,76.71608727200744
2012-04-26 00:00:00,28.414430634353415
2012-04-26 01:00:00,14.811259695760263
2012-04-26 02:00:00,6.916322360464075
2012-04-26 03:00:00,3.931060527430941
2012-04-26 04:00:00,4.367591993833788
2012-04-26 05:00:00,22.49706461384645
2012-04-26 06:00:00,96.51474657398529
2012-04-26 07:00:00,146.27357660696543
2012-04-26 08:00:00,285.2431151500601
2012-04-26 09:00:00,103.56787298546362
2012-04-26 10:00:00,55.497389170254046
2012-04-26 11:00:00,53.16863631634117
2012-04-26 12:00:00,113.86002636847252
2012-04-26 13:00:00,102.81007006085747
2012-04-26 14:00:00,105.45348314306564
2012-04-26 15:00:00,80.54195440100455
2012-04-26 16:00:00,138.93760122882733
2012-04-26 17:00:00,416.3012374103924
2012-04-26 18:00:00,344.9903300931787
2012-04-26 19:00:00,237.6877156740912
2012-04-26 20:00:00,211.72399378499935
2012-04-26 21:00:00,131.62248762024353
2012-04-26 22:00:00,119.99542175793681
2012-04-26 23:00:00,56.92881426608589
2012-04-27 00:00:00,43.96213285964567
2012-04-27 01:00:00,21.398451483951117
2012-04-27 02:00:00,11.633559759441997
2012-04-27 03:00:00,5.8258039681384455
2012-04-27 04:00:00,5.092409575605118
2012-04-27 05:00:00,28.090697647490565
2012-04-27 06:00:00,108.28560731055262
2012-04-27 07:00:00,261.493475298717
2012-04-27 08:00:00,493.8657199280298
2012-04-27 09:00:00,327.8120683586788
2012-04-27 10:00:00,174.15793779630042
2012-04-27 11:00:00,185.79353101292799
2012-04-27 12:00:00,255.05034589882385
2012-04-27 13:00:00,285.410474929374
2012-04-27 14:00:00,237.03339100893956
2012-04-27 15:00:00,290.5005715370926
2012-04-27 16:00:00,410.66843262876307
2012-04-27 17:00:00,695.4476750460115
2012-04-27 18:00:00,577.0330506755987
2012-04-27 19:00:00,396.2771040114529
2012-04-27 20:00:00,222.77785419746976
2012-04-27 21:00:00,194.17499389615304
2012-04-27 22:00:00,140.6127621384931
2012-04-27 23:00:00,101.5569062965357
2012-04-28 00:00:00,68.97328624609196
2012-04-28 01:00:00,42.92736679757075
2012-04-28 02:00:00,46.31778810860963
2012-04-28 03:00:00,16.90498201819335
2012-04-28 04:00:00,5.911822938855168
2012-04-28 05:00:00,8.141961137689934
2012-04-28 06:00:00,19.315619162075983
2012-04-28 07:00:00,46.36441407097309
2012-04-28 08:00:00,149.32505401672003
2012-04-28 09:00:00,198.05599291995287
2012-04-28 10:00:00,260.3929060657032
2012-04-28 11:00:00,313.2086890656502
2012-04-28 12:00:00,315.89797034232004
2012-04-28 13:00:00,365.3209492618959
2012-04-28 14:00:00,390.83075493142303
2012-04-28 15:00:00,371.4225344680176
2012-04-28 16:00:00,336.9771286383544
2012-04-28 17:00:00,309.2964859571249
2012-04-28 18:00:00,161.0065041383874
2012-04-28 19:00:00,147.43332343612192
2012-04-28 20:00:00,117.50342377840222
2012-04-28 21:00:00,83.49369635454231
2012-04-28 22:00:00,103.80431739893719
2012-04-28 23:00:00,68.69584808799125
2012-04-29 00:00:00,60.32894511672586
2012-04-29 01:00:00,48.22650941422458
2012-04-29 02:00:00,36.0659850524838
2012-04-29 03:00:00,16.710049016734686
2012-04-29 04:00:00,5.8941786458225405
2012-04-29 05:00:00,5.5829006449801435
2012-04-29 06:00:00,11.571490544107608
2012-04-29 07:00:00,28.41386355312778
2012-04-29 08:00:00,85.7391794365533
2012-04-29 09:00:00,162.30800564443385
2012-04-29 10:00:00,215.66914551424563
2012-04-29 11:00:00,319.31753730405705
2012-04-29 12:00:00,516.2365928856466
2012-04-29 13:00:00,461.3108566430056
2012-04-29 14:00:00,484.97847805530665
2012-04-29 15:00:00,557.8335587251069
2012-04-29 16:00:00,508.8937801544319
2012-04-29 17:00:00,397.59205094214366
2012-04-29 18:00:00,366.26255577739556
2012-04-29 19:00:00,304.153164812302
2012-04-29 20:00:00,210.7480158863283
2012-04-29 21:00:00,181.25121205463955
2012-04-29 22:00:00,105.32476178058006
2012-04-29 23:00:00,67.75144824788711
2012-04-30 00:00:00,28.107374079806025
2012-04-30 01:00:00,11.335571811880962
2012-04-30 02:00:00,6.5072540713426585
2012-04-30 03:00:00,3.3430571845350094
2012-04-30 04:00:00,3.4831165378116666
2012-04-30 05:00:00,15.619975213106533
2012-04-30 06:00:00,88.02991918212352
2012-04-30 07:00:00,262.57339188781555
2012-04-30 08:00:00,486.15240583437503
2012-04-30 09:00:00,237.30354189792587
2012-04-30 10:00:00,130.2921697545983
2012-04-30 11:00:00,161.06414587616047
2012-04-30 12:00:00,166.49414133286268
2012-04-30 13:00:00,155.9500627939244
2012-04-30 14:00:00,133.97219204797227
2012-04-30 15:00:00,149.42333523979633
2012-04-30 16:00:00,226.39210608507221
2012-04-30 17:00:00,480.88311253099795
2012-04-30 18:00:00,432.6697217146198
2012-04-30 19:00:00,274.4197667855969
2012-04-30 20:00:00,204.86839868191888
2012-04-30 21:00:00,152.5799132149361
2012-04-30 22:00:00,100.0569033933863
2012-04-30 23:00:00,54.687086777490975
2012-05-20 00:00:00,141.48460936116618
2012-05-20 01:00:00,97.4475017240732
2012-05-20 02:00:00,74.19312555780333
2012-05-20 03:00:00,33.75569682624849
2012-05-20 04:00:00,12.6838496602808
2012-05-20 05:00:00,12.259189276073636
2012-05-20 06:00:00,18.541195005903415
2012-05-20 07:00:00,53.3261433316033
2012-05-20 08:00:00,116.17990457423555
2012-05-20 09:00:00,175.9429646938661
2012-05-20 10:00:00,296.24281556898444
2012-05-20 11:00:00,431.43299086304364
2012-05-20 12:00:00,560.3118180554699
2012-05-20 13:00:00,595.2940590471522
2012-05-20 14:00:00,543.5454148068919
2012-05-20 15:00:00,507.2985848943585
2012-05-20 16:00:00,501.2708654653523
2012-05-20 17:00:00,443.18392860379316
2012-05-20 18:00:00,373.32871424480055
2012-05-20 19:00:00,303.0197219480308
2012-05-20 20:00:00,233.05247019315934
2012-05-20 21:00:00,158.14967364494015
2012-05-20 22:00:00,129.4923926803806
2012-05-20 23:00:00,65.73539168952259
2012-05-21 00:00:00,23.49617324107767
2012-05-21 01:00:00,9.202030703898327
2012-05-21 02:00:00,6.141243020143391
2012-05-21 03:00:00,3.490225252567177
2012-05-21 04:00:00,4.073635786114709
2012-05-21 05:00:00,15.841866961779298
2012-05-21 06:00:00,59.44620289567852
2012-05-21 07:00:00,148.01082877491964
2012-05-21 08:00:00,254.18690553567836
2012-05-21 09:00:00,141.0987329818499
2012-05-21 10:00:00,85.18908564548342
2012-05-21 11:00:00,144.30498759557676
2012-05-21 12:00:00,167.4416711474658
2012-05-21 13:00:00,122.36509869164918
2012-05-21 14:00:00,113.44666410319383
2012-05-21 15:00:00,225.7663821624657
2012-05-21 16:00:00,333.7474822616406
2012-05-21 17:00:00,654.6426709730384
2012-05-21 18:00:00,619.7855934603571
2012-05-21 19:00:00,428.28961960596814
2012-05-21 20:00:00,292.02246209874795
2012-05-21 21:00:00,208.7928984956713
2012-05-21 22:00:00,149.63458435085744
2012-05-21 23:00:00,79.27183634635901
2012-05-22 00:00:00,34.13447388377181
2012-05-22 01:00:00,15.014458051226224
2012-05-22 02:00:00,7.91982960163852
2012-05-22 03:00:00,4.835902987792063
2012-05-22 04:00:00,5.135299540155916
2012-05-22 05:00:00,20.26686935192755
2012-05-22 06:00:00,81.04489002939455
2012-05-22 07:00:00,184.9375493324496
2012-05-22 08:00:00,497.89381504004166
2012-05-22 09:00:00,292.29268526655255
2012-05-22 10:00:00,163.2894158842133
2012-05-22 11:00:00,175.56014813038064
2012-05-22 12:00:00,222.6369834521475
2012-05-22 13:00:00,232.08263330615134
2012-05-22 14:00:00,207.90891446533166
2012-05-22 15:00:00,197.09082580966327
2012-05-22 16:00:00,301.5096447893161
2012-05-22 17:00:00,672.5152697219372
2012-05-22 18:00:00,621.2408092793654
2012-05-22 19:00:00,457.0267302893065
2012-05-22 20:00:00,341.1332354272431
2012-05-22 21:00:00,236.48401207195067
2012-05-22 22:00:00,168.58158505963567
2012-05-22 23:00:00,109.71893192794516
2012-05-23 00:00:00,49.31101918207338
2012-05-23 01:00:00,18.70718770203345
2012-05-23 02:00:00,8.070990479495707
2012-05-23 03:00:00,6.1075585344451815
2012-05-23 04:00:00,4.446016432237541
2012-05-23 05:00:00,17.34651104635588
2012-05-23 06:00:00,126.3047778635891
2012-05-23 07:00:00,375.9765556845493
2012-05-23 08:00:00,608.0775084400686
2012-05-23 09:00:00,326.67930403681834
2012-05-23 10:00:00,172.63005187691076
2012-05-23 11:00:00,196.84399090318723
2012-05-23 12:00:00,261.19791423310267
2012-05-23 13:00:00,211.21922770468467
2012-05-23 14:00:00,193.84175716571318
2012-05-23 15:00:00,229.1077391519127
2012-05-23 16:00:00,280.690833707875
2012-05-23 17:00:00,456.69618000648654
2012-05-23 18:00:00,446.9914062344614
2012-05-23 19:00:00,346.3431389684017
2012-05-23 20:00:00,263.6864130067048
2012-05-23 21:00:00,192.50437866149022
2012-05-23 22:00:00,144.401098105176
2012-05-23 23:00:00,110.34396741246756
2012-05-24 00:00:00,53.033847739496
2012-05-24 01:00:00,20.258927234240417
2012-05-24 02:00:00,9.871825957930852
2012-05-24 03:00:00,5.068967221981922
2012-05-24 04:00:00,5.4124450496148775
2012-05-24 05:00:00,28.892557011577843
2012-05-24 06:00:00,121.63727780588043
2012-05-24 07:00:00,415.57303446492733
2012-05-24 08:00:00,678.188531989777
2012-05-24 09:00:00,325.4555259519116
2012-05-24 10:00:00,184.84492294085646
2012-05-24 11:00:00,217.1771540213923
2012-05-24 12:00:00,279.65620395767945
2012-05-24 13:00:00,280.9171998819632
2012-05-24 14:00:00,220.37540397858703
2012-05-24 15:00:00,237.45318748893646
2012-05-24 16:00:00,339.9243097864031
2012-05-24 17:00:00,701.3524533285394
2012-05-24 18:00:00,698.7774110811944
2012-05-24 19:00:00,481.5934755609763
2012-05-24 20:00:00,322.5763356102479
2012-05-24 21:00:00,159.52689639050175
2012-05-24 22:00:00,185.31670155669752
2012-05-24 23:00:00,122.40104926451146
2012-05-25 00:00:00,75.70827939224759
2012-05-25 01:00:00,35.10919073363809
2012-05-25 02:00:00,14.371455578191197
2012-05-25 03:00:00,7.343760147620004
2012-05-25 04:00:00,6.56059891635314
2012-05-25 05:00:00,30.608050662707644
2012-05-25 06:00:00,121.33663671839788
2012-05-25 07:00:00,320.75896278063385
2012-05-25 08:00:00,598.5137091850197
2012-05-25 09:00:00,342.4693136494933
2012-05-25 10:00:00,221.1255955434654
2012-05-25 11:00:00,247.56873411799313
2012-05-25 12:00:00,354.7983689317799
2012-05-25 13:00:00,342.8875827047115
2012-05-25 14:00:00,263.47438175480283
2012-05-25 15:00:00,334.5618774258291
2012-05-25 16:00:00,445.8768382158776
2012-05-25 17:00:00,762.8474311473623
2012-05-25 18:00:00,734.9525912330565
2012-05-25 19:00:00,501.4096827681666
2012-05-25 20:00:00,342.9580495836926
2012-05-25 21:00:00,271.1050892832895
2012-05-25 22:00:00,258.08879068919833
2012-05-25 23:00:00,198.71380938036577
2012-05-26 00:00:00,136.50168455635097
2012-05-26 01:00:00,106.63886916042537
2012-05-26 02:00:00,83.0803317334391
2012-05-26 03:00:00,33.52310141168688
2012-05-26 04:00:00,12.698445471839792
2012-05-26 05:00:00,14.319252792704297
2012-05-26 06:00:00,33.34818342053903
2012-05-26 07:00:00,79.0102708259826
2012-05-26 08:00:00,187.88275465451818
2012-05-26 09:00:00,284.47490147030146
2012-05-26 10:00:00,408.1480541666433
2012-05-26 11:00:00,495.4763719176821
2012-05-26 12:00:00,566.6144809873865
2012-05-26 13:00:00,611.526613166497
2012-05-26 14:00:00,572.7022283561739
2012-05-26 15:00:00,567.57061153366
2012-05-26 16:00:00,517.354571194081
2012-05-26 17:00:00,550.6332553160335
2012-05-26 18:00:00,505.40361376402757
2012-05-26 19:00:00,399.6936355513407
2012-05-26 20:00:00,307.95878576180087
2012-05-26 21:00:00,266.56110696460604
2012-05-26 22:00:00,248.73831032275592
2012-05-26 23:00:00,203.59316561748872
2012-05-27 00:00:00,163.9136057848583
2012-05-27 01:00:00,120.23782274958081
2012-05-27 02:00:00,90.98223800119503
2012-05-27 03:00:00,40.073115742389916
2012-05-27 04:00:00,12.737963784397566
2012-05-27 05:00:00,11.410257277942645
2012-05-27 06:00:00,21.373967623746672
2012-05-27 07:00:00,52.5583836525742
2012-05-27 08:00:00,113.5921546662961
2012-05-27 09:00:00,213.81189638149687
2012-05-27 10:00:00,367.3708220571083
2012-05-27 11:00:00,461.39567677721755
2012-05-27 12:00:00,495.1326331860592
2012-05-27 13:00:00,486.4421964976532
2012-05-27 14:00:00,466.9555479618712
2012-05-27 15:00:00,473.5761069846031
2012-05-27 16:00:00,483.1302269386138
2012-05-27 17:00:00,448.3709116488744
2012-05-27 18:00:00,380.74647311375617
2012-05-27 19:00:00,343.50954810570715
2012-05-27 20:00:00,268.865101861487
2012-05-27 21:00:00,154.24467198915386
2012-05-27 22:00:00,104.92904654603262
2012-05-27 23:00:00,76.91558238922349
2012-05-28 00:00:00,75.7928997708482
2012-05-28 01:00:00,46.40882121710936
2012-05-28 02:00:00,33.88724342280742
2012-05-28 03:00:00,17.47352967339575
2012-05-28 04:00:00,10.592851664298887
2012-05-28 05:00:00,16.227150910439665
2012-05-28 06:00:00,35.818196422427015
2012-05-28 07:00:00,94.71602125934504
2012-05-28 08:00:00,189.19953391062324
2012-05-28 09:00:00,219.71167001607947
2012-05-28 10:00:00,276.2241792558554
2012-05-28 11:00:00,370.4914706902171
2012-05-28 12:00:00,442.50427764986995
2012-05-28 13:00:00,375.6410205820675
2012-05-28 14:00:00,358.16142405568047
2012-05-28 15:00:00,343.30680008970734
2012-05-28 16:00:00,360.0145305771772
2012-05-28 17:00:00,469.99143446824513
2012-05-28 18:00:00,529.2929632389753
2012-05-28 19:00:00,410.70429273979516
2012-05-28 20:00:00,352.292971298106
2012-05-28 21:00:00,291.7996116818485
2012-05-28 22:00:00,207.31662477606108
2012-05-28 23:00:00,110.0473874546185
2012-05-29 00:00:00,40.847276527724595
2012-05-29 01:00:00,16.985547124219217
2012-05-29 02:00:00,9.007977757800456
2012-05-29 03:00:00,5.275055009736791
2012-05-29 04:00:00,7.122330771463283
2012-05-29 05:00:00,35.29145156757069
2012-05-29 06:00:00,158.18502323213534
2012-05-29 07:00:00,376.98026493404683
2012-05-29 08:00:00,662.433334259015
2012-05-29 09:00:00,334.56394307755704
2012-05-29 10:00:00,167.95157235415388
2012-05-29 11:00:00,192.65714571957653
2012-05-29 12:00:00,199.04137364825544
2012-05-29 13:00:00,202.68507739602612
2012-05-29 14:00:00,186.7406770886361
2012-05-29 15:00:00,206.2941045571399
2012-05-29 16:00:00,297.4966125439133
2012-05-29 17:00:00,693.9006340408217
2012-05-29 18:00:00,606.7226164949269
2012-05-29 19:00:00,440.4373863175563
2012-05-29 20:00:00,313.65632280401417
2012-05-29 21:00:00,104.35841698598011
2012-05-29 22:00:00,135.73332813237315
2012-05-29 23:00:00,66.93176044699182
2012-05-30 00:00:00,29.255408081581947
2012-05-30 01:00:00,12.494457093072299
2012-05-30 02:00:00,5.369638246245352
2012-05-30 03:00:00,3.956627455821165
2012-05-30 04:00:00,5.743145570776675
2012-05-30 05:00:00,36.74821592387176
2012-05-30 06:00:00,159.73292414677607
2012-05-30 07:00:00,222.83773687886256
2012-05-30 08:00:00,623.483120413442
2012-05-30 09:00:00,296.29850607011076
2012-05-30 10:00:00,148.0019015932969
2012-05-30 11:00:00,186.53191877010437
2012-05-30 12:00:00,247.91942197698998
2012-05-30 13:00:00,224.29552152042518
2012-05-30 14:00:00,226.4774844888867
2012-05-30 15:00:00,212.1707978336282
2012-05-30 16:00:00,320.59139907042197
2012-05-30 17:00:00,685.9336399969957
2012-05-30 18:00:00,661.9040876986348
2012-05-30 19:00:00,507.71254014233466
2012-05-30 20:00:00,297.15865491268653
2012-05-30 21:00:00,271.40551727686005
2012-05-30 22:00:00,209.12089537282364
2012-05-30 23:00:00,125.50189647627438
2012-05-31 00:00:00,59.58881499539685
2012-05-31 01:00:00,25.1320717359073
2012-05-31 02:00:00,11.781628165825737
2012-05-31 03:00:00,6.137851508066279
2012-05-31 04:00:00,6.7068723365966765
2012-05-31 05:00:00,34.11438946793975
2012-05-31 06:00:00,160.20287069296205
2012-05-31 07:00:00,374.0190179962711
2012-05-31 08:00:00,638.4436648884316
2012-05-31 09:00:00,278.7884907711687
2012-05-31 10:00:00,177.39965269818194
2012-05-31 11:00:00,187.8188921280621
2012-05-31 12:00:00,287.74097631310156
2012-05-31 13:00:00,289.02049783085164
2012-05-31 14:00:00,226.92454636878688
2012-05-31 15:00:00,244.31780726936154
2012-05-31 16:00:00,362.23412415898196
2012-05-31 17:00:00,752.4649667605877
2012-05-31 18:00:00,707.5627533463695
2012-05-31 19:00:00,551.2105130251751
2012-05-31 20:00:00,400.5813815564962
2012-05-31 21:00:00,291.0994604251187
2012-05-31 22:00:00,238.88537409631417
2012-05-31 23:00:00,155.93477947848032
2012-06-20 00:00:00,35.484037025140346
2012-06-20 01:00:00,16.45761148894329
2012-06-20 02:00:00,8.137751873752704
2012-06-20 03:00:00,5.391712104150039
2012-06-20 04:00:00,6.390714859944651
2012-06-20 05:00:00,35.31706032820916
2012-06-20 06:00:00,131.75947096984757
2012-06-20 07:00:00,357.29992016723764
2012-06-20 08:00:00,597.8453194134296
2012-06-20 09:00:00,251.71253841783732
2012-06-20 10:00:00,117.29807728168035
2012-06-20 11:00:00,133.95882144543933
2012-06-20 12:00:00,158.26164303312748
2012-06-20 13:00:00,176.0146523599329
2012-06-20 14:00:00,164.68375162985987
2012-06-20 15:00:00,184.51841474281824
2012-06-20 16:00:00,282.06363265113885
2012-06-20 17:00:00,581.8655050025437
2012-06-20 18:00:00,560.9157193752802
2012-06-20 19:00:00,420.0741807800943
2012-06-20 20:00:00,313.83420681827704
2012-06-20 21:00:00,221.98863293776168
2012-06-20 22:00:00,167.54465997510815
2012-06-20 23:00:00,109.29940243391289
2012-06-21 00:00:00,45.934730338831535
2012-06-21 01:00:00,19.11075503007156
2012-06-21 02:00:00,9.345919619439712
2012-06-21 03:00:00,4.882950817019525
2012-06-21 04:00:00,6.651968174599964
2012-06-21 05:00:00,34.31948496790212
2012-06-21 06:00:00,138.4037110730169
2012-06-21 07:00:00,364.3619513793649
2012-06-21 08:00:00,559.6569148506939
2012-06-21 09:00:00,214.06094141854962
2012-06-21 10:00:00,131.48420749194543
2012-06-21 11:00:00,150.5548888309893
2012-06-21 12:00:00,177.99939756050128
2012-06-21 13:00:00,179.474051011712
2012-06-21 14:00:00,179.68403894823052
2012-06-21 15:00:00,177.70633063590645
2012-06-21 16:00:00,284.9088871813605
2012-06-21 17:00:00,591.2333592065488
2012-06-21 18:00:00,590.8045435742549
2012-06-21 19:00:00,364.8870743266942
2012-06-21 20:00:00,325.2612821195269
2012-06-21 21:00:00,237.2155841651824
2012-06-21 22:00:00,186.3558660439311
2012-06-21 23:00:00,128.16064121417415
2012-06-22 00:00:00,53.90653044626053
2012-06-22 01:00:00,30.173190167777573
2012-06-22 02:00:00,13.3341223688048
2012-06-22 03:00:00,6.627777794330695
2012-06-22 04:00:00,6.150742478896799
2012-06-22 05:00:00,27.760661532234195
2012-06-22 06:00:00,105.22282734274417
2012-06-22 07:00:00,301.9303293014253
2012-06-22 08:00:00,521.5748508006255
2012-06-22 09:00:00,267.3454296451699
2012-06-22 10:00:00,175.37692721354819
2012-06-22 11:00:00,202.02893552572067
2012-06-22 12:00:00,220.51726218418344
2012-06-22 13:00:00,214.44919414874042
2012-06-22 14:00:00,195.6520939321578
2012-06-22 15:00:00,231.81759360849622
2012-06-22 16:00:00,308.64551937469753
2012-06-22 17:00:00,635.2311210243898
2012-06-22 18:00:00,519.9619545750423
2012-06-22 19:00:00,377.16645192627857
2012-06-22 20:00:00,289.4592721006802
2012-06-22 21:00:00,157.58776615195166
2012-06-22 22:00:00,229.57321276372468
2012-06-22 23:00:00,135.7570315665769
2012-06-23 00:00:00,120.7583058315947
2012-06-23 01:00:00,106.76448934931501
2012-06-23 02:00:00,60.9889658705439
2012-06-23 03:00:00,28.876835849059965
2012-06-23 04:00:00,9.942481057746171
2012-06-23 05:00:00,10.963459958662867
2012-06-23 06:00:00,28.105405590215643
2012-06-23 07:00:00,67.68357582292394
2012-06-23 08:00:00,171.05771714261388
2012-06-23 09:00:00,239.75855748824816
2012-06-23 10:00:00,345.2773037135776
2012-06-23 11:00:00,469.13008058487986
2012-06-23 12:00:00,460.3854557131362
2012-06-23 13:00:00,502.07917281413467
2012-06-23 14:00:00,521.7266858105252
2012-06-23 15:00:00,464.5320667482781
2012-06-23 16:00:00,450.53106463597084
2012-06-23 17:00:00,437.75181595504455
2012-06-23 18:00:00,397.9711130618545
2012-06-23 19:00:00,328.8487151447121
2012-06-23 20:00:00,303.8355928559693
2012-06-23 21:00:00,271.42723095526827
2012-06-23 22:00:00,254.85206183369962
2012-06-23 23:00:00,198.01965935672825
2012-06-24 00:00:00,155.3565942157347
2012-06-24 01:00:00,115.41949652141429
2012-06-24 02:00:00,85.55810940688959
2012-06-24 03:00:00,36.39499182599103
2012-06-24 04:00:00,12.07067563856992
2012-06-24 05:00:00,12.418702347714934
2012-06-24 06:00:00,23.340221732668898
2012-06-24 07:00:00,57.19343129181298
2012-06-24 08:00:00,119.39045994780268
2012-06-24 09:00:00,217.3264565850898
2012-06-24 10:00:00,301.32511019929996
2012-06-24 11:00:00,399.2909826135817
2012-06-24 12:00:00,503.67831109320105
2012-06-24 13:00:00,499.75179101940586
2012-06-24 14:00:00,461.54109930589834
2012-06-24 15:00:00,439.2031537232153
2012-06-24 16:00:00,473.4626322644593
2012-06-24 17:00:00,442.1111966145109
2012-06-24 18:00:00,415.42458939877474
2012-06-24 19:00:00,344.5154564818646
2012-06-24 20:00:00,287.87887954794684
2012-06-24 21:00:00,216.99078747389362
2012-06-24 22:00:00,167.85513538367715
2012-06-24 23:00:00,106.94222042243351
2012-06-25 00:00:00,36.998750422375664
2012-06-25 01:00:00,15.410193752367594
2012-06-25 02:00:00,8.771975378612552
2012-06-25 03:00:00,5.217437996227915
2012-06-25 04:00:00,7.359286861907971
2012-06-25 05:00:00,31.482242047855546
2012-06-25 06:00:00,130.6009519425176
2012-06-25 07:00:00,355.6386136620399
2012-06-25 08:00:00,559.9577356863357
2012-06-25 09:00:00,247.06217687210565
2012-06-25 10:00:00,136.52406302306645
2012-06-25 11:00:00,145.18521313106245
2012-06-25 12:00:00,224.55943858565678
2012-06-25 13:00:00,204.0951476726746
2012-06-25 14:00:00,179.92430153596914
2012-06-25 15:00:00,212.83804502798537
2012-06-25 16:00:00,325.34393051430584
2012-06-25 17:00:00,617.4198005816265
2012-06-25 18:00:00,579.8214994693292
2012-06-25 19:00:00,420.770852351212
2012-06-25 20:00:00,317.9606800717273
2012-06-25 21:00:00,215.88878661340186
2012-06-25 22:00:00,171.9861928633346
2012-06-25 23:00:00,87.6366156132946
2012-06-26 00:00:00,34.994964764214465
2012-06-26 01:00:00,15.776536629889774
2012-06-26 02:00:00,6.896896622238045
2012-06-26 03:00:00,4.3854504162132395
2012-06-26 04:00:00,6.137547043896727
2012-06-26 05:00:00,35.84628723929877
2012-06-26 06:00:00,148.29970042918015
2012-06-26 07:00:00,400.1899402628308
2012-06-26 08:00:00,561.1590317891709
2012-06-26 09:00:00,281.62460953447396
2012-06-26 10:00:00,151.16661554023938
2012-06-26 11:00:00,214.7873476947754
2012-06-26 12:00:00,269.5853517737784
2012-06-26 13:00:00,239.32036176049155
2012-06-26 14:00:00,230.38762492992106
2012-06-26 15:00:00,243.74044098154246
2012-06-26 16:00:00,386.2867625447385
2012-06-26 17:00:00,779.9381442810361
2012-06-26 18:00:00,725.0894896410745
2012-06-26 19:00:00,564.7826875860628
2012-06-26 20:00:00,378.7452009773485
2012-06-26 21:00:00,302.8620725417971
2012-06-26 22:00:00,215.1536129957099
2012-06-26 23:00:00,129.4981777930965
2012-06-27 00:00:00,38.138103910712886
2012-06-27 01:00:00,16.49697644536612
2012-06-27 02:00:00,7.924643611099823
2012-06-27 03:00:00,4.56031371406957
2012-06-27 04:00:00,5.604407057707791
2012-06-27 05:00:00,31.879100092589223
2012-06-27 06:00:00,136.95249207040706
2012-06-27 07:00:00,361.3036781131582
2012-06-27 08:00:00,562.7578203618423
2012-06-27 09:00:00,253.97941421171183
2012-06-27 10:00:00,146.49959154346445
2012-06-27 11:00:00,172.10643037350303
2012-06-27 12:00:00,220.7442020736585
2012-06-27 13:00:00,194.02179628297958
2012-06-27 14:00:00,203.41323612033517
2012-06-27 15:00:00,206.79350655530993
2012-06-27 16:00:00,327.0328546546033
2012-06-27 17:00:00,690.7555526537192
2012-06-27 18:00:00,588.1512882946356
2012-06-27 19:00:00,416.7173319104483
2012-06-27 20:00:00,377.3001979357381
2012-06-27 21:00:00,298.2548903186244
2012-06-27 22:00:00,224.4485612974115
2012-06-27 23:00:00,131.462977895661
2012-06-28 00:00:00,48.11076583173223
2012-06-28 01:00:00,23.23394982331616
2012-06-28 02:00:00,9.478819135361256
2012-06-28 03:00:00,5.633725555318085
2012-06-28 04:00:00,6.845116760486049
2012-06-28 05:00:00,37.201499500247174
2012-06-28 06:00:00,174.2344819213371
2012-06-28 07:00:00,443.4616924898487
2012-06-28 08:00:00,635.7075496135735
2012-06-28 09:00:00,299.4056358096351
2012-06-28 10:00:00,155.52411167128102
2012-06-28 11:00:00,135.23134503104632
2012-06-28 12:00:00,180.47602850806825
2012-06-28 13:00:00,169.1068970491274
2012-06-28 14:00:00,162.34473336844275
2012-06-28 15:00:00,184.8178455351446
2012-06-28 16:00:00,283.5274517647523
2012-06-28 17:00:00,575.2979449958525
2012-06-28 18:00:00,545.992091584306
2012-06-28 19:00:00,376.6501160138859
2012-06-28 20:00:00,341.1186198210827
2012-06-28 21:00:00,259.8420335549558
2012-06-28 22:00:00,221.91028815188847
2012-06-28 23:00:00,142.68518556945415
2012-06-29 00:00:00,67.78105128431855
2012-06-29 01:00:00,31.537317247063452
2012-06-29 02:00:00,14.163650430673885
2012-06-29 03:00:00,6.6613012504438105
2012-06-29 04:00:00,6.383042107535976
2012-06-29 05:00:00,35.54701461131583
2012-06-29 06:00:00,131.09211617368655
2012-06-29 07:00:00,351.20725337217766
2012-06-29 08:00:00,508.85694792512913
2012-06-29 09:00:00,279.4660496389115
2012-06-29 10:00:00,145.82649559522523
2012-06-29 11:00:00,183.07592150630143
2012-06-29 12:00:00,236.90403066060716
2012-06-29 13:00:00,196.86963265962888
2012-06-29 14:00:00,186.30708353629674
2012-06-29 15:00:00,194.87990264439244
2012-06-29 16:00:00,288.1662187672132
2012-06-29 17:00:00,452.02691284504687
2012-06-29 18:00:00,392.13367220379644
2012-06-29 19:00:00,295.565116067713
2012-06-29 20:00:00,251.2677897635755
2012-06-29 21:00:00,184.8069815951893
2012-06-29 22:00:00,98.55921449849873
2012-06-29 23:00:00,75.9128527863597
2012-06-30 00:00:00,92.29621090186299
2012-06-30 01:00:00,69.24869540224498
2012-06-30 02:00:00,63.92397336453291
2012-06-30 03:00:00,29.423209323286027
2012-06-30 04:00:00,8.975493012830553
2012-06-30 05:00:00,12.684933931452033
2012-06-30 06:00:00,29.792753066678525
2012-06-30 07:00:00,72.31261789629846
2012-06-30 08:00:00,164.78707698878415
2012-06-30 09:00:00,235.77387171039646
2012-06-30 10:00:00,275.2187566518624
2012-06-30 11:00:00,355.00333747988793
2012-06-30 12:00:00,457.3810632215509
2012-06-30 13:00:00,469.33135499823624
2012-06-30 14:00:00,454.2228857400918
2012-06-30 15:00:00,469.01407896518054
2012-06-30 16:00:00,426.5511394030587
2012-06-30 17:00:00,437.12380688036563
2012-06-30 18:00:00,389.99314901331644
2012-06-30 19:00:00,360.846780132348
2012-06-30 20:00:00,291.86741456190884
2012-06-30 21:00:00,249.44701470681824
2012-06-30 22:00:00,204.45382068176863
2012-06-30 23:00:00,164.26985772322598
2012-07-20 00:00:00,42.58750397453525
2012-07-20 01:00:00,29.56996232250746
2012-07-20 02:00:00,13.371190108541917
2012-07-20 03:00:00,7.46028155143323
2012-07-20 04:00:00,6.415646398338712
2012-07-20 05:00:00,27.967036632939763
2012-07-20 06:00:00,107.1044522227844
2012-07-20 07:00:00,282.0203212807574
2012-07-20 08:00:00,554.7553747598394
2012-07-20 09:00:00,306.3069007987668
2012-07-20 10:00:00,145.711924345757
2012-07-20 11:00:00,137.13177660079134
2012-07-20 12:00:00,141.7847918962964
2012-07-20 13:00:00,131.05303109579222
2012-07-20 14:00:00,119.52003625089688
2012-07-20 15:00:00,163.70734262673486
2012-07-20 16:00:00,219.59066343766253
2012-07-20 17:00:00,252.42868959862176
2012-07-20 18:00:00,346.9017795462386
2012-07-20 19:00:00,191.15590143279147
2012-07-20 20:00:00,87.92329314026874
2012-07-20 21:00:00,78.33283927986494
2012-07-20 22:00:00,129.65625016715342
2012-07-20 23:00:00,92.76368922814824
2012-07-21 00:00:00,74.8753234020234
2012-07-21 01:00:00,80.69030555213135
2012-07-21 02:00:00,35.623618019044834
2012-07-21 03:00:00,16.96793993928027
2012-07-21 04:00:00,4.861929827846177
2012-07-21 05:00:00,5.643563378528802
2012-07-21 06:00:00,10.84247509605467
2012-07-21 07:00:00,45.83281481814222
2012-07-21 08:00:00,111.37168575377036
2012-07-21 09:00:00,183.6883302524597
2012-07-21 10:00:00,137.12271768456804
2012-07-21 11:00:00,261.27523682770936
2012-07-21 12:00:00,186.80805624186328
2012-07-21 13:00:00,187.17372488533152
2012-07-21 14:00:00,235.27508712585362
2012-07-21 15:00:00,154.48596311892638
2012-07-21 16:00:00,159.2259741381867
2012-07-21 17:00:00,149.28281362952748
2012-07-21 18:00:00,223.56126433486153
2012-07-21 19:00:00,197.6477046468401
2012-07-21 20:00:00,104.63504400355453
2012-07-21 21:00:00,166.57776472469197
2012-07-21 22:00:00,148.4277613309544
2012-07-21 23:00:00,117.07903747273211
2012-07-22 00:00:00,110.74076816827339
2012-07-22 01:00:00,80.5003280254348
2012-07-22 02:00:00,65.10934987599819
2012-07-22 03:00:00,29.60689344897955
2012-07-22 04:00:00,8.905316636608276
2012-07-22 05:00:00,7.740791972679834
2012-07-22 06:00:00,14.76569280108126
2012-07-22 07:00:00,36.67722873452769
2012-07-22 08:00:00,92.03427671371003
2012-07-22 09:00:00,189.5177172014964
2012-07-22 10:00:00,274.7697742371143
2012-07-22 11:00:00,321.5302467772413
2012-07-22 12:00:00,434.8756262985223
2012-07-22 13:00:00,412.660046420203
2012-07-22 14:00:00,382.93697888550986
2012-07-22 15:00:00,382.9888828097255
2012-07-22 16:00:00,390.3209713629538
2012-07-22 17:00:00,340.52240613922555
2012-07-22 18:00:00,325.4113165384853
2012-07-22 19:00:00,293.41613415984267
2012-07-22 20:00:00,227.035250845722
2012-07-22 21:00:00,170.13333701096604
2012-07-22 22:00:00,144.65540635125316
2012-07-22 23:00:00,97.42111262315795
2012-07-23 00:00:00,37.05773397254227
2012-07-23 01:00:00,15.106453326157066
2012-07-23 02:00:00,7.548881084165241
2012-07-23 03:00:00,4.537051931855199
2012-07-23 04:00:00,5.929238978510313
2012-07-23 05:00:00,22.080105418494828
2012-07-23 06:00:00,117.86916576830967
2012-07-23 07:00:00,345.1911878124583
2012-07-23 08:00:00,576.9479917293196
2012-07-23 09:00:00,295.89529714840825
2012-07-23 10:00:00,181.68884675911931
2012-07-23 11:00:00,225.93919366080394
2012-07-23 12:00:00,285.23322237255604
2012-07-23 13:00:00,280.7403815992332
2012-07-23 14:00:00,238.1341445731266
2012-07-23 15:00:00,206.88526947724756
2012-07-23 16:00:00,329.1102232369996
2012-07-23 17:00:00,658.1956918887386
2012-07-23 18:00:00,705.0288467718286
2012-07-23 19:00:00,480.480048113436
2012-07-23 20:00:00,373.0527473005923
2012-07-23 21:00:00,268.8968498832981
2012-07-23 22:00:00,174.73200442653214
2012-07-23 23:00:00,97.94977237167572
2012-07-24 00:00:00,42.30346393925665
2012-07-24 01:00:00,16.177406438935826
2012-07-24 02:00:00,7.252344958603549
2012-07-24 03:00:00,4.723463016172314
2012-07-24 04:00:00,5.9566431228421095
2012-07-24 05:00:00,30.704051427987412
2012-07-24 06:00:00,129.9261098690975
2012-07-24 07:00:00,347.19769187838324
2012-07-24 08:00:00,558.8406901402075
2012-07-24 09:00:00,229.7070211178771
2012-07-24 10:00:00,123.13199051968269
2012-07-24 11:00:00,171.22982707342004
2012-07-24 12:00:00,235.94493862510336
2012-07-24 13:00:00,201.29708335647794
2012-07-24 14:00:00,198.72604832106245
2012-07-24 15:00:00,180.86516312504497
2012-07-24 16:00:00,257.93386814401924
2012-07-24 17:00:00,581.0930381507361
2012-07-24 18:00:00,603.910729727043
2012-07-24 19:00:00,480.1305403259488
2012-07-24 20:00:00,357.6505174685669
2012-07-24 21:00:00,265.1621021032931
2012-07-24 22:00:00,184.45678816202013
2012-07-24 23:00:00,94.81964259843585
2012-07-25 00:00:00,38.72231176755448
2012-07-25 01:00:00,17.912947056462926
2012-07-25 02:00:00,8.742721099685296
2012-07-25 03:00:00,4.776053970396441
2012-07-25 04:00:00,5.034290436460697
2012-07-25 05:00:00,26.744952138501453
2012-07-25 06:00:00,120.80447017786025
2012-07-25 07:00:00,323.6657839952533
2012-07-25 08:00:00,549.9362580429295
2012-07-25 09:00:00,225.6263005181601
2012-07-25 10:00:00,149.51966772043951
2012-07-25 11:00:00,165.0320677006572
2012-07-25 12:00:00,253.6603790897811
2012-07-25 13:00:00,233.28543089646578
2012-07-25 14:00:00,215.95348811977928
2012-07-25 15:00:00,242.7548852864018
2012-07-25 16:00:00,343.97296712260237
2012-07-25 17:00:00,701.3940614974181
2012-07-25 18:00:00,673.1269945926198
2012-07-25 19:00:00,524.4542904299533
2012-07-25 20:00:00,412.64410748895386
2012-07-25 21:00:00,323.5217502053344
2012-07-25 22:00:00,199.10256866094446
2012-07-25 23:00:00,122.04802521975088
2012-07-26 00:00:00,50.01349604185263
2012-07-26 01:00:00,20.857751957586906
2012-07-26 02:00:00,10.0303343856931
2012-07-26 03:00:00,5.523932318851017
2012-07-26 04:00:00,5.792756964357014
2012-07-26 05:00:00,31.520349143458223
2012-07-26 06:00:00,137.97820311300725
2012-07-26 07:00:00,355.9930288427388
2012-07-26 08:00:00,579.3206372317221
2012-07-26 09:00:00,302.78738603053523
2012-07-26 10:00:00,151.44894573537127
2012-07-26 11:00:00,153.79512938628224
2012-07-26 12:00:00,194.56301003035682
2012-07-26 13:00:00,177.32895127692487
2012-07-26 14:00:00,159.83711953962387
2012-07-26 15:00:00,192.8530278983835
2012-07-26 16:00:00,317.28888135006343
2012-07-26 17:00:00,601.039863416564
2012-07-26 18:00:00,556.0196643630637
2012-07-26 19:00:00,375.2441107243767
2012-07-26 20:00:00,342.66102358013944
2012-07-26 21:00:00,305.32461568402465
2012-07-26 22:00:00,252.934346061757
2012-07-26 23:00:00,149.57969618814607
2012-07-27 00:00:00,76.79339430171936
2012-07-27 01:00:00,36.86084722782899
2012-07-27 02:00:00,16.18122159625209
2012-07-27 03:00:00,8.2740483680727
2012-07-27 04:00:00,6.9516565731417375
2012-07-27 05:00:00,33.26103881697791
2012-07-27 06:00:00,122.73575686609641
2012-07-27 07:00:00,339.64871695454
2012-07-27 08:00:00,544.3968588824823
2012-07-27 09:00:00,298.1682974298312
2012-07-27 10:00:00,195.95689248446448
2012-07-27 11:00:00,214.82877571725479
2012-07-27 12:00:00,263.1778511810801
2012-07-27 13:00:00,251.18513693004016
2012-07-27 14:00:00,220.27210337117864
2012-07-27 15:00:00,279.60702347039506
2012-07-27 16:00:00,370.65979072938023
2012-07-27 17:00:00,633.14146904171
2012-07-27 18:00:00,630.1624346138352
2012-07-27 19:00:00,408.12836474267806
2012-07-27 20:00:00,339.85263505627796
2012-07-27 21:00:00,272.28569806259236
2012-07-27 22:00:00,242.73510399517463
2012-07-27 23:00:00,181.6943021874688
2012-07-28 00:00:00,140.80864124596602
2012-07-28 01:00:00,109.38884680563118
2012-07-28 02:00:00,73.05582982624638
2012-07-28 03:00:00,31.811498179789496
2012-07-28 04:00:00,10.625057634145803
2012-07-28 05:00:00,11.681574711429395
2012-07-28 06:00:00,27.16668550917274
2012-07-28 07:00:00,66.39648195110853
2012-07-28 08:00:00,136.48290715908917
2012-07-28 09:00:00,230.31332533323138
2012-07-28 10:00:00,328.0545161862722
2012-07-28 11:00:00,415.81075694273284
2012-07-28 12:00:00,460.8990430536662
2012-07-28 13:00:00,464.98342224918787
2012-07-28 14:00:00,436.732890983743
2012-07-28 15:00:00,456.0117111348175
2012-07-28 16:00:00,449.7697362296596
2012-07-28 17:00:00,457.73537003308286
2012-07-28 18:00:00,428.0363407187647
2012-07-28 19:00:00,271.01620314293234
2012-07-28 20:00:00,230.25754473808544
2012-07-28 21:00:00,237.8404690893484
2012-07-28 22:00:00,210.22234779532008
2012-07-28 23:00:00,166.98233736575338
2012-07-29 00:00:00,134.45370915504333
2012-07-29 01:00:00,100.83509658966841
2012-07-29 02:00:00,82.62747353701734
2012-07-29 03:00:00,32.783043483695046
2012-07-29 04:00:00,10.267655702325719
2012-07-29 05:00:00,8.948264981404456
2012-07-29 06:00:00,17.92613946904839
2012-07-29 07:00:00,40.83288532893861
2012-07-29 08:00:00,96.9347442617797
2012-07-29 09:00:00,189.09634552014668
2012-07-29 10:00:00,286.28400484750995
2012-07-29 11:00:00,372.9646474596976
2012-07-29 12:00:00,398.1727523476039
2012-07-29 13:00:00,453.96787097817133
2012-07-29 14:00:00,431.951296189249
2012-07-29 15:00:00,414.4770552754725
2012-07-29 16:00:00,433.87165006267406
2012-07-29 17:00:00,408.5692132590756
2012-07-29 18:00:00,373.11297359388425
2012-07-29 19:00:00,317.40181234341503
2012-07-29 20:00:00,248.40036664419267
2012-07-29 21:00:00,215.52405699638382
2012-07-29 22:00:00,162.4517709475375
2012-07-29 23:00:00,108.23567158844517
2012-07-30 00:00:00,44.21948993856545
2012-07-30 01:00:00,18.47566407527776
2012-07-30 02:00:00,9.80872543064869
2012-07-30 03:00:00,5.024164450913385
2012-07-30 04:00:00,6.301992157070891
2012-07-30 05:00:00,26.05323306639722
2012-07-30 06:00:00,110.7346234797397
2012-07-30 07:00:00,317.9072573500276
2012-07-30 08:00:00,571.0441634744565
2012-07-30 09:00:00,298.38243886559144
2012-07-30 10:00:00,163.61659316674795
2012-07-30 11:00:00,203.1693711547065
2012-07-30 12:00:00,284.1051726078842
2012-07-30 13:00:00,228.18537341701372
2012-07-30 14:00:00,211.31154655692487
2012-07-30 15:00:00,225.7176765031376
2012-07-30 16:00:00,320.9704274213444
2012-07-30 17:00:00,593.1213559831533
2012-07-30 18:00:00,647.6150464128178
2012-07-30 19:00:00,467.0082856045627
2012-07-30 20:00:00,332.41077229243126
2012-07-30 21:00:00,263.56826151928976
2012-07-30 22:00:00,175.95470664673644
2012-07-30 23:00:00,96.15470995513162
2012-07-31 00:00:00,37.75661532195089
2012-07-31 01:00:00,14.81487827052939
2012-07-31 02:00:00,7.469953192777099
2012-07-31 03:00:00,4.884430038485728
2012-07-31 04:00:00,5.899536934766833
2012-07-31 05:00:00,29.443699652870592
2012-07-31 06:00:00,114.26063565939924
2012-07-31 07:00:00,340.90597856998056
2012-07-31 08:00:00,562.0696952583752
2012-07-31 09:00:00,279.93940105242007
2012-07-31 10:00:00,139.74730658577738
2012-07-31 11:00:00,144.34316859495812
2012-07-31 12:00:00,214.51981115983963
2012-07-31 13:00:00,168.88716017020238
2012-07-31 14:00:00,160.2261779039925
2012-07-31 15:00:00,211.36524390924876
2012-07-31 16:00:00,273.7763320551513
2012-07-31 17:00:00,639.4799602611015
2012-07-31 18:00:00,556.1337029984604
2012-07-31 19:00:00,450.87870226126404
2012-07-31 20:00:00,300.3384825621201
2012-07-31 21:00:00,229.45788172564443
2012-07-31 22:00:00,184.4485016917625
2012-07-31 23:00:00,103.69682217758539
2012-08-20 00:00:00,28.9720829879036
2012-08-20 01:00:00,13.36670693200457
2012-08-20 02:00:00,7.245843489050878
2012-08-20 03:00:00,4.0807858854269234
2012-08-20 04:00:00,5.267070006546052
2012-08-20 05:00:00,22.462501064630427
2012-08-20 06:00:00,105.89220124362703
2012-08-20 07:00:00,280.5637880574474
2012-08-20 08:00:00,462.8518766645068
2012-08-20 09:00:00,261.32671455238926
2012-08-20 10:00:00,154.61329993905701
2012-08-20 11:00:00,171.63857126333735
2012-08-20 12:00:00,231.22747631000556
2012-08-20 13:00:00,210.1427605546162
2012-08-20 14:00:00,196.59237727991712
2012-08-20 15:00:00,215.3427978245934
2012-08-20 16:00:00,320.3009024541348
2012-08-20 17:00:00,589.4404317616438
2012-08-20 18:00:00,499.7462334697078
2012-08-20 19:00:00,358.47623259553916
2012-08-20 20:00:00,192.56938158440857
2012-08-20 21:00:00,168.21581329408238
2012-08-20 22:00:00,106.73409156973514
2012-08-20 23:00:00,58.679078026221205
2012-08-21 00:00:00,28.84982577985193
2012-08-21 01:00:00,12.367961801351298
2012-08-21 02:00:00,4.9746704083022255
2012-08-21 03:00:00,3.8636020827970463
2012-08-21 04:00:00,5.031115555685717
2012-08-21 05:00:00,28.697206580290192
2012-08-21 06:00:00,127.43763655805827
2012-08-21 07:00:00,321.6107694048319
2012-08-21 08:00:00,512.0324427655378
2012-08-21 09:00:00,233.16512510225309
2012-08-21 10:00:00,135.61214131402727
2012-08-21 11:00:00,163.6006408515889
2012-08-21 12:00:00,215.63630900529137
2012-08-21 13:00:00,216.90175493751295
2012-08-21 14:00:00,216.27402689866207
2012-08-21 15:00:00,237.7909589620395
2012-08-21 16:00:00,354.66866406491374
2012-08-21 17:00:00,601.8762568119984
2012-08-21 18:00:00,654.5503228981229
2012-08-21 19:00:00,382.0196517596207
2012-08-21 20:00:00,310.11099558850043
2012-08-21 21:00:00,234.29252947547658
2012-08-21 22:00:00,155.0400370629239
2012-08-21 23:00:00,84.84850512307429
2012-08-22 00:00:00,38.24045399822387
2012-08-22 01:00:00,17.187837925621935
2012-08-22 02:00:00,8.50247589686536
2012-08-22 03:00:00,5.222533055203501
2012-08-22 04:00:00,5.69174859315715
2012-08-22 05:00:00,32.647046978357686
2012-08-22 06:00:00,137.75588393974803
2012-08-22 07:00:00,346.2296861904322
2012-08-22 08:00:00,575.3135938066348
2012-08-22 09:00:00,241.52880171376447
2012-08-22 10:00:00,144.82304011679824
2012-08-22 11:00:00,156.88199000392686
2012-08-22 12:00:00,205.79010552381396
2012-08-22 13:00:00,220.76043751396278
2012-08-22 14:00:00,206.0664520860074
2012-08-22 15:00:00,221.91608763465078
2012-08-22 16:00:00,239.04135930862518
2012-08-22 17:00:00,481.25726548723117
2012-08-22 18:00:00,420.4734742836116
2012-08-22 19:00:00,381.8337366619081
2012-08-22 20:00:00,342.34786629963503
2012-08-22 21:00:00,254.29771062720445
2012-08-22 22:00:00,187.94914366641467
2012-08-22 23:00:00,97.06999883469874
2012-08-23 00:00:00,46.77076784370693
2012-08-23 01:00:00,17.931517816810327
2012-08-23 02:00:00,8.843412892526521
2012-08-23 03:00:00,5.198028221088782
2012-08-23 04:00:00,5.626700496137901
2012-08-23 05:00:00,28.30911327706194
2012-08-23 06:00:00,100.8587157548151
2012-08-23 07:00:00,304.7690110447609
2012-08-23 08:00:00,550.5726602762137
2012-08-23 09:00:00,306.15940116216376
2012-08-23 10:00:00,163.52731539910667
2012-08-23 11:00:00,210.87654743186508
2012-08-23 12:00:00,244.8317707316105
2012-08-23 13:00:00,245.6046824012303
2012-08-23 14:00:00,204.47842453042745
2012-08-23 15:00:00,235.57560468455003
2012-08-23 16:00:00,362.90769137063234
2012-08-23 17:00:00,644.6789334644826
2012-08-23 18:00:00,682.4124091577706
2012-08-23 19:00:00,491.70831334300254
2012-08-23 20:00:00,379.59798192342356
2012-08-23 21:00:00,288.1130923215809
2012-08-23 22:00:00,220.0113969796055
2012-08-23 23:00:00,126.93313978135376
2012-08-24 00:00:00,63.109002618549425
2012-08-24 01:00:00,25.63585147791313
2012-08-24 02:00:00,14.9964413413336
2012-08-24 03:00:00,7.57477539077027
2012-08-24 04:00:00,6.337523700359307
2012-08-24 05:00:00,30.069736386721758
2012-08-24 06:00:00,92.55806876948141
2012-08-24 07:00:00,275.140494542146
2012-08-24 08:00:00,466.93594943498476
2012-08-24 09:00:00,300.231724990074
2012-08-24 10:00:00,219.8010062131344
2012-08-24 11:00:00,267.2087783236998
2012-08-24 12:00:00,295.7898929610423
2012-08-24 13:00:00,329.8077627772707
2012-08-24 14:00:00,241.12959508509306
2012-08-24 15:00:00,288.2126011979701
2012-08-24 16:00:00,413.61651420898073
2012-08-24 17:00:00,609.2644949050093
2012-08-24 18:00:00,579.7106116344241
2012-08-24 19:00:00,380.3234644748483
2012-08-24 20:00:00,267.1284360694108
2012-08-24 21:00:00,224.9082531813692
2012-08-24 22:00:00,212.68495146723012
2012-08-24 23:00:00,146.9110898182906
2012-08-25 00:00:00,133.26609437678596
2012-08-25 01:00:00,98.6059812709084
2012-08-25 02:00:00,68.6048270736063
2012-08-25 03:00:00,30.60805667190387
2012-08-25 04:00:00,9.753837299469579
2012-08-25 05:00:00,11.18747836208357
2012-08-25 06:00:00,23.55703913523947
2012-08-25 07:00:00,53.90245972569264
2012-08-25 08:00:00,125.02203073593682
2012-08-25 09:00:00,239.67883472719447
2012-08-25 10:00:00,323.30669364744284
2012-08-25 11:00:00,437.9235008024939
2012-08-25 12:00:00,443.92770397106733
2012-08-25 13:00:00,468.58513941349355
2012-08-25 14:00:00,327.7951522607133
2012-08-25 15:00:00,348.76299147123837
2012-08-25 16:00:00,344.17748111163513
2012-08-25 17:00:00,320.50732518104456
2012-08-25 18:00:00,259.32040749826143
2012-08-25 19:00:00,234.58312709674624
2012-08-25 20:00:00,120.76261907558641
2012-08-25 21:00:00,148.61751055973042
2012-08-25 22:00:00,131.0920201213358
2012-08-25 23:00:00,113.36337956660216
2012-08-26 00:00:00,111.08172438099348
2012-08-26 01:00:00,88.634869931052
2012-08-26 02:00:00,65.43026073239588
2012-08-26 03:00:00,28.969850729777765
2012-08-26 04:00:00,9.958508465570787
2012-08-26 05:00:00,8.408720589428295
2012-08-26 06:00:00,13.34913876934553
2012-08-26 07:00:00,36.044197056521874
2012-08-26 08:00:00,91.18170452287616
2012-08-26 09:00:00,172.2286769410862
2012-08-26 10:00:00,314.60132908045483
2012-08-26 11:00:00,372.3838592959623
2012-08-26 12:00:00,285.7116905121819
2012-08-26 13:00:00,224.74932591730553
2012-08-26 14:00:00,238.8007553727701
2012-08-26 15:00:00,152.1901876372142
2012-08-26 16:00:00,154.41125521187027
2012-08-26 17:00:00,210.05007112902922
2012-08-26 18:00:00,194.82687208486206
2012-08-26 19:00:00,167.70904542405088
2012-08-26 20:00:00,149.45816646693737
2012-08-26 21:00:00,132.79798380121517
2012-08-26 22:00:00,97.49728375362561
2012-08-26 23:00:00,71.70278569390882
2012-08-27 00:00:00,30.25422608701615
2012-08-27 01:00:00,12.370449522978872
2012-08-27 02:00:00,6.803821087823701
2012-08-27 03:00:00,4.004171686239377
2012-08-27 04:00:00,5.351713332953731
2012-08-27 05:00:00,21.414665785462955
2012-08-27 06:00:00,90.88712657290331
2012-08-27 07:00:00,279.34706409149965
2012-08-27 08:00:00,465.5263822385416
2012-08-27 09:00:00,228.94290298043637
2012-08-27 10:00:00,148.89299017977822
2012-08-27 11:00:00,173.10651169073893
2012-08-27 12:00:00,229.51638086157536
2012-08-27 13:00:00,211.06017432013627
2012-08-27 14:00:00,198.46268402066104
2012-08-27 15:00:00,195.28049028530344
2012-08-27 16:00:00,319.78118868956545
2012-08-27 17:00:00,656.2352481336111
2012-08-27 18:00:00,629.5931878732171
2012-08-27 19:00:00,448.24705418035364
2012-08-27 20:00:00,344.0406637602733
2012-08-27 21:00:00,242.85463951259518
2012-08-27 22:00:00,138.49491952125257
2012-08-27 23:00:00,76.42880221880452
2012-08-28 00:00:00,35.0153598734145
2012-08-28 01:00:00,14.702818055029198
2012-08-28 02:00:00,7.4375836828789925
2012-08-28 03:00:00,4.548276690329954
2012-08-28 04:00:00,6.293986649690702
2012-08-28 05:00:00,31.938117095000102
2012-08-28 06:00:00,126.55941888057158
2012-08-28 07:00:00,354.57369336989404
2012-08-28 08:00:00,553.7535877216848
2012-08-28 09:00:00,268.1536858426716
2012-08-28 10:00:00,148.22213509810913
2012-08-28 11:00:00,153.5362545611806
2012-08-28 12:00:00,202.5917152513381
2012-08-28 13:00:00,197.3297048854326
2012-08-28 14:00:00,191.4775845321626
2012-08-28 15:00:00,228.60355571371724
2012-08-28 16:00:00,320.01018696131786
2012-08-28 17:00:00,767.7084376282079
2012-08-28 18:00:00,733.3733838461511
2012-08-28 19:00:00,503.69072846214675
2012-08-28 20:00:00,351.8806597542995
2012-08-28 21:00:00,258.05739528324267
2012-08-28 22:00:00,183.39333726958202
2012-08-28 23:00:00,109.44142277345311
2012-08-29 00:00:00,42.47647093469313
2012-08-29 01:00:00,17.41549836829024
2012-08-29 02:00:00,8.574905903741657
2012-08-29 03:00:00,5.324462436580157
2012-08-29 04:00:00,5.5253421090817785
2012-08-29 05:00:00,30.827756873061364
2012-08-29 06:00:00,133.28767612552303
2012-08-29 07:00:00,317.63770060030856
2012-08-29 08:00:00,532.0604961822943
2012-08-29 09:00:00,264.91594410741635
2012-08-29 10:00:00,152.73749967728318
2012-08-29 11:00:00,176.59649778162427
2012-08-29 12:00:00,249.16331854801027
2012-08-29 13:00:00,228.71149186657863
2012-08-29 14:00:00,224.11952709977814
2012-08-29 15:00:00,240.49782728283577
2012-08-29 16:00:00,374.22336411165645
2012-08-29 17:00:00,788.6615431486025
2012-08-29 18:00:00,726.3482180501532
2012-08-29 19:00:00,483.69369173892767
2012-08-29 20:00:00,346.60723361145756
2012-08-29 21:00:00,259.1733119164677
2012-08-29 22:00:00,189.52583441005908
2012-08-29 23:00:00,124.88070124639695
2012-08-30 00:00:00,50.279377791043714
2012-08-30 01:00:00,20.11280422819314
2012-08-30 02:00:00,10.144716085722145
2012-08-30 03:00:00,5.424394202777012
2012-08-30 04:00:00,6.181937306304059
2012-08-30 05:00:00,32.81219443021548
2012-08-30 06:00:00,131.5683947940709
2012-08-30 07:00:00,368.5384709795298
2012-08-30 08:00:00,566.8001533121062
2012-08-30 09:00:00,277.076818600301
2012-08-30 10:00:00,173.21630468022974
2012-08-30 11:00:00,179.85896672244544
2012-08-30 12:00:00,241.13860326925277
2012-08-30 13:00:00,245.16769372631745
2012-08-30 14:00:00,217.04287566006522
2012-08-30 15:00:00,237.43634473521197
2012-08-30 16:00:00,346.0240511016567
2012-08-30 17:00:00,712.2455084552164
2012-08-30 18:00:00,706.9409347697145
2012-08-30 19:00:00,525.6405695351586
2012-08-30 20:00:00,381.1614650488772
2012-08-30 21:00:00,315.17692241442273
2012-08-30 22:00:00,245.2856625184727
2012-08-30 23:00:00,151.10474561573525
2012-08-31 00:00:00,65.08863352000938
2012-08-31 01:00:00,30.03818577517016
2012-08-31 02:00:00,13.566956439401752
2012-08-31 03:00:00,6.920949249576474
2012-08-31 04:00:00,6.103508284148859
2012-08-31 05:00:00,26.13011057470229
2012-08-31 06:00:00,95.59432889496851
2012-08-31 07:00:00,261.0979336638873
2012-08-31 08:00:00,500.74299833009877
2012-08-31 09:00:00,315.76413660720834
2012-08-31 10:00:00,202.743344751674
2012-08-31 11:00:00,175.5803540386051
2012-08-31 12:00:00,246.99241765451916
2012-08-31 13:00:00,244.25818798901258
2012-08-31 14:00:00,222.11303554540393
2012-08-31 15:00:00,232.85799694509305
2012-08-31 16:00:00,338.41000841154033
2012-08-31 17:00:00,617.7988089622794
2012-08-31 18:00:00,621.4302387090416
2012-08-31 19:00:00,460.9352409850808
2012-08-31 20:00:00,339.82967859110937
2012-08-31 21:00:00,252.23880636604522
2012-08-31 22:00:00,224.41884374728082
2012-08-31 23:00:00,181.35856109073723
2012-09-20 00:00:00,40.91541475455365
2012-09-20 01:00:00,20.90767110768099
2012-09-20 02:00:00,10.740898594957583
2012-09-20 03:00:00,5.82606929792274
2012-09-20 04:00:00,5.919147342381547
2012-09-20 05:00:00,33.551285288402454
2012-09-20 06:00:00,138.37986378519201
2012-09-20 07:00:00,397.39312852880556
2012-09-20 08:00:00,622.7961204882695
2012-09-20 09:00:00,310.2067615725537
2012-09-20 10:00:00,169.15103197928943
2012-09-20 11:00:00,215.27511275967245
2012-09-20 12:00:00,279.7722635161249
2012-09-20 13:00:00,270.80450082757676
2012-09-20 14:00:00,214.43808932370644
2012-09-20 15:00:00,251.25262419855954
2012-09-20 16:00:00,362.29783000496167
2012-09-20 17:00:00,705.7020483443333
2012-09-20 18:00:00,673.898337282706
2012-09-20 19:00:00,442.8838355839892
2012-09-20 20:00:00,353.937017655835
2012-09-20 21:00:00,260.32989571223214
2012-09-20 22:00:00,232.70992265480686
2012-09-20 23:00:00,138.25525561092067
2012-09-21 00:00:00,68.06587075295099
2012-09-21 01:00:00,35.25173735850632
2012-09-21 02:00:00,18.015319877401023
2012-09-21 03:00:00,9.966390287864797
2012-09-21 04:00:00,8.6399363205487
2012-09-21 05:00:00,35.20656446637178
2012-09-21 06:00:00,170.5418150045441
2012-09-21 07:00:00,418.30817377852634
2012-09-21 08:00:00,688.1514438018975
2012-09-21 09:00:00,341.821263936559
2012-09-21 10:00:00,211.77204342392673
2012-09-21 11:00:00,248.20027849375748
2012-09-21 12:00:00,315.68797837184735
2012-09-21 13:00:00,305.9616813434876
2012-09-21 14:00:00,301.4444252802351
2012-09-21 15:00:00,301.9718707884911
2012-09-21 16:00:00,442.0312486223084
2012-09-21 17:00:00,745.9384880440746
2012-09-21 18:00:00,640.4016436237715
2012-09-21 19:00:00,427.5461675471592
2012-09-21 20:00:00,291.7542266892165
2012-09-21 21:00:00,248.00687184276663
2012-09-21 22:00:00,210.2833206079423
2012-09-21 23:00:00,169.14096736457577
2012-09-22 00:00:00,130.41198976939535
2012-09-22 01:00:00,85.95827999348325
2012-09-22 02:00:00,66.4581531522178
2012-09-22 03:00:00,31.594212136320138
2012-09-22 04:00:00,10.28065533626858
2012-09-22 05:00:00,12.253611640069444
2012-09-22 06:00:00,27.15832465498923
2012-09-22 07:00:00,68.73792912130561
2012-09-22 08:00:00,156.04237595831677
2012-09-22 09:00:00,264.33516931249716
2012-09-22 10:00:00,344.0210727499359
2012-09-22 11:00:00,450.2714438790121
2012-09-22 12:00:00,537.9944305537009
2012-09-22 13:00:00,551.2438281663207
2012-09-22 14:00:00,600.0424210536378
2012-09-22 15:00:00,633.8927889274365
2012-09-22 16:00:00,531.7789596494164
2012-09-22 17:00:00,513.0055586256561
2012-09-22 18:00:00,488.07640059464313
2012-09-22 19:00:00,371.81415977737714
2012-09-22 20:00:00,357.71266122798437
2012-09-22 21:00:00,272.06226030784757
2012-09-22 22:00:00,225.30599465677273
2012-09-22 23:00:00,198.20441128038092
2012-09-23 00:00:00,181.00186614612656
2012-09-23 01:00:00,121.67592565610138
2012-09-23 02:00:00,109.09067477478884
2012-09-23 03:00:00,31.5182549750251
2012-09-23 04:00:00,9.822472847736147
2012-09-23 05:00:00,9.757640894080755
2012-09-23 06:00:00,15.892587769563123
2012-09-23 07:00:00,37.57148569917088
2012-09-23 08:00:00,93.07216294944074
2012-09-23 09:00:00,178.79310546011652
2012-09-23 10:00:00,468.5794653559821
2012-09-23 11:00:00,527.999919306575
2012-09-23 12:00:00,651.6549739216406
2012-09-23 13:00:00,557.1223602229211
2012-09-23 14:00:00,546.2160616791413
2012-09-23 15:00:00,583.2812968376132
2012-09-23 16:00:00,613.2095805900839
2012-09-23 17:00:00,484.8389678370009
2012-09-23 18:00:00,411.86524125104825
2012-09-23 19:00:00,312.86034466902953
2012-09-23 20:00:00,236.04162497033747
2012-09-23 21:00:00,192.85199747061714
2012-09-23 22:00:00,158.43122014516274
2012-09-23 23:00:00,71.14571539879354
2012-09-24 00:00:00,33.083667563100484
2012-09-24 01:00:00,14.471936688433585
2012-09-24 02:00:00,7.115747540183413
2012-09-24 03:00:00,4.905381746405939
2012-09-24 04:00:00,6.466623530771856
2012-09-24 05:00:00,29.62465031154437
2012-09-24 06:00:00,128.87372131059954
2012-09-24 07:00:00,348.689083263001
2012-09-24 08:00:00,574.1827452841309
2012-09-24 09:00:00,291.0709198918963
2012-09-24 10:00:00,175.69626643047386
2012-09-24 11:00:00,240.67538104130082
2012-09-24 12:00:00,312.8965078288972
2012-09-24 13:00:00,282.6747348702853
2012-09-24 14:00:00,243.56082521289468
2012-09-24 15:00:00,273.1437301991491
2012-09-24 16:00:00,471.0312824148259
2012-09-24 17:00:00,724.9143212779832
2012-09-24 18:00:00,811.6701871729643
2012-09-24 19:00:00,571.7529358669777
2012-09-24 20:00:00,332.4661686004661
2012-09-24 21:00:00,218.88891532813813
2012-09-24 22:00:00,147.8402899418323
2012-09-24 23:00:00,80.70558456459841
2012-09-25 00:00:00,32.939125340961176
2012-09-25 01:00:00,14.086662245082804
2012-09-25 02:00:00,6.701972637515462
2012-09-25 03:00:00,4.8306164337958
2012-09-25 04:00:00,6.479810790468078
2012-09-25 05:00:00,36.71320073680904
2012-09-25 06:00:00,155.45919824308953
2012-09-25 07:00:00,421.84273400861326
2012-09-25 08:00:00,673.5738749181647
2012-09-25 09:00:00,351.5429606671244
2012-09-25 10:00:00,182.82018745945467
2012-09-25 11:00:00,230.5580121939424
2012-09-25 12:00:00,307.69673377710933
2012-09-25 13:00:00,292.14026575944865
2012-09-25 14:00:00,288.10193992496136
2012-09-25 15:00:00,325.3849611178546
2012-09-25 16:00:00,478.14464702888574
2012-09-25 17:00:00,990.7551735290165
2012-09-25 18:00:00,918.4854600079738
2012-09-25 19:00:00,652.0709292142111
2012-09-25 20:00:00,401.28329551246816
2012-09-25 21:00:00,299.14198964165973
2012-09-25 22:00:00,216.70150200078288
2012-09-25 23:00:00,133.22964629823738
2012-09-26 00:00:00,41.72835234187895
2012-09-26 01:00:00,17.24321641384189
2012-09-26 02:00:00,8.270961946993937
2012-09-26 03:00:00,5.761485328154551
2012-09-26 04:00:00,8.068929602344113
2012-09-26 05:00:00,40.14709119804163
2012-09-26 06:00:00,179.6929118591824
2012-09-26 07:00:00,463.8218031425051
2012-09-26 08:00:00,698.256801830334
2012-09-26 09:00:00,302.34261814701506
2012-09-26 10:00:00,149.53710660745733
2012-09-26 11:00:00,211.28930078285248
2012-09-26 12:00:00,240.90916864808943
2012-09-26 13:00:00,231.36557376237994
2012-09-26 14:00:00,257.8456365905441
2012-09-26 15:00:00,286.41332115292806
2012-09-26 16:00:00,504.10089346652813
2012-09-26 17:00:00,893.1606176892433
2012-09-26 18:00:00,879.5705920806256
2012-09-26 19:00:00,566.5820309983222
2012-09-26 20:00:00,366.6424085720155
2012-09-26 21:00:00,261.16752219892777
2012-09-26 22:00:00,107.49862729251625
2012-09-26 23:00:00,104.38016286330328
2012-09-27 00:00:00,48.9177695910143
2012-09-27 01:00:00,21.38709435600855
2012-09-27 02:00:00,10.280946727486185
2012-09-27 03:00:00,6.329153187281165
2012-09-27 04:00:00,5.603065783978428
2012-09-27 05:00:00,37.65746832328099
2012-09-27 06:00:00,151.64647435003428
2012-09-27 07:00:00,448.12372445778027
2012-09-27 08:00:00,747.4630501360962
2012-09-27 09:00:00,307.73838781030094
2012-09-27 10:00:00,207.67792176478537
2012-09-27 11:00:00,234.38848063110547
2012-09-27 12:00:00,319.59813414006794
2012-09-27 13:00:00,289.4189340634783
2012-09-27 14:00:00,291.35267327790336
2012-09-27 15:00:00,304.19907577640504
2012-09-27 16:00:00,363.23590768263904
2012-09-27 17:00:00,594.6425407490979
2012-09-27 18:00:00,559.7829482524219
2012-09-27 19:00:00,471.2580198692941
2012-09-27 20:00:00,308.7465510255916
2012-09-27 21:00:00,98.37879624298543
2012-09-27 22:00:00,79.11329893953635
2012-09-27 23:00:00,60.5025407667908
2012-09-28 00:00:00,30.913060488119495
2012-09-28 01:00:00,14.969816111977327
2012-09-28 02:00:00,7.396146988413191
2012-09-28 03:00:00,6.832635705402918
2012-09-28 04:00:00,4.678226879379837
2012-09-28 05:00:00,33.83637120211971
2012-09-28 06:00:00,84.63761573114532
2012-09-28 07:00:00,225.54164660157528
2012-09-28 08:00:00,607.9157660907413
2012-09-28 09:00:00,296.8253555565784
2012-09-28 10:00:00,163.849414796734
2012-09-28 11:00:00,211.85900298704473
2012-09-28 12:00:00,367.18601133361705
2012-09-28 13:00:00,336.37170972219764
2012-09-28 14:00:00,317.95773257354267
2012-09-28 15:00:00,318.8521423431664
2012-09-28 16:00:00,438.04616447007305
2012-09-28 17:00:00,724.2404326053116
2012-09-28 18:00:00,641.9219546049119
2012-09-28 19:00:00,377.9502577209831
2012-09-28 20:00:00,207.97448060294195
2012-09-28 21:00:00,153.4912737249711
2012-09-28 22:00:00,198.99139730643898
2012-09-28 23:00:00,157.10150313766067
2012-09-29 00:00:00,142.90171055859201
2012-09-29 01:00:00,108.93100749809797
2012-09-29 02:00:00,62.46496612455409
2012-09-29 03:00:00,27.304928695460937
2012-09-29 04:00:00,12.785710466028466
2012-09-29 05:00:00,11.282154828829777
2012-09-29 06:00:00,27.71143650849694
2012-09-29 07:00:00,64.7212338021825
2012-09-29 08:00:00,159.28985580493872
2012-09-29 09:00:00,220.87473758686667
2012-09-29 10:00:00,411.74761943396214
2012-09-29 11:00:00,483.22811782809026
2012-09-29 12:00:00,704.5189676199852
2012-09-29 13:00:00,705.3977078730619
2012-09-29 14:00:00,724.577741462402
2012-09-29 15:00:00,713.2612332088406
2012-09-29 16:00:00,734.0515417689186
2012-09-29 17:00:00,526.4159952600011
2012-09-29 18:00:00,492.40859277156113
2012-09-29 19:00:00,326.87658870222737
2012-09-29 20:00:00,267.0279333924738
2012-09-29 21:00:00,223.3827839488554
2012-09-29 22:00:00,171.870191850948
2012-09-29 23:00:00,140.67220097094508
2012-09-30 00:00:00,135.3038225758681
2012-09-30 01:00:00,99.07532713622287
2012-09-30 02:00:00,69.32279521567969
2012-09-30 03:00:00,29.35427826044927
2012-09-30 04:00:00,9.565049644468536
2012-09-30 05:00:00,9.45467240738757
2012-09-30 06:00:00,16.615893906609887
2012-09-30 07:00:00,41.69158752516044
2012-09-30 08:00:00,106.03375437708316
2012-09-30 09:00:00,240.15281883421292
2012-09-30 10:00:00,414.2165159730455
2012-09-30 11:00:00,543.5710655168609
2012-09-30 12:00:00,671.7869479342133
2012-09-30 13:00:00,682.0143540532179
2012-09-30 14:00:00,656.3715889446613
2012-09-30 15:00:00,687.6505676457169
2012-09-30 16:00:00,651.1397772760732
2012-09-30 17:00:00,503.4987992638848
2012-09-30 18:00:00,309.229335932482
2012-09-30 19:00:00,184.62749896668743
2012-09-30 20:00:00,119.04871626900125
2012-09-30 21:00:00,137.66195517707442
2012-09-30 22:00:00,108.09377414088803
2012-09-30 23:00:00,80.58653327389835
2012-10-20 00:00:00,128.18660582291224
2012-10-20 01:00:00,99.67276687917872
2012-10-20 02:00:00,59.93647131064152
2012-10-20 03:00:00,26.604002567945795
2012-10-20 04:00:00,8.8388181711192
2012-10-20 05:00:00,10.636583138929124
2012-10-20 06:00:00,23.815409094900282
2012-10-20 07:00:00,63.41129471167707
2012-10-20 08:00:00,136.1371896342981
2012-10-20 09:00:00,215.89443876566665
2012-10-20 10:00:00,380.43041370450715
2012-10-20 11:00:00,472.57913061867225
2012-10-20 12:00:00,585.8106998340662
2012-10-20 13:00:00,608.5666007024882
2012-10-20 14:00:00,525.1933912011611
2012-10-20 15:00:00,574.3044318527064
2012-10-20 16:00:00,529.07219365992
2012-10-20 17:00:00,514.8543934226383
2012-10-20 18:00:00,429.72192320078597
2012-10-20 19:00:00,279.3525270087487
2012-10-20 20:00:00,229.35172034429732
2012-10-20 21:00:00,183.70521791685252
2012-10-20 22:00:00,145.95151543463768
2012-10-20 23:00:00,125.14556609501994
2012-10-21 00:00:00,126.10203952986491
2012-10-21 01:00:00,82.61679694021642
2012-10-21 02:00:00,60.1727067151098
2012-10-21 03:00:00,28.250713768875574
2012-10-21 04:00:00,11.169005610560834
2012-10-21 05:00:00,9.096916610908227
2012-10-21 06:00:00,16.33653177833609
2012-10-21 07:00:00,39.18005992900599
2012-10-21 08:00:00,91.43679307742481
2012-10-21 09:00:00,181.22707869492888
2012-10-21 10:00:00,303.5012546561666
2012-10-21 11:00:00,413.2575458020726
2012-10-21 12:00:00,487.1458616216349
2012-10-21 13:00:00,542.778409201075
2012-10-21 14:00:00,502.57549623294796
2012-10-21 15:00:00,471.56856594139987
2012-10-21 16:00:00,553.9883156194337
2012-10-21 17:00:00,415.76127316254247
2012-10-21 18:00:00,357.4848307102712
2012-10-21 19:00:00,250.80140459218188
2012-10-21 20:00:00,180.38412013712573
2012-10-21 21:00:00,121.0770150327242
2012-10-21 22:00:00,94.65712166239871
2012-10-21 23:00:00,77.85232678438388
2012-10-22 00:00:00,30.61019207745992
2012-10-22 01:00:00,12.225997752331363
2012-10-22 02:00:00,6.423745696801643
2012-10-22 03:00:00,4.375718913245765
2012-10-22 04:00:00,6.138942689246371
2012-10-22 05:00:00,27.26984782788355
2012-10-22 06:00:00,116.99022929234837
2012-10-22 07:00:00,317.6270603756174
2012-10-22 08:00:00,498.6108090583649
2012-10-22 09:00:00,261.1583797483269
2012-10-22 10:00:00,138.52535070812203
2012-10-22 11:00:00,209.3040344228321
2012-10-22 12:00:00,257.2608612056738
2012-10-22 13:00:00,252.35384795036384
2012-10-22 14:00:00,242.77867572204732
2012-10-22 15:00:00,260.9834218298395
2012-10-22 16:00:00,410.66037985358423
2012-10-22 17:00:00,704.3586923259801
2012-10-22 18:00:00,639.2715905858308
2012-10-22 19:00:00,404.9535089752108
2012-10-22 20:00:00,275.80809028212724
2012-10-22 21:00:00,203.27773938256794
2012-10-22 22:00:00,141.74547726322996
2012-10-22 23:00:00,81.30270720207675
2012-10-23 00:00:00,27.85864194343649
2012-10-23 01:00:00,15.501046599919539
2012-10-23 02:00:00,5.658807368099694
2012-10-23 03:00:00,4.860114575722983
2012-10-23 04:00:00,6.636765856943977
2012-10-23 05:00:00,36.638351241774785
2012-10-23 06:00:00,147.58742225803297
2012-10-23 07:00:00,386.6374545313464
2012-10-23 08:00:00,659.3292696466879
2012-10-23 09:00:00,272.7583273727448
2012-10-23 10:00:00,164.82077126314837
2012-10-23 11:00:00,197.57385607051708
2012-10-23 12:00:00,292.0847188631744
2012-10-23 13:00:00,313.6179590600253
2012-10-23 14:00:00,277.85557996783535
2012-10-23 15:00:00,307.190855099265
2012-10-23 16:00:00,444.4946106055768
2012-10-23 17:00:00,865.7933351257818
2012-10-23 18:00:00,758.948670843629
2012-10-23 19:00:00,499.83877207620725
2012-10-23 20:00:00,319.69058063216266
2012-10-23 21:00:00,218.4318104545155
2012-10-23 22:00:00,162.36297602742465
2012-10-23 23:00:00,100.86683538624641
2012-10-24 00:00:00,43.018847216257576
2012-10-24 01:00:00,17.72472707975914
2012-10-24 02:00:00,7.989546099829868
2012-10-24 03:00:00,5.245988907829809
2012-10-24 04:00:00,6.753374647930151
2012-10-24 05:00:00,29.56777960727918
2012-10-24 06:00:00,146.4540382907834
2012-10-24 07:00:00,311.78214445176644
2012-10-24 08:00:00,582.5310168967278
2012-10-24 09:00:00,275.5066465108757
2012-10-24 10:00:00,162.5085301370559
2012-10-24 11:00:00,192.43694964849678
2012-10-24 12:00:00,258.4930208007282
2012-10-24 13:00:00,260.22429213538913
2012-10-24 14:00:00,298.3813964942863
2012-10-24 15:00:00,329.83567957714035
2012-10-24 16:00:00,488.70379351813114
2012-10-24 17:00:00,790.8903535067851
2012-10-24 18:00:00,784.2517339060964
2012-10-24 19:00:00,618.3229920182317
2012-10-24 20:00:00,410.80832042323374
2012-10-24 21:00:00,299.5017277511793
2012-10-24 22:00:00,201.23174058990597
2012-10-24 23:00:00,119.61863550600445
2012-10-25 00:00:00,56.73310799145441
2012-10-25 01:00:00,21.977527378063037
2012-10-25 02:00:00,10.436013184924324
2012-10-25 03:00:00,4.2320800665248
2012-10-25 04:00:00,5.861735762981641
2012-10-25 05:00:00,28.155198940129257
2012-10-25 06:00:00,120.97636514307023
2012-10-25 07:00:00,316.76184192625044
2012-10-25 08:00:00,609.5069458893806
2012-10-25 09:00:00,253.98528274158357
2012-10-25 10:00:00,151.96025456996665
2012-10-25 11:00:00,163.63491071433674
2012-10-25 12:00:00,225.53352327413504
2012-10-25 13:00:00,200.34216525755713
2012-10-25 14:00:00,222.011078865712
2012-10-25 15:00:00,261.82505460753947
2012-10-25 16:00:00,364.52120765173083
2012-10-25 17:00:00,658.6516012587797
2012-10-25 18:00:00,484.97457296375177
2012-10-25 19:00:00,338.50244878223555
2012-10-25 20:00:00,225.69971886343322
2012-10-25 21:00:00,166.23450425191936
2012-10-25 22:00:00,163.8573548101286
2012-10-25 23:00:00,105.11159039784994
2012-10-26 00:00:00,65.44160029102838
2012-10-26 01:00:00,22.789601347746373
2012-10-26 02:00:00,11.305230074603598
2012-10-26 03:00:00,5.650835559723393
2012-10-26 04:00:00,6.24568153513017
2012-10-26 05:00:00,28.078488091131447
2012-10-26 06:00:00,113.51764221569462
2012-10-26 07:00:00,308.2577638693609
2012-10-26 08:00:00,467.00870879935934
2012-10-26 09:00:00,262.5833519540963
2012-10-26 10:00:00,130.26937585607993
2012-10-26 11:00:00,213.41329327228948
2012-10-26 12:00:00,293.7365404452845
2012-10-26 13:00:00,287.9015266436998
2012-10-26 14:00:00,281.59698813378037
2012-10-26 15:00:00,310.6004512841076
2012-10-26 16:00:00,392.53147745574375
2012-10-26 17:00:00,534.0616794922324
2012-10-26 18:00:00,469.0627324141729
2012-10-26 19:00:00,293.14526321849235
2012-10-26 20:00:00,222.58593778638564
2012-10-26 21:00:00,204.53189765278654
2012-10-26 22:00:00,151.95996624215647
2012-10-26 23:00:00,137.24419727118556
2012-10-27 00:00:00,118.50857840828267
2012-10-27 01:00:00,77.41850884304327
2012-10-27 02:00:00,51.793694784095734
2012-10-27 03:00:00,28.824506818663142
2012-10-27 04:00:00,9.180112379096322
2012-10-27 05:00:00,10.460460809158981
2012-10-27 06:00:00,26.54503831471934
2012-10-27 07:00:00,69.93217417717689
2012-10-27 08:00:00,166.6665728930873
2012-10-27 09:00:00,246.12953539734073
2012-10-27 10:00:00,384.71145185654575
2012-10-27 11:00:00,494.4253765213637
2012-10-27 12:00:00,576.3684627643964
2012-10-27 13:00:00,609.1300127160247
2012-10-27 14:00:00,550.9670603528367
2012-10-27 15:00:00,432.45107416770037
2012-10-27 16:00:00,470.04516091275286
2012-10-27 17:00:00,448.6427766162809
2012-10-27 18:00:00,400.36329332243764
2012-10-27 19:00:00,307.0988509272548
2012-10-27 20:00:00,233.23327591606105
2012-10-27 21:00:00,197.8989092494636
2012-10-27 22:00:00,175.09725926107683
2012-10-27 23:00:00,133.7230590347535
2012-10-28 00:00:00,128.03685514250915
2012-10-28 01:00:00,92.67427793243773
2012-10-28 02:00:00,55.775708272421305
2012-10-28 03:00:00,24.044073832110328
2012-10-28 04:00:00,8.780724463416632
2012-10-28 05:00:00,8.557237996147133
2012-10-28 06:00:00,13.83424958846007
2012-10-28 07:00:00,36.67402443391091
2012-10-28 08:00:00,69.95284528632462
2012-10-28 09:00:00,150.34769178285788
2012-10-28 10:00:00,259.78463387333386
2012-10-28 11:00:00,337.7555765664721
2012-10-28 12:00:00,339.8201128940762
2012-10-28 13:00:00,346.64091090333494
2012-10-28 14:00:00,301.4577740686048
2012-10-28 15:00:00,310.4417975218626
2012-10-28 16:00:00,233.6999795412239
2012-10-28 17:00:00,170.21801943359375
2012-10-28 18:00:00,76.81849404171635
2012-10-28 19:00:00,89.50575151995253
2012-10-28 20:00:00,54.10295936683037
2012-10-28 21:00:00,63.944114869227796
2012-10-28 22:00:00,47.43465851396396
2012-10-28 23:00:00,30.764178259211413
2012-10-29 00:00:00,24.40260631707029
2012-10-30 13:00:00,80.71508161102483
2012-10-30 14:00:00,74.31141870418467
2012-10-30 15:00:00,76.20204265374397
2012-10-30 16:00:00,112.53522655595229
2012-10-30 17:00:00,273.2791238674841
2012-10-30 18:00:00,269.92379994599713
2012-10-30 19:00:00,403.43432483317383
2012-10-30 20:00:00,196.60314746190178
2012-10-30 21:00:00,121.40871269837899
2012-10-30 22:00:00,99.00049115774203
2012-10-30 23:00:00,64.81241498165552
2012-10-31 00:00:00,27.44732882217609
2012-10-31 01:00:00,11.639087808344895
2012-10-31 02:00:00,5.814721617442521
2012-10-31 03:00:00,4.465182280600239
2012-10-31 04:00:00,4.657662961807369
2012-10-31 05:00:00,30.583305581875535
2012-10-31 06:00:00,124.94281802494854
2012-10-31 07:00:00,340.83483316578054
2012-10-31 08:00:00,601.5644678013781
2012-10-31 09:00:00,283.35223139023924
2012-10-31 10:00:00,137.23475120778647
2012-10-31 11:00:00,169.11588270081168
2012-10-31 12:00:00,238.83924195315697
2012-10-31 13:00:00,268.37865999456704
2012-10-31 14:00:00,240.46149815797716
2012-10-31 15:00:00,254.27355929736288
2012-10-31 16:00:00,362.71555758351883
2012-10-31 17:00:00,645.476262749798
2012-10-31 18:00:00,620.280961337864
2012-10-31 19:00:00,489.11802132992204
2012-10-31 20:00:00,328.4596577560306
2012-10-31 21:00:00,239.85244533980793
2012-10-31 22:00:00,184.18611651907716
2012-10-31 23:00:00,114.49802161460256
2012-11-20 00:00:00,29.32142341794397
2012-11-20 01:00:00,13.731229480676369
2012-11-20 02:00:00,5.7467541237367605
2012-11-20 03:00:00,4.57302060374823
2012-11-20 04:00:00,7.328954279050346
2012-11-20 05:00:00,35.69238647521057
2012-11-20 06:00:00,143.91008292435114
2012-11-20 07:00:00,354.59325199596134
2012-11-20 08:00:00,643.6294601642635
2012-11-20 09:00:00,259.5914049719041
2012-11-20 10:00:00,124.38084259673501
2012-11-20 11:00:00,142.9169381357387
2012-11-20 12:00:00,182.9214789644378
2012-11-20 13:00:00,180.912399662445
2012-11-20 14:00:00,175.97205825366527
2012-11-20 15:00:00,200.5395582488042
2012-11-20 16:00:00,276.9575694012385
2012-11-20 17:00:00,510.79502989681947
2012-11-20 18:00:00,478.14823778915223
2012-11-20 19:00:00,332.41680274173643
2012-11-20 20:00:00,224.6750312785253
2012-11-20 21:00:00,146.8196173570427
2012-11-20 22:00:00,110.26419468830953
2012-11-20 23:00:00,62.2418449264955
2012-11-21 00:00:00,26.006163781969608
2012-11-21 01:00:00,11.586822459941322
2012-11-21 02:00:00,4.64389625641568
2012-11-21 03:00:00,3.4645854850047706
2012-11-21 04:00:00,4.3213511929447375
2012-11-21 05:00:00,21.88562366304422
2012-11-21 06:00:00,94.01862324878134
2012-11-21 07:00:00,282.94855053272977
2012-11-21 08:00:00,753.8618230301577
2012-11-21 09:00:00,242.8701524157793
2012-11-21 10:00:00,143.1742319284304
2012-11-21 11:00:00,200.59495071044637
2012-11-21 12:00:00,275.8548542638751
2012-11-21 13:00:00,251.31943506147766
2012-11-21 14:00:00,240.55700454962428
2012-11-21 15:00:00,268.0391903351216
2012-11-21 16:00:00,355.105885023587
2012-11-21 17:00:00,666.9584746582955
2012-11-21 18:00:00,634.20256779318
2012-11-21 19:00:00,436.93295219211694
2012-11-21 20:00:00,275.74348213462827
2012-11-21 21:00:00,189.54581586635274
2012-11-21 22:00:00,139.22699083364225
2012-11-21 23:00:00,87.55733197552972
2012-11-22 00:00:00,62.392406578531876
2012-11-22 01:00:00,33.61993676322244
2012-11-22 02:00:00,19.871686421401286
2012-11-22 03:00:00,10.155250309058198
2012-11-22 04:00:00,6.591405675226418
2012-11-22 05:00:00,11.000512376495903
2012-11-22 06:00:00,39.04631572379481
2012-11-22 07:00:00,107.80809441689468
2012-11-22 08:00:00,281.70210423937465
2012-11-22 09:00:00,297.9911589208324
2012-11-22 10:00:00,327.3577838558026
2012-11-22 11:00:00,359.3911174573701
2012-11-22 12:00:00,461.3179254942064
2012-11-22 13:00:00,437.20561639436977
2012-11-22 14:00:00,321.05895930476635
2012-11-22 15:00:00,326.8696030823458
2012-11-22 16:00:00,466.21474146692265
2012-11-22 17:00:00,516.8856447011219
2012-11-22 18:00:00,424.4579993723867
2012-11-22 19:00:00,288.29894765460824
2012-11-22 20:00:00,268.94075821492606
2012-11-22 21:00:00,234.55983481781874
2012-11-22 22:00:00,170.987348735638
2012-11-22 23:00:00,117.44782445350877
2012-11-23 00:00:00,42.671375956704296
2012-11-23 01:00:00,19.973910608923042
2012-11-23 02:00:00,9.446775505427539
2012-11-23 03:00:00,4.844588106827841
2012-11-23 04:00:00,5.493174491220733
2012-11-23 05:00:00,21.290044080792608
2012-11-23 06:00:00,89.95180055922452
2012-11-23 07:00:00,272.93489843095415
2012-11-23 08:00:00,525.5387173756752
2012-11-23 09:00:00,328.2430419976264
2012-11-23 10:00:00,174.28418752272367
2012-11-23 11:00:00,214.8441628020463
2012-11-23 12:00:00,286.52265456303087
2012-11-23 13:00:00,250.75251012799774
2012-11-23 14:00:00,223.11631028588462
2012-11-23 15:00:00,242.17863037441415
2012-11-23 16:00:00,335.6392399419073
2012-11-23 17:00:00,500.85502089422164
2012-11-23 18:00:00,481.8649028384014
2012-11-23 19:00:00,324.7963295963795
2012-11-23 20:00:00,269.57371236990684
2012-11-23 21:00:00,177.73095505563776
2012-11-23 22:00:00,153.0438335026502
2012-11-23 23:00:00,133.47309510160494
2012-11-24 00:00:00,85.0180218830902
2012-11-24 01:00:00,64.16708123903426
2012-11-24 02:00:00,34.80622363304789
2012-11-24 03:00:00,19.0640585304201
2012-11-24 04:00:00,6.1492704236710685
2012-11-24 05:00:00,6.272006070835437
2012-11-24 06:00:00,17.97275176378982
2012-11-24 07:00:00,46.611282785760764
2012-11-24 08:00:00,118.80200466196128
2012-11-24 09:00:00,170.3250281446946
2012-11-24 10:00:00,259.41236293685466
2012-11-24 11:00:00,286.76894763946456
2012-11-24 12:00:00,298.19084890940815
2012-11-24 13:00:00,291.32093887372235
2012-11-24 14:00:00,274.8458223874248
2012-11-24 15:00:00,285.61323109538836
2012-11-24 16:00:00,303.5369888041962
2012-11-24 17:00:00,246.42680939182563
2012-11-24 18:00:00,199.53511398920872
2012-11-24 19:00:00,157.97276050967616
2012-11-24 20:00:00,115.42986263231803
2012-11-24 21:00:00,95.7171528292405
2012-11-24 22:00:00,82.53504652350043
2012-11-24 23:00:00,70.45377893581905
2012-11-25 00:00:00,66.15169539909827
2012-11-25 01:00:00,61.79980948606625
2012-11-25 02:00:00,42.80501642080424
2012-11-25 03:00:00,20.46810410316451
2012-11-25 04:00:00,7.398222079355837
2012-11-25 05:00:00,6.158330942464259
2012-11-25 06:00:00,14.296126952969049
2012-11-25 07:00:00,32.78526437465923
2012-11-25 08:00:00,70.13303941340374
2012-11-25 09:00:00,152.00101522316808
2012-11-25 10:00:00,207.45229713284021
2012-11-25 11:00:00,281.2612594359457
2012-11-25 12:00:00,324.08525722580214
2012-11-25 13:00:00,337.3492066780648
2012-11-25 14:00:00,323.91728635031853
2012-11-25 15:00:00,278.8594946544034
2012-11-25 16:00:00,279.7367061280894
2012-11-25 17:00:00,230.2829314283986
2012-11-25 18:00:00,160.5869228013496
2012-11-25 19:00:00,130.9395324410021
2012-11-25 20:00:00,94.8501677002784
2012-11-25 21:00:00,78.28002150746447
2012-11-25 22:00:00,56.85098591904202
2012-11-25 23:00:00,41.38532577453249
2012-11-26 00:00:00,17.147419562527464
2012-11-26 01:00:00,6.835226995575396
2012-11-26 02:00:00,3.905817969734385
2012-11-26 03:00:00,2.8148870546202147
2012-11-26 04:00:00,4.411236554954351
2012-11-26 05:00:00,23.72174203486569
2012-11-26 06:00:00,81.84702381366482
2012-11-26 07:00:00,277.9236040809947
2012-11-26 08:00:00,485.7609597839816
2012-11-26 09:00:00,307.25596094297543
2012-11-26 10:00:00,146.9859331612158
2012-11-26 11:00:00,193.54412137588295
2012-11-26 12:00:00,261.63825148428543
2012-11-26 13:00:00,248.0063827593208
2012-11-26 14:00:00,208.4068195592025
2012-11-26 15:00:00,242.73226908152853
2012-11-26 16:00:00,320.10526171351245
2012-11-26 17:00:00,582.7718789268639
2012-11-26 18:00:00,472.6576598842388
2012-11-26 19:00:00,310.88821070649624
2012-11-26 20:00:00,222.503315653984
2012-11-26 21:00:00,156.82072411733174
2012-11-26 22:00:00,114.48101900569314
2012-11-26 23:00:00,66.37703030862552
2012-11-27 00:00:00,32.58358672394784
2012-11-27 01:00:00,13.574005184175936
2012-11-27 02:00:00,6.663008936697735
2012-11-27 03:00:00,3.8326718362070626
2012-11-27 04:00:00,4.337525210623478
2012-11-27 05:00:00,29.022366605732923
2012-11-27 06:00:00,122.26789836696504
2012-11-27 07:00:00,216.77751665330493
2012-11-27 08:00:00,317.7751569512723
2012-11-27 09:00:00,255.69369828613375
2012-11-27 10:00:00,64.37654834439394
2012-11-27 11:00:00,54.480238606083255
2012-11-27 12:00:00,56.28976214737216
2012-11-27 13:00:00,71.41581830723165
2012-11-27 14:00:00,48.01600882457252
2012-11-27 15:00:00,154.8529805779746
2012-11-27 16:00:00,224.38532911524547
2012-11-27 17:00:00,451.54746531966833
2012-11-27 18:00:00,246.27985942645049
2012-11-27 19:00:00,211.98249246693138
2012-11-27 20:00:00,168.02352256038532
2012-11-27 21:00:00,103.83617854756949
2012-11-27 22:00:00,88.83082366428569
2012-11-27 23:00:00,74.80579898572557
2012-11-28 00:00:00,34.74606923467224
2012-11-28 01:00:00,14.662380174606483
2012-11-28 02:00:00,7.37793893156627
2012-11-28 03:00:00,5.2782378723415615
2012-11-28 04:00:00,6.722591191940543
2012-11-28 05:00:00,30.865182618097084
2012-11-28 06:00:00,147.7466302605962
2012-11-28 07:00:00,433.11177137549333
2012-11-28 08:00:00,592.7270503740187
2012-11-28 09:00:00,344.32583199330315
2012-11-28 10:00:00,153.64916655048185
2012-11-28 11:00:00,173.50263803538633
2012-11-28 12:00:00,205.11428962158544
2012-11-28 13:00:00,211.26166140669085
2012-11-28 14:00:00,186.44048665821518
2012-11-28 15:00:00,194.06349933266756
2012-11-28 16:00:00,254.05320325495077
2012-11-28 17:00:00,538.1981096121334
2012-11-28 18:00:00,467.93065018664635
2012-11-28 19:00:00,331.0669602814305
2012-11-28 20:00:00,256.9135104412384
2012-11-28 21:00:00,160.49088940833173
2012-11-28 22:00:00,118.73963391057202
2012-11-28 23:00:00,68.46349619463622
2012-11-29 00:00:00,29.061216760823505
2012-11-29 01:00:00,10.22799818423054
2012-11-29 02:00:00,4.647822203594187
2012-11-29 04:00:00,4.99924010291714
2012-11-29 05:00:00,19.75848461474088
2012-11-29 06:00:00,95.82473794996058
2012-11-29 07:00:00,269.70842827249123
2012-11-29 08:00:00,522.8023581917994
2012-11-29 09:00:00,234.88304059638037
2012-11-29 10:00:00,128.93632105310962
2012-11-29 11:00:00,187.72930828006562
2012-11-29 12:00:00,238.7731781587894
2012-11-29 13:00:00,233.04498027311993
2012-11-29 14:00:00,184.6980164802183
2012-11-29 15:00:00,198.46200140828708
2012-11-29 16:00:00,302.0080218254145
2012-11-29 17:00:00,560.2236201410203
2012-11-29 18:00:00,454.4838632761425
2012-11-29 19:00:00,289.57301448668613
2012-11-29 20:00:00,228.1593005683876
2012-11-29 21:00:00,130.908319702823
2012-11-29 22:00:00,97.82989108097459
2012-11-29 23:00:00,77.02408557517302
2012-11-30 00:00:00,34.633402591327624
2012-11-30 01:00:00,17.843482374887657
2012-11-30 02:00:00,7.910509796130486
2012-11-30 03:00:00,4.668331877038237
2012-11-30 04:00:00,4.58037955880611
2012-11-30 05:00:00,18.566293146063842
2012-11-30 06:00:00,67.12503874109099
2012-11-30 07:00:00,228.932261022526
2012-11-30 08:00:00,424.2356449147881
2012-11-30 09:00:00,274.3501419528637
2012-11-30 10:00:00,166.16407475506622
2012-11-30 11:00:00,205.00544808386948
2012-11-30 12:00:00,241.34046419197134
2012-11-30 13:00:00,260.78473456808973
2012-11-30 14:00:00,233.9956428580653
2012-11-30 15:00:00,252.2596881098608
2012-11-30 16:00:00,345.11095759430265
2012-11-30 17:00:00,456.91239316463384
2012-11-30 18:00:00,389.3872391021667
2012-11-30 19:00:00,243.29984563276395
2012-11-30 20:00:00,187.5722442908672
2012-11-30 21:00:00,132.31856140753638
2012-11-30 22:00:00,112.40629573178273
2012-11-30 23:00:00,99.7134646776541
2012-12-20 00:00:00,38.127385901956856
2012-12-20 01:00:00,14.967931283581164
2012-12-20 02:00:00,7.113600448651124
2012-12-20 03:00:00,4.424504444970863
2012-12-20 04:00:00,5.284470961027217
2012-12-20 05:00:00,29.363451364210277
2012-12-20 06:00:00,110.54136592955217
2012-12-20 07:00:00,346.20688912806634
2012-12-20 08:00:00,540.6684906097273
2012-12-20 09:00:00,255.99898136491967
2012-12-20 10:00:00,112.76571376917903
2012-12-20 11:00:00,141.92398645598212
2012-12-20 12:00:00,187.54541266455314
2012-12-20 13:00:00,163.12118737856346
2012-12-20 14:00:00,149.08229839086724
2012-12-20 15:00:00,155.0717810126984
2012-12-20 16:00:00,200.87161368532088
2012-12-20 17:00:00,394.40869742249976
2012-12-20 18:00:00,401.45235044920935
2012-12-20 19:00:00,180.96813729288036
2012-12-20 20:00:00,124.18147512691135
2012-12-20 21:00:00,91.16356441280386
2012-12-20 22:00:00,57.82434982438187
2012-12-20 23:00:00,43.47678513952117
2012-12-21 00:00:00,21.548811114106986
2012-12-21 01:00:00,8.852616394520508
2012-12-21 02:00:00,4.216841727931872
2012-12-21 03:00:00,1.9901412025344507
2012-12-21 04:00:00,2.1619776052267827
2012-12-21 05:00:00,9.494967269390301
2012-12-21 06:00:00,53.535098195260645
2012-12-21 07:00:00,169.18928869730652
2012-12-21 08:00:00,257.9784645280957
2012-12-21 09:00:00,202.95852469508773
2012-12-21 10:00:00,107.07579239559409
2012-12-21 11:00:00,100.41190942076115
2012-12-21 12:00:00,116.16255597954648
2012-12-21 13:00:00,119.6736796955441
2012-12-21 14:00:00,103.26078532087386
2012-12-21 15:00:00,116.7378679533307
2012-12-21 16:00:00,153.23839224424972
2012-12-21 17:00:00,213.94602533712947
2012-12-21 18:00:00,190.95712999407863
2012-12-21 19:00:00,147.3961886907006
2012-12-21 20:00:00,106.36863527641091
2012-12-21 21:00:00,91.84634959302544
2012-12-21 22:00:00,82.26614890540067
2012-12-21 23:00:00,58.45644374754302
2012-12-22 00:00:00,36.42570183730291
2012-12-22 01:00:00,31.628330754780468
2012-12-22 02:00:00,21.766209413603242
2012-12-22 03:00:00,9.42489716996368
2012-12-22 04:00:00,3.0358259955823508
2012-12-22 05:00:00,2.3245240171412895
2012-12-22 06:00:00,5.454643131037441
2012-12-22 07:00:00,12.950433553948043
2012-12-22 08:00:00,29.704044648237485
2012-12-22 09:00:00,63.05223214571456
2012-12-22 10:00:00,92.30563050127708
2012-12-22 11:00:00,118.07582358400896
2012-12-22 12:00:00,130.20816810853867
2012-12-22 13:00:00,145.40042960127616
2012-12-22 14:00:00,139.53977209587293
2012-12-22 15:00:00,132.02785718324114
2012-12-22 16:00:00,134.3976779459139
2012-12-22 17:00:00,96.704166630612
2012-12-22 18:00:00,78.47074860953042
2012-12-22 19:00:00,68.46063104986814
2012-12-22 20:00:00,67.178238079177
2012-12-22 21:00:00,42.927857480263675
2012-12-22 22:00:00,39.521568718020845
2012-12-22 23:00:00,30.569054656185614
2012-12-23 00:00:00,35.57337050563241
2012-12-23 01:00:00,27.536269040518746
2012-12-23 02:00:00,22.384232201509917
2012-12-23 03:00:00,12.042668145010351
2012-12-23 04:00:00,3.5836764100351624
2012-12-23 05:00:00,2.089460657376054
2012-12-23 06:00:00,3.43309702460107
2012-12-23 07:00:00,8.235140667805393
2012-12-23 08:00:00,21.734649815643184
2012-12-23 09:00:00,53.491912647648846
2012-12-23 10:00:00,68.14848330860644
2012-12-23 11:00:00,106.88129712309664
2012-12-23 12:00:00,156.08609053859314
2012-12-23 13:00:00,167.1529869327378
2012-12-23 14:00:00,128.08448649803472
2012-12-23 15:00:00,175.64927257649956
2012-12-23 16:00:00,171.15120343367656
2012-12-23 17:00:00,116.68287997598199
2012-12-23 18:00:00,88.22256188874528
2012-12-23 19:00:00,71.43931057281708
2012-12-23 20:00:00,47.62644126677942
2012-12-23 21:00:00,41.565308452788614
2012-12-23 22:00:00,36.74254283571997
2012-12-23 23:00:00,21.543262639593753
2012-12-24 00:00:00,10.29505053302716
2012-12-24 01:00:00,4.5681514096429385
2012-12-24 02:00:00,2.711484265135055
2012-12-24 03:00:00,1.8970304193871839
2012-12-24 05:00:00,8.721396709119178
2012-12-24 06:00:00,39.64469496725344
2012-12-24 07:00:00,128.45350969691222
2012-12-24 08:00:00,238.4728276163202
2012-12-24 09:00:00,163.88562363691983
2012-12-24 10:00:00,74.0274549978508
2012-12-24 11:00:00,87.54788664082173
2012-12-24 12:00:00,100.51914613783221
2012-12-24 13:00:00,57.31161650227155
2012-12-24 14:00:00,45.30182994560141
2012-12-24 15:00:00,45.58243254955411
2012-12-24 16:00:00,68.17947222330653
2012-12-24 17:00:00,166.46520155696052
2012-12-24 18:00:00,151.13912923478796
2012-12-24 19:00:00,124.45425194415559
2012-12-24 20:00:00,76.17521061341657
2012-12-24 21:00:00,56.32109937860852
2012-12-24 22:00:00,40.57113169270873
2012-12-24 23:00:00,19.701517595247832
2012-12-25 00:00:00,14.26229595975976
2012-12-25 01:00:00,15.96688725870543
2012-12-25 02:00:00,12.1602391112888
2012-12-25 04:00:00,3.264515295103476
2012-12-25 05:00:00,3.8383266319674103
2012-12-25 06:00:00,10.91750063637437
2012-12-25 07:00:00,27.391559992695413
2012-12-25 08:00:00,76.096756392318
2012-12-25 09:00:00,104.0767137185621
2012-12-25 10:00:00,157.5852229695609
2012-12-25 11:00:00,201.9051626992074
2012-12-25 12:00:00,214.87346989964786
2012-12-25 13:00:00,214.06203859283016
2012-12-25 14:00:00,205.30601012523533
2012-12-25 15:00:00,257.5596684651787
2012-12-25 16:00:00,238.70602925069846
2012-12-25 17:00:00,212.39664645262226
2012-12-25 18:00:00,180.5394193001564
2012-12-25 19:00:00,172.10306534882574
2012-12-25 20:00:00,115.56673577895911
2012-12-25 21:00:00,114.32883427161981
2012-12-25 22:00:00,84.8960858254519
2012-12-25 23:00:00,48.44985590448891
2012-12-26 00:00:00,16.14789897330572
2012-12-26 01:00:00,5.630608724302019
2012-12-26 02:00:00,2.9291704544143533
2012-12-26 03:00:00,1.7810436961176503
2012-12-26 04:00:00,1.1728525020357594
2012-12-26 05:00:00,8.013606152175152
2012-12-26 06:00:00,42.67590663914474
2012-12-26 07:00:00,45.36679251315436
2012-12-26 08:00:00,80.25360152333646
2012-12-26 09:00:00,39.102363418390574
2012-12-26 10:00:00,18.557952908234235
2012-12-26 11:00:00,12.943301127379907
2012-12-26 12:00:00,18.81891329995739
2012-12-26 13:00:00,18.192249245702623
2012-12-26 14:00:00,17.591092808935592
2012-12-26 15:00:00,21.795116109890838
2012-12-26 16:00:00,32.46431269132912
2012-12-26 17:00:00,55.14179182210939
2012-12-26 18:00:00,64.27326248178842
2012-12-26 19:00:00,73.87516265794831
2012-12-26 20:00:00,35.56506935130502
2012-12-26 21:00:00,63.847824621442456
2012-12-26 22:00:00,11.249042844970518
2012-12-26 23:00:00,15.117490719074857
2012-12-27 00:00:00,9.814092796923235
2012-12-27 01:00:00,2.2141838171343204
2012-12-27 02:00:00,1.789922362683629
2012-12-27 03:00:00,2.1918654414873235
2012-12-27 04:00:00,1.4812500033454423
2012-12-27 05:00:00,13.639663142558296
2012-12-27 06:00:00,39.546603548131706
2012-12-27 07:00:00,176.2342627347525
2012-12-27 08:00:00,313.6341413304595
2012-12-27 09:00:00,151.61071838449294
2012-12-27 10:00:00,85.12387231396785
2012-12-27 11:00:00,81.72157689879859
2012-12-27 12:00:00,91.63281599427155
2012-12-27 13:00:00,88.96078191095782
2012-12-27 14:00:00,73.18287254853728
2012-12-27 15:00:00,82.8739907078807
2012-12-27 16:00:00,136.0985253346462
2012-12-27 17:00:00,261.2203495397208
2012-12-27 18:00:00,213.50126320941771
2012-12-27 19:00:00,131.11683000624723
2012-12-27 20:00:00,116.30363256235584
2012-12-27 21:00:00,82.80246077609125
2012-12-27 22:00:00,60.74859968963473
2012-12-27 23:00:00,41.326839617863264
2012-12-28 00:00:00,23.322112733663825
2012-12-28 01:00:00,10.415095306487597
2012-12-28 02:00:00,5.4499503748371945
2012-12-28 03:00:00,3.361748258595494
2012-12-28 04:00:00,2.713426310565388
2012-12-28 05:00:00,12.461874684247258
2012-12-28 06:00:00,39.81250382659029
2012-12-28 07:00:00,149.70635981750678
2012-12-28 08:00:00,344.44560036539417
2012-12-28 09:00:00,152.48496472700467
2012-12-28 10:00:00,96.56460511639303
2012-12-28 11:00:00,100.12084482546045
2012-12-28 12:00:00,128.57170747673177
2012-12-28 13:00:00,119.16851308662544
2012-12-28 14:00:00,103.74529778773811
2012-12-28 15:00:00,104.6566779242031
2012-12-28 16:00:00,165.07234531384637
2012-12-28 17:00:00,225.2047542179142
2012-12-28 18:00:00,199.21037268468785
2012-12-28 19:00:00,123.69703169783219
2012-12-28 20:00:00,87.70045527886742
2012-12-28 21:00:00,83.03212620929918
2012-12-28 22:00:00,69.0639418306569
2012-12-28 23:00:00,53.5340356809023
2012-12-29 00:00:00,39.33235577771816
2012-12-29 01:00:00,36.43341616352504
2012-12-29 02:00:00,26.40889489753876
2012-12-29 03:00:00,12.32850444721878
2012-12-29 04:00:00,3.172411330407186
2012-12-29 05:00:00,2.841163872630373
2012-12-29 06:00:00,7.0764170322746045
2012-12-29 07:00:00,15.784653707533451
2012-12-29 08:00:00,50.80816858178092
2012-12-29 09:00:00,88.74602498602503
2012-12-29 10:00:00,92.88422689002124
2012-12-29 11:00:00,66.6843846699872
2012-12-29 12:00:00,45.176120542225696
2012-12-29 13:00:00,44.46919161184379
2012-12-29 14:00:00,153.997304601167
2012-12-29 15:00:00,144.38551999864077
2012-12-29 16:00:00,213.7211351051173
2012-12-29 17:00:00,138.44982482511094
2012-12-29 18:00:00,118.03500655427561
2012-12-29 19:00:00,84.91704627737235
2012-12-29 20:00:00,55.11523890140709
2012-12-29 21:00:00,51.78207480132382
2012-12-29 22:00:00,41.65060140142558
2012-12-29 23:00:00,50.75021339696804
2012-12-30 00:00:00,42.9116256900213
2012-12-30 01:00:00,29.08791937285787
2012-12-30 02:00:00,24.464291472622286
2012-12-30 03:00:00,10.171265586762727
2012-12-30 04:00:00,2.6227407842565733
2012-12-30 05:00:00,2.0876051996854588
2012-12-30 06:00:00,2.9565597672233634
2012-12-30 07:00:00,7.859884277585465
2012-12-30 08:00:00,19.660210701812133
2012-12-30 09:00:00,47.15099527544054
2012-12-30 10:00:00,69.75981355257267
2012-12-30 11:00:00,103.99492032678461
2012-12-30 12:00:00,129.59479532526774
2012-12-30 13:00:00,118.89066660992746
2012-12-30 14:00:00,125.24242815631077
2012-12-30 15:00:00,119.53378772490044
2012-12-30 16:00:00,137.61529020334655
2012-12-30 17:00:00,94.30145489057529
2012-12-30 18:00:00,69.6640747066794
2012-12-30 19:00:00,85.18978775653441
2012-12-30 20:00:00,37.26228567028874
2012-12-30 21:00:00,32.51194924229474
2012-12-30 22:00:00,23.850670438236886
2012-12-30 23:00:00,15.651103595334376
2012-12-31 00:00:00,7.355994360357131
2012-12-31 01:00:00,3.249827761535154
2012-12-31 02:00:00,2.1528842456125474
2012-12-31 03:00:00,1.6231205658993122
2012-12-31 04:00:00,1.8203498355077015
2012-12-31 05:00:00,5.807553789506714
2012-12-31 06:00:00,28.674798556214405
2012-12-31 07:00:00,93.94312620660116
2012-12-31 08:00:00,191.72596333173655
2012-12-31 09:00:00,129.9008087029271
2012-12-31 10:00:00,70.33994879923301
2012-12-31 11:00:00,64.62184506843997
2012-12-31 12:00:00,83.86770473050838
2012-12-31 13:00:00,88.88043868764477
2012-12-31 14:00:00,89.08176831551368
2012-12-31 15:00:00,96.4966397523315
2012-12-31 16:00:00,129.2700582287743
2012-12-31 17:00:00,220.6389829315587
2012-12-31 18:00:00,216.2801625849991
2012-12-31 19:00:00,156.38921642126647
2012-12-31 20:00:00,99.63486230044509
2012-12-31 21:00:00,76.12361883681382
2012-12-31 22:00:00,48.6584911571719
2012-12-31 23:00:00,25.990843928569735
