datetime,count
2011-01-20 00:00:00,20.304205002324245
2011-01-20 01:00:00,8.78603724778799
2011-01-20 02:00:00,4.673735481920058
2011-01-20 03:00:00,2.836791002501889
2011-01-20 04:00:00,2.738617776585432
2011-01-20 05:00:00,14.45748953831454
2011-01-20 06:00:00,65.15565170394001
2011-01-20 07:00:00,169.21546941497758
2011-01-20 08:00:00,284.00436419858454
2011-01-20 09:00:00,167.55180246587486
2011-01-20 10:00:00,82.14544227063232
2011-01-20 11:00:00,94.16119759394063
2011-01-20 12:00:00,115.7433783882247
2011-01-20 13:00:00,98.6247419200374
2011-01-20 14:00:00,91.67508231608929
2011-01-20 15:00:00,98.19170872386637
2011-01-20 16:00:00,134.37720833587986
2011-01-20 17:00:00,281.5825142130376
2011-01-20 18:00:00,227.31824890820855
2011-01-20 19:00:00,172.32494667695687
2011-01-20 20:00:00,126.02657016048731
2011-01-20 21:00:00,88.32708960812765
2011-01-20 22:00:00,57.069639588650304
2011-01-20 23:00:00,35.4287174568485
2011-01-21 00:00:00,20.799171464685198
2011-01-21 01:00:00,10.242796271321847
2011-01-21 02:00:00,5.746072825391922
2011-01-21 03:00:00,2.234833899569554
2011-01-21 04:00:00,2.4367013064039194
2011-01-21 05:00:00,11.91350514004044
2011-01-21 06:00:00,43.84185394027683
2011-01-21 07:00:00,108.58017058828769
2011-01-21 08:00:00,206.0035599998001
2011-01-21 09:00:00,120.4487219251567
2011-01-21 10:00:00,66.06725865594805
2011-01-21 11:00:00,72.65697577547493
2011-01-21 12:00:00,83.78465842782637
2011-01-21 13:00:00,70.83162286080878
2011-01-21 14:00:00,67.58649225111303
2011-01-21 15:00:00,61.60186661754476
2011-01-21 16:00:00,85.84366005358793
2011-01-21 17:00:00,114.08906376784869
2011-01-21 18:00:00,96.65156827969403
2011-01-21 19:00:00,59.46010357855233
2011-01-21 20:00:00,41.50787955879258
2011-01-21 21:00:00,32.185635698446895
2011-01-21 22:00:00,29.411045969425903
2011-01-21 23:00:00,21.143816905901506
2011-01-22 00:00:00,26.400525500790472
2011-01-22 01:00:00,15.485917090414725
2011-01-22 02:00:00,13.904460972220981
2011-01-22 03:00:00,6.086197704951321
2011-01-22 04:00:00,1.7980536610804185
2011-01-22 06:00:00,4.043343870721802
2011-01-22 07:00:00,9.8034347460373
2011-01-22 08:00:00,27.095647569971284
2011-01-22 09:00:00,53.07266728964397
2011-01-22 10:00:00,72.01857834519623
2011-01-22 11:00:00,92.24894900943765
2011-01-22 12:00:00,103.25131783901472
2011-01-22 13:00:00,111.39783855063426
2011-01-22 14:00:00,108.43607418285075
2011-01-22 15:00:00,100.15027991339014
2011-01-22 16:00:00,106.16092422257607
2011-01-22 17:00:00,63.98837168243788
2011-01-22 18:00:00,64.89367617226375
2011-01-22 19:00:00,52.14316174697827
2011-01-22 20:00:00,39.373837638216386
2011-01-22 21:00:00,40.193700906168175
2011-01-22 22:00:00,33.889458365691816
2011-01-22 23:00:00,23.99396139348523
2011-01-23 00:00:00,28.242184165678214
2011-01-23 01:00:00,24.01225719040102
2011-01-23 02:00:00,16.61018663795065
2011-01-23 03:00:00,8.169803150161162
2011-01-23 05:00:00,1.7800592606967038
2011-01-23 06:00:00,3.1230191226525497
2011-01-23 07:00:00,6.856699761113963
2011-01-23 08:00:00,18.056679286160836
2011-01-23 09:00:00,40.38159863251536
2011-01-23 10:00:00,68.46611149402196
2011-01-23 11:00:00,96.82704660109653
2011-01-23 12:00:00,118.48424517749997
2011-01-23 13:00:00,99.73774049225226
2011-01-23 14:00:00,110.69457154731217
2011-01-23 15:00:00,109.5013476075036
2011-01-23 16:00:00,108.36833303514007
2011-01-23 17:00:00,65.3487480771265
2011-01-23 18:00:00,55.95192701517552
2011-01-23 19:00:00,42.27750847709023
2011-01-23 20:00:00,36.22136996815655
2011-01-23 21:00:00,32.18809173153043
2011-01-23 22:00:00,23.261377278467666
2011-01-23 23:00:00,14.723669401228069
2011-01-24 00:00:00,8.515463090087408
2011-01-24 01:00:00,3.5546188066807445
2011-01-24 03:00:00,1.2576355906991161
2011-01-24 04:00:00,1.7502074094609952
2011-01-24 05:00:00,7.969420325819264
2011-01-24 06:00:00,33.693130083980236
2011-01-24 07:00:00,103.87467774680285
2011-01-24 08:00:00,201.5890132089013
2011-01-24 09:00:00,114.82580108115837
2011-01-24 10:00:00,51.23141761810097
2011-01-24 11:00:00,53.44411420657773
2011-01-24 12:00:00,64.3840527173208
2011-01-24 13:00:00,57.172317253700534
2011-01-24 14:00:00,52.34502569768117
2011-01-24 15:00:00,61.79245954347157
2011-01-24 16:00:00,78.15002984201533
2011-01-24 17:00:00,151.75076453214905
2011-01-24 18:00:00,137.02030737034113
2011-01-24 19:00:00,119.9292454671419
2011-01-24 20:00:00,64.26531487289795
2011-01-24 21:00:00,42.740102988663374
2011-01-24 22:00:00,26.101506741519426
2011-01-24 23:00:00,14.91982307284093
2011-01-25 00:00:00,7.279907795123718
2011-01-25 01:00:00,3.2705206169264605
2011-01-25 02:00:00,1.8026525001162208
2011-01-25 04:00:00,1.6499433726837114
2011-01-25 05:00:00,8.010991041939244
2011-01-25 06:00:00,42.99447083066762
2011-01-25 07:00:00,118.86842606529584
2011-01-25 08:00:00,220.06612355977262
2011-01-25 09:00:00,128.68047610373463
2011-01-25 10:00:00,71.93871348114558
2011-01-25 11:00:00,84.07844792067829
2011-01-25 12:00:00,84.42260997156949
2011-01-25 13:00:00,82.17802572607224
2011-01-25 14:00:00,90.29812366582317
2011-01-25 15:00:00,101.7604099302433
2011-01-25 16:00:00,149.82127234543472
2011-01-25 17:00:00,283.1226403090198
2011-01-25 18:00:00,273.6138492828758
2011-01-25 19:00:00,145.02334247042722
2011-01-25 20:00:00,98.08838962684139
2011-01-25 21:00:00,72.5555337062384
2011-01-25 22:00:00,44.43565964593235
2011-01-25 23:00:00,24.291992715622744
2011-01-26 00:00:00,12.00924540538124
2011-01-26 01:00:00,6.394208363129204
2011-01-26 02:00:00,2.659753249520954
2011-01-26 05:00:00,4.821021052638731
2011-01-26 06:00:00,19.96038208944042
2011-01-26 07:00:00,66.93658722184469
2011-01-26 08:00:00,122.13999153636158
2011-01-26 09:00:00,63.735315324861816
2011-01-26 10:00:00,20.87374884917705
2011-01-26 11:00:00,14.788582223672362
2011-01-26 12:00:00,17.13539522051093
2011-01-26 13:00:00,15.34351496073973
2011-01-26 14:00:00,13.680941998704375
2011-01-26 15:00:00,12.933675613698503
2011-01-26 16:00:00,22.04322976617313
2011-01-26 17:00:00,39.54494282603625
2011-01-27 16:00:00,102.69995317893799
2011-01-27 17:00:00,209.01372042939101
2011-01-27 18:00:00,195.04910701698896
2011-01-27 19:00:00,142.54471435576338
2011-01-27 20:00:00,88.49547639527684
2011-01-27 21:00:00,69.34308975381458
2011-01-27 22:00:00,54.99334874500041
2011-01-27 23:00:00,27.61381343804106
2011-01-28 00:00:00,17.175010880156353
2011-01-28 01:00:00,8.902724337371204
2011-01-28 02:00:00,4.732331556307112
2011-01-28 03:00:00,2.9809184470449455
2011-01-28 05:00:00,9.852424924099303
2011-01-28 06:00:00,34.11548918930988
2011-01-28 07:00:00,106.97727988095797
2011-01-28 08:00:00,200.80536709709662
2011-01-28 09:00:00,84.30616278644321
2011-01-28 10:00:00,37.02554507574881
2011-01-28 11:00:00,30.095342321329923
2011-01-28 12:00:00,33.087467598120504
2011-01-28 13:00:00,29.616644587881126
2011-01-28 14:00:00,34.91961623380233
2011-01-28 15:00:00,50.04314315703205
2011-01-28 16:00:00,88.15440239927626
2011-01-28 17:00:00,204.79518297649443
2011-01-28 18:00:00,177.46601980321554
2011-01-28 19:00:00,126.04993586927121
2011-01-28 20:00:00,92.61715612896018
2011-01-28 21:00:00,58.732108921033216
2011-01-28 22:00:00,58.89155543155968
2011-01-28 23:00:00,57.35669942490079
2011-01-29 00:00:00,24.241867288352374
2011-01-29 01:00:00,23.11332086691769
2011-01-29 02:00:00,18.127543684134007
2011-01-29 03:00:00,8.258151689126672
2011-01-29 04:00:00,2.467781281412463
2011-01-29 06:00:00,4.671265967997496
2011-01-29 07:00:00,12.230167578533417
2011-01-29 08:00:00,32.04550064866392
2011-01-29 09:00:00,63.420578837042314
2011-01-29 10:00:00,66.71157228925256
2011-01-29 11:00:00,73.31293273079129
2011-01-29 12:00:00,84.02672959623565
2011-01-29 13:00:00,103.99856956317332
2011-01-29 14:00:00,94.99318284743181
2011-01-29 15:00:00,97.97612499231671
2011-01-29 16:00:00,115.27974066540715
2011-01-29 17:00:00,77.51359042827883
2011-01-29 18:00:00,64.92116540020835
2011-01-29 19:00:00,46.84176753915851
2011-01-29 20:00:00,46.7803881743219
2011-01-29 21:00:00,42.852414597369844
2011-01-29 22:00:00,36.95201371077493
2011-01-29 23:00:00,28.55838485823422
2011-01-30 00:00:00,34.4236927704479
2011-01-30 01:00:00,23.666204227775218
2011-01-30 02:00:00,24.630582339487102
2011-01-30 03:00:00,8.584581471679796
2011-01-30 04:00:00,2.279837361853496
2011-01-30 05:00:00,1.921210676172669
2011-01-30 07:00:00,7.572479589256315
2011-01-30 08:00:00,18.350750617858505
2011-01-30 09:00:00,49.299586247000505
2011-01-30 10:00:00,64.93903809461415
2011-01-30 11:00:00,83.00514512984512
2011-01-30 12:00:00,172.7626826200242
2011-01-30 13:00:00,124.96500662443766
2011-01-30 14:00:00,110.99968552915638
2011-01-30 15:00:00,146.45175504869084
2011-01-30 16:00:00,143.63418973836835
2011-01-30 17:00:00,99.15617131982441
2011-01-30 18:00:00,57.49418882702223
2011-01-30 19:00:00,50.64009391241949
2011-01-30 20:00:00,39.91655904763972
2011-01-30 21:00:00,33.09234618716755
2011-01-30 22:00:00,28.6134084758784
2011-01-30 23:00:00,14.507846192384129
2011-01-31 00:00:00,10.213792857824084
2011-01-31 01:00:00,4.203727280695681
2011-01-31 02:00:00,2.78446695330805
2011-01-31 03:00:00,1.967450097749217
2011-01-31 04:00:00,1.7110930685480148
2011-01-31 05:00:00,6.2474866032936145
2011-01-31 06:00:00,27.83788241875998
2011-01-31 07:00:00,82.27642941556468
2011-01-31 08:00:00,174.29978093960545
2011-01-31 09:00:00,93.98527644360897
2011-01-31 10:00:00,46.5089425158944
2011-01-31 11:00:00,46.86578972593042
2011-01-31 12:00:00,65.89422713246314
2011-01-31 13:00:00,64.00014644725174
2011-01-31 14:00:00,49.43677942487451
2011-01-31 15:00:00,49.765279032019336
2011-01-31 16:00:00,76.40862309468292
2011-01-31 17:00:00,148.4611846458382
2011-01-31 18:00:00,148.1965025955748
2011-01-31 19:00:00,170.95351432778
2011-01-31 20:00:00,61.329209142738
2011-01-31 21:00:00,48.38561814741566
2011-01-31 22:00:00,30.88971076366181
2011-01-31 23:00:00,18.804440919551475
2011-02-20 00:00:00,38.940767190858516
2011-02-20 01:00:00,25.10357587756135
2011-02-20 02:00:00,19.632758363122434
2011-02-20 03:00:00,8.726603166016039
2011-02-20 04:00:00,2.3561626805490183
2011-02-20 06:00:00,3.5779235544405315
2011-02-20 07:00:00,10.397197995601545
2011-02-20 08:00:00,32.16146359822365
2011-02-20 09:00:00,56.706587210534686
2011-02-20 10:00:00,138.63875778065542
2011-02-20 11:00:00,190.3885579713142
2011-02-20 12:00:00,211.94939577471348
2011-02-20 13:00:00,202.80873083792503
2011-02-20 14:00:00,205.02388133866086
2011-02-20 15:00:00,192.81480139635974
2011-02-20 16:00:00,189.30535739944656
2011-02-20 17:00:00,146.36031200022396
2011-02-20 18:00:00,156.4441447430913
2011-02-20 19:00:00,120.64455975401185
2011-02-20 20:00:00,90.48450114851444
2011-02-20 21:00:00,84.81541634654414
2011-02-20 22:00:00,55.655552471733124
2011-02-20 23:00:00,33.75506286213912
2011-02-21 00:00:00,29.515748499325813
2011-02-21 01:00:00,18.96064689547526
2011-02-21 02:00:00,13.726114865015646
2011-02-21 03:00:00,6.110778112580862
2011-02-21 04:00:00,4.284652798927629
2011-02-21 05:00:00,4.3549978815772
2011-02-21 06:00:00,8.893444371534986
2011-02-21 07:00:00,26.98597716368429
2011-02-21 08:00:00,75.05242854214607
2011-02-21 09:00:00,118.03025455441559
2011-02-21 10:00:00,152.6224314504662
2011-02-21 11:00:00,228.41243846246542
2011-02-21 12:00:00,223.4426325107089
2011-02-21 13:00:00,119.37941974778639
2011-02-21 14:00:00,162.08883457407285
2011-02-21 15:00:00,165.47956833277374
2011-02-21 16:00:00,146.43836553155535
2011-02-21 17:00:00,167.1050891610692
2011-02-21 18:00:00,127.90559642508924
2011-02-21 19:00:00,104.91883001336306
2011-02-21 20:00:00,65.0125449465087
2011-02-21 21:00:00,37.33286655506796
2011-02-21 22:00:00,35.36052487861298
2011-02-21 23:00:00,19.934617056221043
2011-02-22 06:00:00,36.62033564664856
2011-02-22 07:00:00,137.05785485291264
2011-02-22 08:00:00,287.1296880367051
2011-02-22 09:00:00,146.26498464166437
2011-02-22 10:00:00,53.50775068028068
2011-02-22 11:00:00,56.91833355642425
2011-02-22 12:00:00,73.4687943021491
2011-02-22 13:00:00,69.7457567234846
2011-02-22 14:00:00,68.87394098755068
2011-02-22 15:00:00,88.43343873721297
2011-02-22 16:00:00,98.80318631666658
2011-02-22 17:00:00,213.52314411428262
2011-02-22 18:00:00,207.96392920623316
2011-02-22 19:00:00,130.28449176458045
2011-02-22 20:00:00,82.88147376526422
2011-02-22 21:00:00,62.834468843297614
2011-02-22 22:00:00,51.086307622381064
2011-02-22 23:00:00,29.70316515368679
2011-02-23 00:00:00,10.868896314990861
2011-02-23 01:00:00,4.585923573454683
2011-02-23 02:00:00,2.341157829384799
2011-02-23 03:00:00,1.4169310327088795
2011-02-23 05:00:00,7.775713541088648
2011-02-23 06:00:00,40.34282645746266
2011-02-23 07:00:00,162.52277975289795
2011-02-23 08:00:00,314.35195185063014
2011-02-23 09:00:00,157.4285173419908
2011-02-23 10:00:00,55.592882655016574
2011-02-23 11:00:00,80.53024173365169
2011-02-23 12:00:00,96.36394188702144
2011-02-23 13:00:00,95.57239280868018
2011-02-23 14:00:00,93.14155790690995
2011-02-23 15:00:00,102.4706118049689
2011-02-23 16:00:00,134.37144592308098
2011-02-23 17:00:00,290.99892357781147
2011-02-23 18:00:00,260.28807687674606
2011-02-23 19:00:00,180.70653701406704
2011-02-23 20:00:00,118.69635850727234
2011-02-23 21:00:00,78.95982337267236
2011-02-23 22:00:00,62.19472011686396
2011-02-23 23:00:00,33.27129652094039
2011-02-24 00:00:00,14.178610018439288
2011-02-24 01:00:00,7.029559527063801
2011-02-24 02:00:00,3.3521741877928735
2011-02-24 03:00:00,1.8662327003151018
2011-02-24 05:00:00,9.972857321270002
2011-02-24 06:00:00,42.95172612530159
2011-02-24 07:00:00,172.37277701247578
2011-02-24 08:00:00,429.8895109247197
2011-02-24 09:00:00,182.1151170324862
2011-02-24 10:00:00,88.2145757324539
2011-02-24 11:00:00,96.68534813779074
2011-02-24 12:00:00,122.87255401533051
2011-02-24 13:00:00,123.42595145658373
2011-02-24 14:00:00,104.34251030653208
2011-02-24 15:00:00,89.014690747858225
2011-02-24 16:00:00,116.66918548140552
2011-02-24 17:00:00,272.04806121416044
2011-02-24 18:00:00,217.95023888628492
2011-02-24 19:00:00,100.48109853889946
2011-02-24 20:00:00,90.42901623614681
2011-02-24 21:00:00,87.91438087956303
2011-02-24 22:00:00,59.11178390363581
2011-02-24 23:00:00,53.128495768204765
2011-02-25 00:00:00,21.882229737202472
2011-02-25 01:00:00,9.769400150604351
2011-02-25 02:00:00,5.646909983026283
2011-02-25 03:00:00,3.680622346556249
2011-02-25 05:00:00,13.218244905644546
2011-02-25 06:00:00,40.471406346264196
2011-02-25 07:00:00,104.4721789769455
2011-02-25 08:00:00,253.62425807011115
2011-02-25 09:00:00,94.69081687518543
2011-02-25 10:00:00,49.97879066776091
2011-02-25 11:00:00,135.52327084265647
2011-02-25 12:00:00,116.72025816261439
2011-02-25 13:00:00,113.44469001854718
2011-02-25 14:00:00,100.60227122615078
2011-02-25 15:00:00,152.19850586165072
2011-02-25 16:00:00,165.75721793646846
2011-02-25 17:00:00,232.08474381423167
2011-02-25 18:00:00,214.64692191412854
2011-02-25 19:00:00,154.36364162905173
2011-02-25 20:00:00,93.99514840842113
2011-02-25 21:00:00,88.8110481980871
2011-02-25 22:00:00,70.90960045192033
2011-02-25 23:00:00,57.73846651176104
2011-02-26 00:00:00,50.87332430564979
2011-02-26 01:00:00,35.087440005821165
2011-02-26 02:00:00,19.656729011448242
2011-02-26 03:00:00,10.730814010490757
2011-02-26 04:00:00,2.6423017662140462
2011-02-26 05:00:00,2.4892720149732988
2011-02-26 06:00:00,5.2925781469941215
2011-02-26 07:00:00,14.89535566951615
2011-02-26 08:00:00,51.56599572119365
2011-02-26 09:00:00,101.87512307719224
2011-02-26 10:00:00,198.62536633280166
2011-02-26 11:00:00,246.6982403077281
2011-02-26 12:00:00,286.3073521113601
2011-02-26 13:00:00,267.6479182255362
2011-02-26 14:00:00,229.896880893327
2011-02-26 15:00:00,271.2356732983271
2011-02-26 16:00:00,244.13577223569595
2011-02-26 17:00:00,199.18561111733845
2011-02-26 18:00:00,161.68396793446183
2011-02-26 19:00:00,112.36230093696643
2011-02-26 20:00:00,102.45784165033722
2011-02-26 21:00:00,68.61793567590666
2011-02-26 22:00:00,68.17396609225521
2011-02-26 23:00:00,49.02063272624471
2011-02-27 00:00:00,46.07732760689084
2011-02-27 01:00:00,38.19257926763993
2011-02-27 02:00:00,42.52677060609755
2011-02-27 03:00:00,17.082978021253655
2011-02-27 04:00:00,4.746690643362994
2011-02-27 06:00:00,5.5372830510700615
2011-02-27 07:00:00,16.6840994254352
2011-02-27 08:00:00,43.08291704260641
2011-02-27 09:00:00,107.37786705411956
2011-02-27 10:00:00,139.64859182017867
2011-02-27 11:00:00,204.78701164089665
2011-02-27 12:00:00,294.5564198032478
2011-02-27 13:00:00,289.413789436353
2011-02-27 14:00:00,256.6340086174268
2011-02-27 15:00:00,299.79785111991424
2011-02-27 16:00:00,288.2030462204336
2011-02-27 17:00:00,198.78762410033048
2011-02-27 18:00:00,148.9762117610281
2011-02-27 19:00:00,128.8521992543415
2011-02-27 20:00:00,111.6189253909149
2011-02-27 21:00:00,72.91119361234341
2011-02-27 22:00:00,65.81353769576569
2011-02-27 23:00:00,42.47603740371038
2011-02-28 00:00:00,15.477769679923856
2011-02-28 01:00:00,4.424665106184307
2011-02-28 03:00:00,2.0674404063445717
2011-02-28 05:00:00,10.869262402877942
2011-02-28 06:00:00,53.59082601370528
2011-02-28 07:00:00,195.4008087955099
2011-02-28 08:00:00,229.9114910096699
2011-02-28 09:00:00,217.2743242762155
2011-02-28 10:00:00,85.76425894487961
2011-02-28 11:00:00,93.28336625930767
2011-02-28 12:00:00,120.9323256292496
2011-02-28 13:00:00,70.21813976442847
2011-02-28 14:00:00,40.5359258196397
2011-02-28 15:00:00,42.940079619271295
2011-02-28 16:00:00,99.31223540859054
2011-02-28 17:00:00,133.65067905571533
2011-02-28 18:00:00,228.4472653497339
2011-02-28 19:00:00,105.52204927154031
2011-02-28 20:00:00,62.79964653713951
2011-02-28 21:00:00,67.91598784059707
2011-02-28 22:00:00,32.97262192366307
2011-02-28 23:00:00,23.367948028616578
2011-03-20 00:00:00,59.60696769957728
2011-03-20 01:00:00,47.27676476547587
2011-03-20 02:00:00,35.01717058937806
2011-03-20 03:00:00,17.795032959569
2011-03-20 04:00:00,4.004235551657625
2011-03-20 05:00:00,3.246868726360534
2011-03-20 06:00:00,5.606723968750876
2011-03-20 07:00:00,16.84165291103457
2011-03-20 08:00:00,64.93400856266264
2011-03-20 09:00:00,139.90978352955676
2011-03-20 10:00:00,243.05612361217317
2011-03-20 11:00:00,370.8112847726991
2011-03-20 12:00:00,422.01818056315386
2011-03-20 13:00:00,393.76761177710677
2011-03-20 14:00:00,351.36178430722725
2011-03-20 15:00:00,359.6578066816791
2011-03-20 16:00:00,394.1594058536919
2011-03-20 17:00:00,209.44240464864407
2011-03-20 18:00:00,169.19761819366894
2011-03-20 19:00:00,125.18665492635297
2011-03-20 20:00:00,96.57243294869893
2011-03-20 21:00:00,59.56352301073493
2011-03-20 22:00:00,45.10616693735378
2011-03-20 23:00:00,19.69128647633821
2011-03-21 00:00:00,14.330077996668749
2011-03-21 01:00:00,6.864738446121046
2011-03-21 02:00:00,3.5361697762809325
2011-03-21 03:00:00,2.2734595008917053
2011-03-21 05:00:00,9.492576734737959
2011-03-21 06:00:00,39.61992462809881
2011-03-21 07:00:00,105.75512955885736
2011-03-21 08:00:00,285.34848132235095
2011-03-21 09:00:00,147.68975035767437
2011-03-21 10:00:00,83.11193654790914
2011-03-21 11:00:00,113.09107683514235
2011-03-21 12:00:00,164.7711810221959
2011-03-21 13:00:00,163.5840503459966
2011-03-21 14:00:00,203.9644926792865
2011-03-21 15:00:00,242.36705874503434
2011-03-21 16:00:00,286.34471880366993
2011-03-21 17:00:00,634.9955470515976
2011-03-21 18:00:00,532.2033647000076
2011-03-21 19:00:00,504.7388157046279
2011-03-21 20:00:00,323.7123586887405
2011-03-21 21:00:00,114.5786909936806
2011-03-21 22:00:00,90.47312429875613
2011-03-21 23:00:00,64.08240273295003
2011-03-22 00:00:00,21.214349947624985
2011-03-22 01:00:00,6.112418813390243
2011-03-22 02:00:00,3.992862141847051
2011-03-22 03:00:00,3.493204548281475
2011-03-22 04:00:00,3.799235269230998
2011-03-22 05:00:00,15.372820823954866
2011-03-22 06:00:00,74.60044743300897
2011-03-22 07:00:00,251.45178866097638
2011-03-22 08:00:00,407.3956896409148
2011-03-22 09:00:00,200.83051645476314
2011-03-22 10:00:00,113.9887376396887
2011-03-22 11:00:00,124.06420464176784
2011-03-22 12:00:00,181.0142834855007
2011-03-22 13:00:00,178.86392119182835
2011-03-22 14:00:00,158.9378260373934
2011-03-22 15:00:00,182.2823236871483
2011-03-22 16:00:00,265.79468102057405
2011-03-22 17:00:00,569.2089259269627
2011-03-22 18:00:00,597.609149897175
2011-03-22 19:00:00,351.1071456187085
2011-03-22 20:00:00,207.46559642618584
2011-03-22 21:00:00,146.19577602189267
2011-03-22 22:00:00,90.89216733116716
2011-03-22 23:00:00,53.281906806462004
2011-03-23 00:00:00,14.28242747771604
2011-03-23 01:00:00,5.783383365377326
2011-03-23 02:00:00,2.9327947068725257
2011-03-23 03:00:00,2.4462966264204815
2011-03-23 05:00:00,6.798916944243881
2011-03-23 06:00:00,53.41616765170467
2011-03-23 07:00:00,139.47737359725596
2011-03-23 08:00:00,291.2981599806655
2011-03-23 09:00:00,169.80158359733335
2011-03-23 10:00:00,60.55136038064695
2011-03-23 11:00:00,56.45764453116573
2011-03-23 12:00:00,67.08859283321955
2011-03-23 13:00:00,34.17569738933512
2011-03-23 14:00:00,59.40723442101065
2011-03-23 15:00:00,91.01940589204123
2011-03-23 16:00:00,132.77423873963625
2011-03-23 17:00:00,281.6273369548354
2011-03-23 18:00:00,171.8335407164232
2011-03-23 19:00:00,126.76725900443846
2011-03-23 20:00:00,34.7842126263898
2011-03-23 21:00:00,17.772137502104794
2011-03-23 22:00:00,41.38344226326869
2011-03-23 23:00:00,18.04269996486925
2011-03-24 00:00:00,11.773391976741422
2011-03-24 01:00:00,4.511691438510614
2011-03-24 02:00:00,2.43212757438281
2011-03-24 03:00:00,1.8968681817306892
2011-03-24 04:00:00,2.0328280771584275
2011-03-24 05:00:00,11.314223165525313
2011-03-24 06:00:00,55.02058940866782
2011-03-24 07:00:00,79.32536853907993
2011-03-24 08:00:00,123.9248677082664
2011-03-24 09:00:00,144.13159848943621
2011-03-24 10:00:00,48.07456474849562
2011-03-24 11:00:00,66.71244089456567
2011-03-24 12:00:00,93.41666674196965
2011-03-24 13:00:00,80.84917959678278
2011-03-24 14:00:00,76.37264968271039
2011-03-24 15:00:00,73.4028529864028
2011-03-24 16:00:00,107.27427087593287
2011-03-24 17:00:00,221.66065444625468
2011-03-24 18:00:00,251.15071301589776
2011-03-24 19:00:00,213.2152631138036
2011-03-24 20:00:00,121.02616562798228
2011-03-24 21:00:00,82.3410733187468
2011-03-24 22:00:00,69.34818079074287
2011-03-24 23:00:00,39.80681831831221
2011-03-25 00:00:00,24.287860529545327
2011-03-25 01:00:00,7.934662297716689
2011-03-25 02:00:00,3.782701444372077
2011-03-25 03:00:00,2.564922677176796
2011-03-25 04:00:00,1.8415036152031707
2011-03-25 05:00:00,7.364658298771325
2011-03-25 06:00:00,29.48158802657181
2011-03-25 07:00:00,129.26868364249705
2011-03-25 08:00:00,310.09548213473533
2011-03-25 09:00:00,204.26344496255703
2011-03-25 10:00:00,102.27781750717683
2011-03-25 11:00:00,110.99954043008925
2011-03-25 12:00:00,141.39900096033375
2011-03-25 13:00:00,133.98448369976808
2011-03-25 14:00:00,146.16330622717808
2011-03-25 15:00:00,140.84396064957633
2011-03-25 16:00:00,182.63767510739245
2011-03-25 17:00:00,287.79500010710245
2011-03-25 18:00:00,242.65695235698828
2011-03-25 19:00:00,168.750024605943
2011-03-25 20:00:00,118.20168816629054
2011-03-25 21:00:00,95.54568361072593
2011-03-25 22:00:00,83.06149199842675
2011-03-25 23:00:00,61.33400344942639
2011-03-26 00:00:00,64.05040274111113
2011-03-26 01:00:00,47.55670446826051
2011-03-26 02:00:00,31.533667633506763
2011-03-26 03:00:00,11.914709541016826
2011-03-26 04:00:00,4.327720060263134
2011-03-26 05:00:00,3.407501943682182
2011-03-26 06:00:00,8.7505037708047
2011-03-26 07:00:00,27.581410470414884
2011-03-26 08:00:00,113.37191626095137
2011-03-26 09:00:00,228.9931310884494
2011-03-26 10:00:00,252.62248484553737
2011-03-26 11:00:00,338.6786201015884
2011-03-26 12:00:00,324.596958995998
2011-03-26 13:00:00,306.37072279578337
2011-03-26 14:00:00,293.30325734009494
2011-03-26 15:00:00,314.77779795337506
2011-03-26 16:00:00,310.3116225381694
2011-03-26 17:00:00,254.19995224353707
2011-03-26 18:00:00,239.7713246053078
2011-03-26 19:00:00,164.10361652512532
2011-03-26 20:00:00,118.16192603169432
2011-03-26 21:00:00,103.32854069426138
2011-03-26 22:00:00,93.89126250377096
2011-03-26 23:00:00,68.64489504348178
2011-03-27 00:00:00,103.23353481014988
2011-03-27 01:00:00,56.71540329134101
2011-03-27 02:00:00,35.246869289074276
2011-03-27 03:00:00,11.277229844133386
2011-03-27 04:00:00,4.234725018610529
2011-03-27 06:00:00,5.627766002663597
2011-03-27 07:00:00,16.745988438046883
2011-03-27 08:00:00,51.149307697755916
2011-03-27 09:00:00,176.46096247909898
2011-03-27 10:00:00,169.85140589637015
2011-03-27 11:00:00,358.4251964325759
2011-03-27 12:00:00,385.2852378512214
2011-03-27 13:00:00,351.16408406153766
2011-03-27 14:00:00,398.765394351709
2011-03-27 15:00:00,309.1101037838293
2011-03-27 16:00:00,408.23445584115075
2011-03-27 17:00:00,276.14803882144025
2011-03-27 18:00:00,243.78545245264408
2011-03-27 19:00:00,173.044176852139
2011-03-27 20:00:00,150.35140982761735
2011-03-27 21:00:00,114.71797515668787
2011-03-27 22:00:00,85.8907506302611
2011-03-27 23:00:00,51.188714496048576
2011-03-28 00:00:00,13.197349071387976
2011-03-28 01:00:00,6.369130470691581
2011-03-28 02:00:00,3.637728461023718
2011-03-28 03:00:00,2.4663812936020086
2011-03-28 05:00:00,10.36155186036895
2011-03-28 06:00:00,42.4187602820002
2011-03-28 07:00:00,147.09261971279437
2011-03-28 08:00:00,291.7419826914993
2011-03-28 09:00:00,195.37458797913143
2011-03-28 10:00:00,84.13157331990828
2011-03-28 11:00:00,100.2371236416983
2011-03-28 12:00:00,120.7101389049199
2011-03-28 13:00:00,119.30353450092656
2011-03-28 14:00:00,106.58965157009592
2011-03-28 15:00:00,105.39309117159239
2011-03-28 16:00:00,179.79134328113196
2011-03-28 17:00:00,343.7282520754101
2011-03-28 18:00:00,290.5107022423232
2011-03-28 19:00:00,205.4667289247998
2011-03-28 20:00:00,134.30876492666457
2011-03-28 21:00:00,91.7717427887068
2011-03-28 22:00:00,64.52899096462363
2011-03-28 23:00:00,37.17354271815656
2011-03-29 00:00:00,14.078753007880207
2011-03-29 01:00:00,5.580690774536254
2011-03-29 02:00:00,2.806692124641065
2011-03-29 03:00:00,2.1559761101291186
2011-03-29 04:00:00,2.1209225162758316
2011-03-29 05:00:00,12.515668595153057
2011-03-29 06:00:00,59.76973820092027
2011-03-29 07:00:00,175.6418142554295
2011-03-29 08:00:00,386.8983019819354
2011-03-29 09:00:00,205.37656446281795
2011-03-29 10:00:00,89.94508796530106
2011-03-29 11:00:00,99.93272057780327
2011-03-29 12:00:00,130.16941434117177
2011-03-29 13:00:00,114.90456209152772
2011-03-29 14:00:00,121.8779286105433
2011-03-29 15:00:00,128.49577193574706
2011-03-29 16:00:00,184.12192733987328
2011-03-29 17:00:00,419.36090068796716
2011-03-29 18:00:00,339.3397300656069
2011-03-29 19:00:00,249.76086329489584
2011-03-29 20:00:00,155.34402317813138
2011-03-29 21:00:00,114.1275418610625
2011-03-29 22:00:00,75.38064012677077
2011-03-29 23:00:00,40.0305751708233
2011-03-30 00:00:00,19.0792955459011
2011-03-30 01:00:00,8.304854080532268
2011-03-30 02:00:00,4.2487973356502255
2011-03-30 03:00:00,3.195450152057094
2011-03-30 04:00:00,3.1400245976270873
2011-03-30 05:00:00,14.936587448388599
2011-03-30 06:00:00,81.71654083121074
2011-03-30 07:00:00,285.7732240210115
2011-03-30 08:00:00,439.87541751117953
2011-03-30 09:00:00,215.67016526674246
2011-03-30 10:00:00,100.38780990197807
2011-03-30 11:00:00,107.0861143279522
2011-03-30 12:00:00,129.3986848385342
2011-03-30 13:00:00,130.55255852551957
2011-03-30 14:00:00,111.84215318622076
2011-03-30 15:00:00,32.41433099259768
2011-03-30 16:00:00,43.24907282505338
2011-03-30 17:00:00,83.86488183869368
2011-03-30 18:00:00,117.94257357184848
2011-03-30 19:00:00,92.17962738462666
2011-03-30 20:00:00,31.603069101436585
2011-03-30 21:00:00,49.43154478871771
2011-03-30 22:00:00,23.893045367800518
2011-03-30 23:00:00,15.088041563019237
2011-03-31 00:00:00,9.257163722918639
2011-03-31 01:00:00,4.361377750445423
2011-03-31 02:00:00,2.3712278997040936
2011-03-31 03:00:00,1.6076368865772919
2011-03-31 04:00:00,1.5744634432696454
2011-03-31 05:00:00,8.0745916610135
2011-03-31 06:00:00,26.825113362015994
2011-03-31 07:00:00,108.44944285333577
2011-03-31 08:00:00,246.37812386735442
2011-03-31 09:00:00,88.41269576998799
2011-03-31 10:00:00,34.66678708881535
2011-03-31 11:00:00,35.409203976168754
2011-03-31 12:00:00,39.357292591486356
2011-03-31 13:00:00,45.48176566354428
2011-03-31 14:00:00,40.33452659978638
2011-03-31 15:00:00,35.74904841761002
2011-03-31 16:00:00,91.69267140573704
2011-03-31 17:00:00,177.00088728074002
2011-03-31 18:00:00,195.89760345147505
2011-03-31 19:00:00,145.78934941363738
2011-03-31 20:00:00,57.261865809102666
2011-03-31 21:00:00,78.52602115198059
2011-03-31 22:00:00,38.049042723055784
2011-03-31 23:00:00,20.397708029515957
2011-04-20 00:00:00,15.301589178021544
2011-04-20 01:00:00,5.221318288738499
2011-04-20 02:00:00,3.0414574343464102
2011-04-20 03:00:00,1.9678773759252948
2011-04-20 04:00:00,1.845846374252955
2011-04-20 05:00:00,10.521449911211912
2011-04-20 06:00:00,60.75806780506582
2011-04-20 07:00:00,179.31078651803003
2011-04-20 08:00:00,486.8540689960832
2011-04-20 09:00:00,258.23165072244524
2011-04-20 10:00:00,132.6116808125332
2011-04-20 11:00:00,139.191966560549
2011-04-20 12:00:00,203.76496546962946
2011-04-20 13:00:00,191.65447197508163
2011-04-20 14:00:00,190.0214305947047
2011-04-20 15:00:00,222.51335277990032
2011-04-20 16:00:00,320.9545853683155
2011-04-20 17:00:00,717.4769118047677
2011-04-20 18:00:00,568.7790887908458
2011-04-20 19:00:00,470.89022695026466
2011-04-20 20:00:00,318.6809414335976
2011-04-20 21:00:00,239.51671355331388
2011-04-20 22:00:00,175.54859437981483
2011-04-20 23:00:00,98.77095457936949
2011-04-21 00:00:00,31.903781528076763
2011-04-21 01:00:00,15.708809014907056
2011-04-21 02:00:00,8.66129742868238
2011-04-21 03:00:00,3.34724052299393
2011-04-21 04:00:00,3.398863830982147
2011-04-21 05:00:00,19.210657380702116
2011-04-21 06:00:00,75.79009289755668
2011-04-21 07:00:00,303.2931199487662
2011-04-21 08:00:00,429.11888214446776
2011-04-21 09:00:00,243.95135173509195
2011-04-21 10:00:00,142.02007380302925
2011-04-21 11:00:00,153.6392175790886
2011-04-21 12:00:00,231.6669883418698
2011-04-21 13:00:00,214.86205100804122
2011-04-21 14:00:00,192.14543645247403
2011-04-21 15:00:00,215.1086191377424
2011-04-21 16:00:00,291.50342722293885
2011-04-21 17:00:00,615.8076046746615
2011-04-21 18:00:00,556.3719556401027
2011-04-21 19:00:00,378.8326852630021
2011-04-21 20:00:00,266.02945692878865
2011-04-21 21:00:00,186.6204450814529
2011-04-21 22:00:00,167.91478676319608
2011-04-21 23:00:00,87.03043818780375
2011-04-22 00:00:00,34.43190427736009
2011-04-22 01:00:00,19.40904377156092
2011-04-22 02:00:00,9.727970793442571
2011-04-22 03:00:00,5.127994272329278
2011-04-22 04:00:00,3.5455648059910208
2011-04-22 05:00:00,20.863384620761146
2011-04-22 06:00:00,79.12430854941454
2011-04-22 07:00:00,250.90595956244178
2011-04-22 08:00:00,422.9606808725858
2011-04-22 09:00:00,139.015580883423
2011-04-22 10:00:00,116.60903801289315
2011-04-22 11:00:00,75.34830056895306
2011-04-22 12:00:00,78.85511464566132
2011-04-22 13:00:00,48.62031289417538
2011-04-22 14:00:00,40.576685369785416
2011-04-22 15:00:00,46.895698038511405
2011-04-22 16:00:00,73.5958559442565
2011-04-22 17:00:00,86.57688138703782
2011-04-22 18:00:00,77.53692191609254
2011-04-22 19:00:00,60.911252296766605
2011-04-22 20:00:00,48.823595637522324
2011-04-22 21:00:00,35.208498030537676
2011-04-22 22:00:00,23.54717618123037
2011-04-22 23:00:00,29.823226571114056
2011-04-23 00:00:00,20.233546082583818
2011-04-23 01:00:00,16.58883253891814
2011-04-23 02:00:00,16.776548445301803
2011-04-23 03:00:00,9.23000806212214
2011-04-23 04:00:00,3.4353628774236666
2011-04-23 05:00:00,3.1373747552766424
2011-04-23 06:00:00,9.476445345331214
2011-04-23 07:00:00,15.39206104309415
2011-04-23 08:00:00,50.868809006348656
2011-04-23 09:00:00,71.01983833882078
2011-04-23 10:00:00,119.85025679376523
2011-04-23 11:00:00,136.41322110809998
2011-04-23 12:00:00,228.9840947650407
2011-04-23 13:00:00,228.10189598236775
2011-04-23 14:00:00,308.83959486000543
2011-04-23 15:00:00,342.13022374097653
2011-04-23 16:00:00,354.78345166037747
2011-04-23 17:00:00,344.87485500387993
2011-04-23 18:00:00,296.3149122199656
2011-04-23 19:00:00,205.43420895629225
2011-04-23 20:00:00,123.74748520446856
2011-04-23 21:00:00,123.90986622077736
2011-04-23 22:00:00,132.4574851597897
2011-04-23 23:00:00,90.65441716871234
2011-04-24 00:00:00,95.8012577064119
2011-04-24 01:00:00,46.315686282456355
2011-04-24 02:00:00,37.17963579306331
2011-04-24 03:00:00,20.690811829388647
2011-04-24 04:00:00,6.677032650130698
2011-04-24 05:00:00,7.363467007976076
2011-04-24 06:00:00,10.270390235053164
2011-04-24 07:00:00,26.098192908486514
2011-04-24 08:00:00,83.48689842860416
2011-04-24 09:00:00,166.52592430577755
2011-04-24 10:00:00,315.4678346312441
2011-04-24 11:00:00,396.46717659944494
2011-04-24 12:00:00,429.1083740072725
2011-04-24 13:00:00,410.439592992306
2011-04-24 14:00:00,410.4913366639645
2011-04-24 15:00:00,410.41899851803754
2011-04-24 16:00:00,373.9725900462038
2011-04-24 17:00:00,344.05273299215327
2011-04-24 18:00:00,290.7539682440494
2011-04-24 19:00:00,146.4342407847375
2011-04-24 20:00:00,98.62746274081815
2011-04-24 21:00:00,62.7047895610371
2011-04-24 22:00:00,43.52253920454658
2011-04-24 23:00:00,33.247734393765455
2011-04-25 00:00:00,12.330213010108691
2011-04-25 01:00:00,6.423580834940913
2011-04-25 02:00:00,4.190339343824126
2011-04-25 03:00:00,2.3431179599295753
2011-04-25 04:00:00,3.074994280098454
2011-04-25 05:00:00,11.575233831022308
2011-04-25 06:00:00,47.68501386331221
2011-04-25 07:00:00,163.72416915184309
2011-04-25 08:00:00,429.6449462119198
2011-04-25 09:00:00,235.98815502281658
2011-04-25 10:00:00,127.88060992614648
2011-04-25 11:00:00,132.82014245815475
2011-04-25 12:00:00,151.61939706781985
2011-04-25 13:00:00,166.989816932552
2011-04-25 14:00:00,163.43741190853598
2011-04-25 15:00:00,163.87920937368898
2011-04-25 16:00:00,238.5228977342271
2011-04-25 17:00:00,507.9841411063
2011-04-25 18:00:00,447.59487494927214
2011-04-25 19:00:00,330.64805953474496
2011-04-25 20:00:00,215.87874200134436
2011-04-25 21:00:00,153.6085910840223
2011-04-25 22:00:00,106.61147322879667
2011-04-25 23:00:00,54.94611143247067
2011-04-26 00:00:00,21.565023977258466
2011-04-26 01:00:00,9.311843785757713
2011-04-26 02:00:00,3.9428483323550125
2011-04-26 03:00:00,2.2961171641335705
2011-04-26 04:00:00,4.047738368100349
2011-04-26 05:00:00,17.50543052231603
2011-04-26 06:00:00,93.29349070373144
2011-04-26 07:00:00,279.61657147148526
2011-04-26 08:00:00,469.25425267297067
2011-04-26 09:00:00,226.21762720573236
2011-04-26 10:00:00,119.71413374719644
2011-04-26 11:00:00,138.20417758551105
2011-04-26 12:00:00,169.9806956837787
2011-04-26 13:00:00,154.67997836367698
2011-04-26 14:00:00,144.4773858299323
2011-04-26 15:00:00,160.87891416175262
2011-04-26 16:00:00,245.20502581997167
2011-04-26 17:00:00,485.73223373343933
2011-04-26 18:00:00,457.00397600892086
2011-04-26 19:00:00,324.26451640837325
2011-04-26 20:00:00,224.2441996780974
2011-04-26 21:00:00,160.1506997658245
2011-04-26 22:00:00,103.32021429907368
2011-04-26 23:00:00,61.37176018906899
2011-04-27 00:00:00,22.703954473200266
2011-04-27 01:00:00,9.366194231513488
2011-04-27 02:00:00,4.258855258542328
2011-04-27 03:00:00,2.6124267350794987
2011-04-27 04:00:00,2.9688302804370323
2011-04-27 05:00:00,14.174941755078171
2011-04-27 06:00:00,73.19401467873858
2011-04-27 07:00:00,227.6710850842107
2011-04-27 08:00:00,326.08437822663194
2011-04-27 09:00:00,135.7946924402508
2011-04-27 10:00:00,100.15299899531509
2011-04-27 11:00:00,120.99813943507121
2011-04-27 12:00:00,140.80584508000823
2011-04-27 13:00:00,124.221857658862
2011-04-27 14:00:00,131.85363054274785
2011-04-27 15:00:00,151.79038862409843
2011-04-27 16:00:00,225.51484929162132
2011-04-27 17:00:00,230.05638925909955
2011-04-27 18:00:00,232.2128911603286
2011-04-27 19:00:00,264.64448243392735
2011-04-27 20:00:00,152.14939056126101
2011-04-27 21:00:00,102.54754620537543
2011-04-27 22:00:00,68.44588990475864
2011-04-27 23:00:00,42.49906271219014
2011-04-28 00:00:00,26.950616679602952
2011-04-28 01:00:00,8.602567584887852
2011-04-28 02:00:00,4.39526667860406
2011-04-28 03:00:00,3.5561858420012253
2011-04-28 04:00:00,3.1459934307362216
2011-04-28 05:00:00,18.70472733349234
2011-04-28 06:00:00,105.6308572328996
2011-04-28 07:00:00,283.8298424779482
2011-04-28 08:00:00,470.9244118563951
2011-04-28 09:00:00,92.63164900730148
2011-04-28 10:00:00,77.27681160442268
2011-04-28 11:00:00,97.81804953237969
2011-04-28 12:00:00,144.56609780197982
2011-04-28 13:00:00,93.9378811381522
2011-04-28 14:00:00,87.74762813124329
2011-04-28 15:00:00,155.94185199382187
2011-04-28 16:00:00,190.58576984508787
2011-04-28 17:00:00,511.27094355420104
2011-04-28 18:00:00,496.5199561420814
2011-04-28 19:00:00,379.5772462158354
2011-04-28 20:00:00,274.9167228581528
2011-04-28 21:00:00,214.91673471675284
2011-04-28 22:00:00,165.82854186023917
2011-04-28 23:00:00,117.09657428603684
2011-04-29 00:00:00,59.0115809703436
2011-04-29 01:00:00,27.7862695331425
2011-04-29 02:00:00,12.155188274981786
2011-04-29 03:00:00,6.575768858576092
2011-04-29 04:00:00,5.288975583532761
2011-04-29 05:00:00,30.770769134173552
2011-04-29 06:00:00,111.74151058837455
2011-04-29 07:00:00,376.73290903920656
2011-04-29 08:00:00,602.3551906675243
2011-04-29 09:00:00,342.2996381926592
2011-04-29 10:00:00,200.6739982220656
2011-04-29 11:00:00,248.00954283065946
2011-04-29 12:00:00,288.12611568327736
2011-04-29 13:00:00,277.89213521276736
2011-04-29 14:00:00,261.0147492623908
2011-04-29 15:00:00,249.03795609212324
2011-04-29 16:00:00,337.08750752603135
2011-04-29 17:00:00,513.9778569656686
2011-04-29 18:00:00,402.3141026815094
2011-04-29 19:00:00,273.1271264009563
2011-04-29 20:00:00,241.13521227993343
2011-04-29 21:00:00,179.3898690123428
2011-04-29 22:00:00,141.551754011986
2011-04-29 23:00:00,102.92467601103223
2011-04-30 00:00:00,65.18499092218973
2011-04-30 01:00:00,53.66603788985889
2011-04-30 02:00:00,37.39799367178624
2011-04-30 03:00:00,18.024557933543054
2011-04-30 04:00:00,5.842034864902495
2011-04-30 05:00:00,8.615585069923501
2011-04-30 06:00:00,19.966807594601832
2011-04-30 07:00:00,50.40767525920209
2011-04-30 08:00:00,125.62168969953986
2011-04-30 09:00:00,199.37225518214854
2011-04-30 10:00:00,291.5688674404189
2011-04-30 11:00:00,363.8736981796792
2011-04-30 12:00:00,474.6112733183685
2011-04-30 13:00:00,561.9503890920099
2011-04-30 14:00:00,579.64439205625
2011-04-30 15:00:00,579.626607911052
2011-04-30 16:00:00,566.2232442458529
2011-04-30 17:00:00,467.0567895265249
2011-04-30 18:00:00,405.99759371803657
2011-04-30 19:00:00,323.65851153897336
2011-04-30 20:00:00,143.1342903602433
2011-04-30 21:00:00,130.8964422537767
2011-04-30 22:00:00,114.93682585439514
2011-04-30 23:00:00,86.83659420671088
2011-05-20 00:00:00,52.19125207112129
2011-05-20 01:00:00,21.991004213004285
2011-05-20 02:00:00,11.455397202475861
2011-05-20 03:00:00,5.635533946620912
2011-05-20 04:00:00,5.650293414541203
2011-05-20 05:00:00,25.218257927595353
2011-05-20 06:00:00,119.04680972018863
2011-05-20 07:00:00,356.5856017324713
2011-05-20 08:00:00,623.7911360510429
2011-05-20 09:00:00,346.1624130243979
2011-05-20 10:00:00,212.10341266922288
2011-05-20 11:00:00,220.31029555836162
2011-05-20 12:00:00,305.1009622594972
2011-05-20 13:00:00,214.70119290332417
2011-05-20 14:00:00,286.31293651508054
2011-05-20 15:00:00,280.1705171353581
2011-05-20 16:00:00,417.01849089214335
2011-05-20 17:00:00,690.1594874349621
2011-05-20 18:00:00,597.5912234108981
2011-05-20 19:00:00,408.15497090693464
2011-05-20 20:00:00,314.37201196849117
2011-05-20 21:00:00,258.98662453852074
2011-05-20 22:00:00,232.4496137656043
2011-05-20 23:00:00,161.3687068688255
2011-05-21 00:00:00,171.5665811716216
2011-05-21 01:00:00,118.60259680488913
2011-05-21 02:00:00,81.18121273306133
2011-05-21 03:00:00,29.082311925248764
2011-05-21 04:00:00,8.350721590805964
2011-05-21 05:00:00,10.862862741489574
2011-05-21 06:00:00,29.809025763565728
2011-05-21 07:00:00,90.16489354326774
2011-05-21 08:00:00,170.12101689508134
2011-05-21 09:00:00,245.49434982630856
2011-05-21 10:00:00,429.0058052290312
2011-05-21 11:00:00,519.2920356616568
2011-05-21 12:00:00,578.0969011160812
2011-05-21 13:00:00,630.9405834195971
2011-05-21 14:00:00,597.3070004932717
2011-05-21 15:00:00,584.9912870168444
2011-05-21 16:00:00,617.4041377945655
2011-05-21 17:00:00,622.8431938453573
2011-05-21 18:00:00,518.204928325286
2011-05-21 19:00:00,386.3522292945845
2011-05-21 20:00:00,282.48650704451944
2011-05-21 21:00:00,263.91018083901645
2011-05-21 22:00:00,209.5147016164796
2011-05-21 23:00:00,183.047607075341
2011-05-22 00:00:00,134.37908513462372
2011-05-22 01:00:00,89.81368882122057
2011-05-22 02:00:00,70.20566474294232
2011-05-22 03:00:00,23.936901766068544
2011-05-22 04:00:00,7.825435919522886
2011-05-22 05:00:00,7.686560129296127
2011-05-22 06:00:00,19.313198234034004
2011-05-22 07:00:00,58.02261563664364
2011-05-22 08:00:00,126.86398677308468
2011-05-22 09:00:00,218.75384883398385
2011-05-22 10:00:00,354.7793926910695
2011-05-22 11:00:00,462.34675258187957
2011-05-22 12:00:00,547.245056281899
2011-05-22 13:00:00,569.688555267524
2011-05-22 14:00:00,374.86524590663595
2011-05-22 15:00:00,484.7103347889961
2011-05-22 16:00:00,478.34275564680144
2011-05-22 17:00:00,421.02631893439576
2011-05-22 18:00:00,369.8856301911969
2011-05-22 19:00:00,318.22639493288796
2011-05-22 20:00:00,220.73208713485354
2011-05-22 21:00:00,184.2470229004109
2011-05-22 22:00:00,129.13501654096896
2011-05-22 23:00:00,79.02886880255599
2011-05-23 00:00:00,28.496058754761247
2011-05-23 01:00:00,14.527523125685512
2011-05-23 02:00:00,6.138124316758105
2011-05-23 03:00:00,3.458081865938726
2011-05-23 04:00:00,5.6154908638503
2011-05-23 05:00:00,22.91545848899678
2011-05-23 06:00:00,72.25826980058957
2011-05-23 07:00:00,271.17124944393305
2011-05-23 08:00:00,413.93062813688755
2011-05-23 09:00:00,210.44257405825064
2011-05-23 10:00:00,138.56011585990956
2011-05-23 11:00:00,185.54235962629124
2011-05-23 12:00:00,232.80001503847572
2011-05-23 13:00:00,214.27108192442267
2011-05-23 14:00:00,205.34179669765737
2011-05-23 15:00:00,214.5108085823147
2011-05-23 16:00:00,313.74556396235005
2011-05-23 17:00:00,754.0176957987243
2011-05-23 18:00:00,531.7740802608688
2011-05-23 19:00:00,416.73689946909195
2011-05-23 20:00:00,236.58106649166865
2011-05-23 21:00:00,154.41269462768534
2011-05-23 22:00:00,90.11791589238953
2011-05-23 23:00:00,61.92925955265632
2011-05-24 00:00:00,21.367185562959914
2011-05-24 01:00:00,9.140074307921454
2011-05-24 02:00:00,4.892377340629259
2011-05-24 03:00:00,3.8819517409498814
2011-05-24 04:00:00,5.484490787989551
2011-05-24 05:00:00,20.66498817675316
2011-05-24 06:00:00,98.77005519463333
2011-05-24 07:00:00,209.54425867950337
2011-05-24 08:00:00,313.1571307147371
2011-05-24 09:00:00,289.55048681918004
2011-05-24 10:00:00,159.17662046369153
2011-05-24 11:00:00,168.96926011161779
2011-05-24 12:00:00,232.95896461987235
2011-05-24 13:00:00,213.7654837056946
2011-05-24 14:00:00,189.02949118043236
2011-05-24 15:00:00,169.2781588774115
2011-05-24 16:00:00,304.7963072430272
2011-05-24 17:00:00,676.2861326240054
2011-05-24 18:00:00,688.7770037707345
2011-05-24 19:00:00,448.135656076644
2011-05-24 20:00:00,316.7928684029867
2011-05-24 21:00:00,231.04595293751396
2011-05-24 22:00:00,91.84861371228634
2011-05-24 23:00:00,92.20500390280756
2011-05-25 00:00:00,31.957784182987655
2011-05-25 01:00:00,12.644101642188971
2011-05-25 02:00:00,5.89381208344779
2011-05-25 03:00:00,3.4615659304265365
2011-05-25 04:00:00,4.173564446889184
2011-05-25 05:00:00,27.533620529594316
2011-05-25 06:00:00,113.43905169615095
2011-05-25 07:00:00,411.5315805151093
2011-05-25 08:00:00,610.6379523950188
2011-05-25 09:00:00,323.76050632907163
2011-05-25 10:00:00,187.39593805156582
2011-05-25 11:00:00,183.04323765157932
2011-05-25 12:00:00,224.85918306342003
2011-05-25 13:00:00,208.5804268111774
2011-05-25 14:00:00,186.99338497508884
2011-05-25 15:00:00,206.13109313135033
2011-05-25 16:00:00,290.72052044514214
2011-05-25 17:00:00,654.0337631496035
2011-05-25 18:00:00,637.5337716507325
2011-05-25 19:00:00,498.8759264649831
2011-05-25 20:00:00,373.2776975729784
2011-05-25 21:00:00,270.53790592380494
2011-05-25 22:00:00,212.1869845985585
2011-05-25 23:00:00,133.91549808796776
2011-05-26 00:00:00,63.940431103024736
2011-05-26 01:00:00,26.903355828383678
2011-05-26 02:00:00,11.459905895266289
2011-05-26 03:00:00,5.960166158924876
2011-05-26 04:00:00,6.477394454763429
2011-05-26 05:00:00,29.698238308924907
2011-05-26 06:00:00,94.79438219242793
2011-05-26 07:00:00,299.29418653043274
2011-05-26 08:00:00,649.0040999046579
2011-05-26 09:00:00,354.8691588258872
2011-05-26 10:00:00,175.65285476680208
2011-05-26 11:00:00,216.74303428304577
2011-05-26 12:00:00,242.32332975640634
2011-05-26 13:00:00,237.57054497364325
2011-05-26 14:00:00,207.8485126872395
2011-05-26 15:00:00,241.0439202029574
2011-05-26 16:00:00,349.3658565030505
2011-05-26 17:00:00,733.255181225735
2011-05-26 18:00:00,702.3205746846625
2011-05-26 19:00:00,472.19363300313324
2011-05-26 20:00:00,395.19784656999485
2011-05-26 21:00:00,342.91576434226874
2011-05-26 22:00:00,268.72373038229995
2011-05-26 23:00:00,163.5796745211253
2011-05-27 00:00:00,85.76821521361109
2011-05-27 01:00:00,38.09829541457633
2011-05-27 02:00:00,20.39054590683074
2011-05-27 03:00:00,9.683934247333536
2011-05-27 04:00:00,8.46131236313355
2011-05-27 05:00:00,32.28060466562544
2011-05-27 06:00:00,148.7928818854867
2011-05-27 07:00:00,403.4928976240085
2011-05-27 08:00:00,572.3264627315955
2011-05-27 09:00:00,349.16540933848614
2011-05-27 10:00:00,251.63410143443755
2011-05-27 11:00:00,235.80204004982164
2011-05-27 12:00:00,292.2326680277872
2011-05-27 13:00:00,310.13612778662184
2011-05-27 14:00:00,277.2086713634499
2011-05-27 15:00:00,295.1403915999241
2011-05-27 16:00:00,428.40715699474663
2011-05-27 17:00:00,745.6852700318161
2011-05-27 18:00:00,627.7462781399424
2011-05-27 19:00:00,258.6380040527021
2011-05-27 20:00:00,308.4440841332674
2011-05-27 21:00:00,217.1454162754621
2011-05-27 22:00:00,211.58732628787283
2011-05-27 23:00:00,157.3114678815428
2011-05-28 00:00:00,134.2679475981223
2011-05-28 01:00:00,90.93875662812616
2011-05-28 02:00:00,53.12573127201573
2011-05-28 03:00:00,26.81338688621773
2011-05-28 04:00:00,10.36426204615458
2011-05-28 05:00:00,12.873113918951228
2011-05-28 06:00:00,29.94904883405511
2011-05-28 07:00:00,73.80176364823457
2011-05-28 08:00:00,163.27217414704282
2011-05-28 09:00:00,261.77835770943994
2011-05-28 10:00:00,407.8834434415012
2011-05-28 11:00:00,472.9508527461225
2011-05-28 12:00:00,533.7508620185899
2011-05-28 13:00:00,574.0088753753836
2011-05-28 14:00:00,490.2217100865442
2011-05-28 15:00:00,518.0868600110354
2011-05-28 16:00:00,482.525249162272
2011-05-28 17:00:00,479.5045788982444
2011-05-28 18:00:00,446.2266821473559
2011-05-28 19:00:00,376.2083592511607
2011-05-28 20:00:00,296.01968158391145
2011-05-28 21:00:00,227.17331854235493
2011-05-28 22:00:00,220.1058475569069
2011-05-28 23:00:00,145.42043037313798
2011-05-29 00:00:00,123.47725345005408
2011-05-29 01:00:00,97.87594523132526
2011-05-29 02:00:00,75.09071618033036
2011-05-29 03:00:00,34.02583067632992
2011-05-29 04:00:00,12.123432661997468
2011-05-29 05:00:00,10.618526644676711
2011-05-29 06:00:00,16.904733949956665
2011-05-29 07:00:00,39.208233181096695
2011-05-29 08:00:00,92.6742820433297
2011-05-29 09:00:00,119.76801452867336
2011-05-29 10:00:00,293.09590138878406
2011-05-29 11:00:00,315.270673468996
2011-05-29 12:00:00,466.31185815721597
2011-05-29 13:00:00,482.87243575703917
2011-05-29 14:00:00,425.54128483630086
2011-05-29 15:00:00,431.2681161221051
2011-05-29 16:00:00,430.4697231862499
2011-05-29 17:00:00,411.8810802894053
2011-05-29 18:00:00,329.7987431867936
2011-05-29 19:00:00,298.16767148104356
2011-05-29 20:00:00,195.30085193176686
2011-05-29 21:00:00,177.95333266117714
2011-05-29 22:00:00,133.3111025585483
2011-05-29 23:00:00,98.1426861541951
2011-05-30 00:00:00,49.68353008273323
2011-05-30 01:00:00,40.61146115809688
2011-05-30 02:00:00,23.944414556944526
2011-05-30 03:00:00,11.493230044578116
2011-05-30 04:00:00,8.638747694545945
2011-05-30 05:00:00,11.761332455190145
2011-05-30 06:00:00,27.22396546169516
2011-05-30 07:00:00,75.1129744861566
2011-05-30 08:00:00,190.6566953541373
2011-05-30 09:00:00,244.60908601533666
2011-05-30 10:00:00,280.6034858292749
2011-05-30 11:00:00,322.1936217439902
2011-05-30 12:00:00,374.2001787227971
2011-05-30 13:00:00,399.73487818357205
2011-05-30 14:00:00,335.5240578644039
2011-05-30 15:00:00,372.5818403200835
2011-05-30 16:00:00,372.89214050213076
2011-05-30 17:00:00,512.7266819590853
2011-05-30 18:00:00,471.0965835493349
2011-05-30 19:00:00,383.27360568846944
2011-05-30 20:00:00,277.8373045055716
2011-05-30 21:00:00,251.49080862830004
2011-05-30 22:00:00,173.5913985508977
2011-05-30 23:00:00,94.62098628375726
2011-05-31 00:00:00,37.928487669313675
2011-05-31 01:00:00,15.786010272591069
2011-05-31 02:00:00,6.480672564505209
2011-05-31 03:00:00,3.89096325151475
2011-05-31 04:00:00,6.76941124374236
2011-05-31 05:00:00,32.443137557607436
2011-05-31 06:00:00,160.0302540576589
2011-05-31 07:00:00,397.03786838634124
2011-05-31 08:00:00,595.5299096549176
2011-05-31 09:00:00,258.94977532992
2011-05-31 10:00:00,155.41586535002511
2011-05-31 11:00:00,156.2688379107653
2011-05-31 12:00:00,199.29748448947248
2011-05-31 13:00:00,198.30715528602587
2011-05-31 14:00:00,180.4129018451213
2011-05-31 15:00:00,199.17208418234415
2011-05-31 16:00:00,277.28241957830517
2011-05-31 17:00:00,638.2506528749967
2011-05-31 18:00:00,629.7765709392003
2011-05-31 19:00:00,491.8507262360686
2011-05-31 20:00:00,349.4735233010206
2011-05-31 21:00:00,275.7098190747474
2011-05-31 22:00:00,189.3991852428915
2011-05-31 23:00:00,102.88343052187928
2011-06-20 00:00:00,35.12084916815785
2011-06-20 01:00:00,13.717150494566347
2011-06-20 02:00:00,7.513534963374875
2011-06-20 03:00:00,3.398867222793412
2011-06-20 04:00:00,4.383111110734821
2011-06-20 05:00:00,21.16757354816157
2011-06-20 06:00:00,96.57390227563968
2011-06-20 07:00:00,171.45866093845112
2011-06-20 08:00:00,328.5527161677965
2011-06-20 09:00:00,255.46872151626508
2011-06-20 10:00:00,146.11301091066957
2011-06-20 11:00:00,174.7345877402311
2011-06-20 12:00:00,221.08353414336537
2011-06-20 13:00:00,224.59439113016722
2011-06-20 14:00:00,212.54055798994227
2011-06-20 15:00:00,224.77881584835288
2011-06-20 16:00:00,304.7405901536572
2011-06-20 17:00:00,617.2630560741462
2011-06-20 18:00:00,645.445979810945
2011-06-20 19:00:00,509.5273710135912
2011-06-20 20:00:00,360.86795754611666
2011-06-20 21:00:00,252.02010984117808
2011-06-20 22:00:00,170.36363390785908
2011-06-20 23:00:00,88.09801724779179
2011-06-21 00:00:00,43.389827866263495
2011-06-21 01:00:00,16.874031255047033
2011-06-21 02:00:00,7.26912221359147
2011-06-21 03:00:00,4.722003869065953
2011-06-21 04:00:00,7.245874392727881
2011-06-21 05:00:00,33.13086517868356
2011-06-21 06:00:00,161.02716210515158
2011-06-21 07:00:00,317.32405017728377
2011-06-21 08:00:00,669.5286352479027
2011-06-21 09:00:00,301.16870432920376
2011-06-21 10:00:00,158.88571212458726
2011-06-21 11:00:00,193.36756083599255
2011-06-21 12:00:00,232.47446767207137
2011-06-21 13:00:00,243.70850529436208
2011-06-21 14:00:00,232.12624180885476
2011-06-21 15:00:00,244.51016988044074
2011-06-21 16:00:00,363.44107751415265
2011-06-21 17:00:00,812.0596680868817
2011-06-21 18:00:00,818.34272939744
2011-06-21 19:00:00,581.939067895055
2011-06-21 20:00:00,354.9960991028572
2011-06-21 21:00:00,315.05209953745975
2011-06-21 22:00:00,199.98799746241303
2011-06-21 23:00:00,126.34690242999416
2011-06-22 00:00:00,52.23311961729928
2011-06-22 01:00:00,20.693318065294985
2011-06-22 02:00:00,10.53470766050576
2011-06-22 03:00:00,6.523557223830467
2011-06-22 04:00:00,7.347251548279809
2011-06-22 05:00:00,32.79442395196889
2011-06-22 06:00:00,192.51762235933532
2011-06-22 07:00:00,447.919361681708
2011-06-22 08:00:00,695.2098045803933
2011-06-22 09:00:00,309.48243693849855
2011-06-22 10:00:00,179.06517056777162
2011-06-22 11:00:00,188.9674139649202
2011-06-22 12:00:00,242.24352746417168
2011-06-22 13:00:00,225.7245536122602
2011-06-22 14:00:00,221.58298255999756
2011-06-22 15:00:00,238.46945361367446
2011-06-22 16:00:00,319.2229214602694
2011-06-22 17:00:00,798.1125833071734
2011-06-22 18:00:00,740.0857495417845
2011-06-22 19:00:00,587.8688344120791
2011-06-22 20:00:00,383.1496866798059
2011-06-22 21:00:00,262.6553221829996
2011-06-22 22:00:00,205.02762447631594
2011-06-22 23:00:00,127.05172470662437
2011-06-23 00:00:00,45.705214986391944
2011-06-23 01:00:00,21.20588607124449
2011-06-23 02:00:00,10.177781696842837
2011-06-23 03:00:00,5.151386416023515
2011-06-23 04:00:00,6.795730239318662
2011-06-23 05:00:00,37.39072774068177
2011-06-23 06:00:00,183.28338223054453
2011-06-23 07:00:00,400.9915760873881
2011-06-23 08:00:00,626.113717076512
2011-06-23 09:00:00,276.22981821154286
2011-06-23 10:00:00,160.8148355183588
2011-06-23 11:00:00,128.46693134252774
2011-06-23 12:00:00,224.71841972874708
2011-06-23 13:00:00,219.6329382936778
2011-06-23 14:00:00,198.8002631510806
2011-06-23 15:00:00,240.05395165530675
2011-06-23 16:00:00,338.3868315821448
2011-06-23 17:00:00,688.3655329512912
2011-06-23 18:00:00,753.9229979753859
2011-06-23 19:00:00,513.1273047265859
2011-06-23 20:00:00,405.4142362670985
2011-06-23 21:00:00,311.35116392903063
2011-06-23 22:00:00,218.2877856629457
2011-06-23 23:00:00,148.77549796328606
2011-06-24 00:00:00,71.37078656829624
2011-06-24 01:00:00,27.125823654094685
2011-06-24 02:00:00,13.529949515503434
2011-06-24 03:00:00,8.229056015704266
2011-06-24 04:00:00,8.01692530498993
2011-06-24 05:00:00,34.57101431550908
2011-06-24 06:00:00,152.44697896541643
2011-06-24 07:00:00,361.8041223190482
2011-06-24 08:00:00,613.1149443719756
2011-06-24 09:00:00,314.2731478707775
2011-06-24 10:00:00,202.10674027129446
2011-06-24 11:00:00,249.39331596665656
2011-06-24 12:00:00,319.3573554065318
2011-06-24 13:00:00,330.37271506981955
2011-06-24 14:00:00,281.1519246018788
2011-06-24 15:00:00,349.18696372672383
2011-06-24 16:00:00,527.9614834078433
2011-06-24 17:00:00,871.5459719659566
2011-06-24 18:00:00,721.8637406169661
2011-06-24 19:00:00,512.7781363148412
2011-06-24 20:00:00,368.7079066355459
2011-06-24 21:00:00,273.66961099873464
2011-06-24 22:00:00,238.28092779042285
2011-06-24 23:00:00,192.87298441398582
2011-06-25 00:00:00,177.9395610464173
2011-06-25 01:00:00,131.5761326018985
2011-06-25 02:00:00,84.36681083555125
2011-06-25 03:00:00,36.20146233332693
2011-06-25 04:00:00,13.043668742075893
2011-06-25 05:00:00,16.184834180230435
2011-06-25 06:00:00,36.92374281980863
2011-06-25 07:00:00,82.95861884802262
2011-06-25 08:00:00,181.2767597484161
2011-06-25 09:00:00,300.60284290992274
2011-06-25 10:00:00,480.8409880994941
2011-06-25 11:00:00,519.7822062377138
2011-06-25 12:00:00,672.1528866869843
2011-06-25 13:00:00,689.9999688172175
2011-06-25 14:00:00,625.7219576135916
2011-06-25 15:00:00,619.9640171215657
2011-06-25 16:00:00,613.8339498243532
2011-06-25 17:00:00,687.7735712466965
2011-06-25 18:00:00,568.5099925841173
2011-06-25 19:00:00,449.21274103526974
2011-06-25 20:00:00,374.43014689580957
2011-06-25 21:00:00,322.6364933318364
2011-06-25 22:00:00,304.9136223426467
2011-06-25 23:00:00,202.62022262013693
2011-06-26 00:00:00,195.3790725154981
2011-06-26 01:00:00,153.5270189981589
2011-06-26 02:00:00,99.49011667049402
2011-06-26 03:00:00,42.87780131574642
2011-06-26 04:00:00,14.843348159954889
2011-06-26 05:00:00,14.33424554850976
2011-06-26 06:00:00,24.93721359467234
2011-06-26 07:00:00,60.1649985965267
2011-06-26 08:00:00,144.35176432383219
2011-06-26 09:00:00,283.07131022588777
2011-06-26 10:00:00,426.32953176015667
2011-06-26 11:00:00,529.296633106997
2011-06-26 12:00:00,678.9497354424793
2011-06-26 13:00:00,624.6770311234635
2011-06-26 14:00:00,612.8508238120259
2011-06-26 15:00:00,588.6318340900937
2011-06-26 16:00:00,669.7788793519259
2011-06-26 17:00:00,647.6000136265707
2011-06-26 18:00:00,539.9168992829386
2011-06-26 19:00:00,409.9472802734083
2011-06-26 20:00:00,316.44812221272844
2011-06-26 21:00:00,241.18462757094437
2011-06-26 22:00:00,176.72375845847438
2011-06-26 23:00:00,130.52788642833346
2011-06-27 00:00:00,42.4713519802834
2011-06-27 01:00:00,18.01304775901838
2011-06-27 02:00:00,8.993781103023979
2011-06-27 03:00:00,4.970390788308614
2011-06-27 04:00:00,7.882909418557977
2011-06-27 05:00:00,33.269633593175655
2011-06-27 06:00:00,159.05761000619486
2011-06-27 07:00:00,422.60279148396245
2011-06-27 08:00:00,682.5211171692072
2011-06-27 09:00:00,282.7326602221508
2011-06-27 10:00:00,192.29542363080915
2011-06-27 11:00:00,195.54315662303654
2011-06-27 12:00:00,256.4146145008083
2011-06-27 13:00:00,252.93812883341823
2011-06-27 14:00:00,219.52359318266937
2011-06-27 15:00:00,227.1965991868151
2011-06-27 16:00:00,355.57291850507767
2011-06-27 17:00:00,702.5227283133053
2011-06-27 18:00:00,677.329634705989
2011-06-27 19:00:00,597.2976657923558
2011-06-27 20:00:00,404.4505396090895
2011-06-27 21:00:00,266.92233470300334
2011-06-27 22:00:00,196.4458480026011
2011-06-27 23:00:00,111.49512159010882
2011-06-28 00:00:00,46.597940876804046
2011-06-28 01:00:00,17.5366575482623
2011-06-28 02:00:00,9.358956329437675
2011-06-28 03:00:00,6.245424970617548
2011-06-28 04:00:00,8.048444526248403
2011-06-28 05:00:00,42.69261461388892
2011-06-28 06:00:00,201.185562162263
2011-06-28 07:00:00,484.1161450084786
2011-06-28 08:00:00,731.9354338564411
2011-06-28 09:00:00,304.3462147398901
2011-06-28 10:00:00,167.02041582300916
2011-06-28 11:00:00,182.42304628099447
2011-06-28 12:00:00,235.9334959780064
2011-06-28 13:00:00,229.62753329284504
2011-06-28 14:00:00,224.0250502809412
2011-06-28 15:00:00,220.26572949310201
2011-06-28 16:00:00,317.9172564137873
2011-06-28 17:00:00,659.8029264348461
2011-06-28 18:00:00,634.0588440448375
2011-06-28 19:00:00,578.2520494125416
2011-06-28 20:00:00,413.20220487736754
2011-06-28 21:00:00,309.58715635068125
2011-06-28 22:00:00,232.42456583641703
2011-06-28 23:00:00,141.72644776877104
2011-06-29 00:00:00,49.06023686689118
2011-06-29 01:00:00,18.236283587180264
2011-06-29 02:00:00,9.093504500649587
2011-06-29 03:00:00,6.649483610779459
2011-06-29 04:00:00,7.95700244014023
2011-06-29 05:00:00,38.91366526674025
2011-06-29 06:00:00,199.89391495465404
2011-06-29 07:00:00,476.97981772065066
2011-06-29 08:00:00,682.553873270193
2011-06-29 09:00:00,339.30793751476165
2011-06-29 10:00:00,185.84027075894969
2011-06-29 11:00:00,213.58214074630976
2011-06-29 12:00:00,278.860995853353
2011-06-29 13:00:00,243.43336982778632
2011-06-29 14:00:00,237.98180486848003
2011-06-29 15:00:00,241.9733074992829
2011-06-29 16:00:00,389.6809463995525
2011-06-29 17:00:00,784.222908369105
2011-06-29 18:00:00,759.3804227663934
2011-06-29 19:00:00,635.2122120651537
2011-06-29 20:00:00,453.8743216526453
2011-06-29 21:00:00,354.7140400574915
2011-06-29 22:00:00,265.47580127864717
2011-06-29 23:00:00,165.03990922183473
2011-06-30 00:00:00,55.566791434801644
2011-06-30 01:00:00,24.238323035943143
2011-06-30 02:00:00,11.002647298131045
2011-06-30 03:00:00,5.91540319041564
2011-06-30 04:00:00,7.5898824640954015
2011-06-30 05:00:00,38.49886121494541
2011-06-30 06:00:00,185.5254155764061
2011-06-30 07:00:00,479.9103983060011
2011-06-30 08:00:00,648.9851027952144
2011-06-30 09:00:00,293.8271335074465
2011-06-30 10:00:00,189.8742844680062
2011-06-30 11:00:00,218.4148280095681
2011-06-30 12:00:00,283.22276560122026
2011-06-30 13:00:00,274.6513698146654
2011-06-30 14:00:00,234.55969105969604
2011-06-30 15:00:00,262.86814562548267
2011-06-30 16:00:00,359.5712074892207
2011-06-30 17:00:00,741.6228629678093
2011-06-30 18:00:00,750.9012212916518
2011-06-30 19:00:00,567.0208043842108
2011-06-30 20:00:00,446.2331732756029
2011-06-30 21:00:00,347.26016554988126
2011-06-30 22:00:00,262.9136527414285
2011-06-30 23:00:00,155.61697612820538
2011-07-20 00:00:00,42.99273956604793
2011-07-20 01:00:00,17.441900298139323
2011-07-20 02:00:00,8.56449038875768
2011-07-20 03:00:00,5.880709993944209
2011-07-20 04:00:00,6.20618727765612
2011-07-20 05:00:00,32.52103337418385
2011-07-20 06:00:00,135.25746011639583
2011-07-20 07:00:00,430.64111045150224
2011-07-20 08:00:00,600.5743457149332
2011-07-20 09:00:00,275.9216245331994
2011-07-20 10:00:00,148.77929451103972
2011-07-20 11:00:00,161.91547900468404
2011-07-20 12:00:00,187.950699906624
2011-07-20 13:00:00,190.2901551909616
2011-07-20 14:00:00,171.36765590152768
2011-07-20 15:00:00,182.18496855855923
2011-07-20 16:00:00,276.99061622606183
2011-07-20 17:00:00,534.0386338429464
2011-07-20 18:00:00,535.0411544299969
2011-07-20 19:00:00,374.71791236807434
2011-07-20 20:00:00,322.0247352917762
2011-07-20 21:00:00,281.83084425397834
2011-07-20 22:00:00,239.00268566006187
2011-07-20 23:00:00,135.31403957495212
2011-07-21 00:00:00,53.42088209388746
2011-07-21 01:00:00,19.133986706231934
2011-07-21 02:00:00,9.433676454744159
2011-07-21 03:00:00,5.962556154349084
2011-07-21 04:00:00,6.964645906740085
2011-07-21 05:00:00,34.39022700918219
2011-07-21 06:00:00,161.56214774843008
2011-07-21 07:00:00,412.48676192313644
2011-07-21 08:00:00,602.7777174678241
2011-07-21 09:00:00,247.88351960370264
2011-07-21 10:00:00,135.0831950289367
2011-07-21 11:00:00,139.5040382700632
2011-07-21 12:00:00,171.66036525197785
2011-07-21 13:00:00,164.75042436138958
2011-07-21 14:00:00,151.60130935819043
2011-07-21 15:00:00,183.88698866566523
2011-07-21 16:00:00,249.39598264321253
2011-07-21 17:00:00,519.5534836826021
2011-07-21 18:00:00,477.7869967733977
2011-07-21 19:00:00,335.9730429023898
2011-07-21 20:00:00,321.6834483297486
2011-07-21 21:00:00,242.41606948137576
2011-07-21 22:00:00,229.66498790997076
2011-07-21 23:00:00,160.25763517112446
2011-07-22 00:00:00,65.71856381743233
2011-07-22 01:00:00,34.129551036933684
2011-07-22 02:00:00,15.503760442317079
2011-07-22 03:00:00,8.230166248096177
2011-07-22 04:00:00,7.4119237216902585
2011-07-22 05:00:00,33.126271397851156
2011-07-22 06:00:00,128.99374909595753
2011-07-22 07:00:00,333.1548793471236
2011-07-22 08:00:00,453.5988910925861
2011-07-22 09:00:00,243.3197092436259
2011-07-22 10:00:00,169.25145601596822
2011-07-22 11:00:00,183.41464488186108
2011-07-22 12:00:00,219.4321738765569
2011-07-22 13:00:00,201.70109641648494
2011-07-22 14:00:00,178.74341682222985
2011-07-22 15:00:00,184.6595464886174
2011-07-22 16:00:00,270.5656607197397
2011-07-22 17:00:00,519.2791264725804
2011-07-22 18:00:00,565.0735219958706
2011-07-22 19:00:00,435.86295471374166
2011-07-22 20:00:00,310.25780902433416
2011-07-22 21:00:00,265.50414824426866
2011-07-22 22:00:00,240.71772641786532
2011-07-22 23:00:00,182.78143391019097
2011-07-23 00:00:00,142.92766233360004
2011-07-23 01:00:00,119.00918716403284
2011-07-23 02:00:00,74.84276563086719
2011-07-23 03:00:00,28.895239226534287
2011-07-23 04:00:00,9.639920230675484
2011-07-23 05:00:00,11.70799281372412
2011-07-23 06:00:00,27.427321285673607
2011-07-23 07:00:00,66.04481790625151
2011-07-23 08:00:00,130.76481034150697
2011-07-23 09:00:00,215.47541074366322
2011-07-23 10:00:00,323.81411597957543
2011-07-23 11:00:00,384.41903714042587
2011-07-23 12:00:00,457.8028188609384
2011-07-23 13:00:00,404.8092808012317
2011-07-23 14:00:00,392.3316867294797
2011-07-23 15:00:00,385.04454453127295
2011-07-23 16:00:00,387.8644677577072
2011-07-23 17:00:00,376.5351978521343
2011-07-23 18:00:00,355.79675288573117
2011-07-23 19:00:00,304.208926425149
2011-07-23 20:00:00,261.4962362041821
2011-07-23 21:00:00,233.35617796419373
2011-07-23 22:00:00,227.44793197142621
2011-07-23 23:00:00,179.67980355190917
2011-07-24 00:00:00,163.30590628480073
2011-07-24 01:00:00,120.08781279062767
2011-07-24 02:00:00,82.26580982634601
2011-07-24 03:00:00,35.3669720958428
2011-07-24 04:00:00,11.112263465172834
2011-07-24 05:00:00,10.44937375437198
2011-07-24 06:00:00,18.465048366046368
2011-07-24 07:00:00,45.020346644362036
2011-07-24 08:00:00,90.76915168383871
2011-07-24 09:00:00,168.8424487461197
2011-07-24 10:00:00,263.41146238914064
2011-07-24 11:00:00,365.1580398187815
2011-07-24 12:00:00,398.9012917144322
2011-07-24 13:00:00,417.23939221494396
2011-07-24 14:00:00,357.1917790519183
2011-07-24 15:00:00,386.41139203146804
2011-07-24 16:00:00,392.3681230604603
2011-07-24 17:00:00,387.3376965020931
2011-07-24 18:00:00,356.9878313204255
2011-07-24 19:00:00,285.4892781440729
2011-07-24 20:00:00,238.9463233357997
2011-07-24 21:00:00,188.41480006354138
2011-07-24 22:00:00,153.85274625633372
2011-07-24 23:00:00,107.42757265917737
2011-07-25 00:00:00,43.93744553735481
2011-07-25 01:00:00,18.30629885485447
2011-07-25 02:00:00,9.567085185416083
2011-07-25 03:00:00,5.569187746473535
2011-07-25 04:00:00,7.150026382301948
2011-07-25 05:00:00,30.645068050130988
2011-07-25 06:00:00,131.16478790689445
2011-07-25 07:00:00,329.0189765732921
2011-07-25 08:00:00,534.9619881314405
2011-07-25 09:00:00,253.97847260380163
2011-07-25 10:00:00,139.88685022651615
2011-07-25 11:00:00,163.61332190477106
2011-07-25 12:00:00,199.29971859815393
2011-07-25 13:00:00,201.58591090659593
2011-07-25 14:00:00,167.80294493990948
2011-07-25 15:00:00,130.87333388962585
2011-07-25 16:00:00,228.78919448911657
2011-07-25 17:00:00,521.7440066773922
2011-07-25 18:00:00,568.2913893558967
2011-07-25 19:00:00,452.5896914307358
2011-07-25 20:00:00,327.99693310524975
2011-07-25 21:00:00,201.50750060705155
2011-07-25 22:00:00,152.38106630416144
2011-07-25 23:00:00,88.08535523152065
2011-07-26 00:00:00,37.37424310591172
2011-07-26 01:00:00,16.027330603660353
2011-07-26 02:00:00,7.504178696088438
2011-07-26 03:00:00,4.921964686195969
2011-07-26 04:00:00,5.503029918737999
2011-07-26 05:00:00,27.00612012115219
2011-07-26 06:00:00,136.00698580958522
2011-07-26 07:00:00,342.0593975915172
2011-07-26 08:00:00,531.0424920060741
2011-07-26 09:00:00,264.8849061477815
2011-07-26 10:00:00,149.41396764332765
2011-07-26 11:00:00,160.16801629821714
2011-07-26 12:00:00,209.66407099426513
2011-07-26 13:00:00,207.12587758312355
2011-07-26 14:00:00,179.62749202208
2011-07-26 15:00:00,189.5998125192699
2011-07-26 16:00:00,308.0188839990755
2011-07-26 17:00:00,629.618834026597
2011-07-26 18:00:00,693.1733085918443
2011-07-26 19:00:00,450.865258021316
2011-07-26 20:00:00,359.51206415751045
2011-07-26 21:00:00,288.2867517105392
2011-07-26 22:00:00,196.47676354991688
2011-07-26 23:00:00,123.87598278701114
2011-07-27 00:00:00,55.76093135066758
2011-07-27 01:00:00,18.986420727123054
2011-07-27 02:00:00,8.235651015086809
2011-07-27 03:00:00,5.307434545748955
2011-07-27 04:00:00,6.167129408247227
2011-07-27 05:00:00,31.099713485558294
2011-07-27 06:00:00,164.6203195621703
2011-07-27 07:00:00,351.84103445435363
2011-07-27 08:00:00,584.7298545532592
2011-07-27 09:00:00,268.65173186522657
2011-07-27 10:00:00,150.02538035249475
2011-07-27 11:00:00,169.64208094461313
2011-07-27 12:00:00,203.05125006879138
2011-07-27 13:00:00,192.65609827304968
2011-07-27 14:00:00,200.11968402555527
2011-07-27 15:00:00,206.21826052763114
2011-07-27 16:00:00,313.26726385302095
2011-07-27 17:00:00,659.4425262901735
2011-07-27 18:00:00,655.9375655809097
2011-07-27 19:00:00,458.7759576506781
2011-07-27 20:00:00,376.2112523454954
2011-07-27 21:00:00,301.07450307346846
2011-07-27 22:00:00,227.5527222732138
2011-07-27 23:00:00,139.60907531552425
2011-07-28 00:00:00,55.703756160204414
2011-07-28 01:00:00,23.28352243431894
2011-07-28 02:00:00,12.37973637586561
2011-07-28 03:00:00,6.353931922815586
2011-07-28 04:00:00,6.993563933077862
2011-07-28 05:00:00,32.66521912551973
2011-07-28 06:00:00,163.4924450729414
2011-07-28 07:00:00,407.9785662320961
2011-07-28 08:00:00,587.1537406148856
2011-07-28 09:00:00,269.14890404756613
2011-07-28 10:00:00,145.15819769267807
2011-07-28 11:00:00,160.03196816667676
2011-07-28 12:00:00,216.42863180886621
2011-07-28 13:00:00,195.72489176474627
2011-07-28 14:00:00,196.12847034123394
2011-07-28 15:00:00,197.02040877161454
2011-07-28 16:00:00,300.63541044181335
2011-07-28 17:00:00,633.5894517146784
2011-07-28 18:00:00,583.3425129519431
2011-07-28 19:00:00,437.73844037926784
2011-07-28 20:00:00,384.1509816184126
2011-07-28 21:00:00,290.6138682078371
2011-07-28 22:00:00,260.6242933809182
2011-07-28 23:00:00,149.57153215433053
2011-07-29 00:00:00,68.25286406046789
2011-07-29 01:00:00,33.543149873961255
2011-07-29 02:00:00,16.295248121224322
2011-07-29 03:00:00,8.35959230416574
2011-07-29 04:00:00,7.352307984043134
2011-07-29 05:00:00,32.13540998954629
2011-07-29 06:00:00,123.26143956639426
2011-07-29 07:00:00,358.05334872896685
2011-07-29 08:00:00,575.6710190269789
2011-07-29 09:00:00,266.16662179586706
2011-07-29 10:00:00,159.6205695845148
2011-07-29 11:00:00,180.5702943631288
2011-07-29 12:00:00,219.20413609602107
2011-07-29 13:00:00,239.00603908397912
2011-07-29 14:00:00,202.16833478419468
2011-07-29 15:00:00,214.42562508417342
2011-07-29 16:00:00,323.14019846024263
2011-07-29 17:00:00,475.44630238424736
2011-07-29 18:00:00,477.5727838700833
2011-07-29 19:00:00,361.13015925340915
2011-07-29 20:00:00,302.2460931095093
2011-07-29 21:00:00,273.9134480362324
2011-07-29 22:00:00,252.36524036173347
2011-07-29 23:00:00,191.57456263440483
2011-07-30 00:00:00,146.27594305596375
2011-07-30 01:00:00,114.80680870264096
2011-07-30 02:00:00,75.89813455136574
2011-07-30 03:00:00,28.755824984346244
2011-07-30 04:00:00,9.180792553837284
2011-07-30 05:00:00,10.471501774405015
2011-07-30 06:00:00,23.596212709228183
2011-07-30 07:00:00,59.54843693475104
2011-07-30 08:00:00,135.79677984128352
2011-07-30 09:00:00,214.06287566916677
2011-07-30 10:00:00,329.7290399729045
2011-07-30 11:00:00,400.80931985152966
2011-07-30 12:00:00,508.9742627784047
2011-07-30 13:00:00,474.20006247715537
2011-07-30 14:00:00,436.1314638456345
2011-07-30 15:00:00,459.0458211469764
2011-07-30 16:00:00,447.84909025140735
2011-07-30 17:00:00,431.9492483393842
2011-07-30 18:00:00,395.2148840238363
2011-07-30 19:00:00,374.6945809204532
2011-07-30 20:00:00,284.73369210930196
2011-07-30 21:00:00,268.1395253680371
2011-07-30 22:00:00,235.87980552810194
2011-07-30 23:00:00,178.21596654391215
2011-07-31 00:00:00,164.28524878684468
2011-07-31 01:00:00,123.97755840616618
2011-07-31 02:00:00,83.99680264620486
2011-07-31 03:00:00,35.393638922931736
2011-07-31 04:00:00,11.161255417697715
2011-07-31 05:00:00,10.033185300108691
2011-07-31 06:00:00,18.672238367933016
2011-07-31 07:00:00,43.90654429424724
2011-07-31 08:00:00,99.63502541417603
2011-07-31 09:00:00,196.32943740480343
2011-07-31 10:00:00,330.6943980410082
2011-07-31 11:00:00,359.8716429266622
2011-07-31 12:00:00,471.0646040492912
2011-07-31 13:00:00,474.71003558519425
2011-07-31 14:00:00,437.516545677071
2011-07-31 15:00:00,401.16770614385564
2011-07-31 16:00:00,400.07446880968746
2011-07-31 17:00:00,380.70552697301713
2011-07-31 18:00:00,346.153249494172
2011-07-31 19:00:00,273.35456742652485
2011-07-31 20:00:00,225.4949104505503
2011-07-31 21:00:00,184.63560591666493
2011-07-31 22:00:00,147.2826241123879
2011-07-31 23:00:00,101.51447867483283
2011-08-20 00:00:00,117.07794876913698
2011-08-20 01:00:00,99.39738421406958
2011-08-20 02:00:00,77.78090108537057
2011-08-20 03:00:00,31.802831199310948
2011-08-20 04:00:00,8.430813732748305
2011-08-20 05:00:00,11.374640733407794
2011-08-20 06:00:00,23.36428766423622
2011-08-20 07:00:00,60.55269429158734
2011-08-20 08:00:00,137.62109945201297
2011-08-20 09:00:00,237.92197902661488
2011-08-20 10:00:00,379.9639666978729
2011-08-20 11:00:00,398.5114102745673
2011-08-20 12:00:00,467.75252432901397
2011-08-20 13:00:00,495.503201288762
2011-08-20 14:00:00,495.8082636611401
2011-08-20 15:00:00,534.6784095638535
2011-08-20 16:00:00,536.9750354118585
2011-08-20 17:00:00,512.0489707674008
2011-08-20 18:00:00,389.11622078210564
2011-08-20 19:00:00,347.3850480789733
2011-08-20 20:00:00,280.768574563506
2011-08-20 21:00:00,251.14727426439427
2011-08-20 22:00:00,188.27769662343687
2011-08-20 23:00:00,162.49167670545475
2011-08-21 00:00:00,158.7815388570459
2011-08-21 01:00:00,102.88360208128636
2011-08-21 02:00:00,74.47781435112744
2011-08-21 03:00:00,31.56711323694772
2011-08-21 04:00:00,9.88898203908883
2011-08-21 05:00:00,6.997358473149058
2011-08-21 06:00:00,13.680500587449924
2011-08-21 07:00:00,31.193817321976397
2011-08-21 08:00:00,90.4908706897126
2011-08-21 09:00:00,184.7480438112552
2011-08-21 10:00:00,302.686318631498
2011-08-21 11:00:00,360.2930729841856
2011-08-21 12:00:00,408.99784607625116
2011-08-21 13:00:00,423.2888113740654
2011-08-21 14:00:00,228.6898557836993
2011-08-21 15:00:00,265.0962551925108
2011-08-21 16:00:00,375.7315094965274
2011-08-21 17:00:00,329.22525903726546
2011-08-21 18:00:00,256.8545144099291
2011-08-21 19:00:00,292.1256626637096
2011-08-21 20:00:00,177.88486012360087
2011-08-21 21:00:00,149.1654499546216
2011-08-21 22:00:00,116.48655976486347
2011-08-21 23:00:00,90.01140291762891
2011-08-22 00:00:00,35.676762064497396
2011-08-22 01:00:00,14.978711233452742
2011-08-22 02:00:00,8.736544064503002
2011-08-22 03:00:00,5.351125605614799
2011-08-22 04:00:00,6.531061625307162
2011-08-22 05:00:00,26.566264819302187
2011-08-22 06:00:00,107.59349381604102
2011-08-22 07:00:00,266.8826722103902
2011-08-22 08:00:00,438.40234437634865
2011-08-22 09:00:00,235.47136284228867
2011-08-22 10:00:00,143.86590710265529
2011-08-22 11:00:00,161.30519144463372
2011-08-22 12:00:00,239.20116320299354
2011-08-22 13:00:00,206.8022538551522
2011-08-22 14:00:00,194.75799988726604
2011-08-22 15:00:00,202.30613532617926
2011-08-22 16:00:00,321.29541969341795
2011-08-22 17:00:00,578.1841543384737
2011-08-22 18:00:00,574.9448965154231
2011-08-22 19:00:00,396.4427757728552
2011-08-22 20:00:00,304.57881073459987
2011-08-22 21:00:00,208.0898313698981
2011-08-22 22:00:00,135.3421023688242
2011-08-22 23:00:00,79.02261205357182
2011-08-23 00:00:00,34.517931784566095
2011-08-23 01:00:00,13.723249043064317
2011-08-23 02:00:00,6.674044245467329
2011-08-23 03:00:00,4.081658272327053
2011-08-23 04:00:00,5.725150345091775
2011-08-23 05:00:00,28.771169271799238
2011-08-23 06:00:00,135.9925660147861
2011-08-23 07:00:00,302.6192195265492
2011-08-23 08:00:00,504.5998702927357
2011-08-23 09:00:00,265.3260865728858
2011-08-23 10:00:00,157.50258091782788
2011-08-23 11:00:00,178.88305512825534
2011-08-23 12:00:00,228.71839681836343
2011-08-23 13:00:00,213.6188642495631
2011-08-23 14:00:00,188.85585118623055
2011-08-23 15:00:00,231.28491872815357
2011-08-23 16:00:00,330.88002752650254
2011-08-23 17:00:00,727.5124956436075
2011-08-23 18:00:00,703.7874803330656
2011-08-23 19:00:00,449.5381763576249
2011-08-23 20:00:00,330.3740457126518
2011-08-23 21:00:00,234.3172643860989
2011-08-23 22:00:00,164.59820656912345
2011-08-23 23:00:00,106.8768086557121
2011-08-24 00:00:00,42.43614891977992
2011-08-24 01:00:00,17.69499183702007
2011-08-24 02:00:00,8.417849819528879
2011-08-24 03:00:00,5.1346273509694695
2011-08-24 04:00:00,6.53532099018261
2011-08-24 05:00:00,32.92617652091354
2011-08-24 06:00:00,146.13679384063553
2011-08-24 07:00:00,351.96672295786715
2011-08-24 08:00:00,571.4995630349833
2011-08-24 09:00:00,259.109805288078
2011-08-24 10:00:00,144.46071476809948
2011-08-24 11:00:00,176.01255494471152
2011-08-24 12:00:00,191.13911946025016
2011-08-24 13:00:00,216.00554694060062
2011-08-24 14:00:00,200.798319784896
2011-08-24 15:00:00,205.6034714255285
2011-08-24 16:00:00,314.77635616626725
2011-08-24 17:00:00,611.3547876738214
2011-08-24 18:00:00,585.0717507543349
2011-08-24 19:00:00,430.9216433365836
2011-08-24 20:00:00,330.1069118086847
2011-08-24 21:00:00,267.3359250696249
2011-08-24 22:00:00,207.03981397206374
2011-08-24 23:00:00,122.30753322583512
2011-08-25 00:00:00,49.213749297036486
2011-08-25 01:00:00,21.620601054954186
2011-08-25 02:00:00,10.614179668442707
2011-08-25 03:00:00,5.285725122199779
2011-08-25 04:00:00,6.536846276149432
2011-08-25 05:00:00,25.492453514371192
2011-08-25 06:00:00,114.9268300524122
2011-08-25 07:00:00,313.637544425664
2011-08-25 08:00:00,510.6749882583146
2011-08-25 09:00:00,256.41451915215464
2011-08-25 10:00:00,154.40340767731456
2011-08-25 11:00:00,104.73860751343926
2011-08-25 12:00:00,125.9186784302858
2011-08-25 13:00:00,181.03566369956857
2011-08-25 14:00:00,173.4572013711842
2011-08-25 15:00:00,205.79971320329568
2011-08-25 16:00:00,263.4739627841493
2011-08-25 17:00:00,501.0342984540296
2011-08-25 18:00:00,516.2486755503099
2011-08-25 19:00:00,341.9833282939707
2011-08-25 20:00:00,265.59314888413354
2011-08-25 21:00:00,213.2002311757389
2011-08-25 22:00:00,161.63629630625974
2011-08-25 23:00:00,106.74440144525596
2011-08-26 00:00:00,55.229776471844424
2011-08-26 01:00:00,25.774932865439137
2011-08-26 02:00:00,12.173109136364223
2011-08-26 03:00:00,6.380646097782136
2011-08-26 04:00:00,5.378437988870404
2011-08-26 05:00:00,23.07311301397939
2011-08-26 06:00:00,95.72007334214653
2011-08-26 07:00:00,278.3958827510857
2011-08-26 08:00:00,492.65349474530024
2011-08-26 09:00:00,275.53613697981433
2011-08-26 10:00:00,188.4414738356258
2011-08-26 11:00:00,228.7581134258448
2011-08-26 12:00:00,269.80647125093594
2011-08-26 13:00:00,264.04280729414745
2011-08-26 14:00:00,234.88468429987842
2011-08-26 15:00:00,265.8153778992037
2011-08-26 16:00:00,401.38069423857854
2011-08-26 17:00:00,561.6449534579605
2011-08-26 18:00:00,498.5233881848683
2011-08-26 19:00:00,320.2650605601318
2011-08-26 20:00:00,256.1148069749304
2011-08-26 21:00:00,220.6173156124427
2011-08-26 22:00:00,194.5707836286137
2011-08-26 23:00:00,145.21159517967868
2011-08-27 00:00:00,156.33885182651346
2011-08-27 01:00:00,113.22872266326348
2011-08-27 02:00:00,70.69229499023861
2011-08-27 03:00:00,27.884332016190335
2011-08-27 04:00:00,9.780314789920126
2011-08-27 05:00:00,9.329191469974381
2011-08-27 06:00:00,20.073975018869465
2011-08-27 07:00:00,47.55545777523111
2011-08-27 08:00:00,127.82282159101698
2011-08-27 09:00:00,161.3333375096452
2011-08-27 10:00:00,236.3812201966571
2011-08-27 11:00:00,160.30505374011835
2011-08-27 12:00:00,192.2248062648121
2011-08-27 13:00:00,194.9919430393231
2011-08-27 14:00:00,128.77028945342425
2011-08-27 15:00:00,133.99386061584818
2011-08-27 16:00:00,139.94903152383765
2011-08-27 17:00:00,118.98995341714729
2011-08-28 07:00:00,18.23069694366438
2011-08-28 08:00:00,39.1604562462716
2011-08-28 09:00:00,160.97043324308464
2011-08-28 10:00:00,279.10844674900255
2011-08-28 11:00:00,338.39128909808136
2011-08-28 12:00:00,416.63070743609666
2011-08-28 13:00:00,461.18177613463683
2011-08-28 14:00:00,401.7214526821556
2011-08-28 15:00:00,430.6508271542657
2011-08-28 16:00:00,454.4834746556338
2011-08-28 17:00:00,436.3592993921452
2011-08-28 18:00:00,399.3396697412689
2011-08-28 19:00:00,321.731847614601
2011-08-28 20:00:00,236.07485068414448
2011-08-28 21:00:00,183.62887024895997
2011-08-28 22:00:00,135.29927179817804
2011-08-28 23:00:00,88.85410846911793
2011-08-29 00:00:00,35.9120767264194
2011-08-29 01:00:00,14.92829740488183
2011-08-29 02:00:00,7.819330717044803
2011-08-29 03:00:00,4.779162491624339
2011-08-29 04:00:00,6.263382454974388
2011-08-29 05:00:00,28.477474109235285
2011-08-29 06:00:00,116.42184983887705
2011-08-29 07:00:00,268.3215646203533
2011-08-29 08:00:00,429.65371962414196
2011-08-29 09:00:00,228.34295803117172
2011-08-29 10:00:00,143.3026953061683
2011-08-29 11:00:00,160.02344881046162
2011-08-29 12:00:00,246.01037408601675
2011-08-29 13:00:00,232.24914391003455
2011-08-29 14:00:00,193.9652481887858
2011-08-29 15:00:00,225.25310660080714
2011-08-29 16:00:00,338.3460850719834
2011-08-29 17:00:00,701.7592722623542
2011-08-29 18:00:00,578.3547696476655
2011-08-29 19:00:00,426.18227813535105
2011-08-29 20:00:00,302.4063150353398
2011-08-29 21:00:00,212.0616698299517
2011-08-29 22:00:00,138.421607623781
2011-08-29 23:00:00,80.02267207183665
2011-08-30 00:00:00,34.34364387442317
2011-08-30 01:00:00,14.10451817634068
2011-08-30 02:00:00,6.758195797091552
2011-08-30 03:00:00,4.2144606754348555
2011-08-30 04:00:00,5.90644666222034
2011-08-30 05:00:00,29.943768317012346
2011-08-30 06:00:00,133.34020628536467
2011-08-30 07:00:00,352.0110657513844
2011-08-30 08:00:00,515.5921657322067
2011-08-30 09:00:00,235.67078905633727
2011-08-30 10:00:00,162.59316148187634
2011-08-30 11:00:00,185.5992475633843
2011-08-30 12:00:00,226.6085349570844
2011-08-30 13:00:00,228.32387513138787
2011-08-30 14:00:00,207.32114524204
2011-08-30 15:00:00,230.72655370331552
2011-08-30 16:00:00,335.09843127562095
2011-08-30 17:00:00,746.5094937443175
2011-08-30 18:00:00,679.8668140490871
2011-08-30 19:00:00,438.12045341683444
2011-08-30 20:00:00,307.69026189430116
2011-08-30 21:00:00,245.52626672845855
2011-08-30 22:00:00,171.75012972199215
2011-08-30 23:00:00,104.19890925705303
2011-08-31 00:00:00,39.53017672065429
2011-08-31 01:00:00,16.58603311295653
2011-08-31 02:00:00,8.465762105029144
2011-08-31 03:00:00,5.4275154801880925
2011-08-31 04:00:00,6.2864556266450204
2011-08-31 05:00:00,27.35955908483544
2011-08-31 06:00:00,141.7773113173829
2011-08-31 07:00:00,337.9683861819935
2011-08-31 08:00:00,553.2473223301313
2011-08-31 09:00:00,261.39595105354545
2011-08-31 10:00:00,171.6838540229898
2011-08-31 11:00:00,191.1359009159129
2011-08-31 12:00:00,220.84109388381796
2011-08-31 13:00:00,234.1262439864442
2011-08-31 14:00:00,205.8293863457785
2011-08-31 15:00:00,227.3956880402011
2011-08-31 16:00:00,337.03596297295263
2011-08-31 17:00:00,668.899281352808
2011-08-31 18:00:00,628.1871417562172
2011-08-31 19:00:00,482.32984184024554
2011-08-31 20:00:00,344.98351742574766
2011-08-31 21:00:00,277.3601114459381
2011-08-31 22:00:00,187.97352683781605
2011-08-31 23:00:00,108.53781943905061
2011-09-20 00:00:00,31.629534983592716
2011-09-20 01:00:00,9.060789760433472
2011-09-20 02:00:00,4.9431519575010885
2011-09-20 03:00:00,4.20439525325767
2011-09-20 04:00:00,5.328654956509162
2011-09-20 05:00:00,23.68504049978772
2011-09-20 06:00:00,109.10734900289725
2011-09-20 07:00:00,285.86203067522524
2011-09-20 08:00:00,206.95710583384258
2011-09-20 09:00:00,88.73363397438933
2011-09-20 10:00:00,69.49479522859093
2011-09-20 11:00:00,72.44975732424052
2011-09-20 12:00:00,90.35434600863096
2011-09-20 13:00:00,87.80388275719656
2011-09-20 14:00:00,113.41746898134112
2011-09-20 15:00:00,179.7979337997057
2011-09-20 16:00:00,219.48784261651087
2011-09-20 17:00:00,453.34967361556784
2011-09-20 18:00:00,452.4131305615003
2011-09-20 19:00:00,311.4543282039832
2011-09-20 20:00:00,187.35202746487005
2011-09-20 21:00:00,139.3342991225439
2011-09-20 22:00:00,107.81519279087736
2011-09-20 23:00:00,70.88751111174356
2011-09-21 00:00:00,16.147681888612286
2011-09-21 01:00:00,7.83711572202256
2011-09-21 02:00:00,4.478573462943525
2011-09-21 03:00:00,3.0132620951298277
2011-09-21 04:00:00,3.4350889278643435
2011-09-21 05:00:00,13.417138654870561
2011-09-21 06:00:00,60.81378043766598
2011-09-21 07:00:00,157.47376493709024
2011-09-21 08:00:00,261.93100573167214
2011-09-21 09:00:00,115.36338336848179
2011-09-21 10:00:00,92.3305645434696
2011-09-21 11:00:00,122.81169041201952
2011-09-21 12:00:00,181.0304369735681
2011-09-21 13:00:00,185.86911784540945
2011-09-21 14:00:00,175.9090997328175
2011-09-21 15:00:00,193.42392885456056
2011-09-21 16:00:00,283.4971322618141
2011-09-21 17:00:00,427.7384498711945
2011-09-21 18:00:00,258.15880773789814
2011-09-21 19:00:00,114.74250490581036
2011-09-21 20:00:00,81.52400426576288
2011-09-21 21:00:00,90.40470971525568
2011-09-21 22:00:00,91.77784184375126
2011-09-21 23:00:00,64.25394339802007
2011-09-22 00:00:00,24.839812531978392
2011-09-22 01:00:00,9.093739947433223
2011-09-22 02:00:00,5.171792423770774
2011-09-22 03:00:00,3.4335144958227737
2011-09-22 04:00:00,4.316713890890861
2011-09-22 05:00:00,21.94523884733979
2011-09-22 06:00:00,82.0126914010152
2011-09-22 07:00:00,213.46089582066483
2011-09-22 08:00:00,306.61126005086663
2011-09-22 09:00:00,154.5566509309021
2011-09-22 10:00:00,106.56596617623715
2011-09-22 11:00:00,109.5535701953004
2011-09-22 12:00:00,153.72967031609213
2011-09-22 13:00:00,138.49725326482846
2011-09-22 14:00:00,125.51381550793788
2011-09-22 15:00:00,161.6864735807497
2011-09-22 16:00:00,266.2702276820973
2011-09-22 17:00:00,504.64673952668454
2011-09-22 18:00:00,376.9746273732686
2011-09-22 19:00:00,276.94456007471325
2011-09-22 20:00:00,170.5271779011993
2011-09-22 21:00:00,178.02612039283346
2011-09-22 22:00:00,87.68370312380968
2011-09-22 23:00:00,72.10581413239248
2011-09-23 00:00:00,30.31514377223184
2011-09-23 01:00:00,14.640313073478609
2011-09-23 02:00:00,8.569303284986104
2011-09-23 03:00:00,4.722765923189625
2011-09-23 04:00:00,3.3550298636914695
2011-09-23 05:00:00,22.961987119731845
2011-09-23 06:00:00,89.0281161942618
2011-09-23 07:00:00,133.79849144331075
2011-09-23 08:00:00,216.92339135964605
2011-09-23 09:00:00,80.63556794504657
2011-09-23 10:00:00,44.09356101687711
2011-09-23 11:00:00,44.04227176667967
2011-09-23 12:00:00,76.18090348767943
2011-09-23 13:00:00,49.86486307743374
2011-09-23 14:00:00,45.871495277559724
2011-09-23 15:00:00,71.28410923751262
2011-09-23 16:00:00,98.7992909985623
2011-09-23 17:00:00,181.8468208555672
2011-09-23 18:00:00,171.48502614261437
2011-09-23 19:00:00,185.53761631941182
2011-09-23 20:00:00,159.73687980856585
2011-09-23 21:00:00,105.18711520868322
2011-09-23 22:00:00,126.42565486661643
2011-09-23 23:00:00,67.6529773021627
2011-09-24 00:00:00,90.2803854433951
2011-09-24 01:00:00,63.78608476394441
2011-09-24 02:00:00,45.549721819888106
2011-09-24 03:00:00,25.61025008674669
2011-09-24 04:00:00,10.39584874764417
2011-09-24 05:00:00,10.206714665785347
2011-09-24 06:00:00,20.678843327206604
2011-09-24 07:00:00,64.1695260158349
2011-09-24 08:00:00,150.49595531259672
2011-09-24 09:00:00,220.062967013897
2011-09-24 10:00:00,260.2186728036892
2011-09-24 11:00:00,277.4594632573756
2011-09-24 12:00:00,332.9573810109135
2011-09-24 13:00:00,386.51757146563483
2011-09-24 14:00:00,352.77928823811635
2011-09-24 15:00:00,360.37296578684686
2011-09-24 16:00:00,369.2204790460945
2011-09-24 17:00:00,356.0623220192477
2011-09-24 18:00:00,307.36872392643335
2011-09-24 19:00:00,220.23894689576204
2011-09-24 20:00:00,184.8992021993951
2011-09-24 21:00:00,175.4634666179769
2011-09-24 22:00:00,134.84551989732722
2011-09-24 23:00:00,116.51718248659523
2011-09-25 00:00:00,106.07688845906709
2011-09-25 01:00:00,86.21850132203882
2011-09-25 02:00:00,43.68713504234529
2011-09-25 03:00:00,20.838861656929115
2011-09-25 04:00:00,8.040369398583957
2011-09-25 05:00:00,12.182628856598315
2011-09-25 06:00:00,19.679302399487376
2011-09-25 07:00:00,37.49257642049739
2011-09-25 08:00:00,105.5628815390868
2011-09-25 09:00:00,178.38411451512255
2011-09-25 10:00:00,232.73177589167645
2011-09-25 11:00:00,350.8539022806612
2011-09-25 12:00:00,398.3229674499333
2011-09-25 13:00:00,349.42057245259105
2011-09-25 14:00:00,359.63880634046086
2011-09-25 15:00:00,360.2547965427431
2011-09-25 16:00:00,387.1003251827549
2011-09-25 17:00:00,299.8052513981683
2011-09-25 18:00:00,260.91697446442424
2011-09-25 19:00:00,190.85305286246555
2011-09-25 20:00:00,157.35521895011232
2011-09-25 21:00:00,112.59832703109392
2011-09-25 22:00:00,104.62065843323964
2011-09-25 23:00:00,63.347765312636774
2011-09-26 00:00:00,19.578686963743955
2011-09-26 01:00:00,10.1858469552111
2011-09-26 02:00:00,5.727251448976534
2011-09-26 03:00:00,3.650920964206503
2011-09-26 04:00:00,5.895123223900565
2011-09-26 05:00:00,26.922448963935764
2011-09-26 06:00:00,99.24764866750121
2011-09-26 07:00:00,250.99241177486078
2011-09-26 08:00:00,433.3457742555415
2011-09-26 09:00:00,216.0608100191539
2011-09-26 10:00:00,104.44079164302325
2011-09-26 11:00:00,131.77845171406108
2011-09-26 12:00:00,166.0625730027456
2011-09-26 13:00:00,165.65589785453275
2011-09-26 14:00:00,177.26101171291234
2011-09-26 15:00:00,199.62948352980132
2011-09-26 16:00:00,288.83142103489075
2011-09-26 17:00:00,545.7975066350941
2011-09-26 18:00:00,395.58268731415313
2011-09-26 19:00:00,312.1945936329345
2011-09-26 20:00:00,225.3957190173944
2011-09-26 21:00:00,154.4709130979305
2011-09-26 22:00:00,93.4756052015304
2011-09-26 23:00:00,56.66513116432295
2011-09-27 00:00:00,18.901801390516866
2011-09-27 01:00:00,8.005566087415476
2011-09-27 02:00:00,4.6366068778142155
2011-09-27 03:00:00,3.6007506263750795
2011-09-27 04:00:00,4.65801569734773
2011-09-27 05:00:00,19.605294064132448
2011-09-27 06:00:00,109.47213001922685
2011-09-27 07:00:00,294.8348884920475
2011-09-27 08:00:00,612.3968991728161
2011-09-27 09:00:00,155.88304906961787
2011-09-27 10:00:00,59.8139371303391
2011-09-27 11:00:00,129.36643691730828
2011-09-27 12:00:00,153.82128641479338
2011-09-27 13:00:00,175.9722495467153
2011-09-27 14:00:00,147.81629893819996
2011-09-27 15:00:00,150.89820980363592
2011-09-27 16:00:00,211.87764796222055
2011-09-27 17:00:00,423.98107321938505
2011-09-27 18:00:00,392.824333927299
2011-09-27 19:00:00,300.3963990713015
2011-09-27 20:00:00,257.76590172162815
2011-09-27 21:00:00,163.71587936322402
2011-09-27 22:00:00,116.97506916700272
2011-09-27 23:00:00,76.10276528010668
2011-09-28 00:00:00,23.229663615088928
2011-09-28 01:00:00,9.90575412928781
2011-09-28 02:00:00,5.435025964053831
2011-09-28 03:00:00,3.174469625240046
2011-09-28 04:00:00,5.552250955257463
2011-09-28 05:00:00,19.37042169381033
2011-09-28 06:00:00,44.98045036428859
2011-09-28 07:00:00,108.87531836028508
2011-09-28 08:00:00,191.7484350005785
2011-09-28 09:00:00,89.02604566829113
2011-09-28 10:00:00,74.25014749548471
2011-09-28 11:00:00,126.55802797107445
2011-09-28 12:00:00,156.78321459279198
2011-09-28 13:00:00,170.98722349561754
2011-09-28 14:00:00,183.70941407865516
2011-09-28 15:00:00,186.08796465498
2011-09-28 16:00:00,279.1316969108302
2011-09-28 17:00:00,541.6526220754598
2011-09-28 18:00:00,253.14034140170733
2011-09-28 19:00:00,190.48035543859254
2011-09-28 20:00:00,101.7306352390251
2011-09-28 21:00:00,75.14702576331233
2011-09-28 22:00:00,114.36957954488632
2011-09-28 23:00:00,62.634571814534254
2011-09-29 00:00:00,23.100832537161782
2011-09-29 01:00:00,9.421621189558909
2011-09-29 02:00:00,5.165583610397912
2011-09-29 03:00:00,3.180638065466961
2011-09-29 04:00:00,5.208026923703925
2011-09-29 05:00:00,29.507349088802624
2011-09-29 06:00:00,130.6729041051439
2011-09-29 07:00:00,381.6016515910378
2011-09-29 08:00:00,550.5776885497392
2011-09-29 09:00:00,232.48560352741592
2011-09-29 10:00:00,133.06868079817926
2011-09-29 11:00:00,150.2890349789579
2011-09-29 12:00:00,198.84037447237247
2011-09-29 13:00:00,179.41547356435072
2011-09-29 14:00:00,174.3993603171755
2011-09-29 15:00:00,247.17814687669875
2011-09-29 16:00:00,376.4762668712338
2011-09-29 17:00:00,570.3341528990225
2011-09-29 18:00:00,667.7586650626862
2011-09-29 19:00:00,398.8502625072837
2011-09-29 20:00:00,322.37665306880314
2011-09-29 21:00:00,226.09666720858806
2011-09-29 22:00:00,164.04659826466437
2011-09-29 23:00:00,126.90289911001146
2011-09-30 00:00:00,54.58530821875922
2011-09-30 01:00:00,31.379425991620803
2011-09-30 02:00:00,13.87016754789006
2011-09-30 03:00:00,7.862341363381013
2011-09-30 04:00:00,6.801124963083644
2011-09-30 05:00:00,31.655157719046276
2011-09-30 06:00:00,117.45909374008104
2011-09-30 07:00:00,338.4582267991908
2011-09-30 08:00:00,594.1022870694176
2011-09-30 09:00:00,293.6038415174852
2011-09-30 10:00:00,164.24390534478624
2011-09-30 11:00:00,196.25538344304667
2011-09-30 12:00:00,228.10881212248242
2011-09-30 13:00:00,249.93890125114774
2011-09-30 14:00:00,222.42906108209507
2011-09-30 15:00:00,231.6820858523831
2011-09-30 16:00:00,351.99005652874723
2011-09-30 17:00:00,543.1185655828028
2011-09-30 18:00:00,466.524283711131
2011-09-30 19:00:00,323.62951160112453
2011-09-30 20:00:00,245.7239802109591
2011-09-30 21:00:00,197.3276901525655
2011-09-30 22:00:00,169.68841318983127
2011-09-30 23:00:00,135.6142475353304
2011-10-20 00:00:00,28.91253841496485
2011-10-20 01:00:00,12.954967948019695
2011-10-20 02:00:00,6.633369285956853
2011-10-20 03:00:00,4.25108797640815
2011-10-20 04:00:00,5.173707695349811
2011-10-20 05:00:00,27.47717425738359
2011-10-20 06:00:00,137.5315800506122
2011-10-20 07:00:00,393.6196680876373
2011-10-20 08:00:00,640.7844111690022
2011-10-20 09:00:00,314.29988521324395
2011-10-20 10:00:00,195.75705835328822
2011-10-20 11:00:00,228.04997573717648
2011-10-20 12:00:00,291.6440224587693
2011-10-20 13:00:00,254.26421464343116
2011-10-20 14:00:00,227.1695619647393
2011-10-20 15:00:00,241.3715956167932
2011-10-20 16:00:00,352.14591443743103
2011-10-20 17:00:00,732.2669827184777
2011-10-20 18:00:00,563.639174272969
2011-10-20 19:00:00,425.5245300703369
2011-10-20 20:00:00,302.9358792324966
2011-10-20 21:00:00,236.63874503611552
2011-10-20 22:00:00,180.86098503580658
2011-10-20 23:00:00,127.95449969062035
2011-10-21 00:00:00,60.49669392357993
2011-10-21 01:00:00,27.267415804874116
2011-10-21 02:00:00,13.71905923231509
2011-10-21 03:00:00,7.653287125083356
2011-10-21 04:00:00,7.054235964018623
2011-10-21 05:00:00,30.628006234448375
2011-10-21 06:00:00,138.7551187795788
2011-10-21 07:00:00,394.7464304190368
2011-10-21 08:00:00,575.5107954288028
2011-10-21 09:00:00,320.0902607612275
2011-10-21 10:00:00,220.81952403475813
2011-10-21 11:00:00,251.47668727225988
2011-10-21 12:00:00,295.7764426014409
2011-10-21 13:00:00,285.2263823320462
2011-10-21 14:00:00,280.7246331452612
2011-10-21 15:00:00,280.47448604620604
2011-10-21 16:00:00,426.8279081335173
2011-10-21 17:00:00,604.7844523369351
2011-10-21 18:00:00,517.956231868535
2011-10-21 19:00:00,409.39419900296195
2011-10-21 20:00:00,266.1775268499896
2011-10-21 21:00:00,215.66565418426336
2011-10-21 22:00:00,207.79684445780177
2011-10-21 23:00:00,141.67806750941264
2011-10-22 00:00:00,97.99775617925886
2011-10-22 01:00:00,73.6968971713609
2011-10-22 02:00:00,46.0944717087482
2011-10-22 03:00:00,21.969092303226116
2011-10-22 04:00:00,8.794762463046315
2011-10-22 05:00:00,10.55360100635813
2011-10-22 06:00:00,24.727460881736736
2011-10-22 07:00:00,54.84701998092553
2011-10-22 08:00:00,137.84852411885046
2011-10-22 09:00:00,205.7611159516897
2011-10-22 10:00:00,268.9395451897502
2011-10-22 11:00:00,312.0282017678872
2011-10-22 12:00:00,431.529079242945
2011-10-22 13:00:00,516.5214684846981
2011-10-22 14:00:00,413.24117280323566
2011-10-22 15:00:00,414.6905311696085
2011-10-22 16:00:00,492.7276656383572
2011-10-22 17:00:00,358.2561827118777
2011-10-22 18:00:00,341.65538077832434
2011-10-22 19:00:00,230.95824694810895
2011-10-22 20:00:00,173.14224434950165
2011-10-22 21:00:00,142.3950538232177
2011-10-22 22:00:00,130.43553148978336
2011-10-22 23:00:00,100.83347987266477
2011-10-23 00:00:00,89.65274026907322
2011-10-23 01:00:00,67.0285490612122
2011-10-23 02:00:00,55.38783784738251
2011-10-23 03:00:00,26.099141409437532
2011-10-23 04:00:00,9.715602115834763
2011-10-23 05:00:00,7.9115701516523425
2011-10-23 06:00:00,14.91170447431555
2011-10-23 07:00:00,38.25438829683635
2011-10-23 08:00:00,90.86305741207629
2011-10-23 09:00:00,149.28871647310484
2011-10-23 10:00:00,271.577516603975
2011-10-23 11:00:00,336.29712264877327
2011-10-23 12:00:00,443.72965235832817
2011-10-23 13:00:00,476.14053041595173
2011-10-23 14:00:00,451.1297713282815
2011-10-23 15:00:00,462.3083512480663
2011-10-23 16:00:00,466.1051054891718
2011-10-23 17:00:00,344.12904301757555
2011-10-23 18:00:00,302.6465759859118
2011-10-23 19:00:00,199.89011098284635
2011-10-23 20:00:00,162.34088354850348
2011-10-23 21:00:00,133.2077240642624
2011-10-23 22:00:00,98.78237520417665
2011-10-23 23:00:00,68.848252312497
2011-10-24 00:00:00,34.494874391555186
2011-10-24 01:00:00,12.311118414886153
2011-10-24 02:00:00,6.174952576372766
2011-10-24 03:00:00,4.273329809200624
2011-10-24 04:00:00,5.71325451584621
2011-10-24 05:00:00,24.452959182756494
2011-10-24 06:00:00,113.78459289537692
2011-10-24 07:00:00,295.18477935606955
2011-10-24 08:00:00,504.79222331774594
2011-10-24 09:00:00,256.78123442200575
2011-10-24 10:00:00,126.85893609501964
2011-10-24 11:00:00,180.1223148136769
2011-10-24 12:00:00,234.42084882018935
2011-10-24 13:00:00,226.58481285799695
2011-10-24 14:00:00,209.79814024831958
2011-10-24 15:00:00,224.2956195077981
2011-10-24 16:00:00,352.3282374460237
2011-10-24 17:00:00,619.9690787697972
2011-10-24 18:00:00,587.5806119715957
2011-10-24 19:00:00,354.1715141626652
2011-10-24 20:00:00,261.75816808431915
2011-10-24 21:00:00,164.9615240653075
2011-10-24 22:00:00,144.43540429991052
2011-10-24 23:00:00,81.68416725310786
2011-10-25 00:00:00,31.611453990341033
2011-10-25 01:00:00,12.974016874428436
2011-10-25 02:00:00,5.515615923942711
2011-10-25 03:00:00,3.5454555179772425
2011-10-25 04:00:00,4.734337778752204
2011-10-25 05:00:00,24.64909755286293
2011-10-25 06:00:00,136.29644705404428
2011-10-25 07:00:00,322.25185051396966
2011-10-25 08:00:00,599.9462193404827
2011-10-25 09:00:00,306.2430835036483
2011-10-25 10:00:00,168.9543138911023
2011-10-25 11:00:00,191.59164094955435
2011-10-25 12:00:00,243.584842478745
2011-10-25 13:00:00,266.9994568400617
2011-10-25 14:00:00,234.22029169944372
2011-10-25 15:00:00,260.095590547661
2011-10-25 16:00:00,393.2646888741618
2011-10-25 17:00:00,735.3668899190858
2011-10-25 18:00:00,707.6101726724041
2011-10-25 19:00:00,419.71006802963785
2011-10-25 20:00:00,278.6633306386359
2011-10-25 21:00:00,205.80567435764746
2011-10-25 22:00:00,148.49395988994684
2011-10-25 23:00:00,97.38524210260704
2011-10-26 00:00:00,40.620212207271
2011-10-26 01:00:00,15.603528822617326
2011-10-26 02:00:00,7.539791954090571
2011-10-26 03:00:00,4.947438179431501
2011-10-26 04:00:00,6.165241499059171
2011-10-26 05:00:00,33.129295449807515
2011-10-26 06:00:00,162.88270465557574
2011-10-26 07:00:00,425.62097353031345
2011-10-26 08:00:00,633.1792536697981
2011-10-26 09:00:00,338.31047328869056
2011-10-26 10:00:00,192.56442350948637
2011-10-26 11:00:00,189.40899808798747
2011-10-26 12:00:00,172.53807435152171
2011-10-26 13:00:00,153.43127431559267
2011-10-26 14:00:00,178.27106200803146
2011-10-26 15:00:00,193.06487792461576
2011-10-26 16:00:00,291.68224322714434
2011-10-26 17:00:00,545.7642217134531
2011-10-26 18:00:00,518.756615268785
2011-10-26 19:00:00,305.0454784001197
2011-10-26 20:00:00,196.28485400018437
2011-10-26 21:00:00,214.18414920928478
2011-10-26 22:00:00,113.30627421261583
2011-10-26 23:00:00,76.28974866276329
2011-10-27 00:00:00,40.34892394713977
2011-10-27 01:00:00,17.15044064011033
2011-10-27 02:00:00,6.0964755031064986
2011-10-27 03:00:00,3.8048438602711445
2011-10-27 04:00:00,5.102431034059443
2011-10-27 05:00:00,25.798205793914498
2011-10-27 06:00:00,101.74813695419942
2011-10-27 07:00:00,337.2459337577349
2011-10-27 08:00:00,333.2667188646565
2011-10-27 09:00:00,264.4809174023466
2011-10-27 10:00:00,82.07084215537463
2011-10-27 11:00:00,96.42488292740983
2011-10-27 12:00:00,115.25866725412975
2011-10-27 13:00:00,152.8065790420873
2011-10-27 14:00:00,149.91168884496176
2011-10-27 15:00:00,165.98202460920464
2011-10-27 16:00:00,330.273249499312
2011-10-27 17:00:00,516.3613725093228
2011-10-27 18:00:00,525.32436792378
2011-10-27 19:00:00,348.3057458829649
2011-10-27 20:00:00,269.6696111742703
2011-10-27 21:00:00,206.7314953227819
2011-10-27 22:00:00,148.17770208968082
2011-10-27 23:00:00,106.28274330939742
2011-10-28 00:00:00,49.03155574222584
2011-10-28 01:00:00,22.309984589802976
2011-10-28 02:00:00,10.519656409309992
2011-10-28 03:00:00,5.974620495426623
2011-10-28 04:00:00,5.510215381476843
2011-10-28 05:00:00,27.720814616253236
2011-10-28 06:00:00,108.15527802240236
2011-10-28 07:00:00,307.27135679107033
2011-10-28 08:00:00,522.2217092137678
2011-10-28 09:00:00,306.1147489383748
2011-10-28 10:00:00,183.21465144163898
2011-10-28 11:00:00,217.7850036701755
2011-10-28 12:00:00,312.74205718476713
2011-10-28 13:00:00,285.1382657386393
2011-10-28 14:00:00,235.42864187205626
2011-10-28 15:00:00,251.49016826837368
2011-10-28 16:00:00,357.7682092882265
2011-10-28 17:00:00,555.3716036983045
2011-10-28 18:00:00,488.5416448622873
2011-10-28 19:00:00,339.1251296536535
2011-10-28 20:00:00,130.33740100533268
2011-10-28 21:00:00,93.77022915867222
2011-10-28 22:00:00,73.86715815149651
2011-10-28 23:00:00,44.7365864498411
2011-10-29 00:00:00,49.228948744446356
2011-10-29 01:00:00,38.8746401587943
2011-10-29 02:00:00,28.14806608239242
2011-10-29 03:00:00,13.102518169239158
2011-10-29 04:00:00,5.3281110328751
2011-10-29 05:00:00,4.392335391087588
2011-10-29 06:00:00,8.819748376199746
2011-10-29 07:00:00,19.268843010899843
2011-10-29 08:00:00,51.68782695885843
2011-10-29 09:00:00,75.34046142414364
2011-10-29 10:00:00,85.66588621845278
2011-10-29 11:00:00,102.04779787101077
2011-10-29 12:00:00,88.75838560825773
2011-10-29 13:00:00,82.65024734641356
2011-10-29 14:00:00,81.14505696643971
2011-10-29 15:00:00,106.8643179681655
2011-10-29 16:00:00,77.61145826631093
2011-10-29 17:00:00,75.33482286735531
2011-10-29 18:00:00,65.20761389909003
2011-10-29 19:00:00,74.92510886985771
2011-10-29 20:00:00,63.467209173324655
2011-10-29 21:00:00,55.722350681076094
2011-10-29 22:00:00,58.70304971760222
2011-10-29 23:00:00,51.087250647527874
2011-10-30 00:00:00,46.55777236582822
2011-10-30 01:00:00,36.57723547142383
2011-10-30 02:00:00,28.027712729663495
2011-10-30 03:00:00,20.445259305175068
2011-10-30 04:00:00,5.444019051307485
2011-10-30 05:00:00,6.315916324669305
2011-10-30 06:00:00,12.144592146981745
2011-10-30 07:00:00,24.813943753510365
2011-10-30 08:00:00,75.52202671478081
2011-10-30 09:00:00,132.28908426903266
2011-10-30 10:00:00,206.5266484855241
2011-10-30 11:00:00,331.79731697340566
2011-10-30 12:00:00,359.8528042786529
2011-10-30 13:00:00,370.998059827994
2011-10-30 14:00:00,390.81147756783673
2011-10-30 15:00:00,395.53184885703854
2011-10-30 16:00:00,387.87462638457083
2011-10-30 17:00:00,307.19436385274537
2011-10-30 18:00:00,245.6727608852489
2011-10-30 19:00:00,278.2924016627947
2011-10-30 20:00:00,128.43072227806164
2011-10-30 21:00:00,93.72249068069978
2011-10-30 22:00:00,69.47833543496779
2011-10-30 23:00:00,35.996599409302284
2011-10-31 00:00:00,16.590781431323666
2011-10-31 01:00:00,7.503614101671742
2011-10-31 02:00:00,3.6354784294498113
2011-10-31 03:00:00,3.154517941928104
2011-10-31 04:00:00,3.7993297259103813
2011-10-31 05:00:00,16.28149573744653
2011-10-31 06:00:00,72.76714021606713
2011-10-31 07:00:00,206.9072733895115
2011-10-31 08:00:00,423.6352234035765
2011-10-31 09:00:00,225.5592754577391
2011-10-31 10:00:00,147.27353233090344
2011-10-31 11:00:00,176.85011356950758
2011-10-31 12:00:00,263.7200182180689
2011-10-31 13:00:00,262.80900283190226
2011-10-31 14:00:00,223.83879416864386
2011-10-31 15:00:00,245.4881842603477
2011-10-31 16:00:00,353.0055662408389
2011-10-31 17:00:00,658.9811124869319
2011-10-31 18:00:00,508.62043587314434
2011-10-31 19:00:00,363.5156892533411
2011-10-31 20:00:00,239.12421931632295
2011-10-31 21:00:00,131.73602768108492
2011-10-31 22:00:00,91.81960473078827
2011-10-31 23:00:00,57.814863438807016
2011-11-20 00:00:00,108.90358828972921
2011-11-20 01:00:00,77.26234004633385
2011-11-20 02:00:00,48.52359782716053
2011-11-20 03:00:00,21.688625795008477
2011-11-20 04:00:00,8.014919621783386
2011-11-20 05:00:00,7.262705924168256
2011-11-20 06:00:00,15.678302394172864
2011-11-20 07:00:00,43.18787265186875
2011-11-20 08:00:00,90.0583267430912
2011-11-20 09:00:00,198.44240589892632
2011-11-20 10:00:00,281.5604649532432
2011-11-20 11:00:00,370.71042546338464
2011-11-20 12:00:00,434.7021942586114
2011-11-20 13:00:00,477.6497667986969
2011-11-20 14:00:00,466.2911647699134
2011-11-20 15:00:00,436.6286824953343
2011-11-20 16:00:00,457.8500366122874
2011-11-20 17:00:00,390.6216158637068
2011-11-20 18:00:00,327.7578876317214
2011-11-20 19:00:00,218.89104314904287
2011-11-20 20:00:00,197.73530935961517
2011-11-20 21:00:00,121.14516005725186
2011-11-20 22:00:00,66.39372695734563
2011-11-20 23:00:00,48.650955726196486
2011-11-21 00:00:00,25.67731908207199
2011-11-21 01:00:00,9.819903409782146
2011-11-21 02:00:00,5.017169069396742
2011-11-21 03:00:00,3.5524957234116337
2011-11-21 04:00:00,4.5666213718143345
2011-11-21 05:00:00,21.230088596329793
2011-11-21 06:00:00,76.70241891893923
2011-11-21 07:00:00,297.3975670690617
2011-11-21 08:00:00,465.1604668537666
2011-11-21 09:00:00,249.3797568282342
2011-11-21 10:00:00,113.74264895362808
2011-11-21 11:00:00,135.9097959935331
2011-11-21 12:00:00,193.69249668488538
2011-11-21 13:00:00,183.06756749605825
2011-11-21 14:00:00,150.18764766125918
2011-11-21 15:00:00,107.40104063426502
2011-11-21 16:00:00,161.46215522360325
2011-11-21 17:00:00,282.61241141328816
2011-11-21 18:00:00,325.5066685041601
2011-11-21 19:00:00,244.97754115208878
2011-11-21 20:00:00,149.79366805576
2011-11-21 21:00:00,113.71249992080921
2011-11-21 22:00:00,86.95726692941281
2011-11-21 23:00:00,52.90242319683087
2011-11-22 00:00:00,23.540343661925853
2011-11-22 01:00:00,9.817184887067015
2011-11-22 02:00:00,5.11860517861104
2011-11-22 03:00:00,3.5223830333600756
2011-11-22 04:00:00,4.821127187264844
2011-11-22 05:00:00,21.331084049798573
2011-11-22 06:00:00,116.07529224015212
2011-11-22 07:00:00,177.2505370576876
2011-11-22 08:00:00,283.25793290075876
2011-11-22 09:00:00,135.31852748248187
2011-11-22 10:00:00,67.81380107674937
2011-11-22 11:00:00,75.86604171793432
2011-11-22 12:00:00,69.39452356727111
2011-11-22 13:00:00,59.94026991061616
2011-11-22 14:00:00,54.450522255006405
2011-11-22 15:00:00,75.0242976336644
2011-11-22 16:00:00,110.6120947171882
2011-11-22 17:00:00,186.20357721670555
2011-11-22 18:00:00,175.20734361263277
2011-11-22 19:00:00,190.3757154774167
2011-11-22 20:00:00,141.96322741224807
2011-11-22 21:00:00,100.56635825190733
2011-11-22 22:00:00,87.08000750579791
2011-11-22 23:00:00,59.58532439305175
2011-11-23 00:00:00,22.00284799518235
2011-11-23 01:00:00,8.502454072241473
2011-11-23 02:00:00,2.9252730406062923
2011-11-23 03:00:00,1.9860731851419156
2011-11-23 04:00:00,3.050470632617435
2011-11-23 05:00:00,20.924475884008228
2011-11-23 06:00:00,70.62576022270909
2011-11-23 07:00:00,198.1777613094476
2011-11-23 08:00:00,421.28936524866225
2011-11-23 09:00:00,177.0326422845283
2011-11-23 10:00:00,81.621757184233
2011-11-23 11:00:00,136.2778275713107
2011-11-23 12:00:00,212.15514434446396
2011-11-23 13:00:00,205.76744712363458
2011-11-23 14:00:00,188.0656330342254
2011-11-23 15:00:00,211.8075189949554
2011-11-23 16:00:00,292.77879562800143
2011-11-23 17:00:00,373.44130798293526
2011-11-23 18:00:00,511.67683823566614
2011-11-23 19:00:00,391.3338589276061
2011-11-23 20:00:00,258.26662123930913
2011-11-23 21:00:00,190.56092493630788
2011-11-23 22:00:00,133.49683200705363
2011-11-23 23:00:00,92.91105468713184
2011-11-24 00:00:00,41.9774353245937
2011-11-24 01:00:00,25.353101322862035
2011-11-24 02:00:00,16.76323897509583
2011-11-24 03:00:00,8.245270353123622
2011-11-24 04:00:00,8.458649486431037
2011-11-24 05:00:00,12.908455353981902
2011-11-24 06:00:00,41.083338070814435
2011-11-24 07:00:00,107.38809015229911
2011-11-24 08:00:00,253.03319466796606
2011-11-24 09:00:00,216.9190266255084
2011-11-24 10:00:00,232.27432499037985
2011-11-24 11:00:00,232.63859476792214
2011-11-24 12:00:00,283.19587175669994
2011-11-24 13:00:00,271.3107138687701
2011-11-24 14:00:00,248.4037030494026
2011-11-24 15:00:00,270.0807916727934
2011-11-24 16:00:00,272.74881390466413
2011-11-24 17:00:00,332.0455010663098
2011-11-24 18:00:00,309.0473043022325
2011-11-24 19:00:00,300.14538041753957
2011-11-24 20:00:00,194.02641793608439
2011-11-24 21:00:00,146.19432334527713
2011-11-24 22:00:00,120.78508653519083
2011-11-24 23:00:00,75.48491458774062
2011-11-25 00:00:00,49.45987659920706
2011-11-25 01:00:00,21.44154537944716
2011-11-25 02:00:00,10.859509785089841
2011-11-25 03:00:00,6.422756115657928
2011-11-25 04:00:00,5.978125973375335
2011-11-25 05:00:00,26.8644765429644
2011-11-25 06:00:00,91.12299402351184
2011-11-25 07:00:00,257.1854142081958
2011-11-25 08:00:00,503.54186635829427
2011-11-25 09:00:00,255.42770216005803
2011-11-25 10:00:00,171.13471023478317
2011-11-25 11:00:00,206.90852566968573
2011-11-25 12:00:00,240.85941450975898
2011-11-25 13:00:00,237.6759912094554
2011-11-25 14:00:00,210.88687858269427
2011-11-25 15:00:00,234.41829931583604
2011-11-25 16:00:00,330.16471624013815
2011-11-25 17:00:00,495.3467508401915
2011-11-25 18:00:00,456.01416538258184
2011-11-25 19:00:00,252.286155932271
2011-11-25 20:00:00,227.47593947397814
2011-11-25 21:00:00,162.2448824939607
2011-11-25 22:00:00,136.0863172073675
2011-11-25 23:00:00,105.3025140663476
2011-11-26 00:00:00,93.210851409118
2011-11-26 01:00:00,66.9122518101121
2011-11-26 02:00:00,44.317739620638626
2011-11-26 03:00:00,21.74680676511724
2011-11-26 04:00:00,8.236627445726333
2011-11-26 05:00:00,7.884116640979718
2011-11-26 06:00:00,19.781852627060637
2011-11-26 07:00:00,49.58795508671772
2011-11-26 08:00:00,128.2616591199552
2011-11-26 09:00:00,197.27378880522303
2011-11-26 10:00:00,257.59775711310937
2011-11-26 11:00:00,354.5045597876176
2011-11-26 12:00:00,402.3032711549174
2011-11-26 13:00:00,481.5443412270558
2011-11-26 14:00:00,394.96654266801124
2011-11-26 15:00:00,454.27498888440147
2011-11-26 16:00:00,397.9544050117322
2011-11-26 17:00:00,351.9169194310985
2011-11-26 18:00:00,230.8568456713245
2011-11-26 19:00:00,198.46551175784796
2011-11-26 20:00:00,154.67408308262938
2011-11-26 21:00:00,129.05623248201113
2011-11-26 22:00:00,116.23226442100668
2011-11-26 23:00:00,103.73703847304613
2011-11-27 00:00:00,99.1374692635916
2011-11-27 01:00:00,76.15779308901708
2011-11-27 02:00:00,54.252240249439964
2011-11-27 03:00:00,25.974742309716277
2011-11-27 04:00:00,10.498825270979188
2011-11-27 05:00:00,7.2329615992994105
2011-11-27 06:00:00,20.195697148160967
2011-11-27 07:00:00,38.270468853549495
2011-11-27 08:00:00,88.12297267910621
2011-11-27 09:00:00,178.78604625359148
2011-11-27 10:00:00,259.5350274814274
2011-11-27 11:00:00,337.65929698582136
2011-11-27 12:00:00,483.79244427332776
2011-11-27 13:00:00,496.38684269232294
2011-11-27 14:00:00,414.19607896675586
2011-11-27 15:00:00,471.50416022244156
2011-11-27 16:00:00,450.6802238234292
2011-11-27 17:00:00,389.69354404654933
2011-11-27 18:00:00,280.28082220578483
2011-11-27 19:00:00,201.6974580860684
2011-11-27 20:00:00,166.83618361335004
2011-11-27 21:00:00,117.8662978184129
2011-11-27 22:00:00,102.06651236325422
2011-11-27 23:00:00,74.52585558162988
2011-11-28 00:00:00,33.016523004119996
2011-11-28 01:00:00,13.397640343775747
2011-11-28 03:00:00,4.010490762910484
2011-11-28 04:00:00,6.864204152313304
2011-11-28 05:00:00,28.66089776284899
2011-11-28 06:00:00,118.33708896576663
2011-11-28 07:00:00,321.5111971487391
2011-11-28 08:00:00,496.56922079427363
2011-11-28 09:00:00,214.11686380065308
2011-11-28 10:00:00,149.847910091839
2011-11-28 11:00:00,171.29368783912946
2011-11-28 12:00:00,198.79637470937823
2011-11-28 13:00:00,188.74977249294147
2011-11-28 14:00:00,177.28009452994635
2011-11-28 15:00:00,198.4192172397428
2011-11-28 16:00:00,294.9510785743007
2011-11-28 17:00:00,521.5475679206955
2011-11-28 18:00:00,495.4428334924242
2011-11-28 19:00:00,365.8094158351461
2011-11-28 20:00:00,265.68428917105365
2011-11-28 21:00:00,166.8399941256154
2011-11-28 22:00:00,100.02356866824641
2011-11-28 23:00:00,62.207907332683746
2011-11-29 00:00:00,25.31435259262894
2011-11-29 01:00:00,11.055330486287673
2011-11-29 02:00:00,4.883587230748726
2011-11-29 03:00:00,3.6005225944637753
2011-11-29 04:00:00,4.9683340230131945
2011-11-29 05:00:00,23.1196061487612
2011-11-29 06:00:00,112.2075126267965
2011-11-29 07:00:00,352.2956755381272
2011-11-29 08:00:00,522.4522499328917
2011-11-29 09:00:00,188.33500616669662
2011-11-29 10:00:00,117.73883298813924
2011-11-29 11:00:00,64.13549407193271
2011-11-29 12:00:00,90.54292502823624
2011-11-29 13:00:00,103.73080677926559
2011-11-29 14:00:00,76.60413496200023
2011-11-29 15:00:00,78.60536800721201
2011-11-29 16:00:00,135.39852341216547
2011-11-29 17:00:00,309.86039550679914
2011-11-29 18:00:00,333.95968098241775
2011-11-29 19:00:00,242.18939755278606
2011-11-29 20:00:00,184.13783472838816
2011-11-29 21:00:00,128.96248378663407
2011-11-29 22:00:00,92.51454579835485
2011-11-29 23:00:00,68.62788635556542
2011-11-30 00:00:00,34.910435889866626
2011-11-30 01:00:00,12.657812133997185
2011-11-30 02:00:00,6.197557279283645
2011-11-30 03:00:00,4.415312596760456
2011-11-30 04:00:00,5.861516962695153
2011-11-30 05:00:00,29.167493085276924
2011-11-30 06:00:00,98.69660950995215
2011-11-30 07:00:00,345.95685731483036
2011-11-30 08:00:00,621.8768254095941
2011-11-30 09:00:00,240.75777732886763
2011-11-30 10:00:00,131.50907568250574
2011-11-30 11:00:00,182.47637442647698
2011-11-30 12:00:00,233.60916216085278
2011-11-30 13:00:00,233.53093806869478
2011-11-30 14:00:00,216.5800863842361
2011-11-30 15:00:00,191.23291759407687
2011-11-30 16:00:00,282.809605707327
2011-11-30 17:00:00,560.4397928181888
2011-11-30 18:00:00,448.6601407348945
2011-11-30 19:00:00,373.9437984191435
2011-11-30 20:00:00,262.67761649024044
2011-11-30 21:00:00,198.2672372501728
2011-11-30 22:00:00,136.0080088495905
2011-11-30 23:00:00,82.28165915700097
2011-12-20 00:00:00,31.493208542490294
2011-12-20 01:00:00,14.361553244713226
2011-12-20 02:00:00,6.17819253916624
2011-12-20 03:00:00,4.4689271839268665
2011-12-20 04:00:00,6.943634855670545
2011-12-20 05:00:00,31.905889112865257
2011-12-20 06:00:00,149.7344023662183
2011-12-20 07:00:00,403.59566151629934
2011-12-20 08:00:00,685.075775098108
2011-12-20 09:00:00,264.10135123769624
2011-12-20 10:00:00,154.66288521664907
2011-12-20 11:00:00,178.6511515881077
2011-12-20 12:00:00,246.78275777753612
2011-12-20 13:00:00,242.46450960053443
2011-12-20 14:00:00,202.50247965041453
2011-12-20 15:00:00,227.76954500798823
2011-12-20 16:00:00,349.7795808549334
2011-12-20 17:00:00,573.7889075655304
2011-12-20 18:00:00,488.02672455589936
2011-12-20 19:00:00,352.5867895402162
2011-12-20 20:00:00,234.44154625207386
2011-12-20 21:00:00,161.7186502395316
2011-12-20 22:00:00,119.67785827216458
2011-12-20 23:00:00,92.49645485348015
2011-12-21 00:00:00,23.308868421353257
2011-12-21 01:00:00,9.97579394704911
2011-12-21 02:00:00,5.905371612696488
2011-12-21 03:00:00,4.055024020955377
2011-12-21 04:00:00,4.131400974093967
2011-12-21 05:00:00,22.318647694594414
2011-12-21 06:00:00,81.91383605421619
2011-12-21 07:00:00,228.94554437301542
2011-12-21 08:00:00,139.38354233282698
2011-12-21 09:00:00,179.21510876145942
2011-12-21 10:00:00,89.06471811428636
2011-12-21 11:00:00,93.17667694439996
2011-12-21 12:00:00,41.18610679496813
2011-12-21 13:00:00,28.382169752902357
2011-12-21 14:00:00,70.11038293070513
2011-12-21 15:00:00,78.38177579350472
2011-12-21 16:00:00,27.572729323129096
2011-12-21 17:00:00,59.886171704944836
2011-12-21 18:00:00,113.96897824211118
2011-12-21 19:00:00,111.3485845871099
2011-12-21 20:00:00,84.1601311734574
2011-12-21 21:00:00,119.85762345299077
2011-12-21 22:00:00,98.12297691968386
2011-12-21 23:00:00,68.15533459576241
2011-12-22 00:00:00,38.68840802685865
2011-12-22 01:00:00,14.970086535299233
2011-12-22 02:00:00,12.188933374953372
2011-12-22 03:00:00,5.233184680386666
2011-12-22 04:00:00,5.3607253516050015
2011-12-22 05:00:00,27.417435800941764
2011-12-22 06:00:00,128.11398140111388
2011-12-22 07:00:00,248.79242668654095
2011-12-22 08:00:00,504.9322118586336
2011-12-22 09:00:00,272.84500187315837
2011-12-22 10:00:00,131.06789819144453
2011-12-22 11:00:00,159.79002872608476
2011-12-22 12:00:00,168.90358122480328
2011-12-22 13:00:00,167.1315757212412
2011-12-22 14:00:00,151.20486214130975
2011-12-22 15:00:00,170.55815267951414
2011-12-22 16:00:00,233.99701611031645
2011-12-22 17:00:00,395.28955927098764
2011-12-22 18:00:00,397.12112796016066
2011-12-22 19:00:00,297.3535277706484
2011-12-22 20:00:00,139.7282943231111
2011-12-22 21:00:00,108.80334446905707
2011-12-22 22:00:00,48.880786342684516
2011-12-22 23:00:00,39.775508455711034
2011-12-23 00:00:00,27.331108494913533
2011-12-23 01:00:00,12.907409619559362
2011-12-23 02:00:00,6.3877563484300905
2011-12-23 03:00:00,3.3392311092032707
2011-12-23 04:00:00,2.1717170065634854
2011-12-23 05:00:00,17.430031329011847
2011-12-23 06:00:00,90.42601032421321
2011-12-23 07:00:00,269.4840888666369
2011-12-23 08:00:00,398.31802967758745
2011-12-23 09:00:00,243.79221203545063
2011-12-23 10:00:00,141.30816934402353
2011-12-23 11:00:00,134.8408475208432
2011-12-23 12:00:00,185.86404794018074
2011-12-23 13:00:00,159.1983925125314
2011-12-23 14:00:00,155.0478225179321
2011-12-23 15:00:00,160.76351683224192
2011-12-23 16:00:00,219.69208959598777
2011-12-23 17:00:00,351.49734251196855
2011-12-23 18:00:00,279.12127014267054
2011-12-23 19:00:00,213.34097172589216
2011-12-23 20:00:00,121.46177938184687
2011-12-23 21:00:00,115.29520786879964
2011-12-23 22:00:00,99.80917517191115
2011-12-23 23:00:00,82.79138540981758
2011-12-24 00:00:00,45.96188292217131
2011-12-24 01:00:00,38.03089498408452
2011-12-24 02:00:00,28.772998211484634
2011-12-24 03:00:00,13.521730734076641
2011-12-24 04:00:00,3.0451911179805053
2011-12-24 05:00:00,2.9680549627951973
2011-12-24 06:00:00,6.859542837663085
2011-12-24 07:00:00,14.20086495721623
2011-12-24 08:00:00,42.98613207564423
2011-12-24 09:00:00,67.01786832715312
2011-12-24 10:00:00,112.62088988460582
2011-12-24 11:00:00,161.9163920203266
2011-12-24 12:00:00,228.83130462510448
2011-12-24 13:00:00,222.53824130238382
2011-12-24 14:00:00,203.82909731037307
2011-12-24 15:00:00,202.92498709215388
2011-12-24 16:00:00,198.5163109196601
2011-12-24 17:00:00,121.59293561432507
2011-12-24 18:00:00,122.51083446009773
2011-12-24 19:00:00,95.21204745120892
2011-12-24 20:00:00,73.20299200589355
2011-12-24 21:00:00,66.12418047942073
2011-12-24 22:00:00,51.47885313936275
2011-12-24 23:00:00,40.69255079645024
2011-12-25 00:00:00,43.88613075997266
2011-12-25 01:00:00,36.101352088630264
2011-12-25 02:00:00,27.66398853119894
2011-12-25 03:00:00,12.405868770213326
2011-12-25 05:00:00,2.9561733731329674
2011-12-25 06:00:00,4.882699718452621
2011-12-25 07:00:00,11.283519581237657
2011-12-25 08:00:00,29.440552668655403
2011-12-25 09:00:00,75.56831386671469
2011-12-25 10:00:00,93.12546464277195
2011-12-25 11:00:00,159.0796197131722
2011-12-25 12:00:00,134.02923647517068
2011-12-25 13:00:00,151.2468901793153
2011-12-25 14:00:00,141.0975693608513
2011-12-25 15:00:00,164.71338895480162
2011-12-25 16:00:00,185.4689021942118
2011-12-25 17:00:00,111.09612597209191
2011-12-25 18:00:00,83.69627600283019
2011-12-25 19:00:00,85.90312175868424
2011-12-25 20:00:00,76.4678055135803
2011-12-25 21:00:00,58.53589334708597
2011-12-25 22:00:00,38.20224938726734
2011-12-25 23:00:00,22.894805191721233
2011-12-26 00:00:00,25.280658619586905
2011-12-26 01:00:00,19.138914121501895
2011-12-26 02:00:00,14.55069163803447
2011-12-26 04:00:00,3.9437714041232494
2011-12-26 05:00:00,3.9461541655789945
2011-12-26 06:00:00,9.138459596927179
2011-12-26 07:00:00,24.605242631396816
2011-12-26 08:00:00,64.95000635446394
2011-12-26 09:00:00,90.54512441572537
2011-12-26 10:00:00,105.49543672875244
2011-12-26 11:00:00,131.5717982924569
2011-12-26 12:00:00,177.23473706904014
2011-12-26 13:00:00,218.66150598102345
2011-12-26 14:00:00,190.43047100903019
2011-12-26 15:00:00,206.24937729174098
2011-12-26 16:00:00,192.49532639386138
2011-12-26 17:00:00,175.44838320837331
2011-12-26 18:00:00,157.24027395432446
2011-12-26 19:00:00,126.83171157589076
2011-12-26 20:00:00,111.92609958333885
2011-12-26 21:00:00,63.36102305230764
2011-12-26 22:00:00,48.21561867011238
2011-12-26 23:00:00,29.592205645205553
2011-12-27 00:00:00,15.671290690612814
2011-12-27 01:00:00,7.464405810487508
2011-12-27 02:00:00,3.9809261826340103
2011-12-27 03:00:00,3.2717772892779355
2011-12-27 04:00:00,3.057046279828491
2011-12-27 05:00:00,14.133685871098388
2011-12-27 06:00:00,78.0430764542806
2011-12-27 07:00:00,186.7600152341847
2011-12-27 08:00:00,369.9833165813338
2011-12-27 09:00:00,117.94101284694189
2011-12-27 10:00:00,90.85508970372733
2011-12-27 11:00:00,67.22496372470908
2011-12-27 12:00:00,59.15134403248091
2011-12-27 13:00:00,54.046483849811374
2011-12-27 14:00:00,52.02831963158125
2011-12-27 15:00:00,54.80989693239505
2011-12-27 16:00:00,73.1941408951029
2011-12-27 17:00:00,219.45224780173174
2011-12-27 18:00:00,278.0855206331152
2011-12-27 19:00:00,192.4665129718093
2011-12-27 20:00:00,113.71736120534766
2011-12-27 21:00:00,101.98826769912041
2011-12-27 22:00:00,72.34493834628627
2011-12-27 23:00:00,41.58681234260208
2011-12-28 00:00:00,18.12077048345167
2011-12-28 01:00:00,9.285472215779057
2011-12-28 02:00:00,5.123213238339861
2011-12-28 03:00:00,3.5245320620872227
2011-12-28 05:00:00,14.631623245108987
2011-12-28 06:00:00,81.80966310428666
2011-12-28 07:00:00,225.79130990782855
2011-12-28 08:00:00,351.1961462030037
2011-12-28 09:00:00,181.41135451563713
2011-12-28 10:00:00,103.34577317250746
2011-12-28 11:00:00,98.71856760665534
2011-12-28 12:00:00,109.64047595334678
2011-12-28 13:00:00,107.04645288624121
2011-12-28 14:00:00,95.81757858968555
2011-12-28 15:00:00,102.25190972077637
2011-12-28 16:00:00,144.85316994491112
2011-12-28 17:00:00,279.4254100016341
2011-12-28 18:00:00,242.76746296967235
2011-12-28 19:00:00,172.27126739547205
2011-12-28 20:00:00,117.29300862839072
2011-12-28 21:00:00,79.16903675413809
2011-12-28 22:00:00,59.47289131876307
2011-12-28 23:00:00,37.568041134807594
2011-12-29 00:00:00,15.177742587712661
2011-12-29 01:00:00,6.767336238955613
2011-12-29 02:00:00,3.7456586428003926
2011-12-29 03:00:00,1.971085378393841
2011-12-29 04:00:00,2.2481535740295584
2011-12-29 05:00:00,12.976725971402315
2011-12-29 06:00:00,58.92745659838733
2011-12-29 07:00:00,175.52587081639203
2011-12-29 08:00:00,286.3804434594537
2011-12-29 09:00:00,166.00188770641668
2011-12-29 10:00:00,78.20867801856808
2011-12-29 11:00:00,92.67877650649167
2011-12-29 12:00:00,104.81744574816935
2011-12-29 13:00:00,103.88158391481278
2011-12-29 14:00:00,94.22663441578061
2011-12-29 15:00:00,102.77524471023796
2011-12-29 16:00:00,158.17868522704887
2011-12-29 17:00:00,323.65471390518366
2011-12-29 18:00:00,300.3693791125156
2011-12-29 19:00:00,220.67577934162932
2011-12-29 20:00:00,157.8830149205932
2011-12-29 21:00:00,111.37170176654851
2011-12-29 22:00:00,97.57695757135774
2011-12-29 23:00:00,64.19112798267004
2011-12-30 00:00:00,38.557338284165546
2011-12-30 01:00:00,14.650932172464394
2011-12-30 02:00:00,8.391741659750693
2011-12-30 03:00:00,4.890153916067816
2011-12-30 04:00:00,3.7179034146016483
2011-12-30 05:00:00,14.979973107329632
2011-12-30 06:00:00,70.76449600522359
2011-12-30 07:00:00,196.32794181259098
2011-12-30 08:00:00,340.5716449337241
2011-12-30 09:00:00,227.2327211770821
2011-12-30 10:00:00,121.8677173232206
2011-12-30 11:00:00,131.22712016510988
2011-12-30 12:00:00,159.64182553079635
2011-12-30 13:00:00,155.58053665951587
2011-12-30 14:00:00,153.30999097429788
2011-12-30 15:00:00,218.53895867786997
2011-12-30 16:00:00,281.08544549798404
2011-12-30 17:00:00,398.8373906633516
2011-12-30 18:00:00,325.0270233754436
2011-12-30 19:00:00,153.79278533957947
2011-12-30 20:00:00,143.09543250541728
2011-12-30 21:00:00,114.74152447881974
2011-12-30 22:00:00,100.78650744724781
2011-12-30 23:00:00,76.07396180935933
2011-12-31 00:00:00,44.38668150970739
2011-12-31 01:00:00,34.2428249967701
2011-12-31 02:00:00,22.110276566254218
2011-12-31 03:00:00,9.10211944020734
2011-12-31 04:00:00,3.646725019749133
2011-12-31 05:00:00,3.2832210985904284
2011-12-31 06:00:00,8.663719745698055
2011-12-31 07:00:00,10.957955968151074
2011-12-31 08:00:00,59.25441475226448
2011-12-31 09:00:00,97.74259575980989
2011-12-31 10:00:00,175.37722458246634
2011-12-31 11:00:00,238.1165933746892
2011-12-31 12:00:00,425.471152772327
2011-12-31 13:00:00,308.46245078458054
2011-12-31 14:00:00,251.88535586914995
2011-12-31 15:00:00,231.31528080324244
2011-12-31 16:00:00,220.24948887170007
2011-12-31 17:00:00,203.13418599300206
2011-12-31 18:00:00,185.23147154371756
2011-12-31 19:00:00,150.06281716894762
2011-12-31 20:00:00,135.65101881991862
2011-12-31 21:00:00,98.1176551514269
2011-12-31 22:00:00,84.34612442758574
2011-12-31 23:00:00,63.47552129942208
2012-01-20 00:00:00,21.41089344581517
2012-01-20 01:00:00,12.451657605359985
2012-01-20 02:00:00,6.872663329494653
2012-01-20 03:00:00,3.695307600280863
2012-01-20 04:00:00,2.838273255920986
2012-01-20 05:00:00,13.722319938419615
2012-01-20 06:00:00,54.326534091217745
2012-01-20 07:00:00,150.50878930641633
2012-01-20 08:00:00,269.0479378301639
2012-01-20 09:00:00,147.3626865734847
2012-01-20 10:00:00,77.02570780673427
2012-01-20 11:00:00,56.93220651695733
2012-01-20 12:00:00,70.28576378256368
2012-01-20 13:00:00,85.990306085056
2012-01-20 14:00:00,73.83290504624021
2012-01-20 15:00:00,85.72810225833
2012-01-20 16:00:00,107.95176377575271
2012-01-20 17:00:00,177.02905923823616
2012-01-20 18:00:00,155.58856675947976
2012-01-20 19:00:00,113.62419426794358
2012-01-20 20:00:00,70.78537043925758
2012-01-20 21:00:00,59.12611824929197
2012-01-20 22:00:00,44.80491244191901
2012-01-20 23:00:00,18.396667568220714
2012-01-21 00:00:00,21.886356853937404
2012-01-21 01:00:00,13.27736545288621
2012-01-21 02:00:00,11.198915963301962
2012-01-21 03:00:00,5.320199026922094
2012-01-21 04:00:00,1.9269860232550797
2012-01-21 05:00:00,1.8096253460816236
2012-01-21 06:00:00,2.8251352818868196
2012-01-21 07:00:00,5.642772664775549
2012-01-21 08:00:00,22.58609779437814
2012-01-21 09:00:00,40.11285382001071
2012-01-21 10:00:00,33.121451450618025
2012-01-21 11:00:00,81.43773414706136
2012-01-21 12:00:00,84.21165933285832
2012-01-21 13:00:00,65.03131332194657
2012-01-21 14:00:00,41.306299196855775
2012-01-21 15:00:00,41.78022262408217
2012-01-21 16:00:00,57.676556901550654
2012-01-21 17:00:00,41.90857967195246
2012-01-21 18:00:00,43.03043869023866
2012-01-21 19:00:00,33.834748174507276
2012-01-21 20:00:00,33.488254636868824
2012-01-21 21:00:00,38.97426888582705
2012-01-21 22:00:00,28.438752579270467
2012-01-21 23:00:00,21.377908900294795
2012-01-22 00:00:00,26.71003889811975
2012-01-22 01:00:00,19.48699625705838
2012-01-22 02:00:00,16.902078618266444
2012-01-22 03:00:00,7.908511136681425
2012-01-22 04:00:00,1.727527087360431
2012-01-22 05:00:00,1.5918944282412575
2012-01-22 06:00:00,3.164675523937838
2012-01-22 07:00:00,6.51876574722497
2012-01-22 08:00:00,18.58848819645134
2012-01-22 09:00:00,39.160463654363355
2012-01-22 10:00:00,57.33714358544251
2012-01-22 11:00:00,47.70797831156368
2012-01-22 12:00:00,75.55138013244259
2012-01-22 13:00:00,85.35622669986562
2012-01-22 14:00:00,79.74902145330334
2012-01-22 15:00:00,70.62674649989388
2012-01-22 16:00:00,68.58893101596071
2012-01-22 17:00:00,55.1941350057753
2012-01-22 18:00:00,39.00707027363445
2012-01-22 19:00:00,33.454297818959915
2012-01-22 20:00:00,26.416612325882898
2012-01-22 21:00:00,21.225079169847593
2012-01-22 22:00:00,19.79490314806341
2012-01-22 23:00:00,15.386736448722925
2012-01-23 00:00:00,9.202985120560001
2012-01-23 01:00:00,4.6653825237881446
2012-01-23 02:00:00,2.8885680103305775
2012-01-23 03:00:00,1.9316361477722654
2012-01-23 04:00:00,2.0383549556053264
2012-01-23 05:00:00,8.872817850914647
2012-01-23 06:00:00,37.82303220467324
2012-01-23 07:00:00,83.71526956393049
2012-01-23 08:00:00,188.31068349941523
2012-01-23 09:00:00,148.47301709029787
2012-01-23 10:00:00,43.78822553537644
2012-01-23 11:00:00,50.11576970353596
2012-01-23 12:00:00,52.00831074255424
2012-01-23 13:00:00,39.55757016612562
2012-01-23 14:00:00,35.60911275261052
2012-01-23 15:00:00,29.191811648776678
2012-01-23 16:00:00,84.31032707479947
2012-01-23 17:00:00,134.3628297637046
2012-01-23 18:00:00,163.3153701730675
2012-01-23 19:00:00,118.62557558497977
2012-01-23 20:00:00,63.62607558761628
2012-01-23 21:00:00,37.80309289532029
2012-01-23 22:00:00,26.900986596587483
2012-01-23 23:00:00,18.70354565521211
2012-01-24 00:00:00,7.748325118807754
2012-01-24 01:00:00,4.366922333828603
2012-01-24 02:00:00,2.6056085285725126
2012-01-24 03:00:00,2.2389343009698766
2012-01-24 04:00:00,2.1287891059584765
2012-01-24 05:00:00,8.468147745302623
2012-01-24 06:00:00,46.81015701080297
2012-01-24 07:00:00,155.13548961179478
2012-01-24 08:00:00,263.7845973390702
2012-01-24 09:00:00,163.2031227428153
2012-01-24 10:00:00,54.748375172190954
2012-01-24 11:00:00,76.65533568759007
2012-01-24 12:00:00,85.162450811558
2012-01-24 13:00:00,76.59469182254894
2012-01-24 14:00:00,74.41283992292732
2012-01-24 15:00:00,96.49348287184502
2012-01-24 16:00:00,163.49091223866375
2012-01-24 17:00:00,364.2781341943695
2012-01-24 18:00:00,359.1621445448452
2012-01-24 19:00:00,302.94125284414775
2012-01-24 20:00:00,113.77368617415732
2012-01-24 21:00:00,113.1556593067272
2012-01-24 22:00:00,58.33222213590725
2012-01-24 23:00:00,36.754289637789014
2012-01-25 00:00:00,9.330698162107955
2012-01-25 01:00:00,7.652588598312722
2012-01-25 02:00:00,4.222293281213579
2012-01-25 03:00:00,2.4025790322316856
2012-01-25 04:00:00,2.3917582258695482
2012-01-25 05:00:00,12.716339110610793
2012-01-25 06:00:00,66.35158304397093
2012-01-25 07:00:00,181.73755491721724
2012-01-25 08:00:00,352.2738796861246
2012-01-25 09:00:00,176.17706696760226
2012-01-25 10:00:00,77.61663972312377
2012-01-25 11:00:00,87.22544847473873
2012-01-25 12:00:00,112.39731333351708
2012-01-25 13:00:00,104.88368352317798
2012-01-25 14:00:00,95.83182804075243
2012-01-25 15:00:00,118.95426752028817
2012-01-25 16:00:00,153.41905314787132
2012-01-25 17:00:00,330.1307948096107
2012-01-25 18:00:00,232.46306820064072
2012-01-25 19:00:00,211.29050398335107
2012-01-25 20:00:00,134.88424575870994
2012-01-25 21:00:00,90.56143252919725
2012-01-25 22:00:00,71.83253925667667
2012-01-25 23:00:00,37.75301544913029
2012-01-26 00:00:00,20.78237226626807
2012-01-26 01:00:00,8.703933333244493
2012-01-26 02:00:00,5.12714106787309
2012-01-26 03:00:00,3.194628525123408
2012-01-26 04:00:00,3.296548458312916
2012-01-26 05:00:00,16.35936204214865
2012-01-26 06:00:00,80.52756894202699
2012-01-26 07:00:00,257.23328599945046
2012-01-26 08:00:00,431.72444175327405
2012-01-26 09:00:00,194.57918107292485
2012-01-26 10:00:00,86.1607239123066
2012-01-26 11:00:00,83.04082803173206
2012-01-26 12:00:00,97.72910626787483
2012-01-26 13:00:00,118.08914277454247
2012-01-26 14:00:00,109.01548937571258
2012-01-26 15:00:00,128.22140738390257
2012-01-26 16:00:00,166.25602127439757
2012-01-26 17:00:00,362.90147263822155
2012-01-26 18:00:00,353.58163107414333
2012-01-26 19:00:00,218.7738231044488
2012-01-26 20:00:00,160.28660329627604
2012-01-26 21:00:00,123.66645781600978
2012-01-26 22:00:00,120.46653093633626
2012-01-26 23:00:00,61.2657756154786
2012-01-27 00:00:00,30.699497850645173
2012-01-27 01:00:00,14.283565030459217
2012-01-27 02:00:00,9.285692133843229
2012-01-27 03:00:00,3.2603141797541544
2012-01-27 04:00:00,1.8951699095641295
2012-01-27 05:00:00,11.107692274784807
2012-01-27 06:00:00,35.33436829509886
2012-01-27 07:00:00,106.65332010758794
2012-01-27 08:00:00,187.10798351909952
2012-01-27 09:00:00,109.6381798458987
2012-01-27 10:00:00,40.91838191238037
2012-01-27 11:00:00,95.3116085066304
2012-01-27 12:00:00,138.49109111594268
2012-01-27 13:00:00,202.8971120550941
2012-01-27 14:00:00,161.37229296016363
2012-01-27 15:00:00,176.40540065557198
2012-01-27 16:00:00,251.40541771152465
2012-01-27 17:00:00,350.9805007383149
2012-01-27 18:00:00,280.43176202273884
2012-01-27 19:00:00,204.89761144974437
2012-01-27 20:00:00,127.69736811450144
2012-01-27 21:00:00,102.04332863295869
2012-01-27 22:00:00,92.05975065477288
2012-01-27 23:00:00,61.17078550854195
2012-01-28 00:00:00,46.882182048128044
2012-01-28 01:00:00,42.161287073419096
2012-01-28 02:00:00,22.91413881673127
2012-01-28 03:00:00,10.610716020772406
2012-01-28 04:00:00,2.7930859945651365
2012-01-28 05:00:00,2.7258843156595947
2012-01-28 06:00:00,5.456351219816331
2012-01-28 07:00:00,10.363112556607248
2012-01-28 08:00:00,38.01928057328703
2012-01-28 09:00:00,57.873923683224284
2012-01-28 10:00:00,103.80495112105798
2012-01-28 11:00:00,167.7200403178802
2012-01-28 12:00:00,132.33484183204132
2012-01-28 13:00:00,178.47179690526485
2012-01-28 14:00:00,175.51300498169485
2012-01-28 15:00:00,192.80334645234495
2012-01-28 16:00:00,231.5038607399988
2012-01-28 17:00:00,175.88343066257676
2012-01-28 18:00:00,165.340947616607
2012-01-28 19:00:00,80.8313551220749
2012-01-28 20:00:00,95.63353758813969
2012-01-28 21:00:00,80.20016814193613
2012-01-28 22:00:00,76.56748941821934
2012-01-28 23:00:00,50.724164961384815
2012-01-29 00:00:00,52.50214241672729
2012-01-29 01:00:00,33.71013600578748
2012-01-29 02:00:00,25.32532419542333
2012-01-29 03:00:00,10.963293759466172
2012-01-29 04:00:00,2.964424546020684
2012-01-29 05:00:00,2.5783383906765196
2012-01-29 06:00:00,4.91320378873146
2012-01-29 07:00:00,10.082883002743392
2012-01-29 08:00:00,27.375418307992575
2012-01-29 09:00:00,55.27910276042825
2012-01-29 10:00:00,114.20898293451303
2012-01-29 11:00:00,119.98835257632545
2012-01-29 12:00:00,167.2825012735585
2012-01-29 13:00:00,159.68662757380653
2012-01-29 14:00:00,144.97322775842113
2012-01-29 15:00:00,172.56835166586436
2012-01-29 16:00:00,148.8874823764504
2012-01-29 17:00:00,109.04450539351642
2012-01-29 18:00:00,90.3577439105235
2012-01-29 19:00:00,71.27482122679424
2012-01-29 20:00:00,64.80543128895916
2012-01-29 21:00:00,49.71410381117273
2012-01-29 22:00:00,35.43028360850815
2012-01-29 23:00:00,24.930459111550967
2012-01-30 00:00:00,11.892682570487779
2012-01-30 01:00:00,5.212286611394396
2012-01-30 02:00:00,2.413128732450896
2012-01-30 03:00:00,2.074222149666273
2012-01-30 04:00:00,1.9912932107974533
2012-01-30 05:00:00,9.31649209789121
2012-01-30 06:00:00,36.583121449009305
2012-01-30 07:00:00,107.61948998726872
2012-01-30 08:00:00,183.31348612711307
2012-01-30 09:00:00,97.75583506684316
2012-01-30 10:00:00,53.00913100584093
2012-01-30 11:00:00,74.96366469377486
2012-01-30 12:00:00,91.69999586117694
2012-01-30 13:00:00,97.0080660410203
2012-01-30 14:00:00,92.43157317745698
2012-01-30 15:00:00,94.82338176378573
2012-01-30 16:00:00,149.39406823754405
2012-01-30 17:00:00,310.7784459962205
2012-01-30 18:00:00,277.66101336803956
2012-01-30 19:00:00,176.0094634034228
2012-01-30 20:00:00,116.15398891109112
2012-01-30 21:00:00,82.33478745032616
2012-01-30 22:00:00,48.018843951934606
2012-01-30 23:00:00,29.847403110892458
2012-01-31 00:00:00,14.833880430001189
2012-01-31 01:00:00,6.2881892315461405
2012-01-31 02:00:00,3.641224886657985
2012-01-31 03:00:00,2.585224365987548
2012-01-31 04:00:00,2.750530248306393
2012-01-31 05:00:00,14.005248815204226
2012-01-31 06:00:00,72.71107837427486
2012-01-31 07:00:00,195.61975291949418
2012-01-31 08:00:00,403.5052667719054
2012-01-31 09:00:00,181.20718327213592
2012-01-31 10:00:00,81.84085891982065
2012-01-31 11:00:00,102.29637559168557
2012-01-31 12:00:00,126.3198977216619
2012-01-31 13:00:00,176.70144989000295
2012-01-31 14:00:00,135.79480693324797
2012-01-31 15:00:00,157.98472326812245
2012-01-31 16:00:00,227.5140960223908
2012-01-31 17:00:00,462.077282497067
2012-01-31 18:00:00,445.3914844377893
2012-01-31 19:00:00,288.82095238343385
2012-01-31 20:00:00,178.92400250820455
2012-01-31 21:00:00,163.35226479549732
2012-01-31 22:00:00,107.93185833228053
2012-01-31 23:00:00,67.0134581741477
2012-02-20 00:00:00,29.705608397922337
2012-02-20 01:00:00,21.451594463067973
2012-02-20 02:00:00,16.415344060242386
2012-02-20 03:00:00,6.822636958025526
2012-02-20 05:00:00,3.385058603453775
2012-02-20 06:00:00,7.329494535744868
2012-02-20 07:00:00,20.671065806924194
2012-02-20 08:00:00,54.3936353082138
2012-02-20 09:00:00,84.74669597942554
2012-02-20 10:00:00,84.23825170491084
2012-02-20 11:00:00,169.2920817881373
2012-02-20 12:00:00,216.24168203692935
2012-02-20 13:00:00,212.42296935651797
2012-02-20 14:00:00,219.02555092118993
2012-02-20 15:00:00,196.61864275327582
2012-02-20 16:00:00,201.9080952751177
2012-02-20 17:00:00,194.16449022573025
2012-02-20 18:00:00,188.7627419653452
2012-02-20 19:00:00,144.29216060836086
2012-02-20 20:00:00,126.86747761143339
2012-02-20 21:00:00,80.44117104309683
2012-02-20 22:00:00,65.4725615286346
2012-02-20 23:00:00,33.988354417982954
2012-02-21 00:00:00,10.774064850384468
2012-02-21 01:00:00,6.023552383928368
2012-02-21 02:00:00,2.8089497760606843
2012-02-21 04:00:00,1.304834437905801
2012-02-21 05:00:00,7.026729090561481
2012-02-21 06:00:00,37.09863057213436
2012-02-21 07:00:00,126.907214441637
2012-02-21 08:00:00,288.6802529582253
2012-02-21 09:00:00,155.25014981603172
2012-02-21 10:00:00,76.04066134502756
2012-02-21 11:00:00,77.46886703896294
2012-02-21 12:00:00,112.70592727032482
2012-02-21 13:00:00,102.98581706978078
2012-02-21 14:00:00,101.52517966734145
2012-02-21 15:00:00,99.27921348580904
2012-02-21 16:00:00,161.69874604492506
2012-02-21 17:00:00,326.93529773024136
2012-02-21 18:00:00,315.220767421517
2012-02-21 19:00:00,215.7153153056516
2012-02-21 20:00:00,157.66924657776235
2012-02-21 21:00:00,108.57650800770392
2012-02-21 22:00:00,70.59119221049883
2012-02-21 23:00:00,42.882589386053475
2012-02-22 00:00:00,16.921075669735753
2012-02-22 01:00:00,8.08902724841293
2012-02-22 02:00:00,3.488944191583146
2012-02-22 03:00:00,2.4259778975897497
2012-02-22 04:00:00,2.498064273212508
2012-02-22 05:00:00,13.74987257100493
2012-02-22 06:00:00,63.17468056727515
2012-02-22 07:00:00,223.65934854811516
2012-02-22 08:00:00,404.3433687167062
2012-02-22 09:00:00,220.02538587818665
2012-02-22 10:00:00,97.97369828805968
2012-02-22 11:00:00,97.86173570374515
2012-02-22 12:00:00,126.02133985276906
2012-02-22 13:00:00,146.77990664254042
2012-02-22 14:00:00,126.19518748030073
2012-02-22 15:00:00,115.07703101428963
2012-02-22 16:00:00,163.34848964429543
2012-02-22 17:00:00,342.6924661241981
2012-02-22 18:00:00,366.7479168350037
2012-02-22 19:00:00,266.0117342935643
2012-02-22 20:00:00,181.5799783687397
2012-02-22 21:00:00,117.38203980509921
2012-02-22 22:00:00,105.45777124814235
2012-02-22 23:00:00,59.954217976521875
2012-02-23 00:00:00,22.47471951839345
2012-02-23 01:00:00,8.369342648054763
2012-02-23 02:00:00,4.146039467384525
2012-02-23 03:00:00,2.1252565878791065
2012-02-23 04:00:00,2.433952819975582
2012-02-23 05:00:00,13.460015510300137
2012-02-23 06:00:00,87.98822257738526
2012-02-23 07:00:00,268.9496350075796
2012-02-23 08:00:00,508.46105906688683
2012-02-23 09:00:00,237.7946308931118
2012-02-23 10:00:00,117.72103284141957
2012-02-23 11:00:00,120.24521795062697
2012-02-23 12:00:00,152.13148650143222
2012-02-23 13:00:00,147.7953878701434
2012-02-23 14:00:00,139.38883639463202
2012-02-23 15:00:00,148.37794548145942
2012-02-23 16:00:00,212.47552923654973
2012-02-23 17:00:00,382.24069586293405
2012-02-23 18:00:00,428.21694046776855
2012-02-23 19:00:00,267.10436731243414
2012-02-23 20:00:00,228.60046309071916
2012-02-23 21:00:00,147.97659117807177
2012-02-23 22:00:00,130.49171239267736
2012-02-23 23:00:00,91.98238248463485
2012-02-24 00:00:00,34.67144539917446
2012-02-24 01:00:00,17.654053410946492
2012-02-24 02:00:00,7.000638373959878
2012-02-24 03:00:00,5.730768115113119
2012-02-24 04:00:00,4.136550942644626
2012-02-24 05:00:00,14.865949328845558
2012-02-24 06:00:00,69.43389965807167
2012-02-24 07:00:00,168.36113268883662
2012-02-24 08:00:00,293.2230535820071
2012-02-24 09:00:00,145.87392925340174
2012-02-24 10:00:00,80.25118612959646
2012-02-24 11:00:00,121.96265557010835
2012-02-24 12:00:00,150.41043154032633
2012-02-24 13:00:00,165.7920664243677
2012-02-24 14:00:00,132.80602533008872
2012-02-24 15:00:00,97.30610825958264
2012-02-24 16:00:00,140.4510496007892
2012-02-24 17:00:00,206.7465317255266
2012-02-24 18:00:00,217.9115744813048
2012-02-24 19:00:00,188.63000769767865
2012-02-24 20:00:00,138.7178241881467
2012-02-24 21:00:00,102.54749302763376
2012-02-24 22:00:00,95.32452055017123
2012-02-24 23:00:00,69.63191733922645
2012-02-25 00:00:00,64.85943371129876
2012-02-25 01:00:00,43.685782796294035
2012-02-25 02:00:00,36.54720420566571
2012-02-25 03:00:00,12.8855928101853
2012-02-25 04:00:00,3.240735931546263
2012-02-25 05:00:00,3.46029459323412
2012-02-25 06:00:00,8.105149977715952
2012-02-25 07:00:00,17.182164507824368
2012-02-25 08:00:00,48.23928471712765
2012-02-25 09:00:00,50.42069696656816
2012-02-25 10:00:00,128.79234823720438
2012-02-25 11:00:00,148.87101389047461
2012-02-25 12:00:00,157.8540965445591
2012-02-25 13:00:00,167.985906328505
2012-02-25 14:00:00,146.79315079783692
2012-02-25 15:00:00,160.3247092406682
2012-02-25 16:00:00,140.9243685941845
2012-02-25 17:00:00,131.72643535085604
2012-02-25 18:00:00,83.47504638531517
2012-02-25 19:00:00,70.61601306895422
2012-02-25 20:00:00,52.42508979486364
2012-02-25 21:00:00,60.74419157199043
2012-02-25 22:00:00,46.95078618553863
2012-02-25 23:00:00,39.78898181461794
2012-02-26 00:00:00,41.59360014011426
2012-02-26 01:00:00,32.95658166756719
2012-02-26 02:00:00,27.00308139080031
2012-02-26 03:00:00,12.431625676533061
2012-02-26 04:00:00,3.1658057659382304
2012-02-26 05:00:00,2.1165390387740537
2012-02-26 06:00:00,3.3510151079330055
2012-02-26 07:00:00,8.828267529301439
2012-02-26 08:00:00,25.11481046240544
2012-02-26 09:00:00,60.384832774104325
2012-02-26 10:00:00,125.446256504279
2012-02-26 11:00:00,141.64083174412042
2012-02-26 12:00:00,226.05802741419691
2012-02-26 13:00:00,235.03020870365626
2012-02-26 14:00:00,197.67744680530834
2012-02-26 15:00:00,200.92729118712475
2012-02-26 16:00:00,192.51693719756167
2012-02-26 17:00:00,140.5111132942849
2012-02-26 18:00:00,108.59117543726603
2012-02-26 19:00:00,92.25623991534405
2012-02-26 20:00:00,79.50808106308241
2012-02-26 21:00:00,69.59536536343865
2012-02-26 22:00:00,47.97891512184064
2012-02-26 23:00:00,30.539125989940896
2012-02-27 00:00:00,13.879251622965226
2012-02-27 01:00:00,5.085496697581997
2012-02-27 02:00:00,3.2458848847038633
2012-02-27 03:00:00,2.1972627369546966
2012-02-27 04:00:00,2.3185665627787917
2012-02-27 05:00:00,10.802166885472165
2012-02-27 06:00:00,41.446743448358134
2012-02-27 07:00:00,149.65102873039405
2012-02-27 08:00:00,351.44297823605143
2012-02-27 09:00:00,181.92923228652495
2012-02-27 10:00:00,81.19528136107691
2012-02-27 11:00:00,89.54314378129149
2012-02-27 12:00:00,119.64288715594948
2012-02-27 13:00:00,125.241534626886
2012-02-27 14:00:00,123.30204680965994
2012-02-27 15:00:00,111.65660789802578
2012-02-27 16:00:00,152.5593419349787
2012-02-27 17:00:00,284.85397437638176
2012-02-27 18:00:00,285.3192281354603
2012-02-27 19:00:00,188.15046101932046
2012-02-27 20:00:00,133.20556809617406
2012-02-27 21:00:00,106.70405567807212
2012-02-27 22:00:00,85.30686026507334
2012-02-27 23:00:00,55.301795903174245
2012-02-28 00:00:00,24.706596217422476
2012-02-28 01:00:00,7.681523197010098
2012-02-28 02:00:00,4.973743313199325
2012-02-28 03:00:00,1.7022256977686574
2012-02-28 04:00:00,1.9087405497524632
2012-02-28 05:00:00,10.20302054798684
2012-02-28 06:00:00,58.82206413669435
2012-02-28 07:00:00,192.79451608730892
2012-02-28 08:00:00,339.97216889461515
2012-02-28 09:00:00,177.04860244333358
2012-02-28 10:00:00,83.2391897265487
2012-02-28 11:00:00,93.62176027487116
2012-02-28 12:00:00,125.71235492160245
2012-02-28 13:00:00,111.72800990553009
2012-02-28 14:00:00,116.21572497927122
2012-02-28 15:00:00,135.98993423012686
2012-02-28 16:00:00,192.34582331896095
2012-02-28 17:00:00,396.45179936226424
2012-02-28 18:00:00,373.56190948377713
2012-02-28 19:00:00,242.50469111008238
2012-02-28 20:00:00,149.0209666162531
2012-02-28 21:00:00,116.06185769114123
2012-02-28 22:00:00,87.380742373758
2012-02-28 23:00:00,51.95878777751198
2012-02-29 00:00:00,21.876551720616856
2012-02-29 01:00:00,8.937271844457186
2012-02-29 02:00:00,4.549887005792638
2012-02-29 03:00:00,2.6325706882192574
2012-02-29 05:00:00,11.285517064914295
2012-02-29 06:00:00,70.09141657192079
2012-02-29 07:00:00,238.19129070379253
2012-02-29 08:00:00,439.3034417462546
2012-02-29 09:00:00,132.00129338243292
2012-02-29 10:00:00,53.90106316011507
2012-02-29 11:00:00,47.58580091188978
2012-02-29 12:00:00,32.184518692150434
2012-02-29 13:00:00,50.489360821977456
2012-02-29 14:00:00,45.19080360466269
2012-02-29 15:00:00,96.51734534700506
2012-02-29 16:00:00,95.84160011262286
2012-02-29 17:00:00,275.11585417679345
2012-02-29 18:00:00,195.83521503043636
2012-02-29 19:00:00,205.55166750403575
2012-02-29 20:00:00,86.92506726832256
2012-02-29 21:00:00,67.21780030179077
2012-02-29 22:00:00,44.78062217815757
2012-02-29 23:00:00,30.50750522757766
2012-03-20 00:00:00,31.793779314494454
2012-03-20 01:00:00,12.056878558540635
2012-03-20 02:00:00,6.425829359098235
2012-03-20 03:00:00,4.145141392918785
2012-03-20 04:00:00,4.423432477398126
2012-03-20 05:00:00,17.070815518913562
2012-03-20 06:00:00,80.02790152591348
2012-03-20 07:00:00,138.21302582015963
2012-03-20 08:00:00,558.8473405645492
2012-03-20 09:00:00,308.91394786509755
2012-03-20 10:00:00,142.12182750166966
2012-03-20 11:00:00,196.77694073016877
2012-03-20 12:00:00,223.09006650893005
2012-03-20 13:00:00,218.97904603696608
2012-03-20 14:00:00,183.52744073762415
2012-03-20 15:00:00,191.33213237889942
2012-03-20 16:00:00,287.834366467844
2012-03-20 17:00:00,627.3336226844748
2012-03-20 18:00:00,573.7814675013154
2012-03-20 19:00:00,456.85910024628197
2012-03-20 20:00:00,294.16464727986653
2012-03-20 21:00:00,239.55275429798942
2012-03-20 22:00:00,171.41058255509887
2012-03-20 23:00:00,70.91720490272114
2012-03-21 00:00:00,26.190707895656622
2012-03-21 01:00:00,14.566066221579817
2012-03-21 02:00:00,5.279877913691431
2012-03-21 03:00:00,3.0102770962095926
2012-03-21 04:00:00,3.467790325475886
2012-03-21 05:00:00,16.623273535094008
2012-03-21 06:00:00,68.6737892340513
2012-03-21 07:00:00,113.8761677652014
2012-03-21 08:00:00,202.8188737623231
2012-03-21 09:00:00,200.85166708984912
2012-03-21 10:00:00,108.56937905617754
2012-03-21 11:00:00,119.97821052555176
2012-03-21 12:00:00,205.73517182927768
2012-03-21 13:00:00,160.3129578982104
2012-03-21 14:00:00,186.59797061235128
2012-03-21 15:00:00,188.9708227971981
2012-03-21 16:00:00,296.8757456418151
2012-03-21 17:00:00,594.815543876563
2012-03-21 18:00:00,572.7026718940639
2012-03-21 19:00:00,435.70116588645163
2012-03-21 20:00:00,339.42736009517324
2012-03-21 21:00:00,218.68756513568553
2012-03-21 22:00:00,132.6240493054427
2012-03-21 23:00:00,121.58104147435623
2012-03-22 00:00:00,42.80276846691902
2012-03-22 01:00:00,19.32215571882525
2012-03-22 02:00:00,9.24665815819468
2012-03-22 03:00:00,5.659758827096814
2012-03-22 04:00:00,3.34115342562065
2012-03-22 05:00:00,15.03137265083701
2012-03-22 06:00:00,73.33003171962366
2012-03-22 07:00:00,244.5592025704833
2012-03-22 08:00:00,471.6946492383127
2012-03-22 09:00:00,198.45659382626928
2012-03-22 10:00:00,63.386436691522896
2012-03-22 11:00:00,95.11214932715006
2012-03-22 12:00:00,169.4559510416958
2012-03-22 13:00:00,226.14756008197162
2012-03-22 14:00:00,209.6689800304545
2012-03-22 15:00:00,211.34113354257187
2012-03-22 16:00:00,304.88819090891275
2012-03-22 17:00:00,657.6870757672253
2012-03-22 18:00:00,643.9432263721691
2012-03-22 19:00:00,505.8180392617821
2012-03-22 20:00:00,314.38505842278494
2012-03-22 21:00:00,281.1803460413479
2012-03-22 22:00:00,190.57215576094796
2012-03-22 23:00:00,127.96664139996452
2012-03-23 00:00:00,56.10421727177559
2012-03-23 01:00:00,26.77127679795164
2012-03-23 02:00:00,13.756037680445056
2012-03-23 03:00:00,7.1344592144226215
2012-03-23 04:00:00,3.906957236206963
2012-03-23 05:00:00,17.99240355442074
2012-03-23 06:00:00,83.7514193057664
2012-03-23 07:00:00,253.2742198527406
2012-03-23 08:00:00,426.36629271567637
2012-03-23 09:00:00,299.87462025266194
2012-03-23 10:00:00,160.06785309692432
2012-03-23 11:00:00,227.89249677633163
2012-03-23 12:00:00,304.9489704072674
2012-03-23 13:00:00,303.87136621652843
2012-03-23 14:00:00,306.6344675074659
2012-03-23 15:00:00,317.70704222788436
2012-03-23 16:00:00,453.2575258196038
2012-03-23 17:00:00,749.2195210332266
2012-03-23 18:00:00,600.1439027774148
2012-03-23 19:00:00,391.6232519199242
2012-03-23 20:00:00,285.97075538390436
2012-03-23 21:00:00,261.2943473238509
2012-03-23 22:00:00,187.12285857418684
2012-03-23 23:00:00,142.86771485965997
2012-03-24 00:00:00,172.20203309004208
2012-03-24 01:00:00,146.14946398373334
2012-03-24 02:00:00,120.8346768634185
2012-03-24 03:00:00,49.72904023108287
2012-03-24 04:00:00,13.53629576680774
2012-03-24 05:00:00,13.450553880286025
2012-03-24 06:00:00,32.513298501271564
2012-03-24 07:00:00,92.06719148666492
2012-03-24 08:00:00,136.00574878151247
2012-03-24 09:00:00,443.10439110311154
2012-03-24 10:00:00,304.96227015662896
2012-03-24 11:00:00,213.97114354229768
2012-03-24 12:00:00,175.78979616571155
2012-03-24 13:00:00,168.98505600383007
2012-03-24 14:00:00,156.37312619164803
2012-03-24 15:00:00,92.28959823873736
2012-03-24 16:00:00,102.85184224703967
2012-03-24 17:00:00,202.13423668694455
2012-03-24 18:00:00,123.99484022089594
2012-03-24 19:00:00,147.66541725563926
2012-03-24 20:00:00,55.76284742377116
2012-03-24 21:00:00,48.19351713200015
2012-03-24 22:00:00,42.818336645511806
2012-03-24 23:00:00,65.26308805901695
2012-03-25 00:00:00,59.688720136314664
2012-03-25 01:00:00,38.44879309582251
2012-03-25 02:00:00,18.39193578427683
2012-03-25 03:00:00,9.265833685234126
2012-03-25 04:00:00,3.8798284660987163
2012-03-25 05:00:00,3.4532129840661727
2012-03-25 06:00:00,6.680564137572374
2012-03-25 07:00:00,20.43371999380077
2012-03-25 08:00:00,48.451177170254
2012-03-25 09:00:00,102.47195598984277
2012-03-25 10:00:00,142.13049176343145
2012-03-25 11:00:00,135.42759582208862
2012-03-25 12:00:00,166.44525625853848
2012-03-25 13:00:00,344.36932266240103
2012-03-25 14:00:00,344.31107001842105
2012-03-25 15:00:00,231.8576268688292
2012-03-25 16:00:00,477.3440045685504
2012-03-25 17:00:00,509.6097303548124
2012-03-25 18:00:00,448.7963884356702
2012-03-25 19:00:00,289.35529218989717
2012-03-25 20:00:00,176.60408556286532
2012-03-25 21:00:00,192.94376633899614
2012-03-25 22:00:00,138.503150634559
2012-03-25 23:00:00,98.31381224546422
2012-03-26 00:00:00,30.367936209534836
2012-03-26 01:00:00,13.292385031339084
2012-03-26 02:00:00,5.7242109244532795
2012-03-26 03:00:00,4.506930719917561
2012-03-26 04:00:00,5.030231021852842
2012-03-26 05:00:00,25.25767770084973
2012-03-26 06:00:00,87.39743900730566
2012-03-26 07:00:00,312.0963843693643
2012-03-26 08:00:00,502.87034357081774
2012-03-26 09:00:00,262.4704526973436
2012-03-26 10:00:00,153.30638109331383
2012-03-26 11:00:00,172.67809602913104
2012-03-26 12:00:00,242.4224341658239
2012-03-26 13:00:00,221.2373845525394
2012-03-26 14:00:00,207.29065892736375
2012-03-26 15:00:00,197.25247801275515
2012-03-26 16:00:00,298.1704998585782
2012-03-26 17:00:00,551.8465081083386
2012-03-26 18:00:00,499.3803465528623
2012-03-26 19:00:00,322.1048267997678
2012-03-26 20:00:00,167.9817331031287
2012-03-26 21:00:00,106.0484542170398
2012-03-26 22:00:00,74.22276498565928
2012-03-26 23:00:00,36.90450801025677
2012-03-27 00:00:00,14.322100149394192
2012-03-27 01:00:00,6.608907412577649
2012-03-27 02:00:00,2.9511024129423125
2012-03-27 03:00:00,2.055650881712766
2012-03-27 04:00:00,2.2920841806013263
2012-03-27 05:00:00,11.76123128701719
2012-03-27 06:00:00,62.03045529215857
2012-03-27 07:00:00,216.44242095974877
2012-03-27 08:00:00,369.58760161525385
2012-03-27 09:00:00,209.05584228768353
2012-03-27 10:00:00,87.34136190706556
2012-03-27 11:00:00,95.60203966266172
2012-03-27 12:00:00,117.08524710101396
2012-03-27 13:00:00,131.06526400865386
2012-03-27 14:00:00,133.96662543930637
2012-03-27 15:00:00,148.3217831623062
2012-03-27 16:00:00,212.91490819855292
2012-03-27 17:00:00,455.5894504521447
2012-03-27 18:00:00,457.75020811696174
2012-03-27 19:00:00,314.12311933479464
2012-03-27 20:00:00,207.6394153334151
2012-03-27 21:00:00,133.58203380595918
2012-03-27 22:00:00,94.54079016203153
2012-03-27 23:00:00,57.868321916718095
2012-03-28 00:00:00,22.697832597270406
2012-03-28 01:00:00,9.008386775636
2012-03-28 02:00:00,4.154573765589883
2012-03-28 03:00:00,2.757716361564615
2012-03-28 04:00:00,2.899595473151447
2012-03-28 05:00:00,15.901926226611925
2012-03-28 06:00:00,80.26396195403048
2012-03-28 07:00:00,266.9335654823662
2012-03-28 08:00:00,410.45079305716916
2012-03-28 09:00:00,202.5919515415191
2012-03-28 10:00:00,133.84034896139448
2012-03-28 11:00:00,145.41241077019464
2012-03-28 12:00:00,213.5374277327835
2012-03-28 13:00:00,206.90846971708507
2012-03-28 14:00:00,204.42198279260998
2012-03-28 15:00:00,233.18341285278166
2012-03-28 16:00:00,212.40904695049088
2012-03-28 17:00:00,657.3574352715465
2012-03-28 18:00:00,661.0663068557128
2012-03-28 19:00:00,489.00822678578646
2012-03-28 20:00:00,328.50137558557725
2012-03-28 21:00:00,270.77629280474883
2012-03-28 22:00:00,195.73614028897245
2012-03-28 23:00:00,103.82057960309535
2012-03-29 00:00:00,41.853924178968
2012-03-29 01:00:00,20.585594077666247
2012-03-29 02:00:00,7.375188713214679
2012-03-29 03:00:00,4.180652139930744
2012-03-29 04:00:00,4.301291492337061
2012-03-29 05:00:00,22.40596784315033
2012-03-29 06:00:00,112.92439831135485
2012-03-29 07:00:00,316.36052704988543
2012-03-29 08:00:00,530.1546528086401
2012-03-29 09:00:00,266.4936179133713
2012-03-29 10:00:00,127.14216177173925
2012-03-29 11:00:00,148.88326347205543
2012-03-29 12:00:00,193.87443159877753
2012-03-29 13:00:00,172.72502962143048
2012-03-29 14:00:00,154.58484434038851
2012-03-29 15:00:00,166.62140275260546
2012-03-29 16:00:00,243.0569944069889
2012-03-29 17:00:00,539.1669578615798
2012-03-29 18:00:00,465.9938458235499
2012-03-29 19:00:00,336.5607878186671
2012-03-29 20:00:00,234.38555161165758
2012-03-29 21:00:00,177.28212082323708
2012-03-29 22:00:00,125.84207140543799
2012-03-29 23:00:00,75.00689652534224
2012-03-30 00:00:00,38.99881840683792
2012-03-30 01:00:00,16.45766195132729
2012-03-30 02:00:00,8.258087681804325
2012-03-30 03:00:00,4.373731931898337
2012-03-30 04:00:00,3.836871785065061
2012-03-30 05:00:00,14.677689143004939
2012-03-30 06:00:00,66.48324696012851
2012-03-30 07:00:00,210.14981611894655
2012-03-30 08:00:00,299.17792590337444
2012-03-30 09:00:00,243.06272581370723
2012-03-30 10:00:00,116.62284522143071
2012-03-30 11:00:00,146.25507002462092
2012-03-30 12:00:00,179.45115286361943
2012-03-30 13:00:00,103.59110984525664
2012-03-30 14:00:00,96.92025409557046
2012-03-30 15:00:00,112.45336346516586
2012-03-30 16:00:00,110.33895908957675
2012-03-30 17:00:00,318.85398044398465
2012-03-30 18:00:00,402.85002755254453
2012-03-30 19:00:00,213.5543586171354
2012-03-30 20:00:00,150.8754371612457
2012-03-30 21:00:00,110.55806217965826
2012-03-30 22:00:00,90.53051863698398
2012-03-30 23:00:00,72.89071002732881
2012-03-31 00:00:00,73.52994603047942
2012-03-31 01:00:00,50.13090297866132
2012-03-31 02:00:00,40.641293742557615
2012-03-31 03:00:00,17.78510185940377
2012-03-31 04:00:00,4.844391911196064
2012-03-31 05:00:00,6.6788271258123535
2012-03-31 06:00:00,16.537423633931684
2012-03-31 07:00:00,54.39656170148697
2012-03-31 08:00:00,94.11981245463052
2012-03-31 09:00:00,156.546133863783
2012-03-31 10:00:00,267.89188009426437
2012-03-31 11:00:00,434.179817421784
2012-03-31 12:00:00,490.9497731440942
2012-03-31 13:00:00,807.6030338744922
2012-03-31 14:00:00,360.0981592868816
2012-03-31 15:00:00,416.23168517566955
2012-03-31 16:00:00,308.8923496144323
2012-03-31 17:00:00,298.9352579189557
2012-03-31 18:00:00,196.32516330726196
2012-03-31 19:00:00,150.371461048711
2012-03-31 20:00:00,106.49205891276753
2012-03-31 21:00:00,89.5641010494997
2012-03-31 22:00:00,84.54917079273088
2012-03-31 23:00:00,54.516407405761875
2012-04-20 00:00:00,47.02822167784637
2012-04-20 01:00:00,19.87555004218505
2012-04-20 02:00:00,8.184556866670317
2012-04-20 03:00:00,4.5951601664845345
2012-04-20 04:00:00,3.238197932200952
2012-04-20 05:00:00,15.85755523996311
2012-04-20 06:00:00,72.92878555809322
2012-04-20 07:00:00,206.66898092423745
2012-04-20 08:00:00,331.92640018611206
2012-04-20 09:00:00,212.4183180663575
2012-04-20 10:00:00,135.4369354159945
2012-04-20 11:00:00,170.96863888706724
2012-04-20 12:00:00,248.76770046868094
2012-04-20 13:00:00,281.11096814727574
2012-04-20 14:00:00,268.4983402039821
2012-04-20 15:00:00,267.81006671989167
2012-04-20 16:00:00,425.64486544543723
2012-04-20 17:00:00,548.0831485878579
2012-04-20 18:00:00,457.6340578455769
2012-04-20 19:00:00,356.7879115001573
2012-04-20 20:00:00,228.44446603668803
2012-04-20 21:00:00,172.2349245924604
2012-04-20 22:00:00,151.84137585514088
2012-04-20 23:00:00,116.68685621876439
2012-04-21 00:00:00,101.03566874664179
2012-04-21 01:00:00,76.73726280390026
2012-04-21 02:00:00,67.89195491443041
2012-04-21 03:00:00,21.767015218468668
2012-04-21 04:00:00,6.84417658661609
2012-04-21 05:00:00,10.112949890996422
2012-04-21 06:00:00,25.910112632684392
2012-04-21 07:00:00,67.6457286403621
2012-04-21 08:00:00,192.9268543296184
2012-04-21 09:00:00,332.42807624189834
2012-04-21 10:00:00,314.82555454008553
2012-04-21 11:00:00,373.3727235705477
2012-04-21 12:00:00,499.1793289591344
2012-04-21 13:00:00,526.7184289312254
2012-04-21 14:00:00,529.4096170787969
2012-04-21 15:00:00,615.4517302308608
2012-04-21 16:00:00,562.8620214496439
2012-04-21 17:00:00,448.93509024026326
2012-04-21 18:00:00,314.3030162059305
2012-04-21 19:00:00,152.79382939613208
2012-04-21 20:00:00,69.51881244911978
2012-04-21 21:00:00,53.40075191233369
2012-04-21 22:00:00,88.11241259877836
2012-04-21 23:00:00,59.9950767682121
2012-04-22 00:00:00,64.0716145514157
2012-04-22 01:00:00,39.22727903737475
2012-04-22 02:00:00,44.6581241034489
2012-04-22 03:00:00,22.869909773593385
2012-04-22 04:00:00,7.403714262950062
2012-04-22 05:00:00,7.211508959960177
2012-04-22 06:00:00,14.04177038249972
2012-04-22 07:00:00,20.255295923312023
2012-04-22 08:00:00,49.43801625418207
2012-04-22 09:00:00,80.62541902014608
2012-04-22 10:00:00,88.15709216403576
2012-04-22 11:00:00,74.04403963834316
2012-04-22 12:00:00,88.26016652118406
2012-04-22 13:00:00,97.25300842060219
2012-04-22 14:00:00,74.53783860872976
2012-04-22 15:00:00,66.4837401063613
2012-04-22 16:00:00,58.83474186617585
2012-04-22 17:00:00,37.41601479368064
2012-04-22 18:00:00,33.20207840343274
2012-04-22 19:00:00,35.43320955472841
2012-04-22 20:00:00,26.058447314798492
2012-04-22 21:00:00,25.24246902890357
2012-04-22 22:00:00,15.260805195861902
2012-04-22 23:00:00,15.201850793352445
2012-04-23 00:00:00,10.059749663441
2012-04-23 01:00:00,3.2693272852535182
2012-04-23 02:00:00,2.181224707859588
2012-04-23 03:00:00,2.020821462628348
2012-04-23 04:00:00,2.055204756259704
2012-04-23 05:00:00,10.190205859591803
2012-04-23 06:00:00,48.457448798598755
2012-04-23 07:00:00,127.41128059567407
2012-04-23 08:00:00,315.4724537734561
2012-04-23 09:00:00,154.40264653338457
2012-04-23 10:00:00,68.74213810276953
2012-04-23 11:00:00,65.98573912377768
2012-04-23 12:00:00,72.86959753968236
2012-04-23 13:00:00,74.29221654601645
2012-04-23 14:00:00,67.994618636173
2012-04-23 15:00:00,88.38667137310162
2012-04-23 16:00:00,58.859419709965834
2012-04-23 17:00:00,156.64340262693298
2012-04-23 18:00:00,185.78511563747062
2012-04-23 19:00:00,155.5811858022107
2012-04-23 20:00:00,96.69179311602018
2012-04-23 21:00:00,61.71446010366238
2012-04-23 22:00:00,47.96367147890201
2012-04-23 23:00:00,28.755697416761386
2012-04-24 00:00:00,12.650827652227601
2012-04-24 01:00:00,5.379870177775676
2012-04-24 02:00:00,2.8360452265714318
2012-04-24 03:00:00,2.03563632475218
2012-04-24 04:00:00,2.5041178352462405
2012-04-24 05:00:00,14.982540535110909
2012-04-24 06:00:00,72.18808379676831
2012-04-24 07:00:00,207.24645382092393
2012-04-24 08:00:00,441.98352590087075
2012-04-24 09:00:00,214.7868610576178
2012-04-24 10:00:00,128.88504537515996
2012-04-24 11:00:00,167.4785746151776
2012-04-24 12:00:00,236.5200106979965
2012-04-24 13:00:00,216.2702959205976
2012-04-24 14:00:00,205.63949740381855
2012-04-24 15:00:00,221.96665475055192
2012-04-24 16:00:00,338.1379615081002
2012-04-24 17:00:00,672.8070484696034
2012-04-24 18:00:00,606.9956648204721
2012-04-24 19:00:00,449.45277441605646
2012-04-24 20:00:00,300.733471918968
2012-04-24 21:00:00,191.40946104665332
2012-04-24 22:00:00,143.7338381718054
2012-04-24 23:00:00,82.8518238541395
2012-04-25 00:00:00,32.23625975838112
2012-04-25 01:00:00,13.09073660682791
2012-04-25 02:00:00,4.6453296928679375
2012-04-25 03:00:00,2.447936371838702
2012-04-25 04:00:00,2.7820151499219143
2012-04-25 05:00:00,15.144153072648345
2012-04-25 06:00:00,72.26451783138697
2012-04-25 07:00:00,243.53795427003436
2012-04-25 08:00:00,411.7215489695532
2012-04-25 09:00:00,282.506892751355
2012-04-25 10:00:00,163.52423879399925
2012-04-25 11:00:00,177.58742387655502
2012-04-25 12:00:00,220.42272037519763
2012-04-25 13:00:00,230.6274394464292
2012-04-25 14:00:00,192.16752396880233
2012-04-25 15:00:00,225.29847625845082
2012-04-25 16:00:00,312.89948327693156
2012-04-25 17:00:00,616.3589419488867
2012-04-25 18:00:00,602.1540472886745
2012-04-25 19:00:00,447.44286261756747
2012-04-25 20:00:00,317.15279393334737
2012-04-25 21:00:00,188.0892535975842
2012-04-25 22:00:00,127.63669049047424
2012-04-25 23:00:00,80.61727865405099
2012-04-26 00:00:00,27.498323101936357
2012-04-26 01:00:00,16.200037040334212
2012-04-26 02:00:00,7.833874543451107
2012-04-26 03:00:00,4.161674866389338
2012-04-26 04:00:00,4.4792144071441315
2012-04-26 05:00:00,23.87526979353606
2012-04-26 06:00:00,101.18454096789621
2012-04-26 07:00:00,143.35489815093902
2012-04-26 08:00:00,295.3584219488398
2012-04-26 09:00:00,106.84791876835655
2012-04-26 10:00:00,58.467964765594054
2012-04-26 11:00:00,52.22526767903092
2012-04-26 12:00:00,124.7696652462886
2012-04-26 13:00:00,110.56359538877312
2012-04-26 14:00:00,121.70466890784108
2012-04-26 15:00:00,89.18270464396421
2012-04-26 16:00:00,150.8473218073016
2012-04-26 17:00:00,440.9092733303781
2012-04-26 18:00:00,378.27516301962805
2012-04-26 19:00:00,270.121522206799
2012-04-26 20:00:00,239.7430649185772
2012-04-26 21:00:00,154.6707517163825
2012-04-26 22:00:00,129.48835399442603
2012-04-26 23:00:00,66.59524753717764
2012-04-27 00:00:00,36.26768370729729
2012-04-27 01:00:00,20.609123350842687
2012-04-27 02:00:00,12.706374311718443
2012-04-27 03:00:00,5.652340689584532
2012-04-27 04:00:00,5.267797049872933
2012-04-27 05:00:00,26.587572568613574
2012-04-27 06:00:00,98.52857210777866
2012-04-27 07:00:00,285.96754426702734
2012-04-27 08:00:00,521.5804900104145
2012-04-27 09:00:00,331.6462921689825
2012-04-27 10:00:00,195.15648005963672
2012-04-27 11:00:00,208.84081361292493
2012-04-27 12:00:00,266.7121517608432
2012-04-27 13:00:00,278.6769740736852
2012-04-27 14:00:00,242.94977146035492
2012-04-27 15:00:00,261.46298088111075
2012-04-27 16:00:00,398.32399224502507
2012-04-27 17:00:00,676.5984478147361
2012-04-27 18:00:00,509.9308974369017
2012-04-27 19:00:00,365.85846185848214
2012-04-27 20:00:00,233.8824730544584
2012-04-27 21:00:00,189.09079898790665
2012-04-27 22:00:00,170.08287598309497
2012-04-27 23:00:00,109.80466765240729
2012-04-28 00:00:00,71.98867817104366
2012-04-28 01:00:00,47.5143388905443
2012-04-28 02:00:00,45.96122029364163
2012-04-28 03:00:00,19.28658811082476
2012-04-28 04:00:00,6.76794618913283
2012-04-28 05:00:00,8.396183835157006
2012-04-28 06:00:00,20.22728283169312
2012-04-28 07:00:00,53.51802415374248
2012-04-28 08:00:00,154.7285669140555
2012-04-28 09:00:00,214.71311515303094
2012-04-28 10:00:00,263.7151770018921
2012-04-28 11:00:00,304.46992248615334
2012-04-28 12:00:00,326.1060440211307
2012-04-28 13:00:00,342.17401410221635
2012-04-28 14:00:00,398.36747597561424
2012-04-28 15:00:00,386.43548902860005
2012-04-28 16:00:00,355.93985750725835
2012-04-28 17:00:00,314.6783066013599
2012-04-28 18:00:00,183.61342757540356
2012-04-28 19:00:00,122.76769395398345
2012-04-28 20:00:00,99.94959945900312
2012-04-28 21:00:00,70.15547463968626
2012-04-28 22:00:00,81.6518140858394
2012-04-28 23:00:00,63.23532946457397
2012-04-29 00:00:00,51.60897235143726
2012-04-29 01:00:00,50.09875958590265
2012-04-29 02:00:00,35.59416644621982
2012-04-29 03:00:00,16.486402741603644
2012-04-29 04:00:00,6.650717479204989
2012-04-29 05:00:00,5.494064064775219
2012-04-29 06:00:00,12.120093650184163
2012-04-29 07:00:00,29.454074839789474
2012-04-29 08:00:00,88.82154265794159
2012-04-29 09:00:00,156.36440322885502
2012-04-29 10:00:00,215.14042580441335
2012-04-29 11:00:00,285.41298370723473
2012-04-29 12:00:00,460.77702333094055
2012-04-29 13:00:00,455.94809431661
2012-04-29 14:00:00,489.10726956568567
2012-04-29 15:00:00,523.1435337371324
2012-04-29 16:00:00,537.4504415253197
2012-04-29 17:00:00,458.6068938849138
2012-04-29 18:00:00,392.3343659329241
2012-04-29 19:00:00,310.1103375555195
2012-04-29 20:00:00,229.09537595951133
2012-04-29 21:00:00,156.36189156237353
2012-04-29 22:00:00,105.25470481141015
2012-04-29 23:00:00,61.116251813283554
2012-04-30 00:00:00,24.9899162830473
2012-04-30 01:00:00,10.98414320777178
2012-04-30 02:00:00,6.12597110577645
2012-04-30 03:00:00,2.9623482452087213
2012-04-30 04:00:00,3.0238581899839163
2012-04-30 05:00:00,16.11349510272846
2012-04-30 06:00:00,83.15271593506846
2012-04-30 07:00:00,246.48306478856117
2012-04-30 08:00:00,445.36390026773444
2012-04-30 09:00:00,219.89482423446805
2012-04-30 10:00:00,149.6182386556872
2012-04-30 11:00:00,168.96133478123954
2012-04-30 12:00:00,180.8349404648425
2012-04-30 13:00:00,167.39195405785742
2012-04-30 14:00:00,133.51058944946084
2012-04-30 15:00:00,145.2763032363285
2012-04-30 16:00:00,234.78905436758808
2012-04-30 17:00:00,453.73717721484053
2012-04-30 18:00:00,418.47917811938765
2012-04-30 19:00:00,298.7098570592678
2012-04-30 20:00:00,204.3544538969166
2012-04-30 21:00:00,136.96196927496663
2012-04-30 22:00:00,93.54736811124617
2012-04-30 23:00:00,51.55363915267029
2012-05-20 00:00:00,163.39321041018778
2012-05-20 01:00:00,106.81892703926307
2012-05-20 02:00:00,76.20432926075624
2012-05-20 03:00:00,34.64628147426018
2012-05-20 04:00:00,12.120587224377509
2012-05-20 05:00:00,11.525184325896511
2012-05-20 06:00:00,18.63404657836063
2012-05-20 07:00:00,48.518314701830484
2012-05-20 08:00:00,120.1052588670537
2012-05-20 09:00:00,191.26785508569776
2012-05-20 10:00:00,354.60507007201124
2012-05-20 11:00:00,410.42183617868795
2012-05-20 12:00:00,549.3496174951924
2012-05-20 13:00:00,568.688904601438
2012-05-20 14:00:00,482.92389846669903
2012-05-20 15:00:00,493.44326450927053
2012-05-20 16:00:00,491.92046497414503
2012-05-20 17:00:00,444.70279559337723
2012-05-20 18:00:00,358.3476917957797
2012-05-20 19:00:00,274.2263485124784
2012-05-20 20:00:00,200.5033199697811
2012-05-20 21:00:00,160.6666413140039
2012-05-20 22:00:00,131.6226393559882
2012-05-20 23:00:00,61.46289998423761
2012-05-21 00:00:00,19.60362820731113
2012-05-21 01:00:00,7.809489591230184
2012-05-21 02:00:00,5.022683312929494
2012-05-21 03:00:00,2.9902260125817843
2012-05-21 04:00:00,3.3588134256179094
2012-05-21 05:00:00,13.634919644580526
2012-05-21 06:00:00,54.59761203348615
2012-05-21 07:00:00,132.43213045570945
2012-05-21 08:00:00,267.301239648227
2012-05-21 09:00:00,148.8234241593037
2012-05-21 10:00:00,80.00069814108078
2012-05-21 11:00:00,147.1955460377123
2012-05-21 12:00:00,169.04498851253103
2012-05-21 13:00:00,134.23185553410877
2012-05-21 14:00:00,121.37912325177234
2012-05-21 15:00:00,209.59532007159262
2012-05-21 16:00:00,295.1168488911074
2012-05-21 17:00:00,638.5709493659555
2012-05-21 18:00:00,580.7825768958579
2012-05-21 19:00:00,428.75735525699616
2012-05-21 20:00:00,296.81662906771714
2012-05-21 21:00:00,204.35138744488765
2012-05-21 22:00:00,141.72574693196114
2012-05-21 23:00:00,80.12225857503181
2012-05-22 00:00:00,33.09010910162789
2012-05-22 01:00:00,13.816463003853645
2012-05-22 02:00:00,7.151267158264667
2012-05-22 03:00:00,4.991441940564029
2012-05-22 04:00:00,5.495584291189369
2012-05-22 05:00:00,19.442709489822825
2012-05-22 06:00:00,80.51690216801467
2012-05-22 07:00:00,191.85155028808484
2012-05-22 08:00:00,502.66447445012363
2012-05-22 09:00:00,284.33816191636004
2012-05-22 10:00:00,150.42480636129966
2012-05-22 11:00:00,160.08833688562305
2012-05-22 12:00:00,205.53465004349022
2012-05-22 13:00:00,214.34554804153112
2012-05-22 14:00:00,191.38562662503384
2012-05-22 15:00:00,221.23875866696875
2012-05-22 16:00:00,325.2633741118104
2012-05-22 17:00:00,650.2110060420863
2012-05-22 18:00:00,657.496699664632
2012-05-22 19:00:00,457.0555180474686
2012-05-22 20:00:00,331.93122401876826
2012-05-22 21:00:00,227.361225829389
2012-05-22 22:00:00,173.10921056804338
2012-05-22 23:00:00,109.70336892990161
2012-05-23 00:00:00,47.42651218634758
2012-05-23 01:00:00,16.567994353293802
2012-05-23 02:00:00,8.934701107682235
2012-05-23 03:00:00,6.042555091398875
2012-05-23 04:00:00,4.94370991830599
2012-05-23 05:00:00,16.33342845026304
2012-05-23 06:00:00,132.03372710980818
2012-05-23 07:00:00,408.0763726127428
2012-05-23 08:00:00,644.0453406944935
2012-05-23 09:00:00,302.97418284249164
2012-05-23 10:00:00,166.15306927180444
2012-05-23 11:00:00,194.12366089318303
2012-05-23 12:00:00,245.95567726043217
2012-05-23 13:00:00,221.45990008298017
2012-05-23 14:00:00,207.68159408157751
2012-05-23 15:00:00,242.51479420411474
2012-05-23 16:00:00,267.67002549400047
2012-05-23 17:00:00,523.3216708105562
2012-05-23 18:00:00,514.0906652496976
2012-05-23 19:00:00,348.6052766678006
2012-05-23 20:00:00,279.0251593534254
2012-05-23 21:00:00,205.05520032222816
2012-05-23 22:00:00,156.80435670805474
2012-05-23 23:00:00,101.311999462419
2012-05-24 00:00:00,51.490774158520026
2012-05-24 01:00:00,20.364607120952023
2012-05-24 02:00:00,9.847274258019324
2012-05-24 03:00:00,5.306491688418321
2012-05-24 04:00:00,6.002625139619764
2012-05-24 05:00:00,28.832848853128098
2012-05-24 06:00:00,137.43856397286729
2012-05-24 07:00:00,456.17028384570057
2012-05-24 08:00:00,685.7235003362645
2012-05-24 09:00:00,320.5825199549356
2012-05-24 10:00:00,201.86674800616052
2012-05-24 11:00:00,230.38762681198676
2012-05-24 12:00:00,280.4022662154772
2012-05-24 13:00:00,281.69225273636255
2012-05-24 14:00:00,214.8043694268013
2012-05-24 15:00:00,231.07257086753592
2012-05-24 16:00:00,317.960166148095
2012-05-24 17:00:00,666.2424142616335
2012-05-24 18:00:00,708.436116951389
2012-05-24 19:00:00,504.60009155622396
2012-05-24 20:00:00,339.90596681769733
2012-05-24 21:00:00,182.04060713503884
2012-05-24 22:00:00,205.8861628731387
2012-05-24 23:00:00,133.29798398338278
2012-05-25 00:00:00,72.90111800507118
2012-05-25 01:00:00,35.30686042515304
2012-05-25 02:00:00,15.508924179295006
2012-05-25 03:00:00,7.69772522702456
2012-05-25 04:00:00,6.686954059963112
2012-05-25 05:00:00,30.623711541696796
2012-05-25 06:00:00,123.5448292876593
2012-05-25 07:00:00,328.9762513263393
2012-05-25 08:00:00,578.140009071615
2012-05-25 09:00:00,330.73399264627
2012-05-25 10:00:00,213.29774531255612
2012-05-25 11:00:00,239.88311027375735
2012-05-25 12:00:00,337.15475102766055
2012-05-25 13:00:00,327.88789413149277
2012-05-25 14:00:00,277.690255534125
2012-05-25 15:00:00,334.24402569796564
2012-05-25 16:00:00,449.52197898992927
2012-05-25 17:00:00,744.2888699573739
2012-05-25 18:00:00,692.7750911214604
2012-05-25 19:00:00,485.4427817566425
2012-05-25 20:00:00,352.64955269033237
2012-05-25 21:00:00,294.3973933609647
2012-05-25 22:00:00,249.22332710634433
2012-05-25 23:00:00,179.64705371765268
2012-05-26 00:00:00,140.58339672299525
2012-05-26 01:00:00,110.14241716149792
2012-05-26 02:00:00,75.52338541076952
2012-05-26 03:00:00,31.227992005196366
2012-05-26 04:00:00,11.847813204459893
2012-05-26 05:00:00,13.247463315097574
2012-05-26 06:00:00,28.622177227133946
2012-05-26 07:00:00,76.25789810673558
2012-05-26 08:00:00,194.3337383020436
2012-05-26 09:00:00,238.8419506589244
2012-05-26 10:00:00,350.080795051808
2012-05-26 11:00:00,444.0830711053409
2012-05-26 12:00:00,549.5000208773445
2012-05-26 13:00:00,573.3931669730613
2012-05-26 14:00:00,527.2040493056512
2012-05-26 15:00:00,495.22855501422237
2012-05-26 16:00:00,513.1072093023848
2012-05-26 17:00:00,548.7719544972289
2012-05-26 18:00:00,479.6266245482293
2012-05-26 19:00:00,364.76277050417144
2012-05-26 20:00:00,282.9699906706118
2012-05-26 21:00:00,260.9671404345404
2012-05-26 22:00:00,219.75758341663834
2012-05-26 23:00:00,179.18507733360747
2012-05-27 00:00:00,152.1058504702656
2012-05-27 01:00:00,115.98387418681494
2012-05-27 02:00:00,82.4715104625662
2012-05-27 03:00:00,36.70602843370193
2012-05-27 04:00:00,11.023109434578444
2012-05-27 05:00:00,11.195224204578588
2012-05-27 06:00:00,22.97827817986635
2012-05-27 07:00:00,50.54126078120964
2012-05-27 08:00:00,106.77296442147421
2012-05-27 09:00:00,191.88879251675843
2012-05-27 10:00:00,332.57546915651653
2012-05-27 11:00:00,421.05775837690175
2012-05-27 12:00:00,509.682492315248
2012-05-27 13:00:00,495.69031285450825
2012-05-27 14:00:00,439.87435605749204
2012-05-27 15:00:00,447.186411331574
2012-05-27 16:00:00,446.749702697044
2012-05-27 17:00:00,424.1396377389658
2012-05-27 18:00:00,339.9859740759569
2012-05-27 19:00:00,314.91914596428984
2012-05-27 20:00:00,235.24166203984336
2012-05-27 21:00:00,138.87761187640987
2012-05-27 22:00:00,97.79093040407857
2012-05-27 23:00:00,68.81850032131773
2012-05-28 00:00:00,69.24102857989337
2012-05-28 01:00:00,45.312187384167395
2012-05-28 02:00:00,30.42270338196544
2012-05-28 03:00:00,16.73650104053544
2012-05-28 04:00:00,10.753045217569529
2012-05-28 05:00:00,14.715527183600507
2012-05-28 06:00:00,32.1741897337782
2012-05-28 07:00:00,93.80496232342928
2012-05-28 08:00:00,187.73542828724928
2012-05-28 09:00:00,244.08887508296962
2012-05-28 10:00:00,288.09258848389646
2012-05-28 11:00:00,358.43375415934486
2012-05-28 12:00:00,445.92338193258973
2012-05-28 13:00:00,418.03548201618173
2012-05-28 14:00:00,371.78070568043046
2012-05-28 15:00:00,349.34872541797034
2012-05-28 16:00:00,342.1082647910987
2012-05-28 17:00:00,462.72164555596646
2012-05-28 18:00:00,486.5537132016967
2012-05-28 19:00:00,406.63555284218273
2012-05-28 20:00:00,318.56786113044825
2012-05-28 21:00:00,249.07571566051206
2012-05-28 22:00:00,188.89978587440575
2012-05-28 23:00:00,100.70215577466428
2012-05-29 00:00:00,36.740193755640924
2012-05-29 01:00:00,15.151550163577749
2012-05-29 02:00:00,8.228934021679633
2012-05-29 03:00:00,4.86934195426825
2012-05-29 04:00:00,6.7930909753616895
2012-05-29 05:00:00,31.686302937290623
2012-05-29 06:00:00,153.0354698325552
2012-05-29 07:00:00,361.34643371286637
2012-05-29 08:00:00,594.3550682617273
2012-05-29 09:00:00,289.6156720113264
2012-05-29 10:00:00,154.9319808311161
2012-05-29 11:00:00,174.6276834315394
2012-05-29 12:00:00,198.8677368798276
2012-05-29 13:00:00,208.59447539890957
2012-05-29 14:00:00,184.3264420831265
2012-05-29 15:00:00,203.57646319218495
2012-05-29 16:00:00,283.2924262764433
2012-05-29 17:00:00,661.1373217130352
2012-05-29 18:00:00,576.3370578607727
2012-05-29 19:00:00,442.4224789935715
2012-05-29 20:00:00,266.3814521048586
2012-05-29 21:00:00,86.11397424334221
2012-05-29 22:00:00,124.25554372435973
2012-05-29 23:00:00,54.87583680548002
2012-05-30 00:00:00,28.85240269083117
2012-05-30 01:00:00,12.123653918135998
2012-05-30 02:00:00,5.009047902644436
2012-05-30 03:00:00,3.861834487145735
2012-05-30 04:00:00,6.06982386104251
2012-05-30 05:00:00,35.69458806246624
2012-05-30 06:00:00,167.49189528413774
2012-05-30 07:00:00,202.0602776183316
2012-05-30 08:00:00,651.6513533375781
2012-05-30 09:00:00,314.67807911992344
2012-05-30 10:00:00,165.03652805427063
2012-05-30 11:00:00,209.53687294771478
2012-05-30 12:00:00,252.88282148745986
2012-05-30 13:00:00,217.48355847483228
2012-05-30 14:00:00,232.73384807381947
2012-05-30 15:00:00,211.1956427853399
2012-05-30 16:00:00,310.74977868695015
2012-05-30 17:00:00,662.2567091407769
2012-05-30 18:00:00,629.3552150245836
2012-05-30 19:00:00,498.07804267639415
2012-05-30 20:00:00,289.95716165176873
2012-05-30 21:00:00,284.24646474805286
2012-05-30 22:00:00,211.3812065240734
2012-05-30 23:00:00,137.1471252734957
2012-05-31 00:00:00,58.94336827534437
2012-05-31 01:00:00,25.790571190879426
2012-05-31 02:00:00,11.948922040689332
2012-05-31 03:00:00,6.764218544670686
2012-05-31 04:00:00,7.415993168644363
2012-05-31 05:00:00,33.053970533462476
2012-05-31 06:00:00,160.97643451455875
2012-05-31 07:00:00,387.20928736179013
2012-05-31 08:00:00,590.9097859078008
2012-05-31 09:00:00,285.894767932025
2012-05-31 10:00:00,207.12740020966885
2012-05-31 11:00:00,217.0520131443522
2012-05-31 12:00:00,310.69263897976725
2012-05-31 13:00:00,298.1060138047954
2012-05-31 14:00:00,242.87812832702642
2012-05-31 15:00:00,259.8099690013471
2012-05-31 16:00:00,374.87168049646846
2012-05-31 17:00:00,797.462741890459
2012-05-31 18:00:00,729.8186121218239
2012-05-31 19:00:00,576.0024172892234
2012-05-31 20:00:00,424.5342370872462
2012-05-31 21:00:00,327.86444688780597
2012-05-31 22:00:00,233.2486492994204
2012-05-31 23:00:00,154.95425252665322
2012-06-20 00:00:00,33.19226306703071
2012-06-20 01:00:00,15.067008898165676
2012-06-20 02:00:00,7.59270371239244
2012-06-20 03:00:00,4.9830193346427984
2012-06-20 04:00:00,6.281976204710261
2012-06-20 05:00:00,34.48571107591307
2012-06-20 06:00:00,127.01821601513224
2012-06-20 07:00:00,331.8183881453516
2012-06-20 08:00:00,619.0461342264284
2012-06-20 09:00:00,247.77648435904035
2012-06-20 10:00:00,122.37731823811484
2012-06-20 11:00:00,137.47462708715412
2012-06-20 12:00:00,156.49504359726058
2012-06-20 13:00:00,170.33368050117312
2012-06-20 14:00:00,165.50809098156677
2012-06-20 15:00:00,165.6514518865086
2012-06-20 16:00:00,248.16449762634485
2012-06-20 17:00:00,499.22173281479934
2012-06-20 18:00:00,483.56778924130555
2012-06-20 19:00:00,396.520623239594
2012-06-20 20:00:00,305.0812531047625
2012-06-20 21:00:00,223.25990622543245
2012-06-20 22:00:00,162.7490199848327
2012-06-20 23:00:00,107.64501833025444
2012-06-21 00:00:00,52.194544211894026
2012-06-21 01:00:00,19.4268881060351
2012-06-21 02:00:00,9.776009848169391
2012-06-21 03:00:00,5.65713001382043
2012-06-21 04:00:00,7.195582016804907
2012-06-21 05:00:00,38.054557757907375
2012-06-21 06:00:00,164.4193569097497
2012-06-21 07:00:00,409.39511731462886
2012-06-21 08:00:00,633.6784053271523
2012-06-21 09:00:00,247.71764803576255
2012-06-21 10:00:00,156.13997701097745
2012-06-21 11:00:00,174.94117122953838
2012-06-21 12:00:00,235.18608157140898
2012-06-21 13:00:00,219.1320401059449
2012-06-21 14:00:00,214.73190664060004
2012-06-21 15:00:00,219.03911315746154
2012-06-21 16:00:00,324.94747440424464
2012-06-21 17:00:00,670.6218113886739
2012-06-21 18:00:00,679.2233583590449
2012-06-21 19:00:00,462.846181398102
2012-06-21 20:00:00,382.52949863038975
2012-06-21 21:00:00,294.52649639265127
2012-06-21 22:00:00,242.01561167166446
2012-06-21 23:00:00,147.2614892442408
2012-06-22 00:00:00,60.44198109911893
2012-06-22 01:00:00,31.802415805771478
2012-06-22 02:00:00,14.375077191999063
2012-06-22 03:00:00,7.5092229114154545
2012-06-22 04:00:00,6.649141824465809
2012-06-22 05:00:00,32.48032752259907
2012-06-22 06:00:00,127.05652755732369
2012-06-22 07:00:00,363.06385403205013
2012-06-22 08:00:00,550.1781911894445
2012-06-22 09:00:00,308.8290231200419
2012-06-22 10:00:00,201.92339015627505
2012-06-22 11:00:00,231.61563173552292
2012-06-22 12:00:00,251.43026750557468
2012-06-22 13:00:00,275.8362560762566
2012-06-22 14:00:00,260.0175064403583
2012-06-22 15:00:00,278.8044746402366
2012-06-22 16:00:00,416.36781330610506
2012-06-22 17:00:00,761.114678879784
2012-06-22 18:00:00,574.1586385808591
2012-06-22 19:00:00,419.0170322527874
2012-06-22 20:00:00,318.9984467904229
2012-06-22 21:00:00,196.03827088762498
2012-06-22 22:00:00,256.00677715838185
2012-06-22 23:00:00,162.8822653387936
2012-06-23 00:00:00,152.05601358841525
2012-06-23 01:00:00,137.17336665827608
2012-06-23 02:00:00,64.40573134617979
2012-06-23 03:00:00,31.121668495308235
2012-06-23 04:00:00,12.14542817576745
2012-06-23 05:00:00,13.212857034216407
2012-06-23 06:00:00,34.852365202757696
2012-06-23 07:00:00,88.04935204599194
2012-06-23 08:00:00,194.2086584611997
2012-06-23 09:00:00,281.8229450281135
2012-06-23 10:00:00,412.09551905669986
2012-06-23 11:00:00,506.6346232124013
2012-06-23 12:00:00,618.4214882120315
2012-06-23 13:00:00,640.4912130224092
2012-06-23 14:00:00,633.8920856850759
2012-06-23 15:00:00,549.2548148414822
2012-06-23 16:00:00,562.88887944264
2012-06-23 17:00:00,590.5775224890657
2012-06-23 18:00:00,505.1163292056862
2012-06-23 19:00:00,433.3908413984943
2012-06-23 20:00:00,352.96367487151736
2012-06-23 21:00:00,311.3029724721224
2012-06-23 22:00:00,284.5459965674034
2012-06-23 23:00:00,214.3958842784058
2012-06-24 00:00:00,170.297736339578
2012-06-24 01:00:00,147.2008837749876
2012-06-24 02:00:00,93.58913261855417
2012-06-24 03:00:00,40.908236826483495
2012-06-24 04:00:00,14.517612950019956
2012-06-24 05:00:00,15.07969764470049
2012-06-24 06:00:00,26.55771357524947
2012-06-24 07:00:00,61.6596276779421
2012-06-24 08:00:00,120.48638132689574
2012-06-24 09:00:00,224.52125253944433
2012-06-24 10:00:00,404.9761297341481
2012-06-24 11:00:00,500.3082291598983
2012-06-24 12:00:00,652.7932245417179
2012-06-24 13:00:00,633.4927399244955
2012-06-24 14:00:00,519.7696073419856
2012-06-24 15:00:00,532.4385946249339
2012-06-24 16:00:00,557.3439121634839
2012-06-24 17:00:00,545.5085556217932
2012-06-24 18:00:00,490.2665275324867
2012-06-24 19:00:00,418.8521253286645
2012-06-24 20:00:00,296.6895942662439
2012-06-24 21:00:00,235.32187918658772
2012-06-24 22:00:00,177.14687826637163
2012-06-24 23:00:00,114.29183110535485
2012-06-25 00:00:00,45.28131031289204
2012-06-25 01:00:00,18.500957072252174
2012-06-25 02:00:00,10.380893813224732
2012-06-25 03:00:00,6.241230057453092
2012-06-25 04:00:00,8.667122859253597
2012-06-25 05:00:00,38.455379097137865
2012-06-25 06:00:00,163.2119024349826
2012-06-25 07:00:00,410.24298969091586
2012-06-25 08:00:00,727.9922083409275
2012-06-25 09:00:00,313.67095525685426
2012-06-25 10:00:00,165.81213843953705
2012-06-25 11:00:00,187.2791946391465
2012-06-25 12:00:00,268.50533059270543
2012-06-25 13:00:00,244.0042769874302
2012-06-25 14:00:00,239.44945501260028
2012-06-25 15:00:00,291.2156175859534
2012-06-25 16:00:00,432.0458026333248
2012-06-25 17:00:00,804.9437130986308
2012-06-25 18:00:00,794.9217186494187
2012-06-25 19:00:00,529.338728057002
2012-06-25 20:00:00,395.09135381567455
2012-06-25 21:00:00,278.4065992735794
2012-06-25 22:00:00,215.49964147259004
2012-06-25 23:00:00,113.66086072173142
2012-06-26 00:00:00,43.4397953628813
2012-06-26 01:00:00,18.684201705059902
2012-06-26 02:00:00,8.152392613251086
2012-06-26 03:00:00,5.753259192248487
2012-06-26 04:00:00,7.828872143594633
2012-06-26 05:00:00,44.22524516529856
2012-06-26 06:00:00,200.71833958835683
2012-06-26 07:00:00,507.00239747595595
2012-06-26 08:00:00,740.5420478946348
2012-06-26 09:00:00,373.00595523045956
2012-06-26 10:00:00,203.95627490289078
2012-06-26 11:00:00,253.4775713902891
2012-06-26 12:00:00,323.62758411072195
2012-06-26 13:00:00,289.3139499094251
2012-06-26 14:00:00,272.5663930062188
2012-06-26 15:00:00,298.15668151398336
2012-06-26 16:00:00,446.59622045377057
2012-06-26 17:00:00,917.8817951423819
2012-06-26 18:00:00,843.7056262778535
2012-06-26 19:00:00,620.1924696253197
2012-06-26 20:00:00,432.05510879312146
2012-06-26 21:00:00,369.9796288920125
2012-06-26 22:00:00,260.5330038393591
2012-06-26 23:00:00,141.4101363241984
2012-06-27 00:00:00,55.179007804487945
2012-06-27 01:00:00,19.297602465006165
2012-06-27 02:00:00,9.52435830909383
2012-06-27 03:00:00,5.984275300931578
2012-06-27 04:00:00,7.747744105009326
2012-06-27 05:00:00,38.24287234679603
2012-06-27 06:00:00,192.9977950362004
2012-06-27 07:00:00,443.71126295045985
2012-06-27 08:00:00,697.9729364198145
2012-06-27 09:00:00,342.28454366890304
2012-06-27 10:00:00,200.4426639439674
2012-06-27 11:00:00,191.91776227313346
2012-06-27 12:00:00,259.1819662070265
2012-06-27 13:00:00,234.68149234887375
2012-06-27 14:00:00,230.22050217335948
2012-06-27 15:00:00,261.76249398452313
2012-06-27 16:00:00,379.454055927922
2012-06-27 17:00:00,818.5332342224782
2012-06-27 18:00:00,725.9769513476214
2012-06-27 19:00:00,512.0325581533247
2012-06-27 20:00:00,436.3089362126337
2012-06-27 21:00:00,326.81164157973643
2012-06-27 22:00:00,247.28634123262566
2012-06-27 23:00:00,153.74380077375145
2012-06-28 00:00:00,57.00347067552771
2012-06-28 01:00:00,24.14412270422607
2012-06-28 02:00:00,10.629827145780594
2012-06-28 03:00:00,6.006919998466208
2012-06-28 04:00:00,7.65893470632934
2012-06-28 05:00:00,39.54411534811088
2012-06-28 06:00:00,192.84237606633235
2012-06-28 07:00:00,487.58591170697366
2012-06-28 08:00:00,683.8427556897378
2012-06-28 09:00:00,314.23775411177047
2012-06-28 10:00:00,183.27308981818177
2012-06-28 11:00:00,198.2424041307533
2012-06-28 12:00:00,232.89085348251103
2012-06-28 13:00:00,220.98032828635303
2012-06-28 14:00:00,202.79186185552572
2012-06-28 15:00:00,227.0827588907844
2012-06-28 16:00:00,348.3819219913
2012-06-28 17:00:00,681.8964189412116
2012-06-28 18:00:00,675.8509286432399
2012-06-28 19:00:00,469.6410315774334
2012-06-28 20:00:00,411.74411036813166
2012-06-28 21:00:00,300.1296719284951
2012-06-28 22:00:00,244.76533317785837
2012-06-28 23:00:00,155.33079117974097
2012-06-29 00:00:00,72.0456319693601
2012-06-29 01:00:00,32.42725678723875
2012-06-29 02:00:00,16.311286746578467
2012-06-29 03:00:00,7.993680326932856
2012-06-29 04:00:00,7.6451611171604
2012-06-29 05:00:00,37.55041996796832
2012-06-29 06:00:00,145.61690764730346
2012-06-29 07:00:00,409.6008069339244
2012-06-29 08:00:00,529.6501471494424
2012-06-29 09:00:00,291.4466963867255
2012-06-29 10:00:00,176.76546996583173
2012-06-29 11:00:00,195.74878036167004
2012-06-29 12:00:00,253.59445030033748
2012-06-29 13:00:00,238.9243890462619
2012-06-29 14:00:00,222.72638510076723
2012-06-29 15:00:00,220.46624744153792
2012-06-29 16:00:00,318.06025855650216
2012-06-29 17:00:00,565.7736558337438
2012-06-29 18:00:00,444.95987049370143
2012-06-29 19:00:00,354.9579216646089
2012-06-29 20:00:00,278.3836191080572
2012-06-29 21:00:00,228.7594469194012
2012-06-29 22:00:00,141.8526506477001
2012-06-29 23:00:00,106.5621789305725
2012-06-30 00:00:00,112.68166431786257
2012-06-30 01:00:00,80.50625151453094
2012-06-30 02:00:00,68.1059845571589
2012-06-30 03:00:00,30.76168448090551
2012-06-30 04:00:00,9.900065764323712
2012-06-30 05:00:00,15.344090870223999
2012-06-30 06:00:00,34.50494001422656
2012-06-30 07:00:00,87.62084403340285
2012-06-30 08:00:00,194.85668735135246
2012-06-30 09:00:00,302.9107684160909
2012-06-30 10:00:00,353.1430520770887
2012-06-30 11:00:00,412.6416722558198
2012-06-30 12:00:00,540.6740271878218
2012-06-30 13:00:00,539.9987904440534
2012-06-30 14:00:00,521.0107705995631
2012-06-30 15:00:00,540.0925790739294
2012-06-30 16:00:00,509.1658466012308
2012-06-30 17:00:00,525.3851279038562
2012-06-30 18:00:00,446.9901241830151
2012-06-30 19:00:00,429.8581785193138
2012-06-30 20:00:00,318.3220369294904
2012-06-30 21:00:00,272.88290768046704
2012-06-30 22:00:00,246.12652949273797
2012-06-30 23:00:00,188.78099650768863
2012-07-20 00:00:00,43.14680224974782
2012-07-20 01:00:00,29.400531379666475
2012-07-20 02:00:00,13.646737571828572
2012-07-20 03:00:00,7.328166344836946
2012-07-20 04:00:00,5.9560005858711955
2012-07-20 05:00:00,28.03202567094938
2012-07-20 06:00:00,106.9175352372577
2012-07-20 07:00:00,281.5903873061284
2012-07-20 08:00:00,507.06751030384174
2012-07-20 09:00:00,306.61240782413995
2012-07-20 10:00:00,162.39047716589883
2012-07-20 11:00:00,139.13172336319096
2012-07-20 12:00:00,127.82572675692316
2012-07-20 13:00:00,126.59891433452714
2012-07-20 14:00:00,112.8147616825652
2012-07-20 15:00:00,153.91501985161085
2012-07-20 16:00:00,214.67917280968447
2012-07-20 17:00:00,304.03832878093186
2012-07-20 18:00:00,382.147751723397
2012-07-20 19:00:00,227.21865045453032
2012-07-20 20:00:00,110.36406804615105
2012-07-20 21:00:00,84.241053905437
2012-07-20 22:00:00,154.51492085420648
2012-07-20 23:00:00,108.99308673395521
2012-07-21 00:00:00,82.6236852490596
2012-07-21 01:00:00,79.01082338427672
2012-07-21 02:00:00,39.096470281933804
2012-07-21 03:00:00,17.743517126442335
2012-07-21 04:00:00,5.377932100866701
2012-07-21 05:00:00,6.3347950034858584
2012-07-21 06:00:00,11.65754096600656
2012-07-21 07:00:00,46.08548168118118
2012-07-21 08:00:00,108.39722352279146
2012-07-21 09:00:00,184.30940846491816
2012-07-21 10:00:00,131.49884655119533
2012-07-21 11:00:00,253.86787562614967
2012-07-21 12:00:00,199.70702872766418
2012-07-21 13:00:00,220.20143834077507
2012-07-21 14:00:00,255.36448637839123
2012-07-21 15:00:00,167.70250215331347
2012-07-21 16:00:00,172.71402899472088
2012-07-21 17:00:00,189.10598731627275
2012-07-21 18:00:00,214.39491008912734
2012-07-21 19:00:00,206.8040859029376
2012-07-21 20:00:00,125.77259602519666
2012-07-21 21:00:00,169.07293958262784
2012-07-21 22:00:00,150.38065692699857
2012-07-21 23:00:00,127.370379867387
2012-07-22 00:00:00,122.56180812317925
2012-07-22 01:00:00,91.38401784869272
2012-07-22 02:00:00,67.88137486689998
2012-07-22 03:00:00,31.839468968390754
2012-07-22 04:00:00,9.021262082594376
2012-07-22 05:00:00,8.60088228934289
2012-07-22 06:00:00,16.604535648653826
2012-07-22 07:00:00,39.751272711183326
2012-07-22 08:00:00,90.7540891314666
2012-07-22 09:00:00,192.6878227725304
2012-07-22 10:00:00,276.2696170104735
2012-07-22 11:00:00,316.5957268108327
2012-07-22 12:00:00,447.1796954036403
2012-07-22 13:00:00,428.05041214814685
2012-07-22 14:00:00,391.27746923021385
2012-07-22 15:00:00,392.07325970775213
2012-07-22 16:00:00,397.0117879149873
2012-07-22 17:00:00,361.66026398360765
2012-07-22 18:00:00,327.68829875608344
2012-07-22 19:00:00,285.16377967216414
2012-07-22 20:00:00,207.45597354238728
2012-07-22 21:00:00,181.81414502975173
2012-07-22 22:00:00,140.86166069136647
2012-07-22 23:00:00,92.93890397234873
2012-07-23 00:00:00,35.985777789331294
2012-07-23 01:00:00,13.821254978238814
2012-07-23 02:00:00,7.2380916125925046
2012-07-23 03:00:00,4.42376387541968
2012-07-23 04:00:00,6.135112043591728
2012-07-23 05:00:00,25.691032870321433
2012-07-23 06:00:00,118.55250639490511
2012-07-23 07:00:00,320.1022980559987
2012-07-23 08:00:00,562.1188633343569
2012-07-23 09:00:00,279.6748105532147
2012-07-23 10:00:00,161.2076175638154
2012-07-23 11:00:00,206.39432322301556
2012-07-23 12:00:00,251.32138793805515
2012-07-23 13:00:00,239.72375107045121
2012-07-23 14:00:00,211.40174460512162
2012-07-23 15:00:00,204.91475142333184
2012-07-23 16:00:00,311.7774436488846
2012-07-23 17:00:00,634.1596828039792
2012-07-23 18:00:00,663.3328734046929
2012-07-23 19:00:00,476.22935391182557
2012-07-23 20:00:00,362.7372560724617
2012-07-23 21:00:00,258.68849761403317
2012-07-23 22:00:00,185.69046648927446
2012-07-23 23:00:00,104.64778759278975
2012-07-24 00:00:00,38.997623850376314
2012-07-24 01:00:00,15.024019517419584
2012-07-24 02:00:00,7.330611196075195
2012-07-24 03:00:00,4.89413631882406
2012-07-24 04:00:00,5.915722767564972
2012-07-24 05:00:00,30.280487819272906
2012-07-24 06:00:00,141.40558251284642
2012-07-24 07:00:00,357.62917322394793
2012-07-24 08:00:00,589.1865540605166
2012-07-24 09:00:00,253.01075750862188
2012-07-24 10:00:00,137.00761331596584
2012-07-24 11:00:00,162.01039620712075
2012-07-24 12:00:00,215.97249070330201
2012-07-24 13:00:00,200.5208918833522
2012-07-24 14:00:00,199.91520753109543
2012-07-24 15:00:00,187.2930393030138
2012-07-24 16:00:00,274.59874972978446
2012-07-24 17:00:00,578.3660550919229
2012-07-24 18:00:00,574.4483398941632
2012-07-24 19:00:00,470.9599279186435
2012-07-24 20:00:00,356.5259738664488
2012-07-24 21:00:00,270.15096135890263
2012-07-24 22:00:00,203.20877723870206
2012-07-24 23:00:00,106.73298811545011
2012-07-25 00:00:00,42.86108511991486
2012-07-25 01:00:00,18.924756371514256
2012-07-25 02:00:00,9.34680830104997
2012-07-25 03:00:00,5.248104878256507
2012-07-25 04:00:00,5.679257531002725
2012-07-25 05:00:00,28.52770187767103
2012-07-25 06:00:00,136.59665875010617
2012-07-25 07:00:00,318.77304102170245
2012-07-25 08:00:00,596.3247977390081
2012-07-25 09:00:00,266.4897562999177
2012-07-25 10:00:00,161.6462644904378
2012-07-25 11:00:00,179.08877407476976
2012-07-25 12:00:00,233.9672502174193
2012-07-25 13:00:00,212.6711876444132
2012-07-25 14:00:00,194.23338918995265
2012-07-25 15:00:00,218.2358964503998
2012-07-25 16:00:00,316.7398465784767
2012-07-25 17:00:00,633.9861321371753
2012-07-25 18:00:00,661.4151288352328
2012-07-25 19:00:00,480.4509244978853
2012-07-25 20:00:00,386.9800311353868
2012-07-25 21:00:00,303.07974303804497
2012-07-25 22:00:00,224.0781611901306
2012-07-25 23:00:00,133.29705019548473
2012-07-26 00:00:00,51.29473870288628
2012-07-26 01:00:00,20.535911532429587
2012-07-26 02:00:00,9.877440692407509
2012-07-26 03:00:00,5.347741746536292
2012-07-26 04:00:00,6.124228798974221
2012-07-26 05:00:00,30.612814161010046
2012-07-26 06:00:00,146.23688678084122
2012-07-26 07:00:00,372.59861979055796
2012-07-26 08:00:00,568.7571056969994
2012-07-26 09:00:00,291.3524538464063
2012-07-26 10:00:00,149.7109748872928
2012-07-26 11:00:00,169.18464547868686
2012-07-26 12:00:00,209.1387499062704
2012-07-26 13:00:00,187.48760247762652
2012-07-26 14:00:00,167.54616505769022
2012-07-26 15:00:00,183.27226649623452
2012-07-26 16:00:00,291.59541951155
2012-07-26 17:00:00,549.7320172348345
2012-07-26 18:00:00,533.046675043036
2012-07-26 19:00:00,362.44096034420147
2012-07-26 20:00:00,351.12136257560667
2012-07-26 21:00:00,266.00064864443885
2012-07-26 22:00:00,213.1333953995597
2012-07-26 23:00:00,165.1665066641219
2012-07-27 00:00:00,76.55065068837095
2012-07-27 01:00:00,36.457323552605544
2012-07-27 02:00:00,15.969927224116898
2012-07-27 03:00:00,8.256720894941756
2012-07-27 04:00:00,7.130293639366553
2012-07-27 05:00:00,31.431908111158563
2012-07-27 06:00:00,122.98259234170884
2012-07-27 07:00:00,338.0005041097035
2012-07-27 08:00:00,537.7925035450608
2012-07-27 09:00:00,270.33414641833775
2012-07-27 10:00:00,192.82905893766176
2012-07-27 11:00:00,201.17375305060042
2012-07-27 12:00:00,239.53672948785967
2012-07-27 13:00:00,248.14402411544637
2012-07-27 14:00:00,211.7756272931225
2012-07-27 15:00:00,265.99350602098
2012-07-27 16:00:00,383.967823099496
2012-07-27 17:00:00,607.4200792961994
2012-07-27 18:00:00,569.0513878879744
2012-07-27 19:00:00,413.21168095269013
2012-07-27 20:00:00,329.88667012675705
2012-07-27 21:00:00,287.0537499963625
2012-07-27 22:00:00,254.2707770480692
2012-07-27 23:00:00,180.3221480453681
2012-07-28 00:00:00,142.82746626250363
2012-07-28 01:00:00,113.85643964327537
2012-07-28 02:00:00,73.30073067992974
2012-07-28 03:00:00,30.47573403393521
2012-07-28 04:00:00,9.105238451385004
2012-07-28 05:00:00,11.58442805647057
2012-07-28 06:00:00,26.76335833497415
2012-07-28 07:00:00,64.02371315946438
2012-07-28 08:00:00,133.00285241154418
2012-07-28 09:00:00,236.2318396142241
2012-07-28 10:00:00,325.4620968956871
2012-07-28 11:00:00,404.86663194296443
2012-07-28 12:00:00,505.21158613381664
2012-07-28 13:00:00,446.4567956727111
2012-07-28 14:00:00,466.7786865381846
2012-07-28 15:00:00,458.0258618540857
2012-07-28 16:00:00,473.7989741999854
2012-07-28 17:00:00,461.57146720839916
2012-07-28 18:00:00,385.88535856457275
2012-07-28 19:00:00,261.7320230792847
2012-07-28 20:00:00,216.19634559301082
2012-07-28 21:00:00,251.30395329775047
2012-07-28 22:00:00,225.7457672337344
2012-07-28 23:00:00,157.34328468277718
2012-07-29 00:00:00,139.42369738019391
2012-07-29 01:00:00,113.95223882419377
2012-07-29 02:00:00,81.78013485962794
2012-07-29 03:00:00,34.06815909510072
2012-07-29 04:00:00,9.735308951671799
2012-07-29 05:00:00,9.270496607012017
2012-07-29 06:00:00,17.247347343367505
2012-07-29 07:00:00,40.04673723552221
2012-07-29 08:00:00,98.05540085609789
2012-07-29 09:00:00,189.93369634510304
2012-07-29 10:00:00,301.9862499934283
2012-07-29 11:00:00,367.70868192190346
2012-07-29 12:00:00,399.1629936117486
2012-07-29 13:00:00,457.21956259946506
2012-07-29 14:00:00,456.095545653
2012-07-29 15:00:00,456.3592995654802
2012-07-29 16:00:00,461.75644850139406
2012-07-29 17:00:00,438.7145536252897
2012-07-29 18:00:00,382.82496899177295
2012-07-29 19:00:00,304.6453541688771
2012-07-29 20:00:00,237.91872461365372
2012-07-29 21:00:00,200.09172910734227
2012-07-29 22:00:00,159.9512754110371
2012-07-29 23:00:00,99.58190081306893
2012-07-30 00:00:00,42.14262028217385
2012-07-30 01:00:00,17.179021164817854
2012-07-30 02:00:00,9.094181561453498
2012-07-30 03:00:00,5.142560696751077
2012-07-30 04:00:00,6.228549001356955
2012-07-30 05:00:00,29.034256751606648
2012-07-30 06:00:00,113.34625021850526
2012-07-30 07:00:00,316.0101184397261
2012-07-30 08:00:00,567.9593892616335
2012-07-30 09:00:00,287.319068710847
2012-07-30 10:00:00,164.573937940641
2012-07-30 11:00:00,184.68172000669904
2012-07-30 12:00:00,237.95859779335063
2012-07-30 13:00:00,215.50706310153217
2012-07-30 14:00:00,200.53912082551656
2012-07-30 15:00:00,217.06761903280585
2012-07-30 16:00:00,304.13632571582207
2012-07-30 17:00:00,572.5296999223148
2012-07-30 18:00:00,609.5677915145544
2012-07-30 19:00:00,465.8573606179709
2012-07-30 20:00:00,352.3952300213235
2012-07-30 21:00:00,259.74341755106235
2012-07-30 22:00:00,167.85538309825688
2012-07-30 23:00:00,92.71770353696043
2012-07-31 00:00:00,36.55174631989402
2012-07-31 01:00:00,14.377230601580022
2012-07-31 02:00:00,7.4172045682018535
2012-07-31 03:00:00,5.0820662261596
2012-07-31 04:00:00,6.005652385897375
2012-07-31 05:00:00,29.048823540372087
2012-07-31 06:00:00,117.01233276852335
2012-07-31 07:00:00,354.58950301801053
2012-07-31 08:00:00,594.5803711621398
2012-07-31 09:00:00,286.4429777167856
2012-07-31 10:00:00,144.42028472105318
2012-07-31 11:00:00,163.59462971393185
2012-07-31 12:00:00,211.45772062995735
2012-07-31 13:00:00,183.7735862977756
2012-07-31 14:00:00,169.66257385678287
2012-07-31 15:00:00,195.2624547872821
2012-07-31 16:00:00,294.3937239887294
2012-07-31 17:00:00,646.5041898420566
2012-07-31 18:00:00,578.0615479563735
2012-07-31 19:00:00,421.55423651250396
2012-07-31 20:00:00,313.8600693664018
2012-07-31 21:00:00,236.2622256787934
2012-07-31 22:00:00,185.92680306905024
2012-07-31 23:00:00,101.20462999343785
2012-08-20 00:00:00,29.689338450673855
2012-08-20 01:00:00,13.34786431696832
2012-08-20 02:00:00,7.131863016088318
2012-08-20 03:00:00,4.204955051143037
2012-08-20 04:00:00,5.675991542683696
2012-08-20 05:00:00,23.534626383131243
2012-08-20 06:00:00,112.97864567539582
2012-08-20 07:00:00,266.69691450374324
2012-08-20 08:00:00,469.6324493845932
2012-08-20 09:00:00,227.58042540843508
2012-08-20 10:00:00,147.76196118439665
2012-08-20 11:00:00,174.40045416870873
2012-08-20 12:00:00,219.51446981873187
2012-08-20 13:00:00,196.58934710577077
2012-08-20 14:00:00,196.03136656093164
2012-08-20 15:00:00,209.41038538455484
2012-08-20 16:00:00,314.43273443071405
2012-08-20 17:00:00,555.5584872547722
2012-08-20 18:00:00,480.75074050302914
2012-08-20 19:00:00,358.12366049313823
2012-08-20 20:00:00,203.68950956310908
2012-08-20 21:00:00,152.47520335792004
2012-08-20 22:00:00,107.5510372628707
2012-08-20 23:00:00,59.955993804106555
2012-08-21 00:00:00,30.205818225169786
2012-08-21 01:00:00,12.828701208020975
2012-08-21 02:00:00,5.237676404710389
2012-08-21 03:00:00,4.029234122208037
2012-08-21 04:00:00,4.880232599626175
2012-08-21 05:00:00,28.225745002487972
2012-08-21 06:00:00,137.05747338555977
2012-08-21 07:00:00,333.5441239679605
2012-08-21 08:00:00,529.7734129576057
2012-08-21 09:00:00,246.30456690383681
2012-08-21 10:00:00,160.15747207139097
2012-08-21 11:00:00,175.64967219247512
2012-08-21 12:00:00,212.70466152749157
2012-08-21 13:00:00,213.06843845294156
2012-08-21 14:00:00,207.12181691196164
2012-08-21 15:00:00,212.4164685006411
2012-08-21 16:00:00,324.80166565191456
2012-08-21 17:00:00,592.4631026501628
2012-08-21 18:00:00,694.8197747648727
2012-08-21 19:00:00,407.29464153259113
2012-08-21 20:00:00,317.16563054567166
2012-08-21 21:00:00,238.16092227999474
2012-08-21 22:00:00,157.79301305956957
2012-08-21 23:00:00,81.26315926267037
2012-08-22 00:00:00,36.13260258693322
2012-08-22 01:00:00,16.863236172445742
2012-08-22 02:00:00,8.530748048945693
2012-08-22 03:00:00,5.300200463268624
2012-08-22 04:00:00,6.118348224420765
2012-08-22 05:00:00,30.267380898378914
2012-08-22 06:00:00,146.28835610961985
2012-08-22 07:00:00,330.5157431879539
2012-08-22 08:00:00,577.8746030408546
2012-08-22 09:00:00,272.4714891678103
2012-08-22 10:00:00,166.8899340332946
2012-08-22 11:00:00,171.4744502484309
2012-08-22 12:00:00,199.75071602382556
2012-08-22 13:00:00,209.11132509368588
2012-08-22 14:00:00,197.72873963460174
2012-08-22 15:00:00,207.9956566515623
2012-08-22 16:00:00,215.14247085888408
2012-08-22 17:00:00,494.1980836975274
2012-08-22 18:00:00,498.35218905622696
2012-08-22 19:00:00,440.5532976469004
2012-08-22 20:00:00,336.4466412683954
2012-08-22 21:00:00,256.45076538921194
2012-08-22 22:00:00,196.734309172118
2012-08-22 23:00:00,94.8820350006545
2012-08-23 00:00:00,48.603575385365104
2012-08-23 01:00:00,17.3554144664309
2012-08-23 02:00:00,8.832841170008244
2012-08-23 03:00:00,5.258005377390645
2012-08-23 04:00:00,5.670495447521067
2012-08-23 05:00:00,28.858879916025614
2012-08-23 06:00:00,117.25912003513149
2012-08-23 07:00:00,312.04436991069815
2012-08-23 08:00:00,543.1366128106562
2012-08-23 09:00:00,273.0515681017951
2012-08-23 10:00:00,164.56691643668577
2012-08-23 11:00:00,195.4497391003294
2012-08-23 12:00:00,246.76095521540137
2012-08-23 13:00:00,249.70764140700948
2012-08-23 14:00:00,196.9956068949564
2012-08-23 15:00:00,227.92606953561787
2012-08-23 16:00:00,328.97306301743276
2012-08-23 17:00:00,683.2941908225956
2012-08-23 18:00:00,646.1086928492971
2012-08-23 19:00:00,469.30149641415136
2012-08-23 20:00:00,386.4288969542978
2012-08-23 21:00:00,305.01663966580173
2012-08-23 22:00:00,218.62611894445774
2012-08-23 23:00:00,126.4720033419607
2012-08-24 00:00:00,62.23641373764539
2012-08-24 01:00:00,28.568042623948717
2012-08-24 02:00:00,15.286855494978333
2012-08-24 03:00:00,7.460569700585413
2012-08-24 04:00:00,6.256117245753277
2012-08-24 05:00:00,30.364884333913423
2012-08-24 06:00:00,97.32250224677519
2012-08-24 07:00:00,268.51144844524134
2012-08-24 08:00:00,452.69908537557876
2012-08-24 09:00:00,270.4333643477246
2012-08-24 10:00:00,190.42756142859946
2012-08-24 11:00:00,229.65075309586874
2012-08-24 12:00:00,286.4698063798469
2012-08-24 13:00:00,309.74337245652407
2012-08-24 14:00:00,240.2912754402001
2012-08-24 15:00:00,264.6633182199393
2012-08-24 16:00:00,389.930013067686
2012-08-24 17:00:00,624.6523399578653
2012-08-24 18:00:00,575.9346679527806
2012-08-24 19:00:00,378.2186279152856
2012-08-24 20:00:00,287.62352161556186
2012-08-24 21:00:00,245.95366130941176
2012-08-24 22:00:00,212.44997421087922
2012-08-24 23:00:00,150.24059458022506
2012-08-25 00:00:00,145.07701712961335
2012-08-25 01:00:00,100.41808389831856
2012-08-25 02:00:00,71.22817215824695
2012-08-25 03:00:00,30.61634652083604
2012-08-25 04:00:00,10.35979775289858
2012-08-25 05:00:00,11.089760206738944
2012-08-25 06:00:00,24.871273905404905
2012-08-25 07:00:00,50.592752815141
2012-08-25 08:00:00,123.8539422957214
2012-08-25 09:00:00,208.8624232113082
2012-08-25 10:00:00,323.03438312072217
2012-08-25 11:00:00,383.2287454964335
2012-08-25 12:00:00,388.5200714621692
2012-08-25 13:00:00,458.25758555329236
2012-08-25 14:00:00,332.3751729139811
2012-08-25 15:00:00,375.59206061731027
2012-08-25 16:00:00,363.8075590886028
2012-08-25 17:00:00,347.95189548301386
2012-08-25 18:00:00,293.359087665755
2012-08-25 19:00:00,242.30986960373733
2012-08-25 20:00:00,124.18086123534933
2012-08-25 21:00:00,142.094246063177
2012-08-25 22:00:00,127.15366727550244
2012-08-25 23:00:00,108.61229865143649
2012-08-26 00:00:00,104.97620679089857
2012-08-26 01:00:00,82.02165344915407
2012-08-26 02:00:00,55.851245902019215
2012-08-26 03:00:00,25.432288261225217
2012-08-26 04:00:00,8.033200275528774
2012-08-26 05:00:00,7.950839133052544
2012-08-26 06:00:00,10.674567464286728
2012-08-26 07:00:00,31.944867150978506
2012-08-26 08:00:00,84.14277525174815
2012-08-26 09:00:00,168.74914778495042
2012-08-26 10:00:00,304.3917111966595
2012-08-26 11:00:00,359.7200215114606
2012-08-26 12:00:00,343.9264286928925
2012-08-26 13:00:00,259.7247197441041
2012-08-26 14:00:00,293.1999798939596
2012-08-26 15:00:00,169.0753775625051
2012-08-26 16:00:00,169.94847035428273
2012-08-26 17:00:00,218.24462485445537
2012-08-26 18:00:00,222.813275846634
2012-08-26 19:00:00,193.9069427154999
2012-08-26 20:00:00,161.51980508852333
2012-08-26 21:00:00,142.6511799218121
2012-08-26 22:00:00,100.91831015278454
2012-08-26 23:00:00,75.94561796374867
2012-08-27 00:00:00,29.715342820230173
2012-08-27 01:00:00,11.88193589242713
2012-08-27 02:00:00,6.6029997129595595
2012-08-27 03:00:00,4.119245316826364
2012-08-27 04:00:00,5.342327152786862
2012-08-27 05:00:00,21.9248664028152
2012-08-27 06:00:00,87.0240187612041
2012-08-27 07:00:00,265.76177575050355
2012-08-27 08:00:00,458.30611270956456
2012-08-27 09:00:00,231.7079707969861
2012-08-27 10:00:00,145.65719736372992
2012-08-27 11:00:00,179.43338501443543
2012-08-27 12:00:00,210.80392976753066
2012-08-27 13:00:00,214.4167791389474
2012-08-27 14:00:00,187.3414203649547
2012-08-27 15:00:00,198.97579911433044
2012-08-27 16:00:00,302.22545443990464
2012-08-27 17:00:00,678.372209738598
2012-08-27 18:00:00,612.9817815988922
2012-08-27 19:00:00,471.41088193071664
2012-08-27 20:00:00,336.8956655223372
2012-08-27 21:00:00,215.35871156927183
2012-08-27 22:00:00,124.36632353504778
2012-08-27 23:00:00,74.6845764294058
2012-08-28 00:00:00,34.42754830074499
2012-08-28 01:00:00,13.579735477131107
2012-08-28 02:00:00,6.910921816750179
2012-08-28 03:00:00,4.586786538374691
2012-08-28 04:00:00,6.12107876336823
2012-08-28 05:00:00,29.42451189687318
2012-08-28 06:00:00,130.28102773806407
2012-08-28 07:00:00,343.10906541984707
2012-08-28 08:00:00,538.8177601320197
2012-08-28 09:00:00,270.3099216292725
2012-08-28 10:00:00,159.18841865300965
2012-08-28 11:00:00,170.6467984966525
2012-08-28 12:00:00,211.3116999316375
2012-08-28 13:00:00,203.13979790731727
2012-08-28 14:00:00,192.62085369040778
2012-08-28 15:00:00,216.67279277751223
2012-08-28 16:00:00,309.4755019398229
2012-08-28 17:00:00,752.6413915466676
2012-08-28 18:00:00,702.3586749252815
2012-08-28 19:00:00,471.2445172334147
2012-08-28 20:00:00,342.61784071003336
2012-08-28 21:00:00,256.2013601410168
2012-08-28 22:00:00,184.5914683744886
2012-08-28 23:00:00,107.17273187872192
2012-08-29 00:00:00,42.31996772961497
2012-08-29 01:00:00,17.786341705456817
2012-08-29 02:00:00,8.69735011618686
2012-08-29 03:00:00,5.527363618989338
2012-08-29 04:00:00,6.1805306811366005
2012-08-29 05:00:00,32.2904720331872
2012-08-29 06:00:00,150.5835542172874
2012-08-29 07:00:00,350.9798394855038
2012-08-29 08:00:00,588.9369216355909
2012-08-29 09:00:00,256.27097268877094
2012-08-29 10:00:00,155.49296816834786
2012-08-29 11:00:00,181.48572973357543
2012-08-29 12:00:00,230.4589647278668
2012-08-29 13:00:00,219.0771646449462
2012-08-29 14:00:00,208.49456933972237
2012-08-29 15:00:00,233.85447869666768
2012-08-29 16:00:00,337.5426297249494
2012-08-29 17:00:00,708.1309195273913
2012-08-29 18:00:00,686.3876018504839
2012-08-29 19:00:00,500.04828912944686
2012-08-29 20:00:00,342.5771749031164
2012-08-29 21:00:00,284.34962645178933
2012-08-29 22:00:00,205.30824963339956
2012-08-29 23:00:00,124.42874425425862
2012-08-30 00:00:00,48.550118053096085
2012-08-30 01:00:00,20.811146617591817
2012-08-30 02:00:00,9.78931470001175
2012-08-30 03:00:00,5.631153948694028
2012-08-30 04:00:00,6.323734332631643
2012-08-30 05:00:00,31.228034337507662
2012-08-30 06:00:00,136.9234273618219
2012-08-30 07:00:00,372.3899083169351
2012-08-30 08:00:00,557.1738789106927
2012-08-30 09:00:00,258.71011272472845
2012-08-30 10:00:00,172.73739377537083
2012-08-30 11:00:00,196.3581289980898
2012-08-30 12:00:00,243.18664317748667
2012-08-30 13:00:00,227.77755091880252
2012-08-30 14:00:00,204.5436811615164
2012-08-30 15:00:00,241.31863816573906
2012-08-30 16:00:00,357.6502685962977
2012-08-30 17:00:00,727.1025460171314
2012-08-30 18:00:00,727.7577697856652
2012-08-30 19:00:00,487.122966439023
2012-08-30 20:00:00,368.52245834963355
2012-08-30 21:00:00,305.1887685703001
2012-08-30 22:00:00,235.90197456269792
2012-08-30 23:00:00,145.68357182219154
2012-08-31 00:00:00,62.109199673231785
2012-08-31 01:00:00,29.521382020448982
2012-08-31 02:00:00,13.961577239111499
2012-08-31 03:00:00,7.259443885836685
2012-08-31 04:00:00,5.805626350040401
2012-08-31 05:00:00,26.06119030229306
2012-08-31 06:00:00,93.72818032404822
2012-08-31 07:00:00,259.5781523322
2012-08-31 08:00:00,485.0011071269444
2012-08-31 09:00:00,285.7839165581318
2012-08-31 10:00:00,203.64004930343089
2012-08-31 11:00:00,196.2296583461966
2012-08-31 12:00:00,261.320076706713
2012-08-31 13:00:00,250.839036204708
2012-08-31 14:00:00,243.2533609360396
2012-08-31 15:00:00,245.67056903023965
2012-08-31 16:00:00,378.5107958249221
2012-08-31 17:00:00,668.6270258981691
2012-08-31 18:00:00,595.8524564450512
2012-08-31 19:00:00,417.7505240837282
2012-08-31 20:00:00,317.95939138252555
2012-08-31 21:00:00,262.179719920736
2012-08-31 22:00:00,235.2904075341992
2012-08-31 23:00:00,182.31002211661678
2012-09-20 00:00:00,46.22907624988046
2012-09-20 01:00:00,20.461670659799164
2012-09-20 02:00:00,10.749145691974238
2012-09-20 03:00:00,6.425675178077063
2012-09-20 04:00:00,6.596744909165562
2012-09-20 05:00:00,34.90582869050121
2012-09-20 06:00:00,155.7664014708977
2012-09-20 07:00:00,432.10942824236304
2012-09-20 08:00:00,624.2032803175797
2012-09-20 09:00:00,316.69944729084904
2012-09-20 10:00:00,182.0719868357386
2012-09-20 11:00:00,215.3200048279362
2012-09-20 12:00:00,280.91297437591686
2012-09-20 13:00:00,255.79908175878248
2012-09-20 14:00:00,205.4738256227012
2012-09-20 15:00:00,241.9036651860438
2012-09-20 16:00:00,346.8328629246647
2012-09-20 17:00:00,645.6567094316291
2012-09-20 18:00:00,621.0670023267795
2012-09-20 19:00:00,424.5289074315612
2012-09-20 20:00:00,343.003068614131
2012-09-20 21:00:00,262.327990289974
2012-09-20 22:00:00,214.1826621730061
2012-09-20 23:00:00,129.14820144282857
2012-09-21 00:00:00,60.006842536647376
2012-09-21 01:00:00,34.94779279695437
2012-09-21 02:00:00,19.02997610806158
2012-09-21 03:00:00,10.260356303478735
2012-09-21 04:00:00,7.473388656973824
2012-09-21 05:00:00,34.25700587378344
2012-09-21 06:00:00,141.93316622301504
2012-09-21 07:00:00,401.3813771844966
2012-09-21 08:00:00,633.6859128212923
2012-09-21 09:00:00,341.80449616794397
2012-09-21 10:00:00,204.53134125444794
2012-09-21 11:00:00,242.28473542348027
2012-09-21 12:00:00,291.88424638311966
2012-09-21 13:00:00,288.7230253166833
2012-09-21 14:00:00,282.8997903148777
2012-09-21 15:00:00,302.69815709782483
2012-09-21 16:00:00,456.2453724900872
2012-09-21 17:00:00,684.2376265618733
2012-09-21 18:00:00,584.4139120957506
2012-09-21 19:00:00,394.20231587426224
2012-09-21 20:00:00,282.8629411805706
2012-09-21 21:00:00,257.70952119808794
2012-09-21 22:00:00,214.5408020325793
2012-09-21 23:00:00,159.7213228418186
2012-09-22 00:00:00,135.49353783006836
2012-09-22 01:00:00,80.59732375007746
2012-09-22 02:00:00,59.67148939763427
2012-09-22 03:00:00,28.93631114068566
2012-09-22 04:00:00,9.690831778005467
2012-09-22 05:00:00,10.343204328692385
2012-09-22 06:00:00,22.586081804637224
2012-09-22 07:00:00,66.1301728266818
2012-09-22 08:00:00,149.61789248169114
2012-09-22 09:00:00,244.39211746449138
2012-09-22 10:00:00,340.0063275976613
2012-09-22 11:00:00,416.3630851819485
2012-09-22 12:00:00,564.4500544420933
2012-09-22 13:00:00,530.0399531110887
2012-09-22 14:00:00,542.1488359309459
2012-09-22 15:00:00,533.8046811685133
2012-09-22 16:00:00,498.44407776023843
2012-09-22 17:00:00,489.3860690334821
2012-09-22 18:00:00,466.4800265292473
2012-09-22 19:00:00,345.6595333843322
2012-09-22 20:00:00,336.39117696394896
2012-09-22 21:00:00,257.87779083615885
2012-09-22 22:00:00,216.9672660682681
2012-09-22 23:00:00,178.3374077483221
2012-09-23 00:00:00,173.4937562571225
2012-09-23 01:00:00,98.08777160430876
2012-09-23 02:00:00,87.1336303389265
2012-09-23 03:00:00,28.50914221053365
2012-09-23 04:00:00,8.516118197040214
2012-09-23 05:00:00,9.303585709508532
2012-09-23 06:00:00,14.514599878031081
2012-09-23 07:00:00,35.75319929520736
2012-09-23 08:00:00,87.65117193417254
2012-09-23 09:00:00,177.5407994604115
2012-09-23 10:00:00,355.04537919489206
2012-09-23 11:00:00,383.7234106614952
2012-09-23 12:00:00,513.8132072770961
2012-09-23 13:00:00,535.4614231001558
2012-09-23 14:00:00,501.8267989528998
2012-09-23 15:00:00,499.65167754153913
2012-09-23 16:00:00,501.1298255208786
2012-09-23 17:00:00,435.1396755794705
2012-09-23 18:00:00,391.5633823376641
2012-09-23 19:00:00,310.54479286517847
2012-09-23 20:00:00,236.69046940224732
2012-09-23 21:00:00,153.20744060069424
2012-09-23 22:00:00,122.08004539727419
2012-09-23 23:00:00,65.87595075916786
2012-09-24 00:00:00,30.617848880623036
2012-09-24 01:00:00,12.927378983586452
2012-09-24 02:00:00,6.268440442514244
2012-09-24 03:00:00,4.781363134319866
2012-09-24 04:00:00,6.185945343491913
2012-09-24 05:00:00,29.20537767928126
2012-09-24 06:00:00,120.07693028348923
2012-09-24 07:00:00,328.91265571266155
2012-09-24 08:00:00,543.3441684928242
2012-09-24 09:00:00,266.1675367607875
2012-09-24 10:00:00,152.5947514516714
2012-09-24 11:00:00,193.31212987240903
2012-09-24 12:00:00,258.19040703887845
2012-09-24 13:00:00,242.0354039612753
2012-09-24 14:00:00,204.98277718777194
2012-09-24 15:00:00,232.11038202862613
2012-09-24 16:00:00,358.7591850186635
2012-09-24 17:00:00,619.033196922422
2012-09-24 18:00:00,669.1153041245723
2012-09-24 19:00:00,485.59152867957545
2012-09-24 20:00:00,286.70383347513217
2012-09-24 21:00:00,184.8355259514616
2012-09-24 22:00:00,128.22894715808374
2012-09-24 23:00:00,72.33621024665442
2012-09-25 00:00:00,24.610872066916322
2012-09-25 01:00:00,10.075397385639572
2012-09-25 02:00:00,5.610980401703624
2012-09-25 03:00:00,3.825611088946146
2012-09-25 04:00:00,5.125759026060364
2012-09-25 05:00:00,28.674074229427266
2012-09-25 06:00:00,126.80387367824558
2012-09-25 07:00:00,325.64996695673534
2012-09-25 08:00:00,548.233173857976
2012-09-25 09:00:00,283.76084895055845
2012-09-25 10:00:00,143.40417280660338
2012-09-25 11:00:00,165.5905754816729
2012-09-25 12:00:00,238.97832670842868
2012-09-25 13:00:00,211.29896590130775
2012-09-25 14:00:00,231.68496349398106
2012-09-25 15:00:00,264.27120052827064
2012-09-25 16:00:00,387.78429495672566
2012-09-25 17:00:00,761.5559024181961
2012-09-25 18:00:00,736.0246989736759
2012-09-25 19:00:00,442.9923574121246
2012-09-25 20:00:00,305.4711356314046
2012-09-25 21:00:00,222.34153501733417
2012-09-25 22:00:00,154.40277271546952
2012-09-25 23:00:00,98.40103319211266
2012-09-26 00:00:00,31.848635543631048
2012-09-26 01:00:00,12.995780393805958
2012-09-26 02:00:00,6.487832172835709
2012-09-26 03:00:00,4.607577035337251
2012-09-26 04:00:00,7.014194712173291
2012-09-26 05:00:00,35.571023748788406
2012-09-26 06:00:00,149.09085614796803
2012-09-26 07:00:00,385.19026264051723
2012-09-26 08:00:00,670.6013265550763
2012-09-26 09:00:00,258.81319891523555
2012-09-26 10:00:00,132.69453575037562
2012-09-26 11:00:00,159.20133371961504
2012-09-26 12:00:00,202.55186651378713
2012-09-26 13:00:00,184.02907896679605
2012-09-26 14:00:00,193.346882787929
2012-09-26 15:00:00,217.9071114527827
2012-09-26 16:00:00,325.2839731577946
2012-09-26 17:00:00,608.8202198134106
2012-09-26 18:00:00,613.5425435221659
2012-09-26 19:00:00,440.6716490485886
2012-09-26 20:00:00,282.88694103244393
2012-09-26 21:00:00,226.6862478168504
2012-09-26 22:00:00,101.68531842994236
2012-09-26 23:00:00,94.634940247547
2012-09-27 00:00:00,36.14640467384647
2012-09-27 01:00:00,14.912652689662869
2012-09-27 02:00:00,7.857261272908408
2012-09-27 03:00:00,4.838916079059633
2012-09-27 04:00:00,5.588665348976416
2012-09-27 05:00:00,31.92685362199242
2012-09-27 06:00:00,154.61844302287594
2012-09-27 07:00:00,364.6732027653245
2012-09-27 08:00:00,595.593176260017
2012-09-27 09:00:00,260.4320007406593
2012-09-27 10:00:00,150.35767328147062
2012-09-27 11:00:00,170.71576018216885
2012-09-27 12:00:00,226.21064506940996
2012-09-27 13:00:00,212.76065327556898
2012-09-27 14:00:00,205.706640095786
2012-09-27 15:00:00,222.1290694959912
2012-09-27 16:00:00,270.8516429993218
2012-09-27 17:00:00,459.4190291915122
2012-09-27 18:00:00,448.1867360355055
2012-09-27 19:00:00,382.9011261370077
2012-09-27 20:00:00,251.66093631981016
2012-09-27 21:00:00,77.69101590026038
2012-09-27 22:00:00,60.21877993563671
2012-09-27 23:00:00,49.0886464628136
2012-09-28 00:00:00,26.812864745570007
2012-09-28 01:00:00,13.169888313437836
2012-09-28 02:00:00,6.356773570586296
2012-09-28 03:00:00,5.457982466137653
2012-09-28 04:00:00,4.6363367292737285
2012-09-28 05:00:00,33.20605877464173
2012-09-28 06:00:00,83.79581848794959
2012-09-28 07:00:00,227.16657882066582
2012-09-28 08:00:00,531.3740583412014
2012-09-28 09:00:00,242.71984195461442
2012-09-28 10:00:00,148.34921909135588
2012-09-28 11:00:00,173.28514930409054
2012-09-28 12:00:00,267.5547895086594
2012-09-28 13:00:00,254.72646041940743
2012-09-28 14:00:00,238.6881716603811
2012-09-28 15:00:00,241.57903368752125
2012-09-28 16:00:00,346.558289616769
2012-09-28 17:00:00,540.0418297849998
2012-09-28 18:00:00,463.32736379665386
2012-09-28 19:00:00,284.36245417133233
2012-09-28 20:00:00,174.60167602772825
2012-09-28 21:00:00,141.4365141629186
2012-09-28 22:00:00,158.99463039109153
2012-09-28 23:00:00,119.28873464355428
2012-09-29 00:00:00,117.47958887463548
2012-09-29 01:00:00,86.96898438898391
2012-09-29 02:00:00,47.942000356458344
2012-09-29 03:00:00,24.86557686135434
2012-09-29 04:00:00,10.762773872261812
2012-09-29 05:00:00,10.473574688591606
2012-09-29 06:00:00,23.31931016401249
2012-09-29 07:00:00,51.475510278728116
2012-09-29 08:00:00,124.80223513157443
2012-09-29 09:00:00,193.69236112983145
2012-09-29 10:00:00,336.0431316759365
2012-09-29 11:00:00,359.7492919832104
2012-09-29 12:00:00,575.8562528045405
2012-09-29 13:00:00,555.0569044516255
2012-09-29 14:00:00,547.1624228699922
2012-09-29 15:00:00,526.3120401483524
2012-09-29 16:00:00,563.1721497845674
2012-09-29 17:00:00,501.1930038529288
2012-09-29 18:00:00,359.0339846326314
2012-09-29 19:00:00,255.1524890272464
2012-09-29 20:00:00,213.6465778069682
2012-09-29 21:00:00,189.33455916666242
2012-09-29 22:00:00,144.27551925980544
2012-09-29 23:00:00,133.086832160809
2012-09-30 00:00:00,126.35074410037237
2012-09-30 01:00:00,94.48716912623382
2012-09-30 02:00:00,56.56363491081
2012-09-30 03:00:00,25.82410620911598
2012-09-30 04:00:00,8.708387484316779
2012-09-30 05:00:00,8.57837101742966
2012-09-30 06:00:00,14.974101084708693
2012-09-30 07:00:00,36.532687647143035
2012-09-30 08:00:00,90.48422479294992
2012-09-30 09:00:00,222.36942820706656
2012-09-30 10:00:00,326.2113089911465
2012-09-30 11:00:00,409.5675060672733
2012-09-30 12:00:00,540.6831128166968
2012-09-30 13:00:00,553.1564170636224
2012-09-30 14:00:00,517.7708079118771
2012-09-30 15:00:00,547.9669615293184
2012-09-30 16:00:00,520.6929159849059
2012-09-30 17:00:00,450.685880956142
2012-09-30 18:00:00,251.37205661545545
2012-09-30 19:00:00,184.10150008149023
2012-09-30 20:00:00,122.66818334652784
2012-09-30 21:00:00,120.56402878735783
2012-09-30 22:00:00,89.92998344331339
2012-09-30 23:00:00,67.19825789061326
2012-10-20 00:00:00,113.68291475105552
2012-10-20 01:00:00,89.71563485504892
2012-10-20 02:00:00,59.135296200921104
2012-10-20 03:00:00,23.899922756414707
2012-10-20 04:00:00,9.805912581744144
2012-10-20 05:00:00,11.064315630947396
2012-10-20 06:00:00,26.469257037381038
2012-10-20 07:00:00,60.593808748025474
2012-10-20 08:00:00,156.85122963899352
2012-10-20 09:00:00,259.81828309361293
2012-10-20 10:00:00,381.7283124201726
2012-10-20 11:00:00,458.5873156781148
2012-10-20 12:00:00,559.933247365868
2012-10-20 13:00:00,550.3416634630538
2012-10-20 14:00:00,540.2313691836907
2012-10-20 15:00:00,541.6623229329261
2012-10-20 16:00:00,548.3718887499899
2012-10-20 17:00:00,527.7676124159558
2012-10-20 18:00:00,427.59365041022363
2012-10-20 19:00:00,299.61755348240155
2012-10-20 20:00:00,231.636237674015
2012-10-20 21:00:00,174.0334985980377
2012-10-20 22:00:00,154.89275674867065
2012-10-20 23:00:00,128.52347040567645
2012-10-21 00:00:00,133.30507324436715
2012-10-21 01:00:00,84.85382886891318
2012-10-21 02:00:00,56.78094935536808
2012-10-21 03:00:00,25.061029849885923
2012-10-21 04:00:00,12.190628032177631
2012-10-21 05:00:00,9.993901808375027
2012-10-21 06:00:00,17.387625349030067
2012-10-21 07:00:00,40.24118498826087
2012-10-21 08:00:00,97.77493305340734
2012-10-21 09:00:00,175.46285572054427
2012-10-21 10:00:00,310.44770028504024
2012-10-21 11:00:00,411.4001543631462
2012-10-21 12:00:00,520.0393877609351
2012-10-21 13:00:00,555.7768400756844
2012-10-21 14:00:00,511.4566132999786
2012-10-21 15:00:00,497.65661994067915
2012-10-21 16:00:00,533.944623729936
2012-10-21 17:00:00,460.7150884275755
2012-10-21 18:00:00,380.9098287686216
2012-10-21 19:00:00,277.6315730504384
2012-10-21 20:00:00,187.2644656785662
2012-10-21 21:00:00,135.40433794538242
2012-10-21 22:00:00,104.7547061094881
2012-10-21 23:00:00,77.55067029626903
2012-10-22 00:00:00,31.32759699797226
2012-10-22 01:00:00,13.508448076406994
2012-10-22 02:00:00,6.859958030708383
2012-10-22 03:00:00,4.287873812832209
2012-10-22 04:00:00,5.628393858824097
2012-10-22 05:00:00,28.77068923279973
2012-10-22 06:00:00,110.5679914661701
2012-10-22 07:00:00,325.3884206524442
2012-10-22 08:00:00,583.803796484766
2012-10-22 09:00:00,290.59800838161334
2012-10-22 10:00:00,161.92311033530723
2012-10-22 11:00:00,194.94223995676316
2012-10-22 12:00:00,243.13266111231928
2012-10-22 13:00:00,236.00393205865674
2012-10-22 14:00:00,230.53921783502705
2012-10-22 15:00:00,242.4686095876142
2012-10-22 16:00:00,384.96385077884077
2012-10-22 17:00:00,707.1024392945559
2012-10-22 18:00:00,599.3634357702651
2012-10-22 19:00:00,436.3017264314481
2012-10-22 20:00:00,301.67822067366063
2012-10-22 21:00:00,205.39711267371962
2012-10-22 22:00:00,121.63792779628612
2012-10-22 23:00:00,77.16011146774305
2012-10-23 00:00:00,26.976267577156143
2012-10-23 01:00:00,13.312108666632799
2012-10-23 02:00:00,5.356742643826816
2012-10-23 03:00:00,4.4695619039415435
2012-10-23 04:00:00,5.857769110857575
2012-10-23 05:00:00,30.67300498932052
2012-10-23 06:00:00,132.58034963499009
2012-10-23 07:00:00,343.80289914035467
2012-10-23 08:00:00,590.3175449702712
2012-10-23 09:00:00,263.2240757130244
2012-10-23 10:00:00,166.28506911025363
2012-10-23 11:00:00,203.21513876138727
2012-10-23 12:00:00,275.4427688564079
2012-10-23 13:00:00,291.6809651172599
2012-10-23 14:00:00,253.83501772693086
2012-10-23 15:00:00,289.9200102415244
2012-10-23 16:00:00,408.7398768120384
2012-10-23 17:00:00,799.3091183789822
2012-10-23 18:00:00,705.3035526129947
2012-10-23 19:00:00,493.39320337334124
2012-10-23 20:00:00,330.04768609689273
2012-10-23 21:00:00,232.94070781176237
2012-10-23 22:00:00,171.54049874433753
2012-10-23 23:00:00,109.44768100967835
2012-10-24 00:00:00,39.644840469433646
2012-10-24 01:00:00,15.312477439524272
2012-10-24 02:00:00,7.376865013431341
2012-10-24 03:00:00,5.357743493967721
2012-10-24 04:00:00,6.7233487705136525
2012-10-24 05:00:00,31.767489309248813
2012-10-24 06:00:00,171.6747747370155
2012-10-24 07:00:00,346.5408717719017
2012-10-24 08:00:00,623.2962636609078
2012-10-24 09:00:00,294.666023124514
2012-10-24 10:00:00,170.4481749489461
2012-10-24 11:00:00,210.14411869807392
2012-10-24 12:00:00,275.77533800035053
2012-10-24 13:00:00,280.6404156406974
2012-10-24 14:00:00,270.50627208104254
2012-10-24 15:00:00,310.57241633715745
2012-10-24 16:00:00,455.9600401014141
2012-10-24 17:00:00,766.4874914598576
2012-10-24 18:00:00,783.9392247102029
2012-10-24 19:00:00,613.0173894521088
2012-10-24 20:00:00,426.9326205550209
2012-10-24 21:00:00,320.2609164481473
2012-10-24 22:00:00,231.20042928736927
2012-10-24 23:00:00,134.48791429052187
2012-10-25 00:00:00,49.22787001544093
2012-10-25 01:00:00,20.14728826181033
2012-10-25 02:00:00,9.569753481600545
2012-10-25 03:00:00,5.239713908601959
2012-10-25 04:00:00,6.629970693849582
2012-10-25 05:00:00,31.371565127344077
2012-10-25 06:00:00,148.70925103564593
2012-10-25 07:00:00,372.20101536683626
2012-10-25 08:00:00,561.4311520119509
2012-10-25 09:00:00,250.3545055828182
2012-10-25 10:00:00,133.4830391995484
2012-10-25 11:00:00,145.396392664814
2012-10-25 12:00:00,203.93953768243514
2012-10-25 13:00:00,181.72571477285206
2012-10-25 14:00:00,228.3994072727636
2012-10-25 15:00:00,258.38428982869425
2012-10-25 16:00:00,359.24976431273564
2012-10-25 17:00:00,661.7924553456478
2012-10-25 18:00:00,448.46689283610453
2012-10-25 19:00:00,309.1501188398559
2012-10-25 20:00:00,246.66383050041142
2012-10-25 21:00:00,189.97982825216764
2012-10-25 22:00:00,144.20652375932332
2012-10-25 23:00:00,98.74275198198474
2012-10-26 00:00:00,55.651857383305305
2012-10-26 01:00:00,24.65748666621266
2012-10-26 02:00:00,12.388824925189299
2012-10-26 03:00:00,6.707738449029988
2012-10-26 04:00:00,6.702104035125279
2012-10-26 05:00:00,30.630535154619512
2012-10-26 06:00:00,123.30570883213463
2012-10-26 07:00:00,330.10741588058795
2012-10-26 08:00:00,522.208434188231
2012-10-26 09:00:00,287.4412816019886
2012-10-26 10:00:00,157.04184382557605
2012-10-26 11:00:00,188.90089207320455
2012-10-26 12:00:00,287.3967186800972
2012-10-26 13:00:00,255.36102932035917
2012-10-26 14:00:00,271.21759683745034
2012-10-26 15:00:00,317.40135774395026
2012-10-26 16:00:00,386.70686740081754
2012-10-26 17:00:00,494.654391327942
2012-10-26 18:00:00,404.3162114974205
2012-10-26 19:00:00,247.67335184026945
2012-10-26 20:00:00,195.37195414151932
2012-10-26 21:00:00,189.73577114849445
2012-10-26 22:00:00,141.5204890632264
2012-10-26 23:00:00,137.16247130801204
2012-10-27 00:00:00,123.36458952887348
2012-10-27 01:00:00,78.920090105701
2012-10-27 02:00:00,46.29288736009011
2012-10-27 03:00:00,27.894475556280725
2012-10-27 04:00:00,9.558385110309377
2012-10-27 05:00:00,10.53641247911869
2012-10-27 06:00:00,23.972259489103603
2012-10-27 07:00:00,62.311536851999925
2012-10-27 08:00:00,144.57783924924132
2012-10-27 09:00:00,201.8320784296882
2012-10-27 10:00:00,379.4235036284219
2012-10-27 11:00:00,424.8089678677135
2012-10-27 12:00:00,592.4791517076724
2012-10-27 13:00:00,577.8050258101747
2012-10-27 14:00:00,545.1522318346014
2012-10-27 15:00:00,453.9357267451739
2012-10-27 16:00:00,449.3292441060284
2012-10-27 17:00:00,411.89443593603613
2012-10-27 18:00:00,350.29418642040116
2012-10-27 19:00:00,302.6715059272383
2012-10-27 20:00:00,235.637993221364
2012-10-27 21:00:00,199.83443004412948
2012-10-27 22:00:00,177.4769419075489
2012-10-27 23:00:00,132.76039296191382
2012-10-28 00:00:00,130.67214627198038
2012-10-28 01:00:00,87.89075348753677
2012-10-28 02:00:00,59.60993350213226
2012-10-28 03:00:00,26.958692143325237
2012-10-28 04:00:00,10.711400564934541
2012-10-28 05:00:00,10.770647192730658
2012-10-28 06:00:00,19.384786304442
2012-10-28 07:00:00,47.27318791656551
2012-10-28 08:00:00,96.20123837077072
2012-10-28 09:00:00,166.81453085919748
2012-10-28 10:00:00,262.71003016531154
2012-10-28 11:00:00,336.592582820009
2012-10-28 12:00:00,334.0523101211729
2012-10-28 13:00:00,351.62693496762205
2012-10-28 14:00:00,331.18888644128253
2012-10-28 15:00:00,333.4834296706088
2012-10-28 16:00:00,257.7184613289643
2012-10-28 17:00:00,183.09361394411243
2012-10-28 18:00:00,90.77572579037069
2012-10-28 19:00:00,94.97458165102073
2012-10-28 20:00:00,59.021830535537646
2012-10-28 21:00:00,52.168710695597504
2012-10-28 22:00:00,47.64750495470115
2012-10-28 23:00:00,33.85902349199623
2012-10-29 00:00:00,21.78292203063248
2012-10-30 13:00:00,69.75604933839445
2012-10-30 14:00:00,64.31755000887352
2012-10-30 15:00:00,74.08834333576824
2012-10-30 16:00:00,110.1993753120823
2012-10-30 17:00:00,250.0032298093777
2012-10-30 18:00:00,256.8201805228779
2012-10-30 19:00:00,367.7506119455542
2012-10-30 20:00:00,155.50897153222667
2012-10-30 21:00:00,100.06922061443214
2012-10-30 22:00:00,80.79557003441569
2012-10-30 23:00:00,53.4514537909524
2012-10-31 00:00:00,28.369457229796875
2012-10-31 01:00:00,11.817150531894146
2012-10-31 02:00:00,6.036197487322924
2012-10-31 03:00:00,4.578965704699241
2012-10-31 04:00:00,4.72020082960784
2012-10-31 05:00:00,28.640289477500435
2012-10-31 06:00:00,128.99172816415918
2012-10-31 07:00:00,304.72524199823414
2012-10-31 08:00:00,543.1774020199268
2012-10-31 09:00:00,266.1855015369065
2012-10-31 10:00:00,135.1856408451192
2012-10-31 11:00:00,167.61306633505995
2012-10-31 12:00:00,236.86854804753565
2012-10-31 13:00:00,233.98506417453518
2012-10-31 14:00:00,230.3081517477562
2012-10-31 15:00:00,258.9878347021339
2012-10-31 16:00:00,386.19625692239686
2012-10-31 17:00:00,669.8245328693326
2012-10-31 18:00:00,620.7008015272734
2012-10-31 19:00:00,497.7764553961105
2012-10-31 20:00:00,333.36884058405917
2012-10-31 21:00:00,251.7767173964998
2012-10-31 22:00:00,166.11167284142255
2012-10-31 23:00:00,106.78217256111306
2012-11-20 00:00:00,24.734609983455456
2012-11-20 01:00:00,11.40813816969168
2012-11-20 02:00:00,5.746858865267372
2012-11-20 03:00:00,4.866575154588438
2012-11-20 04:00:00,6.9130498571479935
2012-11-20 05:00:00,32.469384753778215
2012-11-20 06:00:00,144.66387949158255
2012-11-20 07:00:00,339.53827173806974
2012-11-20 08:00:00,660.2041730511071
2012-11-20 09:00:00,279.97873703740316
2012-11-20 10:00:00,145.59119147065928
2012-11-20 11:00:00,149.03182279929018
2012-11-20 12:00:00,169.30757861459813
2012-11-20 13:00:00,190.800205531356
2012-11-20 14:00:00,187.21492280154487
2012-11-20 15:00:00,203.66129287284525
2012-11-20 16:00:00,280.79131439761403
2012-11-20 17:00:00,515.3026464328854
2012-11-20 18:00:00,504.16882442264625
2012-11-20 19:00:00,347.45109986553376
2012-11-20 20:00:00,219.06722744823705
2012-11-20 21:00:00,165.7595723220417
2012-11-20 22:00:00,119.11862262204052
2012-11-20 23:00:00,59.0483293442614
2012-11-21 00:00:00,24.521084706672212
2012-11-21 01:00:00,11.234061668663001
2012-11-21 02:00:00,5.300165587696659
2012-11-21 03:00:00,3.933763336968862
2012-11-21 04:00:00,5.166389295995481
2012-11-21 05:00:00,26.29983070592581
2012-11-21 06:00:00,114.92437097799635
2012-11-21 07:00:00,280.7054895780889
2012-11-21 08:00:00,697.6692898870862
2012-11-21 09:00:00,246.52857566965287
2012-11-21 10:00:00,145.95336530339998
2012-11-21 11:00:00,188.45549804800444
2012-11-21 12:00:00,226.7976419791751
2012-11-21 13:00:00,217.99225311316383
2012-11-21 14:00:00,201.33566026802228
2012-11-21 15:00:00,221.48223460938846
2012-11-21 16:00:00,319.48469874406675
2012-11-21 17:00:00,623.6991639173725
2012-11-21 18:00:00,562.6173249832507
2012-11-21 19:00:00,407.78448815840187
2012-11-21 20:00:00,249.30973715402058
2012-11-21 21:00:00,203.0743549822562
2012-11-21 22:00:00,131.51627927200153
2012-11-21 23:00:00,86.73494073177434
2012-11-22 00:00:00,39.83448323457085
2012-11-22 01:00:00,25.31183683236458
2012-11-22 02:00:00,14.27126336670855
2012-11-22 03:00:00,7.184227843793579
2012-11-22 04:00:00,6.872831678557551
2012-11-22 05:00:00,10.3981792045076
2012-11-22 06:00:00,37.07201209233179
2012-11-22 07:00:00,93.4508160228834
2012-11-22 08:00:00,234.14972063523683
2012-11-22 09:00:00,205.86146355554462
2012-11-22 10:00:00,217.2225922858162
2012-11-22 11:00:00,251.9289531462554
2012-11-22 12:00:00,293.00319305939865
2012-11-22 13:00:00,254.36599676488873
2012-11-22 14:00:00,225.26299627186697
2012-11-22 15:00:00,234.36025281649893
2012-11-22 16:00:00,260.455551499547
2012-11-22 17:00:00,319.3890511425663
2012-11-22 18:00:00,325.3261432250746
2012-11-22 19:00:00,217.43674298679014
2012-11-22 20:00:00,179.334334507619
2012-11-22 21:00:00,134.9782566324056
2012-11-22 22:00:00,102.34237631180588
2012-11-22 23:00:00,70.51755978154058
2012-11-23 00:00:00,38.45994356456359
2012-11-23 01:00:00,20.26917242654124
2012-11-23 02:00:00,9.592419665927448
2012-11-23 03:00:00,5.130220262598233
2012-11-23 04:00:00,5.043361868352921
2012-11-23 05:00:00,22.303497650403216
2012-11-23 06:00:00,80.21806689140958
2012-11-23 07:00:00,250.7916665035752
2012-11-23 08:00:00,466.98670554185264
2012-11-23 09:00:00,276.2648549436016
2012-11-23 10:00:00,168.57685338321411
2012-11-23 11:00:00,214.66880476016684
2012-11-23 12:00:00,251.8623899857883
2012-11-23 13:00:00,226.14633936341963
2012-11-23 14:00:00,214.13606155427684
2012-11-23 15:00:00,240.8231624821136
2012-11-23 16:00:00,357.32996943842534
2012-11-23 17:00:00,504.57145884682046
2012-11-23 18:00:00,431.74080128198364
2012-11-23 19:00:00,308.95757979955107
2012-11-23 20:00:00,225.92312192712515
2012-11-23 21:00:00,178.5351000140578
2012-11-23 22:00:00,141.77164398939897
2012-11-23 23:00:00,118.98559425843541
2012-11-24 00:00:00,86.77424927888309
2012-11-24 01:00:00,56.562148898071094
2012-11-24 02:00:00,34.562127908236434
2012-11-24 03:00:00,17.726249219948112
2012-11-24 04:00:00,4.96468020986376
2012-11-24 05:00:00,5.564262974005648
2012-11-24 06:00:00,15.003399398436187
2012-11-24 07:00:00,40.66284401407324
2012-11-24 08:00:00,96.58221408799825
2012-11-24 09:00:00,147.4954941730458
2012-11-24 10:00:00,233.63460548155848
2012-11-24 11:00:00,303.1745675019787
2012-11-24 12:00:00,305.3962505387714
2012-11-24 13:00:00,347.24156962141456
2012-11-24 14:00:00,289.8044229731781
2012-11-24 15:00:00,294.94398170656706
2012-11-24 16:00:00,288.0933894698951
2012-11-24 17:00:00,219.85810582546705
2012-11-24 18:00:00,185.41520243996712
2012-11-24 19:00:00,164.11671099052043
2012-11-24 20:00:00,107.18959804213242
2012-11-24 21:00:00,105.49746924811289
2012-11-24 22:00:00,90.07941042211777
2012-11-24 23:00:00,79.643286068363
2012-11-25 00:00:00,59.24440275775548
2012-11-25 01:00:00,52.68755193783123
2012-11-25 02:00:00,31.70044461595121
2012-11-25 03:00:00,17.341738545776902
2012-11-25 04:00:00,6.480209688749167
2012-11-25 05:00:00,5.687202040226407
2012-11-25 06:00:00,13.27575543932232
2012-11-25 07:00:00,32.946175819933096
2012-11-25 08:00:00,79.26720422749177
2012-11-25 09:00:00,155.27208290617912
2012-11-25 10:00:00,200.84236756796884
2012-11-25 11:00:00,308.0483824996235
2012-11-25 12:00:00,354.4796459447803
2012-11-25 13:00:00,343.2435971855548
2012-11-25 14:00:00,363.5008017335469
2012-11-25 15:00:00,326.5573231911154
2012-11-25 16:00:00,333.6552203881296
2012-11-25 17:00:00,244.48095482234297
2012-11-25 18:00:00,199.44164040907327
2012-11-25 19:00:00,132.12653118093078
2012-11-25 20:00:00,91.60929242630156
2012-11-25 21:00:00,81.69924654871805
2012-11-25 22:00:00,59.261777161370055
2012-11-25 23:00:00,43.24043613073442
2012-11-26 00:00:00,17.245077457855967
2012-11-26 01:00:00,7.1721517016413
2012-11-26 02:00:00,4.100883579704042
2012-11-26 03:00:00,2.9238237902228885
2012-11-26 04:00:00,4.540119198727448
2012-11-26 05:00:00,23.123964919161185
2012-11-26 06:00:00,77.70918209463906
2012-11-26 07:00:00,241.8997644867457
2012-11-26 08:00:00,446.57207778196255
2012-11-26 09:00:00,268.83562376045035
2012-11-26 10:00:00,127.17889794000483
2012-11-26 11:00:00,170.76372522989973
2012-11-26 12:00:00,236.91973005965147
2012-11-26 13:00:00,228.20343284947273
2012-11-26 14:00:00,193.11660542996586
2012-11-26 15:00:00,222.90430651220578
2012-11-26 16:00:00,294.7415249438021
2012-11-26 17:00:00,546.3726190609225
2012-11-26 18:00:00,478.7847237169122
2012-11-26 19:00:00,303.8899172178195
2012-11-26 20:00:00,195.27429682075396
2012-11-26 21:00:00,133.84193483238977
2012-11-26 22:00:00,88.18101658521688
2012-11-26 23:00:00,62.211273353192084
2012-11-27 00:00:00,26.98440144772335
2012-11-27 01:00:00,11.9165716835678
2012-11-27 02:00:00,6.0256090690810735
2012-11-27 03:00:00,4.5571038844311476
2012-11-27 04:00:00,5.128329453544731
2012-11-27 05:00:00,27.676542923869725
2012-11-27 06:00:00,128.03198919940962
2012-11-27 07:00:00,224.75361392016947
2012-11-27 08:00:00,342.15586077998137
2012-11-27 09:00:00,262.1617185832413
2012-11-27 10:00:00,73.18465107565673
2012-11-27 11:00:00,65.0016139839622
2012-11-27 12:00:00,79.21966310516756
2012-11-27 13:00:00,78.31990045076408
2012-11-27 14:00:00,62.30409240112455
2012-11-27 15:00:00,133.52568120467026
2012-11-27 16:00:00,196.13238739241748
2012-11-27 17:00:00,406.9789214784399
2012-11-27 18:00:00,239.53131067984006
2012-11-27 19:00:00,240.39234413400015
2012-11-27 20:00:00,160.50908348147408
2012-11-27 21:00:00,94.13598200320057
2012-11-27 22:00:00,78.4545362660542
2012-11-27 23:00:00,57.78277019707092
2012-11-28 00:00:00,30.480721676946587
2012-11-28 01:00:00,12.418487412942758
2012-11-28 02:00:00,6.560651339024041
2012-11-28 03:00:00,4.776286254706654
2012-11-28 04:00:00,6.55417151368376
2012-11-28 05:00:00,31.10563854875059
2012-11-28 06:00:00,127.36006573885454
2012-11-28 07:00:00,436.04403247437693
2012-11-28 08:00:00,652.5025139818079
2012-11-28 09:00:00,321.39837489097476
2012-11-28 10:00:00,154.2237494400592
2012-11-28 11:00:00,168.07273386832483
2012-11-28 12:00:00,216.1533046472796
2012-11-28 13:00:00,207.689094237387
2012-11-28 14:00:00,185.30378615738522
2012-11-28 15:00:00,192.10244560640902
2012-11-28 16:00:00,283.2236762798576
2012-11-28 17:00:00,527.684391297624
2012-11-28 18:00:00,441.64243728623876
2012-11-28 19:00:00,335.0104191433934
2012-11-28 20:00:00,239.23998744373617
2012-11-28 21:00:00,174.92825146362165
2012-11-28 22:00:00,124.62119254086751
2012-11-28 23:00:00,77.50591223565695
2012-11-29 00:00:00,28.843875263734695
2012-11-29 01:00:00,9.899271763041778
2012-11-29 02:00:00,4.7617276739399506
2012-11-29 04:00:00,4.657014264649156
2012-11-29 05:00:00,21.02089165110987
2012-11-29 06:00:00,100.29017656274794
2012-11-29 07:00:00,265.3154979051054
2012-11-29 08:00:00,556.5994763143271
2012-11-29 09:00:00,247.18124769845167
2012-11-29 10:00:00,131.18005932884827
2012-11-29 11:00:00,172.01742518918115
2012-11-29 12:00:00,217.47802690867402
2012-11-29 13:00:00,224.03262962538537
2012-11-29 14:00:00,174.80892331296835
2012-11-29 15:00:00,185.59132653690205
2012-11-29 16:00:00,284.7250529717871
2012-11-29 17:00:00,504.71335014469184
2012-11-29 18:00:00,432.33033819108493
2012-11-29 19:00:00,300.83234620405267
2012-11-29 20:00:00,228.95166905163723
2012-11-29 21:00:00,138.51436289316408
2012-11-29 22:00:00,115.54206004005722
2012-11-29 23:00:00,80.1920224095556
2012-11-30 00:00:00,38.073733931055806
2012-11-30 01:00:00,17.49548544850678
2012-11-30 02:00:00,8.114411885533615
2012-11-30 03:00:00,4.736821923362553
2012-11-30 04:00:00,4.057227852687343
2012-11-30 05:00:00,17.71544707989365
2012-11-30 06:00:00,58.960874867912956
2012-11-30 07:00:00,223.4512908919471
2012-11-30 08:00:00,445.49685000194296
2012-11-30 09:00:00,241.83979083679338
2012-11-30 10:00:00,150.02922062740606
2012-11-30 11:00:00,207.5215238528825
2012-11-30 12:00:00,266.0685294886924
2012-11-30 13:00:00,262.0349682827886
2012-11-30 14:00:00,244.4302353771285
2012-11-30 15:00:00,240.70993209756185
2012-11-30 16:00:00,373.55673424216485
2012-11-30 17:00:00,484.20399730105026
2012-11-30 18:00:00,337.359969698134
2012-11-30 19:00:00,216.72572624594844
2012-11-30 20:00:00,164.63661862564155
2012-11-30 21:00:00,117.9756508111334
2012-11-30 22:00:00,108.73491347409828
2012-11-30 23:00:00,84.908262099696
2012-12-20 00:00:00,38.10749677101653
2012-12-20 01:00:00,16.172629009736358
2012-12-20 02:00:00,7.552105035488444
2012-12-20 03:00:00,4.537910209754534
2012-12-20 04:00:00,5.620629342153745
2012-12-20 05:00:00,29.307578859192624
2012-12-20 06:00:00,121.61507833156607
2012-12-20 07:00:00,370.64586771677426
2012-12-20 08:00:00,585.4205548527415
2012-12-20 09:00:00,274.2558301123392
2012-12-20 10:00:00,135.3404884377398
2012-12-20 11:00:00,150.10369547586535
2012-12-20 12:00:00,206.31731115103796
2012-12-20 13:00:00,171.873448607254
2012-12-20 14:00:00,165.97908604339185
2012-12-20 15:00:00,158.47488015253288
2012-12-20 16:00:00,214.99441334376647
2012-12-20 17:00:00,430.46305752568935
2012-12-20 18:00:00,407.90069415627636
2012-12-20 19:00:00,196.58720299761407
2012-12-20 20:00:00,123.33956594308802
2012-12-20 21:00:00,95.09862896573665
2012-12-20 22:00:00,51.86431937575717
2012-12-20 23:00:00,38.330830269629324
2012-12-21 00:00:00,21.64283795541866
2012-12-21 01:00:00,10.3324810500663
2012-12-21 02:00:00,4.804275197001329
2012-12-21 03:00:00,2.5401414561138442
2012-12-21 04:00:00,3.1865479140940183
2012-12-21 05:00:00,14.709415890675817
2012-12-21 06:00:00,52.74470641343447
2012-12-21 07:00:00,175.11909255047226
2012-12-21 08:00:00,294.4501765953871
2012-12-21 09:00:00,182.80899551907328
2012-12-21 10:00:00,107.66322185796831
2012-12-21 11:00:00,106.85341060329417
2012-12-21 12:00:00,129.357918312171
2012-12-21 13:00:00,121.79314567990751
2012-12-21 14:00:00,106.03032557483581
2012-12-21 15:00:00,117.02423279355051
2012-12-21 16:00:00,158.20240091254493
2012-12-21 17:00:00,219.4443078574156
2012-12-21 18:00:00,195.80755580610267
2012-12-21 19:00:00,141.51388325769182
2012-12-21 20:00:00,113.3652543414066
2012-12-21 21:00:00,80.7065313310676
2012-12-21 22:00:00,77.32942005431802
2012-12-21 23:00:00,57.5384870828718
2012-12-22 00:00:00,38.12636629623041
2012-12-22 01:00:00,30.411530934500718
2012-12-22 02:00:00,22.268056792169276
2012-12-22 03:00:00,9.377840604662715
2012-12-22 04:00:00,3.1428037392616153
2012-12-22 05:00:00,2.6346634951049763
2012-12-22 06:00:00,5.847984859520734
2012-12-22 07:00:00,12.14937339145321
2012-12-22 08:00:00,31.443475176136744
2012-12-22 09:00:00,65.79818547352012
2012-12-22 10:00:00,123.75463755857861
2012-12-22 11:00:00,152.1468781946249
2012-12-22 12:00:00,168.36423369839284
2012-12-22 13:00:00,170.23396338706857
2012-12-22 14:00:00,154.2776634058329
2012-12-22 15:00:00,148.0238562332869
2012-12-22 16:00:00,144.95333903262446
2012-12-22 17:00:00,117.54964909951438
2012-12-22 18:00:00,87.65859806486169
2012-12-22 19:00:00,72.32205399319301
2012-12-22 20:00:00,70.18201848634298
2012-12-22 21:00:00,54.60391386102122
2012-12-22 22:00:00,48.1775045564923
2012-12-22 23:00:00,41.50671188738431
2012-12-23 00:00:00,37.10187013109137
2012-12-23 01:00:00,33.274827229427714
2012-12-23 02:00:00,25.360906615472132
2012-12-23 03:00:00,13.053435202309782
2012-12-23 04:00:00,3.373639145464218
2012-12-23 05:00:00,2.1746755428973494
2012-12-23 06:00:00,3.900658540313179
2012-12-23 07:00:00,8.289915375208407
2012-12-23 08:00:00,25.403059292727765
2012-12-23 09:00:00,57.24472415273227
2012-12-23 10:00:00,89.96131304820089
2012-12-23 11:00:00,139.19347833469553
2012-12-23 12:00:00,198.90362221409748
2012-12-23 13:00:00,176.18870373884042
2012-12-23 14:00:00,161.53714897662192
2012-12-23 15:00:00,203.63904241249614
2012-12-23 16:00:00,201.4831287303136
2012-12-23 17:00:00,107.3688283743081
2012-12-23 18:00:00,92.97526557125173
2012-12-23 19:00:00,81.9894138691011
2012-12-23 20:00:00,49.57724707406521
2012-12-23 21:00:00,40.977398690187194
2012-12-23 22:00:00,33.1800173887058
2012-12-23 23:00:00,20.386732282577825
2012-12-24 00:00:00,12.565405077792342
2012-12-24 01:00:00,5.768063535576796
2012-12-24 02:00:00,3.371754763012766
2012-12-24 03:00:00,2.2655089819875527
2012-12-24 05:00:00,12.40591345449814
2012-12-24 06:00:00,47.5793619219156
2012-12-24 07:00:00,140.76389563761927
2012-12-24 08:00:00,285.34771908390235
2012-12-24 09:00:00,168.82177572676883
2012-12-24 10:00:00,81.01989984420705
2012-12-24 11:00:00,89.48454582774542
2012-12-24 12:00:00,96.69537842433506
2012-12-24 13:00:00,63.349753414198375
2012-12-24 14:00:00,58.95831996904701
2012-12-24 15:00:00,55.20113405821003
2012-12-24 16:00:00,80.66463155078173
2012-12-24 17:00:00,169.24650175749898
2012-12-24 18:00:00,154.85036824803237
2012-12-24 19:00:00,145.33022305279454
2012-12-24 20:00:00,80.19272874973338
2012-12-24 21:00:00,49.58049076359633
2012-12-24 22:00:00,40.60538340539249
2012-12-24 23:00:00,20.584707359629277
2012-12-25 00:00:00,13.712475019711446
2012-12-25 01:00:00,18.44971962888006
2012-12-25 02:00:00,13.383539143091976
2012-12-25 04:00:00,4.4449577532508044
2012-12-25 05:00:00,3.728303282968994
2012-12-25 06:00:00,9.539083534574747
2012-12-25 07:00:00,22.77705174640547
2012-12-25 08:00:00,66.71056796416813
2012-12-25 09:00:00,103.0305739472001
2012-12-25 10:00:00,140.854618181943
2012-12-25 11:00:00,176.2497321315766
2012-12-25 12:00:00,206.65092030987503
2012-12-25 13:00:00,268.782552788298
2012-12-25 14:00:00,258.08854448779704
2012-12-25 15:00:00,259.1954836687961
2012-12-25 16:00:00,234.88273008161772
2012-12-25 17:00:00,199.12082832409143
2012-12-25 18:00:00,165.1089868739357
2012-12-25 19:00:00,146.2780096569594
2012-12-25 20:00:00,116.13678042379802
2012-12-25 21:00:00,77.06636157224135
2012-12-25 22:00:00,59.33948562288615
2012-12-25 23:00:00,32.382859001680636
2012-12-26 00:00:00,19.58791822476423
2012-12-26 01:00:00,7.088161072645611
2012-12-26 02:00:00,3.793110875947563
2012-12-26 03:00:00,2.5786197165885585
2012-12-26 04:00:00,1.8476622073656768
2012-12-26 05:00:00,12.167658516556093
2012-12-26 06:00:00,61.518118334219245
2012-12-26 07:00:00,44.254100331677115
2012-12-26 08:00:00,82.08826163537093
2012-12-26 09:00:00,44.51893833120617
2012-12-26 10:00:00,17.911865097390034
2012-12-26 11:00:00,16.30983239262023
2012-12-26 12:00:00,21.96676374101631
2012-12-26 13:00:00,19.504507502270144
2012-12-26 14:00:00,18.937344577917994
2012-12-26 15:00:00,26.65823160480164
2012-12-26 16:00:00,37.74339346504293
2012-12-26 17:00:00,62.098539471442614
2012-12-26 18:00:00,65.90087172280313
2012-12-26 19:00:00,76.63129143631416
2012-12-26 20:00:00,41.17082184363057
2012-12-26 21:00:00,61.86259433561576
2012-12-26 22:00:00,13.710523268564177
2012-12-26 23:00:00,14.845077966677701
2012-12-27 00:00:00,11.707152246361241
2012-12-27 01:00:00,2.8434252283239863
2012-12-27 02:00:00,2.671368686692172
2012-12-27 03:00:00,3.110354044654895
2012-12-27 04:00:00,2.3545873971846136
2012-12-27 05:00:00,19.9674568977316
2012-12-27 06:00:00,61.391343307851976
2012-12-27 07:00:00,247.6108282884754
2012-12-27 08:00:00,352.8501412830298
2012-12-27 09:00:00,203.44516739922972
2012-12-27 10:00:00,96.480001733669
2012-12-27 11:00:00,86.779748969135
2012-12-27 12:00:00,107.4360621893136
2012-12-27 13:00:00,98.97966071592369
2012-12-27 14:00:00,75.77804743267583
2012-12-27 15:00:00,80.63204065067617
2012-12-27 16:00:00,133.76603369282694
2012-12-27 17:00:00,252.88156970491175
2012-12-27 18:00:00,240.2131918991637
2012-12-27 19:00:00,180.95339337338086
2012-12-27 20:00:00,141.22251748579538
2012-12-27 21:00:00,93.96227379829875
2012-12-27 22:00:00,69.20295921129184
2012-12-27 23:00:00,46.61605637435608
2012-12-28 00:00:00,25.23177110078461
2012-12-28 01:00:00,14.295295716035994
2012-12-28 02:00:00,7.431483949229834
2012-12-28 03:00:00,3.9931919674711467
2012-12-28 04:00:00,3.054096578489495
2012-12-28 05:00:00,14.664875203730876
2012-12-28 06:00:00,47.53741355222875
2012-12-28 07:00:00,165.35000457201585
2012-12-28 08:00:00,363.5799439917526
2012-12-28 09:00:00,191.422395962551
2012-12-28 10:00:00,103.71713528287913
2012-12-28 11:00:00,109.60094536197352
2012-12-28 12:00:00,133.05153477475898
2012-12-28 13:00:00,121.42056588973423
2012-12-28 14:00:00,109.99706264862013
2012-12-28 15:00:00,112.6534963757205
2012-12-28 16:00:00,177.0920195791389
2012-12-28 17:00:00,249.761893146811
2012-12-28 18:00:00,217.94393671464476
2012-12-28 19:00:00,143.3170067747892
2012-12-28 20:00:00,91.04766700817092
2012-12-28 21:00:00,89.85716844733587
2012-12-28 22:00:00,74.83798404069293
2012-12-28 23:00:00,49.27017265824605
2012-12-29 00:00:00,38.4752603366367
2012-12-29 01:00:00,34.084261705407904
2012-12-29 02:00:00,23.88057564485314
2012-12-29 03:00:00,11.184707726225007
2012-12-29 04:00:00,3.466411508532862
2012-12-29 05:00:00,3.148753680664002
2012-12-29 06:00:00,6.740290002112315
2012-12-29 07:00:00,14.204624025588661
2012-12-29 08:00:00,43.05766921073239
2012-12-29 09:00:00,82.9131667309533
2012-12-29 10:00:00,78.9875243088943
2012-12-29 11:00:00,52.69466076125759
2012-12-29 12:00:00,35.902558533732254
2012-12-29 13:00:00,33.99836138790467
2012-12-29 14:00:00,138.21537845919187
2012-12-29 15:00:00,128.70679076499232
2012-12-29 16:00:00,175.88318216431628
2012-12-29 17:00:00,109.35359897307985
2012-12-29 18:00:00,112.85316139506585
2012-12-29 19:00:00,81.13455675418392
2012-12-29 20:00:00,53.797435602200494
2012-12-29 21:00:00,47.65131554930326
2012-12-29 22:00:00,36.13718745897716
2012-12-29 23:00:00,39.953063880843736
2012-12-30 00:00:00,36.738658823634395
2012-12-30 01:00:00,26.154843469523197
2012-12-30 02:00:00,23.219809447725897
2012-12-30 03:00:00,9.20811276765287
2012-12-30 04:00:00,2.7636927259703916
2012-12-30 05:00:00,2.3014109365510467
2012-12-30 06:00:00,2.9729421027971115
2012-12-30 07:00:00,7.627861702062151
2012-12-30 08:00:00,18.01058602775363
2012-12-30 09:00:00,47.44078547907042
2012-12-30 10:00:00,88.07193011772223
2012-12-30 11:00:00,123.23902059433797
2012-12-30 12:00:00,147.54958288907997
2012-12-30 13:00:00,137.64865430876384
2012-12-30 14:00:00,126.8956033268536
2012-12-30 15:00:00,129.30273674030298
2012-12-30 16:00:00,130.1511205274749
2012-12-30 17:00:00,95.44708351964091
2012-12-30 18:00:00,74.68411972504481
2012-12-30 19:00:00,77.2408093675812
2012-12-30 20:00:00,40.47877873602096
2012-12-30 21:00:00,40.7472734048463
2012-12-30 22:00:00,29.979501763054063
2012-12-30 23:00:00,17.387299278905232
2012-12-31 00:00:00,10.138571331545604
2012-12-31 01:00:00,4.294423440788993
2012-12-31 02:00:00,2.507534819429473
2012-12-31 03:00:00,1.7539757444006099
2012-12-31 04:00:00,2.1297390066363957
2012-12-31 05:00:00,8.150453688608355
2012-12-31 06:00:00,35.21167939601694
2012-12-31 07:00:00,113.6961615041801
2012-12-31 08:00:00,254.66088480735834
2012-12-31 09:00:00,163.50880464367808
2012-12-31 10:00:00,78.60400302880046
2012-12-31 11:00:00,74.247846524844
2012-12-31 12:00:00,86.70010429854389
2012-12-31 13:00:00,92.91604377773267
2012-12-31 14:00:00,81.3943302292775
2012-12-31 15:00:00,90.93954819382348
2012-12-31 16:00:00,117.76364158329375
2012-12-31 17:00:00,214.13000565509142
2012-12-31 18:00:00,215.62384798564685
2012-12-31 19:00:00,176.05738185344464
2012-12-31 20:00:00,109.62812635233374
2012-12-31 21:00:00,80.54004430420686
2012-12-31 22:00:00,51.40860217193108
2012-12-31 23:00:00,31.74722656991824
