datetime,count
2011-01-20 00:00:00,16.44607682371159
2011-01-20 01:00:00,7.107023854823869
2011-01-20 02:00:00,3.9392390042995906
2011-01-20 03:00:00,2.4539630954808165
2011-01-20 04:00:00,2.34671445515215
2011-01-20 05:00:00,12.366817752815255
2011-01-20 06:00:00,55.689735991400816
2011-01-20 07:00:00,158.04684345493231
2011-01-20 08:00:00,296.3773116345841
2011-01-20 09:00:00,187.98891210369266
2011-01-20 10:00:00,83.8182082755583
2011-01-20 11:00:00,96.38274687076489
2011-01-20 12:00:00,125.36015785407822
2011-01-20 13:00:00,110.72412703240482
2011-01-20 14:00:00,100.83724351541971
2011-01-20 15:00:00,95.10965508325081
2011-01-20 16:00:00,148.82003448970903
2011-01-20 17:00:00,276.71911869085903
2011-01-20 18:00:00,261.0921620280988
2011-01-20 19:00:00,184.4971442096654
2011-01-20 20:00:00,131.30815428175012
2011-01-20 21:00:00,81.09746577533804
2011-01-20 22:00:00,49.917002290562714
2011-01-20 23:00:00,27.650754141640064
2011-01-21 00:00:00,20.90683271048669
2011-01-21 01:00:00,10.208253117640817
2011-01-21 02:00:00,5.6238357164624055
2011-01-21 03:00:00,1.7609514922245055
2011-01-21 04:00:00,2.349446842214133
2011-01-21 05:00:00,10.871704422896858
2011-01-21 06:00:00,46.43350396792606
2011-01-21 07:00:00,104.16647052650691
2011-01-21 08:00:00,213.2876697976225
2011-01-21 09:00:00,122.72908374295905
2011-01-21 10:00:00,64.39875696012628
2011-01-21 11:00:00,69.12645699610547
2011-01-21 12:00:00,76.01332481089229
2011-01-21 13:00:00,63.728538830321995
2011-01-21 14:00:00,61.47232703216394
2011-01-21 15:00:00,59.92327120911287
2011-01-21 16:00:00,80.27270203524182
2011-01-21 17:00:00,119.59031458734545
2011-01-21 18:00:00,100.47194001705769
2011-01-21 19:00:00,68.78203681349775
2011-01-21 20:00:00,53.366279102983775
2011-01-21 21:00:00,37.00079132056237
2011-01-21 22:00:00,37.37357039629642
2011-01-21 23:00:00,24.13902199674972
2011-01-22 00:00:00,28.32342514515114
2011-01-22 01:00:00,21.286309533023637
2011-01-22 02:00:00,16.154572261586637
2011-01-22 03:00:00,6.719978002035127
2011-01-22 04:00:00,1.8407861785222133
2011-01-22 06:00:00,4.72539663006061
2011-01-22 07:00:00,12.012930141097586
2011-01-22 08:00:00,30.80792379159406
2011-01-22 09:00:00,60.75406027090645
2011-01-22 10:00:00,82.65942254181087
2011-01-22 11:00:00,104.46492679129155
2011-01-22 12:00:00,127.23362540160093
2011-01-22 13:00:00,125.6736758556939
2011-01-22 14:00:00,122.92126387850534
2011-01-22 15:00:00,120.30869093822267
2011-01-22 16:00:00,114.17600968828387
2011-01-22 17:00:00,95.14237696292444
2011-01-22 18:00:00,70.94016793105887
2011-01-22 19:00:00,64.14365279854408
2011-01-22 20:00:00,52.48496379936301
2011-01-22 21:00:00,45.69176386937623
2011-01-22 22:00:00,34.67406429800155
2011-01-22 23:00:00,30.86614022296889
2011-01-23 00:00:00,34.902046609440305
2011-01-23 01:00:00,30.181624552369275
2011-01-23 02:00:00,19.9440757957382
2011-01-23 03:00:00,8.739399138579802
2011-01-23 05:00:00,1.9305951681975868
2011-01-23 06:00:00,3.467186397380625
2011-01-23 07:00:00,8.999256167433296
2011-01-23 08:00:00,23.584101737138898
2011-01-23 09:00:00,41.54716757956301
2011-01-23 10:00:00,72.82728452338975
2011-01-23 11:00:00,106.05059176205336
2011-01-23 12:00:00,117.71411935660014
2011-01-23 13:00:00,116.57091256468568
2011-01-23 14:00:00,99.78056134386554
2011-01-23 15:00:00,100.59219707601198
2011-01-23 16:00:00,101.83371462857299
2011-01-23 17:00:00,89.58558765515555
2011-01-23 18:00:00,67.40781969123839
2011-01-23 19:00:00,46.860470997232554
2011-01-23 20:00:00,38.70124955794098
2011-01-23 21:00:00,30.934926518593894
2011-01-23 22:00:00,21.854086086468083
2011-01-23 23:00:00,18.277540915589885
2011-01-24 00:00:00,9.587067290227498
2011-01-24 01:00:00,4.076737023941611
2011-01-24 03:00:00,1.2698443652781732
2011-01-24 04:00:00,1.7121224622362385
2011-01-24 05:00:00,7.232462296531016
2011-01-24 06:00:00,37.926311071846065
2011-01-24 07:00:00,102.24470575800959
2011-01-24 08:00:00,206.18214898736665
2011-01-24 09:00:00,117.20609167648958
2011-01-24 10:00:00,53.57973002136036
2011-01-24 11:00:00,50.46505086232941
2011-01-24 12:00:00,64.93389039698545
2011-01-24 13:00:00,62.173471473988215
2011-01-24 14:00:00,51.27255479468302
2011-01-24 15:00:00,62.38001899946433
2011-01-24 16:00:00,79.07594351558745
2011-01-24 17:00:00,146.21408760818778
2011-01-24 18:00:00,135.10786971029336
2011-01-24 19:00:00,114.2673631295782
2011-01-24 20:00:00,65.43027679959684
2011-01-24 21:00:00,47.2815401953734
2011-01-24 22:00:00,27.425181351230155
2011-01-24 23:00:00,13.83995725549038
2011-01-25 00:00:00,8.009925400963223
2011-01-25 01:00:00,3.719039299905746
2011-01-25 02:00:00,2.1868784291674683
2011-01-25 04:00:00,1.6597601567946514
2011-01-25 05:00:00,7.632366220829263
2011-01-25 06:00:00,44.17276041381522
2011-01-25 07:00:00,123.28639533905915
2011-01-25 08:00:00,218.85804511063392
2011-01-25 09:00:00,146.29293799466356
2011-01-25 10:00:00,68.70594379667918
2011-01-25 11:00:00,64.96871151886842
2011-01-25 12:00:00,92.52434805596003
2011-01-25 13:00:00,93.06062265063393
2011-01-25 14:00:00,86.86554132050705
2011-01-25 15:00:00,100.81885760954295
2011-01-25 16:00:00,150.15259426591447
2011-01-25 17:00:00,266.96983941754246
2011-01-25 18:00:00,240.80159928660882
2011-01-25 19:00:00,161.38009639803792
2011-01-25 20:00:00,83.28927648031113
2011-01-25 21:00:00,63.183185793193076
2011-01-25 22:00:00,43.12078459279209
2011-01-25 23:00:00,23.21463311788619
2011-01-26 00:00:00,14.070216481961879
2011-01-26 01:00:00,6.909710704670768
2011-01-26 02:00:00,2.340498938999851
2011-01-26 05:00:00,4.248569301837553
2011-01-26 06:00:00,18.845307038356967
2011-01-26 07:00:00,57.96559633094585
2011-01-26 08:00:00,119.76928606142745
2011-01-26 09:00:00,64.26257573593895
2011-01-26 10:00:00,24.601153203550982
2011-01-26 11:00:00,17.01678125557158
2011-01-26 12:00:00,20.29682145291847
2011-01-26 13:00:00,19.337732190075442
2011-01-26 14:00:00,17.014546493137367
2011-01-26 15:00:00,17.522349928642647
2011-01-26 16:00:00,26.569282583440025
2011-01-26 17:00:00,50.76243922264007
2011-01-27 16:00:00,98.19413052794187
2011-01-27 17:00:00,204.43183151064196
2011-01-27 18:00:00,189.67470878212592
2011-01-27 19:00:00,140.67464604789402
2011-01-27 20:00:00,96.80923107597106
2011-01-27 21:00:00,75.03131951966341
2011-01-27 22:00:00,58.483227813082834
2011-01-27 23:00:00,36.632699385675174
2011-01-28 00:00:00,15.88811432689374
2011-01-28 01:00:00,8.09832663032625
2011-01-28 02:00:00,4.1688207393283125
2011-01-28 03:00:00,2.47954197565696
2011-01-28 05:00:00,9.75878128467141
2011-01-28 06:00:00,40.78582804262197
2011-01-28 07:00:00,98.74329029525941
2011-01-28 08:00:00,206.27144453877466
2011-01-28 09:00:00,90.96457405155955
2011-01-28 10:00:00,46.98525666612708
2011-01-28 11:00:00,34.97163615518919
2011-01-28 12:00:00,41.10496960006982
2011-01-28 13:00:00,39.45420239578792
2011-01-28 14:00:00,43.0035213202335
2011-01-28 15:00:00,60.04402255099774
2011-01-28 16:00:00,99.56995655214831
2011-01-28 17:00:00,213.1699255884281
2011-01-28 18:00:00,177.04097736148952
2011-01-28 19:00:00,144.0385877660766
2011-01-28 20:00:00,85.53306080400438
2011-01-28 21:00:00,62.29271326265772
2011-01-28 22:00:00,57.571424789694
2011-01-28 23:00:00,43.198576344064435
2011-01-29 00:00:00,26.178187218017936
2011-01-29 01:00:00,27.34949318056835
2011-01-29 02:00:00,21.69503164742029
2011-01-29 03:00:00,8.71718320817674
2011-01-29 04:00:00,2.442700628308882
2011-01-29 06:00:00,5.089533922993487
2011-01-29 07:00:00,15.090157333122352
2011-01-29 08:00:00,36.99068125840776
2011-01-29 09:00:00,75.47500458493951
2011-01-29 10:00:00,77.85792476181834
2011-01-29 11:00:00,92.38577452354204
2011-01-29 12:00:00,114.338420280919
2011-01-29 13:00:00,149.95102662439902
2011-01-29 14:00:00,156.52052394778033
2011-01-29 15:00:00,121.71862180968881
2011-01-29 16:00:00,169.07938111731605
2011-01-29 17:00:00,129.1192160038855
2011-01-29 18:00:00,102.2167237055461
2011-01-29 19:00:00,61.58297694972508
2011-01-29 20:00:00,56.69206125487276
2011-01-29 21:00:00,46.21373725980504
2011-01-29 22:00:00,46.207495120779534
2011-01-29 23:00:00,39.28182343442431
2011-01-30 00:00:00,42.411875796635016
2011-01-30 01:00:00,35.211366820279295
2011-01-30 02:00:00,27.699290359175347
2011-01-30 03:00:00,9.110441341991974
2011-01-30 04:00:00,2.536408638925062
2011-01-30 05:00:00,2.1984294458000506
2011-01-30 07:00:00,10.952550611370578
2011-01-30 08:00:00,25.82842951936478
2011-01-30 09:00:00,57.3270852874327
2011-01-30 10:00:00,98.9975674564746
2011-01-30 11:00:00,99.81643533684401
2011-01-30 12:00:00,201.95889940464008
2011-01-30 13:00:00,178.67896957031456
2011-01-30 14:00:00,160.43713765614493
2011-01-30 15:00:00,173.04118553031978
2011-01-30 16:00:00,167.81271872926013
2011-01-30 17:00:00,151.4762757895484
2011-01-30 18:00:00,103.82277416527157
2011-01-30 19:00:00,68.93123325982731
2011-01-30 20:00:00,60.79168474709682
2011-01-30 21:00:00,45.65091280810181
2011-01-30 22:00:00,31.97289808758443
2011-01-30 23:00:00,19.078717070056346
2011-01-31 00:00:00,12.181077240144075
2011-01-31 01:00:00,4.0507209216169855
2011-01-31 02:00:00,2.491153894888818
2011-01-31 03:00:00,1.531175584482449
2011-01-31 04:00:00,1.5977539556153793
2011-01-31 05:00:00,5.646457584137355
2011-01-31 06:00:00,27.873574099355032
2011-01-31 07:00:00,83.11083726993549
2011-01-31 08:00:00,184.0215664936946
2011-01-31 09:00:00,99.69510824841295
2011-01-31 10:00:00,49.38789156619089
2011-01-31 11:00:00,44.10915885900978
2011-01-31 12:00:00,59.89998158199701
2011-01-31 13:00:00,56.25411467351561
2011-01-31 14:00:00,45.18914287199453
2011-01-31 15:00:00,50.05861080284466
2011-01-31 16:00:00,76.51707338129225
2011-01-31 17:00:00,139.03590921645113
2011-01-31 18:00:00,148.66934252472953
2011-01-31 19:00:00,190.658151769471
2011-01-31 20:00:00,65.28436112808244
2011-01-31 21:00:00,42.124952022442265
2011-01-31 22:00:00,31.92702798734782
2011-01-31 23:00:00,14.794760493277456
2011-02-20 00:00:00,36.96238120575553
2011-02-20 01:00:00,31.65106700815879
2011-02-20 02:00:00,23.799001034723304
2011-02-20 03:00:00,9.47210199273903
2011-02-20 04:00:00,2.6877677931972688
2011-02-20 06:00:00,3.7484278471008685
2011-02-20 07:00:00,10.821140086505633
2011-02-20 08:00:00,33.04107905151317
2011-02-20 09:00:00,57.499966658589926
2011-02-20 10:00:00,130.38408740174296
2011-02-20 11:00:00,176.16817006045756
2011-02-20 12:00:00,213.1990802876013
2011-02-20 13:00:00,231.96519224057073
2011-02-20 14:00:00,230.57325664907222
2011-02-20 15:00:00,223.9160636491706
2011-02-20 16:00:00,213.014855697416
2011-02-20 17:00:00,200.06410521631764
2011-02-20 18:00:00,161.1689792728585
2011-02-20 19:00:00,116.29279772475314
2011-02-20 20:00:00,79.31264518097032
2011-02-20 21:00:00,57.266003536367776
2011-02-20 22:00:00,37.56483304590305
2011-02-20 23:00:00,30.799232071031106
2011-02-21 00:00:00,29.91597014533866
2011-02-21 01:00:00,19.525243218618883
2011-02-21 02:00:00,14.494297490345541
2011-02-21 03:00:00,6.253476587722451
2011-02-21 04:00:00,4.177432206706594
2011-02-21 05:00:00,5.492901629573364
2011-02-21 06:00:00,10.57781182472877
2011-02-21 07:00:00,29.44243138552733
2011-02-21 08:00:00,87.23092647665632
2011-02-21 09:00:00,110.78698992530607
2011-02-21 10:00:00,115.52195924494825
2011-02-21 11:00:00,172.00523174799557
2011-02-21 12:00:00,146.62141645918328
2011-02-21 13:00:00,89.07797442605847
2011-02-21 14:00:00,111.29466403803364
2011-02-21 15:00:00,128.54301298959845
2011-02-21 16:00:00,122.91842503225999
2011-02-21 17:00:00,142.43752603218132
2011-02-21 18:00:00,76.02993139462359
2011-02-21 19:00:00,70.25663190373996
2011-02-21 20:00:00,49.49636022919317
2011-02-21 21:00:00,31.116446548371023
2011-02-21 22:00:00,23.366401610206292
2011-02-21 23:00:00,14.34755059087338
2011-02-22 06:00:00,31.35271114532053
2011-02-22 07:00:00,89.63266412725255
2011-02-22 08:00:00,196.35842028302937
2011-02-22 09:00:00,115.25892406368172
2011-02-22 10:00:00,54.39583245819806
2011-02-22 11:00:00,46.8297028844841
2011-02-22 12:00:00,59.71212140364317
2011-02-22 13:00:00,56.44147165957388
2011-02-22 14:00:00,51.45090191358242
2011-02-22 15:00:00,65.90122079306806
2011-02-22 16:00:00,80.56448781659685
2011-02-22 17:00:00,161.54138498595813
2011-02-22 18:00:00,161.34846703824007
2011-02-22 19:00:00,95.63537526607242
2011-02-22 20:00:00,73.78524452840459
2011-02-22 21:00:00,52.08732412787704
2011-02-22 22:00:00,47.76146599668671
2011-02-22 23:00:00,25.72989570126694
2011-02-23 00:00:00,9.181569883713166
2011-02-23 01:00:00,3.9094282638183837
2011-02-23 02:00:00,1.8757545959857558
2011-02-23 03:00:00,1.3143425783335863
2011-02-23 05:00:00,6.919572423964797
2011-02-23 06:00:00,37.21305560996003
2011-02-23 07:00:00,123.95296753067589
2011-02-23 08:00:00,252.6005430949285
2011-02-23 09:00:00,138.79329853338587
2011-02-23 10:00:00,65.15954132561569
2011-02-23 11:00:00,75.0981616207285
2011-02-23 12:00:00,94.53928559537938
2011-02-23 13:00:00,88.05003960905728
2011-02-23 14:00:00,86.975671279047
2011-02-23 15:00:00,104.08323494711411
2011-02-23 16:00:00,131.9279034464018
2011-02-23 17:00:00,280.9891486795599
2011-02-23 18:00:00,249.56924730305886
2011-02-23 19:00:00,180.3650163037218
2011-02-23 20:00:00,122.55136812263662
2011-02-23 21:00:00,68.25955050581997
2011-02-23 22:00:00,51.33137711411478
2011-02-23 23:00:00,28.64641359293447
2011-02-24 00:00:00,15.171432666306416
2011-02-24 01:00:00,7.302972903158759
2011-02-24 02:00:00,3.5495323011923214
2011-02-24 03:00:00,2.1595573387161
2011-02-24 05:00:00,11.89868450043445
2011-02-24 06:00:00,47.488307457594516
2011-02-24 07:00:00,147.15553456882427
2011-02-24 08:00:00,361.06576434857436
2011-02-24 09:00:00,145.2937228443016
2011-02-24 10:00:00,82.37431430280907
2011-02-24 11:00:00,81.78175772723777
2011-02-24 12:00:00,120.3059540364901
2011-02-24 13:00:00,110.70186643197168
2011-02-24 14:00:00,103.67678619303709
2011-02-24 15:00:00,103.55704661705305
2011-02-24 16:00:00,93.73889408663504
2011-02-24 17:00:00,194.49120932090753
2011-02-24 18:00:00,158.4023417798191
2011-02-24 19:00:00,76.49617181635732
2011-02-24 20:00:00,68.39602436732471
2011-02-24 21:00:00,69.03211330347575
2011-02-24 22:00:00,40.8297044346241
2011-02-24 23:00:00,29.673024919479417
2011-02-25 00:00:00,14.184827120471654
2011-02-25 01:00:00,8.054426165711373
2011-02-25 02:00:00,4.3726208084889135
2011-02-25 03:00:00,2.9322038021343912
2011-02-25 05:00:00,12.40272753004315
2011-02-25 06:00:00,40.391037267330404
2011-02-25 07:00:00,78.21559480921461
2011-02-25 08:00:00,215.21778358287142
2011-02-25 09:00:00,71.78838364421014
2011-02-25 10:00:00,36.13806679127298
2011-02-25 11:00:00,165.66366498543732
2011-02-25 12:00:00,152.659046895737
2011-02-25 13:00:00,148.07728498151747
2011-02-25 14:00:00,121.77217504615737
2011-02-25 15:00:00,170.8562841139902
2011-02-25 16:00:00,151.6406137933459
2011-02-25 17:00:00,218.7470024037022
2011-02-25 18:00:00,218.58287984379692
2011-02-25 19:00:00,160.17443782589459
2011-02-25 20:00:00,107.68800969147082
2011-02-25 21:00:00,89.07436726995199
2011-02-25 22:00:00,79.03534360733504
2011-02-25 23:00:00,51.921459569874365
2011-02-26 00:00:00,42.29925247981392
2011-02-26 01:00:00,32.13199550717997
2011-02-26 02:00:00,17.35661299976129
2011-02-26 03:00:00,9.938213579688835
2011-02-26 04:00:00,2.9551495054667196
2011-02-26 05:00:00,2.7638840518528336
2011-02-26 06:00:00,6.236837436503788
2011-02-26 07:00:00,18.35926376746156
2011-02-26 08:00:00,47.41924764564872
2011-02-26 09:00:00,87.62085399303257
2011-02-26 10:00:00,145.0320857381487
2011-02-26 11:00:00,196.3762630903792
2011-02-26 12:00:00,224.19588064396316
2011-02-26 13:00:00,225.08579550804518
2011-02-26 14:00:00,194.65148925209627
2011-02-26 15:00:00,208.52431736491954
2011-02-26 16:00:00,203.4296483222718
2011-02-26 17:00:00,202.58449858351491
2011-02-26 18:00:00,143.74236795696186
2011-02-26 19:00:00,98.77852412620277
2011-02-26 20:00:00,87.67406073816355
2011-02-26 21:00:00,53.211336608691944
2011-02-26 22:00:00,48.95573691289829
2011-02-26 23:00:00,40.00849896135272
2011-02-27 00:00:00,38.468311827549066
2011-02-27 01:00:00,37.663477207394074
2011-02-27 02:00:00,32.636662826970515
2011-02-27 03:00:00,13.419069559785385
2011-02-27 04:00:00,4.817072286810244
2011-02-27 06:00:00,5.134779754521677
2011-02-27 07:00:00,19.323265747348533
2011-02-27 08:00:00,38.95188815762845
2011-02-27 09:00:00,86.00832622893735
2011-02-27 10:00:00,128.3593611674068
2011-02-27 11:00:00,207.9003637702426
2011-02-27 12:00:00,298.99465467230345
2011-02-27 13:00:00,316.31546920622367
2011-02-27 14:00:00,301.1363717934266
2011-02-27 15:00:00,319.7486309767004
2011-02-27 16:00:00,335.7067677459807
2011-02-27 17:00:00,233.96678951768126
2011-02-27 18:00:00,159.27996393267063
2011-02-27 19:00:00,135.11353633331834
2011-02-27 20:00:00,105.43351160044529
2011-02-27 21:00:00,68.68960476814019
2011-02-27 22:00:00,51.11433220087756
2011-02-27 23:00:00,34.956879830859336
2011-02-28 00:00:00,15.717144084696328
2011-02-28 01:00:00,3.658576685608
2011-02-28 03:00:00,1.6597680967462007
2011-02-28 05:00:00,9.602980353829025
2011-02-28 06:00:00,56.977257837754436
2011-02-28 07:00:00,164.21332897939524
2011-02-28 08:00:00,189.59383152170653
2011-02-28 09:00:00,173.93517012513095
2011-02-28 10:00:00,117.83530585396248
2011-02-28 11:00:00,134.43608977054515
2011-02-28 12:00:00,162.5998181036826
2011-02-28 13:00:00,60.69726578899964
2011-02-28 14:00:00,27.52429928847057
2011-02-28 15:00:00,29.76574791872259
2011-02-28 16:00:00,78.62175155905065
2011-02-28 17:00:00,89.36671180643323
2011-02-28 18:00:00,200.62254412930787
2011-02-28 19:00:00,89.27765556784914
2011-02-28 20:00:00,58.3952873162292
2011-02-28 21:00:00,52.960439160067345
2011-02-28 22:00:00,23.468668664939756
2011-02-28 23:00:00,18.15875469619154
2011-03-20 00:00:00,56.10399977365128
2011-03-20 01:00:00,48.969315816088205
2011-03-20 02:00:00,36.715124870510124
2011-03-20 03:00:00,15.175372425873682
2011-03-20 04:00:00,3.461059970382057
2011-03-20 05:00:00,2.6543205678575794
2011-03-20 06:00:00,4.619232482724238
2011-03-20 07:00:00,13.848161850379876
2011-03-20 08:00:00,47.10668429485545
2011-03-20 09:00:00,93.10052924123883
2011-03-20 10:00:00,147.63057246315864
2011-03-20 11:00:00,226.31003198870903
2011-03-20 12:00:00,268.80884063243775
2011-03-20 13:00:00,277.9897813722605
2011-03-20 14:00:00,257.74693381599405
2011-03-20 15:00:00,275.173274747216
2011-03-20 16:00:00,288.81667032202074
2011-03-20 17:00:00,202.77456393335729
2011-03-20 18:00:00,144.20433422160718
2011-03-20 19:00:00,102.8470670724837
2011-03-20 20:00:00,74.22196339984006
2011-03-20 21:00:00,48.09073056042509
2011-03-20 22:00:00,40.559454995794624
2011-03-20 23:00:00,23.490332234730406
2011-03-21 00:00:00,15.751532765978407
2011-03-21 01:00:00,6.5762987253089005
2011-03-21 02:00:00,3.7491898441835736
2011-03-21 03:00:00,2.2564835714608082
2011-03-21 05:00:00,9.061511023638579
2011-03-21 06:00:00,47.24699349073893
2011-03-21 07:00:00,73.55699813751873
2011-03-21 08:00:00,172.01430720369444
2011-03-21 09:00:00,125.80210640457028
2011-03-21 10:00:00,81.71156399259631
2011-03-21 11:00:00,105.51584940962945
2011-03-21 12:00:00,137.86397856010728
2011-03-21 13:00:00,171.08796050263612
2011-03-21 14:00:00,174.83432026778513
2011-03-21 15:00:00,191.67353399295044
2011-03-21 16:00:00,252.21202366170192
2011-03-21 17:00:00,526.405414113009
2011-03-21 18:00:00,431.7840772787007
2011-03-21 19:00:00,405.7216250506471
2011-03-21 20:00:00,291.69870119165125
2011-03-21 21:00:00,124.6772500838905
2011-03-21 22:00:00,83.09453175797152
2011-03-21 23:00:00,59.39367002520866
2011-03-22 00:00:00,24.018276849600856
2011-03-22 01:00:00,6.657538071057214
2011-03-22 02:00:00,4.915189882075004
2011-03-22 03:00:00,3.4418331475903474
2011-03-22 04:00:00,4.015329727141216
2011-03-22 05:00:00,16.54457449161799
2011-03-22 06:00:00,72.13848792685239
2011-03-22 07:00:00,245.38606799844953
2011-03-22 08:00:00,351.9956748394928
2011-03-22 09:00:00,167.94523473363827
2011-03-22 10:00:00,115.06726315551838
2011-03-22 11:00:00,125.0535300924153
2011-03-22 12:00:00,185.53751949578043
2011-03-22 13:00:00,195.9753070402632
2011-03-22 14:00:00,168.88259981688108
2011-03-22 15:00:00,197.0434393470406
2011-03-22 16:00:00,288.3015083335653
2011-03-22 17:00:00,565.2569310289693
2011-03-22 18:00:00,535.4151446319877
2011-03-22 19:00:00,282.0468007135222
2011-03-22 20:00:00,179.2777799792622
2011-03-22 21:00:00,136.96139866693804
2011-03-22 22:00:00,90.24828319367226
2011-03-22 23:00:00,51.79494334907342
2011-03-23 00:00:00,19.22984272201864
2011-03-23 01:00:00,6.468822541630062
2011-03-23 02:00:00,3.490606483078634
2011-03-23 03:00:00,2.659850537089243
2011-03-23 05:00:00,8.466087249876091
2011-03-23 06:00:00,56.82892516284663
2011-03-23 07:00:00,111.61383677864211
2011-03-23 08:00:00,275.7854179740568
2011-03-23 09:00:00,153.2147474472616
2011-03-23 10:00:00,61.230428774538964
2011-03-23 11:00:00,58.05662726002944
2011-03-23 12:00:00,58.85804526348808
2011-03-23 13:00:00,46.91367723277631
2011-03-23 14:00:00,66.14344649837848
2011-03-23 15:00:00,79.476500821974
2011-03-23 16:00:00,136.49815302451307
2011-03-23 17:00:00,273.88711840197305
2011-03-23 18:00:00,150.5396252400735
2011-03-23 19:00:00,117.07405135019567
2011-03-23 20:00:00,27.51674944968237
2011-03-23 21:00:00,14.716529142074826
2011-03-23 22:00:00,41.31286365985473
2011-03-23 23:00:00,19.207799565127978
2011-03-24 00:00:00,10.461123811880556
2011-03-24 01:00:00,4.161327967478543
2011-03-24 02:00:00,2.417590028001453
2011-03-24 03:00:00,1.8115657631692788
2011-03-24 04:00:00,1.7705453476685458
2011-03-24 05:00:00,10.826078478343685
2011-03-24 06:00:00,56.60373329755966
2011-03-24 07:00:00,64.1369840037701
2011-03-24 08:00:00,110.5356382629684
2011-03-24 09:00:00,103.43965488087309
2011-03-24 10:00:00,56.538857393778905
2011-03-24 11:00:00,58.62944810257037
2011-03-24 12:00:00,92.19088563716971
2011-03-24 13:00:00,84.32824765162304
2011-03-24 14:00:00,81.42736189928722
2011-03-24 15:00:00,79.45694472663212
2011-03-24 16:00:00,112.29152806534502
2011-03-24 17:00:00,224.70607225659583
2011-03-24 18:00:00,220.99526781087465
2011-03-24 19:00:00,203.68676105040277
2011-03-24 20:00:00,126.77517873333348
2011-03-24 21:00:00,91.6391447693071
2011-03-24 22:00:00,74.85589425992445
2011-03-24 23:00:00,36.019102479830806
2011-03-25 00:00:00,28.531201666892127
2011-03-25 01:00:00,9.691689384547512
2011-03-25 02:00:00,4.718871633020095
2011-03-25 03:00:00,2.767273825258934
2011-03-25 04:00:00,2.073006198560278
2011-03-25 05:00:00,9.62648083379751
2011-03-25 06:00:00,43.784475457862776
2011-03-25 07:00:00,128.9283234677586
2011-03-25 08:00:00,289.04072236313044
2011-03-25 09:00:00,202.15365092496543
2011-03-25 10:00:00,89.80864926271757
2011-03-25 11:00:00,117.85581205887671
2011-03-25 12:00:00,151.9840938914322
2011-03-25 13:00:00,141.27538918495395
2011-03-25 14:00:00,163.76216047394178
2011-03-25 15:00:00,137.85826535357748
2011-03-25 16:00:00,193.16247547206513
2011-03-25 17:00:00,283.20818777153903
2011-03-25 18:00:00,279.1192423569281
2011-03-25 19:00:00,181.83009990584824
2011-03-25 20:00:00,123.42051975640072
2011-03-25 21:00:00,94.48807345028939
2011-03-25 22:00:00,91.89178452575668
2011-03-25 23:00:00,59.419007602951844
2011-03-26 00:00:00,48.70069118420282
2011-03-26 01:00:00,38.38870927515665
2011-03-26 02:00:00,26.38875020498242
2011-03-26 03:00:00,11.13851031616917
2011-03-26 04:00:00,4.475391181147736
2011-03-26 05:00:00,3.7218629932860545
2011-03-26 06:00:00,8.481177605950537
2011-03-26 07:00:00,22.36350959011582
2011-03-26 08:00:00,70.0665524265085
2011-03-26 09:00:00,136.06338462954173
2011-03-26 10:00:00,150.54286188679404
2011-03-26 11:00:00,184.79585985620616
2011-03-26 12:00:00,261.07572261514326
2011-03-26 13:00:00,259.48436755330107
2011-03-26 14:00:00,257.08831798347353
2011-03-26 15:00:00,270.60292201833647
2011-03-26 16:00:00,274.99198090852326
2011-03-26 17:00:00,216.82591868527575
2011-03-26 18:00:00,150.95716208368682
2011-03-26 19:00:00,109.65542082197636
2011-03-26 20:00:00,86.83441996014206
2011-03-26 21:00:00,78.35091954902629
2011-03-26 22:00:00,67.90488228331034
2011-03-26 23:00:00,58.538212240676806
2011-03-27 00:00:00,52.33168380407121
2011-03-27 01:00:00,47.46164818613616
2011-03-27 02:00:00,28.604014407111382
2011-03-27 03:00:00,10.368139613877254
2011-03-27 04:00:00,3.2174672587933806
2011-03-27 06:00:00,3.8927413410646405
2011-03-27 07:00:00,9.866769776688606
2011-03-27 08:00:00,35.924842721021825
2011-03-27 09:00:00,77.1138674993595
2011-03-27 10:00:00,93.44488988037085
2011-03-27 11:00:00,161.18604867272762
2011-03-27 12:00:00,234.11242569279767
2011-03-27 13:00:00,237.30741240514914
2011-03-27 14:00:00,218.51846234793177
2011-03-27 15:00:00,211.58926217141013
2011-03-27 16:00:00,231.35761752344413
2011-03-27 17:00:00,195.98368546900724
2011-03-27 18:00:00,151.3096567226048
2011-03-27 19:00:00,113.69525232022913
2011-03-27 20:00:00,73.58521298613313
2011-03-27 21:00:00,55.69701577906679
2011-03-27 22:00:00,43.99473195719312
2011-03-27 23:00:00,35.10464447511141
2011-03-28 00:00:00,12.592288462713881
2011-03-28 01:00:00,5.979180541658818
2011-03-28 02:00:00,3.4324025599905337
2011-03-28 03:00:00,2.011311069731621
2011-03-28 05:00:00,8.81957658559805
2011-03-28 06:00:00,40.565092213908464
2011-03-28 07:00:00,118.81492728776315
2011-03-28 08:00:00,247.3725466403928
2011-03-28 09:00:00,163.5197835842705
2011-03-28 10:00:00,82.80045549066722
2011-03-28 11:00:00,95.44122627034926
2011-03-28 12:00:00,95.29402943124941
2011-03-28 13:00:00,113.67526816139498
2011-03-28 14:00:00,95.13087438497008
2011-03-28 15:00:00,95.75559453635715
2011-03-28 16:00:00,160.939428014307
2011-03-28 17:00:00,295.2561661871917
2011-03-28 18:00:00,239.90091958860376
2011-03-28 19:00:00,190.6714092358941
2011-03-28 20:00:00,134.1703323305634
2011-03-28 21:00:00,97.43993660348228
2011-03-28 22:00:00,62.21751690316588
2011-03-28 23:00:00,30.226089684836207
2011-03-29 00:00:00,12.439479912300397
2011-03-29 01:00:00,5.491023477410216
2011-03-29 02:00:00,3.05176079696982
2011-03-29 03:00:00,1.9448273260842033
2011-03-29 04:00:00,1.9684714113277044
2011-03-29 05:00:00,12.296027092481072
2011-03-29 06:00:00,63.079973965550366
2011-03-29 07:00:00,150.23418707702763
2011-03-29 08:00:00,328.6314256201155
2011-03-29 09:00:00,199.4112885278811
2011-03-29 10:00:00,98.48857927683862
2011-03-29 11:00:00,95.58473045600113
2011-03-29 12:00:00,129.25891501854233
2011-03-29 13:00:00,121.1448274410212
2011-03-29 14:00:00,122.90863008027775
2011-03-29 15:00:00,151.32767358915694
2011-03-29 16:00:00,212.1911042006455
2011-03-29 17:00:00,464.07373426146984
2011-03-29 18:00:00,352.44545903093444
2011-03-29 19:00:00,235.65386175378447
2011-03-29 20:00:00,172.4686780186632
2011-03-29 21:00:00,114.15025301303432
2011-03-29 22:00:00,75.3239404889602
2011-03-29 23:00:00,37.157877442130065
2011-03-30 00:00:00,21.832301075254044
2011-03-30 01:00:00,8.482342742206509
2011-03-30 02:00:00,5.04386398504889
2011-03-30 03:00:00,3.2297375461719433
2011-03-30 04:00:00,3.35448470122564
2011-03-30 05:00:00,19.625366665089324
2011-03-30 06:00:00,95.3457259848249
2011-03-30 07:00:00,280.89513292261836
2011-03-30 08:00:00,430.60386039428636
2011-03-30 09:00:00,258.85721260177496
2011-03-30 10:00:00,102.09557665744987
2011-03-30 11:00:00,104.66904426337244
2011-03-30 12:00:00,126.16117055985441
2011-03-30 13:00:00,140.67814842019453
2011-03-30 14:00:00,111.53068604453958
2011-03-30 15:00:00,48.41071008834779
2011-03-30 16:00:00,58.83257966554638
2011-03-30 17:00:00,100.80315624301774
2011-03-30 18:00:00,133.90531190827303
2011-03-30 19:00:00,100.65313898048144
2011-03-30 20:00:00,37.291127939301525
2011-03-30 21:00:00,52.00037294014043
2011-03-30 22:00:00,26.55333295769039
2011-03-30 23:00:00,12.957653818024921
2011-03-31 00:00:00,10.740541222872633
2011-03-31 01:00:00,6.259664817735808
2011-03-31 02:00:00,3.798577329336344
2011-03-31 03:00:00,1.9472979597797038
2011-03-31 04:00:00,1.8065224163647762
2011-03-31 05:00:00,9.593763691440012
2011-03-31 06:00:00,32.41576754017623
2011-03-31 07:00:00,103.08496860195571
2011-03-31 08:00:00,202.01751459653275
2011-03-31 09:00:00,83.81179164083785
2011-03-31 10:00:00,46.85462215115168
2011-03-31 11:00:00,43.182852496636016
2011-03-31 12:00:00,50.66304964160632
2011-03-31 13:00:00,55.131606758326356
2011-03-31 14:00:00,47.70269523486132
2011-03-31 15:00:00,35.772231342885824
2011-03-31 16:00:00,80.72331345771563
2011-03-31 17:00:00,155.94885631003112
2011-03-31 18:00:00,191.85606011852371
2011-03-31 19:00:00,146.61186421655285
2011-03-31 20:00:00,55.52192208978924
2011-03-31 21:00:00,76.86316731124128
2011-03-31 22:00:00,36.558622298553296
2011-03-31 23:00:00,21.388351653517997
2011-04-20 00:00:00,23.87586274376453
2011-04-20 01:00:00,9.09947025007395
2011-04-20 02:00:00,4.884354712943738
2011-04-20 03:00:00,3.1923686625953676
2011-04-20 04:00:00,2.2516532592538354
2011-04-20 05:00:00,12.430116243998626
2011-04-20 06:00:00,75.32544961669667
2011-04-20 07:00:00,207.5441684886026
2011-04-20 08:00:00,562.8406712207164
2011-04-20 09:00:00,335.3901852810368
2011-04-20 10:00:00,149.59807836318694
2011-04-20 11:00:00,181.17387203097005
2011-04-20 12:00:00,236.11574974478114
2011-04-20 13:00:00,221.05718475027996
2011-04-20 14:00:00,201.13339389749265
2011-04-20 15:00:00,236.33323527933354
2011-04-20 16:00:00,340.98494464568347
2011-04-20 17:00:00,787.0208352520883
2011-04-20 18:00:00,591.3740553791607
2011-04-20 19:00:00,521.620339200979
2011-04-20 20:00:00,348.8501284395126
2011-04-20 21:00:00,294.9952764465702
2011-04-20 22:00:00,218.96013112983633
2011-04-20 23:00:00,130.32085770934322
2011-04-21 00:00:00,42.926641521998555
2011-04-21 01:00:00,18.734042450700873
2011-04-21 02:00:00,9.954510858608383
2011-04-21 03:00:00,4.002208629819854
2011-04-21 04:00:00,3.8426978156637084
2011-04-21 05:00:00,20.112810533062923
2011-04-21 06:00:00,79.11555728310678
2011-04-21 07:00:00,246.58756454121138
2011-04-21 08:00:00,402.6801289935554
2011-04-21 09:00:00,209.09151043686944
2011-04-21 10:00:00,141.778129383621
2011-04-21 11:00:00,170.79308472586968
2011-04-21 12:00:00,227.26222854168117
2011-04-21 13:00:00,221.8754462736749
2011-04-21 14:00:00,192.16718762769855
2011-04-21 15:00:00,204.55329011810346
2011-04-21 16:00:00,294.0202884927389
2011-04-21 17:00:00,573.1905213262379
2011-04-21 18:00:00,494.4180542606692
2011-04-21 19:00:00,339.2106409065568
2011-04-21 20:00:00,267.87857367139407
2011-04-21 21:00:00,195.2612042101101
2011-04-21 22:00:00,167.87042540096556
2011-04-21 23:00:00,90.01007262872373
2011-04-22 00:00:00,42.24050614803937
2011-04-22 01:00:00,22.141632563344015
2011-04-22 02:00:00,11.426930021839013
2011-04-22 03:00:00,5.618913495516771
2011-04-22 04:00:00,3.8763503724379773
2011-04-22 05:00:00,21.166150723147645
2011-04-22 06:00:00,96.57397156835309
2011-04-22 07:00:00,233.33881402245535
2011-04-22 08:00:00,419.8724300364764
2011-04-22 09:00:00,140.3231221176928
2011-04-22 10:00:00,112.65566747180023
2011-04-22 11:00:00,70.83812204528647
2011-04-22 12:00:00,83.62001422339335
2011-04-22 13:00:00,56.485170349944056
2011-04-22 14:00:00,40.972732488357195
2011-04-22 15:00:00,52.053019424618384
2011-04-22 16:00:00,85.09712022972036
2011-04-22 17:00:00,87.16335366157905
2011-04-22 18:00:00,82.84167391152052
2011-04-22 19:00:00,60.06410303115966
2011-04-22 20:00:00,48.117678271068975
2011-04-22 21:00:00,41.10012212995319
2011-04-22 22:00:00,32.054310564529374
2011-04-22 23:00:00,30.21330675074759
2011-04-23 00:00:00,24.857846442057777
2011-04-23 01:00:00,22.96709982966435
2011-04-23 02:00:00,19.86508421584751
2011-04-23 03:00:00,10.655499663093757
2011-04-23 04:00:00,3.678734847312402
2011-04-23 05:00:00,3.699603412841056
2011-04-23 06:00:00,9.824571838903854
2011-04-23 07:00:00,16.087338406453625
2011-04-23 08:00:00,43.75329495040531
2011-04-23 09:00:00,62.6152039311145
2011-04-23 10:00:00,115.88624964696871
2011-04-23 11:00:00,158.35718736206374
2011-04-23 12:00:00,255.5305429734192
2011-04-23 13:00:00,277.3653370579117
2011-04-23 14:00:00,387.93934354551635
2011-04-23 15:00:00,434.2869673509033
2011-04-23 16:00:00,430.684401482456
2011-04-23 17:00:00,393.17297998867986
2011-04-23 18:00:00,385.50665776012113
2011-04-23 19:00:00,253.20038721596072
2011-04-23 20:00:00,145.09405336574972
2011-04-23 21:00:00,142.0704851860149
2011-04-23 22:00:00,144.54171498710912
2011-04-23 23:00:00,111.7202923812012
2011-04-24 00:00:00,112.06401754954662
2011-04-24 01:00:00,87.5759676096136
2011-04-24 02:00:00,60.802450453805285
2011-04-24 03:00:00,27.82054559746012
2011-04-24 04:00:00,9.039574650746978
2011-04-24 05:00:00,9.055228839459998
2011-04-24 06:00:00,10.851877709164997
2011-04-24 07:00:00,26.759076475240338
2011-04-24 08:00:00,88.7391686824573
2011-04-24 09:00:00,180.29372231701637
2011-04-24 10:00:00,316.1955642637947
2011-04-24 11:00:00,424.3777907850369
2011-04-24 12:00:00,500.91143455214905
2011-04-24 13:00:00,473.15416561497204
2011-04-24 14:00:00,481.1597464412307
2011-04-24 15:00:00,526.2304567558774
2011-04-24 16:00:00,444.91727526674435
2011-04-24 17:00:00,453.3226785509247
2011-04-24 18:00:00,379.559669384485
2011-04-24 19:00:00,133.04504418883474
2011-04-24 20:00:00,97.45336818244239
2011-04-24 21:00:00,68.71211926874041
2011-04-24 22:00:00,45.104269727639355
2011-04-24 23:00:00,36.14715952970804
2011-04-25 00:00:00,17.45753057296384
2011-04-25 01:00:00,10.513138938349496
2011-04-25 02:00:00,6.142434877495815
2011-04-25 03:00:00,3.1761913122146206
2011-04-25 04:00:00,3.5400846281701117
2011-04-25 05:00:00,14.890217349411508
2011-04-25 06:00:00,69.66111308934244
2011-04-25 07:00:00,202.3020072364617
2011-04-25 08:00:00,543.0063483207847
2011-04-25 09:00:00,299.00102836670857
2011-04-25 10:00:00,150.74567328604581
2011-04-25 11:00:00,167.17716704465633
2011-04-25 12:00:00,198.9457573850321
2011-04-25 13:00:00,199.35021300043442
2011-04-25 14:00:00,191.29073630686506
2011-04-25 15:00:00,179.35202611970976
2011-04-25 16:00:00,282.93036560855643
2011-04-25 17:00:00,559.4664133032633
2011-04-25 18:00:00,557.2455858918526
2011-04-25 19:00:00,427.1336570639038
2011-04-25 20:00:00,287.8305654413191
2011-04-25 21:00:00,208.62201648260364
2011-04-25 22:00:00,132.25467536352997
2011-04-25 23:00:00,70.34800329344144
2011-04-26 00:00:00,31.63357176383223
2011-04-26 01:00:00,13.086780441697304
2011-04-26 02:00:00,5.695399561995299
2011-04-26 03:00:00,3.334917523735632
2011-04-26 04:00:00,5.236255664956059
2011-04-26 05:00:00,23.422123833353908
2011-04-26 06:00:00,116.41471085262424
2011-04-26 07:00:00,314.12530792558
2011-04-26 08:00:00,501.72978824713897
2011-04-26 09:00:00,285.64146337355965
2011-04-26 10:00:00,148.59611454805798
2011-04-26 11:00:00,173.671245250199
2011-04-26 12:00:00,217.51677132175493
2011-04-26 13:00:00,176.27278253664232
2011-04-26 14:00:00,184.86886285852293
2011-04-26 15:00:00,205.3205193579387
2011-04-26 16:00:00,319.32409198017376
2011-04-26 17:00:00,634.5621900662082
2011-04-26 18:00:00,570.0539048681968
2011-04-26 19:00:00,413.3712353098923
2011-04-26 20:00:00,298.2495732215288
2011-04-26 21:00:00,206.83010947396
2011-04-26 22:00:00,141.78612449239102
2011-04-26 23:00:00,77.9445366887345
2011-04-27 00:00:00,36.84888223493585
2011-04-27 01:00:00,15.072452677119985
2011-04-27 02:00:00,6.245740404273092
2011-04-27 03:00:00,3.9816863197832264
2011-04-27 04:00:00,4.064252998815688
2011-04-27 05:00:00,18.955597544568608
2011-04-27 06:00:00,93.04611993627172
2011-04-27 07:00:00,282.0720287207695
2011-04-27 08:00:00,438.19511032464067
2011-04-27 09:00:00,176.76198201890253
2011-04-27 10:00:00,133.48235380004633
2011-04-27 11:00:00,156.5990924412797
2011-04-27 12:00:00,199.74187630826881
2011-04-27 13:00:00,177.66532234986093
2011-04-27 14:00:00,187.9804276694788
2011-04-27 15:00:00,209.40772536402375
2011-04-27 16:00:00,319.99927679181104
2011-04-27 17:00:00,298.9198615337193
2011-04-27 18:00:00,289.4849755409465
2011-04-27 19:00:00,387.37969573384424
2011-04-27 20:00:00,240.73539163511802
2011-04-27 21:00:00,165.51008608055963
2011-04-27 22:00:00,111.98696924884865
2011-04-27 23:00:00,59.14870614200468
2011-04-28 00:00:00,40.22546567471609
2011-04-28 01:00:00,12.3973060141852
2011-04-28 02:00:00,5.952904562137494
2011-04-28 03:00:00,4.8490648480558995
2011-04-28 04:00:00,3.954118151012684
2011-04-28 05:00:00,20.46535966932427
2011-04-28 06:00:00,114.3607206455407
2011-04-28 07:00:00,297.89797910839263
2011-04-28 08:00:00,525.3087268353897
2011-04-28 09:00:00,131.03142568550263
2011-04-28 10:00:00,103.89161642339515
2011-04-28 11:00:00,114.36404234917015
2011-04-28 12:00:00,174.6973928681928
2011-04-28 13:00:00,131.12892303761822
2011-04-28 14:00:00,142.1733744194166
2011-04-28 15:00:00,234.6590347200269
2011-04-28 16:00:00,268.2006764023055
2011-04-28 17:00:00,651.0056976011456
2011-04-28 18:00:00,615.3394721880256
2011-04-28 19:00:00,459.018707923553
2011-04-28 20:00:00,337.5171145643256
2011-04-28 21:00:00,260.13980527995807
2011-04-28 22:00:00,203.73708845111727
2011-04-28 23:00:00,130.90905621379844
2011-04-29 00:00:00,68.15614605713353
2011-04-29 01:00:00,34.87571435699638
2011-04-29 02:00:00,15.833196760162961
2011-04-29 03:00:00,7.965933390188558
2011-04-29 04:00:00,6.407996556537469
2011-04-29 05:00:00,33.91718804058548
2011-04-29 06:00:00,141.08253528394667
2011-04-29 07:00:00,393.62012125690467
2011-04-29 08:00:00,614.5926046749952
2011-04-29 09:00:00,346.4303844302993
2011-04-29 10:00:00,196.75280450119936
2011-04-29 11:00:00,253.43074498963333
2011-04-29 12:00:00,291.606529924719
2011-04-29 13:00:00,288.9597069695408
2011-04-29 14:00:00,276.14437185351386
2011-04-29 15:00:00,248.54203816549563
2011-04-29 16:00:00,347.6659386475708
2011-04-29 17:00:00,520.8398961355344
2011-04-29 18:00:00,496.68856839431345
2011-04-29 19:00:00,310.00982421952557
2011-04-29 20:00:00,247.9316741206991
2011-04-29 21:00:00,190.39672523622406
2011-04-29 22:00:00,174.06451798990796
2011-04-29 23:00:00,103.88650920472352
2011-04-30 00:00:00,62.96210770286326
2011-04-30 01:00:00,53.73446410742411
2011-04-30 02:00:00,37.64165890020983
2011-04-30 03:00:00,19.189132600885262
2011-04-30 04:00:00,6.284491083677959
2011-04-30 05:00:00,8.515015292374988
2011-04-30 06:00:00,16.431090717928566
2011-04-30 07:00:00,47.04938034749066
2011-04-30 08:00:00,107.59132310867854
2011-04-30 09:00:00,174.745282027248
2011-04-30 10:00:00,323.79540602522826
2011-04-30 11:00:00,403.1145003888263
2011-04-30 12:00:00,521.0350402106103
2011-04-30 13:00:00,564.8750420390754
2011-04-30 14:00:00,585.6580493214835
2011-04-30 15:00:00,605.3859437280901
2011-04-30 16:00:00,576.8082471010139
2011-04-30 17:00:00,502.0828120797281
2011-04-30 18:00:00,455.7198917062423
2011-04-30 19:00:00,372.127127550931
2011-04-30 20:00:00,157.2073223217857
2011-04-30 21:00:00,133.41392897999003
2011-04-30 22:00:00,112.88429756776328
2011-04-30 23:00:00,94.29999626577553
2011-05-20 00:00:00,45.92651028223996
2011-05-20 01:00:00,18.02418410911543
2011-05-20 02:00:00,9.481801365783372
2011-05-20 03:00:00,4.541487636810984
2011-05-20 04:00:00,4.746892410631998
2011-05-20 05:00:00,25.568184263332988
2011-05-20 06:00:00,133.83538274724106
2011-05-20 07:00:00,420.13022158520437
2011-05-20 08:00:00,590.7067524662074
2011-05-20 09:00:00,318.2870621784126
2011-05-20 10:00:00,189.73622546979675
2011-05-20 11:00:00,190.76333320538805
2011-05-20 12:00:00,261.5027312740174
2011-05-20 13:00:00,183.4559969353953
2011-05-20 14:00:00,259.2848321311948
2011-05-20 15:00:00,262.62465561267663
2011-05-20 16:00:00,364.7718090376641
2011-05-20 17:00:00,592.4158199705521
2011-05-20 18:00:00,551.9617783196593
2011-05-20 19:00:00,379.101810761793
2011-05-20 20:00:00,272.07442691889906
2011-05-20 21:00:00,223.93686490201847
2011-05-20 22:00:00,203.5291342079231
2011-05-20 23:00:00,144.13363629396875
2011-05-21 00:00:00,141.6416693536444
2011-05-21 01:00:00,100.5340323101745
2011-05-21 02:00:00,76.03363512290845
2011-05-21 03:00:00,32.16452316755672
2011-05-21 04:00:00,8.593243860962893
2011-05-21 05:00:00,10.365735521343604
2011-05-21 06:00:00,32.09330115192174
2011-05-21 07:00:00,90.1939713867648
2011-05-21 08:00:00,170.64255038603068
2011-05-21 09:00:00,285.78745527464986
2011-05-21 10:00:00,377.1013869727795
2011-05-21 11:00:00,482.7334100570778
2011-05-21 12:00:00,557.3807929428277
2011-05-21 13:00:00,591.7133868891115
2011-05-21 14:00:00,571.5835581696452
2011-05-21 15:00:00,570.5214597880796
2011-05-21 16:00:00,528.8778392671755
2011-05-21 17:00:00,485.7574038892851
2011-05-21 18:00:00,452.6663608770291
2011-05-21 19:00:00,388.8033450609525
2011-05-21 20:00:00,297.73930397972026
2011-05-21 21:00:00,264.16228401122606
2011-05-21 22:00:00,210.87830013291486
2011-05-21 23:00:00,176.73106407658022
2011-05-22 00:00:00,123.14083635434622
2011-05-22 01:00:00,91.44631253140095
2011-05-22 02:00:00,66.00329542598378
2011-05-22 03:00:00,22.571421962839654
2011-05-22 04:00:00,7.002583790582187
2011-05-22 05:00:00,7.46116685705154
2011-05-22 06:00:00,19.722117449430797
2011-05-22 07:00:00,59.23370580351349
2011-05-22 08:00:00,131.10616212299468
2011-05-22 09:00:00,210.11970545725444
2011-05-22 10:00:00,323.8095358999124
2011-05-22 11:00:00,443.8876829908705
2011-05-22 12:00:00,461.2959051741467
2011-05-22 13:00:00,561.9714989869944
2011-05-22 14:00:00,330.16585693348156
2011-05-22 15:00:00,500.75944886278785
2011-05-22 16:00:00,508.1837968375855
2011-05-22 17:00:00,467.21609150300475
2011-05-22 18:00:00,435.73670783468594
2011-05-22 19:00:00,337.6602930098615
2011-05-22 20:00:00,233.64277266665235
2011-05-22 21:00:00,172.90623295471622
2011-05-22 22:00:00,127.30505377427089
2011-05-22 23:00:00,82.05997081971744
2011-05-23 00:00:00,27.798529532594408
2011-05-23 01:00:00,14.225346797142079
2011-05-23 02:00:00,6.7267462080719875
2011-05-23 03:00:00,3.6409684259999144
2011-05-23 04:00:00,4.2854728882982025
2011-05-23 05:00:00,19.5311349671506
2011-05-23 06:00:00,75.01321307996419
2011-05-23 07:00:00,248.0472484805466
2011-05-23 08:00:00,464.8494029937351
2011-05-23 09:00:00,214.94271327743033
2011-05-23 10:00:00,138.1369247881047
2011-05-23 11:00:00,165.2207035165662
2011-05-23 12:00:00,197.78059810455767
2011-05-23 13:00:00,192.19304721371591
2011-05-23 14:00:00,182.87033667418999
2011-05-23 15:00:00,194.88148060582068
2011-05-23 16:00:00,291.3109623134862
2011-05-23 17:00:00,520.714812493408
2011-05-23 18:00:00,452.22653919277394
2011-05-23 19:00:00,370.34721115343126
2011-05-23 20:00:00,230.8832669394462
2011-05-23 21:00:00,151.54627956608897
2011-05-23 22:00:00,92.76241067463407
2011-05-23 23:00:00,65.79218533092849
2011-05-24 00:00:00,21.92812321611465
2011-05-24 01:00:00,9.625425708072386
2011-05-24 02:00:00,5.366385631674991
2011-05-24 03:00:00,3.2961791803215807
2011-05-24 04:00:00,5.266424559910741
2011-05-24 05:00:00,19.243485069529395
2011-05-24 06:00:00,100.52482611039126
2011-05-24 07:00:00,277.29811735609206
2011-05-24 08:00:00,341.11033863498506
2011-05-24 09:00:00,311.484116291588
2011-05-24 10:00:00,154.95865738274068
2011-05-24 11:00:00,165.68200365502747
2011-05-24 12:00:00,200.9814791451269
2011-05-24 13:00:00,195.62591684539987
2011-05-24 14:00:00,175.89923949410573
2011-05-24 15:00:00,149.05283869533827
2011-05-24 16:00:00,335.0359530080167
2011-05-24 17:00:00,652.9616799655523
2011-05-24 18:00:00,638.7582483561429
2011-05-24 19:00:00,465.13543641072414
2011-05-24 20:00:00,314.87890055139525
2011-05-24 21:00:00,237.2697549286386
2011-05-24 22:00:00,84.53406897393815
2011-05-24 23:00:00,93.01067111026686
2011-05-25 00:00:00,26.462491338600767
2011-05-25 01:00:00,13.749013504760972
2011-05-25 02:00:00,6.335995440974368
2011-05-25 03:00:00,3.625591023249425
2011-05-25 04:00:00,3.6287889456513844
2011-05-25 05:00:00,28.39642206749514
2011-05-25 06:00:00,100.33424451454033
2011-05-25 07:00:00,406.6054364126833
2011-05-25 08:00:00,653.877168903885
2011-05-25 09:00:00,307.139351173623
2011-05-25 10:00:00,154.66380673082008
2011-05-25 11:00:00,147.48425161618542
2011-05-25 12:00:00,193.8605188770684
2011-05-25 13:00:00,175.6995021109719
2011-05-25 14:00:00,172.1626176725576
2011-05-25 15:00:00,200.31716398362767
2011-05-25 16:00:00,265.2429615837279
2011-05-25 17:00:00,571.1610466512733
2011-05-25 18:00:00,634.1832631335327
2011-05-25 19:00:00,494.3486013057411
2011-05-25 20:00:00,348.1278561606866
2011-05-25 21:00:00,267.41107938598736
2011-05-25 22:00:00,212.82022354566118
2011-05-25 23:00:00,123.62163110628568
2011-05-26 00:00:00,49.63782639323069
2011-05-26 01:00:00,20.169632057792647
2011-05-26 02:00:00,10.259901241876307
2011-05-26 03:00:00,5.581542857007776
2011-05-26 04:00:00,5.584482230031289
2011-05-26 05:00:00,25.163552937013076
2011-05-26 06:00:00,89.82487471863209
2011-05-26 07:00:00,218.1458913377854
2011-05-26 08:00:00,596.7217172512615
2011-05-26 09:00:00,250.5316404807376
2011-05-26 10:00:00,144.9366765389629
2011-05-26 11:00:00,178.03643650256654
2011-05-26 12:00:00,203.62623926033552
2011-05-26 13:00:00,180.29356308826408
2011-05-26 14:00:00,167.24387937117817
2011-05-26 15:00:00,174.49125539781946
2011-05-26 16:00:00,268.6809671256312
2011-05-26 17:00:00,561.8483506494481
2011-05-26 18:00:00,544.539676542528
2011-05-26 19:00:00,415.26259514237125
2011-05-26 20:00:00,349.68820893847675
2011-05-26 21:00:00,282.744033220152
2011-05-26 22:00:00,219.16748757994816
2011-05-26 23:00:00,141.9241062607864
2011-05-27 00:00:00,65.58389107295862
2011-05-27 01:00:00,28.81339419506434
2011-05-27 02:00:00,15.500275687896751
2011-05-27 03:00:00,7.204872477453153
2011-05-27 04:00:00,6.235632614188256
2011-05-27 05:00:00,30.01272717907613
2011-05-27 06:00:00,131.91853603252903
2011-05-27 07:00:00,370.091407482529
2011-05-27 08:00:00,628.1375434755865
2011-05-27 09:00:00,299.7024918447895
2011-05-27 10:00:00,191.05594856646707
2011-05-27 11:00:00,191.86275381746378
2011-05-27 12:00:00,236.36978922916703
2011-05-27 13:00:00,258.9839684365994
2011-05-27 14:00:00,230.86219647407745
2011-05-27 15:00:00,248.28275013658774
2011-05-27 16:00:00,333.53910437834963
2011-05-27 17:00:00,614.0799740479163
2011-05-27 18:00:00,548.4796385944659
2011-05-27 19:00:00,228.29770091830355
2011-05-27 20:00:00,267.5468695033957
2011-05-27 21:00:00,199.07810849489982
2011-05-27 22:00:00,200.2749372983515
2011-05-27 23:00:00,131.98597557237184
2011-05-28 00:00:00,114.99032810293066
2011-05-28 01:00:00,86.72283781251406
2011-05-28 02:00:00,56.87529764540294
2011-05-28 03:00:00,27.91804971745146
2011-05-28 04:00:00,10.023514135633437
2011-05-28 05:00:00,11.702776831018063
2011-05-28 06:00:00,32.20223514727319
2011-05-28 07:00:00,71.81220563658488
2011-05-28 08:00:00,194.05994443980566
2011-05-28 09:00:00,300.5516106770866
2011-05-28 10:00:00,355.0199867197412
2011-05-28 11:00:00,442.5905879460853
2011-05-28 12:00:00,483.48638417300896
2011-05-28 13:00:00,503.6704329111673
2011-05-28 14:00:00,479.6331306084306
2011-05-28 15:00:00,460.844853332683
2011-05-28 16:00:00,420.79096565329235
2011-05-28 17:00:00,380.0977103163195
2011-05-28 18:00:00,393.53966878331613
2011-05-28 19:00:00,354.20171801576663
2011-05-28 20:00:00,297.6518570935805
2011-05-28 21:00:00,239.98097375235602
2011-05-28 22:00:00,204.77373658351334
2011-05-28 23:00:00,148.53321360550504
2011-05-29 00:00:00,105.82967954898272
2011-05-29 01:00:00,95.80055672912779
2011-05-29 02:00:00,69.37761265850631
2011-05-29 03:00:00,35.00652207650139
2011-05-29 04:00:00,11.717355388906647
2011-05-29 05:00:00,10.24437145258334
2011-05-29 06:00:00,19.420046477472468
2011-05-29 07:00:00,40.979867260542385
2011-05-29 08:00:00,97.54125345603386
2011-05-29 09:00:00,113.92308885040505
2011-05-29 10:00:00,269.71723189973056
2011-05-29 11:00:00,300.60122835784483
2011-05-29 12:00:00,396.39894613230547
2011-05-29 13:00:00,425.5065465367114
2011-05-29 14:00:00,391.33050577471613
2011-05-29 15:00:00,400.9273107556572
2011-05-29 16:00:00,402.8482073990398
2011-05-29 17:00:00,382.9616389092847
2011-05-29 18:00:00,329.8557935670976
2011-05-29 19:00:00,271.30355402114253
2011-05-29 20:00:00,210.44692975527437
2011-05-29 21:00:00,172.3622157773895
2011-05-29 22:00:00,127.1232228997071
2011-05-29 23:00:00,94.13683810422829
2011-05-30 00:00:00,44.12254166862258
2011-05-30 01:00:00,32.34716487458644
2011-05-30 02:00:00,21.46226861555845
2011-05-30 03:00:00,10.843968063692497
2011-05-30 04:00:00,7.892865047864909
2011-05-30 05:00:00,12.64596918741855
2011-05-30 06:00:00,31.660880670690787
2011-05-30 07:00:00,77.45052690044176
2011-05-30 08:00:00,217.05752789040764
2011-05-30 09:00:00,342.13745589833286
2011-05-30 10:00:00,267.5499847568251
2011-05-30 11:00:00,300.9889399138998
2011-05-30 12:00:00,337.5168173165664
2011-05-30 13:00:00,334.6022432992791
2011-05-30 14:00:00,306.01823242502053
2011-05-30 15:00:00,329.64263300263104
2011-05-30 16:00:00,350.2214063222235
2011-05-30 17:00:00,396.3504806113968
2011-05-30 18:00:00,378.93720154980645
2011-05-30 19:00:00,295.0951951202644
2011-05-30 20:00:00,347.5243376601692
2011-05-30 21:00:00,279.4137029577038
2011-05-30 22:00:00,183.39583523251707
2011-05-30 23:00:00,93.36350440769256
2011-05-31 00:00:00,33.02293129419714
2011-05-31 01:00:00,13.432789473207075
2011-05-31 02:00:00,5.909396909783417
2011-05-31 03:00:00,3.341081221102469
2011-05-31 04:00:00,6.1314030923017295
2011-05-31 05:00:00,30.225981761481833
2011-05-31 06:00:00,148.14487558313527
2011-05-31 07:00:00,277.49875540429997
2011-05-31 08:00:00,442.5632103854713
2011-05-31 09:00:00,204.18170286105683
2011-05-31 10:00:00,122.5780411057999
2011-05-31 11:00:00,126.97372826261726
2011-05-31 12:00:00,159.91016914486815
2011-05-31 13:00:00,149.18569696898155
2011-05-31 14:00:00,146.7438096814491
2011-05-31 15:00:00,165.01427053831213
2011-05-31 16:00:00,232.33828777968245
2011-05-31 17:00:00,515.6256601600373
2011-05-31 18:00:00,508.44871829972
2011-05-31 19:00:00,410.6878910148265
2011-05-31 20:00:00,295.7963040206974
2011-05-31 21:00:00,234.87194841790182
2011-05-31 22:00:00,175.02241051815048
2011-05-31 23:00:00,108.84118036603694
2011-06-20 00:00:00,35.52916538824994
2011-06-20 01:00:00,13.889209295348124
2011-06-20 02:00:00,7.583087948291579
2011-06-20 03:00:00,4.205250871896343
2011-06-20 04:00:00,5.065476472460512
2011-06-20 05:00:00,24.2245694329645
2011-06-20 06:00:00,110.55327205918327
2011-06-20 07:00:00,190.64859031993598
2011-06-20 08:00:00,370.89907473621366
2011-06-20 09:00:00,258.25964854676903
2011-06-20 10:00:00,134.11925908529687
2011-06-20 11:00:00,156.77389705646308
2011-06-20 12:00:00,210.829465564433
2011-06-20 13:00:00,216.68772093674858
2011-06-20 14:00:00,214.37427997066717
2011-06-20 15:00:00,233.6077893333319
2011-06-20 16:00:00,315.85759266463054
2011-06-20 17:00:00,575.9313417114815
2011-06-20 18:00:00,579.1086147999866
2011-06-20 19:00:00,440.47955198245415
2011-06-20 20:00:00,300.8667732469411
2011-06-20 21:00:00,219.4367696933132
2011-06-20 22:00:00,146.96333283142081
2011-06-20 23:00:00,76.20872363761656
2011-06-21 00:00:00,33.007753696827145
2011-06-21 01:00:00,12.178187270876242
2011-06-21 02:00:00,5.346081247892626
2011-06-21 03:00:00,3.54671099052823
2011-06-21 04:00:00,5.287248471551689
2011-06-21 05:00:00,24.777847314397672
2011-06-21 06:00:00,106.03180215511344
2011-06-21 07:00:00,225.05945647506002
2011-06-21 08:00:00,468.2051059108629
2011-06-21 09:00:00,226.69582176169286
2011-06-21 10:00:00,121.87014900315141
2011-06-21 11:00:00,133.78454102731058
2011-06-21 12:00:00,176.7859638835698
2011-06-21 13:00:00,198.45607968649625
2011-06-21 14:00:00,198.26100466860825
2011-06-21 15:00:00,208.2894290474456
2011-06-21 16:00:00,319.85222122670496
2011-06-21 17:00:00,632.5956308689913
2011-06-21 18:00:00,736.2970003683
2011-06-21 19:00:00,490.16460488703444
2011-06-21 20:00:00,313.3445157818538
2011-06-21 21:00:00,258.98186955860507
2011-06-21 22:00:00,167.06816927907644
2011-06-21 23:00:00,112.05891262677625
2011-06-22 00:00:00,41.69360883096797
2011-06-22 01:00:00,18.026304703241156
2011-06-22 02:00:00,8.681409713429277
2011-06-22 03:00:00,6.373809533165248
2011-06-22 04:00:00,5.671664632514011
2011-06-22 05:00:00,26.399009488905616
2011-06-22 06:00:00,138.35326554357727
2011-06-22 07:00:00,381.6833629774147
2011-06-22 08:00:00,627.4945887971269
2011-06-22 09:00:00,288.01616939863965
2011-06-22 10:00:00,154.9352954082734
2011-06-22 11:00:00,180.25993462759757
2011-06-22 12:00:00,226.8926435207734
2011-06-22 13:00:00,203.71126841649053
2011-06-22 14:00:00,207.23405995286802
2011-06-22 15:00:00,202.30919016190524
2011-06-22 16:00:00,284.96716412914725
2011-06-22 17:00:00,688.7491237777214
2011-06-22 18:00:00,677.1650603730582
2011-06-22 19:00:00,537.3711550372485
2011-06-22 20:00:00,354.8016156854309
2011-06-22 21:00:00,248.96388679761935
2011-06-22 22:00:00,183.7976615883664
2011-06-22 23:00:00,113.90134344953057
2011-06-23 00:00:00,46.33317563007858
2011-06-23 01:00:00,20.576953981709995
2011-06-23 02:00:00,10.582278144981567
2011-06-23 03:00:00,6.5051087834990255
2011-06-23 04:00:00,7.029533322701233
2011-06-23 05:00:00,34.679957126687825
2011-06-23 06:00:00,146.7791736155068
2011-06-23 07:00:00,370.34129304047207
2011-06-23 08:00:00,534.7999344960245
2011-06-23 09:00:00,270.9310698659608
2011-06-23 10:00:00,173.99078379598743
2011-06-23 11:00:00,140.06244033900208
2011-06-23 12:00:00,211.55004978471038
2011-06-23 13:00:00,202.0962195011968
2011-06-23 14:00:00,188.71083248686074
2011-06-23 15:00:00,232.48719955799137
2011-06-23 16:00:00,306.63590628529107
2011-06-23 17:00:00,606.4325394136556
2011-06-23 18:00:00,681.4903800920683
2011-06-23 19:00:00,489.366390649086
2011-06-23 20:00:00,332.66637256507295
2011-06-23 21:00:00,256.50331043179676
2011-06-23 22:00:00,180.22911028818177
2011-06-23 23:00:00,115.80258236059977
2011-06-24 00:00:00,65.17161230127209
2011-06-24 01:00:00,25.908054043444206
2011-06-24 02:00:00,13.372787892135278
2011-06-24 03:00:00,7.595131390028893
2011-06-24 04:00:00,6.837044253703775
2011-06-24 05:00:00,30.08699979749065
2011-06-24 06:00:00,120.74190936586858
2011-06-24 07:00:00,310.99432396069307
2011-06-24 08:00:00,565.8551999326659
2011-06-24 09:00:00,271.35837016556866
2011-06-24 10:00:00,178.49032663510957
2011-06-24 11:00:00,234.31654857603442
2011-06-24 12:00:00,272.82894978409547
2011-06-24 13:00:00,297.4953839730979
2011-06-24 14:00:00,241.6287900439675
2011-06-24 15:00:00,311.7084420366699
2011-06-24 16:00:00,443.8432731213663
2011-06-24 17:00:00,687.2395965971671
2011-06-24 18:00:00,603.2402893441886
2011-06-24 19:00:00,461.52284914946176
2011-06-24 20:00:00,325.5907079772073
2011-06-24 21:00:00,246.94342482647184
2011-06-24 22:00:00,226.52760911006334
2011-06-24 23:00:00,166.41271616003786
2011-06-25 00:00:00,151.0305498439383
2011-06-25 01:00:00,109.03066473873365
2011-06-25 02:00:00,77.83866053569857
2011-06-25 03:00:00,31.684527163591024
2011-06-25 04:00:00,10.097177273227333
2011-06-25 05:00:00,12.021118531652606
2011-06-25 06:00:00,26.70051965859747
2011-06-25 07:00:00,62.704841569462246
2011-06-25 08:00:00,155.80661532094197
2011-06-25 09:00:00,256.34142391130115
2011-06-25 10:00:00,387.69465800012074
2011-06-25 11:00:00,466.218450399634
2011-06-25 12:00:00,545.8074047044887
2011-06-25 13:00:00,555.127206185841
2011-06-25 14:00:00,500.7869653871246
2011-06-25 15:00:00,523.5730764615656
2011-06-25 16:00:00,502.5189295140958
2011-06-25 17:00:00,492.98223012154295
2011-06-25 18:00:00,457.9951457137598
2011-06-25 19:00:00,359.0779014480603
2011-06-25 20:00:00,325.65848742077276
2011-06-25 21:00:00,279.54384190324504
2011-06-25 22:00:00,248.6254532229684
2011-06-25 23:00:00,186.1911356001768
2011-06-26 00:00:00,148.29172140841376
2011-06-26 01:00:00,125.55633840613197
2011-06-26 02:00:00,86.35159035246647
2011-06-26 03:00:00,35.81994653523783
2011-06-26 04:00:00,10.844234852691187
2011-06-26 05:00:00,9.872271195592745
2011-06-26 06:00:00,17.09727339771972
2011-06-26 07:00:00,46.06297126678811
2011-06-26 08:00:00,100.24450282321578
2011-06-26 09:00:00,198.24816221111135
2011-06-26 10:00:00,357.5669141924201
2011-06-26 11:00:00,460.58631215492017
2011-06-26 12:00:00,548.8355267340019
2011-06-26 13:00:00,543.7201477777501
2011-06-26 14:00:00,547.1220889328065
2011-06-26 15:00:00,536.9479868716045
2011-06-26 16:00:00,508.6995499713029
2011-06-26 17:00:00,589.6211318185469
2011-06-26 18:00:00,505.1272816356531
2011-06-26 19:00:00,381.15621420953875
2011-06-26 20:00:00,284.8219701747503
2011-06-26 21:00:00,213.37819664125234
2011-06-26 22:00:00,158.21925998122222
2011-06-26 23:00:00,119.61878298733505
2011-06-27 00:00:00,32.494910449571584
2011-06-27 01:00:00,15.765187169311243
2011-06-27 02:00:00,7.863416201889012
2011-06-27 03:00:00,4.820973685536559
2011-06-27 04:00:00,5.755090019221018
2011-06-27 05:00:00,25.609528737088343
2011-06-27 06:00:00,116.8882439978088
2011-06-27 07:00:00,362.4144206474664
2011-06-27 08:00:00,537.1794765737724
2011-06-27 09:00:00,304.6443879308671
2011-06-27 10:00:00,173.65760101269234
2011-06-27 11:00:00,186.2429655166919
2011-06-27 12:00:00,243.11277601506205
2011-06-27 13:00:00,247.70545845567378
2011-06-27 14:00:00,216.82387175025985
2011-06-27 15:00:00,230.1843980080998
2011-06-27 16:00:00,316.2449845186607
2011-06-27 17:00:00,634.9536761943488
2011-06-27 18:00:00,579.9741785312917
2011-06-27 19:00:00,491.864934641644
2011-06-27 20:00:00,334.2360571875857
2011-06-27 21:00:00,236.5584606759514
2011-06-27 22:00:00,156.42802438780814
2011-06-27 23:00:00,91.67704940847571
2011-06-28 00:00:00,37.075579636256904
2011-06-28 01:00:00,15.444063521056613
2011-06-28 02:00:00,8.429198220483167
2011-06-28 03:00:00,5.496043495708305
2011-06-28 04:00:00,6.810062521667914
2011-06-28 05:00:00,31.708494498917585
2011-06-28 06:00:00,127.99387483843508
2011-06-28 07:00:00,332.4234064041211
2011-06-28 08:00:00,541.5137500713387
2011-06-28 09:00:00,264.03978331677513
2011-06-28 10:00:00,165.95862932294338
2011-06-28 11:00:00,177.99632042281246
2011-06-28 12:00:00,220.03757518719596
2011-06-28 13:00:00,210.3405203761941
2011-06-28 14:00:00,191.115527438743
2011-06-28 15:00:00,204.6255169018809
2011-06-28 16:00:00,303.47460823284644
2011-06-28 17:00:00,513.0515451800042
2011-06-28 18:00:00,560.1230866521553
2011-06-28 19:00:00,526.1766041024366
2011-06-28 20:00:00,355.6502895204138
2011-06-28 21:00:00,265.13696315175537
2011-06-28 22:00:00,191.41880429671872
2011-06-28 23:00:00,114.73875649664194
2011-06-29 00:00:00,39.36004263542859
2011-06-29 01:00:00,16.109335474635447
2011-06-29 02:00:00,8.04556723754505
2011-06-29 03:00:00,5.872685185315893
2011-06-29 04:00:00,6.246034604571694
2011-06-29 05:00:00,30.726827037333447
2011-06-29 06:00:00,146.88607462551255
2011-06-29 07:00:00,421.86600767504916
2011-06-29 08:00:00,623.9565093523513
2011-06-29 09:00:00,357.043353786671
2011-06-29 10:00:00,156.04229001696405
2011-06-29 11:00:00,198.61869336793958
2011-06-29 12:00:00,238.70658230531023
2011-06-29 13:00:00,202.35349806655486
2011-06-29 14:00:00,208.54533527604346
2011-06-29 15:00:00,210.22015971331294
2011-06-29 16:00:00,311.456640985119
2011-06-29 17:00:00,626.6633657158334
2011-06-29 18:00:00,568.0483872776146
2011-06-29 19:00:00,519.6854936816721
2011-06-29 20:00:00,375.9555311957226
2011-06-29 21:00:00,332.3954354985173
2011-06-29 22:00:00,235.37056190898747
2011-06-29 23:00:00,138.46846416873134
2011-06-30 00:00:00,52.44273674227378
2011-06-30 01:00:00,20.25909097610417
2011-06-30 02:00:00,10.786739623894272
2011-06-30 03:00:00,6.3701006044234125
2011-06-30 04:00:00,6.821609245655423
2011-06-30 05:00:00,34.346945433823706
2011-06-30 06:00:00,136.39646301755812
2011-06-30 07:00:00,381.480113077453
2011-06-30 08:00:00,589.8300345715315
2011-06-30 09:00:00,307.5586610626377
2011-06-30 10:00:00,173.0661670839329
2011-06-30 11:00:00,217.2821993054846
2011-06-30 12:00:00,252.56469668000258
2011-06-30 13:00:00,229.4970735284915
2011-06-30 14:00:00,208.68464440994876
2011-06-30 15:00:00,211.2119580295861
2011-06-30 16:00:00,334.2818340063243
2011-06-30 17:00:00,612.3527231143701
2011-06-30 18:00:00,589.0812836601478
2011-06-30 19:00:00,520.8983159796215
2011-06-30 20:00:00,394.2932159270025
2011-06-30 21:00:00,333.79626110068403
2011-06-30 22:00:00,238.31401547745554
2011-06-30 23:00:00,146.59262744887806
2011-07-20 00:00:00,41.46468917329673
2011-07-20 01:00:00,16.754137815927276
2011-07-20 02:00:00,8.429959243523768
2011-07-20 03:00:00,5.900615311048142
2011-07-20 04:00:00,5.906648480176784
2011-07-20 05:00:00,33.08918585045344
2011-07-20 06:00:00,115.91887158360173
2011-07-20 07:00:00,366.01987910111524
2011-07-20 08:00:00,591.0642599758718
2011-07-20 09:00:00,277.8297274526703
2011-07-20 10:00:00,163.15067266325661
2011-07-20 11:00:00,172.47626934332652
2011-07-20 12:00:00,199.6679637453878
2011-07-20 13:00:00,182.47843222217105
2011-07-20 14:00:00,178.47107068268667
2011-07-20 15:00:00,196.0570393272434
2011-07-20 16:00:00,279.6118748992537
2011-07-20 17:00:00,540.4076023299306
2011-07-20 18:00:00,557.0601477174702
2011-07-20 19:00:00,414.89882505240297
2011-07-20 20:00:00,330.22549068708935
2011-07-20 21:00:00,279.668702633993
2011-07-20 22:00:00,223.19320883513953
2011-07-20 23:00:00,133.87609321568624
2011-07-21 00:00:00,46.10721284825374
2011-07-21 01:00:00,17.617557071655312
2011-07-21 02:00:00,9.292139741401995
2011-07-21 03:00:00,6.282854593975213
2011-07-21 04:00:00,6.583355672533032
2011-07-21 05:00:00,31.83755269649377
2011-07-21 06:00:00,133.49924354433864
2011-07-21 07:00:00,356.3093609129252
2011-07-21 08:00:00,572.153519101314
2011-07-21 09:00:00,258.49242617935613
2011-07-21 10:00:00,133.51402458274418
2011-07-21 11:00:00,141.45683402948129
2011-07-21 12:00:00,170.24809401374802
2011-07-21 13:00:00,164.441512192721
2011-07-21 14:00:00,177.07242033906556
2011-07-21 15:00:00,184.79729825896547
2011-07-21 16:00:00,265.1523571022016
2011-07-21 17:00:00,507.60230061872716
2011-07-21 18:00:00,506.63025726266335
2011-07-21 19:00:00,356.6088559865756
2011-07-21 20:00:00,333.8255304932074
2011-07-21 21:00:00,255.38068329592414
2011-07-21 22:00:00,219.8361355910026
2011-07-21 23:00:00,157.36434877081874
2011-07-22 00:00:00,66.08686301546949
2011-07-22 01:00:00,29.884666060874668
2011-07-22 02:00:00,15.546897952044292
2011-07-22 03:00:00,9.271169039460114
2011-07-22 04:00:00,8.011854678348193
2011-07-22 05:00:00,33.71067603539594
2011-07-22 06:00:00,142.13293069878662
2011-07-22 07:00:00,332.32581130546885
2011-07-22 08:00:00,482.553618156189
2011-07-22 09:00:00,224.98948508536532
2011-07-22 10:00:00,149.4620869651356
2011-07-22 11:00:00,188.83168141173834
2011-07-22 12:00:00,209.76999285624467
2011-07-22 13:00:00,197.6222815262245
2011-07-22 14:00:00,177.78643923901078
2011-07-22 15:00:00,187.66117656901767
2011-07-22 16:00:00,300.25411283072884
2011-07-22 17:00:00,566.0422320514674
2011-07-22 18:00:00,603.5721530032833
2011-07-22 19:00:00,473.97851645553646
2011-07-22 20:00:00,295.7135011846938
2011-07-22 21:00:00,257.66335469714954
2011-07-22 22:00:00,243.9784771950047
2011-07-22 23:00:00,176.99713551779865
2011-07-23 00:00:00,124.38103728707326
2011-07-23 01:00:00,106.00256145666108
2011-07-23 02:00:00,69.25461244805078
2011-07-23 03:00:00,31.94352502471104
2011-07-23 04:00:00,10.377827017905979
2011-07-23 05:00:00,12.348477672296756
2011-07-23 06:00:00,26.95627662673573
2011-07-23 07:00:00,66.12388559632211
2011-07-23 08:00:00,137.0398756145433
2011-07-23 09:00:00,219.76635063425852
2011-07-23 10:00:00,330.22474113384743
2011-07-23 11:00:00,406.02851610349444
2011-07-23 12:00:00,442.07195054699326
2011-07-23 13:00:00,408.964813924944
2011-07-23 14:00:00,418.9149334667846
2011-07-23 15:00:00,404.274208181565
2011-07-23 16:00:00,399.5720345135388
2011-07-23 17:00:00,366.61603001851535
2011-07-23 18:00:00,360.0708872126306
2011-07-23 19:00:00,336.66920363190786
2011-07-23 20:00:00,275.4583416839184
2011-07-23 21:00:00,235.89710021838684
2011-07-23 22:00:00,224.6605339451553
2011-07-23 23:00:00,195.69988154793836
2011-07-24 00:00:00,153.79550517760796
2011-07-24 01:00:00,116.31639197624827
2011-07-24 02:00:00,81.19326975042765
2011-07-24 03:00:00,34.60542472240864
2011-07-24 04:00:00,10.84559222093242
2011-07-24 05:00:00,11.228650834743105
2011-07-24 06:00:00,19.62976769407042
2011-07-24 07:00:00,51.176383744682646
2011-07-24 08:00:00,95.04678075843869
2011-07-24 09:00:00,171.13580669179953
2011-07-24 10:00:00,270.0962129369265
2011-07-24 11:00:00,370.1267310199789
2011-07-24 12:00:00,405.91300509671174
2011-07-24 13:00:00,455.0179740599985
2011-07-24 14:00:00,387.2999373007941
2011-07-24 15:00:00,406.011010547834
2011-07-24 16:00:00,393.5061057820911
2011-07-24 17:00:00,433.25485088920834
2011-07-24 18:00:00,398.24566522833896
2011-07-24 19:00:00,302.3512911508501
2011-07-24 20:00:00,247.25020799427364
2011-07-24 21:00:00,195.65512690441116
2011-07-24 22:00:00,150.91005590978168
2011-07-24 23:00:00,121.32333399114327
2011-07-25 00:00:00,41.9594691759302
2011-07-25 01:00:00,18.51654221688282
2011-07-25 02:00:00,9.021579841052844
2011-07-25 03:00:00,4.953742772736169
2011-07-25 04:00:00,6.401688739749942
2011-07-25 05:00:00,27.029769779583322
2011-07-25 06:00:00,116.69541388157151
2011-07-25 07:00:00,318.3232632254619
2011-07-25 08:00:00,585.9825038149344
2011-07-25 09:00:00,225.8262735889801
2011-07-25 10:00:00,137.48971135561777
2011-07-25 11:00:00,181.2092071502463
2011-07-25 12:00:00,219.14669680771607
2011-07-25 13:00:00,210.97939850344378
2011-07-25 14:00:00,202.4392502516859
2011-07-25 15:00:00,129.91240186717565
2011-07-25 16:00:00,241.72724818788245
2011-07-25 17:00:00,565.4717956996122
2011-07-25 18:00:00,575.4961575200571
2011-07-25 19:00:00,507.11204475146235
2011-07-25 20:00:00,349.8475003352863
2011-07-25 21:00:00,194.31341820844852
2011-07-25 22:00:00,132.38159575699942
2011-07-25 23:00:00,81.33638158760648
2011-07-26 00:00:00,35.59281555458278
2011-07-26 01:00:00,15.371364005283315
2011-07-26 02:00:00,7.80593390974149
2011-07-26 03:00:00,4.830312493715333
2011-07-26 04:00:00,6.165133936372871
2011-07-26 05:00:00,30.095155899793223
2011-07-26 06:00:00,125.95048356779986
2011-07-26 07:00:00,322.44638205400764
2011-07-26 08:00:00,512.9156239265615
2011-07-26 09:00:00,292.7815693256654
2011-07-26 10:00:00,166.0747312750131
2011-07-26 11:00:00,172.89882418139095
2011-07-26 12:00:00,208.3549565862795
2011-07-26 13:00:00,206.2853114775671
2011-07-26 14:00:00,184.0884338273356
2011-07-26 15:00:00,191.98850902433725
2011-07-26 16:00:00,334.7861881135629
2011-07-26 17:00:00,683.5594312651269
2011-07-26 18:00:00,688.8523921175429
2011-07-26 19:00:00,463.4737998789091
2011-07-26 20:00:00,366.77902433041646
2011-07-26 21:00:00,284.8314058492695
2011-07-26 22:00:00,204.99482197393246
2011-07-26 23:00:00,130.96885279767534
2011-07-27 00:00:00,42.80638201049794
2011-07-27 01:00:00,15.785612847747556
2011-07-27 02:00:00,7.494526240827774
2011-07-27 03:00:00,6.532336228643768
2011-07-27 04:00:00,6.600207265662634
2011-07-27 05:00:00,34.94310810374127
2011-07-27 06:00:00,156.26793652881503
2011-07-27 07:00:00,421.0934197411123
2011-07-27 08:00:00,651.8166357862535
2011-07-27 09:00:00,328.6550949275199
2011-07-27 10:00:00,153.0386456291168
2011-07-27 11:00:00,178.77371432747165
2011-07-27 12:00:00,196.98654959660593
2011-07-27 13:00:00,195.77499035509143
2011-07-27 14:00:00,188.58702831542124
2011-07-27 15:00:00,205.08081604480824
2011-07-27 16:00:00,298.4101924375282
2011-07-27 17:00:00,589.8338217072057
2011-07-27 18:00:00,594.0783376872376
2011-07-27 19:00:00,452.2086713808167
2011-07-27 20:00:00,382.3931986914414
2011-07-27 21:00:00,276.26700381399354
2011-07-27 22:00:00,225.82648445937767
2011-07-27 23:00:00,132.51523229943936
2011-07-28 00:00:00,52.690414887230844
2011-07-28 01:00:00,22.996113874653023
2011-07-28 02:00:00,12.195327558237269
2011-07-28 03:00:00,7.198809715950471
2011-07-28 04:00:00,7.206202124174548
2011-07-28 05:00:00,35.45728630227538
2011-07-28 06:00:00,157.290645201272
2011-07-28 07:00:00,385.09765302837354
2011-07-28 08:00:00,547.0223577502367
2011-07-28 09:00:00,249.72862152647647
2011-07-28 10:00:00,150.4831793249817
2011-07-28 11:00:00,158.82174936340297
2011-07-28 12:00:00,220.67153892004313
2011-07-28 13:00:00,212.0230412169396
2011-07-28 14:00:00,212.4162021513398
2011-07-28 15:00:00,214.64374455987536
2011-07-28 16:00:00,329.5177054338572
2011-07-28 17:00:00,632.9655390013484
2011-07-28 18:00:00,584.626909133777
2011-07-28 19:00:00,458.0646854672335
2011-07-28 20:00:00,377.81900386463343
2011-07-28 21:00:00,281.76794680506384
2011-07-28 22:00:00,244.10208575978854
2011-07-28 23:00:00,144.82594177037925
2011-07-29 00:00:00,65.61875068504105
2011-07-29 01:00:00,30.98224757768362
2011-07-29 02:00:00,15.553913254169908
2011-07-29 03:00:00,8.031968893445834
2011-07-29 04:00:00,7.225802412834812
2011-07-29 05:00:00,31.298095545384992
2011-07-29 06:00:00,120.40350286352073
2011-07-29 07:00:00,346.4165291006317
2011-07-29 08:00:00,580.8637176454658
2011-07-29 09:00:00,257.1959365957035
2011-07-29 10:00:00,157.66830471587778
2011-07-29 11:00:00,195.56673541050301
2011-07-29 12:00:00,207.52003471837364
2011-07-29 13:00:00,230.21875906133135
2011-07-29 14:00:00,191.13465573424148
2011-07-29 15:00:00,204.50415696536058
2011-07-29 16:00:00,315.2807216720537
2011-07-29 17:00:00,462.1543843397101
2011-07-29 18:00:00,529.3050837399092
2011-07-29 19:00:00,379.04944151860576
2011-07-29 20:00:00,298.1523254428504
2011-07-29 21:00:00,262.720789487486
2011-07-29 22:00:00,250.9640839114061
2011-07-29 23:00:00,178.79327572026287
2011-07-30 00:00:00,124.66710313933177
2011-07-30 01:00:00,98.44696344656661
2011-07-30 02:00:00,70.06004697484796
2011-07-30 03:00:00,31.130685690745562
2011-07-30 04:00:00,9.510141194751036
2011-07-30 05:00:00,11.212821623305793
2011-07-30 06:00:00,24.37317561173025
2011-07-30 07:00:00,62.61194629441284
2011-07-30 08:00:00,139.15131435090746
2011-07-30 09:00:00,221.2969000262758
2011-07-30 10:00:00,332.54991677397237
2011-07-30 11:00:00,423.63488955303575
2011-07-30 12:00:00,494.49014959511004
2011-07-30 13:00:00,480.47930922470965
2011-07-30 14:00:00,459.05200530916386
2011-07-30 15:00:00,482.8561889017681
2011-07-30 16:00:00,463.5658593342565
2011-07-30 17:00:00,426.6302402379787
2011-07-30 18:00:00,384.2862581407006
2011-07-30 19:00:00,402.9575784990571
2011-07-30 20:00:00,304.7896919168548
2011-07-30 21:00:00,274.45969431120676
2011-07-30 22:00:00,236.73706986416676
2011-07-30 23:00:00,188.32166644073322
2011-07-31 00:00:00,145.28115833081492
2011-07-31 01:00:00,118.975270459348
2011-07-31 02:00:00,80.59914184065637
2011-07-31 03:00:00,33.81245739802269
2011-07-31 04:00:00,10.755689044947164
2011-07-31 05:00:00,10.747267769716093
2011-07-31 06:00:00,18.744755495648764
2011-07-31 07:00:00,48.89442275172386
2011-07-31 08:00:00,102.82568268790166
2011-07-31 09:00:00,193.69968398406724
2011-07-31 10:00:00,347.156648011559
2011-07-31 11:00:00,376.98178500164454
2011-07-31 12:00:00,455.16346005920656
2011-07-31 13:00:00,480.7913058792397
2011-07-31 14:00:00,450.87863472774325
2011-07-31 15:00:00,367.91270374167385
2011-07-31 16:00:00,364.2795243846469
2011-07-31 17:00:00,350.3116193740193
2011-07-31 18:00:00,388.58758370964006
2011-07-31 19:00:00,283.81048619823514
2011-07-31 20:00:00,221.97695121926634
2011-07-31 21:00:00,183.2176333609254
2011-07-31 22:00:00,144.07733311754242
2011-07-31 23:00:00,106.12009288865252
2011-08-20 00:00:00,114.61427610309738
2011-08-20 01:00:00,95.00536668925959
2011-08-20 02:00:00,69.67415853896526
2011-08-20 03:00:00,31.034395288862097
2011-08-20 04:00:00,7.836825820794044
2011-08-20 05:00:00,11.313972829314661
2011-08-20 06:00:00,22.109575045128135
2011-08-20 07:00:00,59.35755892675144
2011-08-20 08:00:00,141.83490416135407
2011-08-20 09:00:00,225.27981863723042
2011-08-20 10:00:00,351.56793402813315
2011-08-20 11:00:00,410.5019837633805
2011-08-20 12:00:00,474.4379371028616
2011-08-20 13:00:00,497.88396606620427
2011-08-20 14:00:00,516.3987446563037
2011-08-20 15:00:00,529.0548843860728
2011-08-20 16:00:00,501.54261478052643
2011-08-20 17:00:00,458.1484630405247
2011-08-20 18:00:00,407.01604638332026
2011-08-20 19:00:00,339.7346787350694
2011-08-20 20:00:00,286.96652199031286
2011-08-20 21:00:00,243.55137913437207
2011-08-20 22:00:00,181.43070881372702
2011-08-20 23:00:00,163.96064129960772
2011-08-21 00:00:00,135.03023687117172
2011-08-21 01:00:00,116.23031422292797
2011-08-21 02:00:00,81.22013803658986
2011-08-21 03:00:00,34.10816493484619
2011-08-21 04:00:00,10.43300973758437
2011-08-21 05:00:00,8.523514733159006
2011-08-21 06:00:00,15.452305229852673
2011-08-21 07:00:00,39.48198682936176
2011-08-21 08:00:00,98.68201462523007
2011-08-21 09:00:00,180.0608307202458
2011-08-21 10:00:00,285.2016830047709
2011-08-21 11:00:00,351.54118851990245
2011-08-21 12:00:00,389.0427684294858
2011-08-21 13:00:00,445.0975637458434
2011-08-21 14:00:00,233.17219197468268
2011-08-21 15:00:00,298.8630765965709
2011-08-21 16:00:00,379.0825825856228
2011-08-21 17:00:00,362.0683882329694
2011-08-21 18:00:00,323.0568521494421
2011-08-21 19:00:00,302.86484857635355
2011-08-21 20:00:00,193.76692749593732
2011-08-21 21:00:00,151.36552821256453
2011-08-21 22:00:00,121.08346281057999
2011-08-21 23:00:00,98.4311937159897
2011-08-22 00:00:00,37.30575702580394
2011-08-22 01:00:00,15.771098217540732
2011-08-22 02:00:00,9.318914144217446
2011-08-22 03:00:00,5.415462508857414
2011-08-22 04:00:00,6.034446647919426
2011-08-22 05:00:00,26.20070554976761
2011-08-22 06:00:00,112.68717663468858
2011-08-22 07:00:00,315.2722593990445
2011-08-22 08:00:00,492.8313612083516
2011-08-22 09:00:00,265.747752836504
2011-08-22 10:00:00,136.0666431803525
2011-08-22 11:00:00,186.59395801407567
2011-08-22 12:00:00,251.37906545773862
2011-08-22 13:00:00,225.1044053252366
2011-08-22 14:00:00,210.88246748785426
2011-08-22 15:00:00,212.83628984838884
2011-08-22 16:00:00,336.8027553735982
2011-08-22 17:00:00,594.3577171024317
2011-08-22 18:00:00,577.2103472680016
2011-08-22 19:00:00,428.62842386655973
2011-08-22 20:00:00,347.6178148633084
2011-08-22 21:00:00,252.47821346662502
2011-08-22 22:00:00,160.1975514729442
2011-08-22 23:00:00,97.91756309442985
2011-08-23 00:00:00,38.87457238983211
2011-08-23 01:00:00,15.574781371879288
2011-08-23 02:00:00,7.970080286216063
2011-08-23 03:00:00,5.058290496420921
2011-08-23 04:00:00,6.8691035664493505
2011-08-23 05:00:00,32.24158636248916
2011-08-23 06:00:00,136.8803967555288
2011-08-23 07:00:00,372.8874798533236
2011-08-23 08:00:00,634.423101527574
2011-08-23 09:00:00,348.67863959555683
2011-08-23 10:00:00,188.6604245406575
2011-08-23 11:00:00,215.15642284560838
2011-08-23 12:00:00,260.8626553346857
2011-08-23 13:00:00,238.16387380744962
2011-08-23 14:00:00,227.3294373333379
2011-08-23 15:00:00,270.8813421459621
2011-08-23 16:00:00,411.23861900243645
2011-08-23 17:00:00,824.7980630558186
2011-08-23 18:00:00,788.0532510931682
2011-08-23 19:00:00,515.4196045573556
2011-08-23 20:00:00,366.539584015505
2011-08-23 21:00:00,260.3412470235542
2011-08-23 22:00:00,199.15293608850567
2011-08-23 23:00:00,120.28567885728403
2011-08-24 00:00:00,45.43953473363059
2011-08-24 01:00:00,17.3519112864677
2011-08-24 02:00:00,8.765319239337906
2011-08-24 03:00:00,6.391935559424253
2011-08-24 04:00:00,7.040721523190186
2011-08-24 05:00:00,39.28676043789293
2011-08-24 06:00:00,163.59772335549408
2011-08-24 07:00:00,401.0040881059063
2011-08-24 08:00:00,637.0032670456621
2011-08-24 09:00:00,312.18041965811597
2011-08-24 10:00:00,148.87723035814324
2011-08-24 11:00:00,188.17979201869144
2011-08-24 12:00:00,193.6042214757195
2011-08-24 13:00:00,224.8998028595659
2011-08-24 14:00:00,217.0592158095266
2011-08-24 15:00:00,228.5555429680964
2011-08-24 16:00:00,344.97957114196817
2011-08-24 17:00:00,639.4911422052531
2011-08-24 18:00:00,580.280234261615
2011-08-24 19:00:00,432.29650398075313
2011-08-24 20:00:00,348.54794016098913
2011-08-24 21:00:00,293.7715765996578
2011-08-24 22:00:00,208.67144069276293
2011-08-24 23:00:00,123.58362855960029
2011-08-25 00:00:00,48.41496136328964
2011-08-25 01:00:00,20.646545588688884
2011-08-25 02:00:00,10.748554291364652
2011-08-25 03:00:00,6.351557474418037
2011-08-25 04:00:00,6.814969512749943
2011-08-25 05:00:00,28.21272863366474
2011-08-25 06:00:00,121.45601464472523
2011-08-25 07:00:00,332.4131410716165
2011-08-25 08:00:00,529.7439361985065
2011-08-25 09:00:00,238.86404396666512
2011-08-25 10:00:00,145.60714094387814
2011-08-25 11:00:00,112.54314481960101
2011-08-25 12:00:00,135.8066734159861
2011-08-25 13:00:00,182.70822065295994
2011-08-25 14:00:00,183.05079527365064
2011-08-25 15:00:00,228.83139841251705
2011-08-25 16:00:00,280.0268090711437
2011-08-25 17:00:00,554.3569711979137
2011-08-25 18:00:00,538.1373640902947
2011-08-25 19:00:00,353.75516837267674
2011-08-25 20:00:00,280.0010684493769
2011-08-25 21:00:00,219.81100425665593
2011-08-25 22:00:00,161.6473690012003
2011-08-25 23:00:00,107.20103944527305
2011-08-26 00:00:00,58.884549311322274
2011-08-26 01:00:00,26.327075338763745
2011-08-26 02:00:00,14.392515922949373
2011-08-26 03:00:00,7.308951440044848
2011-08-26 04:00:00,6.245918110969312
2011-08-26 05:00:00,24.625875869403224
2011-08-26 06:00:00,109.37998364909298
2011-08-26 07:00:00,291.4468840234632
2011-08-26 08:00:00,531.2695882767856
2011-08-26 09:00:00,304.63096318527477
2011-08-26 10:00:00,179.42359372820778
2011-08-26 11:00:00,236.51131153657744
2011-08-26 12:00:00,286.8466759329001
2011-08-26 13:00:00,272.0804788000311
2011-08-26 14:00:00,238.11583933128708
2011-08-26 15:00:00,268.7813667586191
2011-08-26 16:00:00,387.1771432869134
2011-08-26 17:00:00,525.9227330307441
2011-08-26 18:00:00,549.9771247535563
2011-08-26 19:00:00,391.78832502199884
2011-08-26 20:00:00,293.72004475133394
2011-08-26 21:00:00,235.55215711169447
2011-08-26 22:00:00,219.66460577169897
2011-08-26 23:00:00,148.05007590106334
2011-08-27 00:00:00,123.81328365764412
2011-08-27 01:00:00,98.29777312014554
2011-08-27 02:00:00,64.53483625974181
2011-08-27 03:00:00,29.519003444932277
2011-08-27 04:00:00,8.9957129141873
2011-08-27 05:00:00,9.64194520521586
2011-08-27 06:00:00,21.694451084970503
2011-08-27 07:00:00,46.72200097004397
2011-08-27 08:00:00,129.25640668069153
2011-08-27 09:00:00,162.1590568130266
2011-08-27 10:00:00,244.624610270178
2011-08-27 11:00:00,175.69539048387523
2011-08-27 12:00:00,217.4816300681198
2011-08-27 13:00:00,234.23596196885154
2011-08-27 14:00:00,144.70818000793295
2011-08-27 15:00:00,149.1173110835876
2011-08-27 16:00:00,145.27375117654552
2011-08-27 17:00:00,100.08615007365613
2011-08-28 07:00:00,19.624160532685906
2011-08-28 08:00:00,44.630727154432606
2011-08-28 09:00:00,178.97819836958917
2011-08-28 10:00:00,291.991976584231
2011-08-28 11:00:00,387.65278423297025
2011-08-28 12:00:00,485.03664483088437
2011-08-28 13:00:00,496.1086838515595
2011-08-28 14:00:00,471.1903392097235
2011-08-28 15:00:00,476.4951194205319
2011-08-28 16:00:00,541.9933166483703
2011-08-28 17:00:00,478.8675083277402
2011-08-28 18:00:00,438.2232204289715
2011-08-28 19:00:00,340.1947308759207
2011-08-28 20:00:00,278.47132071892815
2011-08-28 21:00:00,202.44681136389156
2011-08-28 22:00:00,146.48648901968772
2011-08-28 23:00:00,99.07046257703541
2011-08-29 00:00:00,41.20213343503604
2011-08-29 01:00:00,15.515190148680622
2011-08-29 02:00:00,7.719984333328006
2011-08-29 03:00:00,5.241355721212271
2011-08-29 04:00:00,7.0120816303488684
2011-08-29 05:00:00,33.22406595487122
2011-08-29 06:00:00,137.51220859462072
2011-08-29 07:00:00,333.4234075933185
2011-08-29 08:00:00,528.4680940758226
2011-08-29 09:00:00,268.5139407039033
2011-08-29 10:00:00,158.50585606757522
2011-08-29 11:00:00,190.59771222543935
2011-08-29 12:00:00,276.5215720622274
2011-08-29 13:00:00,256.5516013471393
2011-08-29 14:00:00,216.03798074597495
2011-08-29 15:00:00,244.14362443930835
2011-08-29 16:00:00,356.7845195149269
2011-08-29 17:00:00,809.5379168445868
2011-08-29 18:00:00,651.2052834094003
2011-08-29 19:00:00,484.62122751211984
2011-08-29 20:00:00,327.1613133695101
2011-08-29 21:00:00,241.32036453993612
2011-08-29 22:00:00,170.41199005743127
2011-08-29 23:00:00,98.35778891901472
2011-08-30 00:00:00,39.390275039629095
2011-08-30 01:00:00,14.659426715280334
2011-08-30 02:00:00,8.208142057874245
2011-08-30 03:00:00,5.205140260048284
2011-08-30 04:00:00,7.852672452898859
2011-08-30 05:00:00,38.9275762376555
2011-08-30 06:00:00,145.1225880885725
2011-08-30 07:00:00,367.61627990363877
2011-08-30 08:00:00,580.770459001564
2011-08-30 09:00:00,317.1192925028376
2011-08-30 10:00:00,194.01073782702065
2011-08-30 11:00:00,225.60760129769974
2011-08-30 12:00:00,265.4062893197223
2011-08-30 13:00:00,239.44103285462904
2011-08-30 14:00:00,234.7530303492087
2011-08-30 15:00:00,261.9108055246893
2011-08-30 16:00:00,397.1185919414888
2011-08-30 17:00:00,797.512050610293
2011-08-30 18:00:00,719.34639456916
2011-08-30 19:00:00,493.26520219805064
2011-08-30 20:00:00,354.7328551637387
2011-08-30 21:00:00,254.03202701529025
2011-08-30 22:00:00,189.6726082178714
2011-08-30 23:00:00,116.57649552280142
2011-08-31 00:00:00,41.01681775444673
2011-08-31 01:00:00,15.95528914409184
2011-08-31 02:00:00,9.184194710608317
2011-08-31 03:00:00,6.265094245424925
2011-08-31 04:00:00,6.7635203217158955
2011-08-31 05:00:00,34.97687507526879
2011-08-31 06:00:00,160.75857690559218
2011-08-31 07:00:00,383.3902435661837
2011-08-31 08:00:00,607.511666234943
2011-08-31 09:00:00,315.5246213365576
2011-08-31 10:00:00,175.79973340702588
2011-08-31 11:00:00,221.9422134140692
2011-08-31 12:00:00,233.81482861374099
2011-08-31 13:00:00,249.09784823766748
2011-08-31 14:00:00,230.6104007559514
2011-08-31 15:00:00,259.1227411077482
2011-08-31 16:00:00,351.83768589846585
2011-08-31 17:00:00,752.6640752604376
2011-08-31 18:00:00,689.7331241943461
2011-08-31 19:00:00,501.0629679000044
2011-08-31 20:00:00,385.3306171519773
2011-08-31 21:00:00,297.099858469637
2011-08-31 22:00:00,201.85871272377167
2011-08-31 23:00:00,104.75276108638167
2011-09-20 00:00:00,33.59220477538095
2011-09-20 01:00:00,11.31996187743888
2011-09-20 02:00:00,6.025261032637052
2011-09-20 03:00:00,3.981856783295657
2011-09-20 04:00:00,5.7328761977976495
2011-09-20 05:00:00,23.66438783852704
2011-09-20 06:00:00,100.24270359691863
2011-09-20 07:00:00,283.9739644565105
2011-09-20 08:00:00,195.42413590939347
2011-09-20 09:00:00,92.7519431060422
2011-09-20 10:00:00,75.47300329745173
2011-09-20 11:00:00,71.46017837418762
2011-09-20 12:00:00,89.86174202024857
2011-09-20 13:00:00,86.68400854801556
2011-09-20 14:00:00,110.27454119004629
2011-09-20 15:00:00,160.55880359140681
2011-09-20 16:00:00,198.11951660785093
2011-09-20 17:00:00,432.52534640064715
2011-09-20 18:00:00,434.6250482170741
2011-09-20 19:00:00,321.24349275833856
2011-09-20 20:00:00,197.8136271320831
2011-09-20 21:00:00,152.31920154954815
2011-09-20 22:00:00,116.65170378994831
2011-09-20 23:00:00,71.79141408294382
2011-09-21 00:00:00,19.708422126229532
2011-09-21 01:00:00,11.227885341208287
2011-09-21 02:00:00,5.636718137904573
2011-09-21 03:00:00,3.4279401727893473
2011-09-21 04:00:00,2.7151941073446837
2011-09-21 05:00:00,12.008658606677729
2011-09-21 06:00:00,45.37398880685093
2011-09-21 07:00:00,122.18225377415658
2011-09-21 08:00:00,209.30539039364362
2011-09-21 09:00:00,91.90854950838869
2011-09-21 10:00:00,90.20973028570118
2011-09-21 11:00:00,109.64942430814882
2011-09-21 12:00:00,158.4700528811187
2011-09-21 13:00:00,182.31521274452766
2011-09-21 14:00:00,171.15861486468404
2011-09-21 15:00:00,187.29216608750866
2011-09-21 16:00:00,278.159509124456
2011-09-21 17:00:00,404.4167340834551
2011-09-21 18:00:00,257.16481840911155
2011-09-21 19:00:00,93.44445338163293
2011-09-21 20:00:00,75.0660451159332
2011-09-21 21:00:00,77.30091223191387
2011-09-21 22:00:00,71.78698296721664
2011-09-21 23:00:00,61.335268082373716
2011-09-22 00:00:00,32.21112084672624
2011-09-22 01:00:00,11.228673382893707
2011-09-22 02:00:00,6.475463511163741
2011-09-22 03:00:00,3.8545557059234716
2011-09-22 04:00:00,3.8362998598991176
2011-09-22 05:00:00,20.83938834704216
2011-09-22 06:00:00,74.33108637487645
2011-09-22 07:00:00,195.38087564408505
2011-09-22 08:00:00,301.9549201717956
2011-09-22 09:00:00,135.578954094229
2011-09-22 10:00:00,111.2454249582717
2011-09-22 11:00:00,106.92161117464336
2011-09-22 12:00:00,169.70581399582372
2011-09-22 13:00:00,150.75763445051868
2011-09-22 14:00:00,142.99754027858435
2011-09-22 15:00:00,178.86509824050293
2011-09-22 16:00:00,280.73788922855704
2011-09-22 17:00:00,507.3915010176654
2011-09-22 18:00:00,385.97764447991756
2011-09-22 19:00:00,301.67303401528807
2011-09-22 20:00:00,165.1555895335223
2011-09-22 21:00:00,174.9119728957434
2011-09-22 22:00:00,83.33462545405536
2011-09-22 23:00:00,66.6840333488082
2011-09-23 00:00:00,49.61325562253885
2011-09-23 01:00:00,19.69756162903877
2011-09-23 02:00:00,10.437470891150985
2011-09-23 03:00:00,5.417617118548506
2011-09-23 04:00:00,5.322198596719265
2011-09-23 05:00:00,31.04135670551926
2011-09-23 06:00:00,116.7647451857194
2011-09-23 07:00:00,215.18930337816857
2011-09-23 08:00:00,362.8547870506691
2011-09-23 09:00:00,142.0277484028904
2011-09-23 10:00:00,84.49859611531124
2011-09-23 11:00:00,91.25328583992646
2011-09-23 12:00:00,142.78791099070054
2011-09-23 13:00:00,114.1912022741312
2011-09-23 14:00:00,102.4663515874168
2011-09-23 15:00:00,143.11017765165502
2011-09-23 16:00:00,202.1169503199777
2011-09-23 17:00:00,336.4411058223598
2011-09-23 18:00:00,322.5619967460146
2011-09-23 19:00:00,287.35175000238115
2011-09-23 20:00:00,241.76145138502187
2011-09-23 21:00:00,155.94367941787607
2011-09-23 22:00:00,180.73563363007548
2011-09-23 23:00:00,94.5412591648138
2011-09-24 00:00:00,117.66491181328801
2011-09-24 01:00:00,100.42690548804663
2011-09-24 02:00:00,69.55891550100493
2011-09-24 03:00:00,33.46962847206421
2011-09-24 04:00:00,13.407118056922656
2011-09-24 05:00:00,12.223855054533411
2011-09-24 06:00:00,27.76407394731146
2011-09-24 07:00:00,68.4692863539639
2011-09-24 08:00:00,160.3111787069195
2011-09-24 09:00:00,239.89358747836954
2011-09-24 10:00:00,365.3162685346379
2011-09-24 11:00:00,400.19700367791023
2011-09-24 12:00:00,486.9871882691235
2011-09-24 13:00:00,542.0903313595552
2011-09-24 14:00:00,592.5379978806124
2011-09-24 15:00:00,606.3374942094242
2011-09-24 16:00:00,547.3840428105409
2011-09-24 17:00:00,510.9690271320183
2011-09-24 18:00:00,418.36337943411763
2011-09-24 19:00:00,339.4000385214192
2011-09-24 20:00:00,257.34421535409103
2011-09-24 21:00:00,228.0783223009316
2011-09-24 22:00:00,194.75011717362864
2011-09-24 23:00:00,158.0831281510135
2011-09-25 00:00:00,128.13969182165044
2011-09-25 01:00:00,107.82131177549901
2011-09-25 02:00:00,64.12752867177171
2011-09-25 03:00:00,29.780933776251786
2011-09-25 04:00:00,11.714747583938811
2011-09-25 05:00:00,11.570578146660763
2011-09-25 06:00:00,19.63544892665752
2011-09-25 07:00:00,48.747011096845576
2011-09-25 08:00:00,120.95947901997901
2011-09-25 09:00:00,197.28885948572562
2011-09-25 10:00:00,329.1611054599447
2011-09-25 11:00:00,478.99050688054757
2011-09-25 12:00:00,558.9734448875643
2011-09-25 13:00:00,591.6671751747546
2011-09-25 14:00:00,539.071648033792
2011-09-25 15:00:00,544.0270711443325
2011-09-25 16:00:00,590.2753978598806
2011-09-25 17:00:00,489.97051424953725
2011-09-25 18:00:00,412.5551671819753
2011-09-25 19:00:00,256.6682180861257
2011-09-25 20:00:00,201.41636735539498
2011-09-25 21:00:00,159.11059239705864
2011-09-25 22:00:00,137.76425310810154
2011-09-25 23:00:00,91.2672866522816
2011-09-26 00:00:00,30.357441819906594
2011-09-26 01:00:00,13.90925874149462
2011-09-26 02:00:00,7.2997283450999495
2011-09-26 03:00:00,4.323324930739663
2011-09-26 04:00:00,6.907614430184827
2011-09-26 05:00:00,29.355685623775855
2011-09-26 06:00:00,121.54944978532306
2011-09-26 07:00:00,330.05363774631576
2011-09-26 08:00:00,552.7568560164716
2011-09-26 09:00:00,363.67282259897104
2011-09-26 10:00:00,195.66751693324238
2011-09-26 11:00:00,197.42560687947432
2011-09-26 12:00:00,254.67005616016934
2011-09-26 13:00:00,237.79961962357996
2011-09-26 14:00:00,238.7378339942376
2011-09-26 15:00:00,277.77489102455667
2011-09-26 16:00:00,377.6467814353835
2011-09-26 17:00:00,739.2906990093934
2011-09-26 18:00:00,542.5932766966138
2011-09-26 19:00:00,427.20185312996637
2011-09-26 20:00:00,308.0344750904549
2011-09-26 21:00:00,223.0784239072842
2011-09-26 22:00:00,143.79220422513967
2011-09-26 23:00:00,92.27532128523467
2011-09-27 00:00:00,28.170202963666718
2011-09-27 01:00:00,11.285696822023995
2011-09-27 02:00:00,5.820918610765269
2011-09-27 03:00:00,3.8180849818178055
2011-09-27 04:00:00,6.613319131811906
2011-09-27 05:00:00,28.363717748594322
2011-09-27 06:00:00,124.00114331750744
2011-09-27 07:00:00,337.32260804448407
2011-09-27 08:00:00,664.2106706772644
2011-09-27 09:00:00,258.1972045539578
2011-09-27 10:00:00,101.33143489292905
2011-09-27 11:00:00,191.87939872568072
2011-09-27 12:00:00,235.1887886969641
2011-09-27 13:00:00,244.3161815326074
2011-09-27 14:00:00,211.1704228903491
2011-09-27 15:00:00,216.84826915628634
2011-09-27 16:00:00,348.2729707587394
2011-09-27 17:00:00,751.823215725367
2011-09-27 18:00:00,641.5916270464647
2011-09-27 19:00:00,451.6115603146146
2011-09-27 20:00:00,295.11878469746017
2011-09-27 21:00:00,203.55090912950652
2011-09-27 22:00:00,157.54255954619856
2011-09-27 23:00:00,104.11589589020458
2011-09-28 00:00:00,36.587365159794096
2011-09-28 01:00:00,14.233720722914738
2011-09-28 02:00:00,6.917526522108352
2011-09-28 03:00:00,5.210229348262027
2011-09-28 04:00:00,6.482946872114548
2011-09-28 05:00:00,27.612923813333015
2011-09-28 06:00:00,61.59280002440148
2011-09-28 07:00:00,157.08546224879973
2011-09-28 08:00:00,269.738072085585
2011-09-28 09:00:00,129.93337499376025
2011-09-28 10:00:00,106.16674229675846
2011-09-28 11:00:00,196.3887087111547
2011-09-28 12:00:00,270.19599781942566
2011-09-28 13:00:00,237.01975838364453
2011-09-28 14:00:00,274.88131770010557
2011-09-28 15:00:00,283.29252327213493
2011-09-28 16:00:00,430.16204266589864
2011-09-28 17:00:00,847.7344132713175
2011-09-28 18:00:00,414.24327574835576
2011-09-28 19:00:00,311.2852112614876
2011-09-28 20:00:00,161.60244145879616
2011-09-28 21:00:00,106.75018327448078
2011-09-28 22:00:00,152.78393463908816
2011-09-28 23:00:00,93.50944819034116
2011-09-29 00:00:00,38.791283712812806
2011-09-29 01:00:00,12.394668533289451
2011-09-29 02:00:00,6.472149188378718
2011-09-29 03:00:00,4.744624465007944
2011-09-29 04:00:00,6.536582954373044
2011-09-29 05:00:00,31.761040258099523
2011-09-29 06:00:00,129.69859887084954
2011-09-29 07:00:00,388.61021378906963
2011-09-29 08:00:00,605.0254831384402
2011-09-29 09:00:00,276.05718187507887
2011-09-29 10:00:00,173.30782765898917
2011-09-29 11:00:00,221.89460028105086
2011-09-29 12:00:00,279.296039864432
2011-09-29 13:00:00,261.0259264554818
2011-09-29 14:00:00,232.02215707419506
2011-09-29 15:00:00,277.29803811677095
2011-09-29 16:00:00,401.0927407649614
2011-09-29 17:00:00,722.4463510516979
2011-09-29 18:00:00,664.3087572817051
2011-09-29 19:00:00,433.57764100754144
2011-09-29 20:00:00,355.11085226930214
2011-09-29 21:00:00,258.6662377276671
2011-09-29 22:00:00,193.44652349345571
2011-09-29 23:00:00,117.57126983573481
2011-09-30 00:00:00,66.32292451910423
2011-09-30 01:00:00,31.928807319646566
2011-09-30 02:00:00,14.311368042605105
2011-09-30 03:00:00,7.776856137256208
2011-09-30 04:00:00,7.5321612761993855
2011-09-30 05:00:00,36.21005409826772
2011-09-30 06:00:00,129.6747263632498
2011-09-30 07:00:00,350.1883720812596
2011-09-30 08:00:00,646.7000286359155
2011-09-30 09:00:00,343.2063645852874
2011-09-30 10:00:00,182.41843345780325
2011-09-30 11:00:00,248.25685432522508
2011-09-30 12:00:00,330.5303947652423
2011-09-30 13:00:00,309.0784989849839
2011-09-30 14:00:00,282.69445674507216
2011-09-30 15:00:00,283.3116980068593
2011-09-30 16:00:00,429.2224338101463
2011-09-30 17:00:00,675.7503749686838
2011-09-30 18:00:00,528.7198171145316
2011-09-30 19:00:00,331.4344015729973
2011-09-30 20:00:00,244.97836576112067
2011-09-30 21:00:00,183.74190396704432
2011-09-30 22:00:00,162.15300385273795
2011-09-30 23:00:00,132.20407776402612
2011-10-20 00:00:00,31.84959433388936
2011-10-20 01:00:00,12.57528900410295
2011-10-20 02:00:00,6.061798872192511
2011-10-20 03:00:00,4.276313324040479
2011-10-20 04:00:00,5.192960948924612
2011-10-20 05:00:00,26.81794010621155
2011-10-20 06:00:00,111.33252211677672
2011-10-20 07:00:00,345.99648235647965
2011-10-20 08:00:00,572.0944834625008
2011-10-20 09:00:00,255.99101060081503
2011-10-20 10:00:00,164.04442099213622
2011-10-20 11:00:00,176.8269960354947
2011-10-20 12:00:00,234.79439442841596
2011-10-20 13:00:00,220.00044081903746
2011-10-20 14:00:00,177.10172805632666
2011-10-20 15:00:00,185.75338071071351
2011-10-20 16:00:00,263.1632275783871
2011-10-20 17:00:00,550.1144217184656
2011-10-20 18:00:00,433.98634246262293
2011-10-20 19:00:00,339.41246045718384
2011-10-20 20:00:00,228.54665543129016
2011-10-20 21:00:00,208.0956471595116
2011-10-20 22:00:00,152.66877677661708
2011-10-20 23:00:00,102.15608728717496
2011-10-21 00:00:00,54.34541457576632
2011-10-21 01:00:00,23.960917501081084
2011-10-21 02:00:00,12.337512073369242
2011-10-21 03:00:00,7.718959196118739
2011-10-21 04:00:00,7.681899752735608
2011-10-21 05:00:00,28.54863674150309
2011-10-21 06:00:00,143.95565713225892
2011-10-21 07:00:00,402.2264324729836
2011-10-21 08:00:00,549.6035480389272
2011-10-21 09:00:00,299.62989630882913
2011-10-21 10:00:00,185.78445851162968
2011-10-21 11:00:00,236.58252564639378
2011-10-21 12:00:00,286.6069999555694
2011-10-21 13:00:00,265.98387503697484
2011-10-21 14:00:00,235.6233439588342
2011-10-21 15:00:00,250.4155037745816
2011-10-21 16:00:00,364.86976468851253
2011-10-21 17:00:00,501.7204998520831
2011-10-21 18:00:00,451.1938468211351
2011-10-21 19:00:00,339.0523970210702
2011-10-21 20:00:00,230.08118154649847
2011-10-21 21:00:00,198.34015397046335
2011-10-21 22:00:00,183.08539309413837
2011-10-21 23:00:00,122.15004873709397
2011-10-22 00:00:00,86.43111175802431
2011-10-22 01:00:00,67.57116320395961
2011-10-22 02:00:00,44.86758133273087
2011-10-22 03:00:00,24.460108861583606
2011-10-22 04:00:00,9.398098897299448
2011-10-22 05:00:00,8.912153218150472
2011-10-22 06:00:00,22.305841973854427
2011-10-22 07:00:00,56.20524462668566
2011-10-22 08:00:00,131.85677249467935
2011-10-22 09:00:00,213.30404700344542
2011-10-22 10:00:00,280.9560377694406
2011-10-22 11:00:00,354.7192692526735
2011-10-22 12:00:00,441.98963856875906
2011-10-22 13:00:00,556.4960479178402
2011-10-22 14:00:00,419.8675076005553
2011-10-22 15:00:00,436.55667020451824
2011-10-22 16:00:00,492.3834928064855
2011-10-22 17:00:00,343.9699847202961
2011-10-22 18:00:00,324.33677811231456
2011-10-22 19:00:00,245.68807319869936
2011-10-22 20:00:00,208.53302696920616
2011-10-22 21:00:00,154.8130851069648
2011-10-22 22:00:00,137.11803081090918
2011-10-22 23:00:00,116.41633282202707
2011-10-23 00:00:00,102.54540017576704
2011-10-23 01:00:00,87.95003144874065
2011-10-23 02:00:00,63.244663112474036
2011-10-23 03:00:00,25.885453996730416
2011-10-23 04:00:00,9.342189029495984
2011-10-23 05:00:00,7.811504697426208
2011-10-23 06:00:00,14.896017925948387
2011-10-23 07:00:00,42.562351283768905
2011-10-23 08:00:00,104.62202047915308
2011-10-23 09:00:00,163.6263156920175
2011-10-23 10:00:00,297.23028878779326
2011-10-23 11:00:00,348.87575369849736
2011-10-23 12:00:00,484.7871199830073
2011-10-23 13:00:00,457.9814963789572
2011-10-23 14:00:00,404.9633613793189
2011-10-23 15:00:00,438.5562233166064
2011-10-23 16:00:00,403.9787294640774
2011-10-23 17:00:00,413.423821293074
2011-10-23 18:00:00,353.9201349646653
2011-10-23 19:00:00,211.3485498685074
2011-10-23 20:00:00,174.35480294361716
2011-10-23 21:00:00,135.09252603223288
2011-10-23 22:00:00,105.40991166069169
2011-10-23 23:00:00,77.2768306574379
2011-10-24 00:00:00,33.70044998661977
2011-10-24 01:00:00,11.974893844932076
2011-10-24 02:00:00,6.472745379193351
2011-10-24 03:00:00,4.365011645203491
2011-10-24 04:00:00,5.966584819413258
2011-10-24 05:00:00,26.824509589921554
2011-10-24 06:00:00,121.27725050860676
2011-10-24 07:00:00,344.9626600295072
2011-10-24 08:00:00,554.4191826360382
2011-10-24 09:00:00,290.89084031874796
2011-10-24 10:00:00,153.60406449653493
2011-10-24 11:00:00,172.23246590853884
2011-10-24 12:00:00,224.32725849181548
2011-10-24 13:00:00,247.89469240938786
2011-10-24 14:00:00,229.20257961897877
2011-10-24 15:00:00,248.76047226216645
2011-10-24 16:00:00,371.97954622034985
2011-10-24 17:00:00,624.5923148469985
2011-10-24 18:00:00,624.7287149257563
2011-10-24 19:00:00,295.50597865309976
2011-10-24 20:00:00,269.82235432138805
2011-10-24 21:00:00,189.25935596855814
2011-10-24 22:00:00,142.18066454831657
2011-10-24 23:00:00,85.09879996431103
2011-10-25 00:00:00,30.267330202601446
2011-10-25 01:00:00,12.234258141422965
2011-10-25 02:00:00,5.849100763893763
2011-10-25 03:00:00,3.720350278353235
2011-10-25 04:00:00,6.175746193439468
2011-10-25 05:00:00,29.38557448641272
2011-10-25 06:00:00,133.03017080941376
2011-10-25 07:00:00,345.0894921579706
2011-10-25 08:00:00,620.4333961763186
2011-10-25 09:00:00,331.30524375329696
2011-10-25 10:00:00,180.28712217554238
2011-10-25 11:00:00,187.1042146865664
2011-10-25 12:00:00,231.5539928432866
2011-10-25 13:00:00,231.49270353070642
2011-10-25 14:00:00,224.77607113908758
2011-10-25 15:00:00,220.5097111122372
2011-10-25 16:00:00,380.63665845340785
2011-10-25 17:00:00,651.4430278709842
2011-10-25 18:00:00,566.3837986047859
2011-10-25 19:00:00,396.54194476666635
2011-10-25 20:00:00,267.00695993640454
2011-10-25 21:00:00,192.09107590688347
2011-10-25 22:00:00,162.38496865486061
2011-10-25 23:00:00,89.81512763148416
2011-10-26 00:00:00,40.34605572900996
2011-10-26 01:00:00,14.575638198623507
2011-10-26 02:00:00,6.742580716058666
2011-10-26 03:00:00,5.213560801994102
2011-10-26 04:00:00,5.928607576838573
2011-10-26 05:00:00,30.799076047499042
2011-10-26 06:00:00,136.0412770802576
2011-10-26 07:00:00,412.8653953327627
2011-10-26 08:00:00,611.221348232887
2011-10-26 09:00:00,336.4827077699821
2011-10-26 10:00:00,192.23441076783817
2011-10-26 11:00:00,195.9868036624283
2011-10-26 12:00:00,191.25269136915273
2011-10-26 13:00:00,168.8992879505057
2011-10-26 14:00:00,171.55235665932025
2011-10-26 15:00:00,186.99711556613468
2011-10-26 16:00:00,277.72379862248687
2011-10-26 17:00:00,525.6568408764044
2011-10-26 18:00:00,514.6370425768952
2011-10-26 19:00:00,322.4609658317836
2011-10-26 20:00:00,203.54879071703377
2011-10-26 21:00:00,198.34176862021695
2011-10-26 22:00:00,110.5206762430015
2011-10-26 23:00:00,71.75526793183818
2011-10-27 00:00:00,38.34930444452503
2011-10-27 01:00:00,16.57846555777305
2011-10-27 02:00:00,6.032620261213822
2011-10-27 03:00:00,4.068263946067052
2011-10-27 04:00:00,5.394909035510081
2011-10-27 05:00:00,24.918575031420797
2011-10-27 06:00:00,81.80158422187897
2011-10-27 07:00:00,342.0391729348406
2011-10-27 08:00:00,324.09521791619795
2011-10-27 09:00:00,249.49768209051732
2011-10-27 10:00:00,83.44946654126088
2011-10-27 11:00:00,95.98771547585291
2011-10-27 12:00:00,118.61312904608691
2011-10-27 13:00:00,162.23200309300702
2011-10-27 14:00:00,142.4199666506424
2011-10-27 15:00:00,154.8893976372715
2011-10-27 16:00:00,267.7855544862222
2011-10-27 17:00:00,449.2098839177801
2011-10-27 18:00:00,436.2143156150109
2011-10-27 19:00:00,285.66116053065605
2011-10-27 20:00:00,225.88379256504282
2011-10-27 21:00:00,174.67325986502803
2011-10-27 22:00:00,118.93026832964365
2011-10-27 23:00:00,85.857985499404
2011-10-28 00:00:00,52.163719807043755
2011-10-28 01:00:00,21.67599030234369
2011-10-28 02:00:00,10.139243786754168
2011-10-28 03:00:00,5.953400746542708
2011-10-28 04:00:00,5.671437833045024
2011-10-28 05:00:00,29.698471575659113
2011-10-28 06:00:00,111.39729935774122
2011-10-28 07:00:00,312.22350987989347
2011-10-28 08:00:00,551.7336985807832
2011-10-28 09:00:00,315.2700919333667
2011-10-28 10:00:00,159.62524693591382
2011-10-28 11:00:00,202.36699988877808
2011-10-28 12:00:00,273.1278520184625
2011-10-28 13:00:00,259.89014803965614
2011-10-28 14:00:00,199.72143012165859
2011-10-28 15:00:00,221.8637228797344
2011-10-28 16:00:00,308.49199922070187
2011-10-28 17:00:00,497.694124618915
2011-10-28 18:00:00,451.7642732226916
2011-10-28 19:00:00,301.4811726026358
2011-10-28 20:00:00,137.79344683924697
2011-10-28 21:00:00,103.73369596513312
2011-10-28 22:00:00,83.35407869130498
2011-10-28 23:00:00,56.68534611051238
2011-10-29 00:00:00,56.9030111047193
2011-10-29 01:00:00,46.61332364742979
2011-10-29 02:00:00,33.68192094231754
2011-10-29 03:00:00,16.681201759786557
2011-10-29 04:00:00,6.168558967320191
2011-10-29 05:00:00,5.163038861674608
2011-10-29 06:00:00,9.703289960382257
2011-10-29 07:00:00,23.394822179408663
2011-10-29 08:00:00,57.07668942726733
2011-10-29 09:00:00,89.61914526224965
2011-10-29 10:00:00,148.16430360238635
2011-10-29 11:00:00,153.55963991777148
2011-10-29 12:00:00,120.66257322011566
2011-10-29 13:00:00,108.15069937289246
2011-10-29 14:00:00,114.29307630611126
2011-10-29 15:00:00,144.91065827567314
2011-10-29 16:00:00,110.4044234098722
2011-10-29 17:00:00,103.15989157879459
2011-10-29 18:00:00,89.72293960338632
2011-10-29 19:00:00,102.24366804098018
2011-10-29 20:00:00,87.458965751861
2011-10-29 21:00:00,71.63613989168842
2011-10-29 22:00:00,85.66571383686367
2011-10-29 23:00:00,75.48953319933503
2011-10-30 00:00:00,68.36136444130443
2011-10-30 01:00:00,57.98676325104823
2011-10-30 02:00:00,35.827792107180166
2011-10-30 03:00:00,17.975217655216
2011-10-30 04:00:00,5.485659500339244
2011-10-30 05:00:00,5.597634577161296
2011-10-30 06:00:00,10.838731121000198
2011-10-30 07:00:00,26.88681103728795
2011-10-30 08:00:00,70.96540152463031
2011-10-30 09:00:00,138.12925652983742
2011-10-30 10:00:00,250.7380337232168
2011-10-30 11:00:00,337.92065528047493
2011-10-30 12:00:00,394.39547429434316
2011-10-30 13:00:00,422.5214500659099
2011-10-30 14:00:00,409.20201506980754
2011-10-30 15:00:00,396.6734543328023
2011-10-30 16:00:00,395.1871428368448
2011-10-30 17:00:00,349.66084254623746
2011-10-30 18:00:00,278.37843380791287
2011-10-30 19:00:00,252.36762348571887
2011-10-30 20:00:00,136.72760504006902
2011-10-30 21:00:00,105.3199568836425
2011-10-30 22:00:00,77.23346529296933
2011-10-30 23:00:00,48.72822859748684
2011-10-31 00:00:00,17.29609184303151
2011-10-31 01:00:00,7.554173048260395
2011-10-31 02:00:00,4.283968550672574
2011-10-31 03:00:00,3.530486770200558
2011-10-31 04:00:00,4.135997334299067
2011-10-31 05:00:00,17.70442672635773
2011-10-31 06:00:00,80.22988777747393
2011-10-31 07:00:00,229.27984986784972
2011-10-31 08:00:00,502.7565852711679
2011-10-31 09:00:00,246.67583115996536
2011-10-31 10:00:00,157.92957911447053
2011-10-31 11:00:00,172.3774250861372
2011-10-31 12:00:00,255.92144660284174
2011-10-31 13:00:00,248.2776672961802
2011-10-31 14:00:00,210.20227168620178
2011-10-31 15:00:00,223.1410407059445
2011-10-31 16:00:00,331.361888190655
2011-10-31 17:00:00,635.5416279734287
2011-10-31 18:00:00,464.4934623783692
2011-10-31 19:00:00,336.8091297777661
2011-10-31 20:00:00,242.05733627765198
2011-10-31 21:00:00,135.27111803449574
2011-10-31 22:00:00,92.22122620154242
2011-10-31 23:00:00,54.18808150251221
2011-11-20 00:00:00,111.75838780809661
2011-11-20 01:00:00,73.37514605565217
2011-11-20 02:00:00,47.21525602367905
2011-11-20 03:00:00,21.80202025200152
2011-11-20 04:00:00,7.99941722269394
2011-11-20 05:00:00,6.8304825562378175
2011-11-20 06:00:00,12.862604806091769
2011-11-20 07:00:00,39.233999292695145
2011-11-20 08:00:00,79.19836321381074
2011-11-20 09:00:00,184.02191110009872
2011-11-20 10:00:00,287.3577707851922
2011-11-20 11:00:00,402.44020387722617
2011-11-20 12:00:00,489.82095903746364
2011-11-20 13:00:00,469.08408496306447
2011-11-20 14:00:00,449.04062896489506
2011-11-20 15:00:00,433.67989625954215
2011-11-20 16:00:00,444.37283176885336
2011-11-20 17:00:00,384.3234214303006
2011-11-20 18:00:00,359.3807113275255
2011-11-20 19:00:00,246.9844937957533
2011-11-20 20:00:00,196.5875507923148
2011-11-20 21:00:00,127.3773496486175
2011-11-20 22:00:00,68.6713477648681
2011-11-20 23:00:00,54.10974319451261
2011-11-21 00:00:00,30.11832243172791
2011-11-21 01:00:00,11.920258698656967
2011-11-21 02:00:00,4.985163817266267
2011-11-21 03:00:00,3.3849247410238417
2011-11-21 04:00:00,4.882965636960665
2011-11-21 05:00:00,23.012195634639482
2011-11-21 06:00:00,94.85890140993163
2011-11-21 07:00:00,355.01723102020054
2011-11-21 08:00:00,568.5798206466579
2011-11-21 09:00:00,286.36499873610643
2011-11-21 10:00:00,142.17440582322038
2011-11-21 11:00:00,160.76840388828023
2011-11-21 12:00:00,215.59701888750092
2011-11-21 13:00:00,204.45222155763446
2011-11-21 14:00:00,178.54591714422548
2011-11-21 15:00:00,117.15666104139795
2011-11-21 16:00:00,173.49904170142574
2011-11-21 17:00:00,261.96839537816123
2011-11-21 18:00:00,326.8621553438159
2011-11-21 19:00:00,217.5587911597244
2011-11-21 20:00:00,160.60630169474086
2011-11-21 21:00:00,124.3423195337221
2011-11-21 22:00:00,91.71489164880947
2011-11-21 23:00:00,56.479552737137176
2011-11-22 00:00:00,20.377894933063857
2011-11-22 01:00:00,8.599088690868935
2011-11-22 02:00:00,3.915165884894764
2011-11-22 03:00:00,2.7198005309719253
2011-11-22 04:00:00,5.196533470570205
2011-11-22 05:00:00,22.82201117614023
2011-11-22 06:00:00,126.60678268681684
2011-11-22 07:00:00,197.27188297136166
2011-11-22 08:00:00,322.54541312181874
2011-11-22 09:00:00,149.13108225317416
2011-11-22 10:00:00,76.36533355712683
2011-11-22 11:00:00,78.12848910347529
2011-11-22 12:00:00,68.76199031042354
2011-11-22 13:00:00,66.54472975830788
2011-11-22 14:00:00,57.51249084871428
2011-11-22 15:00:00,85.71476792646934
2011-11-22 16:00:00,131.05899933593395
2011-11-22 17:00:00,210.833543371376
2011-11-22 18:00:00,194.78226820348382
2011-11-22 19:00:00,209.22440525911648
2011-11-22 20:00:00,167.35072187715684
2011-11-22 21:00:00,124.42377611801726
2011-11-22 22:00:00,130.08127994695263
2011-11-22 23:00:00,81.35311940415309
2011-11-23 00:00:00,29.97656169061308
2011-11-23 01:00:00,11.053772490749742
2011-11-23 02:00:00,3.4524042974285236
2011-11-23 03:00:00,2.559422347271501
2011-11-23 04:00:00,3.643662315602452
2011-11-23 05:00:00,21.907414421341464
2011-11-23 06:00:00,73.65153666957934
2011-11-23 07:00:00,203.3452141434132
2011-11-23 08:00:00,452.813536032403
2011-11-23 09:00:00,207.88736135667196
2011-11-23 10:00:00,101.6902214320764
2011-11-23 11:00:00,166.5991780314268
2011-11-23 12:00:00,220.4995883608889
2011-11-23 13:00:00,208.95686313328687
2011-11-23 14:00:00,178.809451004043
2011-11-23 15:00:00,200.25641593388877
2011-11-23 16:00:00,244.60829151622886
2011-11-23 17:00:00,309.5436266456774
2011-11-23 18:00:00,416.86375375260945
2011-11-23 19:00:00,324.67751700324936
2011-11-23 20:00:00,226.02379865228232
2011-11-23 21:00:00,163.56793219674617
2011-11-23 22:00:00,122.23344447537092
2011-11-23 23:00:00,79.34533455698593
2011-11-24 00:00:00,71.46975081868823
2011-11-24 01:00:00,37.220201308915975
2011-11-24 02:00:00,26.761800087875347
2011-11-24 03:00:00,12.380920843665468
2011-11-24 04:00:00,9.070701682091505
2011-11-24 05:00:00,16.589535195355605
2011-11-24 06:00:00,37.435023863287945
2011-11-24 07:00:00,75.67278577673268
2011-11-24 08:00:00,210.5027401333898
2011-11-24 09:00:00,282.09331730468887
2011-11-24 10:00:00,302.1859963805998
2011-11-24 11:00:00,345.390783913023
2011-11-24 12:00:00,371.5889356651807
2011-11-24 13:00:00,363.48958661723145
2011-11-24 14:00:00,321.4784058857511
2011-11-24 15:00:00,348.75385856798806
2011-11-24 16:00:00,351.37139626834363
2011-11-24 17:00:00,380.65341885853326
2011-11-24 18:00:00,344.7335665047708
2011-11-24 19:00:00,311.2876237010712
2011-11-24 20:00:00,234.6148428468444
2011-11-24 21:00:00,219.68147945101532
2011-11-24 22:00:00,178.36581344902737
2011-11-24 23:00:00,96.1694385430533
2011-11-25 00:00:00,52.0758364578951
2011-11-25 01:00:00,21.040691833403777
2011-11-25 02:00:00,10.641809924170532
2011-11-25 03:00:00,5.9604416163726945
2011-11-25 04:00:00,6.40850979713744
2011-11-25 05:00:00,28.13462257909723
2011-11-25 06:00:00,93.6319571070906
2011-11-25 07:00:00,243.78969194930906
2011-11-25 08:00:00,442.7103418312577
2011-11-25 09:00:00,274.629414891856
2011-11-25 10:00:00,177.98511654220945
2011-11-25 11:00:00,207.73289952001406
2011-11-25 12:00:00,271.0505585891687
2011-11-25 13:00:00,286.66065941778817
2011-11-25 14:00:00,238.79822893294616
2011-11-25 15:00:00,262.1667399047683
2011-11-25 16:00:00,377.5163394606813
2011-11-25 17:00:00,604.8928887782129
2011-11-25 18:00:00,504.23778631334466
2011-11-25 19:00:00,311.94853987441473
2011-11-25 20:00:00,240.19865941636255
2011-11-25 21:00:00,171.09326774738383
2011-11-25 22:00:00,152.24139688709744
2011-11-25 23:00:00,108.776879471197
2011-11-26 00:00:00,104.43756341098037
2011-11-26 01:00:00,79.32251994996571
2011-11-26 02:00:00,53.084220648761125
2011-11-26 03:00:00,23.64105086178728
2011-11-26 04:00:00,8.645040621314264
2011-11-26 05:00:00,8.374408341827245
2011-11-26 06:00:00,19.55498558845475
2011-11-26 07:00:00,42.58067765184162
2011-11-26 08:00:00,119.92260782141092
2011-11-26 09:00:00,196.63943899644778
2011-11-26 10:00:00,287.6947624351181
2011-11-26 11:00:00,384.3594847794128
2011-11-26 12:00:00,447.4364243894965
2011-11-26 13:00:00,530.4563562683976
2011-11-26 14:00:00,440.1668589765691
2011-11-26 15:00:00,506.50724557462166
2011-11-26 16:00:00,379.834566260143
2011-11-26 17:00:00,333.6469729273042
2011-11-26 18:00:00,263.21257216398305
2011-11-26 19:00:00,234.7771432194849
2011-11-26 20:00:00,173.09349428749377
2011-11-26 21:00:00,139.40867809868993
2011-11-26 22:00:00,122.20577912766004
2011-11-26 23:00:00,108.10684839808509
2011-11-27 00:00:00,106.53247504589477
2011-11-27 01:00:00,88.60373675615219
2011-11-27 02:00:00,57.11501935616812
2011-11-27 03:00:00,26.280780251222428
2011-11-27 04:00:00,10.640740290463807
2011-11-27 05:00:00,8.058473392675598
2011-11-27 06:00:00,17.00916848739879
2011-11-27 07:00:00,37.57838357398009
2011-11-27 08:00:00,77.27866114374721
2011-11-27 09:00:00,168.10158985054133
2011-11-27 10:00:00,278.44176747790954
2011-11-27 11:00:00,380.90153282213845
2011-11-27 12:00:00,473.84938636556507
2011-11-27 13:00:00,511.4325939627959
2011-11-27 14:00:00,473.8974201619179
2011-11-27 15:00:00,513.4549568609718
2011-11-27 16:00:00,483.6069742131558
2011-11-27 17:00:00,444.2364443950123
2011-11-27 18:00:00,349.3274870833304
2011-11-27 19:00:00,233.11643154074636
2011-11-27 20:00:00,193.73974451453742
2011-11-27 21:00:00,134.42375168873804
2011-11-27 22:00:00,104.76487611654088
2011-11-27 23:00:00,81.67644070300165
2011-11-28 00:00:00,33.03331087546514
2011-11-28 01:00:00,14.080622117364493
2011-11-28 03:00:00,4.569441169062238
2011-11-28 04:00:00,7.402057756549851
2011-11-28 05:00:00,25.628576407339075
2011-11-28 06:00:00,133.81968706654928
2011-11-28 07:00:00,362.4988072630899
2011-11-28 08:00:00,541.7842000545422
2011-11-28 09:00:00,293.7674537431936
2011-11-28 10:00:00,163.79832650512412
2011-11-28 11:00:00,184.0259773859562
2011-11-28 12:00:00,250.37624006763824
2011-11-28 13:00:00,206.73974205456165
2011-11-28 14:00:00,220.384846610477
2011-11-28 15:00:00,241.5991549499168
2011-11-28 16:00:00,381.8208864028182
2011-11-28 17:00:00,705.7017184688308
2011-11-28 18:00:00,662.6029096498796
2011-11-28 19:00:00,425.4065442376229
2011-11-28 20:00:00,279.3190692649279
2011-11-28 21:00:00,193.5184774041739
2011-11-28 22:00:00,113.85764659216859
2011-11-28 23:00:00,71.289783092237
2011-11-29 00:00:00,30.100061021160894
2011-11-29 01:00:00,12.612801585873283
2011-11-29 02:00:00,5.569167737258271
2011-11-29 03:00:00,3.9278042310678183
2011-11-29 04:00:00,5.573150886388718
2011-11-29 05:00:00,28.38645055191929
2011-11-29 06:00:00,123.33526476197409
2011-11-29 07:00:00,400.92207849568223
2011-11-29 08:00:00,593.4364246092912
2011-11-29 09:00:00,238.10924176246593
2011-11-29 10:00:00,131.902164872414
2011-11-29 11:00:00,74.3949990089545
2011-11-29 12:00:00,104.75714649288376
2011-11-29 13:00:00,99.26162552108809
2011-11-29 14:00:00,75.08667456033466
2011-11-29 15:00:00,70.5438536822194
2011-11-29 16:00:00,144.2320339629223
2011-11-29 17:00:00,323.7256610623658
2011-11-29 18:00:00,337.2179965166979
2011-11-29 19:00:00,229.75895987757647
2011-11-29 20:00:00,190.39414040097026
2011-11-29 21:00:00,144.87753859359177
2011-11-29 22:00:00,105.21751363555491
2011-11-29 23:00:00,66.25174125630001
2011-11-30 00:00:00,38.69378677968149
2011-11-30 01:00:00,13.410601602919884
2011-11-30 02:00:00,6.897286832802865
2011-11-30 03:00:00,5.232927782657469
2011-11-30 04:00:00,5.857178453017142
2011-11-30 05:00:00,29.981294957388624
2011-11-30 06:00:00,89.32207395577103
2011-11-30 07:00:00,296.9764095960612
2011-11-30 08:00:00,585.3118785429285
2011-11-30 09:00:00,289.1845399943819
2011-11-30 10:00:00,135.8563474001517
2011-11-30 11:00:00,174.3786097496232
2011-11-30 12:00:00,235.4737783700493
2011-11-30 13:00:00,230.47158486968604
2011-11-30 14:00:00,205.5223831677333
2011-11-30 15:00:00,173.70709698233534
2011-11-30 16:00:00,260.0827703620299
2011-11-30 17:00:00,516.532761142552
2011-11-30 18:00:00,420.10022241579287
2011-11-30 19:00:00,324.39521877459197
2011-11-30 20:00:00,230.43161644692927
2011-11-30 21:00:00,177.74722250973542
2011-11-30 22:00:00,135.07930606712438
2011-11-30 23:00:00,77.03337770438698
2011-12-20 00:00:00,35.059000521001295
2011-12-20 01:00:00,12.998414968982006
2011-12-20 02:00:00,5.67472055344871
2011-12-20 03:00:00,4.173161265971452
2011-12-20 04:00:00,7.960059897609346
2011-12-20 05:00:00,33.61141780979806
2011-12-20 06:00:00,146.03628915313223
2011-12-20 07:00:00,382.2687459240623
2011-12-20 08:00:00,596.8419128334064
2011-12-20 09:00:00,299.6180477448109
2011-12-20 10:00:00,147.28659099783502
2011-12-20 11:00:00,165.31832210433237
2011-12-20 12:00:00,217.15518748183604
2011-12-20 13:00:00,206.42059654187605
2011-12-20 14:00:00,171.06787323287756
2011-12-20 15:00:00,193.6639013771633
2011-12-20 16:00:00,310.1069952614932
2011-12-20 17:00:00,543.2188643566305
2011-12-20 18:00:00,459.8740141973656
2011-12-20 19:00:00,323.79674411393177
2011-12-20 20:00:00,226.50285246950855
2011-12-20 21:00:00,161.71440806477185
2011-12-20 22:00:00,123.9581599236685
2011-12-20 23:00:00,84.7554619631276
2011-12-21 00:00:00,18.459643746950142
2011-12-21 01:00:00,8.507120657983764
2011-12-21 02:00:00,4.3536179979213925
2011-12-21 03:00:00,3.0163247488444815
2011-12-21 04:00:00,2.9425200949021333
2011-12-21 05:00:00,17.214849274689858
2011-12-21 06:00:00,71.79176251293761
2011-12-21 07:00:00,192.53180155502343
2011-12-21 08:00:00,154.3247333300789
2011-12-21 09:00:00,140.5841824395856
2011-12-21 10:00:00,74.18832225550872
2011-12-21 11:00:00,75.36792409248066
2011-12-21 12:00:00,43.655235190519505
2011-12-21 13:00:00,23.80912735003356
2011-12-21 14:00:00,56.84864204544914
2011-12-21 15:00:00,61.66201792724186
2011-12-21 16:00:00,25.229262950065912
2011-12-21 17:00:00,52.448176592922316
2011-12-21 18:00:00,87.11138938617755
2011-12-21 19:00:00,97.7470787226665
2011-12-21 20:00:00,69.44327501529155
2011-12-21 21:00:00,102.11208633657668
2011-12-21 22:00:00,87.10899617593343
2011-12-21 23:00:00,61.71569940952772
2011-12-22 00:00:00,32.237267042062925
2011-12-22 01:00:00,13.30938727787813
2011-12-22 02:00:00,10.014389066062376
2011-12-22 03:00:00,4.2646658532527635
2011-12-22 04:00:00,4.010009624726983
2011-12-22 05:00:00,20.665885754982927
2011-12-22 06:00:00,100.1045818943802
2011-12-22 07:00:00,214.56499570928747
2011-12-22 08:00:00,467.7907318273166
2011-12-22 09:00:00,233.37891487082112
2011-12-22 10:00:00,118.67228484574109
2011-12-22 11:00:00,129.848186651311
2011-12-22 12:00:00,163.86174914954753
2011-12-22 13:00:00,152.12512336054334
2011-12-22 14:00:00,133.0811784283705
2011-12-22 15:00:00,156.9077399651317
2011-12-22 16:00:00,207.62482282167628
2011-12-22 17:00:00,358.2101819619034
2011-12-22 18:00:00,380.017388880053
2011-12-22 19:00:00,270.16080757749336
2011-12-22 20:00:00,151.65765865825347
2011-12-22 21:00:00,119.2466330640882
2011-12-22 22:00:00,63.13170081687464
2011-12-22 23:00:00,53.54571321368409
2011-12-23 00:00:00,19.6280261754093
2011-12-23 01:00:00,10.799158622702379
2011-12-23 02:00:00,6.154463059716716
2011-12-23 03:00:00,3.137617609277438
2011-12-23 04:00:00,1.5467707119515581
2011-12-23 05:00:00,12.862100391605482
2011-12-23 06:00:00,64.74519276438222
2011-12-23 07:00:00,187.62312955990788
2011-12-23 08:00:00,377.94553821833296
2011-12-23 09:00:00,183.14228928060777
2011-12-23 10:00:00,116.4395558972636
2011-12-23 11:00:00,137.44685239131485
2011-12-23 12:00:00,190.97155958516217
2011-12-23 13:00:00,165.38768507103265
2011-12-23 14:00:00,160.60694352091122
2011-12-23 15:00:00,143.13125184218762
2011-12-23 16:00:00,183.31702547047234
2011-12-23 17:00:00,308.66048086880096
2011-12-23 18:00:00,261.1908822467549
2011-12-23 19:00:00,183.3975468617097
2011-12-23 20:00:00,107.73717551573205
2011-12-23 21:00:00,87.7475687278091
2011-12-23 22:00:00,72.52418424843869
2011-12-23 23:00:00,63.59363051385537
2011-12-24 00:00:00,48.05749411676366
2011-12-24 01:00:00,40.49194478935257
2011-12-24 02:00:00,31.866503340928727
2011-12-24 03:00:00,14.231636300945215
2011-12-24 04:00:00,3.7219492494442985
2011-12-24 05:00:00,3.47569577958478
2011-12-24 06:00:00,8.306462479099729
2011-12-24 07:00:00,21.40579173989799
2011-12-24 08:00:00,54.02657301186873
2011-12-24 09:00:00,95.92320025533738
2011-12-24 10:00:00,130.5669858524433
2011-12-24 11:00:00,167.4884687033022
2011-12-24 12:00:00,225.5520043276019
2011-12-24 13:00:00,239.6052899301613
2011-12-24 14:00:00,215.72278652556943
2011-12-24 15:00:00,208.1792346343496
2011-12-24 16:00:00,193.44181842489002
2011-12-24 17:00:00,159.8454669462706
2011-12-24 18:00:00,144.57439974616378
2011-12-24 19:00:00,106.18235424707571
2011-12-24 20:00:00,80.55518314199863
2011-12-24 21:00:00,68.73514123867172
2011-12-24 22:00:00,47.97470537075632
2011-12-24 23:00:00,44.53358432829405
2011-12-25 00:00:00,44.58860815446759
2011-12-25 01:00:00,37.31360223684592
2011-12-25 02:00:00,25.45096671065509
2011-12-25 03:00:00,10.430785594908839
2011-12-25 05:00:00,2.585171406373472
2011-12-25 06:00:00,4.448219075849298
2011-12-25 07:00:00,17.167505759501054
2011-12-25 08:00:00,38.5484043413312
2011-12-25 09:00:00,84.3830046401361
2011-12-25 10:00:00,114.0469068051336
2011-12-25 11:00:00,167.39900235458234
2011-12-25 12:00:00,147.5265071191903
2011-12-25 13:00:00,155.0830874582804
2011-12-25 14:00:00,158.88535589960767
2011-12-25 15:00:00,163.41723471943638
2011-12-25 16:00:00,212.47384187886013
2011-12-25 17:00:00,187.46306616840374
2011-12-25 18:00:00,96.99418486564662
2011-12-25 19:00:00,105.54289326776167
2011-12-25 20:00:00,74.74927891840134
2011-12-25 21:00:00,57.667102290566426
2011-12-25 22:00:00,39.015056197355605
2011-12-25 23:00:00,27.399266958323896
2011-12-26 00:00:00,23.140582658895738
2011-12-26 01:00:00,19.19132754059471
2011-12-26 02:00:00,14.336956506727203
2011-12-26 04:00:00,3.6947894478578776
2011-12-26 05:00:00,6.010350262098343
2011-12-26 06:00:00,13.156068057818795
2011-12-26 07:00:00,38.303708265228835
2011-12-26 08:00:00,112.60679967265355
2011-12-26 09:00:00,130.12079783626348
2011-12-26 10:00:00,127.95748303843814
2011-12-26 11:00:00,141.22445547326978
2011-12-26 12:00:00,185.3018780248733
2011-12-26 13:00:00,207.8059121460074
2011-12-26 14:00:00,179.70464696885395
2011-12-26 15:00:00,194.85332780465413
2011-12-26 16:00:00,186.77656640950835
2011-12-26 17:00:00,173.2936313431987
2011-12-26 18:00:00,148.1798756173677
2011-12-26 19:00:00,123.12552056540751
2011-12-26 20:00:00,104.9087815397133
2011-12-26 21:00:00,67.95936722349276
2011-12-26 22:00:00,48.61032510608434
2011-12-26 23:00:00,32.21679795800272
2011-12-27 00:00:00,12.240420225553114
2011-12-27 01:00:00,5.246728669635568
2011-12-27 02:00:00,2.82824471276807
2011-12-27 03:00:00,2.202228337923226
2011-12-27 04:00:00,2.3823255575616664
2011-12-27 05:00:00,11.837628815775041
2011-12-27 06:00:00,65.65240584767844
2011-12-27 07:00:00,168.030813430542
2011-12-27 08:00:00,351.6256362011852
2011-12-27 09:00:00,129.486449099409
2011-12-27 10:00:00,81.79934080542566
2011-12-27 11:00:00,56.617768298957905
2011-12-27 12:00:00,55.9371842308492
2011-12-27 13:00:00,53.89542553776758
2011-12-27 14:00:00,51.34251293218246
2011-12-27 15:00:00,54.62330424994407
2011-12-27 16:00:00,67.2271174882639
2011-12-27 17:00:00,218.22955674825735
2011-12-27 18:00:00,189.27079300488248
2011-12-27 19:00:00,183.2150839660972
2011-12-27 20:00:00,105.05924663311879
2011-12-27 21:00:00,94.54111688525951
2011-12-27 22:00:00,70.6742061094201
2011-12-27 23:00:00,34.22609765099462
2011-12-28 00:00:00,13.164088035116364
2011-12-28 01:00:00,6.549189238821707
2011-12-28 02:00:00,3.461863091917702
2011-12-28 03:00:00,2.400068077557209
2011-12-28 05:00:00,13.033144069694776
2011-12-28 06:00:00,73.96352102754832
2011-12-28 07:00:00,211.3453645590084
2011-12-28 08:00:00,372.92009005229306
2011-12-28 09:00:00,181.2457632629196
2011-12-28 10:00:00,83.75864313555905
2011-12-28 11:00:00,93.27068483374792
2011-12-28 12:00:00,101.5313844614675
2011-12-28 13:00:00,106.42181007010767
2011-12-28 14:00:00,88.96654232490582
2011-12-28 15:00:00,97.95935224995674
2011-12-28 16:00:00,144.26998149903227
2011-12-28 17:00:00,264.5167500682207
2011-12-28 18:00:00,249.78724451601983
2011-12-28 19:00:00,165.8570766235032
2011-12-28 20:00:00,113.83724642594643
2011-12-28 21:00:00,79.0456812319292
2011-12-28 22:00:00,61.339541938953474
2011-12-28 23:00:00,31.442670643461266
2011-12-29 00:00:00,14.233026517526614
2011-12-29 01:00:00,5.941512397161341
2011-12-29 02:00:00,3.4614304024769584
2011-12-29 03:00:00,1.7421714064191776
2011-12-29 04:00:00,1.8921909473748653
2011-12-29 05:00:00,10.811638496141953
2011-12-29 06:00:00,58.354760544943524
2011-12-29 07:00:00,166.51027116937232
2011-12-29 08:00:00,288.8854266731518
2011-12-29 09:00:00,148.40766382114336
2011-12-29 10:00:00,78.60431676576385
2011-12-29 11:00:00,78.62987877344624
2011-12-29 12:00:00,108.67946960928388
2011-12-29 13:00:00,107.11168392619436
2011-12-29 14:00:00,95.43384342829954
2011-12-29 15:00:00,102.35700217682009
2011-12-29 16:00:00,155.12041090311732
2011-12-29 17:00:00,309.90540994093607
2011-12-29 18:00:00,302.7063552626532
2011-12-29 19:00:00,212.13995472360267
2011-12-29 20:00:00,135.077371378997
2011-12-29 21:00:00,110.9162619283616
2011-12-29 22:00:00,83.49811982538452
2011-12-29 23:00:00,51.26955215683869
2011-12-30 00:00:00,29.94320154625413
2011-12-30 01:00:00,10.143924501842957
2011-12-30 02:00:00,6.642770336144759
2011-12-30 03:00:00,3.503278967260263
2011-12-30 04:00:00,2.8313459327655006
2011-12-30 05:00:00,11.66780386221655
2011-12-30 06:00:00,64.82200522114496
2011-12-30 07:00:00,181.73448271860514
2011-12-30 08:00:00,330.9974726887856
2011-12-30 09:00:00,169.14929159932333
2011-12-30 10:00:00,85.67268036402035
2011-12-30 11:00:00,88.12764834614153
2011-12-30 12:00:00,154.44848387497228
2011-12-30 13:00:00,154.47575878284994
2011-12-30 14:00:00,155.23903785585622
2011-12-30 15:00:00,204.42926829559252
2011-12-30 16:00:00,243.0039638555912
2011-12-30 17:00:00,354.70818891825394
2011-12-30 18:00:00,309.08326744118483
2011-12-30 19:00:00,168.0897156435228
2011-12-30 20:00:00,124.31921787061846
2011-12-30 21:00:00,95.28545030805303
2011-12-30 22:00:00,88.67952335716916
2011-12-30 23:00:00,48.1488008634413
2011-12-31 00:00:00,35.60233663684681
2011-12-31 01:00:00,30.812824014111065
2011-12-31 02:00:00,22.584061128007964
2011-12-31 03:00:00,9.656488957006944
2011-12-31 04:00:00,3.373407667462733
2011-12-31 05:00:00,3.1301491030726867
2011-12-31 06:00:00,9.663560853242927
2011-12-31 07:00:00,17.253421905540954
2011-12-31 08:00:00,78.6068057822742
2011-12-31 09:00:00,113.80827436243715
2011-12-31 10:00:00,160.80918595904106
2011-12-31 11:00:00,254.19464014904278
2011-12-31 12:00:00,413.6467708536312
2011-12-31 13:00:00,354.561734178495
2011-12-31 14:00:00,247.45417897705985
2011-12-31 15:00:00,241.25381953261393
2011-12-31 16:00:00,242.3994917952752
2011-12-31 17:00:00,238.70831608634956
2011-12-31 18:00:00,219.66464666232423
2011-12-31 19:00:00,152.61458384257918
2011-12-31 20:00:00,122.71257602701971
2011-12-31 21:00:00,86.98881669372261
2011-12-31 22:00:00,88.39670874560736
2011-12-31 23:00:00,63.92602359724952
2012-01-20 00:00:00,19.65884769922657
2012-01-20 01:00:00,9.978387783245068
2012-01-20 02:00:00,5.248222866234742
2012-01-20 03:00:00,3.2031385389712805
2012-01-20 04:00:00,2.4279667391361324
2012-01-20 05:00:00,12.419077621288707
2012-01-20 06:00:00,52.59063368037894
2012-01-20 07:00:00,134.4491653161024
2012-01-20 08:00:00,255.21296310680933
2012-01-20 09:00:00,152.50585188411313
2012-01-20 10:00:00,71.62757513529702
2012-01-20 11:00:00,52.07686252310173
2012-01-20 12:00:00,61.81629039153494
2012-01-20 13:00:00,80.32966456857187
2012-01-20 14:00:00,65.27015500401892
2012-01-20 15:00:00,79.30063624863948
2012-01-20 16:00:00,99.2573734063762
2012-01-20 17:00:00,162.77539754279212
2012-01-20 18:00:00,151.35411728944518
2012-01-20 19:00:00,112.33546576712175
2012-01-20 20:00:00,72.33151304597305
2012-01-20 21:00:00,59.402693943274855
2012-01-20 22:00:00,41.871786273706434
2012-01-20 23:00:00,16.745887464157093
2012-01-21 00:00:00,20.645309588923688
2012-01-21 01:00:00,19.949674112050054
2012-01-21 02:00:00,15.920710962815972
2012-01-21 03:00:00,6.8421971042954395
2012-01-21 04:00:00,2.264077359471239
2012-01-21 05:00:00,1.7771732661497854
2012-01-21 06:00:00,3.569446922415809
2012-01-21 07:00:00,8.662356367083081
2012-01-21 08:00:00,26.421051991282454
2012-01-21 09:00:00,42.732674626534816
2012-01-21 10:00:00,40.5290477862864
2012-01-21 11:00:00,110.59823772825033
2012-01-21 12:00:00,143.30256031429107
2012-01-21 13:00:00,101.9798001451752
2012-01-21 14:00:00,78.11018555585534
2012-01-21 15:00:00,76.85576975690762
2012-01-21 16:00:00,81.3365001280903
2012-01-21 17:00:00,65.43318954484606
2012-01-21 18:00:00,57.53592330118319
2012-01-21 19:00:00,44.23099169982968
2012-01-21 20:00:00,39.11271739999202
2012-01-21 21:00:00,34.32357075826986
2012-01-21 22:00:00,25.754107155472994
2012-01-21 23:00:00,24.426827829233424
2012-01-22 00:00:00,28.68545292956929
2012-01-22 01:00:00,21.475884806846054
2012-01-22 02:00:00,16.23809065123866
2012-01-22 03:00:00,7.287017204390597
2012-01-22 04:00:00,2.076832608504528
2012-01-22 05:00:00,1.3789859844670864
2012-01-22 06:00:00,2.9037899428418594
2012-01-22 07:00:00,7.891729178046895
2012-01-22 08:00:00,21.407996333073587
2012-01-22 09:00:00,38.12801520176282
2012-01-22 10:00:00,56.04008458348171
2012-01-22 11:00:00,50.21779545339603
2012-01-22 12:00:00,91.84388419194394
2012-01-22 13:00:00,113.05524553978005
2012-01-22 14:00:00,104.4284670769097
2012-01-22 15:00:00,94.00171889545888
2012-01-22 16:00:00,97.56290836150254
2012-01-22 17:00:00,93.09221150850112
2012-01-22 18:00:00,48.34043736273678
2012-01-22 19:00:00,40.769208734642845
2012-01-22 20:00:00,30.235805668301815
2012-01-22 21:00:00,22.32771818294434
2012-01-22 22:00:00,21.25168488932069
2012-01-22 23:00:00,16.940838762702533
2012-01-23 00:00:00,9.908331668953041
2012-01-23 01:00:00,4.667834741037396
2012-01-23 02:00:00,2.7908632872363195
2012-01-23 03:00:00,1.6806143733857335
2012-01-23 04:00:00,2.1064347705292565
2012-01-23 05:00:00,8.73415858211455
2012-01-23 06:00:00,44.27492329438882
2012-01-23 07:00:00,91.02588605412524
2012-01-23 08:00:00,207.52470594613408
2012-01-23 09:00:00,170.30881143338044
2012-01-23 10:00:00,60.6367723521073
2012-01-23 11:00:00,60.94739429791281
2012-01-23 12:00:00,60.03262350974065
2012-01-23 13:00:00,46.766425777945216
2012-01-23 14:00:00,45.8379077680188
2012-01-23 15:00:00,39.09197183878935
2012-01-23 16:00:00,117.01587105080097
2012-01-23 17:00:00,171.92761989076993
2012-01-23 18:00:00,227.26345818048637
2012-01-23 19:00:00,177.986149123588
2012-01-23 20:00:00,98.34472394055734
2012-01-23 21:00:00,57.983132667180364
2012-01-23 22:00:00,40.0832833560502
2012-01-23 23:00:00,20.75903001352424
2012-01-24 00:00:00,5.860239889023875
2012-01-24 01:00:00,3.8446976297697684
2012-01-24 02:00:00,2.207318005133184
2012-01-24 03:00:00,1.787897005177764
2012-01-24 04:00:00,1.6981191333851209
2012-01-24 05:00:00,8.847217368052922
2012-01-24 06:00:00,49.48574041558582
2012-01-24 07:00:00,164.8398374729373
2012-01-24 08:00:00,299.53690438229984
2012-01-24 09:00:00,177.39796155595533
2012-01-24 10:00:00,73.61343078958308
2012-01-24 11:00:00,83.70227870463934
2012-01-24 12:00:00,97.52637986579819
2012-01-24 13:00:00,92.47398563212106
2012-01-24 14:00:00,68.01163242051582
2012-01-24 15:00:00,104.33389529783419
2012-01-24 16:00:00,174.40829440029034
2012-01-24 17:00:00,388.37116388674093
2012-01-24 18:00:00,353.2469054250044
2012-01-24 19:00:00,285.8472448224564
2012-01-24 20:00:00,112.10518749474389
2012-01-24 21:00:00,111.41428959193307
2012-01-24 22:00:00,70.04112325182831
2012-01-24 23:00:00,35.61634304705903
2012-01-25 00:00:00,8.461855166201437
2012-01-25 01:00:00,6.970766213238377
2012-01-25 02:00:00,3.4029691997979747
2012-01-25 03:00:00,1.857488908670768
2012-01-25 04:00:00,1.8404890792520072
2012-01-25 05:00:00,10.50262640212323
2012-01-25 06:00:00,58.91064811076737
2012-01-25 07:00:00,168.37129544099454
2012-01-25 08:00:00,324.791005025324
2012-01-25 09:00:00,172.35289235963995
2012-01-25 10:00:00,84.45266969938287
2012-01-25 11:00:00,86.18269140265792
2012-01-25 12:00:00,114.5208294390727
2012-01-25 13:00:00,113.30909248905192
2012-01-25 14:00:00,96.62748067411763
2012-01-25 15:00:00,108.77809388169457
2012-01-25 16:00:00,154.8678571547466
2012-01-25 17:00:00,314.8550406635698
2012-01-25 18:00:00,254.55145599115792
2012-01-25 19:00:00,208.0562257482298
2012-01-25 20:00:00,114.738273014201
2012-01-25 21:00:00,94.6888891058334
2012-01-25 22:00:00,72.77768856754555
2012-01-25 23:00:00,38.61596805097741
2012-01-26 00:00:00,18.47587272475053
2012-01-26 01:00:00,8.288897081308724
2012-01-26 02:00:00,4.726427435243164
2012-01-26 03:00:00,2.9272166320837534
2012-01-26 04:00:00,2.646686350148901
2012-01-26 05:00:00,15.56522266647772
2012-01-26 06:00:00,84.78792469276672
2012-01-26 07:00:00,251.4733402399313
2012-01-26 08:00:00,454.2814055312957
2012-01-26 09:00:00,196.183435517466
2012-01-26 10:00:00,98.97392944808327
2012-01-26 11:00:00,89.02965519232063
2012-01-26 12:00:00,120.30082973868022
2012-01-26 13:00:00,125.40551287763893
2012-01-26 14:00:00,120.06403249631295
2012-01-26 15:00:00,131.56186950946753
2012-01-26 16:00:00,183.12183076627937
2012-01-26 17:00:00,368.85352544905663
2012-01-26 18:00:00,353.6553992368232
2012-01-26 19:00:00,236.86418849401224
2012-01-26 20:00:00,189.66215158555937
2012-01-26 21:00:00,135.93771586811087
2012-01-26 22:00:00,126.49928199170566
2012-01-26 23:00:00,69.63179801995507
2012-01-27 00:00:00,25.08464007234583
2012-01-27 01:00:00,12.306107422897178
2012-01-27 02:00:00,10.071911283087069
2012-01-27 03:00:00,2.572824984337797
2012-01-27 04:00:00,1.5646558764658092
2012-01-27 05:00:00,10.20057712477415
2012-01-27 06:00:00,34.50745832836819
2012-01-27 07:00:00,96.25971460546334
2012-01-27 08:00:00,185.29063191009146
2012-01-27 09:00:00,104.62883167180473
2012-01-27 10:00:00,46.652505277416005
2012-01-27 11:00:00,115.44319491239378
2012-01-27 12:00:00,182.95865404267374
2012-01-27 13:00:00,208.33117855114662
2012-01-27 14:00:00,176.72072346674688
2012-01-27 15:00:00,175.41233171527114
2012-01-27 16:00:00,241.8777904231661
2012-01-27 17:00:00,369.69490250223635
2012-01-27 18:00:00,314.29898625377496
2012-01-27 19:00:00,197.74618748135828
2012-01-27 20:00:00,131.56713894371083
2012-01-27 21:00:00,97.37450430544128
2012-01-27 22:00:00,94.49959152360687
2012-01-27 23:00:00,53.824978685206325
2012-01-28 00:00:00,48.80817833168935
2012-01-28 01:00:00,47.757255115365865
2012-01-28 02:00:00,25.40470315783497
2012-01-28 03:00:00,11.43343028208558
2012-01-28 04:00:00,3.3204732045852925
2012-01-28 05:00:00,2.9595356869713547
2012-01-28 06:00:00,6.705785725590181
2012-01-28 07:00:00,15.16231391172268
2012-01-28 08:00:00,53.55802176006861
2012-01-28 09:00:00,75.77153877841712
2012-01-28 10:00:00,130.6662083652038
2012-01-28 11:00:00,192.8823354586511
2012-01-28 12:00:00,170.25299772911157
2012-01-28 13:00:00,210.74796631187564
2012-01-28 14:00:00,215.36175818292898
2012-01-28 15:00:00,234.1842226909305
2012-01-28 16:00:00,264.7300808421782
2012-01-28 17:00:00,239.13188050961875
2012-01-28 18:00:00,201.65227502438563
2012-01-28 19:00:00,102.15855992698924
2012-01-28 20:00:00,108.50075669891963
2012-01-28 21:00:00,72.81643210621232
2012-01-28 22:00:00,69.12042088271726
2012-01-28 23:00:00,50.89948586601019
2012-01-29 00:00:00,58.72722722663479
2012-01-29 01:00:00,43.12121636894531
2012-01-29 02:00:00,29.473474985176736
2012-01-29 03:00:00,10.930814037726089
2012-01-29 04:00:00,3.07332164507488
2012-01-29 05:00:00,2.4291533441026316
2012-01-29 06:00:00,4.876038234180987
2012-01-29 07:00:00,13.382443310770105
2012-01-29 08:00:00,33.14882019092878
2012-01-29 09:00:00,61.184906015528796
2012-01-29 10:00:00,117.51231176303878
2012-01-29 11:00:00,144.1028515105405
2012-01-29 12:00:00,193.32343381059644
2012-01-29 13:00:00,194.72793339793478
2012-01-29 14:00:00,169.84060612355114
2012-01-29 15:00:00,189.63618503127827
2012-01-29 16:00:00,166.03632292252314
2012-01-29 17:00:00,153.39355649129755
2012-01-29 18:00:00,117.08761546245563
2012-01-29 19:00:00,83.47854877247386
2012-01-29 20:00:00,68.08352269562096
2012-01-29 21:00:00,49.722536265692234
2012-01-29 22:00:00,35.98259676994369
2012-01-29 23:00:00,28.47636781727865
2012-01-30 00:00:00,10.31976151173756
2012-01-30 01:00:00,4.398854168951766
2012-01-30 02:00:00,2.4916737275454
2012-01-30 03:00:00,1.771196422194411
2012-01-30 04:00:00,1.764347004221676
2012-01-30 05:00:00,8.218771671674004
2012-01-30 06:00:00,43.55432071080193
2012-01-30 07:00:00,126.23142563961612
2012-01-30 08:00:00,228.12149614333418
2012-01-30 09:00:00,123.23231957597659
2012-01-30 10:00:00,64.76585485032395
2012-01-30 11:00:00,80.29020320455129
2012-01-30 12:00:00,101.38808720006762
2012-01-30 13:00:00,99.75829488594223
2012-01-30 14:00:00,89.82163741305229
2012-01-30 15:00:00,83.88620836000592
2012-01-30 16:00:00,140.26731068662156
2012-01-30 17:00:00,264.4841633299055
2012-01-30 18:00:00,261.8286653162501
2012-01-30 19:00:00,179.97871069212582
2012-01-30 20:00:00,124.6585539551408
2012-01-30 21:00:00,91.31047140907074
2012-01-30 22:00:00,51.92379513802674
2012-01-30 23:00:00,29.12105133714569
2012-01-31 00:00:00,15.668950472349067
2012-01-31 01:00:00,6.545388971739777
2012-01-31 02:00:00,3.8326729276277236
2012-01-31 03:00:00,2.4273496770360734
2012-01-31 04:00:00,2.757605429470849
2012-01-31 05:00:00,13.749246849150614
2012-01-31 06:00:00,70.64328238513681
2012-01-31 07:00:00,167.27600239092683
2012-01-31 08:00:00,339.92268937797024
2012-01-31 09:00:00,207.63972149592075
2012-01-31 10:00:00,81.79423560489158
2012-01-31 11:00:00,119.96134364241914
2012-01-31 12:00:00,140.66182700299706
2012-01-31 13:00:00,174.64708834520638
2012-01-31 14:00:00,131.77993751215897
2012-01-31 15:00:00,175.91806350574475
2012-01-31 16:00:00,264.1254046914504
2012-01-31 17:00:00,526.3541175258937
2012-01-31 18:00:00,473.18657049204467
2012-01-31 19:00:00,292.5655403187609
2012-01-31 20:00:00,191.48866151508457
2012-01-31 21:00:00,151.17751573859695
2012-01-31 22:00:00,109.06679955811914
2012-01-31 23:00:00,69.43597285224196
2012-02-20 00:00:00,26.09891028802922
2012-02-20 01:00:00,18.055102455759645
2012-02-20 02:00:00,13.528193208308542
2012-02-20 03:00:00,5.953539740949794
2012-02-20 05:00:00,4.00337592461531
2012-02-20 06:00:00,9.269668965202403
2012-02-20 07:00:00,21.111832788046602
2012-02-20 08:00:00,57.643707095779405
2012-02-20 09:00:00,75.8919157169506
2012-02-20 10:00:00,73.5340211425184
2012-02-20 11:00:00,137.82727002634405
2012-02-20 12:00:00,177.92999641294588
2012-02-20 13:00:00,177.06687575973288
2012-02-20 14:00:00,158.75149228293645
2012-02-20 15:00:00,171.80721327289174
2012-02-20 16:00:00,195.00842286202624
2012-02-20 17:00:00,192.3990345545658
2012-02-20 18:00:00,150.36694810114474
2012-02-20 19:00:00,126.47441768828335
2012-02-20 20:00:00,102.93269936771671
2012-02-20 21:00:00,78.05890025151568
2012-02-20 22:00:00,53.644634296337294
2012-02-20 23:00:00,30.695024025185027
2012-02-21 00:00:00,10.968904636772562
2012-02-21 01:00:00,4.98782955997193
2012-02-21 02:00:00,2.8934839114813
2012-02-21 04:00:00,1.8772381846735313
2012-02-21 05:00:00,9.016743704839682
2012-02-21 06:00:00,44.97523392317596
2012-02-21 07:00:00,144.83202353353167
2012-02-21 08:00:00,277.88867169725887
2012-02-21 09:00:00,143.760524672665
2012-02-21 10:00:00,70.14263511131088
2012-02-21 11:00:00,70.00520318737814
2012-02-21 12:00:00,100.23754070614662
2012-02-21 13:00:00,103.22511410196026
2012-02-21 14:00:00,83.60712356795526
2012-02-21 15:00:00,97.14723740036673
2012-02-21 16:00:00,155.91397300689894
2012-02-21 17:00:00,335.10418206131453
2012-02-21 18:00:00,318.3754294586994
2012-02-21 19:00:00,203.61360793341873
2012-02-21 20:00:00,146.07103696508116
2012-02-21 21:00:00,116.62684261995781
2012-02-21 22:00:00,64.25263864197615
2012-02-21 23:00:00,35.855424505440276
2012-02-22 00:00:00,14.864953921130482
2012-02-22 01:00:00,7.604526793321577
2012-02-22 02:00:00,3.099716184738009
2012-02-22 03:00:00,2.450224308929207
2012-02-22 04:00:00,2.6354699701796034
2012-02-22 05:00:00,15.3920400893237
2012-02-22 06:00:00,70.84944968588651
2012-02-22 07:00:00,200.72249648429093
2012-02-22 08:00:00,392.723626982022
2012-02-22 09:00:00,214.1150124454676
2012-02-22 10:00:00,90.45291873141771
2012-02-22 11:00:00,96.44213267392017
2012-02-22 12:00:00,105.62924017392986
2012-02-22 13:00:00,129.15575565954197
2012-02-22 14:00:00,113.56852371889539
2012-02-22 15:00:00,142.2613261525474
2012-02-22 16:00:00,209.23906320870327
2012-02-22 17:00:00,482.72578826985364
2012-02-22 18:00:00,399.09756141075826
2012-02-22 19:00:00,264.98809480194427
2012-02-22 20:00:00,173.61367841899317
2012-02-22 21:00:00,133.76142676188093
2012-02-22 22:00:00,98.74458348767703
2012-02-22 23:00:00,61.61884783161171
2012-02-23 00:00:00,21.775329886821805
2012-02-23 01:00:00,8.991369059803972
2012-02-23 02:00:00,4.958016536070999
2012-02-23 03:00:00,2.418911024889868
2012-02-23 04:00:00,3.024806327217272
2012-02-23 05:00:00,15.786058620702981
2012-02-23 06:00:00,79.03538487514587
2012-02-23 07:00:00,201.7334374270547
2012-02-23 08:00:00,391.1938041247387
2012-02-23 09:00:00,169.13233744397385
2012-02-23 10:00:00,106.7655496793471
2012-02-23 11:00:00,142.21798333182895
2012-02-23 12:00:00,191.7838976723485
2012-02-23 13:00:00,195.40822115673413
2012-02-23 14:00:00,186.07799574139904
2012-02-23 15:00:00,230.129607791428
2012-02-23 16:00:00,317.18303896673007
2012-02-23 17:00:00,610.2555201217563
2012-02-23 18:00:00,611.3296275172069
2012-02-23 19:00:00,374.388306167008
2012-02-23 20:00:00,267.0181729317395
2012-02-23 21:00:00,169.5230636039073
2012-02-23 22:00:00,136.41819153440426
2012-02-23 23:00:00,96.57879893105624
2012-02-24 00:00:00,36.573015032333636
2012-02-24 01:00:00,18.83781500968418
2012-02-24 02:00:00,5.755014322550605
2012-02-24 03:00:00,6.397731308228875
2012-02-24 04:00:00,4.551839698700566
2012-02-24 05:00:00,14.86582158020411
2012-02-24 06:00:00,79.49568936215938
2012-02-24 07:00:00,179.25960829610554
2012-02-24 08:00:00,311.96612676367846
2012-02-24 09:00:00,99.69653335399859
2012-02-24 10:00:00,77.10648588554285
2012-02-24 11:00:00,110.79979144447033
2012-02-24 12:00:00,151.21808514979733
2012-02-24 13:00:00,159.93444542973356
2012-02-24 14:00:00,147.30493646402627
2012-02-24 15:00:00,66.50701617863047
2012-02-24 16:00:00,100.45010920946018
2012-02-24 17:00:00,168.72413569597379
2012-02-24 18:00:00,230.54595510165257
2012-02-24 19:00:00,236.24310512817883
2012-02-24 20:00:00,179.73306482070961
2012-02-24 21:00:00,111.42267389730432
2012-02-24 22:00:00,121.28868055099015
2012-02-24 23:00:00,73.6552563671248
2012-02-25 00:00:00,59.575846141581685
2012-02-25 01:00:00,47.60591139001516
2012-02-25 02:00:00,34.10577678633533
2012-02-25 03:00:00,13.654319846097865
2012-02-25 04:00:00,4.107549495616519
2012-02-25 05:00:00,3.5545970017730184
2012-02-25 06:00:00,8.842266777544642
2012-02-25 07:00:00,21.448619562693256
2012-02-25 08:00:00,49.08629332010608
2012-02-25 09:00:00,37.6667561259532
2012-02-25 10:00:00,114.17048517654175
2012-02-25 11:00:00,145.07601403396794
2012-02-25 12:00:00,155.45645875067677
2012-02-25 13:00:00,171.3084434924736
2012-02-25 14:00:00,150.4577071171905
2012-02-25 15:00:00,156.2638441511946
2012-02-25 16:00:00,140.61932852372328
2012-02-25 17:00:00,151.8513030088869
2012-02-25 18:00:00,96.76162711456507
2012-02-25 19:00:00,83.559758999660815
2012-02-25 20:00:00,58.11145810599621
2012-02-25 21:00:00,54.908373914216746
2012-02-25 22:00:00,41.30977865535852
2012-02-25 23:00:00,37.01353077938705
2012-02-26 00:00:00,44.2545354359602
2012-02-26 01:00:00,39.221194021393885
2012-02-26 02:00:00,28.702882486093568
2012-02-26 03:00:00,13.41003079660669
2012-02-26 04:00:00,3.8646186826077997
2012-02-26 05:00:00,2.6915423432720864
2012-02-26 06:00:00,4.108743867403799
2012-02-26 07:00:00,9.507123599515122
2012-02-26 08:00:00,28.13083380421327
2012-02-26 09:00:00,61.8550658067368
2012-02-26 10:00:00,127.58672236159934
2012-02-26 11:00:00,159.8200914276593
2012-02-26 12:00:00,226.1297733933543
2012-02-26 13:00:00,231.26979857545052
2012-02-26 14:00:00,219.26494185881467
2012-02-26 15:00:00,224.78705430557687
2012-02-26 16:00:00,204.85997290532404
2012-02-26 17:00:00,190.78035659662592
2012-02-26 18:00:00,130.03729158131162
2012-02-26 19:00:00,111.20401139996551
2012-02-26 20:00:00,77.00525387776503
2012-02-26 21:00:00,58.65663690558021
2012-02-26 22:00:00,43.59247600295289
2012-02-26 23:00:00,29.338547136128767
2012-02-27 00:00:00,11.637173410282287
2012-02-27 01:00:00,4.416142372621725
2012-02-27 02:00:00,2.5197924839075596
2012-02-27 03:00:00,2.071276950178803
2012-02-27 04:00:00,2.6683393782646827
2012-02-27 05:00:00,12.318296848787893
2012-02-27 06:00:00,50.94575563648323
2012-02-27 07:00:00,160.89232466694543
2012-02-27 08:00:00,347.0397684715501
2012-02-27 09:00:00,143.14212156559802
2012-02-27 10:00:00,78.13788840006065
2012-02-27 11:00:00,98.52742546998192
2012-02-27 12:00:00,133.65311612552384
2012-02-27 13:00:00,123.18861359554963
2012-02-27 14:00:00,146.93092524411176
2012-02-27 15:00:00,150.33354442342238
2012-02-27 16:00:00,228.67845884893083
2012-02-27 17:00:00,435.0058700248262
2012-02-27 18:00:00,382.7860241489493
2012-02-27 19:00:00,271.19985860183294
2012-02-27 20:00:00,188.05014164457242
2012-02-27 21:00:00,134.43983054499697
2012-02-27 22:00:00,92.50350439700337
2012-02-27 23:00:00,53.06145380239234
2012-02-28 00:00:00,22.461903025216706
2012-02-28 01:00:00,7.261361950173787
2012-02-28 02:00:00,4.5944909600532124
2012-02-28 03:00:00,2.278419502924266
2012-02-28 04:00:00,2.6371840414161984
2012-02-28 05:00:00,13.24981025057115
2012-02-28 06:00:00,70.17275076369272
2012-02-28 07:00:00,199.07389525191948
2012-02-28 08:00:00,303.41108388742737
2012-02-28 09:00:00,184.99800087665477
2012-02-28 10:00:00,94.98617766236774
2012-02-28 11:00:00,102.53015987874423
2012-02-28 12:00:00,139.0946144192299
2012-02-28 13:00:00,124.11505623957372
2012-02-28 14:00:00,125.97951674562616
2012-02-28 15:00:00,148.27741698144385
2012-02-28 16:00:00,221.06725572166144
2012-02-28 17:00:00,426.90735115342693
2012-02-28 18:00:00,401.5159721819039
2012-02-28 19:00:00,284.57236927825886
2012-02-28 20:00:00,177.7761474617992
2012-02-28 21:00:00,114.41037199887434
2012-02-28 22:00:00,85.02176032762577
2012-02-28 23:00:00,42.327855232370325
2012-02-29 00:00:00,18.83155683939414
2012-02-29 01:00:00,7.125992443184697
2012-02-29 02:00:00,3.9238103597576877
2012-02-29 03:00:00,2.56263527967439
2012-02-29 05:00:00,10.93467850407174
2012-02-29 06:00:00,78.49159228513867
2012-02-29 07:00:00,205.70037770021708
2012-02-29 08:00:00,403.53806450767667
2012-02-29 09:00:00,120.9017162308876
2012-02-29 10:00:00,53.290252663507594
2012-02-29 11:00:00,37.318682598287666
2012-02-29 12:00:00,22.189148602055504
2012-02-29 13:00:00,34.415693715793815
2012-02-29 14:00:00,29.800125511786117
2012-02-29 15:00:00,71.96014441431743
2012-02-29 16:00:00,66.77576414085198
2012-02-29 17:00:00,260.8326973777262
2012-02-29 18:00:00,168.06266004313915
2012-02-29 19:00:00,198.34768558423028
2012-02-29 20:00:00,92.16585477646368
2012-02-29 21:00:00,65.36451075179995
2012-02-29 22:00:00,27.808663234754516
2012-02-29 23:00:00,17.517574815964384
2012-03-20 00:00:00,27.232032868883007
2012-03-20 01:00:00,11.933902530517676
2012-03-20 02:00:00,6.584221784820224
2012-03-20 03:00:00,3.593002906826481
2012-03-20 04:00:00,4.876512617202956
2012-03-20 05:00:00,19.451693972391663
2012-03-20 06:00:00,89.83506279937114
2012-03-20 07:00:00,117.33149236893905
2012-03-20 08:00:00,534.726587590632
2012-03-20 09:00:00,264.66263942506157
2012-03-20 10:00:00,149.43594192682454
2012-03-20 11:00:00,152.0497234752171
2012-03-20 12:00:00,157.7682909594769
2012-03-20 13:00:00,172.75003440654493
2012-03-20 14:00:00,164.23261830173658
2012-03-20 15:00:00,198.45397409937553
2012-03-20 16:00:00,300.92792244234454
2012-03-20 17:00:00,508.74799490589106
2012-03-20 18:00:00,536.1456211028268
2012-03-20 19:00:00,392.1626492311914
2012-03-20 20:00:00,286.92107228156414
2012-03-20 21:00:00,217.40597919236018
2012-03-20 22:00:00,171.83709626563126
2012-03-20 23:00:00,87.45413202273203
2012-03-21 00:00:00,33.20858539028678
2012-03-21 01:00:00,18.25402155273681
2012-03-21 02:00:00,6.236683649989288
2012-03-21 03:00:00,3.8766879573781114
2012-03-21 04:00:00,3.965420129581885
2012-03-21 05:00:00,20.88773360727666
2012-03-21 06:00:00,65.87007018969942
2012-03-21 07:00:00,111.46254066683231
2012-03-21 08:00:00,199.1076627127582
2012-03-21 09:00:00,210.19502639373326
2012-03-21 10:00:00,144.83342782683604
2012-03-21 11:00:00,144.13304629319057
2012-03-21 12:00:00,198.01283366352922
2012-03-21 13:00:00,165.71905795635357
2012-03-21 14:00:00,168.43575389624877
2012-03-21 15:00:00,180.00819403079393
2012-03-21 16:00:00,274.18681767334834
2012-03-21 17:00:00,588.6781567433305
2012-03-21 18:00:00,571.0967647275304
2012-03-21 19:00:00,459.56984402481635
2012-03-21 20:00:00,321.19947942941224
2012-03-21 21:00:00,227.51359976559894
2012-03-21 22:00:00,157.37086397340826
2012-03-21 23:00:00,118.77828210390909
2012-03-22 00:00:00,49.44981379753548
2012-03-22 01:00:00,22.587259975330127
2012-03-22 02:00:00,11.853703819333797
2012-03-22 03:00:00,6.90747633759955
2012-03-22 04:00:00,3.076371250519488
2012-03-22 05:00:00,16.77418449806037
2012-03-22 06:00:00,77.72460548871331
2012-03-22 07:00:00,201.220845519669
2012-03-22 08:00:00,390.8100505179297
2012-03-22 09:00:00,169.58025398052987
2012-03-22 10:00:00,64.82338690887332
2012-03-22 11:00:00,97.97894690148165
2012-03-22 12:00:00,147.94813773875237
2012-03-22 13:00:00,206.65999228838098
2012-03-22 14:00:00,193.5506397074892
2012-03-22 15:00:00,224.96451696300207
2012-03-22 16:00:00,336.2505813668413
2012-03-22 17:00:00,683.1353155098799
2012-03-22 18:00:00,640.6050827764495
2012-03-22 19:00:00,500.40241363129235
2012-03-22 20:00:00,324.58990095322315
2012-03-22 21:00:00,268.5830462746173
2012-03-22 22:00:00,194.24486702201142
2012-03-22 23:00:00,124.82134907984066
2012-03-23 00:00:00,63.76807752941632
2012-03-23 01:00:00,26.979771830460873
2012-03-23 02:00:00,15.207588546559146
2012-03-23 03:00:00,8.001450093863525
2012-03-23 04:00:00,4.352894706015087
2012-03-23 05:00:00,21.61577186800603
2012-03-23 06:00:00,104.24185575331184
2012-03-23 07:00:00,241.60604920466315
2012-03-23 08:00:00,417.93060123656875
2012-03-23 09:00:00,251.0554569307063
2012-03-23 10:00:00,138.09069844095873
2012-03-23 11:00:00,191.67630630521998
2012-03-23 12:00:00,285.75334015010003
2012-03-23 13:00:00,273.6493875535635
2012-03-23 14:00:00,290.33402842210586
2012-03-23 15:00:00,318.3096604715839
2012-03-23 16:00:00,439.19982242597536
2012-03-23 17:00:00,721.3084842003852
2012-03-23 18:00:00,600.3633071003645
2012-03-23 19:00:00,420.02325921645723
2012-03-23 20:00:00,303.84398864489026
2012-03-23 21:00:00,234.7515718245597
2012-03-23 22:00:00,213.62557354007677
2012-03-23 23:00:00,157.55380733899912
2012-03-24 00:00:00,114.80437387656664
2012-03-24 01:00:00,102.72113340999157
2012-03-24 02:00:00,81.70096430162398
2012-03-24 03:00:00,41.217590304411445
2012-03-24 04:00:00,12.686920999709274
2012-03-24 05:00:00,11.6334364176354
2012-03-24 06:00:00,28.417302025784085
2012-03-24 07:00:00,52.481964696963615
2012-03-24 08:00:00,100.08190787592163
2012-03-24 09:00:00,238.17533508832838
2012-03-24 10:00:00,235.98712393135915
2012-03-24 11:00:00,165.0513750227701
2012-03-24 12:00:00,143.93401395726085
2012-03-24 13:00:00,138.67534049624217
2012-03-24 14:00:00,122.14866357185264
2012-03-24 15:00:00,69.25964336065476
2012-03-24 16:00:00,86.15912047537002
2012-03-24 17:00:00,123.92217939965639
2012-03-24 18:00:00,74.89844923425474
2012-03-24 19:00:00,79.25446259210949
2012-03-24 20:00:00,46.58790537543176
2012-03-24 21:00:00,39.02123908027918
2012-03-24 22:00:00,31.04372809022903
2012-03-24 23:00:00,41.14432123166869
2012-03-25 00:00:00,36.65497549600887
2012-03-25 01:00:00,26.797026960724278
2012-03-25 02:00:00,14.18093588664916
2012-03-25 03:00:00,9.53104173778398
2012-03-25 04:00:00,3.6137438543559677
2012-03-25 05:00:00,3.1870898271921977
2012-03-25 06:00:00,5.87096850986791
2012-03-25 07:00:00,16.320154214696952
2012-03-25 08:00:00,38.23171384942506
2012-03-25 09:00:00,61.584279100840995
2012-03-25 10:00:00,92.5213612078109
2012-03-25 11:00:00,102.72742860884655
2012-03-25 12:00:00,121.97109179580887
2012-03-25 13:00:00,219.15765624807148
2012-03-25 14:00:00,200.67383619411243
2012-03-25 15:00:00,189.85038195212826
2012-03-25 16:00:00,316.9908791521545
2012-03-25 17:00:00,309.5564798837861
2012-03-25 18:00:00,283.6529678240661
2012-03-25 19:00:00,203.40653083411746
2012-03-25 20:00:00,135.24332529756757
2012-03-25 21:00:00,127.21237581382269
2012-03-25 22:00:00,89.5326915377451
2012-03-25 23:00:00,72.79415523680457
2012-03-26 00:00:00,32.88374950189561
2012-03-26 01:00:00,13.66486252924371
2012-03-26 02:00:00,6.329700621493784
2012-03-26 03:00:00,4.829662216451287
2012-03-26 04:00:00,5.790299944837036
2012-03-26 05:00:00,28.0035632008454
2012-03-26 06:00:00,101.71718574772557
2012-03-26 07:00:00,326.0806082658258
2012-03-26 08:00:00,522.3179712276959
2012-03-26 09:00:00,254.9265095997726
2012-03-26 10:00:00,147.68145342264907
2012-03-26 11:00:00,169.13296888890747
2012-03-26 12:00:00,213.25654280462737
2012-03-26 13:00:00,198.1378850335339
2012-03-26 14:00:00,183.20643102270824
2012-03-26 15:00:00,173.33673599578304
2012-03-26 16:00:00,258.53901941262785
2012-03-26 17:00:00,533.0057076094934
2012-03-26 18:00:00,469.404983112215
2012-03-26 19:00:00,322.424735240478
2012-03-26 20:00:00,166.96647926509283
2012-03-26 21:00:00,109.71383302117823
2012-03-26 22:00:00,72.03376273537324
2012-03-26 23:00:00,29.866394238117007
2012-03-27 00:00:00,15.59719843946038
2012-03-27 01:00:00,6.59055751932426
2012-03-27 02:00:00,2.870793275903788
2012-03-27 03:00:00,1.8224286984229041
2012-03-27 04:00:00,2.260598672904982
2012-03-27 05:00:00,11.736630873133752
2012-03-27 06:00:00,69.59846731425817
2012-03-27 07:00:00,192.24276276612846
2012-03-27 08:00:00,319.19253510985993
2012-03-27 09:00:00,198.098073002348
2012-03-27 10:00:00,86.61700629681026
2012-03-27 11:00:00,88.20401347004649
2012-03-27 12:00:00,109.1229059412909
2012-03-27 13:00:00,141.09634115045114
2012-03-27 14:00:00,148.1913800973557
2012-03-27 15:00:00,170.16803354591733
2012-03-27 16:00:00,251.72159867523757
2012-03-27 17:00:00,441.98116062326886
2012-03-27 18:00:00,453.1289931537363
2012-03-27 19:00:00,312.68246791375265
2012-03-27 20:00:00,222.86959067596877
2012-03-27 21:00:00,141.6498386693923
2012-03-27 22:00:00,107.39782085750196
2012-03-27 23:00:00,58.86277539856616
2012-03-28 00:00:00,24.78361579395863
2012-03-28 01:00:00,9.887987148836526
2012-03-28 02:00:00,4.466891720918362
2012-03-28 03:00:00,3.4764911390309337
2012-03-28 04:00:00,3.573662557867394
2012-03-28 05:00:00,19.88584922394146
2012-03-28 06:00:00,103.45145079030756
2012-03-28 07:00:00,291.0237491967726
2012-03-28 08:00:00,430.6084260465615
2012-03-28 09:00:00,222.46011665524023
2012-03-28 10:00:00,143.7315151265759
2012-03-28 11:00:00,168.50648802693897
2012-03-28 12:00:00,235.48979170811813
2012-03-28 13:00:00,222.0588104486234
2012-03-28 14:00:00,236.52685709692796
2012-03-28 15:00:00,290.0623756331192
2012-03-28 16:00:00,292.6500976955698
2012-03-28 17:00:00,683.2803268518268
2012-03-28 18:00:00,663.0761248007003
2012-03-28 19:00:00,496.93736005441195
2012-03-28 20:00:00,343.5133388004113
2012-03-28 21:00:00,264.9400630356836
2012-03-28 22:00:00,191.68437458454093
2012-03-28 23:00:00,113.55092981423795
2012-03-29 00:00:00,45.880386641953365
2012-03-29 01:00:00,19.372432622637984
2012-03-29 02:00:00,7.916027047717827
2012-03-29 03:00:00,5.148938300798816
2012-03-29 04:00:00,5.714648328682171
2012-03-29 05:00:00,28.41681220800002
2012-03-29 06:00:00,133.08885747384232
2012-03-29 07:00:00,332.5556744089739
2012-03-29 08:00:00,565.6888400707068
2012-03-29 09:00:00,295.66606552414015
2012-03-29 10:00:00,143.45865974660438
2012-03-29 11:00:00,179.47598726688747
2012-03-29 12:00:00,219.8353812116723
2012-03-29 13:00:00,193.01971257286343
2012-03-29 14:00:00,176.0751385332481
2012-03-29 15:00:00,204.1747189909982
2012-03-29 16:00:00,313.13432518851465
2012-03-29 17:00:00,594.0969780484085
2012-03-29 18:00:00,496.34763533147685
2012-03-29 19:00:00,366.1948758098572
2012-03-29 20:00:00,265.85448769812695
2012-03-29 21:00:00,198.86982304671588
2012-03-29 22:00:00,149.29330416100132
2012-03-29 23:00:00,86.32556075484833
2012-03-30 00:00:00,51.51842384028175
2012-03-30 01:00:00,20.46316589688173
2012-03-30 02:00:00,11.791482605628998
2012-03-30 03:00:00,5.021762742655076
2012-03-30 04:00:00,4.519332256346069
2012-03-30 05:00:00,20.029298901253945
2012-03-30 06:00:00,98.78687776091022
2012-03-30 07:00:00,254.78832264322045
2012-03-30 08:00:00,386.8856298919015
2012-03-30 09:00:00,261.2558549276082
2012-03-30 10:00:00,125.51174261386127
2012-03-30 11:00:00,142.9136928283476
2012-03-30 12:00:00,181.89535995281275
2012-03-30 13:00:00,142.08622733265153
2012-03-30 14:00:00,124.60040459284674
2012-03-30 15:00:00,136.53242999490936
2012-03-30 16:00:00,148.68630779531478
2012-03-30 17:00:00,349.4949938676751
2012-03-30 18:00:00,482.9138801582849
2012-03-30 19:00:00,259.03304942166835
2012-03-30 20:00:00,204.9729403527892
2012-03-30 21:00:00,138.81906633787546
2012-03-30 22:00:00,122.7643886688501
2012-03-30 23:00:00,87.45473720926634
2012-03-31 00:00:00,56.94969802188877
2012-03-31 01:00:00,41.15924643105101
2012-03-31 02:00:00,29.886006587372275
2012-03-31 03:00:00,16.694058518749394
2012-03-31 04:00:00,5.51373072955231
2012-03-31 05:00:00,6.358814446893244
2012-03-31 06:00:00,14.958987546625295
2012-03-31 07:00:00,34.81888461243118
2012-03-31 08:00:00,69.39543514959215
2012-03-31 09:00:00,122.7298879729802
2012-03-31 10:00:00,161.51694022899483
2012-03-31 11:00:00,292.55601400154575
2012-03-31 12:00:00,378.1448646823958
2012-03-31 13:00:00,563.139139855001
2012-03-31 14:00:00,305.0194916512033
2012-03-31 15:00:00,342.5927889453474
2012-03-31 16:00:00,275.5620074609278
2012-03-31 17:00:00,246.96860370041273
2012-03-31 18:00:00,119.82128205004857
2012-03-31 19:00:00,125.00719905923957
2012-03-31 20:00:00,93.25520544299738
2012-03-31 21:00:00,79.00714704410996
2012-03-31 22:00:00,67.55936571099943
2012-03-31 23:00:00,41.946404258682264
2012-04-20 00:00:00,68.81978861973242
2012-04-20 01:00:00,31.482921212409938
2012-04-20 02:00:00,13.081079638706727
2012-04-20 03:00:00,6.968530684457328
2012-04-20 04:00:00,4.75793565118176
2012-04-20 05:00:00,23.306331136280093
2012-04-20 06:00:00,120.20215163327863
2012-04-20 07:00:00,286.26933107996484
2012-04-20 08:00:00,478.3562435900533
2012-04-20 09:00:00,312.28006437131273
2012-04-20 10:00:00,197.6799703493325
2012-04-20 11:00:00,213.1007516628067
2012-04-20 12:00:00,270.23588827499833
2012-04-20 13:00:00,289.15850905806053
2012-04-20 14:00:00,277.9713250134861
2012-04-20 15:00:00,286.78522717796574
2012-04-20 16:00:00,426.439075834597
2012-04-20 17:00:00,632.3475486469852
2012-04-20 18:00:00,531.0860682762549
2012-04-20 19:00:00,424.10570620368367
2012-04-20 20:00:00,270.1673400561627
2012-04-20 21:00:00,218.66471859346998
2012-04-20 22:00:00,197.64172095434296
2012-04-20 23:00:00,149.40410379122406
2012-04-21 00:00:00,114.49507885968332
2012-04-21 01:00:00,96.87512866382896
2012-04-21 02:00:00,82.54623400402055
2012-04-21 03:00:00,27.614669203657147
2012-04-21 04:00:00,9.152572341720333
2012-04-21 05:00:00,10.432441850629127
2012-04-21 06:00:00,27.10021158462543
2012-04-21 07:00:00,58.37933949055741
2012-04-21 08:00:00,161.68023004945235
2012-04-21 09:00:00,337.2983231455471
2012-04-21 10:00:00,339.535151722548
2012-04-21 11:00:00,451.0433356607024
2012-04-21 12:00:00,575.8941507014368
2012-04-21 13:00:00,624.34420647484
2012-04-21 14:00:00,565.7283478830541
2012-04-21 15:00:00,605.8234454897164
2012-04-21 16:00:00,568.4383098087422
2012-04-21 17:00:00,431.6994601215374
2012-04-21 18:00:00,352.379860758995
2012-04-21 19:00:00,157.54658921999538
2012-04-21 20:00:00,78.28974969726592
2012-04-21 21:00:00,57.34681263823266
2012-04-21 22:00:00,102.55136200385263
2012-04-21 23:00:00,61.14665245155056
2012-04-22 00:00:00,83.60264559131872
2012-04-22 01:00:00,59.89056562162216
2012-04-22 02:00:00,55.708913252050216
2012-04-22 03:00:00,23.636850212615585
2012-04-22 04:00:00,8.344694624184397
2012-04-22 05:00:00,6.779465375508498
2012-04-22 06:00:00,12.261445235793435
2012-04-22 07:00:00,18.917768682125466
2012-04-22 08:00:00,39.307468807535685
2012-04-22 09:00:00,66.37009590979666
2012-04-22 10:00:00,77.55682723334283
2012-04-22 11:00:00,73.80097044442422
2012-04-22 12:00:00,87.66565009396444
2012-04-22 13:00:00,88.41674279668003
2012-04-22 14:00:00,76.87355401989723
2012-04-22 15:00:00,62.873008000880496
2012-04-22 16:00:00,53.1478029018986
2012-04-22 17:00:00,36.506824599754566
2012-04-22 18:00:00,27.904547646783534
2012-04-22 19:00:00,22.61331215410882
2012-04-22 20:00:00,17.751076350646088
2012-04-22 21:00:00,18.239177141106723
2012-04-22 22:00:00,9.80054423736696
2012-04-22 23:00:00,12.675848690184294
2012-04-23 00:00:00,10.267878872238983
2012-04-23 01:00:00,3.5003858151771623
2012-04-23 02:00:00,2.2636754795227123
2012-04-23 03:00:00,1.7247416710743033
2012-04-23 04:00:00,2.3025766100347465
2012-04-23 05:00:00,9.64315033254907
2012-04-23 06:00:00,55.83752476729505
2012-04-23 07:00:00,117.4732234746891
2012-04-23 08:00:00,321.55500159710385
2012-04-23 09:00:00,169.17084860666037
2012-04-23 10:00:00,67.44224340378356
2012-04-23 11:00:00,67.72585030768225
2012-04-23 12:00:00,70.58960105171576
2012-04-23 13:00:00,72.70416732904287
2012-04-23 14:00:00,64.31300643025637
2012-04-23 15:00:00,91.43022742607528
2012-04-23 16:00:00,61.740591433338984
2012-04-23 17:00:00,144.8399334548351
2012-04-23 18:00:00,183.3058188216628
2012-04-23 19:00:00,149.7982220527051
2012-04-23 20:00:00,104.00505136159983
2012-04-23 21:00:00,65.67345110795104
2012-04-23 22:00:00,47.16676211144441
2012-04-23 23:00:00,30.52003745487666
2012-04-24 00:00:00,12.280645618645057
2012-04-24 01:00:00,5.781563684358698
2012-04-24 02:00:00,3.0385050226699546
2012-04-24 03:00:00,1.814954296657582
2012-04-24 04:00:00,2.7930649792698072
2012-04-24 05:00:00,14.767545368500404
2012-04-24 06:00:00,80.06723942035497
2012-04-24 07:00:00,192.48433012921123
2012-04-24 08:00:00,384.1658374008016
2012-04-24 09:00:00,217.94219842168934
2012-04-24 10:00:00,133.0753171717136
2012-04-24 11:00:00,161.02413744282111
2012-04-24 12:00:00,209.07040793936244
2012-04-24 13:00:00,198.04505382320716
2012-04-24 14:00:00,179.13498967030426
2012-04-24 15:00:00,194.44646404526353
2012-04-24 16:00:00,321.28205101493614
2012-04-24 17:00:00,597.744560530886
2012-04-24 18:00:00,509.98939938342227
2012-04-24 19:00:00,370.21987743575016
2012-04-24 20:00:00,249.77195707916079
2012-04-24 21:00:00,158.67662130811212
2012-04-24 22:00:00,138.99904234927433
2012-04-24 23:00:00,78.54005972896522
2012-04-25 00:00:00,30.542793245829195
2012-04-25 01:00:00,12.629547215555773
2012-04-25 02:00:00,5.036465088281331
2012-04-25 03:00:00,2.7356469808637742
2012-04-25 04:00:00,2.923793969566978
2012-04-25 05:00:00,15.831367504664929
2012-04-25 06:00:00,86.25124133781493
2012-04-25 07:00:00,240.66323135345846
2012-04-25 08:00:00,407.28044261749477
2012-04-25 09:00:00,257.1874985203226
2012-04-25 10:00:00,169.61682713298728
2012-04-25 11:00:00,193.40576555141536
2012-04-25 12:00:00,218.94093620577632
2012-04-25 13:00:00,242.204031646191
2012-04-25 14:00:00,209.69895814495737
2012-04-25 15:00:00,209.76036123025003
2012-04-25 16:00:00,325.09248098731183
2012-04-25 17:00:00,638.4071464854957
2012-04-25 18:00:00,601.0880864322072
2012-04-25 19:00:00,464.02122473722636
2012-04-25 20:00:00,309.0021152575875
2012-04-25 21:00:00,218.09478729000122
2012-04-25 22:00:00,130.90051161587814
2012-04-25 23:00:00,78.09870824469596
2012-04-26 00:00:00,33.583412750798004
2012-04-26 01:00:00,15.97099364688786
2012-04-26 02:00:00,7.969847520019289
2012-04-26 03:00:00,4.675625331287761
2012-04-26 04:00:00,4.689497086620779
2012-04-26 05:00:00,24.723675313444506
2012-04-26 06:00:00,106.54584147542631
2012-04-26 07:00:00,134.61873577944695
2012-04-26 08:00:00,316.3506834793951
2012-04-26 09:00:00,150.5855890607908
2012-04-26 10:00:00,79.91963512535406
2012-04-26 11:00:00,67.30869214211444
2012-04-26 12:00:00,170.7649620392496
2012-04-26 13:00:00,141.73851494724198
2012-04-26 14:00:00,164.94492695557565
2012-04-26 15:00:00,114.17949492576818
2012-04-26 16:00:00,175.65961503935466
2012-04-26 17:00:00,618.3288916590445
2012-04-26 18:00:00,469.8504868102528
2012-04-26 19:00:00,313.1407934822203
2012-04-26 20:00:00,331.11251054184083
2012-04-26 21:00:00,182.99040352993916
2012-04-26 22:00:00,176.7209699071672
2012-04-26 23:00:00,89.05081893640074
2012-04-27 00:00:00,61.939312901731185
2012-04-27 01:00:00,29.038044661704514
2012-04-27 02:00:00,16.90405006053988
2012-04-27 03:00:00,7.363557099534047
2012-04-27 04:00:00,6.321939982773047
2012-04-27 05:00:00,30.82632193239691
2012-04-27 06:00:00,124.0095462245691
2012-04-27 07:00:00,277.04358805404104
2012-04-27 08:00:00,517.9758468019272
2012-04-27 09:00:00,331.1803482386032
2012-04-27 10:00:00,213.44825972906852
2012-04-27 11:00:00,238.65629382277402
2012-04-27 12:00:00,300.43542370035397
2012-04-27 13:00:00,304.34792545186133
2012-04-27 14:00:00,251.29923183381996
2012-04-27 15:00:00,275.6811474719078
2012-04-27 16:00:00,391.03911213057
2012-04-27 17:00:00,704.3691538352078
2012-04-27 18:00:00,559.0148843863524
2012-04-27 19:00:00,422.4969011890171
2012-04-27 20:00:00,258.87343641563746
2012-04-27 21:00:00,200.89596662823797
2012-04-27 22:00:00,188.3892779042833
2012-04-27 23:00:00,121.28162947408187
2012-04-28 00:00:00,74.73798947766012
2012-04-28 01:00:00,50.959904627171845
2012-04-28 02:00:00,49.05056221040069
2012-04-28 03:00:00,19.247860475701266
2012-04-28 04:00:00,6.767823948375286
2012-04-28 05:00:00,7.918810068546162
2012-04-28 06:00:00,17.722358516467867
2012-04-28 07:00:00,46.0208693912857
2012-04-28 08:00:00,125.02048808955959
2012-04-28 09:00:00,177.77389993314054
2012-04-28 10:00:00,217.11635502811293
2012-04-28 11:00:00,291.03026652502683
2012-04-28 12:00:00,319.48462840510774
2012-04-28 13:00:00,363.982043335282
2012-04-28 14:00:00,414.2536067530003
2012-04-28 15:00:00,405.0982421830546
2012-04-28 16:00:00,316.94008119626113
2012-04-28 17:00:00,298.1654738813584
2012-04-28 18:00:00,171.31725718551792
2012-04-28 19:00:00,101.90188613159596
2012-04-28 20:00:00,99.74582583259064
2012-04-28 21:00:00,57.915491022986885
2012-04-28 22:00:00,77.46332995408935
2012-04-28 23:00:00,60.39885866592147
2012-04-29 00:00:00,58.95866055635962
2012-04-29 01:00:00,58.681265942854715
2012-04-29 02:00:00,36.26239186831274
2012-04-29 03:00:00,16.115322956657565
2012-04-29 04:00:00,6.230417415351283
2012-04-29 05:00:00,5.215095623526302
2012-04-29 06:00:00,10.338513014081107
2012-04-29 07:00:00,23.997896595020435
2012-04-29 08:00:00,80.43321239400392
2012-04-29 09:00:00,138.506463069218
2012-04-29 10:00:00,197.73923921937686
2012-04-29 11:00:00,292.50810106195445
2012-04-29 12:00:00,458.2365461025776
2012-04-29 13:00:00,487.1820119678009
2012-04-29 14:00:00,512.3317817243297
2012-04-29 15:00:00,535.8139543301727
2012-04-29 16:00:00,539.8171160695381
2012-04-29 17:00:00,511.2683587071643
2012-04-29 18:00:00,448.44667044274456
2012-04-29 19:00:00,329.6596880207767
2012-04-29 20:00:00,245.5266839064698
2012-04-29 21:00:00,160.5744794260974
2012-04-29 22:00:00,120.89296388067865
2012-04-29 23:00:00,76.61622776659175
2012-04-30 00:00:00,37.417665908531326
2012-04-30 01:00:00,15.47300218952371
2012-04-30 02:00:00,7.726076589375455
2012-04-30 03:00:00,3.7186272371729903
2012-04-30 04:00:00,3.1570263073240175
2012-04-30 05:00:00,14.345174086418957
2012-04-30 06:00:00,87.55902632082517
2012-04-30 07:00:00,233.0375840843529
2012-04-30 08:00:00,436.7121510570779
2012-04-30 09:00:00,219.78921508889215
2012-04-30 10:00:00,131.17086691351042
2012-04-30 11:00:00,156.53615298147238
2012-04-30 12:00:00,180.35061998384748
2012-04-30 13:00:00,164.23342080326552
2012-04-30 14:00:00,145.16046047244936
2012-04-30 15:00:00,160.55751186891433
2012-04-30 16:00:00,317.3828474878332
2012-04-30 17:00:00,618.083158345974
2012-04-30 18:00:00,534.9461504369325
2012-04-30 19:00:00,359.57764189508345
2012-04-30 20:00:00,227.00836688863038
2012-04-30 21:00:00,160.98176274515828
2012-04-30 22:00:00,107.84129437333034
2012-04-30 23:00:00,60.503012407935955
2012-05-20 00:00:00,138.96363784137455
2012-05-20 01:00:00,99.60855125888571
2012-05-20 02:00:00,69.22107473756485
2012-05-20 03:00:00,37.350373958331055
2012-05-20 04:00:00,12.190929063906282
2012-05-20 05:00:00,11.985538162888632
2012-05-20 06:00:00,20.790889930651524
2012-05-20 07:00:00,54.43032753916681
2012-05-20 08:00:00,138.73209432684897
2012-05-20 09:00:00,239.66203256305616
2012-05-20 10:00:00,367.750590002558
2012-05-20 11:00:00,488.00328380061103
2012-05-20 12:00:00,553.8615539491298
2012-05-20 13:00:00,548.0817331306097
2012-05-20 14:00:00,518.5061273135952
2012-05-20 15:00:00,495.092205736342
2012-05-20 16:00:00,519.8991425059899
2012-05-20 17:00:00,488.99793922188564
2012-05-20 18:00:00,388.2480814117574
2012-05-20 19:00:00,307.0660340946048
2012-05-20 20:00:00,232.69499429770127
2012-05-20 21:00:00,174.24512564240143
2012-05-20 22:00:00,133.53919324987416
2012-05-20 23:00:00,58.155227089955446
2012-05-21 00:00:00,18.505166822560103
2012-05-21 01:00:00,7.414315551561702
2012-05-21 02:00:00,5.099746221953352
2012-05-21 03:00:00,2.8663297016401343
2012-05-21 04:00:00,3.528104314089534
2012-05-21 05:00:00,14.53776919344092
2012-05-21 06:00:00,55.40438159263452
2012-05-21 07:00:00,139.76479028145576
2012-05-21 08:00:00,277.72434611532253
2012-05-21 09:00:00,152.43625465505815
2012-05-21 10:00:00,74.57769337123985
2012-05-21 11:00:00,135.90798345889115
2012-05-21 12:00:00,150.9174654392802
2012-05-21 13:00:00,111.28529949479291
2012-05-21 14:00:00,121.77940287725266
2012-05-21 15:00:00,212.35645087272084
2012-05-21 16:00:00,304.3368883804552
2012-05-21 17:00:00,612.6187735512344
2012-05-21 18:00:00,565.2921527669176
2012-05-21 19:00:00,425.6438154211671
2012-05-21 20:00:00,304.21713967296614
2012-05-21 21:00:00,223.78027440248846
2012-05-21 22:00:00,138.32678518489092
2012-05-21 23:00:00,76.89921721926709
2012-05-22 00:00:00,29.982418372697005
2012-05-22 01:00:00,12.322661376748263
2012-05-22 02:00:00,6.58052879717698
2012-05-22 03:00:00,4.21209262020197
2012-05-22 04:00:00,4.833990580047558
2012-05-22 05:00:00,20.13628076963548
2012-05-22 06:00:00,78.5799315803045
2012-05-22 07:00:00,195.83832061530038
2012-05-22 08:00:00,481.09835119128223
2012-05-22 09:00:00,270.5953792091043
2012-05-22 10:00:00,157.22285797156582
2012-05-22 11:00:00,146.68123175263455
2012-05-22 12:00:00,187.83594803521467
2012-05-22 13:00:00,179.51440729383899
2012-05-22 14:00:00,178.18143518722417
2012-05-22 15:00:00,215.59658998159696
2012-05-22 16:00:00,332.31344794854203
2012-05-22 17:00:00,633.4806161812628
2012-05-22 18:00:00,657.328094360685
2012-05-22 19:00:00,481.6383540043972
2012-05-22 20:00:00,331.3111326701715
2012-05-22 21:00:00,234.3992800480462
2012-05-22 22:00:00,171.48398470118767
2012-05-22 23:00:00,106.75635041798746
2012-05-23 00:00:00,40.88081351119262
2012-05-23 01:00:00,16.69444213844591
2012-05-23 02:00:00,8.299703448073927
2012-05-23 03:00:00,5.970622157852587
2012-05-23 04:00:00,4.988275781211584
2012-05-23 05:00:00,17.599750902383303
2012-05-23 06:00:00,137.02123646822906
2012-05-23 07:00:00,409.5144556854074
2012-05-23 08:00:00,689.955738728475
2012-05-23 09:00:00,351.37409971656496
2012-05-23 10:00:00,154.0662004315073
2012-05-23 11:00:00,168.9395560271061
2012-05-23 12:00:00,240.4860016749102
2012-05-23 13:00:00,216.11954485955906
2012-05-23 14:00:00,211.36767031885023
2012-05-23 15:00:00,238.5247572239355
2012-05-23 16:00:00,273.1093378108062
2012-05-23 17:00:00,503.68599548199495
2012-05-23 18:00:00,489.4434567552255
2012-05-23 19:00:00,396.75467046601614
2012-05-23 20:00:00,277.05626899559286
2012-05-23 21:00:00,213.97587396990468
2012-05-23 22:00:00,168.51577555770075
2012-05-23 23:00:00,109.68884361123101
2012-05-24 00:00:00,47.77886936538225
2012-05-24 01:00:00,17.70624821190745
2012-05-24 02:00:00,9.211052799732387
2012-05-24 03:00:00,4.702403423369724
2012-05-24 04:00:00,4.86111518155368
2012-05-24 05:00:00,25.23722315372108
2012-05-24 06:00:00,116.16342075059468
2012-05-24 07:00:00,408.98700214997086
2012-05-24 08:00:00,632.3640914512821
2012-05-24 09:00:00,302.6303512568088
2012-05-24 10:00:00,163.48745332609008
2012-05-24 11:00:00,206.2958635769599
2012-05-24 12:00:00,238.30289723018552
2012-05-24 13:00:00,225.03521631281393
2012-05-24 14:00:00,194.8270599531186
2012-05-24 15:00:00,208.98181615069973
2012-05-24 16:00:00,296.9643258085976
2012-05-24 17:00:00,567.2965984756247
2012-05-24 18:00:00,633.7701690577361
2012-05-24 19:00:00,480.5662898118062
2012-05-24 20:00:00,304.40219732990204
2012-05-24 21:00:00,181.3801339340571
2012-05-24 22:00:00,191.61718120868963
2012-05-24 23:00:00,120.61550885771922
2012-05-25 00:00:00,62.18826802020491
2012-05-25 01:00:00,29.036144382421043
2012-05-25 02:00:00,13.273407508238117
2012-05-25 03:00:00,5.825501575697627
2012-05-25 04:00:00,5.134739443022806
2012-05-25 05:00:00,25.58742740248003
2012-05-25 06:00:00,108.11207530894099
2012-05-25 07:00:00,280.365174849454
2012-05-25 08:00:00,523.4726452014964
2012-05-25 09:00:00,292.3550688623023
2012-05-25 10:00:00,189.01565155722838
2012-05-25 11:00:00,214.13294398469733
2012-05-25 12:00:00,267.1108784051081
2012-05-25 13:00:00,260.67428922034946
2012-05-25 14:00:00,240.82094603802184
2012-05-25 15:00:00,266.18724209903274
2012-05-25 16:00:00,369.35854759094315
2012-05-25 17:00:00,583.4822325296777
2012-05-25 18:00:00,572.1277272785883
2012-05-25 19:00:00,412.2493860337964
2012-05-25 20:00:00,305.7197912781484
2012-05-25 21:00:00,242.22748510582628
2012-05-25 22:00:00,220.9145092490325
2012-05-25 23:00:00,157.2706802002697
2012-05-26 00:00:00,117.07110790545731
2012-05-26 01:00:00,92.59308057059836
2012-05-26 02:00:00,62.25982423797134
2012-05-26 03:00:00,31.785966123100643
2012-05-26 04:00:00,11.42704386416464
2012-05-26 05:00:00,11.487898291215702
2012-05-26 06:00:00,32.2573152382532
2012-05-26 07:00:00,61.27365832174923
2012-05-26 08:00:00,192.53361954408027
2012-05-26 09:00:00,269.3031659280051
2012-05-26 10:00:00,323.86098142422946
2012-05-26 11:00:00,352.441447021436
2012-05-26 12:00:00,455.86863389664126
2012-05-26 13:00:00,461.425508227
2012-05-26 14:00:00,458.0041735744282
2012-05-26 15:00:00,430.4743799924068
2012-05-26 16:00:00,428.34906678497595
2012-05-26 17:00:00,382.2742028059551
2012-05-26 18:00:00,365.96064567467727
2012-05-26 19:00:00,282.50223628934003
2012-05-26 20:00:00,233.17857656455348
2012-05-26 21:00:00,210.59969651120204
2012-05-26 22:00:00,189.56816714843364
2012-05-26 23:00:00,156.11380969695566
2012-05-27 00:00:00,117.87998219016593
2012-05-27 01:00:00,105.65500800587003
2012-05-27 02:00:00,71.47400575553795
2012-05-27 03:00:00,36.74190614383825
2012-05-27 04:00:00,12.178438921449827
2012-05-27 05:00:00,11.889067306810965
2012-05-27 06:00:00,22.78352059413951
2012-05-27 07:00:00,54.35877615863685
2012-05-27 08:00:00,133.68909397852758
2012-05-27 09:00:00,200.0157172825605
2012-05-27 10:00:00,315.18484999605994
2012-05-27 11:00:00,385.00632634257346
2012-05-27 12:00:00,430.40325289165025
2012-05-27 13:00:00,457.8915408649048
2012-05-27 14:00:00,427.1438093452585
2012-05-27 15:00:00,399.04577812854905
2012-05-27 16:00:00,411.1669462855071
2012-05-27 17:00:00,393.6375259814628
2012-05-27 18:00:00,363.9675123521276
2012-05-27 19:00:00,288.7040029762445
2012-05-27 20:00:00,212.50204209989136
2012-05-27 21:00:00,118.0315254576784
2012-05-27 22:00:00,81.97540424996656
2012-05-27 23:00:00,63.134944221800204
2012-05-28 00:00:00,51.56708203649935
2012-05-28 01:00:00,31.191634545156997
2012-05-28 02:00:00,24.282493275732328
2012-05-28 03:00:00,12.966284212668187
2012-05-28 04:00:00,10.377568361709415
2012-05-28 05:00:00,19.099380917346856
2012-05-28 06:00:00,42.455149108142805
2012-05-28 07:00:00,117.0690495986314
2012-05-28 08:00:00,217.27124483016348
2012-05-28 09:00:00,271.91414248981476
2012-05-28 10:00:00,267.96729795721745
2012-05-28 11:00:00,376.56326739576906
2012-05-28 12:00:00,464.004896052194
2012-05-28 13:00:00,375.0392527232323
2012-05-28 14:00:00,362.89299793824347
2012-05-28 15:00:00,348.9482935641706
2012-05-28 16:00:00,370.4405937475721
2012-05-28 17:00:00,411.2201788024039
2012-05-28 18:00:00,432.7289020811868
2012-05-28 19:00:00,359.8146482836233
2012-05-28 20:00:00,335.717556564976
2012-05-28 21:00:00,245.85246253101846
2012-05-28 22:00:00,200.85676928215528
2012-05-28 23:00:00,105.45752878829916
2012-05-29 00:00:00,33.79572079895079
2012-05-29 01:00:00,14.585701141214727
2012-05-29 02:00:00,7.225782815014682
2012-05-29 03:00:00,4.055481572167529
2012-05-29 04:00:00,6.068240877659926
2012-05-29 05:00:00,30.005406594522494
2012-05-29 06:00:00,141.35066947691553
2012-05-29 07:00:00,385.5192795228539
2012-05-29 08:00:00,580.6042343892584
2012-05-29 09:00:00,242.39189845818754
2012-05-29 10:00:00,141.5866681725247
2012-05-29 11:00:00,161.32164953047905
2012-05-29 12:00:00,174.93824294230106
2012-05-29 13:00:00,167.28007874307195
2012-05-29 14:00:00,158.1771292453135
2012-05-29 15:00:00,164.79500942050007
2012-05-29 16:00:00,255.13473714719564
2012-05-29 17:00:00,533.3069705259481
2012-05-29 18:00:00,513.814516797301
2012-05-29 19:00:00,385.3607802948865
2012-05-29 20:00:00,207.42239371290773
2012-05-29 21:00:00,76.76126046903116
2012-05-29 22:00:00,127.39779914569797
2012-05-29 23:00:00,53.58810616252896
2012-05-30 00:00:00,26.853945627244073
2012-05-30 01:00:00,12.45606523917994
2012-05-30 02:00:00,5.305153804515079
2012-05-30 03:00:00,3.917220253181079
2012-05-30 04:00:00,5.119417189482268
2012-05-30 05:00:00,35.99082426478717
2012-05-30 06:00:00,167.19634537173272
2012-05-30 07:00:00,284.42674625488047
2012-05-30 08:00:00,665.8764917903844
2012-05-30 09:00:00,341.59016317340377
2012-05-30 10:00:00,160.12302788394686
2012-05-30 11:00:00,220.88710943116803
2012-05-30 12:00:00,228.13770606811212
2012-05-30 13:00:00,204.6319568181161
2012-05-30 14:00:00,235.43829240079936
2012-05-30 15:00:00,199.02989667928807
2012-05-30 16:00:00,289.13759712110937
2012-05-30 17:00:00,553.4855177695171
2012-05-30 18:00:00,552.5655265494476
2012-05-30 19:00:00,457.9243139779337
2012-05-30 20:00:00,306.9172166335665
2012-05-30 21:00:00,277.62125978802476
2012-05-30 22:00:00,208.83632178837584
2012-05-30 23:00:00,127.06990819765083
2012-05-31 00:00:00,45.93354488444429
2012-05-31 01:00:00,18.253810576757516
2012-05-31 02:00:00,9.441099584317985
2012-05-31 03:00:00,5.549824124995549
2012-05-31 04:00:00,5.607954398268027
2012-05-31 05:00:00,30.596310535698763
2012-05-31 06:00:00,150.34554852081934
2012-05-31 07:00:00,371.6410709549791
2012-05-31 08:00:00,633.7322437122781
2012-05-31 09:00:00,302.56527898132134
2012-05-31 10:00:00,173.0287407115803
2012-05-31 11:00:00,212.88246168480472
2012-05-31 12:00:00,268.10645702647264
2012-05-31 13:00:00,239.9530748939857
2012-05-31 14:00:00,209.15595745379363
2012-05-31 15:00:00,219.35642926712242
2012-05-31 16:00:00,318.3997524103642
2012-05-31 17:00:00,627.5505183282338
2012-05-31 18:00:00,626.6414753642263
2012-05-31 19:00:00,499.5391436967739
2012-05-31 20:00:00,362.0042518482743
2012-05-31 21:00:00,284.46335681383437
2012-05-31 22:00:00,218.40011672963684
2012-05-31 23:00:00,148.84481169910882
2012-06-20 00:00:00,40.32751236940518
2012-06-20 01:00:00,17.75061521886372
2012-06-20 02:00:00,8.382469455483179
2012-06-20 03:00:00,5.632777775429669
2012-06-20 04:00:00,6.064076973337801
2012-06-20 05:00:00,34.21422679064146
2012-06-20 06:00:00,135.23235581814228
2012-06-20 07:00:00,352.0132442086072
2012-06-20 08:00:00,629.4498928353767
2012-06-20 09:00:00,287.7879318696241
2012-06-20 10:00:00,118.64450950087647
2012-06-20 11:00:00,138.02540570762008
2012-06-20 12:00:00,157.22376425194238
2012-06-20 13:00:00,158.97416286914495
2012-06-20 14:00:00,162.39872186837826
2012-06-20 15:00:00,156.03810345388294
2012-06-20 16:00:00,231.1596948282665
2012-06-20 17:00:00,468.49782455838874
2012-06-20 18:00:00,459.5509388465151
2012-06-20 19:00:00,380.05697993226795
2012-06-20 20:00:00,273.9959527886589
2012-06-20 21:00:00,212.56030443178858
2012-06-20 22:00:00,158.22153997301913
2012-06-20 23:00:00,106.72955058045363
2012-06-21 00:00:00,53.07179644518866
2012-06-21 01:00:00,20.600637705789094
2012-06-21 02:00:00,10.801486077349383
2012-06-21 03:00:00,6.75431652801989
2012-06-21 04:00:00,6.930824910931177
2012-06-21 05:00:00,34.53737847807658
2012-06-21 06:00:00,138.94414432510538
2012-06-21 07:00:00,357.19518880955104
2012-06-21 08:00:00,577.6503065992247
2012-06-21 09:00:00,252.2513065728054
2012-06-21 10:00:00,166.86724688000908
2012-06-21 11:00:00,195.84981204927269
2012-06-21 12:00:00,217.91302195419016
2012-06-21 13:00:00,224.73996986825665
2012-06-21 14:00:00,215.86150746565335
2012-06-21 15:00:00,219.5317890095626
2012-06-21 16:00:00,341.88257465894554
2012-06-21 17:00:00,700.3142435107059
2012-06-21 18:00:00,617.6318488733285
2012-06-21 19:00:00,468.9501185866594
2012-06-21 20:00:00,356.2542856785526
2012-06-21 21:00:00,305.47757448011174
2012-06-21 22:00:00,247.5543935652622
2012-06-21 23:00:00,157.43530145077986
2012-06-22 00:00:00,74.57437549910864
2012-06-22 01:00:00,35.69490773495025
2012-06-22 02:00:00,15.542440487902402
2012-06-22 03:00:00,7.942678775923252
2012-06-22 04:00:00,7.344177274530097
2012-06-22 05:00:00,33.057397251120534
2012-06-22 06:00:00,117.70266437486733
2012-06-22 07:00:00,315.41850059206564
2012-06-22 08:00:00,491.88679947304405
2012-06-22 09:00:00,268.44463482030017
2012-06-22 10:00:00,180.79792661436275
2012-06-22 11:00:00,228.1682482640466
2012-06-22 12:00:00,262.9453420099123
2012-06-22 13:00:00,271.4748672984147
2012-06-22 14:00:00,256.41913280786974
2012-06-22 15:00:00,274.9898829847125
2012-06-22 16:00:00,381.0267484523593
2012-06-22 17:00:00,761.9016815274657
2012-06-22 18:00:00,626.0668507117538
2012-06-22 19:00:00,447.5027324484506
2012-06-22 20:00:00,325.90189413663023
2012-06-22 21:00:00,160.91123486441043
2012-06-22 22:00:00,215.49234304126887
2012-06-22 23:00:00,142.520389689897
2012-06-23 00:00:00,117.40198306734544
2012-06-23 01:00:00,110.3378008378268
2012-06-23 02:00:00,57.06081509422237
2012-06-23 03:00:00,27.5372347114108
2012-06-23 04:00:00,8.565675812545388
2012-06-23 05:00:00,9.0900978861815
2012-06-23 06:00:00,24.742469159760084
2012-06-23 07:00:00,62.41395434698415
2012-06-23 08:00:00,139.78375256242413
2012-06-23 09:00:00,222.23997240004272
2012-06-23 10:00:00,309.7464664967732
2012-06-23 11:00:00,436.64898274995693
2012-06-23 12:00:00,519.8019258994271
2012-06-23 13:00:00,533.6327972660939
2012-06-23 14:00:00,529.9358184418959
2012-06-23 15:00:00,443.82433776460914
2012-06-23 16:00:00,441.7496649454809
2012-06-23 17:00:00,446.80844098518287
2012-06-23 18:00:00,398.119041969407
2012-06-23 19:00:00,362.31037448667524
2012-06-23 20:00:00,290.2245227280954
2012-06-23 21:00:00,269.73605385280865
2012-06-23 22:00:00,266.6388360114401
2012-06-23 23:00:00,204.57588185249918
2012-06-24 00:00:00,155.41739778614618
2012-06-24 01:00:00,142.27845177531492
2012-06-24 02:00:00,93.08325554170496
2012-06-24 03:00:00,37.615571947651276
2012-06-24 04:00:00,11.245820379559792
2012-06-24 05:00:00,10.435977016130131
2012-06-24 06:00:00,17.2861407188569
2012-06-24 07:00:00,46.50996006953891
2012-06-24 08:00:00,100.92733083676384
2012-06-24 09:00:00,189.2328551453217
2012-06-24 10:00:00,358.029688253923
2012-06-24 11:00:00,464.74405261920026
2012-06-24 12:00:00,516.458519271323
2012-06-24 13:00:00,478.0576000944872
2012-06-24 14:00:00,420.14746934467775
2012-06-24 15:00:00,431.64294269882924
2012-06-24 16:00:00,452.66017602212156
2012-06-24 17:00:00,453.3267063418449
2012-06-24 18:00:00,436.1234667610771
2012-06-24 19:00:00,332.99085986629683
2012-06-24 20:00:00,259.1507366334871
2012-06-24 21:00:00,190.6060011298015
2012-06-24 22:00:00,154.5519028250652
2012-06-24 23:00:00,117.48575594876398
2012-06-25 00:00:00,38.077402847080734
2012-06-25 01:00:00,14.75016526681723
2012-06-25 02:00:00,8.472836572331923
2012-06-25 03:00:00,4.9348885475870725
2012-06-25 04:00:00,6.318150765763225
2012-06-25 05:00:00,29.937340843616777
2012-06-25 06:00:00,115.95861646955173
2012-06-25 07:00:00,334.76301090826087
2012-06-25 08:00:00,518.9916924736473
2012-06-25 09:00:00,256.8186668828518
2012-06-25 10:00:00,152.18706236118527
2012-06-25 11:00:00,176.8733932869743
2012-06-25 12:00:00,258.97992682315436
2012-06-25 13:00:00,204.97867006606913
2012-06-25 14:00:00,217.4380939615911
2012-06-25 15:00:00,260.9629598555365
2012-06-25 16:00:00,351.58424236407063
2012-06-25 17:00:00,647.5644433103769
2012-06-25 18:00:00,615.7539799800877
2012-06-25 19:00:00,453.11029587018874
2012-06-25 20:00:00,308.32401667560396
2012-06-25 21:00:00,210.2024450766982
2012-06-25 22:00:00,156.34581108254346
2012-06-25 23:00:00,87.91450721930926
2012-06-26 00:00:00,35.67086504945938
2012-06-26 01:00:00,15.383629350185485
2012-06-26 02:00:00,7.932031930094585
2012-06-26 03:00:00,5.014232527585171
2012-06-26 04:00:00,6.497883680249837
2012-06-26 05:00:00,37.21959920401073
2012-06-26 06:00:00,151.41330167940345
2012-06-26 07:00:00,414.1576294724164
2012-06-26 08:00:00,568.949849476089
2012-06-26 09:00:00,328.26864793217743
2012-06-26 10:00:00,173.73051080217758
2012-06-26 11:00:00,220.07538370895458
2012-06-26 12:00:00,280.4100902538749
2012-06-26 13:00:00,255.24399801485302
2012-06-26 14:00:00,234.76701121561788
2012-06-26 15:00:00,261.3897133582952
2012-06-26 16:00:00,415.15107905940744
2012-06-26 17:00:00,789.418686827435
2012-06-26 18:00:00,711.2854070028518
2012-06-26 19:00:00,550.2174129061806
2012-06-26 20:00:00,361.2399455120045
2012-06-26 21:00:00,308.77732703527124
2012-06-26 22:00:00,231.63906118422418
2012-06-26 23:00:00,126.57377097009079
2012-06-27 00:00:00,45.24844832861181
2012-06-27 01:00:00,17.797024611830054
2012-06-27 02:00:00,8.89673688385072
2012-06-27 03:00:00,6.43572045955012
2012-06-27 04:00:00,6.641735846889908
2012-06-27 05:00:00,33.658949735939274
2012-06-27 06:00:00,152.33440105391978
2012-06-27 07:00:00,422.3425526101819
2012-06-27 08:00:00,636.5313026990975
2012-06-27 09:00:00,371.8554675830568
2012-06-27 10:00:00,192.75147171137255
2012-06-27 11:00:00,171.72943739922098
2012-06-27 12:00:00,203.64266690840782
2012-06-27 13:00:00,194.79902078085618
2012-06-27 14:00:00,191.69819539200475
2012-06-27 15:00:00,218.94623370898435
2012-06-27 16:00:00,305.49463315446934
2012-06-27 17:00:00,613.6358904933924
2012-06-27 18:00:00,569.7315325792121
2012-06-27 19:00:00,413.7131712445119
2012-06-27 20:00:00,337.86505753218125
2012-06-27 21:00:00,297.7011245883629
2012-06-27 22:00:00,241.8013498734358
2012-06-27 23:00:00,135.62935196622504
2012-06-28 00:00:00,51.55780012911532
2012-06-28 01:00:00,20.96511613493306
2012-06-28 02:00:00,10.937684701612445
2012-06-28 03:00:00,6.714362640413841
2012-06-28 04:00:00,6.746614900164066
2012-06-28 05:00:00,34.77659817951082
2012-06-28 06:00:00,146.14980531332537
2012-06-28 07:00:00,403.3928067950518
2012-06-28 08:00:00,628.5723718693811
2012-06-28 09:00:00,306.9834111737828
2012-06-28 10:00:00,162.36781123684173
2012-06-28 11:00:00,189.34876425827105
2012-06-28 12:00:00,197.13178628415113
2012-06-28 13:00:00,198.17991200815194
2012-06-28 14:00:00,181.69811671618032
2012-06-28 15:00:00,193.8765638245644
2012-06-28 16:00:00,303.98509422736356
2012-06-28 17:00:00,570.5957992148241
2012-06-28 18:00:00,555.2739928883166
2012-06-28 19:00:00,402.6495663979014
2012-06-28 20:00:00,370.85823858757044
2012-06-28 21:00:00,288.44075435016083
2012-06-28 22:00:00,253.63429905798813
2012-06-28 23:00:00,148.34778803623857
2012-06-29 00:00:00,78.20881184301064
2012-06-29 01:00:00,33.92535039577589
2012-06-29 02:00:00,17.090724884869978
2012-06-29 03:00:00,8.792029571676064
2012-06-29 04:00:00,7.204801275166965
2012-06-29 05:00:00,37.568490949562445
2012-06-29 06:00:00,137.5521464985354
2012-06-29 07:00:00,374.2160686923585
2012-06-29 08:00:00,524.8806657305613
2012-06-29 09:00:00,257.4920102510198
2012-06-29 10:00:00,166.3567642857494
2012-06-29 11:00:00,217.18150325943222
2012-06-29 12:00:00,275.63044229897827
2012-06-29 13:00:00,227.94496857967212
2012-06-29 14:00:00,205.28220254086395
2012-06-29 15:00:00,220.06685413118078
2012-06-29 16:00:00,313.3516783301368
2012-06-29 17:00:00,496.98096839118233
2012-06-29 18:00:00,457.9716609502813
2012-06-29 19:00:00,364.2143211608152
2012-06-29 20:00:00,286.64706277325945
2012-06-29 21:00:00,244.69163154338858
2012-06-29 22:00:00,169.41503285712724
2012-06-29 23:00:00,131.9862154772057
2012-06-30 00:00:00,80.28532242479454
2012-06-30 01:00:00,68.25348612707582
2012-06-30 02:00:00,61.854723744547286
2012-06-30 03:00:00,26.52573642494979
2012-06-30 04:00:00,6.732022556544063
2012-06-30 05:00:00,10.941783137819824
2012-06-30 06:00:00,24.860008821944373
2012-06-30 07:00:00,60.90772121991626
2012-06-30 08:00:00,129.47267832143862
2012-06-30 09:00:00,206.66854802543776
2012-06-30 10:00:00,310.59692619571075
2012-06-30 11:00:00,376.03284819114106
2012-06-30 12:00:00,456.6838136039554
2012-06-30 13:00:00,462.23352104866893
2012-06-30 14:00:00,453.7835441600451
2012-06-30 15:00:00,461.9484030266525
2012-06-30 16:00:00,444.04370750966217
2012-06-30 17:00:00,452.8883106771926
2012-06-30 18:00:00,400.4608582789536
2012-06-30 19:00:00,352.10413057471294
2012-06-30 20:00:00,304.59508209233104
2012-06-30 21:00:00,259.35431081549467
2012-06-30 22:00:00,228.27262964100964
2012-06-30 23:00:00,193.87141294005397
2012-07-20 00:00:00,39.17775549115481
2012-07-20 01:00:00,27.547709942421832
2012-07-20 02:00:00,13.632665375839686
2012-07-20 03:00:00,7.191352480386405
2012-07-20 04:00:00,6.2039791017033075
2012-07-20 05:00:00,29.630312063005775
2012-07-20 06:00:00,105.88743001526764
2012-07-20 07:00:00,283.5174636138834
2012-07-20 08:00:00,535.1793846991292
2012-07-20 09:00:00,314.3457164944318
2012-07-20 10:00:00,168.4244774524432
2012-07-20 11:00:00,147.33495720760152
2012-07-20 12:00:00,135.66507878097448
2012-07-20 13:00:00,133.09796998136778
2012-07-20 14:00:00,132.56005475111021
2012-07-20 15:00:00,178.913560219655
2012-07-20 16:00:00,246.17488252109834
2012-07-20 17:00:00,357.2484229039447
2012-07-20 18:00:00,422.8519947453863
2012-07-20 19:00:00,248.76356284789426
2012-07-20 20:00:00,109.37250202473084
2012-07-20 21:00:00,87.21197858605535
2012-07-20 22:00:00,130.26177386617772
2012-07-20 23:00:00,99.51182510602547
2012-07-21 00:00:00,72.78963510535381
2012-07-21 01:00:00,80.24005617402547
2012-07-21 02:00:00,43.04991497548342
2012-07-21 03:00:00,19.61693378566241
2012-07-21 04:00:00,6.102556711506551
2012-07-21 05:00:00,6.611202341113156
2012-07-21 06:00:00,13.420878190403513
2012-07-21 07:00:00,46.88095690168629
2012-07-21 08:00:00,111.20625807073854
2012-07-21 09:00:00,172.65761855657814
2012-07-21 10:00:00,149.11815765833518
2012-07-21 11:00:00,242.45200063174383
2012-07-21 12:00:00,198.2693039214351
2012-07-21 13:00:00,211.4211900975999
2012-07-21 14:00:00,271.72351501195715
2012-07-21 15:00:00,185.27223225268017
2012-07-21 16:00:00,186.07071706123756
2012-07-21 17:00:00,177.28772856949857
2012-07-21 18:00:00,222.2180159124839
2012-07-21 19:00:00,209.92787346837343
2012-07-21 20:00:00,123.09131071804073
2012-07-21 21:00:00,145.55551820352616
2012-07-21 22:00:00,134.8752602077328
2012-07-21 23:00:00,106.4958469873675
2012-07-22 00:00:00,104.98092998639994
2012-07-22 01:00:00,92.0031082789002
2012-07-22 02:00:00,66.17484801631134
2012-07-22 03:00:00,28.71090327865633
2012-07-22 04:00:00,9.436356503202381
2012-07-22 05:00:00,9.347837963334484
2012-07-22 06:00:00,14.68886657536846
2012-07-22 07:00:00,37.263708159235904
2012-07-22 08:00:00,92.60829680207624
2012-07-22 09:00:00,181.24090686457905
2012-07-22 10:00:00,303.6414099605066
2012-07-22 11:00:00,332.3464941148508
2012-07-22 12:00:00,473.3361523720569
2012-07-22 13:00:00,465.46868304153674
2012-07-22 14:00:00,429.7264698265671
2012-07-22 15:00:00,440.63579260279266
2012-07-22 16:00:00,442.96120366458626
2012-07-22 17:00:00,402.43182833198176
2012-07-22 18:00:00,396.8827354535555
2012-07-22 19:00:00,313.80853250155013
2012-07-22 20:00:00,203.70106368763723
2012-07-22 21:00:00,162.29339243812325
2012-07-22 22:00:00,129.18346366427843
2012-07-22 23:00:00,95.3248901107693
2012-07-23 00:00:00,33.150671595618455
2012-07-23 01:00:00,13.10233654797741
2012-07-23 02:00:00,6.477160439946445
2012-07-23 03:00:00,3.8801032506236313
2012-07-23 04:00:00,4.770666765190231
2012-07-23 05:00:00,21.17428596307356
2012-07-23 06:00:00,114.50616639492834
2012-07-23 07:00:00,322.7082252001913
2012-07-23 08:00:00,527.5079966632748
2012-07-23 09:00:00,289.2059509149383
2012-07-23 10:00:00,167.97567665482288
2012-07-23 11:00:00,207.19543859211137
2012-07-23 12:00:00,253.45390177710908
2012-07-23 13:00:00,244.35536449262435
2012-07-23 14:00:00,226.8856700246282
2012-07-23 15:00:00,214.82666071906476
2012-07-23 16:00:00,319.9781526530466
2012-07-23 17:00:00,629.4965534709615
2012-07-23 18:00:00,619.4172121176849
2012-07-23 19:00:00,475.1142770855272
2012-07-23 20:00:00,376.64001797091424
2012-07-23 21:00:00,272.5861532006268
2012-07-23 22:00:00,174.68612663567518
2012-07-23 23:00:00,104.68147052187201
2012-07-24 00:00:00,41.35123427499675
2012-07-24 01:00:00,15.299748479872536
2012-07-24 02:00:00,7.375319998410195
2012-07-24 03:00:00,4.862017432567031
2012-07-24 04:00:00,6.326351906389969
2012-07-24 05:00:00,29.7277108336862
2012-07-24 06:00:00,125.97035649430175
2012-07-24 07:00:00,379.01504336485146
2012-07-24 08:00:00,536.8143143280566
2012-07-24 09:00:00,239.1698410954463
2012-07-24 10:00:00,140.9371142604899
2012-07-24 11:00:00,170.7940497889637
2012-07-24 12:00:00,214.19643936850233
2012-07-24 13:00:00,202.99592510258498
2012-07-24 14:00:00,203.96866961436615
2012-07-24 15:00:00,208.73432703762933
2012-07-24 16:00:00,311.2763886001673
2012-07-24 17:00:00,618.3006624666832
2012-07-24 18:00:00,613.0258192101344
2012-07-24 19:00:00,501.56503948497397
2012-07-24 20:00:00,350.8216633652012
2012-07-24 21:00:00,277.3745925866115
2012-07-24 22:00:00,202.09671194801098
2012-07-24 23:00:00,110.30677072866511
2012-07-25 00:00:00,45.286291329785065
2012-07-25 01:00:00,18.18840962332304
2012-07-25 02:00:00,9.195236501026677
2012-07-25 03:00:00,6.0298248950484314
2012-07-25 04:00:00,6.0439419710035605
2012-07-25 05:00:00,33.61162713974314
2012-07-25 06:00:00,139.81884527202558
2012-07-25 07:00:00,401.7803975372208
2012-07-25 08:00:00,713.6032248864128
2012-07-25 09:00:00,359.7918082477281
2012-07-25 10:00:00,171.53265060453083
2012-07-25 11:00:00,191.93867264304973
2012-07-25 12:00:00,237.49050194836275
2012-07-25 13:00:00,212.9391679997959
2012-07-25 14:00:00,198.22594782890116
2012-07-25 15:00:00,220.6203109230912
2012-07-25 16:00:00,319.7156985879931
2012-07-25 17:00:00,631.849707378211
2012-07-25 18:00:00,621.2749340775218
2012-07-25 19:00:00,509.7740421249022
2012-07-25 20:00:00,395.9383041635516
2012-07-25 21:00:00,304.4495181101369
2012-07-25 22:00:00,216.71220782168785
2012-07-25 23:00:00,127.99210755635269
2012-07-26 00:00:00,47.904862812171565
2012-07-26 01:00:00,19.398734490219045
2012-07-26 02:00:00,10.458447971916563
2012-07-26 03:00:00,6.396218443302268
2012-07-26 04:00:00,6.700135107229192
2012-07-26 05:00:00,34.261431826480255
2012-07-26 06:00:00,142.7462537799202
2012-07-26 07:00:00,391.1733773588836
2012-07-26 08:00:00,564.0790077081931
2012-07-26 09:00:00,272.0010921919723
2012-07-26 10:00:00,162.05636776700334
2012-07-26 11:00:00,179.31558561688755
2012-07-26 12:00:00,202.6897508237208
2012-07-26 13:00:00,188.48120823709502
2012-07-26 14:00:00,176.90006884707373
2012-07-26 15:00:00,183.48244768745812
2012-07-26 16:00:00,289.19222935327093
2012-07-26 17:00:00,586.4035815337254
2012-07-26 18:00:00,553.4048133282544
2012-07-26 19:00:00,383.64686590140747
2012-07-26 20:00:00,359.70633348898787
2012-07-26 21:00:00,294.1050544240795
2012-07-26 22:00:00,230.15834550792303
2012-07-26 23:00:00,155.31803069352182
2012-07-27 00:00:00,72.49938061851917
2012-07-27 01:00:00,31.957782178218512
2012-07-27 02:00:00,16.908452787367143
2012-07-27 03:00:00,9.008624269717062
2012-07-27 04:00:00,7.368427521890174
2012-07-27 05:00:00,33.23119455334489
2012-07-27 06:00:00,126.7273696178664
2012-07-27 07:00:00,326.06221583654036
2012-07-27 08:00:00,535.35467578135
2012-07-27 09:00:00,262.8443905533605
2012-07-27 10:00:00,181.1351068184113
2012-07-27 11:00:00,215.72318074622234
2012-07-27 12:00:00,260.7617631854196
2012-07-27 13:00:00,257.1081221948972
2012-07-27 14:00:00,224.10554465996591
2012-07-27 15:00:00,274.99468349115676
2012-07-27 16:00:00,397.0759980234187
2012-07-27 17:00:00,587.8026633931316
2012-07-27 18:00:00,589.8393314165652
2012-07-27 19:00:00,428.8960528793435
2012-07-27 20:00:00,323.06158046178444
2012-07-27 21:00:00,266.1178903206666
2012-07-27 22:00:00,245.06304324194133
2012-07-27 23:00:00,179.92095851745597
2012-07-28 00:00:00,135.25089504243994
2012-07-28 01:00:00,106.69074933606393
2012-07-28 02:00:00,70.06268079962898
2012-07-28 03:00:00,31.058909679020253
2012-07-28 04:00:00,8.959657399005813
2012-07-28 05:00:00,11.919557667534708
2012-07-28 06:00:00,27.64378661965603
2012-07-28 07:00:00,66.2989114841686
2012-07-28 08:00:00,136.8385746665547
2012-07-28 09:00:00,230.43562630266177
2012-07-28 10:00:00,335.5929331796644
2012-07-28 11:00:00,435.83785544313446
2012-07-28 12:00:00,511.47134466032014
2012-07-28 13:00:00,468.70322374707104
2012-07-28 14:00:00,513.7995604096562
2012-07-28 15:00:00,473.226285844127
2012-07-28 16:00:00,499.16211642659806
2012-07-28 17:00:00,460.83573171743797
2012-07-28 18:00:00,404.2194745988251
2012-07-28 19:00:00,303.6964012169866
2012-07-28 20:00:00,234.6161405284586
2012-07-28 21:00:00,232.59514328347709
2012-07-28 22:00:00,208.21387504449515
2012-07-28 23:00:00,165.27831392337646
2012-07-29 00:00:00,130.82680893994564
2012-07-29 01:00:00,119.54039588383105
2012-07-29 02:00:00,87.6718294506494
2012-07-29 03:00:00,34.518485480078894
2012-07-29 04:00:00,10.181601558776123
2012-07-29 05:00:00,9.980287830056293
2012-07-29 06:00:00,18.428899369350166
2012-07-29 07:00:00,45.12313840449278
2012-07-29 08:00:00,100.54987087646211
2012-07-29 09:00:00,179.53100258722432
2012-07-29 10:00:00,305.28023643966674
2012-07-29 11:00:00,379.44072366115057
2012-07-29 12:00:00,415.1122086416562
2012-07-29 13:00:00,489.82957063118414
2012-07-29 14:00:00,481.2900441545425
2012-07-29 15:00:00,506.07533680090836
2012-07-29 16:00:00,514.4018726087418
2012-07-29 17:00:00,483.36487101394266
2012-07-29 18:00:00,414.6558381053417
2012-07-29 19:00:00,297.83891723557554
2012-07-29 20:00:00,246.35276054309296
2012-07-29 21:00:00,198.1407548144006
2012-07-29 22:00:00,153.53581247742517
2012-07-29 23:00:00,110.80306352342426
2012-07-30 00:00:00,43.25153094364212
2012-07-30 01:00:00,16.395826595112908
2012-07-30 02:00:00,8.82048007575666
2012-07-30 03:00:00,4.734024599070488
2012-07-30 04:00:00,5.902479872570251
2012-07-30 05:00:00,27.737497724697604
2012-07-30 06:00:00,114.47201911880566
2012-07-30 07:00:00,320.78462740555216
2012-07-30 08:00:00,585.010803316689
2012-07-30 09:00:00,278.6740608895363
2012-07-30 10:00:00,179.8379703458736
2012-07-30 11:00:00,203.13905015840047
2012-07-30 12:00:00,257.07532314567703
2012-07-30 13:00:00,216.86746944698794
2012-07-30 14:00:00,215.29164529159922
2012-07-30 15:00:00,224.3887746166277
2012-07-30 16:00:00,306.9495864309492
2012-07-30 17:00:00,587.6126689296559
2012-07-30 18:00:00,686.9970117078469
2012-07-30 19:00:00,468.74447866141816
2012-07-30 20:00:00,346.65965277090766
2012-07-30 21:00:00,252.35688397874756
2012-07-30 22:00:00,158.1108850516007
2012-07-30 23:00:00,84.73757089868543
2012-07-31 00:00:00,35.44142272092569
2012-07-31 01:00:00,14.010204933490513
2012-07-31 02:00:00,7.2823588523105975
2012-07-31 03:00:00,4.757206854147024
2012-07-31 04:00:00,6.1137119938041495
2012-07-31 05:00:00,30.320122113545942
2012-07-31 06:00:00,125.5199749365029
2012-07-31 07:00:00,342.4323231941063
2012-07-31 08:00:00,552.3882714243992
2012-07-31 09:00:00,277.26878903513676
2012-07-31 10:00:00,158.12931043655848
2012-07-31 11:00:00,171.750485431829
2012-07-31 12:00:00,220.97954659479188
2012-07-31 13:00:00,191.06108798112018
2012-07-31 14:00:00,182.29059511519503
2012-07-31 15:00:00,212.54599767286234
2012-07-31 16:00:00,332.75922755062567
2012-07-31 17:00:00,671.9104040426516
2012-07-31 18:00:00,631.3314018703816
2012-07-31 19:00:00,422.19835633292723
2012-07-31 20:00:00,287.6492918882563
2012-07-31 21:00:00,224.90513071904553
2012-07-31 22:00:00,182.63789459434173
2012-07-31 23:00:00,101.18437117065301
2012-08-20 00:00:00,31.48665610761341
2012-08-20 01:00:00,15.369314901139864
2012-08-20 02:00:00,8.464181171247839
2012-08-20 03:00:00,4.801579653150605
2012-08-20 04:00:00,5.71678964455761
2012-08-20 05:00:00,24.076641405010463
2012-08-20 06:00:00,113.85323265887037
2012-08-20 07:00:00,326.6083854510102
2012-08-20 08:00:00,563.8713866564661
2012-08-20 09:00:00,276.2546189711124
2012-08-20 10:00:00,150.79457324438806
2012-08-20 11:00:00,175.96005604981056
2012-08-20 12:00:00,244.53996693377712
2012-08-20 13:00:00,207.23109255828984
2012-08-20 14:00:00,208.50730135166182
2012-08-20 15:00:00,229.9215995306495
2012-08-20 16:00:00,344.87221021650447
2012-08-20 17:00:00,574.8203000666765
2012-08-20 18:00:00,528.2535891115908
2012-08-20 19:00:00,421.8177097458073
2012-08-20 20:00:00,214.8320535256459
2012-08-20 21:00:00,184.24507804418846
2012-08-20 22:00:00,111.27730789734782
2012-08-20 23:00:00,63.34984468936815
2012-08-21 00:00:00,29.20491834029442
2012-08-21 01:00:00,12.433244330036656
2012-08-21 02:00:00,5.753361017454663
2012-08-21 03:00:00,4.363145565024909
2012-08-21 04:00:00,5.847517731719535
2012-08-21 05:00:00,30.969315731535335
2012-08-21 06:00:00,129.56948956822657
2012-08-21 07:00:00,356.46454566781637
2012-08-21 08:00:00,534.8671986033444
2012-08-21 09:00:00,270.5927550550136
2012-08-21 10:00:00,163.90121169424614
2012-08-21 11:00:00,181.76542843013965
2012-08-21 12:00:00,240.68582725842418
2012-08-21 13:00:00,237.3970335729042
2012-08-21 14:00:00,225.75008672147905
2012-08-21 15:00:00,240.1459038593156
2012-08-21 16:00:00,366.010043059389
2012-08-21 17:00:00,634.8298206018794
2012-08-21 18:00:00,698.0902468723863
2012-08-21 19:00:00,330.80982222054746
2012-08-21 20:00:00,296.5707266208998
2012-08-21 21:00:00,233.35335581636642
2012-08-21 22:00:00,159.10784522514714
2012-08-21 23:00:00,84.74173625419115
2012-08-22 00:00:00,38.59081338780986
2012-08-22 01:00:00,15.796700112495293
2012-08-22 02:00:00,8.178039921995458
2012-08-22 03:00:00,5.617733547828947
2012-08-22 04:00:00,6.337368709792701
2012-08-22 05:00:00,32.735860095608636
2012-08-22 06:00:00,142.71253571964357
2012-08-22 07:00:00,373.063828712588
2012-08-22 08:00:00,654.1454694757365
2012-08-22 09:00:00,313.86028766516745
2012-08-22 10:00:00,162.34153170597926
2012-08-22 11:00:00,178.85061441571395
2012-08-22 12:00:00,210.383857547741
2012-08-22 13:00:00,222.6928270048657
2012-08-22 14:00:00,211.66040229670543
2012-08-22 15:00:00,230.16506140963637
2012-08-22 16:00:00,237.14729107008483
2012-08-22 17:00:00,480.40069776252085
2012-08-22 18:00:00,487.05263542487387
2012-08-22 19:00:00,433.93797204547667
2012-08-22 20:00:00,330.3102100230406
2012-08-22 21:00:00,257.3368111511848
2012-08-22 22:00:00,194.6913196853132
2012-08-22 23:00:00,98.02497582822768
2012-08-23 00:00:00,44.17541553257842
2012-08-23 01:00:00,18.089731577644933
2012-08-23 02:00:00,9.703127006378438
2012-08-23 03:00:00,6.112715681996319
2012-08-23 04:00:00,5.964393600625808
2012-08-23 05:00:00,31.207658892487725
2012-08-23 06:00:00,106.84745159762738
2012-08-23 07:00:00,302.62696676621727
2012-08-23 08:00:00,591.1279182759785
2012-08-23 09:00:00,307.612178888875
2012-08-23 10:00:00,169.94434960731832
2012-08-23 11:00:00,210.13218624509096
2012-08-23 12:00:00,246.67751242038003
2012-08-23 13:00:00,248.00941057452474
2012-08-23 14:00:00,211.5853288393999
2012-08-23 15:00:00,237.24682600132286
2012-08-23 16:00:00,368.7142379748006
2012-08-23 17:00:00,669.0056451176598
2012-08-23 18:00:00,672.2537494830318
2012-08-23 19:00:00,511.1205967989541
2012-08-23 20:00:00,395.49382582078596
2012-08-23 21:00:00,309.27670358031037
2012-08-23 22:00:00,229.33717220354444
2012-08-23 23:00:00,132.89229297502123
2012-08-24 00:00:00,65.41825702403244
2012-08-24 01:00:00,28.45760549529378
2012-08-24 02:00:00,15.310788983706558
2012-08-24 03:00:00,8.07048993937884
2012-08-24 04:00:00,6.926200134181954
2012-08-24 05:00:00,31.02380951884487
2012-08-24 06:00:00,98.54321320399089
2012-08-24 07:00:00,290.98450544109
2012-08-24 08:00:00,575.6674850886682
2012-08-24 09:00:00,327.67569545272937
2012-08-24 10:00:00,208.3809130051383
2012-08-24 11:00:00,254.9780856402442
2012-08-24 12:00:00,319.6542559965303
2012-08-24 13:00:00,310.00609002961545
2012-08-24 14:00:00,255.2614010878158
2012-08-24 15:00:00,308.4879796874279
2012-08-24 16:00:00,434.92577426862226
2012-08-24 17:00:00,671.2309668079102
2012-08-24 18:00:00,606.0539078178169
2012-08-24 19:00:00,455.6227331646806
2012-08-24 20:00:00,303.00426286348426
2012-08-24 21:00:00,256.0479596995432
2012-08-24 22:00:00,228.00802027937587
2012-08-24 23:00:00,162.17357779280988
2012-08-25 00:00:00,135.46738742606644
2012-08-25 01:00:00,104.57608136213226
2012-08-25 02:00:00,75.6040705898897
2012-08-25 03:00:00,32.508215088975014
2012-08-25 04:00:00,10.276626408542208
2012-08-25 05:00:00,11.001848398388548
2012-08-25 06:00:00,24.24108702912924
2012-08-25 07:00:00,56.04387076978038
2012-08-25 08:00:00,139.6656157894789
2012-08-25 09:00:00,207.65385369065632
2012-08-25 10:00:00,308.2698973996988
2012-08-25 11:00:00,388.47275396397646
2012-08-25 12:00:00,449.6906665974392
2012-08-25 13:00:00,537.7090559223469
2012-08-25 14:00:00,363.4040142849416
2012-08-25 15:00:00,372.27733969952817
2012-08-25 16:00:00,380.0249304558252
2012-08-25 17:00:00,342.601011223356
2012-08-25 18:00:00,383.361368124559
2012-08-25 19:00:00,253.8373621055993
2012-08-25 20:00:00,124.56850210367631
2012-08-25 21:00:00,148.7280273700607
2012-08-25 22:00:00,131.91445741092122
2012-08-25 23:00:00,111.96566200096845
2012-08-26 00:00:00,118.15749116900187
2012-08-26 01:00:00,97.76726772424975
2012-08-26 02:00:00,66.70463699601903
2012-08-26 03:00:00,28.944242066683437
2012-08-26 04:00:00,8.680230309740388
2012-08-26 05:00:00,9.203700014597198
2012-08-26 06:00:00,13.929892730823344
2012-08-26 07:00:00,38.025447092622
2012-08-26 08:00:00,98.77926238543625
2012-08-26 09:00:00,167.50745036495556
2012-08-26 10:00:00,302.18062615687234
2012-08-26 11:00:00,352.8340235423959
2012-08-26 12:00:00,312.23844588378086
2012-08-26 13:00:00,276.6657137171606
2012-08-26 14:00:00,282.90765942585733
2012-08-26 15:00:00,156.5657978156433
2012-08-26 16:00:00,163.9063146563168
2012-08-26 17:00:00,258.63655821521934
2012-08-26 18:00:00,235.70360302787026
2012-08-26 19:00:00,193.89412226881745
2012-08-26 20:00:00,160.31026356575353
2012-08-26 21:00:00,130.8316940771734
2012-08-26 22:00:00,109.45364826438141
2012-08-26 23:00:00,80.05922423340802
2012-08-27 00:00:00,33.847476474182464
2012-08-27 01:00:00,14.12862512150111
2012-08-27 02:00:00,8.130977531204746
2012-08-27 03:00:00,4.949422215371892
2012-08-27 04:00:00,5.846031224523009
2012-08-27 05:00:00,24.965204490393447
2012-08-27 06:00:00,106.46287502946572
2012-08-27 07:00:00,305.14507171258845
2012-08-27 08:00:00,501.00912659580666
2012-08-27 09:00:00,258.7514843483909
2012-08-27 10:00:00,159.17242848550205
2012-08-27 11:00:00,184.23845295744414
2012-08-27 12:00:00,226.55444723757833
2012-08-27 13:00:00,229.07818689718923
2012-08-27 14:00:00,202.22995403639652
2012-08-27 15:00:00,197.8457321226727
2012-08-27 16:00:00,319.0112589849028
2012-08-27 17:00:00,689.4235487461375
2012-08-27 18:00:00,631.6151524065123
2012-08-27 19:00:00,487.93623184371353
2012-08-27 20:00:00,348.3222463081191
2012-08-27 21:00:00,241.08241789630753
2012-08-27 22:00:00,130.49453621310724
2012-08-27 23:00:00,81.97021497629986
2012-08-28 00:00:00,34.88553039742102
2012-08-28 01:00:00,14.092869418026092
2012-08-28 02:00:00,7.375546364765057
2012-08-28 03:00:00,4.667160605963277
2012-08-28 04:00:00,6.069107214129147
2012-08-28 05:00:00,31.345967938488364
2012-08-28 06:00:00,127.22744458533815
2012-08-28 07:00:00,356.320793955198
2012-08-28 08:00:00,530.9260412965134
2012-08-28 09:00:00,297.11177647879117
2012-08-28 10:00:00,160.50651864403173
2012-08-28 11:00:00,174.67472611103852
2012-08-28 12:00:00,214.13900752921558
2012-08-28 13:00:00,204.36382224172257
2012-08-28 14:00:00,194.31440041400117
2012-08-28 15:00:00,224.11426624818506
2012-08-28 16:00:00,329.99092600224975
2012-08-28 17:00:00,742.1286935061704
2012-08-28 18:00:00,729.0649211580417
2012-08-28 19:00:00,496.17862019832125
2012-08-28 20:00:00,372.3794976555939
2012-08-28 21:00:00,280.10508699229104
2012-08-28 22:00:00,203.64090480278762
2012-08-28 23:00:00,121.5203753214573
2012-08-29 00:00:00,43.66930801465875
2012-08-29 01:00:00,17.446790158652576
2012-08-29 02:00:00,8.817483388270805
2012-08-29 03:00:00,6.1567700626855535
2012-08-29 04:00:00,6.2529991744979005
2012-08-29 05:00:00,34.05364091563678
2012-08-29 06:00:00,144.78968918499453
2012-08-29 07:00:00,395.11734216371684
2012-08-29 08:00:00,674.6226422291464
2012-08-29 09:00:00,321.93019674016176
2012-08-29 10:00:00,163.5419934187545
2012-08-29 11:00:00,202.56870368331133
2012-08-29 12:00:00,244.04668664998366
2012-08-29 13:00:00,225.2435826933577
2012-08-29 14:00:00,226.96609794659506
2012-08-29 15:00:00,253.50655303772587
2012-08-29 16:00:00,372.0836203984123
2012-08-29 17:00:00,693.3717690539534
2012-08-29 18:00:00,690.6320226497231
2012-08-29 19:00:00,519.0101265343823
2012-08-29 20:00:00,366.3419115271005
2012-08-29 21:00:00,296.1312762639938
2012-08-29 22:00:00,226.1134314063722
2012-08-29 23:00:00,139.4741634972682
2012-08-30 00:00:00,48.560288114037995
2012-08-30 01:00:00,19.305880513781087
2012-08-30 02:00:00,10.483218064488069
2012-08-30 03:00:00,6.3718927306300746
2012-08-30 04:00:00,6.4699959155627935
2012-08-30 05:00:00,34.29341416262187
2012-08-30 06:00:00,135.21362632705498
2012-08-30 07:00:00,395.2654836536667
2012-08-30 08:00:00,624.8257979717965
2012-08-30 09:00:00,290.87910107597895
2012-08-30 10:00:00,175.33650265416793
2012-08-30 11:00:00,212.94974442721963
2012-08-30 12:00:00,247.3548308165001
2012-08-30 13:00:00,240.78967721671432
2012-08-30 14:00:00,230.2951989435237
2012-08-30 15:00:00,240.24976402459558
2012-08-30 16:00:00,363.77681094761834
2012-08-30 17:00:00,684.9256225565603
2012-08-30 18:00:00,712.8059945476691
2012-08-30 19:00:00,517.127588546545
2012-08-30 20:00:00,384.5928820392892
2012-08-30 21:00:00,314.50054113196126
2012-08-30 22:00:00,236.11430075280035
2012-08-30 23:00:00,137.37634202761578
2012-08-31 00:00:00,61.813565906147865
2012-08-31 01:00:00,29.229783594448694
2012-08-31 02:00:00,14.42690052281225
2012-08-31 03:00:00,7.466836836725137
2012-08-31 04:00:00,6.443498392676052
2012-08-31 05:00:00,30.55030755978879
2012-08-31 06:00:00,99.04403859841477
2012-08-31 07:00:00,277.9640435240837
2012-08-31 08:00:00,586.4350293441656
2012-08-31 09:00:00,273.86379247854364
2012-08-31 10:00:00,191.72327577563755
2012-08-31 11:00:00,204.5108001626895
2012-08-31 12:00:00,258.2862875837391
2012-08-31 13:00:00,244.86689385078358
2012-08-31 14:00:00,250.09284991624523
2012-08-31 15:00:00,247.85031249914937
2012-08-31 16:00:00,373.137457289365
2012-08-31 17:00:00,649.653143289201
2012-08-31 18:00:00,634.8380218111934
2012-08-31 19:00:00,446.0187271189625
2012-08-31 20:00:00,334.88266479085905
2012-08-31 21:00:00,250.97715952102757
2012-08-31 22:00:00,237.37545411219185
2012-08-31 23:00:00,184.27131666215467
2012-09-20 00:00:00,54.2371868402228
2012-09-20 01:00:00,22.806337270307154
2012-09-20 02:00:00,12.156278067640132
2012-09-20 03:00:00,6.57721184604321
2012-09-20 04:00:00,6.419345102875248
2012-09-20 05:00:00,33.291656506392975
2012-09-20 06:00:00,144.65461535909336
2012-09-20 07:00:00,408.2101574705549
2012-09-20 08:00:00,644.64453926633
2012-09-20 09:00:00,312.17502770796847
2012-09-20 10:00:00,171.53551847948825
2012-09-20 11:00:00,195.97214511292145
2012-09-20 12:00:00,241.31270789897542
2012-09-20 13:00:00,232.49358290951932
2012-09-20 14:00:00,210.05338286503445
2012-09-20 15:00:00,236.04559840042455
2012-09-20 16:00:00,334.77621157900415
2012-09-20 17:00:00,645.821464666175
2012-09-20 18:00:00,588.6905539967178
2012-09-20 19:00:00,424.3562118695699
2012-09-20 20:00:00,347.50975531914395
2012-09-20 21:00:00,258.1201717535295
2012-09-20 22:00:00,208.6130686902558
2012-09-20 23:00:00,135.88136644398952
2012-09-21 00:00:00,71.67146433932079
2012-09-21 01:00:00,40.63190104510126
2012-09-21 02:00:00,20.81876030704897
2012-09-21 03:00:00,10.63563689799504
2012-09-21 04:00:00,8.21418546490777
2012-09-21 05:00:00,37.29124536957472
2012-09-21 06:00:00,153.99182589386928
2012-09-21 07:00:00,422.71889522394366
2012-09-21 08:00:00,633.4046386671299
2012-09-21 09:00:00,289.2292051256502
2012-09-21 10:00:00,166.74562434333018
2012-09-21 11:00:00,204.48957306635523
2012-09-21 12:00:00,250.30899784649625
2012-09-21 13:00:00,264.3731519207826
2012-09-21 14:00:00,236.1490565564075
2012-09-21 15:00:00,268.8926702878103
2012-09-21 16:00:00,374.1527115265598
2012-09-21 17:00:00,551.8361554406121
2012-09-21 18:00:00,550.5142939567216
2012-09-21 19:00:00,368.40523564840294
2012-09-21 20:00:00,262.1480377091194
2012-09-21 21:00:00,199.48110226004027
2012-09-21 22:00:00,181.86998489268257
2012-09-21 23:00:00,132.87648589249542
2012-09-22 00:00:00,121.12472350120781
2012-09-22 01:00:00,92.98103400293185
2012-09-22 02:00:00,69.83159044726202
2012-09-22 03:00:00,29.39449313832489
2012-09-22 04:00:00,9.461803220966685
2012-09-22 05:00:00,10.385987233767038
2012-09-22 06:00:00,24.284455732076992
2012-09-22 07:00:00,64.51984232595032
2012-09-22 08:00:00,130.61449099781646
2012-09-22 09:00:00,219.22637845249764
2012-09-22 10:00:00,323.44932404649416
2012-09-22 11:00:00,398.101550789213
2012-09-22 12:00:00,487.2191526894952
2012-09-22 13:00:00,498.27520777265363
2012-09-22 14:00:00,496.8213013682953
2012-09-22 15:00:00,535.0205284548215
2012-09-22 16:00:00,456.741076405665
2012-09-22 17:00:00,417.1619431099734
2012-09-22 18:00:00,411.41863433960253
2012-09-22 19:00:00,355.70316344005715
2012-09-22 20:00:00,321.9628819779702
2012-09-22 21:00:00,265.9389993215281
2012-09-22 22:00:00,234.10611923362555
2012-09-22 23:00:00,190.88331954254002
2012-09-23 00:00:00,127.74400405475814
2012-09-23 01:00:00,87.78632042076866
2012-09-23 02:00:00,64.80544109129538
2012-09-23 03:00:00,24.690747094679313
2012-09-23 04:00:00,9.182981206142076
2012-09-23 05:00:00,8.641606393758194
2012-09-23 06:00:00,15.156086776569635
2012-09-23 07:00:00,41.408999636311115
2012-09-23 08:00:00,87.12845527273713
2012-09-23 09:00:00,159.82984183347375
2012-09-23 10:00:00,325.3226331514487
2012-09-23 11:00:00,407.6210336440511
2012-09-23 12:00:00,484.5755677387331
2012-09-23 13:00:00,525.8859485255842
2012-09-23 14:00:00,536.1992005903221
2012-09-23 15:00:00,536.7291587785513
2012-09-23 16:00:00,477.5359154847283
2012-09-23 17:00:00,413.0117609057652
2012-09-23 18:00:00,373.56582745193776
2012-09-23 19:00:00,245.46731674057128
2012-09-23 20:00:00,188.23072249750035
2012-09-23 21:00:00,139.70498190478875
2012-09-23 22:00:00,114.41303452194745
2012-09-23 23:00:00,82.58637111507248
2012-09-24 00:00:00,38.38002850456735
2012-09-24 01:00:00,15.25796577646413
2012-09-24 02:00:00,7.398774487333538
2012-09-24 03:00:00,5.073169963646606
2012-09-24 04:00:00,7.126477066967897
2012-09-24 05:00:00,31.061432309058414
2012-09-24 06:00:00,138.13476583168736
2012-09-24 07:00:00,397.91789229781733
2012-09-24 08:00:00,567.7672263522732
2012-09-24 09:00:00,279.59215009272793
2012-09-24 10:00:00,166.61381053667876
2012-09-24 11:00:00,197.69577479648208
2012-09-24 12:00:00,218.96932960607077
2012-09-24 13:00:00,219.9682948210793
2012-09-24 14:00:00,192.14722475460937
2012-09-24 15:00:00,215.48953155601615
2012-09-24 16:00:00,314.34700533424206
2012-09-24 17:00:00,533.3841512258786
2012-09-24 18:00:00,577.7820372305509
2012-09-24 19:00:00,383.30341221716145
2012-09-24 20:00:00,274.6753069171114
2012-09-24 21:00:00,206.41617145373172
2012-09-24 22:00:00,136.3557297612804
2012-09-24 23:00:00,90.94909526335748
2012-09-25 00:00:00,32.18775811040228
2012-09-25 01:00:00,12.590862329509543
2012-09-25 02:00:00,6.008299654670582
2012-09-25 03:00:00,4.178085680576274
2012-09-25 04:00:00,6.580815813966989
2012-09-25 05:00:00,32.6070242438591
2012-09-25 06:00:00,148.38575591565953
2012-09-25 07:00:00,416.0254148814426
2012-09-25 08:00:00,635.9658270350076
2012-09-25 09:00:00,322.14701059532007
2012-09-25 10:00:00,164.21904689403527
2012-09-25 11:00:00,197.10792794117052
2012-09-25 12:00:00,253.30917779461845
2012-09-25 13:00:00,250.99201433865943
2012-09-25 14:00:00,229.63340620877034
2012-09-25 15:00:00,259.38113798020856
2012-09-25 16:00:00,412.7625111247491
2012-09-25 17:00:00,795.7872372224234
2012-09-25 18:00:00,758.0395067416845
2012-09-25 19:00:00,519.3846568667594
2012-09-25 20:00:00,364.4469625609363
2012-09-25 21:00:00,271.9239071952531
2012-09-25 22:00:00,201.04930970405985
2012-09-25 23:00:00,127.95202365070679
2012-09-26 00:00:00,47.673203156352756
2012-09-26 01:00:00,17.189653605769184
2012-09-26 02:00:00,8.792616074180305
2012-09-26 03:00:00,6.293748366611671
2012-09-26 04:00:00,8.435017305161889
2012-09-26 05:00:00,41.9485949266465
2012-09-26 06:00:00,171.7145817173142
2012-09-26 07:00:00,473.2863420201516
2012-09-26 08:00:00,731.9186252122824
2012-09-26 09:00:00,373.53520471392955
2012-09-26 10:00:00,172.64743324724586
2012-09-26 11:00:00,251.9622032929514
2012-09-26 12:00:00,329.2272916464665
2012-09-26 13:00:00,305.6747846086889
2012-09-26 14:00:00,234.10488242594013
2012-09-26 15:00:00,252.76939904470544
2012-09-26 16:00:00,360.0622108155166
2012-09-26 17:00:00,734.0277277503723
2012-09-26 18:00:00,712.9525162050386
2012-09-26 19:00:00,565.5650641653748
2012-09-26 20:00:00,419.8758640791971
2012-09-26 21:00:00,330.6523077334389
2012-09-26 22:00:00,162.49224558737762
2012-09-26 23:00:00,129.1286715561913
2012-09-27 00:00:00,44.13910364594032
2012-09-27 01:00:00,17.220432925974826
2012-09-27 02:00:00,8.708174951018563
2012-09-27 03:00:00,5.477888220282095
2012-09-27 04:00:00,6.547828454886818
2012-09-27 05:00:00,33.511127793844686
2012-09-27 06:00:00,141.74353217681795
2012-09-27 07:00:00,396.76520213277996
2012-09-27 08:00:00,637.4097412613943
2012-09-27 09:00:00,318.05593269491027
2012-09-27 10:00:00,169.4420134051946
2012-09-27 11:00:00,217.23506738023897
2012-09-27 12:00:00,272.1322288991604
2012-09-27 13:00:00,260.13156293565356
2012-09-27 14:00:00,242.66109701164513
2012-09-27 15:00:00,262.2309022797162
2012-09-27 16:00:00,381.06906707851886
2012-09-27 17:00:00,695.045240767544
2012-09-27 18:00:00,679.1461048772879
2012-09-27 19:00:00,496.3933241279947
2012-09-27 20:00:00,367.312109807156
2012-09-27 21:00:00,140.13505297802206
2012-09-27 22:00:00,110.17189220941624
2012-09-27 23:00:00,89.80249550879503
2012-09-28 00:00:00,45.069831065559484
2012-09-28 01:00:00,21.06172593350471
2012-09-28 02:00:00,9.442030228548548
2012-09-28 03:00:00,6.339996443299852
2012-09-28 04:00:00,6.348100252580689
2012-09-28 05:00:00,34.99895912040999
2012-09-28 06:00:00,108.92015533063982
2012-09-28 07:00:00,286.6524134151664
2012-09-28 08:00:00,567.6863601421019
2012-09-28 09:00:00,310.61799922116654
2012-09-28 10:00:00,183.9222336407206
2012-09-28 11:00:00,256.29674533021824
2012-09-28 12:00:00,375.9892952288781
2012-09-28 13:00:00,342.4571677237751
2012-09-28 14:00:00,350.6617454008119
2012-09-28 15:00:00,340.31512849104206
2012-09-28 16:00:00,482.3879232172272
2012-09-28 17:00:00,733.0561587722228
2012-09-28 18:00:00,642.120619657134
2012-09-28 19:00:00,379.53424610577343
2012-09-28 20:00:00,261.35103266566006
2012-09-28 21:00:00,208.31548706772745
2012-09-28 22:00:00,187.88067878868935
2012-09-28 23:00:00,147.19687633562452
2012-09-29 00:00:00,120.28656203201353
2012-09-29 01:00:00,88.66036896832966
2012-09-29 02:00:00,52.04997970079478
2012-09-29 03:00:00,24.521080057274286
2012-09-29 04:00:00,9.956256324719636
2012-09-29 05:00:00,9.992024837758649
2012-09-29 06:00:00,24.290861845655815
2012-09-29 07:00:00,57.09251985404305
2012-09-29 08:00:00,136.65340451359845
2012-09-29 09:00:00,230.37333503376308
2012-09-29 10:00:00,352.64556464809516
2012-09-29 11:00:00,428.0076396445084
2012-09-29 12:00:00,579.8875384909601
2012-09-29 13:00:00,579.7426993386429
2012-09-29 14:00:00,595.9115722566353
2012-09-29 15:00:00,586.7601114145455
2012-09-29 16:00:00,587.98058291617
2012-09-29 17:00:00,479.44197290664954
2012-09-29 18:00:00,403.7811500394229
2012-09-29 19:00:00,261.9660336770523
2012-09-29 20:00:00,214.3492808659548
2012-09-29 21:00:00,191.1995736587184
2012-09-29 22:00:00,187.8767111029525
2012-09-29 23:00:00,153.15525170095515
2012-09-30 00:00:00,128.36124871025186
2012-09-30 01:00:00,100.70493806022098
2012-09-30 02:00:00,63.460548773568405
2012-09-30 03:00:00,29.798088823116665
2012-09-30 04:00:00,10.676403364187815
2012-09-30 05:00:00,9.652346353051916
2012-09-30 06:00:00,18.17693978434785
2012-09-30 07:00:00,48.54719916977055
2012-09-30 08:00:00,112.9051178205598
2012-09-30 09:00:00,193.16799264178024
2012-09-30 10:00:00,315.9610940892236
2012-09-30 11:00:00,453.51693229118746
2012-09-30 12:00:00,518.3140115551114
2012-09-30 13:00:00,563.2300606378693
2012-09-30 14:00:00,549.1847102328223
2012-09-30 15:00:00,554.9123205839694
2012-09-30 16:00:00,551.0183014813135
2012-09-30 17:00:00,469.17421310816457
2012-09-30 18:00:00,284.21389644803327
2012-09-30 19:00:00,200.91446333957444
2012-09-30 20:00:00,150.7815148871026
2012-09-30 21:00:00,163.59339555247627
2012-09-30 22:00:00,114.03204313672525
2012-09-30 23:00:00,86.10748283424587
2012-10-20 00:00:00,118.09998342788877
2012-10-20 01:00:00,98.26160880291803
2012-10-20 02:00:00,65.7229835366723
2012-10-20 03:00:00,29.857553853009563
2012-10-20 04:00:00,10.292133751546412
2012-10-20 05:00:00,9.618582946017025
2012-10-20 06:00:00,22.95695607514218
2012-10-20 07:00:00,59.05484616177437
2012-10-20 08:00:00,139.95146300307215
2012-10-20 09:00:00,231.78559370819758
2012-10-20 10:00:00,360.345548761731
2012-10-20 11:00:00,448.962296723372
2012-10-20 12:00:00,534.9613142975238
2012-10-20 13:00:00,548.2299455808858
2012-10-20 14:00:00,543.6730820655306
2012-10-20 15:00:00,562.7882912614284
2012-10-20 16:00:00,493.9485778811011
2012-10-20 17:00:00,444.2238372874281
2012-10-20 18:00:00,350.6100140624734
2012-10-20 19:00:00,295.6536362323558
2012-10-20 20:00:00,235.29584939451868
2012-10-20 21:00:00,167.48091072827776
2012-10-20 22:00:00,149.95563730100062
2012-10-20 23:00:00,125.40152466449742
2012-10-21 00:00:00,115.4761851173631
2012-10-21 01:00:00,77.28707661026836
2012-10-21 02:00:00,55.03817401930788
2012-10-21 03:00:00,28.286819431395717
2012-10-21 04:00:00,10.89207361861645
2012-10-21 05:00:00,9.263939978416206
2012-10-21 06:00:00,14.893320538039708
2012-10-21 07:00:00,39.78811759541536
2012-10-21 08:00:00,100.32547846754795
2012-10-21 09:00:00,152.42427740853228
2012-10-21 10:00:00,315.890761206062
2012-10-21 11:00:00,372.6913290485958
2012-10-21 12:00:00,450.3601398672032
2012-10-21 13:00:00,515.9332738592657
2012-10-21 14:00:00,489.2999832432126
2012-10-21 15:00:00,445.91680893883995
2012-10-21 16:00:00,496.47792188026466
2012-10-21 17:00:00,395.4145107838873
2012-10-21 18:00:00,336.9666299466781
2012-10-21 19:00:00,264.7707288610513
2012-10-21 20:00:00,185.07220799657142
2012-10-21 21:00:00,132.82811332678176
2012-10-21 22:00:00,105.79130802706726
2012-10-21 23:00:00,79.14745762711748
2012-10-22 00:00:00,29.53055220160192
2012-10-22 01:00:00,11.624371167364627
2012-10-22 02:00:00,6.108734400563265
2012-10-22 03:00:00,4.08261173757002
2012-10-22 04:00:00,5.921780953672904
2012-10-22 05:00:00,27.858561754183572
2012-10-22 06:00:00,111.32802306489455
2012-10-22 07:00:00,345.5293599167281
2012-10-22 08:00:00,614.0381590268503
2012-10-22 09:00:00,332.18679786430175
2012-10-22 10:00:00,161.05244540035827
2012-10-22 11:00:00,183.92947446109957
2012-10-22 12:00:00,216.91471412680954
2012-10-22 13:00:00,208.51396832032123
2012-10-22 14:00:00,226.3831374699044
2012-10-22 15:00:00,217.91873923913414
2012-10-22 16:00:00,341.4393869344706
2012-10-22 17:00:00,660.4091411004513
2012-10-22 18:00:00,635.978166244759
2012-10-22 19:00:00,395.089803704821
2012-10-22 20:00:00,320.80328525560304
2012-10-22 21:00:00,209.82288936372416
2012-10-22 22:00:00,132.38071905101742
2012-10-22 23:00:00,80.5868921852235
2012-10-23 00:00:00,29.325876886206643
2012-10-23 01:00:00,13.13081217778016
2012-10-23 02:00:00,5.83340113415328
2012-10-23 03:00:00,4.32545589636768
2012-10-23 04:00:00,6.7953216036638295
2012-10-23 05:00:00,32.27453442393137
2012-10-23 06:00:00,123.78612108580684
2012-10-23 07:00:00,345.0635697913779
2012-10-23 08:00:00,568.2321060057066
2012-10-23 09:00:00,278.82441639365373
2012-10-23 10:00:00,171.8082981415054
2012-10-23 11:00:00,193.31011740438257
2012-10-23 12:00:00,259.9112614938222
2012-10-23 13:00:00,263.14337848735533
2012-10-23 14:00:00,241.1859785969583
2012-10-23 15:00:00,296.6793996663059
2012-10-23 16:00:00,391.21861709825896
2012-10-23 17:00:00,754.4434130804553
2012-10-23 18:00:00,672.0296791460468
2012-10-23 19:00:00,506.98484524046273
2012-10-23 20:00:00,322.3068390400397
2012-10-23 21:00:00,232.43681482433303
2012-10-23 22:00:00,177.32226122413405
2012-10-23 23:00:00,112.77659134080942
2012-10-24 00:00:00,51.337849677008926
2012-10-24 01:00:00,17.218683059214626
2012-10-24 02:00:00,7.845756628954961
2012-10-24 03:00:00,5.974762660281539
2012-10-24 04:00:00,7.289963455878503
2012-10-24 05:00:00,35.005452169999685
2012-10-24 06:00:00,154.37853581592208
2012-10-24 07:00:00,341.94641426018217
2012-10-24 08:00:00,636.9787216469082
2012-10-24 09:00:00,352.1364766103443
2012-10-24 10:00:00,175.3998416577409
2012-10-24 11:00:00,204.92774653116308
2012-10-24 12:00:00,285.2943323105365
2012-10-24 13:00:00,278.65615858123806
2012-10-24 14:00:00,231.5960326713836
2012-10-24 15:00:00,295.3312183496453
2012-10-24 16:00:00,386.70700572437147
2012-10-24 17:00:00,771.7351889122219
2012-10-24 18:00:00,718.6415005316377
2012-10-24 19:00:00,622.0853746222435
2012-10-24 20:00:00,446.7735694550992
2012-10-24 21:00:00,340.778675357213
2012-10-24 22:00:00,247.6263615018653
2012-10-24 23:00:00,129.1760536635534
2012-10-25 00:00:00,44.856508224650526
2012-10-25 01:00:00,16.737153647844913
2012-10-25 02:00:00,9.091864342796292
2012-10-25 03:00:00,5.287539643134471
2012-10-25 04:00:00,6.5091579104245385
2012-10-25 05:00:00,31.244082820175674
2012-10-25 06:00:00,119.73792852850524
2012-10-25 07:00:00,324.38914423627386
2012-10-25 08:00:00,518.6992612484437
2012-10-25 09:00:00,234.44180787174247
2012-10-25 10:00:00,134.71380558781675
2012-10-25 11:00:00,143.40390024222256
2012-10-25 12:00:00,183.6870203708149
2012-10-25 13:00:00,171.86736700000995
2012-10-25 14:00:00,202.04622782495167
2012-10-25 15:00:00,256.1908708112656
2012-10-25 16:00:00,341.54500719024605
2012-10-25 17:00:00,664.7212548676357
2012-10-25 18:00:00,473.08413663863666
2012-10-25 19:00:00,331.79377936609126
2012-10-25 20:00:00,230.21141937647425
2012-10-25 21:00:00,175.89354612548755
2012-10-25 22:00:00,141.73087857064013
2012-10-25 23:00:00,96.92162590014507
2012-10-26 00:00:00,54.70665326330039
2012-10-26 01:00:00,25.21129128329762
2012-10-26 02:00:00,12.744056845743327
2012-10-26 03:00:00,6.525993556735375
2012-10-26 04:00:00,7.043262547942224
2012-10-26 05:00:00,33.75080941664987
2012-10-26 06:00:00,120.83675312160409
2012-10-26 07:00:00,330.167499556678
2012-10-26 08:00:00,540.1740641939621
2012-10-26 09:00:00,284.31217083841585
2012-10-26 10:00:00,163.0794909692124
2012-10-26 11:00:00,175.65637316758512
2012-10-26 12:00:00,237.19705236816552
2012-10-26 13:00:00,238.08114110254016
2012-10-26 14:00:00,280.5755627260681
2012-10-26 15:00:00,318.74291095800453
2012-10-26 16:00:00,310.45501680305665
2012-10-26 17:00:00,498.2705903188402
2012-10-26 18:00:00,428.67509265517083
2012-10-26 19:00:00,287.41771726881313
2012-10-26 20:00:00,208.53334015186243
2012-10-26 21:00:00,178.83069018506586
2012-10-26 22:00:00,136.695583568966
2012-10-26 23:00:00,135.44089692268545
2012-10-27 00:00:00,132.4333824366358
2012-10-27 01:00:00,97.05791926638173
2012-10-27 02:00:00,61.48988395729343
2012-10-27 03:00:00,32.58335452168637
2012-10-27 04:00:00,10.88240297535943
2012-10-27 05:00:00,9.948313493234469
2012-10-27 06:00:00,24.639839129964518
2012-10-27 07:00:00,66.7382950102745
2012-10-27 08:00:00,151.37750085044885
2012-10-27 09:00:00,227.86434787189495
2012-10-27 10:00:00,354.2422394538958
2012-10-27 11:00:00,449.44980978188926
2012-10-27 12:00:00,594.5481976219669
2012-10-27 13:00:00,598.6878114653501
2012-10-27 14:00:00,562.554402741151
2012-10-27 15:00:00,475.5354192507578
2012-10-27 16:00:00,466.709610176941
2012-10-27 17:00:00,407.09574010618445
2012-10-27 18:00:00,353.41362129946344
2012-10-27 19:00:00,250.9452721546231
2012-10-27 20:00:00,202.03936213746417
2012-10-27 21:00:00,173.44517445390107
2012-10-27 22:00:00,146.10571729314017
2012-10-27 23:00:00,121.1343541907385
2012-10-28 00:00:00,93.92877764001044
2012-10-28 01:00:00,99.16122339570671
2012-10-28 02:00:00,60.41729222796561
2012-10-28 03:00:00,26.629036016695576
2012-10-28 04:00:00,9.818141800224414
2012-10-28 05:00:00,8.496502035404395
2012-10-28 06:00:00,14.858914065118972
2012-10-28 07:00:00,38.48992866927563
2012-10-28 08:00:00,82.34431254062805
2012-10-28 09:00:00,139.75980180587308
2012-10-28 10:00:00,261.49996239014223
2012-10-28 11:00:00,371.054099384015
2012-10-28 12:00:00,358.75825283155393
2012-10-28 13:00:00,367.6468542087158
2012-10-28 14:00:00,360.0620227136313
2012-10-28 15:00:00,357.904672336789
2012-10-28 16:00:00,279.95115159122855
2012-10-28 17:00:00,180.4135607935504
2012-10-28 18:00:00,79.19722371323847
2012-10-28 19:00:00,67.92715118239363
2012-10-28 20:00:00,48.3498252489412
2012-10-28 21:00:00,46.162280287751436
2012-10-28 22:00:00,42.51650125808847
2012-10-28 23:00:00,29.378325153601903
2012-10-29 00:00:00,20.73815719559284
2012-10-30 13:00:00,88.63690627306168
2012-10-30 14:00:00,78.23442395691913
2012-10-30 15:00:00,75.13330120237055
2012-10-30 16:00:00,114.82860481694661
2012-10-30 17:00:00,244.23736704018972
2012-10-30 18:00:00,241.38999777676258
2012-10-30 19:00:00,373.84319742794776
2012-10-30 20:00:00,172.05878851461867
2012-10-30 21:00:00,121.49754520188917
2012-10-30 22:00:00,96.00203525801729
2012-10-30 23:00:00,59.91544686062539
2012-10-31 00:00:00,29.519594480038233
2012-10-31 01:00:00,12.885424523847265
2012-10-31 02:00:00,6.309123423940846
2012-10-31 03:00:00,4.722879981608422
2012-10-31 04:00:00,4.870918614585298
2012-10-31 05:00:00,29.908914217037793
2012-10-31 06:00:00,125.61035050452409
2012-10-31 07:00:00,305.51774859381715
2012-10-31 08:00:00,575.8493675717953
2012-10-31 09:00:00,311.65637785973007
2012-10-31 10:00:00,130.9349549791222
2012-10-31 11:00:00,157.59666881671038
2012-10-31 12:00:00,198.71477481384343
2012-10-31 13:00:00,215.07798192746083
2012-10-31 14:00:00,192.26323925702263
2012-10-31 15:00:00,207.61056803033708
2012-10-31 16:00:00,307.1042280406353
2012-10-31 17:00:00,562.5805250134308
2012-10-31 18:00:00,531.0726869012188
2012-10-31 19:00:00,395.02517508958255
2012-10-31 20:00:00,271.14032228496353
2012-10-31 21:00:00,205.65574668492903
2012-10-31 22:00:00,156.86878322246864
2012-10-31 23:00:00,95.09225072510178
2012-11-20 00:00:00,27.58993017058659
2012-11-20 01:00:00,11.663914661011106
2012-11-20 02:00:00,5.000402659163243
2012-11-20 03:00:00,4.052370274829394
2012-11-20 04:00:00,6.184117915373699
2012-11-20 05:00:00,30.63240440542727
2012-11-20 06:00:00,127.5204991985691
2012-11-20 07:00:00,318.85383931144565
2012-11-20 08:00:00,614.9614060628087
2012-11-20 09:00:00,287.61226568344875
2012-11-20 10:00:00,144.17269810948054
2012-11-20 11:00:00,147.95797540644446
2012-11-20 12:00:00,177.78328386462286
2012-11-20 13:00:00,184.0369392977478
2012-11-20 14:00:00,169.2202022709841
2012-11-20 15:00:00,178.07927008423454
2012-11-20 16:00:00,269.467334871975
2012-11-20 17:00:00,494.2800541140998
2012-11-20 18:00:00,466.71334736529946
2012-11-20 19:00:00,327.7528479142025
2012-11-20 20:00:00,214.03257470310962
2012-11-20 21:00:00,174.7728855632916
2012-11-20 22:00:00,132.0791905184106
2012-11-20 23:00:00,62.90697677977787
2012-11-21 00:00:00,26.875784369321842
2012-11-21 01:00:00,12.159318148981276
2012-11-21 02:00:00,5.249669887536527
2012-11-21 03:00:00,3.956340871989374
2012-11-21 04:00:00,4.8952118558614846
2012-11-21 05:00:00,25.033246096798063
2012-11-21 06:00:00,108.84796820288146
2012-11-21 07:00:00,242.63063146762215
2012-11-21 08:00:00,643.2438205143559
2012-11-21 09:00:00,285.7404014636067
2012-11-21 10:00:00,155.30395184350797
2012-11-21 11:00:00,171.73863751134868
2012-11-21 12:00:00,247.61289605196956
2012-11-21 13:00:00,228.04761955452338
2012-11-21 14:00:00,206.88541271892885
2012-11-21 15:00:00,222.0296160685843
2012-11-21 16:00:00,303.0204539613408
2012-11-21 17:00:00,568.6657907299339
2012-11-21 18:00:00,550.6950027465324
2012-11-21 19:00:00,376.1844157674095
2012-11-21 20:00:00,247.65750583162415
2012-11-21 21:00:00,184.01686133051027
2012-11-21 22:00:00,123.38751040110343
2012-11-21 23:00:00,84.20094058059885
2012-11-22 00:00:00,84.03254501310575
2012-11-22 01:00:00,40.59652001821524
2012-11-22 02:00:00,23.937780626856128
2012-11-22 03:00:00,11.37853558565867
2012-11-22 04:00:00,7.114675753524065
2012-11-22 05:00:00,13.110782533988644
2012-11-22 06:00:00,30.471378148202323
2012-11-22 07:00:00,71.72777723695386
2012-11-22 08:00:00,186.88499784650153
2012-11-22 09:00:00,236.92497519814063
2012-11-22 10:00:00,298.8753755158308
2012-11-22 11:00:00,366.47908017970354
2012-11-22 12:00:00,388.9175819899976
2012-11-22 13:00:00,363.97020537212927
2012-11-22 14:00:00,311.93509785920503
2012-11-22 15:00:00,327.0059637463341
2012-11-22 16:00:00,342.38052212296026
2012-11-22 17:00:00,373.3604308690501
2012-11-22 18:00:00,343.535339696159
2012-11-22 19:00:00,260.8519613175975
2012-11-22 20:00:00,239.47305116412772
2012-11-22 21:00:00,206.8798989281435
2012-11-22 22:00:00,150.20746404810623
2012-11-22 23:00:00,93.65315527641343
2012-11-23 00:00:00,45.14342952269842
2012-11-23 01:00:00,21.240500421495057
2012-11-23 02:00:00,8.672810862381432
2012-11-23 03:00:00,4.765557510191775
2012-11-23 04:00:00,5.501804926333624
2012-11-23 05:00:00,23.16066368888273
2012-11-23 06:00:00,87.51069076234018
2012-11-23 07:00:00,250.9105969590956
2012-11-23 08:00:00,475.6975380611075
2012-11-23 09:00:00,279.55426088931745
2012-11-23 10:00:00,181.62856490911733
2012-11-23 11:00:00,214.00123033779542
2012-11-23 12:00:00,293.4894658312986
2012-11-23 13:00:00,269.739588542227
2012-11-23 14:00:00,258.5712798401774
2012-11-23 15:00:00,279.05806368298124
2012-11-23 16:00:00,371.6188305932825
2012-11-23 17:00:00,579.620244844063
2012-11-23 18:00:00,468.5881383582899
2012-11-23 19:00:00,306.205524607167
2012-11-23 20:00:00,250.59896879309417
2012-11-23 21:00:00,187.50743154335694
2012-11-23 22:00:00,158.8277971113708
2012-11-23 23:00:00,134.80823432796936
2012-11-24 00:00:00,79.00073624396377
2012-11-24 01:00:00,64.42274174195288
2012-11-24 02:00:00,36.53343257717303
2012-11-24 03:00:00,19.938939846934385
2012-11-24 04:00:00,5.360101093420527
2012-11-24 05:00:00,5.621803292979198
2012-11-24 06:00:00,13.813983467261647
2012-11-24 07:00:00,38.176820189273045
2012-11-24 08:00:00,76.42842386096822
2012-11-24 09:00:00,127.50163313240787
2012-11-24 10:00:00,237.96196979886133
2012-11-24 11:00:00,271.105546416998
2012-11-24 12:00:00,255.20000351537834
2012-11-24 13:00:00,323.7034263824331
2012-11-24 14:00:00,248.67259472997085
2012-11-24 15:00:00,255.72820199912522
2012-11-24 16:00:00,239.11171733774447
2012-11-24 17:00:00,238.97269922295214
2012-11-24 18:00:00,196.94138762296674
2012-11-24 19:00:00,175.52907014014949
2012-11-24 20:00:00,118.83720711049841
2012-11-24 21:00:00,106.26870183365992
2012-11-24 22:00:00,89.22638638373573
2012-11-24 23:00:00,77.12313182308134
2012-11-25 00:00:00,69.48516233588346
2012-11-25 01:00:00,58.55241784257379
2012-11-25 02:00:00,33.230095413667
2012-11-25 03:00:00,16.135469436975917
2012-11-25 04:00:00,5.7092130602574
2012-11-25 05:00:00,5.729810954251305
2012-11-25 06:00:00,10.72904918521668
2012-11-25 07:00:00,28.5211589214265
2012-11-25 08:00:00,70.2446177622609
2012-11-25 09:00:00,140.39733842027465
2012-11-25 10:00:00,183.70615014625122
2012-11-25 11:00:00,285.4369585381102
2012-11-25 12:00:00,345.2971484056889
2012-11-25 13:00:00,328.6137281408974
2012-11-25 14:00:00,310.7436559023221
2012-11-25 15:00:00,293.1410959591557
2012-11-25 16:00:00,292.0937165906967
2012-11-25 17:00:00,233.31121984546675
2012-11-25 18:00:00,189.32210514064397
2012-11-25 19:00:00,129.34304633093052
2012-11-25 20:00:00,89.68794434624985
2012-11-25 21:00:00,73.80149046616238
2012-11-25 22:00:00,52.90195007824385
2012-11-25 23:00:00,43.12472191142876
2012-11-26 00:00:00,19.84912115998684
2012-11-26 01:00:00,7.501044068838036
2012-11-26 02:00:00,4.139762323266087
2012-11-26 03:00:00,2.7208558439483683
2012-11-26 04:00:00,4.135468184478153
2012-11-26 05:00:00,21.143557850894105
2012-11-26 06:00:00,80.57256963280508
2012-11-26 07:00:00,242.19008592132045
2012-11-26 08:00:00,418.57263469596865
2012-11-26 09:00:00,259.3984517116374
2012-11-26 10:00:00,121.76859612684635
2012-11-26 11:00:00,169.8938536033804
2012-11-26 12:00:00,251.09026798549766
2012-11-26 13:00:00,232.68990304316503
2012-11-26 14:00:00,197.43112328267148
2012-11-26 15:00:00,219.49358477739042
2012-11-26 16:00:00,292.4437726128426
2012-11-26 17:00:00,565.5932933100682
2012-11-26 18:00:00,445.52343113907557
2012-11-26 19:00:00,281.8735000059829
2012-11-26 20:00:00,186.7803437211908
2012-11-26 21:00:00,136.6754715124929
2012-11-26 22:00:00,102.34372593682401
2012-11-26 23:00:00,58.29178470505769
2012-11-27 00:00:00,27.10245338481994
2012-11-27 01:00:00,11.139409954237875
2012-11-27 02:00:00,5.594993281693737
2012-11-27 03:00:00,3.725930491796325
2012-11-27 04:00:00,4.6529074433063595
2012-11-27 05:00:00,25.28639756949426
2012-11-27 06:00:00,110.78311637539966
2012-11-27 07:00:00,192.45656585439383
2012-11-27 08:00:00,304.56453684331933
2012-11-27 09:00:00,252.04491157901046
2012-11-27 10:00:00,74.65576170501318
2012-11-27 11:00:00,59.966606632476214
2012-11-27 12:00:00,82.83798799025779
2012-11-27 13:00:00,83.35535088873672
2012-11-27 14:00:00,68.29754309679359
2012-11-27 15:00:00,133.20112370681474
2012-11-27 16:00:00,191.6674906472457
2012-11-27 17:00:00,377.08433474445866
2012-11-27 18:00:00,263.23666322708385
2012-11-27 19:00:00,230.74069462578674
2012-11-27 20:00:00,160.55844507052484
2012-11-27 21:00:00,90.87766857732385
2012-11-27 22:00:00,76.9815800721166
2012-11-27 23:00:00,63.991926806836986
2012-11-28 00:00:00,29.29142456834325
2012-11-28 01:00:00,12.177536505194285
2012-11-28 02:00:00,6.152718522519371
2012-11-28 03:00:00,4.91499568433372
2012-11-28 04:00:00,5.853178441893837
2012-11-28 05:00:00,30.122091298419257
2012-11-28 06:00:00,128.08191924371403
2012-11-28 07:00:00,422.1866099924354
2012-11-28 08:00:00,529.2058075880777
2012-11-28 09:00:00,347.04121309797625
2012-11-28 10:00:00,132.17158090168203
2012-11-28 11:00:00,151.9306018267225
2012-11-28 12:00:00,209.85301199368877
2012-11-28 13:00:00,204.50385881786042
2012-11-28 14:00:00,184.88431298905297
2012-11-28 15:00:00,174.74713692437547
2012-11-28 16:00:00,249.65678911867386
2012-11-28 17:00:00,473.7670800483502
2012-11-28 18:00:00,403.2546039479682
2012-11-28 19:00:00,298.4162722733406
2012-11-28 20:00:00,222.02136199900193
2012-11-28 21:00:00,158.12673851607485
2012-11-28 22:00:00,113.82044164322917
2012-11-28 23:00:00,66.80554547146366
2012-11-29 00:00:00,32.94137075871465
2012-11-29 01:00:00,10.779546219646496
2012-11-29 02:00:00,5.130397242544112
2012-11-29 04:00:00,4.19208179022135
2012-11-29 05:00:00,22.081814027336296
2012-11-29 06:00:00,95.47727245394199
2012-11-29 07:00:00,252.12014129588394
2012-11-29 08:00:00,475.83312519880195
2012-11-29 09:00:00,242.6736610731694
2012-11-29 10:00:00,126.67127696379573
2012-11-29 11:00:00,189.91907074165437
2012-11-29 12:00:00,235.8491583930586
2012-11-29 13:00:00,222.92249060471983
2012-11-29 14:00:00,189.35330127601048
2012-11-29 15:00:00,188.13938875962188
2012-11-29 16:00:00,288.59768022483513
2012-11-29 17:00:00,525.5548994886891
2012-11-29 18:00:00,406.3795486373273
2012-11-29 19:00:00,285.80137055770473
2012-11-29 20:00:00,216.6766446457938
2012-11-29 21:00:00,152.30538334974193
2012-11-29 22:00:00,115.93373177611377
2012-11-29 23:00:00,78.03215739694267
2012-11-30 00:00:00,43.554628696352935
2012-11-30 01:00:00,20.414284090070915
2012-11-30 02:00:00,8.38940146167724
2012-11-30 03:00:00,4.585667778638001
2012-11-30 04:00:00,4.198110687012265
2012-11-30 05:00:00,19.588565081122372
2012-11-30 06:00:00,67.43979318587994
2012-11-30 07:00:00,210.60839726952238
2012-11-30 08:00:00,405.3727317133698
2012-11-30 09:00:00,265.3014459637901
2012-11-30 10:00:00,146.2644928448987
2012-11-30 11:00:00,197.38100174744156
2012-11-30 12:00:00,253.68890542146434
2012-11-30 13:00:00,265.56755686919007
2012-11-30 14:00:00,241.0111920726331
2012-11-30 15:00:00,248.39610747669596
2012-11-30 16:00:00,345.8300045879333
2012-11-30 17:00:00,466.06946540535154
2012-11-30 18:00:00,378.4042139990844
2012-11-30 19:00:00,239.0651987735718
2012-11-30 20:00:00,178.4826825589109
2012-11-30 21:00:00,135.16343946466935
2012-11-30 22:00:00,127.63236754802573
2012-11-30 23:00:00,91.16233843092559
2012-12-20 00:00:00,41.26315459650469
2012-12-20 01:00:00,15.05689781132671
2012-12-20 02:00:00,7.577944980512436
2012-12-20 03:00:00,5.174673440904459
2012-12-20 04:00:00,6.226855722709107
2012-12-20 05:00:00,32.13123371970223
2012-12-20 06:00:00,127.10516308802406
2012-12-20 07:00:00,363.2805798838267
2012-12-20 08:00:00,592.8346516223536
2012-12-20 09:00:00,288.3365899999388
2012-12-20 10:00:00,140.7586221778888
2012-12-20 11:00:00,148.50350835741287
2012-12-20 12:00:00,216.25660361653718
2012-12-20 13:00:00,181.5237798310404
2012-12-20 14:00:00,178.6360420958046
2012-12-20 15:00:00,166.17974959687731
2012-12-20 16:00:00,233.6907971563652
2012-12-20 17:00:00,396.88839975382047
2012-12-20 18:00:00,353.1369781004108
2012-12-20 19:00:00,201.24035338721242
2012-12-20 20:00:00,163.3166851773681
2012-12-20 21:00:00,124.05376570614668
2012-12-20 22:00:00,77.21075170054657
2012-12-20 23:00:00,51.2341307429825
2012-12-21 00:00:00,14.903211552350276
2012-12-21 01:00:00,10.028459127465887
2012-12-21 02:00:00,4.845202564370678
2012-12-21 03:00:00,2.469976207728251
2012-12-21 04:00:00,2.800896108486091
2012-12-21 05:00:00,12.334327111364608
2012-12-21 06:00:00,63.55888955129915
2012-12-21 07:00:00,175.57132921083561
2012-12-21 08:00:00,315.07262584525847
2012-12-21 09:00:00,216.12995902272672
2012-12-21 10:00:00,107.95632805697309
2012-12-21 11:00:00,113.51628953327901
2012-12-21 12:00:00,127.80168843956929
2012-12-21 13:00:00,133.22663486216106
2012-12-21 14:00:00,112.70652543827146
2012-12-21 15:00:00,131.03736705129114
2012-12-21 16:00:00,164.22623888915666
2012-12-21 17:00:00,248.0039815148471
2012-12-21 18:00:00,229.91016454964634
2012-12-21 19:00:00,158.4256113907453
2012-12-21 20:00:00,115.10276499764946
2012-12-21 21:00:00,97.4939389213018
2012-12-21 22:00:00,83.50986514421984
2012-12-21 23:00:00,56.472054555864425
2012-12-22 00:00:00,34.04530098587729
2012-12-22 01:00:00,29.977862045113643
2012-12-22 02:00:00,22.030155062363086
2012-12-22 03:00:00,8.736621561984897
2012-12-22 04:00:00,3.0458054504380723
2012-12-22 05:00:00,2.6304640320312065
2012-12-22 06:00:00,6.872053381132823
2012-12-22 07:00:00,18.86444228821478
2012-12-22 08:00:00,42.859203385466415
2012-12-22 09:00:00,84.88033816315645
2012-12-22 10:00:00,122.3054731542779
2012-12-22 11:00:00,166.30828192381836
2012-12-22 12:00:00,181.27188558967848
2012-12-22 13:00:00,180.41936488989919
2012-12-22 14:00:00,160.71932586966227
2012-12-22 15:00:00,149.63109412981197
2012-12-22 16:00:00,160.69237157936539
2012-12-22 17:00:00,151.79443997301357
2012-12-22 18:00:00,110.31579917620772
2012-12-22 19:00:00,80.34682920196222
2012-12-22 20:00:00,76.42063162424182
2012-12-22 21:00:00,47.61394121547128
2012-12-22 22:00:00,42.30708468235439
2012-12-22 23:00:00,38.89729371801486
2012-12-23 00:00:00,39.04832392464192
2012-12-23 01:00:00,36.4029486913103
2012-12-23 02:00:00,23.70300011986935
2012-12-23 03:00:00,10.656305064379676
2012-12-23 04:00:00,3.1504947163924144
2012-12-23 05:00:00,2.1387984898448806
2012-12-23 06:00:00,3.6459789470765123
2012-12-23 07:00:00,10.013446729895946
2012-12-23 08:00:00,28.17053054928363
2012-12-23 09:00:00,62.31476959176878
2012-12-23 10:00:00,78.89301769423494
2012-12-23 11:00:00,139.335102980325
2012-12-23 12:00:00,212.93134822050146
2012-12-23 13:00:00,211.15033330421738
2012-12-23 14:00:00,182.11785707521616
2012-12-23 15:00:00,234.66514662695144
2012-12-23 16:00:00,197.21038892629426
2012-12-23 17:00:00,147.94875005819776
2012-12-23 18:00:00,132.75734128097855
2012-12-23 19:00:00,95.47488924261523
2012-12-23 20:00:00,55.47990152817889
2012-12-23 21:00:00,38.962952073604676
2012-12-23 22:00:00,36.29244022380051
2012-12-23 23:00:00,24.210950199846145
2012-12-24 00:00:00,10.854836881887676
2012-12-24 01:00:00,4.597467329706138
2012-12-24 02:00:00,2.478881780274539
2012-12-24 03:00:00,1.557326073243235
2012-12-24 05:00:00,9.902839929872357
2012-12-24 06:00:00,42.32082360604641
2012-12-24 07:00:00,135.1018936166839
2012-12-24 08:00:00,264.34182011880415
2012-12-24 09:00:00,175.6766280782939
2012-12-24 10:00:00,68.30996255045007
2012-12-24 11:00:00,91.55954882923221
2012-12-24 12:00:00,97.26219510024755
2012-12-24 13:00:00,66.9718122261814
2012-12-24 14:00:00,54.27195702873073
2012-12-24 15:00:00,57.67915331943728
2012-12-24 16:00:00,84.44923257932548
2012-12-24 17:00:00,186.5108537690327
2012-12-24 18:00:00,155.95069617300783
2012-12-24 19:00:00,173.56014795237866
2012-12-24 20:00:00,103.28788191497111
2012-12-24 21:00:00,58.36839788761791
2012-12-24 22:00:00,39.959352939716226
2012-12-24 23:00:00,19.55458312154007
2012-12-25 00:00:00,13.20778809968598
2012-12-25 01:00:00,14.897156948935427
2012-12-25 02:00:00,11.097102885688434
2012-12-25 04:00:00,3.32305647656489
2012-12-25 05:00:00,3.8825210883925
2012-12-25 06:00:00,8.647735688851705
2012-12-25 07:00:00,22.614404735271247
2012-12-25 08:00:00,72.26822489200948
2012-12-25 09:00:00,92.29847918141732
2012-12-25 10:00:00,112.08355272967519
2012-12-25 11:00:00,123.62398075936748
2012-12-25 12:00:00,138.08174659578185
2012-12-25 13:00:00,178.34654689041415
2012-12-25 14:00:00,172.5660271873154
2012-12-25 15:00:00,165.04576346818786
2012-12-25 16:00:00,163.03821662332626
2012-12-25 17:00:00,142.58444588273997
2012-12-25 18:00:00,104.18432481440847
2012-12-25 19:00:00,93.42305966093743
2012-12-25 20:00:00,70.84744932764586
2012-12-25 21:00:00,59.18398579416951
2012-12-25 22:00:00,51.66302120654531
2012-12-25 23:00:00,29.23977232701353
2012-12-26 00:00:00,16.948347602330937
2012-12-26 01:00:00,5.722275311638689
2012-12-26 02:00:00,2.903266553095141
2012-12-26 03:00:00,2.0689951478893636
2012-12-26 04:00:00,1.3282608022261675
2012-12-26 05:00:00,8.946377302801588
2012-12-26 06:00:00,50.74838013362276
2012-12-26 07:00:00,49.70265514159219
2012-12-26 08:00:00,103.1274827870019
2012-12-26 09:00:00,55.50053134740431
2012-12-26 10:00:00,26.904316371931852
2012-12-26 11:00:00,21.34042212302724
2012-12-26 12:00:00,27.731105195353578
2012-12-26 13:00:00,25.878709313803256
2012-12-26 14:00:00,21.497807178331236
2012-12-26 15:00:00,40.24976395593653
2012-12-26 16:00:00,59.67397642223111
2012-12-26 17:00:00,84.3061521395831
2012-12-26 18:00:00,76.36047796965171
2012-12-26 19:00:00,95.98182275652005
2012-12-26 20:00:00,38.11052932197301
2012-12-26 21:00:00,57.01180100107895
2012-12-26 22:00:00,14.817037902144701
2012-12-26 23:00:00,21.096315092579502
2012-12-27 00:00:00,9.24618416651595
2012-12-27 01:00:00,3.287219194917972
2012-12-27 02:00:00,2.239815081313139
2012-12-27 03:00:00,2.476926416879699
2012-12-27 04:00:00,1.7742635461757892
2012-12-27 05:00:00,14.040504588269943
2012-12-27 06:00:00,55.67239362334448
2012-12-27 07:00:00,193.2044436674654
2012-12-27 08:00:00,300.5127601149438
2012-12-27 09:00:00,157.10959055396037
2012-12-27 10:00:00,101.3983225970835
2012-12-27 11:00:00,100.93267201505397
2012-12-27 12:00:00,115.40823661965999
2012-12-27 13:00:00,108.81265795928009
2012-12-27 14:00:00,89.71661197236251
2012-12-27 15:00:00,90.03491489369658
2012-12-27 16:00:00,139.60768693474358
2012-12-27 17:00:00,271.6777748491349
2012-12-27 18:00:00,197.5389835441324
2012-12-27 19:00:00,141.92593355365756
2012-12-27 20:00:00,133.0854064242694
2012-12-27 21:00:00,79.33149405562533
2012-12-27 22:00:00,53.58202277214726
2012-12-27 23:00:00,34.56689187825469
2012-12-28 00:00:00,23.858204238595626
2012-12-28 01:00:00,10.931607467583838
2012-12-28 02:00:00,5.792430213029963
2012-12-28 03:00:00,3.1987071878991866
2012-12-28 04:00:00,2.579458246467009
2012-12-28 05:00:00,12.916789949688992
2012-12-28 06:00:00,41.47620929567516
2012-12-28 07:00:00,147.4871350449324
2012-12-28 08:00:00,366.1993891192312
2012-12-28 09:00:00,156.48054790409861
2012-12-28 10:00:00,100.11862367385623
2012-12-28 11:00:00,100.5602886150437
2012-12-28 12:00:00,126.29817384705008
2012-12-28 13:00:00,122.66854861883678
2012-12-28 14:00:00,104.61358455737619
2012-12-28 15:00:00,105.08448976938558
2012-12-28 16:00:00,159.3274986505537
2012-12-28 17:00:00,221.54685817127958
2012-12-28 18:00:00,207.23855337567505
2012-12-28 19:00:00,115.73166554989903
2012-12-28 20:00:00,86.21190704879372
2012-12-28 21:00:00,75.4334853831402
2012-12-28 22:00:00,64.2012125760513
2012-12-28 23:00:00,39.07247879526179
2012-12-29 00:00:00,41.15952426435733
2012-12-29 01:00:00,37.55310135980626
2012-12-29 02:00:00,26.097304973134822
2012-12-29 03:00:00,11.000253773895054
2012-12-29 04:00:00,3.4437366159398373
2012-12-29 05:00:00,3.230418618866922
2012-12-29 06:00:00,8.41442285535977
2012-12-29 07:00:00,20.976020289164794
2012-12-29 08:00:00,68.07870058376672
2012-12-29 09:00:00,109.97500922622007
2012-12-29 10:00:00,125.88662084566137
2012-12-29 11:00:00,85.29484897942292
2012-12-29 12:00:00,69.55137328577835
2012-12-29 13:00:00,70.52294797322438
2012-12-29 14:00:00,195.0343725752325
2012-12-29 15:00:00,190.4793194339862
2012-12-29 16:00:00,204.0078643749604
2012-12-29 17:00:00,189.77342360728642
2012-12-29 18:00:00,127.13775797767434
2012-12-29 19:00:00,94.78220921597374
2012-12-29 20:00:00,65.04965350994634
2012-12-29 21:00:00,53.81726965162471
2012-12-29 22:00:00,44.609394289329394
2012-12-29 23:00:00,53.89830650297498
2012-12-30 00:00:00,46.85287273147013
2012-12-30 01:00:00,37.59402873806202
2012-12-30 02:00:00,30.085777343897416
2012-12-30 03:00:00,12.001641886408915
2012-12-30 04:00:00,3.612043778721245
2012-12-30 05:00:00,2.8057063289942485
2012-12-30 06:00:00,4.167432791774836
2012-12-30 07:00:00,13.811321479477696
2012-12-30 08:00:00,30.426160386552876
2012-12-30 09:00:00,65.18725069764186
2012-12-30 10:00:00,110.57530284464586
2012-12-30 11:00:00,144.0938876223554
2012-12-30 12:00:00,177.99822952382507
2012-12-30 13:00:00,181.2707217902506
2012-12-30 14:00:00,157.21082701827217
2012-12-30 15:00:00,156.0372485797091
2012-12-30 16:00:00,161.75267297975066
2012-12-30 17:00:00,145.67160829196752
2012-12-30 18:00:00,100.70302191872752
2012-12-30 19:00:00,98.92509922052493
2012-12-30 20:00:00,42.57805832159059
2012-12-30 21:00:00,34.690806643096394
2012-12-30 22:00:00,24.94881890733746
2012-12-30 23:00:00,18.592358336090467
2012-12-31 00:00:00,8.460387309069302
2012-12-31 01:00:00,3.5390306941923253
2012-12-31 02:00:00,2.399230638317215
2012-12-31 03:00:00,1.5175755302619118
2012-12-31 04:00:00,1.6317821732496929
2012-12-31 05:00:00,5.9713710494700125
2012-12-31 06:00:00,36.00297382489238
2012-12-31 07:00:00,111.66871788104538
2012-12-31 08:00:00,228.3402108329212
2012-12-31 09:00:00,129.86164480248686
2012-12-31 10:00:00,64.06847706334122
2012-12-31 11:00:00,67.7595121638304
2012-12-31 12:00:00,93.77365314854282
2012-12-31 13:00:00,106.19358086283643
2012-12-31 14:00:00,97.56063382889641
2012-12-31 15:00:00,94.04006973385255
2012-12-31 16:00:00,139.78901404826325
2012-12-31 17:00:00,231.77388228187138
2012-12-31 18:00:00,236.05030059757652
2012-12-31 19:00:00,192.01728928750302
2012-12-31 20:00:00,134.05749701966243
2012-12-31 21:00:00,93.45915042357618
2012-12-31 22:00:00,59.51530567719277
2012-12-31 23:00:00,29.615191643991793
