datetime,count
2011-01-20 00:00:00,15.174915678104751
2011-01-20 01:00:00,7.355949060089733
2011-01-20 02:00:00,3.862320203606568
2011-01-20 03:00:00,2.492867789559469
2011-01-20 04:00:00,2.275084114300809
2011-01-20 05:00:00,11.828182989910223
2011-01-20 06:00:00,56.76545314179363
2011-01-20 07:00:00,159.32856311823815
2011-01-20 08:00:00,279.2122856095394
2011-01-20 09:00:00,209.7510592252226
2011-01-20 10:00:00,90.28643155732088
2011-01-20 11:00:00,108.95405165130694
2011-01-20 12:00:00,118.1048140675289
2011-01-20 13:00:00,112.48401111583776
2011-01-20 14:00:00,104.92769573364359
2011-01-20 15:00:00,103.42635257463294
2011-01-20 16:00:00,153.99114514865644
2011-01-20 17:00:00,298.3111139480803
2011-01-20 18:00:00,244.588463997242
2011-01-20 19:00:00,151.86860822947256
2011-01-20 20:00:00,119.17163820880282
2011-01-20 21:00:00,94.18326898242996
2011-01-20 22:00:00,59.87181491451514
2011-01-20 23:00:00,34.851244979382486
2011-01-21 00:00:00,22.863524840615042
2011-01-21 01:00:00,9.655774126817615
2011-01-21 02:00:00,5.671783876211441
2011-01-21 03:00:00,2.171771921123689
2011-01-21 04:00:00,2.3797241413601236
2011-01-21 05:00:00,9.721891154982174
2011-01-21 06:00:00,48.406299406228
2011-01-21 07:00:00,97.86506866688418
2011-01-21 08:00:00,209.83492626064128
2011-01-21 09:00:00,125.72183664431695
2011-01-21 10:00:00,59.20145069447017
2011-01-21 11:00:00,74.37356309561567
2011-01-21 12:00:00,80.24070500427128
2011-01-21 13:00:00,64.79251485422193
2011-01-21 14:00:00,57.3268229146679
2011-01-21 15:00:00,57.85898135730558
2011-01-21 16:00:00,80.0895048202028
2011-01-21 17:00:00,118.08836130901692
2011-01-21 18:00:00,98.68636361376889
2011-01-21 19:00:00,68.40607582805235
2011-01-21 20:00:00,53.503981895519416
2011-01-21 21:00:00,39.91171059152125
2011-01-21 22:00:00,38.75817982747452
2011-01-21 23:00:00,26.466907379867287
2011-01-22 00:00:00,27.231274770868907
2011-01-22 01:00:00,20.81339973567753
2011-01-22 02:00:00,15.654431413733777
2011-01-22 03:00:00,7.114687748698944
2011-01-22 04:00:00,2.2580580465970783
2011-01-22 06:00:00,4.4566809304523725
2011-01-22 07:00:00,11.839694195156834
2011-01-22 08:00:00,35.479688287341894
2011-01-22 09:00:00,62.09703924493876
2011-01-22 10:00:00,93.59728429060445
2011-01-22 11:00:00,112.87071339467438
2011-01-22 12:00:00,130.80066964614093
2011-01-22 13:00:00,130.26030919912247
2011-01-22 14:00:00,115.81078749384028
2011-01-22 15:00:00,114.26020086401272
2011-01-22 16:00:00,105.8026756783578
2011-01-22 17:00:00,82.47791867455375
2011-01-22 18:00:00,80.06342960921876
2011-01-22 19:00:00,68.17452795301824
2011-01-22 20:00:00,57.12270725490745
2011-01-22 21:00:00,45.840684333145475
2011-01-22 22:00:00,37.51719305483586
2011-01-22 23:00:00,32.8005878252609
2011-01-23 00:00:00,35.01204041183154
2011-01-23 01:00:00,29.567960553317867
2011-01-23 02:00:00,18.057127812660084
2011-01-23 03:00:00,8.386518705803493
2011-01-23 05:00:00,2.032607900652878
2011-01-23 06:00:00,3.368021677815041
2011-01-23 07:00:00,8.964859890380087
2011-01-23 08:00:00,22.991419829475753
2011-01-23 09:00:00,42.94915553916366
2011-01-23 10:00:00,78.53109933052274
2011-01-23 11:00:00,105.3402132602559
2011-01-23 12:00:00,117.2135252691898
2011-01-23 13:00:00,115.6347992948334
2011-01-23 14:00:00,101.87655598872423
2011-01-23 15:00:00,103.05460081884111
2011-01-23 16:00:00,94.4291398672629
2011-01-23 17:00:00,84.46251475198868
2011-01-23 18:00:00,65.94877260649237
2011-01-23 19:00:00,50.89005634511171
2011-01-23 20:00:00,42.455060305217245
2011-01-23 21:00:00,33.324177233928886
2011-01-23 22:00:00,24.278661717324116
2011-01-23 23:00:00,16.703867115838435
2011-01-24 00:00:00,8.46058824044138
2011-01-24 01:00:00,3.5607419207564077
2011-01-24 03:00:00,1.2454864229444738
2011-01-24 04:00:00,1.871065163894677
2011-01-24 05:00:00,8.309892913817201
2011-01-24 06:00:00,47.404607720366045
2011-01-24 07:00:00,130.6074491581972
2011-01-24 08:00:00,239.08192106450906
2011-01-24 09:00:00,127.06309998158778
2011-01-24 10:00:00,54.36467601226349
2011-01-24 11:00:00,53.3986554111732
2011-01-24 12:00:00,61.96311684578556
2011-01-24 13:00:00,59.67341539577506
2011-01-24 14:00:00,48.44533668638296
2011-01-24 15:00:00,63.66092440958079
2011-01-24 16:00:00,74.35963221988055
2011-01-24 17:00:00,136.0636804332341
2011-01-24 18:00:00,145.69811388409468
2011-01-24 19:00:00,111.50053825120382
2011-01-24 20:00:00,74.89868037406451
2011-01-24 21:00:00,42.853049926649206
2011-01-24 22:00:00,25.09705925206544
2011-01-24 23:00:00,13.549407412411606
2011-01-25 00:00:00,7.374104846122976
2011-01-25 01:00:00,3.59592459088476
2011-01-25 02:00:00,1.812812656447413
2011-01-25 04:00:00,1.8290838702076126
2011-01-25 05:00:00,7.433242738872386
2011-01-25 06:00:00,48.29068311522858
2011-01-25 07:00:00,124.67149362015259
2011-01-25 08:00:00,241.56149594150855
2011-01-25 09:00:00,139.80680869776248
2011-01-25 10:00:00,64.71111607351597
2011-01-25 11:00:00,71.3636726309329
2011-01-25 12:00:00,82.66524561151651
2011-01-25 13:00:00,81.12551697389381
2011-01-25 14:00:00,94.57591425971859
2011-01-25 15:00:00,100.73416655647634
2011-01-25 16:00:00,150.64787741008325
2011-01-25 17:00:00,304.6667564813478
2011-01-25 18:00:00,263.57876804925513
2011-01-25 19:00:00,132.24346976501
2011-01-25 20:00:00,94.20556856167191
2011-01-25 21:00:00,70.72966834889552
2011-01-25 22:00:00,45.94339804565006
2011-01-25 23:00:00,23.54187748748131
2011-01-26 00:00:00,11.140648369336231
2011-01-26 01:00:00,5.460640040692512
2011-01-26 02:00:00,2.4927024342805244
2011-01-26 05:00:00,4.084440461727722
2011-01-26 06:00:00,19.792056342632726
2011-01-26 07:00:00,74.51014174181411
2011-01-26 08:00:00,154.80309900806412
2011-01-26 09:00:00,82.08681290300945
2011-01-26 10:00:00,20.396164739967492
2011-01-26 11:00:00,16.276661112897578
2011-01-26 12:00:00,18.105489544529615
2011-01-26 13:00:00,17.454767401374163
2011-01-26 14:00:00,15.340535666515281
2011-01-26 15:00:00,12.555081649139083
2011-01-26 16:00:00,23.949725681441894
2011-01-26 17:00:00,40.59122440080425
2011-01-27 16:00:00,102.0860057191464
2011-01-27 17:00:00,212.2034671373219
2011-01-27 18:00:00,193.42999667459097
2011-01-27 19:00:00,137.04619315003188
2011-01-27 20:00:00,100.87695238287684
2011-01-27 21:00:00,76.40226361214208
2011-01-27 22:00:00,59.81227824332567
2011-01-27 23:00:00,33.59725228148285
2011-01-28 00:00:00,16.808845641536173
2011-01-28 01:00:00,7.320107572295626
2011-01-28 02:00:00,4.093307635353219
2011-01-28 03:00:00,2.1715840121314818
2011-01-28 05:00:00,8.56560589855611
2011-01-28 06:00:00,38.83377617360423
2011-01-28 07:00:00,108.1050754365189
2011-01-28 08:00:00,248.51936544595932
2011-01-28 09:00:00,121.06774472441985
2011-01-28 10:00:00,48.249234820803494
2011-01-28 11:00:00,36.93319378393065
2011-01-28 12:00:00,41.39125377490231
2011-01-28 13:00:00,39.85139494481421
2011-01-28 14:00:00,51.10872228807404
2011-01-28 15:00:00,57.98878486407118
2011-01-28 16:00:00,94.22606020665602
2011-01-28 17:00:00,211.55432167951554
2011-01-28 18:00:00,179.59368735778807
2011-01-28 19:00:00,140.56565682089376
2011-01-28 20:00:00,95.70661059360461
2011-01-28 21:00:00,63.01905595175145
2011-01-28 22:00:00,61.944528359429874
2011-01-28 23:00:00,48.34777435678243
2011-01-29 00:00:00,28.822846329024845
2011-01-29 01:00:00,29.187705207942
2011-01-29 02:00:00,22.69485381957621
2011-01-29 03:00:00,9.495618092299278
2011-01-29 04:00:00,2.1907905314906095
2011-01-29 06:00:00,4.379056257247049
2011-01-29 07:00:00,14.175826306973939
2011-01-29 08:00:00,37.25957587694866
2011-01-29 09:00:00,70.81445931395578
2011-01-29 10:00:00,90.63384795169725
2011-01-29 11:00:00,99.69893105579843
2011-01-29 12:00:00,119.52846470474219
2011-01-29 13:00:00,157.61791495783066
2011-01-29 14:00:00,150.06942256276918
2011-01-29 15:00:00,136.19829556458245
2011-01-29 16:00:00,166.36862487099256
2011-01-29 17:00:00,114.81119984701873
2011-01-29 18:00:00,101.6903344408687
2011-01-29 19:00:00,76.08311832263509
2011-01-29 20:00:00,61.2440806737428
2011-01-29 21:00:00,51.638634242957735
2011-01-29 22:00:00,45.27039364544091
2011-01-29 23:00:00,39.779516703739944
2011-01-30 00:00:00,37.46883310996254
2011-01-30 01:00:00,33.55871202805508
2011-01-30 02:00:00,26.316331325506784
2011-01-30 03:00:00,9.905147252353759
2011-01-30 04:00:00,2.751524981508143
2011-01-30 05:00:00,2.531210334869999
2011-01-30 07:00:00,11.231605164750825
2011-01-30 08:00:00,33.96010690835576
2011-01-30 09:00:00,63.5637638981251
2011-01-30 10:00:00,96.08246102255305
2011-01-30 11:00:00,105.0750838856491
2011-01-30 12:00:00,211.73106825437065
2011-01-30 13:00:00,170.62184910984465
2011-01-30 14:00:00,176.57199674531117
2011-01-30 15:00:00,181.96007444331556
2011-01-30 16:00:00,166.2595790919371
2011-01-30 17:00:00,128.99399605394993
2011-01-30 18:00:00,100.61978066520183
2011-01-30 19:00:00,78.61347236662554
2011-01-30 20:00:00,63.61599640635678
2011-01-30 21:00:00,51.81442022961595
2011-01-30 22:00:00,38.893435662096714
2011-01-30 23:00:00,20.87694464504229
2011-01-31 00:00:00,11.071377625174222
2011-01-31 01:00:00,4.050172971327273
2011-01-31 02:00:00,2.6285496314871977
2011-01-31 03:00:00,1.65776929118488
2011-01-31 04:00:00,1.6178375406372394
2011-01-31 05:00:00,5.031000925364424
2011-01-31 06:00:00,28.243574884657903
2011-01-31 07:00:00,76.75868301808076
2011-01-31 08:00:00,195.25098296208142
2011-01-31 09:00:00,110.94980631087233
2011-01-31 10:00:00,52.00028369210021
2011-01-31 11:00:00,51.14924534199886
2011-01-31 12:00:00,68.47129973637799
2011-01-31 13:00:00,62.447265907804
2011-01-31 14:00:00,50.65448146993868
2011-01-31 15:00:00,53.48721915630605
2011-01-31 16:00:00,75.83822724316664
2011-01-31 17:00:00,152.4466723552004
2011-01-31 18:00:00,135.34793416052008
2011-01-31 19:00:00,182.76114391480624
2011-01-31 20:00:00,66.59718012281792
2011-01-31 21:00:00,45.48346619107916
2011-01-31 22:00:00,33.971922862330416
2011-01-31 23:00:00,17.758099533210842
2011-02-20 00:00:00,40.94729332572766
2011-02-20 01:00:00,33.1132841298697
2011-02-20 02:00:00,24.53051050947484
2011-02-20 03:00:00,10.598902768271046
2011-02-20 04:00:00,3.076884328761327
2011-02-20 06:00:00,3.6842600386633713
2011-02-20 07:00:00,10.289682548832296
2011-02-20 08:00:00,33.76246654133705
2011-02-20 09:00:00,55.578458740430136
2011-02-20 10:00:00,121.74505808908246
2011-02-20 11:00:00,169.09414388833574
2011-02-20 12:00:00,224.93418297667574
2011-02-20 13:00:00,230.56705264427302
2011-02-20 14:00:00,207.69243979982735
2011-02-20 15:00:00,217.0365601532947
2011-02-20 16:00:00,202.63353804907993
2011-02-20 17:00:00,189.28607099728546
2011-02-20 18:00:00,148.52691978762968
2011-02-20 19:00:00,114.10474573007686
2011-02-20 20:00:00,81.70151819344902
2011-02-20 21:00:00,54.60970233172475
2011-02-20 22:00:00,38.64159291904795
2011-02-20 23:00:00,28.756589065399908
2011-02-21 00:00:00,28.52621641021583
2011-02-21 01:00:00,15.714540029202295
2011-02-21 02:00:00,10.65440909085166
2011-02-21 03:00:00,4.921880857496014
2011-02-21 04:00:00,4.0910793740573075
2011-02-21 05:00:00,5.008502865664396
2011-02-21 06:00:00,11.253627706304709
2011-02-21 07:00:00,33.03248074593385
2011-02-21 08:00:00,76.81738360473751
2011-02-21 09:00:00,111.89717273142284
2011-02-21 10:00:00,140.571930546908
2011-02-21 11:00:00,160.27155237427274
2011-02-21 12:00:00,179.628315795469
2011-02-21 13:00:00,70.21937854626502
2011-02-21 14:00:00,104.91213909117445
2011-02-21 15:00:00,128.40893695178247
2011-02-21 16:00:00,84.81864688106856
2011-02-21 17:00:00,94.74505235416851
2011-02-21 18:00:00,90.84374176416358
2011-02-21 19:00:00,82.88762346334778
2011-02-21 20:00:00,51.317985608098176
2011-02-21 21:00:00,27.387870824384198
2011-02-21 22:00:00,18.483556896610395
2011-02-21 23:00:00,11.955138327503013
2011-02-22 06:00:00,25.142513592293785
2011-02-22 07:00:00,72.96165235844514
2011-02-22 08:00:00,153.76279156658237
2011-02-22 09:00:00,112.83059323457556
2011-02-22 10:00:00,49.157231244736494
2011-02-22 11:00:00,59.30001498479386
2011-02-22 12:00:00,64.94509895114297
2011-02-22 13:00:00,63.51293279071408
2011-02-22 14:00:00,53.4100451230905
2011-02-22 15:00:00,78.3014120335442
2011-02-22 16:00:00,89.10724592712205
2011-02-22 17:00:00,160.02917270153216
2011-02-22 18:00:00,174.53572673272257
2011-02-22 19:00:00,100.52120241994864
2011-02-22 20:00:00,75.08262276652097
2011-02-22 21:00:00,52.486355415362986
2011-02-22 22:00:00,51.043431624770186
2011-02-22 23:00:00,27.40333736479463
2011-02-23 00:00:00,9.300873082759445
2011-02-23 01:00:00,3.5167238045545006
2011-02-23 02:00:00,1.9452521008238195
2011-02-23 03:00:00,1.4100981153725725
2011-02-23 05:00:00,7.794200691002473
2011-02-23 06:00:00,42.35003389001163
2011-02-23 07:00:00,131.72220682311567
2011-02-23 08:00:00,276.9861077680545
2011-02-23 09:00:00,150.82658863952284
2011-02-23 10:00:00,61.310756842972495
2011-02-23 11:00:00,74.79677118041008
2011-02-23 12:00:00,89.34738559966046
2011-02-23 13:00:00,97.74307824997585
2011-02-23 14:00:00,85.33431801097211
2011-02-23 15:00:00,99.82971352175235
2011-02-23 16:00:00,137.69990005984917
2011-02-23 17:00:00,281.50778765751545
2011-02-23 18:00:00,240.41825912024225
2011-02-23 19:00:00,194.3805738708532
2011-02-23 20:00:00,118.72918260798389
2011-02-23 21:00:00,78.31728892169593
2011-02-23 22:00:00,58.48361778588204
2011-02-23 23:00:00,27.592215694953364
2011-02-24 00:00:00,15.016880899289076
2011-02-24 01:00:00,6.357260449819199
2011-02-24 02:00:00,3.4833957576339816
2011-02-24 03:00:00,2.11165877567493
2011-02-24 05:00:00,10.688120426066721
2011-02-24 06:00:00,50.882844156368385
2011-02-24 07:00:00,157.621329980249
2011-02-24 08:00:00,391.47421291046516
2011-02-24 09:00:00,146.31465765545954
2011-02-24 10:00:00,80.54752690268002
2011-02-24 11:00:00,85.26573262201052
2011-02-24 12:00:00,109.97991065531595
2011-02-24 13:00:00,110.85162025824174
2011-02-24 14:00:00,96.20659679086113
2011-02-24 15:00:00,81.18375348251045
2011-02-24 16:00:00,103.60167490666913
2011-02-24 17:00:00,236.38224970968088
2011-02-24 18:00:00,165.32671416325536
2011-02-24 19:00:00,71.74746644755955
2011-02-24 20:00:00,69.89180225436681
2011-02-24 21:00:00,70.89002943078277
2011-02-24 22:00:00,38.221064680663666
2011-02-24 23:00:00,26.763587945484275
2011-02-25 00:00:00,16.315105039402777
2011-02-25 01:00:00,7.022537276223841
2011-02-25 02:00:00,4.549170170019032
2011-02-25 03:00:00,2.6332080154385538
2011-02-25 05:00:00,11.210423774653593
2011-02-25 06:00:00,37.72610585196801
2011-02-25 07:00:00,92.20089854330722
2011-02-25 08:00:00,213.44407894546367
2011-02-25 09:00:00,68.89431977884117
2011-02-25 10:00:00,45.95639224675326
2011-02-25 11:00:00,179.75342296476936
2011-02-25 12:00:00,140.100470823059
2011-02-25 13:00:00,136.20198295194754
2011-02-25 14:00:00,124.95170765005318
2011-02-25 15:00:00,182.4502992049599
2011-02-25 16:00:00,137.38145482325447
2011-02-25 17:00:00,221.3081670635995
2011-02-25 18:00:00,200.8134180692031
2011-02-25 19:00:00,152.07084506098147
2011-02-25 20:00:00,103.57037506424078
2011-02-25 21:00:00,98.46533819009284
2011-02-25 22:00:00,79.11563666908934
2011-02-25 23:00:00,54.01953409450722
2011-02-26 00:00:00,41.67533650411996
2011-02-26 01:00:00,31.714769637671285
2011-02-26 02:00:00,19.5489903623102
2011-02-26 03:00:00,10.86845993699637
2011-02-26 04:00:00,2.853331551170265
2011-02-26 05:00:00,2.7606838369479174
2011-02-26 06:00:00,5.717041271071723
2011-02-26 07:00:00,14.757036938968906
2011-02-26 08:00:00,45.98758296896887
2011-02-26 09:00:00,88.62841682823328
2011-02-26 10:00:00,153.5984752512105
2011-02-26 11:00:00,214.30542740814582
2011-02-26 12:00:00,228.2523236263557
2011-02-26 13:00:00,211.17484566932558
2011-02-26 14:00:00,182.33551335562595
2011-02-26 15:00:00,193.73550041591326
2011-02-26 16:00:00,189.47567735057146
2011-02-26 17:00:00,181.2551324734297
2011-02-26 18:00:00,160.06229220795458
2011-02-26 19:00:00,102.72457186746469
2011-02-26 20:00:00,92.48075058594642
2011-02-26 21:00:00,55.939094119168075
2011-02-26 22:00:00,42.29377819335164
2011-02-26 23:00:00,32.60185603630836
2011-02-27 00:00:00,36.299999967851406
2011-02-27 01:00:00,49.403387600681285
2011-02-27 02:00:00,35.21987045508602
2011-02-27 03:00:00,14.811901041568333
2011-02-27 04:00:00,5.0946399450886926
2011-02-27 06:00:00,5.163474649698678
2011-02-27 07:00:00,16.55185127921689
2011-02-27 08:00:00,53.80228118550389
2011-02-27 09:00:00,90.29723020695324
2011-02-27 10:00:00,137.70793446121226
2011-02-27 11:00:00,197.13282550693944
2011-02-27 12:00:00,272.0700793701428
2011-02-27 13:00:00,276.6706961160721
2011-02-27 14:00:00,265.32620302721557
2011-02-27 15:00:00,300.3723658772018
2011-02-27 16:00:00,345.38534325747133
2011-02-27 17:00:00,230.44344875113438
2011-02-27 18:00:00,171.66923887854966
2011-02-27 19:00:00,142.0959519264302
2011-02-27 20:00:00,106.11104132792751
2011-02-27 21:00:00,71.1659268224727
2011-02-27 22:00:00,45.083988289996675
2011-02-27 23:00:00,31.292707951443983
2011-02-28 00:00:00,15.191418855997858
2011-02-28 01:00:00,4.459822093601332
2011-02-28 03:00:00,1.531937335210845
2011-02-28 05:00:00,9.544005170283903
2011-02-28 06:00:00,59.47217777577346
2011-02-28 07:00:00,151.0519108370332
2011-02-28 08:00:00,155.3200946397542
2011-02-28 09:00:00,197.9380280079222
2011-02-28 10:00:00,114.76474904208756
2011-02-28 11:00:00,136.4382865781035
2011-02-28 12:00:00,170.0722765724939
2011-02-28 13:00:00,57.14367084213236
2011-02-28 14:00:00,29.15391620762122
2011-02-28 15:00:00,30.624552785347728
2011-02-28 16:00:00,60.57556352852763
2011-02-28 17:00:00,87.2189959575124
2011-02-28 18:00:00,169.3451428747723
2011-02-28 19:00:00,93.62498841657734
2011-02-28 20:00:00,62.78021270730942
2011-02-28 21:00:00,67.65614286251461
2011-02-28 22:00:00,20.839049357794405
2011-02-28 23:00:00,17.871117320521176
2011-03-20 00:00:00,59.168787085357934
2011-03-20 01:00:00,47.66227927508731
2011-03-20 02:00:00,30.878011259570727
2011-03-20 03:00:00,15.774185328961881
2011-03-20 04:00:00,3.328073906837634
2011-03-20 05:00:00,2.6515803083605256
2011-03-20 06:00:00,4.289678788472782
2011-03-20 07:00:00,12.217661985184842
2011-03-20 08:00:00,46.73212958634682
2011-03-20 09:00:00,97.14958848413721
2011-03-20 10:00:00,143.32548834697326
2011-03-20 11:00:00,213.515786883448
2011-03-20 12:00:00,258.63913504752674
2011-03-20 13:00:00,261.3695430101924
2011-03-20 14:00:00,211.34855492442134
2011-03-20 15:00:00,254.65419267231584
2011-03-20 16:00:00,254.64195248507573
2011-03-20 17:00:00,197.54811203462103
2011-03-20 18:00:00,154.10784312147874
2011-03-20 19:00:00,115.62027148318441
2011-03-20 20:00:00,82.29156318595254
2011-03-20 21:00:00,50.56043571814456
2011-03-20 22:00:00,39.8881546633603
2011-03-20 23:00:00,21.67129319718344
2011-03-21 00:00:00,12.382610901328077
2011-03-21 01:00:00,6.180556288733683
2011-03-21 02:00:00,3.391749332186318
2011-03-21 03:00:00,2.0256432167481147
2011-03-21 05:00:00,9.183384920967592
2011-03-21 06:00:00,40.17962104049947
2011-03-21 07:00:00,100.5803747327361
2011-03-21 08:00:00,216.66186279054253
2011-03-21 09:00:00,100.82118891937452
2011-03-21 10:00:00,67.44916415447115
2011-03-21 11:00:00,92.17176005394741
2011-03-21 12:00:00,122.326377983985
2011-03-21 13:00:00,155.07603765451006
2011-03-21 14:00:00,170.83117385463137
2011-03-21 15:00:00,187.1351672383479
2011-03-21 16:00:00,252.38466809746365
2011-03-21 17:00:00,521.5788890101925
2011-03-21 18:00:00,391.86696547711557
2011-03-21 19:00:00,391.94247538107703
2011-03-21 20:00:00,277.51274133867474
2011-03-21 21:00:00,114.13279565886708
2011-03-21 22:00:00,90.59898860263647
2011-03-21 23:00:00,59.15377848973228
2011-03-22 00:00:00,22.94233283292736
2011-03-22 01:00:00,5.282161571863977
2011-03-22 02:00:00,4.928423142894161
2011-03-22 03:00:00,3.2555887137157713
2011-03-22 04:00:00,3.644499147030099
2011-03-22 05:00:00,13.600764533267084
2011-03-22 06:00:00,77.97536246035806
2011-03-22 07:00:00,221.30618440034846
2011-03-22 08:00:00,324.92532770859253
2011-03-22 09:00:00,155.44426480020772
2011-03-22 10:00:00,95.39270357211082
2011-03-22 11:00:00,115.04143959928027
2011-03-22 12:00:00,185.09385369170317
2011-03-22 13:00:00,218.4979774814184
2011-03-22 14:00:00,181.80045972802583
2011-03-22 15:00:00,198.7135955715861
2011-03-22 16:00:00,318.34565980720936
2011-03-22 17:00:00,633.2227187877187
2011-03-22 18:00:00,613.4108795303473
2011-03-22 19:00:00,245.19114317379604
2011-03-22 20:00:00,154.10637942301184
2011-03-22 21:00:00,111.47518677474666
2011-03-22 22:00:00,78.13747080153382
2011-03-22 23:00:00,42.10536999037613
2011-03-23 00:00:00,17.57649765821954
2011-03-23 01:00:00,7.328073823810838
2011-03-23 02:00:00,4.033634181234954
2011-03-23 03:00:00,3.026323296362527
2011-03-23 05:00:00,9.597124141431253
2011-03-23 06:00:00,56.42458697300477
2011-03-23 07:00:00,101.01077168658209
2011-03-23 08:00:00,325.6278151492076
2011-03-23 09:00:00,133.39921112460414
2011-03-23 10:00:00,60.33209967955168
2011-03-23 11:00:00,68.64763964977543
2011-03-23 12:00:00,60.41816042091628
2011-03-23 13:00:00,46.51640413287777
2011-03-23 14:00:00,71.22128317794126
2011-03-23 15:00:00,94.67919101954527
2011-03-23 16:00:00,148.03651546344972
2011-03-23 17:00:00,297.5935535086915
2011-03-23 18:00:00,166.6263285753488
2011-03-23 19:00:00,133.45135779408133
2011-03-23 20:00:00,31.790773288013607
2011-03-23 21:00:00,17.998034292782418
2011-03-23 22:00:00,40.06409289425427
2011-03-23 23:00:00,21.9130208534815
2011-03-24 00:00:00,13.289593475231332
2011-03-24 01:00:00,4.869482133457083
2011-03-24 02:00:00,3.1344897762323076
2011-03-24 03:00:00,2.111403383452785
2011-03-24 04:00:00,2.0509642195215156
2011-03-24 05:00:00,9.817194782984272
2011-03-24 06:00:00,52.518231984184105
2011-03-24 07:00:00,78.09933134381401
2011-03-24 08:00:00,147.72722242118948
2011-03-24 09:00:00,124.71643785638024
2011-03-24 10:00:00,44.42700721623651
2011-03-24 11:00:00,52.54058295794785
2011-03-24 12:00:00,91.03933510242118
2011-03-24 13:00:00,90.65938167310433
2011-03-24 14:00:00,84.25301559287617
2011-03-24 15:00:00,77.14706215871294
2011-03-24 16:00:00,117.85005776752155
2011-03-24 17:00:00,231.3063151313296
2011-03-24 18:00:00,224.4308560341108
2011-03-24 19:00:00,172.34769514477898
2011-03-24 20:00:00,122.26076006510891
2011-03-24 21:00:00,87.01107434182798
2011-03-24 22:00:00,74.05120169083537
2011-03-24 23:00:00,43.2635112506194
2011-03-25 00:00:00,27.991735938827524
2011-03-25 01:00:00,8.757739310771324
2011-03-25 02:00:00,4.5966020552281766
2011-03-25 03:00:00,2.618184206280679
2011-03-25 04:00:00,2.262476718953289
2011-03-25 05:00:00,9.111188523231617
2011-03-25 06:00:00,38.497564736921575
2011-03-25 07:00:00,122.76318473769365
2011-03-25 08:00:00,343.1281793748769
2011-03-25 09:00:00,234.39699553557543
2011-03-25 10:00:00,100.1830769870695
2011-03-25 11:00:00,126.08434488809334
2011-03-25 12:00:00,160.91819960934862
2011-03-25 13:00:00,158.99420253919092
2011-03-25 14:00:00,168.71466281825647
2011-03-25 15:00:00,136.35346541186328
2011-03-25 16:00:00,182.59490082276687
2011-03-25 17:00:00,285.5622464954831
2011-03-25 18:00:00,271.99790423089513
2011-03-25 19:00:00,174.0162807276022
2011-03-25 20:00:00,127.2112047304631
2011-03-25 21:00:00,100.61322287705858
2011-03-25 22:00:00,92.12164697883813
2011-03-25 23:00:00,59.59644256658726
2011-03-26 00:00:00,43.91301326928374
2011-03-26 01:00:00,37.01771106987681
2011-03-26 02:00:00,24.973759951535314
2011-03-26 03:00:00,10.055084096033417
2011-03-26 04:00:00,3.6541986503423804
2011-03-26 05:00:00,2.9867577524161266
2011-03-26 06:00:00,6.865919065780773
2011-03-26 07:00:00,17.259388227540583
2011-03-26 08:00:00,59.16864182381246
2011-03-26 09:00:00,102.86016509344879
2011-03-26 10:00:00,154.97300217849596
2011-03-26 11:00:00,218.96045716326674
2011-03-26 12:00:00,243.98279173565578
2011-03-26 13:00:00,255.2435725005531
2011-03-26 14:00:00,248.26443050278127
2011-03-26 15:00:00,286.9886666296417
2011-03-26 16:00:00,282.1210866429962
2011-03-26 17:00:00,198.70531744201776
2011-03-26 18:00:00,172.03233558582514
2011-03-26 19:00:00,115.9039956983672
2011-03-26 20:00:00,91.45758227249615
2011-03-26 21:00:00,79.09597099568725
2011-03-26 22:00:00,68.54076767616758
2011-03-26 23:00:00,51.69699487128217
2011-03-27 00:00:00,59.16816399934296
2011-03-27 01:00:00,39.40340201484486
2011-03-27 02:00:00,22.912725245101875
2011-03-27 03:00:00,8.527519793822515
2011-03-27 04:00:00,2.9032203703820785
2011-03-27 06:00:00,3.5672017035076187
2011-03-27 07:00:00,9.513376036933993
2011-03-27 08:00:00,27.614453745954744
2011-03-27 09:00:00,54.225752718723164
2011-03-27 10:00:00,83.45696267555532
2011-03-27 11:00:00,158.03313241475394
2011-03-27 12:00:00,210.786993477823
2011-03-27 13:00:00,206.5294020014154
2011-03-27 14:00:00,227.21435390038687
2011-03-27 15:00:00,214.93511059967253
2011-03-27 16:00:00,229.9617385086187
2011-03-27 17:00:00,191.80845848106478
2011-03-27 18:00:00,138.5594959579652
2011-03-27 19:00:00,106.53454884632463
2011-03-27 20:00:00,87.3596557435307
2011-03-27 21:00:00,59.88199121810242
2011-03-27 22:00:00,47.3342184278481
2011-03-27 23:00:00,32.73294707779171
2011-03-28 00:00:00,13.038517926894347
2011-03-28 01:00:00,5.905109795253606
2011-03-28 02:00:00,3.8846548451306084
2011-03-28 03:00:00,2.3406159523380095
2011-03-28 05:00:00,9.445224143076821
2011-03-28 06:00:00,42.57155361743801
2011-03-28 07:00:00,127.96129783363395
2011-03-28 08:00:00,274.1616440124116
2011-03-28 09:00:00,141.4910871115193
2011-03-28 10:00:00,82.5833198411942
2011-03-28 11:00:00,76.89901793762645
2011-03-28 12:00:00,101.73823276400371
2011-03-28 13:00:00,103.23151734577465
2011-03-28 14:00:00,100.36541888052624
2011-03-28 15:00:00,103.19637712889796
2011-03-28 16:00:00,162.23671751565644
2011-03-28 17:00:00,309.54575358197206
2011-03-28 18:00:00,264.48529505188276
2011-03-28 19:00:00,217.7340560761292
2011-03-28 20:00:00,158.70482053538157
2011-03-28 21:00:00,110.57782618435351
2011-03-28 22:00:00,63.7658638398468
2011-03-28 23:00:00,33.62109648616446
2011-03-29 00:00:00,11.748062425921505
2011-03-29 01:00:00,4.469923422193044
2011-03-29 02:00:00,2.6924278604857776
2011-03-29 03:00:00,1.6205181832326272
2011-03-29 04:00:00,2.419862637473032
2011-03-29 05:00:00,10.839247990930659
2011-03-29 06:00:00,58.10271829843374
2011-03-29 07:00:00,149.97028537397773
2011-03-29 08:00:00,352.95414279448886
2011-03-29 09:00:00,200.28615376364309
2011-03-29 10:00:00,92.50770757830121
2011-03-29 11:00:00,92.58570815910036
2011-03-29 12:00:00,143.8682150193279
2011-03-29 13:00:00,130.14342845400085
2011-03-29 14:00:00,121.81188258751804
2011-03-29 15:00:00,147.7772042167952
2011-03-29 16:00:00,224.86235600591527
2011-03-29 17:00:00,474.61160692194437
2011-03-29 18:00:00,386.7277233646632
2011-03-29 19:00:00,250.84009327063688
2011-03-29 20:00:00,194.80831607397147
2011-03-29 21:00:00,127.7984184199603
2011-03-29 22:00:00,82.90171914108122
2011-03-29 23:00:00,35.42256060129145
2011-03-30 00:00:00,19.045635586206384
2011-03-30 01:00:00,8.833651982907151
2011-03-30 02:00:00,4.148052695058998
2011-03-30 03:00:00,2.890264093442625
2011-03-30 04:00:00,2.868928008604567
2011-03-30 05:00:00,19.437922399813914
2011-03-30 06:00:00,87.01200846578891
2011-03-30 07:00:00,252.10110667880593
2011-03-30 08:00:00,393.10925036571854
2011-03-30 09:00:00,206.37810283386366
2011-03-30 10:00:00,110.10933980475629
2011-03-30 11:00:00,110.60013630902588
2011-03-30 12:00:00,133.07950976465818
2011-03-30 13:00:00,136.73270478938065
2011-03-30 14:00:00,105.82009789338711
2011-03-30 15:00:00,34.95771506028475
2011-03-30 16:00:00,44.49202733998492
2011-03-30 17:00:00,92.44663715903195
2011-03-30 18:00:00,113.80472940218108
2011-03-30 19:00:00,90.50385551476238
2011-03-30 20:00:00,36.029799643352426
2011-03-30 21:00:00,45.9021204989129
2011-03-30 22:00:00,23.352593241951265
2011-03-30 23:00:00,12.250237570705519
2011-03-31 00:00:00,11.673019195879386
2011-03-31 01:00:00,5.3457294609069725
2011-03-31 02:00:00,3.4699961433598334
2011-03-31 03:00:00,1.9836028227788147
2011-03-31 04:00:00,1.8459010262366984
2011-03-31 05:00:00,7.512843664294234
2011-03-31 06:00:00,29.46221117105474
2011-03-31 07:00:00,95.05169416462016
2011-03-31 08:00:00,224.54701388769578
2011-03-31 09:00:00,96.68205852894839
2011-03-31 10:00:00,35.42350697343865
2011-03-31 11:00:00,37.664233936342356
2011-03-31 12:00:00,43.77475958780114
2011-03-31 13:00:00,56.63255324266477
2011-03-31 14:00:00,49.01921016457443
2011-03-31 15:00:00,32.64444941151415
2011-03-31 16:00:00,68.87800244148704
2011-03-31 17:00:00,135.37332490502595
2011-03-31 18:00:00,200.16894299556176
2011-03-31 19:00:00,157.37870117973694
2011-03-31 20:00:00,43.06326115598267
2011-03-31 21:00:00,67.88681048418346
2011-03-31 22:00:00,27.592716848005523
2011-03-31 23:00:00,23.24812459053289
2011-04-20 00:00:00,25.32923002140684
2011-04-20 01:00:00,7.450283037678005
2011-04-20 02:00:00,4.414725105795082
2011-04-20 03:00:00,2.9630947343888
2011-04-20 04:00:00,2.056324141044258
2011-04-20 05:00:00,13.378758468331581
2011-04-20 06:00:00,77.71677944290087
2011-04-20 07:00:00,209.7492758323987
2011-04-20 08:00:00,558.7362840790692
2011-04-20 09:00:00,302.66962438449417
2011-04-20 10:00:00,158.02432051019835
2011-04-20 11:00:00,178.35053467247783
2011-04-20 12:00:00,225.5336034046148
2011-04-20 13:00:00,224.79774302495096
2011-04-20 14:00:00,215.47424810839993
2011-04-20 15:00:00,243.78320551526204
2011-04-20 16:00:00,371.43332744833526
2011-04-20 17:00:00,822.4969561974711
2011-04-20 18:00:00,628.5189051863745
2011-04-20 19:00:00,485.987139145276
2011-04-20 20:00:00,379.56348602768776
2011-04-20 21:00:00,295.0721212674894
2011-04-20 22:00:00,222.50029470804236
2011-04-20 23:00:00,122.87083337512925
2011-04-21 00:00:00,45.38113833700889
2011-04-21 01:00:00,17.53565267624217
2011-04-21 02:00:00,9.641426586404036
2011-04-21 03:00:00,3.5985061628674484
2011-04-21 04:00:00,3.599566121234513
2011-04-21 05:00:00,18.1367450106773
2011-04-21 06:00:00,76.31072307524506
2011-04-21 07:00:00,266.7065720697012
2011-04-21 08:00:00,359.5719996254577
2011-04-21 09:00:00,221.31672929202293
2011-04-21 10:00:00,145.64287462233392
2011-04-21 11:00:00,164.20481739916804
2011-04-21 12:00:00,230.8393125152865
2011-04-21 13:00:00,219.04673987717885
2011-04-21 14:00:00,187.3074788919667
2011-04-21 15:00:00,186.34610632834335
2011-04-21 16:00:00,264.5996190214363
2011-04-21 17:00:00,609.407768519756
2011-04-21 18:00:00,516.8136954255983
2011-04-21 19:00:00,351.01049200331795
2011-04-21 20:00:00,271.4565784381092
2011-04-21 21:00:00,200.85639716406166
2011-04-21 22:00:00,163.67874609775873
2011-04-21 23:00:00,87.28118901284594
2011-04-22 00:00:00,45.96634002263867
2011-04-22 01:00:00,19.706135928446173
2011-04-22 02:00:00,10.165086599126424
2011-04-22 03:00:00,4.812849772170079
2011-04-22 04:00:00,3.638705977271052
2011-04-22 05:00:00,19.396652432745295
2011-04-22 06:00:00,84.81977598006229
2011-04-22 07:00:00,189.60303176122522
2011-04-22 08:00:00,380.0038476933285
2011-04-22 09:00:00,132.88037268700248
2011-04-22 10:00:00,116.44159835493993
2011-04-22 11:00:00,78.73860925214625
2011-04-22 12:00:00,91.78811819498799
2011-04-22 13:00:00,61.55440265705725
2011-04-22 14:00:00,38.45352050846647
2011-04-22 15:00:00,56.09626542936504
2011-04-22 16:00:00,84.36377955596356
2011-04-22 17:00:00,76.08105715412763
2011-04-22 18:00:00,77.75392035705963
2011-04-22 19:00:00,59.519119409375584
2011-04-22 20:00:00,48.57926523048258
2011-04-22 21:00:00,41.17519786734748
2011-04-22 22:00:00,34.29198929695857
2011-04-22 23:00:00,33.19206240313487
2011-04-23 00:00:00,30.756433037306024
2011-04-23 01:00:00,28.438689003019817
2011-04-23 02:00:00,26.51807794331769
2011-04-23 03:00:00,12.361648711331437
2011-04-23 04:00:00,4.063530118657335
2011-04-23 05:00:00,4.3348147908021275
2011-04-23 06:00:00,11.789153183401439
2011-04-23 07:00:00,20.145105821795713
2011-04-23 08:00:00,40.83245940345604
2011-04-23 09:00:00,52.25155386092139
2011-04-23 10:00:00,121.20746400336347
2011-04-23 11:00:00,150.61979176743583
2011-04-23 12:00:00,294.4656025156637
2011-04-23 13:00:00,301.33659781020845
2011-04-23 14:00:00,424.4975539660208
2011-04-23 15:00:00,453.03328465416513
2011-04-23 16:00:00,482.3097526430156
2011-04-23 17:00:00,412.5244304438826
2011-04-23 18:00:00,373.99419924925854
2011-04-23 19:00:00,256.71955639802775
2011-04-23 20:00:00,150.94970077989254
2011-04-23 21:00:00,145.4325793750508
2011-04-23 22:00:00,148.2988151522471
2011-04-23 23:00:00,122.05973822314698
2011-04-24 00:00:00,101.85346848264436
2011-04-24 01:00:00,83.90414511133359
2011-04-24 02:00:00,62.829755788316916
2011-04-24 03:00:00,27.662530262951908
2011-04-24 04:00:00,8.563877250963145
2011-04-24 05:00:00,8.991998674987661
2011-04-24 06:00:00,10.76020749906273
2011-04-24 07:00:00,27.548088255721318
2011-04-24 08:00:00,79.09632620438666
2011-04-24 09:00:00,156.72319768696784
2011-04-24 10:00:00,300.1668714612109
2011-04-24 11:00:00,414.58224754329683
2011-04-24 12:00:00,494.74857166385533
2011-04-24 13:00:00,464.64205125280506
2011-04-24 14:00:00,479.8172699197548
2011-04-24 15:00:00,510.32140318505725
2011-04-24 16:00:00,449.5873410253327
2011-04-24 17:00:00,453.5273754815883
2011-04-24 18:00:00,366.8885711690947
2011-04-24 19:00:00,138.15267882022755
2011-04-24 20:00:00,101.18436407372826
2011-04-24 21:00:00,71.20784403476087
2011-04-24 22:00:00,41.38674418053517
2011-04-24 23:00:00,34.64221195408598
2011-04-25 00:00:00,14.905327250079983
2011-04-25 01:00:00,9.25873736004307
2011-04-25 02:00:00,6.121855177138195
2011-04-25 03:00:00,3.0854680844997606
2011-04-25 04:00:00,3.847158618330641
2011-04-25 05:00:00,13.968703627842434
2011-04-25 06:00:00,67.58702839296821
2011-04-25 07:00:00,206.01219023990834
2011-04-25 08:00:00,512.6384990926388
2011-04-25 09:00:00,282.6038704892324
2011-04-25 10:00:00,140.98432804257234
2011-04-25 11:00:00,166.93169578473928
2011-04-25 12:00:00,188.50480210289786
2011-04-25 13:00:00,189.3839947727228
2011-04-25 14:00:00,186.48139052234325
2011-04-25 15:00:00,183.846240348113
2011-04-25 16:00:00,291.34472756681674
2011-04-25 17:00:00,580.3534701003832
2011-04-25 18:00:00,548.505648353027
2011-04-25 19:00:00,396.9994588680186
2011-04-25 20:00:00,286.43653421912603
2011-04-25 21:00:00,192.49868643423213
2011-04-25 22:00:00,131.5945819278223
2011-04-25 23:00:00,70.29734349181251
2011-04-26 00:00:00,31.8872323435929
2011-04-26 01:00:00,13.141521195906993
2011-04-26 02:00:00,6.516857522565849
2011-04-26 03:00:00,3.5074130902168723
2011-04-26 04:00:00,5.807463113503037
2011-04-26 05:00:00,25.11853067318833
2011-04-26 06:00:00,118.24567264844418
2011-04-26 07:00:00,325.2028579261982
2011-04-26 08:00:00,552.3237131335695
2011-04-26 09:00:00,274.6089973939702
2011-04-26 10:00:00,153.61329047444616
2011-04-26 11:00:00,183.85251442266215
2011-04-26 12:00:00,224.1146327427739
2011-04-26 13:00:00,192.07200213903872
2011-04-26 14:00:00,187.72736515691963
2011-04-26 15:00:00,211.8840325168806
2011-04-26 16:00:00,334.86671047533434
2011-04-26 17:00:00,663.7190822015061
2011-04-26 18:00:00,589.8372841937777
2011-04-26 19:00:00,427.5770257607982
2011-04-26 20:00:00,308.34505988249447
2011-04-26 21:00:00,218.17293184842376
2011-04-26 22:00:00,128.8729356471829
2011-04-26 23:00:00,74.23856968047963
2011-04-27 00:00:00,38.778121993457496
2011-04-27 01:00:00,15.893953772354799
2011-04-27 02:00:00,6.083171271501052
2011-04-27 03:00:00,3.81511274867074
2011-04-27 04:00:00,3.7904424325259005
2011-04-27 05:00:00,19.36164478562648
2011-04-27 06:00:00,86.47725591657688
2011-04-27 07:00:00,273.3889152609394
2011-04-27 08:00:00,438.64921093132403
2011-04-27 09:00:00,198.8828993977024
2011-04-27 10:00:00,151.55587699773952
2011-04-27 11:00:00,175.05125563466865
2011-04-27 12:00:00,196.9655679614705
2011-04-27 13:00:00,177.62439593560083
2011-04-27 14:00:00,197.0015503051354
2011-04-27 15:00:00,206.6867355964447
2011-04-27 16:00:00,300.74099629728624
2011-04-27 17:00:00,320.84558223060515
2011-04-27 18:00:00,332.72234744432546
2011-04-27 19:00:00,416.0368841899837
2011-04-27 20:00:00,268.4024406779047
2011-04-27 21:00:00,178.57341508940323
2011-04-27 22:00:00,117.26627645275225
2011-04-27 23:00:00,68.53442562073775
2011-04-28 00:00:00,46.499278611958516
2011-04-28 01:00:00,15.188461501059885
2011-04-28 02:00:00,7.5555012868894496
2011-04-28 03:00:00,4.999197119081972
2011-04-28 04:00:00,5.001262205323996
2011-04-28 05:00:00,26.390609304880144
2011-04-28 06:00:00,115.39789650067752
2011-04-28 07:00:00,309.42857876322057
2011-04-28 08:00:00,530.0539532477031
2011-04-28 09:00:00,137.43568545699293
2011-04-28 10:00:00,107.58895451629655
2011-04-28 11:00:00,120.56930033293358
2011-04-28 12:00:00,176.59229831303142
2011-04-28 13:00:00,135.5074867062972
2011-04-28 14:00:00,150.12500506866488
2011-04-28 15:00:00,216.7351448975685
2011-04-28 16:00:00,285.00680865971924
2011-04-28 17:00:00,688.8898484664168
2011-04-28 18:00:00,624.0764656101425
2011-04-28 19:00:00,466.6411315486762
2011-04-28 20:00:00,330.9033906717725
2011-04-28 21:00:00,255.8819048521165
2011-04-28 22:00:00,197.22345817833198
2011-04-28 23:00:00,130.44720382100274
2011-04-29 00:00:00,76.59430147245543
2011-04-29 01:00:00,36.27288363373689
2011-04-29 02:00:00,16.26508135786259
2011-04-29 03:00:00,8.034020862493438
2011-04-29 04:00:00,6.396112530444921
2011-04-29 05:00:00,32.74262988307838
2011-04-29 06:00:00,141.08199052023895
2011-04-29 07:00:00,377.86449480042415
2011-04-29 08:00:00,647.0550286613417
2011-04-29 09:00:00,320.8225312181963
2011-04-29 10:00:00,209.3987470149461
2011-04-29 11:00:00,253.3117499634441
2011-04-29 12:00:00,292.08478071291444
2011-04-29 13:00:00,285.30753639210366
2011-04-29 14:00:00,281.23199554222873
2011-04-29 15:00:00,227.1234136546192
2011-04-29 16:00:00,312.12327680707216
2011-04-29 17:00:00,495.56761527564805
2011-04-29 18:00:00,487.6570584267827
2011-04-29 19:00:00,277.76324589403026
2011-04-29 20:00:00,273.7646072497803
2011-04-29 21:00:00,174.87061154862457
2011-04-29 22:00:00,151.37014257399827
2011-04-29 23:00:00,100.31204114414288
2011-04-30 00:00:00,56.73388679438563
2011-04-30 01:00:00,53.88084635624902
2011-04-30 02:00:00,35.318419112794636
2011-04-30 03:00:00,18.151367186136472
2011-04-30 04:00:00,5.264456834094086
2011-04-30 05:00:00,7.062691756010966
2011-04-30 06:00:00,16.137354126198748
2011-04-30 07:00:00,42.94501102295856
2011-04-30 08:00:00,87.7201468979991
2011-04-30 09:00:00,140.63235135207086
2011-04-30 10:00:00,329.13793878279466
2011-04-30 11:00:00,388.8974560576781
2011-04-30 12:00:00,516.1517711860489
2011-04-30 13:00:00,617.5555596734963
2011-04-30 14:00:00,625.3060667739112
2011-04-30 15:00:00,636.4525768867666
2011-04-30 16:00:00,588.0444735904039
2011-04-30 17:00:00,514.4882032405786
2011-04-30 18:00:00,437.07146452027564
2011-04-30 19:00:00,357.2488731739706
2011-04-30 20:00:00,154.8934499734686
2011-04-30 21:00:00,131.72773250830213
2011-04-30 22:00:00,114.26652283176936
2011-04-30 23:00:00,96.07030409557375
2011-05-20 00:00:00,44.1108213139485
2011-05-20 01:00:00,15.574851866718339
2011-05-20 02:00:00,10.119614940520544
2011-05-20 03:00:00,4.585497878112376
2011-05-20 04:00:00,5.152441343909166
2011-05-20 05:00:00,25.58259588236511
2011-05-20 06:00:00,127.6372868951155
2011-05-20 07:00:00,394.92202728439923
2011-05-20 08:00:00,629.7993004603644
2011-05-20 09:00:00,321.8358707170724
2011-05-20 10:00:00,189.25759678059956
2011-05-20 11:00:00,177.35435616841517
2011-05-20 12:00:00,258.94992879269034
2011-05-20 13:00:00,179.80373201571857
2011-05-20 14:00:00,276.9897348378739
2011-05-20 15:00:00,243.74763216280317
2011-05-20 16:00:00,361.9297201005363
2011-05-20 17:00:00,633.3354981248386
2011-05-20 18:00:00,555.8031957192441
2011-05-20 19:00:00,367.88065550437244
2011-05-20 20:00:00,258.5208045771947
2011-05-20 21:00:00,207.5340314604786
2011-05-20 22:00:00,191.54613906112692
2011-05-20 23:00:00,146.66056288949926
2011-05-21 00:00:00,144.70912195188998
2011-05-21 01:00:00,100.61594990312938
2011-05-21 02:00:00,79.37152784975576
2011-05-21 03:00:00,31.591494518229887
2011-05-21 04:00:00,6.971144124473583
2011-05-21 05:00:00,9.31217730489777
2011-05-21 06:00:00,32.76179344715094
2011-05-21 07:00:00,94.33933453089857
2011-05-21 08:00:00,177.0701358551805
2011-05-21 09:00:00,246.14585555336964
2011-05-21 10:00:00,372.50097153931534
2011-05-21 11:00:00,490.99023174257803
2011-05-21 12:00:00,571.0196732293965
2011-05-21 13:00:00,567.6450446180568
2011-05-21 14:00:00,550.4783070038557
2011-05-21 15:00:00,576.5676621487677
2011-05-21 16:00:00,618.3540878956828
2011-05-21 17:00:00,530.5336602118779
2011-05-21 18:00:00,437.92032079817676
2011-05-21 19:00:00,385.3505757980619
2011-05-21 20:00:00,279.25294971081985
2011-05-21 21:00:00,245.06222460840195
2011-05-21 22:00:00,200.7816391049213
2011-05-21 23:00:00,188.0393902533657
2011-05-22 00:00:00,114.32897734712367
2011-05-22 01:00:00,80.40398652742488
2011-05-22 02:00:00,74.49061022675363
2011-05-22 03:00:00,21.335024481394466
2011-05-22 04:00:00,6.167460324267089
2011-05-22 05:00:00,7.025030380168417
2011-05-22 06:00:00,21.003042963177474
2011-05-22 07:00:00,58.88036299357242
2011-05-22 08:00:00,126.07576057935995
2011-05-22 09:00:00,200.57759928607538
2011-05-22 10:00:00,314.4642134570256
2011-05-22 11:00:00,429.498144232226
2011-05-22 12:00:00,460.37818594209097
2011-05-22 13:00:00,588.1914752622864
2011-05-22 14:00:00,332.5111581967394
2011-05-22 15:00:00,538.7534028031599
2011-05-22 16:00:00,534.4490084488991
2011-05-22 17:00:00,464.2957744900127
2011-05-22 18:00:00,412.21733401675783
2011-05-22 19:00:00,340.4933060558898
2011-05-22 20:00:00,239.52730064894564
2011-05-22 21:00:00,176.63678176970495
2011-05-22 22:00:00,133.4200746581779
2011-05-22 23:00:00,80.75446477480799
2011-05-23 00:00:00,28.223780016963154
2011-05-23 01:00:00,14.633732284911199
2011-05-23 02:00:00,5.984785157499795
2011-05-23 03:00:00,3.2655482474938355
2011-05-23 04:00:00,4.313918060569382
2011-05-23 05:00:00,18.72229795199022
2011-05-23 06:00:00,68.56960470720193
2011-05-23 07:00:00,232.47421188931736
2011-05-23 08:00:00,457.7062267080338
2011-05-23 09:00:00,218.9516110182784
2011-05-23 10:00:00,130.52100957847003
2011-05-23 11:00:00,164.75693263811922
2011-05-23 12:00:00,190.37491312199518
2011-05-23 13:00:00,176.46926315108746
2011-05-23 14:00:00,160.6028241698951
2011-05-23 15:00:00,174.33364878815257
2011-05-23 16:00:00,266.72817176772986
2011-05-23 17:00:00,485.47738810618887
2011-05-23 18:00:00,460.33789999341724
2011-05-23 19:00:00,360.29109851144176
2011-05-23 20:00:00,240.65507535878498
2011-05-23 21:00:00,157.31184169519247
2011-05-23 22:00:00,98.62007031070229
2011-05-23 23:00:00,58.98744701838972
2011-05-24 00:00:00,19.188814125802452
2011-05-24 01:00:00,8.463127276724435
2011-05-24 02:00:00,5.389133853542746
2011-05-24 03:00:00,3.2576669275654884
2011-05-24 04:00:00,5.990787790255198
2011-05-24 05:00:00,17.951691853083176
2011-05-24 06:00:00,86.4246434649303
2011-05-24 07:00:00,247.81304367403524
2011-05-24 08:00:00,373.823049279051
2011-05-24 09:00:00,268.3929488848081
2011-05-24 10:00:00,150.28921062161194
2011-05-24 11:00:00,168.36018771774687
2011-05-24 12:00:00,209.91298066094566
2011-05-24 13:00:00,192.48972250813682
2011-05-24 14:00:00,181.2317631674867
2011-05-24 15:00:00,154.97367151450538
2011-05-24 16:00:00,324.97865575015413
2011-05-24 17:00:00,660.0942392696577
2011-05-24 18:00:00,576.2268926558802
2011-05-24 19:00:00,461.8553316883113
2011-05-24 20:00:00,332.0458260746046
2011-05-24 21:00:00,235.6167204876453
2011-05-24 22:00:00,105.7235047435096
2011-05-24 23:00:00,92.90523448356274
2011-05-25 00:00:00,27.387397610420944
2011-05-25 01:00:00,12.353350021771531
2011-05-25 02:00:00,5.8264661543596485
2011-05-25 03:00:00,3.409756906607216
2011-05-25 04:00:00,3.190163924981956
2011-05-25 05:00:00,27.921747261333454
2011-05-25 06:00:00,93.80557224921257
2011-05-25 07:00:00,393.50642989004535
2011-05-25 08:00:00,614.0631029695551
2011-05-25 09:00:00,296.4164655752249
2011-05-25 10:00:00,161.6904513914627
2011-05-25 11:00:00,171.19602101685544
2011-05-25 12:00:00,200.98094777569915
2011-05-25 13:00:00,195.39494668125317
2011-05-25 14:00:00,187.72427655983688
2011-05-25 15:00:00,202.6077939829848
2011-05-25 16:00:00,304.41522613934745
2011-05-25 17:00:00,609.5772133720433
2011-05-25 18:00:00,620.9303150596563
2011-05-25 19:00:00,457.09891968223934
2011-05-25 20:00:00,344.2005612422302
2011-05-25 21:00:00,248.77089828926358
2011-05-25 22:00:00,201.7599995728491
2011-05-25 23:00:00,118.76682368508766
2011-05-26 00:00:00,52.03487791643876
2011-05-26 01:00:00,20.676421134153117
2011-05-26 02:00:00,11.14236634488339
2011-05-26 03:00:00,5.956369691405975
2011-05-26 04:00:00,5.614905454817067
2011-05-26 05:00:00,25.5702566614909
2011-05-26 06:00:00,86.87041934981798
2011-05-26 07:00:00,226.2690300636487
2011-05-26 08:00:00,560.9451152378028
2011-05-26 09:00:00,299.0504693301945
2011-05-26 10:00:00,144.1393301637971
2011-05-26 11:00:00,164.1529200448892
2011-05-26 12:00:00,185.8228301867648
2011-05-26 13:00:00,183.11889227895705
2011-05-26 14:00:00,180.7026330069544
2011-05-26 15:00:00,166.9746662576061
2011-05-26 16:00:00,260.58009705105036
2011-05-26 17:00:00,604.9125152032718
2011-05-26 18:00:00,561.8952012281296
2011-05-26 19:00:00,429.17999648834507
2011-05-26 20:00:00,346.161744060499
2011-05-26 21:00:00,262.84818744267045
2011-05-26 22:00:00,199.5199566384792
2011-05-26 23:00:00,124.89883056852051
2011-05-27 00:00:00,72.40842829337606
2011-05-27 01:00:00,26.561631515964176
2011-05-27 02:00:00,16.73887906768198
2011-05-27 03:00:00,7.990181721418937
2011-05-27 04:00:00,6.383224046155503
2011-05-27 05:00:00,29.268752966349943
2011-05-27 06:00:00,125.2965461546997
2011-05-27 07:00:00,338.03608298189204
2011-05-27 08:00:00,636.8459772098688
2011-05-27 09:00:00,290.23748920672483
2011-05-27 10:00:00,195.97308832842887
2011-05-27 11:00:00,190.9702282638697
2011-05-27 12:00:00,230.89403644281205
2011-05-27 13:00:00,259.454698742439
2011-05-27 14:00:00,240.23303043672175
2011-05-27 15:00:00,245.9228286866215
2011-05-27 16:00:00,335.6498704622551
2011-05-27 17:00:00,603.1659929582419
2011-05-27 18:00:00,511.5612667896565
2011-05-27 19:00:00,239.38719322931414
2011-05-27 20:00:00,242.26932028565827
2011-05-27 21:00:00,203.90840200797516
2011-05-27 22:00:00,202.44405914943664
2011-05-27 23:00:00,128.91466281875424
2011-05-28 00:00:00,109.05080089519106
2011-05-28 01:00:00,86.4582724353105
2011-05-28 02:00:00,62.7117917402487
2011-05-28 03:00:00,28.822629682188435
2011-05-28 04:00:00,8.73642369187817
2011-05-28 05:00:00,11.770347155417952
2011-05-28 06:00:00,31.632223706178063
2011-05-28 07:00:00,70.73468533979057
2011-05-28 08:00:00,166.79301859898555
2011-05-28 09:00:00,255.9268378048585
2011-05-28 10:00:00,336.6548230400185
2011-05-28 11:00:00,427.762299557848
2011-05-28 12:00:00,490.8877699364153
2011-05-28 13:00:00,479.1753570892794
2011-05-28 14:00:00,456.3512925172129
2011-05-28 15:00:00,470.2942628273118
2011-05-28 16:00:00,459.0584639683452
2011-05-28 17:00:00,421.1215455744698
2011-05-28 18:00:00,400.59968484213164
2011-05-28 19:00:00,332.24566934622044
2011-05-28 20:00:00,270.1867029692763
2011-05-28 21:00:00,231.4982081007275
2011-05-28 22:00:00,203.32889704688904
2011-05-28 23:00:00,162.08007076238465
2011-05-29 00:00:00,98.5371384321124
2011-05-29 01:00:00,98.21364764800974
2011-05-29 02:00:00,75.63070105854125
2011-05-29 03:00:00,35.37914356350417
2011-05-29 04:00:00,10.201391117913838
2011-05-29 05:00:00,9.509201429212462
2011-05-29 06:00:00,18.649648578408904
2011-05-29 07:00:00,40.822680903822864
2011-05-29 08:00:00,87.28051727331365
2011-05-29 09:00:00,87.72418471625355
2011-05-29 10:00:00,258.4421188022552
2011-05-29 11:00:00,273.8967159255599
2011-05-29 12:00:00,413.0225934061995
2011-05-29 13:00:00,388.15523049548807
2011-05-29 14:00:00,360.54507624550854
2011-05-29 15:00:00,371.8234834548468
2011-05-29 16:00:00,402.59674125384805
2011-05-29 17:00:00,364.06360388246844
2011-05-29 18:00:00,316.6324567690056
2011-05-29 19:00:00,285.6214004310656
2011-05-29 20:00:00,217.29103737780733
2011-05-29 21:00:00,174.45140673621898
2011-05-29 22:00:00,136.83132855319363
2011-05-29 23:00:00,95.94927253053251
2011-05-30 00:00:00,37.14163075127514
2011-05-30 01:00:00,25.241478670942275
2011-05-30 02:00:00,20.322731222605636
2011-05-30 03:00:00,9.98909122668391
2011-05-30 04:00:00,6.742124648912177
2011-05-30 05:00:00,12.133069167403228
2011-05-30 06:00:00,33.35038892514204
2011-05-30 07:00:00,82.3481641209554
2011-05-30 08:00:00,206.52604153637157
2011-05-30 09:00:00,286.0250326020719
2011-05-30 10:00:00,323.1273427659546
2011-05-30 11:00:00,313.3141811612986
2011-05-30 12:00:00,349.79365004676856
2011-05-30 13:00:00,374.4910548209016
2011-05-30 14:00:00,349.78117651246953
2011-05-30 15:00:00,369.8185024044047
2011-05-30 16:00:00,418.2924921128705
2011-05-30 17:00:00,416.42981317412244
2011-05-30 18:00:00,439.62132059586384
2011-05-30 19:00:00,328.85572710727814
2011-05-30 20:00:00,395.0976424716409
2011-05-30 21:00:00,309.63539602497536
2011-05-30 22:00:00,190.72591316043864
2011-05-30 23:00:00,90.36441121973611
2011-05-31 00:00:00,33.05256361651517
2011-05-31 01:00:00,16.492817397805158
2011-05-31 02:00:00,8.1642978473058
2011-05-31 03:00:00,4.135871973266264
2011-05-31 04:00:00,6.582522996667657
2011-05-31 05:00:00,32.38137671728423
2011-05-31 06:00:00,146.33306172395876
2011-05-31 07:00:00,299.3123931370691
2011-05-31 08:00:00,488.97896688415807
2011-05-31 09:00:00,237.21353741413327
2011-05-31 10:00:00,128.10710533990482
2011-05-31 11:00:00,130.52940616573002
2011-05-31 12:00:00,166.8534514471687
2011-05-31 13:00:00,161.52158392109197
2011-05-31 14:00:00,155.3186111780615
2011-05-31 15:00:00,165.0998215371851
2011-05-31 16:00:00,247.30696301331892
2011-05-31 17:00:00,537.6355558590145
2011-05-31 18:00:00,529.2815621482735
2011-05-31 19:00:00,411.3622066264314
2011-05-31 20:00:00,290.838652120757
2011-05-31 21:00:00,217.3289421284121
2011-05-31 22:00:00,174.6431743753796
2011-05-31 23:00:00,101.23750948798018
2011-06-20 00:00:00,35.03574455857256
2011-06-20 01:00:00,15.40129676945328
2011-06-20 02:00:00,8.360950113434681
2011-06-20 03:00:00,4.16362532124807
2011-06-20 04:00:00,4.474839720345519
2011-06-20 05:00:00,24.627405152470104
2011-06-20 06:00:00,110.70896003482122
2011-06-20 07:00:00,179.8323512437252
2011-06-20 08:00:00,337.7390426905286
2011-06-20 09:00:00,262.89165904926915
2011-06-20 10:00:00,138.5209800104419
2011-06-20 11:00:00,155.40686708935937
2011-06-20 12:00:00,214.17157936519655
2011-06-20 13:00:00,210.16664936223702
2011-06-20 14:00:00,209.83038360144354
2011-06-20 15:00:00,216.73313075968494
2011-06-20 16:00:00,299.7760669607728
2011-06-20 17:00:00,607.9503514576594
2011-06-20 18:00:00,535.9498903533548
2011-06-20 19:00:00,404.238877196906
2011-06-20 20:00:00,281.5930816192115
2011-06-20 21:00:00,212.05072129180266
2011-06-20 22:00:00,136.69467166912457
2011-06-20 23:00:00,75.7331701863688
2011-06-21 00:00:00,35.15968570468628
2011-06-21 01:00:00,13.521401784051829
2011-06-21 02:00:00,6.158633111693101
2011-06-21 03:00:00,3.8046986515414183
2011-06-21 04:00:00,5.0620860823167595
2011-06-21 05:00:00,23.700736229744294
2011-06-21 06:00:00,97.309741768401
2011-06-21 07:00:00,214.2157105381162
2011-06-21 08:00:00,518.295518933393
2011-06-21 09:00:00,260.44606592234595
2011-06-21 10:00:00,125.29514459143276
2011-06-21 11:00:00,141.84726700489244
2011-06-21 12:00:00,197.87341470554614
2011-06-21 13:00:00,202.01957272221327
2011-06-21 14:00:00,204.0933135130795
2011-06-21 15:00:00,211.37198150128125
2011-06-21 16:00:00,324.42403079221856
2011-06-21 17:00:00,630.8495640540148
2011-06-21 18:00:00,644.1541785375701
2011-06-21 19:00:00,474.08990949084256
2011-06-21 20:00:00,287.287352743078
2011-06-21 21:00:00,266.45166865343157
2011-06-21 22:00:00,190.3902813544343
2011-06-21 23:00:00,117.88937028677213
2011-06-22 00:00:00,42.835088581123856
2011-06-22 01:00:00,17.969191699306165
2011-06-22 02:00:00,8.444321907909853
2011-06-22 03:00:00,6.338919993170162
2011-06-22 04:00:00,5.411759678476896
2011-06-22 05:00:00,28.16478107862393
2011-06-22 06:00:00,134.67937165317738
2011-06-22 07:00:00,370.22379794826645
2011-06-22 08:00:00,585.9074517129072
2011-06-22 09:00:00,286.247600306635
2011-06-22 10:00:00,153.64847531865158
2011-06-22 11:00:00,174.65776926587594
2011-06-22 12:00:00,232.59857713076434
2011-06-22 13:00:00,214.3819463295136
2011-06-22 14:00:00,211.64349410343496
2011-06-22 15:00:00,220.63604985529065
2011-06-22 16:00:00,310.9077667682477
2011-06-22 17:00:00,668.3942697491699
2011-06-22 18:00:00,704.1456256939623
2011-06-22 19:00:00,538.1405417198824
2011-06-22 20:00:00,362.004879001969
2011-06-22 21:00:00,268.35222529765775
2011-06-22 22:00:00,191.46983200490777
2011-06-22 23:00:00,116.5395569120609
2011-06-23 00:00:00,50.77855717191605
2011-06-23 01:00:00,21.204641681332884
2011-06-23 02:00:00,10.935469963050862
2011-06-23 03:00:00,6.48839190005984
2011-06-23 04:00:00,6.7367406273726855
2011-06-23 05:00:00,37.59359370733061
2011-06-23 06:00:00,152.44477661936688
2011-06-23 07:00:00,395.0388231858483
2011-06-23 08:00:00,554.6449272322328
2011-06-23 09:00:00,314.15289625048206
2011-06-23 10:00:00,164.59731563980952
2011-06-23 11:00:00,139.42745203251562
2011-06-23 12:00:00,211.08560607565573
2011-06-23 13:00:00,205.0179297261135
2011-06-23 14:00:00,190.6961864203843
2011-06-23 15:00:00,214.90121154356393
2011-06-23 16:00:00,306.47114852659774
2011-06-23 17:00:00,589.5805778126137
2011-06-23 18:00:00,608.9182993615644
2011-06-23 19:00:00,468.7745104795211
2011-06-23 20:00:00,343.0562912197139
2011-06-23 21:00:00,282.71388526203066
2011-06-23 22:00:00,202.90330552031804
2011-06-23 23:00:00,133.07649148456977
2011-06-24 00:00:00,70.77933067321122
2011-06-24 01:00:00,26.154339852895554
2011-06-24 02:00:00,13.659020824415856
2011-06-24 03:00:00,7.1421222127249555
2011-06-24 04:00:00,6.143774705615609
2011-06-24 05:00:00,28.087103388889005
2011-06-24 06:00:00,110.56888501163513
2011-06-24 07:00:00,277.0974931615118
2011-06-24 08:00:00,550.3746544270732
2011-06-24 09:00:00,315.6424249228224
2011-06-24 10:00:00,189.55921963079422
2011-06-24 11:00:00,244.44119129051043
2011-06-24 12:00:00,294.0237808396836
2011-06-24 13:00:00,301.42306322481176
2011-06-24 14:00:00,266.0584586074472
2011-06-24 15:00:00,301.1008998689901
2011-06-24 16:00:00,433.05959813536754
2011-06-24 17:00:00,704.6952984465311
2011-06-24 18:00:00,642.137771327806
2011-06-24 19:00:00,460.6856917409768
2011-06-24 20:00:00,323.2328592906119
2011-06-24 21:00:00,251.0673154123321
2011-06-24 22:00:00,221.07995388080792
2011-06-24 23:00:00,168.17910044671999
2011-06-25 00:00:00,138.79690528232922
2011-06-25 01:00:00,118.95657439029611
2011-06-25 02:00:00,69.97624513499396
2011-06-25 03:00:00,32.17108160072344
2011-06-25 04:00:00,9.655659421567886
2011-06-25 05:00:00,11.892397503671534
2011-06-25 06:00:00,26.17760080002672
2011-06-25 07:00:00,65.1249387525042
2011-06-25 08:00:00,161.47437464115532
2011-06-25 09:00:00,271.1157911327878
2011-06-25 10:00:00,381.4758443718524
2011-06-25 11:00:00,452.6492941180011
2011-06-25 12:00:00,604.541081494676
2011-06-25 13:00:00,605.7267158471124
2011-06-25 14:00:00,499.6839656202557
2011-06-25 15:00:00,516.7332965788488
2011-06-25 16:00:00,543.7891847675934
2011-06-25 17:00:00,510.16890641911914
2011-06-25 18:00:00,457.0036417335408
2011-06-25 19:00:00,351.3828794154997
2011-06-25 20:00:00,291.76762452852194
2011-06-25 21:00:00,259.05613744670336
2011-06-25 22:00:00,222.6282288661034
2011-06-25 23:00:00,174.1509640789665
2011-06-26 00:00:00,162.8361981047128
2011-06-26 01:00:00,136.7667393890995
2011-06-26 02:00:00,83.7468848355334
2011-06-26 03:00:00,36.67031083234488
2011-06-26 04:00:00,10.863200113176589
2011-06-26 05:00:00,9.870357200681573
2011-06-26 06:00:00,17.593880556220533
2011-06-26 07:00:00,46.6718816456273
2011-06-26 08:00:00,107.81917049217179
2011-06-26 09:00:00,224.82480888752318
2011-06-26 10:00:00,337.28977522728394
2011-06-26 11:00:00,449.85491055104654
2011-06-26 12:00:00,568.6093193901356
2011-06-26 13:00:00,547.9038508064792
2011-06-26 14:00:00,551.2964313151015
2011-06-26 15:00:00,553.0610769529371
2011-06-26 16:00:00,528.2130624892774
2011-06-26 17:00:00,549.3856510349055
2011-06-26 18:00:00,432.46608017538694
2011-06-26 19:00:00,335.04421470287326
2011-06-26 20:00:00,257.44955792739484
2011-06-26 21:00:00,211.7314139743593
2011-06-26 22:00:00,152.5489691730201
2011-06-26 23:00:00,119.23254098698358
2011-06-27 00:00:00,32.208520665877145
2011-06-27 01:00:00,16.414135125955756
2011-06-27 02:00:00,8.380096310862712
2011-06-27 03:00:00,5.2085333414860004
2011-06-27 04:00:00,5.9017829262417285
2011-06-27 05:00:00,29.92095074155356
2011-06-27 06:00:00,123.91545157548279
2011-06-27 07:00:00,358.5108363526744
2011-06-27 08:00:00,503.8518553724483
2011-06-27 09:00:00,323.25346577546276
2011-06-27 10:00:00,190.30514064472248
2011-06-27 11:00:00,215.7651608179545
2011-06-27 12:00:00,261.2194334297361
2011-06-27 13:00:00,236.70062994573595
2011-06-27 14:00:00,234.72883133148886
2011-06-27 15:00:00,232.29044053303696
2011-06-27 16:00:00,323.33355819136176
2011-06-27 17:00:00,632.4013402891552
2011-06-27 18:00:00,610.4515227215101
2011-06-27 19:00:00,451.6630533673024
2011-06-27 20:00:00,325.12059194644775
2011-06-27 21:00:00,228.11267653485714
2011-06-27 22:00:00,146.285860828732
2011-06-27 23:00:00,84.65836513191424
2011-06-28 00:00:00,41.21585351747408
2011-06-28 01:00:00,14.894353572124963
2011-06-28 02:00:00,8.65749050485445
2011-06-28 03:00:00,5.28148504136999
2011-06-28 04:00:00,6.80573057550485
2011-06-28 05:00:00,32.50714669214905
2011-06-28 06:00:00,126.90491589349483
2011-06-28 07:00:00,331.70007838422936
2011-06-28 08:00:00,558.5112903446129
2011-06-28 09:00:00,286.5274978900089
2011-06-28 10:00:00,166.1314789361778
2011-06-28 11:00:00,173.75817374511763
2011-06-28 12:00:00,212.71740805943713
2011-06-28 13:00:00,217.11318698804945
2011-06-28 14:00:00,204.5766093577886
2011-06-28 15:00:00,213.47786622297554
2011-06-28 16:00:00,296.38181695885476
2011-06-28 17:00:00,530.1334631459194
2011-06-28 18:00:00,548.5900808204665
2011-06-28 19:00:00,495.9090133140571
2011-06-28 20:00:00,345.4129978196975
2011-06-28 21:00:00,252.76576039312133
2011-06-28 22:00:00,193.99917684540836
2011-06-28 23:00:00,115.13347468357688
2011-06-29 00:00:00,40.9202061158029
2011-06-29 01:00:00,16.335313961507964
2011-06-29 02:00:00,7.622478978557077
2011-06-29 03:00:00,5.7929500965206655
2011-06-29 04:00:00,5.565140144461808
2011-06-29 05:00:00,31.5273125318309
2011-06-29 06:00:00,136.60713870405888
2011-06-29 07:00:00,419.4185105751241
2011-06-29 08:00:00,566.6023095168433
2011-06-29 09:00:00,277.45767048582104
2011-06-29 10:00:00,168.40049402391028
2011-06-29 11:00:00,204.7353415219942
2011-06-29 12:00:00,245.77647616507508
2011-06-29 13:00:00,212.3232833503689
2011-06-29 14:00:00,215.3170414514968
2011-06-29 15:00:00,202.8794361173344
2011-06-29 16:00:00,307.3111348508171
2011-06-29 17:00:00,597.8247846056399
2011-06-29 18:00:00,585.3682218576162
2011-06-29 19:00:00,515.8647147596994
2011-06-29 20:00:00,393.84119366355253
2011-06-29 21:00:00,325.3152767029991
2011-06-29 22:00:00,234.51814034832512
2011-06-29 23:00:00,126.23083981444745
2011-06-30 00:00:00,53.12579979683492
2011-06-30 01:00:00,21.786516615019558
2011-06-30 02:00:00,10.78467325076379
2011-06-30 03:00:00,6.410587904076198
2011-06-30 04:00:00,6.694299725282037
2011-06-30 05:00:00,36.84616566475231
2011-06-30 06:00:00,130.9127977469811
2011-06-30 07:00:00,378.56473679859636
2011-06-30 08:00:00,493.96143431918006
2011-06-30 09:00:00,279.0398006409669
2011-06-30 10:00:00,171.3935222075736
2011-06-30 11:00:00,223.8656083422658
2011-06-30 12:00:00,247.94441616914725
2011-06-30 13:00:00,235.23062942195173
2011-06-30 14:00:00,216.27485173485084
2011-06-30 15:00:00,209.94953017718453
2011-06-30 16:00:00,324.3352957261388
2011-06-30 17:00:00,600.414095725663
2011-06-30 18:00:00,629.0244781488965
2011-06-30 19:00:00,502.9738367562435
2011-06-30 20:00:00,378.0634996638396
2011-06-30 21:00:00,318.7081851827059
2011-06-30 22:00:00,230.72200025417644
2011-06-30 23:00:00,141.78064784548894
2011-07-20 00:00:00,37.84787689764997
2011-07-20 01:00:00,15.89889190014785
2011-07-20 02:00:00,7.818008513070474
2011-07-20 03:00:00,5.7137634334207235
2011-07-20 04:00:00,5.262297345130379
2011-07-20 05:00:00,34.23205259672749
2011-07-20 06:00:00,123.03262575675106
2011-07-20 07:00:00,385.13667025777784
2011-07-20 08:00:00,571.0209354686209
2011-07-20 09:00:00,316.14652565085385
2011-07-20 10:00:00,158.794480090056
2011-07-20 11:00:00,179.53060696721815
2011-07-20 12:00:00,195.9555027218084
2011-07-20 13:00:00,184.61615336765087
2011-07-20 14:00:00,183.08395167643067
2011-07-20 15:00:00,194.46448588406517
2011-07-20 16:00:00,291.6615601506069
2011-07-20 17:00:00,570.6990252139174
2011-07-20 18:00:00,590.2574139660431
2011-07-20 19:00:00,389.024915358145
2011-07-20 20:00:00,319.45877334722957
2011-07-20 21:00:00,270.7600314832141
2011-07-20 22:00:00,226.31921409017843
2011-07-20 23:00:00,123.8210257681897
2011-07-21 00:00:00,47.33649493750713
2011-07-21 01:00:00,18.538707085991486
2011-07-21 02:00:00,9.628262198786505
2011-07-21 03:00:00,6.3473682661628406
2011-07-21 04:00:00,6.41314710617144
2011-07-21 05:00:00,34.674381389772506
2011-07-21 06:00:00,132.21391283672688
2011-07-21 07:00:00,360.7390263079675
2011-07-21 08:00:00,534.1384799865953
2011-07-21 09:00:00,264.6022051107677
2011-07-21 10:00:00,134.929401575849
2011-07-21 11:00:00,138.49169741974205
2011-07-21 12:00:00,174.899641251833
2011-07-21 13:00:00,167.32265967447282
2011-07-21 14:00:00,161.8231067415437
2011-07-21 15:00:00,186.15441356828651
2011-07-21 16:00:00,282.55453059090445
2011-07-21 17:00:00,545.1159202349705
2011-07-21 18:00:00,517.8524008128379
2011-07-21 19:00:00,375.1016916291585
2011-07-21 20:00:00,307.7288863170056
2011-07-21 21:00:00,228.38684183656076
2011-07-21 22:00:00,195.75576980391574
2011-07-21 23:00:00,145.04928219684473
2011-07-22 00:00:00,76.88345976193126
2011-07-22 01:00:00,32.33212681104821
2011-07-22 02:00:00,17.195534829345558
2011-07-22 03:00:00,8.387932998661844
2011-07-22 04:00:00,7.322898358433997
2011-07-22 05:00:00,35.56497260005765
2011-07-22 06:00:00,130.86896256628143
2011-07-22 07:00:00,346.3600577498421
2011-07-22 08:00:00,489.08796571191147
2011-07-22 09:00:00,268.6842840328509
2011-07-22 10:00:00,160.32846117649848
2011-07-22 11:00:00,183.67434034172757
2011-07-22 12:00:00,224.72296142318595
2011-07-22 13:00:00,206.559891601736
2011-07-22 14:00:00,186.55841213381868
2011-07-22 15:00:00,192.54639755391048
2011-07-22 16:00:00,291.2589702846444
2011-07-22 17:00:00,525.7888938938943
2011-07-22 18:00:00,615.8986796583106
2011-07-22 19:00:00,475.8100438162479
2011-07-22 20:00:00,287.6997034359376
2011-07-22 21:00:00,254.49283540099552
2011-07-22 22:00:00,238.76714815365798
2011-07-22 23:00:00,177.29976325385397
2011-07-23 00:00:00,126.17353498126839
2011-07-23 01:00:00,112.88916583710648
2011-07-23 02:00:00,74.48871161334874
2011-07-23 03:00:00,32.904263097330755
2011-07-23 04:00:00,10.071332740557963
2011-07-23 05:00:00,11.847584156345658
2011-07-23 06:00:00,29.08790939827728
2011-07-23 07:00:00,71.83058528484698
2011-07-23 08:00:00,145.17975781903237
2011-07-23 09:00:00,235.57393953315582
2011-07-23 10:00:00,353.17751247632833
2011-07-23 11:00:00,410.29848607155066
2011-07-23 12:00:00,451.3809688494422
2011-07-23 13:00:00,419.42467583043265
2011-07-23 14:00:00,411.3675567272819
2011-07-23 15:00:00,413.27789349054046
2011-07-23 16:00:00,449.06625383697605
2011-07-23 17:00:00,387.75340768117684
2011-07-23 18:00:00,372.972158182274
2011-07-23 19:00:00,329.32820226369495
2011-07-23 20:00:00,269.3334940873952
2011-07-23 21:00:00,233.25567368153273
2011-07-23 22:00:00,227.71333344720642
2011-07-23 23:00:00,200.3570768513138
2011-07-24 00:00:00,159.39922242015572
2011-07-24 01:00:00,125.12497464559048
2011-07-24 02:00:00,84.15097427051289
2011-07-24 03:00:00,38.01075651069012
2011-07-24 04:00:00,10.986619787648817
2011-07-24 05:00:00,10.618629604098055
2011-07-24 06:00:00,18.716588355788303
2011-07-24 07:00:00,50.69371870100631
2011-07-24 08:00:00,100.49434225191858
2011-07-24 09:00:00,178.93648522763232
2011-07-24 10:00:00,267.41988331657507
2011-07-24 11:00:00,349.4466895760111
2011-07-24 12:00:00,392.76128541324385
2011-07-24 13:00:00,404.9343957347715
2011-07-24 14:00:00,364.15996092424496
2011-07-24 15:00:00,389.8602573784496
2011-07-24 16:00:00,421.14739563624204
2011-07-24 17:00:00,451.1778804134085
2011-07-24 18:00:00,392.994587977098
2011-07-24 19:00:00,291.0066830597157
2011-07-24 20:00:00,241.71957564200787
2011-07-24 21:00:00,201.36840747497212
2011-07-24 22:00:00,146.59682155907262
2011-07-24 23:00:00,104.1841820786741
2011-07-25 00:00:00,44.85102238998635
2011-07-25 01:00:00,17.77933018843291
2011-07-25 02:00:00,9.239615770461047
2011-07-25 03:00:00,4.949891402803494
2011-07-25 04:00:00,5.8763913278883075
2011-07-25 05:00:00,28.3871098092045
2011-07-25 06:00:00,127.60539370779419
2011-07-25 07:00:00,348.29738907238686
2011-07-25 08:00:00,547.8609796345761
2011-07-25 09:00:00,254.53354198009308
2011-07-25 10:00:00,134.11754245795157
2011-07-25 11:00:00,177.73896720936804
2011-07-25 12:00:00,217.4748762366017
2011-07-25 13:00:00,221.88574289092733
2011-07-25 14:00:00,175.7360811772697
2011-07-25 15:00:00,135.34000018930033
2011-07-25 16:00:00,210.832373915901
2011-07-25 17:00:00,575.005759663975
2011-07-25 18:00:00,589.6698731965465
2011-07-25 19:00:00,476.63426021805833
2011-07-25 20:00:00,330.5158560072769
2011-07-25 21:00:00,187.25033739840458
2011-07-25 22:00:00,130.82367316342356
2011-07-25 23:00:00,79.45738982008892
2011-07-26 00:00:00,36.02809357437991
2011-07-26 01:00:00,15.22649274675018
2011-07-26 02:00:00,8.34437507241784
2011-07-26 03:00:00,5.257808069543329
2011-07-26 04:00:00,7.2867561835002475
2011-07-26 05:00:00,35.647211761729665
2011-07-26 06:00:00,121.04631245752326
2011-07-26 07:00:00,340.2426699902846
2011-07-26 08:00:00,511.78676427487403
2011-07-26 09:00:00,274.63347740034294
2011-07-26 10:00:00,157.6086688477299
2011-07-26 11:00:00,164.7239797732331
2011-07-26 12:00:00,214.4146055997893
2011-07-26 13:00:00,218.60145012927535
2011-07-26 14:00:00,186.99130816259608
2011-07-26 15:00:00,204.40574846343938
2011-07-26 16:00:00,343.94155160362425
2011-07-26 17:00:00,673.9170523182557
2011-07-26 18:00:00,694.0473576392505
2011-07-26 19:00:00,476.0700005362708
2011-07-26 20:00:00,339.2393431990481
2011-07-26 21:00:00,274.819283215001
2011-07-26 22:00:00,211.07080626469846
2011-07-26 23:00:00,127.25988085364322
2011-07-27 00:00:00,43.2735319726191
2011-07-27 01:00:00,16.680264392150352
2011-07-27 02:00:00,7.821991384695865
2011-07-27 03:00:00,5.999763420579643
2011-07-27 04:00:00,5.5806878723208575
2011-07-27 05:00:00,36.60889490334895
2011-07-27 06:00:00,153.1021714124106
2011-07-27 07:00:00,379.9786794554875
2011-07-27 08:00:00,533.3500134553532
2011-07-27 09:00:00,276.9209091302853
2011-07-27 10:00:00,156.03155987057838
2011-07-27 11:00:00,173.8533278538893
2011-07-27 12:00:00,202.2497128756495
2011-07-27 13:00:00,191.70252178421683
2011-07-27 14:00:00,187.27332213267223
2011-07-27 15:00:00,205.45530714963596
2011-07-27 16:00:00,297.71652544628574
2011-07-27 17:00:00,611.8627583636273
2011-07-27 18:00:00,632.4177106131733
2011-07-27 19:00:00,449.5145196404046
2011-07-27 20:00:00,380.7069199053756
2011-07-27 21:00:00,302.1351318921893
2011-07-27 22:00:00,222.83884966391946
2011-07-27 23:00:00,138.88409309286328
2011-07-28 00:00:00,55.477418042371234
2011-07-28 01:00:00,21.261829087654707
2011-07-28 02:00:00,12.15997760320913
2011-07-28 03:00:00,7.1646269592231615
2011-07-28 04:00:00,6.973332940628275
2011-07-28 05:00:00,37.66769804039645
2011-07-28 06:00:00,160.0628714148329
2011-07-28 07:00:00,419.21073418357423
2011-07-28 08:00:00,566.6792454229143
2011-07-28 09:00:00,284.0236871464517
2011-07-28 10:00:00,153.25471744728068
2011-07-28 11:00:00,164.68380189325245
2011-07-28 12:00:00,216.64512149329664
2011-07-28 13:00:00,203.19394425868728
2011-07-28 14:00:00,205.76902132494814
2011-07-28 15:00:00,195.5338568500795
2011-07-28 16:00:00,327.5711178475373
2011-07-28 17:00:00,633.1669027442506
2011-07-28 18:00:00,614.874397548943
2011-07-28 19:00:00,459.7171287348
2011-07-28 20:00:00,358.8303229594355
2011-07-28 21:00:00,279.5462925793408
2011-07-28 22:00:00,232.60757822662674
2011-07-28 23:00:00,134.99992244718615
2011-07-29 00:00:00,78.50811263718091
2011-07-29 01:00:00,33.559365052084864
2011-07-29 02:00:00,16.447699221174194
2011-07-29 03:00:00,8.279531301221471
2011-07-29 04:00:00,6.848134177271292
2011-07-29 05:00:00,31.831262557813396
2011-07-29 06:00:00,118.78122876647119
2011-07-29 07:00:00,352.8320288973992
2011-07-29 08:00:00,594.904246226188
2011-07-29 09:00:00,255.5643963898005
2011-07-29 10:00:00,162.88992200166075
2011-07-29 11:00:00,202.84813970896093
2011-07-29 12:00:00,207.979060566126
2011-07-29 13:00:00,238.59137645295257
2011-07-29 14:00:00,181.2981200011424
2011-07-29 15:00:00,190.28350626092922
2011-07-29 16:00:00,279.71755701290056
2011-07-29 17:00:00,434.9972551943091
2011-07-29 18:00:00,542.1507685143845
2011-07-29 19:00:00,375.6148625830008
2011-07-29 20:00:00,302.7515154460182
2011-07-29 21:00:00,257.0277822039921
2011-07-29 22:00:00,244.3945218228317
2011-07-29 23:00:00,190.16002349689353
2011-07-30 00:00:00,130.0029127829266
2011-07-30 01:00:00,111.06646818625318
2011-07-30 02:00:00,74.60039277698294
2011-07-30 03:00:00,32.52282831140184
2011-07-30 04:00:00,9.62112003953041
2011-07-30 05:00:00,11.235349583935987
2011-07-30 06:00:00,25.673900794689413
2011-07-30 07:00:00,64.32147115332562
2011-07-30 08:00:00,150.6067600984964
2011-07-30 09:00:00,225.09560376547066
2011-07-30 10:00:00,359.20253773141
2011-07-30 11:00:00,441.6392849616609
2011-07-30 12:00:00,521.813080611454
2011-07-30 13:00:00,482.3681397649862
2011-07-30 14:00:00,452.26277984723436
2011-07-30 15:00:00,501.1844514985492
2011-07-30 16:00:00,502.16210615844705
2011-07-30 17:00:00,451.39588443347895
2011-07-30 18:00:00,399.32204604671995
2011-07-30 19:00:00,388.8642130068149
2011-07-30 20:00:00,306.25382305213986
2011-07-30 21:00:00,262.1303601701558
2011-07-30 22:00:00,237.46972505383025
2011-07-30 23:00:00,194.38462850348063
2011-07-31 00:00:00,154.7135766555506
2011-07-31 01:00:00,124.49502428829815
2011-07-31 02:00:00,82.36215573383949
2011-07-31 03:00:00,35.9524121606426
2011-07-31 04:00:00,11.155029061863258
2011-07-31 05:00:00,10.026171622719357
2011-07-31 06:00:00,18.727460988636157
2011-07-31 07:00:00,50.633173497728244
2011-07-31 08:00:00,108.03385643731822
2011-07-31 09:00:00,197.14130288981184
2011-07-31 10:00:00,334.36847492216333
2011-07-31 11:00:00,340.77985640283833
2011-07-31 12:00:00,430.07954739750784
2011-07-31 13:00:00,446.9425332800147
2011-07-31 14:00:00,433.0439615823393
2011-07-31 15:00:00,377.6779429747402
2011-07-31 16:00:00,376.59031169354336
2011-07-31 17:00:00,350.42624300424944
2011-07-31 18:00:00,396.04211188974574
2011-07-31 19:00:00,299.59689095505274
2011-07-31 20:00:00,232.94476490808154
2011-07-31 21:00:00,190.71164355206977
2011-07-31 22:00:00,140.32049252525147
2011-07-31 23:00:00,100.89031013964006
2011-08-20 00:00:00,104.37209621819746
2011-08-20 01:00:00,94.95212830054398
2011-08-20 02:00:00,73.20610270919413
2011-08-20 03:00:00,33.186098940356644
2011-08-20 04:00:00,6.634160670933511
2011-08-20 05:00:00,10.553185564822273
2011-08-20 06:00:00,19.74509518990329
2011-08-20 07:00:00,55.06307969371184
2011-08-20 08:00:00,149.38722995955703
2011-08-20 09:00:00,233.47666699309914
2011-08-20 10:00:00,341.882658666981
2011-08-20 11:00:00,407.97434950153576
2011-08-20 12:00:00,482.8492352556891
2011-08-20 13:00:00,485.2691499593961
2011-08-20 14:00:00,501.7637407746828
2011-08-20 15:00:00,542.3719964094196
2011-08-20 16:00:00,522.7022751189166
2011-08-20 17:00:00,478.7712161122469
2011-08-20 18:00:00,403.7804206884853
2011-08-20 19:00:00,338.03502418866054
2011-08-20 20:00:00,282.2012228886903
2011-08-20 21:00:00,244.39724382229676
2011-08-20 22:00:00,196.46387725591137
2011-08-20 23:00:00,183.1791120474968
2011-08-21 00:00:00,146.32217819453763
2011-08-21 01:00:00,121.10801067716976
2011-08-21 02:00:00,83.27747338978965
2011-08-21 03:00:00,34.22647735411256
2011-08-21 04:00:00,10.306287478173257
2011-08-21 05:00:00,8.785188608088813
2011-08-21 06:00:00,14.967980329958454
2011-08-21 07:00:00,40.795051402362475
2011-08-21 08:00:00,99.29827982624013
2011-08-21 09:00:00,183.47426581046332
2011-08-21 10:00:00,282.3496235693182
2011-08-21 11:00:00,339.75323111276964
2011-08-21 12:00:00,396.26523506127086
2011-08-21 13:00:00,409.5105045586647
2011-08-21 14:00:00,233.6398352636176
2011-08-21 15:00:00,277.75371020247746
2011-08-21 16:00:00,363.28840704568756
2011-08-21 17:00:00,334.6709297274771
2011-08-21 18:00:00,314.44942913580013
2011-08-21 19:00:00,308.0814964561469
2011-08-21 20:00:00,208.61380683991044
2011-08-21 21:00:00,166.33133914887193
2011-08-21 22:00:00,125.83042088114276
2011-08-21 23:00:00,98.88052958119981
2011-08-22 00:00:00,36.96875915805197
2011-08-22 01:00:00,15.222260384719009
2011-08-22 02:00:00,9.054770101319932
2011-08-22 03:00:00,5.858456829098093
2011-08-22 04:00:00,5.776652383609893
2011-08-22 05:00:00,27.07629800943609
2011-08-22 06:00:00,110.30699287770454
2011-08-22 07:00:00,314.8646914179901
2011-08-22 08:00:00,472.35195168566617
2011-08-22 09:00:00,280.8856140893105
2011-08-22 10:00:00,145.0408038827942
2011-08-22 11:00:00,187.68659983556768
2011-08-22 12:00:00,249.61605372186543
2011-08-22 13:00:00,216.11427181174514
2011-08-22 14:00:00,215.97977003341185
2011-08-22 15:00:00,219.5033217009925
2011-08-22 16:00:00,335.6692254290104
2011-08-22 17:00:00,662.6300428109317
2011-08-22 18:00:00,622.059370305758
2011-08-22 19:00:00,400.05554190065544
2011-08-22 20:00:00,341.63652212108184
2011-08-22 21:00:00,253.0394808868709
2011-08-22 22:00:00,164.80333513716855
2011-08-22 23:00:00,98.86199882649105
2011-08-23 00:00:00,31.910891147996576
2011-08-23 01:00:00,15.813177534697848
2011-08-23 02:00:00,8.137994199535363
2011-08-23 03:00:00,4.883303216055619
2011-08-23 04:00:00,6.9677810266545315
2011-08-23 05:00:00,32.605220178106514
2011-08-23 06:00:00,131.55506590990882
2011-08-23 07:00:00,342.1532851798127
2011-08-23 08:00:00,534.905123852232
2011-08-23 09:00:00,286.3194478501654
2011-08-23 10:00:00,183.8655392932293
2011-08-23 11:00:00,217.2831476791172
2011-08-23 12:00:00,280.45979452599954
2011-08-23 13:00:00,242.44477460992374
2011-08-23 14:00:00,231.47328272828184
2011-08-23 15:00:00,263.34593749941433
2011-08-23 16:00:00,412.73270912001544
2011-08-23 17:00:00,833.437421685943
2011-08-23 18:00:00,775.4283445364518
2011-08-23 19:00:00,487.70484567186924
2011-08-23 20:00:00,352.5733389665252
2011-08-23 21:00:00,250.87363222950066
2011-08-23 22:00:00,199.96641623827722
2011-08-23 23:00:00,115.25936928450227
2011-08-24 00:00:00,41.83335694486387
2011-08-24 01:00:00,16.519595500505616
2011-08-24 02:00:00,8.633023367148613
2011-08-24 03:00:00,6.185692598704629
2011-08-24 04:00:00,6.325607331702299
2011-08-24 05:00:00,39.08152565975613
2011-08-24 06:00:00,155.1443898868124
2011-08-24 07:00:00,368.9284014197416
2011-08-24 08:00:00,539.1169766137243
2011-08-24 09:00:00,271.9939101759967
2011-08-24 10:00:00,156.77206282498287
2011-08-24 11:00:00,193.66473220866345
2011-08-24 12:00:00,204.23590450440494
2011-08-24 13:00:00,217.2303348202993
2011-08-24 14:00:00,209.13734933050497
2011-08-24 15:00:00,219.308447566724
2011-08-24 16:00:00,326.8324444141308
2011-08-24 17:00:00,634.6470019072387
2011-08-24 18:00:00,597.7937599303149
2011-08-24 19:00:00,456.94637418934093
2011-08-24 20:00:00,359.6559041580953
2011-08-24 21:00:00,283.21185471873
2011-08-24 22:00:00,208.97924587448142
2011-08-24 23:00:00,114.57837578642737
2011-08-25 00:00:00,50.99997361871968
2011-08-25 01:00:00,20.008775013956036
2011-08-25 02:00:00,10.569034930442644
2011-08-25 03:00:00,6.4604388788192
2011-08-25 04:00:00,6.368142992841186
2011-08-25 05:00:00,32.59816496387612
2011-08-25 06:00:00,123.13029565027456
2011-08-25 07:00:00,350.34483367558636
2011-08-25 08:00:00,520.7761182667759
2011-08-25 09:00:00,289.57291335504357
2011-08-25 10:00:00,149.65887864342096
2011-08-25 11:00:00,114.70631091413615
2011-08-25 12:00:00,134.22720589466246
2011-08-25 13:00:00,178.89670076160343
2011-08-25 14:00:00,185.12217521569787
2011-08-25 15:00:00,199.5661972527774
2011-08-25 16:00:00,235.4009952080111
2011-08-25 17:00:00,465.81562531594545
2011-08-25 18:00:00,507.6863673450714
2011-08-25 19:00:00,413.70379038700827
2011-08-25 20:00:00,296.86563077331937
2011-08-25 21:00:00,237.0226975645728
2011-08-25 22:00:00,163.91996390453792
2011-08-25 23:00:00,109.67694911886564
2011-08-26 00:00:00,63.41425418600434
2011-08-26 01:00:00,27.272551289534785
2011-08-26 02:00:00,14.52580126006483
2011-08-26 03:00:00,6.617891689487843
2011-08-26 04:00:00,5.8809916914098075
2011-08-26 05:00:00,23.32984660109767
2011-08-26 06:00:00,104.56641575201945
2011-08-26 07:00:00,282.01480266560316
2011-08-26 08:00:00,489.92343642104044
2011-08-26 09:00:00,312.61659907308245
2011-08-26 10:00:00,184.12994453691346
2011-08-26 11:00:00,221.06160408296685
2011-08-26 12:00:00,265.8546677193779
2011-08-26 13:00:00,276.19271057549435
2011-08-26 14:00:00,242.67268699180914
2011-08-26 15:00:00,267.53464434072185
2011-08-26 16:00:00,374.0752572605284
2011-08-26 17:00:00,545.9088435523441
2011-08-26 18:00:00,567.208761582281
2011-08-26 19:00:00,391.8800956605436
2011-08-26 20:00:00,289.67011335647396
2011-08-26 21:00:00,241.4884763404309
2011-08-26 22:00:00,222.91330834759145
2011-08-26 23:00:00,145.66408499187003
2011-08-27 00:00:00,123.85369742769475
2011-08-27 01:00:00,105.09120145206474
2011-08-27 02:00:00,69.63678220230364
2011-08-27 03:00:00,29.325890656691342
2011-08-27 04:00:00,9.379478919664471
2011-08-27 05:00:00,10.217283481096285
2011-08-27 06:00:00,21.740718172663993
2011-08-27 07:00:00,53.558336556144766
2011-08-27 08:00:00,125.23341334394469
2011-08-27 09:00:00,195.83542007690338
2011-08-27 10:00:00,264.97995141934484
2011-08-27 11:00:00,176.13334315639358
2011-08-27 12:00:00,205.68638552864138
2011-08-27 13:00:00,220.94160222323038
2011-08-27 14:00:00,134.530332739445
2011-08-27 15:00:00,137.88823742778843
2011-08-27 16:00:00,147.37875392361653
2011-08-27 17:00:00,104.2236475947064
2011-08-28 07:00:00,21.902635763348314
2011-08-28 08:00:00,48.26463684899648
2011-08-28 09:00:00,180.66430391883938
2011-08-28 10:00:00,289.152012557893
2011-08-28 11:00:00,390.0482861065345
2011-08-28 12:00:00,440.7273927295487
2011-08-28 13:00:00,462.84870741041556
2011-08-28 14:00:00,443.8973856833794
2011-08-28 15:00:00,464.95996570303595
2011-08-28 16:00:00,527.5131327115664
2011-08-28 17:00:00,483.58841125205686
2011-08-28 18:00:00,426.9237357639053
2011-08-28 19:00:00,337.6769017185688
2011-08-28 20:00:00,275.07282506239943
2011-08-28 21:00:00,202.92722760255103
2011-08-28 22:00:00,134.45737931504655
2011-08-28 23:00:00,97.15529874251666
2011-08-29 00:00:00,41.470607563136305
2011-08-29 01:00:00,15.597845341637793
2011-08-29 02:00:00,7.781136211866613
2011-08-29 03:00:00,5.1911279152027925
2011-08-29 04:00:00,6.609067978923371
2011-08-29 05:00:00,34.29731463258243
2011-08-29 06:00:00,141.07056324987275
2011-08-29 07:00:00,315.9625275858579
2011-08-29 08:00:00,491.7629668050557
2011-08-29 09:00:00,281.0154621953637
2011-08-29 10:00:00,149.15525126251805
2011-08-29 11:00:00,190.26272023481903
2011-08-29 12:00:00,289.3185470741121
2011-08-29 13:00:00,284.1006722841704
2011-08-29 14:00:00,227.65004270650675
2011-08-29 15:00:00,251.8389347943598
2011-08-29 16:00:00,389.9744835305684
2011-08-29 17:00:00,783.6141477445136
2011-08-29 18:00:00,603.5049415556472
2011-08-29 19:00:00,424.5628182765051
2011-08-29 20:00:00,349.01821603665275
2011-08-29 21:00:00,250.97635359360874
2011-08-29 22:00:00,168.7121969851304
2011-08-29 23:00:00,99.51216968160186
2011-08-30 00:00:00,39.27423495362995
2011-08-30 01:00:00,15.025979234581111
2011-08-30 02:00:00,8.247489204845953
2011-08-30 03:00:00,4.931580425782585
2011-08-30 04:00:00,8.465062991110079
2011-08-30 05:00:00,40.64599630155748
2011-08-30 06:00:00,143.4465120503799
2011-08-30 07:00:00,377.73635353050537
2011-08-30 08:00:00,548.2724255850014
2011-08-30 09:00:00,290.2897057761283
2011-08-30 10:00:00,185.6461357391173
2011-08-30 11:00:00,224.35195082501923
2011-08-30 12:00:00,266.83832005888405
2011-08-30 13:00:00,265.8258783531995
2011-08-30 14:00:00,259.2081331652996
2011-08-30 15:00:00,267.31204404599896
2011-08-30 16:00:00,413.0238459784939
2011-08-30 17:00:00,792.055338839485
2011-08-30 18:00:00,702.4353255680855
2011-08-30 19:00:00,499.78480079631004
2011-08-30 20:00:00,345.69082858016384
2011-08-30 21:00:00,248.93599399895635
2011-08-30 22:00:00,194.24940450696153
2011-08-30 23:00:00,110.48272020534009
2011-08-31 00:00:00,38.3828119565675
2011-08-31 01:00:00,15.422285771070564
2011-08-31 02:00:00,8.898925358545755
2011-08-31 03:00:00,6.260258299168659
2011-08-31 04:00:00,6.297407532943591
2011-08-31 05:00:00,35.18305659378392
2011-08-31 06:00:00,156.36687476720104
2011-08-31 07:00:00,377.9087943927699
2011-08-31 08:00:00,515.5962173252155
2011-08-31 09:00:00,283.3712843938418
2011-08-31 10:00:00,181.5842510511027
2011-08-31 11:00:00,227.65963664640796
2011-08-31 12:00:00,245.0853017166256
2011-08-31 13:00:00,266.8662976960586
2011-08-31 14:00:00,252.6412741381544
2011-08-31 15:00:00,282.7648156700121
2011-08-31 16:00:00,358.62706410395964
2011-08-31 17:00:00,771.2800990501793
2011-08-31 18:00:00,665.9985129925115
2011-08-31 19:00:00,454.1899731855473
2011-08-31 20:00:00,373.9779066180847
2011-08-31 21:00:00,291.481740356872
2011-08-31 22:00:00,194.79715503660188
2011-08-31 23:00:00,112.00521602825543
2011-09-20 00:00:00,35.24227753984933
2011-09-20 01:00:00,11.356053101908913
2011-09-20 02:00:00,5.944498352527153
2011-09-20 03:00:00,4.152366197416012
2011-09-20 04:00:00,5.632622989098892
2011-09-20 05:00:00,22.408241696706042
2011-09-20 06:00:00,89.06292237433304
2011-09-20 07:00:00,259.88138897919066
2011-09-20 08:00:00,208.21706015402262
2011-09-20 09:00:00,91.75843906789454
2011-09-20 10:00:00,69.55897092801118
2011-09-20 11:00:00,65.96381446258603
2011-09-20 12:00:00,81.83086519700436
2011-09-20 13:00:00,79.04498435020628
2011-09-20 14:00:00,109.81407518851695
2011-09-20 15:00:00,176.01641242922943
2011-09-20 16:00:00,196.27035018117604
2011-09-20 17:00:00,465.04399693581047
2011-09-20 18:00:00,462.64710250786277
2011-09-20 19:00:00,321.7949877076576
2011-09-20 20:00:00,192.94464549987566
2011-09-20 21:00:00,153.0721260275772
2011-09-20 22:00:00,113.58542228758051
2011-09-20 23:00:00,65.26867602354606
2011-09-21 00:00:00,16.132952393841215
2011-09-21 01:00:00,9.411926942971338
2011-09-21 02:00:00,5.280301563728225
2011-09-21 03:00:00,3.308403881936961
2011-09-21 04:00:00,2.589576017120145
2011-09-21 05:00:00,13.22386802948013
2011-09-21 06:00:00,50.81801344687239
2011-09-21 07:00:00,133.71888797335242
2011-09-21 08:00:00,201.11979483223675
2011-09-21 09:00:00,88.3709548132638
2011-09-21 10:00:00,93.82434788532903
2011-09-21 11:00:00,134.64282177258306
2011-09-21 12:00:00,190.22478494700857
2011-09-21 13:00:00,218.25742392109015
2011-09-21 14:00:00,213.30941799360127
2011-09-21 15:00:00,225.82495080635852
2011-09-21 16:00:00,336.086654222083
2011-09-21 17:00:00,419.78225969540335
2011-09-21 18:00:00,256.5989745818307
2011-09-21 19:00:00,100.44009357200633
2011-09-21 20:00:00,79.72775476778772
2011-09-21 21:00:00,108.18827271672214
2011-09-21 22:00:00,84.61896778355003
2011-09-21 23:00:00,62.95280822658217
2011-09-22 00:00:00,30.835771135310697
2011-09-22 01:00:00,10.570466882996488
2011-09-22 02:00:00,6.442387556632199
2011-09-22 03:00:00,3.9139012998872005
2011-09-22 04:00:00,4.010238305074279
2011-09-22 05:00:00,20.650977432940266
2011-09-22 06:00:00,83.79853014433978
2011-09-22 07:00:00,220.55341212928369
2011-09-22 08:00:00,291.5292143431236
2011-09-22 09:00:00,133.57626774930546
2011-09-22 10:00:00,120.42302270350454
2011-09-22 11:00:00,119.94666114226031
2011-09-22 12:00:00,167.75151243787113
2011-09-22 13:00:00,154.88220449214745
2011-09-22 14:00:00,153.30794734666412
2011-09-22 15:00:00,186.3316051761638
2011-09-22 16:00:00,320.76226873494
2011-09-22 17:00:00,556.5204335859281
2011-09-22 18:00:00,429.236761783257
2011-09-22 19:00:00,335.9059789768453
2011-09-22 20:00:00,167.29930476491234
2011-09-22 21:00:00,199.62354606137777
2011-09-22 22:00:00,83.85846621150186
2011-09-22 23:00:00,64.97810345583774
2011-09-23 00:00:00,61.64075581803626
2011-09-23 01:00:00,22.285550486861645
2011-09-23 02:00:00,11.345806299897662
2011-09-23 03:00:00,5.825077189601592
2011-09-23 04:00:00,5.164070587546564
2011-09-23 05:00:00,35.024905585728796
2011-09-23 06:00:00,136.71000851036368
2011-09-23 07:00:00,232.05779504890793
2011-09-23 08:00:00,418.0800488516012
2011-09-23 09:00:00,158.340225655651
2011-09-23 10:00:00,99.99368882877945
2011-09-23 11:00:00,107.25592718375023
2011-09-23 12:00:00,172.1550738266079
2011-09-23 13:00:00,135.16274941865385
2011-09-23 14:00:00,128.63046446419696
2011-09-23 15:00:00,170.5433567740947
2011-09-23 16:00:00,233.52360204490603
2011-09-23 17:00:00,392.4116893327939
2011-09-23 18:00:00,401.398797080398
2011-09-23 19:00:00,366.44852523174535
2011-09-23 20:00:00,227.7060792521664
2011-09-23 21:00:00,192.88495203610785
2011-09-23 22:00:00,176.17531172287977
2011-09-23 23:00:00,98.08615637847812
2011-09-24 00:00:00,114.00995639457987
2011-09-24 01:00:00,96.12929693780652
2011-09-24 02:00:00,62.230994549995685
2011-09-24 03:00:00,32.55088514896031
2011-09-24 04:00:00,12.807297293982938
2011-09-24 05:00:00,11.93184134354322
2011-09-24 06:00:00,29.561862605664228
2011-09-24 07:00:00,70.97977938894249
2011-09-24 08:00:00,163.93508174777082
2011-09-24 09:00:00,225.20522906075516
2011-09-24 10:00:00,307.46594753113453
2011-09-24 11:00:00,413.1437459223642
2011-09-24 12:00:00,501.62138357635826
2011-09-24 13:00:00,519.4920070006913
2011-09-24 14:00:00,605.7189241715423
2011-09-24 15:00:00,614.1565010417593
2011-09-24 16:00:00,566.808893798267
2011-09-24 17:00:00,542.7419025640489
2011-09-24 18:00:00,420.1193050469486
2011-09-24 19:00:00,396.12274395022126
2011-09-24 20:00:00,248.41074767482883
2011-09-24 21:00:00,224.9340147326132
2011-09-24 22:00:00,219.99475874416288
2011-09-24 23:00:00,157.69735587146897
2011-09-25 00:00:00,104.74819384057942
2011-09-25 01:00:00,98.80705226519227
2011-09-25 02:00:00,50.24016650892768
2011-09-25 03:00:00,23.092122792177424
2011-09-25 04:00:00,9.292937793931547
2011-09-25 05:00:00,10.381205263302574
2011-09-25 06:00:00,17.953289731481167
2011-09-25 07:00:00,42.908630983865905
2011-09-25 08:00:00,126.82116686344416
2011-09-25 09:00:00,188.4981820469987
2011-09-25 10:00:00,300.3224413584858
2011-09-25 11:00:00,439.0922749891154
2011-09-25 12:00:00,498.9705624669672
2011-09-25 13:00:00,538.5441715546776
2011-09-25 14:00:00,489.8758881705316
2011-09-25 15:00:00,513.8785856089431
2011-09-25 16:00:00,516.5081833753374
2011-09-25 17:00:00,475.3963014376124
2011-09-25 18:00:00,387.82488219264064
2011-09-25 19:00:00,269.3002042113912
2011-09-25 20:00:00,207.31854019740572
2011-09-25 21:00:00,197.41920009016846
2011-09-25 22:00:00,164.6245316701774
2011-09-25 23:00:00,99.24386829156461
2011-09-26 00:00:00,36.42937589823479
2011-09-26 01:00:00,18.17995037563762
2011-09-26 02:00:00,9.069974270242872
2011-09-26 03:00:00,5.564889001417214
2011-09-26 04:00:00,8.896346713225096
2011-09-26 05:00:00,40.27601658259771
2011-09-26 06:00:00,163.2426294522166
2011-09-26 07:00:00,405.66953514711355
2011-09-26 08:00:00,626.1747475228133
2011-09-26 09:00:00,370.48269548454846
2011-09-26 10:00:00,224.83931452132143
2011-09-26 11:00:00,164.88223626108004
2011-09-26 12:00:00,270.57022552373866
2011-09-26 13:00:00,256.6993198297968
2011-09-26 14:00:00,220.28996358973507
2011-09-26 15:00:00,229.04340235079638
2011-09-26 16:00:00,346.05791080698305
2011-09-26 17:00:00,672.9192054363181
2011-09-26 18:00:00,547.372715316226
2011-09-26 19:00:00,390.34893592153287
2011-09-26 20:00:00,333.5114794471888
2011-09-26 21:00:00,238.4216935274253
2011-09-26 22:00:00,169.2787939948105
2011-09-26 23:00:00,106.54157741251935
2011-09-27 00:00:00,32.84538443797417
2011-09-27 01:00:00,13.623291013396152
2011-09-27 02:00:00,7.042652748007775
2011-09-27 03:00:00,4.6377933662329465
2011-09-27 04:00:00,7.127695385917102
2011-09-27 05:00:00,30.522760489340406
2011-09-27 06:00:00,146.9179689590158
2011-09-27 07:00:00,387.8382505642993
2011-09-27 08:00:00,786.538108691709
2011-09-27 09:00:00,254.76737335472896
2011-09-27 10:00:00,122.84820113782291
2011-09-27 11:00:00,235.93207103275608
2011-09-27 12:00:00,287.90307040882664
2011-09-27 13:00:00,230.6596167210447
2011-09-27 14:00:00,236.79358125062382
2011-09-27 15:00:00,220.29228246624376
2011-09-27 16:00:00,308.08628375672976
2011-09-27 17:00:00,769.3802754722423
2011-09-27 18:00:00,718.2076934296206
2011-09-27 19:00:00,535.9420738695125
2011-09-27 20:00:00,286.5787845250517
2011-09-27 21:00:00,203.54061327830493
2011-09-27 22:00:00,155.5470333023606
2011-09-27 23:00:00,99.11570166748938
2011-09-28 00:00:00,33.025929568720024
2011-09-28 01:00:00,14.314369572714257
2011-09-28 02:00:00,6.041285148754921
2011-09-28 03:00:00,4.951238525634798
2011-09-28 04:00:00,6.088162856761315
2011-09-28 05:00:00,26.041390424474567
2011-09-28 06:00:00,54.53003635997038
2011-09-28 07:00:00,141.85762751027227
2011-09-28 08:00:00,260.05836908699854
2011-09-28 09:00:00,119.95003757528382
2011-09-28 10:00:00,137.11969069890685
2011-09-28 11:00:00,191.26531583780945
2011-09-28 12:00:00,244.0708243840448
2011-09-28 13:00:00,232.38933769579847
2011-09-28 14:00:00,249.32854668558315
2011-09-28 15:00:00,284.6625010228066
2011-09-28 16:00:00,406.82426349774227
2011-09-28 17:00:00,817.4142277344907
2011-09-28 18:00:00,321.1232010028303
2011-09-28 19:00:00,231.8520679022421
2011-09-28 20:00:00,120.43210815431895
2011-09-28 21:00:00,79.0076642346447
2011-09-28 22:00:00,148.6839543859753
2011-09-28 23:00:00,87.11929562420612
2011-09-29 00:00:00,32.59848963286816
2011-09-29 01:00:00,12.105892662390845
2011-09-29 02:00:00,6.456119220734917
2011-09-29 03:00:00,4.041350232061749
2011-09-29 04:00:00,5.574967753532115
2011-09-29 05:00:00,30.76516302827715
2011-09-29 06:00:00,123.13068904688642
2011-09-29 07:00:00,349.88777111031794
2011-09-29 08:00:00,554.5592530374755
2011-09-29 09:00:00,239.20389022870734
2011-09-29 10:00:00,171.4909826416638
2011-09-29 11:00:00,212.61523058016525
2011-09-29 12:00:00,296.81707619570767
2011-09-29 13:00:00,256.8026335573208
2011-09-29 14:00:00,255.18535842435404
2011-09-29 15:00:00,259.01299968907375
2011-09-29 16:00:00,379.0308950868708
2011-09-29 17:00:00,727.7076710624848
2011-09-29 18:00:00,670.4632860371927
2011-09-29 19:00:00,490.7483969675945
2011-09-29 20:00:00,391.48509956315894
2011-09-29 21:00:00,276.02554218374047
2011-09-29 22:00:00,209.76897706842732
2011-09-29 23:00:00,113.57082822731563
2011-09-30 00:00:00,70.54612032501073
2011-09-30 01:00:00,32.780360536919076
2011-09-30 02:00:00,15.900669923692602
2011-09-30 03:00:00,8.053660197493334
2011-09-30 04:00:00,7.758954766693119
2011-09-30 05:00:00,36.35940490037883
2011-09-30 06:00:00,145.2296999933368
2011-09-30 07:00:00,376.04493371699414
2011-09-30 08:00:00,684.072767375879
2011-09-30 09:00:00,314.6048156050399
2011-09-30 10:00:00,183.0984790576678
2011-09-30 11:00:00,249.64346538436484
2011-09-30 12:00:00,340.27516906502944
2011-09-30 13:00:00,319.9106437389703
2011-09-30 14:00:00,280.9264988792631
2011-09-30 15:00:00,278.67367809509943
2011-09-30 16:00:00,430.3614213401123
2011-09-30 17:00:00,687.6337080392555
2011-09-30 18:00:00,534.9945601901481
2011-09-30 19:00:00,386.81900240471185
2011-09-30 20:00:00,274.9874249402565
2011-09-30 21:00:00,207.35895453046427
2011-09-30 22:00:00,188.73610268454235
2011-09-30 23:00:00,151.3344392204455
2011-10-20 00:00:00,28.84307459796131
2011-10-20 01:00:00,13.345335141564522
2011-10-20 02:00:00,6.3336055017616255
2011-10-20 03:00:00,3.5956331908630683
2011-10-20 04:00:00,4.306877563314068
2011-10-20 05:00:00,24.861787236768475
2011-10-20 06:00:00,119.09546803126025
2011-10-20 07:00:00,314.39823697039265
2011-10-20 08:00:00,541.5628155016485
2011-10-20 09:00:00,261.3722314741632
2011-10-20 10:00:00,143.8719892909712
2011-10-20 11:00:00,151.25137407053936
2011-10-20 12:00:00,231.34347574808396
2011-10-20 13:00:00,194.50632283822364
2011-10-20 14:00:00,180.90658199561292
2011-10-20 15:00:00,154.74667109154237
2011-10-20 16:00:00,227.25805898832573
2011-10-20 17:00:00,549.0621791747992
2011-10-20 18:00:00,425.27844859008445
2011-10-20 19:00:00,319.14007636275386
2011-10-20 20:00:00,211.9062105771683
2011-10-20 21:00:00,190.15481341113338
2011-10-20 22:00:00,146.23812793491922
2011-10-20 23:00:00,109.24655685648622
2011-10-21 00:00:00,59.98177515750623
2011-10-21 01:00:00,25.361634316409063
2011-10-21 02:00:00,12.729968768028728
2011-10-21 03:00:00,6.865931176228261
2011-10-21 04:00:00,7.036946439690455
2011-10-21 05:00:00,29.586666729897697
2011-10-21 06:00:00,131.88971452497523
2011-10-21 07:00:00,359.8466512119064
2011-10-21 08:00:00,613.7451252430728
2011-10-21 09:00:00,333.73124381395957
2011-10-21 10:00:00,199.02731396692025
2011-10-21 11:00:00,237.0706978809909
2011-10-21 12:00:00,283.6516272945657
2011-10-21 13:00:00,292.242792352516
2011-10-21 14:00:00,235.02162275201732
2011-10-21 15:00:00,251.75356718283356
2011-10-21 16:00:00,348.924096009782
2011-10-21 17:00:00,507.28819402286655
2011-10-21 18:00:00,483.5621798858566
2011-10-21 19:00:00,319.5208861378361
2011-10-21 20:00:00,231.54619818423382
2011-10-21 21:00:00,189.41409150451994
2011-10-21 22:00:00,184.92188184408516
2011-10-21 23:00:00,134.30101558852664
2011-10-22 00:00:00,101.28507691941992
2011-10-22 01:00:00,83.73666638003225
2011-10-22 02:00:00,49.00046260473613
2011-10-22 03:00:00,28.539472316698586
2011-10-22 04:00:00,9.821527518872761
2011-10-22 05:00:00,9.227623881780366
2011-10-22 06:00:00,23.634769461211132
2011-10-22 07:00:00,59.46861112032019
2011-10-22 08:00:00,135.87898837296927
2011-10-22 09:00:00,225.60035644542097
2011-10-22 10:00:00,310.75635887242476
2011-10-22 11:00:00,389.21763721962736
2011-10-22 12:00:00,491.86836583418125
2011-10-22 13:00:00,572.259161206918
2011-10-22 14:00:00,450.09758427200376
2011-10-22 15:00:00,434.02989645956495
2011-10-22 16:00:00,483.51322910323165
2011-10-22 17:00:00,374.0112786961982
2011-10-22 18:00:00,329.50284471506734
2011-10-22 19:00:00,234.44415681006754
2011-10-22 20:00:00,181.17311604454792
2011-10-22 21:00:00,143.4924992515844
2011-10-22 22:00:00,134.62623181345862
2011-10-22 23:00:00,128.03575800534708
2011-10-23 00:00:00,111.5631344441497
2011-10-23 01:00:00,98.48242627216027
2011-10-23 02:00:00,64.41205616412746
2011-10-23 03:00:00,28.683097436516796
2011-10-23 04:00:00,10.426269746746371
2011-10-23 05:00:00,7.873192133271134
2011-10-23 06:00:00,14.912473956536353
2011-10-23 07:00:00,42.658422541334176
2011-10-23 08:00:00,106.88907086093634
2011-10-23 09:00:00,152.02466791648473
2011-10-23 10:00:00,268.8567330753281
2011-10-23 11:00:00,350.6144720886512
2011-10-23 12:00:00,501.8965576662641
2011-10-23 13:00:00,486.4689912493584
2011-10-23 14:00:00,472.0002659172942
2011-10-23 15:00:00,457.17643804718097
2011-10-23 16:00:00,418.32096431388794
2011-10-23 17:00:00,366.06045799855843
2011-10-23 18:00:00,304.0400173461167
2011-10-23 19:00:00,216.11375993522807
2011-10-23 20:00:00,162.60351955372772
2011-10-23 21:00:00,126.53754827775748
2011-10-23 22:00:00,101.04318794197822
2011-10-23 23:00:00,72.58082447347563
2011-10-24 00:00:00,34.20800830783061
2011-10-24 01:00:00,13.278703921640146
2011-10-24 02:00:00,6.360632442158383
2011-10-24 03:00:00,4.665944278383451
2011-10-24 04:00:00,6.346845021750682
2011-10-24 05:00:00,28.560437592866712
2011-10-24 06:00:00,131.57495736783923
2011-10-24 07:00:00,342.06571642861195
2011-10-24 08:00:00,578.7944049849968
2011-10-24 09:00:00,318.6577487166586
2011-10-24 10:00:00,162.40679423516468
2011-10-24 11:00:00,175.13119142424193
2011-10-24 12:00:00,228.02935223429728
2011-10-24 13:00:00,236.298994503307
2011-10-24 14:00:00,223.03909383944122
2011-10-24 15:00:00,233.18921439191163
2011-10-24 16:00:00,324.7030734495075
2011-10-24 17:00:00,565.9464643376043
2011-10-24 18:00:00,628.5940777551964
2011-10-24 19:00:00,284.2411522982403
2011-10-24 20:00:00,274.1359209586532
2011-10-24 21:00:00,174.58028457004949
2011-10-24 22:00:00,128.0932633478665
2011-10-24 23:00:00,83.73724188363076
2011-10-25 00:00:00,31.77130049151799
2011-10-25 01:00:00,13.441758496532433
2011-10-25 02:00:00,5.696335656644299
2011-10-25 03:00:00,3.2583733145942984
2011-10-25 04:00:00,6.076022048623628
2011-10-25 05:00:00,27.9610944605014
2011-10-25 06:00:00,130.27416283417983
2011-10-25 07:00:00,326.7700614383456
2011-10-25 08:00:00,632.3271114942604
2011-10-25 09:00:00,306.55914181155737
2011-10-25 10:00:00,177.72221557676104
2011-10-25 11:00:00,185.96170169604062
2011-10-25 12:00:00,209.23990964230708
2011-10-25 13:00:00,206.7338866900189
2011-10-25 14:00:00,212.24150154962794
2011-10-25 15:00:00,212.60937684269427
2011-10-25 16:00:00,313.6010978729396
2011-10-25 17:00:00,624.3750331405994
2011-10-25 18:00:00,534.4610383355154
2011-10-25 19:00:00,367.3038168435375
2011-10-25 20:00:00,262.2760003285998
2011-10-25 21:00:00,195.0852566409298
2011-10-25 22:00:00,148.05803139037704
2011-10-25 23:00:00,95.19896833896861
2011-10-26 00:00:00,41.827142665220066
2011-10-26 01:00:00,18.75733249762296
2011-10-26 02:00:00,8.155723361934117
2011-10-26 03:00:00,6.4660468479189275
2011-10-26 04:00:00,7.34209531027277
2011-10-26 05:00:00,36.61457041715658
2011-10-26 06:00:00,156.58973398545785
2011-10-26 07:00:00,419.31393045963836
2011-10-26 08:00:00,632.3618523013987
2011-10-26 09:00:00,330.0804872639711
2011-10-26 10:00:00,208.25474036343857
2011-10-26 11:00:00,213.7658106449431
2011-10-26 12:00:00,180.4570635841543
2011-10-26 13:00:00,169.27242559960618
2011-10-26 14:00:00,158.64903088138547
2011-10-26 15:00:00,165.25411455810385
2011-10-26 16:00:00,252.2678820627467
2011-10-26 17:00:00,500.9549216418701
2011-10-26 18:00:00,494.16002223221284
2011-10-26 19:00:00,300.2416755530291
2011-10-26 20:00:00,197.42023686566472
2011-10-26 21:00:00,181.45776321129762
2011-10-26 22:00:00,115.11936787974214
2011-10-26 23:00:00,72.88916920805313
2011-10-27 00:00:00,34.76818448235598
2011-10-27 01:00:00,15.364878466125191
2011-10-27 02:00:00,5.9116448752178075
2011-10-27 03:00:00,3.4840280004022697
2011-10-27 04:00:00,4.126271163155823
2011-10-27 05:00:00,21.832486751482545
2011-10-27 06:00:00,80.55110418730207
2011-10-27 07:00:00,343.469059365469
2011-10-27 08:00:00,305.71569171659326
2011-10-27 09:00:00,235.92978222323237
2011-10-27 10:00:00,83.8629870001062
2011-10-27 11:00:00,98.20028473478348
2011-10-27 12:00:00,118.6567622556302
2011-10-27 13:00:00,154.61689579265698
2011-10-27 14:00:00,146.34940741765735
2011-10-27 15:00:00,154.19269291912823
2011-10-27 16:00:00,321.54478523563904
2011-10-27 17:00:00,395.74292701269354
2011-10-27 18:00:00,396.1803670806944
2011-10-27 19:00:00,281.04079743066336
2011-10-27 20:00:00,223.54790567302067
2011-10-27 21:00:00,171.96729504458364
2011-10-27 22:00:00,115.35275546678815
2011-10-27 23:00:00,86.07994138953167
2011-10-28 00:00:00,54.869462092818054
2011-10-28 01:00:00,21.23585207428675
2011-10-28 02:00:00,9.971663893581153
2011-10-28 03:00:00,5.409158131409369
2011-10-28 04:00:00,5.728969523737981
2011-10-28 05:00:00,31.18519743571137
2011-10-28 06:00:00,129.0164395530302
2011-10-28 07:00:00,358.12422662290527
2011-10-28 08:00:00,599.9953402839484
2011-10-28 09:00:00,280.84516957834785
2011-10-28 10:00:00,168.1006374211749
2011-10-28 11:00:00,192.20051007536813
2011-10-28 12:00:00,269.4826601132369
2011-10-28 13:00:00,262.0587942682683
2011-10-28 14:00:00,197.7218067850182
2011-10-28 15:00:00,221.8501500172503
2011-10-28 16:00:00,291.2386487729438
2011-10-28 17:00:00,446.6455786617504
2011-10-28 18:00:00,438.7985849823722
2011-10-28 19:00:00,279.98417866673776
2011-10-28 20:00:00,135.44335848187862
2011-10-28 21:00:00,99.70938767523349
2011-10-28 22:00:00,63.264880516903524
2011-10-28 23:00:00,50.84796662783911
2011-10-29 00:00:00,43.80303293399688
2011-10-29 01:00:00,42.85778379564894
2011-10-29 02:00:00,28.194037885507907
2011-10-29 03:00:00,12.978941011130747
2011-10-29 04:00:00,5.022150531243588
2011-10-29 05:00:00,4.264008885221002
2011-10-29 06:00:00,7.974028248024382
2011-10-29 07:00:00,19.821835139042165
2011-10-29 08:00:00,46.148846989282795
2011-10-29 09:00:00,70.45593135548752
2011-10-29 10:00:00,124.93115243317766
2011-10-29 11:00:00,142.82295689823735
2011-10-29 12:00:00,127.47339158173153
2011-10-29 13:00:00,108.01448503598287
2011-10-29 14:00:00,116.35466849246444
2011-10-29 15:00:00,154.09930163310236
2011-10-29 16:00:00,116.41053772381129
2011-10-29 17:00:00,104.0198315652496
2011-10-29 18:00:00,92.49539376459583
2011-10-29 19:00:00,119.27640515913484
2011-10-29 20:00:00,97.11083099640018
2011-10-29 21:00:00,83.83703655949554
2011-10-29 22:00:00,73.8888257185959
2011-10-29 23:00:00,81.76365435905717
2011-10-30 00:00:00,58.60143746915679
2011-10-30 01:00:00,51.11690899181203
2011-10-30 02:00:00,32.952430298395925
2011-10-30 03:00:00,15.402652871052553
2011-10-30 04:00:00,4.945151123322883
2011-10-30 05:00:00,4.134951890640111
2011-10-30 06:00:00,7.803011955873037
2011-10-30 07:00:00,21.090026157298713
2011-10-30 08:00:00,74.0150159867048
2011-10-30 09:00:00,133.53457066243612
2011-10-30 10:00:00,246.2194223125966
2011-10-30 11:00:00,347.47177351758853
2011-10-30 12:00:00,379.8467647794078
2011-10-30 13:00:00,458.8185294595721
2011-10-30 14:00:00,389.75351035304584
2011-10-30 15:00:00,384.72263849021937
2011-10-30 16:00:00,356.3089043807621
2011-10-30 17:00:00,318.23632537089964
2011-10-30 18:00:00,265.02351249563253
2011-10-30 19:00:00,282.5864719105918
2011-10-30 20:00:00,138.8571507368813
2011-10-30 21:00:00,95.18599016754598
2011-10-30 22:00:00,71.92331705567892
2011-10-30 23:00:00,54.755382143783024
2011-10-31 00:00:00,19.05926396341536
2011-10-31 01:00:00,8.64057716293835
2011-10-31 02:00:00,4.604471782676942
2011-10-31 03:00:00,3.6982780098442216
2011-10-31 04:00:00,4.4402192401725
2011-10-31 05:00:00,19.663016687643772
2011-10-31 06:00:00,96.43183551011191
2011-10-31 07:00:00,273.46637104532385
2011-10-31 08:00:00,444.4824844739979
2011-10-31 09:00:00,244.96206812185392
2011-10-31 10:00:00,149.19685000577735
2011-10-31 11:00:00,154.1649290395618
2011-10-31 12:00:00,231.26684218372256
2011-10-31 13:00:00,238.98710247403957
2011-10-31 14:00:00,199.67196729144152
2011-10-31 15:00:00,202.74184332508335
2011-10-31 16:00:00,290.14516327418175
2011-10-31 17:00:00,568.8011542423383
2011-10-31 18:00:00,449.7323881292441
2011-10-31 19:00:00,309.5712373220651
2011-10-31 20:00:00,223.04771170557228
2011-10-31 21:00:00,125.77514277772914
2011-10-31 22:00:00,88.09636397842746
2011-10-31 23:00:00,56.27304175573828
2011-11-20 00:00:00,108.57651411555577
2011-11-20 01:00:00,101.64315713698178
2011-11-20 02:00:00,59.34584698444469
2011-11-20 03:00:00,25.422417288855016
2011-11-20 04:00:00,9.547055091137835
2011-11-20 05:00:00,7.160789380612226
2011-11-20 06:00:00,16.071985201042345
2011-11-20 07:00:00,46.03861913321118
2011-11-20 08:00:00,92.41174203391701
2011-11-20 09:00:00,179.99892002114413
2011-11-20 10:00:00,261.6397875168529
2011-11-20 11:00:00,362.99083117335897
2011-11-20 12:00:00,440.9440647434874
2011-11-20 13:00:00,497.9385486715966
2011-11-20 14:00:00,467.6461983225094
2011-11-20 15:00:00,399.5206642913917
2011-11-20 16:00:00,409.6800525289519
2011-11-20 17:00:00,369.76011724037176
2011-11-20 18:00:00,341.4276961959633
2011-11-20 19:00:00,212.9804604948579
2011-11-20 20:00:00,174.60053453823716
2011-11-20 21:00:00,135.98316608864695
2011-11-20 22:00:00,60.15730406333168
2011-11-20 23:00:00,48.56441249783682
2011-11-21 00:00:00,28.594008111919997
2011-11-21 01:00:00,10.331880208474717
2011-11-21 02:00:00,4.577939114901885
2011-11-21 03:00:00,3.193404160992772
2011-11-21 04:00:00,4.7958242967238975
2011-11-21 05:00:00,24.366388600946138
2011-11-21 06:00:00,100.41748011784972
2011-11-21 07:00:00,364.8040624178335
2011-11-21 08:00:00,555.7773272067683
2011-11-21 09:00:00,268.4216659990927
2011-11-21 10:00:00,175.33012631211136
2011-11-21 11:00:00,180.3468791289046
2011-11-21 12:00:00,206.51324449771698
2011-11-21 13:00:00,199.80929140468334
2011-11-21 14:00:00,167.5979191788744
2011-11-21 15:00:00,128.30529664480827
2011-11-21 16:00:00,190.9765188638782
2011-11-21 17:00:00,310.34609639984023
2011-11-21 18:00:00,338.5632694685803
2011-11-21 19:00:00,212.4534029804383
2011-11-21 20:00:00,173.1491624714837
2011-11-21 21:00:00,110.61883131808081
2011-11-21 22:00:00,82.33344688587896
2011-11-21 23:00:00,52.746864304898466
2011-11-22 00:00:00,19.045600367900672
2011-11-22 01:00:00,8.860742607069032
2011-11-22 02:00:00,3.804566893267871
2011-11-22 03:00:00,2.461920171132909
2011-11-22 04:00:00,4.823791046647713
2011-11-22 05:00:00,21.325063050072895
2011-11-22 06:00:00,111.59874055332898
2011-11-22 07:00:00,218.68878814370797
2011-11-22 08:00:00,362.65986175357347
2011-11-22 09:00:00,163.7802835515514
2011-11-22 10:00:00,82.06392846313037
2011-11-22 11:00:00,88.00453173604906
2011-11-22 12:00:00,74.91220426016994
2011-11-22 13:00:00,75.28146888547536
2011-11-22 14:00:00,66.6997753331837
2011-11-22 15:00:00,94.47884144522308
2011-11-22 16:00:00,145.91871467577656
2011-11-22 17:00:00,214.46834293968675
2011-11-22 18:00:00,196.80403419122197
2011-11-22 19:00:00,201.8195223873634
2011-11-22 20:00:00,156.67627964985456
2011-11-22 21:00:00,118.14784267835604
2011-11-22 22:00:00,113.73483257118943
2011-11-22 23:00:00,78.81078619617422
2011-11-23 00:00:00,25.48009198989363
2011-11-23 01:00:00,10.46490512577314
2011-11-23 02:00:00,3.6048241046685745
2011-11-23 03:00:00,2.5709843648634396
2011-11-23 04:00:00,3.9816192513597786
2011-11-23 05:00:00,23.097778580933955
2011-11-23 06:00:00,78.02004331331794
2011-11-23 07:00:00,214.81192683602632
2011-11-23 08:00:00,416.71905375629643
2011-11-23 09:00:00,193.8980734593664
2011-11-23 10:00:00,113.65952107448999
2011-11-23 11:00:00,171.46519708999924
2011-11-23 12:00:00,224.60479060799744
2011-11-23 13:00:00,227.09176296340334
2011-11-23 14:00:00,186.3218805066546
2011-11-23 15:00:00,201.3714539104567
2011-11-23 16:00:00,255.81373792196865
2011-11-23 17:00:00,270.7216874354627
2011-11-23 18:00:00,466.04125666720444
2011-11-23 19:00:00,345.29699912606486
2011-11-23 20:00:00,249.64958510417418
2011-11-23 21:00:00,179.77711917118882
2011-11-23 22:00:00,138.89235486598562
2011-11-23 23:00:00,90.87770614616122
2011-11-24 00:00:00,83.38666546045658
2011-11-24 01:00:00,43.517852169116345
2011-11-24 02:00:00,28.744219980448484
2011-11-24 03:00:00,14.821137717306181
2011-11-24 04:00:00,10.970881312686576
2011-11-24 05:00:00,18.222072624919655
2011-11-24 06:00:00,48.285283435627406
2011-11-24 07:00:00,79.47917417297671
2011-11-24 08:00:00,267.359088579974
2011-11-24 09:00:00,365.24805343816683
2011-11-24 10:00:00,416.8947863781014
2011-11-24 11:00:00,404.3693251232607
2011-11-24 12:00:00,572.2378642201469
2011-11-24 13:00:00,541.5008520825468
2011-11-24 14:00:00,439.1666216557749
2011-11-24 15:00:00,463.73064861497437
2011-11-24 16:00:00,461.86718265388294
2011-11-24 17:00:00,514.9556836622113
2011-11-24 18:00:00,419.1054333439112
2011-11-24 19:00:00,379.93194840399246
2011-11-24 20:00:00,296.0012039161173
2011-11-24 21:00:00,266.99210011197584
2011-11-24 22:00:00,202.93108042163198
2011-11-24 23:00:00,133.07551198809256
2011-11-25 00:00:00,57.1988419868117
2011-11-25 01:00:00,23.358057516408103
2011-11-25 02:00:00,11.025150995714089
2011-11-25 03:00:00,6.128655078896158
2011-11-25 04:00:00,6.048750981540818
2011-11-25 05:00:00,26.260020126654027
2011-11-25 06:00:00,116.05012982315246
2011-11-25 07:00:00,238.67647868519023
2011-11-25 08:00:00,654.7909243270971
2011-11-25 09:00:00,273.9352205170474
2011-11-25 10:00:00,176.3136358849078
2011-11-25 11:00:00,189.59441932440708
2011-11-25 12:00:00,263.471056013777
2011-11-25 13:00:00,285.72183323232696
2011-11-25 14:00:00,236.8305368084487
2011-11-25 15:00:00,237.48494977111585
2011-11-25 16:00:00,352.15375072868636
2011-11-25 17:00:00,545.8716941362735
2011-11-25 18:00:00,519.4303326465259
2011-11-25 19:00:00,302.49745621333636
2011-11-25 20:00:00,221.9703427219838
2011-11-25 21:00:00,151.63754150593235
2011-11-25 22:00:00,143.1502226225027
2011-11-25 23:00:00,116.42714982187127
2011-11-26 00:00:00,107.52957088716312
2011-11-26 01:00:00,82.84012865363573
2011-11-26 02:00:00,55.32978145941304
2011-11-26 03:00:00,25.67057190830713
2011-11-26 04:00:00,9.177181955205471
2011-11-26 05:00:00,8.947557894479155
2011-11-26 06:00:00,20.607942181328077
2011-11-26 07:00:00,42.2502085346925
2011-11-26 08:00:00,126.52076151933322
2011-11-26 09:00:00,205.8597250959222
2011-11-26 10:00:00,310.2016990771568
2011-11-26 11:00:00,376.8079385964872
2011-11-26 12:00:00,489.2100564891304
2011-11-26 13:00:00,585.8774516728881
2011-11-26 14:00:00,520.4962285326894
2011-11-26 15:00:00,493.37794699190937
2011-11-26 16:00:00,421.96622083157115
2011-11-26 17:00:00,366.93050242253634
2011-11-26 18:00:00,277.217560745662
2011-11-26 19:00:00,207.10304590039254
2011-11-26 20:00:00,169.56557686259464
2011-11-26 21:00:00,142.44293971921
2011-11-26 22:00:00,120.22699957047877
2011-11-26 23:00:00,116.09135721630338
2011-11-27 00:00:00,111.7114990974374
2011-11-27 01:00:00,102.43937402792001
2011-11-27 02:00:00,62.728332301456824
2011-11-27 03:00:00,29.634324494155003
2011-11-27 04:00:00,11.031962117519198
2011-11-27 05:00:00,8.781874074490656
2011-11-27 06:00:00,17.616970680234555
2011-11-27 07:00:00,36.1084792901349
2011-11-27 08:00:00,77.22963024875975
2011-11-27 09:00:00,170.06796425274186
2011-11-27 10:00:00,253.51097981458508
2011-11-27 11:00:00,367.4778799422574
2011-11-27 12:00:00,515.4191242985246
2011-11-27 13:00:00,530.3509152472102
2011-11-27 14:00:00,437.1995659140945
2011-11-27 15:00:00,475.1486210097568
2011-11-27 16:00:00,502.3491662204043
2011-11-27 17:00:00,465.47932321228467
2011-11-27 18:00:00,299.6447484169737
2011-11-27 19:00:00,248.98006192614884
2011-11-27 20:00:00,190.72955446316547
2011-11-27 21:00:00,137.24738379647363
2011-11-27 22:00:00,112.07551974393841
2011-11-27 23:00:00,76.75690404796192
2011-11-28 00:00:00,35.21637702138169
2011-11-28 01:00:00,14.64728553901892
2011-11-28 03:00:00,5.213792406545335
2011-11-28 04:00:00,7.650550556188755
2011-11-28 05:00:00,27.825978826159677
2011-11-28 06:00:00,147.5150277112944
2011-11-28 07:00:00,381.2816753047237
2011-11-28 08:00:00,535.9994998988988
2011-11-28 09:00:00,326.18441024783056
2011-11-28 10:00:00,174.46003493782825
2011-11-28 11:00:00,184.44272571287135
2011-11-28 12:00:00,233.61225091798875
2011-11-28 13:00:00,239.64430583447685
2011-11-28 14:00:00,221.94758947191607
2011-11-28 15:00:00,235.4215893689175
2011-11-28 16:00:00,338.4896891514256
2011-11-28 17:00:00,678.9634836762222
2011-11-28 18:00:00,587.438240741562
2011-11-28 19:00:00,397.34792959987993
2011-11-28 20:00:00,299.5545623183304
2011-11-28 21:00:00,212.4621671277669
2011-11-28 22:00:00,138.46304871619532
2011-11-28 23:00:00,87.3036674193085
2011-11-29 00:00:00,26.378599646397667
2011-11-29 01:00:00,11.658534189868607
2011-11-29 02:00:00,5.6627126667373675
2011-11-29 03:00:00,3.6933905914037477
2011-11-29 04:00:00,6.272496014672913
2011-11-29 05:00:00,27.682717933624566
2011-11-29 06:00:00,123.36323762039784
2011-11-29 07:00:00,382.3551355409897
2011-11-29 08:00:00,547.2237131901944
2011-11-29 09:00:00,201.11164899242607
2011-11-29 10:00:00,120.79780593694117
2011-11-29 11:00:00,90.6364361054043
2011-11-29 12:00:00,111.9296319750829
2011-11-29 13:00:00,141.60556839109498
2011-11-29 14:00:00,87.18910590077739
2011-11-29 15:00:00,90.4515163370038
2011-11-29 16:00:00,160.1828878515851
2011-11-29 17:00:00,343.5649176160885
2011-11-29 18:00:00,372.7372132944103
2011-11-29 19:00:00,260.28281878941965
2011-11-29 20:00:00,193.2967668095129
2011-11-29 21:00:00,145.24793339500766
2011-11-29 22:00:00,115.53448490738498
2011-11-29 23:00:00,60.716650355722614
2011-11-30 00:00:00,39.201282501996005
2011-11-30 01:00:00,15.240507861632647
2011-11-30 02:00:00,6.763985008584728
2011-11-30 03:00:00,5.275721540381752
2011-11-30 04:00:00,6.976446268074442
2011-11-30 05:00:00,26.52518308719835
2011-11-30 06:00:00,101.40739563757081
2011-11-30 07:00:00,306.5008098072137
2011-11-30 08:00:00,541.2937893883769
2011-11-30 09:00:00,237.13537568617804
2011-11-30 10:00:00,167.7059416917964
2011-11-30 11:00:00,174.9986158600212
2011-11-30 12:00:00,207.07594308996534
2011-11-30 13:00:00,233.53180016529953
2011-11-30 14:00:00,202.55146468930687
2011-11-30 15:00:00,187.54279036853225
2011-11-30 16:00:00,272.40526147921736
2011-11-30 17:00:00,534.4752346576502
2011-11-30 18:00:00,461.928324564391
2011-11-30 19:00:00,324.6579930776397
2011-11-30 20:00:00,230.16097776543313
2011-11-30 21:00:00,166.12523224311894
2011-11-30 22:00:00,130.7440489685089
2011-11-30 23:00:00,78.34825480910753
2011-12-20 00:00:00,28.25075529415697
2011-12-20 01:00:00,11.789465417498922
2011-12-20 02:00:00,6.095910224218067
2011-12-20 03:00:00,4.048176806827325
2011-12-20 04:00:00,7.392693350142092
2011-12-20 05:00:00,30.941218324116186
2011-12-20 06:00:00,133.2098611920208
2011-12-20 07:00:00,361.4287328137557
2011-12-20 08:00:00,664.8445267109589
2011-12-20 09:00:00,285.12677844723487
2011-12-20 10:00:00,156.583440592049
2011-12-20 11:00:00,158.95912374852153
2011-12-20 12:00:00,231.98080214818563
2011-12-20 13:00:00,225.9924779590315
2011-12-20 14:00:00,186.83330027276259
2011-12-20 15:00:00,203.57488125793333
2011-12-20 16:00:00,314.1584609474757
2011-12-20 17:00:00,531.1595528176744
2011-12-20 18:00:00,469.3915921556176
2011-12-20 19:00:00,328.1092150687542
2011-12-20 20:00:00,214.6005726284364
2011-12-20 21:00:00,166.92703112250382
2011-12-20 22:00:00,126.23571641222605
2011-12-20 23:00:00,88.22567892514874
2011-12-21 00:00:00,17.764542393402703
2011-12-21 01:00:00,6.632880903555037
2011-12-21 02:00:00,3.4243422125145297
2011-12-21 03:00:00,2.5447548511990226
2011-12-21 04:00:00,2.5306216055258086
2011-12-21 05:00:00,17.228247974583915
2011-12-21 06:00:00,71.91650375949808
2011-12-21 07:00:00,210.60172267776528
2011-12-21 08:00:00,134.40679171191144
2011-12-21 09:00:00,168.2514981913691
2011-12-21 10:00:00,106.30071381234922
2011-12-21 11:00:00,100.67137721011161
2011-12-21 12:00:00,47.51941836608453
2011-12-21 13:00:00,28.19252023864225
2011-12-21 14:00:00,86.41227800657099
2011-12-21 15:00:00,90.89730871280555
2011-12-21 16:00:00,28.340305612866743
2011-12-21 17:00:00,56.65990375157365
2011-12-21 18:00:00,105.30827886597875
2011-12-21 19:00:00,134.52395237301238
2011-12-21 20:00:00,112.0301055552669
2011-12-21 21:00:00,126.59063361915794
2011-12-21 22:00:00,107.93062050153411
2011-12-21 23:00:00,71.52789804548874
2011-12-22 00:00:00,32.82581633297317
2011-12-22 01:00:00,11.67872133966309
2011-12-22 02:00:00,9.02009400758445
2011-12-22 03:00:00,4.2786479462476175
2011-12-22 04:00:00,3.7246299193009293
2011-12-22 05:00:00,21.492953319830207
2011-12-22 06:00:00,98.90586876521775
2011-12-22 07:00:00,195.3722021591638
2011-12-22 08:00:00,406.92259280579947
2011-12-22 09:00:00,219.21871012940076
2011-12-22 10:00:00,111.10315096216966
2011-12-22 11:00:00,119.10036303628029
2011-12-22 12:00:00,160.12378760863942
2011-12-22 13:00:00,145.92382143570885
2011-12-22 14:00:00,131.66807802897128
2011-12-22 15:00:00,145.22388642038368
2011-12-22 16:00:00,198.3311364846495
2011-12-22 17:00:00,373.14535244980516
2011-12-22 18:00:00,368.5780329516648
2011-12-22 19:00:00,257.833207000098
2011-12-22 20:00:00,131.18604662178615
2011-12-22 21:00:00,101.95909831118836
2011-12-22 22:00:00,52.18311018128179
2011-12-22 23:00:00,44.56554557236377
2011-12-23 00:00:00,21.558953371609213
2011-12-23 01:00:00,10.408120860056474
2011-12-23 02:00:00,5.740292992703069
2011-12-23 03:00:00,2.8904164673239334
2011-12-23 04:00:00,1.949215036519217
2011-12-23 05:00:00,13.353187653453343
2011-12-23 06:00:00,79.86411464332701
2011-12-23 07:00:00,231.57134941989776
2011-12-23 08:00:00,397.2005928681491
2011-12-23 09:00:00,205.19753443380364
2011-12-23 10:00:00,116.65462004267117
2011-12-23 11:00:00,129.011376867616
2011-12-23 12:00:00,168.24031781773482
2011-12-23 13:00:00,152.55645146945196
2011-12-23 14:00:00,149.00215734936714
2011-12-23 15:00:00,140.8124778105295
2011-12-23 16:00:00,173.46387189058294
2011-12-23 17:00:00,303.41516047196274
2011-12-23 18:00:00,263.81827901784857
2011-12-23 19:00:00,201.72732577234368
2011-12-23 20:00:00,107.87873851874049
2011-12-23 21:00:00,91.9039201465234
2011-12-23 22:00:00,79.5722923357011
2011-12-23 23:00:00,62.55964315587408
2011-12-24 00:00:00,49.80412630802457
2011-12-24 01:00:00,39.32890723120554
2011-12-24 02:00:00,27.716300508279044
2011-12-24 03:00:00,13.325283579396963
2011-12-24 04:00:00,3.7415528589653033
2011-12-24 05:00:00,3.5606425137875073
2011-12-24 06:00:00,9.530088947000614
2011-12-24 07:00:00,20.335186272539794
2011-12-24 08:00:00,61.08669517903408
2011-12-24 09:00:00,96.2339826326808
2011-12-24 10:00:00,119.50890425242036
2011-12-24 11:00:00,153.99920807171216
2011-12-24 12:00:00,238.26847385568658
2011-12-24 13:00:00,236.17219144245533
2011-12-24 14:00:00,207.80965356877888
2011-12-24 15:00:00,202.75879131997368
2011-12-24 16:00:00,212.43746773923237
2011-12-24 17:00:00,150.62772092373055
2011-12-24 18:00:00,161.00414243731473
2011-12-24 19:00:00,120.11704287051023
2011-12-24 20:00:00,77.56253409050444
2011-12-24 21:00:00,61.75359239936577
2011-12-24 22:00:00,47.86498193109475
2011-12-24 23:00:00,43.47938929308498
2011-12-25 00:00:00,45.79380933904002
2011-12-25 01:00:00,34.520837060425784
2011-12-25 02:00:00,24.142704280074792
2011-12-25 03:00:00,10.466024647316026
2011-12-25 05:00:00,2.47696755419375
2011-12-25 06:00:00,4.241982706960718
2011-12-25 07:00:00,13.264455842898498
2011-12-25 08:00:00,37.57669433797673
2011-12-25 09:00:00,88.01306337325302
2011-12-25 10:00:00,96.25973745280174
2011-12-25 11:00:00,169.91135962692277
2011-12-25 12:00:00,116.29555724063285
2011-12-25 13:00:00,176.47935411498642
2011-12-25 14:00:00,179.79167444636505
2011-12-25 15:00:00,199.66988705437996
2011-12-25 16:00:00,187.61967728170245
2011-12-25 17:00:00,176.74273117155298
2011-12-25 18:00:00,122.3183984072596
2011-12-25 19:00:00,109.57740274871584
2011-12-25 20:00:00,81.73182345806131
2011-12-25 21:00:00,61.30271870108729
2011-12-25 22:00:00,41.02621013914465
2011-12-25 23:00:00,25.623293746154676
2011-12-26 00:00:00,25.05854043286772
2011-12-26 01:00:00,21.388075945846797
2011-12-26 02:00:00,12.662645537737951
2011-12-26 04:00:00,3.8158113151558344
2011-12-26 05:00:00,5.763864587048122
2011-12-26 06:00:00,14.214762209943304
2011-12-26 07:00:00,43.46470735233646
2011-12-26 08:00:00,106.6877979203019
2011-12-26 09:00:00,139.1865335291514
2011-12-26 10:00:00,144.02457679715036
2011-12-26 11:00:00,143.12939070948457
2011-12-26 12:00:00,200.47786166186353
2011-12-26 13:00:00,229.89946577896953
2011-12-26 14:00:00,197.4185393958261
2011-12-26 15:00:00,217.24946039319087
2011-12-26 16:00:00,192.5541625827925
2011-12-26 17:00:00,178.17840931087093
2011-12-26 18:00:00,162.31355883242875
2011-12-26 19:00:00,147.46822021353287
2011-12-26 20:00:00,136.56756762326935
2011-12-26 21:00:00,86.65863921536797
2011-12-26 22:00:00,62.279117553295414
2011-12-26 23:00:00,35.397462660713636
2011-12-27 00:00:00,12.65029893678436
2011-12-27 01:00:00,5.2197448090339655
2011-12-27 02:00:00,2.7260475649020592
2011-12-27 03:00:00,2.2391474381105345
2011-12-27 04:00:00,2.7121438531511877
2011-12-27 05:00:00,12.157223741324142
2011-12-27 06:00:00,69.91762956798271
2011-12-27 07:00:00,191.15005800735852
2011-12-27 08:00:00,309.20012823705184
2011-12-27 09:00:00,144.2234477855384
2011-12-27 10:00:00,88.59518698365976
2011-12-27 11:00:00,72.09445201166416
2011-12-27 12:00:00,58.82258325533545
2011-12-27 13:00:00,55.515005295070615
2011-12-27 14:00:00,48.377124191428614
2011-12-27 15:00:00,51.00695354225287
2011-12-27 16:00:00,73.95173227727004
2011-12-27 17:00:00,182.1710411984558
2011-12-27 18:00:00,206.07755752276833
2011-12-27 19:00:00,172.70280213558337
2011-12-27 20:00:00,96.0502884351996
2011-12-27 21:00:00,85.49963289802541
2011-12-27 22:00:00,66.14507026439871
2011-12-27 23:00:00,28.87579100284349
2011-12-28 00:00:00,14.26179308745791
2011-12-28 01:00:00,6.781063231638227
2011-12-28 02:00:00,3.298908918307621
2011-12-28 03:00:00,2.449872264080518
2011-12-28 05:00:00,12.760684782615376
2011-12-28 06:00:00,71.22864472578084
2011-12-28 07:00:00,202.83769092809914
2011-12-28 08:00:00,343.26252435192686
2011-12-28 09:00:00,161.26251955074434
2011-12-28 10:00:00,94.8528584270696
2011-12-28 11:00:00,94.11074331408436
2011-12-28 12:00:00,99.11372726334352
2011-12-28 13:00:00,101.31972183278603
2011-12-28 14:00:00,81.69148015630856
2011-12-28 15:00:00,89.52036376021903
2011-12-28 16:00:00,136.03371458401318
2011-12-28 17:00:00,269.1148251776623
2011-12-28 18:00:00,229.27740703350605
2011-12-28 19:00:00,152.62933731329227
2011-12-28 20:00:00,117.50279486264066
2011-12-28 21:00:00,79.169263962776
2011-12-28 22:00:00,59.76371326147154
2011-12-28 23:00:00,29.917792752947406
2011-12-29 00:00:00,13.279954222336867
2011-12-29 01:00:00,5.257731827968438
2011-12-29 02:00:00,3.664109284021804
2011-12-29 03:00:00,1.8402929650871886
2011-12-29 04:00:00,1.9818879712935917
2011-12-29 05:00:00,11.012191757281448
2011-12-29 06:00:00,54.657197313611576
2011-12-29 07:00:00,157.1309827160966
2011-12-29 08:00:00,291.03204970531976
2011-12-29 09:00:00,176.66471816087926
2011-12-29 10:00:00,76.23773488070675
2011-12-29 11:00:00,84.49257481877538
2011-12-29 12:00:00,106.50229245327498
2011-12-29 13:00:00,111.96298468279011
2011-12-29 14:00:00,95.30933192251608
2011-12-29 15:00:00,104.20120951421416
2011-12-29 16:00:00,160.70240181055647
2011-12-29 17:00:00,312.9412242324807
2011-12-29 18:00:00,298.2963822935535
2011-12-29 19:00:00,218.23033610617463
2011-12-29 20:00:00,127.23136979337767
2011-12-29 21:00:00,102.88443743741647
2011-12-29 22:00:00,77.86195058996636
2011-12-29 23:00:00,53.60869420642728
2011-12-30 00:00:00,34.541748542643596
2011-12-30 01:00:00,10.075682423325345
2011-12-30 02:00:00,6.0508238630326625
2011-12-30 03:00:00,3.00734123656333
2011-12-30 04:00:00,2.542161134513782
2011-12-30 05:00:00,9.84352771937837
2011-12-30 06:00:00,59.76841639535309
2011-12-30 07:00:00,158.04504403626711
2011-12-30 08:00:00,344.04049334166564
2011-12-30 09:00:00,170.72627105287327
2011-12-30 10:00:00,91.99434679274736
2011-12-30 11:00:00,102.23959899904496
2011-12-30 12:00:00,140.27563776221788
2011-12-30 13:00:00,145.79242876412724
2011-12-30 14:00:00,134.28294181025888
2011-12-30 15:00:00,178.71548003426926
2011-12-30 16:00:00,238.25060567262491
2011-12-30 17:00:00,356.310828125024
2011-12-30 18:00:00,277.7197641891526
2011-12-30 19:00:00,157.0798043622271
2011-12-30 20:00:00,119.24770794324132
2011-12-30 21:00:00,93.0572126702292
2011-12-30 22:00:00,89.82485922467528
2011-12-30 23:00:00,56.506871807302545
2011-12-31 00:00:00,39.61894753373971
2011-12-31 01:00:00,35.34044924891238
2011-12-31 02:00:00,23.988557653484268
2011-12-31 03:00:00,10.833148487462264
2011-12-31 04:00:00,4.273440073446813
2011-12-31 05:00:00,2.858868816100082
2011-12-31 06:00:00,10.448410388295171
2011-12-31 07:00:00,19.438812502731643
2011-12-31 08:00:00,82.78694962179128
2011-12-31 09:00:00,122.04753727771887
2011-12-31 10:00:00,173.7702175163656
2011-12-31 11:00:00,249.15829635394851
2011-12-31 12:00:00,423.25906411494344
2011-12-31 13:00:00,343.29806196924847
2011-12-31 14:00:00,239.05559618442027
2011-12-31 15:00:00,250.24837638033983
2011-12-31 16:00:00,218.11762156206487
2011-12-31 17:00:00,244.76646041884743
2011-12-31 18:00:00,210.10549722034253
2011-12-31 19:00:00,151.19143618657475
2011-12-31 20:00:00,124.83993617665311
2011-12-31 21:00:00,94.68062615791885
2011-12-31 22:00:00,82.63499269989485
2011-12-31 23:00:00,61.546300211078496
2012-01-20 00:00:00,25.045772309825615
2012-01-20 01:00:00,12.717961939953316
2012-01-20 02:00:00,6.761074675190815
2012-01-20 03:00:00,2.883851219082453
2012-01-20 04:00:00,2.2693557732722516
2012-01-20 05:00:00,10.306046010146908
2012-01-20 06:00:00,52.06778442069641
2012-01-20 07:00:00,130.31213962148237
2012-01-20 08:00:00,300.3880476662045
2012-01-20 09:00:00,148.10625319285595
2012-01-20 10:00:00,75.67296976390934
2012-01-20 11:00:00,53.87711290632663
2012-01-20 12:00:00,67.61798156138902
2012-01-20 13:00:00,89.65888360031687
2012-01-20 14:00:00,76.19583679005447
2012-01-20 15:00:00,84.07947039057181
2012-01-20 16:00:00,96.73495304759821
2012-01-20 17:00:00,179.0313597034317
2012-01-20 18:00:00,151.62160698738748
2012-01-20 19:00:00,107.84992342990436
2012-01-20 20:00:00,73.15906067396372
2012-01-20 21:00:00,58.50303133363777
2012-01-20 22:00:00,43.08238271004263
2012-01-20 23:00:00,18.54616280124529
2012-01-21 00:00:00,18.473353961655256
2012-01-21 01:00:00,21.977179093852836
2012-01-21 02:00:00,19.970430314978675
2012-01-21 03:00:00,6.910592371866793
2012-01-21 04:00:00,2.789841919859146
2012-01-21 05:00:00,2.1726008554225844
2012-01-21 06:00:00,3.2761640463069925
2012-01-21 07:00:00,8.407157183114421
2012-01-21 08:00:00,22.49150417746278
2012-01-21 09:00:00,38.28168910890875
2012-01-21 10:00:00,34.63939262043501
2012-01-21 11:00:00,118.5068770242657
2012-01-21 12:00:00,133.12996633842042
2012-01-21 13:00:00,82.74463524092761
2012-01-21 14:00:00,77.19236883682846
2012-01-21 15:00:00,80.56623821341192
2012-01-21 16:00:00,58.58538319792743
2012-01-21 17:00:00,49.88093039839899
2012-01-21 18:00:00,43.44995978187318
2012-01-21 19:00:00,41.30683939442343
2012-01-21 20:00:00,32.882730403822926
2012-01-21 21:00:00,33.58108553035069
2012-01-21 22:00:00,27.699486005135157
2012-01-21 23:00:00,23.60476693899783
2012-01-22 00:00:00,25.12701440318228
2012-01-22 01:00:00,22.232294991960234
2012-01-22 02:00:00,16.82074692290619
2012-01-22 03:00:00,7.292279378223122
2012-01-22 04:00:00,1.8348524916136801
2012-01-22 05:00:00,1.5545682134986702
2012-01-22 06:00:00,2.8712432276499498
2012-01-22 07:00:00,7.772823713588839
2012-01-22 08:00:00,23.770376977844023
2012-01-22 09:00:00,43.2300997211467
2012-01-22 10:00:00,58.80369824385306
2012-01-22 11:00:00,48.504431961225855
2012-01-22 12:00:00,72.7958331892755
2012-01-22 13:00:00,99.05102865506841
2012-01-22 14:00:00,90.94664290435504
2012-01-22 15:00:00,87.63550667018457
2012-01-22 16:00:00,81.12586463694994
2012-01-22 17:00:00,77.09036687740475
2012-01-22 18:00:00,52.93214309087529
2012-01-22 19:00:00,47.15027177258151
2012-01-22 20:00:00,34.53436912283389
2012-01-22 21:00:00,25.508736070751137
2012-01-22 22:00:00,22.97927784517053
2012-01-22 23:00:00,15.422990608186236
2012-01-23 00:00:00,10.780230359112569
2012-01-23 01:00:00,4.879268056640503
2012-01-23 02:00:00,2.9866403017661973
2012-01-23 03:00:00,1.8725012187696628
2012-01-23 04:00:00,1.9355893189550608
2012-01-23 05:00:00,9.495611405610122
2012-01-23 06:00:00,53.7774124259707
2012-01-23 07:00:00,116.40097589968865
2012-01-23 08:00:00,272.9728325246443
2012-01-23 09:00:00,193.1634892537759
2012-01-23 10:00:00,51.013229159338884
2012-01-23 11:00:00,52.69695561966994
2012-01-23 12:00:00,56.82919028627957
2012-01-23 13:00:00,44.57724066431059
2012-01-23 14:00:00,39.47575627989564
2012-01-23 15:00:00,28.008321863693105
2012-01-23 16:00:00,100.50219223504271
2012-01-23 17:00:00,163.16131413931302
2012-01-23 18:00:00,201.98064115872793
2012-01-23 19:00:00,145.27048520412134
2012-01-23 20:00:00,89.03048025747843
2012-01-23 21:00:00,43.800104215663985
2012-01-23 22:00:00,30.708415536116537
2012-01-23 23:00:00,14.608465832921368
2012-01-24 00:00:00,6.812888235213441
2012-01-24 01:00:00,4.16965527665415
2012-01-24 02:00:00,2.312313428404696
2012-01-24 03:00:00,1.5381818933852385
2012-01-24 04:00:00,1.8311727067321395
2012-01-24 05:00:00,8.480468798735961
2012-01-24 06:00:00,44.52923990127343
2012-01-24 07:00:00,131.9101927211337
2012-01-24 08:00:00,236.9173675249569
2012-01-24 09:00:00,155.19991316135963
2012-01-24 10:00:00,62.62016421409999
2012-01-24 11:00:00,76.11572680299483
2012-01-24 12:00:00,83.04103349272289
2012-01-24 13:00:00,82.6242475232397
2012-01-24 14:00:00,59.2945102857116
2012-01-24 15:00:00,103.52253907544161
2012-01-24 16:00:00,179.19880626464416
2012-01-24 17:00:00,386.57190359017653
2012-01-24 18:00:00,342.0173836681701
2012-01-24 19:00:00,284.03981880764366
2012-01-24 20:00:00,130.95443205421273
2012-01-24 21:00:00,108.24887992281496
2012-01-24 22:00:00,66.0995168988204
2012-01-24 23:00:00,38.84150828179122
2012-01-25 00:00:00,9.04442357179344
2012-01-25 01:00:00,6.782840503336055
2012-01-25 02:00:00,3.829949190225592
2012-01-25 03:00:00,2.076481479594628
2012-01-25 04:00:00,1.81666562818291
2012-01-25 05:00:00,10.656599533986494
2012-01-25 06:00:00,60.89170249049169
2012-01-25 07:00:00,140.59240067896386
2012-01-25 08:00:00,363.63892891509005
2012-01-25 09:00:00,188.42890458788548
2012-01-25 10:00:00,76.57097381358982
2012-01-25 11:00:00,84.77434225982431
2012-01-25 12:00:00,114.45285609315019
2012-01-25 13:00:00,111.12566510662595
2012-01-25 14:00:00,98.2398718947678
2012-01-25 15:00:00,105.93412579732303
2012-01-25 16:00:00,157.2112599877089
2012-01-25 17:00:00,311.2701559294476
2012-01-25 18:00:00,249.07926255972077
2012-01-25 19:00:00,195.9135436669059
2012-01-25 20:00:00,139.31865164376174
2012-01-25 21:00:00,99.20963977994114
2012-01-25 22:00:00,77.96094469040686
2012-01-25 23:00:00,35.87608392954931
2012-01-26 00:00:00,21.87792216501789
2012-01-26 01:00:00,7.654836956648917
2012-01-26 02:00:00,5.262243438406664
2012-01-26 03:00:00,2.690284411492433
2012-01-26 04:00:00,2.7715215018652586
2012-01-26 05:00:00,15.316222339948267
2012-01-26 06:00:00,75.61181382577416
2012-01-26 07:00:00,222.78533024784977
2012-01-26 08:00:00,355.41319502879935
2012-01-26 09:00:00,195.02023920060384
2012-01-26 10:00:00,96.96001375886841
2012-01-26 11:00:00,83.08847490355073
2012-01-26 12:00:00,106.51824752085321
2012-01-26 13:00:00,117.06322261152589
2012-01-26 14:00:00,110.94063992377541
2012-01-26 15:00:00,128.59168934655787
2012-01-26 16:00:00,164.89358664684462
2012-01-26 17:00:00,356.2342046670958
2012-01-26 18:00:00,331.81054008446023
2012-01-26 19:00:00,222.41537528905909
2012-01-26 20:00:00,176.89277281833614
2012-01-26 21:00:00,120.76492856483138
2012-01-26 22:00:00,122.47398126774046
2012-01-26 23:00:00,59.291273304715986
2012-01-27 00:00:00,28.86675533121437
2012-01-27 01:00:00,13.064016238765646
2012-01-27 02:00:00,9.44059377544928
2012-01-27 03:00:00,3.204451813199278
2012-01-27 04:00:00,1.9264614208992175
2012-01-27 05:00:00,13.534048492746342
2012-01-27 06:00:00,46.870249069531944
2012-01-27 07:00:00,127.02198269754477
2012-01-27 08:00:00,234.85244038513048
2012-01-27 09:00:00,136.626591058271
2012-01-27 10:00:00,50.23647005022596
2012-01-27 11:00:00,113.1725429786654
2012-01-27 12:00:00,174.1122280247737
2012-01-27 13:00:00,204.851126214205
2012-01-27 14:00:00,179.45203517255194
2012-01-27 15:00:00,187.81069989838457
2012-01-27 16:00:00,225.3275067766882
2012-01-27 17:00:00,344.9256736267808
2012-01-27 18:00:00,289.0833368298994
2012-01-27 19:00:00,182.7809201631864
2012-01-27 20:00:00,124.37083181016321
2012-01-27 21:00:00,90.18186104201459
2012-01-27 22:00:00,86.64633235495238
2012-01-27 23:00:00,51.902080131203256
2012-01-28 00:00:00,44.87272448048501
2012-01-28 01:00:00,51.667849785463574
2012-01-28 02:00:00,23.22249719725317
2012-01-28 03:00:00,10.71228308366863
2012-01-28 04:00:00,3.291355034037105
2012-01-28 05:00:00,2.983590864506894
2012-01-28 06:00:00,6.422617377935126
2012-01-28 07:00:00,14.706690209755457
2012-01-28 08:00:00,46.35074905048659
2012-01-28 09:00:00,85.98925867259028
2012-01-28 10:00:00,132.34397055694018
2012-01-28 11:00:00,201.8365399307133
2012-01-28 12:00:00,156.65072045067524
2012-01-28 13:00:00,219.21022612038098
2012-01-28 14:00:00,186.3617902459019
2012-01-28 15:00:00,221.37473992799102
2012-01-28 16:00:00,242.03127136925553
2012-01-28 17:00:00,215.0848613467321
2012-01-28 18:00:00,191.13723341568993
2012-01-28 19:00:00,111.22882161921974
2012-01-28 20:00:00,107.68736599456618
2012-01-28 21:00:00,74.56077545506128
2012-01-28 22:00:00,81.725224832873
2012-01-28 23:00:00,60.39648730497082
2012-01-29 00:00:00,53.84940001677614
2012-01-29 01:00:00,45.36201472855299
2012-01-29 02:00:00,30.113056519889575
2012-01-29 03:00:00,11.071940543678767
2012-01-29 04:00:00,2.900200695690658
2012-01-29 05:00:00,2.418656465644453
2012-01-29 06:00:00,4.59633851096725
2012-01-29 07:00:00,12.184696131337565
2012-01-29 08:00:00,31.638336226953857
2012-01-29 09:00:00,56.47645716946372
2012-01-29 10:00:00,126.82616463389004
2012-01-29 11:00:00,134.59409944718576
2012-01-29 12:00:00,200.32710028315378
2012-01-29 13:00:00,195.39426885276734
2012-01-29 14:00:00,169.29399733388095
2012-01-29 15:00:00,195.1794899809082
2012-01-29 16:00:00,167.16999181567178
2012-01-29 17:00:00,157.1654555122485
2012-01-29 18:00:00,129.20439671084068
2012-01-29 19:00:00,100.35263724952021
2012-01-29 20:00:00,66.08722743626964
2012-01-29 21:00:00,47.148192834429956
2012-01-29 22:00:00,35.142188139575204
2012-01-29 23:00:00,27.25148224967697
2012-01-30 00:00:00,10.423732365352704
2012-01-30 01:00:00,4.765977419587213
2012-01-30 02:00:00,2.9671590851218967
2012-01-30 03:00:00,2.192076501668665
2012-01-30 04:00:00,1.9768086496343111
2012-01-30 05:00:00,8.872625260030809
2012-01-30 06:00:00,43.842476972006054
2012-01-30 07:00:00,125.43108110683488
2012-01-30 08:00:00,216.0463859095388
2012-01-30 09:00:00,116.94041042780484
2012-01-30 10:00:00,62.4192274133695
2012-01-30 11:00:00,77.39262440543605
2012-01-30 12:00:00,94.74433551634729
2012-01-30 13:00:00,100.87043106255436
2012-01-30 14:00:00,90.45643533601826
2012-01-30 15:00:00,91.49692545593037
2012-01-30 16:00:00,145.40186888530044
2012-01-30 17:00:00,279.18221623326866
2012-01-30 18:00:00,266.53398221619585
2012-01-30 19:00:00,192.60205970107526
2012-01-30 20:00:00,139.61697426329366
2012-01-30 21:00:00,93.87192732930396
2012-01-30 22:00:00,60.93327020978176
2012-01-30 23:00:00,27.694527954589976
2012-01-31 00:00:00,15.16017910441636
2012-01-31 01:00:00,6.1946020115456895
2012-01-31 02:00:00,3.2152555226162156
2012-01-31 03:00:00,2.04307154538031
2012-01-31 04:00:00,3.003836562481814
2012-01-31 05:00:00,14.665145383108161
2012-01-31 06:00:00,87.17470602489848
2012-01-31 07:00:00,166.00392104473107
2012-01-31 08:00:00,352.4922450240309
2012-01-31 09:00:00,221.09306724233974
2012-01-31 10:00:00,88.06017942875617
2012-01-31 11:00:00,114.47516828807545
2012-01-31 12:00:00,132.87842095482466
2012-01-31 13:00:00,169.3001832678493
2012-01-31 14:00:00,146.83146111243207
2012-01-31 15:00:00,180.63243739143027
2012-01-31 16:00:00,268.5513928351586
2012-01-31 17:00:00,545.334217346091
2012-01-31 18:00:00,505.1978958704976
2012-01-31 19:00:00,300.1024499332637
2012-01-31 20:00:00,176.85296467619662
2012-01-31 21:00:00,144.40783737673158
2012-01-31 22:00:00,107.87165436927566
2012-01-31 23:00:00,66.31778916371785
2012-02-20 00:00:00,28.20014099887505
2012-02-20 01:00:00,16.749649390412536
2012-02-20 02:00:00,11.482617669407984
2012-02-20 03:00:00,5.628872669072141
2012-02-20 05:00:00,3.347910394369472
2012-02-20 06:00:00,7.960747388164125
2012-02-20 07:00:00,16.881752751351474
2012-02-20 08:00:00,60.190638723569215
2012-02-20 09:00:00,83.86288133564119
2012-02-20 10:00:00,85.01451703591468
2012-02-20 11:00:00,159.1532493235983
2012-02-20 12:00:00,185.3927495775871
2012-02-20 13:00:00,173.9319503862657
2012-02-20 14:00:00,185.1860263056499
2012-02-20 15:00:00,198.45222184393836
2012-02-20 16:00:00,197.46021590710973
2012-02-20 17:00:00,184.36706637111538
2012-02-20 18:00:00,176.18873810154216
2012-02-20 19:00:00,150.59726370166675
2012-02-20 20:00:00,140.44663019243364
2012-02-20 21:00:00,95.25575000859828
2012-02-20 22:00:00,66.00958345510801
2012-02-20 23:00:00,37.234147836141354
2012-02-21 00:00:00,10.183939829980512
2012-02-21 01:00:00,4.3705355638727506
2012-02-21 02:00:00,2.3694756216348702
2012-02-21 04:00:00,1.7141894738919208
2012-02-21 05:00:00,8.02773806725643
2012-02-21 06:00:00,47.699212312897075
2012-02-21 07:00:00,133.66956176048063
2012-02-21 08:00:00,273.75164688255563
2012-02-21 09:00:00,154.3379138229886
2012-02-21 10:00:00,69.68364510687192
2012-02-21 11:00:00,60.58108809635772
2012-02-21 12:00:00,95.30489057129212
2012-02-21 13:00:00,103.77071782181065
2012-02-21 14:00:00,80.52261074155231
2012-02-21 15:00:00,91.51354603021747
2012-02-21 16:00:00,151.5228842850759
2012-02-21 17:00:00,338.8294888385764
2012-02-21 18:00:00,325.7860281698808
2012-02-21 19:00:00,191.85382966804255
2012-02-21 20:00:00,149.03849552464183
2012-02-21 21:00:00,112.45327732212412
2012-02-21 22:00:00,76.23216020007304
2012-02-21 23:00:00,37.75556682524873
2012-02-22 00:00:00,15.212693464661944
2012-02-22 01:00:00,7.254482258380695
2012-02-22 02:00:00,3.093788131891888
2012-02-22 03:00:00,2.4373869785194677
2012-02-22 04:00:00,2.6043471827391365
2012-02-22 05:00:00,15.68370015315064
2012-02-22 06:00:00,73.9762049936385
2012-02-22 07:00:00,205.9824572602662
2012-02-22 08:00:00,348.93659796360305
2012-02-22 09:00:00,193.23873461597606
2012-02-22 10:00:00,98.39721251407714
2012-02-22 11:00:00,95.00089004027853
2012-02-22 12:00:00,111.00893190412057
2012-02-22 13:00:00,126.65186043252767
2012-02-22 14:00:00,113.32701456699466
2012-02-22 15:00:00,151.28975462565552
2012-02-22 16:00:00,193.0952779353261
2012-02-22 17:00:00,444.3253039272108
2012-02-22 18:00:00,403.817971019689
2012-02-22 19:00:00,254.3489242738802
2012-02-22 20:00:00,170.24842202032448
2012-02-22 21:00:00,142.8426972886718
2012-02-22 22:00:00,89.69071228434662
2012-02-22 23:00:00,57.118516077710744
2012-02-23 00:00:00,24.25863612055627
2012-02-23 01:00:00,9.611711653040429
2012-02-23 02:00:00,5.479782384210947
2012-02-23 03:00:00,2.8556097555482016
2012-02-23 04:00:00,2.9724418729281616
2012-02-23 05:00:00,17.444246835709063
2012-02-23 06:00:00,95.5012330670211
2012-02-23 07:00:00,215.1110123515549
2012-02-23 08:00:00,419.0852183730214
2012-02-23 09:00:00,174.00445313796047
2012-02-23 10:00:00,121.9693358916483
2012-02-23 11:00:00,159.52998132489148
2012-02-23 12:00:00,188.12329006686934
2012-02-23 13:00:00,186.1330874665137
2012-02-23 14:00:00,186.29866685485501
2012-02-23 15:00:00,196.59830771374072
2012-02-23 16:00:00,274.99545625251375
2012-02-23 17:00:00,561.8432354377655
2012-02-23 18:00:00,520.0494215534546
2012-02-23 19:00:00,351.5622490235712
2012-02-23 20:00:00,235.54466006157728
2012-02-23 21:00:00,156.45464852081022
2012-02-23 22:00:00,127.73866570751791
2012-02-23 23:00:00,88.38652347449458
2012-02-24 00:00:00,42.72510264429904
2012-02-24 01:00:00,21.032387832904476
2012-02-24 02:00:00,6.638748722613168
2012-02-24 03:00:00,5.472288108905471
2012-02-24 04:00:00,3.8051285244840436
2012-02-24 05:00:00,14.765258872831744
2012-02-24 06:00:00,74.57085903143395
2012-02-24 07:00:00,184.3815618035181
2012-02-24 08:00:00,302.36141943590627
2012-02-24 09:00:00,110.87184595756094
2012-02-24 10:00:00,75.88410941582607
2012-02-24 11:00:00,109.93004052726364
2012-02-24 12:00:00,137.16513985490224
2012-02-24 13:00:00,156.52228823272353
2012-02-24 14:00:00,148.3423119309028
2012-02-24 15:00:00,73.50171733279892
2012-02-24 16:00:00,102.49651562108475
2012-02-24 17:00:00,142.7225954210044
2012-02-24 18:00:00,208.28941652421608
2012-02-24 19:00:00,228.3192945792558
2012-02-24 20:00:00,169.01672874783904
2012-02-24 21:00:00,129.93912409909632
2012-02-24 22:00:00,118.84962600388535
2012-02-24 23:00:00,75.77776878356926
2012-02-25 00:00:00,61.04857106388294
2012-02-25 01:00:00,50.450978403103576
2012-02-25 02:00:00,32.14452735056625
2012-02-25 03:00:00,14.490809146012728
2012-02-25 04:00:00,4.131983352395398
2012-02-25 05:00:00,3.969683887146976
2012-02-25 06:00:00,8.846074073692062
2012-02-25 07:00:00,23.019650299155057
2012-02-25 08:00:00,56.82967642037786
2012-02-25 09:00:00,39.613161574833654
2012-02-25 10:00:00,111.87281159236483
2012-02-25 11:00:00,134.26000532849568
2012-02-25 12:00:00,149.87107109820204
2012-02-25 13:00:00,164.74779242379904
2012-02-25 14:00:00,137.47823900093076
2012-02-25 15:00:00,148.21597420879368
2012-02-25 16:00:00,123.51008995405496
2012-02-25 17:00:00,141.09817727929686
2012-02-25 18:00:00,90.79560265648165
2012-02-25 19:00:00,95.46984972062086
2012-02-25 20:00:00,67.2446365357271
2012-02-25 21:00:00,65.76048240015383
2012-02-25 22:00:00,50.1422134613858
2012-02-25 23:00:00,44.0057775341988
2012-02-26 00:00:00,45.6287660988571
2012-02-26 01:00:00,37.98234017056739
2012-02-26 02:00:00,27.5991918625833
2012-02-26 03:00:00,14.40124996728554
2012-02-26 04:00:00,4.067698915033656
2012-02-26 05:00:00,2.4913705070446497
2012-02-26 06:00:00,3.673734576415
2012-02-26 07:00:00,9.211573934635561
2012-02-26 08:00:00,27.80669320457806
2012-02-26 09:00:00,57.48145104447513
2012-02-26 10:00:00,118.76149890756763
2012-02-26 11:00:00,147.10025358795522
2012-02-26 12:00:00,228.17348851247255
2012-02-26 13:00:00,226.0678324952387
2012-02-26 14:00:00,206.82083841536354
2012-02-26 15:00:00,201.5378557707635
2012-02-26 16:00:00,193.9659144839581
2012-02-26 17:00:00,182.5425767873781
2012-02-26 18:00:00,142.83008884005008
2012-02-26 19:00:00,124.78622321895824
2012-02-26 20:00:00,88.15716810527734
2012-02-26 21:00:00,65.89708676246202
2012-02-26 22:00:00,39.430448139619166
2012-02-26 23:00:00,25.878605531341424
2012-02-27 00:00:00,12.66376208036573
2012-02-27 01:00:00,5.147117111548578
2012-02-27 02:00:00,2.917009348518456
2012-02-27 03:00:00,2.1972149946679767
2012-02-27 04:00:00,2.3454898142594645
2012-02-27 05:00:00,10.51002284482353
2012-02-27 06:00:00,57.147508513701005
2012-02-27 07:00:00,159.16149314904308
2012-02-27 08:00:00,348.8723998703374
2012-02-27 09:00:00,189.73180142547685
2012-02-27 10:00:00,86.65774150647405
2012-02-27 11:00:00,98.50135534170121
2012-02-27 12:00:00,130.46500718123153
2012-02-27 13:00:00,125.52187003136018
2012-02-27 14:00:00,140.24091555659243
2012-02-27 15:00:00,136.33059040301558
2012-02-27 16:00:00,223.90145496193426
2012-02-27 17:00:00,450.8582327662336
2012-02-27 18:00:00,352.95741504830886
2012-02-27 19:00:00,282.5696291648311
2012-02-27 20:00:00,225.5282838986819
2012-02-27 21:00:00,134.8557553383462
2012-02-27 22:00:00,89.99465173490387
2012-02-27 23:00:00,45.92956826718037
2012-02-28 00:00:00,22.35455032984505
2012-02-28 01:00:00,6.875570399003989
2012-02-28 02:00:00,4.195413749841863
2012-02-28 03:00:00,1.8756392562771869
2012-02-28 04:00:00,2.788918572555592
2012-02-28 05:00:00,13.506455218273324
2012-02-28 06:00:00,77.05427314498857
2012-02-28 07:00:00,200.74607709532083
2012-02-28 08:00:00,366.41925366917445
2012-02-28 09:00:00,189.52955272756145
2012-02-28 10:00:00,90.48266108491893
2012-02-28 11:00:00,104.27429474328012
2012-02-28 12:00:00,134.75322130817483
2012-02-28 13:00:00,131.34286408615492
2012-02-28 14:00:00,125.26929781900549
2012-02-28 15:00:00,143.64751464218187
2012-02-28 16:00:00,210.79519890731123
2012-02-28 17:00:00,411.78476154595245
2012-02-28 18:00:00,388.9089746842905
2012-02-28 19:00:00,266.9554451578777
2012-02-28 20:00:00,169.42355114447648
2012-02-28 21:00:00,113.45699011766885
2012-02-28 22:00:00,87.1632173007614
2012-02-28 23:00:00,41.144520809779955
2012-02-29 00:00:00,17.850769477915797
2012-02-29 01:00:00,7.092087408820496
2012-02-29 02:00:00,3.3628965757963662
2012-02-29 03:00:00,2.582815878901916
2012-02-29 05:00:00,10.668273063376159
2012-02-29 06:00:00,71.34639146396869
2012-02-29 07:00:00,241.70727793964085
2012-02-29 08:00:00,403.0751233472533
2012-02-29 09:00:00,113.30967056743572
2012-02-29 10:00:00,53.53665320356287
2012-02-29 11:00:00,43.3896802438871
2012-02-29 12:00:00,21.502263371820227
2012-02-29 13:00:00,37.61427214577674
2012-02-29 14:00:00,33.01189058568207
2012-02-29 15:00:00,80.47815561842881
2012-02-29 16:00:00,78.22747612111884
2012-02-29 17:00:00,244.87823325293485
2012-02-29 18:00:00,154.18968740444595
2012-02-29 19:00:00,198.12838172466772
2012-02-29 20:00:00,82.32837716560168
2012-02-29 21:00:00,60.60959088728534
2012-02-29 22:00:00,32.686532008253224
2012-02-29 23:00:00,19.570559606681346
2012-03-20 00:00:00,29.815215033569128
2012-03-20 01:00:00,11.541510890946734
2012-03-20 02:00:00,6.154204454137595
2012-03-20 03:00:00,3.467890154346033
2012-03-20 04:00:00,4.741698862819358
2012-03-20 05:00:00,18.52240135471167
2012-03-20 06:00:00,83.6833533912749
2012-03-20 07:00:00,135.09453222887157
2012-03-20 08:00:00,452.23870063401995
2012-03-20 09:00:00,239.73574665989042
2012-03-20 10:00:00,130.8795703445974
2012-03-20 11:00:00,149.42193741244805
2012-03-20 12:00:00,173.0279864373217
2012-03-20 13:00:00,171.88948191753224
2012-03-20 14:00:00,189.4529558780024
2012-03-20 15:00:00,202.6651971175059
2012-03-20 16:00:00,310.25180662745345
2012-03-20 17:00:00,560.8483814294705
2012-03-20 18:00:00,545.0339892190644
2012-03-20 19:00:00,409.3824835232161
2012-03-20 20:00:00,280.2027314734803
2012-03-20 21:00:00,202.13645965804014
2012-03-20 22:00:00,166.259228946495
2012-03-20 23:00:00,75.97402058153236
2012-03-21 00:00:00,32.096911951904325
2012-03-21 01:00:00,18.436642748960463
2012-03-21 02:00:00,6.312721580835594
2012-03-21 03:00:00,3.9582829246136635
2012-03-21 04:00:00,4.1814281258404336
2012-03-21 05:00:00,25.37926038044577
2012-03-21 06:00:00,76.58927784939212
2012-03-21 07:00:00,123.90307611515965
2012-03-21 08:00:00,221.12046184139672
2012-03-21 09:00:00,225.07026780630062
2012-03-21 10:00:00,159.38431874805084
2012-03-21 11:00:00,150.5231875368464
2012-03-21 12:00:00,201.60271802937353
2012-03-21 13:00:00,162.31036513028127
2012-03-21 14:00:00,176.10890420860997
2012-03-21 15:00:00,191.20638893788637
2012-03-21 16:00:00,292.94308555962033
2012-03-21 17:00:00,603.8402380193907
2012-03-21 18:00:00,559.795287462933
2012-03-21 19:00:00,430.83022932945005
2012-03-21 20:00:00,335.3483846955227
2012-03-21 21:00:00,228.69066916696812
2012-03-21 22:00:00,170.685863087346
2012-03-21 23:00:00,118.63822945501191
2012-03-22 00:00:00,52.64781235033517
2012-03-22 01:00:00,22.991429080189974
2012-03-22 02:00:00,12.054540211236008
2012-03-22 03:00:00,7.097352351149297
2012-03-22 04:00:00,2.9369524714821993
2012-03-22 05:00:00,15.138067681712498
2012-03-22 06:00:00,70.05470617063334
2012-03-22 07:00:00,187.38099425114288
2012-03-22 08:00:00,391.1819741551891
2012-03-22 09:00:00,154.8075471365313
2012-03-22 10:00:00,57.081127047800464
2012-03-22 11:00:00,77.5878643746352
2012-03-22 12:00:00,128.4571950443014
2012-03-22 13:00:00,199.89433245079937
2012-03-22 14:00:00,203.7805307048823
2012-03-22 15:00:00,215.06326936394495
2012-03-22 16:00:00,330.65430963011926
2012-03-22 17:00:00,715.7581656838679
2012-03-22 18:00:00,647.9632805347754
2012-03-22 19:00:00,492.93441073201717
2012-03-22 20:00:00,322.0059435224279
2012-03-22 21:00:00,254.70989808819485
2012-03-22 22:00:00,173.74174578302197
2012-03-22 23:00:00,117.84035253791366
2012-03-23 00:00:00,67.19211189041503
2012-03-23 01:00:00,27.31478083599338
2012-03-23 02:00:00,15.069779995191467
2012-03-23 03:00:00,8.211468782481319
2012-03-23 04:00:00,4.7604603147704685
2012-03-23 05:00:00,22.063280849230686
2012-03-23 06:00:00,97.7967786286667
2012-03-23 07:00:00,206.28264134787923
2012-03-23 08:00:00,442.4556273992985
2012-03-23 09:00:00,268.1422797989447
2012-03-23 10:00:00,125.86546413745606
2012-03-23 11:00:00,200.24483939121356
2012-03-23 12:00:00,275.3045052553916
2012-03-23 13:00:00,246.36592786202175
2012-03-23 14:00:00,268.7767537111585
2012-03-23 15:00:00,289.49503013511355
2012-03-23 16:00:00,405.94766962714993
2012-03-23 17:00:00,653.9681341335938
2012-03-23 18:00:00,602.9203544609425
2012-03-23 19:00:00,418.4134032409232
2012-03-23 20:00:00,306.4071647093447
2012-03-23 21:00:00,239.5070212605287
2012-03-23 22:00:00,193.64656937917047
2012-03-23 23:00:00,145.68981361310006
2012-03-24 00:00:00,117.55531170259846
2012-03-24 01:00:00,101.01337628702349
2012-03-24 02:00:00,91.81512334085822
2012-03-24 03:00:00,42.80893563150008
2012-03-24 04:00:00,12.611894333682448
2012-03-24 05:00:00,13.661718844977402
2012-03-24 06:00:00,33.1176335961134
2012-03-24 07:00:00,58.52275637125918
2012-03-24 08:00:00,100.75275513362064
2012-03-24 09:00:00,240.59121041251333
2012-03-24 10:00:00,265.57970959183734
2012-03-24 11:00:00,181.34660663983
2012-03-24 12:00:00,124.50281765790602
2012-03-24 13:00:00,116.04668421266852
2012-03-24 14:00:00,123.67722235532896
2012-03-24 15:00:00,67.3191895016703
2012-03-24 16:00:00,70.56335493025766
2012-03-24 17:00:00,100.52586226445565
2012-03-24 18:00:00,55.37761615291345
2012-03-24 19:00:00,76.71934519992574
2012-03-24 20:00:00,54.54289854535476
2012-03-24 21:00:00,44.13266421318515
2012-03-24 22:00:00,27.6579142132326
2012-03-24 23:00:00,40.83255068394366
2012-03-25 00:00:00,29.165133761252164
2012-03-25 01:00:00,21.15595990910521
2012-03-25 02:00:00,13.660102257994016
2012-03-25 03:00:00,8.451671948929079
2012-03-25 04:00:00,3.3087174833119093
2012-03-25 05:00:00,2.8594939961688386
2012-03-25 06:00:00,5.039983283324032
2012-03-25 07:00:00,16.05745087439958
2012-03-25 08:00:00,32.85084288221614
2012-03-25 09:00:00,48.85515743637088
2012-03-25 10:00:00,88.88135605002341
2012-03-25 11:00:00,78.31409021792322
2012-03-25 12:00:00,96.7665692941561
2012-03-25 13:00:00,222.1847300034343
2012-03-25 14:00:00,199.60593436948326
2012-03-25 15:00:00,200.06079958137926
2012-03-25 16:00:00,320.7414395111241
2012-03-25 17:00:00,301.1373298596551
2012-03-25 18:00:00,252.69182966258387
2012-03-25 19:00:00,198.53944808500202
2012-03-25 20:00:00,127.70261470566122
2012-03-25 21:00:00,134.6442628302309
2012-03-25 22:00:00,83.83649975957823
2012-03-25 23:00:00,73.24282337961944
2012-03-26 00:00:00,29.02809894220397
2012-03-26 01:00:00,13.685569980864221
2012-03-26 02:00:00,6.969632933605925
2012-03-26 03:00:00,4.9009527315270836
2012-03-26 04:00:00,5.587596030799421
2012-03-26 05:00:00,28.08469418779696
2012-03-26 06:00:00,111.41671780347649
2012-03-26 07:00:00,331.67872137833655
2012-03-26 08:00:00,507.7166744311169
2012-03-26 09:00:00,255.5984472003863
2012-03-26 10:00:00,162.1519145940916
2012-03-26 11:00:00,168.57097987096358
2012-03-26 12:00:00,226.21311434030386
2012-03-26 13:00:00,208.8250885167961
2012-03-26 14:00:00,192.83941902863927
2012-03-26 15:00:00,188.12857594260404
2012-03-26 16:00:00,281.969772602085
2012-03-26 17:00:00,503.6958672790895
2012-03-26 18:00:00,449.569815205725
2012-03-26 19:00:00,303.7205487424888
2012-03-26 20:00:00,181.8860689207804
2012-03-26 21:00:00,118.95708380422752
2012-03-26 22:00:00,77.69762366942578
2012-03-26 23:00:00,34.06689616430132
2012-03-27 00:00:00,15.309999913533431
2012-03-27 01:00:00,6.581661367867264
2012-03-27 02:00:00,2.892989627903583
2012-03-27 03:00:00,1.7542788182540023
2012-03-27 04:00:00,2.2779161033192055
2012-03-27 05:00:00,10.510686938125849
2012-03-27 06:00:00,64.38778171171477
2012-03-27 07:00:00,180.74972746927764
2012-03-27 08:00:00,308.09729564487867
2012-03-27 09:00:00,191.65710361775388
2012-03-27 10:00:00,77.17870043913153
2012-03-27 11:00:00,105.64977842790076
2012-03-27 12:00:00,128.259476431563
2012-03-27 13:00:00,148.20654204663376
2012-03-27 14:00:00,157.72986510557908
2012-03-27 15:00:00,169.19246894906962
2012-03-27 16:00:00,257.89488022689335
2012-03-27 17:00:00,447.06474939137786
2012-03-27 18:00:00,439.1080250673565
2012-03-27 19:00:00,292.5666451130451
2012-03-27 20:00:00,217.7074274706488
2012-03-27 21:00:00,141.01603090910152
2012-03-27 22:00:00,112.11207223492289
2012-03-27 23:00:00,59.33156403646621
2012-03-28 00:00:00,21.701934029439066
2012-03-28 01:00:00,8.320638057449823
2012-03-28 02:00:00,3.823136665015592
2012-03-28 03:00:00,3.1573094729609905
2012-03-28 04:00:00,2.994255330294554
2012-03-28 05:00:00,18.312516867218523
2012-03-28 06:00:00,89.07282772342325
2012-03-28 07:00:00,247.26850499691213
2012-03-28 08:00:00,410.0976997038385
2012-03-28 09:00:00,215.82251373857278
2012-03-28 10:00:00,147.35243274658748
2012-03-28 11:00:00,171.56924104459256
2012-03-28 12:00:00,230.47744490049885
2012-03-28 13:00:00,222.60333827315662
2012-03-28 14:00:00,233.96352480340303
2012-03-28 15:00:00,287.1389552726173
2012-03-28 16:00:00,283.65252574529035
2012-03-28 17:00:00,674.38822642479
2012-03-28 18:00:00,641.1511167088981
2012-03-28 19:00:00,473.41851796435253
2012-03-28 20:00:00,336.4448738364033
2012-03-28 21:00:00,255.2339712376499
2012-03-28 22:00:00,187.60881570948519
2012-03-28 23:00:00,110.07655444223953
2012-03-29 00:00:00,48.768769348072695
2012-03-29 01:00:00,21.263234879394474
2012-03-29 02:00:00,7.740599284710701
2012-03-29 03:00:00,5.280328078585704
2012-03-29 04:00:00,5.3624694127685295
2012-03-29 05:00:00,30.928257067917563
2012-03-29 06:00:00,134.41058781625208
2012-03-29 07:00:00,345.7799821054174
2012-03-29 08:00:00,600.750157604419
2012-03-29 09:00:00,303.9137688749962
2012-03-29 10:00:00,155.57536176121687
2012-03-29 11:00:00,178.10933087828496
2012-03-29 12:00:00,214.84726254362027
2012-03-29 13:00:00,197.334489298961
2012-03-29 14:00:00,183.17749583262713
2012-03-29 15:00:00,186.09218161475525
2012-03-29 16:00:00,266.7822700847453
2012-03-29 17:00:00,548.3781113171486
2012-03-29 18:00:00,514.0270861630011
2012-03-29 19:00:00,389.95509974541665
2012-03-29 20:00:00,268.803458385944
2012-03-29 21:00:00,188.8291557233062
2012-03-29 22:00:00,145.9512253540478
2012-03-29 23:00:00,84.70317540652934
2012-03-30 00:00:00,52.21004256770955
2012-03-30 01:00:00,18.521045873393277
2012-03-30 02:00:00,10.073826721616696
2012-03-30 03:00:00,4.992538848263411
2012-03-30 04:00:00,4.657568466846184
2012-03-30 05:00:00,18.89427534762851
2012-03-30 06:00:00,89.2460309085025
2012-03-30 07:00:00,222.02641304223758
2012-03-30 08:00:00,401.13056490662035
2012-03-30 09:00:00,244.71065380241708
2012-03-30 10:00:00,119.25505670190107
2012-03-30 11:00:00,125.41851893851027
2012-03-30 12:00:00,161.90691829454224
2012-03-30 13:00:00,120.16459864182882
2012-03-30 14:00:00,112.14395397963382
2012-03-30 15:00:00,121.967083335441
2012-03-30 16:00:00,137.01983049202684
2012-03-30 17:00:00,319.02344805495574
2012-03-30 18:00:00,425.2291172642681
2012-03-30 19:00:00,261.208540602497
2012-03-30 20:00:00,187.5838977061287
2012-03-30 21:00:00,136.65166029865256
2012-03-30 22:00:00,117.91778152948075
2012-03-30 23:00:00,82.29552387995567
2012-03-31 00:00:00,67.08211951967978
2012-03-31 01:00:00,48.76230135398529
2012-03-31 02:00:00,29.330883757810952
2012-03-31 03:00:00,16.532355972695708
2012-03-31 04:00:00,4.434966738241844
2012-03-31 05:00:00,6.267142499461945
2012-03-31 06:00:00,15.205502699429037
2012-03-31 07:00:00,38.20920674237475
2012-03-31 08:00:00,75.19119372087494
2012-03-31 09:00:00,126.9163466890912
2012-03-31 10:00:00,174.75881751273573
2012-03-31 11:00:00,311.5390009807157
2012-03-31 12:00:00,430.49698876900385
2012-03-31 13:00:00,579.1216377890487
2012-03-31 14:00:00,299.9319859681501
2012-03-31 15:00:00,370.36829205244055
2012-03-31 16:00:00,261.0991037491557
2012-03-31 17:00:00,255.9440609782367
2012-03-31 18:00:00,135.22633113158355
2012-03-31 19:00:00,131.21282867061439
2012-03-31 20:00:00,88.72830480095591
2012-03-31 21:00:00,73.19801943158987
2012-03-31 22:00:00,69.71891287666575
2012-03-31 23:00:00,39.912874540012275
2012-04-20 00:00:00,69.4154059079749
2012-04-20 01:00:00,30.336573579511846
2012-04-20 02:00:00,13.736764237983563
2012-04-20 03:00:00,6.804260151353024
2012-04-20 04:00:00,4.490374787462055
2012-04-20 05:00:00,21.69908360888441
2012-04-20 06:00:00,113.55347877509239
2012-04-20 07:00:00,266.512855654136
2012-04-20 08:00:00,509.08218936823533
2012-04-20 09:00:00,323.641297168025
2012-04-20 10:00:00,202.18093267780247
2012-04-20 11:00:00,209.02084180255932
2012-04-20 12:00:00,276.94970307471414
2012-04-20 13:00:00,290.8805378346015
2012-04-20 14:00:00,281.9216739602699
2012-04-20 15:00:00,279.6618240682048
2012-04-20 16:00:00,431.544603488478
2012-04-20 17:00:00,621.0677442170169
2012-04-20 18:00:00,534.7155651028355
2012-04-20 19:00:00,407.52072354865436
2012-04-20 20:00:00,267.5169883651806
2012-04-20 21:00:00,209.92655996270304
2012-04-20 22:00:00,194.33851126252415
2012-04-20 23:00:00,148.6478308443743
2012-04-21 00:00:00,101.07358281008801
2012-04-21 01:00:00,82.45735835838921
2012-04-21 02:00:00,89.59871784693766
2012-04-21 03:00:00,22.391196967282465
2012-04-21 04:00:00,6.669462237380249
2012-04-21 05:00:00,8.987373842102777
2012-04-21 06:00:00,23.425086077118007
2012-04-21 07:00:00,49.24960917575868
2012-04-21 08:00:00,127.5142877266181
2012-04-21 09:00:00,303.74392372892953
2012-04-21 10:00:00,343.39675857784596
2012-04-21 11:00:00,443.7904015056843
2012-04-21 12:00:00,571.922561443798
2012-04-21 13:00:00,635.088835116202
2012-04-21 14:00:00,558.2998453428261
2012-04-21 15:00:00,601.1799282670953
2012-04-21 16:00:00,576.3168664974216
2012-04-21 17:00:00,503.5745315022926
2012-04-21 18:00:00,373.3376179851027
2012-04-21 19:00:00,177.01518241715118
2012-04-21 20:00:00,65.02614132454684
2012-04-21 21:00:00,51.4646824189875
2012-04-21 22:00:00,92.56614611929339
2012-04-21 23:00:00,56.03527333751489
2012-04-22 00:00:00,72.73959532767523
2012-04-22 01:00:00,42.55408928195992
2012-04-22 02:00:00,45.049742562248184
2012-04-22 03:00:00,23.31404335166117
2012-04-22 04:00:00,7.50670176498821
2012-04-22 05:00:00,5.835644012749773
2012-04-22 06:00:00,11.851353241031395
2012-04-22 07:00:00,18.339467452894237
2012-04-22 08:00:00,33.514203792408345
2012-04-22 09:00:00,53.38368993751211
2012-04-22 10:00:00,66.65900560671004
2012-04-22 11:00:00,64.3980284658299
2012-04-22 12:00:00,78.08839053487029
2012-04-22 13:00:00,87.50978258364071
2012-04-22 14:00:00,66.4859194120205
2012-04-22 15:00:00,65.27617234983438
2012-04-22 16:00:00,53.604185020842
2012-04-22 17:00:00,35.68203720057238
2012-04-22 18:00:00,32.22109524277227
2012-04-22 19:00:00,31.188864464897996
2012-04-22 20:00:00,22.999253167181053
2012-04-22 21:00:00,24.149904051151367
2012-04-22 22:00:00,11.68835338679973
2012-04-22 23:00:00,15.23141540737674
2012-04-23 00:00:00,11.476576549499379
2012-04-23 01:00:00,4.534125107021721
2012-04-23 02:00:00,2.65222765430797
2012-04-23 03:00:00,1.7830729740535622
2012-04-23 04:00:00,2.15706641027573
2012-04-23 05:00:00,7.655454529196138
2012-04-23 06:00:00,52.73902827953445
2012-04-23 07:00:00,114.01990349882946
2012-04-23 08:00:00,277.485107406387
2012-04-23 09:00:00,150.43545198326052
2012-04-23 10:00:00,62.762396413673876
2012-04-23 11:00:00,65.7915410461927
2012-04-23 12:00:00,68.14179437112655
2012-04-23 13:00:00,67.57655788183497
2012-04-23 14:00:00,61.36914221756674
2012-04-23 15:00:00,80.16905755226041
2012-04-23 16:00:00,53.57116868481876
2012-04-23 17:00:00,108.85802196214216
2012-04-23 18:00:00,168.46098298226238
2012-04-23 19:00:00,125.70474322490327
2012-04-23 20:00:00,109.36377528909988
2012-04-23 21:00:00,51.57741124169166
2012-04-23 22:00:00,58.976670662035865
2012-04-23 23:00:00,33.596403098470105
2012-04-24 00:00:00,15.257726279822755
2012-04-24 01:00:00,5.895501723515472
2012-04-24 02:00:00,3.304865531837917
2012-04-24 03:00:00,1.9959047178045255
2012-04-24 04:00:00,3.39308278506988
2012-04-24 05:00:00,17.062746448435547
2012-04-24 06:00:00,89.00147451494264
2012-04-24 07:00:00,185.98600058259592
2012-04-24 08:00:00,386.1488459467296
2012-04-24 09:00:00,211.13360172512148
2012-04-24 10:00:00,128.4132914029251
2012-04-24 11:00:00,159.29916164641057
2012-04-24 12:00:00,232.9534477933127
2012-04-24 13:00:00,223.0708525872528
2012-04-24 14:00:00,197.1524834614469
2012-04-24 15:00:00,201.82948643702932
2012-04-24 16:00:00,326.71248637596045
2012-04-24 17:00:00,577.6404409749066
2012-04-24 18:00:00,550.3915350565452
2012-04-24 19:00:00,374.26109491181705
2012-04-24 20:00:00,285.3250557903425
2012-04-24 21:00:00,154.77995414300088
2012-04-24 22:00:00,144.11859597724677
2012-04-24 23:00:00,76.63707588838646
2012-04-25 00:00:00,34.556781798042834
2012-04-25 01:00:00,12.241568449084578
2012-04-25 02:00:00,4.417837150342821
2012-04-25 03:00:00,2.878695579207842
2012-04-25 04:00:00,2.8811764529383397
2012-04-25 05:00:00,17.380570613912102
2012-04-25 06:00:00,88.01419808844688
2012-04-25 07:00:00,264.26475765371237
2012-04-25 08:00:00,435.9601610211144
2012-04-25 09:00:00,257.54989857884016
2012-04-25 10:00:00,171.73073039202083
2012-04-25 11:00:00,183.39308428372823
2012-04-25 12:00:00,226.31945974266472
2012-04-25 13:00:00,224.33967670207082
2012-04-25 14:00:00,208.6720497988801
2012-04-25 15:00:00,215.135114508493
2012-04-25 16:00:00,321.27601165912034
2012-04-25 17:00:00,650.5782169602907
2012-04-25 18:00:00,611.0028024475612
2012-04-25 19:00:00,455.7572991241279
2012-04-25 20:00:00,338.0420528265147
2012-04-25 21:00:00,215.0760421499443
2012-04-25 22:00:00,144.03460011976392
2012-04-25 23:00:00,78.39067831208439
2012-04-26 00:00:00,31.86680140018098
2012-04-26 01:00:00,15.883330585177326
2012-04-26 02:00:00,7.47524939521305
2012-04-26 03:00:00,4.354793921527293
2012-04-26 04:00:00,4.340533035568515
2012-04-26 05:00:00,23.46771984242943
2012-04-26 06:00:00,97.75631630212241
2012-04-26 07:00:00,171.60032677256783
2012-04-26 08:00:00,336.36065333556957
2012-04-26 09:00:00,156.69325216821778
2012-04-26 10:00:00,73.857133153372
2012-04-26 11:00:00,65.29644664039574
2012-04-26 12:00:00,155.40836700089702
2012-04-26 13:00:00,135.2791122263014
2012-04-26 14:00:00,154.90871854071602
2012-04-26 15:00:00,110.74342798264874
2012-04-26 16:00:00,177.39875471259842
2012-04-26 17:00:00,617.0141544667094
2012-04-26 18:00:00,479.61800543476465
2012-04-26 19:00:00,359.1015679033543
2012-04-26 20:00:00,331.8892341734525
2012-04-26 21:00:00,204.33388541908946
2012-04-26 22:00:00,176.7733175228818
2012-04-26 23:00:00,93.16448337023631
2012-04-27 00:00:00,70.43798527295723
2012-04-27 01:00:00,27.78281981257262
2012-04-27 02:00:00,15.683798991496811
2012-04-27 03:00:00,7.39893749669344
2012-04-27 04:00:00,5.693469564605546
2012-04-27 05:00:00,27.5800670687292
2012-04-27 06:00:00,123.05596552215871
2012-04-27 07:00:00,261.6882030545981
2012-04-27 08:00:00,554.8989500049372
2012-04-27 09:00:00,337.04126528005173
2012-04-27 10:00:00,213.1211027571611
2012-04-27 11:00:00,224.19066954012598
2012-04-27 12:00:00,286.72776385287926
2012-04-27 13:00:00,293.7145478907359
2012-04-27 14:00:00,253.21431620280967
2012-04-27 15:00:00,275.439226682798
2012-04-27 16:00:00,374.914447629088
2012-04-27 17:00:00,660.0174731335401
2012-04-27 18:00:00,545.5113563848429
2012-04-27 19:00:00,427.63510232409476
2012-04-27 20:00:00,258.91684002563443
2012-04-27 21:00:00,196.8665254088523
2012-04-27 22:00:00,182.959802468205
2012-04-27 23:00:00,113.70406528264346
2012-04-28 00:00:00,82.76910085197807
2012-04-28 01:00:00,42.90951545281586
2012-04-28 02:00:00,52.021103104787684
2012-04-28 03:00:00,16.365788899384658
2012-04-28 04:00:00,5.696248169285183
2012-04-28 05:00:00,8.011110099336012
2012-04-28 06:00:00,17.109799590724737
2012-04-28 07:00:00,44.7214096356052
2012-04-28 08:00:00,122.14961568727428
2012-04-28 09:00:00,155.82042819710017
2012-04-28 10:00:00,225.14066665133805
2012-04-28 11:00:00,279.06035973658896
2012-04-28 12:00:00,319.0159558070629
2012-04-28 13:00:00,340.62137184612726
2012-04-28 14:00:00,389.39091651611767
2012-04-28 15:00:00,356.93283064294894
2012-04-28 16:00:00,331.83157312436043
2012-04-28 17:00:00,297.4813827962251
2012-04-28 18:00:00,167.8597261724376
2012-04-28 19:00:00,111.13745742201691
2012-04-28 20:00:00,100.20229672442906
2012-04-28 21:00:00,68.16737294206014
2012-04-28 22:00:00,80.48919086492378
2012-04-28 23:00:00,69.32132843978152
2012-04-29 00:00:00,57.7927581535509
2012-04-29 01:00:00,63.78291942605624
2012-04-29 02:00:00,41.99388275915171
2012-04-29 03:00:00,18.98978171798091
2012-04-29 04:00:00,6.307126660011791
2012-04-29 05:00:00,5.953515777395771
2012-04-29 06:00:00,10.992100022545674
2012-04-29 07:00:00,26.72287050912214
2012-04-29 08:00:00,68.5590188869479
2012-04-29 09:00:00,126.92919054468564
2012-04-29 10:00:00,202.09015738602892
2012-04-29 11:00:00,279.0545810834693
2012-04-29 12:00:00,508.12570944658455
2012-04-29 13:00:00,506.0685238107856
2012-04-29 14:00:00,541.2395980542216
2012-04-29 15:00:00,565.9151127064968
2012-04-29 16:00:00,562.4305284555675
2012-04-29 17:00:00,510.48871935298365
2012-04-29 18:00:00,428.7326433625042
2012-04-29 19:00:00,337.3089643579249
2012-04-29 20:00:00,248.37505605190353
2012-04-29 21:00:00,156.552689144583
2012-04-29 22:00:00,111.13569884630222
2012-04-29 23:00:00,65.99730952480888
2012-04-30 00:00:00,37.807234758653586
2012-04-30 01:00:00,14.039652755768758
2012-04-30 02:00:00,7.191769440837851
2012-04-30 03:00:00,3.66982890950073
2012-04-30 04:00:00,3.2789760857290338
2012-04-30 05:00:00,15.989678813880548
2012-04-30 06:00:00,94.64637059476594
2012-04-30 07:00:00,259.24649792524616
2012-04-30 08:00:00,464.5527845401625
2012-04-30 09:00:00,197.17951353470923
2012-04-30 10:00:00,130.70483664267155
2012-04-30 11:00:00,147.1393786542753
2012-04-30 12:00:00,172.25436306596868
2012-04-30 13:00:00,173.1489828609146
2012-04-30 14:00:00,148.7264033313436
2012-04-30 15:00:00,171.03290577720378
2012-04-30 16:00:00,298.8680196967959
2012-04-30 17:00:00,634.2926701637028
2012-04-30 18:00:00,499.75874306671886
2012-04-30 19:00:00,344.6239054346241
2012-04-30 20:00:00,218.29452398546272
2012-04-30 21:00:00,153.0902330370036
2012-04-30 22:00:00,109.1584570046343
2012-04-30 23:00:00,57.03150182566241
2012-05-20 00:00:00,144.13841415324723
2012-05-20 01:00:00,108.9944659742327
2012-05-20 02:00:00,80.00774903831689
2012-05-20 03:00:00,38.61814413690609
2012-05-20 04:00:00,11.705760459786145
2012-05-20 05:00:00,10.845283148554401
2012-05-20 06:00:00,20.80999392041927
2012-05-20 07:00:00,61.661519113429094
2012-05-20 08:00:00,134.6946075273374
2012-05-20 09:00:00,213.1916617978359
2012-05-20 10:00:00,352.67563845573653
2012-05-20 11:00:00,459.6765818183745
2012-05-20 12:00:00,546.6328549414203
2012-05-20 13:00:00,540.6270303988241
2012-05-20 14:00:00,501.37527140903245
2012-05-20 15:00:00,539.9284532696228
2012-05-20 16:00:00,539.8839388807052
2012-05-20 17:00:00,502.47755198389694
2012-05-20 18:00:00,378.0795753757103
2012-05-20 19:00:00,319.34020909558734
2012-05-20 20:00:00,253.1877974747454
2012-05-20 21:00:00,170.6682709443291
2012-05-20 22:00:00,130.6165696258041
2012-05-20 23:00:00,64.85531735889616
2012-05-21 00:00:00,18.68915848044285
2012-05-21 01:00:00,8.334969226814108
2012-05-21 02:00:00,4.656757212217997
2012-05-21 03:00:00,3.1438040880376397
2012-05-21 04:00:00,3.323073355434847
2012-05-21 05:00:00,14.812214701522146
2012-05-21 06:00:00,57.85254158103105
2012-05-21 07:00:00,159.68871641840212
2012-05-21 08:00:00,282.30815463822006
2012-05-21 09:00:00,149.53959787077943
2012-05-21 10:00:00,69.29880556992649
2012-05-21 11:00:00,127.36242785797207
2012-05-21 12:00:00,130.64164688911708
2012-05-21 13:00:00,94.93614395875272
2012-05-21 14:00:00,99.76849959412493
2012-05-21 15:00:00,202.20776947279887
2012-05-21 16:00:00,293.8383409550349
2012-05-21 17:00:00,578.4245978539709
2012-05-21 18:00:00,569.4957069734526
2012-05-21 19:00:00,410.6030467530396
2012-05-21 20:00:00,294.51363441726767
2012-05-21 21:00:00,200.28002002050602
2012-05-21 22:00:00,143.9268918270315
2012-05-21 23:00:00,78.60225029162103
2012-05-22 00:00:00,30.219580944427854
2012-05-22 01:00:00,13.1660953338864
2012-05-22 02:00:00,6.9811908948848576
2012-05-22 03:00:00,4.102248943038619
2012-05-22 04:00:00,4.8388667444341005
2012-05-22 05:00:00,17.24361386264714
2012-05-22 06:00:00,71.8094403945524
2012-05-22 07:00:00,196.56287643404175
2012-05-22 08:00:00,460.31090453777523
2012-05-22 09:00:00,241.43363681486744
2012-05-22 10:00:00,153.6560184006655
2012-05-22 11:00:00,145.77363751292782
2012-05-22 12:00:00,189.24129829518432
2012-05-22 13:00:00,187.79833020602698
2012-05-22 14:00:00,181.12580864810758
2012-05-22 15:00:00,222.7862226312922
2012-05-22 16:00:00,350.55491065116837
2012-05-22 17:00:00,668.3954062138878
2012-05-22 18:00:00,661.8041801855018
2012-05-22 19:00:00,448.96428616680936
2012-05-22 20:00:00,311.9532734983321
2012-05-22 21:00:00,243.3267849105231
2012-05-22 22:00:00,181.79497785234437
2012-05-22 23:00:00,107.4955023131133
2012-05-23 00:00:00,42.92741526241735
2012-05-23 01:00:00,17.39500139387135
2012-05-23 02:00:00,7.997572274669884
2012-05-23 03:00:00,6.227511041422255
2012-05-23 04:00:00,4.352664001602796
2012-05-23 05:00:00,15.74314078985848
2012-05-23 06:00:00,122.92513979646336
2012-05-23 07:00:00,401.34552179437355
2012-05-23 08:00:00,645.0722573272423
2012-05-23 09:00:00,344.29886323028177
2012-05-23 10:00:00,160.43072710662693
2012-05-23 11:00:00,178.5234111123369
2012-05-23 12:00:00,255.73852786014706
2012-05-23 13:00:00,242.29764668564897
2012-05-23 14:00:00,215.93457809519444
2012-05-23 15:00:00,251.24989471694326
2012-05-23 16:00:00,256.557750336838
2012-05-23 17:00:00,479.267802759507
2012-05-23 18:00:00,461.98763931718264
2012-05-23 19:00:00,450.40350451038023
2012-05-23 20:00:00,314.2818104317073
2012-05-23 21:00:00,230.43774492472667
2012-05-23 22:00:00,183.55100422913435
2012-05-23 23:00:00,110.52193489229987
2012-05-24 00:00:00,51.171320693368465
2012-05-24 01:00:00,19.249394816917196
2012-05-24 02:00:00,10.08854541470461
2012-05-24 03:00:00,4.562299851693473
2012-05-24 04:00:00,4.584422640600767
2012-05-24 05:00:00,24.21559731111221
2012-05-24 06:00:00,106.70896145148697
2012-05-24 07:00:00,429.2464807187706
2012-05-24 08:00:00,634.048561221988
2012-05-24 09:00:00,303.33009508568307
2012-05-24 10:00:00,163.76020827560887
2012-05-24 11:00:00,204.1683717514587
2012-05-24 12:00:00,239.91824062217282
2012-05-24 13:00:00,232.2240655116293
2012-05-24 14:00:00,196.70845599090393
2012-05-24 15:00:00,204.36702088736627
2012-05-24 16:00:00,311.27956511923037
2012-05-24 17:00:00,602.8767826742998
2012-05-24 18:00:00,664.0515637425715
2012-05-24 19:00:00,456.7573788315515
2012-05-24 20:00:00,287.0634944512454
2012-05-24 21:00:00,176.41087166005545
2012-05-24 22:00:00,179.41326361192608
2012-05-24 23:00:00,116.23518313200006
2012-05-25 00:00:00,70.46802885038713
2012-05-25 01:00:00,30.91161765579623
2012-05-25 02:00:00,13.991586502998448
2012-05-25 03:00:00,5.705289105645622
2012-05-25 04:00:00,5.106320990175363
2012-05-25 05:00:00,23.99228817260265
2012-05-25 06:00:00,99.38870400270454
2012-05-25 07:00:00,257.4231608613079
2012-05-25 08:00:00,534.7230577938562
2012-05-25 09:00:00,280.60784718344047
2012-05-25 10:00:00,183.98092634304246
2012-05-25 11:00:00,211.39043268690838
2012-05-25 12:00:00,256.386866243924
2012-05-25 13:00:00,258.9262445843038
2012-05-25 14:00:00,251.0787550667916
2012-05-25 15:00:00,244.66644044998787
2012-05-25 16:00:00,367.3113467812551
2012-05-25 17:00:00,565.0389580092699
2012-05-25 18:00:00,542.6450847489479
2012-05-25 19:00:00,411.27793550328846
2012-05-25 20:00:00,265.79695946738633
2012-05-25 21:00:00,217.44527821112015
2012-05-25 22:00:00,221.04243951906602
2012-05-25 23:00:00,161.52786649390876
2012-05-26 00:00:00,105.23225872134353
2012-05-26 01:00:00,92.6850918690926
2012-05-26 02:00:00,67.32895595562579
2012-05-26 03:00:00,32.113533488991855
2012-05-26 04:00:00,10.138607453309094
2012-05-26 05:00:00,11.575093295390298
2012-05-26 06:00:00,31.589302347585946
2012-05-26 07:00:00,63.678255173476444
2012-05-26 08:00:00,175.80892485316318
2012-05-26 09:00:00,225.70626534222174
2012-05-26 10:00:00,315.7966573095644
2012-05-26 11:00:00,377.09395169962943
2012-05-26 12:00:00,440.28000737736403
2012-05-26 13:00:00,424.6158508755087
2012-05-26 14:00:00,416.64608036813155
2012-05-26 15:00:00,420.9931801661485
2012-05-26 16:00:00,467.66581903220504
2012-05-26 17:00:00,427.8686083889925
2012-05-26 18:00:00,380.14658279442386
2012-05-26 19:00:00,305.1253280472352
2012-05-26 20:00:00,245.84791671334747
2012-05-26 21:00:00,210.85856239627114
2012-05-26 22:00:00,203.966405040138
2012-05-26 23:00:00,162.60167288827688
2012-05-27 00:00:00,124.99089050573156
2012-05-27 01:00:00,104.59036578009992
2012-05-27 02:00:00,74.11676771255081
2012-05-27 03:00:00,36.38503390614967
2012-05-27 04:00:00,10.702718463967573
2012-05-27 05:00:00,11.46440730949424
2012-05-27 06:00:00,22.832212619976428
2012-05-27 07:00:00,59.14731130114691
2012-05-27 08:00:00,111.54008967309557
2012-05-27 09:00:00,179.23242623378707
2012-05-27 10:00:00,305.7958600358061
2012-05-27 11:00:00,338.139174794613
2012-05-27 12:00:00,402.1233512088143
2012-05-27 13:00:00,414.833621923096
2012-05-27 14:00:00,404.7627541326798
2012-05-27 15:00:00,399.4352078363636
2012-05-27 16:00:00,432.6768681169536
2012-05-27 17:00:00,402.86508631736996
2012-05-27 18:00:00,350.98493468653425
2012-05-27 19:00:00,300.08387088573437
2012-05-27 20:00:00,236.5703091899722
2012-05-27 21:00:00,129.53112386818657
2012-05-27 22:00:00,87.69478800344687
2012-05-27 23:00:00,71.68007781912985
2012-05-28 00:00:00,42.91585037389272
2012-05-28 01:00:00,27.278130158677214
2012-05-28 02:00:00,21.139156977114286
2012-05-28 03:00:00,11.231732162012356
2012-05-28 04:00:00,8.010950987075951
2012-05-28 05:00:00,15.503266553655992
2012-05-28 06:00:00,40.90043347043356
2012-05-28 07:00:00,111.61542223880333
2012-05-28 08:00:00,199.6090001554958
2012-05-28 09:00:00,243.33224339114778
2012-05-28 10:00:00,281.24615169745107
2012-05-28 11:00:00,341.9714001601528
2012-05-28 12:00:00,455.5398431516257
2012-05-28 13:00:00,396.511930061488
2012-05-28 14:00:00,382.662096969941
2012-05-28 15:00:00,391.9836992716879
2012-05-28 16:00:00,438.914453546776
2012-05-28 17:00:00,419.5660602379058
2012-05-28 18:00:00,458.9275464396505
2012-05-28 19:00:00,397.71300475407435
2012-05-28 20:00:00,366.2296653356758
2012-05-28 21:00:00,279.7294228178247
2012-05-28 22:00:00,215.04981015161752
2012-05-28 23:00:00,110.08872570355987
2012-05-29 00:00:00,30.614037243803608
2012-05-29 01:00:00,12.361541631862645
2012-05-29 02:00:00,7.675454382454446
2012-05-29 03:00:00,4.180455003423453
2012-05-29 04:00:00,6.443708729527501
2012-05-29 05:00:00,31.397389583291915
2012-05-29 06:00:00,141.8202169955578
2012-05-29 07:00:00,379.7365671793286
2012-05-29 08:00:00,548.9797322057818
2012-05-29 09:00:00,278.122501415306
2012-05-29 10:00:00,132.01184038945806
2012-05-29 11:00:00,155.71005558092273
2012-05-29 12:00:00,175.41856272201656
2012-05-29 13:00:00,174.811077614976
2012-05-29 14:00:00,168.23955858416585
2012-05-29 15:00:00,177.76196926036303
2012-05-29 16:00:00,270.9807479465524
2012-05-29 17:00:00,558.8242762036825
2012-05-29 18:00:00,536.1112676258134
2012-05-29 19:00:00,411.7168438946063
2012-05-29 20:00:00,229.7187049363383
2012-05-29 21:00:00,82.33821237897783
2012-05-29 22:00:00,149.35349394640423
2012-05-29 23:00:00,63.669212036312864
2012-05-30 00:00:00,28.393883648747174
2012-05-30 01:00:00,11.59999921409652
2012-05-30 02:00:00,5.298182821165345
2012-05-30 03:00:00,4.020436833723054
2012-05-30 04:00:00,4.959917102899682
2012-05-30 05:00:00,37.85122519062243
2012-05-30 06:00:00,175.2373781363445
2012-05-30 07:00:00,276.25499497519775
2012-05-30 08:00:00,678.1774692001114
2012-05-30 09:00:00,316.75149747166876
2012-05-30 10:00:00,174.7441077158592
2012-05-30 11:00:00,220.07568305852166
2012-05-30 12:00:00,243.678224986137
2012-05-30 13:00:00,216.0800849421624
2012-05-30 14:00:00,229.81615902522793
2012-05-30 15:00:00,206.57452876127556
2012-05-30 16:00:00,308.3045682415342
2012-05-30 17:00:00,611.5767374504551
2012-05-30 18:00:00,609.9624079039086
2012-05-30 19:00:00,491.67173439616397
2012-05-30 20:00:00,302.2468126145887
2012-05-30 21:00:00,274.0333610108258
2012-05-30 22:00:00,200.42126370089198
2012-05-30 23:00:00,120.04971240504105
2012-05-31 00:00:00,48.755539814727165
2012-05-31 01:00:00,19.272124703219742
2012-05-31 02:00:00,10.508094639965156
2012-05-31 03:00:00,5.936984018140224
2012-05-31 04:00:00,5.626790285623165
2012-05-31 05:00:00,31.66688043533988
2012-05-31 06:00:00,144.77292701531692
2012-05-31 07:00:00,361.6327889185996
2012-05-31 08:00:00,603.4833697058934
2012-05-31 09:00:00,277.9845867771397
2012-05-31 10:00:00,163.53231494586586
2012-05-31 11:00:00,201.62617441853516
2012-05-31 12:00:00,245.440374314244
2012-05-31 13:00:00,239.5479257059772
2012-05-31 14:00:00,211.45882962193681
2012-05-31 15:00:00,213.2448793075411
2012-05-31 16:00:00,335.97149656944384
2012-05-31 17:00:00,661.548685782331
2012-05-31 18:00:00,634.6252975574972
2012-05-31 19:00:00,490.8996655148593
2012-05-31 20:00:00,363.2684858749673
2012-05-31 21:00:00,275.98034889509233
2012-05-31 22:00:00,210.26040858557994
2012-05-31 23:00:00,150.52934881003404
2012-06-20 00:00:00,35.69750156509165
2012-06-20 01:00:00,16.574631250051198
2012-06-20 02:00:00,8.281603847001614
2012-06-20 03:00:00,5.940445657626746
2012-06-20 04:00:00,5.757342710596221
2012-06-20 05:00:00,34.49876102389643
2012-06-20 06:00:00,139.4112570574334
2012-06-20 07:00:00,361.6703515889823
2012-06-20 08:00:00,638.3171117855071
2012-06-20 09:00:00,289.20559306511205
2012-06-20 10:00:00,131.54274414246018
2012-06-20 11:00:00,140.17546880262273
2012-06-20 12:00:00,168.84879243591502
2012-06-20 13:00:00,178.39032337983176
2012-06-20 14:00:00,166.56120779911066
2012-06-20 15:00:00,163.14231906794035
2012-06-20 16:00:00,246.84136970063372
2012-06-20 17:00:00,479.5371413109196
2012-06-20 18:00:00,496.0987000649485
2012-06-20 19:00:00,415.21250156250056
2012-06-20 20:00:00,319.03899535628693
2012-06-20 21:00:00,238.7586749214103
2012-06-20 22:00:00,180.6999148683783
2012-06-20 23:00:00,108.98025714623937
2012-06-21 00:00:00,56.28733190206973
2012-06-21 01:00:00,21.344229547153468
2012-06-21 02:00:00,11.378976407985748
2012-06-21 03:00:00,6.815973229523765
2012-06-21 04:00:00,6.317921529856893
2012-06-21 05:00:00,34.888764638297005
2012-06-21 06:00:00,134.39193500422004
2012-06-21 07:00:00,365.3640142553818
2012-06-21 08:00:00,594.7841423052032
2012-06-21 09:00:00,281.41906177583905
2012-06-21 10:00:00,166.79550109593984
2012-06-21 11:00:00,190.84710817759932
2012-06-21 12:00:00,218.33110993326704
2012-06-21 13:00:00,213.3393552290854
2012-06-21 14:00:00,218.74579749237236
2012-06-21 15:00:00,213.2489792789238
2012-06-21 16:00:00,334.1034802896234
2012-06-21 17:00:00,665.4907098226378
2012-06-21 18:00:00,652.6918572874862
2012-06-21 19:00:00,457.89846055050816
2012-06-21 20:00:00,341.4623780566173
2012-06-21 21:00:00,295.7491722329827
2012-06-21 22:00:00,228.80210142889266
2012-06-21 23:00:00,152.03582356926427
2012-06-22 00:00:00,83.89590915916561
2012-06-22 01:00:00,32.80709406441173
2012-06-22 02:00:00,16.70766660706426
2012-06-22 03:00:00,8.197174628349476
2012-06-22 04:00:00,7.574881737894697
2012-06-22 05:00:00,35.16165074742867
2012-06-22 06:00:00,125.00053612830423
2012-06-22 07:00:00,336.43285097426366
2012-06-22 08:00:00,568.2209635390204
2012-06-22 09:00:00,303.1626887724439
2012-06-22 10:00:00,182.7990204465913
2012-06-22 11:00:00,236.93933348365536
2012-06-22 12:00:00,274.5111211223446
2012-06-22 13:00:00,278.1508999580986
2012-06-22 14:00:00,261.29161611227215
2012-06-22 15:00:00,268.56745936287786
2012-06-22 16:00:00,387.3781596499628
2012-06-22 17:00:00,728.8563020662748
2012-06-22 18:00:00,589.0526603123769
2012-06-22 19:00:00,443.2772945584115
2012-06-22 20:00:00,309.3383906052042
2012-06-22 21:00:00,168.02785031100845
2012-06-22 22:00:00,201.52774859159808
2012-06-22 23:00:00,155.9021787445763
2012-06-23 00:00:00,108.38751120293558
2012-06-23 01:00:00,122.44169995928864
2012-06-23 02:00:00,56.71895349070049
2012-06-23 03:00:00,27.419273865720864
2012-06-23 04:00:00,8.399609645890237
2012-06-23 05:00:00,9.247922010363776
2012-06-23 06:00:00,23.553798868628135
2012-06-23 07:00:00,57.321592339305134
2012-06-23 08:00:00,148.72636288419696
2012-06-23 09:00:00,242.46742005558065
2012-06-23 10:00:00,316.9987440934711
2012-06-23 11:00:00,439.62890463229644
2012-06-23 12:00:00,548.9902070070217
2012-06-23 13:00:00,531.5298013205402
2012-06-23 14:00:00,518.9304460787761
2012-06-23 15:00:00,459.25618319129546
2012-06-23 16:00:00,491.3383054963632
2012-06-23 17:00:00,466.828104967271
2012-06-23 18:00:00,401.8504733374121
2012-06-23 19:00:00,343.3203382178418
2012-06-23 20:00:00,295.74366547697036
2012-06-23 21:00:00,277.7515542746687
2012-06-23 22:00:00,258.7763999368837
2012-06-23 23:00:00,204.18895220548973
2012-06-24 00:00:00,159.69415962220202
2012-06-24 01:00:00,139.50075531164606
2012-06-24 02:00:00,86.303580341805
2012-06-24 03:00:00,36.25131377942255
2012-06-24 04:00:00,11.148913607917935
2012-06-24 05:00:00,10.329425121261782
2012-06-24 06:00:00,17.751332377255974
2012-06-24 07:00:00,46.71792381165625
2012-06-24 08:00:00,114.9942245905116
2012-06-24 09:00:00,201.5945668830992
2012-06-24 10:00:00,348.9674762480586
2012-06-24 11:00:00,423.72526259762986
2012-06-24 12:00:00,493.85963524502336
2012-06-24 13:00:00,483.6600130301383
2012-06-24 14:00:00,395.407268762229
2012-06-24 15:00:00,437.7643452017591
2012-06-24 16:00:00,452.171931929118
2012-06-24 17:00:00,465.5518140903097
2012-06-24 18:00:00,427.9548357508152
2012-06-24 19:00:00,339.56077136534066
2012-06-24 20:00:00,246.12209559242203
2012-06-24 21:00:00,191.13216632264064
2012-06-24 22:00:00,152.8156704977583
2012-06-24 23:00:00,106.96590648410047
2012-06-25 00:00:00,37.20278253734846
2012-06-25 01:00:00,15.061871820426823
2012-06-25 02:00:00,8.535283255443922
2012-06-25 03:00:00,4.844908269467406
2012-06-25 04:00:00,5.845438041090802
2012-06-25 05:00:00,30.791437858668903
2012-06-25 06:00:00,116.43531853172858
2012-06-25 07:00:00,321.77520244384624
2012-06-25 08:00:00,480.1857052689431
2012-06-25 09:00:00,263.8212732786405
2012-06-25 10:00:00,148.24154935193053
2012-06-25 11:00:00,178.52309713363934
2012-06-25 12:00:00,251.85786418188067
2012-06-25 13:00:00,197.56274403880684
2012-06-25 14:00:00,211.61084669714512
2012-06-25 15:00:00,227.10133429233514
2012-06-25 16:00:00,325.38712308315445
2012-06-25 17:00:00,613.5201209744662
2012-06-25 18:00:00,607.3256450186386
2012-06-25 19:00:00,439.1035040763221
2012-06-25 20:00:00,296.87368307390835
2012-06-25 21:00:00,205.63069843044073
2012-06-25 22:00:00,148.29420218691592
2012-06-25 23:00:00,93.48111517095056
2012-06-26 00:00:00,28.028692632084798
2012-06-26 01:00:00,12.66811914856913
2012-06-26 02:00:00,7.408907625439752
2012-06-26 03:00:00,4.462882640155179
2012-06-26 04:00:00,6.304347574490204
2012-06-26 05:00:00,37.31991087267784
2012-06-26 06:00:00,147.4181423537849
2012-06-26 07:00:00,413.10805215424176
2012-06-26 08:00:00,575.6924355870323
2012-06-26 09:00:00,268.87183252547084
2012-06-26 10:00:00,165.4967667534725
2012-06-26 11:00:00,205.8228563853337
2012-06-26 12:00:00,270.0126463567927
2012-06-26 13:00:00,238.26913854887738
2012-06-26 14:00:00,230.9962668360716
2012-06-26 15:00:00,246.7859447446072
2012-06-26 16:00:00,380.8227341660687
2012-06-26 17:00:00,758.0098368219603
2012-06-26 18:00:00,692.3397064515398
2012-06-26 19:00:00,500.9142764398103
2012-06-26 20:00:00,333.18028483894426
2012-06-26 21:00:00,284.47411020975704
2012-06-26 22:00:00,221.9065103431633
2012-06-26 23:00:00,127.16033851331834
2012-06-27 00:00:00,39.467781153272625
2012-06-27 01:00:00,15.672421992772232
2012-06-27 02:00:00,9.2448754445928
2012-06-27 03:00:00,5.952504009695979
2012-06-27 04:00:00,5.312038278420118
2012-06-27 05:00:00,31.167346019461956
2012-06-27 06:00:00,131.52420734342306
2012-06-27 07:00:00,345.4780833939854
2012-06-27 08:00:00,506.27920038729764
2012-06-27 09:00:00,288.8667691395599
2012-06-27 10:00:00,182.83123569246203
2012-06-27 11:00:00,177.93345824117185
2012-06-27 12:00:00,204.3211219471718
2012-06-27 13:00:00,194.48459250481866
2012-06-27 14:00:00,192.142559838267
2012-06-27 15:00:00,201.5517191919869
2012-06-27 16:00:00,295.8406832331782
2012-06-27 17:00:00,585.1724658035461
2012-06-27 18:00:00,598.8681165003579
2012-06-27 19:00:00,420.4187576795962
2012-06-27 20:00:00,369.7885779942596
2012-06-27 21:00:00,318.2540722132114
2012-06-27 22:00:00,249.45360529007573
2012-06-27 23:00:00,127.09444401669982
2012-06-28 00:00:00,56.140281685585094
2012-06-28 01:00:00,23.06320830671144
2012-06-28 02:00:00,11.559930804714675
2012-06-28 03:00:00,6.986312478257393
2012-06-28 04:00:00,6.199406625212877
2012-06-28 05:00:00,34.483147352314866
2012-06-28 06:00:00,140.55464662368044
2012-06-28 07:00:00,381.28301034436447
2012-06-28 08:00:00,582.3057471586668
2012-06-28 09:00:00,327.3261814261973
2012-06-28 10:00:00,164.11268002244077
2012-06-28 11:00:00,180.06546322002015
2012-06-28 12:00:00,202.07742748086352
2012-06-28 13:00:00,202.53716313217072
2012-06-28 14:00:00,181.8581846323683
2012-06-28 15:00:00,193.50522848970917
2012-06-28 16:00:00,303.25187700015897
2012-06-28 17:00:00,592.3829666353316
2012-06-28 18:00:00,611.0111680239619
2012-06-28 19:00:00,419.8256688256921
2012-06-28 20:00:00,361.1785708077658
2012-06-28 21:00:00,296.2495321423693
2012-06-28 22:00:00,235.905323256241
2012-06-28 23:00:00,148.73960276871395
2012-06-29 00:00:00,80.46315290705078
2012-06-29 01:00:00,33.36798161450954
2012-06-29 02:00:00,16.486149582688302
2012-06-29 03:00:00,8.215509670128634
2012-06-29 04:00:00,6.866246599529414
2012-06-29 05:00:00,35.695290426932644
2012-06-29 06:00:00,127.78534852867045
2012-06-29 07:00:00,349.90422251466066
2012-06-29 08:00:00,558.2955587584084
2012-06-29 09:00:00,304.43851340720585
2012-06-29 10:00:00,175.08008265101674
2012-06-29 11:00:00,207.90980293014397
2012-06-29 12:00:00,260.06758627152624
2012-06-29 13:00:00,232.07808912143466
2012-06-29 14:00:00,203.58327410183946
2012-06-29 15:00:00,212.86025910799978
2012-06-29 16:00:00,305.117524008633
2012-06-29 17:00:00,499.45153393160626
2012-06-29 18:00:00,459.5900935758397
2012-06-29 19:00:00,340.3903465572673
2012-06-29 20:00:00,267.4529599550106
2012-06-29 21:00:00,244.7638498290439
2012-06-29 22:00:00,168.5975525806794
2012-06-29 23:00:00,140.6957868447253
2012-06-30 00:00:00,71.7726143989327
2012-06-30 01:00:00,62.877146400065136
2012-06-30 02:00:00,56.974964134351666
2012-06-30 03:00:00,24.80948751707029
2012-06-30 04:00:00,6.559743989105619
2012-06-30 05:00:00,9.782008663025668
2012-06-30 06:00:00,21.798418282424418
2012-06-30 07:00:00,53.704297588619625
2012-06-30 08:00:00,122.89261463698924
2012-06-30 09:00:00,193.70379195075563
2012-06-30 10:00:00,309.213952435963
2012-06-30 11:00:00,369.0048174422468
2012-06-30 12:00:00,469.03419165679264
2012-06-30 13:00:00,477.4901877253733
2012-06-30 14:00:00,452.91805504256865
2012-06-30 15:00:00,466.0032042636885
2012-06-30 16:00:00,501.11215035183994
2012-06-30 17:00:00,499.64031082958866
2012-06-30 18:00:00,420.65173099783044
2012-06-30 19:00:00,355.9675097098919
2012-06-30 20:00:00,287.063362114839
2012-06-30 21:00:00,257.96016920224434
2012-06-30 22:00:00,225.40135282384892
2012-06-30 23:00:00,198.71194828682172
2012-07-20 00:00:00,41.57572398408321
2012-07-20 01:00:00,26.873538208942303
2012-07-20 02:00:00,13.46696140998154
2012-07-20 03:00:00,6.7595210967632084
2012-07-20 04:00:00,5.892618904064062
2012-07-20 05:00:00,28.479604693082635
2012-07-20 06:00:00,103.62113967740564
2012-07-20 07:00:00,258.54355221558143
2012-07-20 08:00:00,483.5505377907454
2012-07-20 09:00:00,314.1494102961003
2012-07-20 10:00:00,172.92652145646386
2012-07-20 11:00:00,159.35079745705954
2012-07-20 12:00:00,130.678706602057
2012-07-20 13:00:00,133.87136738698254
2012-07-20 14:00:00,119.83051800440907
2012-07-20 15:00:00,173.400766331625
2012-07-20 16:00:00,250.40142284265863
2012-07-20 17:00:00,382.2047580866103
2012-07-20 18:00:00,459.6269829096762
2012-07-20 19:00:00,276.8686154632541
2012-07-20 20:00:00,125.99964166028363
2012-07-20 21:00:00,101.51941773275666
2012-07-20 22:00:00,151.26178435230509
2012-07-20 23:00:00,113.72950453402866
2012-07-21 00:00:00,69.44131077048327
2012-07-21 01:00:00,85.31805581953341
2012-07-21 02:00:00,33.86020522894309
2012-07-21 03:00:00,15.938183484648544
2012-07-21 04:00:00,5.423735294323683
2012-07-21 05:00:00,6.009556989361139
2012-07-21 06:00:00,11.65123830352747
2012-07-21 07:00:00,43.15479132457955
2012-07-21 08:00:00,109.88553917982928
2012-07-21 09:00:00,177.5054562007078
2012-07-21 10:00:00,138.79322355856982
2012-07-21 11:00:00,243.51062124410706
2012-07-21 12:00:00,185.1135882890495
2012-07-21 13:00:00,187.2963959599395
2012-07-21 14:00:00,237.49288107912005
2012-07-21 15:00:00,160.3488406202387
2012-07-21 16:00:00,170.32763031288442
2012-07-21 17:00:00,155.85388045658732
2012-07-21 18:00:00,200.58389970887495
2012-07-21 19:00:00,199.84744154247915
2012-07-21 20:00:00,104.60343474895562
2012-07-21 21:00:00,135.7638611588313
2012-07-21 22:00:00,125.25662394276871
2012-07-21 23:00:00,106.85179613163272
2012-07-22 00:00:00,92.12763336333602
2012-07-22 01:00:00,78.9159315178603
2012-07-22 02:00:00,55.43735311118216
2012-07-22 03:00:00,24.58727017162703
2012-07-22 04:00:00,9.0383863009551
2012-07-22 05:00:00,8.594387067139419
2012-07-22 06:00:00,14.974437985855023
2012-07-22 07:00:00,37.77025202481914
2012-07-22 08:00:00,93.87454814827326
2012-07-22 09:00:00,187.4154609976224
2012-07-22 10:00:00,283.4093665264403
2012-07-22 11:00:00,359.5481523954024
2012-07-22 12:00:00,460.77272025645334
2012-07-22 13:00:00,472.1838988330476
2012-07-22 14:00:00,412.47277955022213
2012-07-22 15:00:00,425.93431635010205
2012-07-22 16:00:00,437.9544204146279
2012-07-22 17:00:00,422.17104245674585
2012-07-22 18:00:00,369.8459431432838
2012-07-22 19:00:00,316.45254071055854
2012-07-22 20:00:00,233.1568732610774
2012-07-22 21:00:00,176.0023069461542
2012-07-22 22:00:00,140.49433027415807
2012-07-22 23:00:00,99.52999731285794
2012-07-23 00:00:00,30.177838436635938
2012-07-23 01:00:00,12.54851176596157
2012-07-23 02:00:00,6.631204746215115
2012-07-23 03:00:00,4.131076787127915
2012-07-23 04:00:00,5.240292345967932
2012-07-23 05:00:00,22.814684827457064
2012-07-23 06:00:00,114.05898862030509
2012-07-23 07:00:00,303.14154329420325
2012-07-23 08:00:00,484.2988920160341
2012-07-23 09:00:00,332.93251320584983
2012-07-23 10:00:00,173.06892452490536
2012-07-23 11:00:00,214.20774941799723
2012-07-23 12:00:00,258.87126695433074
2012-07-23 13:00:00,253.7385636547393
2012-07-23 14:00:00,233.49579215175302
2012-07-23 15:00:00,211.32694686416093
2012-07-23 16:00:00,323.9844274510997
2012-07-23 17:00:00,636.8422609638982
2012-07-23 18:00:00,624.0306400654255
2012-07-23 19:00:00,468.98386537385534
2012-07-23 20:00:00,349.0336318949402
2012-07-23 21:00:00,245.44007220329763
2012-07-23 22:00:00,165.40176371205186
2012-07-23 23:00:00,95.37475219629142
2012-07-24 00:00:00,38.43186978592293
2012-07-24 01:00:00,14.94123541049539
2012-07-24 02:00:00,7.219982369621419
2012-07-24 03:00:00,4.4594785068446265
2012-07-24 04:00:00,6.461300398166548
2012-07-24 05:00:00,31.631339947427374
2012-07-24 06:00:00,127.98148020114763
2012-07-24 07:00:00,380.1250384959817
2012-07-24 08:00:00,551.4864840500802
2012-07-24 09:00:00,267.25127751090713
2012-07-24 10:00:00,138.33090400972551
2012-07-24 11:00:00,170.52764776115754
2012-07-24 12:00:00,212.1791864879727
2012-07-24 13:00:00,203.5935734474204
2012-07-24 14:00:00,209.97212716060275
2012-07-24 15:00:00,211.11731445061423
2012-07-24 16:00:00,308.94564247071116
2012-07-24 17:00:00,655.2643620576285
2012-07-24 18:00:00,634.1263933707589
2012-07-24 19:00:00,486.8859111289783
2012-07-24 20:00:00,340.53376041330074
2012-07-24 21:00:00,260.32142928072693
2012-07-24 22:00:00,194.153022753793
2012-07-24 23:00:00,115.21328367286006
2012-07-25 00:00:00,39.84873026280303
2012-07-25 01:00:00,17.044068328383688
2012-07-25 02:00:00,8.398551165467751
2012-07-25 03:00:00,5.8402399166503
2012-07-25 04:00:00,5.3821077157535635
2012-07-25 05:00:00,33.292980132935476
2012-07-25 06:00:00,132.0186209666502
2012-07-25 07:00:00,385.2188083234741
2012-07-25 08:00:00,564.6404350440249
2012-07-25 09:00:00,282.4079691285011
2012-07-25 10:00:00,178.41094706335338
2012-07-25 11:00:00,188.5506893012133
2012-07-25 12:00:00,244.32954688928032
2012-07-25 13:00:00,220.25232960808358
2012-07-25 14:00:00,201.81771294944585
2012-07-25 15:00:00,231.9887966042772
2012-07-25 16:00:00,310.8427811252771
2012-07-25 17:00:00,669.7088122086867
2012-07-25 18:00:00,615.229318700541
2012-07-25 19:00:00,511.0095590224717
2012-07-25 20:00:00,407.337654725689
2012-07-25 21:00:00,321.30749344917
2012-07-25 22:00:00,230.6110243102966
2012-07-25 23:00:00,124.4393484590338
2012-07-26 00:00:00,50.57158000517464
2012-07-26 01:00:00,20.695546711200443
2012-07-26 02:00:00,10.80353120130209
2012-07-26 03:00:00,6.584638299890944
2012-07-26 04:00:00,6.710514589481014
2012-07-26 05:00:00,36.47577585629945
2012-07-26 06:00:00,143.79877803352517
2012-07-26 07:00:00,395.62151515801855
2012-07-26 08:00:00,543.4292637715052
2012-07-26 09:00:00,313.10544843999173
2012-07-26 10:00:00,159.1618362243264
2012-07-26 11:00:00,172.08205472740426
2012-07-26 12:00:00,206.0395908462766
2012-07-26 13:00:00,189.52313976411534
2012-07-26 14:00:00,176.41232511605946
2012-07-26 15:00:00,182.65090676235988
2012-07-26 16:00:00,275.8470467505177
2012-07-26 17:00:00,563.3213576697599
2012-07-26 18:00:00,579.2089993210915
2012-07-26 19:00:00,381.1166092756007
2012-07-26 20:00:00,332.97110114359145
2012-07-26 21:00:00,281.5736869905197
2012-07-26 22:00:00,214.56830191950027
2012-07-26 23:00:00,147.52732552398277
2012-07-27 00:00:00,82.43365407716729
2012-07-27 01:00:00,35.69943287285842
2012-07-27 02:00:00,16.832907079842098
2012-07-27 03:00:00,8.610848185796508
2012-07-27 04:00:00,6.911581767434989
2012-07-27 05:00:00,31.278272926120575
2012-07-27 06:00:00,124.03418328116182
2012-07-27 07:00:00,352.5712036473105
2012-07-27 08:00:00,582.8090087516183
2012-07-27 09:00:00,299.28502640321307
2012-07-27 10:00:00,178.47425977913005
2012-07-27 11:00:00,211.86892488828423
2012-07-27 12:00:00,268.88640041395445
2012-07-27 13:00:00,250.5005741834101
2012-07-27 14:00:00,231.96254131992018
2012-07-27 15:00:00,282.45860539197116
2012-07-27 16:00:00,363.5290509149453
2012-07-27 17:00:00,628.5871455241388
2012-07-27 18:00:00,587.0989613861036
2012-07-27 19:00:00,428.35964742818106
2012-07-27 20:00:00,319.0456016267342
2012-07-27 21:00:00,270.2572342362654
2012-07-27 22:00:00,245.39962433257918
2012-07-27 23:00:00,169.95298239710814
2012-07-28 00:00:00,138.04939667933073
2012-07-28 01:00:00,115.05779264866236
2012-07-28 02:00:00,70.4448052253895
2012-07-28 03:00:00,32.61617560370761
2012-07-28 04:00:00,9.703210467694463
2012-07-28 05:00:00,11.934006820351838
2012-07-28 06:00:00,29.12857867422019
2012-07-28 07:00:00,70.5608888720418
2012-07-28 08:00:00,149.3196765791012
2012-07-28 09:00:00,244.7726527233597
2012-07-28 10:00:00,339.35764611125586
2012-07-28 11:00:00,439.1707279971066
2012-07-28 12:00:00,535.8213889113806
2012-07-28 13:00:00,493.7905194757488
2012-07-28 14:00:00,501.61240560956173
2012-07-28 15:00:00,496.64739306795514
2012-07-28 16:00:00,552.8995820531909
2012-07-28 17:00:00,449.4446931613958
2012-07-28 18:00:00,424.1468160441572
2012-07-28 19:00:00,281.504143437907
2012-07-28 20:00:00,231.9309316346098
2012-07-28 21:00:00,243.14959499862908
2012-07-28 22:00:00,221.00775525611917
2012-07-28 23:00:00,167.77185080446782
2012-07-29 00:00:00,131.761773827321
2012-07-29 01:00:00,123.6151565054149
2012-07-29 02:00:00,90.9761703185148
2012-07-29 03:00:00,36.25183665414817
2012-07-29 04:00:00,10.366074926426904
2012-07-29 05:00:00,10.051912849583966
2012-07-29 06:00:00,18.11159559499551
2012-07-29 07:00:00,48.73593583939067
2012-07-29 08:00:00,109.5701643565517
2012-07-29 09:00:00,190.9695095543049
2012-07-29 10:00:00,296.17868618691847
2012-07-29 11:00:00,352.89214103697
2012-07-29 12:00:00,413.56244491597363
2012-07-29 13:00:00,467.96233749741253
2012-07-29 14:00:00,430.71922479892174
2012-07-29 15:00:00,494.77919436430943
2012-07-29 16:00:00,533.8077609421854
2012-07-29 17:00:00,479.3997149270194
2012-07-29 18:00:00,428.0482796402602
2012-07-29 19:00:00,315.5470335824146
2012-07-29 20:00:00,239.56988646170353
2012-07-29 21:00:00,196.81856248605504
2012-07-29 22:00:00,153.39889455725194
2012-07-29 23:00:00,104.09019288602896
2012-07-30 00:00:00,40.32721483334716
2012-07-30 01:00:00,15.917860434735836
2012-07-30 02:00:00,8.488173668806533
2012-07-30 03:00:00,4.559706490503383
2012-07-30 04:00:00,5.317087400875158
2012-07-30 05:00:00,27.125448142920327
2012-07-30 06:00:00,107.55323029711563
2012-07-30 07:00:00,315.5228562577382
2012-07-30 08:00:00,586.9192786828241
2012-07-30 09:00:00,332.43639411123866
2012-07-30 10:00:00,173.5036325700322
2012-07-30 11:00:00,203.39653334084377
2012-07-30 12:00:00,256.2572626461742
2012-07-30 13:00:00,217.18899006601148
2012-07-30 14:00:00,213.4967932202359
2012-07-30 15:00:00,219.03674892121785
2012-07-30 16:00:00,321.95408450233276
2012-07-30 17:00:00,598.3720727697862
2012-07-30 18:00:00,634.5276002145646
2012-07-30 19:00:00,461.8824750708318
2012-07-30 20:00:00,336.1127187936796
2012-07-30 21:00:00,243.20667996402412
2012-07-30 22:00:00,173.83162842079764
2012-07-30 23:00:00,90.54544699282101
2012-07-31 00:00:00,36.79189389380015
2012-07-31 01:00:00,14.146737733918666
2012-07-31 02:00:00,7.315664104197185
2012-07-31 03:00:00,4.569982196105928
2012-07-31 04:00:00,6.501698303129976
2012-07-31 05:00:00,31.235159314294478
2012-07-31 06:00:00,142.15365117908982
2012-07-31 07:00:00,330.1205730183081
2012-07-31 08:00:00,547.863592810886
2012-07-31 09:00:00,302.9729538467058
2012-07-31 10:00:00,152.15759553867827
2012-07-31 11:00:00,177.7252190868001
2012-07-31 12:00:00,214.9284755944752
2012-07-31 13:00:00,200.40117411126477
2012-07-31 14:00:00,192.77248940990097
2012-07-31 15:00:00,213.79249736382783
2012-07-31 16:00:00,320.4489655957857
2012-07-31 17:00:00,670.8657633788287
2012-07-31 18:00:00,615.7428076055867
2012-07-31 19:00:00,397.9780540057222
2012-07-31 20:00:00,290.49513952952054
2012-07-31 21:00:00,237.2198645547465
2012-07-31 22:00:00,195.76242989747163
2012-07-31 23:00:00,97.45454083468522
2012-08-20 00:00:00,32.53912079076419
2012-08-20 01:00:00,15.594333858202955
2012-08-20 02:00:00,8.380030672489934
2012-08-20 03:00:00,4.609094698209432
2012-08-20 04:00:00,6.023337244828672
2012-08-20 05:00:00,26.611673093183015
2012-08-20 06:00:00,134.37029627585554
2012-08-20 07:00:00,343.65554493557767
2012-08-20 08:00:00,574.6752868702301
2012-08-20 09:00:00,293.2336334073427
2012-08-20 10:00:00,173.3343329212336
2012-08-20 11:00:00,182.43221092900333
2012-08-20 12:00:00,259.22266694885934
2012-08-20 13:00:00,229.26561600953053
2012-08-20 14:00:00,216.47049089951358
2012-08-20 15:00:00,221.21063404957673
2012-08-20 16:00:00,333.0429587552413
2012-08-20 17:00:00,631.8836597203945
2012-08-20 18:00:00,553.6175617260535
2012-08-20 19:00:00,442.80556560575695
2012-08-20 20:00:00,258.021270046702
2012-08-20 21:00:00,191.45599757515132
2012-08-20 22:00:00,118.81609962614809
2012-08-20 23:00:00,69.3111054695555
2012-08-21 00:00:00,31.444618937549265
2012-08-21 01:00:00,13.594097927272314
2012-08-21 02:00:00,5.762499474490747
2012-08-21 03:00:00,3.996388695615159
2012-08-21 04:00:00,5.643702450729944
2012-08-21 05:00:00,31.868225303006938
2012-08-21 06:00:00,128.93697138000363
2012-08-21 07:00:00,366.29059333925835
2012-08-21 08:00:00,556.8219741198513
2012-08-21 09:00:00,266.4799570084767
2012-08-21 10:00:00,167.49157604293995
2012-08-21 11:00:00,213.49953532898274
2012-08-21 12:00:00,259.99283131890684
2012-08-21 13:00:00,259.5325078321855
2012-08-21 14:00:00,238.15981087903478
2012-08-21 15:00:00,236.67790477805408
2012-08-21 16:00:00,379.8726869331941
2012-08-21 17:00:00,635.6154270069999
2012-08-21 18:00:00,709.5176329979267
2012-08-21 19:00:00,344.5212839877685
2012-08-21 20:00:00,306.02971872278505
2012-08-21 21:00:00,238.02920366495474
2012-08-21 22:00:00,177.5017528374272
2012-08-21 23:00:00,88.94380072664653
2012-08-22 00:00:00,37.44937322439137
2012-08-22 01:00:00,16.300563651618006
2012-08-22 02:00:00,7.911597144645406
2012-08-22 03:00:00,5.741508317738616
2012-08-22 04:00:00,5.757634611872153
2012-08-22 05:00:00,35.37222179185365
2012-08-22 06:00:00,140.18519936058397
2012-08-22 07:00:00,356.0871796685772
2012-08-22 08:00:00,574.217460865907
2012-08-22 09:00:00,290.5025748991551
2012-08-22 10:00:00,171.82413352668502
2012-08-22 11:00:00,186.7667283242543
2012-08-22 12:00:00,214.4641194796859
2012-08-22 13:00:00,223.84721747620753
2012-08-22 14:00:00,219.09968975459273
2012-08-22 15:00:00,229.58062845251206
2012-08-22 16:00:00,216.72203050640528
2012-08-22 17:00:00,435.5219054725853
2012-08-22 18:00:00,438.7132053501241
2012-08-22 19:00:00,485.9319449983876
2012-08-22 20:00:00,332.93151928242474
2012-08-22 21:00:00,262.8739629878802
2012-08-22 22:00:00,204.98672006723436
2012-08-22 23:00:00,97.21075731472027
2012-08-23 00:00:00,48.91297739653433
2012-08-23 01:00:00,19.074265522174738
2012-08-23 02:00:00,10.235984495715996
2012-08-23 03:00:00,6.36325363596782
2012-08-23 04:00:00,5.871383045710609
2012-08-23 05:00:00,32.84270400291619
2012-08-23 06:00:00,100.70801742457864
2012-08-23 07:00:00,346.6387013910614
2012-08-23 08:00:00,573.551274099232
2012-08-23 09:00:00,321.1303870902399
2012-08-23 10:00:00,168.891434553705
2012-08-23 11:00:00,197.66260041626106
2012-08-23 12:00:00,237.67657906038593
2012-08-23 13:00:00,234.10442639267401
2012-08-23 14:00:00,210.24308218700804
2012-08-23 15:00:00,226.97352700584491
2012-08-23 16:00:00,356.2192048279794
2012-08-23 17:00:00,701.1245334490643
2012-08-23 18:00:00,709.3623205630465
2012-08-23 19:00:00,509.6881193973292
2012-08-23 20:00:00,376.3252592217812
2012-08-23 21:00:00,300.0015645984278
2012-08-23 22:00:00,219.59753982102367
2012-08-23 23:00:00,122.36749329416838
2012-08-24 00:00:00,71.74203571854656
2012-08-24 01:00:00,28.56276910493348
2012-08-24 02:00:00,15.492486921580246
2012-08-24 03:00:00,7.705597618948349
2012-08-24 04:00:00,6.730492909703965
2012-08-24 05:00:00,30.186978290856445
2012-08-24 06:00:00,103.82486640814867
2012-08-24 07:00:00,293.3862761661435
2012-08-24 08:00:00,532.4805105956486
2012-08-24 09:00:00,315.9043297143821
2012-08-24 10:00:00,204.04574347345982
2012-08-24 11:00:00,245.52337857910825
2012-08-24 12:00:00,308.54933024694816
2012-08-24 13:00:00,319.5399972123922
2012-08-24 14:00:00,273.671333774983
2012-08-24 15:00:00,293.605268155656
2012-08-24 16:00:00,417.593889337123
2012-08-24 17:00:00,639.2098100500904
2012-08-24 18:00:00,588.2247130535824
2012-08-24 19:00:00,449.3204276972752
2012-08-24 20:00:00,270.242903720086
2012-08-24 21:00:00,245.94867647043606
2012-08-24 22:00:00,218.4636734280273
2012-08-24 23:00:00,153.04319580677094
2012-08-25 00:00:00,124.94453163188707
2012-08-25 01:00:00,99.13790002871582
2012-08-25 02:00:00,72.24813491146085
2012-08-25 03:00:00,34.22588330783867
2012-08-25 04:00:00,9.695729414675645
2012-08-25 05:00:00,10.571863361817856
2012-08-25 06:00:00,23.707882508088357
2012-08-25 07:00:00,55.698653632379674
2012-08-25 08:00:00,137.00898739229967
2012-08-25 09:00:00,232.22041535310032
2012-08-25 10:00:00,326.54664401319917
2012-08-25 11:00:00,384.6686175934526
2012-08-25 12:00:00,400.61688599530885
2012-08-25 13:00:00,486.0746497661421
2012-08-25 14:00:00,352.552284086489
2012-08-25 15:00:00,405.27517127995793
2012-08-25 16:00:00,459.06617280370756
2012-08-25 17:00:00,396.69565593089027
2012-08-25 18:00:00,337.0429577916132
2012-08-25 19:00:00,265.66927125075006
2012-08-25 20:00:00,131.04219285117034
2012-08-25 21:00:00,181.04761687860025
2012-08-25 22:00:00,160.32544022767684
2012-08-25 23:00:00,134.79039546556837
2012-08-26 00:00:00,108.16851422719542
2012-08-26 01:00:00,101.02433490754326
2012-08-26 02:00:00,62.23986276663266
2012-08-26 03:00:00,28.442734744233963
2012-08-26 04:00:00,9.066869766190944
2012-08-26 05:00:00,8.474497509204427
2012-08-26 06:00:00,13.750775565511589
2012-08-26 07:00:00,37.413166454660455
2012-08-26 08:00:00,97.71698738159415
2012-08-26 09:00:00,182.57897285291358
2012-08-26 10:00:00,279.2547499056971
2012-08-26 11:00:00,333.35767222969963
2012-08-26 12:00:00,281.3070607222227
2012-08-26 13:00:00,241.09428850460364
2012-08-26 14:00:00,278.3511882909882
2012-08-26 15:00:00,163.39946669228482
2012-08-26 16:00:00,168.012099362705
2012-08-26 17:00:00,269.98403105055837
2012-08-26 18:00:00,245.72042818643502
2012-08-26 19:00:00,220.823781862289
2012-08-26 20:00:00,173.87908853935264
2012-08-26 21:00:00,147.83960066025043
2012-08-26 22:00:00,116.24183042233668
2012-08-26 23:00:00,82.68799136231952
2012-08-27 00:00:00,33.287258757638966
2012-08-27 01:00:00,15.000370634834997
2012-08-27 02:00:00,8.009962707396516
2012-08-27 03:00:00,5.007743875379932
2012-08-27 04:00:00,5.650474041417886
2012-08-27 05:00:00,26.96833461851304
2012-08-27 06:00:00,110.82224175916595
2012-08-27 07:00:00,281.65163791436356
2012-08-27 08:00:00,451.6374267100826
2012-08-27 09:00:00,244.3788173322687
2012-08-27 10:00:00,151.89399534521527
2012-08-27 11:00:00,167.14718290661378
2012-08-27 12:00:00,209.13467876157068
2012-08-27 13:00:00,210.8147693185328
2012-08-27 14:00:00,213.4593579377427
2012-08-27 15:00:00,198.66693228786707
2012-08-27 16:00:00,322.821569925905
2012-08-27 17:00:00,649.9930668731853
2012-08-27 18:00:00,627.5140121438976
2012-08-27 19:00:00,466.53699276297993
2012-08-27 20:00:00,338.18356541275705
2012-08-27 21:00:00,243.4394437141787
2012-08-27 22:00:00,130.28857237394476
2012-08-27 23:00:00,76.64327707421444
2012-08-28 00:00:00,33.947285227806134
2012-08-28 01:00:00,14.744686967946505
2012-08-28 02:00:00,7.09060327933765
2012-08-28 03:00:00,5.156538468400597
2012-08-28 04:00:00,6.553018572610131
2012-08-28 05:00:00,31.386225810256896
2012-08-28 06:00:00,140.84235634345399
2012-08-28 07:00:00,339.3892844644056
2012-08-28 08:00:00,545.6073446141539
2012-08-28 09:00:00,298.2946334146747
2012-08-28 10:00:00,152.41168197225545
2012-08-28 11:00:00,177.3555027945868
2012-08-28 12:00:00,220.7231445967972
2012-08-28 13:00:00,217.90049377968916
2012-08-28 14:00:00,214.28517871832372
2012-08-28 15:00:00,220.44658099327856
2012-08-28 16:00:00,348.9351975951612
2012-08-28 17:00:00,726.004637477806
2012-08-28 18:00:00,724.317677944088
2012-08-28 19:00:00,508.4761515253626
2012-08-28 20:00:00,365.3643415459437
2012-08-28 21:00:00,282.13368377738
2012-08-28 22:00:00,221.0898119912145
2012-08-28 23:00:00,118.97015492523741
2012-08-29 00:00:00,40.93140696144521
2012-08-29 01:00:00,16.17182122494997
2012-08-29 02:00:00,8.335515938586461
2012-08-29 03:00:00,6.024677133730095
2012-08-29 04:00:00,5.472092694779798
2012-08-29 05:00:00,34.27449046656421
2012-08-29 06:00:00,137.0994191711441
2012-08-29 07:00:00,377.00746580545416
2012-08-29 08:00:00,596.9739555814102
2012-08-29 09:00:00,298.459091797602
2012-08-29 10:00:00,168.86865034728433
2012-08-29 11:00:00,211.84615907408713
2012-08-29 12:00:00,238.93385918712414
2012-08-29 13:00:00,236.0728760851892
2012-08-29 14:00:00,228.75394041359797
2012-08-29 15:00:00,241.70127484811383
2012-08-29 16:00:00,369.15646361510403
2012-08-29 17:00:00,710.3240283591782
2012-08-29 18:00:00,720.659330517807
2012-08-29 19:00:00,521.0707728414053
2012-08-29 20:00:00,356.56991597866136
2012-08-29 21:00:00,320.5521445185823
2012-08-29 22:00:00,234.34347272468094
2012-08-29 23:00:00,130.53105401341344
2012-08-30 00:00:00,48.424576392614604
2012-08-30 01:00:00,19.469930410342773
2012-08-30 02:00:00,10.741818303284829
2012-08-30 03:00:00,6.491732938522014
2012-08-30 04:00:00,6.232690432344664
2012-08-30 05:00:00,34.1574219657044
2012-08-30 06:00:00,142.6686802155562
2012-08-30 07:00:00,379.9388580461903
2012-08-30 08:00:00,554.3929479992122
2012-08-30 09:00:00,299.19206310617875
2012-08-30 10:00:00,170.19124345595134
2012-08-30 11:00:00,203.45202396032082
2012-08-30 12:00:00,235.50065174595764
2012-08-30 13:00:00,235.4665828700037
2012-08-30 14:00:00,230.91621174827696
2012-08-30 15:00:00,232.33101313794674
2012-08-30 16:00:00,364.06538221476984
2012-08-30 17:00:00,711.8005796073115
2012-08-30 18:00:00,736.309822255706
2012-08-30 19:00:00,513.5305057828531
2012-08-30 20:00:00,366.76136036504283
2012-08-30 21:00:00,285.9729658665204
2012-08-30 22:00:00,226.9485987367373
2012-08-30 23:00:00,141.50422601093834
2012-08-31 00:00:00,63.74094870612318
2012-08-31 01:00:00,28.32496227880051
2012-08-31 02:00:00,13.93810016411593
2012-08-31 03:00:00,7.03185240357425
2012-08-31 04:00:00,5.935538475701423
2012-08-31 05:00:00,27.887732435529163
2012-08-31 06:00:00,96.83891164985043
2012-08-31 07:00:00,270.8992563067131
2012-08-31 08:00:00,568.6669543958204
2012-08-31 09:00:00,322.221340227105
2012-08-31 10:00:00,187.85686498852382
2012-08-31 11:00:00,200.9713923594831
2012-08-31 12:00:00,272.7978074848373
2012-08-31 13:00:00,252.11120487065838
2012-08-31 14:00:00,248.9211563916545
2012-08-31 15:00:00,255.5663622880969
2012-08-31 16:00:00,370.81394936932924
2012-08-31 17:00:00,664.3572560622821
2012-08-31 18:00:00,645.2746311128301
2012-08-31 19:00:00,443.20617946854327
2012-08-31 20:00:00,320.0549186784346
2012-08-31 21:00:00,262.9297071102027
2012-08-31 22:00:00,234.77573963963508
2012-08-31 23:00:00,182.12236867619518
2012-09-20 00:00:00,55.751068084395996
2012-09-20 01:00:00,23.703973848710266
2012-09-20 02:00:00,12.57834661643688
2012-09-20 03:00:00,6.818770789430561
2012-09-20 04:00:00,6.695256094603584
2012-09-20 05:00:00,38.552808017237766
2012-09-20 06:00:00,156.71035209976972
2012-09-20 07:00:00,477.885551684864
2012-09-20 08:00:00,618.0668547969078
2012-09-20 09:00:00,315.5012774836138
2012-09-20 10:00:00,186.85991875006067
2012-09-20 11:00:00,198.63316908526582
2012-09-20 12:00:00,247.19829570463
2012-09-20 13:00:00,243.2781087002311
2012-09-20 14:00:00,218.07620341675764
2012-09-20 15:00:00,244.61229037838498
2012-09-20 16:00:00,343.41988692914447
2012-09-20 17:00:00,665.6524478951804
2012-09-20 18:00:00,602.5794124087282
2012-09-20 19:00:00,434.3705273858309
2012-09-20 20:00:00,313.52472742937437
2012-09-20 21:00:00,246.75484759638874
2012-09-20 22:00:00,207.96911720042326
2012-09-20 23:00:00,127.30761553876431
2012-09-21 00:00:00,73.68098920336315
2012-09-21 01:00:00,40.57856513725034
2012-09-21 02:00:00,21.164266501768044
2012-09-21 03:00:00,9.918452213329406
2012-09-21 04:00:00,8.337159086723188
2012-09-21 05:00:00,39.17441270062785
2012-09-21 06:00:00,154.94232411950526
2012-09-21 07:00:00,418.64919552900136
2012-09-21 08:00:00,590.4183421005806
2012-09-21 09:00:00,305.15786903305576
2012-09-21 10:00:00,164.763656259899
2012-09-21 11:00:00,225.3340479729653
2012-09-21 12:00:00,271.83536091137466
2012-09-21 13:00:00,294.1538244709399
2012-09-21 14:00:00,269.0393481147341
2012-09-21 15:00:00,284.13862511175375
2012-09-21 16:00:00,406.26521381894526
2012-09-21 17:00:00,587.4150400630829
2012-09-21 18:00:00,533.7961891510491
2012-09-21 19:00:00,352.7837976916522
2012-09-21 20:00:00,247.62134009489955
2012-09-21 21:00:00,210.0889828419658
2012-09-21 22:00:00,191.9772269849557
2012-09-21 23:00:00,144.1997611874376
2012-09-22 00:00:00,121.55873347901716
2012-09-22 01:00:00,106.85878010575041
2012-09-22 02:00:00,65.00235170022634
2012-09-22 03:00:00,32.448580659989055
2012-09-22 04:00:00,9.5074092754352435
2012-09-22 05:00:00,11.138729292852013
2012-09-22 06:00:00,24.72093777469437
2012-09-22 07:00:00,68.87340699068537
2012-09-22 08:00:00,135.09652890793336
2012-09-22 09:00:00,233.05403359987847
2012-09-22 10:00:00,326.3224486236459
2012-09-22 11:00:00,440.14332459398463
2012-09-22 12:00:00,523.9864174284996
2012-09-22 13:00:00,475.07588736891927
2012-09-22 14:00:00,486.7281411461064
2012-09-22 15:00:00,502.34617751318126
2012-09-22 16:00:00,499.03946880762874
2012-09-22 17:00:00,458.1024844668628
2012-09-22 18:00:00,432.6038283557001
2012-09-22 19:00:00,341.9766320280522
2012-09-22 20:00:00,319.52810102606026
2012-09-22 21:00:00,242.49379634314678
2012-09-22 22:00:00,217.07727154459718
2012-09-22 23:00:00,181.7363056897302
2012-09-23 00:00:00,128.15066192010485
2012-09-23 01:00:00,117.2535677604681
2012-09-23 02:00:00,79.12748308789901
2012-09-23 03:00:00,28.31108719497783
2012-09-23 04:00:00,10.650717372570405
2012-09-23 05:00:00,9.33954913293219
2012-09-23 06:00:00,18.519436145967244
2012-09-23 07:00:00,50.75704964537023
2012-09-23 08:00:00,115.22686524574767
2012-09-23 09:00:00,185.81229547061196
2012-09-23 10:00:00,330.2189167405458
2012-09-23 11:00:00,395.1530705182225
2012-09-23 12:00:00,533.167854905153
2012-09-23 13:00:00,480.6241412541082
2012-09-23 14:00:00,472.77388437036564
2012-09-23 15:00:00,441.22232990038634
2012-09-23 16:00:00,451.90253963335937
2012-09-23 17:00:00,404.95279439724544
2012-09-23 18:00:00,349.78883880639614
2012-09-23 19:00:00,241.87083595944816
2012-09-23 20:00:00,187.08468767013372
2012-09-23 21:00:00,141.22910365531425
2012-09-23 22:00:00,115.67703418198501
2012-09-23 23:00:00,72.07082672595297
2012-09-24 00:00:00,34.00095511973485
2012-09-24 01:00:00,14.755616893146215
2012-09-24 02:00:00,7.256118499495507
2012-09-24 03:00:00,4.854511939000761
2012-09-24 04:00:00,6.954443273041029
2012-09-24 05:00:00,31.408674976792305
2012-09-24 06:00:00,138.88824779015178
2012-09-24 07:00:00,389.863597554591
2012-09-24 08:00:00,556.0067729369358
2012-09-24 09:00:00,285.4160439388171
2012-09-24 10:00:00,169.40987679056343
2012-09-24 11:00:00,172.3448410902065
2012-09-24 12:00:00,195.60164237704177
2012-09-24 13:00:00,195.96819566684675
2012-09-24 14:00:00,179.6629505703797
2012-09-24 15:00:00,205.94447339089757
2012-09-24 16:00:00,270.1548203135379
2012-09-24 17:00:00,506.5457535830692
2012-09-24 18:00:00,583.685779887294
2012-09-24 19:00:00,346.4882482641886
2012-09-24 20:00:00,265.9151650403429
2012-09-24 21:00:00,192.0500722767361
2012-09-24 22:00:00,141.53741199885457
2012-09-24 23:00:00,82.8933375259422
2012-09-25 00:00:00,29.846528989823657
2012-09-25 01:00:00,12.728576205521225
2012-09-25 02:00:00,6.293151101948195
2012-09-25 03:00:00,4.038317638515035
2012-09-25 04:00:00,7.147716954284891
2012-09-25 05:00:00,34.09327892246059
2012-09-25 06:00:00,155.2533821039862
2012-09-25 07:00:00,387.8423808510807
2012-09-25 08:00:00,575.5192517303841
2012-09-25 09:00:00,281.5128651198482
2012-09-25 10:00:00,160.3845567004534
2012-09-25 11:00:00,170.57757875165092
2012-09-25 12:00:00,229.34839013222046
2012-09-25 13:00:00,217.82467838950996
2012-09-25 14:00:00,219.79018240908027
2012-09-25 15:00:00,222.94023008090304
2012-09-25 16:00:00,344.81157110157505
2012-09-25 17:00:00,683.1918497513208
2012-09-25 18:00:00,644.6053316445491
2012-09-25 19:00:00,446.9273608210611
2012-09-25 20:00:00,307.52326236980946
2012-09-25 21:00:00,234.22730170694788
2012-09-25 22:00:00,183.16952048218485
2012-09-25 23:00:00,112.15186870953447
2012-09-26 00:00:00,48.80670218567459
2012-09-26 01:00:00,19.42945147012969
2012-09-26 02:00:00,8.869176825896599
2012-09-26 03:00:00,6.631546303297669
2012-09-26 04:00:00,8.243907305812156
2012-09-26 05:00:00,40.81004273394081
2012-09-26 06:00:00,166.60460930846085
2012-09-26 07:00:00,417.9549392502925
2012-09-26 08:00:00,662.5744359784401
2012-09-26 09:00:00,313.04574646129936
2012-09-26 10:00:00,172.38878804207735
2012-09-26 11:00:00,230.718885856269
2012-09-26 12:00:00,299.373813968948
2012-09-26 13:00:00,288.6804611764569
2012-09-26 14:00:00,242.05269458038788
2012-09-26 15:00:00,259.98607073338457
2012-09-26 16:00:00,380.66858833218157
2012-09-26 17:00:00,781.1059059436649
2012-09-26 18:00:00,804.3507941397263
2012-09-26 19:00:00,599.3847703483259
2012-09-26 20:00:00,392.38648990859724
2012-09-26 21:00:00,317.01183138108865
2012-09-26 22:00:00,136.5244345512549
2012-09-26 23:00:00,111.22410452049498
2012-09-27 00:00:00,43.94364030295739
2012-09-27 01:00:00,17.840043667174776
2012-09-27 02:00:00,9.23141638202416
2012-09-27 03:00:00,5.317330212862431
2012-09-27 04:00:00,6.073967211645531
2012-09-27 05:00:00,34.0975831598725
2012-09-27 06:00:00,136.83508081596747
2012-09-27 07:00:00,363.38052776594606
2012-09-27 08:00:00,629.2740491695156
2012-09-27 09:00:00,310.1904387733985
2012-09-27 10:00:00,197.03624984373337
2012-09-27 11:00:00,235.16208676458484
2012-09-27 12:00:00,300.02724963287324
2012-09-27 13:00:00,281.84017723547043
2012-09-27 14:00:00,253.97990556113814
2012-09-27 15:00:00,252.41211677862128
2012-09-27 16:00:00,404.2490989457593
2012-09-27 17:00:00,776.9830817124628
2012-09-27 18:00:00,753.3554996518391
2012-09-27 19:00:00,510.95640154733354
2012-09-27 20:00:00,360.95231376814405
2012-09-27 21:00:00,125.56136968261173
2012-09-27 22:00:00,98.67763438512507
2012-09-27 23:00:00,88.87135623666934
2012-09-28 00:00:00,39.5448136954639
2012-09-28 01:00:00,18.525632892239287
2012-09-28 02:00:00,8.175208127345291
2012-09-28 03:00:00,6.295883457800822
2012-09-28 04:00:00,5.586853583693131
2012-09-28 05:00:00,32.22465144217688
2012-09-28 06:00:00,110.74661981653733
2012-09-28 07:00:00,271.6242846734835
2012-09-28 08:00:00,595.2848630152687
2012-09-28 09:00:00,320.1289669054956
2012-09-28 10:00:00,212.88037352162098
2012-09-28 11:00:00,270.68523997315657
2012-09-28 12:00:00,395.1495599633486
2012-09-28 13:00:00,367.74064521578657
2012-09-28 14:00:00,370.35649971662895
2012-09-28 15:00:00,368.356880272024
2012-09-28 16:00:00,479.35835450586063
2012-09-28 17:00:00,830.5928518800971
2012-09-28 18:00:00,633.1669597726279
2012-09-28 19:00:00,347.55280097326
2012-09-28 20:00:00,254.74538564169683
2012-09-28 21:00:00,198.31106463287972
2012-09-28 22:00:00,195.42424771948242
2012-09-28 23:00:00,155.71690809915663
2012-09-29 00:00:00,136.90366690013573
2012-09-29 01:00:00,113.97467317627157
2012-09-29 02:00:00,64.09499067923687
2012-09-29 03:00:00,27.05764808100922
2012-09-29 04:00:00,10.576884354633815
2012-09-29 05:00:00,11.314725944637205
2012-09-29 06:00:00,25.720102846098307
2012-09-29 07:00:00,57.20089685509493
2012-09-29 08:00:00,128.96313632149608
2012-09-29 09:00:00,253.08778658674203
2012-09-29 10:00:00,401.9023065778635
2012-09-29 11:00:00,510.63120341027985
2012-09-29 12:00:00,582.5579897199416
2012-09-29 13:00:00,573.4531793813164
2012-09-29 14:00:00,564.7384628774525
2012-09-29 15:00:00,562.73965406229
2012-09-29 16:00:00,607.4373380060503
2012-09-29 17:00:00,477.33095344670454
2012-09-29 18:00:00,382.7210724954091
2012-09-29 19:00:00,289.6251038340333
2012-09-29 20:00:00,229.42341468107085
2012-09-29 21:00:00,212.18898340836566
2012-09-29 22:00:00,176.72931744281956
2012-09-29 23:00:00,150.91140087299516
2012-09-30 00:00:00,128.58407886552925
2012-09-30 01:00:00,104.0523969368953
2012-09-30 02:00:00,63.16243376237166
2012-09-30 03:00:00,28.000677416868044
2012-09-30 04:00:00,9.872023460481582
2012-09-30 05:00:00,8.284273110765422
2012-09-30 06:00:00,17.629676912490726
2012-09-30 07:00:00,47.179490958530046
2012-09-30 08:00:00,120.01028174960976
2012-09-30 09:00:00,215.55105658267487
2012-09-30 10:00:00,321.04809907691316
2012-09-30 11:00:00,407.3532239218707
2012-09-30 12:00:00,495.3572761553101
2012-09-30 13:00:00,515.0636957454636
2012-09-30 14:00:00,492.00230574222456
2012-09-30 15:00:00,470.50797725545385
2012-09-30 16:00:00,478.1592945205794
2012-09-30 17:00:00,438.79512399524316
2012-09-30 18:00:00,333.8569637225628
2012-09-30 19:00:00,163.64676758751608
2012-09-30 20:00:00,117.54881640018264
2012-09-30 21:00:00,134.12146484540605
2012-09-30 22:00:00,105.2025169510723
2012-09-30 23:00:00,73.73504712756959
2012-10-20 00:00:00,109.83807413624672
2012-10-20 01:00:00,87.1175139595074
2012-10-20 02:00:00,62.307291355044626
2012-10-20 03:00:00,27.85377421785867
2012-10-20 04:00:00,8.919833132938484
2012-10-20 05:00:00,10.934430214584584
2012-10-20 06:00:00,24.8776360294432
2012-10-20 07:00:00,65.16639216784012
2012-10-20 08:00:00,154.29871635574835
2012-10-20 09:00:00,258.4703558600422
2012-10-20 10:00:00,398.16535019550497
2012-10-20 11:00:00,518.804795468491
2012-10-20 12:00:00,579.4782871147246
2012-10-20 13:00:00,611.8303121948452
2012-10-20 14:00:00,582.5884437630277
2012-10-20 15:00:00,593.1810493929627
2012-10-20 16:00:00,552.2528559023824
2012-10-20 17:00:00,481.823477035342
2012-10-20 18:00:00,303.2528917283411
2012-10-20 19:00:00,288.44988541638077
2012-10-20 20:00:00,198.21102070875602
2012-10-20 21:00:00,160.36735928169324
2012-10-20 22:00:00,156.39046835260444
2012-10-20 23:00:00,130.2161395157028
2012-10-21 00:00:00,117.49356691981752
2012-10-21 01:00:00,95.32993360496083
2012-10-21 02:00:00,61.88828730274954
2012-10-21 03:00:00,29.702333614150554
2012-10-21 04:00:00,10.932740411632835
2012-10-21 05:00:00,8.569289077881301
2012-10-21 06:00:00,15.691518753955759
2012-10-21 07:00:00,42.304241449373045
2012-10-21 08:00:00,101.5356924638008
2012-10-21 09:00:00,177.1962901791554
2012-10-21 10:00:00,350.5027480087449
2012-10-21 11:00:00,414.1873215018194
2012-10-21 12:00:00,478.4430077877348
2012-10-21 13:00:00,508.6771675490925
2012-10-21 14:00:00,452.9078705667377
2012-10-21 15:00:00,452.7284340407486
2012-10-21 16:00:00,469.70796305049885
2012-10-21 17:00:00,403.7705301241882
2012-10-21 18:00:00,301.6075782538966
2012-10-21 19:00:00,249.98784547246692
2012-10-21 20:00:00,190.0039115599439
2012-10-21 21:00:00,135.72548576897137
2012-10-21 22:00:00,102.5317596281684
2012-10-21 23:00:00,73.66269972762109
2012-10-22 00:00:00,29.08763010425741
2012-10-22 01:00:00,12.012884202932735
2012-10-22 02:00:00,6.275155644806913
2012-10-22 03:00:00,4.225223978053123
2012-10-22 04:00:00,6.036887215866574
2012-10-22 05:00:00,27.593646065277767
2012-10-22 06:00:00,119.24462202810467
2012-10-22 07:00:00,342.4864360093457
2012-10-22 08:00:00,596.3210365882628
2012-10-22 09:00:00,317.2739684954244
2012-10-22 10:00:00,162.44683181311188
2012-10-22 11:00:00,177.16293235070796
2012-10-22 12:00:00,200.6764659431028
2012-10-22 13:00:00,194.28852680424717
2012-10-22 14:00:00,182.38569748540567
2012-10-22 15:00:00,195.93098877528797
2012-10-22 16:00:00,319.97218332917396
2012-10-22 17:00:00,635.5526948719781
2012-10-22 18:00:00,601.9669170022877
2012-10-22 19:00:00,377.59661823520617
2012-10-22 20:00:00,264.70905903804396
2012-10-22 21:00:00,193.67274253147576
2012-10-22 22:00:00,132.2492958230525
2012-10-22 23:00:00,83.46726143835137
2012-10-23 00:00:00,26.5188670191373
2012-10-23 01:00:00,13.047251667751242
2012-10-23 02:00:00,5.8709695916585485
2012-10-23 03:00:00,4.2245368486810255
2012-10-23 04:00:00,7.24957190277448
2012-10-23 05:00:00,35.148237543565145
2012-10-23 06:00:00,126.06716812919856
2012-10-23 07:00:00,384.2204794888911
2012-10-23 08:00:00,621.901742780954
2012-10-23 09:00:00,263.87105012607907
2012-10-23 10:00:00,164.07641023868632
2012-10-23 11:00:00,192.77810020197683
2012-10-23 12:00:00,252.42242905844446
2012-10-23 13:00:00,252.72205686068276
2012-10-23 14:00:00,234.14430250825626
2012-10-23 15:00:00,251.22377136142072
2012-10-23 16:00:00,370.99199811751015
2012-10-23 17:00:00,701.969350450091
2012-10-23 18:00:00,680.2363408398427
2012-10-23 19:00:00,460.13851087039234
2012-10-23 20:00:00,295.40166854515786
2012-10-23 21:00:00,217.57457523537107
2012-10-23 22:00:00,175.33597017885958
2012-10-23 23:00:00,106.84074471327803
2012-10-24 00:00:00,50.87164891151161
2012-10-24 01:00:00,19.792043567860496
2012-10-24 02:00:00,9.351778940142314
2012-10-24 03:00:00,5.413103439439514
2012-10-24 04:00:00,6.572373194587701
2012-10-24 05:00:00,32.318569724606
2012-10-24 06:00:00,132.97403666043525
2012-10-24 07:00:00,322.7154799931303
2012-10-24 08:00:00,599.8456018578316
2012-10-24 09:00:00,286.92405958665097
2012-10-24 10:00:00,188.96951668106553
2012-10-24 11:00:00,210.9531848355151
2012-10-24 12:00:00,290.76864229994317
2012-10-24 13:00:00,306.19524199329925
2012-10-24 14:00:00,222.896299406139
2012-10-24 15:00:00,280.17929520798
2012-10-24 16:00:00,404.9645138970111
2012-10-24 17:00:00,766.6970853403632
2012-10-24 18:00:00,771.5766379589911
2012-10-24 19:00:00,661.4540820861039
2012-10-24 20:00:00,437.6702134567774
2012-10-24 21:00:00,337.1097741721685
2012-10-24 22:00:00,241.6200038759382
2012-10-24 23:00:00,127.46218763638127
2012-10-25 00:00:00,47.52259576352372
2012-10-25 01:00:00,19.935471195896863
2012-10-25 02:00:00,9.618737275452803
2012-10-25 03:00:00,4.94071564783951
2012-10-25 04:00:00,6.425365718554069
2012-10-25 05:00:00,32.6246933375518
2012-10-25 06:00:00,121.83181947800406
2012-10-25 07:00:00,321.0606978885455
2012-10-25 08:00:00,530.3633661997374
2012-10-25 09:00:00,242.17262974180525
2012-10-25 10:00:00,138.52696012313154
2012-10-25 11:00:00,136.1334760643919
2012-10-25 12:00:00,182.20818255587665
2012-10-25 13:00:00,171.57628944835298
2012-10-25 14:00:00,223.1737796221161
2012-10-25 15:00:00,255.58379965081008
2012-10-25 16:00:00,350.0986915288029
2012-10-25 17:00:00,699.4062824275593
2012-10-25 18:00:00,488.60461015491103
2012-10-25 19:00:00,338.14703395866997
2012-10-25 20:00:00,224.33337429114528
2012-10-25 21:00:00,181.17877731461436
2012-10-25 22:00:00,147.90962624109133
2012-10-25 23:00:00,101.18420570923107
2012-10-26 00:00:00,66.78970863021284
2012-10-26 01:00:00,27.36802599136244
2012-10-26 02:00:00,13.899979595525016
2012-10-26 03:00:00,6.836308836913434
2012-10-26 04:00:00,7.833014845536039
2012-10-26 05:00:00,36.125935594952225
2012-10-26 06:00:00,135.88801543073194
2012-10-26 07:00:00,347.6468172172381
2012-10-26 08:00:00,525.755022807879
2012-10-26 09:00:00,275.79200459292923
2012-10-26 10:00:00,172.38466002702705
2012-10-26 11:00:00,198.68077825168115
2012-10-26 12:00:00,251.4871103581595
2012-10-26 13:00:00,258.4472385160055
2012-10-26 14:00:00,298.1733478806106
2012-10-26 15:00:00,324.81984104102213
2012-10-26 16:00:00,344.8641334642523
2012-10-26 17:00:00,516.6463488389961
2012-10-26 18:00:00,496.45065561873423
2012-10-26 19:00:00,307.08387684301056
2012-10-26 20:00:00,214.65029305127058
2012-10-26 21:00:00,212.44430116978802
2012-10-26 22:00:00,176.27698076563664
2012-10-26 23:00:00,155.71467608147123
2012-10-27 00:00:00,123.53264088082818
2012-10-27 01:00:00,94.54135161781738
2012-10-27 02:00:00,57.06686293438399
2012-10-27 03:00:00,32.3342423281233
2012-10-27 04:00:00,11.179429329255685
2012-10-27 05:00:00,11.362116385551134
2012-10-27 06:00:00,27.553898519156238
2012-10-27 07:00:00,76.194013087874
2012-10-27 08:00:00,124.95293011722988
2012-10-27 09:00:00,183.30830386096295
2012-10-27 10:00:00,380.33303464671906
2012-10-27 11:00:00,483.704172092752
2012-10-27 12:00:00,633.1669793046699
2012-10-27 13:00:00,572.1484450797242
2012-10-27 14:00:00,523.9441574846851
2012-10-27 15:00:00,549.7223650623278
2012-10-27 16:00:00,487.76534246029865
2012-10-27 17:00:00,454.1854834492288
2012-10-27 18:00:00,366.0546642778096
2012-10-27 19:00:00,220.23671007341497
2012-10-27 20:00:00,177.61687148946092
2012-10-27 21:00:00,153.41703237219775
2012-10-27 22:00:00,138.0972199458036
2012-10-27 23:00:00,112.30401981698984
2012-10-28 00:00:00,96.31266837242812
2012-10-28 01:00:00,89.18137828819208
2012-10-28 02:00:00,57.60052755931639
2012-10-28 03:00:00,27.047677593195544
2012-10-28 04:00:00,10.859241656709129
2012-10-28 05:00:00,8.994599431899033
2012-10-28 06:00:00,17.535994816236318
2012-10-28 07:00:00,45.44004588988255
2012-10-28 08:00:00,98.2091426126871
2012-10-28 09:00:00,168.512449801027
2012-10-28 10:00:00,280.3781219677546
2012-10-28 11:00:00,348.74463001785205
2012-10-28 12:00:00,422.1009094754884
2012-10-28 13:00:00,431.2051730564871
2012-10-28 14:00:00,350.5760516300614
2012-10-28 15:00:00,365.37832941550073
2012-10-28 16:00:00,252.03380378915506
2012-10-28 17:00:00,153.52503259726439
2012-10-28 18:00:00,80.76683463333453
2012-10-28 19:00:00,75.70174096847697
2012-10-28 20:00:00,50.97426479343974
2012-10-28 21:00:00,46.12571420843651
2012-10-28 22:00:00,38.02236613396002
2012-10-28 23:00:00,28.46345176393152
2012-10-29 00:00:00,21.547557940830718
2012-10-30 13:00:00,76.58717634123187
2012-10-30 14:00:00,66.21752479197983
2012-10-30 15:00:00,69.64594658825544
2012-10-30 16:00:00,104.87505542519779
2012-10-30 17:00:00,217.20337330926466
2012-10-30 18:00:00,265.1522999834066
2012-10-30 19:00:00,337.1956617464265
2012-10-30 20:00:00,157.57619180940472
2012-10-30 21:00:00,123.14116190651389
2012-10-30 22:00:00,99.86563533763712
2012-10-30 23:00:00,61.96426146820224
2012-10-31 00:00:00,26.351309356304046
2012-10-31 01:00:00,11.922065097430515
2012-10-31 02:00:00,5.999831021768243
2012-10-31 03:00:00,4.437645802569856
2012-10-31 04:00:00,5.371704306560448
2012-10-31 05:00:00,28.353180916881186
2012-10-31 06:00:00,108.64620853859316
2012-10-31 07:00:00,291.44857310580784
2012-10-31 08:00:00,482.73646894224385
2012-10-31 09:00:00,284.26460047880744
2012-10-31 10:00:00,154.13622318296888
2012-10-31 11:00:00,178.04927663964153
2012-10-31 12:00:00,200.941180124406
2012-10-31 13:00:00,218.40882150756585
2012-10-31 14:00:00,196.35800217174693
2012-10-31 15:00:00,204.94739872232924
2012-10-31 16:00:00,321.58377160728884
2012-10-31 17:00:00,532.8581506017273
2012-10-31 18:00:00,497.12616519001955
2012-10-31 19:00:00,339.56864340005467
2012-10-31 20:00:00,239.23369434696136
2012-10-31 21:00:00,178.5244352008851
2012-10-31 22:00:00,144.67494759907453
2012-10-31 23:00:00,91.61258805678351
2012-11-20 00:00:00,25.634405507941928
2012-11-20 01:00:00,11.205458349454373
2012-11-20 02:00:00,5.470557814667671
2012-11-20 03:00:00,4.154083408736631
2012-11-20 04:00:00,6.487742789436081
2012-11-20 05:00:00,30.462111955366503
2012-11-20 06:00:00,126.37663810570679
2012-11-20 07:00:00,326.2808817499283
2012-11-20 08:00:00,601.6917761344944
2012-11-20 09:00:00,288.6163148001861
2012-11-20 10:00:00,143.5241916346014
2012-11-20 11:00:00,164.2797327226939
2012-11-20 12:00:00,197.27214449845135
2012-11-20 13:00:00,205.103986769915
2012-11-20 14:00:00,183.530924105811
2012-11-20 15:00:00,185.36169166154386
2012-11-20 16:00:00,279.8298745614118
2012-11-20 17:00:00,496.93595965544927
2012-11-20 18:00:00,468.9049159476691
2012-11-20 19:00:00,308.9123283225804
2012-11-20 20:00:00,208.04439427651667
2012-11-20 21:00:00,162.09481073896507
2012-11-20 22:00:00,123.44462325861
2012-11-20 23:00:00,61.55009129269709
2012-11-21 00:00:00,28.24780886672686
2012-11-21 01:00:00,11.905711311809352
2012-11-21 02:00:00,4.996337090599969
2012-11-21 03:00:00,3.9488746902728598
2012-11-21 04:00:00,4.51111036799618
2012-11-21 05:00:00,22.997461284604096
2012-11-21 06:00:00,99.53981092792954
2012-11-21 07:00:00,253.38317849149828
2012-11-21 08:00:00,486.9447956978329
2012-11-21 09:00:00,262.22247465370606
2012-11-21 10:00:00,157.33941366528578
2012-11-21 11:00:00,157.4715596013344
2012-11-21 12:00:00,237.30978172976253
2012-11-21 13:00:00,233.85011577300247
2012-11-21 14:00:00,183.36540645524897
2012-11-21 15:00:00,203.3326988306891
2012-11-21 16:00:00,285.0893437846341
2012-11-21 17:00:00,573.1610560047313
2012-11-21 18:00:00,545.5698171114944
2012-11-21 19:00:00,372.0194324828801
2012-11-21 20:00:00,241.8230443305593
2012-11-21 21:00:00,175.1915034104851
2012-11-21 22:00:00,135.2302768443607
2012-11-21 23:00:00,80.7294803710247
2012-11-22 00:00:00,89.80765262337977
2012-11-22 01:00:00,54.04573473900202
2012-11-22 02:00:00,25.336048568010455
2012-11-22 03:00:00,11.915428492973318
2012-11-22 04:00:00,6.952259495970279
2012-11-22 05:00:00,11.3341409569742
2012-11-22 06:00:00,29.610682040310166
2012-11-22 07:00:00,67.1667481474645
2012-11-22 08:00:00,208.27238757858777
2012-11-22 09:00:00,328.25948237622936
2012-11-22 10:00:00,431.98361361518954
2012-11-22 11:00:00,469.3745223093512
2012-11-22 12:00:00,598.6085189657275
2012-11-22 13:00:00,581.1717044799229
2012-11-22 14:00:00,454.14042947571687
2012-11-22 15:00:00,494.36490468538705
2012-11-22 16:00:00,533.6619929504924
2012-11-22 17:00:00,513.1279618481773
2012-11-22 18:00:00,418.3906026074692
2012-11-22 19:00:00,314.07619923335454
2012-11-22 20:00:00,304.0116793351735
2012-11-22 21:00:00,277.49870563161136
2012-11-22 22:00:00,189.6816160756246
2012-11-22 23:00:00,116.49365611363366
2012-11-23 00:00:00,47.77604174295452
2012-11-23 01:00:00,20.361650535343365
2012-11-23 02:00:00,8.343417721512298
2012-11-23 03:00:00,4.077488192126434
2012-11-23 04:00:00,4.870994250788479
2012-11-23 05:00:00,22.74240204798058
2012-11-23 06:00:00,97.04179535144635
2012-11-23 07:00:00,269.08881355941486
2012-11-23 08:00:00,597.8465270452448
2012-11-23 09:00:00,305.2507652895705
2012-11-23 10:00:00,186.63800944984254
2012-11-23 11:00:00,193.38182627709438
2012-11-23 12:00:00,286.5786977410895
2012-11-23 13:00:00,271.1708611982367
2012-11-23 14:00:00,239.6717442735476
2012-11-23 15:00:00,274.97414575188355
2012-11-23 16:00:00,378.73690150003057
2012-11-23 17:00:00,574.8602555509852
2012-11-23 18:00:00,483.20435056961145
2012-11-23 19:00:00,317.33367145252384
2012-11-23 20:00:00,260.4400147361501
2012-11-23 21:00:00,193.55887627757704
2012-11-23 22:00:00,170.3133147710383
2012-11-23 23:00:00,145.44154123217925
2012-11-24 00:00:00,91.31719283933755
2012-11-24 01:00:00,67.33162605314804
2012-11-24 02:00:00,37.25503885949442
2012-11-24 03:00:00,22.44235762195722
2012-11-24 04:00:00,6.828699190578519
2012-11-24 05:00:00,6.214834820098894
2012-11-24 06:00:00,14.589791283456579
2012-11-24 07:00:00,37.64804156939434
2012-11-24 08:00:00,103.81902733967259
2012-11-24 09:00:00,167.83890640722626
2012-11-24 10:00:00,241.67682604951514
2012-11-24 11:00:00,291.65389625085396
2012-11-24 12:00:00,266.4362771695766
2012-11-24 13:00:00,336.2238456180732
2012-11-24 14:00:00,220.69523875088396
2012-11-24 15:00:00,246.16241503308376
2012-11-24 16:00:00,257.23586878850256
2012-11-24 17:00:00,238.57103793625774
2012-11-24 18:00:00,187.0912331544927
2012-11-24 19:00:00,163.40396696937836
2012-11-24 20:00:00,132.9077766224512
2012-11-24 21:00:00,118.4823959574951
2012-11-24 22:00:00,95.91406157166722
2012-11-24 23:00:00,88.06673685705012
2012-11-25 00:00:00,71.4891152904114
2012-11-25 01:00:00,58.02188316471111
2012-11-25 02:00:00,38.83867324833969
2012-11-25 03:00:00,17.631302387876488
2012-11-25 04:00:00,6.243790944520024
2012-11-25 05:00:00,5.429865175190042
2012-11-25 06:00:00,9.646870307272428
2012-11-25 07:00:00,24.977524342524905
2012-11-25 08:00:00,65.32388932480991
2012-11-25 09:00:00,159.82571976592158
2012-11-25 10:00:00,217.36154304968738
2012-11-25 11:00:00,292.2353870306192
2012-11-25 12:00:00,348.6911502054586
2012-11-25 13:00:00,317.50421413673143
2012-11-25 14:00:00,324.0570916323611
2012-11-25 15:00:00,290.40496070731507
2012-11-25 16:00:00,260.89710474592863
2012-11-25 17:00:00,239.34350196339227
2012-11-25 18:00:00,179.07261857647708
2012-11-25 19:00:00,154.16022851928219
2012-11-25 20:00:00,87.73843287215715
2012-11-25 21:00:00,93.44346767104273
2012-11-25 22:00:00,53.08982866827396
2012-11-25 23:00:00,33.962920251686135
2012-11-26 00:00:00,17.247519666493897
2012-11-26 01:00:00,7.193918437944329
2012-11-26 02:00:00,3.7364646171327585
2012-11-26 03:00:00,2.5275483444214615
2012-11-26 04:00:00,3.6799472851594484
2012-11-26 05:00:00,17.80158572859205
2012-11-26 06:00:00,76.00359979201058
2012-11-26 07:00:00,231.08590579119058
2012-11-26 08:00:00,463.9352587438987
2012-11-26 09:00:00,244.45584711502903
2012-11-26 10:00:00,127.67942699777439
2012-11-26 11:00:00,168.69831212725077
2012-11-26 12:00:00,214.47905559846023
2012-11-26 13:00:00,203.3055503486917
2012-11-26 14:00:00,172.7022128619194
2012-11-26 15:00:00,188.55405076041876
2012-11-26 16:00:00,245.54968990411703
2012-11-26 17:00:00,505.455164401614
2012-11-26 18:00:00,415.5751814220855
2012-11-26 19:00:00,288.30245249236873
2012-11-26 20:00:00,189.88711927365947
2012-11-26 21:00:00,137.2301369960605
2012-11-26 22:00:00,92.46955308571323
2012-11-26 23:00:00,58.57335549228136
2012-11-27 00:00:00,27.599035535892565
2012-11-27 01:00:00,11.65913900044313
2012-11-27 02:00:00,5.750466294606173
2012-11-27 03:00:00,3.9018524423483343
2012-11-27 04:00:00,4.8845317418597505
2012-11-27 05:00:00,23.265985698960918
2012-11-27 06:00:00,106.10053704018416
2012-11-27 07:00:00,220.18495121400483
2012-11-27 08:00:00,357.5308335969379
2012-11-27 09:00:00,226.63232714372182
2012-11-27 10:00:00,83.78139926114538
2012-11-27 11:00:00,64.32667774362682
2012-11-27 12:00:00,71.49147474304738
2012-11-27 13:00:00,75.90244797634726
2012-11-27 14:00:00,59.074612503676164
2012-11-27 15:00:00,115.34519776963664
2012-11-27 16:00:00,172.1528004899204
2012-11-27 17:00:00,353.9737148483889
2012-11-27 18:00:00,222.43725960033373
2012-11-27 19:00:00,182.8613203035965
2012-11-27 20:00:00,116.11588958519064
2012-11-27 21:00:00,80.21479346128642
2012-11-27 22:00:00,85.01854456062156
2012-11-27 23:00:00,50.46252914195403
2012-11-28 00:00:00,36.39462314765049
2012-11-28 01:00:00,14.805836506962118
2012-11-28 02:00:00,7.070108372901463
2012-11-28 03:00:00,5.260000076982136
2012-11-28 04:00:00,5.933292619949297
2012-11-28 05:00:00,28.08121391477515
2012-11-28 06:00:00,136.66911414370782
2012-11-28 07:00:00,369.0719696979111
2012-11-28 08:00:00,621.0155971123852
2012-11-28 09:00:00,342.695188252886
2012-11-28 10:00:00,146.70896006235037
2012-11-28 11:00:00,157.4682118672254
2012-11-28 12:00:00,228.08336821011883
2012-11-28 13:00:00,202.17307111576173
2012-11-28 14:00:00,187.08511089318455
2012-11-28 15:00:00,173.05349576791738
2012-11-28 16:00:00,234.9018213395078
2012-11-28 17:00:00,464.03251759278146
2012-11-28 18:00:00,440.55922283984154
2012-11-28 19:00:00,284.9810734464194
2012-11-28 20:00:00,222.9713482558969
2012-11-28 21:00:00,172.09795496428075
2012-11-28 22:00:00,127.64930890839122
2012-11-28 23:00:00,72.79023301272349
2012-11-29 00:00:00,29.045848573979146
2012-11-29 01:00:00,10.03415831956321
2012-11-29 02:00:00,4.9796385776444225
2012-11-29 04:00:00,4.162756616507168
2012-11-29 05:00:00,18.808286169855496
2012-11-29 06:00:00,94.3357714261185
2012-11-29 07:00:00,242.2551224111005
2012-11-29 08:00:00,536.510869349911
2012-11-29 09:00:00,263.185568340754
2012-11-29 10:00:00,144.3358268515766
2012-11-29 11:00:00,186.20793885934032
2012-11-29 12:00:00,213.94646770648342
2012-11-29 13:00:00,267.2835124701084
2012-11-29 14:00:00,162.00611108001945
2012-11-29 15:00:00,165.27978156735085
2012-11-29 16:00:00,252.647809277164
2012-11-29 17:00:00,590.9757047402412
2012-11-29 18:00:00,431.50220591141886
2012-11-29 19:00:00,257.7822037235057
2012-11-29 20:00:00,227.73907715613382
2012-11-29 21:00:00,142.44454380503367
2012-11-29 22:00:00,102.75890256026031
2012-11-29 23:00:00,91.86727053905999
2012-11-30 00:00:00,42.18044523510812
2012-11-30 01:00:00,17.404067747548904
2012-11-30 02:00:00,7.693294667635205
2012-11-30 03:00:00,4.1009397471225215
2012-11-30 04:00:00,4.005811644925208
2012-11-30 05:00:00,19.15341756861503
2012-11-30 06:00:00,83.52301860481083
2012-11-30 07:00:00,226.81746971112494
2012-11-30 08:00:00,510.9234510507662
2012-11-30 09:00:00,276.2748958901476
2012-11-30 10:00:00,155.2430157930376
2012-11-30 11:00:00,203.77103125168992
2012-11-30 12:00:00,247.16949863125993
2012-11-30 13:00:00,259.5189224503082
2012-11-30 14:00:00,232.27720780127493
2012-11-30 15:00:00,237.8457750001149
2012-11-30 16:00:00,333.6328550934212
2012-11-30 17:00:00,439.7426330423098
2012-11-30 18:00:00,400.9391773190945
2012-11-30 19:00:00,233.9448908029696
2012-11-30 20:00:00,175.57453132441273
2012-11-30 21:00:00,133.14949830467287
2012-11-30 22:00:00,125.12653446955123
2012-11-30 23:00:00,95.42316055963181
2012-12-20 00:00:00,38.33098563325614
2012-12-20 01:00:00,14.697800813326294
2012-12-20 02:00:00,7.738294804091314
2012-12-20 03:00:00,4.727211393122655
2012-12-20 04:00:00,5.895802666827636
2012-12-20 05:00:00,31.787725772587105
2012-12-20 06:00:00,129.29503813632743
2012-12-20 07:00:00,365.37130330442807
2012-12-20 08:00:00,547.7856043622444
2012-12-20 09:00:00,270.55216599230647
2012-12-20 10:00:00,142.51245918193638
2012-12-20 11:00:00,150.2818109471138
2012-12-20 12:00:00,202.43699829544428
2012-12-20 13:00:00,186.9110486314249
2012-12-20 14:00:00,168.80614479551943
2012-12-20 15:00:00,170.6464404980644
2012-12-20 16:00:00,217.3053710489319
2012-12-20 17:00:00,474.17660777696153
2012-12-20 18:00:00,437.70992823741244
2012-12-20 19:00:00,218.444524450416
2012-12-20 20:00:00,164.09330342880926
2012-12-20 21:00:00,124.79391062347752
2012-12-20 22:00:00,71.86716094177291
2012-12-20 23:00:00,51.43942542126937
2012-12-21 00:00:00,21.168901625437687
2012-12-21 01:00:00,10.9609095165236
2012-12-21 02:00:00,5.620872220249038
2012-12-21 03:00:00,2.6823482253295006
2012-12-21 04:00:00,2.818027013195561
2012-12-21 05:00:00,10.515439663479789
2012-12-21 06:00:00,73.66691443706496
2012-12-21 07:00:00,165.25959192087282
2012-12-21 08:00:00,283.64973901362646
2012-12-21 09:00:00,235.15415733845825
2012-12-21 10:00:00,107.98189416993212
2012-12-21 11:00:00,119.92028440201894
2012-12-21 12:00:00,135.35093214733735
2012-12-21 13:00:00,132.91100511834262
2012-12-21 14:00:00,110.06527434524882
2012-12-21 15:00:00,124.19342111329814
2012-12-21 16:00:00,166.35899717014308
2012-12-21 17:00:00,204.65435247677746
2012-12-21 18:00:00,181.63930024056125
2012-12-21 19:00:00,159.2210588644363
2012-12-21 20:00:00,116.14958773263814
2012-12-21 21:00:00,90.5550626510183
2012-12-21 22:00:00,75.8451850710756
2012-12-21 23:00:00,55.17427623608458
2012-12-22 00:00:00,37.8120249917805
2012-12-22 01:00:00,34.49759022894197
2012-12-22 02:00:00,26.408942751789656
2012-12-22 03:00:00,12.29417828062525
2012-12-22 04:00:00,3.598676124001686
2012-12-22 05:00:00,3.2504835061178294
2012-12-22 06:00:00,6.982786040855193
2012-12-22 07:00:00,18.036666943835723
2012-12-22 08:00:00,49.07555036609842
2012-12-22 09:00:00,93.98890358163854
2012-12-22 10:00:00,131.93212839344756
2012-12-22 11:00:00,157.52590224395772
2012-12-22 12:00:00,159.1302741415586
2012-12-22 13:00:00,169.62236837964062
2012-12-22 14:00:00,143.39501053041417
2012-12-22 15:00:00,148.01320535060216
2012-12-22 16:00:00,146.16561135274313
2012-12-22 17:00:00,132.1552670558427
2012-12-22 18:00:00,122.13142790480319
2012-12-22 19:00:00,102.79752520528888
2012-12-22 20:00:00,91.84090421625167
2012-12-22 21:00:00,49.771803316893134
2012-12-22 22:00:00,47.01969762625474
2012-12-22 23:00:00,42.98333964544006
2012-12-23 00:00:00,37.43339892840137
2012-12-23 01:00:00,36.09820344133563
2012-12-23 02:00:00,24.841353837386226
2012-12-23 03:00:00,11.702229870112378
2012-12-23 04:00:00,3.386075668773778
2012-12-23 05:00:00,2.2317900726491913
2012-12-23 06:00:00,3.3795899761416197
2012-12-23 07:00:00,9.22245539572479
2012-12-23 08:00:00,25.588980749398086
2012-12-23 09:00:00,62.03615034382366
2012-12-23 10:00:00,90.99812102946544
2012-12-23 11:00:00,141.7999841105836
2012-12-23 12:00:00,185.03893056564078
2012-12-23 13:00:00,206.95167764227472
2012-12-23 14:00:00,187.43326652234802
2012-12-23 15:00:00,222.82284707399185
2012-12-23 16:00:00,206.3365095027797
2012-12-23 17:00:00,159.63170838918631
2012-12-23 18:00:00,145.70038988844453
2012-12-23 19:00:00,112.9109522489749
2012-12-23 20:00:00,68.23528933994463
2012-12-23 21:00:00,41.201050280703946
2012-12-23 22:00:00,35.80180073390464
2012-12-23 23:00:00,22.268238191144206
2012-12-24 00:00:00,10.493817131031435
2012-12-24 01:00:00,4.247293686641788
2012-12-24 02:00:00,2.5230245572362007
2012-12-24 03:00:00,1.6257874865323758
2012-12-24 05:00:00,8.753160281008503
2012-12-24 06:00:00,46.355533933924164
2012-12-24 07:00:00,124.31281752782857
2012-12-24 08:00:00,274.0672292731144
2012-12-24 09:00:00,180.2101228188806
2012-12-24 10:00:00,69.15203464749762
2012-12-24 11:00:00,79.59039891381757
2012-12-24 12:00:00,98.59188525034573
2012-12-24 13:00:00,73.43596903230393
2012-12-24 14:00:00,60.11161961711881
2012-12-24 15:00:00,48.9019912534431
2012-12-24 16:00:00,70.56161817719793
2012-12-24 17:00:00,155.2518539064456
2012-12-24 18:00:00,154.68636571042097
2012-12-24 19:00:00,154.1551694540575
2012-12-24 20:00:00,88.92216124040779
2012-12-24 21:00:00,54.418030073250755
2012-12-24 22:00:00,39.61460223986158
2012-12-24 23:00:00,20.283401738480904
2012-12-25 00:00:00,18.354012095301332
2012-12-25 01:00:00,19.42437911141041
2012-12-25 02:00:00,13.011077173385347
2012-12-25 04:00:00,4.02568819200877
2012-12-25 05:00:00,3.5742532287030073
2012-12-25 06:00:00,8.109655359896951
2012-12-25 07:00:00,21.634825899934647
2012-12-25 08:00:00,80.9764153853405
2012-12-25 09:00:00,106.48195772856072
2012-12-25 10:00:00,161.9876730261635
2012-12-25 11:00:00,203.539621886751
2012-12-25 12:00:00,223.46827161260023
2012-12-25 13:00:00,235.87387606584466
2012-12-25 14:00:00,221.39182369085916
2012-12-25 15:00:00,207.50787051786912
2012-12-25 16:00:00,183.59141593225414
2012-12-25 17:00:00,178.01386468052726
2012-12-25 18:00:00,167.56385281627493
2012-12-25 19:00:00,140.6445372957986
2012-12-25 20:00:00,110.31787340311105
2012-12-25 21:00:00,85.54616277884854
2012-12-25 22:00:00,78.22366572739313
2012-12-25 23:00:00,37.10324831434431
2012-12-26 00:00:00,17.031002798318557
2012-12-26 01:00:00,4.80133168199364
2012-12-26 02:00:00,2.585774615247806
2012-12-26 03:00:00,1.9511103867455575
2012-12-26 04:00:00,1.2540634274208646
2012-12-26 05:00:00,8.701145170232707
2012-12-26 06:00:00,52.15876850084913
2012-12-26 07:00:00,56.30464301598385
2012-12-26 08:00:00,113.34906261269145
2012-12-26 09:00:00,60.56958238497966
2012-12-26 10:00:00,22.55706795508118
2012-12-26 11:00:00,18.08523245947937
2012-12-26 12:00:00,27.141744342592194
2012-12-26 13:00:00,26.528343778682807
2012-12-26 14:00:00,19.137833683765965
2012-12-26 15:00:00,35.09774295218665
2012-12-26 16:00:00,50.48562025272543
2012-12-26 17:00:00,70.00922569463322
2012-12-26 18:00:00,62.53780126119425
2012-12-26 19:00:00,100.75674905103237
2012-12-26 20:00:00,34.14885767922334
2012-12-26 21:00:00,57.413864156605875
2012-12-26 22:00:00,15.892069731587256
2012-12-26 23:00:00,18.933086141223534
2012-12-27 00:00:00,13.174967341939144
2012-12-27 01:00:00,3.523125753188794
2012-12-27 02:00:00,3.258597425593338
2012-12-27 03:00:00,3.013994962869976
2012-12-27 04:00:00,2.4402618965807372
2012-12-27 05:00:00,13.500566721181267
2012-12-27 06:00:00,56.16847112441794
2012-12-27 07:00:00,192.22582303115098
2012-12-27 08:00:00,349.3913011095232
2012-12-27 09:00:00,191.9839795791174
2012-12-27 10:00:00,86.936502329656
2012-12-27 11:00:00,90.10525439738491
2012-12-27 12:00:00,99.0871057345676
2012-12-27 13:00:00,99.68232113469598
2012-12-27 14:00:00,76.55419435450128
2012-12-27 15:00:00,78.89195432354704
2012-12-27 16:00:00,123.36627038197328
2012-12-27 17:00:00,251.71015702890455
2012-12-27 18:00:00,235.6945738094354
2012-12-27 19:00:00,147.69307038610444
2012-12-27 20:00:00,131.70281796253147
2012-12-27 21:00:00,93.98107940068752
2012-12-27 22:00:00,61.86441303707307
2012-12-27 23:00:00,41.36460429170224
2012-12-28 00:00:00,23.118750058878632
2012-12-28 01:00:00,10.343011261023776
2012-12-28 02:00:00,5.87727533884262
2012-12-28 03:00:00,2.8636789527909956
2012-12-28 04:00:00,2.354169153187701
2012-12-28 05:00:00,10.542234251160663
2012-12-28 06:00:00,44.593769193271314
2012-12-28 07:00:00,140.74829358486193
2012-12-28 08:00:00,374.11603873232315
2012-12-28 09:00:00,179.24981162509994
2012-12-28 10:00:00,93.61770487280184
2012-12-28 11:00:00,104.62156833655767
2012-12-28 12:00:00,124.71943223632938
2012-12-28 13:00:00,124.47007128226824
2012-12-28 14:00:00,103.62030742155001
2012-12-28 15:00:00,105.64059960134628
2012-12-28 16:00:00,165.15518799890665
2012-12-28 17:00:00,222.89022994269712
2012-12-28 18:00:00,206.96443175598887
2012-12-28 19:00:00,129.10453907885363
2012-12-28 20:00:00,88.17604293749346
2012-12-28 21:00:00,80.62183924976738
2012-12-28 22:00:00,66.19621599049331
2012-12-28 23:00:00,43.46166337110855
2012-12-29 00:00:00,41.07997077174939
2012-12-29 01:00:00,35.837647138847416
2012-12-29 02:00:00,25.804410754803335
2012-12-29 03:00:00,11.793519293134727
2012-12-29 04:00:00,3.85793242331832
2012-12-29 05:00:00,3.368778425184888
2012-12-29 06:00:00,7.911835799944936
2012-12-29 07:00:00,19.98946583931596
2012-12-29 08:00:00,74.84813100976366
2012-12-29 09:00:00,124.9318483135622
2012-12-29 10:00:00,124.3745555860083
2012-12-29 11:00:00,73.30883300154309
2012-12-29 12:00:00,59.05999019320283
2012-12-29 13:00:00,59.23137594169513
2012-12-29 14:00:00,178.14544352718215
2012-12-29 15:00:00,173.25952517595184
2012-12-29 16:00:00,178.3902322246621
2012-12-29 17:00:00,151.83057930809292
2012-12-29 18:00:00,134.5135332890178
2012-12-29 19:00:00,105.36974364851378
2012-12-29 20:00:00,62.16319246899509
2012-12-29 21:00:00,53.142148307422126
2012-12-29 22:00:00,46.512389503972535
2012-12-29 23:00:00,52.35418772966897
2012-12-30 00:00:00,49.32970763777214
2012-12-30 01:00:00,34.14511874838712
2012-12-30 02:00:00,25.836569947835795
2012-12-30 03:00:00,11.247352508442443
2012-12-30 04:00:00,3.5639106306880244
2012-12-30 05:00:00,3.0435712706403066
2012-12-30 06:00:00,3.5913116809710703
2012-12-30 07:00:00,10.98425837960211
2012-12-30 08:00:00,28.397056811833014
2012-12-30 09:00:00,60.88979777472024
2012-12-30 10:00:00,107.42266122479201
2012-12-30 11:00:00,144.87135001782073
2012-12-30 12:00:00,175.84689143517147
2012-12-30 13:00:00,162.12731990743856
2012-12-30 14:00:00,146.63076662613906
2012-12-30 15:00:00,157.93115111111698
2012-12-30 16:00:00,163.99013847065245
2012-12-30 17:00:00,134.09007165714527
2012-12-30 18:00:00,106.97075710219084
2012-12-30 19:00:00,112.46538922126713
2012-12-30 20:00:00,43.925610800359436
2012-12-30 21:00:00,40.952341776619505
2012-12-30 22:00:00,26.688328149103018
2012-12-30 23:00:00,17.926087634847743
2012-12-31 00:00:00,9.061591913301674
2012-12-31 01:00:00,3.883733651853235
2012-12-31 02:00:00,2.3200042727957326
2012-12-31 03:00:00,1.522397986988823
2012-12-31 04:00:00,1.333764252822246
2012-12-31 05:00:00,5.895802398654428
2012-12-31 06:00:00,34.515147104764054
2012-12-31 07:00:00,100.55802030005866
2012-12-31 08:00:00,198.23031329163663
2012-12-31 09:00:00,147.01098538618677
2012-12-31 10:00:00,63.71489314034513
2012-12-31 11:00:00,69.10595600993126
2012-12-31 12:00:00,92.23174847329244
2012-12-31 13:00:00,97.5808268938795
2012-12-31 14:00:00,90.88084870460095
2012-12-31 15:00:00,94.41896580021567
2012-12-31 16:00:00,128.6624520148593
2012-12-31 17:00:00,241.5124437655014
2012-12-31 18:00:00,243.2204210797253
2012-12-31 19:00:00,160.01409480909498
2012-12-31 20:00:00,111.94491520091069
2012-12-31 21:00:00,78.7927222667406
2012-12-31 22:00:00,54.0268108658453
2012-12-31 23:00:00,28.1625207074962
