datetime,count
2011-01-20 00:00:00,19.93659407762763
2011-01-20 01:00:00,5.516386564172976
2011-01-20 02:00:00,3.7704791757346965
2011-01-20 03:00:00,2.600408448328005
2011-01-20 04:00:00,1.869047852669251
2011-01-20 05:00:00,10.751394377532241
2011-01-20 06:00:00,56.57042104896194
2011-01-20 07:00:00,158.92865591739337
2011-01-20 08:00:00,402.2474046622123
2011-01-20 09:00:00,206.13159029679775
2011-01-20 10:00:00,90.59221826089703
2011-01-20 11:00:00,100.1577607527403
2011-01-20 12:00:00,123.43495601693445
2011-01-20 13:00:00,113.70166787110998
2011-01-20 14:00:00,101.34722127466978
2011-01-20 15:00:00,110.6915448449693
2011-01-20 16:00:00,132.5510166710102
2011-01-20 17:00:00,256.7847586235355
2011-01-20 18:00:00,258.1014325816846
2011-01-20 19:00:00,193.5215413151871
2011-01-20 20:00:00,148.5385954657039
2011-01-20 21:00:00,97.9302646138079
2011-01-20 22:00:00,47.70827892485388
2011-01-20 23:00:00,28.506195060588063
2011-01-21 00:00:00,34.095763116944596
2011-01-21 01:00:00,15.401726291687122
2011-01-21 02:00:00,7.8649026090139476
2011-01-21 03:00:00,1.4475865020507053
2011-01-21 04:00:00,2.6666116840022345
2011-01-21 05:00:00,10.808409550354442
2011-01-21 06:00:00,46.9172427528367
2011-01-21 07:00:00,113.46962567410563
2011-01-21 08:00:00,259.4345826642194
2011-01-21 09:00:00,121.93080292727957
2011-01-21 10:00:00,66.85147860813129
2011-01-21 11:00:00,79.84970015095543
2011-01-21 12:00:00,106.01196886939569
2011-01-21 13:00:00,89.42331166790655
2011-01-21 14:00:00,79.9708275143449
2011-01-21 15:00:00,85.01197987796425
2011-01-21 16:00:00,100.94066755758037
2011-01-21 17:00:00,164.01609348241442
2011-01-21 18:00:00,131.9241538764317
2011-01-21 19:00:00,90.84673279819788
2011-01-21 20:00:00,70.78706449965607
2011-01-21 21:00:00,41.06226800390207
2011-01-21 22:00:00,44.22293627323246
2011-01-21 23:00:00,26.618630096393193
2011-01-22 00:00:00,23.03256430911115
2011-01-22 01:00:00,30.37452878836088
2011-01-22 02:00:00,18.481621737104504
2011-01-22 03:00:00,8.910749739588955
2011-01-22 04:00:00,2.1476512817217612
2011-01-22 06:00:00,4.5558833351591685
2011-01-22 07:00:00,10.374101878064234
2011-01-22 08:00:00,33.8831420622449
2011-01-22 09:00:00,54.51908740126534
2011-01-22 10:00:00,112.32896604603343
2011-01-22 11:00:00,104.80331694241835
2011-01-22 12:00:00,99.8074960082613
2011-01-22 13:00:00,99.16145798330382
2011-01-22 14:00:00,99.89350201059449
2011-01-22 15:00:00,107.1644802414625
2011-01-22 16:00:00,79.76458592078235
2011-01-22 17:00:00,86.67234194636896
2011-01-22 18:00:00,42.57248176966658
2011-01-22 19:00:00,47.72226187042925
2011-01-22 20:00:00,44.14950533513505
2011-01-22 21:00:00,49.801999070358015
2011-01-22 22:00:00,40.160286390676845
2011-01-22 23:00:00,40.73210329202612
2011-01-23 00:00:00,44.46962547423189
2011-01-23 01:00:00,30.706798270060474
2011-01-23 02:00:00,14.175924557474753
2011-01-23 03:00:00,8.4196204260792
2011-01-23 05:00:00,3.0554515736028254
2011-01-23 06:00:00,5.641739135298226
2011-01-23 07:00:00,13.137066997723046
2011-01-23 08:00:00,29.07383628464677
2011-01-23 09:00:00,60.64928424991635
2011-01-23 10:00:00,58.939864054484005
2011-01-23 11:00:00,99.65398651233853
2011-01-23 12:00:00,112.22245620590205
2011-01-23 13:00:00,122.11734154166611
2011-01-23 14:00:00,123.38003892867962
2011-01-23 15:00:00,126.31645919298425
2011-01-23 16:00:00,114.98449672632665
2011-01-23 17:00:00,107.27257943370357
2011-01-23 18:00:00,64.8690883477546
2011-01-23 19:00:00,44.74949268461697
2011-01-23 20:00:00,32.517651972329986
2011-01-23 21:00:00,30.263571385178803
2011-01-23 22:00:00,18.170103472846815
2011-01-23 23:00:00,15.564772965996356
2011-01-24 00:00:00,14.991786067244572
2011-01-24 01:00:00,5.079933859895382
2011-01-24 03:00:00,1.0311389495670873
2011-01-24 04:00:00,2.09758509990382
2011-01-24 05:00:00,9.044122164321672
2011-01-24 06:00:00,49.60047778764946
2011-01-24 07:00:00,107.47335069245518
2011-01-24 08:00:00,273.1303788538478
2011-01-24 09:00:00,153.6157510262605
2011-01-24 10:00:00,75.99466326322106
2011-01-24 11:00:00,64.42228363909103
2011-01-24 12:00:00,72.3328100417262
2011-01-24 13:00:00,59.530065026720266
2011-01-24 14:00:00,52.46967744173885
2011-01-24 15:00:00,68.76953232902211
2011-01-24 16:00:00,76.9939271067597
2011-01-24 17:00:00,141.46226722477095
2011-01-24 18:00:00,124.46507145738454
2011-01-24 19:00:00,98.0324299807354
2011-01-24 20:00:00,61.317289402958
2011-01-24 21:00:00,32.76803186633705
2011-01-24 22:00:00,23.225998965895677
2011-01-24 23:00:00,15.556050841858987
2011-01-25 00:00:00,9.982657154184848
2011-01-25 01:00:00,3.1665397658712213
2011-01-25 02:00:00,2.115769233168757
2011-01-25 04:00:00,1.55480945912734
2011-01-25 05:00:00,8.99958568791068
2011-01-25 06:00:00,48.600220488666785
2011-01-25 07:00:00,140.0758495222434
2011-01-25 08:00:00,207.82910223224914
2011-01-25 09:00:00,140.29889080543396
2011-01-25 10:00:00,90.27376757740562
2011-01-25 11:00:00,83.19758537741919
2011-01-25 12:00:00,117.22634698445569
2011-01-25 13:00:00,93.70201106304316
2011-01-25 14:00:00,100.1791935412757
2011-01-25 15:00:00,107.62841984431542
2011-01-25 16:00:00,148.76397846730362
2011-01-25 17:00:00,277.1798420793299
2011-01-25 18:00:00,244.13048049764976
2011-01-25 19:00:00,136.14326072549227
2011-01-25 20:00:00,81.13395613260829
2011-01-25 21:00:00,59.568237299705686
2011-01-25 22:00:00,37.39251865694225
2011-01-25 23:00:00,21.928328168121784
2011-01-26 00:00:00,13.087198653355664
2011-01-26 01:00:00,6.275202702604408
2011-01-26 02:00:00,2.5701753930463727
2011-01-26 05:00:00,3.524096290478566
2011-01-26 06:00:00,18.872783813740863
2011-01-26 07:00:00,70.22237359266055
2011-01-26 08:00:00,149.10370558798658
2011-01-26 09:00:00,77.02776679672414
2011-01-26 10:00:00,26.847435596945576
2011-01-26 11:00:00,13.338403927304222
2011-01-26 12:00:00,12.998959008681593
2011-01-26 13:00:00,14.030805285982186
2011-01-26 14:00:00,11.353248025088268
2011-01-26 15:00:00,11.874751552415665
2011-01-26 16:00:00,20.467853209293818
2011-01-26 17:00:00,42.20761808960819
2011-01-27 16:00:00,88.18542572096464
2011-01-27 17:00:00,162.26251584994574
2011-01-27 18:00:00,170.33181355191704
2011-01-27 19:00:00,124.43104398607296
2011-01-27 20:00:00,81.56631871375471
2011-01-27 21:00:00,59.87858692343801
2011-01-27 22:00:00,49.35207004991639
2011-01-27 23:00:00,32.46079757191437
2011-01-28 00:00:00,16.556177743082642
2011-01-28 01:00:00,7.877199236889166
2011-01-28 02:00:00,3.859050700046845
2011-01-28 03:00:00,3.5088551686593012
2011-01-28 05:00:00,11.31485746600681
2011-01-28 06:00:00,41.001259666273704
2011-01-28 07:00:00,86.35280426241538
2011-01-28 08:00:00,194.80997233832372
2011-01-28 09:00:00,89.67689715582001
2011-01-28 10:00:00,42.7254153914886
2011-01-28 11:00:00,39.86600746687963
2011-01-28 12:00:00,38.32316367257419
2011-01-28 13:00:00,40.77258138407324
2011-01-28 14:00:00,38.12707741817052
2011-01-28 15:00:00,50.007032888161476
2011-01-28 16:00:00,79.87290601664449
2011-01-28 17:00:00,188.7208033073712
2011-01-28 18:00:00,176.0357440832516
2011-01-28 19:00:00,117.0004520540358
2011-01-28 20:00:00,102.12694880050667
2011-01-28 21:00:00,51.18581496014906
2011-01-28 22:00:00,58.26479658411728
2011-01-28 23:00:00,47.09859858755549
2011-01-29 00:00:00,41.26426826477998
2011-01-29 01:00:00,24.03597218623756
2011-01-29 02:00:00,16.55233884205489
2011-01-29 03:00:00,10.84376456048618
2011-01-29 04:00:00,2.8083583908826513
2011-01-29 06:00:00,3.3170631670122264
2011-01-29 07:00:00,14.071607686055835
2011-01-29 08:00:00,29.576994106457576
2011-01-29 09:00:00,58.225094075931686
2011-01-29 10:00:00,63.46317222542617
2011-01-29 11:00:00,63.47842912061781
2011-01-29 12:00:00,77.82151623969736
2011-01-29 13:00:00,96.98937282536305
2011-01-29 14:00:00,146.86443024213503
2011-01-29 15:00:00,118.87077861382463
2011-01-29 16:00:00,155.8494579213928
2011-01-29 17:00:00,87.04264264348386
2011-01-29 18:00:00,95.79760377720973
2011-01-29 19:00:00,69.96470697966001
2011-01-29 20:00:00,51.140773602521236
2011-01-29 21:00:00,45.596131992653085
2011-01-29 22:00:00,43.54610886382415
2011-01-29 23:00:00,36.66390531142571
2011-01-30 00:00:00,36.02063339033271
2011-01-30 01:00:00,25.383906782992938
2011-01-30 02:00:00,18.8673384877804
2011-01-30 03:00:00,7.86029648682658
2011-01-30 04:00:00,2.5174087170783337
2011-01-30 05:00:00,2.5820064502973255
2011-01-30 07:00:00,12.036396979489751
2011-01-30 08:00:00,32.629470699840375
2011-01-30 09:00:00,71.56899737927819
2011-01-30 10:00:00,105.42617800100697
2011-01-30 11:00:00,91.4312215516959
2011-01-30 12:00:00,178.75618949140934
2011-01-30 13:00:00,148.34039221023065
2011-01-30 14:00:00,156.246472552863
2011-01-30 15:00:00,171.26918457788776
2011-01-30 16:00:00,159.52802925625892
2011-01-30 17:00:00,126.00824923154094
2011-01-30 18:00:00,91.64341674330963
2011-01-30 19:00:00,80.16739902636574
2011-01-30 20:00:00,68.01441623075374
2011-01-30 21:00:00,50.56356554418132
2011-01-30 22:00:00,45.741987533332136
2011-01-30 23:00:00,14.768657836596134
2011-01-31 00:00:00,16.476243700397006
2011-01-31 01:00:00,4.05369120264986
2011-01-31 02:00:00,2.5827653182132075
2011-01-31 03:00:00,1.5792271354734235
2011-01-31 04:00:00,1.7460457562451424
2011-01-31 05:00:00,3.440233275391693
2011-01-31 06:00:00,23.342835850199098
2011-01-31 07:00:00,66.12582900913318
2011-01-31 08:00:00,173.2695681904283
2011-01-31 09:00:00,82.98356212533056
2011-01-31 10:00:00,54.25645707165306
2011-01-31 11:00:00,54.99740132610789
2011-01-31 12:00:00,52.471492572427
2011-01-31 13:00:00,91.30649533121263
2011-01-31 14:00:00,49.159224069706106
2011-01-31 15:00:00,57.43765837172348
2011-01-31 16:00:00,65.32931915697955
2011-01-31 17:00:00,143.25205545243432
2011-01-31 18:00:00,143.44178761824293
2011-01-31 19:00:00,150.91517093968773
2011-01-31 20:00:00,70.73220810851068
2011-01-31 21:00:00,49.9139513423688
2011-01-31 22:00:00,37.85811767859478
2011-01-31 23:00:00,15.33432249218235
2011-02-20 00:00:00,44.613305998285774
2011-02-20 01:00:00,23.379782011883325
2011-02-20 02:00:00,20.031972788195354
2011-02-20 03:00:00,9.397272478413939
2011-02-20 04:00:00,2.348798262973648
2011-02-20 06:00:00,5.708988641486965
2011-02-20 07:00:00,16.88755544367333
2011-02-20 08:00:00,40.06700216498254
2011-02-20 09:00:00,71.45898306031452
2011-02-20 10:00:00,143.3515763383955
2011-02-20 11:00:00,141.75272210697233
2011-02-20 12:00:00,189.29891595483195
2011-02-20 13:00:00,203.39248472964027
2011-02-20 14:00:00,254.4726295666425
2011-02-20 15:00:00,245.57891190315596
2011-02-20 16:00:00,232.8299413654605
2011-02-20 17:00:00,205.98738084927407
2011-02-20 18:00:00,155.78266641688867
2011-02-20 19:00:00,116.24170354896897
2011-02-20 20:00:00,81.1622098011914
2011-02-20 21:00:00,64.55132489636598
2011-02-20 22:00:00,51.08957385279639
2011-02-20 23:00:00,31.515062189711568
2011-02-21 00:00:00,27.236222243378798
2011-02-21 01:00:00,16.32756859369128
2011-02-21 02:00:00,11.444200616361696
2011-02-21 03:00:00,5.8599072838784005
2011-02-21 04:00:00,3.9505272317568956
2011-02-21 05:00:00,4.868909327889028
2011-02-21 06:00:00,15.914777230804606
2011-02-21 07:00:00,56.76329261301261
2011-02-21 08:00:00,86.57752069478957
2011-02-21 09:00:00,91.96011416887247
2011-02-21 10:00:00,118.31685385356799
2011-02-21 11:00:00,141.0011389351782
2011-02-21 12:00:00,206.8318142977113
2011-02-21 13:00:00,137.2777456420908
2011-02-21 14:00:00,144.66306576541047
2011-02-21 15:00:00,192.4704565726726
2011-02-21 16:00:00,174.84285895545662
2011-02-21 17:00:00,178.312761678472
2011-02-21 18:00:00,71.63273212586017
2011-02-21 19:00:00,57.066478127868805
2011-02-21 20:00:00,45.705113782474854
2011-02-21 21:00:00,46.707596023625925
2011-02-21 22:00:00,30.098629684902644
2011-02-21 23:00:00,18.100884583605772
2011-02-22 06:00:00,38.74978074539524
2011-02-22 07:00:00,97.92517947202263
2011-02-22 08:00:00,313.1945867240872
2011-02-22 09:00:00,153.12843181486048
2011-02-22 10:00:00,50.12379908822115
2011-02-22 11:00:00,47.995174917352294
2011-02-22 12:00:00,65.11105672767773
2011-02-22 13:00:00,58.648150589414584
2011-02-22 14:00:00,55.62003697586465
2011-02-22 15:00:00,73.8528822830995
2011-02-22 16:00:00,75.71839614312044
2011-02-22 17:00:00,149.59430643102706
2011-02-22 18:00:00,146.41276871169453
2011-02-22 19:00:00,91.25558548647679
2011-02-22 20:00:00,77.19119667335944
2011-02-22 21:00:00,55.13753179057919
2011-02-22 22:00:00,58.74214264692583
2011-02-22 23:00:00,37.557609617190515
2011-02-23 00:00:00,9.392805667299141
2011-02-23 01:00:00,3.5310033041480393
2011-02-23 02:00:00,1.5084065778419475
2011-02-23 03:00:00,1.2227746085348323
2011-02-23 05:00:00,5.507007202167552
2011-02-23 06:00:00,29.52121211217975
2011-02-23 07:00:00,94.45025276294007
2011-02-23 08:00:00,224.20376873546238
2011-02-23 09:00:00,121.44286623066942
2011-02-23 10:00:00,63.88250959765655
2011-02-23 11:00:00,81.44647933891315
2011-02-23 12:00:00,87.74511459806591
2011-02-23 13:00:00,73.07757779551773
2011-02-23 14:00:00,75.81219195137093
2011-02-23 15:00:00,103.20353837095972
2011-02-23 16:00:00,132.22210876643393
2011-02-23 17:00:00,259.3864196027806
2011-02-23 18:00:00,203.52979368891025
2011-02-23 19:00:00,171.4558408165268
2011-02-23 20:00:00,131.39540046942588
2011-02-23 21:00:00,68.30667813515946
2011-02-23 22:00:00,56.73929210592272
2011-02-23 23:00:00,27.11132707211528
2011-02-24 00:00:00,12.288896909210075
2011-02-24 01:00:00,6.61348933253915
2011-02-24 02:00:00,3.2818654277363724
2011-02-24 03:00:00,2.492353410780044
2011-02-24 05:00:00,11.39435179793592
2011-02-24 06:00:00,63.35596513519175
2011-02-24 07:00:00,212.32581000739106
2011-02-24 08:00:00,396.7717602685272
2011-02-24 09:00:00,131.40488133122815
2011-02-24 10:00:00,94.44775262227974
2011-02-24 11:00:00,89.13076928946366
2011-02-24 12:00:00,103.26434191081432
2011-02-24 13:00:00,107.01973896963875
2011-02-24 14:00:00,98.43803367838886
2011-02-24 15:00:00,84.39299120846874
2011-02-24 16:00:00,85.47796957058011
2011-02-24 17:00:00,207.88592922955084
2011-02-24 18:00:00,183.39929557619118
2011-02-24 19:00:00,78.14879818982199
2011-02-24 20:00:00,80.13813042709286
2011-02-24 21:00:00,78.70190726855236
2011-02-24 22:00:00,37.34189520941555
2011-02-24 23:00:00,42.06227602178201
2011-02-25 00:00:00,12.530136226800577
2011-02-25 01:00:00,8.000479071305072
2011-02-25 02:00:00,5.6933626603819585
2011-02-25 03:00:00,2.750261851299953
2011-02-25 05:00:00,11.828486268653329
2011-02-25 06:00:00,46.93394838668966
2011-02-25 07:00:00,78.36344716541859
2011-02-25 08:00:00,217.80257669838997
2011-02-25 09:00:00,60.92846903962985
2011-02-25 10:00:00,31.040539550815144
2011-02-25 11:00:00,187.75144683631788
2011-02-25 12:00:00,162.02419595069998
2011-02-25 13:00:00,154.99869386402
2011-02-25 14:00:00,127.1501604038786
2011-02-25 15:00:00,172.2163620342084
2011-02-25 16:00:00,149.1601738892453
2011-02-25 17:00:00,267.42781391622657
2011-02-25 18:00:00,214.1488777367212
2011-02-25 19:00:00,145.20104084224147
2011-02-25 20:00:00,102.61593324856518
2011-02-25 21:00:00,85.88543700211446
2011-02-25 22:00:00,79.61668192378023
2011-02-25 23:00:00,54.51866705527001
2011-02-26 00:00:00,34.682955298452526
2011-02-26 01:00:00,28.9891848290821
2011-02-26 02:00:00,22.807725764862525
2011-02-26 03:00:00,9.234407684699436
2011-02-26 04:00:00,3.5179876894300803
2011-02-26 05:00:00,3.3660471008731854
2011-02-26 06:00:00,3.975968213620013
2011-02-26 07:00:00,11.363612121572102
2011-02-26 08:00:00,44.58024265594313
2011-02-26 09:00:00,64.51775888142963
2011-02-26 10:00:00,139.1319862404877
2011-02-26 11:00:00,194.05674577748002
2011-02-26 12:00:00,240.5789368875263
2011-02-26 13:00:00,225.78367125026233
2011-02-26 14:00:00,191.25519826349836
2011-02-26 15:00:00,210.06085992551024
2011-02-26 16:00:00,180.91629631429382
2011-02-26 17:00:00,215.11154903469165
2011-02-26 18:00:00,155.3729855092371
2011-02-26 19:00:00,79.8420367521066
2011-02-26 20:00:00,71.68423290304617
2011-02-26 21:00:00,54.25839431676005
2011-02-26 22:00:00,53.39543150150181
2011-02-26 23:00:00,42.98430320476702
2011-02-27 00:00:00,41.028031864606966
2011-02-27 01:00:00,34.12689154639736
2011-02-27 02:00:00,25.80165579579932
2011-02-27 03:00:00,11.054776724315733
2011-02-27 04:00:00,6.812941673533068
2011-02-27 06:00:00,5.421568249903452
2011-02-27 07:00:00,22.46500060381151
2011-02-27 08:00:00,42.78342970080212
2011-02-27 09:00:00,88.37062534103713
2011-02-27 10:00:00,121.49325566379908
2011-02-27 11:00:00,158.19073140731578
2011-02-27 12:00:00,268.31801085062034
2011-02-27 13:00:00,302.5766018893414
2011-02-27 14:00:00,291.384380311794
2011-02-27 15:00:00,349.8585880161281
2011-02-27 16:00:00,378.3181517843427
2011-02-27 17:00:00,243.18494988972006
2011-02-27 18:00:00,158.64813152185965
2011-02-27 19:00:00,132.76920875850564
2011-02-27 20:00:00,106.94637749069152
2011-02-27 21:00:00,77.40094989766305
2011-02-27 22:00:00,57.75587073592281
2011-02-27 23:00:00,34.9060278688692
2011-02-28 00:00:00,12.400715440982264
2011-02-28 01:00:00,3.581537307704323
2011-02-28 03:00:00,1.3657572529798268
2011-02-28 05:00:00,11.37164344802959
2011-02-28 06:00:00,61.00291466955941
2011-02-28 07:00:00,141.03171758603793
2011-02-28 08:00:00,189.15685895321647
2011-02-28 09:00:00,190.4285855729597
2011-02-28 10:00:00,121.17334829525734
2011-02-28 11:00:00,133.22111357930598
2011-02-28 12:00:00,171.01677424642628
2011-02-28 13:00:00,79.51360531850491
2011-02-28 14:00:00,26.43354523772119
2011-02-28 15:00:00,24.20784694671107
2011-02-28 16:00:00,70.12295844953782
2011-02-28 17:00:00,72.27443325763538
2011-02-28 18:00:00,192.81402663763143
2011-02-28 19:00:00,55.992394404152414
2011-02-28 20:00:00,40.680219177093434
2011-02-28 21:00:00,76.45184087890921
2011-02-28 22:00:00,27.038297721323357
2011-02-28 23:00:00,21.97574921147344
2011-03-20 00:00:00,63.07209711390578
2011-03-20 01:00:00,38.60470637300079
2011-03-20 02:00:00,28.236759111537033
2011-03-20 03:00:00,12.933274355384016
2011-03-20 04:00:00,2.084114724041764
2011-03-20 05:00:00,2.409276447568359
2011-03-20 06:00:00,3.0343380843291703
2011-03-20 07:00:00,12.542760894536498
2011-03-20 08:00:00,43.56755162522382
2011-03-20 09:00:00,91.19639377885827
2011-03-20 10:00:00,165.17034629033452
2011-03-20 11:00:00,202.99139394834623
2011-03-20 12:00:00,248.4194776935125
2011-03-20 13:00:00,258.0260884415393
2011-03-20 14:00:00,240.94638720198137
2011-03-20 15:00:00,246.48276717540523
2011-03-20 16:00:00,286.47023472495687
2011-03-20 17:00:00,193.50323591404353
2011-03-20 18:00:00,151.3809469482868
2011-03-20 19:00:00,111.08223929111138
2011-03-20 20:00:00,82.88583823874116
2011-03-20 21:00:00,54.62157742404112
2011-03-20 22:00:00,46.30360200729732
2011-03-20 23:00:00,27.523125002821942
2011-03-21 00:00:00,13.04575051232664
2011-03-21 01:00:00,6.358258956513019
2011-03-21 02:00:00,3.701843049073026
2011-03-21 03:00:00,2.4045972023489055
2011-03-21 05:00:00,7.521785330086539
2011-03-21 06:00:00,47.550871423958924
2011-03-21 07:00:00,79.46928120885526
2011-03-21 08:00:00,228.87896650800167
2011-03-21 09:00:00,135.4341343797757
2011-03-21 10:00:00,81.10062821752025
2011-03-21 11:00:00,97.20891377832297
2011-03-21 12:00:00,175.69855793181875
2011-03-21 13:00:00,169.13685585970302
2011-03-21 14:00:00,172.989766418873
2011-03-21 15:00:00,183.28873343679538
2011-03-21 16:00:00,252.02467775095866
2011-03-21 17:00:00,493.236363008472
2011-03-21 18:00:00,480.02725378075826
2011-03-21 19:00:00,447.65936395998546
2011-03-21 20:00:00,279.31015118903775
2011-03-21 21:00:00,89.86546748757318
2011-03-21 22:00:00,83.10749070056605
2011-03-21 23:00:00,54.00453996196343
2011-03-22 00:00:00,27.18077263719047
2011-03-22 01:00:00,5.970300446588964
2011-03-22 02:00:00,5.527120889794294
2011-03-22 03:00:00,3.679960361163995
2011-03-22 04:00:00,4.4329239070425714
2011-03-22 05:00:00,19.929210526061528
2011-03-22 06:00:00,80.06272201706678
2011-03-22 07:00:00,182.58041045181585
2011-03-22 08:00:00,324.5734951938401
2011-03-22 09:00:00,140.64415395700763
2011-03-22 10:00:00,93.10541282534517
2011-03-22 11:00:00,116.87717622003846
2011-03-22 12:00:00,176.17870911948415
2011-03-22 13:00:00,188.83657347677402
2011-03-22 14:00:00,158.2561051773706
2011-03-22 15:00:00,193.22971936707512
2011-03-22 16:00:00,280.226391374618
2011-03-22 17:00:00,538.8138846043471
2011-03-22 18:00:00,547.9020782191212
2011-03-22 19:00:00,228.5695426426239
2011-03-22 20:00:00,136.54304252875704
2011-03-22 21:00:00,96.67067083639597
2011-03-22 22:00:00,74.31271154190487
2011-03-22 23:00:00,46.144139213774736
2011-03-23 00:00:00,15.061425677623186
2011-03-23 01:00:00,5.09177175013007
2011-03-23 02:00:00,2.6749665425184164
2011-03-23 03:00:00,2.468426092693898
2011-03-23 05:00:00,5.963177318160053
2011-03-23 06:00:00,39.113557037613816
2011-03-23 07:00:00,104.08355850354907
2011-03-23 08:00:00,187.83785860995894
2011-03-23 09:00:00,140.8248666555776
2011-03-23 10:00:00,51.615058282784894
2011-03-23 11:00:00,43.63146669790858
2011-03-23 12:00:00,39.67558475380182
2011-03-23 13:00:00,47.11991997413019
2011-03-23 14:00:00,62.680463126190375
2011-03-23 15:00:00,90.29177876488657
2011-03-23 16:00:00,154.17616029804134
2011-03-23 17:00:00,288.88298502135893
2011-03-23 18:00:00,165.21605093655685
2011-03-23 19:00:00,116.18177980242619
2011-03-23 20:00:00,21.709263494442904
2011-03-23 21:00:00,13.797827902428658
2011-03-23 22:00:00,31.003149896879467
2011-03-23 23:00:00,25.678240671549453
2011-03-24 00:00:00,8.77122096471635
2011-03-24 01:00:00,3.8932013631255704
2011-03-24 02:00:00,4.6027609197833526
2011-03-24 03:00:00,2.566480021625045
2011-03-24 04:00:00,2.476220585715619
2011-03-24 05:00:00,12.867745610174167
2011-03-24 06:00:00,61.48268553146426
2011-03-24 07:00:00,106.57423419196688
2011-03-24 08:00:00,147.3255611731938
2011-03-24 09:00:00,162.6508584983467
2011-03-24 10:00:00,65.90055383195964
2011-03-24 11:00:00,71.13828380944037
2011-03-24 12:00:00,131.85710444089443
2011-03-24 13:00:00,87.56659170758435
2011-03-24 14:00:00,78.17801522537766
2011-03-24 15:00:00,101.13382288596017
2011-03-24 16:00:00,118.92921099255462
2011-03-24 17:00:00,211.08028879194492
2011-03-24 18:00:00,276.83385087781994
2011-03-24 19:00:00,219.41814022824153
2011-03-24 20:00:00,126.49414105193686
2011-03-24 21:00:00,86.30544617740638
2011-03-24 22:00:00,72.20667225983273
2011-03-24 23:00:00,45.007283044135725
2011-03-25 00:00:00,29.16719838581244
2011-03-25 01:00:00,8.347468874437004
2011-03-25 02:00:00,3.0763394170489886
2011-03-25 03:00:00,3.0279096083570964
2011-03-25 04:00:00,1.8438352844332218
2011-03-25 05:00:00,8.755588119036554
2011-03-25 06:00:00,44.845285996761824
2011-03-25 07:00:00,130.90902578554224
2011-03-25 08:00:00,327.8719763221548
2011-03-25 09:00:00,200.3391016006004
2011-03-25 10:00:00,90.56822074384637
2011-03-25 11:00:00,97.13956922220159
2011-03-25 12:00:00,128.07929174665236
2011-03-25 13:00:00,118.8726912243779
2011-03-25 14:00:00,202.42876443714692
2011-03-25 15:00:00,117.73847922109798
2011-03-25 16:00:00,164.43446357440703
2011-03-25 17:00:00,290.15579573547956
2011-03-25 18:00:00,209.4190349196157
2011-03-25 19:00:00,145.290975075954
2011-03-25 20:00:00,101.87398825780681
2011-03-25 21:00:00,73.35803123121786
2011-03-25 22:00:00,94.50547050821355
2011-03-25 23:00:00,55.56217538403603
2011-03-26 00:00:00,55.289172240263596
2011-03-26 01:00:00,39.71082188466135
2011-03-26 02:00:00,28.2071448209991
2011-03-26 03:00:00,9.664384814684617
2011-03-26 04:00:00,3.6186704859380954
2011-03-26 05:00:00,2.9455066044675777
2011-03-26 06:00:00,5.710706249233288
2011-03-26 07:00:00,16.891743125787233
2011-03-26 08:00:00,71.17841506098178
2011-03-26 09:00:00,132.08424844637355
2011-03-26 10:00:00,167.1720484109974
2011-03-26 11:00:00,158.14158366256618
2011-03-26 12:00:00,249.918279918693
2011-03-26 13:00:00,262.23910353526725
2011-03-26 14:00:00,263.33812551879186
2011-03-26 15:00:00,267.6761811602115
2011-03-26 16:00:00,324.08182911448523
2011-03-26 17:00:00,185.53537365022513
2011-03-26 18:00:00,114.6137033371642
2011-03-26 19:00:00,73.62165684036012
2011-03-26 20:00:00,57.64118036796442
2011-03-26 21:00:00,58.32380749880392
2011-03-26 22:00:00,60.46639531023393
2011-03-26 23:00:00,54.720538917263546
2011-03-27 00:00:00,39.5651264475224
2011-03-27 01:00:00,32.9113439021796
2011-03-27 02:00:00,15.100480489329275
2011-03-27 03:00:00,6.988982326973046
2011-03-27 04:00:00,2.732346857589497
2011-03-27 06:00:00,3.8742556057133037
2011-03-27 07:00:00,8.650277053178046
2011-03-27 08:00:00,48.24981079836994
2011-03-27 09:00:00,66.15003452627619
2011-03-27 10:00:00,52.04045182134378
2011-03-27 11:00:00,112.75931981727845
2011-03-27 12:00:00,190.60776470276437
2011-03-27 13:00:00,212.8209158273853
2011-03-27 14:00:00,190.2025316908218
2011-03-27 15:00:00,203.03721123103176
2011-03-27 16:00:00,194.93801618192342
2011-03-27 17:00:00,180.06461869180728
2011-03-27 18:00:00,130.50524268666797
2011-03-27 19:00:00,89.2186627181975
2011-03-27 20:00:00,64.36874879682094
2011-03-27 21:00:00,51.44250074285805
2011-03-27 22:00:00,45.59012241727665
2011-03-27 23:00:00,27.561409028740858
2011-03-28 00:00:00,9.07548303108254
2011-03-28 01:00:00,4.734344479714652
2011-03-28 02:00:00,2.6591624205070015
2011-03-28 03:00:00,1.4839567763912267
2011-03-28 05:00:00,6.674010551407579
2011-03-28 06:00:00,25.407164627538187
2011-03-28 07:00:00,102.21130564491109
2011-03-28 08:00:00,251.38934137977813
2011-03-28 09:00:00,107.911871491196
2011-03-28 10:00:00,68.99545790039328
2011-03-28 11:00:00,82.15266365151126
2011-03-28 12:00:00,90.23023638428529
2011-03-28 13:00:00,113.07590096665564
2011-03-28 14:00:00,102.64283701831395
2011-03-28 15:00:00,103.99333127191372
2011-03-28 16:00:00,167.46843448998888
2011-03-28 17:00:00,311.38626454238744
2011-03-28 18:00:00,235.90509183528692
2011-03-28 19:00:00,189.4245672368364
2011-03-28 20:00:00,155.17523223512273
2011-03-28 21:00:00,113.36718907903763
2011-03-28 22:00:00,63.05648803309205
2011-03-28 23:00:00,39.86477227365343
2011-03-29 00:00:00,9.08856739174077
2011-03-29 01:00:00,3.0986568366535656
2011-03-29 02:00:00,1.8209498021946882
2011-03-29 03:00:00,1.3091121503319991
2011-03-29 04:00:00,2.0278850123565406
2011-03-29 05:00:00,10.460964854638794
2011-03-29 06:00:00,54.35949691776317
2011-03-29 07:00:00,123.32473883248197
2011-03-29 08:00:00,340.4770648322129
2011-03-29 09:00:00,222.3822754760522
2011-03-29 10:00:00,103.12203879217253
2011-03-29 11:00:00,82.66859717106628
2011-03-29 12:00:00,136.4628566170455
2011-03-29 13:00:00,136.8413555424672
2011-03-29 14:00:00,132.6074017991147
2011-03-29 15:00:00,152.61659510692138
2011-03-29 16:00:00,209.42155566982615
2011-03-29 17:00:00,393.6262690013426
2011-03-29 18:00:00,405.2174364656312
2011-03-29 19:00:00,225.81516173359395
2011-03-29 20:00:00,210.5792553212374
2011-03-29 21:00:00,119.96868828796232
2011-03-29 22:00:00,86.45586454077056
2011-03-29 23:00:00,44.067019256517
2011-03-30 00:00:00,20.45716043656178
2011-03-30 01:00:00,9.03374681275757
2011-03-30 02:00:00,4.33975380220193
2011-03-30 03:00:00,3.030587066578653
2011-03-30 04:00:00,2.5229537938001583
2011-03-30 05:00:00,22.128273180201735
2011-03-30 06:00:00,81.9089775625529
2011-03-30 07:00:00,247.50549265303272
2011-03-30 08:00:00,445.6906183131869
2011-03-30 09:00:00,229.09272012880487
2011-03-30 10:00:00,109.67459911093914
2011-03-30 11:00:00,117.33462813375898
2011-03-30 12:00:00,159.69324297708286
2011-03-30 13:00:00,153.36790242458747
2011-03-30 14:00:00,131.9900681542601
2011-03-30 15:00:00,54.506369325586014
2011-03-30 16:00:00,58.57903585145454
2011-03-30 17:00:00,107.94141108828116
2011-03-30 18:00:00,138.09143818759966
2011-03-30 19:00:00,105.85143259620392
2011-03-30 20:00:00,44.80568964224629
2011-03-30 21:00:00,68.84783395973724
2011-03-30 22:00:00,36.173484877395154
2011-03-30 23:00:00,15.041150620229008
2011-03-31 00:00:00,9.2081916156894
2011-03-31 01:00:00,6.439511571466135
2011-03-31 02:00:00,5.05055240078963
2011-03-31 03:00:00,2.5269914867887335
2011-03-31 04:00:00,2.9847751667917297
2011-03-31 05:00:00,12.25037254542827
2011-03-31 06:00:00,35.4263382621562
2011-03-31 07:00:00,184.0809370566345
2011-03-31 08:00:00,369.78825265642286
2011-03-31 09:00:00,140.04451093099428
2011-03-31 10:00:00,74.3575398212669
2011-03-31 11:00:00,61.6552215747503
2011-03-31 12:00:00,68.87511294317181
2011-03-31 13:00:00,61.97833329594192
2011-03-31 14:00:00,52.56479224104357
2011-03-31 15:00:00,51.64492012804304
2011-03-31 16:00:00,93.20042872177403
2011-03-31 17:00:00,180.63988971906943
2011-03-31 18:00:00,161.03050355288482
2011-03-31 19:00:00,121.77723596873545
2011-03-31 20:00:00,94.36613435054383
2011-03-31 21:00:00,99.34540677836786
2011-03-31 22:00:00,61.2305283382011
2011-03-31 23:00:00,31.746911683605965
2011-04-20 00:00:00,31.750020267977717
2011-04-20 01:00:00,7.389662430587972
2011-04-20 02:00:00,6.1392870722123725
2011-04-20 03:00:00,3.1240299421919695
2011-04-20 04:00:00,2.271839314259034
2011-04-20 05:00:00,14.570133904639675
2011-04-20 06:00:00,77.51728348458602
2011-04-20 07:00:00,225.6530824512738
2011-04-20 08:00:00,611.6540853506505
2011-04-20 09:00:00,291.24079242827327
2011-04-20 10:00:00,175.44582382577036
2011-04-20 11:00:00,190.76930246079985
2011-04-20 12:00:00,261.1174236785638
2011-04-20 13:00:00,251.12966124090747
2011-04-20 14:00:00,223.59798785927433
2011-04-20 15:00:00,234.89753432287353
2011-04-20 16:00:00,355.1102613135026
2011-04-20 17:00:00,729.9431399285662
2011-04-20 18:00:00,551.511773937282
2011-04-20 19:00:00,509.0214917313984
2011-04-20 20:00:00,344.5497268397598
2011-04-20 21:00:00,296.6411361697171
2011-04-20 22:00:00,208.15420258239396
2011-04-20 23:00:00,123.13668556119609
2011-04-21 00:00:00,36.75301880724471
2011-04-21 01:00:00,16.43455672089213
2011-04-21 02:00:00,10.164931855285069
2011-04-21 03:00:00,3.6109303206665864
2011-04-21 04:00:00,3.093942160219035
2011-04-21 05:00:00,21.559702559412187
2011-04-21 06:00:00,90.47090113656368
2011-04-21 07:00:00,277.9902023988562
2011-04-21 08:00:00,411.3186993831298
2011-04-21 09:00:00,210.62681321384656
2011-04-21 10:00:00,154.01676742964878
2011-04-21 11:00:00,146.16296911420218
2011-04-21 12:00:00,232.04146109136377
2011-04-21 13:00:00,250.37364192311787
2011-04-21 14:00:00,219.31384411704323
2011-04-21 15:00:00,204.46043181407362
2011-04-21 16:00:00,300.152593577985
2011-04-21 17:00:00,642.1610151765706
2011-04-21 18:00:00,555.9702077880844
2011-04-21 19:00:00,339.91973326265196
2011-04-21 20:00:00,277.4445673402768
2011-04-21 21:00:00,205.82678877429274
2011-04-21 22:00:00,159.09234150112297
2011-04-21 23:00:00,95.80354274214592
2011-04-22 00:00:00,45.05475281151176
2011-04-22 01:00:00,20.628717196690335
2011-04-22 02:00:00,10.645286490127361
2011-04-22 03:00:00,4.890015568382426
2011-04-22 04:00:00,3.8448971520180395
2011-04-22 05:00:00,19.522391262814583
2011-04-22 06:00:00,84.39042258652532
2011-04-22 07:00:00,203.8641438961275
2011-04-22 08:00:00,413.0281490316333
2011-04-22 09:00:00,142.33603534943356
2011-04-22 10:00:00,121.19418729828391
2011-04-22 11:00:00,57.44440287925587
2011-04-22 12:00:00,64.64863093968607
2011-04-22 13:00:00,36.57162182910951
2011-04-22 14:00:00,23.257058159128935
2011-04-22 15:00:00,33.24882752253577
2011-04-22 16:00:00,59.127974635123124
2011-04-22 17:00:00,90.94135099677221
2011-04-22 18:00:00,79.88443002419325
2011-04-22 19:00:00,58.334035463493656
2011-04-22 20:00:00,37.165055982526916
2011-04-22 21:00:00,38.228185505492526
2011-04-22 22:00:00,29.506135143827148
2011-04-22 23:00:00,44.25533817052675
2011-04-23 00:00:00,23.604321772041047
2011-04-23 01:00:00,23.218285910166287
2011-04-23 02:00:00,36.35683247262137
2011-04-23 03:00:00,14.342688118985588
2011-04-23 04:00:00,6.190625184451044
2011-04-23 05:00:00,5.069831130222715
2011-04-23 06:00:00,7.899882336909742
2011-04-23 07:00:00,15.338441737038893
2011-04-23 08:00:00,36.21452643955766
2011-04-23 09:00:00,47.30302079280659
2011-04-23 10:00:00,147.75672056362907
2011-04-23 11:00:00,182.51775257951516
2011-04-23 12:00:00,269.4507146148148
2011-04-23 13:00:00,276.507258562472
2011-04-23 14:00:00,433.2917522797844
2011-04-23 15:00:00,482.61645882717016
2011-04-23 16:00:00,455.8243684889644
2011-04-23 17:00:00,403.1312938986484
2011-04-23 18:00:00,366.09485167214154
2011-04-23 19:00:00,272.8246009121127
2011-04-23 20:00:00,168.8437352524549
2011-04-23 21:00:00,173.03435065724403
2011-04-23 22:00:00,185.0235083005056
2011-04-23 23:00:00,114.91065117733294
2011-04-24 00:00:00,122.87109328007122
2011-04-24 01:00:00,72.07753804872802
2011-04-24 02:00:00,47.55846351233769
2011-04-24 03:00:00,22.186785843890494
2011-04-24 04:00:00,7.932160427452246
2011-04-24 05:00:00,9.290795158385839
2011-04-24 06:00:00,11.907086568145454
2011-04-24 07:00:00,30.845267591973613
2011-04-24 08:00:00,83.21599036935324
2011-04-24 09:00:00,189.06690350121133
2011-04-24 10:00:00,298.4309172948892
2011-04-24 11:00:00,389.3220248358908
2011-04-24 12:00:00,461.05192360366914
2011-04-24 13:00:00,451.7032932841812
2011-04-24 14:00:00,495.71710951632826
2011-04-24 15:00:00,445.25515795291005
2011-04-24 16:00:00,492.23944739581907
2011-04-24 17:00:00,469.6501320465662
2011-04-24 18:00:00,376.22887341704404
2011-04-24 19:00:00,153.91952703267305
2011-04-24 20:00:00,113.92566407646282
2011-04-24 21:00:00,66.47867721092692
2011-04-24 22:00:00,42.52028711413363
2011-04-24 23:00:00,46.945520941672946
2011-04-25 00:00:00,17.105449945595026
2011-04-25 01:00:00,11.220227398105477
2011-04-25 02:00:00,8.803439154957685
2011-04-25 03:00:00,4.359965342232037
2011-04-25 04:00:00,5.798190880262696
2011-04-25 05:00:00,14.984105584501853
2011-04-25 06:00:00,82.58645202446007
2011-04-25 07:00:00,202.36402244607478
2011-04-25 08:00:00,507.68142164058406
2011-04-25 09:00:00,275.3766774181859
2011-04-25 10:00:00,164.4527831860297
2011-04-25 11:00:00,182.43220969673402
2011-04-25 12:00:00,214.05307373919518
2011-04-25 13:00:00,197.90447241073997
2011-04-25 14:00:00,192.78008710654038
2011-04-25 15:00:00,178.38560264023388
2011-04-25 16:00:00,316.604086209417
2011-04-25 17:00:00,565.899377199959
2011-04-25 18:00:00,558.2062551671874
2011-04-25 19:00:00,405.1090300192
2011-04-25 20:00:00,248.7661178707826
2011-04-25 21:00:00,199.95008496020728
2011-04-25 22:00:00,134.07275930785147
2011-04-25 23:00:00,74.05794061366556
2011-04-26 00:00:00,26.526909099472835
2011-04-26 01:00:00,10.571599903443328
2011-04-26 02:00:00,4.535059286138223
2011-04-26 03:00:00,3.6949378229100343
2011-04-26 04:00:00,5.15343319512441
2011-04-26 05:00:00,24.970823706674565
2011-04-26 06:00:00,109.8753295479949
2011-04-26 07:00:00,313.7428721685365
2011-04-26 08:00:00,497.30255472583144
2011-04-26 09:00:00,249.05286792207784
2011-04-26 10:00:00,141.98890265067442
2011-04-26 11:00:00,172.0083871801701
2011-04-26 12:00:00,217.31763711784217
2011-04-26 13:00:00,170.40426133209772
2011-04-26 14:00:00,179.68658618507052
2011-04-26 15:00:00,200.42078724525697
2011-04-26 16:00:00,282.93427968137064
2011-04-26 17:00:00,581.5497422076377
2011-04-26 18:00:00,590.3811039090668
2011-04-26 19:00:00,451.8280057208218
2011-04-26 20:00:00,254.7342202794869
2011-04-26 21:00:00,210.31376590859787
2011-04-26 22:00:00,148.90278161348593
2011-04-26 23:00:00,75.3067229782442
2011-04-27 00:00:00,45.63447495551338
2011-04-27 01:00:00,18.1241211266329
2011-04-27 02:00:00,6.132648368123776
2011-04-27 03:00:00,3.9067586209906944
2011-04-27 04:00:00,4.596628956057148
2011-04-27 05:00:00,19.832794056792803
2011-04-27 06:00:00,103.51832323258373
2011-04-27 07:00:00,290.1557844194036
2011-04-27 08:00:00,458.891283276926
2011-04-27 09:00:00,166.49113352492463
2011-04-27 10:00:00,144.6744070131264
2011-04-27 11:00:00,162.48966032887287
2011-04-27 12:00:00,208.97259849708516
2011-04-27 13:00:00,184.52933198629916
2011-04-27 14:00:00,206.38719026255092
2011-04-27 15:00:00,239.61103909560032
2011-04-27 16:00:00,324.6405317680584
2011-04-27 17:00:00,287.26577283390907
2011-04-27 18:00:00,296.2926235612386
2011-04-27 19:00:00,429.42375667768226
2011-04-27 20:00:00,248.60748280440774
2011-04-27 21:00:00,159.74714859056436
2011-04-27 22:00:00,93.46264106062453
2011-04-27 23:00:00,44.132950159034316
2011-04-28 00:00:00,46.347886737917136
2011-04-28 01:00:00,15.284560055993854
2011-04-28 02:00:00,6.534698552132969
2011-04-28 03:00:00,4.4581116543991435
2011-04-28 04:00:00,4.4704878201695815
2011-04-28 05:00:00,22.06466835182882
2011-04-28 06:00:00,118.6840928782366
2011-04-28 07:00:00,337.14499778281754
2011-04-28 08:00:00,517.5800607308744
2011-04-28 09:00:00,122.6296522495355
2011-04-28 10:00:00,113.67385751389492
2011-04-28 11:00:00,130.6461972954778
2011-04-28 12:00:00,185.104977946529
2011-04-28 13:00:00,131.9708250488325
2011-04-28 14:00:00,135.6350303828545
2011-04-28 15:00:00,218.43860714712994
2011-04-28 16:00:00,284.6598739404878
2011-04-28 17:00:00,715.2385652249911
2011-04-28 18:00:00,724.5082737932394
2011-04-28 19:00:00,532.107623503285
2011-04-28 20:00:00,345.2019200045386
2011-04-28 21:00:00,282.0955878472114
2011-04-28 22:00:00,206.2300312818029
2011-04-28 23:00:00,129.21262249420545
2011-04-29 00:00:00,67.60540289247324
2011-04-29 01:00:00,35.33021329594253
2011-04-29 02:00:00,21.490608447366867
2011-04-29 03:00:00,7.65515322240858
2011-04-29 04:00:00,5.695270999040966
2011-04-29 05:00:00,30.31683500054628
2011-04-29 06:00:00,128.53877530973105
2011-04-29 07:00:00,340.6075166383634
2011-04-29 08:00:00,576.0315360592366
2011-04-29 09:00:00,297.3382304501228
2011-04-29 10:00:00,182.24701123590407
2011-04-29 11:00:00,248.5184350507553
2011-04-29 12:00:00,283.69072063262956
2011-04-29 13:00:00,274.38668954880376
2011-04-29 14:00:00,259.8437366889062
2011-04-29 15:00:00,218.87396916552333
2011-04-29 16:00:00,334.8991918872218
2011-04-29 17:00:00,652.7512558404853
2011-04-29 18:00:00,519.7528797150136
2011-04-29 19:00:00,338.9405455022614
2011-04-29 20:00:00,245.78035784206588
2011-04-29 21:00:00,192.1512154657989
2011-04-29 22:00:00,149.19229014453552
2011-04-29 23:00:00,89.20836224203558
2011-04-30 00:00:00,60.56530548646565
2011-04-30 01:00:00,67.80280542905744
2011-04-30 02:00:00,42.237102646657334
2011-04-30 03:00:00,17.634405936445567
2011-04-30 04:00:00,5.257669847360233
2011-04-30 05:00:00,6.027180994727573
2011-04-30 06:00:00,13.032767221639238
2011-04-30 07:00:00,30.718235423855763
2011-04-30 08:00:00,78.91511924453135
2011-04-30 09:00:00,142.65038337816617
2011-04-30 10:00:00,280.32600540228833
2011-04-30 11:00:00,400.1027270656117
2011-04-30 12:00:00,471.80867234233136
2011-04-30 13:00:00,489.99640522389666
2011-04-30 14:00:00,456.3183785674697
2011-04-30 15:00:00,501.1562990085321
2011-04-30 16:00:00,523.1825186925998
2011-04-30 17:00:00,432.8379711523305
2011-04-30 18:00:00,375.5687681175176
2011-04-30 19:00:00,305.3462382427336
2011-04-30 20:00:00,148.11237363893224
2011-04-30 21:00:00,127.55700216579191
2011-04-30 22:00:00,123.98561261810433
2011-04-30 23:00:00,105.81788570831729
2011-05-20 00:00:00,30.34798171606907
2011-05-20 01:00:00,11.769968123679542
2011-05-20 02:00:00,9.057261794622251
2011-05-20 03:00:00,4.051338352350782
2011-05-20 04:00:00,4.317126441716345
2011-05-20 05:00:00,24.762279383830645
2011-05-20 06:00:00,120.80549294911607
2011-05-20 07:00:00,396.0379810113199
2011-05-20 08:00:00,599.2119528990936
2011-05-20 09:00:00,288.6563329618723
2011-05-20 10:00:00,195.28453021955744
2011-05-20 11:00:00,206.6629423248796
2011-05-20 12:00:00,284.0684716610608
2011-05-20 13:00:00,191.84858470993578
2011-05-20 14:00:00,264.7918484791459
2011-05-20 15:00:00,260.73382787889085
2011-05-20 16:00:00,422.58708711253104
2011-05-20 17:00:00,660.3467955340568
2011-05-20 18:00:00,615.2661001519201
2011-05-20 19:00:00,378.8997336240898
2011-05-20 20:00:00,275.2641420469214
2011-05-20 21:00:00,221.6753117936281
2011-05-20 22:00:00,225.25599713843576
2011-05-20 23:00:00,168.51566806188424
2011-05-21 00:00:00,129.7041381545787
2011-05-21 01:00:00,114.3165068661141
2011-05-21 02:00:00,84.34695901868469
2011-05-21 03:00:00,29.0543524053466
2011-05-21 04:00:00,5.967975370106112
2011-05-21 05:00:00,8.79887793000189
2011-05-21 06:00:00,26.107956893822458
2011-05-21 07:00:00,87.23277747837328
2011-05-21 08:00:00,190.1419320354974
2011-05-21 09:00:00,277.5612863738558
2011-05-21 10:00:00,418.15527991824047
2011-05-21 11:00:00,560.0408558819385
2011-05-21 12:00:00,564.4909995766575
2011-05-21 13:00:00,603.7267825357354
2011-05-21 14:00:00,636.9181642156291
2011-05-21 15:00:00,579.1377491504996
2011-05-21 16:00:00,530.7629974393474
2011-05-21 17:00:00,507.56171335860984
2011-05-21 18:00:00,477.8022183389511
2011-05-21 19:00:00,449.29088519901757
2011-05-21 20:00:00,281.24469176047916
2011-05-21 21:00:00,269.3411389007004
2011-05-21 22:00:00,201.88772418314485
2011-05-21 23:00:00,167.3393572704748
2011-05-22 00:00:00,128.37052375107476
2011-05-22 01:00:00,68.90118926425234
2011-05-22 02:00:00,63.99502193699347
2011-05-22 03:00:00,21.941509235460156
2011-05-22 04:00:00,7.772946321805498
2011-05-22 05:00:00,8.384559605580218
2011-05-22 06:00:00,18.78794640421115
2011-05-22 07:00:00,62.42330109766347
2011-05-22 08:00:00,117.60457753213868
2011-05-22 09:00:00,236.04239917256479
2011-05-22 10:00:00,316.6832657149787
2011-05-22 11:00:00,426.2838965355441
2011-05-22 12:00:00,434.30631166662414
2011-05-22 13:00:00,506.41012160405563
2011-05-22 14:00:00,289.5280356940977
2011-05-22 15:00:00,440.41492402225214
2011-05-22 16:00:00,488.64224758778704
2011-05-22 17:00:00,446.17724250702844
2011-05-22 18:00:00,407.69351822279833
2011-05-22 19:00:00,351.0241211044573
2011-05-22 20:00:00,259.46796784241303
2011-05-22 21:00:00,189.9113011678556
2011-05-22 22:00:00,136.82425731181337
2011-05-22 23:00:00,69.9007428354575
2011-05-23 00:00:00,28.78559964017373
2011-05-23 01:00:00,15.103560439167936
2011-05-23 02:00:00,4.554497234496017
2011-05-23 03:00:00,3.5078568950765243
2011-05-23 04:00:00,5.088262427807057
2011-05-23 05:00:00,21.731872683683978
2011-05-23 06:00:00,85.44018806117555
2011-05-23 07:00:00,234.83422793951885
2011-05-23 08:00:00,405.1939710033345
2011-05-23 09:00:00,186.3164113667597
2011-05-23 10:00:00,138.7186992103156
2011-05-23 11:00:00,139.391871958688
2011-05-23 12:00:00,173.75893475966683
2011-05-23 13:00:00,173.7106229575162
2011-05-23 14:00:00,153.39126870006967
2011-05-23 15:00:00,161.11903193429316
2011-05-23 16:00:00,278.4240042484119
2011-05-23 17:00:00,419.04573646245257
2011-05-23 18:00:00,499.5399299333007
2011-05-23 19:00:00,402.4931794704451
2011-05-23 20:00:00,226.50830433915084
2011-05-23 21:00:00,164.30115701400237
2011-05-23 22:00:00,90.21301022544546
2011-05-23 23:00:00,51.55070504577033
2011-05-24 00:00:00,22.514066350372936
2011-05-24 01:00:00,11.084677894884589
2011-05-24 02:00:00,7.061600928431788
2011-05-24 03:00:00,3.651679268665594
2011-05-24 04:00:00,5.291651383769902
2011-05-24 05:00:00,17.04387289590636
2011-05-24 06:00:00,80.58389393215502
2011-05-24 07:00:00,287.52557448166397
2011-05-24 08:00:00,353.7905103176817
2011-05-24 09:00:00,288.30349881724266
2011-05-24 10:00:00,142.50841453018595
2011-05-24 11:00:00,167.9903136843034
2011-05-24 12:00:00,197.4909899906435
2011-05-24 13:00:00,205.61286899287802
2011-05-24 14:00:00,163.1496585862506
2011-05-24 15:00:00,159.78418802387606
2011-05-24 16:00:00,321.53604629296586
2011-05-24 17:00:00,687.0251164080568
2011-05-24 18:00:00,635.0172962431956
2011-05-24 19:00:00,462.04886685423713
2011-05-24 20:00:00,299.7609038420815
2011-05-24 21:00:00,206.40496467993952
2011-05-24 22:00:00,92.77074106222707
2011-05-24 23:00:00,105.3638620589635
2011-05-25 00:00:00,28.019062936957006
2011-05-25 01:00:00,12.872329245641588
2011-05-25 02:00:00,7.731721621727076
2011-05-25 03:00:00,4.9960619254873775
2011-05-25 04:00:00,5.130858215189728
2011-05-25 05:00:00,31.35197143528951
2011-05-25 06:00:00,108.67273431561313
2011-05-25 07:00:00,406.84790182191665
2011-05-25 08:00:00,572.2882094165502
2011-05-25 09:00:00,277.97358555857943
2011-05-25 10:00:00,176.91838992915194
2011-05-25 11:00:00,150.7853763552434
2011-05-25 12:00:00,195.65158974949478
2011-05-25 13:00:00,188.05991863605965
2011-05-25 14:00:00,186.1120842099398
2011-05-25 15:00:00,191.24682984587866
2011-05-25 16:00:00,304.9001270536222
2011-05-25 17:00:00,585.0079338051628
2011-05-25 18:00:00,642.4324888315687
2011-05-25 19:00:00,529.1574317312526
2011-05-25 20:00:00,370.08687515728826
2011-05-25 21:00:00,263.2001767517135
2011-05-25 22:00:00,196.07764191298992
2011-05-25 23:00:00,147.94940961465986
2011-05-26 00:00:00,50.814472131962155
2011-05-26 01:00:00,21.197627266016884
2011-05-26 02:00:00,9.4838283155172185
2011-05-26 03:00:00,4.934472660824271
2011-05-26 04:00:00,5.020821150884652
2011-05-26 05:00:00,22.236009563900826
2011-05-26 06:00:00,71.97661563388712
2011-05-26 07:00:00,240.33906472275865
2011-05-26 08:00:00,577.542665141542
2011-05-26 09:00:00,250.1611792946472
2011-05-26 10:00:00,156.66311169969484
2011-05-26 11:00:00,168.1182634576583
2011-05-26 12:00:00,195.23427353489018
2011-05-26 13:00:00,177.69466206802505
2011-05-26 14:00:00,158.15403225144829
2011-05-26 15:00:00,173.50515030476163
2011-05-26 16:00:00,289.4146581057412
2011-05-26 17:00:00,603.4237091831849
2011-05-26 18:00:00,582.3244709478348
2011-05-26 19:00:00,448.85992328428085
2011-05-26 20:00:00,330.96375030999195
2011-05-26 21:00:00,258.976020688741
2011-05-26 22:00:00,211.94632407733877
2011-05-26 23:00:00,135.99533970854552
2011-05-27 00:00:00,66.70264551976393
2011-05-27 01:00:00,25.905880151140522
2011-05-27 02:00:00,15.205378306180691
2011-05-27 03:00:00,7.4867932250285145
2011-05-27 04:00:00,7.399078434673808
2011-05-27 05:00:00,29.81724236089661
2011-05-27 06:00:00,137.32803124543813
2011-05-27 07:00:00,408.88513075655214
2011-05-27 08:00:00,578.8220386594244
2011-05-27 09:00:00,291.9456488593883
2011-05-27 10:00:00,177.91852573212623
2011-05-27 11:00:00,191.90040989621752
2011-05-27 12:00:00,247.73930770985675
2011-05-27 13:00:00,239.81369266075214
2011-05-27 14:00:00,211.93861433091425
2011-05-27 15:00:00,229.7011148527919
2011-05-27 16:00:00,344.0998322501091
2011-05-27 17:00:00,607.6002492244362
2011-05-27 18:00:00,585.6096483975005
2011-05-27 19:00:00,235.78321894618122
2011-05-27 20:00:00,223.14870408796938
2011-05-27 21:00:00,185.16067804548354
2011-05-27 22:00:00,221.7244131251852
2011-05-27 23:00:00,158.92287238634043
2011-05-28 00:00:00,132.53476227378007
2011-05-28 01:00:00,102.99283931506884
2011-05-28 02:00:00,72.73560475582228
2011-05-28 03:00:00,29.089255604944622
2011-05-28 04:00:00,9.780948221397523
2011-05-28 05:00:00,12.816509940509176
2011-05-28 06:00:00,30.416287933025487
2011-05-28 07:00:00,69.87117428950012
2011-05-28 08:00:00,141.46966292395743
2011-05-28 09:00:00,274.7331617798362
2011-05-28 10:00:00,341.32305674987083
2011-05-28 11:00:00,423.89825622370984
2011-05-28 12:00:00,483.03845453602446
2011-05-28 13:00:00,447.70211626189564
2011-05-28 14:00:00,421.6654553914761
2011-05-28 15:00:00,456.4714037567677
2011-05-28 16:00:00,492.50649064503904
2011-05-28 17:00:00,450.9203084851504
2011-05-28 18:00:00,368.37333536949734
2011-05-28 19:00:00,346.9571233571589
2011-05-28 20:00:00,265.72614960333397
2011-05-28 21:00:00,242.471820232892
2011-05-28 22:00:00,197.96854449755443
2011-05-28 23:00:00,156.51615237213363
2011-05-29 00:00:00,129.5192897182335
2011-05-29 01:00:00,87.00347524485929
2011-05-29 02:00:00,56.31679478203726
2011-05-29 03:00:00,26.963672502875145
2011-05-29 04:00:00,8.321554639609028
2011-05-29 05:00:00,11.360329157440056
2011-05-29 06:00:00,17.957033255321665
2011-05-29 07:00:00,46.07978707920565
2011-05-29 08:00:00,104.24620890520757
2011-05-29 09:00:00,101.243069979774
2011-05-29 10:00:00,272.789883353403
2011-05-29 11:00:00,286.63310151907956
2011-05-29 12:00:00,358.1945363000778
2011-05-29 13:00:00,386.0525686868707
2011-05-29 14:00:00,341.46553157965405
2011-05-29 15:00:00,352.51935360883033
2011-05-29 16:00:00,392.2306866294808
2011-05-29 17:00:00,393.7102065883858
2011-05-29 18:00:00,372.4538475690532
2011-05-29 19:00:00,307.7448712767919
2011-05-29 20:00:00,189.15095632986743
2011-05-29 21:00:00,190.31240954368778
2011-05-29 22:00:00,129.1037704008565
2011-05-29 23:00:00,108.50108829512222
2011-05-30 00:00:00,63.760875387327495
2011-05-30 01:00:00,53.306785368802934
2011-05-30 02:00:00,28.931605732231564
2011-05-30 03:00:00,14.137107344275767
2011-05-30 04:00:00,6.515509850121949
2011-05-30 05:00:00,13.154492067732596
2011-05-30 06:00:00,26.360790144029778
2011-05-30 07:00:00,84.24363766065997
2011-05-30 08:00:00,109.54419588347702
2011-05-30 09:00:00,203.61401085439195
2011-05-30 10:00:00,218.9598026881334
2011-05-30 11:00:00,257.67533577062176
2011-05-30 12:00:00,282.08287456511465
2011-05-30 13:00:00,284.9806025145742
2011-05-30 14:00:00,268.51147264626354
2011-05-30 15:00:00,282.8912050564858
2011-05-30 16:00:00,302.3960625038488
2011-05-30 17:00:00,373.4799756805798
2011-05-30 18:00:00,368.43608172774157
2011-05-30 19:00:00,249.61129408261365
2011-05-30 20:00:00,300.6554111517309
2011-05-30 21:00:00,295.3838685881974
2011-05-30 22:00:00,184.15918426995347
2011-05-30 23:00:00,95.51900975461412
2011-05-31 00:00:00,32.74487605156788
2011-05-31 01:00:00,17.732700188746783
2011-05-31 02:00:00,8.680538530222025
2011-05-31 03:00:00,5.221541052965205
2011-05-31 04:00:00,5.900009320168486
2011-05-31 05:00:00,30.531144278309107
2011-05-31 06:00:00,131.6285764638246
2011-05-31 07:00:00,321.8752767746376
2011-05-31 08:00:00,440.97483397402806
2011-05-31 09:00:00,232.76067130676796
2011-05-31 10:00:00,110.88517468614977
2011-05-31 11:00:00,128.2041346722355
2011-05-31 12:00:00,158.2748845019963
2011-05-31 13:00:00,165.59404017133568
2011-05-31 14:00:00,161.11437735325478
2011-05-31 15:00:00,175.06310322784333
2011-05-31 16:00:00,262.6368550378995
2011-05-31 17:00:00,456.50784669299895
2011-05-31 18:00:00,479.68903082167014
2011-05-31 19:00:00,428.7387823831345
2011-05-31 20:00:00,297.5778576996669
2011-05-31 21:00:00,259.0540575161766
2011-05-31 22:00:00,187.79733820285605
2011-05-31 23:00:00,121.3605570266543
2011-06-20 00:00:00,35.67715221769592
2011-06-20 01:00:00,13.684212490696838
2011-06-20 02:00:00,6.507513928104463
2011-06-20 03:00:00,3.3568975684217275
2011-06-20 04:00:00,3.767459222237932
2011-06-20 05:00:00,21.40775180466908
2011-06-20 06:00:00,117.03464265033935
2011-06-20 07:00:00,154.83145718495146
2011-06-20 08:00:00,323.02838169914526
2011-06-20 09:00:00,259.32556752874376
2011-06-20 10:00:00,148.87176517858464
2011-06-20 11:00:00,177.22008860662731
2011-06-20 12:00:00,223.09152043390304
2011-06-20 13:00:00,228.21959515941003
2011-06-20 14:00:00,222.66185766000424
2011-06-20 15:00:00,225.69951169327655
2011-06-20 16:00:00,310.4890704453318
2011-06-20 17:00:00,612.787160119951
2011-06-20 18:00:00,551.8011181227511
2011-06-20 19:00:00,411.209574064215
2011-06-20 20:00:00,275.18421449661764
2011-06-20 21:00:00,259.2460648716174
2011-06-20 22:00:00,150.601709942319
2011-06-20 23:00:00,78.25167444112952
2011-06-21 00:00:00,27.864118102825756
2011-06-21 01:00:00,13.313520972515217
2011-06-21 02:00:00,5.069223345616793
2011-06-21 03:00:00,4.013932009941998
2011-06-21 04:00:00,5.631028679474091
2011-06-21 05:00:00,26.059458549272986
2011-06-21 06:00:00,106.34635624062929
2011-06-21 07:00:00,163.04090915035425
2011-06-21 08:00:00,537.1675527843084
2011-06-21 09:00:00,245.99771778682512
2011-06-21 10:00:00,126.91667976355848
2011-06-21 11:00:00,151.16659273302088
2011-06-21 12:00:00,180.1318669966978
2011-06-21 13:00:00,207.34454127365768
2011-06-21 14:00:00,220.98310921378166
2011-06-21 15:00:00,226.93258384388096
2011-06-21 16:00:00,345.549798324154
2011-06-21 17:00:00,675.1755332332277
2011-06-21 18:00:00,705.9130491752343
2011-06-21 19:00:00,481.5685377170542
2011-06-21 20:00:00,281.84938403790846
2011-06-21 21:00:00,260.775394328076
2011-06-21 22:00:00,164.7069404257619
2011-06-21 23:00:00,115.51025488457921
2011-06-22 00:00:00,41.16025771732049
2011-06-22 01:00:00,17.687673980350777
2011-06-22 02:00:00,7.977480577441632
2011-06-22 03:00:00,6.275704881360299
2011-06-22 04:00:00,5.238451110822176
2011-06-22 05:00:00,28.265264608918752
2011-06-22 06:00:00,147.41736712278177
2011-06-22 07:00:00,362.4515673289298
2011-06-22 08:00:00,579.8899446313895
2011-06-22 09:00:00,272.55409024024704
2011-06-22 10:00:00,155.85332030844327
2011-06-22 11:00:00,184.03022157278647
2011-06-22 12:00:00,249.27439530573503
2011-06-22 13:00:00,238.43804741050135
2011-06-22 14:00:00,216.10962176138128
2011-06-22 15:00:00,228.00604557893752
2011-06-22 16:00:00,313.7775645103387
2011-06-22 17:00:00,751.8196950647812
2011-06-22 18:00:00,751.6948243502688
2011-06-22 19:00:00,540.4100168466966
2011-06-22 20:00:00,361.46692325155726
2011-06-22 21:00:00,272.66347642135236
2011-06-22 22:00:00,175.5273991792776
2011-06-22 23:00:00,107.52336228093945
2011-06-23 00:00:00,51.800370595856016
2011-06-23 01:00:00,22.511419743298298
2011-06-23 02:00:00,11.5284987120991
2011-06-23 03:00:00,5.28787418438042
2011-06-23 04:00:00,7.384439666782589
2011-06-23 05:00:00,32.2952360648974
2011-06-23 06:00:00,143.30135958896943
2011-06-23 07:00:00,395.0084955139147
2011-06-23 08:00:00,555.3362558056373
2011-06-23 09:00:00,287.7184848994843
2011-06-23 10:00:00,179.40803761853806
2011-06-23 11:00:00,157.31379028311892
2011-06-23 12:00:00,220.93675597414003
2011-06-23 13:00:00,210.51567552456117
2011-06-23 14:00:00,185.5588551199416
2011-06-23 15:00:00,210.93018277531579
2011-06-23 16:00:00,304.8506940058913
2011-06-23 17:00:00,500.68192969462274
2011-06-23 18:00:00,540.033937928928
2011-06-23 19:00:00,426.2828812990251
2011-06-23 20:00:00,335.9186932818246
2011-06-23 21:00:00,251.58257005107683
2011-06-23 22:00:00,180.4232753873121
2011-06-23 23:00:00,121.65661864202202
2011-06-24 00:00:00,64.92533498472504
2011-06-24 01:00:00,27.63187620879785
2011-06-24 02:00:00,13.839614758034777
2011-06-24 03:00:00,7.273157914018327
2011-06-24 04:00:00,7.27666060888972
2011-06-24 05:00:00,28.47040712135013
2011-06-24 06:00:00,129.14718223063431
2011-06-24 07:00:00,320.27987749150367
2011-06-24 08:00:00,543.755556608068
2011-06-24 09:00:00,297.35840963703686
2011-06-24 10:00:00,161.76215940168444
2011-06-24 11:00:00,222.5776273220261
2011-06-24 12:00:00,267.8486467376398
2011-06-24 13:00:00,297.38086508887403
2011-06-24 14:00:00,230.35849954616424
2011-06-24 15:00:00,282.6868156036313
2011-06-24 16:00:00,413.7038771866993
2011-06-24 17:00:00,703.9952005962975
2011-06-24 18:00:00,621.2182156683677
2011-06-24 19:00:00,488.1625753591348
2011-06-24 20:00:00,331.8256478516922
2011-06-24 21:00:00,250.49921004325319
2011-06-24 22:00:00,224.65877034630557
2011-06-24 23:00:00,149.04755868173947
2011-06-25 00:00:00,131.38065251821516
2011-06-25 01:00:00,104.61292580941529
2011-06-25 02:00:00,74.94389092843645
2011-06-25 03:00:00,32.97138007119737
2011-06-25 04:00:00,9.587288609523984
2011-06-25 05:00:00,10.616269553960619
2011-06-25 06:00:00,28.5025906943657
2011-06-25 07:00:00,67.82971404573843
2011-06-25 08:00:00,164.40748899794008
2011-06-25 09:00:00,252.8803059325473
2011-06-25 10:00:00,366.13533847327733
2011-06-25 11:00:00,471.55677452934833
2011-06-25 12:00:00,595.2859309893145
2011-06-25 13:00:00,596.8531102286397
2011-06-25 14:00:00,460.43192388560743
2011-06-25 15:00:00,507.44225261963606
2011-06-25 16:00:00,536.9411215491896
2011-06-25 17:00:00,517.4230486903732
2011-06-25 18:00:00,444.830494960323
2011-06-25 19:00:00,399.3236716571725
2011-06-25 20:00:00,308.4211661599652
2011-06-25 21:00:00,254.9699526320234
2011-06-25 22:00:00,239.46643799529525
2011-06-25 23:00:00,175.23873819843877
2011-06-26 00:00:00,132.73868465694906
2011-06-26 01:00:00,103.11278788154655
2011-06-26 02:00:00,77.43884884992121
2011-06-26 03:00:00,33.63353021364035
2011-06-26 04:00:00,11.385350725840834
2011-06-26 05:00:00,9.932548310738515
2011-06-26 06:00:00,18.075605339268527
2011-06-26 07:00:00,56.78994673728927
2011-06-26 08:00:00,113.55689229088617
2011-06-26 09:00:00,221.0855150276515
2011-06-26 10:00:00,347.4678877561426
2011-06-26 11:00:00,414.66842861768254
2011-06-26 12:00:00,547.7401472297687
2011-06-26 13:00:00,552.5327491417767
2011-06-26 14:00:00,523.7648171304256
2011-06-26 15:00:00,549.0647920214875
2011-06-26 16:00:00,470.3211832353666
2011-06-26 17:00:00,534.0684463330923
2011-06-26 18:00:00,478.3295156623172
2011-06-26 19:00:00,362.13591707830363
2011-06-26 20:00:00,276.8323490028861
2011-06-26 21:00:00,244.2679993912361
2011-06-26 22:00:00,177.15869762101985
2011-06-26 23:00:00,117.97202465936088
2011-06-27 00:00:00,38.51561997305193
2011-06-27 01:00:00,14.231297483642274
2011-06-27 02:00:00,8.935319170053173
2011-06-27 03:00:00,5.669655103031313
2011-06-27 04:00:00,5.805031123301525
2011-06-27 05:00:00,24.216511793146754
2011-06-27 06:00:00,125.19491860245724
2011-06-27 07:00:00,350.8156098254228
2011-06-27 08:00:00,467.56245720277974
2011-06-27 09:00:00,327.2880070289543
2011-06-27 10:00:00,192.75229746966926
2011-06-27 11:00:00,193.7254832960439
2011-06-27 12:00:00,271.3167389762554
2011-06-27 13:00:00,226.15093582785713
2011-06-27 14:00:00,209.0859846358631
2011-06-27 15:00:00,237.71688847987764
2011-06-27 16:00:00,340.9056867899211
2011-06-27 17:00:00,652.5312098886864
2011-06-27 18:00:00,615.0158937693633
2011-06-27 19:00:00,476.51561502063504
2011-06-27 20:00:00,336.2977810171156
2011-06-27 21:00:00,214.3752584891995
2011-06-27 22:00:00,141.2222541309302
2011-06-27 23:00:00,82.47368823610158
2011-06-28 00:00:00,35.919859372254045
2011-06-28 01:00:00,15.96752854586604
2011-06-28 02:00:00,8.960253560057614
2011-06-28 03:00:00,6.338022568588777
2011-06-28 04:00:00,6.2826340207522495
2011-06-28 05:00:00,29.65973252703578
2011-06-28 06:00:00,130.47343833717744
2011-06-28 07:00:00,340.415787335433
2011-06-28 08:00:00,496.8874473672626
2011-06-28 09:00:00,298.88097714777126
2011-06-28 10:00:00,156.9172319020503
2011-06-28 11:00:00,177.8904494864062
2011-06-28 12:00:00,214.1506866599314
2011-06-28 13:00:00,223.71857491856707
2011-06-28 14:00:00,183.0299631136254
2011-06-28 15:00:00,189.45322970205405
2011-06-28 16:00:00,246.12312693205962
2011-06-28 17:00:00,392.0965197757272
2011-06-28 18:00:00,487.5643426247759
2011-06-28 19:00:00,430.3103091886911
2011-06-28 20:00:00,345.78281522198904
2011-06-28 21:00:00,258.1092782359831
2011-06-28 22:00:00,164.9780390210023
2011-06-28 23:00:00,110.53195634052089
2011-06-29 00:00:00,36.956577704088865
2011-06-29 01:00:00,17.091318581493088
2011-06-29 02:00:00,8.007201392270662
2011-06-29 03:00:00,6.661366067105093
2011-06-29 04:00:00,6.8387965057377995
2011-06-29 05:00:00,28.58751749987494
2011-06-29 06:00:00,142.89010078308476
2011-06-29 07:00:00,356.1887703466873
2011-06-29 08:00:00,515.0294846126654
2011-06-29 09:00:00,251.14592233757878
2011-06-29 10:00:00,146.16063347784996
2011-06-29 11:00:00,187.83660690020736
2011-06-29 12:00:00,231.11835730703743
2011-06-29 13:00:00,197.02573186259968
2011-06-29 14:00:00,211.61272495195882
2011-06-29 15:00:00,219.6593973064613
2011-06-29 16:00:00,308.75310525571535
2011-06-29 17:00:00,560.6165449904976
2011-06-29 18:00:00,509.7438778604746
2011-06-29 19:00:00,495.4230872404579
2011-06-29 20:00:00,354.94563066856705
2011-06-29 21:00:00,308.0352828436923
2011-06-29 22:00:00,204.10330672930218
2011-06-29 23:00:00,121.5833561989312
2011-06-30 00:00:00,54.27187767270853
2011-06-30 01:00:00,20.618361173325063
2011-06-30 02:00:00,11.267002386553333
2011-06-30 03:00:00,7.06434683112323
2011-06-30 04:00:00,7.468415419207014
2011-06-30 05:00:00,33.89311562993022
2011-06-30 06:00:00,147.25945741555518
2011-06-30 07:00:00,386.88748727348906
2011-06-30 08:00:00,528.0422225184057
2011-06-30 09:00:00,271.9320588621928
2011-06-30 10:00:00,166.60788834143167
2011-06-30 11:00:00,192.83550243791225
2011-06-30 12:00:00,237.47565840599114
2011-06-30 13:00:00,232.75927307106312
2011-06-30 14:00:00,218.18266406614885
2011-06-30 15:00:00,189.18098133879232
2011-06-30 16:00:00,308.6143895730039
2011-06-30 17:00:00,489.68077254777995
2011-06-30 18:00:00,542.8735650448459
2011-06-30 19:00:00,451.37078891765447
2011-06-30 20:00:00,337.7319344584722
2011-06-30 21:00:00,308.03088194424095
2011-06-30 22:00:00,220.56739602671865
2011-06-30 23:00:00,150.1849400613585
2011-07-20 00:00:00,46.57839276823764
2011-07-20 01:00:00,19.77920744523215
2011-07-20 02:00:00,8.352558461450453
2011-07-20 03:00:00,6.283807427298782
2011-07-20 04:00:00,6.470438726081303
2011-07-20 05:00:00,36.65335041639541
2011-07-20 06:00:00,138.62248086416218
2011-07-20 07:00:00,379.17579648163746
2011-07-20 08:00:00,568.9115440899436
2011-07-20 09:00:00,269.1477783355342
2011-07-20 10:00:00,190.94593812204988
2011-07-20 11:00:00,189.26936319253613
2011-07-20 12:00:00,231.06064896645455
2011-07-20 13:00:00,214.2068614470501
2011-07-20 14:00:00,197.02927116612312
2011-07-20 15:00:00,227.45459271312566
2011-07-20 16:00:00,339.70694276900383
2011-07-20 17:00:00,601.0074404048963
2011-07-20 18:00:00,609.0592183789458
2011-07-20 19:00:00,423.52538611647907
2011-07-20 20:00:00,332.4384748403113
2011-07-20 21:00:00,315.915693162007
2011-07-20 22:00:00,233.31127966803902
2011-07-20 23:00:00,129.6003419476957
2011-07-21 00:00:00,50.27684120683973
2011-07-21 01:00:00,19.2674362271851
2011-07-21 02:00:00,9.935292630755512
2011-07-21 03:00:00,5.557428114445757
2011-07-21 04:00:00,7.4791547330645365
2011-07-21 05:00:00,33.453998056663316
2011-07-21 06:00:00,144.2535095747688
2011-07-21 07:00:00,380.1578447520102
2011-07-21 08:00:00,574.4473891310429
2011-07-21 09:00:00,235.53984169046242
2011-07-21 10:00:00,133.62992261582883
2011-07-21 11:00:00,150.11439240714083
2011-07-21 12:00:00,201.98831304205132
2011-07-21 13:00:00,192.57087311593907
2011-07-21 14:00:00,187.72726435524436
2011-07-21 15:00:00,204.32291624252977
2011-07-21 16:00:00,329.39317627181777
2011-07-21 17:00:00,572.0274766342693
2011-07-21 18:00:00,571.4431069581744
2011-07-21 19:00:00,396.8975869390737
2011-07-21 20:00:00,312.82055198823946
2011-07-21 21:00:00,246.35755692925966
2011-07-21 22:00:00,191.22054326495683
2011-07-21 23:00:00,139.04100873648417
2011-07-22 00:00:00,77.74145013474322
2011-07-22 01:00:00,31.068598069186706
2011-07-22 02:00:00,14.578067536239852
2011-07-22 03:00:00,7.368162833471945
2011-07-22 04:00:00,8.401868273239925
2011-07-22 05:00:00,35.57790616659703
2011-07-22 06:00:00,141.91860891247433
2011-07-22 07:00:00,335.2633322317019
2011-07-22 08:00:00,494.5964696629932
2011-07-22 09:00:00,270.5363834830447
2011-07-22 10:00:00,180.60259849458458
2011-07-22 11:00:00,208.28454238750012
2011-07-22 12:00:00,218.31053810706496
2011-07-22 13:00:00,200.25419975743338
2011-07-22 14:00:00,210.06695610615887
2011-07-22 15:00:00,206.16643692199415
2011-07-22 16:00:00,280.02111431666725
2011-07-22 17:00:00,613.3241794415588
2011-07-22 18:00:00,635.4139911312128
2011-07-22 19:00:00,552.0060698932158
2011-07-22 20:00:00,328.7440879144241
2011-07-22 21:00:00,292.7646056976033
2011-07-22 22:00:00,261.6532765278737
2011-07-22 23:00:00,179.71065809133017
2011-07-23 00:00:00,142.62449061825518
2011-07-23 01:00:00,97.6163799212843
2011-07-23 02:00:00,66.96060005259416
2011-07-23 03:00:00,31.18422334792968
2011-07-23 04:00:00,11.905358101370997
2011-07-23 05:00:00,12.18526453584418
2011-07-23 06:00:00,27.68636828811269
2011-07-23 07:00:00,64.77554319582966
2011-07-23 08:00:00,160.3755350863387
2011-07-23 09:00:00,257.6755846851163
2011-07-23 10:00:00,344.38280686064076
2011-07-23 11:00:00,424.0316129089006
2011-07-23 12:00:00,418.4152822760313
2011-07-23 13:00:00,339.2814925752808
2011-07-23 14:00:00,399.6379443910789
2011-07-23 15:00:00,332.18020107829693
2011-07-23 16:00:00,332.93858625124443
2011-07-23 17:00:00,316.29547162490604
2011-07-23 18:00:00,385.11678243798946
2011-07-23 19:00:00,343.5046369163608
2011-07-23 20:00:00,288.7171353821448
2011-07-23 21:00:00,253.6973370252277
2011-07-23 22:00:00,229.650697913886
2011-07-23 23:00:00,187.7549264097996
2011-07-24 00:00:00,157.87932298128086
2011-07-24 01:00:00,101.59637126389417
2011-07-24 02:00:00,65.67480498024197
2011-07-24 03:00:00,27.39082793346707
2011-07-24 04:00:00,12.270902578532109
2011-07-24 05:00:00,11.600494024216625
2011-07-24 06:00:00,20.183342996490133
2011-07-24 07:00:00,64.12903916916267
2011-07-24 08:00:00,119.57877481916164
2011-07-24 09:00:00,232.92842531856635
2011-07-24 10:00:00,316.8762481586819
2011-07-24 11:00:00,363.124169967581
2011-07-24 12:00:00,395.45897295506114
2011-07-24 13:00:00,422.33865516680055
2011-07-24 14:00:00,371.87413063168066
2011-07-24 15:00:00,375.96028743953804
2011-07-24 16:00:00,403.09781249384594
2011-07-24 17:00:00,437.5099017880698
2011-07-24 18:00:00,396.6827699396648
2011-07-24 19:00:00,375.9699530140238
2011-07-24 20:00:00,322.6390649373631
2011-07-24 21:00:00,229.90861472840552
2011-07-24 22:00:00,172.38313366947
2011-07-24 23:00:00,117.88323016024789
2011-07-25 00:00:00,48.59979876694323
2011-07-25 01:00:00,16.882414153265255
2011-07-25 02:00:00,8.198752289699602
2011-07-25 03:00:00,4.946578578343168
2011-07-25 04:00:00,7.55528396360229
2011-07-25 05:00:00,33.98644676889322
2011-07-25 06:00:00,136.93711760863354
2011-07-25 07:00:00,353.5646223347957
2011-07-25 08:00:00,579.2641427858678
2011-07-25 09:00:00,224.23127753490633
2011-07-25 10:00:00,150.47438003918583
2011-07-25 11:00:00,174.04516990844772
2011-07-25 12:00:00,202.9775529039729
2011-07-25 13:00:00,214.2495738404861
2011-07-25 14:00:00,164.45778971476025
2011-07-25 15:00:00,123.42571428168175
2011-07-25 16:00:00,245.3220705198944
2011-07-25 17:00:00,571.6086970997989
2011-07-25 18:00:00,699.0135143633073
2011-07-25 19:00:00,471.77903047824475
2011-07-25 20:00:00,320.8592431489673
2011-07-25 21:00:00,188.52983623942686
2011-07-25 22:00:00,132.76359230163496
2011-07-25 23:00:00,87.14987638948811
2011-07-26 00:00:00,40.356064579896724
2011-07-26 01:00:00,17.734447988527254
2011-07-26 02:00:00,10.308361884256065
2011-07-26 03:00:00,5.95930931430333
2011-07-26 04:00:00,6.665119524312281
2011-07-26 05:00:00,32.11030910835714
2011-07-26 06:00:00,130.99778486097773
2011-07-26 07:00:00,351.73833292932983
2011-07-26 08:00:00,496.86799152390665
2011-07-26 09:00:00,263.88846758203175
2011-07-26 10:00:00,156.1090454263962
2011-07-26 11:00:00,177.52332735523032
2011-07-26 12:00:00,246.91458709743827
2011-07-26 13:00:00,197.91407065417073
2011-07-26 14:00:00,176.69249706635472
2011-07-26 15:00:00,198.27895678179576
2011-07-26 16:00:00,284.77661254699683
2011-07-26 17:00:00,584.2836945995657
2011-07-26 18:00:00,547.3856502577067
2011-07-26 19:00:00,370.2765751113457
2011-07-26 20:00:00,337.81834716827734
2011-07-26 21:00:00,274.0369753454914
2011-07-26 22:00:00,192.01461664700844
2011-07-26 23:00:00,120.00167209380399
2011-07-27 00:00:00,46.09681868411481
2011-07-27 01:00:00,15.070340475256359
2011-07-27 02:00:00,6.297992657929189
2011-07-27 03:00:00,5.272426375478042
2011-07-27 04:00:00,5.710877771158064
2011-07-27 05:00:00,29.275409809430666
2011-07-27 06:00:00,134.65651679252286
2011-07-27 07:00:00,382.4205872580591
2011-07-27 08:00:00,446.1098265607117
2011-07-27 09:00:00,226.4406077502737
2011-07-27 10:00:00,133.46037474613513
2011-07-27 11:00:00,169.3872126091398
2011-07-27 12:00:00,194.1036746049718
2011-07-27 13:00:00,179.02364876145694
2011-07-27 14:00:00,187.138208396133
2011-07-27 15:00:00,197.73560927772826
2011-07-27 16:00:00,320.55810834002534
2011-07-27 17:00:00,593.6364178519249
2011-07-27 18:00:00,609.5382403023085
2011-07-27 19:00:00,420.927796995362
2011-07-27 20:00:00,371.4509529941539
2011-07-27 21:00:00,275.6163880381756
2011-07-27 22:00:00,234.07224115565234
2011-07-27 23:00:00,111.67678409628451
2011-07-28 00:00:00,58.86616909227989
2011-07-28 01:00:00,29.098641056567995
2011-07-28 02:00:00,15.102038634269228
2011-07-28 03:00:00,7.184215635307325
2011-07-28 04:00:00,7.1604958344761425
2011-07-28 05:00:00,31.777139483552855
2011-07-28 06:00:00,149.48092250113513
2011-07-28 07:00:00,414.082388017641
2011-07-28 08:00:00,540.4492549565663
2011-07-28 09:00:00,275.34071799547314
2011-07-28 10:00:00,155.1218470660372
2011-07-28 11:00:00,187.08584692923114
2011-07-28 12:00:00,227.583109258147
2011-07-28 13:00:00,241.97395359706647
2011-07-28 14:00:00,216.97771686289585
2011-07-28 15:00:00,223.18655804926172
2011-07-28 16:00:00,385.4435444583378
2011-07-28 17:00:00,677.0023650276207
2011-07-28 18:00:00,614.5696073086843
2011-07-28 19:00:00,497.71121820255166
2011-07-28 20:00:00,381.3868988808833
2011-07-28 21:00:00,286.94951578537655
2011-07-28 22:00:00,210.17027325494766
2011-07-28 23:00:00,140.12834045274167
2011-07-29 00:00:00,78.21242372529244
2011-07-29 01:00:00,32.22116591633123
2011-07-29 02:00:00,14.100846242757422
2011-07-29 03:00:00,7.046949524317564
2011-07-29 04:00:00,8.948017029600305
2011-07-29 05:00:00,37.44053912455396
2011-07-29 06:00:00,152.43868347200626
2011-07-29 07:00:00,369.9147882915567
2011-07-29 08:00:00,607.304453709467
2011-07-29 09:00:00,299.5938249651753
2011-07-29 10:00:00,173.12218856950057
2011-07-29 11:00:00,233.53361250034996
2011-07-29 12:00:00,227.20687811903233
2011-07-29 13:00:00,215.39859949049222
2011-07-29 14:00:00,205.29889776267945
2011-07-29 15:00:00,219.59904798437518
2011-07-29 16:00:00,330.4859714678184
2011-07-29 17:00:00,549.1657352211764
2011-07-29 18:00:00,573.751171326305
2011-07-29 19:00:00,415.83524115710594
2011-07-29 20:00:00,316.9370025811709
2011-07-29 21:00:00,273.4249158066344
2011-07-29 22:00:00,237.08474126342495
2011-07-29 23:00:00,162.0895973974542
2011-07-30 00:00:00,121.90945735821295
2011-07-30 01:00:00,91.0208975263862
2011-07-30 02:00:00,68.49531353635044
2011-07-30 03:00:00,29.164905062083175
2011-07-30 04:00:00,10.2437964062389
2011-07-30 05:00:00,12.279975638726889
2011-07-30 06:00:00,30.819211979905898
2011-07-30 07:00:00,66.4048727912366
2011-07-30 08:00:00,135.65855684059744
2011-07-30 09:00:00,207.19991190161872
2011-07-30 10:00:00,340.6000088118032
2011-07-30 11:00:00,382.9713084456468
2011-07-30 12:00:00,428.2828180530963
2011-07-30 13:00:00,429.7416690491196
2011-07-30 14:00:00,392.6597923729899
2011-07-30 15:00:00,407.18328187729475
2011-07-30 16:00:00,412.21442661092215
2011-07-30 17:00:00,381.41371853104033
2011-07-30 18:00:00,331.247590926742
2011-07-30 19:00:00,380.1920648319129
2011-07-30 20:00:00,275.400668948912
2011-07-30 21:00:00,257.9785570607567
2011-07-30 22:00:00,219.83816545736752
2011-07-30 23:00:00,168.63547237139423
2011-07-31 00:00:00,131.52466600362013
2011-07-31 01:00:00,101.14864129012932
2011-07-31 02:00:00,68.75398361094827
2011-07-31 03:00:00,27.576054194764428
2011-07-31 04:00:00,12.52045622744739
2011-07-31 05:00:00,12.261059250809549
2011-07-31 06:00:00,24.47484673517673
2011-07-31 07:00:00,62.33136973420515
2011-07-31 08:00:00,109.71589635460347
2011-07-31 09:00:00,219.78011252326178
2011-07-31 10:00:00,286.2209740418824
2011-07-31 11:00:00,343.06756205829106
2011-07-31 12:00:00,422.6626401818292
2011-07-31 13:00:00,456.8425573141472
2011-07-31 14:00:00,429.1590301129951
2011-07-31 15:00:00,357.31834027616685
2011-07-31 16:00:00,401.9561276643348
2011-07-31 17:00:00,425.563848804103
2011-07-31 18:00:00,399.9749862989463
2011-07-31 19:00:00,329.95416256676117
2011-07-31 20:00:00,284.01705176930346
2011-07-31 21:00:00,213.93406303814865
2011-07-31 22:00:00,152.8598966032781
2011-07-31 23:00:00,93.19272162596197
2011-08-20 00:00:00,110.40884396355216
2011-08-20 01:00:00,96.98431350669048
2011-08-20 02:00:00,69.19141337858103
2011-08-20 03:00:00,33.55258212354094
2011-08-20 04:00:00,7.511278250119752
2011-08-20 05:00:00,9.92142385631998
2011-08-20 06:00:00,23.83521378525419
2011-08-20 07:00:00,53.51250020489592
2011-08-20 08:00:00,139.57612038747828
2011-08-20 09:00:00,236.031490087871
2011-08-20 10:00:00,368.9824489912544
2011-08-20 11:00:00,420.6229327598165
2011-08-20 12:00:00,449.9977610466053
2011-08-20 13:00:00,422.75755673279724
2011-08-20 14:00:00,452.4605265992208
2011-08-20 15:00:00,466.53820138893707
2011-08-20 16:00:00,447.9349057532306
2011-08-20 17:00:00,430.7722151652964
2011-08-20 18:00:00,390.4372130856295
2011-08-20 19:00:00,343.94151036215334
2011-08-20 20:00:00,285.22001365957937
2011-08-20 21:00:00,230.24724783004393
2011-08-20 22:00:00,151.84036399711223
2011-08-20 23:00:00,146.53888307171405
2011-08-21 00:00:00,134.47154552156843
2011-08-21 01:00:00,103.3032040928165
2011-08-21 02:00:00,63.30638171809803
2011-08-21 03:00:00,30.631532658033475
2011-08-21 04:00:00,9.900916351355077
2011-08-21 05:00:00,10.001446819713813
2011-08-21 06:00:00,17.478894286402173
2011-08-21 07:00:00,52.172147411774965
2011-08-21 08:00:00,105.40400285104224
2011-08-21 09:00:00,196.47794132109274
2011-08-21 10:00:00,299.8927479493809
2011-08-21 11:00:00,316.85936864221935
2011-08-21 12:00:00,373.5943534691995
2011-08-21 13:00:00,493.25798948023544
2011-08-21 14:00:00,269.2700384284972
2011-08-21 15:00:00,264.3944787834686
2011-08-21 16:00:00,348.13883825020685
2011-08-21 17:00:00,338.2878964898036
2011-08-21 18:00:00,307.39039774109403
2011-08-21 19:00:00,311.888624898241
2011-08-21 20:00:00,208.9930984188088
2011-08-21 21:00:00,173.32519115529874
2011-08-21 22:00:00,116.75970743647923
2011-08-21 23:00:00,89.10288387716018
2011-08-22 00:00:00,34.28806129564187
2011-08-22 01:00:00,15.129205473447342
2011-08-22 02:00:00,10.976598393986333
2011-08-22 03:00:00,6.269808079210269
2011-08-22 04:00:00,5.684479788301492
2011-08-22 05:00:00,27.117719901248464
2011-08-22 06:00:00,108.77163737001553
2011-08-22 07:00:00,309.26888697749763
2011-08-22 08:00:00,490.2373161824992
2011-08-22 09:00:00,263.11184877896085
2011-08-22 10:00:00,153.31557297768492
2011-08-22 11:00:00,149.51952914023602
2011-08-22 12:00:00,220.02041037920267
2011-08-22 13:00:00,173.36001102082426
2011-08-22 14:00:00,177.20198231719016
2011-08-22 15:00:00,193.67915806909767
2011-08-22 16:00:00,284.73004020088615
2011-08-22 17:00:00,477.4529034318319
2011-08-22 18:00:00,537.9059149534814
2011-08-22 19:00:00,452.828533099799
2011-08-22 20:00:00,396.7880633202526
2011-08-22 21:00:00,290.8074103881538
2011-08-22 22:00:00,203.46614373722372
2011-08-22 23:00:00,109.8985236782037
2011-08-23 00:00:00,32.847021838026535
2011-08-23 01:00:00,14.5350031670193
2011-08-23 02:00:00,7.637516054823086
2011-08-23 03:00:00,4.815047954990124
2011-08-23 04:00:00,6.24856330110167
2011-08-23 05:00:00,29.84588128152505
2011-08-23 06:00:00,132.62557251230692
2011-08-23 07:00:00,380.3195085843258
2011-08-23 08:00:00,556.8917680788591
2011-08-23 09:00:00,332.5871165365849
2011-08-23 10:00:00,200.24058243422564
2011-08-23 11:00:00,231.40321760244422
2011-08-23 12:00:00,299.48624007147237
2011-08-23 13:00:00,261.8081651782434
2011-08-23 14:00:00,251.76868092102706
2011-08-23 15:00:00,259.9679309998576
2011-08-23 16:00:00,383.80683508843464
2011-08-23 17:00:00,734.8082516732671
2011-08-23 18:00:00,698.6571733373517
2011-08-23 19:00:00,492.86124341108433
2011-08-23 20:00:00,359.45457578093885
2011-08-23 21:00:00,245.79373354851074
2011-08-23 22:00:00,185.97582893381946
2011-08-23 23:00:00,114.79602221614452
2011-08-24 00:00:00,44.96976882859393
2011-08-24 01:00:00,18.187603881263666
2011-08-24 02:00:00,8.491452105844457
2011-08-24 03:00:00,6.3604727617632575
2011-08-24 04:00:00,7.457503588499401
2011-08-24 05:00:00,41.69829523856929
2011-08-24 06:00:00,170.88417990035123
2011-08-24 07:00:00,373.6268859501397
2011-08-24 08:00:00,561.1889003435632
2011-08-24 09:00:00,306.134825952125
2011-08-24 10:00:00,156.42193020757568
2011-08-24 11:00:00,185.15827276835017
2011-08-24 12:00:00,198.91328138228744
2011-08-24 13:00:00,214.6338378347215
2011-08-24 14:00:00,199.47185777599225
2011-08-24 15:00:00,225.2397675329753
2011-08-24 16:00:00,315.4525854334896
2011-08-24 17:00:00,617.2118761600046
2011-08-24 18:00:00,597.9036675974958
2011-08-24 19:00:00,462.44108072024994
2011-08-24 20:00:00,347.9688172652396
2011-08-24 21:00:00,280.54484999176645
2011-08-24 22:00:00,190.12124298090208
2011-08-24 23:00:00,103.90561746325322
2011-08-25 00:00:00,51.12982929808071
2011-08-25 01:00:00,22.588481454558927
2011-08-25 02:00:00,11.514941564141225
2011-08-25 03:00:00,5.748999011510392
2011-08-25 04:00:00,6.579566492052011
2011-08-25 05:00:00,29.201531919655448
2011-08-25 06:00:00,126.32422484969588
2011-08-25 07:00:00,308.0091002797766
2011-08-25 08:00:00,486.24171061065374
2011-08-25 09:00:00,245.19024700547487
2011-08-25 10:00:00,143.08976980863451
2011-08-25 11:00:00,134.04699956803694
2011-08-25 12:00:00,148.46640611455285
2011-08-25 13:00:00,165.87786325074964
2011-08-25 14:00:00,191.93914725288118
2011-08-25 15:00:00,238.82558945520097
2011-08-25 16:00:00,298.25718812694794
2011-08-25 17:00:00,555.9781279736902
2011-08-25 18:00:00,451.0291116353162
2011-08-25 19:00:00,325.76610215369584
2011-08-25 20:00:00,245.9772303018825
2011-08-25 21:00:00,214.40760526808404
2011-08-25 22:00:00,154.7062262002049
2011-08-25 23:00:00,104.91135089874206
2011-08-26 00:00:00,57.74372070447127
2011-08-26 01:00:00,25.41332382931168
2011-08-26 02:00:00,11.915480241957319
2011-08-26 03:00:00,7.029925870991143
2011-08-26 04:00:00,6.74638771968569
2011-08-26 05:00:00,25.800409709121748
2011-08-26 06:00:00,116.06004085748383
2011-08-26 07:00:00,288.8348541639661
2011-08-26 08:00:00,544.6856596051736
2011-08-26 09:00:00,299.02068996379563
2011-08-26 10:00:00,173.88383275378476
2011-08-26 11:00:00,238.5159920259065
2011-08-26 12:00:00,293.64186278683724
2011-08-26 13:00:00,288.0305967476119
2011-08-26 14:00:00,240.61194489779683
2011-08-26 15:00:00,280.77082573531857
2011-08-26 16:00:00,379.46403685508096
2011-08-26 17:00:00,638.9954345673643
2011-08-26 18:00:00,549.5173743416691
2011-08-26 19:00:00,378.4712431630319
2011-08-26 20:00:00,286.7920098273206
2011-08-26 21:00:00,231.3546179417699
2011-08-26 22:00:00,222.48978267719917
2011-08-26 23:00:00,182.68752384593338
2011-08-27 00:00:00,156.3630479200435
2011-08-27 01:00:00,107.25347319646544
2011-08-27 02:00:00,74.31756098355149
2011-08-27 03:00:00,30.958428131925505
2011-08-27 04:00:00,10.050334597153688
2011-08-27 05:00:00,10.663964623556666
2011-08-27 06:00:00,27.08964251738188
2011-08-27 07:00:00,56.17804733645627
2011-08-27 08:00:00,145.30228915033499
2011-08-27 09:00:00,208.65783517628643
2011-08-27 10:00:00,322.2188206567097
2011-08-27 11:00:00,190.39995977662107
2011-08-27 12:00:00,272.1704556769651
2011-08-27 13:00:00,234.8779009276533
2011-08-27 14:00:00,137.6843941544037
2011-08-27 15:00:00,152.96824294539948
2011-08-27 16:00:00,153.29381255702913
2011-08-27 17:00:00,97.20248910357654
2011-08-28 07:00:00,23.6289970814068
2011-08-28 08:00:00,53.46366520366504
2011-08-28 09:00:00,230.9317302735693
2011-08-28 10:00:00,306.51419750803854
2011-08-28 11:00:00,353.5301331870917
2011-08-28 12:00:00,440.8582248242694
2011-08-28 13:00:00,437.59336436803017
2011-08-28 14:00:00,429.04660856488346
2011-08-28 15:00:00,402.06119769303723
2011-08-28 16:00:00,481.29446709890016
2011-08-28 17:00:00,533.8890434133475
2011-08-28 18:00:00,443.8140670415441
2011-08-28 19:00:00,348.94719390781785
2011-08-28 20:00:00,302.25495573316795
2011-08-28 21:00:00,202.74633255015257
2011-08-28 22:00:00,142.3802374934941
2011-08-28 23:00:00,94.7330259151762
2011-08-29 00:00:00,41.4168788568612
2011-08-29 01:00:00,15.598775536111718
2011-08-29 02:00:00,8.120584664510272
2011-08-29 03:00:00,6.0004884953162305
2011-08-29 04:00:00,6.91036204387328
2011-08-29 05:00:00,33.68264961638505
2011-08-29 06:00:00,135.20729157197812
2011-08-29 07:00:00,345.8595362374061
2011-08-29 08:00:00,558.4862095713894
2011-08-29 09:00:00,285.0085999851859
2011-08-29 10:00:00,170.76285339103606
2011-08-29 11:00:00,204.13901946172447
2011-08-29 12:00:00,284.4994260029424
2011-08-29 13:00:00,296.5567023475055
2011-08-29 14:00:00,222.7683398402103
2011-08-29 15:00:00,247.61493959218637
2011-08-29 16:00:00,375.9852491363528
2011-08-29 17:00:00,735.4384445787722
2011-08-29 18:00:00,681.9053600096823
2011-08-29 19:00:00,495.4081842959284
2011-08-29 20:00:00,350.24307082162255
2011-08-29 21:00:00,246.8964474922829
2011-08-29 22:00:00,169.72917696876047
2011-08-29 23:00:00,88.86340038112927
2011-08-30 00:00:00,34.2182452480444
2011-08-30 01:00:00,14.447121790930218
2011-08-30 02:00:00,7.393318164046832
2011-08-30 03:00:00,5.432446576251247
2011-08-30 04:00:00,7.631364679647499
2011-08-30 05:00:00,39.12691553801788
2011-08-30 06:00:00,139.35700107416352
2011-08-30 07:00:00,354.81315806037423
2011-08-30 08:00:00,524.7853910151803
2011-08-30 09:00:00,288.033185779873
2011-08-30 10:00:00,192.6706999149928
2011-08-30 11:00:00,192.5405598590336
2011-08-30 12:00:00,262.38572856496154
2011-08-30 13:00:00,247.47021053748108
2011-08-30 14:00:00,231.23612271250522
2011-08-30 15:00:00,245.99343126474014
2011-08-30 16:00:00,370.8572609867815
2011-08-30 17:00:00,712.7485611781724
2011-08-30 18:00:00,691.1115845244537
2011-08-30 19:00:00,452.1196582324347
2011-08-30 20:00:00,336.71353973107085
2011-08-30 21:00:00,241.0016742350677
2011-08-30 22:00:00,175.89893775304353
2011-08-30 23:00:00,112.52194564271261
2011-08-31 00:00:00,33.93609938775106
2011-08-31 01:00:00,14.151011666510426
2011-08-31 02:00:00,8.914520474912296
2011-08-31 03:00:00,6.836090971677845
2011-08-31 04:00:00,7.223386993652305
2011-08-31 05:00:00,36.99500667842996
2011-08-31 06:00:00,167.65503252412012
2011-08-31 07:00:00,312.8851387372445
2011-08-31 08:00:00,558.2291370129426
2011-08-31 09:00:00,283.8040937236426
2011-08-31 10:00:00,181.93171415095028
2011-08-31 11:00:00,207.4881925337743
2011-08-31 12:00:00,221.0950582793283
2011-08-31 13:00:00,240.8708891817483
2011-08-31 14:00:00,246.52892751513593
2011-08-31 15:00:00,261.65514688450975
2011-08-31 16:00:00,334.697421308
2011-08-31 17:00:00,712.7075323467168
2011-08-31 18:00:00,692.2086389167067
2011-08-31 19:00:00,497.10982463204346
2011-08-31 20:00:00,380.4233933901823
2011-08-31 21:00:00,284.0072638867103
2011-08-31 22:00:00,188.63902926312133
2011-08-31 23:00:00,114.0782617573473
2011-09-20 00:00:00,28.896866776416754
2011-09-20 01:00:00,10.77455750580593
2011-09-20 02:00:00,5.295252076839975
2011-09-20 03:00:00,4.179716849549386
2011-09-20 04:00:00,5.476672084291703
2011-09-20 05:00:00,22.912281938975738
2011-09-20 06:00:00,94.98997691723415
2011-09-20 07:00:00,261.8095382347661
2011-09-20 08:00:00,148.74183470803706
2011-09-20 09:00:00,67.59225697509696
2011-09-20 10:00:00,68.05609122412136
2011-09-20 11:00:00,68.73337111504324
2011-09-20 12:00:00,84.27481089384368
2011-09-20 13:00:00,88.39597361812417
2011-09-20 14:00:00,112.07034158271514
2011-09-20 15:00:00,172.0487058372851
2011-09-20 16:00:00,226.53428483657095
2011-09-20 17:00:00,415.83448371390415
2011-09-20 18:00:00,406.7469373064026
2011-09-20 19:00:00,277.26268319379693
2011-09-20 20:00:00,175.46329001107907
2011-09-20 21:00:00,143.50051563952294
2011-09-20 22:00:00,114.5814865842637
2011-09-20 23:00:00,77.86371686955421
2011-09-21 00:00:00,17.113498895796003
2011-09-21 01:00:00,9.490390454894953
2011-09-21 02:00:00,6.049137501231884
2011-09-21 03:00:00,3.076012627180027
2011-09-21 04:00:00,3.6602045004783768
2011-09-21 05:00:00,11.818556413714974
2011-09-21 06:00:00,48.29480726318892
2011-09-21 07:00:00,115.53147789290477
2011-09-21 08:00:00,220.77076406275432
2011-09-21 09:00:00,94.2034705160545
2011-09-21 10:00:00,89.47316265402678
2011-09-21 11:00:00,140.0632232340343
2011-09-21 12:00:00,169.60488267487983
2011-09-21 13:00:00,203.45553378348296
2011-09-21 14:00:00,181.06709751959002
2011-09-21 15:00:00,197.80537566611926
2011-09-21 16:00:00,305.9789351488505
2011-09-21 17:00:00,445.2358037997279
2011-09-21 18:00:00,285.5196172373112
2011-09-21 19:00:00,71.0382087856451
2011-09-21 20:00:00,49.1842121922255
2011-09-21 21:00:00,77.66905165263876
2011-09-21 22:00:00,56.49879224334847
2011-09-21 23:00:00,63.29283398159992
2011-09-22 00:00:00,23.427777851426523
2011-09-22 01:00:00,7.740143913467248
2011-09-22 02:00:00,5.906476788643884
2011-09-22 03:00:00,3.1681563536801134
2011-09-22 04:00:00,3.4365804549755565
2011-09-22 05:00:00,17.419404433892737
2011-09-22 06:00:00,75.76538072855774
2011-09-22 07:00:00,190.5168277097724
2011-09-22 08:00:00,253.24930515163643
2011-09-22 09:00:00,125.57150426215853
2011-09-22 10:00:00,120.94173801158982
2011-09-22 11:00:00,128.88308716808558
2011-09-22 12:00:00,160.63791313877485
2011-09-22 13:00:00,142.38397720225797
2011-09-22 14:00:00,138.08750951445091
2011-09-22 15:00:00,167.45251502742843
2011-09-22 16:00:00,290.7392045660517
2011-09-22 17:00:00,501.5318863325061
2011-09-22 18:00:00,344.71157800464437
2011-09-22 19:00:00,265.89497298227786
2011-09-22 20:00:00,127.0511695811611
2011-09-22 21:00:00,169.58759584894426
2011-09-22 22:00:00,65.34400351928416
2011-09-22 23:00:00,54.93572940140178
2011-09-23 00:00:00,54.67848830176047
2011-09-23 01:00:00,21.26847775393512
2011-09-23 02:00:00,13.233319210396237
2011-09-23 03:00:00,7.6818694345826115
2011-09-23 04:00:00,6.49209837822597
2011-09-23 05:00:00,35.45147340429367
2011-09-23 06:00:00,136.52881381931584
2011-09-23 07:00:00,278.6403531324694
2011-09-23 08:00:00,385.2777394993664
2011-09-23 09:00:00,137.92603106791603
2011-09-23 10:00:00,86.46576458934811
2011-09-23 11:00:00,98.62435526424436
2011-09-23 12:00:00,154.52799133234984
2011-09-23 13:00:00,105.26953502730728
2011-09-23 14:00:00,112.5647823588292
2011-09-23 15:00:00,201.79072148573695
2011-09-23 16:00:00,258.3034627150565
2011-09-23 17:00:00,399.02756587122786
2011-09-23 18:00:00,382.2708927469936
2011-09-23 19:00:00,279.4366236031639
2011-09-23 20:00:00,226.4195387036912
2011-09-23 21:00:00,174.4270508095806
2011-09-23 22:00:00,198.10859170317545
2011-09-23 23:00:00,98.77273601430034
2011-09-24 00:00:00,153.77089392487207
2011-09-24 01:00:00,113.97749128143593
2011-09-24 02:00:00,72.47035149331076
2011-09-24 03:00:00,37.06512718473738
2011-09-24 04:00:00,12.81811460648062
2011-09-24 05:00:00,12.35536033956385
2011-09-24 06:00:00,29.58786893060983
2011-09-24 07:00:00,79.46278127688679
2011-09-24 08:00:00,160.85262059195432
2011-09-24 09:00:00,257.6108996136876
2011-09-24 10:00:00,369.17783816930176
2011-09-24 11:00:00,380.2109941155577
2011-09-24 12:00:00,423.29589107779515
2011-09-24 13:00:00,498.43713209680567
2011-09-24 14:00:00,506.43747426236894
2011-09-24 15:00:00,513.1362274483328
2011-09-24 16:00:00,513.6620189022466
2011-09-24 17:00:00,444.40347039293334
2011-09-24 18:00:00,364.0387570934209
2011-09-24 19:00:00,311.0984784125038
2011-09-24 20:00:00,229.09575370305248
2011-09-24 21:00:00,208.2829079642803
2011-09-24 22:00:00,193.37324743228848
2011-09-24 23:00:00,140.14274348563765
2011-09-25 00:00:00,149.65338304129688
2011-09-25 01:00:00,116.44490838975565
2011-09-25 02:00:00,61.615151530566656
2011-09-25 03:00:00,31.676637072592666
2011-09-25 04:00:00,12.613299501699677
2011-09-25 05:00:00,15.14854946216638
2011-09-25 06:00:00,24.79677821137152
2011-09-25 07:00:00,77.7347203098407
2011-09-25 08:00:00,145.67584950199478
2011-09-25 09:00:00,215.78548145922284
2011-09-25 10:00:00,297.7563637491114
2011-09-25 11:00:00,415.29650309041756
2011-09-25 12:00:00,496.33625902053154
2011-09-25 13:00:00,485.523452337386
2011-09-25 14:00:00,455.88234273343437
2011-09-25 15:00:00,458.5113367834992
2011-09-25 16:00:00,563.5689126675744
2011-09-25 17:00:00,451.97543540215497
2011-09-25 18:00:00,410.78303157682797
2011-09-25 19:00:00,236.93513803477828
2011-09-25 20:00:00,191.3109833176971
2011-09-25 21:00:00,189.11579291774544
2011-09-25 22:00:00,149.38284935672652
2011-09-25 23:00:00,97.91303856004662
2011-09-26 00:00:00,44.56393715156569
2011-09-26 01:00:00,20.729342246546754
2011-09-26 02:00:00,8.875966425081499
2011-09-26 03:00:00,5.98151578861584
2011-09-26 04:00:00,8.936944042050047
2011-09-26 05:00:00,37.4138826202425
2011-09-26 06:00:00,146.27932632639215
2011-09-26 07:00:00,379.46722364539016
2011-09-26 08:00:00,561.3588678817113
2011-09-26 09:00:00,295.19273320231434
2011-09-26 10:00:00,166.17067582920077
2011-09-26 11:00:00,189.68798657679056
2011-09-26 12:00:00,239.90311239986835
2011-09-26 13:00:00,246.59048605215298
2011-09-26 14:00:00,245.14799470639267
2011-09-26 15:00:00,277.11112682226894
2011-09-26 16:00:00,423.1499312736267
2011-09-26 17:00:00,710.4423542605933
2011-09-26 18:00:00,514.1579753123306
2011-09-26 19:00:00,389.9184808836479
2011-09-26 20:00:00,285.2331507966374
2011-09-26 21:00:00,219.10092366150565
2011-09-26 22:00:00,151.31292997047163
2011-09-26 23:00:00,89.9677750038224
2011-09-27 00:00:00,39.736688503488914
2011-09-27 01:00:00,18.06581248442661
2011-09-27 02:00:00,7.306321414279612
2011-09-27 03:00:00,6.557335149414713
2011-09-27 04:00:00,9.477508680367059
2011-09-27 05:00:00,39.43806815643606
2011-09-27 06:00:00,177.79769594387977
2011-09-27 07:00:00,462.0646399008026
2011-09-27 08:00:00,633.3801936987809
2011-09-27 09:00:00,216.12511346490808
2011-09-27 10:00:00,117.21311839769831
2011-09-27 11:00:00,199.23261976805568
2011-09-27 12:00:00,207.09302422289696
2011-09-27 13:00:00,247.9730802266269
2011-09-27 14:00:00,206.42142154970887
2011-09-27 15:00:00,214.8846467926545
2011-09-27 16:00:00,287.3630422924488
2011-09-27 17:00:00,600.6049828690025
2011-09-27 18:00:00,614.7591899687137
2011-09-27 19:00:00,432.86930910658157
2011-09-27 20:00:00,281.94126420973316
2011-09-27 21:00:00,186.72335463451333
2011-09-27 22:00:00,136.85779503559763
2011-09-27 23:00:00,91.14558827133507
2011-09-28 00:00:00,47.51997519198189
2011-09-28 01:00:00,19.236311277250373
2011-09-28 02:00:00,6.7150505911671035
2011-09-28 03:00:00,6.673605694848625
2011-09-28 04:00:00,7.347230079770213
2011-09-28 05:00:00,34.39326046259075
2011-09-28 06:00:00,91.13399472480542
2011-09-28 07:00:00,197.57289368568058
2011-09-28 08:00:00,345.1020175626619
2011-09-28 09:00:00,168.25010503432895
2011-09-28 10:00:00,135.88622083853542
2011-09-28 11:00:00,191.01405877697468
2011-09-28 12:00:00,241.87475043736248
2011-09-28 13:00:00,247.6943217666751
2011-09-28 14:00:00,296.3977673392683
2011-09-28 15:00:00,290.5938495927514
2011-09-28 16:00:00,443.2080939992494
2011-09-28 17:00:00,749.8624055252695
2011-09-28 18:00:00,391.52194347315907
2011-09-28 19:00:00,279.63689138697475
2011-09-28 20:00:00,106.99139187935508
2011-09-28 21:00:00,82.60712544717428
2011-09-28 22:00:00,155.28957853091825
2011-09-28 23:00:00,93.32986697893121
2011-09-29 00:00:00,38.32914841297397
2011-09-29 01:00:00,12.83622754132684
2011-09-29 02:00:00,8.545468533762945
2011-09-29 03:00:00,5.767413047139134
2011-09-29 04:00:00,6.702532706751783
2011-09-29 05:00:00,34.187920246197685
2011-09-29 06:00:00,136.73174428653903
2011-09-29 07:00:00,394.1114557466876
2011-09-29 08:00:00,540.8289167386354
2011-09-29 09:00:00,319.66586794363104
2011-09-29 10:00:00,204.23995093477131
2011-09-29 11:00:00,233.23580044572708
2011-09-29 12:00:00,288.59502326873314
2011-09-29 13:00:00,272.56253785812015
2011-09-29 14:00:00,229.74337320132267
2011-09-29 15:00:00,239.6948666061298
2011-09-29 16:00:00,374.96299387465376
2011-09-29 17:00:00,620.5094222742752
2011-09-29 18:00:00,662.882426788838
2011-09-29 19:00:00,487.80117863265207
2011-09-29 20:00:00,376.41431231327556
2011-09-29 21:00:00,287.61567219767124
2011-09-29 22:00:00,200.44723737934947
2011-09-29 23:00:00,111.33905665854836
2011-09-30 00:00:00,59.174886662228204
2011-09-30 01:00:00,32.00671296323335
2011-09-30 02:00:00,12.712341621355991
2011-09-30 03:00:00,7.167326743726459
2011-09-30 04:00:00,7.066636369035292
2011-09-30 05:00:00,30.63221543331636
2011-09-30 06:00:00,127.9378895931165
2011-09-30 07:00:00,356.227350173032
2011-09-30 08:00:00,650.2777076590789
2011-09-30 09:00:00,350.22875769549296
2011-09-30 10:00:00,219.4080466115894
2011-09-30 11:00:00,251.27939096576537
2011-09-30 12:00:00,293.48633781428936
2011-09-30 13:00:00,260.29395356139133
2011-09-30 14:00:00,229.6554149646999
2011-09-30 15:00:00,244.29469052365678
2011-09-30 16:00:00,426.10664465270844
2011-09-30 17:00:00,669.6015128455513
2011-09-30 18:00:00,454.4727059050103
2011-09-30 19:00:00,322.89989904073605
2011-09-30 20:00:00,228.28145607298487
2011-09-30 21:00:00,188.63019791869147
2011-09-30 22:00:00,162.41878169957747
2011-09-30 23:00:00,118.53081821643238
2011-10-20 00:00:00,25.319195845114415
2011-10-20 01:00:00,14.677774654463533
2011-10-20 02:00:00,7.161871404033667
2011-10-20 03:00:00,5.472340652889026
2011-10-20 04:00:00,6.044483751439267
2011-10-20 05:00:00,25.043546855883367
2011-10-20 06:00:00,127.11468736852657
2011-10-20 07:00:00,410.48329775468164
2011-10-20 08:00:00,652.2606682120365
2011-10-20 09:00:00,279.0195137969233
2011-10-20 10:00:00,176.35593833669378
2011-10-20 11:00:00,194.18109023793323
2011-10-20 12:00:00,243.31223479665476
2011-10-20 13:00:00,197.65939315547047
2011-10-20 14:00:00,172.19625662042526
2011-10-20 15:00:00,175.22793119070153
2011-10-20 16:00:00,269.4551677019016
2011-10-20 17:00:00,427.1093731337765
2011-10-20 18:00:00,423.9016209294721
2011-10-20 19:00:00,379.1317695614715
2011-10-20 20:00:00,242.4894149174722
2011-10-20 21:00:00,210.69102401087045
2011-10-20 22:00:00,161.22741479834036
2011-10-20 23:00:00,112.95593485229749
2011-10-21 00:00:00,65.62305603176947
2011-10-21 01:00:00,28.948738605951018
2011-10-21 02:00:00,14.01082774017004
2011-10-21 03:00:00,6.557746203605852
2011-10-21 04:00:00,6.895532663148894
2011-10-21 05:00:00,27.915332992698318
2011-10-21 06:00:00,133.77061350975524
2011-10-21 07:00:00,368.85336491206306
2011-10-21 08:00:00,624.2846297560862
2011-10-21 09:00:00,313.65186021889207
2011-10-21 10:00:00,183.19050100749826
2011-10-21 11:00:00,216.43120404100313
2011-10-21 12:00:00,253.97597024283505
2011-10-21 13:00:00,240.25320847599002
2011-10-21 14:00:00,235.8499824927913
2011-10-21 15:00:00,243.20586593508423
2011-10-21 16:00:00,364.9839733177563
2011-10-21 17:00:00,521.7148153800028
2011-10-21 18:00:00,454.56884022980086
2011-10-21 19:00:00,337.20055738272004
2011-10-21 20:00:00,257.2464488646932
2011-10-21 21:00:00,206.80099493078552
2011-10-21 22:00:00,187.63799968189954
2011-10-21 23:00:00,124.73441559030262
2011-10-22 00:00:00,115.69930170636997
2011-10-22 01:00:00,91.90275448079377
2011-10-22 02:00:00,58.39140940590061
2011-10-22 03:00:00,30.44148127098994
2011-10-22 04:00:00,9.791359279778698
2011-10-22 05:00:00,7.77022093314881
2011-10-22 06:00:00,24.561011478280964
2011-10-22 07:00:00,54.65645456676367
2011-10-22 08:00:00,130.99085704292378
2011-10-22 09:00:00,215.20121556329525
2011-10-22 10:00:00,320.57819244754984
2011-10-22 11:00:00,366.2225483457677
2011-10-22 12:00:00,439.9018176465042
2011-10-22 13:00:00,507.40894687778524
2011-10-22 14:00:00,448.5025391007528
2011-10-22 15:00:00,433.27177157799304
2011-10-22 16:00:00,471.54668016298683
2011-10-22 17:00:00,340.4663686408552
2011-10-22 18:00:00,314.7207475739514
2011-10-22 19:00:00,220.74726965195197
2011-10-22 20:00:00,173.58216668836212
2011-10-22 21:00:00,146.3407283863507
2011-10-22 22:00:00,132.4452108643755
2011-10-22 23:00:00,105.01363217831816
2011-10-23 00:00:00,95.57593496868547
2011-10-23 01:00:00,73.55625591805396
2011-10-23 02:00:00,61.18498676338345
2011-10-23 03:00:00,26.76224144296111
2011-10-23 04:00:00,9.511965645681208
2011-10-23 05:00:00,7.657504291074346
2011-10-23 06:00:00,16.12712242699864
2011-10-23 07:00:00,51.19046387208645
2011-10-23 08:00:00,106.14773916184214
2011-10-23 09:00:00,146.9112964009191
2011-10-23 10:00:00,284.269016867118
2011-10-23 11:00:00,313.5189045343855
2011-10-23 12:00:00,415.2358794174296
2011-10-23 13:00:00,420.5537013994515
2011-10-23 14:00:00,397.3341835253881
2011-10-23 15:00:00,414.98130308144715
2011-10-23 16:00:00,435.5251858706887
2011-10-23 17:00:00,365.64798296426693
2011-10-23 18:00:00,308.48870576092816
2011-10-23 19:00:00,215.07720166792726
2011-10-23 20:00:00,175.1818360300442
2011-10-23 21:00:00,139.72025379621297
2011-10-23 22:00:00,114.89284877132467
2011-10-23 23:00:00,79.25577178499648
2011-10-24 00:00:00,36.83790424354103
2011-10-24 01:00:00,12.177422645129967
2011-10-24 02:00:00,7.131470833784016
2011-10-24 03:00:00,4.186799574208359
2011-10-24 04:00:00,6.301583559733236
2011-10-24 05:00:00,32.354653502155266
2011-10-24 06:00:00,136.41032930709247
2011-10-24 07:00:00,314.5887810845367
2011-10-24 08:00:00,634.1250514358759
2011-10-24 09:00:00,295.6957787770719
2011-10-24 10:00:00,159.14808852001661
2011-10-24 11:00:00,183.75813881816168
2011-10-24 12:00:00,216.30867859319616
2011-10-24 13:00:00,242.5762135544892
2011-10-24 14:00:00,222.69522065021366
2011-10-24 15:00:00,237.41067120945027
2011-10-24 16:00:00,359.1402727619949
2011-10-24 17:00:00,582.6147008582519
2011-10-24 18:00:00,571.0631934651199
2011-10-24 19:00:00,284.7305739278469
2011-10-24 20:00:00,247.3481814465161
2011-10-24 21:00:00,182.55749700750985
2011-10-24 22:00:00,140.2431724451741
2011-10-24 23:00:00,76.58739548480365
2011-10-25 00:00:00,30.54201229831938
2011-10-25 01:00:00,13.010543727566073
2011-10-25 02:00:00,4.70336564065689
2011-10-25 03:00:00,4.229755596568785
2011-10-25 04:00:00,6.1083820963248385
2011-10-25 05:00:00,31.146367310894835
2011-10-25 06:00:00,141.79808772673408
2011-10-25 07:00:00,280.3788324887863
2011-10-25 08:00:00,585.3470101418734
2011-10-25 09:00:00,308.50576726228854
2011-10-25 10:00:00,176.8960356861013
2011-10-25 11:00:00,197.34991638107496
2011-10-25 12:00:00,233.31032782995294
2011-10-25 13:00:00,233.04618709577198
2011-10-25 14:00:00,229.2863244825793
2011-10-25 15:00:00,215.2349192506274
2011-10-25 16:00:00,342.7429993196547
2011-10-25 17:00:00,593.746682283389
2011-10-25 18:00:00,561.4682971010474
2011-10-25 19:00:00,395.96676236097846
2011-10-25 20:00:00,239.5739940674564
2011-10-25 21:00:00,183.53955557845825
2011-10-25 22:00:00,138.60892290395645
2011-10-25 23:00:00,88.67760794707169
2011-10-26 00:00:00,38.965708741005024
2011-10-26 01:00:00,14.121724081493253
2011-10-26 02:00:00,6.197547531120143
2011-10-26 03:00:00,4.659988621982887
2011-10-26 04:00:00,5.642824327189043
2011-10-26 05:00:00,30.55587156181775
2011-10-26 06:00:00,132.87029008167332
2011-10-26 07:00:00,397.7620292087037
2011-10-26 08:00:00,599.6829687771583
2011-10-26 09:00:00,334.0317189220095
2011-10-26 10:00:00,176.9516045559939
2011-10-26 11:00:00,200.2182984593166
2011-10-26 12:00:00,199.82793666734673
2011-10-26 13:00:00,152.07716474117268
2011-10-26 14:00:00,181.46880528041214
2011-10-26 15:00:00,191.77934583463863
2011-10-26 16:00:00,295.97495057286
2011-10-26 17:00:00,526.5148738487654
2011-10-26 18:00:00,572.54760837241
2011-10-26 19:00:00,347.20938435737423
2011-10-26 20:00:00,208.0847069184705
2011-10-26 21:00:00,211.82598429279176
2011-10-26 22:00:00,130.98476774699623
2011-10-26 23:00:00,79.27762195106325
2011-10-27 00:00:00,29.074157130737436
2011-10-27 01:00:00,14.021909761922839
2011-10-27 02:00:00,6.682359464286546
2011-10-27 03:00:00,3.889520813685421
2011-10-27 04:00:00,4.690011221503523
2011-10-27 05:00:00,20.353492659064177
2011-10-27 06:00:00,89.79481928139587
2011-10-27 07:00:00,297.0467245363039
2011-10-27 08:00:00,285.54815303691385
2011-10-27 09:00:00,287.1928422397638
2011-10-27 10:00:00,79.53037184584622
2011-10-27 11:00:00,101.28683616523293
2011-10-27 12:00:00,119.24680595913833
2011-10-27 13:00:00,181.28005761447378
2011-10-27 14:00:00,144.09454630648526
2011-10-27 15:00:00,165.5333415096942
2011-10-27 16:00:00,311.09723843865964
2011-10-27 17:00:00,403.11848021130197
2011-10-27 18:00:00,406.9563559277865
2011-10-27 19:00:00,274.0031141405656
2011-10-27 20:00:00,251.90116963523295
2011-10-27 21:00:00,225.10858113027248
2011-10-27 22:00:00,125.33012505139975
2011-10-27 23:00:00,100.19307530198309
2011-10-28 00:00:00,51.97683055825948
2011-10-28 01:00:00,23.481726797723777
2011-10-28 02:00:00,9.406073597319946
2011-10-28 03:00:00,4.273740888069679
2011-10-28 04:00:00,5.81072889822764
2011-10-28 05:00:00,37.69332344798355
2011-10-28 06:00:00,122.48645515399743
2011-10-28 07:00:00,329.43747337636927
2011-10-28 08:00:00,528.8987239393532
2011-10-28 09:00:00,313.6610586650492
2011-10-28 10:00:00,161.60297046364224
2011-10-28 11:00:00,206.9968726126934
2011-10-28 12:00:00,271.0279200533482
2011-10-28 13:00:00,256.156844192688
2011-10-28 14:00:00,218.43551008098189
2011-10-28 15:00:00,222.8451576574776
2011-10-28 16:00:00,330.1656252663504
2011-10-28 17:00:00,500.5573151084239
2011-10-28 18:00:00,476.25426524699066
2011-10-28 19:00:00,321.5249462885618
2011-10-28 20:00:00,114.28988585754749
2011-10-28 21:00:00,84.37295901092708
2011-10-28 22:00:00,66.34576293948383
2011-10-28 23:00:00,42.788419185654
2011-10-29 00:00:00,47.55431276700531
2011-10-29 01:00:00,39.92986307327184
2011-10-29 02:00:00,32.780042820027866
2011-10-29 03:00:00,12.530225660967064
2011-10-29 04:00:00,4.277173292389585
2011-10-29 05:00:00,3.533077883451571
2011-10-29 06:00:00,8.537925049190573
2011-10-29 07:00:00,20.135386851361908
2011-10-29 08:00:00,54.21362228835196
2011-10-29 09:00:00,88.00799568433996
2011-10-29 10:00:00,118.85718496040396
2011-10-29 11:00:00,108.30980124617189
2011-10-29 12:00:00,57.20185873929461
2011-10-29 13:00:00,43.18283398833601
2011-10-29 14:00:00,83.99296205721527
2011-10-29 15:00:00,134.1272258562598
2011-10-29 16:00:00,109.77687399075276
2011-10-29 17:00:00,111.3219815072133
2011-10-29 18:00:00,92.25201705717258
2011-10-29 19:00:00,122.80227616661323
2011-10-29 20:00:00,101.20516719611156
2011-10-29 21:00:00,82.75710020021089
2011-10-29 22:00:00,90.89720807815263
2011-10-29 23:00:00,78.50809119307469
2011-10-30 00:00:00,72.40667490047952
2011-10-30 01:00:00,58.68326106878745
2011-10-30 02:00:00,34.66482439121357
2011-10-30 03:00:00,12.688421083738474
2011-10-30 04:00:00,4.121348519643124
2011-10-30 05:00:00,3.7631975874805543
2011-10-30 06:00:00,10.78195934083684
2011-10-30 07:00:00,29.70826490720765
2011-10-30 08:00:00,81.26697819660535
2011-10-30 09:00:00,147.33852543533797
2011-10-30 10:00:00,260.8054993252481
2011-10-30 11:00:00,326.5553500598593
2011-10-30 12:00:00,407.0151070041274
2011-10-30 13:00:00,422.33175699694584
2011-10-30 14:00:00,405.40532913239
2011-10-30 15:00:00,412.1966430336388
2011-10-30 16:00:00,378.55505869234673
2011-10-30 17:00:00,290.48484466407325
2011-10-30 18:00:00,241.41569839914416
2011-10-30 19:00:00,287.95966527517317
2011-10-30 20:00:00,137.9365632534858
2011-10-30 21:00:00,101.29624062875443
2011-10-30 22:00:00,82.29739607059147
2011-10-30 23:00:00,48.11895450299412
2011-10-31 00:00:00,16.534422984308026
2011-10-31 01:00:00,7.46126884489753
2011-10-31 02:00:00,3.7198052386021603
2011-10-31 03:00:00,3.946354175705609
2011-10-31 04:00:00,4.116231362862338
2011-10-31 05:00:00,13.683061610614649
2011-10-31 06:00:00,71.02744036573223
2011-10-31 07:00:00,199.38214402550489
2011-10-31 08:00:00,447.04451992421633
2011-10-31 09:00:00,235.17903169649193
2011-10-31 10:00:00,154.53802454241972
2011-10-31 11:00:00,162.65989859150415
2011-10-31 12:00:00,234.9876732704281
2011-10-31 13:00:00,236.1066917847055
2011-10-31 14:00:00,198.06481719603215
2011-10-31 15:00:00,207.66317328183305
2011-10-31 16:00:00,328.2823610108853
2011-10-31 17:00:00,546.0330594744921
2011-10-31 18:00:00,383.4059839961119
2011-10-31 19:00:00,274.6588073184189
2011-10-31 20:00:00,204.86159608924524
2011-10-31 21:00:00,139.04047833775974
2011-10-31 22:00:00,101.22647082833585
2011-10-31 23:00:00,55.7668347518543
2011-11-20 00:00:00,110.01470028301185
2011-11-20 01:00:00,81.8840797813908
2011-11-20 02:00:00,52.048201632729295
2011-11-20 03:00:00,19.341853589452064
2011-11-20 04:00:00,7.957315402670683
2011-11-20 05:00:00,7.516373394750652
2011-11-20 06:00:00,15.606061896724695
2011-11-20 07:00:00,53.51405581983363
2011-11-20 08:00:00,90.60514705528513
2011-11-20 09:00:00,195.12551838233043
2011-11-20 10:00:00,271.2566699961767
2011-11-20 11:00:00,324.39874725355475
2011-11-20 12:00:00,402.04950487807866
2011-11-20 13:00:00,443.917204592336
2011-11-20 14:00:00,419.82285365812083
2011-11-20 15:00:00,390.4603424512751
2011-11-20 16:00:00,437.82146582136915
2011-11-20 17:00:00,391.4670979488073
2011-11-20 18:00:00,357.3573460244042
2011-11-20 19:00:00,231.29759281851688
2011-11-20 20:00:00,194.53120820823708
2011-11-20 21:00:00,158.4712345566729
2011-11-20 22:00:00,83.34987607557858
2011-11-20 23:00:00,60.89830986478791
2011-11-21 00:00:00,27.28080072134601
2011-11-21 01:00:00,12.100802158545397
2011-11-21 02:00:00,7.973205878909842
2011-11-21 03:00:00,4.40188172335181
2011-11-21 04:00:00,5.13734559567047
2011-11-21 05:00:00,25.645191031823607
2011-11-21 06:00:00,98.42594806076029
2011-11-21 07:00:00,290.83308152747827
2011-11-21 08:00:00,483.80085561270323
2011-11-21 09:00:00,238.1581720081443
2011-11-21 10:00:00,143.09395163964544
2011-11-21 11:00:00,156.99435052756317
2011-11-21 12:00:00,220.07430433368756
2011-11-21 13:00:00,213.81442095618578
2011-11-21 14:00:00,179.69757699733
2011-11-21 15:00:00,129.84246071122257
2011-11-21 16:00:00,185.08560442962758
2011-11-21 17:00:00,252.0604575625777
2011-11-21 18:00:00,321.7486053209437
2011-11-21 19:00:00,230.4202450725595
2011-11-21 20:00:00,162.9815943283439
2011-11-21 21:00:00,125.30173976473455
2011-11-21 22:00:00,93.30443269002267
2011-11-21 23:00:00,51.01048059630303
2011-11-22 00:00:00,14.799981977013948
2011-11-22 01:00:00,8.855617892156289
2011-11-22 02:00:00,4.517273143241926
2011-11-22 03:00:00,3.3609649007797557
2011-11-22 04:00:00,4.91847680602847
2011-11-22 05:00:00,21.834365976756906
2011-11-22 06:00:00,115.32941267910557
2011-11-22 07:00:00,171.82923163661147
2011-11-22 08:00:00,257.8752005258916
2011-11-22 09:00:00,138.2866824382772
2011-11-22 10:00:00,69.75768642698684
2011-11-22 11:00:00,82.4688965962836
2011-11-22 12:00:00,76.12241868840223
2011-11-22 13:00:00,66.89670166149402
2011-11-22 14:00:00,60.638959460842734
2011-11-22 15:00:00,79.86365774083612
2011-11-22 16:00:00,113.52864332728059
2011-11-22 17:00:00,174.6680646076819
2011-11-22 18:00:00,207.86489327732698
2011-11-22 19:00:00,198.25276873621843
2011-11-22 20:00:00,207.23915749928574
2011-11-22 21:00:00,156.66279036831597
2011-11-22 22:00:00,118.63647009375298
2011-11-22 23:00:00,76.3878930742021
2011-11-23 00:00:00,26.71381492458215
2011-11-23 01:00:00,8.983387329734992
2011-11-23 02:00:00,4.432753761389619
2011-11-23 03:00:00,2.8088446162545946
2011-11-23 04:00:00,3.9072877327292304
2011-11-23 05:00:00,17.774954163856712
2011-11-23 06:00:00,62.754270903315664
2011-11-23 07:00:00,156.8246093677903
2011-11-23 08:00:00,426.62148683145125
2011-11-23 09:00:00,224.47578844583194
2011-11-23 10:00:00,118.17139374644947
2011-11-23 11:00:00,159.91584162357793
2011-11-23 12:00:00,208.00523022548265
2011-11-23 13:00:00,171.80877081142143
2011-11-23 14:00:00,192.90342280713298
2011-11-23 15:00:00,178.31731242086934
2011-11-23 16:00:00,239.55147107408854
2011-11-23 17:00:00,285.929995334296
2011-11-23 18:00:00,422.2879152814252
2011-11-23 19:00:00,353.0126088439292
2011-11-23 20:00:00,261.43738609107413
2011-11-23 21:00:00,166.6680898637294
2011-11-23 22:00:00,124.52440652032655
2011-11-23 23:00:00,86.62561702253791
2011-11-24 00:00:00,67.8896804551797
2011-11-24 01:00:00,32.5163457352209
2011-11-24 02:00:00,23.471867219256882
2011-11-24 03:00:00,12.058421994370638
2011-11-24 04:00:00,10.416710361401009
2011-11-24 05:00:00,13.069697354111826
2011-11-24 06:00:00,38.25045994476549
2011-11-24 07:00:00,94.34080478437674
2011-11-24 08:00:00,195.41911326105455
2011-11-24 09:00:00,284.0968010917433
2011-11-24 10:00:00,298.9199573255592
2011-11-24 11:00:00,326.34937928901707
2011-11-24 12:00:00,431.7954358632725
2011-11-24 13:00:00,397.07904183857033
2011-11-24 14:00:00,373.77505382360687
2011-11-24 15:00:00,371.78955974703115
2011-11-24 16:00:00,388.0272080868944
2011-11-24 17:00:00,438.0510178049376
2011-11-24 18:00:00,291.631086819229
2011-11-24 19:00:00,238.84237852893287
2011-11-24 20:00:00,178.82022441795831
2011-11-24 21:00:00,151.89112650396785
2011-11-24 22:00:00,129.0878286962396
2011-11-24 23:00:00,72.18711777425507
2011-11-25 00:00:00,52.14957436142734
2011-11-25 01:00:00,22.752109266268437
2011-11-25 02:00:00,10.25723847571161
2011-11-25 03:00:00,5.463614124262374
2011-11-25 04:00:00,7.130155076147575
2011-11-25 05:00:00,28.25569059505951
2011-11-25 06:00:00,106.73949263334485
2011-11-25 07:00:00,278.1053654239558
2011-11-25 08:00:00,527.7820290488753
2011-11-25 09:00:00,264.5922103751082
2011-11-25 10:00:00,169.9055557736227
2011-11-25 11:00:00,185.35697095983863
2011-11-25 12:00:00,243.12292637804023
2011-11-25 13:00:00,250.92602126686242
2011-11-25 14:00:00,255.96154961948326
2011-11-25 15:00:00,276.9462945780481
2011-11-25 16:00:00,408.78589648406444
2011-11-25 17:00:00,600.5645927612769
2011-11-25 18:00:00,522.472995839737
2011-11-25 19:00:00,307.4029773357365
2011-11-25 20:00:00,253.9332695004957
2011-11-25 21:00:00,165.1788972318441
2011-11-25 22:00:00,154.41214797650753
2011-11-25 23:00:00,124.85718062640655
2011-11-26 00:00:00,122.16034253585254
2011-11-26 01:00:00,98.81580652219111
2011-11-26 02:00:00,59.80895873751081
2011-11-26 03:00:00,27.191766478994108
2011-11-26 04:00:00,8.992712800249713
2011-11-26 05:00:00,7.740976339494894
2011-11-26 06:00:00,19.740052064213334
2011-11-26 07:00:00,50.54014074095313
2011-11-26 08:00:00,107.79199633309902
2011-11-26 09:00:00,173.4242640775399
2011-11-26 10:00:00,307.330841580507
2011-11-26 11:00:00,390.2746865926243
2011-11-26 12:00:00,451.41467200983686
2011-11-26 13:00:00,549.3619291291398
2011-11-26 14:00:00,446.57177201798686
2011-11-26 15:00:00,484.8631761472107
2011-11-26 16:00:00,425.11368594719966
2011-11-26 17:00:00,346.46144129364563
2011-11-26 18:00:00,260.267423385091
2011-11-26 19:00:00,214.90776296249467
2011-11-26 20:00:00,184.7157735353789
2011-11-26 21:00:00,135.4294447967413
2011-11-26 22:00:00,141.10962229564848
2011-11-26 23:00:00,98.83834179298047
2011-11-27 00:00:00,102.93633047834042
2011-11-27 01:00:00,81.71607163837243
2011-11-27 02:00:00,55.91726185893016
2011-11-27 03:00:00,26.76224144296111
2011-11-27 04:00:00,10.314654433450642
2011-11-27 05:00:00,8.173511495961247
2011-11-27 06:00:00,18.416313844840072
2011-11-27 07:00:00,48.35419169157203
2011-11-27 08:00:00,99.08689130108746
2011-11-27 09:00:00,184.11483166781474
2011-11-27 10:00:00,251.91129742458824
2011-11-27 11:00:00,305.75733286960997
2011-11-27 12:00:00,472.10238163142435
2011-11-27 13:00:00,470.7020945221799
2011-11-27 14:00:00,471.26041452225616
2011-11-27 15:00:00,494.46668113755646
2011-11-27 16:00:00,462.63852790501124
2011-11-27 17:00:00,438.43122451501114
2011-11-27 18:00:00,324.3646275550547
2011-11-27 19:00:00,237.5809129120761
2011-11-27 20:00:00,191.03689495578448
2011-11-27 21:00:00,142.39684337189803
2011-11-27 22:00:00,114.45884764759253
2011-11-27 23:00:00,76.53110067601044
2011-11-28 00:00:00,41.162543072360336
2011-11-28 01:00:00,16.604887105833047
2011-11-28 03:00:00,5.2636022212720475
2011-11-28 04:00:00,6.968769798522891
2011-11-28 05:00:00,31.824083572746456
2011-11-28 06:00:00,123.53613007526624
2011-11-28 07:00:00,337.5554655566744
2011-11-28 08:00:00,500.43097907520144
2011-11-28 09:00:00,286.52792641431824
2011-11-28 10:00:00,166.5005668801021
2011-11-28 11:00:00,177.6958398321484
2011-11-28 12:00:00,237.7391732005634
2011-11-28 13:00:00,226.72716234702878
2011-11-28 14:00:00,223.6065177038512
2011-11-28 15:00:00,248.08835587398357
2011-11-28 16:00:00,357.9019545072651
2011-11-28 17:00:00,640.5932825274185
2011-11-28 18:00:00,625.0478586845186
2011-11-28 19:00:00,482.2003714643256
2011-11-28 20:00:00,322.1215667544702
2011-11-28 21:00:00,222.89470318060833
2011-11-28 22:00:00,127.94343369698294
2011-11-28 23:00:00,66.45760579328464
2011-11-29 00:00:00,27.92260368389465
2011-11-29 01:00:00,13.237683129801102
2011-11-29 02:00:00,4.336784391173691
2011-11-29 03:00:00,4.133732913535746
2011-11-29 04:00:00,5.372600109763194
2011-11-29 05:00:00,27.982170519718927
2011-11-29 06:00:00,124.3569014362735
2011-11-29 07:00:00,404.398736961162
2011-11-29 08:00:00,517.5775012520446
2011-11-29 09:00:00,218.74948321735826
2011-11-29 10:00:00,126.87980878100419
2011-11-29 11:00:00,74.63131286196133
2011-11-29 12:00:00,103.65765883822465
2011-11-29 13:00:00,86.36275849069762
2011-11-29 14:00:00,82.0310972722283
2011-11-29 15:00:00,85.66338357795638
2011-11-29 16:00:00,132.66097307827843
2011-11-29 17:00:00,352.43019895662025
2011-11-29 18:00:00,326.40221822521715
2011-11-29 19:00:00,203.4428749908857
2011-11-29 20:00:00,188.22645925080292
2011-11-29 21:00:00,140.74128732111456
2011-11-29 22:00:00,113.91007181893116
2011-11-29 23:00:00,76.46687949455932
2011-11-30 00:00:00,46.1781557865108
2011-11-30 01:00:00,13.70713227525465
2011-11-30 02:00:00,5.362199189593271
2011-11-30 03:00:00,4.101997420867536
2011-11-30 04:00:00,5.96324473464599
2011-11-30 05:00:00,33.18800359419293
2011-11-30 06:00:00,101.84858381891961
2011-11-30 07:00:00,350.75491383758333
2011-11-30 08:00:00,639.5544650048744
2011-11-30 09:00:00,277.16512519055595
2011-11-30 10:00:00,143.57885931192297
2011-11-30 11:00:00,184.88975647372772
2011-11-30 12:00:00,201.6658370998886
2011-11-30 13:00:00,225.4053300504596
2011-11-30 14:00:00,196.43245009724095
2011-11-30 15:00:00,202.95188070883734
2011-11-30 16:00:00,275.8323338853033
2011-11-30 17:00:00,466.55806308940043
2011-11-30 18:00:00,440.04059389104253
2011-11-30 19:00:00,319.5976565121506
2011-11-30 20:00:00,236.17671417495188
2011-11-30 21:00:00,168.37978622328507
2011-11-30 22:00:00,138.4429910745921
2011-11-30 23:00:00,67.38033408579918
2011-12-20 00:00:00,30.375365593855985
2011-12-20 01:00:00,11.850035903407878
2011-12-20 02:00:00,4.676784793994848
2011-12-20 03:00:00,4.573969093126324
2011-12-20 04:00:00,7.994135121412636
2011-12-20 05:00:00,33.58792381171002
2011-12-20 06:00:00,141.90305815305845
2011-12-20 07:00:00,391.3725934634351
2011-12-20 08:00:00,612.3497590603487
2011-12-20 09:00:00,274.63647536167196
2011-12-20 10:00:00,164.31842835568966
2011-12-20 11:00:00,175.33281572036077
2011-12-20 12:00:00,213.52019586278251
2011-12-20 13:00:00,204.97373727953948
2011-12-20 14:00:00,183.61929634829022
2011-12-20 15:00:00,190.73851628684963
2011-12-20 16:00:00,278.49208105773295
2011-12-20 17:00:00,537.6955866218766
2011-12-20 18:00:00,443.16628247901787
2011-12-20 19:00:00,291.53090066961386
2011-12-20 20:00:00,189.4899111516611
2011-12-20 21:00:00,140.05442269391972
2011-12-20 22:00:00,111.45579143441127
2011-12-20 23:00:00,88.46770544571154
2011-12-21 00:00:00,18.938639360298925
2011-12-21 01:00:00,7.19318133576412
2011-12-21 02:00:00,3.947668471653782
2011-12-21 03:00:00,3.283824420411706
2011-12-21 04:00:00,2.842056674095188
2011-12-21 05:00:00,19.922406858749614
2011-12-21 06:00:00,76.22563258061238
2011-12-21 07:00:00,185.03384483500488
2011-12-21 08:00:00,192.28679975137257
2011-12-21 09:00:00,173.03936739377158
2011-12-21 10:00:00,86.93700383313625
2011-12-21 11:00:00,83.93244997807844
2011-12-21 12:00:00,47.69594931655384
2011-12-21 13:00:00,23.0555659297617
2011-12-21 14:00:00,67.13518794303928
2011-12-21 15:00:00,68.3262273047022
2011-12-21 16:00:00,18.279244175538643
2011-12-21 17:00:00,38.76285854212463
2011-12-21 18:00:00,74.00118157452455
2011-12-21 19:00:00,120.07268696341322
2011-12-21 20:00:00,78.54540310560668
2011-12-21 21:00:00,136.09262802231717
2011-12-21 22:00:00,124.9893104568038
2011-12-21 23:00:00,80.99373858785283
2011-12-22 00:00:00,38.13802173056435
2011-12-22 01:00:00,11.810314114637741
2011-12-22 02:00:00,9.904709494071895
2011-12-22 03:00:00,4.298519363357456
2011-12-22 04:00:00,4.0806424052952135
2011-12-22 05:00:00,22.656977466371384
2011-12-22 06:00:00,102.78808725780829
2011-12-22 07:00:00,213.36172594562765
2011-12-22 08:00:00,513.0753657122063
2011-12-22 09:00:00,260.65522313580817
2011-12-22 10:00:00,109.31266980848453
2011-12-22 11:00:00,139.09842989961217
2011-12-22 12:00:00,159.26545980838725
2011-12-22 13:00:00,162.58163461705763
2011-12-22 14:00:00,144.19469615465087
2011-12-22 15:00:00,156.59071133402804
2011-12-22 16:00:00,229.47040992514167
2011-12-22 17:00:00,348.8895923312103
2011-12-22 18:00:00,373.45448945501124
2011-12-22 19:00:00,281.19565410543623
2011-12-22 20:00:00,125.75646800694572
2011-12-22 21:00:00,96.07402276360911
2011-12-22 22:00:00,84.07766823591771
2011-12-22 23:00:00,62.77704363298434
2011-12-23 00:00:00,23.29866039868118
2011-12-23 01:00:00,12.373893311723082
2011-12-23 02:00:00,7.233220952233283
2011-12-23 03:00:00,3.2094756388009165
2011-12-23 04:00:00,1.4661050430084352
2011-12-23 05:00:00,12.966186589177498
2011-12-23 06:00:00,77.32018885895977
2011-12-23 07:00:00,205.74343901339648
2011-12-23 08:00:00,250.0610780442785
2011-12-23 09:00:00,178.86938237992123
2011-12-23 10:00:00,102.55109931949634
2011-12-23 11:00:00,114.04334451785884
2011-12-23 12:00:00,193.5259486249548
2011-12-23 13:00:00,152.52160818098073
2011-12-23 14:00:00,138.90396361523588
2011-12-23 15:00:00,135.41500075726915
2011-12-23 16:00:00,180.11643246452778
2011-12-23 17:00:00,294.87282382232115
2011-12-23 18:00:00,256.80755128528284
2011-12-23 19:00:00,191.18785727028865
2011-12-23 20:00:00,107.44164815137572
2011-12-23 21:00:00,78.75588462415224
2011-12-23 22:00:00,76.22813111485465
2011-12-23 23:00:00,67.26725955422208
2011-12-24 00:00:00,49.81671071648396
2011-12-24 01:00:00,33.30091783436166
2011-12-24 02:00:00,30.90413932902084
2011-12-24 03:00:00,15.559696020471481
2011-12-24 04:00:00,3.9539366762148016
2011-12-24 05:00:00,2.8372713815990873
2011-12-24 06:00:00,7.062696257083106
2011-12-24 07:00:00,20.275626132050462
2011-12-24 08:00:00,58.35938028693676
2011-12-24 09:00:00,90.53679716722775
2011-12-24 10:00:00,145.20782384949072
2011-12-24 11:00:00,154.06027604113163
2011-12-24 12:00:00,213.28626829951546
2011-12-24 13:00:00,205.37790259412853
2011-12-24 14:00:00,194.24177074436636
2011-12-24 15:00:00,200.92980604307556
2011-12-24 16:00:00,181.36015825493683
2011-12-24 17:00:00,115.31711328013553
2011-12-24 18:00:00,121.03842635949414
2011-12-24 19:00:00,93.08063824857503
2011-12-24 20:00:00,58.42718033169124
2011-12-24 21:00:00,59.41505787368489
2011-12-24 22:00:00,49.15731662558448
2011-12-24 23:00:00,42.565149265670506
2011-12-25 00:00:00,43.59729758767633
2011-12-25 01:00:00,31.012905986739153
2011-12-25 02:00:00,27.515667040150287
2011-12-25 03:00:00,12.09346477795307
2011-12-25 05:00:00,3.597836628501579
2011-12-25 06:00:00,6.626967420382328
2011-12-25 07:00:00,19.941779594125567
2011-12-25 08:00:00,45.677108184484986
2011-12-25 09:00:00,87.52022607550828
2011-12-25 10:00:00,113.28688247368436
2011-12-25 11:00:00,155.32884801488845
2011-12-25 12:00:00,143.67801426217127
2011-12-25 13:00:00,181.1281546379734
2011-12-25 14:00:00,172.82453125925628
2011-12-25 15:00:00,177.66013290011307
2011-12-25 16:00:00,176.29608505447428
2011-12-25 17:00:00,169.13153569283517
2011-12-25 18:00:00,119.1430648682006
2011-12-25 19:00:00,112.94829463571656
2011-12-25 20:00:00,84.71299080343252
2011-12-25 21:00:00,61.54710826856157
2011-12-25 22:00:00,52.89472512979764
2011-12-25 23:00:00,31.192715587613964
2011-12-26 00:00:00,21.98806289240122
2011-12-26 01:00:00,18.19470475460274
2011-12-26 02:00:00,12.07284752198811
2011-12-26 04:00:00,2.6114997628909147
2011-12-26 05:00:00,5.196112644222388
2011-12-26 06:00:00,12.34069743976926
2011-12-26 07:00:00,49.54771669069946
2011-12-26 08:00:00,125.99445704783922
2011-12-26 09:00:00,99.1221178977719
2011-12-26 10:00:00,144.78883237567672
2011-12-26 11:00:00,127.20636901179965
2011-12-26 12:00:00,155.82739291461314
2011-12-26 13:00:00,210.89290025858634
2011-12-26 14:00:00,196.29556235840218
2011-12-26 15:00:00,233.94081158077785
2011-12-26 16:00:00,194.45425659563716
2011-12-26 17:00:00,171.36905299952812
2011-12-26 18:00:00,109.28610038504132
2011-12-26 19:00:00,74.28567562594105
2011-12-26 20:00:00,66.60865107955559
2011-12-26 21:00:00,47.50016019684185
2011-12-26 22:00:00,43.74407575848212
2011-12-26 23:00:00,40.69790418513706
2011-12-27 00:00:00,11.321659462973736
2011-12-27 01:00:00,4.975968246569009
2011-12-27 02:00:00,2.739187141772628
2011-12-27 03:00:00,2.697888238513206
2011-12-27 04:00:00,2.473013704070333
2011-12-27 05:00:00,14.889064055989442
2011-12-27 06:00:00,69.70736950107403
2011-12-27 07:00:00,199.1795539162757
2011-12-27 08:00:00,340.85551860768703
2011-12-27 09:00:00,112.36120874885991
2011-12-27 10:00:00,76.70051516700484
2011-12-27 11:00:00,60.15047500518119
2011-12-27 12:00:00,54.786386036540975
2011-12-27 13:00:00,58.23787462307189
2011-12-27 14:00:00,46.70725221961845
2011-12-27 15:00:00,54.25878433835185
2011-12-27 16:00:00,69.74889466645536
2011-12-27 17:00:00,220.4222881558807
2011-12-27 18:00:00,220.57887103518573
2011-12-27 19:00:00,167.45850291826306
2011-12-27 20:00:00,99.89701790418451
2011-12-27 21:00:00,80.33446127567406
2011-12-27 22:00:00,62.096780320219
2011-12-27 23:00:00,37.307636944015385
2011-12-28 00:00:00,15.956268051193659
2011-12-28 01:00:00,8.33300463898181
2011-12-28 02:00:00,3.4863863336587726
2011-12-28 03:00:00,2.6627811582418826
2011-12-28 05:00:00,16.606293238978502
2011-12-28 06:00:00,78.49923568938439
2011-12-28 07:00:00,206.52994070533663
2011-12-28 08:00:00,434.2502835561301
2011-12-28 09:00:00,188.2327837849083
2011-12-28 10:00:00,93.22833870201481
2011-12-28 11:00:00,99.79404867257509
2011-12-28 12:00:00,106.39367455826743
2011-12-28 13:00:00,111.10627303356594
2011-12-28 14:00:00,98.12793783753824
2011-12-28 15:00:00,103.96678250164535
2011-12-28 16:00:00,147.53816304162638
2011-12-28 17:00:00,227.86885659586784
2011-12-28 18:00:00,255.63721083401256
2011-12-28 19:00:00,173.05754945684282
2011-12-28 20:00:00,126.01922817851872
2011-12-28 21:00:00,70.08620934007293
2011-12-28 22:00:00,51.95937003545826
2011-12-28 23:00:00,29.32239271463674
2011-12-29 00:00:00,14.670266053793297
2011-12-29 01:00:00,6.008236218404918
2011-12-29 02:00:00,3.687363614560333
2011-12-29 03:00:00,1.8433386923422168
2011-12-29 04:00:00,1.9920919130753065
2011-12-29 05:00:00,10.977862551605194
2011-12-29 06:00:00,49.88938202273614
2011-12-29 07:00:00,143.19515784166686
2011-12-29 08:00:00,321.975879386168
2011-12-29 09:00:00,145.80264145707685
2011-12-29 10:00:00,71.87872366581975
2011-12-29 11:00:00,98.44942821536891
2011-12-29 12:00:00,122.58252399015795
2011-12-29 13:00:00,102.13316393529803
2011-12-29 14:00:00,92.53427441465334
2011-12-29 15:00:00,102.00230587026789
2011-12-29 16:00:00,138.6042968806304
2011-12-29 17:00:00,256.1455296873813
2011-12-29 18:00:00,241.0774503237165
2011-12-29 19:00:00,179.64185753758602
2011-12-29 20:00:00,104.63472085589018
2011-12-29 21:00:00,96.03668279217814
2011-12-29 22:00:00,70.61768644193673
2011-12-29 23:00:00,56.71000463173634
2011-12-30 00:00:00,33.5683490011305
2011-12-30 01:00:00,12.450451079007957
2011-12-30 02:00:00,8.74293459736972
2011-12-30 03:00:00,4.146916166902448
2011-12-30 04:00:00,2.982660363225577
2011-12-30 05:00:00,12.786505207286122
2011-12-30 06:00:00,61.03454647368567
2011-12-30 07:00:00,165.07376009651327
2011-12-30 08:00:00,366.75383544641164
2011-12-30 09:00:00,200.66100559055207
2011-12-30 10:00:00,84.3165703037468
2011-12-30 11:00:00,99.45064708347702
2011-12-30 12:00:00,139.54735717377122
2011-12-30 13:00:00,140.09514125612495
2011-12-30 14:00:00,144.33572067918152
2011-12-30 15:00:00,188.78667477530706
2011-12-30 16:00:00,238.65692886137558
2011-12-30 17:00:00,359.12522793690596
2011-12-30 18:00:00,274.065000950529
2011-12-30 19:00:00,160.28301804184025
2011-12-30 20:00:00,133.95207519752145
2011-12-30 21:00:00,95.36983143454937
2011-12-30 22:00:00,81.18743611107931
2011-12-30 23:00:00,54.1767741073936
2011-12-31 00:00:00,41.848567723514684
2011-12-31 01:00:00,32.01048911712034
2011-12-31 02:00:00,24.91477957215573
2011-12-31 03:00:00,10.730867266452918
2011-12-31 04:00:00,3.446938282931907
2011-12-31 05:00:00,2.3746957675317457
2011-12-31 06:00:00,10.705892926926078
2011-12-31 07:00:00,13.329172839304857
2011-12-31 08:00:00,75.44231832755197
2011-12-31 09:00:00,78.79801622206098
2011-12-31 10:00:00,109.46567354467246
2011-12-31 11:00:00,271.982222852446
2011-12-31 12:00:00,417.2241622007469
2011-12-31 13:00:00,304.6587897684135
2011-12-31 14:00:00,257.54166952246186
2011-12-31 15:00:00,238.9292138971174
2011-12-31 16:00:00,192.2094975216151
2011-12-31 17:00:00,237.99235880625514
2011-12-31 18:00:00,205.16762652959088
2011-12-31 19:00:00,155.24991979576112
2011-12-31 20:00:00,122.86392138080281
2011-12-31 21:00:00,87.85111427598824
2011-12-31 22:00:00,81.4577410542648
2011-12-31 23:00:00,55.07598211781012
2012-01-20 00:00:00,30.266717758685218
2012-01-20 01:00:00,11.299643115269083
2012-01-20 02:00:00,7.142548436150947
2012-01-20 03:00:00,3.7974353599312636
2012-01-20 04:00:00,3.6994512946145237
2012-01-20 05:00:00,16.620853563169966
2012-01-20 06:00:00,52.5234830825155
2012-01-20 07:00:00,123.77549181506195
2012-01-20 08:00:00,271.7880901705697
2012-01-20 09:00:00,160.47737689341153
2012-01-20 10:00:00,66.751945077925
2012-01-20 11:00:00,49.84951339120883
2012-01-20 12:00:00,59.127731974413145
2012-01-20 13:00:00,89.4393136573542
2012-01-20 14:00:00,68.87731811852615
2012-01-20 15:00:00,74.42263184148302
2012-01-20 16:00:00,95.35365365826745
2012-01-20 17:00:00,165.83357237719147
2012-01-20 18:00:00,157.05740195904113
2012-01-20 19:00:00,118.88972729394355
2012-01-20 20:00:00,79.67934927391819
2012-01-20 21:00:00,65.11870529089096
2012-01-20 22:00:00,43.06462739284738
2012-01-20 23:00:00,19.888392287342995
2012-01-21 00:00:00,31.74415375870701
2012-01-21 01:00:00,28.21403114115449
2012-01-21 02:00:00,11.488749754253545
2012-01-21 03:00:00,5.187797787352146
2012-01-21 04:00:00,1.796907761815672
2012-01-21 05:00:00,1.5946867535649836
2012-01-21 06:00:00,2.9121801013121336
2012-01-21 07:00:00,7.182488749546894
2012-01-21 08:00:00,27.630797152601065
2012-01-21 09:00:00,42.35364581016755
2012-01-21 10:00:00,37.392961745956526
2012-01-21 11:00:00,82.69277862632224
2012-01-21 12:00:00,93.15960159129229
2012-01-21 13:00:00,82.91902734850099
2012-01-21 14:00:00,60.16452808021791
2012-01-21 15:00:00,60.62522358797996
2012-01-21 16:00:00,60.81691007282624
2012-01-21 17:00:00,56.597338718730335
2012-01-21 18:00:00,59.548382602201976
2012-01-21 19:00:00,45.452734353180965
2012-01-21 20:00:00,35.46297184110011
2012-01-21 21:00:00,34.1678158746395
2012-01-21 22:00:00,33.91332347043842
2012-01-21 23:00:00,29.380320856450428
2012-01-22 00:00:00,32.70646724419057
2012-01-22 01:00:00,24.260186360797952
2012-01-22 02:00:00,20.8470346227201
2012-01-22 03:00:00,9.749036361428496
2012-01-22 04:00:00,2.373573216461827
2012-01-22 05:00:00,2.038608557954398
2012-01-22 06:00:00,4.045209868496371
2012-01-22 07:00:00,10.940497523196141
2012-01-22 08:00:00,29.01889051823685
2012-01-22 09:00:00,52.43891304042525
2012-01-22 10:00:00,75.38031056330074
2012-01-22 11:00:00,55.764948760548435
2012-01-22 12:00:00,90.92862277211776
2012-01-22 13:00:00,88.90830978957271
2012-01-22 14:00:00,82.520898705206
2012-01-22 15:00:00,84.8916594586836
2012-01-22 16:00:00,82.06522904505596
2012-01-22 17:00:00,76.29472092532541
2012-01-22 18:00:00,42.695395645315855
2012-01-22 19:00:00,37.73634951690497
2012-01-22 20:00:00,35.016798370799144
2012-01-22 21:00:00,24.42912896217702
2012-01-22 22:00:00,26.210075562613316
2012-01-22 23:00:00,23.12210317630233
2012-01-23 00:00:00,10.31879148985477
2012-01-23 01:00:00,7.063896803472478
2012-01-23 02:00:00,3.5359936649950714
2012-01-23 03:00:00,2.000039753275185
2012-01-23 04:00:00,2.5415907672146427
2012-01-23 05:00:00,10.52633120862607
2012-01-23 06:00:00,39.835606905494366
2012-01-23 07:00:00,77.28226343264048
2012-01-23 08:00:00,224.606093547064
2012-01-23 09:00:00,190.50993074441828
2012-01-23 10:00:00,78.59799545555782
2012-01-23 11:00:00,90.17366902776016
2012-01-23 12:00:00,80.28268737558011
2012-01-23 13:00:00,61.90343231456121
2012-01-23 14:00:00,55.880416475820034
2012-01-23 15:00:00,48.05047007947112
2012-01-23 16:00:00,119.7460032797976
2012-01-23 17:00:00,228.4497047721356
2012-01-23 18:00:00,221.00426922691207
2012-01-23 19:00:00,163.7163564316098
2012-01-23 20:00:00,103.06707167358151
2012-01-23 21:00:00,67.90530533171415
2012-01-23 22:00:00,49.31578721147127
2012-01-23 23:00:00,30.164174757437987
2012-01-24 00:00:00,7.027038379400012
2012-01-24 01:00:00,4.781588923302988
2012-01-24 02:00:00,2.9675225367593243
2012-01-24 03:00:00,2.029381934437011
2012-01-24 04:00:00,2.1472124284692606
2012-01-24 05:00:00,10.64967148392653
2012-01-24 06:00:00,40.45348220299985
2012-01-24 07:00:00,144.2177778337361
2012-01-24 08:00:00,271.88927741663434
2012-01-24 09:00:00,150.44095814004586
2012-01-24 10:00:00,58.75065863676613
2012-01-24 11:00:00,88.794090308182
2012-01-24 12:00:00,96.54816031766678
2012-01-24 13:00:00,93.06029112782365
2012-01-24 14:00:00,78.51521178374811
2012-01-24 15:00:00,106.72109667451508
2012-01-24 16:00:00,163.46360887899016
2012-01-24 17:00:00,363.53451186528616
2012-01-24 18:00:00,308.5401621428129
2012-01-24 19:00:00,284.5785821925208
2012-01-24 20:00:00,117.80307440601811
2012-01-24 21:00:00,95.4127230723397
2012-01-24 22:00:00,65.80050477799851
2012-01-24 23:00:00,46.55081308556677
2012-01-25 00:00:00,7.107480923189852
2012-01-25 01:00:00,7.960157742046872
2012-01-25 02:00:00,3.912609806767832
2012-01-25 03:00:00,2.5153436072986914
2012-01-25 04:00:00,1.6341259147836156
2012-01-25 05:00:00,11.02214042050165
2012-01-25 06:00:00,68.51041262910715
2012-01-25 07:00:00,169.1484465459292
2012-01-25 08:00:00,383.48744878448935
2012-01-25 09:00:00,193.73518420689322
2012-01-25 10:00:00,107.98622616698519
2012-01-25 11:00:00,111.1053235789665
2012-01-25 12:00:00,121.61592958147592
2012-01-25 13:00:00,124.03974640888313
2012-01-25 14:00:00,102.23399778549324
2012-01-25 15:00:00,112.18873216403118
2012-01-25 16:00:00,168.3853871837808
2012-01-25 17:00:00,296.01629103796904
2012-01-25 18:00:00,246.48072963403203
2012-01-25 19:00:00,170.19779870883093
2012-01-25 20:00:00,135.03125303385423
2012-01-25 21:00:00,83.21302520344054
2012-01-25 22:00:00,65.96466256774094
2012-01-25 23:00:00,37.39231537680638
2012-01-26 00:00:00,19.061610814824807
2012-01-26 01:00:00,8.653231887718793
2012-01-26 02:00:00,5.694609817029829
2012-01-26 03:00:00,2.8214997211594706
2012-01-26 04:00:00,3.2961518246818122
2012-01-26 05:00:00,15.01731320835801
2012-01-26 06:00:00,71.69628666672016
2012-01-26 07:00:00,206.49149813614648
2012-01-26 08:00:00,384.69800127393376
2012-01-26 09:00:00,174.33602216735764
2012-01-26 10:00:00,81.61293253003292
2012-01-26 11:00:00,90.50740604418716
2012-01-26 12:00:00,113.99093601577907
2012-01-26 13:00:00,122.9985067309572
2012-01-26 14:00:00,111.82069505308395
2012-01-26 15:00:00,141.18481503062088
2012-01-26 16:00:00,166.23060640027214
2012-01-26 17:00:00,382.83175956193196
2012-01-26 18:00:00,369.75472529065496
2012-01-26 19:00:00,219.45071500564015
2012-01-26 20:00:00,167.55478431055533
2012-01-26 21:00:00,126.89180018739093
2012-01-26 22:00:00,111.57773840596076
2012-01-26 23:00:00,68.61399427466498
2012-01-27 00:00:00,33.16241883276288
2012-01-27 01:00:00,15.935982275317485
2012-01-27 02:00:00,9.690873729492003
2012-01-27 03:00:00,2.4058546679084145
2012-01-27 04:00:00,1.2587783892227715
2012-01-27 05:00:00,10.330218021789836
2012-01-27 06:00:00,25.91753215028655
2012-01-27 07:00:00,68.99108178147662
2012-01-27 08:00:00,185.19992641781755
2012-01-27 09:00:00,97.00225961189024
2012-01-27 10:00:00,35.35942288815809
2012-01-27 11:00:00,119.03878903785899
2012-01-27 12:00:00,172.98685933297642
2012-01-27 13:00:00,205.11504925628768
2012-01-27 14:00:00,172.603033722047
2012-01-27 15:00:00,163.7029277716917
2012-01-27 16:00:00,228.48707331307932
2012-01-27 17:00:00,364.3202547634438
2012-01-27 18:00:00,298.15664533990986
2012-01-27 19:00:00,187.16988068088412
2012-01-27 20:00:00,111.60406220822111
2012-01-27 21:00:00,86.81321823624438
2012-01-27 22:00:00,86.5435324967132
2012-01-27 23:00:00,61.92175138357941
2012-01-28 00:00:00,39.86571299770302
2012-01-28 01:00:00,43.74469737496409
2012-01-28 02:00:00,29.31140838452999
2012-01-28 03:00:00,13.509632106470013
2012-01-28 04:00:00,3.3122577988141066
2012-01-28 05:00:00,2.5680352005164795
2012-01-28 06:00:00,6.638584186314269
2012-01-28 07:00:00,9.976229118652354
2012-01-28 08:00:00,38.83538414717193
2012-01-28 09:00:00,79.92889603541128
2012-01-28 10:00:00,143.61287995904033
2012-01-28 11:00:00,179.11095766125118
2012-01-28 12:00:00,168.22056970587016
2012-01-28 13:00:00,200.278859175975
2012-01-28 14:00:00,174.63001789053808
2012-01-28 15:00:00,221.72345146414625
2012-01-28 16:00:00,250.13901429506515
2012-01-28 17:00:00,204.03665098537465
2012-01-28 18:00:00,199.24491642618904
2012-01-28 19:00:00,92.66078264779462
2012-01-28 20:00:00,73.08362088143001
2012-01-28 21:00:00,66.12206340909512
2012-01-28 22:00:00,75.26101021684622
2012-01-28 23:00:00,51.328253502224236
2012-01-29 00:00:00,55.789742459592034
2012-01-29 01:00:00,25.085939841273248
2012-01-29 02:00:00,22.58139853963912
2012-01-29 03:00:00,9.267393428600325
2012-01-29 04:00:00,2.189691478703649
2012-01-29 05:00:00,2.533034690129653
2012-01-29 06:00:00,7.64157144082631
2012-01-29 07:00:00,20.575777738112464
2012-01-29 08:00:00,47.85741042383836
2012-01-29 09:00:00,69.05082920880034
2012-01-29 10:00:00,126.12563636860082
2012-01-29 11:00:00,118.54747398586879
2012-01-29 12:00:00,207.12209023591063
2012-01-29 13:00:00,201.88788314960152
2012-01-29 14:00:00,182.68543999603997
2012-01-29 15:00:00,222.0816202086631
2012-01-29 16:00:00,187.0416454684902
2012-01-29 17:00:00,170.7586166976673
2012-01-29 18:00:00,123.77253442067969
2012-01-29 19:00:00,86.96285882977686
2012-01-29 20:00:00,62.5346340086756
2012-01-29 21:00:00,57.199084144627165
2012-01-29 22:00:00,35.493506249510496
2012-01-29 23:00:00,24.716283815488836
2012-01-30 00:00:00,11.552902028654623
2012-01-30 01:00:00,3.9480816898162923
2012-01-30 02:00:00,2.709223059024221
2012-01-30 03:00:00,1.7272270583225406
2012-01-30 04:00:00,1.6743854241608636
2012-01-30 05:00:00,7.782788436206954
2012-01-30 06:00:00,37.61316445865911
2012-01-30 07:00:00,111.8424581040743
2012-01-30 08:00:00,221.76371437770965
2012-01-30 09:00:00,121.29819781683231
2012-01-30 10:00:00,60.372101250136225
2012-01-30 11:00:00,62.44277825172982
2012-01-30 12:00:00,116.40535743359693
2012-01-30 13:00:00,87.06806559247696
2012-01-30 14:00:00,109.67583092811665
2012-01-30 15:00:00,113.14381231482942
2012-01-30 16:00:00,189.1068849037722
2012-01-30 17:00:00,342.7941960256758
2012-01-30 18:00:00,338.1193697581864
2012-01-30 19:00:00,165.9833297133134
2012-01-30 20:00:00,125.97409407084218
2012-01-30 21:00:00,99.55473157360044
2012-01-30 22:00:00,54.44714467445352
2012-01-30 23:00:00,34.93662785156328
2012-01-31 00:00:00,13.360187896247728
2012-01-31 01:00:00,5.637368574895866
2012-01-31 02:00:00,4.203081323276263
2012-01-31 03:00:00,3.1800604807023047
2012-01-31 04:00:00,2.9040324908233135
2012-01-31 05:00:00,18.143515337679386
2012-01-31 06:00:00,71.1875142298558
2012-01-31 07:00:00,159.71728155758552
2012-01-31 08:00:00,364.5630806341047
2012-01-31 09:00:00,190.96837350639925
2012-01-31 10:00:00,85.03801901340844
2012-01-31 11:00:00,110.00405229947384
2012-01-31 12:00:00,137.0721542579427
2012-01-31 13:00:00,178.43140641875604
2012-01-31 14:00:00,154.66626307100003
2012-01-31 15:00:00,159.5924500586751
2012-01-31 16:00:00,234.5451861511886
2012-01-31 17:00:00,469.76212905762833
2012-01-31 18:00:00,442.91301271311596
2012-01-31 19:00:00,333.904013285214
2012-01-31 20:00:00,152.4965841987667
2012-01-31 21:00:00,165.36663929205386
2012-01-31 22:00:00,109.04542741697942
2012-01-31 23:00:00,69.84048185356896
2012-02-20 00:00:00,36.81669068594086
2012-02-20 01:00:00,30.497412965115753
2012-02-20 02:00:00,23.217715671423296
2012-02-20 03:00:00,7.2010688068434074
2012-02-20 05:00:00,2.0078445421812217
2012-02-20 06:00:00,8.75092445072304
2012-02-20 07:00:00,11.906688093444767
2012-02-20 08:00:00,62.942925120365764
2012-02-20 09:00:00,84.89137137932602
2012-02-20 10:00:00,90.5529268651226
2012-02-20 11:00:00,154.88506510359525
2012-02-20 12:00:00,198.2151649025825
2012-02-20 13:00:00,206.54884023682615
2012-02-20 14:00:00,166.15807505289118
2012-02-20 15:00:00,171.73787985799797
2012-02-20 16:00:00,215.21331483855244
2012-02-20 17:00:00,246.30876677928322
2012-02-20 18:00:00,161.05298364360814
2012-02-20 19:00:00,115.86491381155261
2012-02-20 20:00:00,95.12284862198001
2012-02-20 21:00:00,66.93604055028972
2012-02-20 22:00:00,39.303379781235485
2012-02-20 23:00:00,27.431311496695855
2012-02-21 00:00:00,11.101574618722209
2012-02-21 01:00:00,5.548571953090057
2012-02-21 02:00:00,2.638860918544875
2012-02-21 04:00:00,1.7295507999744482
2012-02-21 05:00:00,10.106442285936213
2012-02-21 06:00:00,42.54803727676935
2012-02-21 07:00:00,110.52457760605441
2012-02-21 08:00:00,261.09394273170534
2012-02-21 09:00:00,147.23636904588145
2012-02-21 10:00:00,77.24567500343707
2012-02-21 11:00:00,72.1032360077933
2012-02-21 12:00:00,91.34802473984199
2012-02-21 13:00:00,108.25916819085982
2012-02-21 14:00:00,92.98726147644615
2012-02-21 15:00:00,105.24142290997627
2012-02-21 16:00:00,154.11420643633613
2012-02-21 17:00:00,336.1464390760083
2012-02-21 18:00:00,328.9138538574174
2012-02-21 19:00:00,204.13469167873183
2012-02-21 20:00:00,140.65480175539895
2012-02-21 21:00:00,116.76350244551499
2012-02-21 22:00:00,66.36014041643244
2012-02-21 23:00:00,44.38130390779499
2012-02-22 00:00:00,17.976599986281762
2012-02-22 01:00:00,8.332334445703948
2012-02-22 02:00:00,2.90086364303631
2012-02-22 03:00:00,2.5887268744690703
2012-02-22 04:00:00,2.6420927979163316
2012-02-22 05:00:00,17.770647654262312
2012-02-22 06:00:00,80.60287366589267
2012-02-22 07:00:00,171.61085575012078
2012-02-22 08:00:00,378.61858881707025
2012-02-22 09:00:00,184.77038177825438
2012-02-22 10:00:00,91.41672661890375
2012-02-22 11:00:00,91.08087910880889
2012-02-22 12:00:00,109.43749972136445
2012-02-22 13:00:00,126.9148969901707
2012-02-22 14:00:00,112.27155504337618
2012-02-22 15:00:00,133.8037939268134
2012-02-22 16:00:00,178.3902623292569
2012-02-22 17:00:00,417.9047496469287
2012-02-22 18:00:00,400.29442574181104
2012-02-22 19:00:00,265.9440420717765
2012-02-22 20:00:00,189.9576286717614
2012-02-22 21:00:00,149.9377770547814
2012-02-22 22:00:00,93.39864605214368
2012-02-22 23:00:00,55.622946018804356
2012-02-23 00:00:00,25.303171803427368
2012-02-23 01:00:00,7.94936954415811
2012-02-23 02:00:00,6.619262540979189
2012-02-23 03:00:00,2.3622397507377664
2012-02-23 04:00:00,2.3903078574581853
2012-02-23 05:00:00,15.18703758562181
2012-02-23 06:00:00,84.73191366472727
2012-02-23 07:00:00,194.50437605444915
2012-02-23 08:00:00,393.194243644068
2012-02-23 09:00:00,172.89336747759614
2012-02-23 10:00:00,105.71187858058475
2012-02-23 11:00:00,125.63276480547076
2012-02-23 12:00:00,161.89879061417386
2012-02-23 13:00:00,188.79525944040373
2012-02-23 14:00:00,170.55640622311088
2012-02-23 15:00:00,197.823703776655
2012-02-23 16:00:00,280.8456193980887
2012-02-23 17:00:00,549.0329905606641
2012-02-23 18:00:00,564.4615466159244
2012-02-23 19:00:00,371.9806766742764
2012-02-23 20:00:00,254.5061683427481
2012-02-23 21:00:00,155.59006117381918
2012-02-23 22:00:00,112.96602401864959
2012-02-23 23:00:00,91.14457890333594
2012-02-24 00:00:00,40.19960384200801
2012-02-24 01:00:00,18.423641378149213
2012-02-24 02:00:00,5.12826536743898
2012-02-24 03:00:00,6.302865090575998
2012-02-24 04:00:00,4.795111789365843
2012-02-24 05:00:00,18.107419646565457
2012-02-24 06:00:00,90.00629594248194
2012-02-24 07:00:00,115.28554442218073
2012-02-24 08:00:00,245.04189810568715
2012-02-24 09:00:00,93.24754548492331
2012-02-24 10:00:00,70.63652564321961
2012-02-24 11:00:00,102.35116663214183
2012-02-24 12:00:00,140.14421039543947
2012-02-24 13:00:00,165.45829632307053
2012-02-24 14:00:00,149.55088220164774
2012-02-24 15:00:00,68.2934722063862
2012-02-24 16:00:00,85.48126192910382
2012-02-24 17:00:00,145.05333723747697
2012-02-24 18:00:00,266.22684185702593
2012-02-24 19:00:00,283.1994555996224
2012-02-24 20:00:00,190.81032398759328
2012-02-24 21:00:00,123.71844244714937
2012-02-24 22:00:00,122.53234272721295
2012-02-24 23:00:00,79.25841747399775
2012-02-25 00:00:00,74.70930347536411
2012-02-25 01:00:00,48.88290871717347
2012-02-25 02:00:00,34.9608344147044
2012-02-25 03:00:00,11.605095831858304
2012-02-25 04:00:00,4.024524667638026
2012-02-25 05:00:00,4.185995491580768
2012-02-25 06:00:00,10.575806418568986
2012-02-25 07:00:00,20.793670786679442
2012-02-25 08:00:00,57.48573135148839
2012-02-25 09:00:00,55.20348314802524
2012-02-25 10:00:00,119.87295161704441
2012-02-25 11:00:00,136.8514445159355
2012-02-25 12:00:00,189.24183399751084
2012-02-25 13:00:00,185.17699804914926
2012-02-25 14:00:00,160.714306384843
2012-02-25 15:00:00,165.50990166185736
2012-02-25 16:00:00,146.78179066572758
2012-02-25 17:00:00,137.0765274777134
2012-02-25 18:00:00,98.23490236053665
2012-02-25 19:00:00,118.93279290889876
2012-02-25 20:00:00,73.61401384406356
2012-02-25 21:00:00,74.65720255815468
2012-02-25 22:00:00,61.58753151617444
2012-02-25 23:00:00,62.25966077025003
2012-02-26 00:00:00,46.59807653934488
2012-02-26 01:00:00,32.213883634593124
2012-02-26 02:00:00,24.10983310168052
2012-02-26 03:00:00,12.026220016271004
2012-02-26 04:00:00,3.977341362446314
2012-02-26 05:00:00,2.6873181770126138
2012-02-26 06:00:00,5.667007797301603
2012-02-26 07:00:00,15.032151759160634
2012-02-26 08:00:00,38.07491946836751
2012-02-26 09:00:00,61.832096179468216
2012-02-26 10:00:00,122.11757774125657
2012-02-26 11:00:00,140.89731232930106
2012-02-26 12:00:00,217.33033001202824
2012-02-26 13:00:00,217.35810792897462
2012-02-26 14:00:00,196.01711077645956
2012-02-26 15:00:00,241.89385883783876
2012-02-26 16:00:00,243.88116249590522
2012-02-26 17:00:00,218.71557188877753
2012-02-26 18:00:00,149.75627073350392
2012-02-26 19:00:00,119.53827454865004
2012-02-26 20:00:00,76.42920411908007
2012-02-26 21:00:00,58.32087910478616
2012-02-26 22:00:00,41.99784487639278
2012-02-26 23:00:00,28.39620305549195
2012-02-27 00:00:00,11.930927143646551
2012-02-27 01:00:00,4.467447171895013
2012-02-27 02:00:00,2.466259187896615
2012-02-27 03:00:00,2.1524370355179205
2012-02-27 04:00:00,2.7787206007130156
2012-02-27 05:00:00,11.325594748341446
2012-02-27 06:00:00,53.1901523494509
2012-02-27 07:00:00,153.94464416181057
2012-02-27 08:00:00,330.4037368957421
2012-02-27 09:00:00,173.84680500469355
2012-02-27 10:00:00,79.01263422667405
2012-02-27 11:00:00,103.57841568395135
2012-02-27 12:00:00,126.1518777205112
2012-02-27 13:00:00,127.87618418274027
2012-02-27 14:00:00,153.68635073279737
2012-02-27 15:00:00,136.25766464004423
2012-02-27 16:00:00,198.77736074790388
2012-02-27 17:00:00,342.069385820222
2012-02-27 18:00:00,382.57433972313817
2012-02-27 19:00:00,300.15640650062994
2012-02-27 20:00:00,208.13100196725546
2012-02-27 21:00:00,144.94804938217706
2012-02-27 22:00:00,103.79830190487036
2012-02-27 23:00:00,54.29213067906204
2012-02-28 00:00:00,25.31378730835566
2012-02-28 01:00:00,7.993903152564141
2012-02-28 02:00:00,5.050237557146585
2012-02-28 03:00:00,2.5518995535149833
2012-02-28 04:00:00,2.869480034759116
2012-02-28 05:00:00,18.46336836427535
2012-02-28 06:00:00,76.77193877868191
2012-02-28 07:00:00,187.36705525805672
2012-02-28 08:00:00,287.9895670330223
2012-02-28 09:00:00,178.2211732645152
2012-02-28 10:00:00,93.3048172823564
2012-02-28 11:00:00,102.83658903911773
2012-02-28 12:00:00,137.1483258361308
2012-02-28 13:00:00,127.19248388426254
2012-02-28 14:00:00,111.74438404500005
2012-02-28 15:00:00,158.7991145951184
2012-02-28 16:00:00,212.8295269699497
2012-02-28 17:00:00,418.6939367130839
2012-02-28 18:00:00,401.8397211867122
2012-02-28 19:00:00,280.5610076240932
2012-02-28 20:00:00,141.80055720447447
2012-02-28 21:00:00,113.00577360989861
2012-02-28 22:00:00,89.40254374516412
2012-02-28 23:00:00,51.089107529730306
2012-02-29 00:00:00,18.842931964826647
2012-02-29 01:00:00,7.739408498508171
2012-02-29 02:00:00,4.380655096870066
2012-02-29 03:00:00,2.4700515473633553
2012-02-29 05:00:00,14.153819679845485
2012-02-29 06:00:00,67.02834448871218
2012-02-29 07:00:00,164.436258567252
2012-02-29 08:00:00,375.6355155100787
2012-02-29 09:00:00,115.95097022710054
2012-02-29 10:00:00,53.6245894728002
2012-02-29 11:00:00,48.840760271701456
2012-02-29 12:00:00,31.212921440078787
2012-02-29 13:00:00,41.64399350301568
2012-02-29 14:00:00,38.66727225179634
2012-02-29 15:00:00,82.91645947719721
2012-02-29 16:00:00,74.18852187531552
2012-02-29 17:00:00,254.78702160892982
2012-02-29 18:00:00,171.5063961249913
2012-02-29 19:00:00,188.35045331415878
2012-02-29 20:00:00,89.93245110914852
2012-02-29 21:00:00,52.774206352592984
2012-02-29 22:00:00,18.414312866357317
2012-02-29 23:00:00,13.53072379747247
2012-03-20 00:00:00,26.5468811904065
2012-03-20 01:00:00,11.087387077317995
2012-03-20 02:00:00,5.454766765087396
2012-03-20 03:00:00,4.229326425042787
2012-03-20 04:00:00,4.870333264555277
2012-03-20 05:00:00,20.76411890611356
2012-03-20 06:00:00,86.82106953596471
2012-03-20 07:00:00,103.09688776491234
2012-03-20 08:00:00,456.4538075797839
2012-03-20 09:00:00,219.5504691332449
2012-03-20 10:00:00,123.1394578794288
2012-03-20 11:00:00,142.2955403173314
2012-03-20 12:00:00,161.06518187198853
2012-03-20 13:00:00,165.28676940062678
2012-03-20 14:00:00,149.7600662644294
2012-03-20 15:00:00,187.6307880102632
2012-03-20 16:00:00,302.80498477602447
2012-03-20 17:00:00,527.2217479292074
2012-03-20 18:00:00,499.3500690655308
2012-03-20 19:00:00,379.11413022172184
2012-03-20 20:00:00,253.1713846821679
2012-03-20 21:00:00,209.00160433931208
2012-03-20 22:00:00,151.0666752040875
2012-03-20 23:00:00,85.28346317875771
2012-03-21 00:00:00,35.103817782881784
2012-03-21 01:00:00,19.141000291632807
2012-03-21 02:00:00,5.961574210024356
2012-03-21 03:00:00,3.4238323986874972
2012-03-21 04:00:00,3.8330291286169436
2012-03-21 05:00:00,21.92170061124
2012-03-21 06:00:00,56.363955487514744
2012-03-21 07:00:00,119.4181129258773
2012-03-21 08:00:00,229.8638831403883
2012-03-21 09:00:00,222.08738481167757
2012-03-21 10:00:00,150.70127480194174
2012-03-21 11:00:00,145.65830013007715
2012-03-21 12:00:00,177.62903774327526
2012-03-21 13:00:00,146.52966996353587
2012-03-21 14:00:00,164.53141173950573
2012-03-21 15:00:00,172.40747431755617
2012-03-21 16:00:00,334.40969984387067
2012-03-21 17:00:00,527.305602362135
2012-03-21 18:00:00,541.9227942716574
2012-03-21 19:00:00,478.59943899772185
2012-03-21 20:00:00,307.105306965169
2012-03-21 21:00:00,232.2457372079013
2012-03-21 22:00:00,165.1669756274031
2012-03-21 23:00:00,125.3784874566723
2012-03-22 00:00:00,48.632209130381696
2012-03-22 01:00:00,20.752831207416005
2012-03-22 02:00:00,11.339451107392982
2012-03-22 03:00:00,6.797268345660691
2012-03-22 04:00:00,3.6042448210213003
2012-03-22 05:00:00,15.912524371865828
2012-03-22 06:00:00,71.33298583714618
2012-03-22 07:00:00,191.77459166440582
2012-03-22 08:00:00,443.87416823972825
2012-03-22 09:00:00,183.96126431143838
2012-03-22 10:00:00,77.70732860760388
2012-03-22 11:00:00,97.11069848500085
2012-03-22 12:00:00,163.80020083219594
2012-03-22 13:00:00,202.2298556415115
2012-03-22 14:00:00,174.0824001153736
2012-03-22 15:00:00,228.77404015329364
2012-03-22 16:00:00,374.2901859413471
2012-03-22 17:00:00,694.6349754422681
2012-03-22 18:00:00,690.4359275769932
2012-03-22 19:00:00,466.7844043267007
2012-03-22 20:00:00,302.24940420692815
2012-03-22 21:00:00,265.45609925375174
2012-03-22 22:00:00,179.30191414330943
2012-03-22 23:00:00,115.00915382802245
2012-03-23 00:00:00,59.602818862289126
2012-03-23 01:00:00,25.533507982481233
2012-03-23 02:00:00,12.983033493870721
2012-03-23 03:00:00,7.283871162728138
2012-03-23 04:00:00,4.43489926694206
2012-03-23 05:00:00,19.141417282866218
2012-03-23 06:00:00,100.05871425126338
2012-03-23 07:00:00,225.14297424812793
2012-03-23 08:00:00,378.1689035095313
2012-03-23 09:00:00,260.65517613967575
2012-03-23 10:00:00,155.41950346791523
2012-03-23 11:00:00,194.1686671427912
2012-03-23 12:00:00,288.97829537978345
2012-03-23 13:00:00,315.6015352172995
2012-03-23 14:00:00,305.4543217217333
2012-03-23 15:00:00,325.0898087916946
2012-03-23 16:00:00,482.51820609183795
2012-03-23 17:00:00,807.2682963361541
2012-03-23 18:00:00,646.7994388346544
2012-03-23 19:00:00,444.08406753301523
2012-03-23 20:00:00,320.1261619535181
2012-03-23 21:00:00,256.1817090585688
2012-03-23 22:00:00,246.341041056388
2012-03-23 23:00:00,147.3631267166202
2012-03-24 00:00:00,142.37285981125999
2012-03-24 01:00:00,130.7891213294348
2012-03-24 02:00:00,82.29267604702912
2012-03-24 03:00:00,37.409431175545926
2012-03-24 04:00:00,11.26794379745059
2012-03-24 05:00:00,11.000237830288945
2012-03-24 06:00:00,28.627269606653737
2012-03-24 07:00:00,51.52462009848022
2012-03-24 08:00:00,91.90953366178972
2012-03-24 09:00:00,211.80230046393766
2012-03-24 10:00:00,268.2054031184039
2012-03-24 11:00:00,175.72680052940228
2012-03-24 12:00:00,172.8220266697329
2012-03-24 13:00:00,184.78906692570064
2012-03-24 14:00:00,147.850292920934
2012-03-24 15:00:00,50.41486538481053
2012-03-24 16:00:00,71.04339406084273
2012-03-24 17:00:00,108.50335399510313
2012-03-24 18:00:00,56.33083706401329
2012-03-24 19:00:00,90.32798899098471
2012-03-24 20:00:00,32.95055654507652
2012-03-24 21:00:00,22.07709447844611
2012-03-24 22:00:00,18.58635087660112
2012-03-24 23:00:00,25.450977879134573
2012-03-25 00:00:00,24.05208414901985
2012-03-25 01:00:00,14.82743098807149
2012-03-25 02:00:00,9.174434043445816
2012-03-25 03:00:00,6.06071995027277
2012-03-25 04:00:00,2.428720000727919
2012-03-25 05:00:00,2.9169899550781455
2012-03-25 06:00:00,4.616587684184448
2012-03-25 07:00:00,14.844820682156623
2012-03-25 08:00:00,32.61071872249715
2012-03-25 09:00:00,56.454770249365545
2012-03-25 10:00:00,103.79801997868542
2012-03-25 11:00:00,87.57235045989665
2012-03-25 12:00:00,114.5662373417561
2012-03-25 13:00:00,255.3455705091248
2012-03-25 14:00:00,237.37344184417378
2012-03-25 15:00:00,190.58432703079532
2012-03-25 16:00:00,324.8897731618025
2012-03-25 17:00:00,332.0740227317549
2012-03-25 18:00:00,278.5294849165765
2012-03-25 19:00:00,195.06063565400655
2012-03-25 20:00:00,144.29217934243783
2012-03-25 21:00:00,130.97823399678958
2012-03-25 22:00:00,95.51306898172186
2012-03-25 23:00:00,67.09233838388347
2012-03-26 00:00:00,31.345089837220407
2012-03-26 01:00:00,16.201524541329793
2012-03-26 02:00:00,6.982242049309321
2012-03-26 03:00:00,5.113003561216671
2012-03-26 04:00:00,6.654931041599489
2012-03-26 05:00:00,36.20096405750843
2012-03-26 06:00:00,99.22449529638423
2012-03-26 07:00:00,377.0850195987062
2012-03-26 08:00:00,396.53881176553966
2012-03-26 09:00:00,201.84675225984012
2012-03-26 10:00:00,138.98071669583246
2012-03-26 11:00:00,176.6797167241785
2012-03-26 12:00:00,270.83825197247234
2012-03-26 13:00:00,220.9360537056836
2012-03-26 14:00:00,225.85171285275663
2012-03-26 15:00:00,196.81562008124016
2012-03-26 16:00:00,284.7790734547271
2012-03-26 17:00:00,608.7849352797277
2012-03-26 18:00:00,619.8927571258321
2012-03-26 19:00:00,426.1079911518332
2012-03-26 20:00:00,251.0010689781985
2012-03-26 21:00:00,151.43169045757176
2012-03-26 22:00:00,120.2129201027176
2012-03-26 23:00:00,60.470930738114475
2012-03-27 00:00:00,16.250240056917253
2012-03-27 01:00:00,3.979560450800125
2012-03-27 02:00:00,1.7432063988661548
2012-03-27 03:00:00,1.2046144887419066
2012-03-27 04:00:00,1.335491312777203
2012-03-27 05:00:00,10.790650749739946
2012-03-27 06:00:00,67.88168508991762
2012-03-27 07:00:00,186.21301528687937
2012-03-27 08:00:00,315.8937748702173
2012-03-27 09:00:00,188.06388115670885
2012-03-27 10:00:00,89.70894416695262
2012-03-27 11:00:00,82.11101476100595
2012-03-27 12:00:00,92.99385379095234
2012-03-27 13:00:00,150.12201764635168
2012-03-27 14:00:00,161.90693486244734
2012-03-27 15:00:00,204.9227184722018
2012-03-27 16:00:00,277.0238180414542
2012-03-27 17:00:00,436.98817380575144
2012-03-27 18:00:00,467.6972692330901
2012-03-27 19:00:00,329.748571625868
2012-03-27 20:00:00,232.75221642894542
2012-03-27 21:00:00,122.84570772458689
2012-03-27 22:00:00,99.01452540156374
2012-03-27 23:00:00,58.582227482434696
2012-03-28 00:00:00,23.66261003240845
2012-03-28 01:00:00,8.297589049978084
2012-03-28 02:00:00,4.216733383271608
2012-03-28 03:00:00,3.907419354277743
2012-03-28 04:00:00,2.9608909865160893
2012-03-28 05:00:00,22.76004703226555
2012-03-28 06:00:00,89.21296065910542
2012-03-28 07:00:00,271.985740448479
2012-03-28 08:00:00,470.8342101894375
2012-03-28 09:00:00,224.6900361485482
2012-03-28 10:00:00,124.7403495222221
2012-03-28 11:00:00,146.48778581427828
2012-03-28 12:00:00,219.42280800387147
2012-03-28 13:00:00,200.59487890226532
2012-03-28 14:00:00,234.01888747371473
2012-03-28 15:00:00,260.8377624393039
2012-03-28 16:00:00,342.0764143921003
2012-03-28 17:00:00,671.4933475742515
2012-03-28 18:00:00,672.6399178380166
2012-03-28 19:00:00,541.659189553921
2012-03-28 20:00:00,362.86297007858104
2012-03-28 21:00:00,266.69127713561977
2012-03-28 22:00:00,191.69326419219004
2012-03-28 23:00:00,107.82724169061365
2012-03-29 00:00:00,50.59044609427428
2012-03-29 01:00:00,20.18671719676083
2012-03-29 02:00:00,4.76491128459699
2012-03-29 03:00:00,2.736175488945959
2012-03-29 04:00:00,4.200997614726461
2012-03-29 05:00:00,22.97268319509473
2012-03-29 06:00:00,106.58364099820345
2012-03-29 07:00:00,331.8394845396691
2012-03-29 08:00:00,644.3354822915346
2012-03-29 09:00:00,305.5336781563355
2012-03-29 10:00:00,181.319891321784
2012-03-29 11:00:00,163.11215966802155
2012-03-29 12:00:00,214.72654953585342
2012-03-29 13:00:00,206.03058764900567
2012-03-29 14:00:00,174.4462999490202
2012-03-29 15:00:00,213.56968505199353
2012-03-29 16:00:00,324.60516878312484
2012-03-29 17:00:00,627.851197414704
2012-03-29 18:00:00,517.1732994129043
2012-03-29 19:00:00,345.82150948108955
2012-03-29 20:00:00,267.56472636868705
2012-03-29 21:00:00,162.53456806491002
2012-03-29 22:00:00,128.2825099093488
2012-03-29 23:00:00,109.13857074923497
2012-03-30 00:00:00,53.195411248499894
2012-03-30 01:00:00,16.95031720312456
2012-03-30 02:00:00,10.645286490127361
2012-03-30 03:00:00,5.45093165697797
2012-03-30 04:00:00,5.136538222512281
2012-03-30 05:00:00,20.742659413854202
2012-03-30 06:00:00,90.90626748168489
2012-03-30 07:00:00,218.56257596718123
2012-03-30 08:00:00,365.8158787873615
2012-03-30 09:00:00,261.0774561358085
2012-03-30 10:00:00,120.52231778313059
2012-03-30 11:00:00,115.83380730846433
2012-03-30 12:00:00,154.83595708601493
2012-03-30 13:00:00,124.80705083315934
2012-03-30 14:00:00,91.45945329674852
2012-03-30 15:00:00,95.00009530399645
2012-03-30 16:00:00,123.95817915011429
2012-03-30 17:00:00,357.32892313016623
2012-03-30 18:00:00,461.24590464643364
2012-03-30 19:00:00,253.5361111545597
2012-03-30 20:00:00,204.3144913650983
2012-03-30 21:00:00,129.9223631346347
2012-03-30 22:00:00,95.44715704769496
2012-03-30 23:00:00,77.26209894025837
2012-03-31 00:00:00,59.01082148575268
2012-03-31 01:00:00,49.44513788637825
2012-03-31 02:00:00,32.9136832216138
2012-03-31 03:00:00,17.133131711286104
2012-03-31 04:00:00,4.949096108683307
2012-03-31 05:00:00,6.397121656308998
2012-03-31 06:00:00,12.973572330934035
2012-03-31 07:00:00,31.769692449416766
2012-03-31 08:00:00,66.92702597714305
2012-03-31 09:00:00,81.09094177204095
2012-03-31 10:00:00,172.11599094668557
2012-03-31 11:00:00,360.04287849930483
2012-03-31 12:00:00,372.41412647880315
2012-03-31 13:00:00,510.53623585886044
2012-03-31 14:00:00,322.2364111267025
2012-03-31 15:00:00,405.73428142989826
2012-03-31 16:00:00,258.50148127426087
2012-03-31 17:00:00,255.46664291119518
2012-03-31 18:00:00,100.68347574833359
2012-03-31 19:00:00,135.18848591071884
2012-03-31 20:00:00,77.57800031501708
2012-03-31 21:00:00,71.35571325727352
2012-03-31 22:00:00,61.53459497646764
2012-03-31 23:00:00,49.65904331030752
2012-04-20 00:00:00,66.34246676482628
2012-04-20 01:00:00,28.317250317413837
2012-04-20 02:00:00,11.811079225740608
2012-04-20 03:00:00,6.986850242454374
2012-04-20 04:00:00,4.730207002555301
2012-04-20 05:00:00,19.84021085951504
2012-04-20 06:00:00,98.44706037757653
2012-04-20 07:00:00,227.6225642780828
2012-04-20 08:00:00,478.7476304352017
2012-04-20 09:00:00,262.709008717638
2012-04-20 10:00:00,174.6916737797906
2012-04-20 11:00:00,202.85695413111773
2012-04-20 12:00:00,274.8658347826697
2012-04-20 13:00:00,312.3710935391722
2012-04-20 14:00:00,277.0638135549655
2012-04-20 15:00:00,278.5230075658996
2012-04-20 16:00:00,444.3648196819972
2012-04-20 17:00:00,683.0204516683455
2012-04-20 18:00:00,551.558704677455
2012-04-20 19:00:00,449.25458746626884
2012-04-20 20:00:00,282.2954360760118
2012-04-20 21:00:00,197.14610742530857
2012-04-20 22:00:00,187.2427654369105
2012-04-20 23:00:00,161.2447829896603
2012-04-21 00:00:00,124.90827205974661
2012-04-21 01:00:00,102.38276780603285
2012-04-21 02:00:00,74.40380039407479
2012-04-21 03:00:00,25.032489921922014
2012-04-21 04:00:00,7.829608909076151
2012-04-21 05:00:00,9.454181700336608
2012-04-21 06:00:00,23.978357984969676
2012-04-21 07:00:00,49.1615544982955
2012-04-21 08:00:00,140.7256073915068
2012-04-21 09:00:00,259.2745714250542
2012-04-21 10:00:00,414.64384021383427
2012-04-21 11:00:00,487.2576271361274
2012-04-21 12:00:00,605.2272335147707
2012-04-21 13:00:00,625.0923154817963
2012-04-21 14:00:00,613.4413588586552
2012-04-21 15:00:00,580.5868695946742
2012-04-21 16:00:00,679.7770783040505
2012-04-21 17:00:00,455.15140416208294
2012-04-21 18:00:00,446.70852679904937
2012-04-21 19:00:00,193.12684586821428
2012-04-21 20:00:00,54.83871890901451
2012-04-21 21:00:00,37.22213342168774
2012-04-21 22:00:00,93.53578500505392
2012-04-21 23:00:00,46.14625573247427
2012-04-22 00:00:00,78.4522035989523
2012-04-22 01:00:00,43.01373278931123
2012-04-22 02:00:00,45.61740565724328
2012-04-22 03:00:00,23.71606929955475
2012-04-22 04:00:00,8.622485152681199
2012-04-22 05:00:00,6.995894810639339
2012-04-22 06:00:00,10.596507883645373
2012-04-22 07:00:00,17.843440109280394
2012-04-22 08:00:00,42.35776691450408
2012-04-22 09:00:00,68.98527008646181
2012-04-22 10:00:00,87.03725722936716
2012-04-22 11:00:00,78.59573661306695
2012-04-22 12:00:00,102.63667739094251
2012-04-22 13:00:00,101.70195143277782
2012-04-22 14:00:00,89.06486523189164
2012-04-22 15:00:00,78.66543710388578
2012-04-22 16:00:00,58.79807588941263
2012-04-22 17:00:00,40.143430564446994
2012-04-22 18:00:00,33.24756326323093
2012-04-22 19:00:00,21.747813244556518
2012-04-22 20:00:00,26.709864534652393
2012-04-22 21:00:00,28.1035970290893
2012-04-22 22:00:00,8.640516179248495
2012-04-22 23:00:00,14.249119889970943
2012-04-23 00:00:00,10.159294847824173
2012-04-23 01:00:00,2.8603917909724057
2012-04-23 02:00:00,1.7899067578333365
2012-04-23 03:00:00,1.3831633256478624
2012-04-23 04:00:00,1.4501289248941558
2012-04-23 05:00:00,7.968084978517399
2012-04-23 06:00:00,55.106289403561824
2012-04-23 07:00:00,129.46186646191853
2012-04-23 08:00:00,498.26718628770954
2012-04-23 09:00:00,248.35567504776742
2012-04-23 10:00:00,75.06590018005315
2012-04-23 11:00:00,92.23319489814259
2012-04-23 12:00:00,81.16678776299727
2012-04-23 13:00:00,81.47559183462464
2012-04-23 14:00:00,73.75784190629425
2012-04-23 15:00:00,98.67625395517372
2012-04-23 16:00:00,88.90180273960253
2012-04-23 17:00:00,201.69861179239177
2012-04-23 18:00:00,196.8694159009645
2012-04-23 19:00:00,136.60508958724242
2012-04-23 20:00:00,108.05162077805062
2012-04-23 21:00:00,65.08295010090609
2012-04-23 22:00:00,45.68233875948732
2012-04-23 23:00:00,34.916328736626646
2012-04-24 00:00:00,12.287869777315901
2012-04-24 01:00:00,5.085370661189996
2012-04-24 02:00:00,2.319773528065032
2012-04-24 03:00:00,1.8731867720192221
2012-04-24 04:00:00,1.845153059997883
2012-04-24 05:00:00,14.14004235687989
2012-04-24 06:00:00,65.66168653333314
2012-04-24 07:00:00,169.48153731626576
2012-04-24 08:00:00,389.250576240635
2012-04-24 09:00:00,198.60415173447643
2012-04-24 10:00:00,127.49943735668514
2012-04-24 11:00:00,185.95384102824798
2012-04-24 12:00:00,242.56188196872898
2012-04-24 13:00:00,225.6871806439104
2012-04-24 14:00:00,213.88727063613217
2012-04-24 15:00:00,241.6874128311855
2012-04-24 16:00:00,380.52426419255937
2012-04-24 17:00:00,709.6890224943136
2012-04-24 18:00:00,772.519979679326
2012-04-24 19:00:00,546.1131635943674
2012-04-24 20:00:00,286.9719797614067
2012-04-24 21:00:00,165.69111589588363
2012-04-24 22:00:00,133.49747765609828
2012-04-24 23:00:00,78.81739392545235
2012-04-25 00:00:00,34.560226657808116
2012-04-25 01:00:00,11.017093805109363
2012-04-25 02:00:00,4.098441675436332
2012-04-25 03:00:00,2.4039515409618186
2012-04-25 04:00:00,2.8029072578810292
2012-04-25 05:00:00,18.022655188872484
2012-04-25 06:00:00,73.28430270539052
2012-04-25 07:00:00,258.78320731647295
2012-04-25 08:00:00,404.9933648962035
2012-04-25 09:00:00,269.0762777997503
2012-04-25 10:00:00,146.7280640396357
2012-04-25 11:00:00,147.64349524684496
2012-04-25 12:00:00,181.72388688859124
2012-04-25 13:00:00,210.54282720838413
2012-04-25 14:00:00,179.30546702800788
2012-04-25 15:00:00,239.40910428605653
2012-04-25 16:00:00,308.8295812604949
2012-04-25 17:00:00,581.093127498166
2012-04-25 18:00:00,592.9392132046049
2012-04-25 19:00:00,496.6318363212256
2012-04-25 20:00:00,299.8940898524731
2012-04-25 21:00:00,211.79745674897416
2012-04-25 22:00:00,140.00371395395894
2012-04-25 23:00:00,83.3419567466374
2012-04-26 00:00:00,36.792836496320064
2012-04-26 01:00:00,17.748116016984657
2012-04-26 02:00:00,9.080352842823569
2012-04-26 03:00:00,4.425614281928576
2012-04-26 04:00:00,5.298478122894969
2012-04-26 05:00:00,24.966505997818878
2012-04-26 06:00:00,109.84491872778595
2012-04-26 07:00:00,168.73173043453255
2012-04-26 08:00:00,363.22014532785533
2012-04-26 09:00:00,199.26571642962008
2012-04-26 10:00:00,101.11192250326053
2012-04-26 11:00:00,83.0846506321998
2012-04-26 12:00:00,164.35823034290723
2012-04-26 13:00:00,166.88195406735753
2012-04-26 14:00:00,159.9250366010472
2012-04-26 15:00:00,127.71912377399629
2012-04-26 16:00:00,211.61384258751707
2012-04-26 17:00:00,590.0037333549501
2012-04-26 18:00:00,478.32950968319824
2012-04-26 19:00:00,341.1128854921457
2012-04-26 20:00:00,307.9891832996803
2012-04-26 21:00:00,182.36176147020512
2012-04-26 22:00:00,168.24008210207478
2012-04-26 23:00:00,100.29570603147836
2012-04-27 00:00:00,91.29387237780337
2012-04-27 01:00:00,30.812198383986605
2012-04-27 02:00:00,17.875449944794077
2012-04-27 03:00:00,7.478376853173317
2012-04-27 04:00:00,5.285473256882814
2012-04-27 05:00:00,28.47687421689085
2012-04-27 06:00:00,110.63961968046625
2012-04-27 07:00:00,234.35552103027527
2012-04-27 08:00:00,488.45291288077266
2012-04-27 09:00:00,363.9714030860143
2012-04-27 10:00:00,213.37512262353144
2012-04-27 11:00:00,240.07909398009613
2012-04-27 12:00:00,312.45130483295253
2012-04-27 13:00:00,373.9561488215224
2012-04-27 14:00:00,304.2812075287214
2012-04-27 15:00:00,321.9878605891345
2012-04-27 16:00:00,418.0059675256488
2012-04-27 17:00:00,780.0220098952927
2012-04-27 18:00:00,580.600678436995
2012-04-27 19:00:00,469.6346875271723
2012-04-27 20:00:00,285.2397974340042
2012-04-27 21:00:00,221.54363406367986
2012-04-27 22:00:00,174.35338227955015
2012-04-27 23:00:00,102.53063496184869
2012-04-28 00:00:00,89.57400321575072
2012-04-28 01:00:00,50.914978777429376
2012-04-28 02:00:00,57.4838527657295
2012-04-28 03:00:00,18.183285451025238
2012-04-28 04:00:00,6.933121519497336
2012-04-28 05:00:00,7.081160524764005
2012-04-28 06:00:00,15.164450825535587
2012-04-28 07:00:00,38.47961676044442
2012-04-28 08:00:00,128.31288196389352
2012-04-28 09:00:00,187.67637435673956
2012-04-28 10:00:00,236.7873802437109
2012-04-28 11:00:00,275.87914588702483
2012-04-28 12:00:00,281.3505099531645
2012-04-28 13:00:00,314.5105808572984
2012-04-28 14:00:00,392.643035110078
2012-04-28 15:00:00,354.48072548261763
2012-04-28 16:00:00,281.6059113293016
2012-04-28 17:00:00,279.3898975472375
2012-04-28 18:00:00,133.84972155663712
2012-04-28 19:00:00,136.78951127737594
2012-04-28 20:00:00,95.70570561660959
2012-04-28 21:00:00,65.10045531004673
2012-04-28 22:00:00,92.36128614169274
2012-04-28 23:00:00,84.04332275711526
2012-04-29 00:00:00,64.6326788155313
2012-04-29 01:00:00,68.43224955932972
2012-04-29 02:00:00,31.671236707542104
2012-04-29 03:00:00,14.01045608407525
2012-04-29 04:00:00,6.632035819309913
2012-04-29 05:00:00,4.80958819688806
2012-04-29 06:00:00,8.884681391330885
2012-04-29 07:00:00,23.738523142993948
2012-04-29 08:00:00,68.96266810329493
2012-04-29 09:00:00,148.6680586909264
2012-04-29 10:00:00,221.93563491093423
2012-04-29 11:00:00,249.21812148273892
2012-04-29 12:00:00,387.71739770017405
2012-04-29 13:00:00,368.82011317355085
2012-04-29 14:00:00,394.93056869693135
2012-04-29 15:00:00,420.52090996100395
2012-04-29 16:00:00,487.41795571240937
2012-04-29 17:00:00,512.7602470765758
2012-04-29 18:00:00,428.104585167814
2012-04-29 19:00:00,297.1758942702549
2012-04-29 20:00:00,206.405822913567
2012-04-29 21:00:00,148.8710577267502
2012-04-29 22:00:00,103.56352991484007
2012-04-29 23:00:00,69.22765040898406
2012-04-30 00:00:00,72.65212664800696
2012-04-30 01:00:00,15.99948227493991
2012-04-30 02:00:00,10.938741569859715
2012-04-30 03:00:00,3.0948407349752833
2012-04-30 04:00:00,1.901205681825078
2012-04-30 05:00:00,10.54073379596099
2012-04-30 06:00:00,66.29402227749962
2012-04-30 07:00:00,158.99672246816425
2012-04-30 08:00:00,343.19444160739306
2012-04-30 09:00:00,186.12686673065934
2012-04-30 10:00:00,128.20098117135646
2012-04-30 11:00:00,146.39228275270472
2012-04-30 12:00:00,176.78072972586932
2012-04-30 13:00:00,156.75434869515408
2012-04-30 14:00:00,152.86294660136477
2012-04-30 15:00:00,157.68298903493508
2012-04-30 16:00:00,299.3659368988001
2012-04-30 17:00:00,603.4991314810918
2012-04-30 18:00:00,534.5320353274865
2012-04-30 19:00:00,361.97733573538807
2012-04-30 20:00:00,238.41512462552888
2012-04-30 21:00:00,184.57658424259066
2012-04-30 22:00:00,123.72121701279477
2012-04-30 23:00:00,69.29144894947517
2012-05-20 00:00:00,139.4649278792654
2012-05-20 01:00:00,91.64410827797715
2012-05-20 02:00:00,62.902139296426796
2012-05-20 03:00:00,31.39546097723441
2012-05-20 04:00:00,11.596516276319562
2012-05-20 05:00:00,13.253641295072036
2012-05-20 06:00:00,19.63404788207673
2012-05-20 07:00:00,58.76820420873454
2012-05-20 08:00:00,149.84718530956866
2012-05-20 09:00:00,244.79143382965518
2012-05-20 10:00:00,369.11925547631904
2012-05-20 11:00:00,465.342181240225
2012-05-20 12:00:00,581.0643534086707
2012-05-20 13:00:00,572.9126451227346
2012-05-20 14:00:00,568.9847280023719
2012-05-20 15:00:00,500.6613124378074
2012-05-20 16:00:00,575.3725998066714
2012-05-20 17:00:00,517.7264874997607
2012-05-20 18:00:00,414.101208696919
2012-05-20 19:00:00,383.3597735542871
2012-05-20 20:00:00,283.7552259014928
2012-05-20 21:00:00,186.91494400720126
2012-05-20 22:00:00,135.92152416599484
2012-05-20 23:00:00,59.94576669188468
2012-05-21 00:00:00,16.987028393162756
2012-05-21 01:00:00,6.615909339446859
2012-05-21 02:00:00,4.319198695075113
2012-05-21 03:00:00,2.7611534685193933
2012-05-21 04:00:00,2.9914585831249174
2012-05-21 05:00:00,13.713946173174396
2012-05-21 06:00:00,62.80965189749998
2012-05-21 07:00:00,129.42156235095956
2012-05-21 08:00:00,231.5199357571046
2012-05-21 09:00:00,120.46100077191497
2012-05-21 10:00:00,67.12956924491019
2012-05-21 11:00:00,159.5154475055723
2012-05-21 12:00:00,160.0819940048403
2012-05-21 13:00:00,96.92968645090535
2012-05-21 14:00:00,100.8057952959515
2012-05-21 15:00:00,217.8011977293015
2012-05-21 16:00:00,314.1201325251596
2012-05-21 17:00:00,539.8353712926192
2012-05-21 18:00:00,674.9941859310823
2012-05-21 19:00:00,378.6654955232933
2012-05-21 20:00:00,293.7974704399632
2012-05-21 21:00:00,200.9181487553885
2012-05-21 22:00:00,157.91783412860232
2012-05-21 23:00:00,77.66836806702268
2012-05-22 00:00:00,29.238793091815477
2012-05-22 01:00:00,12.144042542288354
2012-05-22 02:00:00,5.880671693648126
2012-05-22 03:00:00,4.456204547014468
2012-05-22 04:00:00,5.318358882337781
2012-05-22 05:00:00,21.403786135531213
2012-05-22 06:00:00,96.22662605556133
2012-05-22 07:00:00,211.1067089164775
2012-05-22 08:00:00,460.31095779140026
2012-05-22 09:00:00,273.73106754880394
2012-05-22 10:00:00,155.83527704517346
2012-05-22 11:00:00,163.46727929937845
2012-05-22 12:00:00,178.34820504025348
2012-05-22 13:00:00,195.01824582113144
2012-05-22 14:00:00,175.7874003994695
2012-05-22 15:00:00,230.63976568598994
2012-05-22 16:00:00,349.50678355541555
2012-05-22 17:00:00,668.3535777422768
2012-05-22 18:00:00,681.8894900063416
2012-05-22 19:00:00,443.28931449266435
2012-05-22 20:00:00,306.1630167570813
2012-05-22 21:00:00,210.8892394426831
2012-05-22 22:00:00,154.23531895455494
2012-05-22 23:00:00,102.38723710592089
2012-05-23 00:00:00,39.653349984414284
2012-05-23 01:00:00,20.168059379003058
2012-05-23 02:00:00,7.1986529792217615
2012-05-23 03:00:00,6.239040275815756
2012-05-23 04:00:00,4.382570628004532
2012-05-23 05:00:00,19.764487787794586
2012-05-23 06:00:00,142.07040248715526
2012-05-23 07:00:00,408.62912907662894
2012-05-23 08:00:00,674.9536813528129
2012-05-23 09:00:00,290.7476849708479
2012-05-23 10:00:00,162.6385400653249
2012-05-23 11:00:00,214.0486519192811
2012-05-23 12:00:00,225.43793636541776
2012-05-23 13:00:00,233.32538959432168
2012-05-23 14:00:00,224.0431619791218
2012-05-23 15:00:00,241.0008454799352
2012-05-23 16:00:00,253.33579049814202
2012-05-23 17:00:00,479.0439111709739
2012-05-23 18:00:00,501.0201649118841
2012-05-23 19:00:00,365.84252970095923
2012-05-23 20:00:00,225.31412388277286
2012-05-23 21:00:00,181.25590401860168
2012-05-23 22:00:00,159.49752254961936
2012-05-23 23:00:00,117.16653259496421
2012-05-24 00:00:00,46.96335697012228
2012-05-24 01:00:00,16.19780146027689
2012-05-24 02:00:00,7.631371557036447
2012-05-24 03:00:00,4.458113108635403
2012-05-24 04:00:00,5.078251775093825
2012-05-24 05:00:00,24.40347013903672
2012-05-24 06:00:00,111.99570948593234
2012-05-24 07:00:00,380.83827936210565
2012-05-24 08:00:00,557.6226626927056
2012-05-24 09:00:00,310.48487210260373
2012-05-24 10:00:00,194.06196867161415
2012-05-24 11:00:00,219.17071831033167
2012-05-24 12:00:00,248.77824354928975
2012-05-24 13:00:00,232.30867850068685
2012-05-24 14:00:00,183.61140793897874
2012-05-24 15:00:00,204.43318394090267
2012-05-24 16:00:00,308.0137885219717
2012-05-24 17:00:00,600.5329261855264
2012-05-24 18:00:00,653.3149174613382
2012-05-24 19:00:00,441.082652402647
2012-05-24 20:00:00,288.3039642259565
2012-05-24 21:00:00,179.62428539942962
2012-05-24 22:00:00,160.36344171944566
2012-05-24 23:00:00,100.40117539393428
2012-05-25 00:00:00,68.67188014629761
2012-05-25 01:00:00,28.252002535711025
2012-05-25 02:00:00,11.946707263436931
2012-05-25 03:00:00,5.5661708955009
2012-05-25 04:00:00,5.7348996178395755
2012-05-25 05:00:00,23.601772000976908
2012-05-25 06:00:00,104.54357895839148
2012-05-25 07:00:00,288.41155722397065
2012-05-25 08:00:00,554.3360499475992
2012-05-25 09:00:00,287.72346123511784
2012-05-25 10:00:00,183.60193234758748
2012-05-25 11:00:00,214.24633981042743
2012-05-25 12:00:00,261.82968889331244
2012-05-25 13:00:00,255.36302869955048
2012-05-25 14:00:00,222.8512164985573
2012-05-25 15:00:00,239.4514146056688
2012-05-25 16:00:00,319.582712315335
2012-05-25 17:00:00,660.3439893302772
2012-05-25 18:00:00,568.5959784105332
2012-05-25 19:00:00,425.19600787215535
2012-05-25 20:00:00,304.0152815197826
2012-05-25 21:00:00,241.39797971654178
2012-05-25 22:00:00,230.41706234577944
2012-05-25 23:00:00,182.0046422282263
2012-05-26 00:00:00,139.36803832092897
2012-05-26 01:00:00,98.9726527375065
2012-05-26 02:00:00,72.84961191879624
2012-05-26 03:00:00,27.80632072327879
2012-05-26 04:00:00,8.918153797539832
2012-05-26 05:00:00,11.045933309103738
2012-05-26 06:00:00,25.38253475899086
2012-05-26 07:00:00,59.81018983984507
2012-05-26 08:00:00,140.36560030518254
2012-05-26 09:00:00,231.0287546316901
2012-05-26 10:00:00,330.6503824562412
2012-05-26 11:00:00,397.6080257632713
2012-05-26 12:00:00,439.6541872355434
2012-05-26 13:00:00,439.7142084813314
2012-05-26 14:00:00,439.40393508606627
2012-05-26 15:00:00,468.22781108341775
2012-05-26 16:00:00,463.41607020366115
2012-05-26 17:00:00,379.360395590329
2012-05-26 18:00:00,367.6278182335521
2012-05-26 19:00:00,325.9912408019296
2012-05-26 20:00:00,244.79628143345886
2012-05-26 21:00:00,194.7422537486795
2012-05-26 22:00:00,194.71412563171117
2012-05-26 23:00:00,160.1779349254129
2012-05-27 00:00:00,119.31476639993106
2012-05-27 01:00:00,102.41896177019858
2012-05-27 02:00:00,68.15240946931365
2012-05-27 03:00:00,34.64921351505158
2012-05-27 04:00:00,9.231289376926572
2012-05-27 05:00:00,10.286911463783838
2012-05-27 06:00:00,21.382663171061694
2012-05-27 07:00:00,56.42360604867563
2012-05-27 08:00:00,130.27255803165494
2012-05-27 09:00:00,216.6446464960405
2012-05-27 10:00:00,297.5058572716679
2012-05-27 11:00:00,323.267749352184
2012-05-27 12:00:00,381.4992504201853
2012-05-27 13:00:00,377.61774332304384
2012-05-27 14:00:00,369.4505254193598
2012-05-27 15:00:00,385.97888812794235
2012-05-27 16:00:00,420.6974802684489
2012-05-27 17:00:00,427.7274596778756
2012-05-27 18:00:00,383.8753272685532
2012-05-27 19:00:00,317.72084549695893
2012-05-27 20:00:00,260.0094295349512
2012-05-27 21:00:00,142.9397723979866
2012-05-27 22:00:00,93.65356174672681
2012-05-27 23:00:00,59.456293404705676
2012-05-28 00:00:00,92.27715922187018
2012-05-28 01:00:00,32.05845419763743
2012-05-28 02:00:00,29.47725822451168
2012-05-28 03:00:00,14.828544838349826
2012-05-28 04:00:00,9.84145419608363
2012-05-28 05:00:00,17.17170863377465
2012-05-28 06:00:00,34.34920329299136
2012-05-28 07:00:00,109.81186855278207
2012-05-28 08:00:00,133.90410258516332
2012-05-28 09:00:00,195.66208891071324
2012-05-28 10:00:00,245.49895620138074
2012-05-28 11:00:00,283.3156777355122
2012-05-28 12:00:00,408.07258989980386
2012-05-28 13:00:00,282.05390349014436
2012-05-28 14:00:00,277.83212514360946
2012-05-28 15:00:00,277.7510941372474
2012-05-28 16:00:00,314.3398584375838
2012-05-28 17:00:00,366.971865370444
2012-05-28 18:00:00,395.6188178544194
2012-05-28 19:00:00,381.947643495179
2012-05-28 20:00:00,308.44987336413647
2012-05-28 21:00:00,282.342221698141
2012-05-28 22:00:00,216.0457406210025
2012-05-28 23:00:00,115.80901242328491
2012-05-29 00:00:00,32.331534203616016
2012-05-29 01:00:00,14.016683596695849
2012-05-29 02:00:00,7.666465470205406
2012-05-29 03:00:00,4.618922067279881
2012-05-29 04:00:00,5.8044378411267115
2012-05-29 05:00:00,31.1695981814159
2012-05-29 06:00:00,137.46686155677676
2012-05-29 07:00:00,372.1574174677962
2012-05-29 08:00:00,501.75117777097455
2012-05-29 09:00:00,238.2157849838651
2012-05-29 10:00:00,132.27002541727603
2012-05-29 11:00:00,172.20878800461145
2012-05-29 12:00:00,187.571717685345
2012-05-29 13:00:00,169.5733156653118
2012-05-29 14:00:00,175.7941988449578
2012-05-29 15:00:00,170.889226116336
2012-05-29 16:00:00,297.34987566234946
2012-05-29 17:00:00,562.5922391802003
2012-05-29 18:00:00,580.7762653317889
2012-05-29 19:00:00,391.4139456496195
2012-05-29 20:00:00,202.15256514072732
2012-05-29 21:00:00,83.92431292007522
2012-05-29 22:00:00,133.1131960415578
2012-05-29 23:00:00,75.97798410566799
2012-05-30 00:00:00,29.190460663692736
2012-05-30 01:00:00,13.002509476679363
2012-05-30 02:00:00,5.794920766134191
2012-05-30 03:00:00,3.911586640516351
2012-05-30 04:00:00,4.680632865696314
2012-05-30 05:00:00,34.30803480451703
2012-05-30 06:00:00,148.41489714957714
2012-05-30 07:00:00,280.1640043729956
2012-05-30 08:00:00,604.8895904786635
2012-05-30 09:00:00,321.0088017384334
2012-05-30 10:00:00,168.38685702624068
2012-05-30 11:00:00,205.44666301997626
2012-05-30 12:00:00,268.6744221539865
2012-05-30 13:00:00,246.58996848392485
2012-05-30 14:00:00,259.47820172034835
2012-05-30 15:00:00,218.86891231598233
2012-05-30 16:00:00,340.0334407089526
2012-05-30 17:00:00,550.1912531602285
2012-05-30 18:00:00,634.53430005902635
2012-05-30 19:00:00,525.6712991798114
2012-05-30 20:00:00,297.16343575893774
2012-05-30 21:00:00,304.0573085479892
2012-05-30 22:00:00,200.39595538550986
2012-05-30 23:00:00,126.39670632274085
2012-05-31 00:00:00,48.239914932745826
2012-05-31 01:00:00,19.24707326128533
2012-05-31 02:00:00,10.218293860534164
2012-05-31 03:00:00,6.424872566006538
2012-05-31 04:00:00,6.695882589433658
2012-05-31 05:00:00,32.323251944952126
2012-05-31 06:00:00,138.62914085012926
2012-05-31 07:00:00,420.08046232786654
2012-05-31 08:00:00,587.6350830590904
2012-05-31 09:00:00,315.60712359159953
2012-05-31 10:00:00,166.4158800788801
2012-05-31 11:00:00,216.25392657080545
2012-05-31 12:00:00,303.5471675042512
2012-05-31 13:00:00,276.1347518191867
2012-05-31 14:00:00,216.82175613351515
2012-05-31 15:00:00,238.56689094891553
2012-05-31 16:00:00,377.34834006708445
2012-05-31 17:00:00,677.8907328063656
2012-05-31 18:00:00,655.525011404947
2012-05-31 19:00:00,584.155804398419
2012-05-31 20:00:00,389.9022824857445
2012-05-31 21:00:00,309.96117363608346
2012-05-31 22:00:00,230.20663715583234
2012-05-31 23:00:00,146.14577677071676
2012-06-20 00:00:00,34.12503364367923
2012-06-20 01:00:00,17.950001410254586
2012-06-20 02:00:00,8.07972329759932
2012-06-20 03:00:00,6.698520378643748
2012-06-20 04:00:00,6.421225700755961
2012-06-20 05:00:00,35.92876109296535
2012-06-20 06:00:00,116.52458554941731
2012-06-20 07:00:00,303.26190072658324
2012-06-20 08:00:00,488.19429533877457
2012-06-20 09:00:00,257.70048801769315
2012-06-20 10:00:00,113.55367566713477
2012-06-20 11:00:00,134.12379585115835
2012-06-20 12:00:00,155.7324396530148
2012-06-20 13:00:00,156.1914457841698
2012-06-20 14:00:00,140.74504111019584
2012-06-20 15:00:00,162.04042180128428
2012-06-20 16:00:00,251.99734146154483
2012-06-20 17:00:00,458.73351210162423
2012-06-20 18:00:00,467.3652978176144
2012-06-20 19:00:00,369.64715618144487
2012-06-20 20:00:00,252.94478537872288
2012-06-20 21:00:00,222.9165433621061
2012-06-20 22:00:00,161.77379663412842
2012-06-20 23:00:00,108.46741068364649
2012-06-21 00:00:00,61.54174579801203
2012-06-21 01:00:00,21.99709156658366
2012-06-21 02:00:00,10.638239334074534
2012-06-21 03:00:00,6.077199388102112
2012-06-21 04:00:00,7.077398769798233
2012-06-21 05:00:00,34.519593446020444
2012-06-21 06:00:00,153.09468037821713
2012-06-21 07:00:00,403.0277859352312
2012-06-21 08:00:00,597.5804157625896
2012-06-21 09:00:00,281.70589210379785
2012-06-21 10:00:00,209.2218405759351
2012-06-21 11:00:00,199.8205633323645
2012-06-21 12:00:00,252.8014058568899
2012-06-21 13:00:00,248.1099151430274
2012-06-21 14:00:00,224.66197090287753
2012-06-21 15:00:00,250.27114121332724
2012-06-21 16:00:00,386.35450873869286
2012-06-21 17:00:00,687.5262769304029
2012-06-21 18:00:00,663.5860969848727
2012-06-21 19:00:00,489.99523481988115
2012-06-21 20:00:00,406.00890574757045
2012-06-21 21:00:00,325.19300047909627
2012-06-21 22:00:00,224.57162346945677
2012-06-21 23:00:00,157.97964235955044
2012-06-22 00:00:00,76.00853326605977
2012-06-22 01:00:00,32.765806153703984
2012-06-22 02:00:00,14.100846242757422
2012-06-22 03:00:00,7.046949524317564
2012-06-22 04:00:00,8.49872032786847
2012-06-22 05:00:00,31.319025561554938
2012-06-22 06:00:00,136.93558355177885
2012-06-22 07:00:00,321.42414080952324
2012-06-22 08:00:00,472.9395783025215
2012-06-22 09:00:00,270.012542574756
2012-06-22 10:00:00,169.4760758447763
2012-06-22 11:00:00,221.88633272595112
2012-06-22 12:00:00,284.0264495661951
2012-06-22 13:00:00,273.40430854732426
2012-06-22 14:00:00,256.2166551137296
2012-06-22 15:00:00,291.6718766412594
2012-06-22 16:00:00,404.86563033266293
2012-06-22 17:00:00,830.988802802961
2012-06-22 18:00:00,668.9245367559648
2012-06-22 19:00:00,397.5747282408905
2012-06-22 20:00:00,281.30872423401223
2012-06-22 21:00:00,171.57444535130364
2012-06-22 22:00:00,194.58848684095037
2012-06-22 23:00:00,137.93524177236532
2012-06-23 00:00:00,135.14435134506732
2012-06-23 01:00:00,96.828457149851
2012-06-23 02:00:00,56.746741703675156
2012-06-23 03:00:00,26.577404483809374
2012-06-23 04:00:00,7.44502680773645
2012-06-23 05:00:00,6.769945842083902
2012-06-23 06:00:00,19.137266275449726
2012-06-23 07:00:00,50.27152339990996
2012-06-23 08:00:00,135.64143402656157
2012-06-23 09:00:00,227.1001175216659
2012-06-23 10:00:00,321.5493880970829
2012-06-23 11:00:00,445.7874510172878
2012-06-23 12:00:00,474.7802948626108
2012-06-23 13:00:00,466.4345683135096
2012-06-23 14:00:00,479.15061144860624
2012-06-23 15:00:00,405.13412807074457
2012-06-23 16:00:00,421.8057184046987
2012-06-23 17:00:00,408.4812894944877
2012-06-23 18:00:00,357.3678775720455
2012-06-23 19:00:00,316.23444498060866
2012-06-23 20:00:00,265.4931445381395
2012-06-23 21:00:00,244.4615400175058
2012-06-23 22:00:00,243.67785568712185
2012-06-23 23:00:00,212.23238572319363
2012-06-24 00:00:00,161.4798673305506
2012-06-24 01:00:00,112.62549338547066
2012-06-24 02:00:00,79.64267465109901
2012-06-24 03:00:00,31.83346212430256
2012-06-24 04:00:00,11.939199098056731
2012-06-24 05:00:00,10.91391118917021
2012-06-24 06:00:00,18.526226962826463
2012-06-24 07:00:00,57.29660861532022
2012-06-24 08:00:00,121.97462712276312
2012-06-24 09:00:00,231.05872740476957
2012-06-24 10:00:00,350.00676403114846
2012-06-24 11:00:00,433.79358436547665
2012-06-24 12:00:00,472.8407164088544
2012-06-24 13:00:00,456.3894222822117
2012-06-24 14:00:00,394.5109834329454
2012-06-24 15:00:00,401.04415369094585
2012-06-24 16:00:00,447.2509107410988
2012-06-24 17:00:00,455.99653299302014
2012-06-24 18:00:00,427.5434695220697
2012-06-24 19:00:00,353.8222206731164
2012-06-24 20:00:00,279.61163351457554
2012-06-24 21:00:00,230.37623863986153
2012-06-24 22:00:00,177.11242692510754
2012-06-24 23:00:00,106.75310947970421
2012-06-25 00:00:00,36.241697576632255
2012-06-25 01:00:00,17.18097678024073
2012-06-25 02:00:00,10.049801713395023
2012-06-25 03:00:00,5.690500551752002
2012-06-25 04:00:00,6.013743879620147
2012-06-25 05:00:00,29.220160394205205
2012-06-25 06:00:00,114.94492612596686
2012-06-25 07:00:00,316.24061986629033
2012-06-25 08:00:00,470.307883728021
2012-06-25 09:00:00,243.35328481413723
2012-06-25 10:00:00,147.37719056032574
2012-06-25 11:00:00,154.6591776933877
2012-06-25 12:00:00,259.05325543424556
2012-06-25 13:00:00,188.65956826685468
2012-06-25 14:00:00,212.58599630621467
2012-06-25 15:00:00,224.40399250454396
2012-06-25 16:00:00,315.40645396094493
2012-06-25 17:00:00,464.1097181018226
2012-06-25 18:00:00,444.74867444864145
2012-06-25 19:00:00,297.1355415935825
2012-06-25 20:00:00,218.414249498742
2012-06-25 21:00:00,223.0930797152252
2012-06-25 22:00:00,151.96077011708368
2012-06-25 23:00:00,94.49522009356897
2012-06-26 00:00:00,33.18594840110009
2012-06-26 01:00:00,14.190492865970253
2012-06-26 02:00:00,6.01905297125134
2012-06-26 03:00:00,4.570629622992629
2012-06-26 04:00:00,5.420147409465107
2012-06-26 05:00:00,39.44433765904291
2012-06-26 06:00:00,166.87197145407268
2012-06-26 07:00:00,487.0043237597725
2012-06-26 08:00:00,613.3191699527844
2012-06-26 09:00:00,307.0965818588175
2012-06-26 10:00:00,182.85004798068917
2012-06-26 11:00:00,268.45428710863195
2012-06-26 12:00:00,328.26648408409693
2012-06-26 13:00:00,282.45610935470586
2012-06-26 14:00:00,268.62215104210924
2012-06-26 15:00:00,237.76532097869503
2012-06-26 16:00:00,380.0869908458316
2012-06-26 17:00:00,648.0988641191134
2012-06-26 18:00:00,663.1238854414925
2012-06-26 19:00:00,515.729450117873
2012-06-26 20:00:00,372.53408504129817
2012-06-26 21:00:00,296.72192789065735
2012-06-26 22:00:00,228.18009141617708
2012-06-26 23:00:00,117.76560928019815
2012-06-27 00:00:00,36.014558298854254
2012-06-27 01:00:00,14.251836492821495
2012-06-27 02:00:00,9.293450288585568
2012-06-27 03:00:00,5.477737571516161
2012-06-27 04:00:00,5.445816402905169
2012-06-27 05:00:00,25.04120944037653
2012-06-27 06:00:00,127.68281342130102
2012-06-27 07:00:00,346.34175767164623
2012-06-27 08:00:00,528.946559703047
2012-06-27 09:00:00,270.32006003644756
2012-06-27 10:00:00,201.84865984177097
2012-06-27 11:00:00,131.17972004045671
2012-06-27 12:00:00,185.45671071578752
2012-06-27 13:00:00,171.02350756590306
2012-06-27 14:00:00,173.58930791880098
2012-06-27 15:00:00,202.19091509799537
2012-06-27 16:00:00,296.32779217530407
2012-06-27 17:00:00,529.1985976002665
2012-06-27 18:00:00,492.8479498904766
2012-06-27 19:00:00,345.2942972808711
2012-06-27 20:00:00,314.73622119988323
2012-06-27 21:00:00,258.6308355081655
2012-06-27 22:00:00,219.98083310346058
2012-06-27 23:00:00,121.06793187333123
2012-06-28 00:00:00,53.86153824829909
2012-06-28 01:00:00,22.06208212049433
2012-06-28 02:00:00,11.999194609972418
2012-06-28 03:00:00,6.722099469511361
2012-06-28 04:00:00,7.115191089111996
2012-06-28 05:00:00,30.190236113328325
2012-06-28 06:00:00,133.34211544389152
2012-06-28 07:00:00,407.5499903245732
2012-06-28 08:00:00,560.5697390509621
2012-06-28 09:00:00,293.7136267024837
2012-06-28 10:00:00,183.31761030354969
2012-06-28 11:00:00,185.21877285819716
2012-06-28 12:00:00,202.78271677857236
2012-06-28 13:00:00,207.63667810654
2012-06-28 14:00:00,168.2355954512716
2012-06-28 15:00:00,180.4901430968322
2012-06-28 16:00:00,332.3225572029995
2012-06-28 17:00:00,628.7745306479978
2012-06-28 18:00:00,582.7902835105699
2012-06-28 19:00:00,378.2834323969113
2012-06-28 20:00:00,416.25735799363287
2012-06-28 21:00:00,268.0274626136748
2012-06-28 22:00:00,212.44960882449885
2012-06-28 23:00:00,147.3890749908287
2012-06-29 00:00:00,87.03700343779877
2012-06-29 01:00:00,35.14624780222227
2012-06-29 02:00:00,16.55202981773912
2012-06-29 03:00:00,6.599183374231494
2012-06-29 04:00:00,6.878400536103341
2012-06-29 05:00:00,32.98653007852695
2012-06-29 06:00:00,146.49254822425675
2012-06-29 07:00:00,373.6410463038204
2012-06-29 08:00:00,522.7461332802555
2012-06-29 09:00:00,259.10667523574074
2012-06-29 10:00:00,175.81214156261777
2012-06-29 11:00:00,239.8042157226355
2012-06-29 12:00:00,321.12849985446036
2012-06-29 13:00:00,218.31950116118372
2012-06-29 14:00:00,215.20869103015468
2012-06-29 15:00:00,207.21295645835448
2012-06-29 16:00:00,308.43427742241636
2012-06-29 17:00:00,558.4464934549654
2012-06-29 18:00:00,434.12023664850784
2012-06-29 19:00:00,430.48426789408074
2012-06-29 20:00:00,314.03053992928307
2012-06-29 21:00:00,286.13138324162907
2012-06-29 22:00:00,176.9456082985685
2012-06-29 23:00:00,129.4078418819028
2012-06-30 00:00:00,104.8002051161292
2012-06-30 01:00:00,84.49208677966573
2012-06-30 02:00:00,69.18667682801427
2012-06-30 03:00:00,32.765925054477094
2012-06-30 04:00:00,6.837027928301904
2012-06-30 05:00:00,8.63865813322662
2012-06-30 06:00:00,20.1931290357685
2012-06-30 07:00:00,52.213896190143366
2012-06-30 08:00:00,126.15296880020469
2012-06-30 09:00:00,209.9919737187193
2012-06-30 10:00:00,284.9999659514366
2012-06-30 11:00:00,361.57366504594376
2012-06-30 12:00:00,434.11691177775964
2012-06-30 13:00:00,436.1463723029067
2012-06-30 14:00:00,426.9060031681028
2012-06-30 15:00:00,429.3238952323104
2012-06-30 16:00:00,388.8479745085861
2012-06-30 17:00:00,404.7634085948235
2012-06-30 18:00:00,374.9029470098073
2012-06-30 19:00:00,367.5486287396315
2012-06-30 20:00:00,310.9979689031906
2012-06-30 21:00:00,272.974680018857
2012-06-30 22:00:00,201.12242559384023
2012-06-30 23:00:00,172.33406786431703
2012-07-20 00:00:00,47.25760600803974
2012-07-20 01:00:00,28.72093377762543
2012-07-20 02:00:00,14.144992481177308
2012-07-20 03:00:00,7.540874407044402
2012-07-20 04:00:00,7.445256380911036
2012-07-20 05:00:00,30.8809047028654
2012-07-20 06:00:00,127.71194976240996
2012-07-20 07:00:00,284.88455758386675
2012-07-20 08:00:00,522.9669163985801
2012-07-20 09:00:00,308.3996530843738
2012-07-20 10:00:00,180.53076677598267
2012-07-20 11:00:00,169.8139991306296
2012-07-20 12:00:00,138.2278028272471
2012-07-20 13:00:00,132.92548125710945
2012-07-20 14:00:00,130.44727944369114
2012-07-20 15:00:00,169.04727824017988
2012-07-20 16:00:00,217.7984834423482
2012-07-20 17:00:00,301.7058011237564
2012-07-20 18:00:00,386.60038761531695
2012-07-20 19:00:00,221.37694974609758
2012-07-20 20:00:00,82.01750884733187
2012-07-20 21:00:00,75.32774359614174
2012-07-20 22:00:00,137.6887511496143
2012-07-20 23:00:00,84.3138193350226
2012-07-21 00:00:00,70.12993138141786
2012-07-21 01:00:00,76.77379696614392
2012-07-21 02:00:00,41.29979774749867
2012-07-21 03:00:00,22.394274730426098
2012-07-21 04:00:00,6.306529024187246
2012-07-21 05:00:00,8.071703757778819
2012-07-21 06:00:00,18.22141140808076
2012-07-21 07:00:00,54.29086216367736
2012-07-21 08:00:00,134.94023259637572
2012-07-21 09:00:00,208.99767134232738
2012-07-21 10:00:00,172.80349065228776
2012-07-21 11:00:00,309.6771422956238
2012-07-21 12:00:00,197.42052642315699
2012-07-21 13:00:00,195.14793077177964
2012-07-21 14:00:00,323.65601480259954
2012-07-21 15:00:00,223.19894187667092
2012-07-21 16:00:00,168.9417807384587
2012-07-21 17:00:00,173.85930705611221
2012-07-21 18:00:00,221.74978126819443
2012-07-21 19:00:00,227.56277402281432
2012-07-21 20:00:00,127.07808809561513
2012-07-21 21:00:00,159.73145338958426
2012-07-21 22:00:00,134.3509955961014
2012-07-21 23:00:00,95.83971111307277
2012-07-22 00:00:00,104.86185572967204
2012-07-22 01:00:00,81.8728331776983
2012-07-22 02:00:00,55.778191312658976
2012-07-22 03:00:00,26.637412484642372
2012-07-22 04:00:00,7.986881770629911
2012-07-22 05:00:00,9.114800833677803
2012-07-22 06:00:00,13.550863851881994
2012-07-22 07:00:00,44.85506849761833
2012-07-22 08:00:00,101.01595956973004
2012-07-22 09:00:00,225.41524749455635
2012-07-22 10:00:00,318.7549853614584
2012-07-22 11:00:00,344.8211508911849
2012-07-22 12:00:00,432.57619432274765
2012-07-22 13:00:00,404.7228643415966
2012-07-22 14:00:00,398.7101403907212
2012-07-22 15:00:00,395.97101625475614
2012-07-22 16:00:00,411.4590563397561
2012-07-22 17:00:00,408.24736355019104
2012-07-22 18:00:00,368.2449407795645
2012-07-22 19:00:00,305.3170960449841
2012-07-22 20:00:00,214.02253551020405
2012-07-22 21:00:00,164.27924553131706
2012-07-22 22:00:00,131.5713324980073
2012-07-22 23:00:00,87.88752624977836
2012-07-23 00:00:00,24.63175008198584
2012-07-23 01:00:00,12.379126564165995
2012-07-23 02:00:00,6.69429317022238
2012-07-23 03:00:00,4.158504198728933
2012-07-23 04:00:00,5.308761011710827
2012-07-23 05:00:00,22.989278187977206
2012-07-23 06:00:00,94.67381713908885
2012-07-23 07:00:00,285.14285967603905
2012-07-23 08:00:00,486.03876198945153
2012-07-23 09:00:00,292.9183182360286
2012-07-23 10:00:00,179.91816132576045
2012-07-23 11:00:00,220.2546038421783
2012-07-23 12:00:00,287.9385093965818
2012-07-23 13:00:00,292.9675312118461
2012-07-23 14:00:00,245.99763887076992
2012-07-23 15:00:00,208.30570123508016
2012-07-23 16:00:00,343.5515375693382
2012-07-23 17:00:00,651.2868649404726
2012-07-23 18:00:00,649.6408831170573
2012-07-23 19:00:00,491.3251184161933
2012-07-23 20:00:00,391.49191226870977
2012-07-23 21:00:00,281.42565990275506
2012-07-23 22:00:00,181.45763872329383
2012-07-23 23:00:00,100.52403486578311
2012-07-24 00:00:00,42.91344918848845
2012-07-24 01:00:00,17.555748836426407
2012-07-24 02:00:00,7.151085026851872
2012-07-24 03:00:00,5.058428293924561
2012-07-24 04:00:00,6.122275769722175
2012-07-24 05:00:00,31.9459417986654
2012-07-24 06:00:00,126.94633281649295
2012-07-24 07:00:00,368.87210830315723
2012-07-24 08:00:00,543.2311881559441
2012-07-24 09:00:00,226.70847377057896
2012-07-24 10:00:00,119.68314860366111
2012-07-24 11:00:00,154.19698481359234
2012-07-24 12:00:00,208.3263993303348
2012-07-24 13:00:00,187.30836066859257
2012-07-24 14:00:00,185.406819224219
2012-07-24 15:00:00,187.37171719575517
2012-07-24 16:00:00,318.9393807403738
2012-07-24 17:00:00,559.6014417601509
2012-07-24 18:00:00,661.9015151405578
2012-07-24 19:00:00,500.22941700497233
2012-07-24 20:00:00,344.491668384196
2012-07-24 21:00:00,265.59894602100593
2012-07-24 22:00:00,189.8996971822376
2012-07-24 23:00:00,97.97242207792735
2012-07-25 00:00:00,38.98086153069099
2012-07-25 01:00:00,18.511567171335606
2012-07-25 02:00:00,8.322897323411516
2012-07-25 03:00:00,5.44871067449459
2012-07-25 04:00:00,5.723439143627846
2012-07-25 05:00:00,32.04539147192404
2012-07-25 06:00:00,137.28534420305667
2012-07-25 07:00:00,369.70844550752
2012-07-25 08:00:00,534.3976194016328
2012-07-25 09:00:00,250.48249791970903
2012-07-25 10:00:00,147.5624504417725
2012-07-25 11:00:00,161.8420043588158
2012-07-25 12:00:00,215.5610949472818
2012-07-25 13:00:00,225.64902793054895
2012-07-25 14:00:00,190.94422435175676
2012-07-25 15:00:00,220.65225655152614
2012-07-25 16:00:00,318.0772454174316
2012-07-25 17:00:00,651.3492042178098
2012-07-25 18:00:00,588.3975250022323
2012-07-25 19:00:00,446.5433770294399
2012-07-25 20:00:00,426.87491303487616
2012-07-25 21:00:00,298.56869614673093
2012-07-25 22:00:00,200.65162356345004
2012-07-25 23:00:00,127.30450641531573
2012-07-26 00:00:00,49.41037026225539
2012-07-26 01:00:00,21.055291501883893
2012-07-26 02:00:00,11.980080825890758
2012-07-26 03:00:00,6.292122701513367
2012-07-26 04:00:00,5.830941663235869
2012-07-26 05:00:00,30.55679804211141
2012-07-26 06:00:00,150.34146121428185
2012-07-26 07:00:00,430.9988326364656
2012-07-26 08:00:00,544.6647441318918
2012-07-26 09:00:00,290.78076908408553
2012-07-26 10:00:00,164.10116422863888
2012-07-26 11:00:00,173.05896176796108
2012-07-26 12:00:00,219.62183164512163
2012-07-26 13:00:00,203.39118304224257
2012-07-26 14:00:00,206.15860435427845
2012-07-26 15:00:00,200.26300923357303
2012-07-26 16:00:00,306.74887067403324
2012-07-26 17:00:00,627.5623397584279
2012-07-26 18:00:00,641.0668075905861
2012-07-26 19:00:00,434.08223885557896
2012-07-26 20:00:00,380.4638259478263
2012-07-26 21:00:00,264.41137444775734
2012-07-26 22:00:00,194.28779925951494
2012-07-26 23:00:00,144.34671679529728
2012-07-27 00:00:00,82.97146577123942
2012-07-27 01:00:00,34.40182211376581
2012-07-27 02:00:00,14.695962256123199
2012-07-27 03:00:00,7.633938647902863
2012-07-27 04:00:00,7.554771306625269
2012-07-27 05:00:00,34.21650881539081
2012-07-27 06:00:00,129.78447445118508
2012-07-27 07:00:00,376.7908707732826
2012-07-27 08:00:00,587.8280397369512
2012-07-27 09:00:00,276.67762467576824
2012-07-27 10:00:00,195.30486070980842
2012-07-27 11:00:00,214.40547284496844
2012-07-27 12:00:00,263.42716125673144
2012-07-27 13:00:00,265.6607471155109
2012-07-27 14:00:00,258.7516483774095
2012-07-27 15:00:00,263.3557078230074
2012-07-27 16:00:00,400.003654693503
2012-07-27 17:00:00,670.9690778978243
2012-07-27 18:00:00,608.6627840024155
2012-07-27 19:00:00,453.21045247432914
2012-07-27 20:00:00,343.6481659903384
2012-07-27 21:00:00,282.6257563625645
2012-07-27 22:00:00,247.46386518567027
2012-07-27 23:00:00,169.97847702503654
2012-07-28 00:00:00,141.7359639001095
2012-07-28 01:00:00,107.7495630763753
2012-07-28 02:00:00,79.28198843696484
2012-07-28 03:00:00,34.00830413978451
2012-07-28 04:00:00,9.349011861932913
2012-07-28 05:00:00,12.117757777866217
2012-07-28 06:00:00,31.676402878577523
2012-07-28 07:00:00,65.78965812986996
2012-07-28 08:00:00,132.30115969119632
2012-07-28 09:00:00,236.3108998741297
2012-07-28 10:00:00,332.94228908161597
2012-07-28 11:00:00,371.158451677749
2012-07-28 12:00:00,465.08943335962715
2012-07-28 13:00:00,478.76754895321534
2012-07-28 14:00:00,429.40832625635807
2012-07-28 15:00:00,439.2714694977763
2012-07-28 16:00:00,432.70040559982596
2012-07-28 17:00:00,421.4165262118936
2012-07-28 18:00:00,409.1393517752107
2012-07-28 19:00:00,296.9283474443357
2012-07-28 20:00:00,230.9914131915655
2012-07-28 21:00:00,219.29440997743828
2012-07-28 22:00:00,187.84487664521467
2012-07-28 23:00:00,173.6359389497192
2012-07-29 00:00:00,136.98097512713917
2012-07-29 01:00:00,97.5341470750874
2012-07-29 02:00:00,76.17163151148536
2012-07-29 03:00:00,31.010964803947292
2012-07-29 04:00:00,9.435849076676314
2012-07-29 05:00:00,9.41951541951472
2012-07-29 06:00:00,19.429388994604146
2012-07-29 07:00:00,59.606731587955004
2012-07-29 08:00:00,110.39859098008495
2012-07-29 09:00:00,209.7364869670043
2012-07-29 10:00:00,301.4032007365872
2012-07-29 11:00:00,324.46506048561105
2012-07-29 12:00:00,391.8923503020412
2012-07-29 13:00:00,424.38195475142476
2012-07-29 14:00:00,401.7334417659806
2012-07-29 15:00:00,416.567170911079
2012-07-29 16:00:00,447.51665647705676
2012-07-29 17:00:00,450.4795171549092
2012-07-29 18:00:00,394.82015432035365
2012-07-29 19:00:00,328.24149949107976
2012-07-29 20:00:00,264.21936337583287
2012-07-29 21:00:00,203.95718794394207
2012-07-29 22:00:00,158.87663881843667
2012-07-29 23:00:00,114.98268115845401
2012-07-30 00:00:00,41.5167688501001
2012-07-30 01:00:00,17.909212490030445
2012-07-30 02:00:00,9.199499839450228
2012-07-30 03:00:00,4.834016237523709
2012-07-30 04:00:00,5.590411897738972
2012-07-30 05:00:00,30.921354807438302
2012-07-30 06:00:00,113.59120246518275
2012-07-30 07:00:00,270.7171275629163
2012-07-30 08:00:00,575.5648701242975
2012-07-30 09:00:00,321.11355151015687
2012-07-30 10:00:00,175.0476426524149
2012-07-30 11:00:00,217.52309800188985
2012-07-30 12:00:00,274.8658478387973
2012-07-30 13:00:00,245.48689277727098
2012-07-30 14:00:00,226.40351861637035
2012-07-30 15:00:00,237.454227527354
2012-07-30 16:00:00,345.6689012148259
2012-07-30 17:00:00,563.5255522727899
2012-07-30 18:00:00,589.8384704398692
2012-07-30 19:00:00,467.7605413542034
2012-07-30 20:00:00,331.5927868296999
2012-07-30 21:00:00,252.50543592512042
2012-07-30 22:00:00,162.8461921030633
2012-07-30 23:00:00,89.74171116536715
2012-07-31 00:00:00,38.014618658986784
2012-07-31 01:00:00,13.87051785961645
2012-07-31 02:00:00,6.914369048751333
2012-07-31 03:00:00,4.868937966897922
2012-07-31 04:00:00,6.122275769722175
2012-07-31 05:00:00,30.95124449881273
2012-07-31 06:00:00,139.80324799719065
2012-07-31 07:00:00,354.18161283999046
2012-07-31 08:00:00,496.1628116215852
2012-07-31 09:00:00,296.614404964935
2012-07-31 10:00:00,160.40415375094298
2012-07-31 11:00:00,176.08414368336597
2012-07-31 12:00:00,227.33718660339244
2012-07-31 13:00:00,200.17382996879462
2012-07-31 14:00:00,188.40334284057397
2012-07-31 15:00:00,229.04609009656
2012-07-31 16:00:00,334.917683722647
2012-07-31 17:00:00,639.8166399969596
2012-07-31 18:00:00,622.9174960988955
2012-07-31 19:00:00,447.6966276019056
2012-07-31 20:00:00,257.2673061203786
2012-07-31 21:00:00,208.01932024895888
2012-07-31 22:00:00,178.54539739019972
2012-07-31 23:00:00,103.38668676559867
2012-08-20 00:00:00,29.8614619870315
2012-08-20 01:00:00,14.876841703981706
2012-08-20 02:00:00,7.627939989706075
2012-08-20 03:00:00,4.523635146631086
2012-08-20 04:00:00,5.134901433694024
2012-08-20 05:00:00,18.019332315864897
2012-08-20 06:00:00,115.09823241966839
2012-08-20 07:00:00,319.1010069905013
2012-08-20 08:00:00,539.6869207855598
2012-08-20 09:00:00,249.79888279910736
2012-08-20 10:00:00,150.32295721353677
2012-08-20 11:00:00,192.98876104850817
2012-08-20 12:00:00,267.71303363274455
2012-08-20 13:00:00,209.96377555900074
2012-08-20 14:00:00,205.82902283038234
2012-08-20 15:00:00,220.5707164512344
2012-08-20 16:00:00,339.1823322723606
2012-08-20 17:00:00,549.8146853919794
2012-08-20 18:00:00,527.7924530052214
2012-08-20 19:00:00,389.55711091961274
2012-08-20 20:00:00,215.88570534114052
2012-08-20 21:00:00,143.60249475372217
2012-08-20 22:00:00,87.19938298240072
2012-08-20 23:00:00,45.40261962618711
2012-08-21 00:00:00,27.111764245789026
2012-08-21 01:00:00,12.912129471499235
2012-08-21 02:00:00,5.203952079445491
2012-08-21 03:00:00,4.474012267420864
2012-08-21 04:00:00,5.609681207150041
2012-08-21 05:00:00,30.524135669488352
2012-08-21 06:00:00,127.70800867076467
2012-08-21 07:00:00,330.1065510120187
2012-08-21 08:00:00,503.0520404060971
2012-08-21 09:00:00,257.9928352017097
2012-08-21 10:00:00,168.71842794682584
2012-08-21 11:00:00,191.09920058331798
2012-08-21 12:00:00,257.80310377469243
2012-08-21 13:00:00,264.50564869630165
2012-08-21 14:00:00,220.63547144467518
2012-08-21 15:00:00,228.32555908236137
2012-08-21 16:00:00,347.8036504165974
2012-08-21 17:00:00,599.7684538598224
2012-08-21 18:00:00,671.91152135211
2012-08-21 19:00:00,376.2737868768966
2012-08-21 20:00:00,281.3694964356689
2012-08-21 21:00:00,227.7467921547159
2012-08-21 22:00:00,141.83000687783095
2012-08-21 23:00:00,89.5332609258733
2012-08-22 00:00:00,40.79294664429679
2012-08-22 01:00:00,15.808447459589619
2012-08-22 02:00:00,6.610788766379347
2012-08-22 03:00:00,5.526662682278347
2012-08-22 04:00:00,6.992228221533124
2012-08-22 05:00:00,26.899099577710587
2012-08-22 06:00:00,139.02665680226866
2012-08-22 07:00:00,349.3606843699029
2012-08-22 08:00:00,548.884360658901
2012-08-22 09:00:00,275.0196653847999
2012-08-22 10:00:00,181.4005527663622
2012-08-22 11:00:00,184.36671658717074
2012-08-22 12:00:00,206.98999811231354
2012-08-22 13:00:00,220.76937548524648
2012-08-22 14:00:00,204.71557235317093
2012-08-22 15:00:00,229.17958307651227
2012-08-22 16:00:00,225.95020069852984
2012-08-22 17:00:00,472.56108868546426
2012-08-22 18:00:00,530.4870600670508
2012-08-22 19:00:00,425.9700570142241
2012-08-22 20:00:00,329.6969641437342
2012-08-22 21:00:00,255.6217440491734
2012-08-22 22:00:00,191.1731035667333
2012-08-22 23:00:00,105.34983274118437
2012-08-23 00:00:00,48.375417964226976
2012-08-23 01:00:00,18.242733365798177
2012-08-23 02:00:00,8.472800991763986
2012-08-23 03:00:00,5.9196786587138055
2012-08-23 04:00:00,5.622291623602307
2012-08-23 05:00:00,26.08682109982115
2012-08-23 06:00:00,100.69068927298282
2012-08-23 07:00:00,300.6751244504064
2012-08-23 08:00:00,544.1100017425439
2012-08-23 09:00:00,320.4539736846741
2012-08-23 10:00:00,176.56200538896482
2012-08-23 11:00:00,215.5936368679893
2012-08-23 12:00:00,240.82687650518983
2012-08-23 13:00:00,263.68567853621926
2012-08-23 14:00:00,213.09654716769907
2012-08-23 15:00:00,241.77415110455595
2012-08-23 16:00:00,382.79868911176027
2012-08-23 17:00:00,678.2968890845492
2012-08-23 18:00:00,711.8474648505728
2012-08-23 19:00:00,528.7644497397058
2012-08-23 20:00:00,370.66972662810747
2012-08-23 21:00:00,277.81671283396975
2012-08-23 22:00:00,193.15260840941366
2012-08-23 23:00:00,119.89832165952379
2012-08-24 00:00:00,69.78027640201438
2012-08-24 01:00:00,28.337299401427785
2012-08-24 02:00:00,15.48642906625496
2012-08-24 03:00:00,7.536124914952339
2012-08-24 04:00:00,7.28156162912562
2012-08-24 05:00:00,27.34112669379387
2012-08-24 06:00:00,100.20184664782971
2012-08-24 07:00:00,302.8896457727429
2012-08-24 08:00:00,571.1177565341319
2012-08-24 09:00:00,328.89053409985013
2012-08-24 10:00:00,242.31984842428778
2012-08-24 11:00:00,251.5430919690557
2012-08-24 12:00:00,317.1374300786574
2012-08-24 13:00:00,329.1665514889109
2012-08-24 14:00:00,236.85631697564003
2012-08-24 15:00:00,306.989613080248
2012-08-24 16:00:00,453.5229961824989
2012-08-24 17:00:00,709.5047247890127
2012-08-24 18:00:00,606.8831158873504
2012-08-24 19:00:00,428.4427293443996
2012-08-24 20:00:00,292.3672636246859
2012-08-24 21:00:00,249.57260116588833
2012-08-24 22:00:00,208.48749664266512
2012-08-24 23:00:00,131.3217123801834
2012-08-25 00:00:00,152.91225205670563
2012-08-25 01:00:00,99.56710570147924
2012-08-25 02:00:00,72.93275597495126
2012-08-25 03:00:00,35.07162611253365
2012-08-25 04:00:00,10.469632961921418
2012-08-25 05:00:00,8.925601913677113
2012-08-25 06:00:00,26.420262621543035
2012-08-25 07:00:00,54.33668874093716
2012-08-25 08:00:00,125.43097460284066
2012-08-25 09:00:00,214.15497817561646
2012-08-25 10:00:00,320.2994617955218
2012-08-25 11:00:00,356.71077319295443
2012-08-25 12:00:00,458.116859355584
2012-08-25 13:00:00,485.92052265707775
2012-08-25 14:00:00,379.40057778835325
2012-08-25 15:00:00,344.6612156684805
2012-08-25 16:00:00,364.08682885469256
2012-08-25 17:00:00,314.0030679179959
2012-08-25 18:00:00,362.1889309570805
2012-08-25 19:00:00,261.0921896745308
2012-08-25 20:00:00,128.3588851800582
2012-08-25 21:00:00,160.12251007290334
2012-08-25 22:00:00,144.8698485741959
2012-08-25 23:00:00,116.80750602009859
2012-08-26 00:00:00,130.35096773769806
2012-08-26 01:00:00,88.48505938025517
2012-08-26 02:00:00,63.09160927086222
2012-08-26 03:00:00,27.796072006963232
2012-08-26 04:00:00,7.709064295046258
2012-08-26 05:00:00,7.429581683980804
2012-08-26 06:00:00,15.552250462029967
2012-08-26 07:00:00,39.47876184902624
2012-08-26 08:00:00,112.46447549502406
2012-08-26 09:00:00,204.42005010315802
2012-08-26 10:00:00,322.6808156816112
2012-08-26 11:00:00,341.5640454812942
2012-08-26 12:00:00,325.67520710213023
2012-08-26 13:00:00,271.74284888378435
2012-08-26 14:00:00,250.8876489053854
2012-08-26 15:00:00,170.5576231985779
2012-08-26 16:00:00,161.2473535744808
2012-08-26 17:00:00,233.4748280700582
2012-08-26 18:00:00,204.99719253635058
2012-08-26 19:00:00,204.29608392859586
2012-08-26 20:00:00,186.78114541662612
2012-08-26 21:00:00,137.71392568069297
2012-08-26 22:00:00,117.70300637107935
2012-08-26 23:00:00,82.41944678145316
2012-08-27 00:00:00,31.75594384074285
2012-08-27 01:00:00,11.585631163540045
2012-08-27 02:00:00,6.3841047096466195
2012-08-27 03:00:00,4.091187247525339
2012-08-27 04:00:00,4.910126122303246
2012-08-27 05:00:00,20.130173836350867
2012-08-27 06:00:00,80.45503482003738
2012-08-27 07:00:00,253.319258090585
2012-08-27 08:00:00,424.91113362178083
2012-08-27 09:00:00,268.04979521696896
2012-08-27 10:00:00,155.5774788654104
2012-08-27 11:00:00,180.17935691651257
2012-08-27 12:00:00,233.90238892876744
2012-08-27 13:00:00,243.0605499378106
2012-08-27 14:00:00,215.57283996260372
2012-08-27 15:00:00,187.07834020410314
2012-08-27 16:00:00,325.77746823354863
2012-08-27 17:00:00,697.7144838824173
2012-08-27 18:00:00,667.4246228308735
2012-08-27 19:00:00,471.1152874873245
2012-08-27 20:00:00,352.386277718839
2012-08-27 21:00:00,240.90484316953706
2012-08-27 22:00:00,129.65917686299431
2012-08-27 23:00:00,86.7381541831394
2012-08-28 00:00:00,45.022656083734596
2012-08-28 01:00:00,20.170347764736338
2012-08-28 02:00:00,9.405270269226852
2012-08-28 03:00:00,5.380959255183073
2012-08-28 04:00:00,6.189574772151017
2012-08-28 05:00:00,32.20142143757139
2012-08-28 06:00:00,152.07500556491564
2012-08-28 07:00:00,367.6711160171258
2012-08-28 08:00:00,519.5201468919445
2012-08-28 09:00:00,288.69846776666765
2012-08-28 10:00:00,158.19067744846652
2012-08-28 11:00:00,179.34302715492345
2012-08-28 12:00:00,196.20534867497088
2012-08-28 13:00:00,176.4458883356714
2012-08-28 14:00:00,179.25213101200058
2012-08-28 15:00:00,214.93754406380722
2012-08-28 16:00:00,327.27074847461944
2012-08-28 17:00:00,652.8459335052997
2012-08-28 18:00:00,743.5419487096849
2012-08-28 19:00:00,485.5644067539589
2012-08-28 20:00:00,345.1069755409218
2012-08-28 21:00:00,270.43107018550984
2012-08-28 22:00:00,192.65132619326187
2012-08-28 23:00:00,120.85606847202267
2012-08-29 00:00:00,44.51530644562517
2012-08-29 01:00:00,16.926804150547103
2012-08-29 02:00:00,7.021295614650136
2012-08-29 03:00:00,5.9633836446830495
2012-08-29 04:00:00,5.404176381883879
2012-08-29 05:00:00,32.89383484230249
2012-08-29 06:00:00,140.33699174271607
2012-08-29 07:00:00,355.71106999931163
2012-08-29 08:00:00,583.6479183583973
2012-08-29 09:00:00,273.5990469028192
2012-08-29 10:00:00,180.85614875167616
2012-08-29 11:00:00,212.49659633730866
2012-08-29 12:00:00,253.97336202460383
2012-08-29 13:00:00,207.21413606290915
2012-08-29 14:00:00,237.02055065491274
2012-08-29 15:00:00,259.67598834729523
2012-08-29 16:00:00,356.0602734980813
2012-08-29 17:00:00,707.7356520768924
2012-08-29 18:00:00,674.9875583307066
2012-08-29 19:00:00,509.3367026566217
2012-08-29 20:00:00,363.5479003971781
2012-08-29 21:00:00,299.79359805865903
2012-08-29 22:00:00,210.71534417302337
2012-08-29 23:00:00,135.4070247236346
2012-08-30 00:00:00,51.47196871549928
2012-08-30 01:00:00,20.964799411556147
2012-08-30 02:00:00,9.763346315924235
2012-08-30 03:00:00,6.316779568236242
2012-08-30 04:00:00,6.460165463426477
2012-08-30 05:00:00,30.54716103128605
2012-08-30 06:00:00,138.11089480518126
2012-08-30 07:00:00,384.3387439772869
2012-08-30 08:00:00,546.4780426631955
2012-08-30 09:00:00,286.3190102628257
2012-08-30 10:00:00,178.67181988023358
2012-08-30 11:00:00,225.80468668218364
2012-08-30 12:00:00,254.17460306506814
2012-08-30 13:00:00,259.6649528456704
2012-08-30 14:00:00,230.15428429058392
2012-08-30 15:00:00,244.83484086352243
2012-08-30 16:00:00,368.27910205356386
2012-08-30 17:00:00,768.2365015738237
2012-08-30 18:00:00,757.8277688890358
2012-08-30 19:00:00,550.6602216395939
2012-08-30 20:00:00,366.0972249995388
2012-08-30 21:00:00,291.51025244209734
2012-08-30 22:00:00,208.52873306304616
2012-08-30 23:00:00,136.52206084795785
2012-08-31 00:00:00,65.27232197931332
2012-08-31 01:00:00,29.30195898663109
2012-08-31 02:00:00,14.853444673580986
2012-08-31 03:00:00,7.793484518640926
2012-08-31 04:00:00,7.145869978274986
2012-08-31 05:00:00,30.767897972052797
2012-08-31 06:00:00,121.85349060515871
2012-08-31 07:00:00,263.5687130829692
2012-08-31 08:00:00,601.8762283364088
2012-08-31 09:00:00,315.14795806810366
2012-08-31 10:00:00,206.35108298983775
2012-08-31 11:00:00,204.20063117693402
2012-08-31 12:00:00,275.1645110491414
2012-08-31 13:00:00,251.15130563277492
2012-08-31 14:00:00,262.618685398252
2012-08-31 15:00:00,256.79718186252427
2012-08-31 16:00:00,385.9354021048738
2012-08-31 17:00:00,743.1684724156568
2012-08-31 18:00:00,633.0313435531127
2012-08-31 19:00:00,469.69399922959605
2012-08-31 20:00:00,350.9001701201616
2012-08-31 21:00:00,252.83871600485205
2012-08-31 22:00:00,221.8809090914753
2012-08-31 23:00:00,175.02174607689275
2012-09-20 00:00:00,53.05469929436744
2012-09-20 01:00:00,23.6683875757986
2012-09-20 02:00:00,13.823443179641519
2012-09-20 03:00:00,7.163407907701249
2012-09-20 04:00:00,6.554090779580503
2012-09-20 05:00:00,35.131551790388606
2012-09-20 06:00:00,148.6379521910862
2012-09-20 07:00:00,503.20059745664355
2012-09-20 08:00:00,737.0106010921018
2012-09-20 09:00:00,352.7873485956508
2012-09-20 10:00:00,189.18915197696097
2012-09-20 11:00:00,218.4271170761901
2012-09-20 12:00:00,272.561646634591
2012-09-20 13:00:00,270.4936466824542
2012-09-20 14:00:00,225.05087410963867
2012-09-20 15:00:00,245.10760088109458
2012-09-20 16:00:00,375.5836056303541
2012-09-20 17:00:00,684.4189427992386
2012-09-20 18:00:00,640.2784016207713
2012-09-20 19:00:00,481.4283105467869
2012-09-20 20:00:00,349.7780945712786
2012-09-20 21:00:00,298.2066690996983
2012-09-20 22:00:00,233.35894774491936
2012-09-20 23:00:00,137.24441049919116
2012-09-21 00:00:00,75.68698773258856
2012-09-21 01:00:00,38.115131731757
2012-09-21 02:00:00,21.703311808397732
2012-09-21 03:00:00,9.673268022225884
2012-09-21 04:00:00,9.238306330614499
2012-09-21 05:00:00,42.51740550987493
2012-09-21 06:00:00,174.7994934965069
2012-09-21 07:00:00,499.0769831988709
2012-09-21 08:00:00,712.8284627744732
2012-09-21 09:00:00,302.0158833300572
2012-09-21 10:00:00,183.7290333931989
2012-09-21 11:00:00,228.02647613231767
2012-09-21 12:00:00,272.8852237071385
2012-09-21 13:00:00,274.89679329063034
2012-09-21 14:00:00,251.7540080432895
2012-09-21 15:00:00,269.0532954964803
2012-09-21 16:00:00,381.2699214728426
2012-09-21 17:00:00,588.9285328664483
2012-09-21 18:00:00,547.0398506630287
2012-09-21 19:00:00,405.2468715567283
2012-09-21 20:00:00,249.14353994131574
2012-09-21 21:00:00,202.12003760974363
2012-09-21 22:00:00,188.06006566136148
2012-09-21 23:00:00,138.23957764209092
2012-09-22 00:00:00,120.4348827680551
2012-09-22 01:00:00,96.03470248817804
2012-09-22 02:00:00,78.54996575207939
2012-09-22 03:00:00,34.889845765652865
2012-09-22 04:00:00,10.80999003479402
2012-09-22 05:00:00,11.404991930550768
2012-09-22 06:00:00,27.949740499398693
2012-09-22 07:00:00,75.52740869887334
2012-09-22 08:00:00,122.13227215415833
2012-09-22 09:00:00,251.0918399692769
2012-09-22 10:00:00,360.88995732174885
2012-09-22 11:00:00,424.1155461027784
2012-09-22 12:00:00,488.4447090899232
2012-09-22 13:00:00,472.69191486691795
2012-09-22 14:00:00,482.52872790205436
2012-09-22 15:00:00,557.6895965406605
2012-09-22 16:00:00,438.11205057944375
2012-09-22 17:00:00,412.29969246024484
2012-09-22 18:00:00,413.0339792955287
2012-09-22 19:00:00,326.3137320373385
2012-09-22 20:00:00,326.9247236528447
2012-09-22 21:00:00,290.33641204885447
2012-09-22 22:00:00,225.16475380917083
2012-09-22 23:00:00,181.61944726549243
2012-09-23 00:00:00,145.07357224029005
2012-09-23 01:00:00,75.31697646063212
2012-09-23 02:00:00,60.562696831413305
2012-09-23 03:00:00,23.021069257936436
2012-09-23 04:00:00,8.225253876344988
2012-09-23 05:00:00,10.632072019169163
2012-09-23 06:00:00,18.118331266251687
2012-09-23 07:00:00,62.273348984081615
2012-09-23 08:00:00,104.54180977192055
2012-09-23 09:00:00,179.5052107580949
2012-09-23 10:00:00,324.9833858625106
2012-09-23 11:00:00,390.3589240626529
2012-09-23 12:00:00,501.33268428672676
2012-09-23 13:00:00,538.5850685035743
2012-09-23 14:00:00,523.5753905742289
2012-09-23 15:00:00,488.9294912960866
2012-09-23 16:00:00,463.95088637769817
2012-09-23 17:00:00,414.95408389805414
2012-09-23 18:00:00,376.26799068724466
2012-09-23 19:00:00,270.83334811114264
2012-09-23 20:00:00,200.1766016749029
2012-09-23 21:00:00,156.79042238148372
2012-09-23 22:00:00,133.07192487737322
2012-09-23 23:00:00,81.60292690005404
2012-09-24 00:00:00,44.8739725174842
2012-09-24 01:00:00,18.743099591629026
2012-09-24 02:00:00,10.137416747729572
2012-09-24 03:00:00,5.891414700114943
2012-09-24 04:00:00,6.789563767577356
2012-09-24 05:00:00,29.220120365534896
2012-09-24 06:00:00,121.09910008998311
2012-09-24 07:00:00,318.00120354318125
2012-09-24 08:00:00,505.48854627796624
2012-09-24 09:00:00,264.9063281715469
2012-09-24 10:00:00,162.55449818648862
2012-09-24 11:00:00,175.3240296449124
2012-09-24 12:00:00,211.77628037061257
2012-09-24 13:00:00,183.71875514366053
2012-09-24 14:00:00,187.24663580359675
2012-09-24 15:00:00,186.84515152374195
2012-09-24 16:00:00,284.74633206567773
2012-09-24 17:00:00,476.0618959089637
2012-09-24 18:00:00,563.0912665215486
2012-09-24 19:00:00,356.9437223225571
2012-09-24 20:00:00,249.71687759716923
2012-09-24 21:00:00,188.43076503971432
2012-09-24 22:00:00,129.1960606036723
2012-09-24 23:00:00,80.04905592446705
2012-09-25 00:00:00,28.992974006643248
2012-09-25 01:00:00,12.591307431658361
2012-09-25 02:00:00,5.221788801645798
2012-09-25 03:00:00,4.091473699573529
2012-09-25 04:00:00,6.332026177056485
2012-09-25 05:00:00,32.97331704170447
2012-09-25 06:00:00,132.37393470038123
2012-09-25 07:00:00,365.1831190856006
2012-09-25 08:00:00,557.6751052763096
2012-09-25 09:00:00,298.1712883213999
2012-09-25 10:00:00,151.04374002368849
2012-09-25 11:00:00,196.11256305820498
2012-09-25 12:00:00,237.80072128257498
2012-09-25 13:00:00,251.30681201871445
2012-09-25 14:00:00,235.93372490200673
2012-09-25 15:00:00,246.93768637081223
2012-09-25 16:00:00,366.94326345023256
2012-09-25 17:00:00,679.3741978790736
2012-09-25 18:00:00,678.098032977292
2012-09-25 19:00:00,481.47310183175415
2012-09-25 20:00:00,330.609059923922
2012-09-25 21:00:00,258.16338838676904
2012-09-25 22:00:00,189.486499416525
2012-09-25 23:00:00,115.18558090814503
2012-09-26 00:00:00,45.576328386376616
2012-09-26 01:00:00,18.22917311888639
2012-09-26 02:00:00,6.624510746100109
2012-09-26 03:00:00,5.413626435561831
2012-09-26 04:00:00,7.108222583450957
2012-09-26 05:00:00,39.28804774135518
2012-09-26 06:00:00,178.0820382748788
2012-09-26 07:00:00,449.8263570617343
2012-09-26 08:00:00,630.9360500396818
2012-09-26 09:00:00,376.939591627767
2012-09-26 10:00:00,185.55056639101366
2012-09-26 11:00:00,251.67791508900697
2012-09-26 12:00:00,294.3588237814718
2012-09-26 13:00:00,323.2450096882222
2012-09-26 14:00:00,244.9908428196766
2012-09-26 15:00:00,268.1404944577443
2012-09-26 16:00:00,400.11220333084935
2012-09-26 17:00:00,727.0563283728958
2012-09-26 18:00:00,793.7198998983799
2012-09-26 19:00:00,637.8383707710425
2012-09-26 20:00:00,392.5701943339294
2012-09-26 21:00:00,305.60298789869967
2012-09-26 22:00:00,160.5095759612091
2012-09-26 23:00:00,82.04158524107655
2012-09-27 00:00:00,64.55493645036682
2012-09-27 01:00:00,26.24383077706501
2012-09-27 02:00:00,12.441921768771781
2012-09-27 03:00:00,7.795797410745448
2012-09-27 04:00:00,6.2073148442088
2012-09-27 05:00:00,34.89079830982378
2012-09-27 06:00:00,128.34676294893956
2012-09-27 07:00:00,457.79387906334586
2012-09-27 08:00:00,612.4759472182219
2012-09-27 09:00:00,347.79325040821436
2012-09-27 10:00:00,208.59419637676731
2012-09-27 11:00:00,236.65966996450953
2012-09-27 12:00:00,284.3057790655038
2012-09-27 13:00:00,287.2927970813135
2012-09-27 14:00:00,249.14973382636697
2012-09-27 15:00:00,286.80292364679826
2012-09-27 16:00:00,405.6063314747567
2012-09-27 17:00:00,633.3108702303036
2012-09-27 18:00:00,691.5583736349663
2012-09-27 19:00:00,514.8416470369694
2012-09-27 20:00:00,373.88769998295913
2012-09-27 21:00:00,117.25277638080152
2012-09-27 22:00:00,94.50326712940421
2012-09-27 23:00:00,72.82519419937303
2012-09-28 00:00:00,55.34995858412084
2012-09-28 01:00:00,23.18613696594456
2012-09-28 02:00:00,7.2548131517953465
2012-09-28 03:00:00,7.831609226405714
2012-09-28 04:00:00,5.8070407932154575
2012-09-28 05:00:00,30.586018601617713
2012-09-28 06:00:00,94.01689474029439
2012-09-28 07:00:00,270.94179843725203
2012-09-28 08:00:00,595.0451579619119
2012-09-28 09:00:00,302.916795685076
2012-09-28 10:00:00,203.32429223649592
2012-09-28 11:00:00,263.65161441918906
2012-09-28 12:00:00,379.0099584761907
2012-09-28 13:00:00,356.07888019867096
2012-09-28 14:00:00,343.0545365791477
2012-09-28 15:00:00,290.1481190400675
2012-09-28 16:00:00,428.64285792544985
2012-09-28 17:00:00,696.4303053452165
2012-09-28 18:00:00,567.7089639534678
2012-09-28 19:00:00,353.10655309034206
2012-09-28 20:00:00,254.8427730952104
2012-09-28 21:00:00,197.6889206930712
2012-09-28 22:00:00,173.75668800166267
2012-09-28 23:00:00,124.75486259632085
2012-09-29 00:00:00,139.83834944924254
2012-09-29 01:00:00,110.31439897679842
2012-09-29 02:00:00,70.3638492145665
2012-09-29 03:00:00,26.81177894412986
2012-09-29 04:00:00,10.012380032000268
2012-09-29 05:00:00,9.229094713251332
2012-09-29 06:00:00,25.37524173705444
2012-09-29 07:00:00,62.2708015891622
2012-09-29 08:00:00,137.59908455034937
2012-09-29 09:00:00,238.69089266003482
2012-09-29 10:00:00,394.46634333253763
2012-09-29 11:00:00,471.8928930826841
2012-09-29 12:00:00,626.1376875011696
2012-09-29 13:00:00,617.3360182835709
2012-09-29 14:00:00,627.4065251466546
2012-09-29 15:00:00,648.4919982360776
2012-09-29 16:00:00,654.1308155945668
2012-09-29 17:00:00,480.0416145388929
2012-09-29 18:00:00,397.565991155152
2012-09-29 19:00:00,299.97811776123257
2012-09-29 20:00:00,221.17187274707078
2012-09-29 21:00:00,212.87128606978578
2012-09-29 22:00:00,178.70554275856455
2012-09-29 23:00:00,157.64508273812163
2012-09-30 00:00:00,113.9983285220813
2012-09-30 01:00:00,86.7311453208926
2012-09-30 02:00:00,60.87380254557238
2012-09-30 03:00:00,25.80797774363292
2012-09-30 04:00:00,9.45540809407224
2012-09-30 05:00:00,10.70635558780334
2012-09-30 06:00:00,19.88084892337986
2012-09-30 07:00:00,63.32002053386813
2012-09-30 08:00:00,127.56640380771437
2012-09-30 09:00:00,240.9702823171449
2012-09-30 10:00:00,340.20559859439567
2012-09-30 11:00:00,456.81735459936226
2012-09-30 12:00:00,521.7770696883956
2012-09-30 13:00:00,533.7499684858881
2012-09-30 14:00:00,498.6828150681276
2012-09-30 15:00:00,536.0704001449478
2012-09-30 16:00:00,588.8872654398859
2012-09-30 17:00:00,459.3663423938842
2012-09-30 18:00:00,353.71311837093293
2012-09-30 19:00:00,179.8673646108545
2012-09-30 20:00:00,143.811548871049
2012-09-30 21:00:00,161.3449365618087
2012-09-30 22:00:00,122.17719686599258
2012-09-30 23:00:00,87.93628430987363
2012-10-20 00:00:00,114.16120792552127
2012-10-20 01:00:00,92.66044489985745
2012-10-20 02:00:00,66.88074058797967
2012-10-20 03:00:00,29.436728165443974
2012-10-20 04:00:00,9.928083400491406
2012-10-20 05:00:00,9.750702907616054
2012-10-20 06:00:00,26.74995348601653
2012-10-20 07:00:00,62.37080920373136
2012-10-20 08:00:00,139.83666865831879
2012-10-20 09:00:00,255.61809903690238
2012-10-20 10:00:00,370.91490139393596
2012-10-20 11:00:00,462.7251640162462
2012-10-20 12:00:00,552.953641231218
2012-10-20 13:00:00,591.4605102830565
2012-10-20 14:00:00,551.2546647187045
2012-10-20 15:00:00,564.2925615169107
2012-10-20 16:00:00,541.8419234234437
2012-10-20 17:00:00,459.0173170836695
2012-10-20 18:00:00,349.8428980149633
2012-10-20 19:00:00,274.67648089037306
2012-10-20 20:00:00,187.84939784403724
2012-10-20 21:00:00,187.48166560699607
2012-10-20 22:00:00,152.41615105676036
2012-10-20 23:00:00,142.32757030779456
2012-10-21 00:00:00,126.85012785911933
2012-10-21 01:00:00,81.99221567784042
2012-10-21 02:00:00,61.31161681049261
2012-10-21 03:00:00,26.36101710350171
2012-10-21 04:00:00,9.992006874265787
2012-10-21 05:00:00,8.66188393957127
2012-10-21 06:00:00,17.102626269027173
2012-10-21 07:00:00,59.18809601838576
2012-10-21 08:00:00,109.47002230818573
2012-10-21 09:00:00,186.5340988260667
2012-10-21 10:00:00,297.3552020789078
2012-10-21 11:00:00,347.7216605718197
2012-10-21 12:00:00,454.55483577050353
2012-10-21 13:00:00,483.705283082994
2012-10-21 14:00:00,453.69119564224656
2012-10-21 15:00:00,405.01543135832804
2012-10-21 16:00:00,499.1765299872169
2012-10-21 17:00:00,432.82268886560615
2012-10-21 18:00:00,366.4897549924075
2012-10-21 19:00:00,254.53447497300445
2012-10-21 20:00:00,184.0044767728063
2012-10-21 21:00:00,171.66261811132503
2012-10-21 22:00:00,127.9077193835862
2012-10-21 23:00:00,86.75037197378299
2012-10-22 00:00:00,27.714981719974475
2012-10-22 01:00:00,11.803501311829136
2012-10-22 02:00:00,6.247132937503029
2012-10-22 03:00:00,4.178263798330329
2012-10-22 04:00:00,5.888858825505313
2012-10-22 05:00:00,26.266980487026988
2012-10-22 06:00:00,92.98635345097254
2012-10-22 07:00:00,274.68301749930026
2012-10-22 08:00:00,498.54309434520974
2012-10-22 09:00:00,265.53444868735
2012-10-22 10:00:00,149.46265855802022
2012-10-22 11:00:00,173.6595370174134
2012-10-22 12:00:00,224.03187073474106
2012-10-22 13:00:00,205.06159755856382
2012-10-22 14:00:00,195.2364141342471
2012-10-22 15:00:00,207.93102073129057
2012-10-22 16:00:00,327.41909428347174
2012-10-22 17:00:00,596.2558918719642
2012-10-22 18:00:00,589.6209018820321
2012-10-22 19:00:00,359.27839216111323
2012-10-22 20:00:00,267.3105473194919
2012-10-22 21:00:00,197.54141085942683
2012-10-22 22:00:00,126.52247720520103
2012-10-22 23:00:00,76.78254649909567
2012-10-23 00:00:00,32.010984697745904
2012-10-23 01:00:00,12.602637961902378
2012-10-23 02:00:00,5.538553129563069
2012-10-23 03:00:00,4.175170303799097
2012-10-23 04:00:00,6.767408914080718
2012-10-23 05:00:00,32.11432402137752
2012-10-23 06:00:00,134.29981287601993
2012-10-23 07:00:00,340.13876986405444
2012-10-23 08:00:00,547.4357651058085
2012-10-23 09:00:00,284.0255417623078
2012-10-23 10:00:00,159.4368878086829
2012-10-23 11:00:00,183.86117780438553
2012-10-23 12:00:00,243.62481654368955
2012-10-23 13:00:00,247.24087632121632
2012-10-23 14:00:00,236.4989916531846
2012-10-23 15:00:00,260.50295203049
2012-10-23 16:00:00,382.0277261052399
2012-10-23 17:00:00,718.4288467184897
2012-10-23 18:00:00,656.0531999889552
2012-10-23 19:00:00,478.5294794302423
2012-10-23 20:00:00,299.11267823956643
2012-10-23 21:00:00,218.25838645672255
2012-10-23 22:00:00,163.5906885507645
2012-10-23 23:00:00,102.34167615083946
2012-10-24 00:00:00,45.19485148267786
2012-10-24 01:00:00,18.092661131470507
2012-10-24 02:00:00,7.857916057864158
2012-10-24 03:00:00,5.931534284649411
2012-10-24 04:00:00,6.667305971412123
2012-10-24 05:00:00,33.222808820402484
2012-10-24 06:00:00,141.12810484486215
2012-10-24 07:00:00,368.015103262155
2012-10-24 08:00:00,559.1270270258087
2012-10-24 09:00:00,313.29147266710254
2012-10-24 10:00:00,187.97979175734594
2012-10-24 11:00:00,226.66065348329946
2012-10-24 12:00:00,282.06273042055506
2012-10-24 13:00:00,285.96867244080966
2012-10-24 14:00:00,250.1851826608241
2012-10-24 15:00:00,316.7874883767142
2012-10-24 16:00:00,430.35998230114063
2012-10-24 17:00:00,682.3342135485545
2012-10-24 18:00:00,733.3377864561025
2012-10-24 19:00:00,517.9010574338424
2012-10-24 20:00:00,352.76788772418325
2012-10-24 21:00:00,291.22995486105617
2012-10-24 22:00:00,204.6070812431129
2012-10-24 23:00:00,103.73667308838726
2012-10-25 00:00:00,61.49611370947881
2012-10-25 01:00:00,25.723749372993336
2012-10-25 02:00:00,10.17551777691455
2012-10-25 03:00:00,5.120424136087299
2012-10-25 04:00:00,5.912982297458309
2012-10-25 05:00:00,25.239452212809606
2012-10-25 06:00:00,99.68262698746571
2012-10-25 07:00:00,293.33632279535135
2012-10-25 08:00:00,515.0040291369368
2012-10-25 09:00:00,242.6827713791744
2012-10-25 10:00:00,144.16857752144554
2012-10-25 11:00:00,146.09748266658028
2012-10-25 12:00:00,201.07533113256665
2012-10-25 13:00:00,190.45757074277896
2012-10-25 14:00:00,211.17677279758504
2012-10-25 15:00:00,269.9793788359464
2012-10-25 16:00:00,365.05165758553346
2012-10-25 17:00:00,645.1259782883611
2012-10-25 18:00:00,411.2420651395728
2012-10-25 19:00:00,310.47313438179157
2012-10-25 20:00:00,218.9168721424851
2012-10-25 21:00:00,182.52882243437577
2012-10-25 22:00:00,156.59188188528836
2012-10-25 23:00:00,87.31999319063443
2012-10-26 00:00:00,57.98016143431506
2012-10-26 01:00:00,23.565685808608066
2012-10-26 02:00:00,11.331687649416395
2012-10-26 03:00:00,6.098823265651385
2012-10-26 04:00:00,6.457160177916685
2012-10-26 05:00:00,27.308718525095337
2012-10-26 06:00:00,113.90002043899955
2012-10-26 07:00:00,311.04626046708114
2012-10-26 08:00:00,501.78910983763274
2012-10-26 09:00:00,267.81325094941894
2012-10-26 10:00:00,165.2269540687246
2012-10-26 11:00:00,213.0307102725783
2012-10-26 12:00:00,257.46662684011665
2012-10-26 13:00:00,259.445376145681
2012-10-26 14:00:00,297.12149404065826
2012-10-26 15:00:00,304.88266284403517
2012-10-26 16:00:00,382.11930473260185
2012-10-26 17:00:00,515.9984957685061
2012-10-26 18:00:00,457.86459843487864
2012-10-26 19:00:00,262.6143692693637
2012-10-26 20:00:00,197.3841655428172
2012-10-26 21:00:00,188.77237289522208
2012-10-26 22:00:00,135.51140384552696
2012-10-26 23:00:00,132.31616849495583
2012-10-27 00:00:00,131.2135177062151
2012-10-27 01:00:00,93.91125105701957
2012-10-27 02:00:00,57.77160711482424
2012-10-27 03:00:00,31.43963160518431
2012-10-27 04:00:00,9.74286826439237
2012-10-27 05:00:00,8.559148752437633
2012-10-27 06:00:00,23.618928191961636
2012-10-27 07:00:00,63.82660603415784
2012-10-27 08:00:00,126.48221111723718
2012-10-27 09:00:00,201.26009092824452
2012-10-27 10:00:00,417.85172959025965
2012-10-27 11:00:00,524.1262923937738
2012-10-27 12:00:00,635.9801158089231
2012-10-27 13:00:00,659.0531856850516
2012-10-27 14:00:00,553.4144281269464
2012-10-27 15:00:00,507.6109383698328
2012-10-27 16:00:00,529.0125441890877
2012-10-27 17:00:00,460.8986617205064
2012-10-27 18:00:00,420.3559992438332
2012-10-27 19:00:00,251.14253605947883
2012-10-27 20:00:00,188.61141332357175
2012-10-27 21:00:00,173.59007709472843
2012-10-27 22:00:00,129.82156232749986
2012-10-27 23:00:00,117.93855117822909
2012-10-28 00:00:00,80.6850692767101
2012-10-28 01:00:00,60.83021362118519
2012-10-28 02:00:00,50.70813121845402
2012-10-28 03:00:00,20.057148538602206
2012-10-28 04:00:00,8.13743333514955
2012-10-28 05:00:00,9.425397115339694
2012-10-28 06:00:00,15.31279799938644
2012-10-28 07:00:00,55.56640385981281
2012-10-28 08:00:00,117.43274226008062
2012-10-28 09:00:00,161.99906880523014
2012-10-28 10:00:00,220.75437445093388
2012-10-28 11:00:00,269.29504405911575
2012-10-28 12:00:00,320.37848618458077
2012-10-28 13:00:00,314.4837512927751
2012-10-28 14:00:00,358.6539686016852
2012-10-28 15:00:00,335.8958479596324
2012-10-28 16:00:00,261.07504755073967
2012-10-28 17:00:00,185.27486761412638
2012-10-28 18:00:00,66.19561275739919
2012-10-28 19:00:00,56.376640349038986
2012-10-28 20:00:00,51.12678936219375
2012-10-28 21:00:00,62.89201856521613
2012-10-28 22:00:00,50.568353766369015
2012-10-28 23:00:00,24.920528236850753
2012-10-29 00:00:00,25.9513618291437
2012-10-30 13:00:00,64.89087501944725
2012-10-30 14:00:00,54.73972568143929
2012-10-30 15:00:00,76.19928924075869
2012-10-30 16:00:00,109.45029997343303
2012-10-30 17:00:00,242.99167026301646
2012-10-30 18:00:00,270.70054634887816
2012-10-30 19:00:00,388.92796950303267
2012-10-30 20:00:00,168.75496111154206
2012-10-30 21:00:00,100.19304089568693
2012-10-30 22:00:00,95.63912359825606
2012-10-30 23:00:00,60.05707356039975
2012-10-31 00:00:00,34.14033804344829
2012-10-31 01:00:00,14.743313646394702
2012-10-31 02:00:00,5.702779355344382
2012-10-31 03:00:00,4.6487535327857
2012-10-31 04:00:00,4.852194748235359
2012-10-31 05:00:00,29.935860300038385
2012-10-31 06:00:00,138.6181750533974
2012-10-31 07:00:00,284.59927089678695
2012-10-31 08:00:00,602.2805232280608
2012-10-31 09:00:00,281.1759153976079
2012-10-31 10:00:00,133.63782810189824
2012-10-31 11:00:00,153.29566920161278
2012-10-31 12:00:00,220.74914232520788
2012-10-31 13:00:00,217.61923273354242
2012-10-31 14:00:00,191.0603436137207
2012-10-31 15:00:00,221.39430686639622
2012-10-31 16:00:00,283.6487295139092
2012-10-31 17:00:00,499.86391211217835
2012-10-31 18:00:00,471.74998676804495
2012-10-31 19:00:00,355.57420850647253
2012-10-31 20:00:00,255.47206790514488
2012-10-31 21:00:00,188.53961446098074
2012-10-31 22:00:00,153.93919795834535
2012-10-31 23:00:00,81.47366711871531
2012-11-20 00:00:00,24.856921538599053
2012-11-20 01:00:00,11.469558067793436
2012-11-20 02:00:00,4.266199064100002
2012-11-20 03:00:00,4.231728495625383
2012-11-20 04:00:00,6.050810500531688
2012-11-20 05:00:00,31.29073731433192
2012-11-20 06:00:00,133.19109361253743
2012-11-20 07:00:00,291.6657038504837
2012-11-20 08:00:00,588.8505862666784
2012-11-20 09:00:00,288.92727669130704
2012-11-20 10:00:00,133.55030483410312
2012-11-20 11:00:00,151.84437257489787
2012-11-20 12:00:00,181.6949620917269
2012-11-20 13:00:00,199.8881840590593
2012-11-20 14:00:00,183.61929634829022
2012-11-20 15:00:00,191.8904678702893
2012-11-20 16:00:00,293.04833940099957
2012-11-20 17:00:00,475.17909097172094
2012-11-20 18:00:00,423.90939963797626
2012-11-20 19:00:00,308.8109148059004
2012-11-20 20:00:00,222.7640321881948
2012-11-20 21:00:00,152.1202256458392
2012-11-20 22:00:00,120.96766583720412
2012-11-20 23:00:00,63.69067225256307
2012-11-21 00:00:00,26.649477086509343
2012-11-21 01:00:00,14.46911662849645
2012-11-21 02:00:00,5.631793226291511
2012-11-21 03:00:00,3.7109070113780867
2012-11-21 04:00:00,4.398406693803185
2012-11-21 05:00:00,25.840246266337385
2012-11-21 06:00:00,105.6018144799683
2012-11-21 07:00:00,271.3135313259385
2012-11-21 08:00:00,571.2520886032613
2012-11-21 09:00:00,260.3981870665095
2012-11-21 10:00:00,156.6007984965561
2012-11-21 11:00:00,183.31314837055385
2012-11-21 12:00:00,239.1352726096853
2012-11-21 13:00:00,231.5985671186612
2012-11-21 14:00:00,213.09861685665456
2012-11-21 15:00:00,225.63476309812552
2012-11-21 16:00:00,311.6465314312003
2012-11-21 17:00:00,546.393603902761
2012-11-21 18:00:00,524.2163393645704
2012-11-21 19:00:00,367.7957528281952
2012-11-21 20:00:00,262.40408726084155
2012-11-21 21:00:00,167.20146806414442
2012-11-21 22:00:00,137.01996558403968
2012-11-21 23:00:00,85.89243628910243
2012-11-22 00:00:00,72.00726908976146
2012-11-22 01:00:00,51.18988104125893
2012-11-22 02:00:00,29.201890102002366
2012-11-22 03:00:00,15.125035681173895
2012-11-22 04:00:00,7.922025389260663
2012-11-22 05:00:00,9.66111670427705
2012-11-22 06:00:00,29.291600049796926
2012-11-22 07:00:00,59.75846377393411
2012-11-22 08:00:00,126.56939283195787
2012-11-22 09:00:00,200.31863534232983
2012-11-22 10:00:00,292.72568373767
2012-11-22 11:00:00,324.71435741210746
2012-11-22 12:00:00,415.82252091005336
2012-11-22 13:00:00,413.13902421813634
2012-11-22 14:00:00,354.5735757883114
2012-11-22 15:00:00,355.35952763941356
2012-11-22 16:00:00,409.32802249743105
2012-11-22 17:00:00,359.1126072771383
2012-11-22 18:00:00,277.64683084113034
2012-11-22 19:00:00,195.36650345463286
2012-11-22 20:00:00,186.33663675690636
2012-11-22 21:00:00,172.669261884926
2012-11-22 22:00:00,127.83741453655226
2012-11-22 23:00:00,77.56347636562342
2012-11-23 00:00:00,47.151138376020235
2012-11-23 01:00:00,24.30916836115094
2012-11-23 02:00:00,10.869764869952101
2012-11-23 03:00:00,4.773432805078413
2012-11-23 04:00:00,6.336988291507392
2012-11-23 05:00:00,20.822862253696144
2012-11-23 06:00:00,82.97151461655568
2012-11-23 07:00:00,245.26348204620624
2012-11-23 08:00:00,515.7461053020909
2012-11-23 09:00:00,301.87884760045586
2012-11-23 10:00:00,191.6695845207721
2012-11-23 11:00:00,211.49745074530404
2012-11-23 12:00:00,280.94364485414513
2012-11-23 13:00:00,273.0700654074058
2012-11-23 14:00:00,254.9955670016341
2012-11-23 15:00:00,257.20521340335375
2012-11-23 16:00:00,362.60115288100855
2012-11-23 17:00:00,601.5648999887898
2012-11-23 18:00:00,516.6834544493881
2012-11-23 19:00:00,360.5128467815846
2012-11-23 20:00:00,257.0007941324555
2012-11-23 21:00:00,208.00147543215868
2012-11-23 22:00:00,168.4773961472885
2012-11-23 23:00:00,130.46215267717136
2012-11-24 00:00:00,102.58665806211492
2012-11-24 01:00:00,53.11733280721342
2012-11-24 02:00:00,33.860574236440286
2012-11-24 03:00:00,17.585583001195744
2012-11-24 04:00:00,5.2028974753323425
2012-11-24 05:00:00,5.81205190018262
2012-11-24 06:00:00,17.40849036461514
2012-11-24 07:00:00,48.9750853326155
2012-11-24 08:00:00,81.81072999997303
2012-11-24 09:00:00,132.1276224178677
2012-11-24 10:00:00,261.65355348801336
2012-11-24 11:00:00,266.92778050164094
2012-11-24 12:00:00,208.15778759065034
2012-11-24 13:00:00,326.5893883386404
2012-11-24 14:00:00,217.77587817837897
2012-11-24 15:00:00,192.8419535104464
2012-11-24 16:00:00,187.1655929300689
2012-11-24 17:00:00,242.76623724782985
2012-11-24 18:00:00,178.12313441350048
2012-11-24 19:00:00,168.52448236960026
2012-11-24 20:00:00,123.2700689124575
2012-11-24 21:00:00,103.59750025276884
2012-11-24 22:00:00,79.19200620726669
2012-11-24 23:00:00,73.08786967737916
2012-11-25 00:00:00,50.30726512698576
2012-11-25 01:00:00,45.59478316502936
2012-11-25 02:00:00,24.62255604674083
2012-11-25 03:00:00,13.44380793013215
2012-11-25 04:00:00,5.052553771539415
2012-11-25 05:00:00,4.135804560393982
2012-11-25 06:00:00,10.899717517787872
2012-11-25 07:00:00,30.43202131266366
2012-11-25 08:00:00,55.907962657792375
2012-11-25 09:00:00,133.54998900136064
2012-11-25 10:00:00,163.93667486741003
2012-11-25 11:00:00,227.85044289300671
2012-11-25 12:00:00,282.7626264276793
2012-11-25 13:00:00,230.3393282971165
2012-11-25 14:00:00,294.07652309291564
2012-11-25 15:00:00,277.49703246236646
2012-11-25 16:00:00,269.4356021138967
2012-11-25 17:00:00,193.59631256641353
2012-11-25 18:00:00,151.17848500801287
2012-11-25 19:00:00,116.32889682123907
2012-11-25 20:00:00,84.16152140862768
2012-11-25 21:00:00,76.46630083363826
2012-11-25 22:00:00,66.25596161769754
2012-11-25 23:00:00,41.537492395285604
2012-11-26 00:00:00,16.215798169627718
2012-11-26 01:00:00,7.579848150211576
2012-11-26 02:00:00,4.192274286004825
2012-11-26 03:00:00,2.6611301857027083
2012-11-26 04:00:00,4.09292760402355
2012-11-26 05:00:00,21.552585654073827
2012-11-26 06:00:00,69.95023787157069
2012-11-26 07:00:00,190.71087901942502
2012-11-26 08:00:00,349.52632555025025
2012-11-26 09:00:00,234.30897838078988
2012-11-26 10:00:00,126.31211760668381
2012-11-26 11:00:00,152.4089710077003
2012-11-26 12:00:00,200.92499035584495
2012-11-26 13:00:00,196.89006258075977
2012-11-26 14:00:00,176.00747728331538
2012-11-26 15:00:00,182.93141784045892
2012-11-26 16:00:00,241.97570508347374
2012-11-26 17:00:00,456.86910671416217
2012-11-26 18:00:00,430.6999881729503
2012-11-26 19:00:00,237.26999020088311
2012-11-26 20:00:00,179.3287522512474
2012-11-26 21:00:00,127.11345415865769
2012-11-26 22:00:00,104.92710806728925
2012-11-26 23:00:00,56.26232829729262
2012-11-27 00:00:00,24.015031387222354
2012-11-27 01:00:00,10.255713509017504
2012-11-27 02:00:00,4.398296952286194
2012-11-27 03:00:00,3.2306490379806454
2012-11-27 04:00:00,4.429593913615864
2012-11-27 05:00:00,31.579848548130844
2012-11-27 06:00:00,121.4762808765713
2012-11-27 07:00:00,219.74650625212678
2012-11-27 08:00:00,261.0225996574583
2012-11-27 09:00:00,238.4383815339714
2012-11-27 10:00:00,64.03332188376449
2012-11-27 11:00:00,61.651325957160736
2012-11-27 12:00:00,50.65284122586054
2012-11-27 13:00:00,74.16831094964466
2012-11-27 14:00:00,47.470052551064725
2012-11-27 15:00:00,143.09515417764914
2012-11-27 16:00:00,193.54920117750964
2012-11-27 17:00:00,274.7927829816474
2012-11-27 18:00:00,175.17217111185258
2012-11-27 19:00:00,223.56959352279645
2012-11-27 20:00:00,136.77619925531144
2012-11-27 21:00:00,66.52486247542102
2012-11-27 22:00:00,89.94324142922304
2012-11-27 23:00:00,55.388235178364475
2012-11-28 00:00:00,42.61618923188016
2012-11-28 01:00:00,20.243640531458666
2012-11-28 02:00:00,9.423177068082339
2012-11-28 03:00:00,6.3377072503028
2012-11-28 04:00:00,6.78858696492005
2012-11-28 05:00:00,34.86005622602259
2012-11-28 06:00:00,144.9187166047599
2012-11-28 07:00:00,389.18275768865294
2012-11-28 08:00:00,434.53036687334276
2012-11-28 09:00:00,323.6318292806892
2012-11-28 10:00:00,161.31607414728452
2012-11-28 11:00:00,169.6262011943555
2012-11-28 12:00:00,204.13656505180685
2012-11-28 13:00:00,228.37190430692445
2012-11-28 14:00:00,196.72321765576123
2012-11-28 15:00:00,196.21353892805672
2012-11-28 16:00:00,224.83551798656103
2012-11-28 17:00:00,399.76655006691357
2012-11-28 18:00:00,443.2016905306456
2012-11-28 19:00:00,312.2525916215292
2012-11-28 20:00:00,252.58632227826195
2012-11-28 21:00:00,168.15612035331438
2012-11-28 22:00:00,111.6991452329657
2012-11-28 23:00:00,56.7522487654876
2012-11-29 00:00:00,30.065916272150133
2012-11-29 01:00:00,11.266007411086802
2012-11-29 02:00:00,4.344724152886691
2012-11-29 04:00:00,5.405456940225057
2012-11-29 05:00:00,19.841285126894494
2012-11-29 06:00:00,81.07325493669478
2012-11-29 07:00:00,206.19379949780188
2012-11-29 08:00:00,617.3348551618743
2012-11-29 09:00:00,261.6568672465905
2012-11-29 10:00:00,131.40442326775064
2012-11-29 11:00:00,205.45641177760467
2012-11-29 12:00:00,248.64641679015864
2012-11-29 13:00:00,239.55626900272978
2012-11-29 14:00:00,194.20480719750438
2012-11-29 15:00:00,203.59199015153382
2012-11-29 16:00:00,286.90462102439244
2012-11-29 17:00:00,536.934082780469
2012-11-29 18:00:00,425.9212909626029
2012-11-29 19:00:00,276.5236113811245
2012-11-29 20:00:00,249.20147815578997
2012-11-29 21:00:00,142.074374802727
2012-11-29 22:00:00,107.33321962700415
2012-11-29 23:00:00,103.68752813553819
2012-11-30 00:00:00,40.72020898607116
2012-11-30 01:00:00,22.51091236187555
2012-11-30 02:00:00,8.635838293687252
2012-11-30 03:00:00,4.162381812041852
2012-11-30 04:00:00,3.725248045460808
2012-11-30 05:00:00,16.76797950719195
2012-11-30 06:00:00,55.26508088243598
2012-11-30 07:00:00,178.53836939248214
2012-11-30 08:00:00,495.8351450860209
2012-11-30 09:00:00,295.76817331383586
2012-11-30 10:00:00,148.44743087085615
2012-11-30 11:00:00,191.9771215626547
2012-11-30 12:00:00,251.80377125944105
2012-11-30 13:00:00,264.0141746602911
2012-11-30 14:00:00,233.73035479986723
2012-11-30 15:00:00,243.71441634607683
2012-11-30 16:00:00,345.0910479791756
2012-11-30 17:00:00,491.8673933242537
2012-11-30 18:00:00,382.057901489442
2012-11-30 19:00:00,254.1988569781989
2012-11-30 20:00:00,200.3077344390299
2012-11-30 21:00:00,134.86542504055018
2012-11-30 22:00:00,136.79590764975222
2012-11-30 23:00:00,97.33758267820546
2012-12-20 00:00:00,43.77891264111883
2012-12-20 01:00:00,14.691208007106285
2012-12-20 02:00:00,7.1753755884648
2012-12-20 03:00:00,4.345081733184817
2012-12-20 04:00:00,6.298099224645341
2012-12-20 05:00:00,28.440736086921035
2012-12-20 06:00:00,106.89578882896484
2012-12-20 07:00:00,313.32503810107875
2012-12-20 08:00:00,526.0549467584755
2012-12-20 09:00:00,263.3718406187108
2012-12-20 10:00:00,134.12870668265865
2012-12-20 11:00:00,142.5374925333904
2012-12-20 12:00:00,223.36392675379415
2012-12-20 13:00:00,197.42022735102802
2012-12-20 14:00:00,177.44725668102552
2012-12-20 15:00:00,179.46989572056887
2012-12-20 16:00:00,201.04615414263185
2012-12-20 17:00:00,423.2586442867166
2012-12-20 18:00:00,375.86546371790644
2012-12-20 19:00:00,161.99298762012816
2012-12-20 20:00:00,152.30472542431656
2012-12-20 21:00:00,111.57172996147919
2012-12-20 22:00:00,70.16535319724855
2012-12-20 23:00:00,40.992691909220184
2012-12-21 00:00:00,12.070133336705533
2012-12-21 01:00:00,10.489619787313538
2012-12-21 02:00:00,5.682590841486127
2012-12-21 03:00:00,2.1559791027548805
2012-12-21 04:00:00,3.227897364441641
2012-12-21 05:00:00,14.769917380642708
2012-12-21 06:00:00,103.89041462764168
2012-12-21 07:00:00,193.96491676654753
2012-12-21 08:00:00,367.4118875732439
2012-12-21 09:00:00,227.81082480904342
2012-12-21 10:00:00,112.91001072730512
2012-12-21 11:00:00,130.78007567807518
2012-12-21 12:00:00,138.78934308520283
2012-12-21 13:00:00,139.99881616370274
2012-12-21 14:00:00,116.30007944169394
2012-12-21 15:00:00,126.32500744332538
2012-12-21 16:00:00,156.88391216720703
2012-12-21 17:00:00,303.11046129398335
2012-12-21 18:00:00,253.5184151290686
2012-12-21 19:00:00,132.00967835899468
2012-12-21 20:00:00,92.92809801471887
2012-12-21 21:00:00,113.25077820422278
2012-12-21 22:00:00,67.64695805647261
2012-12-21 23:00:00,50.65417693863353
2012-12-22 00:00:00,56.98535184883152
2012-12-22 01:00:00,46.55088012809606
2012-12-22 02:00:00,34.43011971158173
2012-12-22 03:00:00,15.563674039988582
2012-12-22 04:00:00,3.2710794599131305
2012-12-22 05:00:00,3.0498099579219735
2012-12-22 06:00:00,8.75226661641527
2012-12-22 07:00:00,27.429892240098564
2012-12-22 08:00:00,74.15034847734965
2012-12-22 09:00:00,109.8588902092814
2012-12-22 10:00:00,145.59444222464464
2012-12-22 11:00:00,163.52706802425823
2012-12-22 12:00:00,182.87803224985836
2012-12-22 13:00:00,166.21215240301706
2012-12-22 14:00:00,143.28311337175725
2012-12-22 15:00:00,194.82231218758662
2012-12-22 16:00:00,109.78501324871182
2012-12-22 17:00:00,126.86750245510194
2012-12-22 18:00:00,163.2082246989837
2012-12-22 19:00:00,101.8445282483203
2012-12-22 20:00:00,72.33801277342302
2012-12-22 21:00:00,68.48218838640078
2012-12-22 22:00:00,56.659194255066865
2012-12-22 23:00:00,32.03665146632648
2012-12-23 00:00:00,39.85358386621736
2012-12-23 01:00:00,26.591975038818294
2012-12-23 02:00:00,18.319321136655816
2012-12-23 03:00:00,9.875672130311886
2012-12-23 04:00:00,3.2035305019599156
2012-12-23 05:00:00,2.0715036743567947
2012-12-23 06:00:00,3.8201144316533107
2012-12-23 07:00:00,11.54475425913433
2012-12-23 08:00:00,29.471389586003422
2012-12-23 09:00:00,78.82401753675181
2012-12-23 10:00:00,73.37588134556447
2012-12-23 11:00:00,118.9662364092664
2012-12-23 12:00:00,215.93614429205743
2012-12-23 13:00:00,222.31176916916036
2012-12-23 14:00:00,193.05249645954373
2012-12-23 15:00:00,205.2088150485091
2012-12-23 16:00:00,201.8285729030539
2012-12-23 17:00:00,151.19339531314714
2012-12-23 18:00:00,128.32149682069797
2012-12-23 19:00:00,93.35368617603763
2012-12-23 20:00:00,53.36030553450555
2012-12-23 21:00:00,44.03792796434582
2012-12-23 22:00:00,53.982957203111155
2012-12-23 23:00:00,29.10172901105988
2012-12-24 00:00:00,10.06395243001906
2012-12-24 01:00:00,4.778942476020121
2012-12-24 02:00:00,2.9471233824051324
2012-12-24 03:00:00,1.8280010084494585
2012-12-24 05:00:00,11.436752782777834
2012-12-24 06:00:00,37.766902872758344
2012-12-24 07:00:00,98.03362965993782
2012-12-24 08:00:00,274.23055980441416
2012-12-24 09:00:00,170.43878039849466
2012-12-24 10:00:00,66.72518629041559
2012-12-24 11:00:00,107.8371192046015
2012-12-24 12:00:00,79.98802913781347
2012-12-24 13:00:00,83.34189821560169
2012-12-24 14:00:00,68.85584775630414
2012-12-24 15:00:00,69.97150469599326
2012-12-24 16:00:00,93.03934105486897
2012-12-24 17:00:00,203.31039092156414
2012-12-24 18:00:00,226.17538621408974
2012-12-24 19:00:00,165.3328990765097
2012-12-24 20:00:00,119.79135892424623
2012-12-24 21:00:00,80.23888200351337
2012-12-24 22:00:00,63.3122532331173
2012-12-24 23:00:00,41.60471865744044
2012-12-25 00:00:00,16.11525749933308
2012-12-25 01:00:00,18.73638302292579
2012-12-25 02:00:00,13.940304226640329
2012-12-25 04:00:00,4.882870188247104
2012-12-25 05:00:00,5.088947431885236
2012-12-25 06:00:00,10.350977236089133
2012-12-25 07:00:00,25.662843583525124
2012-12-25 08:00:00,80.55266705280145
2012-12-25 09:00:00,97.24399422009483
2012-12-25 10:00:00,142.1906515575521
2012-12-25 11:00:00,133.39878334665295
2012-12-25 12:00:00,172.64903514195538
2012-12-25 13:00:00,182.0465924342928
2012-12-25 14:00:00,185.3646631557042
2012-12-25 15:00:00,178.1817199633601
2012-12-25 16:00:00,167.77331803984555
2012-12-25 17:00:00,154.14895651097956
2012-12-25 18:00:00,153.72959445702722
2012-12-25 19:00:00,122.15646078161848
2012-12-25 20:00:00,81.63928437615266
2012-12-25 21:00:00,60.528002391420586
2012-12-25 22:00:00,50.871838351164726
2012-12-25 23:00:00,37.59238300426455
2012-12-26 00:00:00,23.5546494323188
2012-12-26 01:00:00,5.6639198737065675
2012-12-26 02:00:00,2.832323076472257
2012-12-26 03:00:00,2.01213050368399
2012-12-26 04:00:00,1.0083413559529308
2012-12-26 05:00:00,8.2349704032194
2012-12-26 06:00:00,39.419004889169685
2012-12-26 07:00:00,37.01289145264693
2012-12-26 08:00:00,74.7249120434959
2012-12-26 09:00:00,38.995056395293695
2012-12-26 10:00:00,17.681561244585417
2012-12-26 11:00:00,15.295549944626778
2012-12-26 12:00:00,20.354442912545633
2012-12-26 13:00:00,21.74365616465546
2012-12-26 14:00:00,25.39625515468543
2012-12-26 15:00:00,40.25779712922362
2012-12-26 16:00:00,55.0248758190309
2012-12-26 17:00:00,75.60757659693331
2012-12-26 18:00:00,83.49519652872539
2012-12-26 19:00:00,97.09757904585503
2012-12-26 20:00:00,49.53469797983418
2012-12-26 21:00:00,61.290330072199396
2012-12-26 22:00:00,10.816955994930941
2012-12-26 23:00:00,22.152245089562847
2012-12-27 00:00:00,10.652618334039472
2012-12-27 01:00:00,2.0039110016857538
2012-12-27 02:00:00,1.7821437733743346
2012-12-27 03:00:00,2.9257465895349735
2012-12-27 04:00:00,1.7399215385110762
2012-12-27 05:00:00,15.695359286300263
2012-12-27 06:00:00,59.417609924058084
2012-12-27 07:00:00,208.31021228969914
2012-12-27 08:00:00,337.11945620704086
2012-12-27 09:00:00,217.7343072941182
2012-12-27 10:00:00,113.46780308288093
2012-12-27 11:00:00,103.26837489582817
2012-12-27 12:00:00,112.12455215357845
2012-12-27 13:00:00,107.6713473878361
2012-12-27 14:00:00,82.02045411614898
2012-12-27 15:00:00,87.15856355608013
2012-12-27 16:00:00,133.37403455229605
2012-12-27 17:00:00,255.0491100890155
2012-12-27 18:00:00,243.13444153601915
2012-12-27 19:00:00,141.30483806900006
2012-12-27 20:00:00,135.89033951718545
2012-12-27 21:00:00,97.9302646138079
2012-12-27 22:00:00,51.06322171123018
2012-12-27 23:00:00,47.80459751048902
2012-12-28 00:00:00,30.949124504025768
2012-12-28 01:00:00,12.938215618459909
2012-12-28 02:00:00,6.080907142391869
2012-12-28 03:00:00,3.830287743799916
2012-12-28 04:00:00,3.4054728303508845
2012-12-28 05:00:00,16.662370091244735
2012-12-28 06:00:00,50.0273055368027
2012-12-28 07:00:00,142.27311326259118
2012-12-28 08:00:00,402.3495545214882
2012-12-28 09:00:00,142.25889243831767
2012-12-28 10:00:00,106.17966981728969
2012-12-28 11:00:00,101.73146463712379
2012-12-28 12:00:00,128.47723720883246
2012-12-28 13:00:00,118.47730029103185
2012-12-28 14:00:00,102.41303090081887
2012-12-28 15:00:00,116.10749477509373
2012-12-28 16:00:00,139.73403424605368
2012-12-28 17:00:00,213.15896772647508
2012-12-28 18:00:00,185.51924566844292
2012-12-28 19:00:00,129.38272000815817
2012-12-28 20:00:00,78.10202742846042
2012-12-28 21:00:00,60.841988223388384
2012-12-28 22:00:00,65.14607245481398
2012-12-28 23:00:00,43.92798590453623
2012-12-29 00:00:00,29.875369276650968
2012-12-29 01:00:00,34.42499742450342
2012-12-29 02:00:00,22.618693850608043
2012-12-29 03:00:00,9.842506985857055
2012-12-29 04:00:00,4.091573610489656
2012-12-29 05:00:00,3.3342574793300805
2012-12-29 06:00:00,8.6307398557626
2012-12-29 07:00:00,23.74174637432137
2012-12-29 08:00:00,57.63905204702179
2012-12-29 09:00:00,101.93730324234052
2012-12-29 10:00:00,154.54471652375375
2012-12-29 11:00:00,74.46869849005677
2012-12-29 12:00:00,51.84581267621337
2012-12-29 13:00:00,55.871585502973645
2012-12-29 14:00:00,202.78795934736002
2012-12-29 15:00:00,175.68509498340924
2012-12-29 16:00:00,160.57668780565297
2012-12-29 17:00:00,154.53380430567938
2012-12-29 18:00:00,130.51090796391208
2012-12-29 19:00:00,108.06175352373901
2012-12-29 20:00:00,61.37121545096133
2012-12-29 21:00:00,63.04769358422717
2012-12-29 22:00:00,70.81253986828253
2012-12-29 23:00:00,60.61299220389718
2012-12-30 00:00:00,40.175012951474905
2012-12-30 01:00:00,31.03572048385157
2012-12-30 02:00:00,26.9957361401945
2012-12-30 03:00:00,10.848459621076277
2012-12-30 04:00:00,2.178465046083749
2012-12-30 05:00:00,2.6517640185043008
2012-12-30 06:00:00,4.2855885549578625
2012-12-30 07:00:00,10.423031201743461
2012-12-30 08:00:00,38.55105210132164
2012-12-30 09:00:00,63.347024801187665
2012-12-30 10:00:00,128.82086135539498
2012-12-30 11:00:00,148.98400707238912
2012-12-30 12:00:00,207.29420987226246
2012-12-30 13:00:00,189.93789459993246
2012-12-30 14:00:00,144.86505880708822
2012-12-30 15:00:00,143.12627919849928
2012-12-30 16:00:00,143.41364393074568
2012-12-30 17:00:00,140.9894502278707
2012-12-30 18:00:00,67.32760891465263
2012-12-30 19:00:00,88.66890298226296
2012-12-30 20:00:00,50.40509593563016
2012-12-30 21:00:00,31.1451854563789
2012-12-30 22:00:00,27.70366401623322
2012-12-30 23:00:00,19.97093442559525
2012-12-31 00:00:00,9.349314655153174
2012-12-31 01:00:00,3.719890973661306
2012-12-31 02:00:00,2.2156282575508515
2012-12-31 03:00:00,1.8623838874137018
2012-12-31 04:00:00,1.5820685665595313
2012-12-31 05:00:00,5.462658656674191
2012-12-31 06:00:00,33.11387319066264
2012-12-31 07:00:00,110.38785762352374
2012-12-31 08:00:00,193.32906098988445
2012-12-31 09:00:00,126.90273086404207
2012-12-31 10:00:00,53.348825072669776
2012-12-31 11:00:00,88.46901364503775
2012-12-31 12:00:00,111.23138437675696
2012-12-31 13:00:00,105.79967811200942
2012-12-31 14:00:00,107.70009074134391
2012-12-31 15:00:00,108.7667894935429
2012-12-31 16:00:00,127.91499000568747
2012-12-31 17:00:00,157.28516934397678
2012-12-31 18:00:00,217.56443355796463
2012-12-31 19:00:00,188.12257967397883
2012-12-31 20:00:00,131.29313794123127
2012-12-31 21:00:00,79.68653300182035
2012-12-31 22:00:00,63.04074370935463
2012-12-31 23:00:00,30.921609841640212
