datetime,count
2011-01-20 00:00:00,15.485982094938073
2011-01-20 01:00:00,5.6919783024249
2011-01-20 02:00:00,3.4290254307065537
2011-01-20 03:00:00,2.504340068538699
2011-01-20 04:00:00,2.2301565700051182
2011-01-20 05:00:00,12.703644546345755
2011-01-20 06:00:00,64.28368656353844
2011-01-20 07:00:00,171.85023087072457
2011-01-20 08:00:00,331.39098205574595
2011-01-20 09:00:00,201.22274339604215
2011-01-20 10:00:00,99.225606662199
2011-01-20 11:00:00,103.48084667157114
2011-01-20 12:00:00,128.17309052638134
2011-01-20 13:00:00,116.27084313026369
2011-01-20 14:00:00,107.07463856774383
2011-01-20 15:00:00,111.49142621731022
2011-01-20 16:00:00,141.0754310370146
2011-01-20 17:00:00,266.15024032969274
2011-01-20 18:00:00,214.6915200609806
2011-01-20 19:00:00,169.88101263729368
2011-01-20 20:00:00,129.4366697159492
2011-01-20 21:00:00,90.65343173952667
2011-01-20 22:00:00,51.35475591739604
2011-01-20 23:00:00,33.74124887674148
2011-01-21 00:00:00,22.301550842295665
2011-01-21 01:00:00,9.711298356533153
2011-01-21 02:00:00,6.171820120478232
2011-01-21 03:00:00,1.7765352793061893
2011-01-21 04:00:00,2.314266787494289
2011-01-21 05:00:00,5.748463739201826
2011-01-21 06:00:00,53.593486831414815
2011-01-21 07:00:00,119.33005065054492
2011-01-21 08:00:00,239.27601457523093
2011-01-21 09:00:00,135.15712896134025
2011-01-21 10:00:00,62.11228439379829
2011-01-21 11:00:00,73.71735344598568
2011-01-21 12:00:00,82.54169267515888
2011-01-21 13:00:00,70.28596548721218
2011-01-21 14:00:00,71.46577418870298
2011-01-21 15:00:00,69.72771895293621
2011-01-21 16:00:00,83.81615967648305
2011-01-21 17:00:00,132.09988297445005
2011-01-21 18:00:00,113.20112300314578
2011-01-21 19:00:00,91.1403853012326
2011-01-21 20:00:00,68.30957529028154
2011-01-21 21:00:00,43.82459759892881
2011-01-21 22:00:00,34.21393027008561
2011-01-21 23:00:00,25.20569532492774
2011-01-22 00:00:00,30.322400241811728
2011-01-22 01:00:00,18.506032422772755
2011-01-22 02:00:00,15.53563441043886
2011-01-22 03:00:00,7.283248813136654
2011-01-22 04:00:00,2.138269305149035
2011-01-22 06:00:00,5.767917207037566
2011-01-22 07:00:00,15.569131956540708
2011-01-22 08:00:00,36.6765818815184
2011-01-22 09:00:00,52.2703623368737
2011-01-22 10:00:00,85.00361077543512
2011-01-22 11:00:00,85.38481479794423
2011-01-22 12:00:00,94.5184364463867
2011-01-22 13:00:00,106.68656024405735
2011-01-22 14:00:00,104.29120909812958
2011-01-22 15:00:00,103.91766983425896
2011-01-22 16:00:00,97.57631920494816
2011-01-22 17:00:00,88.70293594663138
2011-01-22 18:00:00,59.78989120507327
2011-01-22 19:00:00,55.0725353496333
2011-01-22 20:00:00,48.73928219010472
2011-01-22 21:00:00,43.79394206415328
2011-01-22 22:00:00,34.05169313062542
2011-01-22 23:00:00,28.991453256066084
2011-01-23 00:00:00,30.083597456996184
2011-01-23 01:00:00,25.51151413148713
2011-01-23 02:00:00,14.623243706954876
2011-01-23 03:00:00,8.42207566441199
2011-01-23 05:00:00,2.58886581800593
2011-01-23 06:00:00,3.354738548577643
2011-01-23 07:00:00,12.00990708254956
2011-01-23 08:00:00,24.805140720789787
2011-01-23 09:00:00,49.384744207841614
2011-01-23 10:00:00,65.2365842972071
2011-01-23 11:00:00,100.93647427562139
2011-01-23 12:00:00,99.17628088718942
2011-01-23 13:00:00,97.28738499215933
2011-01-23 14:00:00,104.67019464964753
2011-01-23 15:00:00,105.08412800071387
2011-01-23 16:00:00,102.39601854074249
2011-01-23 17:00:00,86.75226126837755
2011-01-23 18:00:00,68.1738391208682
2011-01-23 19:00:00,47.703376058289784
2011-01-23 20:00:00,41.012942483721766
2011-01-23 21:00:00,34.75762427116841
2011-01-23 22:00:00,25.311478682409746
2011-01-23 23:00:00,18.654426415342925
2011-01-24 00:00:00,10.589328850030745
2011-01-24 01:00:00,4.337679640167064
2011-01-24 03:00:00,1.2931480858448163
2011-01-24 04:00:00,1.7788195510868812
2011-01-24 05:00:00,7.091141792330591
2011-01-24 06:00:00,38.91336924978945
2011-01-24 07:00:00,102.70764331633305
2011-01-24 08:00:00,228.1441464988235
2011-01-24 09:00:00,138.65872115087993
2011-01-24 10:00:00,60.2795450014499
2011-01-24 11:00:00,62.0706844214704
2011-01-24 12:00:00,62.32232998906154
2011-01-24 13:00:00,55.01826289560116
2011-01-24 14:00:00,50.25334516160836
2011-01-24 15:00:00,71.7095020772841
2011-01-24 16:00:00,73.45910474364382
2011-01-24 17:00:00,114.6793794518145
2011-01-24 18:00:00,116.29468827300946
2011-01-24 19:00:00,99.02195126536651
2011-01-24 20:00:00,64.26610057621009
2011-01-24 21:00:00,39.69689870379697
2011-01-24 22:00:00,23.49231034958536
2011-01-24 23:00:00,17.719981920343116
2011-01-25 00:00:00,8.326126908543879
2011-01-25 01:00:00,3.299391224765977
2011-01-25 02:00:00,2.0650052873759464
2011-01-25 04:00:00,1.450368142234168
2011-01-25 05:00:00,6.402354963220752
2011-01-25 06:00:00,47.51309145618375
2011-01-25 07:00:00,117.82157592894507
2011-01-25 08:00:00,230.8622732618652
2011-01-25 09:00:00,163.98034194986457
2011-01-25 10:00:00,72.25887975318349
2011-01-25 11:00:00,79.95067054136008
2011-01-25 12:00:00,95.43135665141885
2011-01-25 13:00:00,87.42196801560469
2011-01-25 14:00:00,95.98310816544722
2011-01-25 15:00:00,97.53516818578963
2011-01-25 16:00:00,131.63218216865437
2011-01-25 17:00:00,254.49314721178962
2011-01-25 18:00:00,220.04574964368382
2011-01-25 19:00:00,131.6907942873261
2011-01-25 20:00:00,78.98193428918803
2011-01-25 21:00:00,61.27978637769673
2011-01-25 22:00:00,38.715582170546384
2011-01-25 23:00:00,20.548332583590938
2011-01-26 00:00:00,10.835793634106667
2011-01-26 01:00:00,6.015418412084681
2011-01-26 02:00:00,2.3462019514630703
2011-01-26 05:00:00,3.5358158214481623
2011-01-26 06:00:00,23.274394869704548
2011-01-26 07:00:00,66.2145064189202
2011-01-26 08:00:00,129.25484144946034
2011-01-26 09:00:00,73.24977076602856
2011-01-26 10:00:00,25.581109083300404
2011-01-26 11:00:00,20.484414078617174
2011-01-26 12:00:00,20.533482017763777
2011-01-26 13:00:00,20.90840329319665
2011-01-26 14:00:00,20.48544196236384
2011-01-26 15:00:00,18.962601824189612
2011-01-26 16:00:00,31.39451887365102
2011-01-26 17:00:00,56.50902443993119
2011-01-27 16:00:00,92.36120113161849
2011-01-27 17:00:00,169.8346378310861
2011-01-27 18:00:00,150.6060223412949
2011-01-27 19:00:00,119.26073526219348
2011-01-27 20:00:00,78.43167269111241
2011-01-27 21:00:00,56.577448840761264
2011-01-27 22:00:00,42.327655914184014
2011-01-27 23:00:00,29.587388955112502
2011-01-28 00:00:00,15.83355294224186
2011-01-28 01:00:00,7.584637198731864
2011-01-28 02:00:00,3.6467444691264226
2011-01-28 03:00:00,2.6131114161523117
2011-01-28 05:00:00,10.007813321095034
2011-01-28 06:00:00,46.18176946450357
2011-01-28 07:00:00,104.02513697543775
2011-01-28 08:00:00,228.222712491047
2011-01-28 09:00:00,104.7944818764454
2011-01-28 10:00:00,40.5135736190248
2011-01-28 11:00:00,39.998291657809446
2011-01-28 12:00:00,41.94967775636689
2011-01-28 13:00:00,41.89872318803789
2011-01-28 14:00:00,44.95595409369975
2011-01-28 15:00:00,52.90895089942208
2011-01-28 16:00:00,74.76917650870129
2011-01-28 17:00:00,181.05201974517206
2011-01-28 18:00:00,171.88897391745178
2011-01-28 19:00:00,130.37738113161788
2011-01-28 20:00:00,88.93517854136117
2011-01-28 21:00:00,55.10006906603523
2011-01-28 22:00:00,53.54318521537261
2011-01-28 23:00:00,42.938210972548774
2011-01-29 00:00:00,24.84093938422539
2011-01-29 01:00:00,23.955786106311102
2011-01-29 02:00:00,19.12788044830265
2011-01-29 03:00:00,10.325557787582582
2011-01-29 04:00:00,2.9664861362467048
2011-01-29 06:00:00,4.232678753073303
2011-01-29 07:00:00,13.922782714181313
2011-01-29 08:00:00,40.8396810796708
2011-01-29 09:00:00,57.21489559515204
2011-01-29 10:00:00,74.97306385524654
2011-01-29 11:00:00,74.15650061113365
2011-01-29 12:00:00,91.98196019283421
2011-01-29 13:00:00,125.48918946267082
2011-01-29 14:00:00,131.91054489091616
2011-01-29 15:00:00,112.66938266351701
2011-01-29 16:00:00,148.63912967239278
2011-01-29 17:00:00,93.52331990367288
2011-01-29 18:00:00,92.57399652426247
2011-01-29 19:00:00,71.99572384594622
2011-01-29 20:00:00,53.04496387055712
2011-01-29 21:00:00,44.56856178776909
2011-01-29 22:00:00,38.096965796646494
2011-01-29 23:00:00,32.08387955755938
2011-01-30 00:00:00,39.24382297318779
2011-01-30 01:00:00,28.31796559436045
2011-01-30 02:00:00,22.318067015532133
2011-01-30 03:00:00,8.83944943911192
2011-01-30 04:00:00,3.1762159893808057
2011-01-30 05:00:00,3.376108308278224
2011-01-30 07:00:00,7.964896079439261
2011-01-30 08:00:00,23.19389612757146
2011-01-30 09:00:00,57.21353530626958
2011-01-30 10:00:00,97.87043731210159
2011-01-30 11:00:00,101.17977776986986
2011-01-30 12:00:00,203.90137987787094
2011-01-30 13:00:00,155.41416461896566
2011-01-30 14:00:00,151.45004703721509
2011-01-30 15:00:00,161.736500080229
2011-01-30 16:00:00,158.308731742203
2011-01-30 17:00:00,132.1550631517204
2011-01-30 18:00:00,93.61511766322224
2011-01-30 19:00:00,70.66248497200797
2011-01-30 20:00:00,62.12314207561611
2011-01-30 21:00:00,52.07356852795425
2011-01-30 22:00:00,41.454653432845326
2011-01-30 23:00:00,22.96502079188647
2011-01-31 00:00:00,12.136669773587228
2011-01-31 01:00:00,3.870791621903421
2011-01-31 02:00:00,2.5153865251423193
2011-01-31 03:00:00,1.6975886140928986
2011-01-31 04:00:00,1.3663474619751486
2011-01-31 05:00:00,3.3580274595947697
2011-01-31 06:00:00,28.658373184068076
2011-01-31 07:00:00,84.8196189826678
2011-01-31 08:00:00,197.5642789446852
2011-01-31 09:00:00,110.77296282574393
2011-01-31 10:00:00,52.290591149632384
2011-01-31 11:00:00,54.561972528687626
2011-01-31 12:00:00,60.20789210059355
2011-01-31 13:00:00,66.78292174603426
2011-01-31 14:00:00,52.7661919403123
2011-01-31 15:00:00,55.595428508017264
2011-01-31 16:00:00,73.58759887527663
2011-01-31 17:00:00,127.55732977609512
2011-01-31 18:00:00,128.16757742776343
2011-01-31 19:00:00,149.713026526235
2011-01-31 20:00:00,66.26797979987249
2011-01-31 21:00:00,41.41106766036176
2011-01-31 22:00:00,34.40025217778198
2011-01-31 23:00:00,17.644986424637924
2011-02-20 00:00:00,40.81042462954581
2011-02-20 01:00:00,23.573092049940872
2011-02-20 02:00:00,18.85670696770258
2011-02-20 03:00:00,7.631980353591769
2011-02-20 04:00:00,2.0509710097992566
2011-02-20 06:00:00,4.4986694632069675
2011-02-20 07:00:00,15.027443619601897
2011-02-20 08:00:00,31.827193482838872
2011-02-20 09:00:00,59.61925120154332
2011-02-20 10:00:00,139.37751929055483
2011-02-20 11:00:00,166.64357516427168
2011-02-20 12:00:00,201.55506357450778
2011-02-20 13:00:00,209.5746648767834
2011-02-20 14:00:00,222.9554488608082
2011-02-20 15:00:00,209.77718942734472
2011-02-20 16:00:00,196.4989624791548
2011-02-20 17:00:00,178.8132654013997
2011-02-20 18:00:00,141.2286755177754
2011-02-20 19:00:00,107.24047418585496
2011-02-20 20:00:00,80.81057816280959
2011-02-20 21:00:00,66.88772503085019
2011-02-20 22:00:00,56.26812188236016
2011-02-20 23:00:00,34.9310715874785
2011-02-21 00:00:00,27.088527595425806
2011-02-21 01:00:00,19.818115080496728
2011-02-21 02:00:00,11.882496501926461
2011-02-21 03:00:00,6.179709938978633
2011-02-21 04:00:00,4.330738760891321
2011-02-21 05:00:00,4.524970406677338
2011-02-21 06:00:00,10.54732911420235
2011-02-21 07:00:00,51.73216044430456
2011-02-21 08:00:00,78.40943901287885
2011-02-21 09:00:00,96.95189472012109
2011-02-21 10:00:00,125.0644117169143
2011-02-21 11:00:00,151.96437905348273
2011-02-21 12:00:00,193.605286202323
2011-02-21 13:00:00,100.41918388903146
2011-02-21 14:00:00,149.39587138752623
2011-02-21 15:00:00,166.5029179471895
2011-02-21 16:00:00,137.62056943347955
2011-02-21 17:00:00,164.2375549099946
2011-02-21 18:00:00,81.22038383597392
2011-02-21 19:00:00,63.434385275502756
2011-02-21 20:00:00,46.28195067790194
2011-02-21 21:00:00,27.079900866684138
2011-02-21 22:00:00,19.90210217853032
2011-02-21 23:00:00,14.97759186432414
2011-02-22 06:00:00,33.5240885571184
2011-02-22 07:00:00,86.21187108080012
2011-02-22 08:00:00,225.20393765337695
2011-02-22 09:00:00,119.2391594973903
2011-02-22 10:00:00,51.91440700718149
2011-02-22 11:00:00,50.71900761037814
2011-02-22 12:00:00,64.35970314213317
2011-02-22 13:00:00,65.5062954203531
2011-02-22 14:00:00,58.94687029185864
2011-02-22 15:00:00,69.83339805803216
2011-02-22 16:00:00,73.87400503641544
2011-02-22 17:00:00,143.20612157312956
2011-02-22 18:00:00,142.81027862898674
2011-02-22 19:00:00,102.29392412356236
2011-02-22 20:00:00,75.8066665080308
2011-02-22 21:00:00,52.61254706254958
2011-02-22 22:00:00,45.19474727382262
2011-02-22 23:00:00,28.707163426415047
2011-02-23 00:00:00,10.872665340286705
2011-02-23 01:00:00,4.72770424996538
2011-02-23 02:00:00,1.8380568940311102
2011-02-23 03:00:00,1.3177951081720654
2011-02-23 05:00:00,6.020689449184618
2011-02-23 06:00:00,35.03946350423439
2011-02-23 07:00:00,105.35347669651225
2011-02-23 08:00:00,236.5971405191977
2011-02-23 09:00:00,147.30767386505556
2011-02-23 10:00:00,68.0614158273906
2011-02-23 11:00:00,82.1868532727033
2011-02-23 12:00:00,87.84591828143185
2011-02-23 13:00:00,81.1286806849591
2011-02-23 14:00:00,89.05183412132116
2011-02-23 15:00:00,104.06397586181201
2011-02-23 16:00:00,135.23329468276887
2011-02-23 17:00:00,248.38882166462582
2011-02-23 18:00:00,209.15506473038494
2011-02-23 19:00:00,175.524653857835
2011-02-23 20:00:00,107.7518298082832
2011-02-23 21:00:00,64.71859311838858
2011-02-23 22:00:00,48.966362896054164
2011-02-23 23:00:00,28.128500597592318
2011-02-24 00:00:00,13.42856140572951
2011-02-24 01:00:00,6.5500562306687895
2011-02-24 02:00:00,2.9928280381660937
2011-02-24 03:00:00,2.3089520289064693
2011-02-24 05:00:00,11.867828186158848
2011-02-24 06:00:00,57.254111991826505
2011-02-24 07:00:00,173.15276440477504
2011-02-24 08:00:00,412.8135817212993
2011-02-24 09:00:00,181.06227738775917
2011-02-24 10:00:00,90.61636680633293
2011-02-24 11:00:00,92.42921343918437
2011-02-24 12:00:00,111.3456560043262
2011-02-24 13:00:00,103.82770172547865
2011-02-24 14:00:00,97.52980125161591
2011-02-24 15:00:00,71.50712165890413
2011-02-24 16:00:00,78.60635184299697
2011-02-24 17:00:00,190.46965921827203
2011-02-24 18:00:00,153.13391815325528
2011-02-24 19:00:00,57.07951700091486
2011-02-24 20:00:00,73.74200158043163
2011-02-24 21:00:00,73.19625114575925
2011-02-24 22:00:00,34.8699249254922
2011-02-24 23:00:00,36.03073227947842
2011-02-25 00:00:00,11.410265799515688
2011-02-25 01:00:00,8.537512950107569
2011-02-25 02:00:00,4.779565093302179
2011-02-25 03:00:00,2.3258914739186536
2011-02-25 05:00:00,9.92207726357108
2011-02-25 06:00:00,47.353466679185814
2011-02-25 07:00:00,72.07776242385985
2011-02-25 08:00:00,213.44748992306643
2011-02-25 09:00:00,56.59711608775093
2011-02-25 10:00:00,30.302191469693028
2011-02-25 11:00:00,174.30477648769335
2011-02-25 12:00:00,192.68228968344914
2011-02-25 13:00:00,183.1868673327719
2011-02-25 14:00:00,164.43600599337515
2011-02-25 15:00:00,207.94952984823436
2011-02-25 16:00:00,141.50991881872596
2011-02-25 17:00:00,238.0457293792514
2011-02-25 18:00:00,211.73318528055594
2011-02-25 19:00:00,143.82078956005736
2011-02-25 20:00:00,100.05233683540064
2011-02-25 21:00:00,86.26799416205326
2011-02-25 22:00:00,60.70845962243833
2011-02-25 23:00:00,47.523350304442516
2011-02-26 00:00:00,37.74747917447952
2011-02-26 01:00:00,27.117658956348738
2011-02-26 02:00:00,13.598328758543463
2011-02-26 03:00:00,11.144261941140314
2011-02-26 04:00:00,3.4669780442127305
2011-02-26 05:00:00,3.296303273357426
2011-02-26 06:00:00,3.568837419741499
2011-02-26 07:00:00,12.271967654568332
2011-02-26 08:00:00,43.63508201871291
2011-02-26 09:00:00,90.1600687937256
2011-02-26 10:00:00,156.53573350440573
2011-02-26 11:00:00,206.01101102637355
2011-02-26 12:00:00,216.799916665519
2011-02-26 13:00:00,199.7584572293689
2011-02-26 14:00:00,189.66828414079058
2011-02-26 15:00:00,197.03121091352475
2011-02-26 16:00:00,202.06265756976074
2011-02-26 17:00:00,201.5824862680256
2011-02-26 18:00:00,154.37482746057063
2011-02-26 19:00:00,90.81262362655569
2011-02-26 20:00:00,80.4171361003006
2011-02-26 21:00:00,60.840605737875684
2011-02-26 22:00:00,61.217775733565986
2011-02-26 23:00:00,47.1637014789938
2011-02-27 00:00:00,36.972940848106674
2011-02-27 01:00:00,34.277607343225114
2011-02-27 02:00:00,28.17147802324643
2011-02-27 03:00:00,12.056373378829159
2011-02-27 04:00:00,6.231770932344154
2011-02-27 06:00:00,4.161633034079579
2011-02-27 07:00:00,16.191509394620347
2011-02-27 08:00:00,38.11911545150608
2011-02-27 09:00:00,85.87742347118089
2011-02-27 10:00:00,121.70791744675212
2011-02-27 11:00:00,174.87394047458497
2011-02-27 12:00:00,240.7733415189799
2011-02-27 13:00:00,274.3791926710289
2011-02-27 14:00:00,287.6492794352524
2011-02-27 15:00:00,339.8711680445064
2011-02-27 16:00:00,348.90488591968875
2011-02-27 17:00:00,214.8519661072676
2011-02-27 18:00:00,155.43121565915817
2011-02-27 19:00:00,128.02994396787815
2011-02-27 20:00:00,108.48823281787354
2011-02-27 21:00:00,77.6542560227009
2011-02-27 22:00:00,59.97325185326633
2011-02-27 23:00:00,37.95712497310331
2011-02-28 00:00:00,15.178527010422252
2011-02-28 01:00:00,4.043037959692752
2011-02-28 03:00:00,1.3889371687734602
2011-02-28 05:00:00,11.114105855665397
2011-02-28 06:00:00,60.72517189143921
2011-02-28 07:00:00,156.25480418174794
2011-02-28 08:00:00,167.31571892182345
2011-02-28 09:00:00,192.16160640119415
2011-02-28 10:00:00,138.23753639264265
2011-02-28 11:00:00,144.45109703889466
2011-02-28 12:00:00,179.60901542044962
2011-02-28 13:00:00,66.4581009641339
2011-02-28 14:00:00,26.98177981945142
2011-02-28 15:00:00,26.99480359277826
2011-02-28 16:00:00,69.1003680405565
2011-02-28 17:00:00,67.5599634251379
2011-02-28 18:00:00,163.74786413597772
2011-02-28 19:00:00,60.59067660315731
2011-02-28 20:00:00,43.8283687392453
2011-02-28 21:00:00,70.71423457319983
2011-02-28 22:00:00,26.32154876438379
2011-02-28 23:00:00,26.64345988938402
2011-03-20 00:00:00,58.294358018700954
2011-03-20 01:00:00,39.132555675277445
2011-03-20 02:00:00,30.609990650944187
2011-03-20 03:00:00,14.230543139684908
2011-03-20 04:00:00,2.0472718486491313
2011-03-20 05:00:00,2.325512048943932
2011-03-20 06:00:00,2.9408809967897276
2011-03-20 07:00:00,12.580827883062897
2011-03-20 08:00:00,44.758607393565704
2011-03-20 09:00:00,101.74580153647709
2011-03-20 10:00:00,153.85046996536238
2011-03-20 11:00:00,205.50913643893998
2011-03-20 12:00:00,242.55063131759235
2011-03-20 13:00:00,232.91038141736504
2011-03-20 14:00:00,216.4068715875673
2011-03-20 15:00:00,230.62596745967497
2011-03-20 16:00:00,263.9593334585703
2011-03-20 17:00:00,194.44845752079624
2011-03-20 18:00:00,149.69806007105163
2011-03-20 19:00:00,109.66904373331178
2011-03-20 20:00:00,80.43464541696183
2011-03-20 21:00:00,56.81322251127536
2011-03-20 22:00:00,48.97458686536422
2011-03-20 23:00:00,29.566586381370474
2011-03-21 00:00:00,12.891549804634327
2011-03-21 01:00:00,6.210992286991104
2011-03-21 02:00:00,4.171489933707408
2011-03-21 03:00:00,2.522896544707103
2011-03-21 05:00:00,9.281281509734356
2011-03-21 06:00:00,42.55926885463788
2011-03-21 07:00:00,80.35783880573062
2011-03-21 08:00:00,210.68996638469162
2011-03-21 09:00:00,128.6292027101009
2011-03-21 10:00:00,69.79289828677497
2011-03-21 11:00:00,105.35923140981733
2011-03-21 12:00:00,144.52549849744605
2011-03-21 13:00:00,163.8146663236655
2011-03-21 14:00:00,171.715215557873
2011-03-21 15:00:00,192.98917932898522
2011-03-21 16:00:00,235.9556694694855
2011-03-21 17:00:00,500.5029181171744
2011-03-21 18:00:00,503.63736887343555
2011-03-21 19:00:00,382.22612988979495
2011-03-21 20:00:00,285.8583418894402
2011-03-21 21:00:00,100.36390480611264
2011-03-21 22:00:00,96.7637089241652
2011-03-21 23:00:00,62.41955071162245
2011-03-22 00:00:00,28.67316251000309
2011-03-22 01:00:00,6.540794449697692
2011-03-22 02:00:00,5.500893586181883
2011-03-22 03:00:00,3.5945983022612418
2011-03-22 04:00:00,3.4962424672696177
2011-03-22 05:00:00,19.591986721618316
2011-03-22 06:00:00,85.7674173838631
2011-03-22 07:00:00,218.1183438378219
2011-03-22 08:00:00,311.8399155930709
2011-03-22 09:00:00,165.74111036985624
2011-03-22 10:00:00,109.5575868737466
2011-03-22 11:00:00,138.29670718915318
2011-03-22 12:00:00,189.12628435971257
2011-03-22 13:00:00,203.14413033253655
2011-03-22 14:00:00,184.56819892570923
2011-03-22 15:00:00,197.63268773185501
2011-03-22 16:00:00,274.51584190620446
2011-03-22 17:00:00,507.81514605542975
2011-03-22 18:00:00,491.46016668366366
2011-03-22 19:00:00,254.3672012248453
2011-03-22 20:00:00,166.35413382193877
2011-03-22 21:00:00,110.53436489069253
2011-03-22 22:00:00,82.87781612661875
2011-03-22 23:00:00,47.50211213164977
2011-03-23 00:00:00,16.8612507544469
2011-03-23 01:00:00,6.177717223407065
2011-03-23 02:00:00,3.6810650458041225
2011-03-23 03:00:00,2.6684407214332917
2011-03-23 05:00:00,7.787500480298038
2011-03-23 06:00:00,51.12989271983762
2011-03-23 07:00:00,102.25952455106092
2011-03-23 08:00:00,255.39432505968009
2011-03-23 09:00:00,152.05638806467397
2011-03-23 10:00:00,56.70102254471793
2011-03-23 11:00:00,58.85848380154995
2011-03-23 12:00:00,57.97861624573229
2011-03-23 13:00:00,51.98371138919473
2011-03-23 14:00:00,76.69965104256897
2011-03-23 15:00:00,90.35543750044559
2011-03-23 16:00:00,145.7681758001952
2011-03-23 17:00:00,295.79765940583906
2011-03-23 18:00:00,162.06303838883423
2011-03-23 19:00:00,119.23231990413662
2011-03-23 20:00:00,26.15770325672096
2011-03-23 21:00:00,20.438970275384797
2011-03-23 22:00:00,39.0586043931357
2011-03-23 23:00:00,28.298103900044275
2011-03-24 00:00:00,8.20032242285631
2011-03-24 01:00:00,4.416992980379723
2011-03-24 02:00:00,3.3970538056661064
2011-03-24 03:00:00,2.1700087447343765
2011-03-24 04:00:00,2.0532981648260797
2011-03-24 05:00:00,11.606992202051753
2011-03-24 06:00:00,58.654614285402545
2011-03-24 07:00:00,84.58271961193428
2011-03-24 08:00:00,122.3488774417809
2011-03-24 09:00:00,157.51713645776485
2011-03-24 10:00:00,56.24874600684573
2011-03-24 11:00:00,71.96520384256961
2011-03-24 12:00:00,109.62324030109964
2011-03-24 13:00:00,107.43723929990355
2011-03-24 14:00:00,90.99396465169205
2011-03-24 15:00:00,92.7682755754343
2011-03-24 16:00:00,121.60989638260375
2011-03-24 17:00:00,231.48150731819322
2011-03-24 18:00:00,230.20788127689485
2011-03-24 19:00:00,181.21323803696035
2011-03-24 20:00:00,120.4885074096608
2011-03-24 21:00:00,93.59409231911502
2011-03-24 22:00:00,76.7911608144668
2011-03-24 23:00:00,41.593346356261065
2011-03-25 00:00:00,22.345642830395473
2011-03-25 01:00:00,7.474366395929974
2011-03-25 02:00:00,2.636840756620304
2011-03-25 03:00:00,2.9139743077800437
2011-03-25 04:00:00,2.0298508124380827
2011-03-25 05:00:00,7.030473982149854
2011-03-25 06:00:00,45.303982953117064
2011-03-25 07:00:00,150.04542119989688
2011-03-25 08:00:00,296.0419282391738
2011-03-25 09:00:00,202.31670691881422
2011-03-25 10:00:00,92.7653988955223
2011-03-25 11:00:00,116.56583289002111
2011-03-25 12:00:00,127.42581253978317
2011-03-25 13:00:00,117.090656083007
2011-03-25 14:00:00,183.0441445297646
2011-03-25 15:00:00,112.46565558432037
2011-03-25 16:00:00,160.9411742726676
2011-03-25 17:00:00,236.68731296128072
2011-03-25 18:00:00,213.77387497833135
2011-03-25 19:00:00,159.58275902090605
2011-03-25 20:00:00,103.06707195289302
2011-03-25 21:00:00,84.25852216310058
2011-03-25 22:00:00,78.45817678085862
2011-03-25 23:00:00,49.74959616249536
2011-03-26 00:00:00,47.01017420177508
2011-03-26 01:00:00,38.558713023791235
2011-03-26 02:00:00,25.472367661205148
2011-03-26 03:00:00,9.362115496106714
2011-03-26 04:00:00,3.6484483942174775
2011-03-26 05:00:00,2.892244703816475
2011-03-26 06:00:00,7.29678265809957
2011-03-26 07:00:00,17.446591302454745
2011-03-26 08:00:00,74.58330249936242
2011-03-26 09:00:00,124.20531016332036
2011-03-26 10:00:00,149.35891570329915
2011-03-26 11:00:00,165.28755653504865
2011-03-26 12:00:00,199.92703955000002
2011-03-26 13:00:00,197.01387024059994
2011-03-26 14:00:00,217.5248598581688
2011-03-26 15:00:00,241.65393440698801
2011-03-26 16:00:00,268.2997672508996
2011-03-26 17:00:00,170.62624247089303
2011-03-26 18:00:00,120.1451096658241
2011-03-26 19:00:00,88.0722054445587
2011-03-26 20:00:00,69.03763895719092
2011-03-26 21:00:00,61.127263030060234
2011-03-26 22:00:00,56.840491336505686
2011-03-26 23:00:00,50.35143225585504
2011-03-27 00:00:00,45.53178459121346
2011-03-27 01:00:00,29.44323222012529
2011-03-27 02:00:00,19.835764908244432
2011-03-27 03:00:00,6.85323435840424
2011-03-27 04:00:00,2.0291221777063195
2011-03-27 06:00:00,5.47867326078679
2011-03-27 07:00:00,9.873025233990436
2011-03-27 08:00:00,31.027050380265816
2011-03-27 09:00:00,75.27362713235223
2011-03-27 10:00:00,74.5848730791208
2011-03-27 11:00:00,133.54663207945723
2011-03-27 12:00:00,189.8001633496145
2011-03-27 13:00:00,183.3351636834744
2011-03-27 14:00:00,175.90606282918466
2011-03-27 15:00:00,183.12296494789695
2011-03-27 16:00:00,200.43240697549564
2011-03-27 17:00:00,156.6256315054458
2011-03-27 18:00:00,115.68678976857792
2011-03-27 19:00:00,82.53808950706711
2011-03-27 20:00:00,59.7095612649216
2011-03-27 21:00:00,50.188814982494854
2011-03-27 22:00:00,43.35585392808437
2011-03-27 23:00:00,29.906631505825846
2011-03-28 00:00:00,10.723645655197815
2011-03-28 01:00:00,4.767107969065033
2011-03-28 02:00:00,2.9920017084481323
2011-03-28 03:00:00,1.7584641581973202
2011-03-28 05:00:00,6.32189933806702
2011-03-28 06:00:00,34.73441683183263
2011-03-28 07:00:00,111.58686105764167
2011-03-28 08:00:00,268.48986939933434
2011-03-28 09:00:00,132.0586938945237
2011-03-28 10:00:00,72.73290690649206
2011-03-28 11:00:00,77.9281115559035
2011-03-28 12:00:00,96.04253597263855
2011-03-28 13:00:00,97.99493428282993
2011-03-28 14:00:00,95.47521221005182
2011-03-28 15:00:00,104.78662104061303
2011-03-28 16:00:00,149.27314489629526
2011-03-28 17:00:00,281.17779686886144
2011-03-28 18:00:00,205.85820538461113
2011-03-28 19:00:00,151.00698847598304
2011-03-28 20:00:00,132.80383733841023
2011-03-28 21:00:00,102.26256691436824
2011-03-28 22:00:00,64.65555597237525
2011-03-28 23:00:00,40.741812774469636
2011-03-29 00:00:00,9.740438964033972
2011-03-29 01:00:00,3.3512243444772074
2011-03-29 02:00:00,2.3518471281426563
2011-03-29 03:00:00,1.6714953660303864
2011-03-29 04:00:00,1.883416755833463
2011-03-29 05:00:00,8.897640921726172
2011-03-29 06:00:00,55.05581592177524
2011-03-29 07:00:00,129.59969639996254
2011-03-29 08:00:00,292.03170617425354
2011-03-29 09:00:00,184.0807445310631
2011-03-29 10:00:00,94.09213353510906
2011-03-29 11:00:00,88.12173159891363
2011-03-29 12:00:00,141.75014064309076
2011-03-29 13:00:00,130.4695419926444
2011-03-29 14:00:00,128.15408529885954
2011-03-29 15:00:00,155.33198518110834
2011-03-29 16:00:00,193.91336567240418
2011-03-29 17:00:00,376.6674019017956
2011-03-29 18:00:00,304.94836071954416
2011-03-29 19:00:00,223.77077534523718
2011-03-29 20:00:00,169.16728196161026
2011-03-29 21:00:00,117.40221689219254
2011-03-29 22:00:00,87.48847034300734
2011-03-29 23:00:00,42.60219388733008
2011-03-30 00:00:00,19.040026165182855
2011-03-30 01:00:00,8.837283616882795
2011-03-30 02:00:00,4.07959359080489
2011-03-30 03:00:00,2.6515011153469885
2011-03-30 04:00:00,2.3293405873037245
2011-03-30 05:00:00,20.53735492422378
2011-03-30 06:00:00,87.60241791192996
2011-03-30 07:00:00,237.16995099502827
2011-03-30 08:00:00,423.3369702795041
2011-03-30 09:00:00,209.3231963204582
2011-03-30 10:00:00,104.576728223304
2011-03-30 11:00:00,108.7290600133489
2011-03-30 12:00:00,141.2086758224716
2011-03-30 13:00:00,148.92038727449307
2011-03-30 14:00:00,128.59155079539354
2011-03-30 15:00:00,54.42113522236565
2011-03-30 16:00:00,64.10307370627422
2011-03-30 17:00:00,109.56779379401394
2011-03-30 18:00:00,134.3170893120548
2011-03-30 19:00:00,106.42976227719058
2011-03-30 20:00:00,45.04206622969843
2011-03-30 21:00:00,69.8999456158112
2011-03-30 22:00:00,33.76228454249023
2011-03-30 23:00:00,16.390344434719996
2011-03-31 00:00:00,7.921816686365392
2011-03-31 01:00:00,5.417895658788834
2011-03-31 02:00:00,4.031742766360626
2011-03-31 03:00:00,2.643675938443349
2011-03-31 04:00:00,2.618213944429429
2011-03-31 05:00:00,9.984601674210586
2011-03-31 06:00:00,32.49510558750696
2011-03-31 07:00:00,120.3503573372535
2011-03-31 08:00:00,259.6551777211648
2011-03-31 09:00:00,108.40757100908918
2011-03-31 10:00:00,50.78389052585961
2011-03-31 11:00:00,48.9783537163805
2011-03-31 12:00:00,54.673239485066176
2011-03-31 13:00:00,63.80845189925963
2011-03-31 14:00:00,56.49786605764294
2011-03-31 15:00:00,49.81917230461755
2011-03-31 16:00:00,90.02087659141581
2011-03-31 17:00:00,177.03762102063246
2011-03-31 18:00:00,193.22169126744143
2011-03-31 19:00:00,157.75333602514306
2011-03-31 20:00:00,57.35936176495169
2011-03-31 21:00:00,94.32854418529291
2011-03-31 22:00:00,44.26726386246494
2011-03-31 23:00:00,36.294933896393296
2011-04-20 00:00:00,31.605988453748648
2011-04-20 01:00:00,7.790240726434318
2011-04-20 02:00:00,5.881210663610625
2011-04-20 03:00:00,3.44837298623848
2011-04-20 04:00:00,2.5417711575649142
2011-04-20 05:00:00,13.619103501637682
2011-04-20 06:00:00,85.56287461803154
2011-04-20 07:00:00,216.75264548413904
2011-04-20 08:00:00,635.3358892558059
2011-04-20 09:00:00,296.03229019081994
2011-04-20 10:00:00,176.84216820574395
2011-04-20 11:00:00,189.3426253471821
2011-04-20 12:00:00,261.790983294336
2011-04-20 13:00:00,249.04560501380044
2011-04-20 14:00:00,220.3953217820381
2011-04-20 15:00:00,232.6683603982941
2011-04-20 16:00:00,361.37698699255554
2011-04-20 17:00:00,743.198404568509
2011-04-20 18:00:00,632.1086173787669
2011-04-20 19:00:00,525.6998262114561
2011-04-20 20:00:00,348.8969036738611
2011-04-20 21:00:00,282.61996848807485
2011-04-20 22:00:00,205.79980222090194
2011-04-20 23:00:00,127.15809179036256
2011-04-21 00:00:00,39.35354701547472
2011-04-21 01:00:00,18.225870872261268
2011-04-21 02:00:00,9.553353143646765
2011-04-21 03:00:00,3.6189988022314172
2011-04-21 04:00:00,3.5203908495427445
2011-04-21 05:00:00,20.844422441544015
2011-04-21 06:00:00,95.54236209588585
2011-04-21 07:00:00,266.3321150076353
2011-04-21 08:00:00,370.625377965243
2011-04-21 09:00:00,219.93864020852584
2011-04-21 10:00:00,166.03805764009095
2011-04-21 11:00:00,170.91135444820074
2011-04-21 12:00:00,220.22872544464659
2011-04-21 13:00:00,242.2232849473011
2011-04-21 14:00:00,219.0619429943735
2011-04-21 15:00:00,221.08041265368516
2011-04-21 16:00:00,322.4513424415475
2011-04-21 17:00:00,607.9241889358857
2011-04-21 18:00:00,564.7021571661827
2011-04-21 19:00:00,365.6333273619828
2011-04-21 20:00:00,279.3555200980999
2011-04-21 21:00:00,190.92642110581863
2011-04-21 22:00:00,154.64087809328703
2011-04-21 23:00:00,91.77771701823549
2011-04-22 00:00:00,40.47635524729733
2011-04-22 01:00:00,22.530817384970653
2011-04-22 02:00:00,10.69453598146133
2011-04-22 03:00:00,5.307000544499284
2011-04-22 04:00:00,4.11810257372891
2011-04-22 05:00:00,17.784031892160904
2011-04-22 06:00:00,92.82051987714487
2011-04-22 07:00:00,207.3913030146428
2011-04-22 08:00:00,362.70020093889497
2011-04-22 09:00:00,128.6914515486317
2011-04-22 10:00:00,111.05038053559949
2011-04-22 11:00:00,65.90511280186014
2011-04-22 12:00:00,74.13170481895659
2011-04-22 13:00:00,47.69550943009078
2011-04-22 14:00:00,29.828053794696185
2011-04-22 15:00:00,46.03237481521734
2011-04-22 16:00:00,78.44725447208927
2011-04-22 17:00:00,87.81348604177815
2011-04-22 18:00:00,82.5711612690996
2011-04-22 19:00:00,60.962050973737995
2011-04-22 20:00:00,44.99959933836843
2011-04-22 21:00:00,48.38790448680553
2011-04-22 22:00:00,39.347911962032065
2011-04-22 23:00:00,44.18094071339939
2011-04-23 00:00:00,23.37185292718853
2011-04-23 01:00:00,20.570131922940952
2011-04-23 02:00:00,27.662407895247753
2011-04-23 03:00:00,13.979343360847503
2011-04-23 04:00:00,5.117348300838427
2011-04-23 05:00:00,4.712195381097406
2011-04-23 06:00:00,10.928735100540848
2011-04-23 07:00:00,19.730526594238636
2011-04-23 08:00:00,39.99238331997375
2011-04-23 09:00:00,49.279312148709344
2011-04-23 10:00:00,147.68126832900577
2011-04-23 11:00:00,186.1391839114865
2011-04-23 12:00:00,233.50612650752944
2011-04-23 13:00:00,244.12838207602437
2011-04-23 14:00:00,334.8178802012285
2011-04-23 15:00:00,386.5959658881374
2011-04-23 16:00:00,431.3061152795965
2011-04-23 17:00:00,425.34029464452806
2011-04-23 18:00:00,344.679561020174
2011-04-23 19:00:00,271.97849047986676
2011-04-23 20:00:00,166.77470640456198
2011-04-23 21:00:00,163.19490245089307
2011-04-23 22:00:00,171.71483357461906
2011-04-23 23:00:00,111.02106959017824
2011-04-24 00:00:00,110.9086091991533
2011-04-24 01:00:00,69.52694271672608
2011-04-24 02:00:00,48.72112561932952
2011-04-24 03:00:00,22.160204195532277
2011-04-24 04:00:00,8.916942252360808
2011-04-24 05:00:00,11.608124515645141
2011-04-24 06:00:00,9.761756350007104
2011-04-24 07:00:00,31.879364810625873
2011-04-24 08:00:00,83.04213346854422
2011-04-24 09:00:00,158.99073761049385
2011-04-24 10:00:00,284.3927260347051
2011-04-24 11:00:00,424.38455309207666
2011-04-24 12:00:00,462.28926898018256
2011-04-24 13:00:00,452.86617484143454
2011-04-24 14:00:00,488.7853725480285
2011-04-24 15:00:00,462.93765953889135
2011-04-24 16:00:00,441.6760455106843
2011-04-24 17:00:00,499.4099204704366
2011-04-24 18:00:00,368.1730945374266
2011-04-24 19:00:00,165.69420451816018
2011-04-24 20:00:00,114.67771168508023
2011-04-24 21:00:00,70.27530469686195
2011-04-24 22:00:00,41.98177716896172
2011-04-24 23:00:00,39.656857783434084
2011-04-25 00:00:00,20.579268494075187
2011-04-25 01:00:00,11.362725497168801
2011-04-25 02:00:00,7.572261233181535
2011-04-25 03:00:00,3.978619325093876
2011-04-25 04:00:00,5.256215479566549
2011-04-25 05:00:00,13.3007835132516
2011-04-25 06:00:00,78.06498264286198
2011-04-25 07:00:00,214.64579073274726
2011-04-25 08:00:00,489.94698431943357
2011-04-25 09:00:00,285.41905908208344
2011-04-25 10:00:00,153.78695475611613
2011-04-25 11:00:00,172.70062642791797
2011-04-25 12:00:00,207.69319640909725
2011-04-25 13:00:00,207.57578892253784
2011-04-25 14:00:00,188.51841647298087
2011-04-25 15:00:00,191.41433379220183
2011-04-25 16:00:00,323.2220014485605
2011-04-25 17:00:00,575.5616129667727
2011-04-25 18:00:00,532.5255372857227
2011-04-25 19:00:00,387.34011234569743
2011-04-25 20:00:00,271.3423796112413
2011-04-25 21:00:00,215.42352862045016
2011-04-25 22:00:00,146.1489342788068
2011-04-25 23:00:00,75.98768733287811
2011-04-26 00:00:00,29.30663258923109
2011-04-26 01:00:00,11.016886048997618
2011-04-26 02:00:00,5.760055822250056
2011-04-26 03:00:00,3.576240973753556
2011-04-26 04:00:00,5.138091503856795
2011-04-26 05:00:00,23.78713308702878
2011-04-26 06:00:00,117.41669065766972
2011-04-26 07:00:00,349.4176931453752
2011-04-26 08:00:00,522.4405026238218
2011-04-26 09:00:00,296.64243883924763
2011-04-26 10:00:00,165.5262900574264
2011-04-26 11:00:00,182.25708921166512
2011-04-26 12:00:00,219.46848481419767
2011-04-26 13:00:00,188.542096194366
2011-04-26 14:00:00,190.40201173108105
2011-04-26 15:00:00,205.72303464506655
2011-04-26 16:00:00,327.0885336600719
2011-04-26 17:00:00,614.6066257037413
2011-04-26 18:00:00,604.7828275882758
2011-04-26 19:00:00,443.4114083140287
2011-04-26 20:00:00,324.01861302133796
2011-04-26 21:00:00,208.23815907489788
2011-04-26 22:00:00,149.98758254304587
2011-04-26 23:00:00,82.66393510954612
2011-04-27 00:00:00,42.461649186358635
2011-04-27 01:00:00,16.63923772721453
2011-04-27 02:00:00,6.888395964948457
2011-04-27 03:00:00,3.9081827870721657
2011-04-27 04:00:00,4.6416964423138225
2011-04-27 05:00:00,17.382732948779573
2011-04-27 06:00:00,108.36555708764739
2011-04-27 07:00:00,301.2567667605059
2011-04-27 08:00:00,431.0954877559411
2011-04-27 09:00:00,212.49472880642338
2011-04-27 10:00:00,131.8419550038607
2011-04-27 11:00:00,159.09197929638785
2011-04-27 12:00:00,193.3453391985625
2011-04-27 13:00:00,182.51474988146387
2011-04-27 14:00:00,202.03789484535048
2011-04-27 15:00:00,228.39238221408442
2011-04-27 16:00:00,324.64215597371845
2011-04-27 17:00:00,287.76017292443703
2011-04-27 18:00:00,283.3124190607509
2011-04-27 19:00:00,378.05713232603887
2011-04-27 20:00:00,232.18686675813987
2011-04-27 21:00:00,179.99689445436826
2011-04-27 22:00:00,94.86658078261556
2011-04-27 23:00:00,55.850944124518534
2011-04-28 00:00:00,45.26977551376487
2011-04-28 01:00:00,14.572662251683601
2011-04-28 02:00:00,7.230904907616018
2011-04-28 03:00:00,5.272622050421558
2011-04-28 04:00:00,5.193875331497862
2011-04-28 05:00:00,29.455079612189085
2011-04-28 06:00:00,132.77319853854874
2011-04-28 07:00:00,331.3844069098039
2011-04-28 08:00:00,495.0130797505716
2011-04-28 09:00:00,134.4300290602406
2011-04-28 10:00:00,119.70421920564179
2011-04-28 11:00:00,135.23641712036925
2011-04-28 12:00:00,191.52793979343392
2011-04-28 13:00:00,145.13078685560026
2011-04-28 14:00:00,149.6364478172056
2011-04-28 15:00:00,226.38056323372552
2011-04-28 16:00:00,267.850799131657
2011-04-28 17:00:00,647.0273149803309
2011-04-28 18:00:00,631.3303751727203
2011-04-28 19:00:00,484.2073884326685
2011-04-28 20:00:00,364.08972178584037
2011-04-28 21:00:00,268.6346808016305
2011-04-28 22:00:00,198.71189267303026
2011-04-28 23:00:00,128.26528607459028
2011-04-29 00:00:00,61.4445786901224
2011-04-29 01:00:00,42.25935536543114
2011-04-29 02:00:00,18.421079245755795
2011-04-29 03:00:00,7.497428940291547
2011-04-29 04:00:00,6.896846853837835
2011-04-29 05:00:00,28.207830706193867
2011-04-29 06:00:00,127.91627737477083
2011-04-29 07:00:00,357.1274481334579
2011-04-29 08:00:00,570.1937533805095
2011-04-29 09:00:00,311.11540472471773
2011-04-29 10:00:00,198.30375866595597
2011-04-29 11:00:00,246.43351666039985
2011-04-29 12:00:00,305.15860717072906
2011-04-29 13:00:00,303.4525579384291
2011-04-29 14:00:00,278.3764400414306
2011-04-29 15:00:00,236.53246216160593
2011-04-29 16:00:00,310.0428759580469
2011-04-29 17:00:00,511.0097588324612
2011-04-29 18:00:00,472.35846404934074
2011-04-29 19:00:00,296.08841635939524
2011-04-29 20:00:00,240.7097303662379
2011-04-29 21:00:00,172.8903530289113
2011-04-29 22:00:00,150.7932744762175
2011-04-29 23:00:00,103.14560001880879
2011-04-30 00:00:00,57.565726302456355
2011-04-30 01:00:00,60.7115366291233
2011-04-30 02:00:00,41.438505519539305
2011-04-30 03:00:00,17.29696727175997
2011-04-30 04:00:00,5.835145966610523
2011-04-30 05:00:00,6.132579754986527
2011-04-30 06:00:00,15.620691987113148
2011-04-30 07:00:00,43.93796858106562
2011-04-30 08:00:00,87.18546759038348
2011-04-30 09:00:00,173.66486473046172
2011-04-30 10:00:00,341.6357283458707
2011-04-30 11:00:00,398.7054379273559
2011-04-30 12:00:00,434.4216672463114
2011-04-30 13:00:00,496.911416806504
2011-04-30 14:00:00,465.6271559081501
2011-04-30 15:00:00,491.4684288169532
2011-04-30 16:00:00,485.3055904928844
2011-04-30 17:00:00,430.729465300035
2011-04-30 18:00:00,368.2789627576753
2011-04-30 19:00:00,316.85596192743577
2011-04-30 20:00:00,146.951449394652
2011-04-30 21:00:00,124.79373884916542
2011-04-30 22:00:00,113.64485890660525
2011-04-30 23:00:00,93.58995541972986
2011-05-20 00:00:00,30.998830752247176
2011-05-20 01:00:00,15.5295039201695
2011-05-20 02:00:00,9.446689784115202
2011-05-20 03:00:00,4.668308012066629
2011-05-20 04:00:00,4.759851655167681
2011-05-20 05:00:00,21.604689560271794
2011-05-20 06:00:00,117.60540384885485
2011-05-20 07:00:00,394.967605993268
2011-05-20 08:00:00,561.3659842445359
2011-05-20 09:00:00,273.03622999111514
2011-05-20 10:00:00,189.84484569817255
2011-05-20 11:00:00,206.39808733331841
2011-05-20 12:00:00,262.95105998754076
2011-05-20 13:00:00,213.13221023413428
2011-05-20 14:00:00,263.8163801612179
2011-05-20 15:00:00,263.5529199795152
2011-05-20 16:00:00,380.92398144287756
2011-05-20 17:00:00,589.331648102034
2011-05-20 18:00:00,582.8659399712615
2011-05-20 19:00:00,371.05901984686795
2011-05-20 20:00:00,290.1533846840708
2011-05-20 21:00:00,232.71263317010897
2011-05-20 22:00:00,198.94394520698344
2011-05-20 23:00:00,148.16649163956723
2011-05-21 00:00:00,128.3913013502549
2011-05-21 01:00:00,103.3011262766292
2011-05-21 02:00:00,73.40916430738064
2011-05-21 03:00:00,28.350332064480643
2011-05-21 04:00:00,7.319848630503325
2011-05-21 05:00:00,9.149119788530276
2011-05-21 06:00:00,28.632694368749505
2011-05-21 07:00:00,88.3394033076707
2011-05-21 08:00:00,184.44744339462812
2011-05-21 09:00:00,295.31989381277066
2011-05-21 10:00:00,433.10946295168253
2011-05-21 11:00:00,562.3274921740971
2011-05-21 12:00:00,576.0568405347418
2011-05-21 13:00:00,608.8600860350491
2011-05-21 14:00:00,612.9682765194252
2011-05-21 15:00:00,588.0762878035827
2011-05-21 16:00:00,549.1013757880077
2011-05-21 17:00:00,518.2283520622437
2011-05-21 18:00:00,479.26551984312016
2011-05-21 19:00:00,403.68203998442704
2011-05-21 20:00:00,302.3797853303129
2011-05-21 21:00:00,263.59617154947125
2011-05-21 22:00:00,205.97006070603953
2011-05-21 23:00:00,158.95098695947274
2011-05-22 00:00:00,121.45295810092829
2011-05-22 01:00:00,69.31484135189432
2011-05-22 02:00:00,56.18411579010349
2011-05-22 03:00:00,21.47884847925202
2011-05-22 04:00:00,8.40325167367973
2011-05-22 05:00:00,10.61279336081471
2011-05-22 06:00:00,17.185050996915024
2011-05-22 07:00:00,62.730325127180635
2011-05-22 08:00:00,134.6028346296454
2011-05-22 09:00:00,231.28668848995432
2011-05-22 10:00:00,342.5554308549904
2011-05-22 11:00:00,442.330213000476
2011-05-22 12:00:00,444.09022513418955
2011-05-22 13:00:00,512.5715081958995
2011-05-22 14:00:00,305.9729520136192
2011-05-22 15:00:00,455.3043032900662
2011-05-22 16:00:00,461.5983127737998
2011-05-22 17:00:00,464.5326501151817
2011-05-22 18:00:00,441.35136906619795
2011-05-22 19:00:00,359.8164887750808
2011-05-22 20:00:00,282.721093109816
2011-05-22 21:00:00,195.66575812141923
2011-05-22 22:00:00,135.25997904730113
2011-05-22 23:00:00,78.95867652832203
2011-05-23 00:00:00,27.00750179461015
2011-05-23 01:00:00,13.598118007444635
2011-05-23 02:00:00,5.579029905908563
2011-05-23 03:00:00,3.714659374949769
2011-05-23 04:00:00,4.995547152507414
2011-05-23 05:00:00,19.98282880660065
2011-05-23 06:00:00,84.32364598375347
2011-05-23 07:00:00,242.91013899302519
2011-05-23 08:00:00,444.6652168784741
2011-05-23 09:00:00,225.57796815511637
2011-05-23 10:00:00,145.908798634287
2011-05-23 11:00:00,155.65301295435407
2011-05-23 12:00:00,196.40070433801728
2011-05-23 13:00:00,191.24232417528702
2011-05-23 14:00:00,177.4348250232355
2011-05-23 15:00:00,183.62236341838965
2011-05-23 16:00:00,315.0293037892983
2011-05-23 17:00:00,451.22587122972817
2011-05-23 18:00:00,483.66088677601294
2011-05-23 19:00:00,386.7089188025336
2011-05-23 20:00:00,238.54473178575228
2011-05-23 21:00:00,179.4682371136936
2011-05-23 22:00:00,100.23083228470945
2011-05-23 23:00:00,66.27654377496144
2011-05-24 00:00:00,20.99483116583235
2011-05-24 01:00:00,11.146996556001072
2011-05-24 02:00:00,6.290733704666087
2011-05-24 03:00:00,3.7044256159838813
2011-05-24 04:00:00,5.063450081216971
2011-05-24 05:00:00,17.3959395121159
2011-05-24 06:00:00,92.89394220864598
2011-05-24 07:00:00,219.83752607050909
2011-05-24 08:00:00,296.13654776553085
2011-05-24 09:00:00,299.4910000489632
2011-05-24 10:00:00,152.94470930906746
2011-05-24 11:00:00,164.52873955078132
2011-05-24 12:00:00,211.12735024979827
2011-05-24 13:00:00,203.70092760651883
2011-05-24 14:00:00,183.986326389282
2011-05-24 15:00:00,198.82419555685772
2011-05-24 16:00:00,344.1016770581059
2011-05-24 17:00:00,678.4063453210327
2011-05-24 18:00:00,647.5575468085157
2011-05-24 19:00:00,465.2232368513011
2011-05-24 20:00:00,322.20140608364886
2011-05-24 21:00:00,209.6136412360906
2011-05-24 22:00:00,78.04980733975314
2011-05-24 23:00:00,104.70351648651004
2011-05-25 00:00:00,29.31336426065473
2011-05-25 01:00:00,11.82890427654745
2011-05-25 02:00:00,7.0285445925527785
2011-05-25 03:00:00,4.32155050757722
2011-05-25 04:00:00,4.694780016226196
2011-05-25 05:00:00,28.404738656442508
2011-05-25 06:00:00,115.08656027897605
2011-05-25 07:00:00,394.6227297826
2011-05-25 08:00:00,567.6400711474281
2011-05-25 09:00:00,298.78777128405835
2011-05-25 10:00:00,179.0970100835261
2011-05-25 11:00:00,157.17477504885431
2011-05-25 12:00:00,210.61499271512994
2011-05-25 13:00:00,201.65412095100217
2011-05-25 14:00:00,196.55108854337956
2011-05-25 15:00:00,191.01758332225876
2011-05-25 16:00:00,308.1074007645532
2011-05-25 17:00:00,632.6481396275675
2011-05-25 18:00:00,652.8888595716397
2011-05-25 19:00:00,513.9418666204963
2011-05-25 20:00:00,384.6521252497871
2011-05-25 21:00:00,274.354929601197
2011-05-25 22:00:00,214.2559971718445
2011-05-25 23:00:00,131.9232606284515
2011-05-26 00:00:00,51.417287106148905
2011-05-26 01:00:00,21.479627000476775
2011-05-26 02:00:00,8.865887899091843
2011-05-26 03:00:00,4.841367783864739
2011-05-26 04:00:00,5.525032188240073
2011-05-26 05:00:00,24.478725544546524
2011-05-26 06:00:00,82.76949268085939
2011-05-26 07:00:00,230.16450038156114
2011-05-26 08:00:00,533.5574534001255
2011-05-26 09:00:00,238.5177464994824
2011-05-26 10:00:00,151.42856459474712
2011-05-26 11:00:00,161.52248881655652
2011-05-26 12:00:00,205.86274696897289
2011-05-26 13:00:00,187.1114801778768
2011-05-26 14:00:00,174.46418166866076
2011-05-26 15:00:00,177.2880877478283
2011-05-26 16:00:00,294.2133147821495
2011-05-26 17:00:00,588.4223592447678
2011-05-26 18:00:00,574.9093690548489
2011-05-26 19:00:00,444.79620019477744
2011-05-26 20:00:00,366.17211127337157
2011-05-26 21:00:00,270.0229123108057
2011-05-26 22:00:00,220.27229802905404
2011-05-26 23:00:00,135.76876769112505
2011-05-27 00:00:00,67.15823504986965
2011-05-27 01:00:00,28.103705037238058
2011-05-27 02:00:00,14.929747492829803
2011-05-27 03:00:00,6.78984837991362
2011-05-27 04:00:00,6.551753793944813
2011-05-27 05:00:00,30.781932760304162
2011-05-27 06:00:00,127.50603910118964
2011-05-27 07:00:00,380.6683507491978
2011-05-27 08:00:00,573.4356892028914
2011-05-27 09:00:00,294.4700702196114
2011-05-27 10:00:00,197.21969569495013
2011-05-27 11:00:00,196.65258988869257
2011-05-27 12:00:00,251.40285450175006
2011-05-27 13:00:00,248.83140356148277
2011-05-27 14:00:00,234.51422000108187
2011-05-27 15:00:00,245.35981456556783
2011-05-27 16:00:00,340.1670937787336
2011-05-27 17:00:00,554.4435544262626
2011-05-27 18:00:00,554.654081669133
2011-05-27 19:00:00,235.08822104788678
2011-05-27 20:00:00,271.6540786655187
2011-05-27 21:00:00,200.69181966606305
2011-05-27 22:00:00,209.97880300818548
2011-05-27 23:00:00,141.58982338206337
2011-05-28 00:00:00,126.64392851144498
2011-05-28 01:00:00,93.14734493140175
2011-05-28 02:00:00,56.48126519196319
2011-05-28 03:00:00,23.91003751260634
2011-05-28 04:00:00,10.287460865196142
2011-05-28 05:00:00,14.158980776525048
2011-05-28 06:00:00,30.894874828485865
2011-05-28 07:00:00,81.08015138054418
2011-05-28 08:00:00,176.25656120452885
2011-05-28 09:00:00,277.52131594950185
2011-05-28 10:00:00,346.1223467835515
2011-05-28 11:00:00,439.07871650611986
2011-05-28 12:00:00,448.39912125472165
2011-05-28 13:00:00,431.16101335038195
2011-05-28 14:00:00,397.9565821447055
2011-05-28 15:00:00,443.4243580301959
2011-05-28 16:00:00,446.4448290329543
2011-05-28 17:00:00,476.6160278439691
2011-05-28 18:00:00,399.04704439091114
2011-05-28 19:00:00,347.2015737266296
2011-05-28 20:00:00,295.1684028403797
2011-05-28 21:00:00,261.59784919814257
2011-05-28 22:00:00,199.91168767796376
2011-05-28 23:00:00,152.88454998186936
2011-05-29 00:00:00,118.20553213138682
2011-05-29 01:00:00,93.72844253859752
2011-05-29 02:00:00,60.07441895861154
2011-05-29 03:00:00,27.70126859300955
2011-05-29 04:00:00,9.477233607179205
2011-05-29 05:00:00,12.481121004774419
2011-05-29 06:00:00,15.127054978898217
2011-05-29 07:00:00,46.89409649663647
2011-05-29 08:00:00,112.1116582618978
2011-05-29 09:00:00,92.41353995311893
2011-05-29 10:00:00,236.11078650727595
2011-05-29 11:00:00,268.448926373387
2011-05-29 12:00:00,339.82347734268797
2011-05-29 13:00:00,393.60589163665617
2011-05-29 14:00:00,368.90323358939173
2011-05-29 15:00:00,372.1179965840728
2011-05-29 16:00:00,399.2887047093674
2011-05-29 17:00:00,409.58372792679256
2011-05-29 18:00:00,349.9302025530108
2011-05-29 19:00:00,304.3434958159551
2011-05-29 20:00:00,184.0516181204814
2011-05-29 21:00:00,166.1769185985551
2011-05-29 22:00:00,133.38122779613906
2011-05-29 23:00:00,95.7639063297989
2011-05-30 00:00:00,60.94930026378085
2011-05-30 01:00:00,57.44554373520013
2011-05-30 02:00:00,27.309295735426343
2011-05-30 03:00:00,12.616224690623609
2011-05-30 04:00:00,7.836744548182758
2011-05-30 05:00:00,10.961627321841991
2011-05-30 06:00:00,18.726121223252193
2011-05-30 07:00:00,64.965947881859
2011-05-30 08:00:00,159.10738853877862
2011-05-30 09:00:00,216.71990587636833
2011-05-30 10:00:00,227.6040744547412
2011-05-30 11:00:00,286.66229199396287
2011-05-30 12:00:00,327.2657037107487
2011-05-30 13:00:00,334.1904751579022
2011-05-30 14:00:00,331.0567573464228
2011-05-30 15:00:00,340.7329230360595
2011-05-30 16:00:00,383.7251740949734
2011-05-30 17:00:00,453.68106759537847
2011-05-30 18:00:00,421.11364286150086
2011-05-30 19:00:00,265.89623661727717
2011-05-30 20:00:00,309.30698798026555
2011-05-30 21:00:00,262.21646188865736
2011-05-30 22:00:00,168.11809844318063
2011-05-30 23:00:00,86.77871261577673
2011-05-31 00:00:00,33.4919652659256
2011-05-31 01:00:00,16.425364540438324
2011-05-31 02:00:00,7.189630124095158
2011-05-31 03:00:00,4.5071583932125865
2011-05-31 04:00:00,5.469051480633116
2011-05-31 05:00:00,26.22604989959724
2011-05-31 06:00:00,138.08782528231902
2011-05-31 07:00:00,337.67505012073144
2011-05-31 08:00:00,448.1807240000057
2011-05-31 09:00:00,224.38101193328373
2011-05-31 10:00:00,131.4113973769334
2011-05-31 11:00:00,137.6284333076701
2011-05-31 12:00:00,164.9423023172808
2011-05-31 13:00:00,156.04940545036055
2011-05-31 14:00:00,147.08476585704656
2011-05-31 15:00:00,156.2747246370158
2011-05-31 16:00:00,243.92496445019387
2011-05-31 17:00:00,557.2266220425897
2011-05-31 18:00:00,552.3129068522406
2011-05-31 19:00:00,456.9919489845283
2011-05-31 20:00:00,333.24399257744807
2011-05-31 21:00:00,252.1122352124147
2011-05-31 22:00:00,193.12713780530186
2011-05-31 23:00:00,121.14301505622022
2011-06-20 00:00:00,33.02360749126035
2011-06-20 01:00:00,13.328872979418438
2011-06-20 02:00:00,7.019064842737039
2011-06-20 03:00:00,3.8671636020497835
2011-06-20 04:00:00,4.053403755235528
2011-06-20 05:00:00,21.615187593250436
2011-06-20 06:00:00,111.65024959094674
2011-06-20 07:00:00,145.87118698830704
2011-06-20 08:00:00,262.39474935239883
2011-06-20 09:00:00,250.07309799772244
2011-06-20 10:00:00,139.21757341346066
2011-06-20 11:00:00,169.82593561367622
2011-06-20 12:00:00,201.6021694020153
2011-06-20 13:00:00,207.15477037172622
2011-06-20 14:00:00,202.48201210290676
2011-06-20 15:00:00,220.35231050154397
2011-06-20 16:00:00,317.2570882776988
2011-06-20 17:00:00,573.9813024294486
2011-06-20 18:00:00,563.4175624583543
2011-06-20 19:00:00,418.47366078181767
2011-06-20 20:00:00,283.423506418452
2011-06-20 21:00:00,234.22404203960753
2011-06-20 22:00:00,147.42213750968898
2011-06-20 23:00:00,83.08518811086623
2011-06-21 00:00:00,29.184372151508835
2011-06-21 01:00:00,11.945543215012886
2011-06-21 02:00:00,5.332740179752258
2011-06-21 03:00:00,3.770007736549577
2011-06-21 04:00:00,5.869134583707269
2011-06-21 05:00:00,27.304799879599624
2011-06-21 06:00:00,128.98476601740225
2011-06-21 07:00:00,189.85248983012943
2011-06-21 08:00:00,534.6396167423328
2011-06-21 09:00:00,244.88395472082397
2011-06-21 10:00:00,130.18270607843402
2011-06-21 11:00:00,142.31295309304036
2011-06-21 12:00:00,188.2046878844382
2011-06-21 13:00:00,205.94820053746204
2011-06-21 14:00:00,209.1639955907119
2011-06-21 15:00:00,207.64706653638035
2011-06-21 16:00:00,344.1785031823764
2011-06-21 17:00:00,713.4801702047889
2011-06-21 18:00:00,720.2823660275117
2011-06-21 19:00:00,475.8725696145897
2011-06-21 20:00:00,288.75701858143174
2011-06-21 21:00:00,265.27961234276904
2011-06-21 22:00:00,165.67628495983445
2011-06-21 23:00:00,112.62275087342945
2011-06-22 00:00:00,40.80828579451014
2011-06-22 01:00:00,18.248916281889255
2011-06-22 02:00:00,8.386245903646405
2011-06-22 03:00:00,6.16422873610704
2011-06-22 04:00:00,5.2393626962550055
2011-06-22 05:00:00,27.597168345987075
2011-06-22 06:00:00,145.82555793191608
2011-06-22 07:00:00,365.78515052345153
2011-06-22 08:00:00,641.319097640275
2011-06-22 09:00:00,283.53866924776503
2011-06-22 10:00:00,160.9401891336812
2011-06-22 11:00:00,192.5834786386484
2011-06-22 12:00:00,240.9790069326165
2011-06-22 13:00:00,215.00933352699082
2011-06-22 14:00:00,217.56028885395187
2011-06-22 15:00:00,213.4982874248365
2011-06-22 16:00:00,332.5321457739667
2011-06-22 17:00:00,700.4878959485471
2011-06-22 18:00:00,701.1756601983428
2011-06-22 19:00:00,526.7336914813575
2011-06-22 20:00:00,374.2908598659733
2011-06-22 21:00:00,279.23517881268066
2011-06-22 22:00:00,178.6032966257411
2011-06-22 23:00:00,108.74478572224778
2011-06-23 00:00:00,50.481729712689194
2011-06-23 01:00:00,22.963545906456595
2011-06-23 02:00:00,11.726710316586637
2011-06-23 03:00:00,6.073740686387795
2011-06-23 04:00:00,7.261550495050785
2011-06-23 05:00:00,35.484798913742395
2011-06-23 06:00:00,164.88289350616859
2011-06-23 07:00:00,416.6446078971114
2011-06-23 08:00:00,521.9954321226928
2011-06-23 09:00:00,287.46991688674365
2011-06-23 10:00:00,184.20319445879525
2011-06-23 11:00:00,183.85540959408505
2011-06-23 12:00:00,230.89870122849354
2011-06-23 13:00:00,220.38874357885823
2011-06-23 14:00:00,203.1387908412219
2011-06-23 15:00:00,201.80996282324168
2011-06-23 16:00:00,315.6661106190035
2011-06-23 17:00:00,530.7593450307128
2011-06-23 18:00:00,553.7319232665714
2011-06-23 19:00:00,430.00048562157735
2011-06-23 20:00:00,353.8627294787824
2011-06-23 21:00:00,269.5213343800026
2011-06-23 22:00:00,184.23582221413028
2011-06-23 23:00:00,128.74059669835165
2011-06-24 00:00:00,62.40414298443503
2011-06-24 01:00:00,27.837149666660032
2011-06-24 02:00:00,14.787861716695874
2011-06-24 03:00:00,7.521122833606533
2011-06-24 04:00:00,7.442287134643736
2011-06-24 05:00:00,28.41753866682231
2011-06-24 06:00:00,120.25379752779597
2011-06-24 07:00:00,332.89242046279776
2011-06-24 08:00:00,522.2326791719679
2011-06-24 09:00:00,278.0133694545412
2011-06-24 10:00:00,176.469551847581
2011-06-24 11:00:00,218.13004020059117
2011-06-24 12:00:00,270.54516218659126
2011-06-24 13:00:00,299.11389837616895
2011-06-24 14:00:00,245.09078877742095
2011-06-24 15:00:00,276.64022665114254
2011-06-24 16:00:00,391.05950580339294
2011-06-24 17:00:00,690.528180403739
2011-06-24 18:00:00,600.9086252654932
2011-06-24 19:00:00,470.3207103015918
2011-06-24 20:00:00,337.52970801820385
2011-06-24 21:00:00,258.9912135390038
2011-06-24 22:00:00,229.2740212245518
2011-06-24 23:00:00,152.78069312048578
2011-06-25 00:00:00,148.1251999796158
2011-06-25 01:00:00,98.77084897717768
2011-06-25 02:00:00,68.08518844099908
2011-06-25 03:00:00,30.822125851748694
2011-06-25 04:00:00,9.083973720605362
2011-06-25 05:00:00,10.193201213117977
2011-06-25 06:00:00,26.407173436764992
2011-06-25 07:00:00,72.45385416202667
2011-06-25 08:00:00,166.1890250783492
2011-06-25 09:00:00,276.1305495827053
2011-06-25 10:00:00,407.18055990263264
2011-06-25 11:00:00,494.8319047560363
2011-06-25 12:00:00,560.4773491627965
2011-06-25 13:00:00,580.8784881086091
2011-06-25 14:00:00,498.4344520243824
2011-06-25 15:00:00,508.7324796810954
2011-06-25 16:00:00,492.9741820444116
2011-06-25 17:00:00,516.7197339860587
2011-06-25 18:00:00,472.2200902419042
2011-06-25 19:00:00,380.02996244425333
2011-06-25 20:00:00,317.354850584117
2011-06-25 21:00:00,269.31665925431423
2011-06-25 22:00:00,234.28423123146516
2011-06-25 23:00:00,160.1300662496133
2011-06-26 00:00:00,131.08316375719775
2011-06-26 01:00:00,109.94391351483667
2011-06-26 02:00:00,80.90594558289467
2011-06-26 03:00:00,40.08600442013206
2011-06-26 04:00:00,11.639335395098714
2011-06-26 05:00:00,11.944419598404387
2011-06-26 06:00:00,20.04258618964828
2011-06-26 07:00:00,58.14259312351181
2011-06-26 08:00:00,121.93686740769904
2011-06-26 09:00:00,247.9827865593896
2011-06-26 10:00:00,371.4612691213088
2011-06-26 11:00:00,460.0249685056415
2011-06-26 12:00:00,553.8792713263164
2011-06-26 13:00:00,551.0976033810778
2011-06-26 14:00:00,538.2949547363077
2011-06-26 15:00:00,527.0917075887606
2011-06-26 16:00:00,491.89343918423975
2011-06-26 17:00:00,555.1353019587568
2011-06-26 18:00:00,476.9956534803444
2011-06-26 19:00:00,385.2399021051292
2011-06-26 20:00:00,305.20589227342214
2011-06-26 21:00:00,237.5250933508046
2011-06-26 22:00:00,188.46889187037098
2011-06-26 23:00:00,125.70748047184325
2011-06-27 00:00:00,32.92147104216524
2011-06-27 01:00:00,13.425895661761166
2011-06-27 02:00:00,7.268023889070291
2011-06-27 03:00:00,4.8136943992947065
2011-06-27 04:00:00,4.9881017036313775
2011-06-27 05:00:00,24.586534448643913
2011-06-27 06:00:00,125.38416231078565
2011-06-27 07:00:00,342.65243512982096
2011-06-27 08:00:00,454.813350690931
2011-06-27 09:00:00,279.4347796581666
2011-06-27 10:00:00,169.71912990340556
2011-06-27 11:00:00,179.0655006270047
2011-06-27 12:00:00,228.07323276312943
2011-06-27 13:00:00,218.64313634001252
2011-06-27 14:00:00,204.7293030881418
2011-06-27 15:00:00,235.46113263406363
2011-06-27 16:00:00,348.7728356193679
2011-06-27 17:00:00,668.5055648316983
2011-06-27 18:00:00,605.1793277647109
2011-06-27 19:00:00,462.82351249176446
2011-06-27 20:00:00,322.54326410430355
2011-06-27 21:00:00,221.60869783895689
2011-06-27 22:00:00,139.46796382146616
2011-06-27 23:00:00,86.82517750814448
2011-06-28 00:00:00,35.22775503337839
2011-06-28 01:00:00,15.405684801021442
2011-06-28 02:00:00,8.488029769408149
2011-06-28 03:00:00,6.10585426507757
2011-06-28 04:00:00,6.332808699401698
2011-06-28 05:00:00,27.81530998014346
2011-06-28 06:00:00,136.64873873025144
2011-06-28 07:00:00,317.8859017317862
2011-06-28 08:00:00,493.8947352587345
2011-06-28 09:00:00,295.57283757632274
2011-06-28 10:00:00,164.04885733713675
2011-06-28 11:00:00,187.9671035668632
2011-06-28 12:00:00,214.41480694931425
2011-06-28 13:00:00,225.7106457502844
2011-06-28 14:00:00,181.6501382815905
2011-06-28 15:00:00,202.6709118175493
2011-06-28 16:00:00,289.3979678632605
2011-06-28 17:00:00,516.7552032804264
2011-06-28 18:00:00,541.1697268973872
2011-06-28 19:00:00,417.55023413368514
2011-06-28 20:00:00,335.8269623465041
2011-06-28 21:00:00,253.64837566176988
2011-06-28 22:00:00,175.8604480578434
2011-06-28 23:00:00,111.46993041959666
2011-06-29 00:00:00,39.02579287507719
2011-06-29 01:00:00,14.515563984806139
2011-06-29 02:00:00,8.152063829142438
2011-06-29 03:00:00,6.847625992741783
2011-06-29 04:00:00,6.8668869216315995
2011-06-29 05:00:00,30.857763069334208
2011-06-29 06:00:00,151.92927005222958
2011-06-29 07:00:00,353.69360832123203
2011-06-29 08:00:00,502.918343635996
2011-06-29 09:00:00,252.650832633537
2011-06-29 10:00:00,147.94119720674152
2011-06-29 11:00:00,182.74385863512362
2011-06-29 12:00:00,231.85025015113243
2011-06-29 13:00:00,203.99160934338695
2011-06-29 14:00:00,217.3954624203398
2011-06-29 15:00:00,230.15948835218896
2011-06-29 16:00:00,337.6240124921488
2011-06-29 17:00:00,574.3170605463818
2011-06-29 18:00:00,566.238379729913
2011-06-29 19:00:00,449.35340024605927
2011-06-29 20:00:00,366.02958047855253
2011-06-29 21:00:00,313.19364064359485
2011-06-29 22:00:00,232.15991614591323
2011-06-29 23:00:00,138.17425492671902
2011-06-30 00:00:00,51.961858097032604
2011-06-30 01:00:00,20.74276237747776
2011-06-30 02:00:00,10.179888276067947
2011-06-30 03:00:00,6.667554024777483
2011-06-30 04:00:00,7.622262111919007
2011-06-30 05:00:00,33.206703181361554
2011-06-30 06:00:00,140.79319112812402
2011-06-30 07:00:00,377.54131267026537
2011-06-30 08:00:00,520.7618307449493
2011-06-30 09:00:00,265.1336497671803
2011-06-30 10:00:00,175.89915330219972
2011-06-30 11:00:00,204.93439201357413
2011-06-30 12:00:00,255.01021677751365
2011-06-30 13:00:00,245.91578262611307
2011-06-30 14:00:00,224.7706192653345
2011-06-30 15:00:00,210.89197281930777
2011-06-30 16:00:00,325.03396730734994
2011-06-30 17:00:00,541.8172932846174
2011-06-30 18:00:00,625.6616522653275
2011-06-30 19:00:00,502.4466410134737
2011-06-30 20:00:00,380.83286599853767
2011-06-30 21:00:00,295.0909416306911
2011-06-30 22:00:00,228.61916682639367
2011-06-30 23:00:00,150.21847301626693
2011-07-20 00:00:00,45.42228138923313
2011-07-20 01:00:00,17.857022996899104
2011-07-20 02:00:00,7.689329885747131
2011-07-20 03:00:00,6.283624734794494
2011-07-20 04:00:00,6.4940967529150315
2011-07-20 05:00:00,35.04887779289458
2011-07-20 06:00:00,145.96585500220954
2011-07-20 07:00:00,415.06898538596346
2011-07-20 08:00:00,593.8786487485183
2011-07-20 09:00:00,270.12005184424913
2011-07-20 10:00:00,185.2041892562916
2011-07-20 11:00:00,175.13647402480527
2011-07-20 12:00:00,202.24894839039933
2011-07-20 13:00:00,203.96996461845626
2011-07-20 14:00:00,193.6391172223778
2011-07-20 15:00:00,209.04571476667545
2011-07-20 16:00:00,320.4936583879678
2011-07-20 17:00:00,633.253635581517
2011-07-20 18:00:00,625.7616188466441
2011-07-20 19:00:00,475.75879182661737
2011-07-20 20:00:00,382.21584382162195
2011-07-20 21:00:00,318.20317195779177
2011-07-20 22:00:00,254.8979094591538
2011-07-20 23:00:00,139.7680470152544
2011-07-21 00:00:00,53.70139670799027
2011-07-21 01:00:00,19.743960371953072
2011-07-21 02:00:00,9.982869112018431
2011-07-21 03:00:00,6.604426908137645
2011-07-21 04:00:00,7.079703756198491
2011-07-21 05:00:00,32.39381970693089
2011-07-21 06:00:00,161.28716010887686
2011-07-21 07:00:00,442.0650202248357
2011-07-21 08:00:00,576.1087828835174
2011-07-21 09:00:00,255.91965573528148
2011-07-21 10:00:00,161.06105746466235
2011-07-21 11:00:00,173.00995423394428
2011-07-21 12:00:00,193.96456412115978
2011-07-21 13:00:00,194.5127190690849
2011-07-21 14:00:00,185.34408783502272
2011-07-21 15:00:00,195.48248131161657
2011-07-21 16:00:00,316.458847414002
2011-07-21 17:00:00,559.7417521109312
2011-07-21 18:00:00,570.788295670915
2011-07-21 19:00:00,456.92042470965924
2011-07-21 20:00:00,377.4020535624861
2011-07-21 21:00:00,287.07904159580806
2011-07-21 22:00:00,221.34576316217715
2011-07-21 23:00:00,148.07176322889902
2011-07-22 00:00:00,80.22143086382671
2011-07-22 01:00:00,34.70058958744748
2011-07-22 02:00:00,15.774964107915002
2011-07-22 03:00:00,8.2450647917240385
2011-07-22 04:00:00,8.757557372209622
2011-07-22 05:00:00,30.82617456514459
2011-07-22 06:00:00,139.78744784157618
2011-07-22 07:00:00,387.6802297524399
2011-07-22 08:00:00,491.63326549427063
2011-07-22 09:00:00,260.0611302663212
2011-07-22 10:00:00,185.80567052120267
2011-07-22 11:00:00,213.80388979364938
2011-07-22 12:00:00,247.78941487588
2011-07-22 13:00:00,234.436743763234
2011-07-22 14:00:00,216.8061384601134
2011-07-22 15:00:00,223.54873450693412
2011-07-22 16:00:00,299.94560629856744
2011-07-22 17:00:00,560.3111256269387
2011-07-22 18:00:00,604.5031741853024
2011-07-22 19:00:00,506.28786654922385
2011-07-22 20:00:00,321.14010593007293
2011-07-22 21:00:00,269.85547487015435
2011-07-22 22:00:00,240.28568087092643
2011-07-22 23:00:00,174.8112294112788
2011-07-23 00:00:00,140.3760225139204
2011-07-23 01:00:00,106.38583106532016
2011-07-23 02:00:00,72.21382289791102
2011-07-23 03:00:00,30.916553285744445
2011-07-23 04:00:00,11.613747049351538
2011-07-23 05:00:00,11.372212774509478
2011-07-23 06:00:00,27.878088215362396
2011-07-23 07:00:00,76.70981611005887
2011-07-23 08:00:00,162.91449305054283
2011-07-23 09:00:00,263.51755549317687
2011-07-23 10:00:00,345.9006800742543
2011-07-23 11:00:00,418.83038650814206
2011-07-23 12:00:00,422.7778222396598
2011-07-23 13:00:00,384.3591235984888
2011-07-23 14:00:00,397.2948109909984
2011-07-23 15:00:00,364.90828017538473
2011-07-23 16:00:00,345.77783921206594
2011-07-23 17:00:00,343.2532476087486
2011-07-23 18:00:00,376.68760904326786
2011-07-23 19:00:00,337.07375261378803
2011-07-23 20:00:00,296.1120744354329
2011-07-23 21:00:00,261.6306439998699
2011-07-23 22:00:00,232.78237057143593
2011-07-23 23:00:00,186.04195711846643
2011-07-24 00:00:00,148.30174610613028
2011-07-24 01:00:00,99.17899116254664
2011-07-24 02:00:00,73.50579893828383
2011-07-24 03:00:00,33.70652055518067
2011-07-24 04:00:00,11.019012960938626
2011-07-24 05:00:00,11.542992666615609
2011-07-24 06:00:00,16.781785309209482
2011-07-24 07:00:00,61.281920900765556
2011-07-24 08:00:00,135.16721879539972
2011-07-24 09:00:00,232.230948380555
2011-07-24 10:00:00,310.4532574044742
2011-07-24 11:00:00,348.72601292745514
2011-07-24 12:00:00,399.16405202829134
2011-07-24 13:00:00,423.26902337104985
2011-07-24 14:00:00,389.6801112794123
2011-07-24 15:00:00,382.6008669461444
2011-07-24 16:00:00,398.0689097283291
2011-07-24 17:00:00,412.72882724004404
2011-07-24 18:00:00,405.3958276835618
2011-07-24 19:00:00,359.46191153849526
2011-07-24 20:00:00,295.87789967906946
2011-07-24 21:00:00,231.7362115652758
2011-07-24 22:00:00,168.85677711632718
2011-07-24 23:00:00,126.047173428494
2011-07-25 00:00:00,53.94306511621832
2011-07-25 01:00:00,19.125164594610855
2011-07-25 02:00:00,8.838978084260345
2011-07-25 03:00:00,5.655761996754368
2011-07-25 04:00:00,6.384400717895448
2011-07-25 05:00:00,27.271337909913175
2011-07-25 06:00:00,131.62533441325033
2011-07-25 07:00:00,391.32991696319203
2011-07-25 08:00:00,586.0758232118775
2011-07-25 09:00:00,237.90686844866812
2011-07-25 10:00:00,145.64321447667766
2011-07-25 11:00:00,177.54816933791193
2011-07-25 12:00:00,214.75312732855858
2011-07-25 13:00:00,233.96342398621576
2011-07-25 14:00:00,177.91100533817476
2011-07-25 15:00:00,125.98127523440286
2011-07-25 16:00:00,225.59649697375718
2011-07-25 17:00:00,528.1349144284976
2011-07-25 18:00:00,571.7106389313395
2011-07-25 19:00:00,465.66521621009804
2011-07-25 20:00:00,317.356884547513
2011-07-25 21:00:00,170.6012905834422
2011-07-25 22:00:00,131.7559333113889
2011-07-25 23:00:00,81.55293230866998
2011-07-26 00:00:00,38.55472427125218
2011-07-26 01:00:00,17.640723540490228
2011-07-26 02:00:00,8.895340319188529
2011-07-26 03:00:00,5.491731011870578
2011-07-26 04:00:00,6.464258099415864
2011-07-26 05:00:00,31.5100674547268
2011-07-26 06:00:00,141.71248310544712
2011-07-26 07:00:00,362.8454455836422
2011-07-26 08:00:00,459.6399692100374
2011-07-26 09:00:00,232.74226131240465
2011-07-26 10:00:00,150.83251436857148
2011-07-26 11:00:00,189.67908721083262
2011-07-26 12:00:00,241.79901384141567
2011-07-26 13:00:00,200.36219490485152
2011-07-26 14:00:00,183.71761182730054
2011-07-26 15:00:00,190.0897794279643
2011-07-26 16:00:00,332.8128564415495
2011-07-26 17:00:00,608.7669100031674
2011-07-26 18:00:00,595.2449668011803
2011-07-26 19:00:00,410.4680838376645
2011-07-26 20:00:00,336.8453512579753
2011-07-26 21:00:00,269.0811015349735
2011-07-26 22:00:00,210.71824636516644
2011-07-26 23:00:00,128.0870528457448
2011-07-27 00:00:00,45.93699309250888
2011-07-27 01:00:00,16.661217385889223
2011-07-27 02:00:00,6.779281744595427
2011-07-27 03:00:00,4.891831948724433
2011-07-27 04:00:00,5.916624042912272
2011-07-27 05:00:00,34.00400769464959
2011-07-27 06:00:00,140.07304760293223
2011-07-27 07:00:00,365.098017595066
2011-07-27 08:00:00,439.8533540489553
2011-07-27 09:00:00,228.23842621893243
2011-07-27 10:00:00,142.43823166513184
2011-07-27 11:00:00,169.12868251973137
2011-07-27 12:00:00,209.4357840949175
2011-07-27 13:00:00,198.1302511139236
2011-07-27 14:00:00,194.76954716294395
2011-07-27 15:00:00,200.86602677377977
2011-07-27 16:00:00,343.75851140551754
2011-07-27 17:00:00,647.1751809973756
2011-07-27 18:00:00,629.3919299235299
2011-07-27 19:00:00,433.81982358422465
2011-07-27 20:00:00,389.6968138109702
2011-07-27 21:00:00,296.73796922684085
2011-07-27 22:00:00,224.87392366122907
2011-07-27 23:00:00,119.83771037880094
2011-07-28 00:00:00,59.414350001978825
2011-07-28 01:00:00,24.44819868782418
2011-07-28 02:00:00,12.698832821219375
2011-07-28 03:00:00,6.698270899864882
2011-07-28 04:00:00,7.583317028616764
2011-07-28 05:00:00,34.17438315701706
2011-07-28 06:00:00,154.51547942076198
2011-07-28 07:00:00,404.8943076265963
2011-07-28 08:00:00,542.2393899097758
2011-07-28 09:00:00,260.9516499628557
2011-07-28 10:00:00,162.05544356986528
2011-07-28 11:00:00,174.84480391497002
2011-07-28 12:00:00,215.15335874777483
2011-07-28 13:00:00,223.48872970919604
2011-07-28 14:00:00,217.9035436816312
2011-07-28 15:00:00,210.88798933538988
2011-07-28 16:00:00,360.98746759657
2011-07-28 17:00:00,676.3740795826457
2011-07-28 18:00:00,629.507192598009
2011-07-28 19:00:00,494.23180390408976
2011-07-28 20:00:00,391.4292217799968
2011-07-28 21:00:00,304.2196613896419
2011-07-28 22:00:00,240.4355313714382
2011-07-28 23:00:00,146.47011997486484
2011-07-29 00:00:00,74.30215152394639
2011-07-29 01:00:00,33.6211729491771
2011-07-29 02:00:00,14.82590235688031
2011-07-29 03:00:00,7.514608014213332
2011-07-29 04:00:00,8.269964372299752
2011-07-29 05:00:00,29.628888471524494
2011-07-29 06:00:00,143.584984929992
2011-07-29 07:00:00,395.38443929000437
2011-07-29 08:00:00,615.4263202293729
2011-07-29 09:00:00,252.85496568293692
2011-07-29 10:00:00,172.44958574642416
2011-07-29 11:00:00,205.0867974397905
2011-07-29 12:00:00,229.52800370333594
2011-07-29 13:00:00,241.75735548089625
2011-07-29 14:00:00,222.80594694878278
2011-07-29 15:00:00,230.02805943731954
2011-07-29 16:00:00,320.0595672841133
2011-07-29 17:00:00,500.8406281517183
2011-07-29 18:00:00,511.3522121392252
2011-07-29 19:00:00,409.27927649488225
2011-07-29 20:00:00,293.89139672186343
2011-07-29 21:00:00,269.46857476346634
2011-07-29 22:00:00,230.8034261050053
2011-07-29 23:00:00,175.17159860294154
2011-07-30 00:00:00,142.04644695830004
2011-07-30 01:00:00,98.98594807280134
2011-07-30 02:00:00,71.14293385126345
2011-07-30 03:00:00,33.23184187570724
2011-07-30 04:00:00,10.753937202091423
2011-07-30 05:00:00,14.131357379006154
2011-07-30 06:00:00,31.286602161244218
2011-07-30 07:00:00,66.03796438519188
2011-07-30 08:00:00,148.11387896121033
2011-07-30 09:00:00,266.5458499493342
2011-07-30 10:00:00,360.23624072881
2011-07-30 11:00:00,433.0489308872854
2011-07-30 12:00:00,461.84593008680486
2011-07-30 13:00:00,451.2596694160345
2011-07-30 14:00:00,421.30723883747044
2011-07-30 15:00:00,413.8545677963289
2011-07-30 16:00:00,395.4718876466436
2011-07-30 17:00:00,383.538894513738
2011-07-30 18:00:00,381.7088440228127
2011-07-30 19:00:00,424.1288872544718
2011-07-30 20:00:00,288.5356803867366
2011-07-30 21:00:00,259.05645445954855
2011-07-30 22:00:00,232.51881950202605
2011-07-30 23:00:00,188.02015893659043
2011-07-31 00:00:00,147.386087670031
2011-07-31 01:00:00,107.50084640912024
2011-07-31 02:00:00,74.00800075960848
2011-07-31 03:00:00,32.41047356984737
2011-07-31 04:00:00,11.1009553247243
2011-07-31 05:00:00,11.846537209536406
2011-07-31 06:00:00,24.132980721004323
2011-07-31 07:00:00,60.021518375992066
2011-07-31 08:00:00,121.9263491763149
2011-07-31 09:00:00,240.74282497849575
2011-07-31 10:00:00,305.3815812920027
2011-07-31 11:00:00,370.1030612918979
2011-07-31 12:00:00,455.6777588951775
2011-07-31 13:00:00,451.3921534906828
2011-07-31 14:00:00,449.77396113433815
2011-07-31 15:00:00,362.02305100383643
2011-07-31 16:00:00,374.3703811709768
2011-07-31 17:00:00,393.5986039721375
2011-07-31 18:00:00,405.2763555776783
2011-07-31 19:00:00,324.0443986138345
2011-07-31 20:00:00,266.7984201652257
2011-07-31 21:00:00,212.6790144734405
2011-07-31 22:00:00,155.12233866045722
2011-07-31 23:00:00,102.18067166923915
2011-08-20 00:00:00,117.39685767349873
2011-08-20 01:00:00,90.89197867236871
2011-08-20 02:00:00,62.67430871899054
2011-08-20 03:00:00,31.346161729206464
2011-08-20 04:00:00,8.84453059800734
2011-08-20 05:00:00,11.659341919743481
2011-08-20 06:00:00,23.798144459259213
2011-08-20 07:00:00,54.67102533144865
2011-08-20 08:00:00,131.4806547702404
2011-08-20 09:00:00,246.0606528972808
2011-08-20 10:00:00,369.5400522865264
2011-08-20 11:00:00,415.9177957543178
2011-08-20 12:00:00,442.95341751562705
2011-08-20 13:00:00,462.4322535615061
2011-08-20 14:00:00,455.9741232512689
2011-08-20 15:00:00,465.2397370311231
2011-08-20 16:00:00,436.765309636232
2011-08-20 17:00:00,420.1422584469623
2011-08-20 18:00:00,392.4574343962185
2011-08-20 19:00:00,339.97268083571544
2011-08-20 20:00:00,302.18281425995315
2011-08-20 21:00:00,241.88082955384644
2011-08-20 22:00:00,171.92827025633702
2011-08-20 23:00:00,155.05638969025458
2011-08-21 00:00:00,139.3579082234654
2011-08-21 01:00:00,98.07860931442173
2011-08-21 02:00:00,72.09244202029187
2011-08-21 03:00:00,34.918203112620276
2011-08-21 04:00:00,8.961426951573111
2011-08-21 05:00:00,9.37321776022631
2011-08-21 06:00:00,13.45799463652548
2011-08-21 07:00:00,49.13837239989604
2011-08-21 08:00:00,91.13243902397383
2011-08-21 09:00:00,188.52020485367706
2011-08-21 10:00:00,252.5330972897014
2011-08-21 11:00:00,364.09397739952027
2011-08-21 12:00:00,393.70219674152173
2011-08-21 13:00:00,422.78320905372254
2011-08-21 14:00:00,244.30080471893748
2011-08-21 15:00:00,255.07892423618154
2011-08-21 16:00:00,331.9635281995676
2011-08-21 17:00:00,315.3635013423544
2011-08-21 18:00:00,298.72554542688414
2011-08-21 19:00:00,313.09687374182397
2011-08-21 20:00:00,195.070922536605
2011-08-21 21:00:00,167.17530806930375
2011-08-21 22:00:00,128.96375519836863
2011-08-21 23:00:00,95.65197813807016
2011-08-22 00:00:00,32.88047209649284
2011-08-22 01:00:00,14.655862714609313
2011-08-22 02:00:00,10.289144420747254
2011-08-22 03:00:00,5.108401517258017
2011-08-22 04:00:00,5.653361310062673
2011-08-22 05:00:00,28.391618576716354
2011-08-22 06:00:00,111.4075481837581
2011-08-22 07:00:00,328.36056903950526
2011-08-22 08:00:00,478.8138894748519
2011-08-22 09:00:00,244.1330862068635
2011-08-22 10:00:00,148.7952144157944
2011-08-22 11:00:00,158.63999742713486
2011-08-22 12:00:00,216.8702007456623
2011-08-22 13:00:00,200.27370626757062
2011-08-22 14:00:00,188.51746949580027
2011-08-22 15:00:00,202.67320395843902
2011-08-22 16:00:00,316.75480298170214
2011-08-22 17:00:00,518.6087923841843
2011-08-22 18:00:00,553.4801277790305
2011-08-22 19:00:00,477.3200623501617
2011-08-22 20:00:00,389.2245248158905
2011-08-22 21:00:00,279.29517027379273
2011-08-22 22:00:00,176.79698103375694
2011-08-22 23:00:00,117.05099559270543
2011-08-23 00:00:00,33.359258698899076
2011-08-23 01:00:00,14.944540802861225
2011-08-23 02:00:00,7.77890384036622
2011-08-23 03:00:00,4.792421423320295
2011-08-23 04:00:00,6.004305637649037
2011-08-23 05:00:00,30.054506407426306
2011-08-23 06:00:00,133.18036165171893
2011-08-23 07:00:00,364.29589429399357
2011-08-23 08:00:00,599.3327673957536
2011-08-23 09:00:00,322.97139570028025
2011-08-23 10:00:00,193.94517934045774
2011-08-23 11:00:00,215.7329636114369
2011-08-23 12:00:00,276.27945588038637
2011-08-23 13:00:00,265.42351801909575
2011-08-23 14:00:00,248.0020286147098
2011-08-23 15:00:00,275.27374132552956
2011-08-23 16:00:00,419.0223618033493
2011-08-23 17:00:00,831.1426729663372
2011-08-23 18:00:00,773.3574028871726
2011-08-23 19:00:00,506.74783453275364
2011-08-23 20:00:00,359.68729447221745
2011-08-23 21:00:00,236.02684117201628
2011-08-23 22:00:00,193.34469086689197
2011-08-23 23:00:00,117.48869008687636
2011-08-24 00:00:00,40.427053159308336
2011-08-24 01:00:00,18.269884446694668
2011-08-24 02:00:00,8.911116981990952
2011-08-24 03:00:00,6.3437531168867025
2011-08-24 04:00:00,7.376717419156787
2011-08-24 05:00:00,40.06759669635185
2011-08-24 06:00:00,174.49889578317703
2011-08-24 07:00:00,381.9749830266269
2011-08-24 08:00:00,543.2288093314829
2011-08-24 09:00:00,294.6265774947108
2011-08-24 10:00:00,156.0349140623674
2011-08-24 11:00:00,169.911112676932
2011-08-24 12:00:00,194.78288774961868
2011-08-24 13:00:00,212.37882720777694
2011-08-24 14:00:00,201.72460062551573
2011-08-24 15:00:00,216.43505895199849
2011-08-24 16:00:00,318.3849625204476
2011-08-24 17:00:00,589.8469334656306
2011-08-24 18:00:00,588.5908635930248
2011-08-24 19:00:00,447.4779406370184
2011-08-24 20:00:00,342.8309129045439
2011-08-24 21:00:00,272.6008587049064
2011-08-24 22:00:00,195.71789025541938
2011-08-24 23:00:00,116.26162384664806
2011-08-25 00:00:00,48.51750611591834
2011-08-25 01:00:00,19.883137132549532
2011-08-25 02:00:00,10.876379006811561
2011-08-25 03:00:00,6.235242414412642
2011-08-25 04:00:00,7.219534450467151
2011-08-25 05:00:00,31.208790596029246
2011-08-25 06:00:00,132.5314822066604
2011-08-25 07:00:00,335.89460924726376
2011-08-25 08:00:00,486.7144235876568
2011-08-25 09:00:00,234.00115107207722
2011-08-25 10:00:00,147.214959253618
2011-08-25 11:00:00,139.31450453111185
2011-08-25 12:00:00,162.52232334820255
2011-08-25 13:00:00,174.5000292954647
2011-08-25 14:00:00,205.73872847011845
2011-08-25 15:00:00,237.0326320562066
2011-08-25 16:00:00,261.0113917936764
2011-08-25 17:00:00,471.12428535842713
2011-08-25 18:00:00,439.5845228133942
2011-08-25 19:00:00,323.5949369718018
2011-08-25 20:00:00,243.11575151539722
2011-08-25 21:00:00,209.0560990982384
2011-08-25 22:00:00,152.65020352954454
2011-08-25 23:00:00,110.43487952601522
2011-08-26 00:00:00,57.34137022374066
2011-08-26 01:00:00,21.83741690638276
2011-08-26 02:00:00,12.838897902469506
2011-08-26 03:00:00,7.513831105933521
2011-08-26 04:00:00,6.833378924146435
2011-08-26 05:00:00,26.601016184988186
2011-08-26 06:00:00,110.73885573009673
2011-08-26 07:00:00,277.4387858298224
2011-08-26 08:00:00,535.9205799101981
2011-08-26 09:00:00,293.31979227124145
2011-08-26 10:00:00,176.49961659677604
2011-08-26 11:00:00,239.14966745522992
2011-08-26 12:00:00,288.9022894243403
2011-08-26 13:00:00,293.5277355070925
2011-08-26 14:00:00,241.66353395060247
2011-08-26 15:00:00,281.4425281965646
2011-08-26 16:00:00,369.9647705786825
2011-08-26 17:00:00,562.5879160256264
2011-08-26 18:00:00,542.3776112972471
2011-08-26 19:00:00,352.86764555718463
2011-08-26 20:00:00,275.97771404799136
2011-08-26 21:00:00,232.5274152308838
2011-08-26 22:00:00,216.22485279408355
2011-08-26 23:00:00,169.69776998309098
2011-08-27 00:00:00,153.47309252048572
2011-08-27 01:00:00,107.21835632116431
2011-08-27 02:00:00,73.98782039363392
2011-08-27 03:00:00,32.962346117698246
2011-08-27 04:00:00,10.585913537606617
2011-08-27 05:00:00,10.478306692865248
2011-08-27 06:00:00,26.158054072384832
2011-08-27 07:00:00,58.808180635206995
2011-08-27 08:00:00,137.39226553398305
2011-08-27 09:00:00,212.5400323170566
2011-08-27 10:00:00,271.0604712724958
2011-08-27 11:00:00,145.94122545946513
2011-08-27 12:00:00,219.15338365520756
2011-08-27 13:00:00,211.22797485676276
2011-08-27 14:00:00,117.3488374733605
2011-08-27 15:00:00,125.71293764319996
2011-08-27 16:00:00,127.14857407220693
2011-08-27 17:00:00,106.75337961285071
2011-08-28 07:00:00,40.93118416286608
2011-08-28 08:00:00,80.29235923887313
2011-08-28 09:00:00,196.15998093547364
2011-08-28 10:00:00,301.05546276706576
2011-08-28 11:00:00,359.0931622607015
2011-08-28 12:00:00,407.3169752050208
2011-08-28 13:00:00,431.08862037162726
2011-08-28 14:00:00,428.71290960601516
2011-08-28 15:00:00,420.4110773866132
2011-08-28 16:00:00,442.63385719033806
2011-08-28 17:00:00,471.70638061878515
2011-08-28 18:00:00,461.7517550276729
2011-08-28 19:00:00,370.26735509187273
2011-08-28 20:00:00,301.66460487359683
2011-08-28 21:00:00,216.55922813502283
2011-08-28 22:00:00,150.64242514339145
2011-08-28 23:00:00,91.88180521607443
2011-08-29 00:00:00,39.085848952609076
2011-08-29 01:00:00,15.862467765096849
2011-08-29 02:00:00,7.983357168505763
2011-08-29 03:00:00,5.963467535004046
2011-08-29 04:00:00,7.019037869393672
2011-08-29 05:00:00,33.56866953887613
2011-08-29 06:00:00,148.6224790816821
2011-08-29 07:00:00,364.45828538546823
2011-08-29 08:00:00,496.5440831740628
2011-08-29 09:00:00,267.5936180788871
2011-08-29 10:00:00,173.04985753747835
2011-08-29 11:00:00,204.7646382394776
2011-08-29 12:00:00,271.2380808112499
2011-08-29 13:00:00,259.0992154415125
2011-08-29 14:00:00,233.15645081278274
2011-08-29 15:00:00,255.0388435747051
2011-08-29 16:00:00,386.2284436717473
2011-08-29 17:00:00,751.7873464154568
2011-08-29 18:00:00,729.4279063342316
2011-08-29 19:00:00,533.7671097352916
2011-08-29 20:00:00,341.46185489508474
2011-08-29 21:00:00,246.8374694887879
2011-08-29 22:00:00,173.72389846545516
2011-08-29 23:00:00,96.98642476801477
2011-08-30 00:00:00,33.31110343515234
2011-08-30 01:00:00,14.749147939310925
2011-08-30 02:00:00,6.744276219879889
2011-08-30 03:00:00,4.901432363147584
2011-08-30 04:00:00,7.98525606534099
2011-08-30 05:00:00,39.85065678866863
2011-08-30 06:00:00,147.22808225608463
2011-08-30 07:00:00,360.4122016974826
2011-08-30 08:00:00,490.35939061668716
2011-08-30 09:00:00,272.764217615026
2011-08-30 10:00:00,181.73309864173896
2011-08-30 11:00:00,203.28634666299249
2011-08-30 12:00:00,265.14758891693356
2011-08-30 13:00:00,258.38183685220423
2011-08-30 14:00:00,234.74193086744776
2011-08-30 15:00:00,252.53062801668213
2011-08-30 16:00:00,397.15820418513135
2011-08-30 17:00:00,744.8343596348036
2011-08-30 18:00:00,726.8120239842815
2011-08-30 19:00:00,454.02523331677025
2011-08-30 20:00:00,335.00362247245965
2011-08-30 21:00:00,240.04669611968936
2011-08-30 22:00:00,182.61262843687095
2011-08-30 23:00:00,112.22154517321304
2011-08-31 00:00:00,37.4210537025616
2011-08-31 01:00:00,14.890867975300084
2011-08-31 02:00:00,9.050231197573515
2011-08-31 03:00:00,7.0488285715711
2011-08-31 04:00:00,7.23060043052042
2011-08-31 05:00:00,38.429384151998626
2011-08-31 06:00:00,176.6846808696106
2011-08-31 07:00:00,339.89164678044034
2011-08-31 08:00:00,553.6903312255017
2011-08-31 09:00:00,275.3928548693195
2011-08-31 10:00:00,194.34372601626248
2011-08-31 11:00:00,218.45115386058976
2011-08-31 12:00:00,237.8028606948831
2011-08-31 13:00:00,255.06205224181093
2011-08-31 14:00:00,243.21331127032872
2011-08-31 15:00:00,258.3670798609763
2011-08-31 16:00:00,378.3756417408926
2011-08-31 17:00:00,747.8039673060273
2011-08-31 18:00:00,715.810445717685
2011-08-31 19:00:00,494.8045429228229
2011-08-31 20:00:00,387.50985886265045
2011-08-31 21:00:00,291.59378461834774
2011-08-31 22:00:00,196.91805880253622
2011-08-31 23:00:00,113.48390143649098
2011-09-20 00:00:00,28.577066423396374
2011-09-20 01:00:00,10.359108464303638
2011-09-20 02:00:00,5.553349046451252
2011-09-20 03:00:00,4.276310203700163
2011-09-20 04:00:00,5.266250316022356
2011-09-20 05:00:00,25.631257255090627
2011-09-20 06:00:00,105.68206411873909
2011-09-20 07:00:00,276.4146943395776
2011-09-20 08:00:00,138.84554287091802
2011-09-20 09:00:00,76.67745953477704
2011-09-20 10:00:00,72.2943542761909
2011-09-20 11:00:00,69.06098178136956
2011-09-20 12:00:00,89.15227372463366
2011-09-20 13:00:00,91.97091856712096
2011-09-20 14:00:00,130.53309861018778
2011-09-20 15:00:00,171.37670204503453
2011-09-20 16:00:00,227.62221506818722
2011-09-20 17:00:00,371.9803753837635
2011-09-20 18:00:00,371.47437174435345
2011-09-20 19:00:00,263.4589353622185
2011-09-20 20:00:00,171.05276411072296
2011-09-20 21:00:00,136.86561625336174
2011-09-20 22:00:00,115.94582320954211
2011-09-20 23:00:00,79.83466573609634
2011-09-21 00:00:00,17.619883393487157
2011-09-21 01:00:00,9.794732384438737
2011-09-21 02:00:00,5.304629404681377
2011-09-21 03:00:00,3.707956321211223
2011-09-21 04:00:00,3.7963230608773593
2011-09-21 05:00:00,13.156083972140722
2011-09-21 06:00:00,61.21372602556469
2011-09-21 07:00:00,144.73779917081788
2011-09-21 08:00:00,238.84543561024822
2011-09-21 09:00:00,102.78322146128086
2011-09-21 10:00:00,94.97172398005087
2011-09-21 11:00:00,131.5362814832868
2011-09-21 12:00:00,169.60672780351422
2011-09-21 13:00:00,210.6513876745734
2011-09-21 14:00:00,203.46675738303466
2011-09-21 15:00:00,198.64203717588876
2011-09-21 16:00:00,278.8910698279825
2011-09-21 17:00:00,413.6238685811961
2011-09-21 18:00:00,252.56903694661443
2011-09-21 19:00:00,95.35682543550492
2011-09-21 20:00:00,64.33715257797769
2011-09-21 21:00:00,79.23332386986864
2011-09-21 22:00:00,69.54198461342119
2011-09-21 23:00:00,65.4358723289818
2011-09-22 00:00:00,24.09330410692905
2011-09-22 01:00:00,9.007704725287612
2011-09-22 02:00:00,5.537390973301752
2011-09-22 03:00:00,3.6556661117876335
2011-09-22 04:00:00,3.9339141081806916
2011-09-22 05:00:00,18.125800482169407
2011-09-22 06:00:00,81.7641764158396
2011-09-22 07:00:00,195.71856897629422
2011-09-22 08:00:00,273.6278459201711
2011-09-22 09:00:00,129.4756863943608
2011-09-22 10:00:00,120.18983208027186
2011-09-22 11:00:00,133.3236693599594
2011-09-22 12:00:00,180.80270913604792
2011-09-22 13:00:00,164.27956556985603
2011-09-22 14:00:00,153.8811933554681
2011-09-22 15:00:00,190.71151183338836
2011-09-22 16:00:00,276.82584524180794
2011-09-22 17:00:00,454.6452616677517
2011-09-22 18:00:00,329.23983988042113
2011-09-22 19:00:00,250.10045813720143
2011-09-22 20:00:00,133.21186670566772
2011-09-22 21:00:00,157.47373521161444
2011-09-22 22:00:00,76.83471224694966
2011-09-22 23:00:00,63.99384720902595
2011-09-23 00:00:00,43.1317927753531
2011-09-23 01:00:00,18.251680066450962
2011-09-23 02:00:00,10.768139839372942
2011-09-23 03:00:00,6.089536400198446
2011-09-23 04:00:00,5.840657348928624
2011-09-23 05:00:00,29.582182831250744
2011-09-23 06:00:00,127.22499118749882
2011-09-23 07:00:00,239.3017698331214
2011-09-23 08:00:00,308.6215236327529
2011-09-23 09:00:00,142.58162531296114
2011-09-23 10:00:00,91.34162011206155
2011-09-23 11:00:00,99.53071632817647
2011-09-23 12:00:00,145.0965161663645
2011-09-23 13:00:00,103.44243163587772
2011-09-23 14:00:00,102.80633268803108
2011-09-23 15:00:00,160.37820518926634
2011-09-23 16:00:00,213.92979849402556
2011-09-23 17:00:00,299.9338244786456
2011-09-23 18:00:00,290.44745225082954
2011-09-23 19:00:00,255.25633110319845
2011-09-23 20:00:00,207.33937492654303
2011-09-23 21:00:00,152.393077827034
2011-09-23 22:00:00,156.34180655902858
2011-09-23 23:00:00,78.57188014672627
2011-09-24 00:00:00,132.90853756854338
2011-09-24 01:00:00,105.72373265015544
2011-09-24 02:00:00,64.82047398401203
2011-09-24 03:00:00,29.589095811235662
2011-09-24 04:00:00,11.852392968960034
2011-09-24 05:00:00,12.876241763715266
2011-09-24 06:00:00,23.94279285096752
2011-09-24 07:00:00,78.44749747343761
2011-09-24 08:00:00,165.9719546881422
2011-09-24 09:00:00,230.45110165740977
2011-09-24 10:00:00,311.48158402640786
2011-09-24 11:00:00,396.77544410365283
2011-09-24 12:00:00,438.7885267893329
2011-09-24 13:00:00,429.0190118174114
2011-09-24 14:00:00,465.4166541411751
2011-09-24 15:00:00,481.95451763491826
2011-09-24 16:00:00,487.14375473842216
2011-09-24 17:00:00,452.0583628128861
2011-09-24 18:00:00,367.076305201813
2011-09-24 19:00:00,263.2699520988409
2011-09-24 20:00:00,229.20287195783442
2011-09-24 21:00:00,204.72581939327083
2011-09-24 22:00:00,163.91437154426652
2011-09-24 23:00:00,128.09087276106308
2011-09-25 00:00:00,126.13801569690546
2011-09-25 01:00:00,114.74699976234415
2011-09-25 02:00:00,58.17949695243269
2011-09-25 03:00:00,29.253360410573613
2011-09-25 04:00:00,11.791589114217588
2011-09-25 05:00:00,14.1383302767384
2011-09-25 06:00:00,17.018522678370744
2011-09-25 07:00:00,63.262871419620886
2011-09-25 08:00:00,148.86273292670745
2011-09-25 09:00:00,212.33464634371703
2011-09-25 10:00:00,280.98727518538567
2011-09-25 11:00:00,389.16677423763684
2011-09-25 12:00:00,457.5468166839524
2011-09-25 13:00:00,461.17263047648714
2011-09-25 14:00:00,424.37897617205516
2011-09-25 15:00:00,429.36223591281157
2011-09-25 16:00:00,517.2396419879199
2011-09-25 17:00:00,456.9946237282083
2011-09-25 18:00:00,400.2788597994927
2011-09-25 19:00:00,251.36115972551084
2011-09-25 20:00:00,204.75598810539017
2011-09-25 21:00:00,172.79875142661282
2011-09-25 22:00:00,136.6495297669414
2011-09-25 23:00:00,92.16361473554747
2011-09-26 00:00:00,34.85040927748399
2011-09-26 01:00:00,16.91908311479428
2011-09-26 02:00:00,8.55324509204785
2011-09-26 03:00:00,5.7307070856222015
2011-09-26 04:00:00,7.554093523432594
2011-09-26 05:00:00,34.22928236110529
2011-09-26 06:00:00,140.54441325297904
2011-09-26 07:00:00,349.96050618708796
2011-09-26 08:00:00,502.0711381511294
2011-09-26 09:00:00,339.2397636832643
2011-09-26 10:00:00,174.7696647125828
2011-09-26 11:00:00,172.4110265535911
2011-09-26 12:00:00,248.11774293030612
2011-09-26 13:00:00,261.0765797076681
2011-09-26 14:00:00,260.91791371031064
2011-09-26 15:00:00,285.0584266842279
2011-09-26 16:00:00,457.6587171163847
2011-09-26 17:00:00,720.6295612980479
2011-09-26 18:00:00,449.5878536291619
2011-09-26 19:00:00,334.4588567394544
2011-09-26 20:00:00,262.3157949091301
2011-09-26 21:00:00,203.0701304297419
2011-09-26 22:00:00,143.11911855041825
2011-09-26 23:00:00,85.30845257657145
2011-09-27 00:00:00,33.212826021102096
2011-09-27 01:00:00,14.691268291570417
2011-09-27 02:00:00,6.843871429923351
2011-09-27 03:00:00,5.736924955602409
2011-09-27 04:00:00,7.649130105638187
2011-09-27 05:00:00,27.499994307707638
2011-09-27 06:00:00,162.30451461654
2011-09-27 07:00:00,387.40844289768046
2011-09-27 08:00:00,635.4869643413837
2011-09-27 09:00:00,219.38011829511586
2011-09-27 10:00:00,127.85956350705374
2011-09-27 11:00:00,179.7130589578376
2011-09-27 12:00:00,203.57663764612602
2011-09-27 13:00:00,264.7356923450797
2011-09-27 14:00:00,216.80557736712848
2011-09-27 15:00:00,214.02261787558444
2011-09-27 16:00:00,283.19550302294004
2011-09-27 17:00:00,563.2110043674893
2011-09-27 18:00:00,551.3052009377842
2011-09-27 19:00:00,398.36728285381463
2011-09-27 20:00:00,288.19257873802496
2011-09-27 21:00:00,201.5164426871464
2011-09-27 22:00:00,145.66828414815305
2011-09-27 23:00:00,92.88490107474325
2011-09-28 00:00:00,43.53998517236839
2011-09-28 01:00:00,17.478635844117964
2011-09-28 02:00:00,7.573154230214033
2011-09-28 03:00:00,6.00495450846782
2011-09-28 04:00:00,6.747450249590992
2011-09-28 05:00:00,26.177728003441118
2011-09-28 06:00:00,92.30843616648929
2011-09-28 07:00:00,176.85974497319611
2011-09-28 08:00:00,299.1999802530258
2011-09-28 09:00:00,177.51592242895163
2011-09-28 10:00:00,119.40165041178477
2011-09-28 11:00:00,175.46003257914327
2011-09-28 12:00:00,247.66586774067835
2011-09-28 13:00:00,257.3983907661011
2011-09-28 14:00:00,282.5558441307825
2011-09-28 15:00:00,277.5318495761718
2011-09-28 16:00:00,429.9121350398116
2011-09-28 17:00:00,804.0455932381033
2011-09-28 18:00:00,377.29003359609266
2011-09-28 19:00:00,277.73926026894776
2011-09-28 20:00:00,139.91037737223797
2011-09-28 21:00:00,101.53631600068086
2011-09-28 22:00:00,141.8869182769536
2011-09-28 23:00:00,85.21539446622059
2011-09-29 00:00:00,34.145467097683294
2011-09-29 01:00:00,12.324978454038932
2011-09-29 02:00:00,7.337298906540534
2011-09-29 03:00:00,5.107555900905968
2011-09-29 04:00:00,6.083549664240635
2011-09-29 05:00:00,33.438405634095794
2011-09-29 06:00:00,143.68592582108403
2011-09-29 07:00:00,397.2621148799108
2011-09-29 08:00:00,567.3167091784968
2011-09-29 09:00:00,308.51191189883394
2011-09-29 10:00:00,218.1736370020891
2011-09-29 11:00:00,237.63829667320442
2011-09-29 12:00:00,289.17175464672994
2011-09-29 13:00:00,280.05596431993393
2011-09-29 14:00:00,242.57466609837124
2011-09-29 15:00:00,251.38969490527452
2011-09-29 16:00:00,402.89950275068895
2011-09-29 17:00:00,665.1255155521188
2011-09-29 18:00:00,704.5881562328603
2011-09-29 19:00:00,464.400979009563
2011-09-29 20:00:00,371.9947003262143
2011-09-29 21:00:00,271.8717216754712
2011-09-29 22:00:00,196.1444583051828
2011-09-29 23:00:00,119.59775795082722
2011-09-30 00:00:00,62.76644114764686
2011-09-30 01:00:00,36.983167746357985
2011-09-30 02:00:00,13.530965750619277
2011-09-30 03:00:00,8.102010995029893
2011-09-30 04:00:00,6.984120530288293
2011-09-30 05:00:00,30.926353281256272
2011-09-30 06:00:00,127.33975696860693
2011-09-30 07:00:00,352.23931037652113
2011-09-30 08:00:00,568.4189773645784
2011-09-30 09:00:00,315.8013333706985
2011-09-30 10:00:00,240.54919829097443
2011-09-30 11:00:00,266.3432219247511
2011-09-30 12:00:00,330.5296335747719
2011-09-30 13:00:00,270.91858947478306
2011-09-30 14:00:00,245.37766300697442
2011-09-30 15:00:00,256.09521281588303
2011-09-30 16:00:00,400.4221322635724
2011-09-30 17:00:00,658.2736610981988
2011-09-30 18:00:00,494.02604315989123
2011-09-30 19:00:00,351.0575636763099
2011-09-30 20:00:00,249.018861968112
2011-09-30 21:00:00,206.4680834937858
2011-09-30 22:00:00,162.21153270619928
2011-09-30 23:00:00,124.42674673212386
2011-10-20 00:00:00,24.891227161557374
2011-10-20 01:00:00,14.811898919610433
2011-10-20 02:00:00,7.85951659804906
2011-10-20 03:00:00,5.258396361750212
2011-10-20 04:00:00,6.330735017218785
2011-10-20 05:00:00,31.359436688277995
2011-10-20 06:00:00,125.82018120525606
2011-10-20 07:00:00,338.6774516297192
2011-10-20 08:00:00,515.2934781959306
2011-10-20 09:00:00,247.78872693269776
2011-10-20 10:00:00,157.4708828528358
2011-10-20 11:00:00,181.46419606501476
2011-10-20 12:00:00,214.34109191167607
2011-10-20 13:00:00,212.57728036294242
2011-10-20 14:00:00,170.82126802603634
2011-10-20 15:00:00,172.42734974722285
2011-10-20 16:00:00,261.15212119488353
2011-10-20 17:00:00,498.1843090885179
2011-10-20 18:00:00,436.84357945591876
2011-10-20 19:00:00,342.21647809132253
2011-10-20 20:00:00,227.74049835365145
2011-10-20 21:00:00,188.1741458232674
2011-10-20 22:00:00,141.22360760410567
2011-10-20 23:00:00,100.95540016100698
2011-10-21 00:00:00,60.543073348250346
2011-10-21 01:00:00,24.607845384520374
2011-10-21 02:00:00,11.832041596103169
2011-10-21 03:00:00,6.621054129354756
2011-10-21 04:00:00,7.299786453088887
2011-10-21 05:00:00,27.886000795257495
2011-10-21 06:00:00,125.80875968478743
2011-10-21 07:00:00,369.42179144476444
2011-10-21 08:00:00,543.4751002161329
2011-10-21 09:00:00,291.5175054948507
2011-10-21 10:00:00,187.48559702057787
2011-10-21 11:00:00,226.06525937345916
2011-10-21 12:00:00,262.3493684803157
2011-10-21 13:00:00,235.25995361577284
2011-10-21 14:00:00,252.99618822598018
2011-10-21 15:00:00,241.8259825054297
2011-10-21 16:00:00,354.71639045842295
2011-10-21 17:00:00,513.2927818580997
2011-10-21 18:00:00,481.0926549786185
2011-10-21 19:00:00,315.06886677665756
2011-10-21 20:00:00,243.6980742455587
2011-10-21 21:00:00,193.52341032515932
2011-10-21 22:00:00,170.66973373377274
2011-10-21 23:00:00,118.45705588379863
2011-10-22 00:00:00,110.75131189395772
2011-10-22 01:00:00,87.45019708518895
2011-10-22 02:00:00,51.52225723420767
2011-10-22 03:00:00,26.175367841240423
2011-10-22 04:00:00,9.377593319042713
2011-10-22 05:00:00,8.617642910905687
2011-10-22 06:00:00,22.330218686100196
2011-10-22 07:00:00,60.746309286855045
2011-10-22 08:00:00,140.24108017351392
2011-10-22 09:00:00,219.5094640992574
2011-10-22 10:00:00,313.15846443009355
2011-10-22 11:00:00,372.08402781659
2011-10-22 12:00:00,453.90883572268575
2011-10-22 13:00:00,522.9659297918306
2011-10-22 14:00:00,442.6926019473625
2011-10-22 15:00:00,445.4029746280071
2011-10-22 16:00:00,479.7346847509913
2011-10-22 17:00:00,347.0675944818099
2011-10-22 18:00:00,324.0845206217281
2011-10-22 19:00:00,226.92296984643988
2011-10-22 20:00:00,189.31243871454694
2011-10-22 21:00:00,153.44894032398386
2011-10-22 22:00:00,140.01821620952524
2011-10-22 23:00:00,107.49390615914908
2011-10-23 00:00:00,90.22206812853503
2011-10-23 01:00:00,81.4138193637617
2011-10-23 02:00:00,58.98539090251008
2011-10-23 03:00:00,26.58595655992827
2011-10-23 04:00:00,9.120670560729723
2011-10-23 05:00:00,8.22380138151793
2011-10-23 06:00:00,15.62409489090523
2011-10-23 07:00:00,46.821718087451174
2011-10-23 08:00:00,109.20743108604597
2011-10-23 09:00:00,158.94890133806823
2011-10-23 10:00:00,287.05119584621167
2011-10-23 11:00:00,317.95546207044606
2011-10-23 12:00:00,392.9159961458041
2011-10-23 13:00:00,406.3470342385818
2011-10-23 14:00:00,392.19692264014475
2011-10-23 15:00:00,383.371152961234
2011-10-23 16:00:00,421.3752479332197
2011-10-23 17:00:00,363.35148661003666
2011-10-23 18:00:00,322.27890982394825
2011-10-23 19:00:00,196.19752562130958
2011-10-23 20:00:00,174.41857013627117
2011-10-23 21:00:00,138.81960464537534
2011-10-23 22:00:00,104.42511498890588
2011-10-23 23:00:00,75.80602374381455
2011-10-24 00:00:00,32.37770073989987
2011-10-24 01:00:00,12.017636825582207
2011-10-24 02:00:00,6.9754425888777725
2011-10-24 03:00:00,4.964484902071811
2011-10-24 04:00:00,6.046181465322325
2011-10-24 05:00:00,30.337623754146193
2011-10-24 06:00:00,128.15309666772842
2011-10-24 07:00:00,337.09249537981515
2011-10-24 08:00:00,638.9662998360552
2011-10-24 09:00:00,302.18084344986016
2011-10-24 10:00:00,165.3034169249438
2011-10-24 11:00:00,182.96119835638737
2011-10-24 12:00:00,216.57338528896702
2011-10-24 13:00:00,246.45006152954295
2011-10-24 14:00:00,226.47328299363184
2011-10-24 15:00:00,227.25359551029945
2011-10-24 16:00:00,359.417683409372
2011-10-24 17:00:00,573.0496525308488
2011-10-24 18:00:00,575.9041568943792
2011-10-24 19:00:00,249.75376622184748
2011-10-24 20:00:00,240.93179549855634
2011-10-24 21:00:00,178.2593365471211
2011-10-24 22:00:00,144.52746194901346
2011-10-24 23:00:00,76.09490263973638
2011-10-25 00:00:00,33.40957374400514
2011-10-25 01:00:00,13.294240847851658
2011-10-25 02:00:00,5.229768292042533
2011-10-25 03:00:00,4.029226787397978
2011-10-25 04:00:00,5.9783833329350315
2011-10-25 05:00:00,28.95233965730842
2011-10-25 06:00:00,141.0125873805475
2011-10-25 07:00:00,303.6278463007876
2011-10-25 08:00:00,592.2301569054387
2011-10-25 09:00:00,302.19209593454855
2011-10-25 10:00:00,165.84173377606209
2011-10-25 11:00:00,180.08797073528098
2011-10-25 12:00:00,243.29789273213635
2011-10-25 13:00:00,239.24765942142258
2011-10-25 14:00:00,231.0598677079424
2011-10-25 15:00:00,227.26347600819645
2011-10-25 16:00:00,380.8360029164666
2011-10-25 17:00:00,638.6344189524266
2011-10-25 18:00:00,618.3163654393953
2011-10-25 19:00:00,386.3000428593302
2011-10-25 20:00:00,237.48772622935692
2011-10-25 21:00:00,185.87537312252024
2011-10-25 22:00:00,152.4945658960344
2011-10-25 23:00:00,92.59443485214005
2011-10-26 00:00:00,41.49571671113853
2011-10-26 01:00:00,13.77918821934486
2011-10-26 02:00:00,6.258438217130602
2011-10-26 03:00:00,4.128937978237756
2011-10-26 04:00:00,5.69386342763858
2011-10-26 05:00:00,35.52540053866944
2011-10-26 06:00:00,137.6136183607475
2011-10-26 07:00:00,371.5088421387386
2011-10-26 08:00:00,558.7021141073906
2011-10-26 09:00:00,317.60391874460976
2011-10-26 10:00:00,171.5832613645119
2011-10-26 11:00:00,179.17575762065366
2011-10-26 12:00:00,223.75937676808837
2011-10-26 13:00:00,155.86829196782796
2011-10-26 14:00:00,182.08065118426217
2011-10-26 15:00:00,191.15760548204184
2011-10-26 16:00:00,272.5282204301549
2011-10-26 17:00:00,489.86613653352157
2011-10-26 18:00:00,535.0761730374586
2011-10-26 19:00:00,335.8576863874703
2011-10-26 20:00:00,207.7151356595362
2011-10-26 21:00:00,197.14478871307057
2011-10-26 22:00:00,114.13256457122306
2011-10-26 23:00:00,73.06089639482018
2011-10-27 00:00:00,29.804105870635762
2011-10-27 01:00:00,14.034503318575132
2011-10-27 02:00:00,5.892735894578832
2011-10-27 03:00:00,3.6563219090879144
2011-10-27 04:00:00,4.867414161493421
2011-10-27 05:00:00,20.326908095033716
2011-10-27 06:00:00,88.30388204968301
2011-10-27 07:00:00,307.98016550189845
2011-10-27 08:00:00,272.31704432678987
2011-10-27 09:00:00,297.3126135013252
2011-10-27 10:00:00,84.54681504562019
2011-10-27 11:00:00,96.99377171802861
2011-10-27 12:00:00,108.8378094493188
2011-10-27 13:00:00,170.93672343560894
2011-10-27 14:00:00,142.77266435044976
2011-10-27 15:00:00,157.3666924963311
2011-10-27 16:00:00,303.04015003735816
2011-10-27 17:00:00,459.26415774924544
2011-10-27 18:00:00,450.6320145811151
2011-10-27 19:00:00,260.7926723974477
2011-10-27 20:00:00,219.32992610671906
2011-10-27 21:00:00,168.63748541688463
2011-10-27 22:00:00,101.00465572091134
2011-10-27 23:00:00,83.9684153311315
2011-10-28 00:00:00,50.98365766183184
2011-10-28 01:00:00,22.162435620167027
2011-10-28 02:00:00,8.592504194694387
2011-10-28 03:00:00,4.883621556853227
2011-10-28 04:00:00,5.908875140789348
2011-10-28 05:00:00,34.52836697133195
2011-10-28 06:00:00,118.77367012885958
2011-10-28 07:00:00,333.1829683090483
2011-10-28 08:00:00,547.1526462254092
2011-10-28 09:00:00,280.57964247059965
2011-10-28 10:00:00,171.04567736548222
2011-10-28 11:00:00,217.07165081205574
2011-10-28 12:00:00,270.60507070493844
2011-10-28 13:00:00,260.15609353633005
2011-10-28 14:00:00,223.412986479425
2011-10-28 15:00:00,218.260315636433
2011-10-28 16:00:00,331.66859795493673
2011-10-28 17:00:00,481.3812695480135
2011-10-28 18:00:00,462.8757375885896
2011-10-28 19:00:00,324.1718521986383
2011-10-28 20:00:00,123.01637306589757
2011-10-28 21:00:00,84.54755138403476
2011-10-28 22:00:00,64.7335556780489
2011-10-28 23:00:00,40.20402095551913
2011-10-29 00:00:00,48.1005512698212
2011-10-29 01:00:00,46.608375896792296
2011-10-29 02:00:00,30.914910443352753
2011-10-29 03:00:00,13.535816255305853
2011-10-29 04:00:00,6.5044611858704755
2011-10-29 05:00:00,5.326836713165218
2011-10-29 06:00:00,13.706370796071825
2011-10-29 07:00:00,34.986448847920705
2011-10-29 08:00:00,76.58055174079911
2011-10-29 09:00:00,96.6101917146978
2011-10-29 10:00:00,93.96015884788524
2011-10-29 11:00:00,101.71467280947155
2011-10-29 12:00:00,69.54222967999901
2011-10-29 13:00:00,64.7584317455024
2011-10-29 14:00:00,80.11939898889312
2011-10-29 15:00:00,121.35193180570741
2011-10-29 16:00:00,82.31180255674326
2011-10-29 17:00:00,77.85144160606956
2011-10-29 18:00:00,69.5536372084093
2011-10-29 19:00:00,96.98462607857493
2011-10-29 20:00:00,75.36172655184532
2011-10-29 21:00:00,60.921673337560115
2011-10-29 22:00:00,78.87964663006177
2011-10-29 23:00:00,74.4718804589437
2011-10-30 00:00:00,65.73637573462173
2011-10-30 01:00:00,54.52284081587641
2011-10-30 02:00:00,26.021041148088464
2011-10-30 03:00:00,12.336629386238053
2011-10-30 04:00:00,3.503320788756315
2011-10-30 05:00:00,4.5290668380250985
2011-10-30 06:00:00,11.239943088729405
2011-10-30 07:00:00,27.216766403003525
2011-10-30 08:00:00,80.11912071612412
2011-10-30 09:00:00,149.16256099874448
2011-10-30 10:00:00,254.1617101179502
2011-10-30 11:00:00,318.57374102919135
2011-10-30 12:00:00,399.035683092203
2011-10-30 13:00:00,430.10642814086947
2011-10-30 14:00:00,417.89408557367665
2011-10-30 15:00:00,408.39268366874023
2011-10-30 16:00:00,385.34919295261875
2011-10-30 17:00:00,302.88117053413765
2011-10-30 18:00:00,244.58400796272232
2011-10-30 19:00:00,294.53558558389363
2011-10-30 20:00:00,150.4523442859913
2011-10-30 21:00:00,99.08365480948119
2011-10-30 22:00:00,77.74465145399321
2011-10-30 23:00:00,46.30867359162694
2011-10-31 00:00:00,17.412535926429893
2011-10-31 01:00:00,7.617790195528068
2011-10-31 02:00:00,3.6269806722234343
2011-10-31 03:00:00,4.45002969038277
2011-10-31 04:00:00,3.8951974570762955
2011-10-31 05:00:00,15.854259973582911
2011-10-31 06:00:00,78.89546010719222
2011-10-31 07:00:00,225.1459387591706
2011-10-31 08:00:00,513.7037452896369
2011-10-31 09:00:00,240.56471207762928
2011-10-31 10:00:00,153.0798415334423
2011-10-31 11:00:00,172.2989892569469
2011-10-31 12:00:00,247.21593828324802
2011-10-31 13:00:00,249.79661334585649
2011-10-31 14:00:00,219.9836259243152
2011-10-31 15:00:00,217.54330880216858
2011-10-31 16:00:00,316.1554161760083
2011-10-31 17:00:00,524.8167965490358
2011-10-31 18:00:00,383.7527244608487
2011-10-31 19:00:00,278.26441066983654
2011-10-31 20:00:00,209.8249913028847
2011-10-31 21:00:00,143.30252739820378
2011-10-31 22:00:00,109.17240416884333
2011-10-31 23:00:00,59.471240854684304
2011-11-20 00:00:00,106.69751647250311
2011-11-20 01:00:00,78.41641074253012
2011-11-20 02:00:00,46.05022130100545
2011-11-20 03:00:00,17.55000536526772
2011-11-20 04:00:00,6.845985478167727
2011-11-20 05:00:00,7.288877937062187
2011-11-20 06:00:00,11.29601312047775
2011-11-20 07:00:00,58.08909567739006
2011-11-20 08:00:00,103.3906177955956
2011-11-20 09:00:00,188.9768565874231
2011-11-20 10:00:00,254.03163797472632
2011-11-20 11:00:00,342.96911793068665
2011-11-20 12:00:00,396.24241033202566
2011-11-20 13:00:00,419.9184969310602
2011-11-20 14:00:00,394.5570335086741
2011-11-20 15:00:00,370.40545991312484
2011-11-20 16:00:00,403.5568349218236
2011-11-20 17:00:00,406.9325036643364
2011-11-20 18:00:00,395.20135812068554
2011-11-20 19:00:00,237.99620269324328
2011-11-20 20:00:00,200.97060699940374
2011-11-20 21:00:00,146.50651332104167
2011-11-20 22:00:00,71.54284425048621
2011-11-20 23:00:00,61.0602603915564
2011-11-21 00:00:00,26.196600343539206
2011-11-21 01:00:00,8.48283357751012
2011-11-21 02:00:00,4.979332355071652
2011-11-21 03:00:00,3.3996147043321074
2011-11-21 04:00:00,3.976121288780233
2011-11-21 05:00:00,20.34410086218678
2011-11-21 06:00:00,97.83459635186684
2011-11-21 07:00:00,296.70598324524934
2011-11-21 08:00:00,477.9329978620601
2011-11-21 09:00:00,263.2098122577469
2011-11-21 10:00:00,133.99007551667262
2011-11-21 11:00:00,156.8612341741557
2011-11-21 12:00:00,213.95141824315522
2011-11-21 13:00:00,210.07717503679692
2011-11-21 14:00:00,195.8266849422289
2011-11-21 15:00:00,122.55519936316614
2011-11-21 16:00:00,158.5278028032398
2011-11-21 17:00:00,222.82223006522577
2011-11-21 18:00:00,320.00243837819664
2011-11-21 19:00:00,209.957560650409
2011-11-21 20:00:00,152.2542859370979
2011-11-21 21:00:00,122.99985390994698
2011-11-21 22:00:00,80.75898802477532
2011-11-21 23:00:00,57.84175913340705
2011-11-22 00:00:00,16.92312916250516
2011-11-22 01:00:00,8.568984804537738
2011-11-22 02:00:00,4.325354767129761
2011-11-22 03:00:00,3.53739082310019
2011-11-22 04:00:00,4.91830105316645
2011-11-22 05:00:00,15.86906244669282
2011-11-22 06:00:00,116.04620919783295
2011-11-22 07:00:00,128.93129869478278
2011-11-22 08:00:00,196.52264862491208
2011-11-22 09:00:00,127.25095795142938
2011-11-22 10:00:00,73.49542837136484
2011-11-22 11:00:00,77.24744385987375
2011-11-22 12:00:00,79.83854250075946
2011-11-22 13:00:00,74.97738447762092
2011-11-22 14:00:00,71.07274729226774
2011-11-22 15:00:00,90.46282420059558
2011-11-22 16:00:00,131.88748998136657
2011-11-22 17:00:00,187.51425337590564
2011-11-22 18:00:00,191.34675658911232
2011-11-22 19:00:00,196.5810638869238
2011-11-22 20:00:00,180.01300317556175
2011-11-22 21:00:00,144.5110244519839
2011-11-22 22:00:00,120.66510274369813
2011-11-22 23:00:00,72.53881717965362
2011-11-23 00:00:00,22.60930712856302
2011-11-23 01:00:00,8.760713573818874
2011-11-23 02:00:00,3.6992135979879905
2011-11-23 03:00:00,2.7639427664211325
2011-11-23 04:00:00,3.877004651828626
2011-11-23 05:00:00,16.520339159466324
2011-11-23 06:00:00,75.94738602108974
2011-11-23 07:00:00,176.70737021788767
2011-11-23 08:00:00,426.8810322674135
2011-11-23 09:00:00,234.1471390384574
2011-11-23 10:00:00,113.64922312861925
2011-11-23 11:00:00,157.24310718148072
2011-11-23 12:00:00,219.26208922276018
2011-11-23 13:00:00,199.85098777015392
2011-11-23 14:00:00,193.69793769706564
2011-11-23 15:00:00,199.68526197993162
2011-11-23 16:00:00,277.59627756443615
2011-11-23 17:00:00,246.82816682991228
2011-11-23 18:00:00,456.5711827591654
2011-11-23 19:00:00,343.60829501393874
2011-11-23 20:00:00,240.65854614232342
2011-11-23 21:00:00,135.74874312509743
2011-11-23 22:00:00,118.3843193175064
2011-11-23 23:00:00,87.20507756366207
2011-11-24 00:00:00,58.53609869061814
2011-11-24 01:00:00,32.295397072636824
2011-11-24 02:00:00,16.322622522453518
2011-11-24 03:00:00,9.497073380713662
2011-11-24 04:00:00,8.568448365191532
2011-11-24 05:00:00,10.91165810220737
2011-11-24 06:00:00,34.39216389322836
2011-11-24 07:00:00,62.084180021657666
2011-11-24 08:00:00,171.53471192632793
2011-11-24 09:00:00,230.7194742393846
2011-11-24 10:00:00,292.11594435927634
2011-11-24 11:00:00,344.97490495305834
2011-11-24 12:00:00,403.3655794693072
2011-11-24 13:00:00,387.43515472760885
2011-11-24 14:00:00,380.01219453605717
2011-11-24 15:00:00,377.6937462933659
2011-11-24 16:00:00,414.12160327671387
2011-11-24 17:00:00,408.93312201032
2011-11-24 18:00:00,304.5447496427386
2011-11-24 19:00:00,258.9755546449901
2011-11-24 20:00:00,165.03672132314622
2011-11-24 21:00:00,139.49173229576763
2011-11-24 22:00:00,118.54926815249715
2011-11-24 23:00:00,77.59955502501083
2011-11-25 00:00:00,49.795396945983256
2011-11-25 01:00:00,22.631999140988366
2011-11-25 02:00:00,9.778138813915033
2011-11-25 03:00:00,5.993418215515452
2011-11-25 04:00:00,6.930519857059917
2011-11-25 05:00:00,23.868655561123536
2011-11-25 06:00:00,102.58969957950436
2011-11-25 07:00:00,279.85764590981336
2011-11-25 08:00:00,497.4876998771285
2011-11-25 09:00:00,248.86355883683197
2011-11-25 10:00:00,184.70430964098006
2011-11-25 11:00:00,205.15780931112408
2011-11-25 12:00:00,246.0418562792421
2011-11-25 13:00:00,256.2065668360104
2011-11-25 14:00:00,263.8193194900128
2011-11-25 15:00:00,279.4439707474913
2011-11-25 16:00:00,383.6569490947171
2011-11-25 17:00:00,599.387714555483
2011-11-25 18:00:00,520.9607571892358
2011-11-25 19:00:00,304.92782889833967
2011-11-25 20:00:00,256.03967422281755
2011-11-25 21:00:00,178.68660822744076
2011-11-25 22:00:00,159.48806312116056
2011-11-25 23:00:00,112.54054703575167
2011-11-26 00:00:00,118.4019575175615
2011-11-26 01:00:00,93.04881828564137
2011-11-26 02:00:00,56.91397862758048
2011-11-26 03:00:00,23.242350953395288
2011-11-26 04:00:00,8.455270269054338
2011-11-26 05:00:00,7.470714248520915
2011-11-26 06:00:00,18.199545334665146
2011-11-26 07:00:00,43.91156378659406
2011-11-26 08:00:00,122.67183711368281
2011-11-26 09:00:00,177.87945828090812
2011-11-26 10:00:00,280.39290132520074
2011-11-26 11:00:00,385.3555704066342
2011-11-26 12:00:00,444.7145392288572
2011-11-26 13:00:00,526.7600973221646
2011-11-26 14:00:00,437.20336518721473
2011-11-26 15:00:00,490.72728374576735
2011-11-26 16:00:00,406.607455359832
2011-11-26 17:00:00,340.5210140055335
2011-11-26 18:00:00,279.0240633421241
2011-11-26 19:00:00,226.3454556452664
2011-11-26 20:00:00,206.3043145288892
2011-11-26 21:00:00,140.31471801411107
2011-11-26 22:00:00,130.86041222304
2011-11-26 23:00:00,99.67224102803118
2011-11-27 00:00:00,104.45101092785774
2011-11-27 01:00:00,91.67460815297706
2011-11-27 02:00:00,59.99800278508898
2011-11-27 03:00:00,26.58595655992827
2011-11-27 04:00:00,9.648754252220312
2011-11-27 05:00:00,8.989652958942262
2011-11-27 06:00:00,19.203981286496127
2011-11-27 07:00:00,52.58533302590553
2011-11-27 08:00:00,104.89971246844948
2011-11-27 09:00:00,169.57972287280916
2011-11-27 10:00:00,231.72306266633817
2011-11-27 11:00:00,329.9902126365673
2011-11-27 12:00:00,393.03038912337564
2011-11-27 13:00:00,427.5932085213822
2011-11-27 14:00:00,498.60342681873345
2011-11-27 15:00:00,514.4115996642447
2011-11-27 16:00:00,449.1102478093256
2011-11-27 17:00:00,441.78736428143617
2011-11-27 18:00:00,335.26965610332405
2011-11-27 19:00:00,248.86641377656608
2011-11-27 20:00:00,204.88020010822186
2011-11-27 21:00:00,147.24391323009678
2011-11-27 22:00:00,120.43059557217373
2011-11-27 23:00:00,77.97360494274524
2011-11-28 00:00:00,37.81351752578578
2011-11-28 01:00:00,15.156683738854957
2011-11-28 03:00:00,4.611868068159767
2011-11-28 04:00:00,6.990037691905249
2011-11-28 05:00:00,30.8145998829257
2011-11-28 06:00:00,132.3828853157917
2011-11-28 07:00:00,353.41112786553754
2011-11-28 08:00:00,519.8585939025688
2011-11-28 09:00:00,306.3448279059683
2011-11-28 10:00:00,155.21520725440928
2011-11-28 11:00:00,168.96361039336995
2011-11-28 12:00:00,225.75134837506073
2011-11-28 13:00:00,215.86936325498021
2011-11-28 14:00:00,236.82432527124536
2011-11-28 15:00:00,236.94401896020176
2011-11-28 16:00:00,355.2952849442308
2011-11-28 17:00:00,661.1648623374639
2011-11-28 18:00:00,675.8172275175971
2011-11-28 19:00:00,448.4406158553701
2011-11-28 20:00:00,316.48228340711324
2011-11-28 21:00:00,215.3727177410283
2011-11-28 22:00:00,130.48001404724803
2011-11-28 23:00:00,69.929444589001207
2011-11-29 00:00:00,29.37174099213244
2011-11-29 01:00:00,12.916353028164249
2011-11-29 02:00:00,4.803636133253814
2011-11-29 03:00:00,3.989296741068674
2011-11-29 04:00:00,5.263269529347006
2011-11-29 05:00:00,27.550019824718255
2011-11-29 06:00:00,134.10983998001052
2011-11-29 07:00:00,393.9224789371278
2011-11-29 08:00:00,528.7457975440806
2011-11-29 09:00:00,206.9135692621973
2011-11-29 10:00:00,139.75569933637132
2011-11-29 11:00:00,64.50330216328727
2011-11-29 12:00:00,75.5141648871331
2011-11-29 13:00:00,87.41045675394325
2011-11-29 14:00:00,81.6967858441421
2011-11-29 15:00:00,65.92065374805179
2011-11-29 16:00:00,122.01754164047735
2011-11-29 17:00:00,338.23489446532517
2011-11-29 18:00:00,346.4530769542742
2011-11-29 19:00:00,228.9307673389395
2011-11-29 20:00:00,178.77068599127094
2011-11-29 21:00:00,132.93369555818578
2011-11-29 22:00:00,110.78493390089133
2011-11-29 23:00:00,65.66438239424123
2011-11-30 00:00:00,46.330789123612405
2011-11-30 01:00:00,13.167716471799423
2011-11-30 02:00:00,6.053892669338686
2011-11-30 03:00:00,4.479347396210232
2011-11-30 04:00:00,5.932409783509574
2011-11-30 05:00:00,33.91138698664086
2011-11-30 06:00:00,98.44964261443575
2011-11-30 07:00:00,346.9025292302631
2011-11-30 08:00:00,613.029918294137
2011-11-30 09:00:00,271.9599472858779
2011-11-30 10:00:00,143.86689688039954
2011-11-30 11:00:00,187.11379097637743
2011-11-30 12:00:00,214.4943584257025
2011-11-30 13:00:00,241.70781791084747
2011-11-30 14:00:00,219.79521883942436
2011-11-30 15:00:00,206.3488369266382
2011-11-30 16:00:00,301.5371033112557
2011-11-30 17:00:00,490.35200994403755
2011-11-30 18:00:00,459.039695341259
2011-11-30 19:00:00,333.68055532286155
2011-11-30 20:00:00,223.50309904271163
2011-11-30 21:00:00,156.70645615571775
2011-11-30 22:00:00,129.16873278245657
2011-11-30 23:00:00,74.63900149646437
2011-12-20 00:00:00,32.39662654160129
2011-12-20 01:00:00,12.005070550134288
2011-12-20 02:00:00,4.9330578846183935
2011-12-20 03:00:00,4.179934893836822
2011-12-20 04:00:00,7.332311148529407
2011-12-20 05:00:00,33.90257555874141
2011-12-20 06:00:00,138.07153647559727
2011-12-20 07:00:00,352.68547780128046
2011-12-20 08:00:00,602.0121667541042
2011-12-20 09:00:00,252.6166540539594
2011-12-20 10:00:00,170.9460700725707
2011-12-20 11:00:00,175.37605650770337
2011-12-20 12:00:00,212.6336491543944
2011-12-20 13:00:00,206.4618035297846
2011-12-20 14:00:00,188.43830112391674
2011-12-20 15:00:00,203.75920664084117
2011-12-20 16:00:00,310.003101817366
2011-12-20 17:00:00,542.7341099418433
2011-12-20 18:00:00,438.60845801514415
2011-12-20 19:00:00,285.06294303001215
2011-12-20 20:00:00,201.87011586825585
2011-12-20 21:00:00,148.3060047098718
2011-12-20 22:00:00,120.61269962785444
2011-12-20 23:00:00,92.22622778248115
2011-12-21 00:00:00,20.005252583773654
2011-12-21 01:00:00,8.048746333355544
2011-12-21 02:00:00,4.443699054165919
2011-12-21 03:00:00,2.8136743677159353
2011-12-21 04:00:00,2.52549499640995
2011-12-21 05:00:00,17.123603811013822
2011-12-21 06:00:00,76.2165326493398
2011-12-21 07:00:00,183.75052008654106
2011-12-21 08:00:00,171.94790331564886
2011-12-21 09:00:00,157.3549077319512
2011-12-21 10:00:00,97.97758252328171
2011-12-21 11:00:00,99.70248808896208
2011-12-21 12:00:00,51.80602653019648
2011-12-21 13:00:00,25.852811948535507
2011-12-21 14:00:00,75.43830526282424
2011-12-21 15:00:00,80.65756985325208
2011-12-21 16:00:00,20.988364876166294
2011-12-21 17:00:00,39.40007514589135
2011-12-21 18:00:00,79.49808291273297
2011-12-21 19:00:00,102.29060378846276
2011-12-21 20:00:00,80.7359780767641
2011-12-21 21:00:00,127.4368340878294
2011-12-21 22:00:00,116.83262867299618
2011-12-21 23:00:00,72.11851921622709
2011-12-22 00:00:00,40.97185118664934
2011-12-22 01:00:00,12.558706969764104
2011-12-22 02:00:00,10.413342090297228
2011-12-22 03:00:00,3.861820130289189
2011-12-22 04:00:00,3.5742331876444657
2011-12-22 05:00:00,20.936211964306022
2011-12-22 06:00:00,101.59871149891691
2011-12-22 07:00:00,211.54632454207314
2011-12-22 08:00:00,491.85697171456076
2011-12-22 09:00:00,262.8348818327035
2011-12-22 10:00:00,113.75528135071194
2011-12-22 11:00:00,150.5763615396924
2011-12-22 12:00:00,165.5350228796633
2011-12-22 13:00:00,156.91693618261652
2011-12-22 14:00:00,143.5460765692503
2011-12-22 15:00:00,151.5663400393936
2011-12-22 16:00:00,204.8052692375108
2011-12-22 17:00:00,366.25139233617904
2011-12-22 18:00:00,343.3677940899229
2011-12-22 19:00:00,261.8514629717613
2011-12-22 20:00:00,119.59597679456309
2011-12-22 21:00:00,95.95027381992172
2011-12-22 22:00:00,73.31118220973016
2011-12-22 23:00:00,59.48826353655037
2011-12-23 00:00:00,22.434149604232285
2011-12-23 01:00:00,10.212409989136177
2011-12-23 02:00:00,6.137605248306267
2011-12-23 03:00:00,2.8350115238495603
2011-12-23 04:00:00,1.6352778638545349
2011-12-23 05:00:00,10.901204831607386
2011-12-23 06:00:00,71.46048340997895
2011-12-23 07:00:00,203.06893263233857
2011-12-23 08:00:00,274.7203268230328
2011-12-23 09:00:00,167.60888004276052
2011-12-23 10:00:00,120.41313956742609
2011-12-23 11:00:00,138.79461088382843
2011-12-23 12:00:00,164.71184200506264
2011-12-23 13:00:00,161.65947715491137
2011-12-23 14:00:00,141.0101241469572
2011-12-23 15:00:00,136.95686913693507
2011-12-23 16:00:00,176.75375535838944
2011-12-23 17:00:00,265.0298289677968
2011-12-23 18:00:00,249.31556033578627
2011-12-23 19:00:00,186.42127851539985
2011-12-23 20:00:00,111.33660323644416
2011-12-23 21:00:00,92.93754056054254
2011-12-23 22:00:00,76.40848668489782
2011-12-23 23:00:00,59.57812641449044
2011-12-24 00:00:00,45.41784744200529
2011-12-24 01:00:00,37.122385120383264
2011-12-24 02:00:00,36.05774836236394
2011-12-24 03:00:00,18.040327500871474
2011-12-24 04:00:00,3.955099419786717
2011-12-24 05:00:00,3.3129779695397312
2011-12-24 06:00:00,7.299691099303152
2011-12-24 07:00:00,24.241760931609573
2011-12-24 08:00:00,60.7770881583185
2011-12-24 09:00:00,103.8599744588925
2011-12-24 10:00:00,147.4838596221588
2011-12-24 11:00:00,164.37814909773306
2011-12-24 12:00:00,216.0551152283259
2011-12-24 13:00:00,213.19148867529407
2011-12-24 14:00:00,208.09209653988873
2011-12-24 15:00:00,194.67966125194167
2011-12-24 16:00:00,199.52668294732183
2011-12-24 17:00:00,128.74141282930495
2011-12-24 18:00:00,129.79338955335672
2011-12-24 19:00:00,100.12956602087657
2011-12-24 20:00:00,68.31116231920439
2011-12-24 21:00:00,62.92940527495741
2011-12-24 22:00:00,50.51739236671967
2011-12-24 23:00:00,45.3750605786498
2011-12-25 00:00:00,36.66640996254633
2011-12-25 01:00:00,34.11100900573456
2011-12-25 02:00:00,28.75160303557182
2011-12-25 03:00:00,12.550378899502494
2011-12-25 05:00:00,4.138218892143276
2011-12-25 06:00:00,5.324365325086764
2011-12-25 07:00:00,14.811100842035565
2011-12-25 08:00:00,34.15632524625827
2011-12-25 09:00:00,90.34256337715408
2011-12-25 10:00:00,103.51536362286267
2011-12-25 11:00:00,171.98578308804375
2011-12-25 12:00:00,158.45037910962444
2011-12-25 13:00:00,173.42475113580932
2011-12-25 14:00:00,172.2296913146645
2011-12-25 15:00:00,177.5660654898372
2011-12-25 16:00:00,172.27097245727705
2011-12-25 17:00:00,144.7276049081163
2011-12-25 18:00:00,112.75571027719992
2011-12-25 19:00:00,104.63410389176178
2011-12-25 20:00:00,79.45727620916598
2011-12-25 21:00:00,64.15008052942166
2011-12-25 22:00:00,50.343936331976096
2011-12-25 23:00:00,32.0663004240441
2011-12-26 00:00:00,26.369252349372424
2011-12-26 01:00:00,19.234620202209992
2011-12-26 02:00:00,13.40307910317791
2011-12-26 04:00:00,3.8475831456885294
2011-12-26 05:00:00,3.938086755595556
2011-12-26 06:00:00,12.570310065727732
2011-12-26 07:00:00,40.97790798187083
2011-12-26 08:00:00,94.32740695497884
2011-12-26 09:00:00,107.66154921744184
2011-12-26 10:00:00,139.3089314864459
2011-12-26 11:00:00,136.075329030818
2011-12-26 12:00:00,169.8312030495156
2011-12-26 13:00:00,214.24654833704093
2011-12-26 14:00:00,202.23969922806359
2011-12-26 15:00:00,215.3490292977971
2011-12-26 16:00:00,203.57026819992487
2011-12-26 17:00:00,182.42882184809378
2011-12-26 18:00:00,140.0690579099966
2011-12-26 19:00:00,92.77906331316925
2011-12-26 20:00:00,79.14663330434367
2011-12-26 21:00:00,51.984750267341305
2011-12-26 22:00:00,46.46585732527945
2011-12-26 23:00:00,37.8007182886255
2011-12-27 00:00:00,11.874893438771577
2011-12-27 01:00:00,4.402555394791954
2011-12-27 02:00:00,2.3271786612853056
2011-12-27 03:00:00,2.498013207967377
2011-12-27 04:00:00,2.1518020770133455
2011-12-27 05:00:00,13.009632210761836
2011-12-27 06:00:00,74.085759639921
2011-12-27 07:00:00,185.5702679517981
2011-12-27 08:00:00,372.9608751367108
2011-12-27 09:00:00,121.26940048006465
2011-12-27 10:00:00,88.84352955827764
2011-12-27 11:00:00,61.618747192572584
2011-12-27 12:00:00,52.294311388841656
2011-12-27 13:00:00,56.38868479620277
2011-12-27 14:00:00,36.98114310573319
2011-12-27 15:00:00,40.76389134685301
2011-12-27 16:00:00,49.862982075475124
2011-12-27 17:00:00,220.53468170905114
2011-12-27 18:00:00,213.50297432143452
2011-12-27 19:00:00,162.5381299214483
2011-12-27 20:00:00,104.09411437416992
2011-12-27 21:00:00,86.00565639378823
2011-12-27 22:00:00,63.24256827185514
2011-12-27 23:00:00,37.54062636384039
2011-12-28 00:00:00,15.455089778089018
2011-12-28 01:00:00,7.275065794437235
2011-12-28 02:00:00,3.5830539828027943
2011-12-28 03:00:00,2.4584869733095367
2011-12-28 05:00:00,14.977730437355575
2011-12-28 06:00:00,76.04700078713114
2011-12-28 07:00:00,189.36487308314045
2011-12-28 08:00:00,387.80337450487167
2011-12-28 09:00:00,193.47561892811132
2011-12-28 10:00:00,91.30607836707351
2011-12-28 11:00:00,109.3085374383741
2011-12-28 12:00:00,119.11587142438889
2011-12-28 13:00:00,113.13874552166249
2011-12-28 14:00:00,94.34972797210514
2011-12-28 15:00:00,94.37252890773908
2011-12-28 16:00:00,127.8107397118804
2011-12-28 17:00:00,206.5960411627336
2011-12-28 18:00:00,237.36712863808893
2011-12-28 19:00:00,161.2303555457857
2011-12-28 20:00:00,117.28684378107056
2011-12-28 21:00:00,66.7599353669252
2011-12-28 22:00:00,51.30873665750067
2011-12-28 23:00:00,28.204181035875028
2011-12-29 00:00:00,13.674076929189631
2011-12-29 01:00:00,5.988566164766696
2011-12-29 02:00:00,3.5658949217453215
2011-12-29 03:00:00,1.8450734439114436
2011-12-29 04:00:00,2.0716268758911482
2011-12-29 05:00:00,13.537140036336178
2011-12-29 06:00:00,51.04057693943795
2011-12-29 07:00:00,152.67936524667044
2011-12-29 08:00:00,333.19370476247065
2011-12-29 09:00:00,179.95654658928143
2011-12-29 10:00:00,67.01896310269552
2011-12-29 11:00:00,87.41259347534525
2011-12-29 12:00:00,105.3159280448288
2011-12-29 13:00:00,108.4922795269847
2011-12-29 14:00:00,98.02943946894193
2011-12-29 15:00:00,103.17160277864255
2011-12-29 16:00:00,132.88596511939048
2011-12-29 17:00:00,242.58270500905996
2011-12-29 18:00:00,241.2010332694929
2011-12-29 19:00:00,188.10456516472317
2011-12-29 20:00:00,104.43119513589093
2011-12-29 21:00:00,99.71626942145964
2011-12-29 22:00:00,74.11256718693959
2011-12-29 23:00:00,53.83912041677644
2011-12-30 00:00:00,32.60128066406857
2011-12-30 01:00:00,10.798234660026814
2011-12-30 02:00:00,7.556661322867708
2011-12-30 03:00:00,3.854870919176128
2011-12-30 04:00:00,2.8503062395284466
2011-12-30 05:00:00,10.481782530643812
2011-12-30 06:00:00,58.66937626639989
2011-12-30 07:00:00,168.3353425334474
2011-12-30 08:00:00,376.1896511151433
2011-12-30 09:00:00,192.84788973050902
2011-12-30 10:00:00,82.8098275088423
2011-12-30 11:00:00,105.68264720062446
2011-12-30 12:00:00,137.5699437373091
2011-12-30 13:00:00,133.60647443294698
2011-12-30 14:00:00,151.67282349877019
2011-12-30 15:00:00,206.6003134732633
2011-12-30 16:00:00,234.24490147337468
2011-12-30 17:00:00,305.15753689660977
2011-12-30 18:00:00,251.37657230651138
2011-12-30 19:00:00,173.1516297979372
2011-12-30 20:00:00,135.96638759104658
2011-12-30 21:00:00,104.80980724648713
2011-12-30 22:00:00,79.56720770716288
2011-12-30 23:00:00,49.15113387898753
2011-12-31 00:00:00,38.2328173705521
2011-12-31 01:00:00,34.137283983970775
2011-12-31 02:00:00,25.16263331711521
2011-12-31 03:00:00,10.593275124837243
2011-12-31 04:00:00,4.026951025692852
2011-12-31 05:00:00,3.5946072875374444
2011-12-31 06:00:00,9.80769602399357
2011-12-31 07:00:00,25.875481021982136
2011-12-31 08:00:00,86.76954519826265
2011-12-31 09:00:00,82.4202784155788
2011-12-31 10:00:00,130.52826736509698
2011-12-31 11:00:00,264.0628050942823
2011-12-31 12:00:00,397.6891470955045
2011-12-31 13:00:00,322.67343349178043
2011-12-31 14:00:00,254.5181390147267
2011-12-31 15:00:00,230.05658695018676
2011-12-31 16:00:00,223.39637364520306
2011-12-31 17:00:00,214.12100488669313
2011-12-31 18:00:00,196.99126739325658
2011-12-31 19:00:00,156.95990011192504
2011-12-31 20:00:00,135.78952672228613
2011-12-31 21:00:00,91.11197304612983
2011-12-31 22:00:00,82.41965800981465
2011-12-31 23:00:00,57.38104066449976
2012-01-20 00:00:00,20.951308958172643
2012-01-20 01:00:00,11.349560934301802
2012-01-20 02:00:00,6.281150057594322
2012-01-20 03:00:00,3.86518887633151
2012-01-20 04:00:00,3.1886008043496545
2012-01-20 05:00:00,14.1391524396737
2012-01-20 06:00:00,59.15811444302374
2012-01-20 07:00:00,142.8361448429369
2012-01-20 08:00:00,266.333331108702
2012-01-20 09:00:00,162.45704601604734
2012-01-20 10:00:00,62.46698586510484
2012-01-20 11:00:00,51.410262336702786
2012-01-20 12:00:00,58.03443864725696
2012-01-20 13:00:00,83.20929730237081
2012-01-20 14:00:00,67.62784577109382
2012-01-20 15:00:00,71.25387130437693
2012-01-20 16:00:00,86.75011255405906
2012-01-20 17:00:00,153.14536787763512
2012-01-20 18:00:00,149.84417632416267
2012-01-20 19:00:00,125.98982036487534
2012-01-20 20:00:00,85.87482179671046
2012-01-20 21:00:00,67.54522772250353
2012-01-20 22:00:00,46.37491257639113
2012-01-20 23:00:00,19.92586191732283
2012-01-21 00:00:00,20.199829664371503
2012-01-21 01:00:00,19.94445230979709
2012-01-21 02:00:00,13.781644191895126
2012-01-21 03:00:00,6.191770558098126
2012-01-21 04:00:00,2.925251122559782
2012-01-21 05:00:00,2.89227379094597
2012-01-21 06:00:00,3.500278592043818
2012-01-21 07:00:00,9.28216050197476
2012-01-21 08:00:00,26.9567155469847
2012-01-21 09:00:00,36.015520176065934
2012-01-21 10:00:00,30.73801255488171
2012-01-21 11:00:00,94.25609460401132
2012-01-21 12:00:00,112.45863983544734
2012-01-21 13:00:00,91.11806041251505
2012-01-21 14:00:00,72.50241126328366
2012-01-21 15:00:00,74.01091570265952
2012-01-21 16:00:00,69.9124954965579
2012-01-21 17:00:00,62.67539263788226
2012-01-21 18:00:00,58.01568365031345
2012-01-21 19:00:00,46.962055891295975
2012-01-21 20:00:00,41.1563447785171
2012-01-21 21:00:00,30.419361619438025
2012-01-21 22:00:00,27.245148607676423
2012-01-21 23:00:00,30.61042500266161
2012-01-22 00:00:00,29.03578601159623
2012-01-22 01:00:00,18.81255192949674
2012-01-22 02:00:00,15.343985220349412
2012-01-22 03:00:00,6.806462688584154
2012-01-22 04:00:00,2.3000608434279255
2012-01-22 05:00:00,2.2253395766326522
2012-01-22 06:00:00,3.237714946186326
2012-01-22 07:00:00,8.636555674818661
2012-01-22 08:00:00,24.39098439575862
2012-01-22 09:00:00,44.13176734342004
2012-01-22 10:00:00,58.397022627158705
2012-01-22 11:00:00,55.442463137827275
2012-01-22 12:00:00,93.10908717303
2012-01-22 13:00:00,89.33492597818062
2012-01-22 14:00:00,85.32324627484137
2012-01-22 15:00:00,88.66921472610584
2012-01-22 16:00:00,86.67082628393386
2012-01-22 17:00:00,75.77595031359824
2012-01-22 18:00:00,50.29733632312823
2012-01-22 19:00:00,40.15275799747102
2012-01-22 20:00:00,34.39312984890736
2012-01-22 21:00:00,22.540152781886235
2012-01-22 22:00:00,21.116446099299672
2012-01-22 23:00:00,17.6332705630878
2012-01-23 00:00:00,10.083087798317916
2012-01-23 01:00:00,5.784086600476952
2012-01-23 02:00:00,2.9866735545864698
2012-01-23 03:00:00,1.993993798792864
2012-01-23 04:00:00,2.2139539137967303
2012-01-23 05:00:00,9.807940991206978
2012-01-23 06:00:00,42.17733508160474
2012-01-23 07:00:00,96.50038407929709
2012-01-23 08:00:00,225.33970890671884
2012-01-23 09:00:00,220.28591338760066
2012-01-23 10:00:00,64.66426521793053
2012-01-23 11:00:00,68.7436129720606
2012-01-23 12:00:00,62.61407985103832
2012-01-23 13:00:00,49.44191069017492
2012-01-23 14:00:00,46.2959599124085
2012-01-23 15:00:00,46.73260377325665
2012-01-23 16:00:00,110.3240030503692
2012-01-23 17:00:00,189.60582453351756
2012-01-23 18:00:00,200.49001092393792
2012-01-23 19:00:00,144.8708394011003
2012-01-23 20:00:00,84.30273262038219
2012-01-23 21:00:00,57.341507093377835
2012-01-23 22:00:00,41.83707124189514
2012-01-23 23:00:00,25.92517461317836
2012-01-24 00:00:00,6.364603507924028
2012-01-24 01:00:00,4.586284000550463
2012-01-24 02:00:00,2.4665267036720895
2012-01-24 03:00:00,1.939323008371003
2012-01-24 04:00:00,2.0129892278445567
2012-01-24 05:00:00,8.3920749874698
2012-01-24 06:00:00,40.62303185554109
2012-01-24 07:00:00,158.86147111216997
2012-01-24 08:00:00,298.1645080064556
2012-01-24 09:00:00,176.8934993902448
2012-01-24 10:00:00,74.50773025497689
2012-01-24 11:00:00,82.26206909341398
2012-01-24 12:00:00,85.4698987451424
2012-01-24 13:00:00,82.05018727912335
2012-01-24 14:00:00,72.67552375302662
2012-01-24 15:00:00,102.92543172585333
2012-01-24 16:00:00,160.57904383039693
2012-01-24 17:00:00,363.13903376653406
2012-01-24 18:00:00,295.1684429113344
2012-01-24 19:00:00,287.54826171490356
2012-01-24 20:00:00,109.02582923370926
2012-01-24 21:00:00,106.50605879198554
2012-01-24 22:00:00,67.27822654962335
2012-01-24 23:00:00,39.446951750569816
2012-01-25 00:00:00,6.814397527823681
2012-01-25 01:00:00,7.311250511161511
2012-01-25 02:00:00,3.5825383235175767
2012-01-25 03:00:00,2.333153221331425
2012-01-25 04:00:00,1.9444435249650356
2012-01-25 05:00:00,10.487333396808392
2012-01-25 06:00:00,61.27084126303926
2012-01-25 07:00:00,162.20996607039302
2012-01-25 08:00:00,334.00772094076325
2012-01-25 09:00:00,184.40807922968875
2012-01-25 10:00:00,89.87060113359011
2012-01-25 11:00:00,103.71840704433413
2012-01-25 12:00:00,113.39284507785577
2012-01-25 13:00:00,117.52622288352568
2012-01-25 14:00:00,101.35523242603938
2012-01-25 15:00:00,119.8962946192693
2012-01-25 16:00:00,144.59298398662443
2012-01-25 17:00:00,265.4562430954881
2012-01-25 18:00:00,229.72330870981114
2012-01-25 19:00:00,187.5012608781572
2012-01-25 20:00:00,125.18201458161475
2012-01-25 21:00:00,92.54574849285639
2012-01-25 22:00:00,69.98300369931064
2012-01-25 23:00:00,38.12150136997274
2012-01-26 00:00:00,19.29742841226621
2012-01-26 01:00:00,7.331256797367409
2012-01-26 02:00:00,4.593735001240696
2012-01-26 03:00:00,2.5131397794897317
2012-01-26 04:00:00,2.366157273808554
2012-01-26 05:00:00,13.16894793152838
2012-01-26 06:00:00,69.33394395916154
2012-01-26 07:00:00,215.02822941098307
2012-01-26 08:00:00,421.7239733517371
2012-01-26 09:00:00,216.00946696402153
2012-01-26 10:00:00,80.85907156089448
2012-01-26 11:00:00,87.94716482703613
2012-01-26 12:00:00,110.25732445603492
2012-01-26 13:00:00,117.747533520593
2012-01-26 14:00:00,111.95823168081164
2012-01-26 15:00:00,142.33707089579252
2012-01-26 16:00:00,165.35990932190214
2012-01-26 17:00:00,360.80368470509603
2012-01-26 18:00:00,347.72096042099207
2012-01-26 19:00:00,225.25766949421453
2012-01-26 20:00:00,181.5940302757789
2012-01-26 21:00:00,131.93124035974415
2012-01-26 22:00:00,110.14160522481421
2012-01-26 23:00:00,69.97898649113179
2012-01-27 00:00:00,31.538054010951935
2012-01-27 01:00:00,13.049238871201313
2012-01-27 02:00:00,9.071277396731029
2012-01-27 03:00:00,2.2574068049706293
2012-01-27 04:00:00,1.7489904578369044
2012-01-27 05:00:00,10.195780708749902
2012-01-27 06:00:00,34.96054892704224
2012-01-27 07:00:00,85.42510871485447
2012-01-27 08:00:00,176.0881000222498
2012-01-27 09:00:00,107.50614473377772
2012-01-27 10:00:00,54.22441139994875
2012-01-27 11:00:00,114.63179446809671
2012-01-27 12:00:00,188.622050981273
2012-01-27 13:00:00,204.9806124050097
2012-01-27 14:00:00,188.95511702289065
2012-01-27 15:00:00,176.5877070256405
2012-01-27 16:00:00,220.07707302073996
2012-01-27 17:00:00,324.62218449164277
2012-01-27 18:00:00,272.98035928129065
2012-01-27 19:00:00,195.2969332358649
2012-01-27 20:00:00,113.85605765259157
2012-01-27 21:00:00,73.61209538249493
2012-01-27 22:00:00,89.20078121110424
2012-01-27 23:00:00,51.8132685189132
2012-01-28 00:00:00,48.760760369194706
2012-01-28 01:00:00,45.8864282431914
2012-01-28 02:00:00,29.24971837122241
2012-01-28 03:00:00,13.717761807491234
2012-01-28 04:00:00,3.033493827768761
2012-01-28 05:00:00,2.7787916549718514
2012-01-28 06:00:00,6.19166385344948
2012-01-28 07:00:00,9.042251095216491
2012-01-28 08:00:00,42.18720104522464
2012-01-28 09:00:00,66.80632116237794
2012-01-28 10:00:00,144.9706320309685
2012-01-28 11:00:00,193.75981364532075
2012-01-28 12:00:00,173.6356942638066
2012-01-28 13:00:00,194.26616300286113
2012-01-28 14:00:00,177.1377995727396
2012-01-28 15:00:00,200.13291280961667
2012-01-28 16:00:00,263.01446543884407
2012-01-28 17:00:00,212.4699983447196
2012-01-28 18:00:00,207.46579283844608
2012-01-28 19:00:00,107.94734015260873
2012-01-28 20:00:00,89.52627866507201
2012-01-28 21:00:00,73.54336188832038
2012-01-28 22:00:00,77.07298169800025
2012-01-28 23:00:00,55.66346313143656
2012-01-29 00:00:00,62.219643953548356
2012-01-29 01:00:00,34.28969451607103
2012-01-29 02:00:00,27.305074514031972
2012-01-29 03:00:00,11.876450510901918
2012-01-29 04:00:00,3.827760942096112
2012-01-29 05:00:00,3.1408610464613567
2012-01-29 06:00:00,6.138654899805867
2012-01-29 07:00:00,19.750560504444316
2012-01-29 08:00:00,44.21220336365631
2012-01-29 09:00:00,59.93226730168973
2012-01-29 10:00:00,135.29047435325222
2012-01-29 11:00:00,146.70290383010033
2012-01-29 12:00:00,204.35412221203606
2012-01-29 13:00:00,193.59596330746774
2012-01-29 14:00:00,179.0532637392471
2012-01-29 15:00:00,212.58968917823503
2012-01-29 16:00:00,178.89118091264825
2012-01-29 17:00:00,160.82118734296702
2012-01-29 18:00:00,126.82195625862894
2012-01-29 19:00:00,84.85694880132232
2012-01-29 20:00:00,62.99619682186418
2012-01-29 21:00:00,46.13217230189638
2012-01-29 22:00:00,37.49335204126734
2012-01-29 23:00:00,26.780766411404585
2012-01-30 00:00:00,11.50912636975789
2012-01-30 01:00:00,3.505841772164237
2012-01-30 02:00:00,2.462821875871207
2012-01-30 03:00:00,1.7268812965447713
2012-01-30 04:00:00,1.9421037993444268
2012-01-30 05:00:00,10.185084875780388
2012-01-30 06:00:00,46.1417400551243
2012-01-30 07:00:00,122.90900942327188
2012-01-30 08:00:00,235.95200000776487
2012-01-30 09:00:00,130.19475378415365
2012-01-30 10:00:00,59.90049918461024
2012-01-30 11:00:00,75.66615826839546
2012-01-30 12:00:00,98.2502439325356
2012-01-30 13:00:00,94.41316443174854
2012-01-30 14:00:00,105.03349785936969
2012-01-30 15:00:00,103.6416930293406
2012-01-30 16:00:00,159.65933378916375
2012-01-30 17:00:00,278.0649922048417
2012-01-30 18:00:00,281.9159110782313
2012-01-30 19:00:00,162.98056531382343
2012-01-30 20:00:00,113.33611775288486
2012-01-30 21:00:00,90.01989949934112
2012-01-30 22:00:00,57.46723729567718
2012-01-30 23:00:00,33.54084675175323
2012-01-31 00:00:00,16.448909555717744
2012-01-31 01:00:00,6.306619089794821
2012-01-31 02:00:00,3.9856772027203267
2012-01-31 03:00:00,2.5742882048290756
2012-01-31 04:00:00,2.757524735115002
2012-01-31 05:00:00,17.464090784579838
2012-01-31 06:00:00,80.03279785404384
2012-01-31 07:00:00,172.69447510543372
2012-01-31 08:00:00,373.23853800053314
2012-01-31 09:00:00,203.28599702014694
2012-01-31 10:00:00,93.8564931477089
2012-01-31 11:00:00,121.09196444161398
2012-01-31 12:00:00,147.63986528697225
2012-01-31 13:00:00,201.0562624879369
2012-01-31 14:00:00,176.6905269567135
2012-01-31 15:00:00,174.12019135433766
2012-01-31 16:00:00,265.0188346709933
2012-01-31 17:00:00,497.0715125168478
2012-01-31 18:00:00,492.3668081780478
2012-01-31 19:00:00,357.8881737358052
2012-01-31 20:00:00,167.50131816789767
2012-01-31 21:00:00,165.31145449083965
2012-01-31 22:00:00,107.04799691523768
2012-01-31 23:00:00,72.60512975246266
2012-02-20 00:00:00,32.419123151170815
2012-02-20 01:00:00,25.46898937549867
2012-02-20 02:00:00,15.864471453428235
2012-02-20 03:00:00,5.094427183637372
2012-02-20 05:00:00,2.7772898798986465
2012-02-20 06:00:00,7.786339522218333
2012-02-20 07:00:00,13.683209530828826
2012-02-20 08:00:00,49.82093335470141
2012-02-20 09:00:00,68.09455221396404
2012-02-20 10:00:00,86.85595455738148
2012-02-20 11:00:00,158.76087091213466
2012-02-20 12:00:00,182.8544950854445
2012-02-20 13:00:00,188.36617986422524
2012-02-20 14:00:00,177.96746966719618
2012-02-20 15:00:00,183.8902058897358
2012-02-20 16:00:00,193.0640427210267
2012-02-20 17:00:00,209.96748080512566
2012-02-20 18:00:00,156.7501814422964
2012-02-20 19:00:00,118.16188973116363
2012-02-20 20:00:00,99.1892480877056
2012-02-20 21:00:00,65.37946292958327
2012-02-20 22:00:00,53.059290463770886
2012-02-20 23:00:00,35.09117518170709
2012-02-21 00:00:00,9.67450438264627
2012-02-21 01:00:00,4.3580744181896875
2012-02-21 02:00:00,2.369279046342569
2012-02-21 04:00:00,1.7457450941319712
2012-02-21 05:00:00,9.469289275714784
2012-02-21 06:00:00,43.1812510606788
2012-02-21 07:00:00,134.18571147437441
2012-02-21 08:00:00,298.7870583742153
2012-02-21 09:00:00,174.6166594415726
2012-02-21 10:00:00,69.61743164060907
2012-02-21 11:00:00,70.71352406762581
2012-02-21 12:00:00,101.96569285900436
2012-02-21 13:00:00,115.35181500673968
2012-02-21 14:00:00,92.31588135838082
2012-02-21 15:00:00,112.25800173024135
2012-02-21 16:00:00,164.56201584522498
2012-02-21 17:00:00,343.8308441371528
2012-02-21 18:00:00,337.7357413712289
2012-02-21 19:00:00,222.78819856587532
2012-02-21 20:00:00,136.34418405007423
2012-02-21 21:00:00,113.44708818580092
2012-02-21 22:00:00,70.57891555986465
2012-02-21 23:00:00,41.836278887335496
2012-02-22 00:00:00,18.121298473219394
2012-02-22 01:00:00,8.12614427188112
2012-02-22 02:00:00,3.187005481038999
2012-02-22 03:00:00,2.3686131479102115
2012-02-22 04:00:00,2.2251755545818863
2012-02-22 05:00:00,16.72692323316653
2012-02-22 06:00:00,64.41547841725915
2012-02-22 07:00:00,175.12377513459523
2012-02-22 08:00:00,381.1606081021797
2012-02-22 09:00:00,202.9396895122841
2012-02-22 10:00:00,92.86186271996556
2012-02-22 11:00:00,94.15542387363656
2012-02-22 12:00:00,108.58661939415734
2012-02-22 13:00:00,128.98117413390898
2012-02-22 14:00:00,119.78178648326825
2012-02-22 15:00:00,145.62165759512277
2012-02-22 16:00:00,200.19976471510108
2012-02-22 17:00:00,418.64472293846813
2012-02-22 18:00:00,402.3149419639479
2012-02-22 19:00:00,279.39986846808785
2012-02-22 20:00:00,195.52058860991923
2012-02-22 21:00:00,140.80617822909346
2012-02-22 22:00:00,97.58837109553644
2012-02-22 23:00:00,57.547211481772315
2012-02-23 00:00:00,24.30899363862967
2012-02-23 01:00:00,8.036935151345313
2012-02-23 02:00:00,5.837049970950887
2012-02-23 03:00:00,2.048022565066814
2012-02-23 04:00:00,2.2837242272252674
2012-02-23 05:00:00,16.714358793818807
2012-02-23 06:00:00,83.65027927980421
2012-02-23 07:00:00,204.30053529432485
2012-02-23 08:00:00,403.4286051874444
2012-02-23 09:00:00,168.22971806772156
2012-02-23 10:00:00,115.44213119444045
2012-02-23 11:00:00,142.43268060037482
2012-02-23 12:00:00,184.073929943045
2012-02-23 13:00:00,192.27963128846545
2012-02-23 14:00:00,186.04762228683242
2012-02-23 15:00:00,198.26731699445597
2012-02-23 16:00:00,284.4008395680903
2012-02-23 17:00:00,537.8907561870171
2012-02-23 18:00:00,530.143316459057
2012-02-23 19:00:00,360.49434539428177
2012-02-23 20:00:00,263.51418305283175
2012-02-23 21:00:00,158.54758304592468
2012-02-23 22:00:00,118.99100830468277
2012-02-23 23:00:00,96.05574914190143
2012-02-24 00:00:00,48.18174501848541
2012-02-24 01:00:00,19.69564837835099
2012-02-24 02:00:00,6.011682555732582
2012-02-24 03:00:00,5.5953831658785695
2012-02-24 04:00:00,4.441246640817556
2012-02-24 05:00:00,16.927636921002115
2012-02-24 06:00:00,84.45476518446915
2012-02-24 07:00:00,148.6319181159388
2012-02-24 08:00:00,241.39386462206136
2012-02-24 09:00:00,83.4627777254441
2012-02-24 10:00:00,74.06161782254736
2012-02-24 11:00:00,117.39502250691598
2012-02-24 12:00:00,145.1228078679497
2012-02-24 13:00:00,177.77016701062743
2012-02-24 14:00:00,171.51879008750146
2012-02-24 15:00:00,71.6230246469234
2012-02-24 16:00:00,97.62219929068205
2012-02-24 17:00:00,177.0487746242087
2012-02-24 18:00:00,281.923739435705
2012-02-24 19:00:00,282.6288194904581
2012-02-24 20:00:00,182.7970938031572
2012-02-24 21:00:00,125.72329056052754
2012-02-24 22:00:00,100.69644866374932
2012-02-24 23:00:00,64.8897598059204
2012-02-25 00:00:00,63.78753388823001
2012-02-25 01:00:00,49.60163432926796
2012-02-25 02:00:00,37.08745459627089
2012-02-25 03:00:00,11.799960606157876
2012-02-25 04:00:00,4.14187462051779
2012-02-25 05:00:00,3.984812479152532
2012-02-25 06:00:00,8.05656571555255
2012-02-25 07:00:00,30.377389188484816
2012-02-25 08:00:00,68.36094042951504
2012-02-25 09:00:00,44.40358083967359
2012-02-25 10:00:00,133.50582625133148
2012-02-25 11:00:00,150.01914275149144
2012-02-25 12:00:00,152.49341946838166
2012-02-25 13:00:00,158.83995875034807
2012-02-25 14:00:00,161.53013070631275
2012-02-25 15:00:00,154.74812535541926
2012-02-25 16:00:00,158.4357429287807
2012-02-25 17:00:00,144.14934030033032
2012-02-25 18:00:00,101.50774611541821
2012-02-25 19:00:00,96.88452922654369
2012-02-25 20:00:00,64.93224978710651
2012-02-25 21:00:00,57.75711504535086
2012-02-25 22:00:00,45.67858538266359
2012-02-25 23:00:00,40.65476001951637
2012-02-26 00:00:00,38.28567550300246
2012-02-26 01:00:00,28.743782805184257
2012-02-26 02:00:00,22.790787484768277
2012-02-26 03:00:00,13.3627255226501
2012-02-26 04:00:00,3.2616182179952764
2012-02-26 05:00:00,2.815246799078183
2012-02-26 06:00:00,4.373458142209069
2012-02-26 07:00:00,12.790704766606387
2012-02-26 08:00:00,27.907378260012877
2012-02-26 09:00:00,60.375023469375904
2012-02-26 10:00:00,132.87302868867098
2012-02-26 11:00:00,161.94574245938182
2012-02-26 12:00:00,212.11738379343342
2012-02-26 13:00:00,203.77546625759447
2012-02-26 14:00:00,202.49011121201204
2012-02-26 15:00:00,203.68608250392438
2012-02-26 16:00:00,216.46154233793138
2012-02-26 17:00:00,191.07354183222748
2012-02-26 18:00:00,134.0705280780434
2012-02-26 19:00:00,115.64466827359637
2012-02-26 20:00:00,74.82767113887705
2012-02-26 21:00:00,56.815654298484596
2012-02-26 22:00:00,48.3884675542899
2012-02-26 23:00:00,32.02121129735156
2012-02-27 00:00:00,11.395287287222798
2012-02-27 01:00:00,4.462199306902533
2012-02-27 02:00:00,2.633160406266978
2012-02-27 03:00:00,2.304554390634127
2012-02-27 04:00:00,2.658191430706825
2012-02-27 05:00:00,11.53063763266318
2012-02-27 06:00:00,55.10205996205166
2012-02-27 07:00:00,160.79194159401632
2012-02-27 08:00:00,307.57773893510705
2012-02-27 09:00:00,183.39971710139145
2012-02-27 10:00:00,83.83511911229677
2012-02-27 11:00:00,107.65830466325276
2012-02-27 12:00:00,131.28338640025044
2012-02-27 13:00:00,131.97432056224963
2012-02-27 14:00:00,167.72983728825787
2012-02-27 15:00:00,156.3320798785687
2012-02-27 16:00:00,219.2523695476806
2012-02-27 17:00:00,379.88728442323224
2012-02-27 18:00:00,413.99394542060685
2012-02-27 19:00:00,305.8594960031491
2012-02-27 20:00:00,207.54559244955752
2012-02-27 21:00:00,148.19693412433494
2012-02-27 22:00:00,103.38662936214115
2012-02-27 23:00:00,62.70629238439683
2012-02-28 00:00:00,24.85229675039528
2012-02-28 01:00:00,8.153811048894392
2012-02-28 02:00:00,4.801975004606717
2012-02-28 03:00:00,2.460980770169866
2012-02-28 04:00:00,2.6209805611180297
2012-02-28 05:00:00,14.534569890778593
2012-02-28 06:00:00,70.05825529915413
2012-02-28 07:00:00,194.81933465672037
2012-02-28 08:00:00,284.28398043062685
2012-02-28 09:00:00,183.29297228438838
2012-02-28 10:00:00,94.78993124125044
2012-02-28 11:00:00,106.62534394580798
2012-02-28 12:00:00,137.23420660862175
2012-02-28 13:00:00,125.31535089666605
2012-02-28 14:00:00,118.0948252824842
2012-02-28 15:00:00,157.22962248272017
2012-02-28 16:00:00,208.40256631955245
2012-02-28 17:00:00,394.8495659107396
2012-02-28 18:00:00,391.402759384176
2012-02-28 19:00:00,271.36420877649937
2012-02-28 20:00:00,168.2275424887196
2012-02-28 21:00:00,115.3558052030776
2012-02-28 22:00:00,91.66415163836231
2012-02-28 23:00:00,46.87565365287441
2012-02-29 00:00:00,18.89282161150868
2012-02-29 01:00:00,8.937214934805311
2012-02-29 02:00:00,3.7015000592654936
2012-02-29 03:00:00,2.177746619758155
2012-02-29 05:00:00,11.450140074741306
2012-02-29 06:00:00,69.89486179242215
2012-02-29 07:00:00,183.72305852880734
2012-02-29 08:00:00,413.99340180545585
2012-02-29 09:00:00,119.32713299532523
2012-02-29 10:00:00,51.45588228562801
2012-02-29 11:00:00,44.47718992098179
2012-02-29 12:00:00,27.27290355291365
2012-02-29 13:00:00,43.93999488701861
2012-02-29 14:00:00,40.38601895309926
2012-02-29 15:00:00,71.5328320744191
2012-02-29 16:00:00,64.78115895056604
2012-02-29 17:00:00,255.11946032752323
2012-02-29 18:00:00,179.73213409279745
2012-02-29 19:00:00,199.742135110312
2012-02-29 20:00:00,80.40346697384318
2012-02-29 21:00:00,60.2768412851445
2012-02-29 22:00:00,25.299114407070398
2012-02-29 23:00:00,19.024511335488565
2012-03-20 00:00:00,25.162083756103453
2012-03-20 01:00:00,11.605139220062988
2012-03-20 02:00:00,5.1299263010323255
2012-03-20 03:00:00,3.961253019344039
2012-03-20 04:00:00,4.728711877287749
2012-03-20 05:00:00,18.35208193579036
2012-03-20 06:00:00,90.36795957147396
2012-03-20 07:00:00,100.45808724301551
2012-03-20 08:00:00,549.54607001149
2012-03-20 09:00:00,270.36994096874207
2012-03-20 10:00:00,136.23093526963353
2012-03-20 11:00:00,144.68170187239005
2012-03-20 12:00:00,178.9661530830355
2012-03-20 13:00:00,182.26270015274633
2012-03-20 14:00:00,174.5953525919717
2012-03-20 15:00:00,220.74069353967957
2012-03-20 16:00:00,351.8330842247669
2012-03-20 17:00:00,538.2756694707649
2012-03-20 18:00:00,530.2930245621302
2012-03-20 19:00:00,393.5967970636684
2012-03-20 20:00:00,284.39414886953637
2012-03-20 21:00:00,209.9530749011244
2012-03-20 22:00:00,149.59100257197812
2012-03-20 23:00:00,89.20266884678479
2012-03-21 00:00:00,34.788192139179436
2012-03-21 01:00:00,17.275368516920096
2012-03-21 02:00:00,6.508800529691751
2012-03-21 03:00:00,3.1815493633764924
2012-03-21 04:00:00,3.607816006811222
2012-03-21 05:00:00,19.69779056961449
2012-03-21 06:00:00,69.74641130903431
2012-03-21 07:00:00,114.24580892310294
2012-03-21 08:00:00,191.80184862913873
2012-03-21 09:00:00,226.43335178589197
2012-03-21 10:00:00,132.3615527811937
2012-03-21 11:00:00,135.95009027297004
2012-03-21 12:00:00,187.28496893683163
2012-03-21 13:00:00,142.77775392770312
2012-03-21 14:00:00,175.72428878238622
2012-03-21 15:00:00,184.0794211952538
2012-03-21 16:00:00,287.79153066303894
2012-03-21 17:00:00,506.85393862208815
2012-03-21 18:00:00,500.44196701927996
2012-03-21 19:00:00,453.45216029718665
2012-03-21 20:00:00,301.7579199126117
2012-03-21 21:00:00,207.66819246742585
2012-03-21 22:00:00,165.70554129868427
2012-03-21 23:00:00,115.93833402139846
2012-03-22 00:00:00,48.93503102553582
2012-03-22 01:00:00,19.55724412214665
2012-03-22 02:00:00,10.357996830356942
2012-03-22 03:00:00,6.395775723207654
2012-03-22 04:00:00,3.8072222521500088
2012-03-22 05:00:00,14.174234248605694
2012-03-22 06:00:00,77.32987893374728
2012-03-22 07:00:00,211.3757064917129
2012-03-22 08:00:00,398.3466142344487
2012-03-22 09:00:00,179.73705097607942
2012-03-22 10:00:00,73.64535780518959
2012-03-22 11:00:00,94.23100857848226
2012-03-22 12:00:00,164.42525373783636
2012-03-22 13:00:00,194.28272946308243
2012-03-22 14:00:00,200.5708971283875
2012-03-22 15:00:00,238.63628638910268
2012-03-22 16:00:00,361.649120196193
2012-03-22 17:00:00,687.7490348491845
2012-03-22 18:00:00,671.6776465636697
2012-03-22 19:00:00,458.7153754860866
2012-03-22 20:00:00,320.6175838785148
2012-03-22 21:00:00,256.1447950646677
2012-03-22 22:00:00,183.2048630137668
2012-03-22 23:00:00,114.41681419938772
2012-03-23 00:00:00,60.00899724081351
2012-03-23 01:00:00,25.74487690120749
2012-03-23 02:00:00,12.537736374507569
2012-03-23 03:00:00,7.344767869263449
2012-03-23 04:00:00,4.596574094777081
2012-03-23 05:00:00,16.757848874959823
2012-03-23 06:00:00,95.89453992466319
2012-03-23 07:00:00,237.46407334392785
2012-03-23 08:00:00,379.9820292255444
2012-03-23 09:00:00,267.564629158846
2012-03-23 10:00:00,155.0291622528732
2012-03-23 11:00:00,202.1632924669615
2012-03-23 12:00:00,280.1685290828897
2012-03-23 13:00:00,302.79793199601045
2012-03-23 14:00:00,293.4912914880764
2012-03-23 15:00:00,308.5361446102425
2012-03-23 16:00:00,434.1433816081078
2012-03-23 17:00:00,713.5154227910167
2012-03-23 18:00:00,656.9320360819432
2012-03-23 19:00:00,446.7506242507037
2012-03-23 20:00:00,315.08484924855765
2012-03-23 21:00:00,260.56875985103187
2012-03-23 22:00:00,217.79106976234885
2012-03-23 23:00:00,157.41683669642399
2012-03-24 00:00:00,126.23046891355911
2012-03-24 01:00:00,108.90383740499529
2012-03-24 02:00:00,73.47765096746106
2012-03-24 03:00:00,33.585098740522135
2012-03-24 04:00:00,12.895295872400697
2012-03-24 05:00:00,12.644392450462522
2012-03-24 06:00:00,29.776988589225716
2012-03-24 07:00:00,65.84315971717997
2012-03-24 08:00:00,101.95579474998856
2012-03-24 09:00:00,231.59912845348228
2012-03-24 10:00:00,257.3906411706562
2012-03-24 11:00:00,164.2561991216084
2012-03-24 12:00:00,133.80339133560577
2012-03-24 13:00:00,117.73061497210777
2012-03-24 14:00:00,102.31994375425143
2012-03-24 15:00:00,47.92571120250739
2012-03-24 16:00:00,58.83400579122387
2012-03-24 17:00:00,97.05989211268052
2012-03-24 18:00:00,64.17899588768974
2012-03-24 19:00:00,94.19390725577138
2012-03-24 20:00:00,38.31573241277114
2012-03-24 21:00:00,34.64249846223296
2012-03-24 22:00:00,24.05114147260131
2012-03-24 23:00:00,27.22030587159708
2012-03-25 00:00:00,27.905951547543587
2012-03-25 01:00:00,20.532006887539225
2012-03-25 02:00:00,14.605009899697118
2012-03-25 03:00:00,8.57685415824475
2012-03-25 04:00:00,3.5486477966260264
2012-03-25 05:00:00,4.065515437361447
2012-03-25 06:00:00,5.358244432240751
2012-03-25 07:00:00,16.12270424584763
2012-03-25 08:00:00,31.23882789839728
2012-03-25 09:00:00,55.404306174226036
2012-03-25 10:00:00,90.61019974177836
2012-03-25 11:00:00,83.21236183813537
2012-03-25 12:00:00,119.49689276720477
2012-03-25 13:00:00,233.46810276646136
2012-03-25 14:00:00,226.19852203931677
2012-03-25 15:00:00,195.48128717404347
2012-03-25 16:00:00,273.3304793799077
2012-03-25 17:00:00,281.9435968449311
2012-03-25 18:00:00,254.8190095874482
2012-03-25 19:00:00,200.7407605085323
2012-03-25 20:00:00,156.67244732935535
2012-03-25 21:00:00,131.61371318267388
2012-03-25 22:00:00,98.47551417428144
2012-03-25 23:00:00,72.85885180204515
2012-03-26 00:00:00,33.25772480693043
2012-03-26 01:00:00,13.650634251875987
2012-03-26 02:00:00,7.1754537554991575
2012-03-26 03:00:00,4.179816462853252
2012-03-26 04:00:00,5.4085223060863585
2012-03-26 05:00:00,28.162087930890003
2012-03-26 06:00:00,99.9099523416758
2012-03-26 07:00:00,310.92902555785975
2012-03-26 08:00:00,392.7458747432214
2012-03-26 09:00:00,211.52075527310134
2012-03-26 10:00:00,183.54237159579102
2012-03-26 11:00:00,198.07763855909877
2012-03-26 12:00:00,239.81668102994112
2012-03-26 13:00:00,227.63986603607222
2012-03-26 14:00:00,217.84726147612957
2012-03-26 15:00:00,223.97782271364522
2012-03-26 16:00:00,282.80267783636623
2012-03-26 17:00:00,496.97191740883056
2012-03-26 18:00:00,403.2285369299189
2012-03-26 19:00:00,324.9205009432001
2012-03-26 20:00:00,165.1051466880852
2012-03-26 21:00:00,124.70975783852649
2012-03-26 22:00:00,102.78580256519226
2012-03-26 23:00:00,37.94070438984421
2012-03-27 00:00:00,15.264619938823602
2012-03-27 01:00:00,5.173296163291535
2012-03-27 02:00:00,2.3946993390765523
2012-03-27 03:00:00,1.7863497595399902
2012-03-27 04:00:00,1.6378683107439342
2012-03-27 05:00:00,8.158805807021015
2012-03-27 06:00:00,66.31175298867906
2012-03-27 07:00:00,175.46058866772898
2012-03-27 08:00:00,297.9267474009496
2012-03-27 09:00:00,186.8121358566905
2012-03-27 10:00:00,76.60191561469618
2012-03-27 11:00:00,85.23074313974175
2012-03-27 12:00:00,102.46104730300421
2012-03-27 13:00:00,142.52699056558689
2012-03-27 14:00:00,164.8125589588701
2012-03-27 15:00:00,182.626327112492
2012-03-27 16:00:00,233.17740757331526
2012-03-27 17:00:00,380.5562177478482
2012-03-27 18:00:00,352.94498468062284
2012-03-27 19:00:00,257.9861307304491
2012-03-27 20:00:00,194.96056057056964
2012-03-27 21:00:00,130.05546909846805
2012-03-27 22:00:00,101.62594838098386
2012-03-27 23:00:00,59.55590230547952
2012-03-28 00:00:00,23.759757422044984
2012-03-28 01:00:00,8.600749583431204
2012-03-28 02:00:00,4.199557448308616
2012-03-28 03:00:00,3.4324662119688933
2012-03-28 04:00:00,3.037936765506614
2012-03-28 05:00:00,20.119577120192634
2012-03-28 06:00:00,97.91297956423254
2012-03-28 07:00:00,259.3830012682682
2012-03-28 08:00:00,403.3531306678959
2012-03-28 09:00:00,209.3969194424334
2012-03-28 10:00:00,141.82356812669568
2012-03-28 11:00:00,156.2152180712787
2012-03-28 12:00:00,222.3315489972365
2012-03-28 13:00:00,211.63326771544624
2012-03-28 14:00:00,241.17749739576573
2012-03-28 15:00:00,255.4566155276859
2012-03-28 16:00:00,309.27619753910307
2012-03-28 17:00:00,673.3204842054647
2012-03-28 18:00:00,661.1682615479211
2012-03-28 19:00:00,500.1047453988458
2012-03-28 20:00:00,353.4884014196863
2012-03-28 21:00:00,267.4389298975703
2012-03-28 22:00:00,198.7736869301473
2012-03-28 23:00:00,103.155447614918
2012-03-29 00:00:00,48.16435854150414
2012-03-29 01:00:00,20.34480696161276
2012-03-29 02:00:00,7.411419089449099
2012-03-29 03:00:00,3.863015360190877
2012-03-29 04:00:00,4.747178851841735
2012-03-29 05:00:00,25.831253782289032
2012-03-29 06:00:00,115.80903458689059
2012-03-29 07:00:00,297.4973766395165
2012-03-29 08:00:00,524.7380810645864
2012-03-29 09:00:00,275.8431293944453
2012-03-29 10:00:00,168.80910941507582
2012-03-29 11:00:00,177.23451839833965
2012-03-29 12:00:00,219.16511766274843
2012-03-29 13:00:00,214.23596328182623
2012-03-29 14:00:00,196.71730666205622
2012-03-29 15:00:00,216.6845710755785
2012-03-29 16:00:00,319.2104287102708
2012-03-29 17:00:00,582.6756128976641
2012-03-29 18:00:00,527.5471688434127
2012-03-29 19:00:00,372.018597264211
2012-03-29 20:00:00,284.1563978772465
2012-03-29 21:00:00,183.33196950479564
2012-03-29 22:00:00,136.55277748549815
2012-03-29 23:00:00,83.63806465719537
2012-03-30 00:00:00,47.65112698788473
2012-03-30 01:00:00,18.73420032008559
2012-03-30 02:00:00,10.69453598146133
2012-03-30 03:00:00,4.912426655009985
2012-03-30 04:00:00,4.433488534035761
2012-03-30 05:00:00,16.567315566702828
2012-03-30 06:00:00,90.92207867367364
2012-03-30 07:00:00,222.3303009227495
2012-03-30 08:00:00,381.2648192259496
2012-03-30 09:00:00,243.39633844598671
2012-03-30 10:00:00,118.96073376014606
2012-03-30 11:00:00,129.01084868262788
2012-03-30 12:00:00,152.89414812762791
2012-03-30 13:00:00,108.47248857117945
2012-03-30 14:00:00,92.79346155383385
2012-03-30 15:00:00,104.3998247174235
2012-03-30 16:00:00,94.11550670653816
2012-03-30 17:00:00,321.20707220881025
2012-03-30 18:00:00,389.0505706296897
2012-03-30 19:00:00,236.5431754782916
2012-03-30 20:00:00,181.60390105609898
2012-03-30 21:00:00,131.88364186530842
2012-03-30 22:00:00,105.18140609575173
2012-03-30 23:00:00,76.13237441162681
2012-03-31 00:00:00,62.929809872139586
2012-03-31 01:00:00,45.40572336925326
2012-03-31 02:00:00,35.84783438161182
2012-03-31 03:00:00,15.628584454977744
2012-03-31 04:00:00,5.591682418963104
2012-03-31 05:00:00,6.47469104266945
2012-03-31 06:00:00,13.933806389777647
2012-03-31 07:00:00,36.872130321762256
2012-03-31 08:00:00,77.57280621432996
2012-03-31 09:00:00,110.62166764467095
2012-03-31 10:00:00,174.5359926449971
2012-03-31 11:00:00,315.63315079701255
2012-03-31 12:00:00,358.89528613678965
2012-03-31 13:00:00,435.3604538561038
2012-03-31 14:00:00,295.17917294113073
2012-03-31 15:00:00,334.7521762249281
2012-03-31 16:00:00,266.22048877122097
2012-03-31 17:00:00,251.10614068360556
2012-03-31 18:00:00,111.45182441200751
2012-03-31 19:00:00,129.28325155534864
2012-03-31 20:00:00,87.19746432709195
2012-03-31 21:00:00,70.57504776254432
2012-03-31 22:00:00,64.70047008016584
2012-03-31 23:00:00,45.05672626597566
2012-04-20 00:00:00,71.04866804504614
2012-04-20 01:00:00,28.11342326053911
2012-04-20 02:00:00,12.510911186855123
2012-04-20 03:00:00,6.18085195426035
2012-04-20 04:00:00,4.889644976006114
2012-04-20 05:00:00,20.138441484768798
2012-04-20 06:00:00,104.01622075458705
2012-04-20 07:00:00,257.029987957647
2012-04-20 08:00:00,442.99984099199474
2012-04-20 09:00:00,297.1248934822867
2012-04-20 10:00:00,169.48767828255743
2012-04-20 11:00:00,203.19132966006003
2012-04-20 12:00:00,268.0313685873095
2012-04-20 13:00:00,310.30847032648506
2012-04-20 14:00:00,277.3797841292679
2012-04-20 15:00:00,282.1492268538514
2012-04-20 16:00:00,417.9170149437028
2012-04-20 17:00:00,604.1338677439088
2012-04-20 18:00:00,551.2340633485596
2012-04-20 19:00:00,436.9333425293972
2012-04-20 20:00:00,301.92893734134327
2012-04-20 21:00:00,222.76450033446855
2012-04-20 22:00:00,179.68316231433354
2012-04-20 23:00:00,149.53307042329098
2012-04-21 00:00:00,121.22757693300414
2012-04-21 01:00:00,98.24835906540892
2012-04-21 02:00:00,73.6190974623873
2012-04-21 03:00:00,23.837130224318557
2012-04-21 04:00:00,8.728324578020882
2012-04-21 05:00:00,11.781559474154145
2012-04-21 06:00:00,27.40234024337005
2012-04-21 07:00:00,66.21325691891124
2012-04-21 08:00:00,169.18755264757297
2012-04-21 09:00:00,251.46255989228118
2012-04-21 10:00:00,437.7498713640211
2012-04-21 11:00:00,519.754150259356
2012-04-21 12:00:00,557.0040775422883
2012-04-21 13:00:00,606.3078018108213
2012-04-21 14:00:00,619.5136038654056
2012-04-21 15:00:00,627.0288704287757
2012-04-21 16:00:00,628.9858966506345
2012-04-21 17:00:00,503.92155878563347
2012-04-21 18:00:00,437.57455495371113
2012-04-21 19:00:00,210.72419873506843
2012-04-21 20:00:00,61.003745453785264
2012-04-21 21:00:00,52.182211351257706
2012-04-21 22:00:00,107.57707391589759
2012-04-21 23:00:00,49.429691860739375
2012-04-22 00:00:00,70.19293927287322
2012-04-22 01:00:00,42.13870538065138
2012-04-22 02:00:00,49.1189314170347
2012-04-22 03:00:00,20.45498826264651
2012-04-22 04:00:00,7.184044906529846
2012-04-22 05:00:00,6.798489743004834
2012-04-22 06:00:00,11.098812840138061
2012-04-22 07:00:00,19.67448143753308
2012-04-22 08:00:00,32.36063870577901
2012-04-22 09:00:00,50.637933383085006
2012-04-22 10:00:00,64.25701162056014
2012-04-22 11:00:00,58.994551939589115
2012-04-22 12:00:00,65.061708107803355
2012-04-22 13:00:00,75.37178660069155
2012-04-22 14:00:00,61.50404718862393
2012-04-22 15:00:00,58.16122061310605
2012-04-22 16:00:00,49.209261254770944
2012-04-22 17:00:00,27.457457743426268
2012-04-22 18:00:00,23.389941660548143
2012-04-22 19:00:00,23.494485388559866
2012-04-22 20:00:00,20.215816256354888
2012-04-22 21:00:00,24.661200426067897
2012-04-22 22:00:00,12.183095578268407
2012-04-22 23:00:00,15.76433492820175
2012-04-23 00:00:00,10.451176702464071
2012-04-23 01:00:00,3.7130467490768613
2012-04-23 02:00:00,2.836453336762635
2012-04-23 03:00:00,1.8477044898523705
2012-04-23 04:00:00,1.8446880674581516
2012-04-23 05:00:00,8.582017431844784
2012-04-23 06:00:00,52.31394660919612
2012-04-23 07:00:00,105.44143075469783
2012-04-23 08:00:00,338.44685953690754
2012-04-23 09:00:00,177.7758720630523
2012-04-23 10:00:00,82.08597936940298
2012-04-23 11:00:00,81.02844938348962
2012-04-23 12:00:00,64.42471586302968
2012-04-23 13:00:00,72.78427320078393
2012-04-23 14:00:00,66.22938341140747
2012-04-23 15:00:00,97.16389838780029
2012-04-23 16:00:00,62.88481238065173
2012-04-23 17:00:00,139.07223963390248
2012-04-23 18:00:00,192.21588648396332
2012-04-23 19:00:00,142.40487485516368
2012-04-23 20:00:00,101.97803476596333
2012-04-23 21:00:00,77.519013176273
2012-04-23 22:00:00,60.00433427061715
2012-04-23 23:00:00,34.66575682216016
2012-04-24 00:00:00,13.73293964921227
2012-04-24 01:00:00,6.243064134463704
2012-04-24 02:00:00,2.972803381927313
2012-04-24 03:00:00,2.1352526477375764
2012-04-24 04:00:00,2.1844274516967546
2012-04-24 05:00:00,15.454198263956128
2012-04-24 06:00:00,78.65687166901188
2012-04-24 07:00:00,202.83126776735406
2012-04-24 08:00:00,411.44250128618273
2012-04-24 09:00:00,199.43987961515265
2012-04-24 10:00:00,140.19551025354443
2012-04-24 11:00:00,185.26802316233568
2012-04-24 12:00:00,240.80209071237192
2012-04-24 13:00:00,231.0401491435199
2012-04-24 14:00:00,235.19011942571902
2012-04-24 15:00:00,255.99753769250276
2012-04-24 16:00:00,377.02393266403055
2012-04-24 17:00:00,634.877199095966
2012-04-24 18:00:00,576.3061326650122
2012-04-24 19:00:00,408.4443033030767
2012-04-24 20:00:00,292.46391319953585
2012-04-24 21:00:00,174.29478964633873
2012-04-24 22:00:00,131.31926284223795
2012-04-24 23:00:00,82.24797014531775
2012-04-25 00:00:00,35.14532743748792
2012-04-25 01:00:00,11.604584387838793
2012-04-25 02:00:00,4.6946952281280465
2012-04-25 03:00:00,2.5173520531895788
2012-04-25 04:00:00,2.4517143198572
2012-04-25 05:00:00,18.04591424956047
2012-04-25 06:00:00,79.63079140018684
2012-04-25 07:00:00,241.71546438640806
2012-04-25 08:00:00,391.64764967697596
2012-04-25 09:00:00,266.99188082500245
2012-04-25 10:00:00,160.8397555049823
2012-04-25 11:00:00,163.8008606186571
2012-04-25 12:00:00,197.04855373899935
2012-04-25 13:00:00,217.67861336227432
2012-04-25 14:00:00,182.70080173388783
2012-04-25 15:00:00,230.71127951054154
2012-04-25 16:00:00,296.6858771598665
2012-04-25 17:00:00,540.8208750992294
2012-04-25 18:00:00,548.9929422949207
2012-04-25 19:00:00,453.86628115297555
2012-04-25 20:00:00,297.73478236476876
2012-04-25 21:00:00,215.99689904555154
2012-04-25 22:00:00,141.3182881811086
2012-04-25 23:00:00,87.80143288498681
2012-04-26 00:00:00,37.514762346898536
2012-04-26 01:00:00,18.23552227636943
2012-04-26 02:00:00,8.464815743907922
2012-04-26 03:00:00,4.666425009672323
2012-04-26 04:00:00,5.081568300442712
2012-04-26 05:00:00,22.618763872593703
2012-04-26 06:00:00,111.50484857131119
2012-04-26 07:00:00,140.31245157630048
2012-04-26 08:00:00,329.97389732859756
2012-04-26 09:00:00,178.7061038508341
2012-04-26 10:00:00,92.48764744717573
2012-04-26 11:00:00,83.5025701507495
2012-04-26 12:00:00,178.0121949310134
2012-04-26 13:00:00,172.0389867950583
2012-04-26 14:00:00,179.53584709021834
2012-04-26 15:00:00,133.06757068795994
2012-04-26 16:00:00,210.58907557700974
2012-04-26 17:00:00,522.8427444103088
2012-04-26 18:00:00,484.8629747154045
2012-04-26 19:00:00,356.2775558399085
2012-04-26 20:00:00,299.668614361004
2012-04-26 21:00:00,197.56825477582402
2012-04-26 22:00:00,177.48234189121635
2012-04-26 23:00:00,98.75655425335529
2012-04-27 00:00:00,68.86006841895765
2012-04-27 01:00:00,28.69629656681877
2012-04-27 02:00:00,16.88014193155686
2012-04-27 03:00:00,6.11324667326811
2012-04-27 04:00:00,5.536232228096188
2012-04-27 05:00:00,29.0800935632968
2012-04-27 06:00:00,120.27060239146736
2012-04-27 07:00:00,241.38998635156193
2012-04-27 08:00:00,476.2630620624981
2012-04-27 09:00:00,355.09426895446006
2012-04-27 10:00:00,227.24707674294237
2012-04-27 11:00:00,252.24720886749049
2012-04-27 12:00:00,319.28950945303313
2012-04-27 13:00:00,331.31844157373547
2012-04-27 14:00:00,301.909418408483
2012-04-27 15:00:00,301.53299027048274
2012-04-27 16:00:00,410.57561650107004
2012-04-27 17:00:00,667.0150255567893
2012-04-27 18:00:00,586.6457297158792
2012-04-27 19:00:00,457.22938572042375
2012-04-27 20:00:00,289.8038941020982
2012-04-27 21:00:00,208.48251436278494
2012-04-27 22:00:00,167.093750462513
2012-04-27 23:00:00,97.46550501702986
2012-04-28 00:00:00,88.40532068972998
2012-04-28 01:00:00,51.67176802532433
2012-04-28 02:00:00,56.23575276060357
2012-04-28 03:00:00,18.52529927287204
2012-04-28 04:00:00,6.972608068814649
2012-04-28 05:00:00,7.2686284811099116
2012-04-28 06:00:00,19.43618967221207
2012-04-28 07:00:00,48.93456582451121
2012-04-28 08:00:00,123.16569264732672
2012-04-28 09:00:00,147.30264615627584
2012-04-28 10:00:00,217.1267665962247
2012-04-28 11:00:00,242.4106695473993
2012-04-28 12:00:00,260.3391445816323
2012-04-28 13:00:00,260.24549614287827
2012-04-28 14:00:00,351.17568865540744
2012-04-28 15:00:00,335.0507484616654
2012-04-28 16:00:00,298.241006182279
2012-04-28 17:00:00,239.00360746003636
2012-04-28 18:00:00,152.87547331795278
2012-04-28 19:00:00,119.84612442544275
2012-04-28 20:00:00,104.0353403782372
2012-04-28 21:00:00,65.71284967193846
2012-04-28 22:00:00,83.57602943436636
2012-04-28 23:00:00,63.28614181180957
2012-04-29 00:00:00,58.09077003634573
2012-04-29 01:00:00,56.808379598776995
2012-04-29 02:00:00,36.54075008920058
2012-04-29 03:00:00,13.161740095618255
2012-04-29 04:00:00,6.051083289927595
2012-04-29 05:00:00,6.2881788013907896
2012-04-29 06:00:00,11.816986207312983
2012-04-29 07:00:00,26.301307150237427
2012-04-29 08:00:00,65.0217055033336
2012-04-29 09:00:00,139.23668497003897
2012-04-29 10:00:00,233.19130062077252
2012-04-29 11:00:00,260.9505521274884
2012-04-29 12:00:00,388.1701508532568
2012-04-29 13:00:00,359.4960427451074
2012-04-29 14:00:00,387.6868523182061
2012-04-29 15:00:00,410.91449054708
2012-04-29 16:00:00,509.7468416384635
2012-04-29 17:00:00,521.2513196079356
2012-04-29 18:00:00,455.7226998470823
2012-04-29 19:00:00,305.9661369547049
2012-04-29 20:00:00,221.35469937508284
2012-04-29 21:00:00,151.39853944948487
2012-04-29 22:00:00,104.2409528781264
2012-04-29 23:00:00,72.12766049583082
2012-04-30 00:00:00,48.67327596508139
2012-04-30 01:00:00,12.778491078396426
2012-04-30 02:00:00,9.049036231011824
2012-04-30 03:00:00,3.3770749237053557
2012-04-30 04:00:00,2.2302186498121332
2012-04-30 05:00:00,12.543259566666359
2012-04-30 06:00:00,79.36413515778148
2012-04-30 07:00:00,209.9696401054938
2012-04-30 08:00:00,413.8596269162042
2012-04-30 09:00:00,213.9834380678138
2012-04-30 10:00:00,139.60429954875298
2012-04-30 11:00:00,150.5685497149343
2012-04-30 12:00:00,178.17283476217204
2012-04-30 13:00:00,157.8881735965413
2012-04-30 14:00:00,151.42810547815333
2012-04-30 15:00:00,160.0997854081564
2012-04-30 16:00:00,284.7782200058396
2012-04-30 17:00:00,543.3117603793628
2012-04-30 18:00:00,553.2217914270834
2012-04-30 19:00:00,352.6141217463991
2012-04-30 20:00:00,239.6213414418823
2012-04-30 21:00:00,176.33594260591497
2012-04-30 22:00:00,127.47493707060809
2012-04-30 23:00:00,68.97844722477956
2012-05-20 00:00:00,127.93601250045963
2012-05-20 01:00:00,93.69137092140379
2012-05-20 02:00:00,65.74448888592393
2012-05-20 03:00:00,32.00414703026225
2012-05-20 04:00:00,12.68823296085679
2012-05-20 05:00:00,13.57457068695833
2012-05-20 06:00:00,22.52931380955103
2012-05-20 07:00:00,61.570384879325296
2012-05-20 08:00:00,154.279882617839
2012-05-20 09:00:00,272.9990088542756
2012-05-20 10:00:00,405.8786816314306
2012-05-20 11:00:00,483.8364154509015
2012-05-20 12:00:00,573.0798300369792
2012-05-20 13:00:00,598.5394243468958
2012-05-20 14:00:00,551.9017515360104
2012-05-20 15:00:00,512.0216985322345
2012-05-20 16:00:00,557.671056592882
2012-05-20 17:00:00,506.815828318978
2012-05-20 18:00:00,427.20708237906086
2012-05-20 19:00:00,351.0428983585108
2012-05-20 20:00:00,274.40785505117367
2012-05-20 21:00:00,205.8679121987843
2012-05-20 22:00:00,143.4606954478678
2012-05-20 23:00:00,58.146022022648005
2012-05-21 00:00:00,19.038385691556982
2012-05-21 01:00:00,7.638217142698822
2012-05-21 02:00:00,5.051382018914558
2012-05-21 03:00:00,3.448591076515211
2012-05-21 04:00:00,3.242399554935625
2012-05-21 05:00:00,14.463813598053909
2012-05-21 06:00:00,55.29157947915942
2012-05-21 07:00:00,123.9421596764546
2012-05-21 08:00:00,202.710245071503
2012-05-21 09:00:00,133.5401901048966
2012-05-21 10:00:00,76.50228937692596
2012-05-21 11:00:00,151.6302261727223
2012-05-21 12:00:00,162.3444530741798
2012-05-21 13:00:00,107.49366137549943
2012-05-21 14:00:00,107.9201369687749
2012-05-21 15:00:00,214.5519143453806
2012-05-21 16:00:00,284.1458378645474
2012-05-21 17:00:00,560.4132768427625
2012-05-21 18:00:00,513.7235995181545
2012-05-21 19:00:00,365.57225995551624
2012-05-21 20:00:00,278.7618423863342
2012-05-21 21:00:00,206.28290484512357
2012-05-21 22:00:00,148.6527520623782
2012-05-21 23:00:00,78.56147292972449
2012-05-22 00:00:00,30.08005108392825
2012-05-22 01:00:00,12.227769087847568
2012-05-22 02:00:00,5.826295950434593
2012-05-22 03:00:00,4.388502846875561
2012-05-22 04:00:00,4.990110260159047
2012-05-22 05:00:00,17.898223930168
2012-05-22 06:00:00,78.45325564801924
2012-05-22 07:00:00,155.7788272982942
2012-05-22 08:00:00,518.3061907191728
2012-05-22 09:00:00,287.2248263235457
2012-05-22 10:00:00,156.1899997276315
2012-05-22 11:00:00,157.28962408499578
2012-05-22 12:00:00,184.26126550521843
2012-05-22 13:00:00,201.51873064537207
2012-05-22 14:00:00,194.0780839768781
2012-05-22 15:00:00,227.76645661290817
2012-05-22 16:00:00,349.6493978428047
2012-05-22 17:00:00,671.4677197721594
2012-05-22 18:00:00,666.4880120273612
2012-05-22 19:00:00,455.3710607254477
2012-05-22 20:00:00,349.1488390057579
2012-05-22 21:00:00,216.83708015328529
2012-05-22 22:00:00,177.52506232312575
2012-05-22 23:00:00,107.60350142262551
2012-05-23 00:00:00,40.08583725223307
2012-05-23 01:00:00,17.465695669824168
2012-05-23 02:00:00,7.500010582861692
2012-05-23 03:00:00,6.182056734996679
2012-05-23 04:00:00,4.140222533308712
2012-05-23 05:00:00,17.373490856733792
2012-05-23 06:00:00,142.897620666999
2012-05-23 07:00:00,411.45395707449165
2012-05-23 08:00:00,634.7699772634568
2012-05-23 09:00:00,304.38700792502556
2012-05-23 10:00:00,162.48803528909536
2012-05-23 11:00:00,199.12231773733978
2012-05-23 12:00:00,220.24349427068904
2012-05-23 13:00:00,225.1475744100623
2012-05-23 14:00:00,229.1893943862555
2012-05-23 15:00:00,231.4891522734185
2012-05-23 16:00:00,279.97838988021783
2012-05-23 17:00:00,437.89996217662554
2012-05-23 18:00:00,438.21807214564325
2012-05-23 19:00:00,345.93645645702384
2012-05-23 20:00:00,238.763351023703
2012-05-23 21:00:00,174.2212055963595
2012-05-23 22:00:00,147.16080607437257
2012-05-23 23:00:00,109.97434146032498
2012-05-24 00:00:00,48.36854042437919
2012-05-24 01:00:00,16.479634143407015
2012-05-24 02:00:00,8.55850623456415
2012-05-24 03:00:00,4.744157505802543
2012-05-24 04:00:00,5.092790813908741
2012-05-24 05:00:00,26.62993168188709
2012-05-24 06:00:00,132.56071496467317
2012-05-24 07:00:00,420.70321247139
2012-05-24 08:00:00,565.0555548965539
2012-05-24 09:00:00,305.61147093271273
2012-05-24 10:00:00,190.54787921301903
2012-05-24 11:00:00,217.1259282523146
2012-05-24 12:00:00,263.48038705454
2012-05-24 13:00:00,240.42405343443173
2012-05-24 14:00:00,200.1518599882922
2012-05-24 15:00:00,211.21939902845074
2012-05-24 16:00:00,325.1320105678412
2012-05-24 17:00:00,606.0794246921758
2012-05-24 18:00:00,636.1409240800718
2012-05-24 19:00:00,467.3232819645612
2012-05-24 20:00:00,302.2754041221583
2012-05-24 21:00:00,154.6046318515714
2012-05-24 22:00:00,173.09958894322187
2012-05-24 23:00:00,117.95943646657092
2012-05-25 00:00:00,62.40011277847607
2012-05-25 01:00:00,26.220283185728785
2012-05-25 02:00:00,11.566587541669197
2012-05-25 03:00:00,5.8419071811767935
2012-05-25 04:00:00,6.234810016891719
2012-05-25 05:00:00,26.771059842705167
2012-05-25 06:00:00,122.47563529243747
2012-05-25 07:00:00,345.8104729675031
2012-05-25 08:00:00,571.4103138615416
2012-05-25 09:00:00,315.5523188038218
2012-05-25 10:00:00,168.86112618737187
2012-05-25 11:00:00,208.42711972486896
2012-05-25 12:00:00,253.7216427876887
2012-05-25 13:00:00,252.08893251320976
2012-05-25 14:00:00,238.32251915441566
2012-05-25 15:00:00,242.23670538556019
2012-05-25 16:00:00,350.26203439200475
2012-05-25 17:00:00,591.008653540933
2012-05-25 18:00:00,537.5378998264245
2012-05-25 19:00:00,419.4053316586256
2012-05-25 20:00:00,327.9236433525701
2012-05-25 21:00:00,260.7709587852589
2012-05-25 22:00:00,232.5370169761981
2012-05-25 23:00:00,172.1103417058432
2012-05-26 00:00:00,135.22021937870923
2012-05-26 01:00:00,98.76786005206988
2012-05-26 02:00:00,65.90122274625968
2012-05-26 03:00:00,26.390108868649797
2012-05-26 04:00:00,9.605288021273608
2012-05-26 05:00:00,11.537804620543909
2012-05-26 06:00:00,25.851689446923316
2012-05-26 07:00:00,76.76498144018771
2012-05-26 08:00:00,174.87731842307144
2012-05-26 09:00:00,222.29415724447784
2012-05-26 10:00:00,281.9664301205333
2012-05-26 11:00:00,351.831493241054
2012-05-26 12:00:00,389.7996438703363
2012-05-26 13:00:00,400.17652969062385
2012-05-26 14:00:00,389.17784513913165
2012-05-26 15:00:00,440.2218188458418
2012-05-26 16:00:00,420.93384771059783
2012-05-26 17:00:00,395.7972990288556
2012-05-26 18:00:00,377.6114952745434
2012-05-26 19:00:00,307.792980015851
2012-05-26 20:00:00,269.6841939946592
2012-05-26 21:00:00,214.28521800189614
2012-05-26 22:00:00,203.69664201478818
2012-05-26 23:00:00,157.69934844027745
2012-05-27 00:00:00,123.68725157578847
2012-05-27 01:00:00,105.61379026372906
2012-05-27 02:00:00,69.61089708312144
2012-05-27 03:00:00,31.829286762437537
2012-05-27 04:00:00,8.042480883319833
2012-05-27 05:00:00,9.932111535778375
2012-05-27 06:00:00,20.04705612993932
2012-05-27 07:00:00,62.08597917335296
2012-05-27 08:00:00,129.82609116009172
2012-05-27 09:00:00,176.10324226341194
2012-05-27 10:00:00,277.0245916713274
2012-05-27 11:00:00,339.26002709677203
2012-05-27 12:00:00,377.1033703628207
2012-05-27 13:00:00,377.18335496783817
2012-05-27 14:00:00,366.2414750229365
2012-05-27 15:00:00,383.85384424540223
2012-05-27 16:00:00,406.44184824360696
2012-05-27 17:00:00,418.37442406673824
2012-05-27 18:00:00,378.2135345456738
2012-05-27 19:00:00,323.2927467686127
2012-05-27 20:00:00,278.3595557328381
2012-05-27 21:00:00,161.71644249995995
2012-05-27 22:00:00,87.56423243012597
2012-05-27 23:00:00,71.72867138014792
2012-05-28 00:00:00,76.41971576473023
2012-05-28 01:00:00,41.68201338793231
2012-05-28 02:00:00,33.32624471905854
2012-05-28 03:00:00,16.41192859493174
2012-05-28 04:00:00,12.261395063927225
2012-05-28 05:00:00,17.70136905651566
2012-05-28 06:00:00,34.81478220005349
2012-05-28 07:00:00,110.5545924152762
2012-05-28 08:00:00,157.0639791722528
2012-05-28 09:00:00,225.87943321059956
2012-05-28 10:00:00,276.7672048077474
2012-05-28 11:00:00,330.4714547710555
2012-05-28 12:00:00,394.02710440172905
2012-05-28 13:00:00,349.3243234229089
2012-05-28 14:00:00,347.6300135422602
2012-05-28 15:00:00,332.1424143600444
2012-05-28 16:00:00,370.3441287767104
2012-05-28 17:00:00,432.31160201881835
2012-05-28 18:00:00,436.85727644026474
2012-05-28 19:00:00,382.2984123220874
2012-05-28 20:00:00,317.33631577094974
2012-05-28 21:00:00,267.8465478831296
2012-05-28 22:00:00,185.9403282827208
2012-05-28 23:00:00,108.21226065379737
2012-05-29 00:00:00,33.07430047446667
2012-05-29 01:00:00,14.394452981253302
2012-05-29 02:00:00,7.0115936290963825
2012-05-29 03:00:00,4.529944975756017
2012-05-29 04:00:00,5.708593456494621
2012-05-29 05:00:00,28.84291904045615
2012-05-29 06:00:00,144.23665678842426
2012-05-29 07:00:00,361.3151150632273
2012-05-29 08:00:00,551.0149389299158
2012-05-29 09:00:00,248.78529212839754
2012-05-29 10:00:00,148.92181080202266
2012-05-29 11:00:00,171.27728324972387
2012-05-29 12:00:00,204.9284406965336
2012-05-29 13:00:00,189.78040983881124
2012-05-29 14:00:00,186.19158085971523
2012-05-29 15:00:00,184.17729552595108
2012-05-29 16:00:00,302.09698899706734
2012-05-29 17:00:00,573.2937557934363
2012-05-29 18:00:00,563.7187821045748
2012-05-29 19:00:00,419.7024994355692
2012-05-29 20:00:00,194.38587779512574
2012-05-29 21:00:00,83.0747491804843
2012-05-29 22:00:00,132.44816680410378
2012-05-29 23:00:00,58.239820836166274
2012-05-30 00:00:00,30.189119231340673
2012-05-30 01:00:00,11.833356155486296
2012-05-30 02:00:00,5.614851462613565
2012-05-30 03:00:00,3.7025462429618266
2012-05-30 04:00:00,5.175567964487329
2012-05-30 05:00:00,32.22684133250198
2012-05-30 06:00:00,167.98350987169445
2012-05-30 07:00:00,234.34559438478604
2012-05-30 08:00:00,599.6687131204324
2012-05-30 09:00:00,309.69417205699193
2012-05-30 10:00:00,172.7843964241972
2012-05-30 11:00:00,205.02598673970823
2012-05-30 12:00:00,274.5286597077019
2012-05-30 13:00:00,253.35260605899856
2012-05-30 14:00:00,251.87616406095086
2012-05-30 15:00:00,229.2638328054717
2012-05-30 16:00:00,362.62247157052974
2012-05-30 17:00:00,588.5422762569704
2012-05-30 18:00:00,627.0938808355576
2012-05-30 19:00:00,529.528957323855
2012-05-30 20:00:00,284.1464724954047
2012-05-30 21:00:00,306.725931417812
2012-05-30 22:00:00,212.57750312706006
2012-05-30 23:00:00,135.25031503470805
2012-05-31 00:00:00,46.30504158238279
2012-05-31 01:00:00,19.47744988480624
2012-05-31 02:00:00,8.957348986150675
2012-05-31 03:00:00,4.82998240717269
2012-05-31 04:00:00,5.653079399780901
2012-05-31 05:00:00,32.57749481500994
2012-05-31 06:00:00,148.60065011745561
2012-05-31 07:00:00,458.9132801582339
2012-05-31 08:00:00,573.0606329055121
2012-05-31 09:00:00,274.3396529473813
2012-05-31 10:00:00,176.03554266240263
2012-05-31 11:00:00,201.9286474412513
2012-05-31 12:00:00,280.26930044673946
2012-05-31 13:00:00,256.45855715824734
2012-05-31 14:00:00,220.13601504084718
2012-05-31 15:00:00,240.51420129717158
2012-05-31 16:00:00,369.74793384510133
2012-05-31 17:00:00,667.9878573273747
2012-05-31 18:00:00,683.4718674621766
2012-05-31 19:00:00,527.1982159462735
2012-05-31 20:00:00,381.52063777880636
2012-05-31 21:00:00,287.50730769333256
2012-05-31 22:00:00,237.29319552079446
2012-05-31 23:00:00,147.1233314711539
2012-06-20 00:00:00,34.47142945182108
2012-06-20 01:00:00,16.126461347008668
2012-06-20 02:00:00,7.200180186176215
2012-06-20 03:00:00,5.1672264637125105
2012-06-20 04:00:00,5.538094745515968
2012-06-20 05:00:00,29.519329388275153
2012-06-20 06:00:00,132.9733859364689
2012-06-20 07:00:00,325.56221080708355
2012-06-20 08:00:00,524.5440628684222
2012-06-20 09:00:00,267.18312711174895
2012-06-20 10:00:00,130.4526636426573
2012-06-20 11:00:00,139.41102244832447
2012-06-20 12:00:00,162.55368691691802
2012-06-20 13:00:00,157.71970772720292
2012-06-20 14:00:00,154.54503375184817
2012-06-20 15:00:00,144.90087545053208
2012-06-20 16:00:00,233.02725042656547
2012-06-20 17:00:00,433.83099584691655
2012-06-20 18:00:00,423.3403231613274
2012-06-20 19:00:00,388.8961580486863
2012-06-20 20:00:00,299.7541366069792
2012-06-20 21:00:00,223.87476817982923
2012-06-20 22:00:00,166.66942827856593
2012-06-20 23:00:00,115.78684170418207
2012-06-21 00:00:00,62.13419421441543
2012-06-21 01:00:00,22.3703064652354
2012-06-21 02:00:00,10.612715373598068
2012-06-21 03:00:00,6.928436114727928
2012-06-21 04:00:00,7.18122451156819
2012-06-21 05:00:00,32.58307119465309
2012-06-21 06:00:00,158.3429149122619
2012-06-21 07:00:00,422.88891010609285
2012-06-21 08:00:00,616.3777143093798
2012-06-21 09:00:00,263.69417719722566
2012-06-21 10:00:00,183.70884676649248
2012-06-21 11:00:00,194.88669655783298
2012-06-21 12:00:00,235.89205462550643
2012-06-21 13:00:00,226.98073526813894
2012-06-21 14:00:00,226.84814908890078
2012-06-21 15:00:00,228.04523005635107
2012-06-21 16:00:00,354.91048235250076
2012-06-21 17:00:00,680.5735825908749
2012-06-21 18:00:00,682.4768868491378
2012-06-21 19:00:00,500.618141258462
2012-06-21 20:00:00,392.96364191410964
2012-06-21 21:00:00,316.58377117157966
2012-06-21 22:00:00,241.67699311090945
2012-06-21 23:00:00,154.23744881115522
2012-06-22 00:00:00,81.62060145925896
2012-06-22 01:00:00,34.21356066311054
2012-06-22 02:00:00,14.82590235688031
2012-06-22 03:00:00,7.514608014213332
2012-06-22 04:00:00,8.230456932966574
2012-06-22 05:00:00,30.3788357029431
2012-06-22 06:00:00,129.7785753904179
2012-06-22 07:00:00,330.77484729632204
2012-06-22 08:00:00,502.1501879314844
2012-06-22 09:00:00,258.0131060061252
2012-06-22 10:00:00,191.65450155514498
2012-06-22 11:00:00,230.89658787138586
2012-06-22 12:00:00,287.09844682043877
2012-06-22 13:00:00,282.6856652864569
2012-06-22 14:00:00,267.09376086379865
2012-06-22 15:00:00,263.0726772357221
2012-06-22 16:00:00,385.30308576388364
2012-06-22 17:00:00,744.7310028340328
2012-06-22 18:00:00,690.0927873016954
2012-06-22 19:00:00,373.9522438531898
2012-06-22 20:00:00,274.02966012665695
2012-06-22 21:00:00,175.4137376266077
2012-06-22 22:00:00,180.13537356320103
2012-06-22 23:00:00,129.84040998108586
2012-06-23 00:00:00,124.59706787097137
2012-06-23 01:00:00,93.3735263762182
2012-06-23 02:00:00,55.735597115235805
2012-06-23 03:00:00,28.62971608486113
2012-06-23 04:00:00,7.237437323470492
2012-06-23 05:00:00,7.442949746351473
2012-06-23 06:00:00,21.562147127806774
2012-06-23 07:00:00,58.12624025305349
2012-06-23 08:00:00,142.0680377165546
2012-06-23 09:00:00,237.44342766095974
2012-06-23 10:00:00,342.0806363466776
2012-06-23 11:00:00,435.27735415910684
2012-06-23 12:00:00,475.94652096626595
2012-06-23 13:00:00,478.2574289426551
2012-06-23 14:00:00,501.3324104810279
2012-06-23 15:00:00,438.298918551317
2012-06-23 16:00:00,416.4454490208759
2012-06-23 17:00:00,421.71429042057713
2012-06-23 18:00:00,395.08415212733485
2012-06-23 19:00:00,338.94247498239775
2012-06-23 20:00:00,305.3229109161459
2012-06-23 21:00:00,273.3256549350947
2012-06-23 22:00:00,244.94589392699368
2012-06-23 23:00:00,195.83501201573299
2012-06-24 00:00:00,152.32672717371065
2012-06-24 01:00:00,107.73846486273705
2012-06-24 02:00:00,84.66993016813136
2012-06-24 03:00:00,34.82572866588845
2012-06-24 04:00:00,10.773580773748998
2012-06-24 05:00:00,10.765686979026677
2012-06-24 06:00:00,16.951027336116258
2012-06-24 07:00:00,53.63452293561831
2012-06-24 08:00:00,124.23397606800779
2012-06-24 09:00:00,245.23197352147153
2012-06-24 10:00:00,357.93815039373425
2012-06-24 11:00:00,430.21810054295776
2012-06-24 12:00:00,463.3294998436323
2012-06-24 13:00:00,455.4716257357228
2012-06-24 14:00:00,409.887733864048
2012-06-24 15:00:00,409.95237083071316
2012-06-24 16:00:00,427.79175061387974
2012-06-24 17:00:00,445.95791576172917
2012-06-24 18:00:00,432.1360132648539
2012-06-24 19:00:00,344.97638229215636
2012-06-24 20:00:00,278.22043284115944
2012-06-24 21:00:00,242.00197458045685
2012-06-24 22:00:00,198.2430069603014
2012-06-24 23:00:00,117.80623718188892
2012-06-25 00:00:00,38.97372534727208
2012-06-25 01:00:00,16.735717049645945
2012-06-25 02:00:00,9.803868775675706
2012-06-25 03:00:00,5.905654131392564
2012-06-25 04:00:00,6.466860569421844
2012-06-25 05:00:00,26.98769950296596
2012-06-25 06:00:00,119.0429245178051
2012-06-25 07:00:00,307.53466100487253
2012-06-25 08:00:00,443.15473638924163
2012-06-25 09:00:00,247.11871982744847
2012-06-25 10:00:00,155.6562127037404
2012-06-25 11:00:00,154.66998928848517
2012-06-25 12:00:00,242.1781971652104
2012-06-25 13:00:00,189.8244774573941
2012-06-25 14:00:00,216.78138826506103
2012-06-25 15:00:00,227.1911176067907
2012-06-25 16:00:00,332.9066554942978
2012-06-25 17:00:00,510.65663409471136
2012-06-25 18:00:00,457.7463382815725
2012-06-25 19:00:00,330.2894767461815
2012-06-25 20:00:00,265.1419891969651
2012-06-25 21:00:00,233.57533616609564
2012-06-25 22:00:00,150.21432656670095
2012-06-25 23:00:00,102.23242156808104
2012-06-26 00:00:00,32.207918108200225
2012-06-26 01:00:00,13.184625692044547
2012-06-26 02:00:00,7.435321511963652
2012-06-26 03:00:00,4.411761067854569
2012-06-26 04:00:00,5.354029905857009
2012-06-26 05:00:00,33.621126955006346
2012-06-26 06:00:00,145.48467885957103
2012-06-26 07:00:00,387.7486125001425
2012-06-26 08:00:00,521.595981903184
2012-06-26 09:00:00,289.1502996449244
2012-06-26 10:00:00,190.4961538724904
2012-06-26 11:00:00,219.39301763580312
2012-06-26 12:00:00,281.92848022190316
2012-06-26 13:00:00,248.52262091723773
2012-06-26 14:00:00,243.30725825403957
2012-06-26 15:00:00,231.99942899129422
2012-06-26 16:00:00,374.6705779965818
2012-06-26 17:00:00,664.1985714975863
2012-06-26 18:00:00,643.8039820248496
2012-06-26 19:00:00,539.3801145123297
2012-06-26 20:00:00,366.5322719036551
2012-06-26 21:00:00,291.85996237911775
2012-06-26 22:00:00,226.85733094227422
2012-06-26 23:00:00,128.57149560454684
2012-06-27 00:00:00,43.386580836387964
2012-06-27 01:00:00,17.77843161211991
2012-06-27 02:00:00,9.609983854949542
2012-06-27 03:00:00,6.056704330196165
2012-06-27 04:00:00,6.78199547099724
2012-06-27 05:00:00,34.375426827575524
2012-06-27 06:00:00,148.25306827689448
2012-06-27 07:00:00,397.68494154840636
2012-06-27 08:00:00,571.7541017126259
2012-06-27 09:00:00,305.3702778224266
2012-06-27 10:00:00,187.39422337190223
2012-06-27 11:00:00,157.9002797603141
2012-06-27 12:00:00,196.56300716344325
2012-06-27 13:00:00,188.13577510364624
2012-06-27 14:00:00,191.31249629939424
2012-06-27 15:00:00,200.95603582820823
2012-06-27 16:00:00,317.5427875143528
2012-06-27 17:00:00,578.1886090875109
2012-06-27 18:00:00,530.4693149227908
2012-06-27 19:00:00,397.8617256115139
2012-06-27 20:00:00,358.09661990108253
2012-06-27 21:00:00,283.1457758049412
2012-06-27 22:00:00,213.7839873393264
2012-06-27 23:00:00,136.20281410244272
2012-06-28 00:00:00,51.525835140186295
2012-06-28 01:00:00,22.3235332925442
2012-06-28 02:00:00,11.584947353792565
2012-06-28 03:00:00,6.5007598052018976
2012-06-28 04:00:00,7.171229338308847
2012-06-28 05:00:00,28.715453014242794
2012-06-28 06:00:00,130.32156011359555
2012-06-28 07:00:00,396.88577707883786
2012-06-28 08:00:00,542.324142947408
2012-06-28 09:00:00,278.3711384995849
2012-06-28 10:00:00,178.90562687048958
2012-06-28 11:00:00,186.80068558615213
2012-06-28 12:00:00,201.03122639639017
2012-06-28 13:00:00,215.5506209415286
2012-06-28 14:00:00,183.67524450447843
2012-06-28 15:00:00,191.70643036951316
2012-06-28 16:00:00,357.51076066182253
2012-06-28 17:00:00,629.2129242348649
2012-06-28 18:00:00,625.82418521458
2012-06-28 19:00:00,424.54020753977215
2012-06-28 20:00:00,394.0805788300883
2012-06-28 21:00:00,295.47852216988434
2012-06-28 22:00:00,234.2288345845714
2012-06-28 23:00:00,153.00432798925078
2012-06-29 00:00:00,85.45592337835208
2012-06-29 01:00:00,36.29003043325491
2012-06-29 02:00:00,16.664020620579578
2012-06-29 03:00:00,7.163597482927948
2012-06-29 04:00:00,7.507209845194277
2012-06-29 05:00:00,32.179241547569895
2012-06-29 06:00:00,130.9752123383903
2012-06-29 07:00:00,366.6108998848473
2012-06-29 08:00:00,598.3629681404927
2012-06-29 09:00:00,262.0331824018283
2012-06-29 10:00:00,181.26225806372108
2012-06-29 11:00:00,219.43463442676534
2012-06-29 12:00:00,290.66379637523767
2012-06-29 13:00:00,244.57527167823488
2012-06-29 14:00:00,233.83931177853881
2012-06-29 15:00:00,232.2274198717757
2012-06-29 16:00:00,332.2475583017011
2012-06-29 17:00:00,560.1273540896074
2012-06-29 18:00:00,502.48565099946296
2012-06-29 19:00:00,413.9291159614161
2012-06-29 20:00:00,301.69884220666523
2012-06-29 21:00:00,277.81554779954945
2012-06-29 22:00:00,192.27093290179008
2012-06-29 23:00:00,145.61090126474033
2012-06-30 00:00:00,94.03105718240653
2012-06-30 01:00:00,77.76965914131841
2012-06-30 02:00:00,58.22918848025621
2012-06-30 03:00:00,30.28685871425843
2012-06-30 04:00:00,6.791668584675261
2012-06-30 05:00:00,8.677342682582688
2012-06-30 06:00:00,20.706299301924528
2012-06-30 07:00:00,57.73175515083358
2012-06-30 08:00:00,131.8288375106104
2012-06-30 09:00:00,192.13246914203302
2012-06-30 10:00:00,337.2889995940032
2012-06-30 11:00:00,415.8541438484839
2012-06-30 12:00:00,454.0321896956295
2012-06-30 13:00:00,459.4621483967361
2012-06-30 14:00:00,455.699998579538
2012-06-30 15:00:00,458.1596691014779
2012-06-30 16:00:00,387.6822701783319
2012-06-30 17:00:00,408.8927315641997
2012-06-30 18:00:00,401.5544305087622
2012-06-30 19:00:00,366.29324547187724
2012-06-30 20:00:00,322.1423650445546
2012-06-30 21:00:00,281.88495327610093
2012-06-30 22:00:00,217.26601433273876
2012-06-30 23:00:00,177.00116850788953
2012-07-20 00:00:00,48.71449907727171
2012-07-20 01:00:00,28.891327715610267
2012-07-20 02:00:00,13.420015354616394
2012-07-20 03:00:00,7.507100537684966
2012-07-20 04:00:00,7.5281262051729705
2012-07-20 05:00:00,34.004925532683316
2012-07-20 06:00:00,133.07874996695895
2012-07-20 07:00:00,312.17703874863827
2012-07-20 08:00:00,545.118816086569
2012-07-20 09:00:00,312.68873840025236
2012-07-20 10:00:00,178.8931911693944
2012-07-20 11:00:00,193.78331536555038
2012-07-20 12:00:00,151.73377424866732
2012-07-20 13:00:00,131.32680824745188
2012-07-20 14:00:00,136.6574397200424
2012-07-20 15:00:00,160.71451204918804
2012-07-20 16:00:00,215.19173107502615
2012-07-20 17:00:00,298.1301804090374
2012-07-20 18:00:00,391.49406806298185
2012-07-20 19:00:00,238.65310869055276
2012-07-20 20:00:00,99.84780267257007
2012-07-20 21:00:00,89.7691923826086
2012-07-20 22:00:00,145.21182215261481
2012-07-20 23:00:00,98.3795347964722
2012-07-21 00:00:00,76.51933063481772
2012-07-21 01:00:00,76.90755685468386
2012-07-21 02:00:00,42.8658271704131
2012-07-21 03:00:00,21.10586861780211
2012-07-21 04:00:00,6.285516511859805
2012-07-21 05:00:00,7.987465009659724
2012-07-21 06:00:00,20.663773444149975
2012-07-21 07:00:00,58.408108976849704
2012-07-21 08:00:00,146.8309613838077
2012-07-21 09:00:00,203.59851265162098
2012-07-21 10:00:00,126.18372307809436
2012-07-21 11:00:00,255.05041297203618
2012-07-21 12:00:00,171.13148858643086
2012-07-21 13:00:00,175.38949377695644
2012-07-21 14:00:00,247.07859277948742
2012-07-21 15:00:00,147.6941655169319
2012-07-21 16:00:00,156.49865849578552
2012-07-21 17:00:00,178.70487258949888
2012-07-21 18:00:00,223.33022002219388
2012-07-21 19:00:00,209.44913469144373
2012-07-21 20:00:00,124.75875687950357
2012-07-21 21:00:00,149.648255830692
2012-07-21 22:00:00,128.6128277679024
2012-07-21 23:00:00,107.21570964385599
2012-07-22 00:00:00,109.31067280950907
2012-07-22 01:00:00,90.21633291351534
2012-07-22 02:00:00,66.19765480611828
2012-07-22 03:00:00,34.818253321544375
2012-07-22 04:00:00,9.406854194125229
2012-07-22 05:00:00,10.808395759251068
2012-07-22 06:00:00,12.379826856494311
2012-07-22 07:00:00,40.913638896845036
2012-07-22 08:00:00,110.89033223686071
2012-07-22 09:00:00,224.483443325103
2012-07-22 10:00:00,305.29805114580574
2012-07-22 11:00:00,328.5647550183433
2012-07-22 12:00:00,433.688495081723
2012-07-22 13:00:00,438.59582263721813
2012-07-22 14:00:00,371.0846719666184
2012-07-22 15:00:00,373.41363924293853
2012-07-22 16:00:00,395.46983134665004
2012-07-22 17:00:00,403.974885440409
2012-07-22 18:00:00,365.7627020250685
2012-07-22 19:00:00,297.49181608913597
2012-07-22 20:00:00,221.35448624438436
2012-07-22 21:00:00,162.00885982510275
2012-07-22 22:00:00,147.90097653964028
2012-07-22 23:00:00,91.48803874787885
2012-07-23 00:00:00,26.49501632915831
2012-07-23 01:00:00,12.188576157004459
2012-07-23 02:00:00,5.936029182058234
2012-07-23 03:00:00,4.084545967044771
2012-07-23 04:00:00,4.930890697788865
2012-07-23 05:00:00,20.89630914994864
2012-07-23 06:00:00,111.47645373369123
2012-07-23 07:00:00,310.2647014536435
2012-07-23 08:00:00,517.3894258868105
2012-07-23 09:00:00,310.4058738613807
2012-07-23 10:00:00,180.57610386955457
2012-07-23 11:00:00,204.0769303790625
2012-07-23 12:00:00,266.1345033705289
2012-07-23 13:00:00,255.8456695140261
2012-07-23 14:00:00,234.79669460335538
2012-07-23 15:00:00,216.99512928678288
2012-07-23 16:00:00,360.33357097455905
2012-07-23 17:00:00,675.0156734051186
2012-07-23 18:00:00,651.9482187781157
2012-07-23 19:00:00,474.0461823212032
2012-07-23 20:00:00,389.1281298955863
2012-07-23 21:00:00,272.46141162451187
2012-07-23 22:00:00,186.3448593477359
2012-07-23 23:00:00,97.86249388109805
2012-07-24 00:00:00,39.957474756389246
2012-07-24 01:00:00,16.78642994775876
2012-07-24 02:00:00,7.571740963950879
2012-07-24 03:00:00,5.08092210967309
2012-07-24 04:00:00,6.271839646057272
2012-07-24 05:00:00,29.63184905102475
2012-07-24 06:00:00,137.24975504764535
2012-07-24 07:00:00,346.32169792980307
2012-07-24 08:00:00,515.5212921872934
2012-07-24 09:00:00,238.93661256987556
2012-07-24 10:00:00,138.94738315257715
2012-07-24 11:00:00,157.0591399275155
2012-07-24 12:00:00,207.95112059931807
2012-07-24 13:00:00,190.44543314010895
2012-07-24 14:00:00,194.11314904906487
2012-07-24 15:00:00,192.68660163819547
2012-07-24 16:00:00,338.7711874554276
2012-07-24 17:00:00,599.6790352438147
2012-07-24 18:00:00,649.9063058987672
2012-07-24 19:00:00,517.9049505298029
2012-07-24 20:00:00,350.12453946538074
2012-07-24 21:00:00,265.5723689559257
2012-07-24 22:00:00,194.05777437001893
2012-07-24 23:00:00,104.16569984773342
2012-07-25 00:00:00,41.427489223145734
2012-07-25 01:00:00,17.13438310783167
2012-07-25 02:00:00,8.18721037376471
2012-07-25 03:00:00,5.535884612503948
2012-07-25 04:00:00,6.058920096757644
2012-07-25 05:00:00,32.999030438928266
2012-07-25 06:00:00,143.5562024681002
2012-07-25 07:00:00,373.8047434070514
2012-07-25 08:00:00,539.4716966155735
2012-07-25 09:00:00,256.27217585855493
2012-07-25 10:00:00,160.66269160767965
2012-07-25 11:00:00,173.93433369067466
2012-07-25 12:00:00,230.70188910804058
2012-07-25 13:00:00,229.625210448027
2012-07-25 14:00:00,201.40412556621888
2012-07-25 15:00:00,218.97599120898994
2012-07-25 16:00:00,346.3553283486508
2012-07-25 17:00:00,643.3767452083645
2012-07-25 18:00:00,599.9862306646838
2012-07-25 19:00:00,494.17021717903214
2012-07-25 20:00:00,407.9401639353101
2012-07-25 21:00:00,309.08933309217247
2012-07-25 22:00:00,235.30776417757747
2012-07-25 23:00:00,125.0201194644689
2012-07-26 00:00:00,49.46222770226595
2012-07-26 01:00:00,20.22125934086337
2012-07-26 02:00:00,10.24884733062329
2012-07-26 03:00:00,5.896393275392413
2012-07-26 04:00:00,6.300879910943774
2012-07-26 05:00:00,31.542661191646587
2012-07-26 06:00:00,149.4390792283339
2012-07-26 07:00:00,417.6936725779561
2012-07-26 08:00:00,517.8848216638496
2012-07-26 09:00:00,281.6458791438309
2012-07-26 10:00:00,162.2597293676442
2012-07-26 11:00:00,189.53592652644357
2012-07-26 12:00:00,209.80768492883007
2012-07-26 13:00:00,198.36154529260392
2012-07-26 14:00:00,193.57840808074897
2012-07-26 15:00:00,188.10831603465545
2012-07-26 16:00:00,294.54768324005073
2012-07-26 17:00:00,580.0672451392618
2012-07-26 18:00:00,566.3758472297009
2012-07-26 19:00:00,410.7777637141296
2012-07-26 20:00:00,386.3533419714663
2012-07-26 21:00:00,251.65951158183753
2012-07-26 22:00:00,184.5588268308471
2012-07-26 23:00:00,136.74765124081864
2012-07-27 00:00:00,79.9862967251338
2012-07-27 01:00:00,35.7607894571951
2012-07-27 02:00:00,15.012218244389896
2012-07-27 03:00:00,8.000992726258158
2012-07-27 04:00:00,7.917246123687196
2012-07-27 05:00:00,28.77054206770677
2012-07-27 06:00:00,127.7139675587048
2012-07-27 07:00:00,355.21843447719226
2012-07-27 08:00:00,567.3395722717459
2012-07-27 09:00:00,264.85754515633704
2012-07-27 10:00:00,203.2062300415296
2012-07-27 11:00:00,215.8678880289404
2012-07-27 12:00:00,286.54861917327844
2012-07-27 13:00:00,269.1318850849176
2012-07-27 14:00:00,248.8298875310255
2012-07-27 15:00:00,274.3291582232606
2012-07-27 16:00:00,399.3661177364808
2012-07-27 17:00:00,608.2446792278299
2012-07-27 18:00:00,627.9948336032448
2012-07-27 19:00:00,463.69546457771156
2012-07-27 20:00:00,335.768099426257
2012-07-27 21:00:00,273.73309931957505
2012-07-27 22:00:00,234.73064365927686
2012-07-27 23:00:00,175.35359144567693
2012-07-28 00:00:00,145.69775881900694
2012-07-28 01:00:00,100.43115677157822
2012-07-28 02:00:00,72.09580889103368
2012-07-28 03:00:00,31.445203065975097
2012-07-28 04:00:00,10.122731557772756
2012-07-28 05:00:00,12.319157861805438
2012-07-28 06:00:00,29.954088759665808
2012-07-28 07:00:00,69.34096524535546
2012-07-28 08:00:00,143.77904384553682
2012-07-28 09:00:00,244.8482620674736
2012-07-28 10:00:00,351.1946877406975
2012-07-28 11:00:00,425.52928359513675
2012-07-28 12:00:00,469.907426348152
2012-07-28 13:00:00,481.9591044856377
2012-07-28 14:00:00,481.9732281566704
2012-07-28 15:00:00,468.0764042008728
2012-07-28 16:00:00,450.18789250308066
2012-07-28 17:00:00,427.68742864765585
2012-07-28 18:00:00,419.038340009154
2012-07-28 19:00:00,293.0544569224075
2012-07-28 20:00:00,235.87500080273125
2012-07-28 21:00:00,215.59621319789318
2012-07-28 22:00:00,196.17085360595195
2012-07-28 23:00:00,172.41304556615734
2012-07-29 00:00:00,135.47027640453433
2012-07-29 01:00:00,104.10212994280667
2012-07-29 02:00:00,79.42652244517996
2012-07-29 03:00:00,34.20262818000139
2012-07-29 04:00:00,8.6749196278050409
2012-07-29 05:00:00,9.595265009537439
2012-07-29 06:00:00,18.424551999404542
2012-07-29 07:00:00,58.435238062237936
2012-07-29 08:00:00,115.0581873253833
2012-07-29 09:00:00,204.18065787301705
2012-07-29 10:00:00,322.67018668980245
2012-07-29 11:00:00,354.6679356855022
2012-07-29 12:00:00,394.9913076674726
2012-07-29 13:00:00,429.597178659233
2012-07-29 14:00:00,417.9959172865888
2012-07-29 15:00:00,424.78037260702854
2012-07-29 16:00:00,436.05898806944134
2012-07-29 17:00:00,444.1856844608309
2012-07-29 18:00:00,402.32175782157947
2012-07-29 19:00:00,350.45713515787384
2012-07-29 20:00:00,267.55363504828324
2012-07-29 21:00:00,198.57431193995652
2012-07-29 22:00:00,152.64066008576282
2012-07-29 23:00:00,106.45931267004093
2012-07-30 00:00:00,41.79374191162351
2012-07-30 01:00:00,17.872279352988873
2012-07-30 02:00:00,9.006041152301162
2012-07-30 03:00:00,4.8713041049350725
2012-07-30 04:00:00,5.497611290161401
2012-07-30 05:00:00,27.56546312678831
2012-07-30 06:00:00,112.290294751818
2012-07-30 07:00:00,312.450145369285
2012-07-30 08:00:00,567.715924946262
2012-07-30 09:00:00,314.7314901608963
2012-07-30 10:00:00,174.9006331738681
2012-07-30 11:00:00,207.83154676871328
2012-07-30 12:00:00,254.57748814220554
2012-07-30 13:00:00,237.90530696617387
2012-07-30 14:00:00,214.20672639101494
2012-07-30 15:00:00,219.49849841020648
2012-07-30 16:00:00,332.8249116789595
2012-07-30 17:00:00,574.7413383871921
2012-07-30 18:00:00,568.8607601548946
2012-07-30 19:00:00,503.3545156296469
2012-07-30 20:00:00,346.5017413784802
2012-07-30 21:00:00,251.36271653221488
2012-07-30 22:00:00,151.59964984031183
2012-07-30 23:00:00,90.9225300900365
2012-07-31 00:00:00,34.21866897275266
2012-07-31 01:00:00,15.012862941078025
2012-07-31 02:00:00,7.385071525032791
2012-07-31 03:00:00,5.198981375581261
2012-07-31 04:00:00,6.271839646057272
2012-07-31 05:00:00,29.21619174265094
2012-07-31 06:00:00,144.61435221423278
2012-07-31 07:00:00,333.26108034466534
2012-07-31 08:00:00,510.7054004510682
2012-07-31 09:00:00,265.0162752791313
2012-07-31 10:00:00,142.5999228559515
2012-07-31 11:00:00,184.20358766849836
2012-07-31 12:00:00,239.76760044823402
2012-07-31 13:00:00,207.98941730971504
2012-07-31 14:00:00,193.5381289955864
2012-07-31 15:00:00,229.7233309331696
2012-07-31 16:00:00,348.8882319759373
2012-07-31 17:00:00,671.8736431500603
2012-07-31 18:00:00,618.7077927791521
2012-07-31 19:00:00,404.8696140949584
2012-07-31 20:00:00,254.52255530491863
2012-07-31 21:00:00,209.26625708268915
2012-07-31 22:00:00,187.49696204255395
2012-07-31 23:00:00,100.57946526955617
2012-08-20 00:00:00,25.545180861148378
2012-08-20 01:00:00,12.49237105158826
2012-08-20 02:00:00,7.494363172835797
2012-08-20 03:00:00,4.618150223075982
2012-08-20 04:00:00,4.954313436790357
2012-08-20 05:00:00,20.58347260896003
2012-08-20 06:00:00,126.86107054992834
2012-08-20 07:00:00,331.64389212652264
2012-08-20 08:00:00,501.7264263387918
2012-08-20 09:00:00,259.069261326559
2012-08-20 10:00:00,155.29678014568253
2012-08-20 11:00:00,175.60633789903838
2012-08-20 12:00:00,219.67576461838158
2012-08-20 13:00:00,218.09694851684625
2012-08-20 14:00:00,197.0753582953658
2012-08-20 15:00:00,206.2386075610944
2012-08-20 16:00:00,332.2768580907405
2012-08-20 17:00:00,568.3192358826226
2012-08-20 18:00:00,476.6580517268507
2012-08-20 19:00:00,356.13010994792154
2012-08-20 20:00:00,200.4558587406203
2012-08-20 21:00:00,144.81784079073068
2012-08-20 22:00:00,101.2713779531149
2012-08-20 23:00:00,56.70685279693429
2012-08-21 00:00:00,23.466125107520206
2012-08-21 01:00:00,11.245079638831928
2012-08-21 02:00:00,5.879778138037174
2012-08-21 03:00:00,4.38576298459997
2012-08-21 04:00:00,5.589569149853622
2012-08-21 05:00:00,28.339105298489194
2012-08-21 06:00:00,131.53166775268448
2012-08-21 07:00:00,351.70339849670734
2012-08-21 08:00:00,521.2870286642717
2012-08-21 09:00:00,241.27085949370192
2012-08-21 10:00:00,164.17938067535067
2012-08-21 11:00:00,184.34185408053744
2012-08-21 12:00:00,254.00680629407313
2012-08-21 13:00:00,251.32574519815486
2012-08-21 14:00:00,230.10566786253227
2012-08-21 15:00:00,232.64666868884365
2012-08-21 16:00:00,372.726095304102
2012-08-21 17:00:00,623.2039915980989
2012-08-21 18:00:00,666.3409195148892
2012-08-21 19:00:00,301.26644762924144
2012-08-21 20:00:00,268.64284077023785
2012-08-21 21:00:00,210.10431471815804
2012-08-21 22:00:00,148.57115600616564
2012-08-21 23:00:00,90.71561959896582
2012-08-22 00:00:00,36.53249067715693
2012-08-22 01:00:00,13.674999517442231
2012-08-22 02:00:00,6.592328526030146
2012-08-22 03:00:00,5.174211073364123
2012-08-22 04:00:00,6.996503949179032
2012-08-22 05:00:00,31.649349794024438
2012-08-22 06:00:00,144.05559832409998
2012-08-22 07:00:00,324.5395379906783
2012-08-22 08:00:00,563.04799997602
2012-08-22 09:00:00,288.6823868261994
2012-08-22 10:00:00,166.17872868656787
2012-08-22 11:00:00,176.66479811688643
2012-08-22 12:00:00,214.2751631783321
2012-08-22 13:00:00,223.0367023343355
2012-08-22 14:00:00,218.4671757313175
2012-08-22 15:00:00,229.2053179767672
2012-08-22 16:00:00,279.3794412528912
2012-08-22 17:00:00,524.4826247737738
2012-08-22 18:00:00,495.31997943706614
2012-08-22 19:00:00,388.789595612322
2012-08-22 20:00:00,356.9718916479725
2012-08-22 21:00:00,250.82744787239997
2012-08-22 22:00:00,202.07315969481806
2012-08-22 23:00:00,96.09557889269128
2012-08-23 00:00:00,42.94246901222985
2012-08-23 01:00:00,15.439169095162175
2012-08-23 02:00:00,8.023522195972127
2012-08-23 03:00:00,5.983863199181109
2012-08-23 04:00:00,5.65858071156733
2012-08-23 05:00:00,27.481569184695406
2012-08-23 06:00:00,118.694680501908
2012-08-23 07:00:00,324.01887589041615
2012-08-23 08:00:00,558.8417310617771
2012-08-23 09:00:00,317.0227284981657
2012-08-23 10:00:00,171.17873317249007
2012-08-23 11:00:00,209.04271358821813
2012-08-23 12:00:00,264.36512450286546
2012-08-23 13:00:00,254.0271132260503
2012-08-23 14:00:00,221.9398849012279
2012-08-23 15:00:00,243.0185055709957
2012-08-23 16:00:00,388.09382663562354
2012-08-23 17:00:00,721.8290023892679
2012-08-23 18:00:00,711.3774828335233
2012-08-23 19:00:00,514.8745063755892
2012-08-23 20:00:00,373.5727833799155
2012-08-23 21:00:00,279.27281364835756
2012-08-23 22:00:00,189.65769625718465
2012-08-23 23:00:00,119.97151921428356
2012-08-24 00:00:00,71.87018874267036
2012-08-24 01:00:00,31.06503305807364
2012-08-24 02:00:00,15.815011483217235
2012-08-24 03:00:00,7.444390544062621
2012-08-24 04:00:00,7.566314648214897
2012-08-24 05:00:00,24.97453437626406
2012-08-24 06:00:00,97.8288919453272
2012-08-24 07:00:00,288.02883914771746
2012-08-24 08:00:00,550.8953165763501
2012-08-24 09:00:00,313.11107837456336
2012-08-24 10:00:00,232.07214810211116
2012-08-24 11:00:00,259.9426908477273
2012-08-24 12:00:00,321.0138327587202
2012-08-24 13:00:00,331.59386968973376
2012-08-24 14:00:00,258.4637930094553
2012-08-24 15:00:00,310.0681096291626
2012-08-24 16:00:00,441.89622811012174
2012-08-24 17:00:00,708.4951190819386
2012-08-24 18:00:00,595.9532505894535
2012-08-24 19:00:00,455.55300159159054
2012-08-24 20:00:00,318.951390157861
2012-08-24 21:00:00,244.86002839521814
2012-08-24 22:00:00,214.02992736495824
2012-08-24 23:00:00,131.42785863167853
2012-08-25 00:00:00,131.47643267978205
2012-08-25 01:00:00,94.87144020464474
2012-08-25 02:00:00,70.96383207030712
2012-08-25 03:00:00,30.852025934692577
2012-08-25 04:00:00,10.64686884908414
2012-08-25 05:00:00,9.446607234210642
2012-08-25 06:00:00,25.198001389782565
2012-08-25 07:00:00,55.37006660540676
2012-08-25 08:00:00,133.21145411461487
2012-08-25 09:00:00,231.3000101820803
2012-08-25 10:00:00,347.84714064857747
2012-08-25 11:00:00,393.7686762178304
2012-08-25 12:00:00,369.504627481355
2012-08-25 13:00:00,488.32245349735155
2012-08-25 14:00:00,332.55852701613674
2012-08-25 15:00:00,341.55494019207174
2012-08-25 16:00:00,350.74917543760955
2012-08-25 17:00:00,336.3448915061951
2012-08-25 18:00:00,354.9637300081761
2012-08-25 19:00:00,247.68120579418567
2012-08-25 20:00:00,128.18416107832692
2012-08-25 21:00:00,148.70555710321125
2012-08-25 22:00:00,138.9473318600638
2012-08-25 23:00:00,112.13022220395544
2012-08-26 00:00:00,114.95086895946703
2012-08-26 01:00:00,96.48628011712839
2012-08-26 02:00:00,64.72657895386277
2012-08-26 03:00:00,31.88590632583665
2012-08-26 04:00:00,6.683561572148721
2012-08-26 05:00:00,7.429190082160029
2012-08-26 06:00:00,12.419908466750478
2012-08-26 07:00:00,40.211933149433165
2012-08-26 08:00:00,94.36725301648323
2012-08-26 09:00:00,170.01872052432284
2012-08-26 10:00:00,304.86867816034044
2012-08-26 11:00:00,354.19680427886885
2012-08-26 12:00:00,290.16037522990695
2012-08-26 13:00:00,264.85289862811084
2012-08-26 14:00:00,230.04032984180262
2012-08-26 15:00:00,130.6534733615361
2012-08-26 16:00:00,145.36432042171182
2012-08-26 17:00:00,204.50210852534877
2012-08-26 18:00:00,194.74171610866694
2012-08-26 19:00:00,184.38922168986966
2012-08-26 20:00:00,165.9590115822143
2012-08-26 21:00:00,143.34958708094368
2012-08-26 22:00:00,110.69958259610362
2012-08-26 23:00:00,79.90305571102897
2012-08-27 00:00:00,25.81291697683659
2012-08-27 01:00:00,10.285588000051117
2012-08-27 02:00:00,6.550044799442664
2012-08-27 03:00:00,4.271303948548807
2012-08-27 04:00:00,4.736385881127498
2012-08-27 05:00:00,21.097123512349665
2012-08-27 06:00:00,89.64403193470407
2012-08-27 07:00:00,270.49718034618957
2012-08-27 08:00:00,436.30318600450875
2012-08-27 09:00:00,245.4199176745175
2012-08-27 10:00:00,162.79301027436165
2012-08-27 11:00:00,184.3253362494132
2012-08-27 12:00:00,222.5466765731458
2012-08-27 13:00:00,225.9866691976813
2012-08-27 14:00:00,215.35802838445716
2012-08-27 15:00:00,190.37378846970046
2012-08-27 16:00:00,338.0703138570131
2012-08-27 17:00:00,670.9656856425127
2012-08-27 18:00:00,638.0360926049234
2012-08-27 19:00:00,495.75767360688417
2012-08-27 20:00:00,370.90376154902617
2012-08-27 21:00:00,245.84144133836364
2012-08-27 22:00:00,134.73321542364147
2012-08-27 23:00:00,80.31451444261259
2012-08-28 00:00:00,41.67775203930677
2012-08-28 01:00:00,18.434947969118436
2012-08-28 02:00:00,9.370871864595776
2012-08-28 03:00:00,5.480531676449405
2012-08-28 04:00:00,6.083256417071111
2012-08-28 05:00:00,32.19597803591598
2012-08-28 06:00:00,168.56115939389596
2012-08-28 07:00:00,373.1889075775846
2012-08-28 08:00:00,598.0827382417532
2012-08-28 09:00:00,287.5806203200635
2012-08-28 10:00:00,149.55166653988707
2012-08-28 11:00:00,164.0792172480812
2012-08-28 12:00:00,204.96850080156398
2012-08-28 13:00:00,189.75448442207218
2012-08-28 14:00:00,184.03496100703381
2012-08-28 15:00:00,208.00728373185473
2012-08-28 16:00:00,340.6551997700833
2012-08-28 17:00:00,650.75000405588
2012-08-28 18:00:00,703.6715142886422
2012-08-28 19:00:00,484.42396005690875
2012-08-28 20:00:00,342.41954995932906
2012-08-28 21:00:00,258.7573015963673
2012-08-28 22:00:00,200.8285614494879
2012-08-28 23:00:00,114.94205307715167
2012-08-29 00:00:00,42.24624528451036
2012-08-29 01:00:00,16.462374466971454
2012-08-29 02:00:00,7.1664534397768564
2012-08-29 03:00:00,5.652740787683966
2012-08-29 04:00:00,5.6284331487155725
2012-08-29 05:00:00,33.57259105172245
2012-08-29 06:00:00,153.67829087442252
2012-08-29 07:00:00,368.2917943517232
2012-08-29 08:00:00,566.5833046946192
2012-08-29 09:00:00,279.6860172875643
2012-08-29 10:00:00,180.58724016486448
2012-08-29 11:00:00,217.6095178269671
2012-08-29 12:00:00,240.24526249300257
2012-08-29 13:00:00,225.56760340418705
2012-08-29 14:00:00,221.9608797587319
2012-08-29 15:00:00,245.5011170018299
2012-08-29 16:00:00,385.4682554840622
2012-08-29 17:00:00,744.7003893101926
2012-08-29 18:00:00,729.2967629451464
2012-08-29 19:00:00,524.4778699381454
2012-08-29 20:00:00,372.14712110212696
2012-08-29 21:00:00,312.42167023746475
2012-08-29 22:00:00,234.29425821328542
2012-08-29 23:00:00,132.68192652902226
2012-08-30 00:00:00,48.962833944473374
2012-08-30 01:00:00,21.186923204036923
2012-08-30 02:00:00,8.789511464139558
2012-08-30 03:00:00,5.698472312133612
2012-08-30 04:00:00,6.0392580808408916
2012-08-30 05:00:00,30.300107882365225
2012-08-30 06:00:00,147.9626617439488
2012-08-30 07:00:00,382.1589920184872
2012-08-30 08:00:00,572.905579138031
2012-08-30 09:00:00,283.57697682218014
2012-08-30 10:00:00,183.85132968093814
2012-08-30 11:00:00,211.220351070417
2012-08-30 12:00:00,258.24593202264276
2012-08-30 13:00:00,251.1380706154208
2012-08-30 14:00:00,234.9546562133703
2012-08-30 15:00:00,246.27312256354676
2012-08-30 16:00:00,382.6841783772005
2012-08-30 17:00:00,736.766418683928
2012-08-30 18:00:00,737.8707450324763
2012-08-30 19:00:00,552.8801968032262
2012-08-30 20:00:00,383.2021606288149
2012-08-30 21:00:00,272.7535784905974
2012-08-30 22:00:00,202.85201529682473
2012-08-30 23:00:00,138.80333649100794
2012-08-31 00:00:00,64.84721082815513
2012-08-31 01:00:00,28.397198461304193
2012-08-31 02:00:00,14.760912109518788
2012-08-31 03:00:00,8.099561563801117
2012-08-31 04:00:00,7.178672313094552
2012-08-31 05:00:00,30.830856334491614
2012-08-31 06:00:00,114.61526272324244
2012-08-31 07:00:00,296.06403156199946
2012-08-31 08:00:00,609.3278542479896
2012-08-31 09:00:00,290.07301506389143
2012-08-31 10:00:00,192.49016592913875
2012-08-31 11:00:00,198.39906248124504
2012-08-31 12:00:00,262.6302497411636
2012-08-31 13:00:00,245.91675464832267
2012-08-31 14:00:00,270.1265084465536
2012-08-31 15:00:00,242.21173750870724
2012-08-31 16:00:00,366.3007485692656
2012-08-31 17:00:00,667.1041112266527
2012-08-31 18:00:00,632.5223462022283
2012-08-31 19:00:00,458.60870430408266
2012-08-31 20:00:00,343.0933328372788
2012-08-31 21:00:00,274.431983925354
2012-08-31 22:00:00,234.70947200209693
2012-08-31 23:00:00,177.73605755725256
2012-09-20 00:00:00,48.97091165004046
2012-09-20 01:00:00,24.24233309648284
2012-09-20 02:00:00,12.934352272547672
2012-09-20 03:00:00,7.466510345934358
2012-09-20 04:00:00,7.398620269831998
2012-09-20 05:00:00,36.725406078516784
2012-09-20 06:00:00,158.29230557809163
2012-09-20 07:00:00,463.09054077921627
2012-09-20 08:00:00,622.8666888392344
2012-09-20 09:00:00,324.71054900395706
2012-09-20 10:00:00,183.10163688323976
2012-09-20 11:00:00,221.39216708997114
2012-09-20 12:00:00,272.7662259070213
2012-09-20 13:00:00,269.2428744215807
2012-09-20 14:00:00,247.1654502840853
2012-09-20 15:00:00,259.81860162008206
2012-09-20 16:00:00,395.16368311661085
2012-09-20 17:00:00,712.3557657019556
2012-09-20 18:00:00,627.873331865247
2012-09-20 19:00:00,470.3704903982644
2012-09-20 20:00:00,361.8642733300026
2012-09-20 21:00:00,276.21650467361684
2012-09-20 22:00:00,196.09285461357615
2012-09-20 23:00:00,132.26882105742555
2012-09-21 00:00:00,73.25122251360668
2012-09-21 01:00:00,39.58528469371287
2012-09-21 02:00:00,20.318097859197646
2012-09-21 03:00:00,10.541641810534703
2012-09-21 04:00:00,9.746354996710993
2012-09-21 05:00:00,38.37103977955658
2012-09-21 06:00:00,161.30699868079412
2012-09-21 07:00:00,459.8267029765508
2012-09-21 08:00:00,565.7272864895052
2012-09-21 09:00:00,306.7416980712459
2012-09-21 10:00:00,188.5075479066666
2012-09-21 11:00:00,215.74592561935714
2012-09-21 12:00:00,268.18766546669195
2012-09-21 13:00:00,281.2616751893284
2012-09-21 14:00:00,236.1373258798463
2012-09-21 15:00:00,264.8191930719323
2012-09-21 16:00:00,385.17474986604464
2012-09-21 17:00:00,557.6596465231579
2012-09-21 18:00:00,568.3441544624454
2012-09-21 19:00:00,428.1532688396622
2012-09-21 20:00:00,280.814176006418
2012-09-21 21:00:00,220.5118102462097
2012-09-21 22:00:00,193.65946631282515
2012-09-21 23:00:00,138.30644770065723
2012-09-22 00:00:00,119.4577015940629
2012-09-22 01:00:00,85.17516512000746
2012-09-22 02:00:00,67.66535395571944
2012-09-22 03:00:00,30.51615536876723
2012-09-22 04:00:00,10.256542263946995
2012-09-22 05:00:00,12.082660809643867
2012-09-22 06:00:00,26.247501975403562
2012-09-22 07:00:00,71.40103415473862
2012-09-22 08:00:00,144.68542554783355
2012-09-22 09:00:00,241.166069841889
2012-09-22 10:00:00,365.96481605796856
2012-09-22 11:00:00,415.6236954647467
2012-09-22 12:00:00,482.38493688275815
2012-09-22 13:00:00,478.5516479988629
2012-09-22 14:00:00,471.2546066221309
2012-09-22 15:00:00,498.4748035366485
2012-09-22 16:00:00,444.3886243537514
2012-09-22 17:00:00,439.2031701887782
2012-09-22 18:00:00,415.23112507733936
2012-09-22 19:00:00,331.7394341192658
2012-09-22 20:00:00,309.04267953170313
2012-09-22 21:00:00,267.98612782847
2012-09-22 22:00:00,226.8006510760277
2012-09-22 23:00:00,192.5212340073255
2012-09-23 00:00:00,131.47234612895053
2012-09-23 01:00:00,66.58527200012001
2012-09-23 02:00:00,63.27731484932342
2012-09-23 03:00:00,22.310246750343126
2012-09-23 04:00:00,8.95268293833248
2012-09-23 05:00:00,9.6268037007772
2012-09-23 06:00:00,18.593531584667804
2012-09-23 07:00:00,68.60015166831536
2012-09-23 08:00:00,133.2150122662305
2012-09-23 09:00:00,205.11917709713248
2012-09-23 10:00:00,314.58481961752085
2012-09-23 11:00:00,377.7084168765286
2012-09-23 12:00:00,463.10469976243206
2012-09-23 13:00:00,526.9326795556955
2012-09-23 14:00:00,526.9935429746864
2012-09-23 15:00:00,500.73587266251644
2012-09-23 16:00:00,474.71226956495366
2012-09-23 17:00:00,425.48258625840964
2012-09-23 18:00:00,401.1510767082364
2012-09-23 19:00:00,304.68809884511273
2012-09-23 20:00:00,210.54031205707216
2012-09-23 21:00:00,153.0593940240969
2012-09-23 22:00:00,131.14613906624078
2012-09-23 23:00:00,88.92882314121341
2012-09-24 00:00:00,41.650541599880086
2012-09-24 01:00:00,17.34125499986878
2012-09-24 02:00:00,8.88734873017371
2012-09-24 03:00:00,5.139774484825374
2012-09-24 04:00:00,6.15462636621213
2012-09-24 05:00:00,30.86704998507028
2012-09-24 06:00:00,124.6046137626788
2012-09-24 07:00:00,319.58321578114607
2012-09-24 08:00:00,503.68823475118586
2012-09-24 09:00:00,264.7397051038754
2012-09-24 10:00:00,160.4269432722754
2012-09-24 11:00:00,187.85772678302413
2012-09-24 12:00:00,225.3495547640421
2012-09-24 13:00:00,199.79562580537083
2012-09-24 14:00:00,194.74515624448657
2012-09-24 15:00:00,204.93665876196832
2012-09-24 16:00:00,320.7188123037747
2012-09-24 17:00:00,514.0678146854618
2012-09-24 18:00:00,612.7435682513144
2012-09-24 19:00:00,414.0721478809032
2012-09-24 20:00:00,275.04397597724335
2012-09-24 21:00:00,190.0787540679808
2012-09-24 22:00:00,140.37306890809867
2012-09-24 23:00:00,82.65049383733957
2012-09-25 00:00:00,32.45064265843151
2012-09-25 01:00:00,12.634582446436037
2012-09-25 02:00:00,5.619806765865054
2012-09-25 03:00:00,4.293816261400256
2012-09-25 04:00:00,5.785972838834752
2012-09-25 05:00:00,34.78655962450096
2012-09-25 06:00:00,152.18517984321673
2012-09-25 07:00:00,379.59802886673697
2012-09-25 08:00:00,542.8221431384424
2012-09-25 09:00:00,279.09599921622174
2012-09-25 10:00:00,155.73949417794552
2012-09-25 11:00:00,180.92195342733845
2012-09-25 12:00:00,232.4764987026574
2012-09-25 13:00:00,239.63859141057645
2012-09-25 14:00:00,218.21164756870215
2012-09-25 15:00:00,228.76462830126053
2012-09-25 16:00:00,376.8314242376139
2012-09-25 17:00:00,707.2286727060875
2012-09-25 18:00:00,721.350854811486
2012-09-25 19:00:00,457.9471919205249
2012-09-25 20:00:00,338.69834613866675
2012-09-25 21:00:00,261.7250460147208
2012-09-25 22:00:00,194.96905160509047
2012-09-25 23:00:00,114.76429475640552
2012-09-26 00:00:00,49.0407748674375
2012-09-26 01:00:00,16.874540472146133
2012-09-26 02:00:00,6.830164596379187
2012-09-26 03:00:00,5.119121308620482
2012-09-26 04:00:00,6.567233346885656
2012-09-26 05:00:00,40.41351860472466
2012-09-26 06:00:00,170.67698339858902
2012-09-26 07:00:00,435.277109673493
2012-09-26 08:00:00,610.9959146537915
2012-09-26 09:00:00,381.27363392049153
2012-09-26 10:00:00,185.45703829756704
2012-09-26 11:00:00,235.48293480246795
2012-09-26 12:00:00,307.8193733568685
2012-09-26 13:00:00,306.10505705675774
2012-09-26 14:00:00,233.36431077892638
2012-09-26 15:00:00,248.0449419262461
2012-09-26 16:00:00,402.280641963384
2012-09-26 17:00:00,737.5027254002406
2012-09-26 18:00:00,806.4123628524385
2012-09-26 19:00:00,638.1447165415935
2012-09-26 20:00:00,396.262374000544
2012-09-26 21:00:00,329.79975495827443
2012-09-26 22:00:00,165.24257683748138
2012-09-26 23:00:00,99.84785982478327
2012-09-27 00:00:00,63.04855479506013
2012-09-27 01:00:00,25.294208504751015
2012-09-27 02:00:00,11.989980267518236
2012-09-27 03:00:00,7.580649752222515
2012-09-27 04:00:00,6.07441264109181
2012-09-27 05:00:00,37.76112084792457
2012-09-27 06:00:00,146.7420285352846
2012-09-27 07:00:00,457.52312613015556
2012-09-27 08:00:00,662.6110722535917
2012-09-27 09:00:00,365.8908365183244
2012-09-27 10:00:00,192.83860838861406
2012-09-27 11:00:00,243.28937329672985
2012-09-27 12:00:00,286.086843672278
2012-09-27 13:00:00,279.93246966311546
2012-09-27 14:00:00,260.7085852966686
2012-09-27 15:00:00,278.61265759441005
2012-09-27 16:00:00,396.47958823294863
2012-09-27 17:00:00,646.089248874046
2012-09-27 18:00:00,699.6193974344058
2012-09-27 19:00:00,545.9175889824113
2012-09-27 20:00:00,394.1337724803193
2012-09-27 21:00:00,147.7844315939317
2012-09-27 22:00:00,116.97736300106344
2012-09-27 23:00:00,89.11027941425982
2012-09-28 00:00:00,50.81470691293548
2012-09-28 01:00:00,23.10664305273278
2012-09-28 02:00:00,9.719027292382565
2012-09-28 03:00:00,7.294444260300508
2012-09-28 04:00:00,5.815203465069184
2012-09-28 05:00:00,30.599677496706576
2012-09-28 06:00:00,99.5362375223641
2012-09-28 07:00:00,270.9834904876977
2012-09-28 08:00:00,566.693919832498
2012-09-28 09:00:00,326.0322472529638
2012-09-28 10:00:00,206.39472600324248
2012-09-28 11:00:00,261.9067639203246
2012-09-28 12:00:00,377.94215676613976
2012-09-28 13:00:00,358.4713118234036
2012-09-28 14:00:00,341.3495739328187
2012-09-28 15:00:00,302.070176033921
2012-09-28 16:00:00,416.9919083342732
2012-09-28 17:00:00,662.5187789722695
2012-09-28 18:00:00,637.6762619626066
2012-09-28 19:00:00,368.7931747397493
2012-09-28 20:00:00,270.6186326037314
2012-09-28 21:00:00,205.95416506154305
2012-09-28 22:00:00,183.98868266137376
2012-09-28 23:00:00,123.95737770749554
2012-09-29 00:00:00,140.83581986555896
2012-09-29 01:00:00,106.31049887977234
2012-09-29 02:00:00,54.52950151054797
2012-09-29 03:00:00,24.23949814356114
2012-09-29 04:00:00,12.025856328109212
2012-09-29 05:00:00,11.712095490290286
2012-09-29 06:00:00,28.96923094978173
2012-09-29 07:00:00,81.61238373656212
2012-09-29 08:00:00,156.14765793726113
2012-09-29 09:00:00,256.0529904868055
2012-09-29 10:00:00,354.2860912762825
2012-09-29 11:00:00,400.12555165411646
2012-09-29 12:00:00,614.4844076699724
2012-09-29 13:00:00,620.2375977063961
2012-09-29 14:00:00,607.666918389617
2012-09-29 15:00:00,608.6855237345519
2012-09-29 16:00:00,574.3071279034966
2012-09-29 17:00:00,549.710593006788
2012-09-29 18:00:00,432.16748766648067
2012-09-29 19:00:00,317.96812309349764
2012-09-29 20:00:00,249.66374651612878
2012-09-29 21:00:00,212.78037932105633
2012-09-29 22:00:00,183.5788206586657
2012-09-29 23:00:00,168.9251554831562
2012-09-30 00:00:00,123.78753365468738
2012-09-30 01:00:00,99.57535986619318
2012-09-30 02:00:00,63.52122371554529
2012-09-30 03:00:00,27.61072035563518
2012-09-30 04:00:00,8.798848068780199
2012-09-30 05:00:00,10.2534214726147
2012-09-30 06:00:00,22.292421149597246
2012-09-30 07:00:00,61.159331369472625
2012-09-30 08:00:00,134.98796656669947
2012-09-30 09:00:00,249.0239791356146
2012-09-30 10:00:00,338.44989153749174
2012-09-30 11:00:00,480.52413988936206
2012-09-30 12:00:00,542.7331926108337
2012-09-30 13:00:00,540.4876212301725
2012-09-30 14:00:00,523.7370385109829
2012-09-30 15:00:00,533.6891673243621
2012-09-30 16:00:00,558.9671384102666
2012-09-30 17:00:00,505.3988660142667
2012-09-30 18:00:00,320.5624971346561
2012-09-30 19:00:00,205.99752641150255
2012-09-30 20:00:00,161.23914356768128
2012-09-30 21:00:00,161.74714337559377
2012-09-30 22:00:00,127.13998684507487
2012-09-30 23:00:00,89.40533463517431
2012-10-20 00:00:00,127.9199517575256
2012-10-20 01:00:00,97.12834731511596
2012-10-20 02:00:00,65.79364646886167
2012-10-20 03:00:00,29.290583156856982
2012-10-20 04:00:00,9.529016336102211
2012-10-20 05:00:00,10.622855913290422
2012-10-20 06:00:00,22.929676719220016
2012-10-20 07:00:00,71.45434557407212
2012-10-20 08:00:00,145.82019184880457
2012-10-20 09:00:00,252.09996385441067
2012-10-20 10:00:00,358.6289457035389
2012-10-20 11:00:00,443.16160845473354
2012-10-20 12:00:00,523.9835476325907
2012-10-20 13:00:00,533.9465771441753
2012-10-20 14:00:00,540.2358209939905
2012-10-20 15:00:00,525.9858208980422
2012-10-20 16:00:00,507.25860668661005
2012-10-20 17:00:00,500.27985249950547
2012-10-20 18:00:00,413.4097095170206
2012-10-20 19:00:00,304.207527821669
2012-10-20 20:00:00,217.79509411646563
2012-10-20 21:00:00,181.72404104155632
2012-10-20 22:00:00,158.0201619537472
2012-10-20 23:00:00,151.12276666174228
2012-10-21 00:00:00,113.25454174597053
2012-10-21 01:00:00,82.64965098692943
2012-10-21 02:00:00,58.89292674983837
2012-10-21 03:00:00,27.391597714407226
2012-10-21 04:00:00,8.675145399431486
2012-10-21 05:00:00,9.482775973769924
2012-10-21 06:00:00,16.085682634896568
2012-10-21 07:00:00,58.509432917724055
2012-10-21 08:00:00,117.8016062694147
2012-10-21 09:00:00,216.53074995245254
2012-10-21 10:00:00,300.30226962963974
2012-10-21 11:00:00,352.98310890287354
2012-10-21 12:00:00,413.45959248016425
2012-10-21 13:00:00,469.8781401598335
2012-10-21 14:00:00,450.75054131468437
2012-10-21 15:00:00,392.3151554667514
2012-10-21 16:00:00,492.7197515314059
2012-10-21 17:00:00,434.76718580178266
2012-10-21 18:00:00,379.68146723753455
2012-10-21 19:00:00,273.55254068269716
2012-10-21 20:00:00,182.0973091871358
2012-10-21 21:00:00,149.0151924488626
2012-10-21 22:00:00,123.33269344133286
2012-10-21 23:00:00,94.4710758205484
2012-10-22 00:00:00,31.763873035930207
2012-10-22 01:00:00,13.23230540211505
2012-10-22 02:00:00,6.735678557152104
2012-10-22 03:00:00,4.80421750015239
2012-10-22 04:00:00,5.274809748453646
2012-10-22 05:00:00,28.78179526189159
2012-10-22 06:00:00,112.35113099244732
2012-10-22 07:00:00,335.1479618007834
2012-10-22 08:00:00,501.0392540277157
2012-10-22 09:00:00,270.12579441135773
2012-10-22 10:00:00,160.26533626572711
2012-10-22 11:00:00,184.2920415962217
2012-10-22 12:00:00,227.8803489428707
2012-10-22 13:00:00,208.4368033972652
2012-10-22 14:00:00,202.70133089350207
2012-10-22 15:00:00,221.3735230692426
2012-10-22 16:00:00,359.2357218876959
2012-10-22 17:00:00,638.6986411226957
2012-10-22 18:00:00,602.2855173172562
2012-10-22 19:00:00,387.0072149938688
2012-10-22 20:00:00,264.0072712371971
2012-10-22 21:00:00,193.31283912812978
2012-10-22 22:00:00,129.6290021549037
2012-10-22 23:00:00,76.72962964436898
2012-10-23 00:00:00,32.38675325867971
2012-10-23 01:00:00,13.809541601885643
2012-10-23 02:00:00,5.369835171480397
2012-10-23 03:00:00,4.527141997026519
2012-10-23 04:00:00,7.133507271222816
2012-10-23 05:00:00,34.40539327876054
2012-10-23 06:00:00,130.77507709804163
2012-10-23 07:00:00,333.18345988645666
2012-10-23 08:00:00,525.8889629255451
2012-10-23 09:00:00,268.88033652519744
2012-10-23 10:00:00,171.65893143963584
2012-10-23 11:00:00,191.859648412066
2012-10-23 12:00:00,235.087270904161
2012-10-23 13:00:00,250.3766467658592
2012-10-23 14:00:00,246.3314795487887
2012-10-23 15:00:00,258.14181586931454
2012-10-23 16:00:00,391.78836183785836
2012-10-23 17:00:00,774.9511977335419
2012-10-23 18:00:00,652.716184083217
2012-10-23 19:00:00,478.3633378911026
2012-10-23 20:00:00,313.82136810999174
2012-10-23 21:00:00,218.6777762996406
2012-10-23 22:00:00,167.2474537719524
2012-10-23 23:00:00,102.01934405049523
2012-10-24 00:00:00,47.33963801637233
2012-10-24 01:00:00,19.151745626681492
2012-10-24 02:00:00,8.298019487455447
2012-10-24 03:00:00,6.480925987939313
2012-10-24 04:00:00,7.536388707597741
2012-10-24 05:00:00,37.39193210670165
2012-10-24 06:00:00,163.03303346259594
2012-10-24 07:00:00,357.0201414884371
2012-10-24 08:00:00,558.3057519937629
2012-10-24 09:00:00,297.7799308004908
2012-10-24 10:00:00,164.51112054904846
2012-10-24 11:00:00,208.97010672670837
2012-10-24 12:00:00,280.5372981465369
2012-10-24 13:00:00,272.92788402070346
2012-10-24 14:00:00,237.49522418139995
2012-10-24 15:00:00,300.4240016844946
2012-10-24 16:00:00,428.34744506258573
2012-10-24 17:00:00,722.7893977130715
2012-10-24 18:00:00,730.440571953302
2012-10-24 19:00:00,526.2132839537923
2012-10-24 20:00:00,410.46824860923454
2012-10-24 21:00:00,314.4624850610658
2012-10-24 22:00:00,221.88413137625102
2012-10-24 23:00:00,106.31959146329345
2012-10-25 00:00:00,59.279220758588934
2012-10-25 01:00:00,24.54079112134847
2012-10-25 02:00:00,10.285994803814903
2012-10-25 03:00:00,4.959200212658152
2012-10-25 04:00:00,6.214780240280044
2012-10-25 05:00:00,28.852039464293874
2012-10-25 06:00:00,124.07451241112825
2012-10-25 07:00:00,341.1794645664945
2012-10-25 08:00:00,523.0085261720449
2012-10-25 09:00:00,258.2079093229107
2012-10-25 10:00:00,135.023021354635
2012-10-25 11:00:00,145.82985050675325
2012-10-25 12:00:00,197.40952844887767
2012-10-25 13:00:00,186.28134849115042
2012-10-25 14:00:00,208.1948978177801
2012-10-25 15:00:00,274.9799346982968
2012-10-25 16:00:00,350.73862313218956
2012-10-25 17:00:00,631.068799792297
2012-10-25 18:00:00,383.6750872459806
2012-10-25 19:00:00,304.1692006137473
2012-10-25 20:00:00,219.708219874451
2012-10-25 21:00:00,168.65004478525987
2012-10-25 22:00:00,150.65449482492082
2012-10-25 23:00:00,91.2124567267729
2012-10-26 00:00:00,58.418208700002005
2012-10-26 01:00:00,21.648206781238777
2012-10-26 02:00:00,11.028545323700676
2012-10-26 03:00:00,5.552234992755351
2012-10-26 04:00:00,6.278188621669492
2012-10-26 05:00:00,28.907057628524836
2012-10-26 06:00:00,115.57789619703269
2012-10-26 07:00:00,342.2936580518681
2012-10-26 08:00:00,468.3896636984793
2012-10-26 09:00:00,272.9329417598833
2012-10-26 10:00:00,156.09286720745584
2012-10-26 11:00:00,205.62223425927024
2012-10-26 12:00:00,269.30772128446216
2012-10-26 13:00:00,251.1128160608095
2012-10-26 14:00:00,286.976852324192
2012-10-26 15:00:00,310.4151850949353
2012-10-26 16:00:00,351.9848252993135
2012-10-26 17:00:00,492.58184103454676
2012-10-26 18:00:00,443.2160612568054
2012-10-26 19:00:00,277.4664643880108
2012-10-26 20:00:00,204.38574854025384
2012-10-26 21:00:00,185.47598618183264
2012-10-26 22:00:00,138.00731802493036
2012-10-26 23:00:00,126.92473783693775
2012-10-27 00:00:00,136.45620698805206
2012-10-27 01:00:00,92.40177006848194
2012-10-27 02:00:00,45.108782133771214
2012-10-27 03:00:00,26.92738245418437
2012-10-27 04:00:00,8.929787004499765
2012-10-27 05:00:00,9.497077092381204
2012-10-27 06:00:00,25.260265057982934
2012-10-27 07:00:00,76.74987817721154
2012-10-27 08:00:00,164.57763366447068
2012-10-27 09:00:00,219.35498998323848
2012-10-27 10:00:00,313.5790546754334
2012-10-27 11:00:00,417.2271065463288
2012-10-27 12:00:00,563.9608051878674
2012-10-27 13:00:00,614.2152023305441
2012-10-27 14:00:00,564.2719250693724
2012-10-27 15:00:00,420.5887954822333
2012-10-27 16:00:00,456.4574843283492
2012-10-27 17:00:00,462.5925314133177
2012-10-27 18:00:00,416.70833221793185
2012-10-27 19:00:00,293.29729146229533
2012-10-27 20:00:00,227.14618419838962
2012-10-27 21:00:00,189.97749696192525
2012-10-27 22:00:00,156.61396928644143
2012-10-27 23:00:00,110.18898214327562
2012-10-28 00:00:00,65.93145301874661
2012-10-28 01:00:00,70.30656405181996
2012-10-28 02:00:00,49.17302799184714
2012-10-28 03:00:00,20.901939228453255
2012-10-28 04:00:00,10.250721059897979
2012-10-28 05:00:00,10.377039662712308
2012-10-28 06:00:00,15.622260754015967
2012-10-28 07:00:00,60.30553113607786
2012-10-28 08:00:00,133.73178981191325
2012-10-28 09:00:00,203.23018165153147
2012-10-28 10:00:00,265.75078456864117
2012-10-28 11:00:00,306.45476850718643
2012-10-28 12:00:00,305.1145766223318
2012-10-28 13:00:00,322.9203243939266
2012-10-28 14:00:00,318.50221732118297
2012-10-28 15:00:00,300.81212583460666
2012-10-28 16:00:00,232.02571323615246
2012-10-28 17:00:00,183.26659758861976
2012-10-28 18:00:00,58.502749487649055
2012-10-28 19:00:00,63.06802345117605
2012-10-28 20:00:00,44.360166000822694
2012-10-28 21:00:00,57.313491084175745
2012-10-28 22:00:00,45.55556581705528
2012-10-28 23:00:00,29.494075993447115
2012-10-29 00:00:00,23.452828824114675
2012-10-30 13:00:00,67.45887203687396
2012-10-30 14:00:00,63.648654973570864
2012-10-30 15:00:00,69.5541673063148
2012-10-30 16:00:00,95.49074441936753
2012-10-30 17:00:00,188.98852852265023
2012-10-30 18:00:00,239.53978639798143
2012-10-30 19:00:00,402.0178251625784
2012-10-30 20:00:00,169.10827418960102
2012-10-30 21:00:00,108.26513638727386
2012-10-30 22:00:00,98.97652160800801
2012-10-30 23:00:00,69.9057711425468
2012-10-31 00:00:00,31.111636368652007
2012-10-31 01:00:00,12.734246847936474
2012-10-31 02:00:00,5.735835242426851
2012-10-31 03:00:00,4.655755535852684
2012-10-31 04:00:00,5.350002696211875
2012-10-31 05:00:00,27.356727695690154
2012-10-31 06:00:00,115.59177495482024
2012-10-31 07:00:00,295.6868186733106
2012-10-31 08:00:00,536.0640380802914
2012-10-31 09:00:00,246.5021740181079
2012-10-31 10:00:00,148.83350346152113
2012-10-31 11:00:00,167.32271279790905
2012-10-31 12:00:00,229.49625164735187
2012-10-31 13:00:00,227.3008383606949
2012-10-31 14:00:00,211.72240339913384
2012-10-31 15:00:00,218.17373151616877
2012-10-31 16:00:00,319.7398237334844
2012-10-31 17:00:00,536.1574576479674
2012-10-31 18:00:00,513.3140267785955
2012-10-31 19:00:00,393.86186394452653
2012-10-31 20:00:00,279.96326434685517
2012-10-31 21:00:00,199.59468983426476
2012-10-31 22:00:00,145.89914271303496
2012-10-31 23:00:00,88.82875242771581
2012-11-20 00:00:00,27.130681639094405
2012-11-20 01:00:00,11.147914065254808
2012-11-20 02:00:00,4.290392707642457
2012-11-20 03:00:00,4.3449637278969595
2012-11-20 04:00:00,5.925909474674719
2012-11-20 05:00:00,30.01209078149498
2012-11-20 06:00:00,134.75990297712497
2012-11-20 07:00:00,295.9610654450979
2012-11-20 08:00:00,551.1566745613392
2012-11-20 09:00:00,267.22748927062236
2012-11-20 10:00:00,136.4483052148293
2012-11-20 11:00:00,147.0854970118571
2012-11-20 12:00:00,185.2474364411063
2012-11-20 13:00:00,210.72094418389253
2012-11-20 14:00:00,188.43830112391674
2012-11-20 15:00:00,194.4521019114818
2012-11-20 16:00:00,286.1537902355125
2012-11-20 17:00:00,481.51202272956914
2012-11-20 18:00:00,400.66103993913254
2012-11-20 19:00:00,301.48163294269136
2012-11-20 20:00:00,217.40472570233845
2012-11-20 21:00:00,166.1096165380404
2012-11-20 22:00:00,133.9860783726209
2012-11-20 23:00:00,67.57862477380823
2012-11-21 00:00:00,26.756036629262624
2012-11-21 01:00:00,13.306253228473011
2012-11-21 02:00:00,5.672296160752293
2012-11-21 03:00:00,4.491393381283621
2012-11-21 04:00:00,4.938997086622569
2012-11-21 05:00:00,27.393704158963573
2012-11-21 06:00:00,98.60560704415718
2012-11-21 07:00:00,279.14256692184944
2012-11-21 08:00:00,580.232412740948
2012-11-21 09:00:00,237.55896327727444
2012-11-21 10:00:00,168.8327190570703
2012-11-21 11:00:00,193.94357651477782
2012-11-21 12:00:00,254.46808140572878
2012-11-21 13:00:00,247.4574395310313
2012-11-21 14:00:00,232.5320241601979
2012-11-21 15:00:00,244.88558574622405
2012-11-21 16:00:00,342.44454017812757
2012-11-21 17:00:00,571.9460797542231
2012-11-21 18:00:00,550.4942575901769
2012-11-21 19:00:00,390.06333657672826
2012-11-21 20:00:00,240.5834803072879
2012-11-21 21:00:00,186.1031325667785
2012-11-21 22:00:00,141.33113320717106
2012-11-21 23:00:00,91.18263669058388
2012-11-22 00:00:00,62.74036983838468
2012-11-22 01:00:00,41.18122126350104
2012-11-22 02:00:00,19.086077253253837
2012-11-22 03:00:00,9.892783528257338
2012-11-22 04:00:00,7.3480614272727
2012-11-22 05:00:00,8.277427132665071
2012-11-22 06:00:00,22.453930800039615
2012-11-22 07:00:00,50.49799697191103
2012-11-22 08:00:00,136.7602166518408
2012-11-22 09:00:00,184.1154209805691
2012-11-22 10:00:00,293.2614331105711
2012-11-22 11:00:00,348.1732390939961
2012-11-22 12:00:00,388.0078922853078
2012-11-22 13:00:00,370.64756343395095
2012-11-22 14:00:00,373.6518050878216
2012-11-22 15:00:00,374.2186430579642
2012-11-22 16:00:00,389.5135190110609
2012-11-22 17:00:00,351.75940523938084
2012-11-22 18:00:00,305.7758196119683
2012-11-22 19:00:00,197.95892736654656
2012-11-22 20:00:00,168.17024896606804
2012-11-22 21:00:00,147.86758042611635
2012-11-22 22:00:00,120.82523216922841
2012-11-22 23:00:00,77.14599239330232
2012-11-23 00:00:00,47.513580626867935
2012-11-23 01:00:00,22.982013535632603
2012-11-23 02:00:00,9.261267324204994
2012-11-23 03:00:00,4.791252590641456
2012-11-23 04:00:00,6.873908364835586
2012-11-23 05:00:00,22.261118750987848
2012-11-23 06:00:00,85.99751120988059
2012-11-23 07:00:00,254.2442316583094
2012-11-23 08:00:00,473.6406726662113
2012-11-23 09:00:00,282.53565034273856
2012-11-23 10:00:00,188.6395997654026
2012-11-23 11:00:00,226.77028337202952
2012-11-23 12:00:00,286.4086672544876
2012-11-23 13:00:00,279.2240474913965
2012-11-23 14:00:00,263.30227609785914
2012-11-23 15:00:00,264.6386709455454
2012-11-23 16:00:00,350.49567154688833
2012-11-23 17:00:00,565.4987577764826
2012-11-23 18:00:00,526.0172586441726
2012-11-23 19:00:00,369.10456263622723
2012-11-23 20:00:00,260.9622762588781
2012-11-23 21:00:00,195.71034949131206
2012-11-23 22:00:00,130.57909388307675
2012-11-23 23:00:00,106.0578035565476
2012-11-24 00:00:00,91.97047718892125
2012-11-24 01:00:00,58.47222109442758
2012-11-24 02:00:00,37.538419519011825
2012-11-24 03:00:00,17.837679822349493
2012-11-24 04:00:00,4.783033362074222
2012-11-24 05:00:00,4.736369560495434
2012-11-24 06:00:00,15.739976028196121
2012-11-24 07:00:00,46.80988254343205
2012-11-24 08:00:00,95.73282023465791
2012-11-24 09:00:00,147.54507271209755
2012-11-24 10:00:00,201.36338251060624
2012-11-24 11:00:00,244.16761961371765
2012-11-24 12:00:00,222.12496151789216
2012-11-24 13:00:00,284.9202450246928
2012-11-24 14:00:00,238.6048964626747
2012-11-24 15:00:00,223.00566092769813
2012-11-24 16:00:00,219.1139639054762
2012-11-24 17:00:00,201.65679210532736
2012-11-24 18:00:00,169.6103959782226
2012-11-24 19:00:00,139.79917121348967
2012-11-24 20:00:00,114.87203822541467
2012-11-24 21:00:00,89.44489630588804
2012-11-24 22:00:00,77.43517326421184
2012-11-24 23:00:00,71.37104871503603
2012-11-25 00:00:00,55.967823493291604
2012-11-25 01:00:00,54.51993728076294
2012-11-25 02:00:00,21.599489270058797
2012-11-25 03:00:00,15.015810353020354
2012-11-25 04:00:00,5.580625172475369
2012-11-25 05:00:00,4.470960002593883
2012-11-25 06:00:00,8.967913993020165
2012-11-25 07:00:00,24.13646164724742
2012-11-25 08:00:00,55.11403641222497
2012-11-25 09:00:00,116.74722665088697
2012-11-25 10:00:00,145.0934923386571
2012-11-25 11:00:00,210.4345629908366
2012-11-25 12:00:00,247.91500799792044
2012-11-25 13:00:00,221.9371781343125
2012-11-25 14:00:00,263.3710693764645
2012-11-25 15:00:00,260.291335143471
2012-11-25 16:00:00,263.7633898420305
2012-11-25 17:00:00,176.70608731005387
2012-11-25 18:00:00,146.8784678441922
2012-11-25 19:00:00,127.29207534979442
2012-11-25 20:00:00,92.63997613544706
2012-11-25 21:00:00,72.01565570266806
2012-11-25 22:00:00,63.64320622362009
2012-11-25 23:00:00,37.60322603103938
2012-11-26 00:00:00,16.69150907598984
2012-11-26 01:00:00,8.366014294364371
2012-11-26 02:00:00,3.8218676899942152
2012-11-26 03:00:00,2.887462636705757
2012-11-26 04:00:00,3.498741247231542
2012-11-26 05:00:00,23.704412295546913
2012-11-26 06:00:00,68.90167725598099
2012-11-26 07:00:00,217.56326626380422
2012-11-26 08:00:00,392.15562101880636
2012-11-26 09:00:00,228.24095298458488
2012-11-26 10:00:00,141.16477957482513
2012-11-26 11:00:00,172.3994949591285
2012-11-26 12:00:00,224.23415282633073
2012-11-26 13:00:00,219.67834447944708
2012-11-26 14:00:00,202.14002786925735
2012-11-26 15:00:00,211.02818227559348
2012-11-26 16:00:00,274.2568275863587
2012-11-26 17:00:00,502.3020004346772
2012-11-26 18:00:00,455.67627288362934
2012-11-26 19:00:00,281.41029537426584
2012-11-26 20:00:00,199.0576124080584
2012-11-26 21:00:00,146.35705044175967
2012-11-26 22:00:00,108.96428047991239
2012-11-26 23:00:00,61.92547694201076
2012-11-27 00:00:00,24.2876822349617
2012-11-27 01:00:00,11.446194163992267
2012-11-27 02:00:00,5.480901379128389
2012-11-27 03:00:00,3.731355796673212
2012-11-27 04:00:00,5.213450486495455
2012-11-27 05:00:00,27.90874384347234
2012-11-27 06:00:00,119.44738243855078
2012-11-27 07:00:00,200.78474609810357
2012-11-27 08:00:00,252.39296815900443
2012-11-27 09:00:00,237.7422075346669
2012-11-27 10:00:00,68.94143740618021
2012-11-27 11:00:00,57.14000076905481
2012-11-27 12:00:00,59.538268244452176
2012-11-27 13:00:00,73.29830059346354
2012-11-27 14:00:00,56.5018593829376
2012-11-27 15:00:00,133.79456816081333
2012-11-27 16:00:00,174.79208220220883
2012-11-27 17:00:00,298.4837772778655
2012-11-27 18:00:00,219.0133868059507
2012-11-27 19:00:00,223.91891998238637
2012-11-27 20:00:00,145.47273162817785
2012-11-27 21:00:00,85.499458735645
2012-11-27 22:00:00,80.64302488907033
2012-11-27 23:00:00,56.066178178283224
2012-11-28 00:00:00,32.939193483667324
2012-11-28 01:00:00,15.359931978735663
2012-11-28 02:00:00,7.61722678504738
2012-11-28 03:00:00,5.9595912567940825
2012-11-28 04:00:00,7.013040136938115
2012-11-28 05:00:00,31.827966925217087
2012-11-28 06:00:00,123.24137092607478
2012-11-28 07:00:00,364.08770432294324
2012-11-28 08:00:00,503.0806438802461
2012-11-28 09:00:00,317.0672335200995
2012-11-28 10:00:00,163.26348968792485
2012-11-28 11:00:00,179.64924830751872
2012-11-28 12:00:00,211.35563907834933
2012-11-28 13:00:00,220.32672984156045
2012-11-28 14:00:00,203.28424553977106
2012-11-28 15:00:00,193.52375993022412
2012-11-28 16:00:00,242.44503505895324
2012-11-28 17:00:00,428.28646485713085
2012-11-28 18:00:00,448.5803279373171
2012-11-28 19:00:00,334.29573867153414
2012-11-28 20:00:00,235.11683062511213
2012-11-28 21:00:00,155.01322703782526
2012-11-28 22:00:00,111.79494026772583
2012-11-28 23:00:00,66.76734023967884
2012-11-29 00:00:00,27.68593900477013
2012-11-29 01:00:00,12.499148412986864
2012-11-29 02:00:00,4.235190193520591
2012-11-29 04:00:00,5.544199211582218
2012-11-29 05:00:00,22.093403106615177
2012-11-29 06:00:00,75.06869810499316
2012-11-29 07:00:00,223.24192970666004
2012-11-29 08:00:00,617.7138235540833
2012-11-29 09:00:00,252.283460361307
2012-11-29 10:00:00,123.80505831409323
2012-11-29 11:00:00,198.8300521081994
2012-11-29 12:00:00,236.7630782654433
2012-11-29 13:00:00,238.19340979579783
2012-11-29 14:00:00,195.9481823093656
2012-11-29 15:00:00,205.12276257215396
2012-11-29 16:00:00,296.3023319779189
2012-11-29 17:00:00,523.2130792757237
2012-11-29 18:00:00,464.22347191527183
2012-11-29 19:00:00,288.8955519458827
2012-11-29 20:00:00,226.58969674321102
2012-11-29 21:00:00,141.4643383053996
2012-11-29 22:00:00,114.00779662014368
2012-11-29 23:00:00,104.40037717761888
2012-11-30 00:00:00,41.694632465534255
2012-11-30 01:00:00,22.894182064288852
2012-11-30 02:00:00,7.4668041495406925
2012-11-30 03:00:00,4.363745679176122
2012-11-30 04:00:00,3.7772129472196694
2012-11-30 05:00:00,17.827676057151567
2012-11-30 06:00:00,62.9123877156914
2012-11-30 07:00:00,178.87656712485025
2012-11-30 08:00:00,443.7354680925413
2012-11-30 09:00:00,273.35997656092394
2012-11-30 10:00:00,161.702968352737
2012-11-30 11:00:00,210.8287181996183
2012-11-30 12:00:00,261.0015935361466
2012-11-30 13:00:00,268.7444009812036
2012-11-30 14:00:00,239.49113598500256
2012-11-30 15:00:00,255.38999475476317
2012-11-30 16:00:00,357.08755988760834
2012-11-30 17:00:00,477.1758378845395
2012-11-30 18:00:00,418.5098272247642
2012-11-30 19:00:00,263.4727697208307
2012-11-30 20:00:00,199.50752993861525
2012-11-30 21:00:00,148.01726212919337
2012-11-30 22:00:00,130.04257169128863
2012-11-30 23:00:00,95.70940923746015
2012-12-20 00:00:00,43.1626927291845
2012-12-20 01:00:00,13.542188037357269
2012-12-20 02:00:00,5.837681140862926
2012-12-20 03:00:00,4.090080338815791
2012-12-20 04:00:00,4.989003161256473
2012-12-20 05:00:00,26.059695289925067
2012-12-20 06:00:00,106.85976868003262
2012-12-20 07:00:00,320.54565142399844
2012-12-20 08:00:00,557.7529055132609
2012-12-20 09:00:00,253.55872812714242
2012-12-20 10:00:00,138.11498050341604
2012-12-20 11:00:00,164.83698140350327
2012-12-20 12:00:00,218.8162645156164
2012-12-20 13:00:00,201.57499497890453
2012-12-20 14:00:00,182.37904096293758
2012-12-20 15:00:00,186.67167792372604
2012-12-20 16:00:00,226.0127215598795
2012-12-20 17:00:00,420.742270173678
2012-12-20 18:00:00,396.8244741915363
2012-12-20 19:00:00,152.3498151409
2012-12-20 20:00:00,145.49818265317086
2012-12-20 21:00:00,103.60731900242286
2012-12-20 22:00:00,62.49015397793552
2012-12-20 23:00:00,48.61943458100222
2012-12-21 00:00:00,18.992417134964494
2012-12-21 01:00:00,10.061819863527202
2012-12-21 02:00:00,5.255693215612677
2012-12-21 03:00:00,2.3489376014952543
2012-12-21 04:00:00,3.0561466301775337
2012-12-21 05:00:00,13.108738905173198
2012-12-21 06:00:00,81.09037282820015
2012-12-21 07:00:00,178.47150145554352
2012-12-21 08:00:00,334.24469094221166
2012-12-21 09:00:00,278.8152987368291
2012-12-21 10:00:00,126.59772892895565
2012-12-21 11:00:00,121.36302501405883
2012-12-21 12:00:00,126.19697448841956
2012-12-21 13:00:00,124.64626271620604
2012-12-21 14:00:00,110.9809112782067
2012-12-21 15:00:00,128.49388429072596
2012-12-21 16:00:00,144.46712850131527
2012-12-21 17:00:00,234.98926921672094
2012-12-21 18:00:00,218.76301984441352
2012-12-21 19:00:00,153.3771962549836
2012-12-21 20:00:00,98.56286495129233
2012-12-21 21:00:00,106.56380034300636
2012-12-21 22:00:00,71.17615346890453
2012-12-21 23:00:00,49.65479497436115
2012-12-22 00:00:00,42.220794074009376
2012-12-22 01:00:00,32.89147341346474
2012-12-22 02:00:00,23.712928535576708
2012-12-22 03:00:00,9.87189586285826
2012-12-22 04:00:00,3.1367714686958816
2012-12-22 05:00:00,2.8741640432073754
2012-12-22 06:00:00,7.909488432310597
2012-12-22 07:00:00,28.93087926456251
2012-12-22 08:00:00,73.84680642405675
2012-12-22 09:00:00,101.16096017595704
2012-12-22 10:00:00,143.16118597221555
2012-12-22 11:00:00,168.9971615856339
2012-12-22 12:00:00,168.99240885932917
2012-12-22 13:00:00,154.72768045141424
2012-12-22 14:00:00,158.91824191322632
2012-12-22 15:00:00,168.8684752370682
2012-12-22 16:00:00,157.67657176155498
2012-12-22 17:00:00,139.34875630918302
2012-12-22 18:00:00,136.33280047725606
2012-12-22 19:00:00,92.56756790383099
2012-12-22 20:00:00,71.26780626993866
2012-12-22 21:00:00,52.47319439310818
2012-12-22 22:00:00,43.790889924361565
2012-12-22 23:00:00,34.92261391512237
2012-12-23 00:00:00,37.94162059636705
2012-12-23 01:00:00,33.03227851669458
2012-12-23 02:00:00,22.93709309397007
2012-12-23 03:00:00,11.739988889804014
2012-12-23 04:00:00,3.9257797576318287
2012-12-23 05:00:00,2.7046859882348477
2012-12-23 06:00:00,3.6018418791466593
2012-12-23 07:00:00,9.724918123645965
2012-12-23 08:00:00,26.861667589561428
2012-12-23 09:00:00,64.53725367274467
2012-12-23 10:00:00,86.07170788119235
2012-12-23 11:00:00,125.33546673067075
2012-12-23 12:00:00,213.7575054375529
2012-12-23 13:00:00,200.83409620312608
2012-12-23 14:00:00,202.12784499209883
2012-12-23 15:00:00,217.6806236303526
2012-12-23 16:00:00,211.21386944526708
2012-12-23 17:00:00,153.92416549484767
2012-12-23 18:00:00,128.57494889227064
2012-12-23 19:00:00,99.09811174427665
2012-12-23 20:00:00,49.91959739923476
2012-12-23 21:00:00,39.724002878215124
2012-12-23 22:00:00,47.94829104569717
2012-12-23 23:00:00,28.33903452467193
2012-12-24 00:00:00,9.941150256994646
2012-12-24 01:00:00,4.430256202324448
2012-12-24 02:00:00,2.5185314627611755
2012-12-24 03:00:00,1.7949116884703111
2012-12-24 05:00:00,8.57277734411818
2012-12-24 06:00:00,37.325476738428186
2012-12-24 07:00:00,115.17428214362754
2012-12-24 08:00:00,265.4259217787965
2012-12-24 09:00:00,199.67815961122713
2012-12-24 10:00:00,71.31295612706785
2012-12-24 11:00:00,93.23093104452015
2012-12-24 12:00:00,90.05330173115844
2012-12-24 13:00:00,65.52664850625412
2012-12-24 14:00:00,61.695255243216586
2012-12-24 15:00:00,62.41489822543642
2012-12-24 16:00:00,81.67265733346471
2012-12-24 17:00:00,175.35282468065049
2012-12-24 18:00:00,156.6649839260299
2012-12-24 19:00:00,161.49010739759078
2012-12-24 20:00:00,104.3639529747692
2012-12-24 21:00:00,69.56736191107804
2012-12-24 22:00:00,55.3280080626846
2012-12-24 23:00:00,32.91914834009074
2012-12-25 00:00:00,19.86266562398663
2012-12-25 01:00:00,19.60633567710426
2012-12-25 02:00:00,11.414681185047844
2012-12-25 04:00:00,4.128435575249939
2012-12-25 05:00:00,4.93461456698342
2012-12-25 06:00:00,9.355729348945783
2012-12-25 07:00:00,20.107979430676213
2012-12-25 08:00:00,55.39477514649831
2012-12-25 09:00:00,84.4028472686017
2012-12-25 10:00:00,128.25803321882844
2012-12-25 11:00:00,149.74644727122933
2012-12-25 12:00:00,161.79437602719779
2012-12-25 13:00:00,184.55609758937655
2012-12-25 14:00:00,206.7203123507607
2012-12-25 15:00:00,183.45954847205908
2012-12-25 16:00:00,168.7263179524933
2012-12-25 17:00:00,167.5376588027098
2012-12-25 18:00:00,141.2139002359976
2012-12-25 19:00:00,109.07243855917719
2012-12-25 20:00:00,79.16947038941325
2012-12-25 21:00:00,58.07932477970348
2012-12-25 22:00:00,55.201727885793765
2012-12-25 23:00:00,35.317909825976294
2012-12-26 00:00:00,19.481999189667413
2012-12-26 01:00:00,4.774055520540802
2012-12-26 02:00:00,3.036785919882262
2012-12-26 03:00:00,2.2269451440338965
2012-12-26 04:00:00,1.0822345347939315
2012-12-26 05:00:00,6.35156801504336
2012-12-26 06:00:00,46.602545284162524
2012-12-26 07:00:00,49.27774015927396
2012-12-26 08:00:00,87.140280581422
2012-12-26 09:00:00,50.971642892919334
2012-12-26 10:00:00,23.77729972408964
2012-12-26 11:00:00,20.407527245621626
2012-12-26 12:00:00,23.266925488405498
2012-12-26 13:00:00,23.77744458593277
2012-12-26 14:00:00,28.617857766819466
2012-12-26 15:00:00,43.78517403553441
2012-12-26 16:00:00,57.46723669398209
2012-12-26 17:00:00,85.8914580991706
2012-12-26 18:00:00,75.09319825334083
2012-12-26 19:00:00,90.9885160286681
2012-12-26 20:00:00,38.36957930234517
2012-12-26 21:00:00,62.592362611061944
2012-12-26 22:00:00,15.750847342139746
2012-12-26 23:00:00,24.05374125520349
2012-12-27 00:00:00,10.969289308189804
2012-12-27 01:00:00,2.9025167674763455
2012-12-27 02:00:00,2.2655593504084734
2012-12-27 03:00:00,2.899898612416128
2012-12-27 04:00:00,2.0325596387499503
2012-12-27 05:00:00,13.690044394160566
2012-12-27 06:00:00,54.381533179285015
2012-12-27 07:00:00,202.1924278324332
2012-12-27 08:00:00,383.78859549700246
2012-12-27 09:00:00,221.80714159751037
2012-12-27 10:00:00,111.65308440370413
2012-12-27 11:00:00,110.13492383103384
2012-12-27 12:00:00,117.13337725023827
2012-12-27 13:00:00,112.79380548910818
2012-12-27 14:00:00,95.15680049647636
2012-12-27 15:00:00,97.21625062614663
2012-12-27 16:00:00,134.33871900166017
2012-12-27 17:00:00,265.68398089517586
2012-12-27 18:00:00,213.05477393890519
2012-12-27 19:00:00,141.87918207949363
2012-12-27 20:00:00,124.73520289516888
2012-12-27 21:00:00,90.65343173952667
2012-12-27 22:00:00,52.956255445561325
2012-12-27 23:00:00,41.03757430472498
2012-12-28 00:00:00,25.39458816020211
2012-12-28 01:00:00,9.597703270252405
2012-12-28 02:00:00,5.400991970835648
2012-12-28 03:00:00,3.050775126773796
2012-12-28 04:00:00,3.0315701141882223
2012-12-28 05:00:00,14.449857534560964
2012-12-28 06:00:00,45.43251070396693
2012-12-28 07:00:00,157.55022122147471
2012-12-28 08:00:00,418.0990165690453
2012-12-28 09:00:00,180.2120366765215
2012-12-28 10:00:00,96.00747376624705
2012-12-28 11:00:00,97.84558738220126
2012-12-28 12:00:00,135.6714540839642
2012-12-28 13:00:00,124.38304208153174
2012-12-28 14:00:00,109.6655346994817
2012-12-28 15:00:00,113.13098747272201
2012-12-28 16:00:00,138.78507049951583
2012-12-28 17:00:00,182.93716123869075
2012-12-28 18:00:00,174.73205752833235
2012-12-28 19:00:00,121.49387133774259
2012-12-28 20:00:00,94.31186793320809
2012-12-28 21:00:00,71.66736983406385
2012-12-28 22:00:00,63.7819189677442
2012-12-28 23:00:00,45.12250257797135
2012-12-29 00:00:00,32.870480253296755
2012-12-29 01:00:00,31.59337599912292
2012-12-29 02:00:00,24.360117993292125
2012-12-29 03:00:00,11.436365624410039
2012-12-29 04:00:00,4.095024568806747
2012-12-29 05:00:00,3.305767754406139
2012-12-29 06:00:00,9.107841057646874
2012-12-29 07:00:00,25.3649999142999
2012-12-29 08:00:00,64.55504152241187
2012-12-29 09:00:00,114.501635447322
2012-12-29 10:00:00,148.28954803025937
2012-12-29 11:00:00,65.83282170987505
2012-12-29 12:00:00,51.308085803606566
2012-12-29 13:00:00,50.4970487785
2012-12-29 14:00:00,198.22911352515933
2012-12-29 15:00:00,181.85914478344947
2012-12-29 16:00:00,173.13039638443362
2012-12-29 17:00:00,154.77888495207486
2012-12-29 18:00:00,121.03611130001842
2012-12-29 19:00:00,99.96511471178505
2012-12-29 20:00:00,75.18550567990347
2012-12-29 21:00:00,66.71368495364375
2012-12-29 22:00:00,63.33265333017767
2012-12-29 23:00:00,56.83195731939835
2012-12-30 00:00:00,38.9086272921739
2012-12-30 01:00:00,30.382955484630806
2012-12-30 02:00:00,30.331180856355417
2012-12-30 03:00:00,11.27453880792557
2012-12-30 04:00:00,2.191960732641919
2012-12-30 05:00:00,2.7247127254611367
2012-12-30 06:00:00,4.0431164151551835
2012-12-30 07:00:00,11.309539771308188
2012-12-30 08:00:00,35.087706089545954
2012-12-30 09:00:00,70.73872887147016
2012-12-30 10:00:00,134.07555408392503
2012-12-30 11:00:00,166.77086753643508
2012-12-30 12:00:00,185.566959241538
2012-12-30 13:00:00,175.07394640747972
2012-12-30 14:00:00,165.79180957080763
2012-12-30 15:00:00,165.4374911382911
2012-12-30 16:00:00,181.35220639781713
2012-12-30 17:00:00,152.64140788860476
2012-12-30 18:00:00,97.47558058672172
2012-12-30 19:00:00,94.76082084304728
2012-12-30 20:00:00,48.239833423806644
2012-12-30 21:00:00,32.05580864841764
2012-12-30 22:00:00,29.2602500062541
2012-12-30 23:00:00,17.773752969210136
2012-12-31 00:00:00,9.799240303338122
2012-12-31 01:00:00,4.149959038453961
2012-12-31 02:00:00,2.4181800513472993
2012-12-31 03:00:00,1.8992279681297433
2012-12-31 04:00:00,1.4863001384331553
2012-12-31 05:00:00,5.274318456521953
2012-12-31 06:00:00,39.21962518719291
2012-12-31 07:00:00,129.15416062393263
2012-12-31 08:00:00,221.2546976069549
2012-12-31 09:00:00,159.9454856923631
2012-12-31 10:00:00,61.17743620802072
2012-12-31 11:00:00,69.95608471306488
2012-12-31 12:00:00,86.88563718909693
2012-12-31 13:00:00,95.73338461083428
2012-12-31 14:00:00,92.32954811068613
2012-12-31 15:00:00,94.7087688961551
2012-12-31 16:00:00,109.08958695071681
2012-12-31 17:00:00,194.6369495458103
2012-12-31 18:00:00,189.96245505705286
2012-12-31 19:00:00,156.34102026771848
2012-12-31 20:00:00,107.58433269089932
2012-12-31 21:00:00,78.78670142070158
2012-12-31 22:00:00,60.83662548678658
2012-12-31 23:00:00,33.95366473735958
