datetime,count
2011-01-20 00:00:00,17.58426256269997
2011-01-20 01:00:00,4.5487060159075305
2011-01-20 02:00:00,3.3480373309698406
2011-01-20 03:00:00,2.2378275702976516
2011-01-20 04:00:00,1.6608015340886226
2011-01-20 05:00:00,13.741713747622123
2011-01-20 06:00:00,57.40105326623116
2011-01-20 07:00:00,154.79641483687647
2011-01-20 08:00:00,322.48266857173064
2011-01-20 09:00:00,203.78926012269068
2011-01-20 10:00:00,116.38279195295364
2011-01-20 11:00:00,93.98842055185288
2011-01-20 12:00:00,116.42049725535838
2011-01-20 13:00:00,105.16825994620133
2011-01-20 14:00:00,110.38335425950591
2011-01-20 15:00:00,123.69278968657977
2011-01-20 16:00:00,135.8573808286535
2011-01-20 17:00:00,279.21921266810676
2011-01-20 18:00:00,254.77723733309153
2011-01-20 19:00:00,235.55650234920765
2011-01-20 20:00:00,139.6616848475268
2011-01-20 21:00:00,86.19418959913625
2011-01-20 22:00:00,57.466216866708756
2011-01-20 23:00:00,34.31800616285641
2011-01-21 00:00:00,22.82673877352899
2011-01-21 01:00:00,9.39322190380892
2011-01-21 02:00:00,8.049798440482705
2011-01-21 03:00:00,2.176294253289622
2011-01-21 04:00:00,2.0481213718570395
2011-01-21 05:00:00,5.7855622729071445
2011-01-21 06:00:00,50.313881144187036
2011-01-21 07:00:00,148.92563649777313
2011-01-21 08:00:00,226.09569958982942
2011-01-21 09:00:00,137.65292219771555
2011-01-21 10:00:00,55.07098523442307
2011-01-21 11:00:00,67.97945900629118
2011-01-21 12:00:00,83.1060495262222
2011-01-21 13:00:00,79.81484635287693
2011-01-21 14:00:00,78.44599189579813
2011-01-21 15:00:00,74.00462000157447
2011-01-21 16:00:00,85.72822145321177
2011-01-21 17:00:00,164.0446509084698
2011-01-21 18:00:00,146.42282642453156
2011-01-21 19:00:00,115.29125943985602
2011-01-21 20:00:00,82.25706440808906
2011-01-21 21:00:00,55.80611213162748
2011-01-21 22:00:00,36.169682178924376
2011-01-21 23:00:00,23.582170237579945
2011-01-22 00:00:00,26.845319721236155
2011-01-22 01:00:00,23.361438676305227
2011-01-22 02:00:00,16.423369574374437
2011-01-22 03:00:00,7.684656511817109
2011-01-22 04:00:00,2.171243485774847
2011-01-22 06:00:00,4.89703844621042
2011-01-22 07:00:00,14.286885828996432
2011-01-22 08:00:00,37.95095456296035
2011-01-22 09:00:00,63.552362818358745
2011-01-22 10:00:00,83.67807720163026
2011-01-22 11:00:00,105.05070732069277
2011-01-22 12:00:00,112.89966385606026
2011-01-22 13:00:00,144.79911993631387
2011-01-22 14:00:00,118.8104936336427
2011-01-22 15:00:00,124.85247577840032
2011-01-22 16:00:00,104.24998879748605
2011-01-22 17:00:00,114.57504612590657
2011-01-22 18:00:00,71.80207884058954
2011-01-22 19:00:00,59.2048453200876
2011-01-22 20:00:00,51.66144256806224
2011-01-22 21:00:00,46.66346007549836
2011-01-22 22:00:00,34.64196659166336
2011-01-22 23:00:00,24.48109651432005
2011-01-23 00:00:00,28.833609260263323
2011-01-23 01:00:00,22.638441619700377
2011-01-23 02:00:00,14.55440504627977
2011-01-23 03:00:00,8.943342595772142
2011-01-23 05:00:00,3.6349298025998653
2011-01-23 06:00:00,3.4126095706106314
2011-01-23 07:00:00,10.718085285656802
2011-01-23 08:00:00,29.930630191910634
2011-01-23 09:00:00,56.8852700767822
2011-01-23 10:00:00,56.542110898325674
2011-01-23 11:00:00,120.93603679533771
2011-01-23 12:00:00,102.34174535232125
2011-01-23 13:00:00,99.43064702852374
2011-01-23 14:00:00,112.78537928358165
2011-01-23 15:00:00,106.07765009389581
2011-01-23 16:00:00,108.6290540595462
2011-01-23 17:00:00,83.3393531136417
2011-01-23 18:00:00,79.01359399035242
2011-01-23 19:00:00,57.10613954051956
2011-01-23 20:00:00,42.85739251404917
2011-01-23 21:00:00,39.92336561366188
2011-01-23 22:00:00,27.353065780617715
2011-01-23 23:00:00,18.44139766938362
2011-01-24 00:00:00,11.736084960764606
2011-01-24 01:00:00,4.413371418804008
2011-01-24 03:00:00,1.2970149711527146
2011-01-24 04:00:00,1.5674834193039575
2011-01-24 05:00:00,6.90587608954137
2011-01-24 06:00:00,39.87637490451522
2011-01-24 07:00:00,101.75380081561408
2011-01-24 08:00:00,251.68262702508557
2011-01-24 09:00:00,172.11444965766339
2011-01-24 10:00:00,71.44417614621611
2011-01-24 11:00:00,62.84390577457634
2011-01-24 12:00:00,72.8281279605833
2011-01-24 13:00:00,61.31360196362529
2011-01-24 14:00:00,57.30220064599685
2011-01-24 15:00:00,73.9410797015793
2011-01-24 16:00:00,77.4566630810676
2011-01-24 17:00:00,109.1795827407706
2011-01-24 18:00:00,129.36000805897493
2011-01-24 19:00:00,103.94513578441126
2011-01-24 20:00:00,60.39701636984634
2011-01-24 21:00:00,37.48049362319351
2011-01-24 22:00:00,24.573443339268113
2011-01-24 23:00:00,22.64461909566862
2011-01-25 00:00:00,9.928986788250404
2011-01-25 01:00:00,3.150391023594141
2011-01-25 02:00:00,1.8282833780894274
2011-01-25 04:00:00,1.4768844538626906
2011-01-25 05:00:00,7.433662075438069
2011-01-25 06:00:00,46.901967304811656
2011-01-25 07:00:00,120.08491431564173
2011-01-25 08:00:00,240.39187903086034
2011-01-25 09:00:00,192.2332555063898
2011-01-25 10:00:00,65.26759866340292
2011-01-25 11:00:00,74.17302863023
2011-01-25 12:00:00,104.2016028422934
2011-01-25 13:00:00,87.81573460959984
2011-01-25 14:00:00,86.7258060230739
2011-01-25 15:00:00,87.84077259220376
2011-01-25 16:00:00,95.56023395275028
2011-01-25 17:00:00,213.6082232254921
2011-01-25 18:00:00,207.08835292440003
2011-01-25 19:00:00,126.28261920267619
2011-01-25 20:00:00,76.56090536420884
2011-01-25 21:00:00,58.6357384352528
2011-01-25 22:00:00,34.17272375643766
2011-01-25 23:00:00,17.6968263890294
2011-01-26 00:00:00,10.798324075107931
2011-01-26 01:00:00,4.803628737719068
2011-01-26 02:00:00,2.724973154865682
2011-01-26 05:00:00,3.631409967882482
2011-01-26 06:00:00,32.071692408240615
2011-01-26 07:00:00,58.938808804930154
2011-01-26 08:00:00,150.5443207948497
2011-01-26 09:00:00,82.17683838076393
2011-01-26 10:00:00,28.92463715951673
2011-01-26 11:00:00,23.311146163246843
2011-01-26 12:00:00,26.1970016684421
2011-01-26 13:00:00,27.31982629559497
2011-01-26 14:00:00,24.6391523269699
2011-01-26 15:00:00,21.212329158661593
2011-01-26 16:00:00,45.3202684515669
2011-01-26 17:00:00,76.64575435310275
2011-01-27 16:00:00,101.03379213345058
2011-01-27 17:00:00,150.56538416518242
2011-01-27 18:00:00,163.39549842702056
2011-01-27 19:00:00,118.21847827248685
2011-01-27 20:00:00,83.67974948670772
2011-01-27 21:00:00,57.68720570985302
2011-01-27 22:00:00,44.785755417251096
2011-01-27 23:00:00,30.524957333194436
2011-01-28 00:00:00,17.836274228521283
2011-01-28 01:00:00,8.895952742153293
2011-01-28 02:00:00,3.6253618186861076
2011-01-28 03:00:00,2.8570466478969565
2011-01-28 05:00:00,13.994045379187108
2011-01-28 06:00:00,49.11268403724092
2011-01-28 07:00:00,118.26463264610767
2011-01-28 08:00:00,292.79797886550637
2011-01-28 09:00:00,128.91190697706438
2011-01-28 10:00:00,46.53683151110811
2011-01-28 11:00:00,55.394307345756395
2011-01-28 12:00:00,56.71384329934246
2011-01-28 13:00:00,57.62026976977021
2011-01-28 14:00:00,34.29190018213551
2011-01-28 15:00:00,51.3085754034118
2011-01-28 16:00:00,64.97671688677393
2011-01-28 17:00:00,147.20042322827786
2011-01-28 18:00:00,171.73001042309426
2011-01-28 19:00:00,122.91649890140464
2011-01-28 20:00:00,88.57571304318441
2011-01-28 21:00:00,59.29151202937892
2011-01-28 22:00:00,49.0505245120444
2011-01-28 23:00:00,36.82203038959621
2011-01-29 00:00:00,29.09870247606629
2011-01-29 01:00:00,18.611384960329083
2011-01-29 02:00:00,15.802326917481683
2011-01-29 03:00:00,13.2293954615271
2011-01-29 04:00:00,3.02396976616759
2011-01-29 06:00:00,3.690617999704438
2011-01-29 07:00:00,13.794336420365813
2011-01-29 08:00:00,34.64948252469144
2011-01-29 09:00:00,56.19774312401042
2011-01-29 10:00:00,62.054589713552915
2011-01-29 11:00:00,73.2078423919932
2011-01-29 12:00:00,78.05963435298638
2011-01-29 13:00:00,124.29643701016559
2011-01-29 14:00:00,128.57064963548376
2011-01-29 15:00:00,154.45867539854856
2011-01-29 16:00:00,172.36294599376032
2011-01-29 17:00:00,133.03344542226975
2011-01-29 18:00:00,121.09707142178188
2011-01-29 19:00:00,74.45308408687887
2011-01-29 20:00:00,61.76119824683728
2011-01-29 21:00:00,45.48344808270143
2011-01-29 22:00:00,40.5918142193447
2011-01-29 23:00:00,32.86349568820561
2011-01-30 00:00:00,45.7836305288072
2011-01-30 01:00:00,27.385126873505385
2011-01-30 02:00:00,18.55162910332584
2011-01-30 03:00:00,11.022157139495597
2011-01-30 04:00:00,3.8392895220700067
2011-01-30 05:00:00,3.381634587854089
2011-01-30 07:00:00,6.807899047701396
2011-01-30 08:00:00,25.05004923530246
2011-01-30 09:00:00,51.02394203307321
2011-01-30 10:00:00,98.54230776206403
2011-01-30 11:00:00,96.45518904763303
2011-01-30 12:00:00,208.54548429877275
2011-01-30 13:00:00,160.90871481664965
2011-01-30 14:00:00,165.13876314788413
2011-01-30 15:00:00,146.32410423238417
2011-01-30 16:00:00,135.19958622180638
2011-01-30 17:00:00,124.46224298981244
2011-01-30 18:00:00,107.01572357137816
2011-01-30 19:00:00,72.32916851792982
2011-01-30 20:00:00,61.620142765285095
2011-01-30 21:00:00,55.97713814924379
2011-01-30 22:00:00,49.63705241244311
2011-01-30 23:00:00,18.259812306096993
2011-01-31 00:00:00,13.151966746148888
2011-01-31 01:00:00,3.4189977256196165
2011-01-31 02:00:00,2.1585626894437997
2011-01-31 03:00:00,1.8093206507293973
2011-01-31 04:00:00,1.106981832008162
2011-01-31 05:00:00,2.122483250918799
2011-01-31 06:00:00,27.470706773344315
2011-01-31 07:00:00,76.26145822435552
2011-01-31 08:00:00,190.1038706569724
2011-01-31 09:00:00,103.77575920162877
2011-01-31 10:00:00,52.62095982174201
2011-01-31 11:00:00,51.55639910756128
2011-01-31 12:00:00,56.18944828429842
2011-01-31 13:00:00,62.807867804996974
2011-01-31 14:00:00,49.7323467691618
2011-01-31 15:00:00,60.532543756849144
2011-01-31 16:00:00,80.03464588511224
2011-01-31 17:00:00,143.0126493444581
2011-01-31 18:00:00,139.21037981570353
2011-01-31 19:00:00,116.06700170066891
2011-01-31 20:00:00,62.741441009510744
2011-01-31 21:00:00,33.511151951684404
2011-01-31 22:00:00,44.824454519243
2011-01-31 23:00:00,19.02112278011967
2011-02-20 00:00:00,38.738986162388855
2011-02-20 01:00:00,31.9272898307221
2011-02-20 02:00:00,26.641643116080797
2011-02-20 03:00:00,12.102783840580035
2011-02-20 04:00:00,2.9756609543828
2011-02-20 06:00:00,4.490179228774097
2011-02-20 07:00:00,13.590872188323184
2011-02-20 08:00:00,31.317453077421714
2011-02-20 09:00:00,64.11222082947485
2011-02-20 10:00:00,156.3687962411776
2011-02-20 11:00:00,188.3689788881571
2011-02-20 12:00:00,203.62998639261437
2011-02-20 13:00:00,208.7758308970125
2011-02-20 14:00:00,272.3167490602475
2011-02-20 15:00:00,265.49657498525585
2011-02-20 16:00:00,276.27851701797
2011-02-20 17:00:00,188.84777075334588
2011-02-20 18:00:00,106.497594304571
2011-02-20 19:00:00,88.86405009107325
2011-02-20 20:00:00,61.71446786788722
2011-02-20 21:00:00,62.53410012714306
2011-02-20 22:00:00,64.08584215399947
2011-02-20 23:00:00,33.49736070720671
2011-02-21 00:00:00,22.353518051011033
2011-02-21 01:00:00,15.699947450114477
2011-02-21 02:00:00,7.5550905062814175
2011-02-21 03:00:00,5.641131759184277
2011-02-21 04:00:00,3.310605474220004
2011-02-21 05:00:00,4.679741603398516
2011-02-21 06:00:00,7.637618809334943
2011-02-21 07:00:00,58.52353103300418
2011-02-21 08:00:00,81.79534509759567
2011-02-21 09:00:00,97.62558566508784
2011-02-21 10:00:00,137.4584260295152
2011-02-21 11:00:00,155.89819141951872
2011-02-21 12:00:00,231.46532286268567
2011-02-21 13:00:00,106.37584551407895
2011-02-21 14:00:00,160.8432510664558
2011-02-21 15:00:00,212.371551243661
2011-02-21 16:00:00,154.35931228820203
2011-02-21 17:00:00,180.50286383676234
2011-02-21 18:00:00,104.94012517975472
2011-02-21 19:00:00,68.93704187322449
2011-02-21 20:00:00,52.800585223183745
2011-02-21 21:00:00,23.78143060776464
2011-02-21 22:00:00,23.083006300065783
2011-02-21 23:00:00,15.418574717127767
2011-02-22 06:00:00,35.92853394254836
2011-02-22 07:00:00,94.73193943326136
2011-02-22 08:00:00,206.70460989018756
2011-02-22 09:00:00,121.68489488826698
2011-02-22 10:00:00,52.03003757965076
2011-02-22 11:00:00,60.10484963361512
2011-02-22 12:00:00,73.14604723136917
2011-02-22 13:00:00,73.08689772741737
2011-02-22 14:00:00,68.33418610223758
2011-02-22 15:00:00,71.99812492401837
2011-02-22 16:00:00,77.5652108407521
2011-02-22 17:00:00,133.68483038888806
2011-02-22 18:00:00,115.31765625659968
2011-02-22 19:00:00,114.1475702615731
2011-02-22 20:00:00,80.44740924430639
2011-02-22 21:00:00,61.05905142528628
2011-02-22 22:00:00,63.18219768498285
2011-02-22 23:00:00,37.25371765426956
2011-02-23 00:00:00,13.025589457774105
2011-02-23 01:00:00,5.437433732129067
2011-02-23 02:00:00,1.5967364872164258
2011-02-23 03:00:00,1.2720835301224018
2011-02-23 05:00:00,5.743164714767284
2011-02-23 06:00:00,33.48381136955945
2011-02-23 07:00:00,115.79077357527828
2011-02-23 08:00:00,207.44310047872483
2011-02-23 09:00:00,160.94667002468248
2011-02-23 10:00:00,54.44526926056035
2011-02-23 11:00:00,84.71323532305598
2011-02-23 12:00:00,83.49206009839051
2011-02-23 13:00:00,76.7882434965956
2011-02-23 14:00:00,81.21678266302176
2011-02-23 15:00:00,95.15830484337252
2011-02-23 16:00:00,118.8584212195598
2011-02-23 17:00:00,258.8307763902867
2011-02-23 18:00:00,211.38268256773614
2011-02-23 19:00:00,151.0159546708801
2011-02-23 20:00:00,99.03366836341131
2011-02-23 21:00:00,69.64701381021315
2011-02-23 22:00:00,56.57985457255132
2011-02-23 23:00:00,26.436722635917494
2011-02-24 00:00:00,11.588685064659671
2011-02-24 01:00:00,6.441031332408539
2011-02-24 02:00:00,2.827930487484498
2011-02-24 03:00:00,2.3603775149197803
2011-02-24 05:00:00,12.439007559342723
2011-02-24 06:00:00,66.4777567470724
2011-02-24 07:00:00,178.93354262747044
2011-02-24 08:00:00,462.0127104612092
2011-02-24 09:00:00,160.40737040346818
2011-02-24 10:00:00,101.89910798573197
2011-02-24 11:00:00,98.55302902694517
2011-02-24 12:00:00,123.31863243779026
2011-02-24 13:00:00,104.48753056739754
2011-02-24 14:00:00,105.41847335287873
2011-02-24 15:00:00,61.54706859720813
2011-02-24 16:00:00,79.87784623326816
2011-02-24 17:00:00,179.63332113470352
2011-02-24 18:00:00,205.5272574149826
2011-02-24 19:00:00,74.89309141344461
2011-02-24 20:00:00,88.96626065995163
2011-02-24 21:00:00,101.90450685089921
2011-02-24 22:00:00,28.081211754628548
2011-02-24 23:00:00,40.87057949818125
2011-02-25 00:00:00,9.108749811214585
2011-02-25 01:00:00,9.488361882705806
2011-02-25 02:00:00,5.70973056021882
2011-02-25 03:00:00,1.925482162519111
2011-02-25 05:00:00,11.252692897351059
2011-02-25 06:00:00,59.58977365996034
2011-02-25 07:00:00,97.93035031372388
2011-02-25 08:00:00,324.63713553327693
2011-02-25 09:00:00,48.61903614356526
2011-02-25 10:00:00,41.42904884317985
2011-02-25 11:00:00,181.04228557674938
2011-02-25 12:00:00,160.2643568369878
2011-02-25 13:00:00,154.14506830344558
2011-02-25 14:00:00,165.94144517587816
2011-02-25 15:00:00,186.33865261261386
2011-02-25 16:00:00,120.45580659435774
2011-02-25 17:00:00,221.67346627518526
2011-02-25 18:00:00,180.54686806258792
2011-02-25 19:00:00,133.35820138231514
2011-02-25 20:00:00,71.27069285914071
2011-02-25 21:00:00,71.741384142664
2011-02-25 22:00:00,59.41804381879299
2011-02-25 23:00:00,45.80015845918207
2011-02-26 00:00:00,37.00810594366538
2011-02-26 01:00:00,28.764232185013732
2011-02-26 02:00:00,18.16048862763311
2011-02-26 03:00:00,11.278483437352563
2011-02-26 04:00:00,4.186984441114045
2011-02-26 05:00:00,3.149588755631438
2011-02-26 06:00:00,2.8262013781108712
2011-02-26 07:00:00,11.375524545476294
2011-02-26 08:00:00,29.894227118168025
2011-02-26 09:00:00,81.16005454846328
2011-02-26 10:00:00,185.26728354170422
2011-02-26 11:00:00,201.96463428383436
2011-02-26 12:00:00,204.6122625228107
2011-02-26 13:00:00,214.27310148066306
2011-02-26 14:00:00,211.84423374783822
2011-02-26 15:00:00,175.72075339723128
2011-02-26 16:00:00,187.06094786628287
2011-02-26 17:00:00,202.1511715160566
2011-02-26 18:00:00,136.1886860951256
2011-02-26 19:00:00,81.166488115407
2011-02-26 20:00:00,76.76415601353831
2011-02-26 21:00:00,65.16654039595164
2011-02-26 22:00:00,71.30567970376356
2011-02-26 23:00:00,46.503784947610846
2011-02-27 00:00:00,38.1706290019197
2011-02-27 01:00:00,34.0434892050444
2011-02-27 02:00:00,27.065641893148957
2011-02-27 03:00:00,12.285580279371088
2011-02-27 04:00:00,7.586334833611769
2011-02-27 06:00:00,2.5691239953417693
2011-02-27 07:00:00,12.753877832425845
2011-02-27 08:00:00,34.58132023377002
2011-02-27 09:00:00,55.98887295512506
2011-02-27 10:00:00,91.84556618801354
2011-02-27 11:00:00,167.2876933871117
2011-02-27 12:00:00,208.68686272315057
2011-02-27 13:00:00,286.8691621147783
2011-02-27 14:00:00,285.75880681781246
2011-02-27 15:00:00,387.64338267621036
2011-02-27 16:00:00,319.1630302844965
2011-02-27 17:00:00,211.8609174780084
2011-02-27 18:00:00,142.73883156292916
2011-02-27 19:00:00,117.17105925285394
2011-02-27 20:00:00,92.58503841940528
2011-02-27 21:00:00,71.72936104663627
2011-02-27 22:00:00,49.6974723160196
2011-02-27 23:00:00,35.03479908872309
2011-02-28 00:00:00,15.71057764674909
2011-02-28 01:00:00,3.444365889827035
2011-02-28 03:00:00,1.0526689556142925
2011-02-28 05:00:00,13.46623420799105
2011-02-28 06:00:00,65.214072842998
2011-02-28 07:00:00,182.54961300067973
2011-02-28 08:00:00,134.8362618334821
2011-02-28 09:00:00,227.90990288399948
2011-02-28 10:00:00,161.78776896284123
2011-02-28 11:00:00,146.68845452429173
2011-02-28 12:00:00,197.15728269694128
2011-02-28 13:00:00,92.75944686340397
2011-02-28 14:00:00,32.13679534239989
2011-02-28 15:00:00,29.459912374228413
2011-02-28 16:00:00,73.29926425911519
2011-02-28 17:00:00,59.44645891896219
2011-02-28 18:00:00,197.50890669838415
2011-02-28 19:00:00,46.21571958835018
2011-02-28 20:00:00,37.03532642525419
2011-02-28 21:00:00,80.76630672668603
2011-02-28 22:00:00,24.278741811176257
2011-02-28 23:00:00,29.373629609236858
2011-03-20 00:00:00,62.08856645837807
2011-03-20 01:00:00,37.84077304997039
2011-03-20 02:00:00,29.1714793210365
2011-03-20 03:00:00,10.78538958928014
2011-03-20 04:00:00,1.3223471127991122
2011-03-20 05:00:00,1.8839370223065617
2011-03-20 06:00:00,1.8432485518522819
2011-03-20 07:00:00,10.162721133453395
2011-03-20 08:00:00,47.751828198731616
2011-03-20 09:00:00,83.05291197357181
2011-03-20 10:00:00,112.77221197075961
2011-03-20 11:00:00,203.52032694416997
2011-03-20 12:00:00,274.38258657788276
2011-03-20 13:00:00,217.34714039686096
2011-03-20 14:00:00,219.11990020680255
2011-03-20 15:00:00,203.1067352293702
2011-03-20 16:00:00,235.1812466624757
2011-03-20 17:00:00,194.22203787817017
2011-03-20 18:00:00,111.11065950241449
2011-03-20 19:00:00,102.32461801989125
2011-03-20 20:00:00,89.7588168103033
2011-03-20 21:00:00,61.6983505242324
2011-03-20 22:00:00,50.96620210532084
2011-03-20 23:00:00,26.880180650670994
2011-03-21 00:00:00,11.44378777416598
2011-03-21 01:00:00,6.9465907351863905
2011-03-21 02:00:00,4.731118370412745
2011-03-21 03:00:00,3.01158870547508
2011-03-21 05:00:00,6.185086006693447
2011-03-21 06:00:00,37.48504680942827
2011-03-21 07:00:00,48.1907803579863
2011-03-21 08:00:00,168.37740194361524
2011-03-21 09:00:00,117.3580527310928
2011-03-21 10:00:00,60.97556020631634
2011-03-21 11:00:00,107.19526501549691
2011-03-21 12:00:00,119.37842651746362
2011-03-21 13:00:00,158.56880897327542
2011-03-21 14:00:00,168.59922920903435
2011-03-21 15:00:00,188.15565590933844
2011-03-21 16:00:00,244.29682592360643
2011-03-21 17:00:00,572.3463562328521
2011-03-21 18:00:00,527.6540448035568
2011-03-21 19:00:00,430.7931320422198
2011-03-21 20:00:00,290.6841479495108
2011-03-21 21:00:00,106.24358266137916
2011-03-21 22:00:00,92.29724773648135
2011-03-21 23:00:00,52.00128140278581
2011-03-22 00:00:00,34.904401576141304
2011-03-22 01:00:00,7.079180287066057
2011-03-22 02:00:00,6.943854185720941
2011-03-22 03:00:00,3.5644210515373826
2011-03-22 04:00:00,2.8689170361764607
2011-03-22 05:00:00,22.180305924615286
2011-03-22 06:00:00,87.414530324708693
2011-03-22 07:00:00,194.52182018415786
2011-03-22 08:00:00,388.8472865286904
2011-03-22 09:00:00,182.67344066720807
2011-03-22 10:00:00,113.79859850292334
2011-03-22 11:00:00,130.36368117578428
2011-03-22 12:00:00,203.68533298763592
2011-03-22 13:00:00,169.08973323313143
2011-03-22 14:00:00,155.2375701576227
2011-03-22 15:00:00,175.6361774300669
2011-03-22 16:00:00,253.71523106845487
2011-03-22 17:00:00,458.7303257688717
2011-03-22 18:00:00,403.89817145262435
2011-03-22 19:00:00,217.1793043407541
2011-03-22 20:00:00,168.43054404243463
2011-03-22 21:00:00,97.24256578127529
2011-03-22 22:00:00,76.04535013340309
2011-03-22 23:00:00,42.29358419472503
2011-03-23 00:00:00,13.865805804197372
2011-03-23 01:00:00,4.794606251452107
2011-03-23 02:00:00,3.3925912423899116
2011-03-23 03:00:00,2.237189456356357
2011-03-23 05:00:00,6.358692863400942
2011-03-23 06:00:00,43.464318737837466
2011-03-23 07:00:00,79.55013552980034
2011-03-23 08:00:00,212.33048268936685
2011-03-23 09:00:00,135.74957110428784
2011-03-23 10:00:00,48.569411443431775
2011-03-23 11:00:00,42.42510438753286
2011-03-23 12:00:00,41.538707552229624
2011-03-23 13:00:00,65.59937111470717
2011-03-23 14:00:00,63.833303368985014
2011-03-23 15:00:00,72.31846338789695
2011-03-23 16:00:00,141.98831907225966
2011-03-23 17:00:00,337.08174907380993
2011-03-23 18:00:00,204.8490664113794
2011-03-23 19:00:00,149.57453479244046
2011-03-23 20:00:00,34.535384235486205
2011-03-23 21:00:00,17.296972158011677
2011-03-23 22:00:00,31.089310848565226
2011-03-23 23:00:00,26.15065595209419
2011-03-24 00:00:00,9.430399337673462
2011-03-24 01:00:00,5.661079923150618
2011-03-24 02:00:00,4.84649165452048
2011-03-24 03:00:00,2.2061186980768963
2011-03-24 04:00:00,1.6817592098422118
2011-03-24 05:00:00,11.932357487557015
2011-03-24 06:00:00,55.06692612264152
2011-03-24 07:00:00,60.03905399039719
2011-03-24 08:00:00,71.52143212639756
2011-03-24 09:00:00,138.48127090819037
2011-03-24 10:00:00,55.84506234665429
2011-03-24 11:00:00,77.19187767007962
2011-03-24 12:00:00,123.42858371414268
2011-03-24 13:00:00,107.19146121904635
2011-03-24 14:00:00,103.51155489411293
2011-03-24 15:00:00,111.90403333525987
2011-03-24 16:00:00,128.47466458059094
2011-03-24 17:00:00,238.3804682133259
2011-03-24 18:00:00,258.64731281224425
2011-03-24 19:00:00,192.6316270909323
2011-03-24 20:00:00,113.1591367880864
2011-03-24 21:00:00,100.83412481816636
2011-03-24 22:00:00,79.90330913457196
2011-03-24 23:00:00,43.55022960011208
2011-03-25 00:00:00,22.609810056229918
2011-03-25 01:00:00,9.054130388200916
2011-03-25 02:00:00,2.006491962132774
2011-03-25 03:00:00,3.004986225765133
2011-03-25 04:00:00,1.6010130852234175
2011-03-25 05:00:00,6.536301639209603
2011-03-25 06:00:00,50.41143764983782
2011-03-25 07:00:00,125.68590396109406
2011-03-25 08:00:00,284.16715837545894
2011-03-25 09:00:00,167.43621335964656
2011-03-25 10:00:00,110.47988275267613
2011-03-25 11:00:00,116.44575710630001
2011-03-25 12:00:00,134.11091959115024
2011-03-25 13:00:00,124.78797974724358
2011-03-25 14:00:00,167.3500179525128
2011-03-25 15:00:00,135.61041021415417
2011-03-25 16:00:00,191.1262031507642
2011-03-25 17:00:00,249.13629561812175
2011-03-25 18:00:00,196.67663076384213
2011-03-25 19:00:00,148.39117005408207
2011-03-25 20:00:00,89.46827248669823
2011-03-25 21:00:00,67.71421071935396
2011-03-25 22:00:00,68.31449375065608
2011-03-25 23:00:00,47.54973501036096
2011-03-26 00:00:00,62.313917088127546
2011-03-26 01:00:00,48.31766138106455
2011-03-26 02:00:00,41.03578634542004
2011-03-26 03:00:00,12.19507336384966
2011-03-26 04:00:00,4.736243858926691
2011-03-26 05:00:00,3.2171766099666783
2011-03-26 06:00:00,7.477620745845628
2011-03-26 07:00:00,16.15114462087579
2011-03-26 08:00:00,62.009578520202794
2011-03-26 09:00:00,117.62792873758117
2011-03-26 10:00:00,161.88023610987938
2011-03-26 11:00:00,167.27870451156875
2011-03-26 12:00:00,185.98044130363002
2011-03-26 13:00:00,239.91985027192266
2011-03-26 14:00:00,237.80295415917266
2011-03-26 15:00:00,232.58049898779393
2011-03-26 16:00:00,258.9033160040574
2011-03-26 17:00:00,171.63677142372592
2011-03-26 18:00:00,99.1259470786373
2011-03-26 19:00:00,66.04739737640197
2011-03-26 20:00:00,59.26242851835792
2011-03-26 21:00:00,62.72133905599701
2011-03-26 22:00:00,53.425193737854116
2011-03-26 23:00:00,52.7403167132647
2011-03-27 00:00:00,52.746028023383616
2011-03-27 01:00:00,38.310833342017965
2011-03-27 02:00:00,19.91949748941144
2011-03-27 03:00:00,7.457534541235222
2011-03-27 04:00:00,2.856605023742908
2011-03-27 06:00:00,4.519912711450492
2011-03-27 07:00:00,8.718080114426227
2011-03-27 08:00:00,28.750973535448157
2011-03-27 09:00:00,62.36619537216071
2011-03-27 10:00:00,75.18791336317503
2011-03-27 11:00:00,164.57579053174385
2011-03-27 12:00:00,206.2166077948642
2011-03-27 13:00:00,196.1508208876854
2011-03-27 14:00:00,203.1153238012013
2011-03-27 15:00:00,223.72528856085552
2011-03-27 16:00:00,183.46227451019445
2011-03-27 17:00:00,160.6424976613099
2011-03-27 18:00:00,116.1892959083585
2011-03-27 19:00:00,85.95316638540973
2011-03-27 20:00:00,52.219017257446716
2011-03-27 21:00:00,52.69927048154103
2011-03-27 22:00:00,47.75987693111146
2011-03-27 23:00:00,29.22080913163903
2011-03-28 00:00:00,9.461372412149709
2011-03-28 01:00:00,5.045686861192659
2011-03-28 02:00:00,2.7729002192292826
2011-03-28 03:00:00,1.3378700134214556
2011-03-28 05:00:00,5.119160386562849
2011-03-28 06:00:00,40.777633982325895
2011-03-28 07:00:00,95.55629437618141
2011-03-28 08:00:00,253.02848658948798
2011-03-28 09:00:00,123.23768170144163
2011-03-28 10:00:00,73.56112480351132
2011-03-28 11:00:00,66.90547983032923
2011-03-28 12:00:00,95.85723666390146
2011-03-28 13:00:00,117.62476270161505
2011-03-28 14:00:00,119.38367342280095
2011-03-28 15:00:00,124.34990075946232
2011-03-28 16:00:00,162.38845287396472
2011-03-28 17:00:00,344.17528514091447
2011-03-28 18:00:00,236.60067810197305
2011-03-28 19:00:00,153.70218870512596
2011-03-28 20:00:00,118.56529725315951
2011-03-28 21:00:00,104.8336618793203
2011-03-28 22:00:00,63.75204969315653
2011-03-28 23:00:00,39.26501097765829
2011-03-29 00:00:00,13.547759263399465
2011-03-29 01:00:00,3.5034185938969373
2011-03-29 02:00:00,2.606355961462867
2011-03-29 03:00:00,1.9205420395844768
2011-03-29 04:00:00,2.143757995366742
2011-03-29 05:00:00,13.688889905062378
2011-03-29 06:00:00,59.397456551996754
2011-03-29 07:00:00,144.96321866647676
2011-03-29 08:00:00,280.57391188020847
2011-03-29 09:00:00,180.4006880217338
2011-03-29 10:00:00,95.38326252303146
2011-03-29 11:00:00,92.0455983692869
2011-03-29 12:00:00,116.48851591657642
2011-03-29 13:00:00,121.6383391122279
2011-03-29 14:00:00,113.26778246986309
2011-03-29 15:00:00,143.454522188914
2011-03-29 16:00:00,177.37490403110692
2011-03-29 17:00:00,365.2610927658509
2011-03-29 18:00:00,286.60107100440314
2011-03-29 19:00:00,225.09548323511322
2011-03-29 20:00:00,173.56235703122897
2011-03-29 21:00:00,108.69494394304728
2011-03-29 22:00:00,98.41194085335626
2011-03-29 23:00:00,47.5633649558777
2011-03-30 00:00:00,17.55930571112694
2011-03-30 01:00:00,6.881394362602807
2011-03-30 02:00:00,3.0844378512867823
2011-03-30 03:00:00,1.6439617682790901
2011-03-30 04:00:00,1.5930617849777329
2011-03-30 05:00:00,23.329348225894734
2011-03-30 06:00:00,83.5312886497653
2011-03-30 07:00:00,226.53361261702563
2011-03-30 08:00:00,485.87599824095554
2011-03-30 09:00:00,277.9008224035314
2011-03-30 10:00:00,127.35623277538927
2011-03-30 11:00:00,115.67159731295439
2011-03-30 12:00:00,156.35639523452676
2011-03-30 13:00:00,166.75799907187974
2011-03-30 14:00:00,150.25390186953373
2011-03-30 15:00:00,60.11684376758109
2011-03-30 16:00:00,71.70714508214273
2011-03-30 17:00:00,110.469496373232
2011-03-30 18:00:00,110.56875875746533
2011-03-30 19:00:00,89.87487109295768
2011-03-30 20:00:00,43.38230431649434
2011-03-30 21:00:00,64.56366103418708
2011-03-30 22:00:00,32.45824458573813
2011-03-30 23:00:00,14.307440356169048
2011-03-31 00:00:00,9.810132187832588
2011-03-31 01:00:00,6.4782276851939535
2011-03-31 02:00:00,4.987374096341687
2011-03-31 03:00:00,3.8793077889504786
2011-03-31 04:00:00,3.339226504944741
2011-03-31 05:00:00,11.716196332607687
2011-03-31 06:00:00,38.254814409648446
2011-03-31 07:00:00,115.83204347747977
2011-03-31 08:00:00,207.7060097029804
2011-03-31 09:00:00,83.31338485343628
2011-03-31 10:00:00,53.36953539744805
2011-03-31 11:00:00,73.0194598435471
2011-03-31 12:00:00,83.36613947805355
2011-03-31 13:00:00,86.0963540392588
2011-03-31 14:00:00,77.39849670861852
2011-03-31 15:00:00,47.086178277973126
2011-03-31 16:00:00,115.27706262658316
2011-03-31 17:00:00,232.15886406772557
2011-03-31 18:00:00,240.21456574767123
2011-03-31 19:00:00,208.23214847322328
2011-03-31 20:00:00,45.88381806789802
2011-03-31 21:00:00,82.4107580433544
2011-03-31 22:00:00,26.51793108249207
2011-03-31 23:00:00,26.921848282862317
2011-04-20 00:00:00,41.211239638115906
2011-04-20 01:00:00,9.009006421571328
2011-04-20 02:00:00,5.853017088595206
2011-04-20 03:00:00,3.046679056487571
2011-04-20 04:00:00,2.0128362926210315
2011-04-20 05:00:00,15.791736849350606
2011-04-20 06:00:00,86.72190685182288
2011-04-20 07:00:00,228.97543629900863
2011-04-20 08:00:00,652.2882709798705
2011-04-20 09:00:00,266.3136123818691
2011-04-20 10:00:00,185.46602009973483
2011-04-20 11:00:00,199.49484309008218
2011-04-20 12:00:00,248.7055945788827
2011-04-20 13:00:00,236.07623308190688
2011-04-20 14:00:00,222.19924913977184
2011-04-20 15:00:00,216.99174515454357
2011-04-20 16:00:00,360.7099666570267
2011-04-20 17:00:00,736.8191472547769
2011-04-20 18:00:00,526.488524854887
2011-04-20 19:00:00,523.7577032840662
2011-04-20 20:00:00,328.53353653095763
2011-04-20 21:00:00,251.85892255397985
2011-04-20 22:00:00,190.45459058884717
2011-04-20 23:00:00,113.34862970000783
2011-04-21 00:00:00,37.08567678581807
2011-04-21 01:00:00,15.604114076583182
2011-04-21 02:00:00,10.4100859188429
2011-04-21 03:00:00,4.291439749236562
2011-04-21 04:00:00,4.22683560575782
2011-04-21 05:00:00,32.15004810079797
2011-04-21 06:00:00,116.35182516605036
2011-04-21 07:00:00,273.6618903178841
2011-04-21 08:00:00,389.8236526278283
2011-04-21 09:00:00,246.41364703088706
2011-04-21 10:00:00,193.2163641174816
2011-04-21 11:00:00,162.1949851322303
2011-04-21 12:00:00,220.27250392421792
2011-04-21 13:00:00,250.75893820888493
2011-04-21 14:00:00,229.5258630409906
2011-04-21 15:00:00,199.3705715220782
2011-04-21 16:00:00,260.7167701804519
2011-04-21 17:00:00,676.9816707600578
2011-04-21 18:00:00,565.8689600388091
2011-04-21 19:00:00,396.8074337507982
2011-04-21 20:00:00,291.1166990365534
2011-04-21 21:00:00,219.3845944135712
2011-04-21 22:00:00,156.41436202717898
2011-04-21 23:00:00,87.89573378330819
2011-04-22 00:00:00,42.011376289775
2011-04-22 01:00:00,24.34939119935757
2011-04-22 02:00:00,10.78786353487888
2011-04-22 03:00:00,6.090595886819075
2011-04-22 04:00:00,4.23017361820708
2011-04-22 05:00:00,22.976183912291344
2011-04-22 06:00:00,82.54070387191747
2011-04-22 07:00:00,232.03346657349888
2011-04-22 08:00:00,419.2887378168895
2011-04-22 09:00:00,99.9904463483854
2011-04-22 10:00:00,116.77456758334081
2011-04-22 11:00:00,64.2900701551345
2011-04-22 12:00:00,61.524741202033994
2011-04-22 13:00:00,46.42334624674094
2011-04-22 14:00:00,24.37268932044632
2011-04-22 15:00:00,46.937851102039495
2011-04-22 16:00:00,112.66919746806045
2011-04-22 17:00:00,101.80241477973554
2011-04-22 18:00:00,91.37827482400368
2011-04-22 19:00:00,78.0140169559312
2011-04-22 20:00:00,52.07096234101665
2011-04-22 21:00:00,44.6747984971529
2011-04-22 22:00:00,37.28746580983918
2011-04-22 23:00:00,44.409705685047626
2011-04-23 00:00:00,36.676906249224054
2011-04-23 01:00:00,30.03931864331128
2011-04-23 02:00:00,34.736943996281404
2011-04-23 03:00:00,15.29351733509713
2011-04-23 04:00:00,5.6912137880070315
2011-04-23 05:00:00,5.407904802278255
2011-04-23 06:00:00,8.379483431444127
2011-04-23 07:00:00,22.068004534321492
2011-04-23 08:00:00,30.105649865448733
2011-04-23 09:00:00,58.7007448207741
2011-04-23 10:00:00,143.2922176896132
2011-04-23 11:00:00,197.3818352866749
2011-04-23 12:00:00,177.5768695133575
2011-04-23 13:00:00,177.32360051463908
2011-04-23 14:00:00,337.8138462269184
2011-04-23 15:00:00,413.6293283894191
2011-04-23 16:00:00,451.606264523772
2011-04-23 17:00:00,413.37984217627536
2011-04-23 18:00:00,329.5415561303233
2011-04-23 19:00:00,235.40280758109893
2011-04-23 20:00:00,178.22788943850418
2011-04-23 21:00:00,196.69820305620487
2011-04-23 22:00:00,186.20358792277523
2011-04-23 23:00:00,113.37693352429883
2011-04-24 00:00:00,141.36734212445532
2011-04-24 01:00:00,90.64175362618397
2011-04-24 02:00:00,60.31395750500165
2011-04-24 03:00:00,32.33781791144166
2011-04-24 04:00:00,10.442971389160364
2011-04-24 05:00:00,14.790737432831698
2011-04-24 06:00:00,10.21532938760157
2011-04-24 07:00:00,41.0519135209137
2011-04-24 08:00:00,89.36417170543211
2011-04-24 09:00:00,136.06856903547475
2011-04-24 10:00:00,277.88431783861785
2011-04-24 11:00:00,402.8358221737735
2011-04-24 12:00:00,464.42646693660726
2011-04-24 13:00:00,447.01026263220666
2011-04-24 14:00:00,466.9932635293188
2011-04-24 15:00:00,474.7551898731541
2011-04-24 16:00:00,441.6998368205732
2011-04-24 17:00:00,480.1314462309153
2011-04-24 18:00:00,374.6590337772063
2011-04-24 19:00:00,163.9489316449886
2011-04-24 20:00:00,94.04242927370584
2011-04-24 21:00:00,69.65150375138387
2011-04-24 22:00:00,43.87639110015617
2011-04-24 23:00:00,47.230181852310544
2011-04-25 00:00:00,13.68550956673246
2011-04-25 01:00:00,9.006004108691869
2011-04-25 02:00:00,7.202544012727738
2011-04-25 03:00:00,4.401244681204412
2011-04-25 04:00:00,6.5543661694265305
2011-04-25 05:00:00,15.853074293675188
2011-04-25 06:00:00,85.70080743298308
2011-04-25 07:00:00,152.19619621928666
2011-04-25 08:00:00,529.282202759675
2011-04-25 09:00:00,261.31832338926455
2011-04-25 10:00:00,134.92809419019605
2011-04-25 11:00:00,164.32945136109973
2011-04-25 12:00:00,212.92664838470108
2011-04-25 13:00:00,192.58488102306774
2011-04-25 14:00:00,175.7567992178756
2011-04-25 15:00:00,192.18819115352926
2011-04-25 16:00:00,309.2711920364672
2011-04-25 17:00:00,564.7694444824353
2011-04-25 18:00:00,532.5468302155876
2011-04-25 19:00:00,375.34679379892094
2011-04-25 20:00:00,285.3727308226709
2011-04-25 21:00:00,197.90211100720427
2011-04-25 22:00:00,147.09821657447148
2011-04-25 23:00:00,74.2360605816185
2011-04-26 00:00:00,24.012202766008716
2011-04-26 01:00:00,11.862650347108586
2011-04-26 02:00:00,5.97540487419037
2011-04-26 03:00:00,2.7424473035084644
2011-04-26 04:00:00,4.220362297187636
2011-04-26 05:00:00,22.53618048080343
2011-04-26 06:00:00,116.93977587733028
2011-04-26 07:00:00,337.0972596964092
2011-04-26 08:00:00,505.28893355292985
2011-04-26 09:00:00,249.81710366020246
2011-04-26 10:00:00,131.03785840745934
2011-04-26 11:00:00,158.64116145939823
2011-04-26 12:00:00,213.62425151166923
2011-04-26 13:00:00,196.22135869331893
2011-04-26 14:00:00,183.28753325438078
2011-04-26 15:00:00,204.27298459371394
2011-04-26 16:00:00,321.7115495094332
2011-04-26 17:00:00,638.7222204935483
2011-04-26 18:00:00,602.6353574349149
2011-04-26 19:00:00,420.13325426022533
2011-04-26 20:00:00,319.24218943204363
2011-04-26 21:00:00,224.32115399206214
2011-04-26 22:00:00,152.49217552565685
2011-04-26 23:00:00,56.741097608663594
2011-04-27 00:00:00,40.07536285384927
2011-04-27 01:00:00,17.74465550478244
2011-04-27 02:00:00,7.193207575319864
2011-04-27 03:00:00,3.243321841148701
2011-04-27 04:00:00,6.038115565211663
2011-04-27 05:00:00,20.93062610735894
2011-04-27 06:00:00,121.69848098722915
2011-04-27 07:00:00,277.40783877391345
2011-04-27 08:00:00,405.774477066559
2011-04-27 09:00:00,209.60034627843748
2011-04-27 10:00:00,138.3125272382757
2011-04-27 11:00:00,160.03329485589663
2011-04-27 12:00:00,184.15807810030165
2011-04-27 13:00:00,165.11488666739058
2011-04-27 14:00:00,205.0233157930131
2011-04-27 15:00:00,202.9437359572145
2011-04-27 16:00:00,311.90162269221616
2011-04-27 17:00:00,206.06460577222109
2011-04-27 18:00:00,201.66909814746822
2011-04-27 19:00:00,402.06444508004176
2011-04-27 20:00:00,228.47989599336267
2011-04-27 21:00:00,164.05000641418167
2011-04-27 22:00:00,81.43279452986212
2011-04-27 23:00:00,45.6473379569253
2011-04-28 00:00:00,51.93763381390107
2011-04-28 01:00:00,18.537538661432187
2011-04-28 02:00:00,5.167975284157947
2011-04-28 03:00:00,4.419463017626305
2011-04-28 04:00:00,4.654434734397323
2011-04-28 05:00:00,32.41156314801496
2011-04-28 06:00:00,120.85777673415201
2011-04-28 07:00:00,305.15467625709545
2011-04-28 08:00:00,475.40784454891855
2011-04-28 09:00:00,133.4602112342641
2011-04-28 10:00:00,135.83648280299786
2011-04-28 11:00:00,120.54145317487445
2011-04-28 12:00:00,180.14490087623332
2011-04-28 13:00:00,119.99467619408891
2011-04-28 14:00:00,119.97275887732435
2011-04-28 15:00:00,222.01942496804534
2011-04-28 16:00:00,296.40820647456843
2011-04-28 17:00:00,623.2058907583546
2011-04-28 18:00:00,603.6723431125386
2011-04-28 19:00:00,521.8245659295854
2011-04-28 20:00:00,416.091322427314
2011-04-28 21:00:00,303.49564126310344
2011-04-28 22:00:00,200.35745898298327
2011-04-28 23:00:00,157.84228684983495
2011-04-29 00:00:00,61.86546689634682
2011-04-29 01:00:00,44.03340271417254
2011-04-29 02:00:00,25.50011782861236
2011-04-29 03:00:00,10.779477282482182
2011-04-29 04:00:00,7.599393105209482
2011-04-29 05:00:00,23.359234984241514
2011-04-29 06:00:00,139.6327085673343
2011-04-29 07:00:00,342.97728905146334
2011-04-29 08:00:00,622.9229797036251
2011-04-29 09:00:00,278.9807947222579
2011-04-29 10:00:00,208.21214002652525
2011-04-29 11:00:00,233.43657332022815
2011-04-29 12:00:00,342.11257973588897
2011-04-29 13:00:00,339.1161251846968
2011-04-29 14:00:00,259.1905327769971
2011-04-29 15:00:00,287.6846029225315
2011-04-29 16:00:00,338.49484518178247
2011-04-29 17:00:00,417.7987489350951
2011-04-29 18:00:00,469.5164995984932
2011-04-29 19:00:00,267.02449791012106
2011-04-29 20:00:00,218.3190430596014
2011-04-29 21:00:00,180.7582382298566
2011-04-29 22:00:00,150.29313728790018
2011-04-29 23:00:00,122.49811668948162
2011-04-30 00:00:00,48.522629220701596
2011-04-30 01:00:00,59.99970367208878
2011-04-30 02:00:00,39.800325939083436
2011-04-30 03:00:00,19.235282079253665
2011-04-30 04:00:00,6.128815440521754
2011-04-30 05:00:00,6.798883281633935
2011-04-30 06:00:00,15.112475964068771
2011-04-30 07:00:00,33.33455594763768
2011-04-30 08:00:00,78.71790649157894
2011-04-30 09:00:00,211.32056860882346
2011-04-30 10:00:00,310.1990229014689
2011-04-30 11:00:00,403.2028322190919
2011-04-30 12:00:00,427.41868795833443
2011-04-30 13:00:00,432.50282613149034
2011-04-30 14:00:00,502.88025144766476
2011-04-30 15:00:00,495.9542163651415
2011-04-30 16:00:00,469.37680254364966
2011-04-30 17:00:00,391.0772780779109
2011-04-30 18:00:00,330.8095468956396
2011-04-30 19:00:00,257.88413674998395
2011-04-30 20:00:00,128.042158244171
2011-04-30 21:00:00,126.34499601893096
2011-04-30 22:00:00,99.68744183134987
2011-04-30 23:00:00,80.84525458124595
2011-05-20 00:00:00,31.976838703060565
2011-05-20 01:00:00,15.747246785806448
2011-05-20 02:00:00,11.20697731095643
2011-05-20 03:00:00,5.963224272936913
2011-05-20 04:00:00,4.401933877718185
2011-05-20 05:00:00,24.723045433229064
2011-05-20 06:00:00,131.37993599631977
2011-05-20 07:00:00,416.2930660223393
2011-05-20 08:00:00,671.087297720417
2011-05-20 09:00:00,251.33343862899932
2011-05-20 10:00:00,182.42065787159552
2011-05-20 11:00:00,229.96631010110215
2011-05-20 12:00:00,281.4327703806857
2011-05-20 13:00:00,194.97965120014277
2011-05-20 14:00:00,238.47394983399434
2011-05-20 15:00:00,249.47648418266874
2011-05-20 16:00:00,396.73037762298975
2011-05-20 17:00:00,612.7330644045993
2011-05-20 18:00:00,527.0023468525497
2011-05-20 19:00:00,372.0641299335969
2011-05-20 20:00:00,263.981062154122
2011-05-20 21:00:00,258.0879990196589
2011-05-20 22:00:00,212.65129828590167
2011-05-20 23:00:00,161.12324626748685
2011-05-21 00:00:00,130.2295107331013
2011-05-21 01:00:00,97.37128678873346
2011-05-21 02:00:00,70.02908384126196
2011-05-21 03:00:00,25.37256018637894
2011-05-21 04:00:00,6.0447309718198206
2011-05-21 05:00:00,9.766855889697286
2011-05-21 06:00:00,38.38119871370658
2011-05-21 07:00:00,79.12525319064419
2011-05-21 08:00:00,211.06066686962788
2011-05-21 09:00:00,318.7389498488124
2011-05-21 10:00:00,475.58838026658185
2011-05-21 11:00:00,602.9977533339381
2011-05-21 12:00:00,577.5148540122551
2011-05-21 13:00:00,649.8668218129433
2011-05-21 14:00:00,653.7729655454324
2011-05-21 15:00:00,589.7845621844449
2011-05-21 16:00:00,550.4891615926342
2011-05-21 17:00:00,484.3447059778129
2011-05-21 18:00:00,449.2097081662063
2011-05-21 19:00:00,428.61785346689055
2011-05-21 20:00:00,290.2185461106723
2011-05-21 21:00:00,291.10485003446854
2011-05-21 22:00:00,229.09860485466436
2011-05-21 23:00:00,181.27384217713822
2011-05-22 00:00:00,143.00778806296682
2011-05-22 01:00:00,93.09273995986403
2011-05-22 02:00:00,81.10123159819013
2011-05-22 03:00:00,31.032764743776895
2011-05-22 04:00:00,10.58948118886337
2011-05-22 05:00:00,11.706646247603862
2011-05-22 06:00:00,18.924787325682743
2011-05-22 07:00:00,56.96538879017233
2011-05-22 08:00:00,123.13236443516668
2011-05-22 09:00:00,268.14399860870645
2011-05-22 10:00:00,327.676421542467
2011-05-22 11:00:00,433.2590646829535
2011-05-22 12:00:00,420.88933517315473
2011-05-22 13:00:00,516.3989579323461
2011-05-22 14:00:00,253.58599781705294
2011-05-22 15:00:00,434.5818229483158
2011-05-22 16:00:00,439.96443581038614
2011-05-22 17:00:00,457.54086441776724
2011-05-22 18:00:00,426.2568249081947
2011-05-22 19:00:00,368.3305972454387
2011-05-22 20:00:00,281.2718182541786
2011-05-22 21:00:00,210.74809140076906
2011-05-22 22:00:00,130.44151628288233
2011-05-22 23:00:00,62.28337101778702
2011-05-23 00:00:00,26.06023190345376
2011-05-23 01:00:00,14.431617717531193
2011-05-23 02:00:00,5.800906385940895
2011-05-23 03:00:00,3.3207027846738137
2011-05-23 04:00:00,5.841916371825649
2011-05-23 05:00:00,24.0716364113858
2011-05-23 06:00:00,94.12270784084444
2011-05-23 07:00:00,271.78265832275645
2011-05-23 08:00:00,448.3366183626294
2011-05-23 09:00:00,227.9771193583793
2011-05-23 10:00:00,112.99038989786806
2011-05-23 11:00:00,145.745070721814
2011-05-23 12:00:00,209.59526011279036
2011-05-23 13:00:00,180.962265626928
2011-05-23 14:00:00,166.0439715769864
2011-05-23 15:00:00,163.93540973189369
2011-05-23 16:00:00,296.2803969020419
2011-05-23 17:00:00,446.9636363012744
2011-05-23 18:00:00,529.1887491070104
2011-05-23 19:00:00,386.1400492836959
2011-05-23 20:00:00,251.35740926011275
2011-05-23 21:00:00,211.19315863576517
2011-05-23 22:00:00,98.13140278638967
2011-05-23 23:00:00,50.926189565509645
2011-05-24 00:00:00,20.759390443785648
2011-05-24 01:00:00,10.510384522543864
2011-05-24 02:00:00,7.465663923108195
2011-05-24 03:00:00,3.9685173592060727
2011-05-24 04:00:00,5.44617047645613
2011-05-24 05:00:00,17.648293872628617
2011-05-24 06:00:00,89.5534432841743
2011-05-24 07:00:00,263.27898425591223
2011-05-24 08:00:00,311.6654158084072
2011-05-24 09:00:00,276.56132394287
2011-05-24 10:00:00,125.61195081691919
2011-05-24 11:00:00,154.54899561842822
2011-05-24 12:00:00,201.26878086750295
2011-05-24 13:00:00,204.37947302083091
2011-05-24 14:00:00,182.30445380009974
2011-05-24 15:00:00,177.13274627284895
2011-05-24 16:00:00,337.1528308942674
2011-05-24 17:00:00,680.2807487501304
2011-05-24 18:00:00,658.1998801114905
2011-05-24 19:00:00,457.8009821946576
2011-05-24 20:00:00,277.85424148126225
2011-05-24 21:00:00,239.56347804752755
2011-05-24 22:00:00,51.393546223358
2011-05-24 23:00:00,103.00119087250049
2011-05-25 00:00:00,33.00936696558091
2011-05-25 01:00:00,14.101148955252762
2011-05-25 02:00:00,8.735536186582472
2011-05-25 03:00:00,4.477219361533638
2011-05-25 04:00:00,4.902408037566147
2011-05-25 05:00:00,31.42258655776227
2011-05-25 06:00:00,126.40467046663835
2011-05-25 07:00:00,441.00321678278544
2011-05-25 08:00:00,585.8540400107543
2011-05-25 09:00:00,283.3233583375973
2011-05-25 10:00:00,183.81958371853716
2011-05-25 11:00:00,159.6557308519178
2011-05-25 12:00:00,235.76484536137698
2011-05-25 13:00:00,224.32257672294142
2011-05-25 14:00:00,196.1804384829503
2011-05-25 15:00:00,202.5435002545658
2011-05-25 16:00:00,324.41501002926293
2011-05-25 17:00:00,696.2295746200095
2011-05-25 18:00:00,698.0195717938955
2011-05-25 19:00:00,513.8132654075524
2011-05-25 20:00:00,394.4611935701063
2011-05-25 21:00:00,256.93835177518434
2011-05-25 22:00:00,197.16902967665678
2011-05-25 23:00:00,135.18327300702313
2011-05-26 00:00:00,50.68878906234844
2011-05-26 01:00:00,22.01193146699925
2011-05-26 02:00:00,9.105504870221388
2011-05-26 03:00:00,4.185877443365365
2011-05-26 04:00:00,6.0820198549452895
2011-05-26 05:00:00,24.011127077945382
2011-05-26 06:00:00,96.59772894942363
2011-05-26 07:00:00,227.59174180237153
2011-05-26 08:00:00,564.1010226766878
2011-05-26 09:00:00,238.36283101472898
2011-05-26 10:00:00,132.32474744243757
2011-05-26 11:00:00,155.3538987159503
2011-05-26 12:00:00,182.14692651873855
2011-05-26 13:00:00,179.0619702499995
2011-05-26 14:00:00,170.74862917044706
2011-05-26 15:00:00,181.62029746211414
2011-05-26 16:00:00,308.14033992294327
2011-05-26 17:00:00,631.6764283790908
2011-05-26 18:00:00,595.3712631976036
2011-05-26 19:00:00,470.2266476212869
2011-05-26 20:00:00,365.84630058435647
2011-05-26 21:00:00,276.42476326630504
2011-05-26 22:00:00,207.6095439976961
2011-05-26 23:00:00,139.93039226491373
2011-05-27 00:00:00,72.09109069504824
2011-05-27 01:00:00,26.423261992550433
2011-05-27 02:00:00,13.458149732547456
2011-05-27 03:00:00,5.7792254532925185
2011-05-27 04:00:00,6.185922003009054
2011-05-27 05:00:00,31.676347605125628
2011-05-27 06:00:00,104.71524919292307
2011-05-27 07:00:00,382.9382024769094
2011-05-27 08:00:00,509.617673938244
2011-05-27 09:00:00,259.00313756452124
2011-05-27 10:00:00,162.54192337380465
2011-05-27 11:00:00,174.17163828540794
2011-05-27 12:00:00,263.3186832156375
2011-05-27 13:00:00,255.38247070291777
2011-05-27 14:00:00,223.57954080135332
2011-05-27 15:00:00,249.31369530067465
2011-05-27 16:00:00,324.016102884413
2011-05-27 17:00:00,567.5229820088314
2011-05-27 18:00:00,580.5109956285515
2011-05-27 19:00:00,259.8148234181074
2011-05-27 20:00:00,293.98930948222505
2011-05-27 21:00:00,186.50442425814333
2011-05-27 22:00:00,233.81918303730325
2011-05-27 23:00:00,150.02478187832895
2011-05-28 00:00:00,137.8508717136064
2011-05-28 01:00:00,117.01231627431933
2011-05-28 02:00:00,63.127198503648636
2011-05-28 03:00:00,27.524991911920534
2011-05-28 04:00:00,10.508119664218311
2011-05-28 05:00:00,14.452664344244484
2011-05-28 06:00:00,35.367797284362496
2011-05-28 07:00:00,67.49971073331861
2011-05-28 08:00:00,154.44427471389736
2011-05-28 09:00:00,299.5143602869912
2011-05-28 10:00:00,316.6345245241125
2011-05-28 11:00:00,380.05510900351385
2011-05-28 12:00:00,425.69741114918395
2011-05-28 13:00:00,362.37158926661846
2011-05-28 14:00:00,380.0982196103416
2011-05-28 15:00:00,439.933040027824
2011-05-28 16:00:00,411.92797506836973
2011-05-28 17:00:00,475.5030108716042
2011-05-28 18:00:00,330.1459489431192
2011-05-28 19:00:00,304.01383190052155
2011-05-28 20:00:00,261.68541882903185
2011-05-28 21:00:00,211.58464056349638
2011-05-28 22:00:00,188.31791884626227
2011-05-28 23:00:00,199.74731745319278
2011-05-29 00:00:00,126.65212268660846
2011-05-29 01:00:00,105.0028169736053
2011-05-29 02:00:00,64.67789236432935
2011-05-29 03:00:00,31.585094504754164
2011-05-29 04:00:00,9.335673255846299
2011-05-29 05:00:00,13.457746787600236
2011-05-29 06:00:00,12.28980750498964
2011-05-29 07:00:00,32.00270973115702
2011-05-29 08:00:00,90.50086932364702
2011-05-29 09:00:00,73.6020224406777
2011-05-29 10:00:00,213.33024178068393
2011-05-29 11:00:00,215.5083104750951
2011-05-29 12:00:00,302.35046828529863
2011-05-29 13:00:00,344.8936941106182
2011-05-29 14:00:00,322.0318328029713
2011-05-29 15:00:00,324.45760706631035
2011-05-29 16:00:00,351.20739240159725
2011-05-29 17:00:00,350.1591021086806
2011-05-29 18:00:00,301.2575376257684
2011-05-29 19:00:00,271.0405248935787
2011-05-29 20:00:00,195.25734672429584
2011-05-29 21:00:00,162.9678669476043
2011-05-29 22:00:00,123.89521898382462
2011-05-29 23:00:00,127.94406133320675
2011-05-30 00:00:00,58.79470308408453
2011-05-30 01:00:00,56.13074068354292
2011-05-30 02:00:00,19.993817307044107
2011-05-30 03:00:00,10.322558526485617
2011-05-30 04:00:00,7.468450372342158
2011-05-30 05:00:00,10.74061121062307
2011-05-30 06:00:00,14.637341434913745
2011-05-30 07:00:00,86.45086629350327
2011-05-30 08:00:00,124.18631112568333
2011-05-30 09:00:00,212.08206256750822
2011-05-30 10:00:00,259.8943953704434
2011-05-30 11:00:00,272.542886848101
2011-05-30 12:00:00,295.4014533743429
2011-05-30 13:00:00,308.5391483625279
2011-05-30 14:00:00,298.481892907851
2011-05-30 15:00:00,313.708805309853
2011-05-30 16:00:00,344.8903370219789
2011-05-30 17:00:00,425.8767822058923
2011-05-30 18:00:00,425.9091636933916
2011-05-30 19:00:00,274.12687208772275
2011-05-30 20:00:00,331.59836949683773
2011-05-30 21:00:00,246.7955103283138
2011-05-30 22:00:00,144.72705651558988
2011-05-30 23:00:00,92.77637210988614
2011-05-31 00:00:00,32.018804291022285
2011-05-31 01:00:00,14.70460227550347
2011-05-31 02:00:00,10.060841478349674
2011-05-31 03:00:00,4.2724992271273194
2011-05-31 04:00:00,6.66573415824283
2011-05-31 05:00:00,27.89528854227157
2011-05-31 06:00:00,121.36453797574006
2011-05-31 07:00:00,318.7322606499041
2011-05-31 08:00:00,457.00713464952975
2011-05-31 09:00:00,211.43678537448628
2011-05-31 10:00:00,113.19686754158326
2011-05-31 11:00:00,130.55694811679905
2011-05-31 12:00:00,148.5102755110754
2011-05-31 13:00:00,148.7164221835247
2011-05-31 14:00:00,130.3798178911319
2011-05-31 15:00:00,135.57454803818408
2011-05-31 16:00:00,237.53940608611572
2011-05-31 17:00:00,545.1890147272524
2011-05-31 18:00:00,576.2548644764878
2011-05-31 19:00:00,441.58830535477307
2011-05-31 20:00:00,307.52627872896886
2011-05-31 21:00:00,259.8342522604389
2011-05-31 22:00:00,169.16243964276123
2011-05-31 23:00:00,122.39930799757624
2011-06-20 00:00:00,32.23146131919536
2011-06-20 01:00:00,13.027881489898343
2011-06-20 02:00:00,6.8692366027542056
2011-06-20 03:00:00,4.137189311712581
2011-06-20 04:00:00,4.635169274394996
2011-06-20 05:00:00,23.95259481590172
2011-06-20 06:00:00,99.89840758645488
2011-06-20 07:00:00,140.54251785795162
2011-06-20 08:00:00,297.77267434371123
2011-06-20 09:00:00,219.24355342845058
2011-06-20 10:00:00,119.90060282107505
2011-06-20 11:00:00,166.02383303677829
2011-06-20 12:00:00,202.3912780048034
2011-06-20 13:00:00,204.95418333684609
2011-06-20 14:00:00,207.21510028527044
2011-06-20 15:00:00,212.3528999890982
2011-06-20 16:00:00,318.77390126602086
2011-06-20 17:00:00,633.813829082878
2011-06-20 18:00:00,585.5885805291758
2011-06-20 19:00:00,432.8692407422745
2011-06-20 20:00:00,272.01212883320306
2011-06-20 21:00:00,230.68991630245654
2011-06-20 22:00:00,139.2840921979914
2011-06-20 23:00:00,80.52816918562014
2011-06-21 00:00:00,25.777412280361467
2011-06-21 01:00:00,12.440995275167559
2011-06-21 02:00:00,4.6216792296979605
2011-06-21 03:00:00,3.27219311308326
2011-06-21 04:00:00,6.36078167402874
2011-06-21 05:00:00,27.08627466921032
2011-06-21 06:00:00,125.24008290227955
2011-06-21 07:00:00,159.91026940318784
2011-06-21 08:00:00,585.3472289277477
2011-06-21 09:00:00,280.16458745244984
2011-06-21 10:00:00,134.65460103575535
2011-06-21 11:00:00,149.9224265754747
2011-06-21 12:00:00,233.99812386571563
2011-06-21 13:00:00,214.27549826322524
2011-06-21 14:00:00,200.5935008066048
2011-06-21 15:00:00,222.5223525692465
2011-06-21 16:00:00,321.18151957597615
2011-06-21 17:00:00,675.49988080725
2011-06-21 18:00:00,815.2372599326396
2011-06-21 19:00:00,518.1107178878096
2011-06-21 20:00:00,273.31876754490884
2011-06-21 21:00:00,259.33591721065386
2011-06-21 22:00:00,168.25988610136807
2011-06-21 23:00:00,106.03027301489978
2011-06-22 00:00:00,36.59230340697671
2011-06-22 01:00:00,19.42283096845425
2011-06-22 02:00:00,7.91642540801654
2011-06-22 03:00:00,5.589684851499758
2011-06-22 04:00:00,5.331364998870172
2011-06-22 05:00:00,30.847460094091417
2011-06-22 06:00:00,145.4073107465853
2011-06-22 07:00:00,372.1150310303588
2011-06-22 08:00:00,666.8823865723587
2011-06-22 09:00:00,286.80828491429077
2011-06-22 10:00:00,160.91811112218818
2011-06-22 11:00:00,176.86764683776943
2011-06-22 12:00:00,229.57592521711007
2011-06-22 13:00:00,192.7820607676105
2011-06-22 14:00:00,222.0716258876532
2011-06-22 15:00:00,185.87207608651698
2011-06-22 16:00:00,286.80943373439584
2011-06-22 17:00:00,727.175696523454
2011-06-22 18:00:00,749.3551955505824
2011-06-22 19:00:00,492.535484873997
2011-06-22 20:00:00,381.5952751967167
2011-06-22 21:00:00,289.23001440029304
2011-06-22 22:00:00,163.37874851540803
2011-06-22 23:00:00,100.49955070900265
2011-06-23 00:00:00,49.23116492185339
2011-06-23 01:00:00,24.04434754786249
2011-06-23 02:00:00,11.176861826045227
2011-06-23 03:00:00,6.342689335771383
2011-06-23 04:00:00,7.0523067833876185
2011-06-23 05:00:00,34.96579606764749
2011-06-23 06:00:00,160.75894080200405
2011-06-23 07:00:00,401.5841838057872
2011-06-23 08:00:00,472.26105052524
2011-06-23 09:00:00,265.3334756417563
2011-06-23 10:00:00,183.25333349566844
2011-06-23 11:00:00,171.1571919300571
2011-06-23 12:00:00,211.99811101519035
2011-06-23 13:00:00,196.95033432076045
2011-06-23 14:00:00,181.7932775843567
2011-06-23 15:00:00,206.07161246251414
2011-06-23 16:00:00,301.0801740969732
2011-06-23 17:00:00,571.2400733941874
2011-06-23 18:00:00,610.3265832005708
2011-06-23 19:00:00,393.6439614056051
2011-06-23 20:00:00,363.54690767562835
2011-06-23 21:00:00,255.57800166951745
2011-06-23 22:00:00,177.08006352886093
2011-06-23 23:00:00,132.6452914807466
2011-06-24 00:00:00,71.94840788282633
2011-06-24 01:00:00,26.344375659104283
2011-06-24 02:00:00,12.362245414506212
2011-06-24 03:00:00,6.776740710619971
2011-06-24 04:00:00,6.817041660580307
2011-06-24 05:00:00,26.860564182397997
2011-06-24 06:00:00,126.4394734258618
2011-06-24 07:00:00,307.1228281975366
2011-06-24 08:00:00,548.4817258792352
2011-06-24 09:00:00,292.0010239848338
2011-06-24 10:00:00,190.2969574737523
2011-06-24 11:00:00,205.81986541835772
2011-06-24 12:00:00,260.554345836759
2011-06-24 13:00:00,314.9139451778804
2011-06-24 14:00:00,223.43968519834286
2011-06-24 15:00:00,305.95385325875816
2011-06-24 16:00:00,394.7080684572866
2011-06-24 17:00:00,614.4191997062601
2011-06-24 18:00:00,578.4143111279247
2011-06-24 19:00:00,429.8042921350742
2011-06-24 20:00:00,321.689618325678
2011-06-24 21:00:00,228.35058709813075
2011-06-24 22:00:00,190.78126054638452
2011-06-24 23:00:00,163.11128781605586
2011-06-25 00:00:00,128.6524099444408
2011-06-25 01:00:00,81.53433252991553
2011-06-25 02:00:00,66.47268720213434
2011-06-25 03:00:00,30.389892112174024
2011-06-25 04:00:00,8.11319751719009
2011-06-25 05:00:00,10.952539758622692
2011-06-25 06:00:00,24.446622931414268
2011-06-25 07:00:00,64.88548937657991
2011-06-25 08:00:00,150.4114043718959
2011-06-25 09:00:00,234.9248455246819
2011-06-25 10:00:00,370.40168621486913
2011-06-25 11:00:00,459.91371714835395
2011-06-25 12:00:00,523.6758671786051
2011-06-25 13:00:00,533.5508082464755
2011-06-25 14:00:00,472.55910538330204
2011-06-25 15:00:00,491.9263754981094
2011-06-25 16:00:00,487.00585239266644
2011-06-25 17:00:00,546.4041878942688
2011-06-25 18:00:00,483.25742070761356
2011-06-25 19:00:00,395.371848393657
2011-06-25 20:00:00,330.0465409985052
2011-06-25 21:00:00,267.574790017074
2011-06-25 22:00:00,208.83921972868427
2011-06-25 23:00:00,167.83758191789425
2011-06-26 00:00:00,128.54895154916753
2011-06-26 01:00:00,101.34927565919607
2011-06-26 02:00:00,84.79195457741473
2011-06-26 03:00:00,45.530510106731256
2011-06-26 04:00:00,11.987489340859652
2011-06-26 05:00:00,12.365575050760484
2011-06-26 06:00:00,19.78165420866166
2011-06-26 07:00:00,41.98628673856183
2011-06-26 08:00:00,119.68901654872555
2011-06-26 09:00:00,248.55598121391748
2011-06-26 10:00:00,388.08479855602883
2011-06-26 11:00:00,478.59652391223796
2011-06-26 12:00:00,564.1234070388371
2011-06-26 13:00:00,579.1477940554834
2011-06-26 14:00:00,559.1136409894822
2011-06-26 15:00:00,543.148867705836
2011-06-26 16:00:00,502.24955556737376
2011-06-26 17:00:00,511.6798251761463
2011-06-26 18:00:00,450.0382063524368
2011-06-26 19:00:00,370.99604280236866
2011-06-26 20:00:00,296.883730452173
2011-06-26 21:00:00,252.7878613188278
2011-06-26 22:00:00,166.3174921618217
2011-06-26 23:00:00,108.75700817618285
2011-06-27 00:00:00,30.135298401173124
2011-06-27 01:00:00,11.065425015498326
2011-06-27 02:00:00,7.434510347562397
2011-06-27 03:00:00,3.769742109153154
2011-06-27 04:00:00,6.317242115765997
2011-06-27 05:00:00,24.48209822763305
2011-06-27 06:00:00,130.83044529447136
2011-06-27 07:00:00,400.91664546626396
2011-06-27 08:00:00,434.1300858837112
2011-06-27 09:00:00,311.87510309682546
2011-06-27 10:00:00,179.32912125714785
2011-06-27 11:00:00,201.93577205078748
2011-06-27 12:00:00,253.24964279162205
2011-06-27 13:00:00,225.0323315976461
2011-06-27 14:00:00,206.81349496506547
2011-06-27 15:00:00,240.26923158910057
2011-06-27 16:00:00,345.78489944165256
2011-06-27 17:00:00,656.8070631098534
2011-06-27 18:00:00,663.2725905395514
2011-06-27 19:00:00,502.6904562097472
2011-06-27 20:00:00,307.5273500414884
2011-06-27 21:00:00,194.2723681812722
2011-06-27 22:00:00,134.74382432451972
2011-06-27 23:00:00,98.15180066278877
2011-06-28 00:00:00,29.867283811060936
2011-06-28 01:00:00,15.879945919706268
2011-06-28 02:00:00,9.431841832457367
2011-06-28 03:00:00,6.745120335273872
2011-06-28 04:00:00,7.244079751938821
2011-06-28 05:00:00,27.297212982333214
2011-06-28 06:00:00,152.36670584674405
2011-06-28 07:00:00,344.1391252178499
2011-06-28 08:00:00,565.7144283609961
2011-06-28 09:00:00,308.8179161981095
2011-06-28 10:00:00,161.69166703306095
2011-06-28 11:00:00,190.64405882621924
2011-06-28 12:00:00,212.3464755420976
2011-06-28 13:00:00,235.31616568097232
2011-06-28 14:00:00,183.9067569561739
2011-06-28 15:00:00,189.93050673961386
2011-06-28 16:00:00,267.0861346184132
2011-06-28 17:00:00,467.97547209949516
2011-06-28 18:00:00,533.7472088670239
2011-06-28 19:00:00,392.2129680074452
2011-06-28 20:00:00,345.64644280572344
2011-06-28 21:00:00,250.97587528382167
2011-06-28 22:00:00,160.16460388481804
2011-06-28 23:00:00,112.97277802202694
2011-06-29 00:00:00,37.658579716077945
2011-06-29 01:00:00,17.92449580515617
2011-06-29 02:00:00,8.322503322583014
2011-06-29 03:00:00,7.22738855405396
2011-06-29 04:00:00,8.011902384911005
2011-06-29 05:00:00,31.98950968525789
2011-06-29 06:00:00,136.31061153440072
2011-06-29 07:00:00,329.2984548953233
2011-06-29 08:00:00,466.16739060296055
2011-06-29 09:00:00,220.69245646256783
2011-06-29 10:00:00,131.8375111474271
2011-06-29 11:00:00,171.43796361083145
2011-06-29 12:00:00,227.27066664226243
2011-06-29 13:00:00,187.36000210757248
2011-06-29 14:00:00,206.30565067847357
2011-06-29 15:00:00,233.46266865138224
2011-06-29 16:00:00,308.4444481131723
2011-06-29 17:00:00,528.6185186963824
2011-06-29 18:00:00,501.17579348256476
2011-06-29 19:00:00,489.1179327736028
2011-06-29 20:00:00,381.00891107553434
2011-06-29 21:00:00,293.9238992710603
2011-06-29 22:00:00,204.53099168468103
2011-06-29 23:00:00,116.23470932147617
2011-06-30 00:00:00,49.80281077053205
2011-06-30 01:00:00,20.345369567084138
2011-06-30 02:00:00,8.263143767980617
2011-06-30 03:00:00,8.55337339521533
2011-06-30 04:00:00,8.651737262252038
2011-06-30 05:00:00,44.60965091581181
2011-06-30 06:00:00,131.42905302242292
2011-06-30 07:00:00,407.8819998981139
2011-06-30 08:00:00,475.41629377082785
2011-06-30 09:00:00,221.98362921714178
2011-06-30 10:00:00,143.026951608283
2011-06-30 11:00:00,188.6956267292414
2011-06-30 12:00:00,254.58853929802748
2011-06-30 13:00:00,246.07862430894775
2011-06-30 14:00:00,208.9834601675836
2011-06-30 15:00:00,193.08181599387515
2011-06-30 16:00:00,298.45188445499804
2011-06-30 17:00:00,486.2446482097542
2011-06-30 18:00:00,561.9106452220087
2011-06-30 19:00:00,435.5907227505229
2011-06-30 20:00:00,326.5659625296017
2011-06-30 21:00:00,245.90885621266202
2011-06-30 22:00:00,194.30715140573926
2011-06-30 23:00:00,150.40661891007557
2011-07-20 00:00:00,49.684645432068564
2011-07-20 01:00:00,19.44575021159365
2011-07-20 02:00:00,7.956791736937356
2011-07-20 03:00:00,7.138729887611219
2011-07-20 04:00:00,6.876945699960405
2011-07-20 05:00:00,41.51293753569438
2011-07-20 06:00:00,172.14356257256003
2011-07-20 07:00:00,474.24849542503915
2011-07-20 08:00:00,662.7336271763766
2011-07-20 09:00:00,289.2427869211899
2011-07-20 10:00:00,207.89636567232358
2011-07-20 11:00:00,182.07298321268942
2011-07-20 12:00:00,181.5910848464593
2011-07-20 13:00:00,183.1117591947456
2011-07-20 14:00:00,164.31550512434848
2011-07-20 15:00:00,186.4312393487981
2011-07-20 16:00:00,303.86351436705763
2011-07-20 17:00:00,519.7155015248552
2011-07-20 18:00:00,512.5664708635715
2011-07-20 19:00:00,454.94181364972593
2011-07-20 20:00:00,365.85876850190726
2011-07-20 21:00:00,323.01768550775546
2011-07-20 22:00:00,234.0321051103014
2011-07-20 23:00:00,120.16977237349899
2011-07-21 00:00:00,57.9834221264078
2011-07-21 01:00:00,19.451598834486635
2011-07-21 02:00:00,6.575888538075012
2011-07-21 03:00:00,5.248079619919351
2011-07-21 04:00:00,7.74987611766585
2011-07-21 05:00:00,37.596632906974676
2011-07-21 06:00:00,185.14565594318924
2011-07-21 07:00:00,428.0006932868073
2011-07-21 08:00:00,569.1895565099697
2011-07-21 09:00:00,212.43583568266894
2011-07-21 10:00:00,148.69642912530958
2011-07-21 11:00:00,150.65175211140345
2011-07-21 12:00:00,189.3277257588913
2011-07-21 13:00:00,188.84980451974803
2011-07-21 14:00:00,174.32459653858513
2011-07-21 15:00:00,169.7807660185698
2011-07-21 16:00:00,302.9117162446094
2011-07-21 17:00:00,526.5833189630529
2011-07-21 18:00:00,553.8161958655626
2011-07-21 19:00:00,422.901186241273
2011-07-21 20:00:00,399.04997864984125
2011-07-21 21:00:00,298.5238165348521
2011-07-21 22:00:00,233.0214053018613
2011-07-21 23:00:00,165.03447241304306
2011-07-22 00:00:00,84.02519207582124
2011-07-22 01:00:00,35.540646846830164
2011-07-22 02:00:00,13.874706829518603
2011-07-22 03:00:00,7.884289273245957
2011-07-22 04:00:00,8.746001962931304
2011-07-22 05:00:00,31.642744763316482
2011-07-22 06:00:00,101.85991441433613
2011-07-22 07:00:00,375.4785522774086
2011-07-22 08:00:00,545.6724521277162
2011-07-22 09:00:00,271.64968927679257
2011-07-22 10:00:00,174.0120865201978
2011-07-22 11:00:00,204.69574543740612
2011-07-22 12:00:00,275.738944222328
2011-07-22 13:00:00,248.499345711698
2011-07-22 14:00:00,247.6522242768967
2011-07-22 15:00:00,246.82526627689847
2011-07-22 16:00:00,320.80141523043517
2011-07-22 17:00:00,481.0604986046014
2011-07-22 18:00:00,533.3107551997749
2011-07-22 19:00:00,460.6396557815734
2011-07-22 20:00:00,310.06203902045326
2011-07-22 21:00:00,275.1306841155465
2011-07-22 22:00:00,227.7670398966624
2011-07-22 23:00:00,167.04016646034276
2011-07-23 00:00:00,130.74482342354148
2011-07-23 01:00:00,95.32073091034897
2011-07-23 02:00:00,69.40706165976121
2011-07-23 03:00:00,28.04593557349033
2011-07-23 04:00:00,11.18297830969197
2011-07-23 05:00:00,11.806154126737923
2011-07-23 06:00:00,29.122848054202446
2011-07-23 07:00:00,69.98293968802413
2011-07-23 08:00:00,160.41771742893093
2011-07-23 09:00:00,250.31932771725607
2011-07-23 10:00:00,337.3036448017983
2011-07-23 11:00:00,386.5135600504993
2011-07-23 12:00:00,359.6515299821275
2011-07-23 13:00:00,369.1444144803388
2011-07-23 14:00:00,356.7533328030202
2011-07-23 15:00:00,336.3141665514601
2011-07-23 16:00:00,347.9167517976609
2011-07-23 17:00:00,332.0972318573297
2011-07-23 18:00:00,368.6611812385902
2011-07-23 19:00:00,296.6528346460443
2011-07-23 20:00:00,287.6711968372298
2011-07-23 21:00:00,262.5616290182943
2011-07-23 22:00:00,238.84107752446894
2011-07-23 23:00:00,177.9371088376361
2011-07-24 00:00:00,147.74691510776233
2011-07-24 01:00:00,104.08641405484981
2011-07-24 02:00:00,74.65329885622235
2011-07-24 03:00:00,30.460695406347806
2011-07-24 04:00:00,11.104748835438121
2011-07-24 05:00:00,9.960890791409575
2011-07-24 06:00:00,16.764723041147942
2011-07-24 07:00:00,54.57794024157294
2011-07-24 08:00:00,125.06321199653668
2011-07-24 09:00:00,220.7482776141604
2011-07-24 10:00:00,329.3944573379065
2011-07-24 11:00:00,377.98145898151677
2011-07-24 12:00:00,361.54297933756106
2011-07-24 13:00:00,415.35094231548334
2011-07-24 14:00:00,376.42237074496364
2011-07-24 15:00:00,344.7164545015725
2011-07-24 16:00:00,372.66657048094095
2011-07-24 17:00:00,368.5922537504544
2011-07-24 18:00:00,375.90530400521334
2011-07-24 19:00:00,363.1679903999376
2011-07-24 20:00:00,335.879857169012
2011-07-24 21:00:00,247.57967856140598
2011-07-24 22:00:00,164.83289888173329
2011-07-24 23:00:00,128.6297175707804
2011-07-25 00:00:00,48.869029978509175
2011-07-25 01:00:00,16.60270617723112
2011-07-25 02:00:00,6.965358778664036
2011-07-25 03:00:00,4.597428579776458
2011-07-25 04:00:00,5.601501820531027
2011-07-25 05:00:00,23.641040098732223
2011-07-25 06:00:00,141.48548129143794
2011-07-25 07:00:00,375.7852513037938
2011-07-25 08:00:00,581.3222998176684
2011-07-25 09:00:00,230.60252343953997
2011-07-25 10:00:00,138.42352490911776
2011-07-25 11:00:00,155.3069169378861
2011-07-25 12:00:00,171.73281007678202
2011-07-25 13:00:00,226.03322335585656
2011-07-25 14:00:00,146.7475070709323
2011-07-25 15:00:00,151.9658816185886
2011-07-25 16:00:00,276.52055069053023
2011-07-25 17:00:00,676.2603869868014
2011-07-25 18:00:00,763.4943266935936
2011-07-25 19:00:00,546.7885367217491
2011-07-25 20:00:00,305.26659328818073
2011-07-25 21:00:00,164.92288835593058
2011-07-25 22:00:00,144.38877847215113
2011-07-25 23:00:00,94.98929698797413
2011-07-26 00:00:00,38.115744537394
2011-07-26 01:00:00,18.14218466902412
2011-07-26 02:00:00,11.006227422193055
2011-07-26 03:00:00,5.957075010437687
2011-07-26 04:00:00,7.3647636962916545
2011-07-26 05:00:00,33.863550309900404
2011-07-26 06:00:00,150.67771373903773
2011-07-26 07:00:00,360.3454737230702
2011-07-26 08:00:00,444.8263177163031
2011-07-26 09:00:00,216.20066434042792
2011-07-26 10:00:00,137.5131198320555
2011-07-26 11:00:00,181.79042482833364
2011-07-26 12:00:00,261.74947789297516
2011-07-26 13:00:00,193.68517512073205
2011-07-26 14:00:00,182.39418849593403
2011-07-26 15:00:00,182.5449727693746
2011-07-26 16:00:00,314.4622761570077
2011-07-26 17:00:00,599.7031247053872
2011-07-26 18:00:00,632.9149349142946
2011-07-26 19:00:00,381.3873465558864
2011-07-26 20:00:00,311.75118152583724
2011-07-26 21:00:00,269.84058035984316
2011-07-26 22:00:00,206.7470222899789
2011-07-26 23:00:00,108.57632168959204
2011-07-27 00:00:00,50.75184334075963
2011-07-27 01:00:00,15.80233377827937
2011-07-27 02:00:00,7.557052070262208
2011-07-27 03:00:00,4.83908892273124
2011-07-27 04:00:00,5.499508417548465
2011-07-27 05:00:00,37.70947227640429
2011-07-27 06:00:00,137.12102934150013
2011-07-27 07:00:00,340.6270733654594
2011-07-27 08:00:00,423.9926377750483
2011-07-27 09:00:00,210.2883316101673
2011-07-27 10:00:00,133.33117763926919
2011-07-27 11:00:00,164.25721992794098
2011-07-27 12:00:00,200.79561889783605
2011-07-27 13:00:00,189.32842127933807
2011-07-27 14:00:00,211.11183695595588
2011-07-27 15:00:00,198.99076617252726
2011-07-27 16:00:00,351.54923299452656
2011-07-27 17:00:00,630.7150011305134
2011-07-27 18:00:00,608.6879351576918
2011-07-27 19:00:00,396.0738496640188
2011-07-27 20:00:00,400.0000013469377
2011-07-27 21:00:00,298.2364854860505
2011-07-27 22:00:00,213.0346895510464
2011-07-27 23:00:00,113.36737265885438
2011-07-28 00:00:00,62.438176714722694
2011-07-28 01:00:00,26.49395690827826
2011-07-28 02:00:00,14.655416429328985
2011-07-28 03:00:00,7.546730941499794
2011-07-28 04:00:00,7.7226594491221405
2011-07-28 05:00:00,32.58530184540649
2011-07-28 06:00:00,154.21490591230506
2011-07-28 07:00:00,473.81605276620894
2011-07-28 08:00:00,529.6536670078038
2011-07-28 09:00:00,262.99806151239943
2011-07-28 10:00:00,146.88018887084755
2011-07-28 11:00:00,167.22554980878556
2011-07-28 12:00:00,185.77508808061455
2011-07-28 13:00:00,192.28058442748107
2011-07-28 14:00:00,204.08612808831307
2011-07-28 15:00:00,181.14657860145206
2011-07-28 16:00:00,343.24831059541305
2011-07-28 17:00:00,694.1802180183673
2011-07-28 18:00:00,592.8274044154479
2011-07-28 19:00:00,486.6182787213882
2011-07-28 20:00:00,390.8055441266994
2011-07-28 21:00:00,289.6301846571385
2011-07-28 22:00:00,229.6152810685205
2011-07-28 23:00:00,151.3504522093035
2011-07-29 00:00:00,70.84000291838557
2011-07-29 01:00:00,28.874010301927598
2011-07-29 02:00:00,13.635344661129265
2011-07-29 03:00:00,6.556225845120159
2011-07-29 04:00:00,7.469040433099295
2011-07-29 05:00:00,28.0679227080643
2011-07-29 06:00:00,130.84436760764487
2011-07-29 07:00:00,337.087111073551
2011-07-29 08:00:00,643.1780566429062
2011-07-29 09:00:00,276.70076425400265
2011-07-29 10:00:00,191.65457956758507
2011-07-29 11:00:00,224.05705228750412
2011-07-29 12:00:00,298.2749685356078
2011-07-29 13:00:00,277.2453101890301
2011-07-29 14:00:00,298.37201162590253
2011-07-29 15:00:00,310.0154597483842
2011-07-29 16:00:00,346.82587858429855
2011-07-29 17:00:00,538.550286544023
2011-07-29 18:00:00,467.4798480050501
2011-07-29 19:00:00,383.04307039272175
2011-07-29 20:00:00,313.60958058343897
2011-07-29 21:00:00,275.6007361907236
2011-07-29 22:00:00,241.00475659324164
2011-07-29 23:00:00,159.10796252979182
2011-07-30 00:00:00,138.22128693223388
2011-07-30 01:00:00,91.86835258757974
2011-07-30 02:00:00,68.1528194079127
2011-07-30 03:00:00,30.72005486731109
2011-07-30 04:00:00,9.820662009690077
2011-07-30 05:00:00,14.855524640335027
2011-07-30 06:00:00,31.550997058119098
2011-07-30 07:00:00,65.59905730379495
2011-07-30 08:00:00,160.0584275312426
2011-07-30 09:00:00,251.10262717738243
2011-07-30 10:00:00,357.6516678659447
2011-07-30 11:00:00,387.0724846714931
2011-07-30 12:00:00,392.379073379703
2011-07-30 13:00:00,388.3683232516106
2011-07-30 14:00:00,355.1477012644863
2011-07-30 15:00:00,359.0626156670285
2011-07-30 16:00:00,377.2800697662392
2011-07-30 17:00:00,331.641145206229
2011-07-30 18:00:00,333.6317953248148
2011-07-30 19:00:00,401.04514816131615
2011-07-30 20:00:00,307.7620577860412
2011-07-30 21:00:00,261.1790709519345
2011-07-30 22:00:00,232.04641132918465
2011-07-30 23:00:00,159.18766766206124
2011-07-31 00:00:00,154.95186021166143
2011-07-31 01:00:00,102.76698056081686
2011-07-31 02:00:00,78.16046053119821
2011-07-31 03:00:00,33.11599156548928
2011-07-31 04:00:00,12.209275486381957
2011-07-31 05:00:00,12.429127786179885
2011-07-31 06:00:00,26.16302751338727
2011-07-31 07:00:00,54.48367877946538
2011-07-31 08:00:00,119.6947254644514
2011-07-31 09:00:00,220.63292377893916
2011-07-31 10:00:00,303.48029334857705
2011-07-31 11:00:00,366.53348767245143
2011-07-31 12:00:00,392.81042267869
2011-07-31 13:00:00,406.58215984403313
2011-07-31 14:00:00,394.32405545246246
2011-07-31 15:00:00,348.3839188289523
2011-07-31 16:00:00,382.2975972674933
2011-07-31 17:00:00,364.1963006545156
2011-07-31 18:00:00,396.87609622672716
2011-07-31 19:00:00,328.5161312410531
2011-07-31 20:00:00,289.9137001092572
2011-07-31 21:00:00,242.78634214929167
2011-07-31 22:00:00,153.9335793683518
2011-07-31 23:00:00,88.6971347299815
2011-08-20 00:00:00,120.59269077667764
2011-08-20 01:00:00,94.56056545554293
2011-08-20 02:00:00,64.61873103355211
2011-08-20 03:00:00,31.34315820682637
2011-08-20 04:00:00,8.135894432573405
2011-08-20 05:00:00,10.89604889430881
2011-08-20 06:00:00,28.65485478063038
2011-08-20 07:00:00,53.39200053851324
2011-08-20 08:00:00,126.0248319135031
2011-08-20 09:00:00,224.88467559426374
2011-08-20 10:00:00,367.3285905093591
2011-08-20 11:00:00,476.11846909217127
2011-08-20 12:00:00,440.13750357866104
2011-08-20 13:00:00,444.544233619305
2011-08-20 14:00:00,418.91635607622254
2011-08-20 15:00:00,426.2148612099954
2011-08-20 16:00:00,423.74655127300593
2011-08-20 17:00:00,411.77767750588885
2011-08-20 18:00:00,349.32746367360613
2011-08-20 19:00:00,314.13387951335704
2011-08-20 20:00:00,296.4896938538537
2011-08-20 21:00:00,236.21211082491416
2011-08-20 22:00:00,172.0357992630696
2011-08-20 23:00:00,155.58154206916524
2011-08-21 00:00:00,159.84385140888406
2011-08-21 01:00:00,106.47539491762305
2011-08-21 02:00:00,81.17831003690178
2011-08-21 03:00:00,34.46317736593352
2011-08-21 04:00:00,7.354087957626343
2011-08-21 05:00:00,9.757773528932509
2011-08-21 06:00:00,11.640995846328089
2011-08-21 07:00:00,43.04295542343441
2011-08-21 08:00:00,90.73556811020461
2011-08-21 09:00:00,184.65650692755395
2011-08-21 10:00:00,275.6796145641247
2011-08-21 11:00:00,357.02310626924293
2011-08-21 12:00:00,368.6645031633055
2011-08-21 13:00:00,479.1468857230622
2011-08-21 14:00:00,270.9850837475021
2011-08-21 15:00:00,240.7112743355769
2011-08-21 16:00:00,326.3440025484447
2011-08-21 17:00:00,281.14338692986183
2011-08-21 18:00:00,327.4511533296367
2011-08-21 19:00:00,290.54676309172584
2011-08-21 20:00:00,225.02405569952046
2011-08-21 21:00:00,186.44981449271182
2011-08-21 22:00:00,111.08265902222027
2011-08-21 23:00:00,87.49735535523595
2011-08-22 00:00:00,34.87128946006241
2011-08-22 01:00:00,16.191320428127415
2011-08-22 02:00:00,11.740762395428288
2011-08-22 03:00:00,5.043049219589863
2011-08-22 04:00:00,6.369447635797364
2011-08-22 05:00:00,28.733309821315494
2011-08-22 06:00:00,93.73896675611303
2011-08-22 07:00:00,341.65576562959916
2011-08-22 08:00:00,509.5197965966491
2011-08-22 09:00:00,243.96153900597852
2011-08-22 10:00:00,151.8884855119058
2011-08-22 11:00:00,151.99783258521578
2011-08-22 12:00:00,202.99408823026894
2011-08-22 13:00:00,197.24040348178315
2011-08-22 14:00:00,192.9770602118708
2011-08-22 15:00:00,205.24821370398197
2011-08-22 16:00:00,353.87680845976206
2011-08-22 17:00:00,552.0365810670633
2011-08-22 18:00:00,535.635115237837
2011-08-22 19:00:00,447.1270180348247
2011-08-22 20:00:00,326.61540813814236
2011-08-22 21:00:00,233.8761318821865
2011-08-22 22:00:00,148.52408974008546
2011-08-22 23:00:00,95.67896641140705
2011-08-23 00:00:00,29.390454821592083
2011-08-23 01:00:00,12.87561799102687
2011-08-23 02:00:00,7.235096787447691
2011-08-23 03:00:00,4.75123184518793
2011-08-23 04:00:00,5.741657933218854
2011-08-23 05:00:00,31.609939117386606
2011-08-23 06:00:00,129.31471530446188
2011-08-23 07:00:00,369.309745891455
2011-08-23 08:00:00,596.1180619601174
2011-08-23 09:00:00,274.8801231188709
2011-08-23 10:00:00,182.71885256477321
2011-08-23 11:00:00,222.90571843519442
2011-08-23 12:00:00,297.7334504379107
2011-08-23 13:00:00,288.5448704704183
2011-08-23 14:00:00,268.35454706651626
2011-08-23 15:00:00,271.15683300792966
2011-08-23 16:00:00,472.7653831913702
2011-08-23 17:00:00,789.9551886311993
2011-08-23 18:00:00,732.3797855284981
2011-08-23 19:00:00,502.3742506227735
2011-08-23 20:00:00,365.0892021419531
2011-08-23 21:00:00,228.583597535729
2011-08-23 22:00:00,182.7318795108946
2011-08-23 23:00:00,97.47481041305124
2011-08-24 00:00:00,34.39705697229133
2011-08-24 01:00:00,16.137620007827678
2011-08-24 02:00:00,7.80611836942699
2011-08-24 03:00:00,7.51724734533114
2011-08-24 04:00:00,7.61548717209951
2011-08-24 05:00:00,43.180270280881956
2011-08-24 06:00:00,170.01280226386336
2011-08-24 07:00:00,369.6444225986381
2011-08-24 08:00:00,588.0486537692717
2011-08-24 09:00:00,278.6550623353404
2011-08-24 10:00:00,145.84982365803242
2011-08-24 11:00:00,182.588789072861
2011-08-24 12:00:00,187.31049522272303
2011-08-24 13:00:00,220.623272834231
2011-08-24 14:00:00,206.12149390095703
2011-08-24 15:00:00,215.18591499330023
2011-08-24 16:00:00,300.70842888575424
2011-08-24 17:00:00,589.3898864894602
2011-08-24 18:00:00,577.6198885500982
2011-08-24 19:00:00,478.247532937354
2011-08-24 20:00:00,379.0017318182013
2011-08-24 21:00:00,276.5538064921417
2011-08-24 22:00:00,175.82285434147394
2011-08-24 23:00:00,104.23227616603577
2011-08-25 00:00:00,51.71008249368805
2011-08-25 01:00:00,25.453523754889993
2011-08-25 02:00:00,10.55327818447606
2011-08-25 03:00:00,6.131014610420677
2011-08-25 04:00:00,7.289460221773327
2011-08-25 05:00:00,34.81242053242093
2011-08-25 06:00:00,139.44599664222977
2011-08-25 07:00:00,324.193876674002
2011-08-25 08:00:00,442.1357637401511
2011-08-25 09:00:00,239.35860922559485
2011-08-25 10:00:00,132.04531271279265
2011-08-25 11:00:00,115.22869190698775
2011-08-25 12:00:00,128.509911166327
2011-08-25 13:00:00,155.8548749215727
2011-08-25 14:00:00,187.63921868348152
2011-08-25 15:00:00,225.16984982317103
2011-08-25 16:00:00,280.117334103195
2011-08-25 17:00:00,431.18848939463413
2011-08-25 18:00:00,333.85544709957594
2011-08-25 19:00:00,263.06384638988584
2011-08-25 20:00:00,252.9023053860181
2011-08-25 21:00:00,228.2494085985364
2011-08-25 22:00:00,176.33113854479845
2011-08-25 23:00:00,125.09844432926687
2011-08-26 00:00:00,75.29482563923739
2011-08-26 01:00:00,23.1963726104143
2011-08-26 02:00:00,12.353794874093035
2011-08-26 03:00:00,7.4338947086880705
2011-08-26 04:00:00,6.7995740491470125
2011-08-26 05:00:00,27.769086923366622
2011-08-26 06:00:00,115.05489926439095
2011-08-26 07:00:00,262.49861909470434
2011-08-26 08:00:00,537.2036417628282
2011-08-26 09:00:00,277.4928228503293
2011-08-26 10:00:00,173.91932095629744
2011-08-26 11:00:00,231.18812819411517
2011-08-26 12:00:00,276.1139822336208
2011-08-26 13:00:00,265.89545914450815
2011-08-26 14:00:00,232.99389745830536
2011-08-26 15:00:00,269.86513454485447
2011-08-26 16:00:00,368.7516301266253
2011-08-26 17:00:00,619.7558811816568
2011-08-26 18:00:00,617.3907887200356
2011-08-26 19:00:00,350.4635512460219
2011-08-26 20:00:00,266.1227827314432
2011-08-26 21:00:00,245.7620388708917
2011-08-26 22:00:00,230.6866617796217
2011-08-26 23:00:00,190.23958257766083
2011-08-27 00:00:00,169.89668648711216
2011-08-27 01:00:00,98.41879276520778
2011-08-27 02:00:00,79.93716192945578
2011-08-27 03:00:00,36.45537984465601
2011-08-27 04:00:00,9.585913240772797
2011-08-27 05:00:00,10.809303811092933
2011-08-27 06:00:00,29.041411863385456
2011-08-27 07:00:00,64.10855373611643
2011-08-27 08:00:00,165.93540867412207
2011-08-27 09:00:00,246.8632874132469
2011-08-27 10:00:00,310.53283352466104
2011-08-27 11:00:00,140.72508849500326
2011-08-27 12:00:00,156.6182316899639
2011-08-27 13:00:00,156.3827395453515
2011-08-27 14:00:00,121.37345407900293
2011-08-27 15:00:00,124.5527831307814
2011-08-27 16:00:00,116.99811518851554
2011-08-27 17:00:00,101.12974449758708
2011-08-28 07:00:00,55.22458774074622
2011-08-28 08:00:00,124.77999618407442
2011-08-28 09:00:00,218.96372824775003
2011-08-28 10:00:00,333.6579958818621
2011-08-28 11:00:00,402.76020448454693
2011-08-28 12:00:00,413.3946128320321
2011-08-28 13:00:00,453.3563760925932
2011-08-28 14:00:00,479.3360418994479
2011-08-28 15:00:00,440.6696818774952
2011-08-28 16:00:00,438.217472100272
2011-08-28 17:00:00,532.6043361927168
2011-08-28 18:00:00,501.3723659453838
2011-08-28 19:00:00,360.7464980217319
2011-08-28 20:00:00,296.15399449235446
2011-08-28 21:00:00,227.68472949793238
2011-08-28 22:00:00,129.5074454362715
2011-08-28 23:00:00,81.85038588156628
2011-08-29 00:00:00,35.7113493559295
2011-08-29 01:00:00,12.437155725427482
2011-08-29 02:00:00,7.388633017620157
2011-08-29 03:00:00,6.97968134246703
2011-08-29 04:00:00,9.106161825256528
2011-08-29 05:00:00,35.55126426181387
2011-08-29 06:00:00,145.10904354671902
2011-08-29 07:00:00,434.5175753811528
2011-08-29 08:00:00,489.2719877891071
2011-08-29 09:00:00,312.4204307999035
2011-08-29 10:00:00,178.09099586225713
2011-08-29 11:00:00,227.81439595278118
2011-08-29 12:00:00,300.5598397761281
2011-08-29 13:00:00,309.9094023742387
2011-08-29 14:00:00,265.8190810755617
2011-08-29 15:00:00,270.72170739147174
2011-08-29 16:00:00,432.545748952542
2011-08-29 17:00:00,767.4947496565175
2011-08-29 18:00:00,768.0877106422431
2011-08-29 19:00:00,532.8823014437502
2011-08-29 20:00:00,367.35785542794906
2011-08-29 21:00:00,252.30813144531555
2011-08-29 22:00:00,148.32776399280502
2011-08-29 23:00:00,87.54788414980464
2011-08-30 00:00:00,35.13087792814192
2011-08-30 01:00:00,12.678731056390351
2011-08-30 02:00:00,5.5681590579662075
2011-08-30 03:00:00,5.254092254838268
2011-08-30 04:00:00,7.6481181919842225
2011-08-30 05:00:00,43.595069155172894
2011-08-30 06:00:00,166.97658125934657
2011-08-30 07:00:00,493.46958691316274
2011-08-30 08:00:00,510.44419735395616
2011-08-30 09:00:00,245.00315651463387
2011-08-30 10:00:00,150.69469481964012
2011-08-30 11:00:00,190.66569810058374
2011-08-30 12:00:00,275.0230832477542
2011-08-30 13:00:00,275.2963559704842
2011-08-30 14:00:00,234.232073532662
2011-08-30 15:00:00,262.14465811875095
2011-08-30 16:00:00,452.1055728148266
2011-08-30 17:00:00,722.4917163742225
2011-08-30 18:00:00,674.1406715974009
2011-08-30 19:00:00,432.78539922261007
2011-08-30 20:00:00,311.85432901135795
2011-08-30 21:00:00,232.87932726551384
2011-08-30 22:00:00,172.6025756624126
2011-08-30 23:00:00,102.02824863505245
2011-08-31 00:00:00,38.165960349164706
2011-08-31 01:00:00,12.84039732239683
2011-08-31 02:00:00,9.806162574550962
2011-08-31 03:00:00,9.252974820897043
2011-08-31 04:00:00,7.520375114484091
2011-08-31 05:00:00,47.639505924120336
2011-08-31 06:00:00,182.80464582080015
2011-08-31 07:00:00,330.22492625274396
2011-08-31 08:00:00,605.9941688850511
2011-08-31 09:00:00,281.20718516377957
2011-08-31 10:00:00,181.59762145997112
2011-08-31 11:00:00,194.60347916509505
2011-08-31 12:00:00,229.6501741632748
2011-08-31 13:00:00,266.14573673214596
2011-08-31 14:00:00,237.60627866301786
2011-08-31 15:00:00,264.54229060879595
2011-08-31 16:00:00,396.5665330726131
2011-08-31 17:00:00,734.6791280169648
2011-08-31 18:00:00,782.4811202061284
2011-08-31 19:00:00,492.34757558829295
2011-08-31 20:00:00,428.36478035591114
2011-08-31 21:00:00,302.6030930002528
2011-08-31 22:00:00,210.0295821311163
2011-08-31 23:00:00,110.2695323488209
2011-09-20 00:00:00,31.069314227308418
2011-09-20 01:00:00,9.389457550741835
2011-09-20 02:00:00,3.7522515428727874
2011-09-20 03:00:00,4.471181103425616
2011-09-20 04:00:00,4.564875488896377
2011-09-20 05:00:00,23.585666973855595
2011-09-20 06:00:00,107.2257290764519
2011-09-20 07:00:00,329.47602155692545
2011-09-20 08:00:00,160.63925645264678
2011-09-20 09:00:00,84.6336109518901
2011-09-20 10:00:00,60.73247355332185
2011-09-20 11:00:00,60.93278775292002
2011-09-20 12:00:00,89.40114212405655
2011-09-20 13:00:00,78.6030436099938
2011-09-20 14:00:00,114.1782573845359
2011-09-20 15:00:00,167.59103578886067
2011-09-20 16:00:00,260.475971012093
2011-09-20 17:00:00,325.5595783220327
2011-09-20 18:00:00,314.55021380873507
2011-09-20 19:00:00,276.60282297046143
2011-09-20 20:00:00,155.29084605303683
2011-09-20 21:00:00,107.29070983062901
2011-09-20 22:00:00,116.2206030458908
2011-09-20 23:00:00,87.15209863676542
2011-09-21 00:00:00,17.042686341934985
2011-09-21 01:00:00,8.831640063976208
2011-09-21 02:00:00,5.441840640768821
2011-09-21 03:00:00,4.0952510386639505
2011-09-21 04:00:00,4.05402861220739
2011-09-21 05:00:00,13.726053527432024
2011-09-21 06:00:00,76.66916878900368
2011-09-21 07:00:00,130.41232058259683
2011-09-21 08:00:00,204.23336253464774
2011-09-21 09:00:00,68.57613757208532
2011-09-21 10:00:00,83.15077361643507
2011-09-21 11:00:00,150.8834934861304
2011-09-21 12:00:00,156.73813207027735
2011-09-21 13:00:00,203.83824409001315
2011-09-21 14:00:00,184.41578559186627
2011-09-21 15:00:00,175.91434017900693
2011-09-21 16:00:00,267.13570164911494
2011-09-21 17:00:00,499.11911301557893
2011-09-21 18:00:00,293.64407471062117
2011-09-21 19:00:00,108.58559168312445
2011-09-21 20:00:00,68.32642533816488
2011-09-21 21:00:00,51.2676298363891
2011-09-21 22:00:00,60.59597845589676
2011-09-21 23:00:00,72.1977965153486
2011-09-22 00:00:00,21.132371745797233
2011-09-22 01:00:00,7.485839583341459
2011-09-22 02:00:00,5.266636701289753
2011-09-22 03:00:00,3.632417894744297
2011-09-22 04:00:00,4.000451590850596
2011-09-22 05:00:00,19.59552145004168
2011-09-22 06:00:00,80.1143114411738
2011-09-22 07:00:00,137.39620347870544
2011-09-22 08:00:00,189.53342362274174
2011-09-22 09:00:00,119.62162768868131
2011-09-22 10:00:00,159.58408108361613
2011-09-22 11:00:00,154.80065638558327
2011-09-22 12:00:00,140.1607400933683
2011-09-22 13:00:00,131.67928629926115
2011-09-22 14:00:00,134.4712344880776
2011-09-22 15:00:00,142.64512658738195
2011-09-22 16:00:00,280.3335537236961
2011-09-22 17:00:00,376.80984197773654
2011-09-22 18:00:00,231.32535917747487
2011-09-22 19:00:00,226.4281731123774
2011-09-22 20:00:00,106.62690061882263
2011-09-22 21:00:00,145.9846185838677
2011-09-22 22:00:00,81.42438801366049
2011-09-22 23:00:00,70.41162021072776
2011-09-23 00:00:00,49.98256848720762
2011-09-23 01:00:00,17.81734215411112
2011-09-23 02:00:00,10.958619118600913
2011-09-23 03:00:00,7.0165387721458226
2011-09-23 04:00:00,4.5015212499053625
2011-09-23 05:00:00,28.965819340080643
2011-09-23 06:00:00,137.1946171496494
2011-09-23 07:00:00,221.7441529587058
2011-09-23 08:00:00,273.1072273593204
2011-09-23 09:00:00,131.3972943299704
2011-09-23 10:00:00,105.14514019215936
2011-09-23 11:00:00,122.26521884018618
2011-09-23 12:00:00,172.42905692351638
2011-09-23 13:00:00,134.2991251186503
2011-09-23 14:00:00,128.0798804818539
2011-09-23 15:00:00,187.5620121158061
2011-09-23 16:00:00,310.5998500302226
2011-09-23 17:00:00,215.09835847724926
2011-09-23 18:00:00,204.9533102053714
2011-09-23 19:00:00,224.72279937351453
2011-09-23 20:00:00,221.480009548486
2011-09-23 21:00:00,147.18939787169344
2011-09-23 22:00:00,157.48686255855824
2011-09-23 23:00:00,117.71171418982125
2011-09-24 00:00:00,146.58803683451245
2011-09-24 01:00:00,119.08111772723105
2011-09-24 02:00:00,78.37455791651642
2011-09-24 03:00:00,32.62453720788197
2011-09-24 04:00:00,10.089798291645529
2011-09-24 05:00:00,11.358942412131757
2011-09-24 06:00:00,26.03044683564248
2011-09-24 07:00:00,76.1622601257344
2011-09-24 08:00:00,195.71964175748914
2011-09-24 09:00:00,270.1196655936183
2011-09-24 10:00:00,389.3803913968977
2011-09-24 11:00:00,398.1978376694433
2011-09-24 12:00:00,444.85250815314276
2011-09-24 13:00:00,447.4888329544481
2011-09-24 14:00:00,466.05447189044924
2011-09-24 15:00:00,478.38255837352494
2011-09-24 16:00:00,539.9981739805044
2011-09-24 17:00:00,412.47231403807376
2011-09-24 18:00:00,387.15168197200813
2011-09-24 19:00:00,278.5316460648802
2011-09-24 20:00:00,226.61374414155713
2011-09-24 21:00:00,220.94676151465669
2011-09-24 22:00:00,158.4864754739227
2011-09-24 23:00:00,141.343243204966
2011-09-25 00:00:00,126.41349653764007
2011-09-25 01:00:00,116.49052833368633
2011-09-25 02:00:00,80.66647059134037
2011-09-25 03:00:00,30.406603057424114
2011-09-25 04:00:00,12.576647729914933
2011-09-25 05:00:00,14.911364443080567
2011-09-25 06:00:00,16.985194089795574
2011-09-25 07:00:00,97.7599297639403
2011-09-25 08:00:00,123.17456673142031
2011-09-25 09:00:00,210.23859660159314
2011-09-25 10:00:00,319.4759999086248
2011-09-25 11:00:00,422.2741575872452
2011-09-25 12:00:00,461.9350806660581
2011-09-25 13:00:00,500.5946152366641
2011-09-25 14:00:00,456.76003273599326
2011-09-25 15:00:00,444.2932452115719
2011-09-25 16:00:00,550.0811354966105
2011-09-25 17:00:00,402.1023821723604
2011-09-25 18:00:00,377.53330058886553
2011-09-25 19:00:00,223.35587084702698
2011-09-25 20:00:00,225.2325106915976
2011-09-25 21:00:00,202.66260127324378
2011-09-25 22:00:00,151.54852604903138
2011-09-25 23:00:00,118.48657444907151
2011-09-26 00:00:00,36.24944283563562
2011-09-26 01:00:00,17.469751009892914
2011-09-26 02:00:00,6.052563171722937
2011-09-26 03:00:00,5.795835336597634
2011-09-26 04:00:00,8.642622033793272
2011-09-26 05:00:00,36.44180204023205
2011-09-26 06:00:00,164.46045872719733
2011-09-26 07:00:00,443.3441308564766
2011-09-26 08:00:00,591.8526004118092
2011-09-26 09:00:00,367.55300049728237
2011-09-26 10:00:00,201.91075457732342
2011-09-26 11:00:00,164.06197638755046
2011-09-26 12:00:00,204.07200218253845
2011-09-26 13:00:00,270.7635417810522
2011-09-26 14:00:00,257.01538690665046
2011-09-26 15:00:00,290.8271840781265
2011-09-26 16:00:00,414.6718935716188
2011-09-26 17:00:00,771.7581838785579
2011-09-26 18:00:00,358.98844680049507
2011-09-26 19:00:00,285.19709853722145
2011-09-26 20:00:00,265.33239522905257
2011-09-26 21:00:00,212.98342764683173
2011-09-26 22:00:00,143.6374829326496
2011-09-26 23:00:00,90.2755288560947
2011-09-27 00:00:00,27.11920980289925
2011-09-27 01:00:00,13.86000402828723
2011-09-27 02:00:00,7.182093157235223
2011-09-27 03:00:00,5.697128812676526
2011-09-27 04:00:00,5.370482380448623
2011-09-27 05:00:00,20.410087386408314
2011-09-27 06:00:00,163.62868518602215
2011-09-27 07:00:00,409.4522038133581
2011-09-27 08:00:00,660.1344451646494
2011-09-27 09:00:00,160.876862785378
2011-09-27 10:00:00,124.68480505927916
2011-09-27 11:00:00,180.8270112140555
2011-09-27 12:00:00,172.7646482241727
2011-09-27 13:00:00,236.12000376564333
2011-09-27 14:00:00,167.44017237526924
2011-09-27 15:00:00,172.56970578023615
2011-09-27 16:00:00,294.99542987602126
2011-09-27 17:00:00,512.6314277883749
2011-09-27 18:00:00,511.1845255783371
2011-09-27 19:00:00,413.59711431897574
2011-09-27 20:00:00,293.7417181177066
2011-09-27 21:00:00,180.9527876885397
2011-09-27 22:00:00,150.80617617912483
2011-09-27 23:00:00,98.3726192058527
2011-09-28 00:00:00,49.52899526919235
2011-09-28 01:00:00,20.338333843853043
2011-09-28 02:00:00,6.766085959723063
2011-09-28 03:00:00,7.029935954802914
2011-09-28 04:00:00,8.879502582538858
2011-09-28 05:00:00,32.28279225960004
2011-09-28 06:00:00,89.86918039108048
2011-09-28 07:00:00,208.76519030453795
2011-09-28 08:00:00,287.1445398491215
2011-09-28 09:00:00,163.03072498358978
2011-09-28 10:00:00,94.25864768532945
2011-09-28 11:00:00,159.9303041298957
2011-09-28 12:00:00,175.44406341452725
2011-09-28 13:00:00,269.8764269696825
2011-09-28 14:00:00,280.3102351650872
2011-09-28 15:00:00,291.919336216711
2011-09-28 16:00:00,439.6943825399297
2011-09-28 17:00:00,839.57176484258
2011-09-28 18:00:00,354.7005801204078
2011-09-28 19:00:00,241.53884990650727
2011-09-28 20:00:00,103.51056096122592
2011-09-28 21:00:00,102.96378707686412
2011-09-28 22:00:00,146.5104156287105
2011-09-28 23:00:00,93.67067457502843
2011-09-29 00:00:00,32.53407365392111
2011-09-29 01:00:00,11.669133488936675
2011-09-29 02:00:00,6.920564591128133
2011-09-29 03:00:00,6.853373941613058
2011-09-29 04:00:00,7.828753915846718
2011-09-29 05:00:00,40.84085746523213
2011-09-29 06:00:00,173.37449012940766
2011-09-29 07:00:00,404.5895252219711
2011-09-29 08:00:00,483.8145846813602
2011-09-29 09:00:00,264.51858911779215
2011-09-29 10:00:00,191.60797070544228
2011-09-29 11:00:00,226.1492615426286
2011-09-29 12:00:00,312.0772548378154
2011-09-29 13:00:00,297.8026868797061
2011-09-29 14:00:00,241.06535253611486
2011-09-29 15:00:00,243.1341393025691
2011-09-29 16:00:00,434.6151820526386
2011-09-29 17:00:00,644.7077256548897
2011-09-29 18:00:00,814.8808194855413
2011-09-29 19:00:00,445.171311575651
2011-09-29 20:00:00,360.7064099578771
2011-09-29 21:00:00,241.33010084771672
2011-09-29 22:00:00,201.97560315554068
2011-09-29 23:00:00,132.2659961542292
2011-09-30 00:00:00,54.814358461469105
2011-09-30 01:00:00,33.60451848704698
2011-09-30 02:00:00,10.160647048921266
2011-09-30 03:00:00,6.8399026949772725
2011-09-30 04:00:00,6.607725141386752
2011-09-30 05:00:00,27.423134010538963
2011-09-30 06:00:00,125.62921248579904
2011-09-30 07:00:00,301.2170966990225
2011-09-30 08:00:00,624.1957956693172
2011-09-30 09:00:00,282.7771102979037
2011-09-30 10:00:00,247.7187541748888
2011-09-30 11:00:00,303.7758046359905
2011-09-30 12:00:00,395.10536203708176
2011-09-30 13:00:00,303.5290956495242
2011-09-30 14:00:00,265.14238751424807
2011-09-30 15:00:00,257.8578874201383
2011-09-30 16:00:00,439.4479788888916
2011-09-30 17:00:00,598.1652603824056
2011-09-30 18:00:00,422.9562665835757
2011-09-30 19:00:00,309.1587273708215
2011-09-30 20:00:00,229.46924448078016
2011-09-30 21:00:00,177.07745430561278
2011-09-30 22:00:00,131.31690370529202
2011-09-30 23:00:00,115.34334086793305
2011-10-20 00:00:00,22.931412632670657
2011-10-20 01:00:00,13.373257644958983
2011-10-20 02:00:00,5.766979430586779
2011-10-20 03:00:00,5.257032630309939
2011-10-20 04:00:00,6.565603322066669
2011-10-20 05:00:00,37.309695352549134
2011-10-20 06:00:00,125.94296748185124
2011-10-20 07:00:00,356.5535378386329
2011-10-20 08:00:00,525.1811062768089
2011-10-20 09:00:00,229.71156483400387
2011-10-20 10:00:00,142.0849150742864
2011-10-20 11:00:00,194.91595195767434
2011-10-20 12:00:00,215.68346959843672
2011-10-20 13:00:00,211.9076985090716
2011-10-20 14:00:00,179.8420668290131
2011-10-20 15:00:00,162.57674700397652
2011-10-20 16:00:00,277.8887033214537
2011-10-20 17:00:00,500.5561480384555
2011-10-20 18:00:00,563.932318339957
2011-10-20 19:00:00,422.49209506889736
2011-10-20 20:00:00,264.8654061648054
2011-10-20 21:00:00,190.35489504535357
2011-10-20 22:00:00,140.59183268031703
2011-10-20 23:00:00,89.77954654469191
2011-10-21 00:00:00,51.91325282866818
2011-10-21 01:00:00,22.85386740685288
2011-10-21 02:00:00,13.037486788773979
2011-10-21 03:00:00,6.295769371747131
2011-10-21 04:00:00,6.383206071417193
2011-10-21 05:00:00,25.13051717754865
2011-10-21 06:00:00,121.6260379815328
2011-10-21 07:00:00,325.98943049598404
2011-10-21 08:00:00,631.5985148430766
2011-10-21 09:00:00,256.40470755357484
2011-10-21 10:00:00,165.8280752858468
2011-10-21 11:00:00,257.84093958494805
2011-10-21 12:00:00,267.32181126270905
2011-10-21 13:00:00,224.963177050564
2011-10-21 14:00:00,269.2173518113944
2011-10-21 15:00:00,236.35923678539564
2011-10-21 16:00:00,367.5241224781044
2011-10-21 17:00:00,576.6826167488495
2011-10-21 18:00:00,534.1323028083679
2011-10-21 19:00:00,369.09908163506924
2011-10-21 20:00:00,239.04161553603737
2011-10-21 21:00:00,211.8993321442301
2011-10-21 22:00:00,166.99132294669243
2011-10-21 23:00:00,127.5593541105971
2011-10-22 00:00:00,109.51200963769772
2011-10-22 01:00:00,90.17227482511124
2011-10-22 02:00:00,55.50081693257483
2011-10-22 03:00:00,23.601831997290667
2011-10-22 04:00:00,7.240663705330867
2011-10-22 05:00:00,7.445628894305743
2011-10-22 06:00:00,23.958926152802434
2011-10-22 07:00:00,52.74261508938138
2011-10-22 08:00:00,114.4519052474283
2011-10-22 09:00:00,200.97083890387728
2011-10-22 10:00:00,299.156896721469
2011-10-22 11:00:00,378.8055712914998
2011-10-22 12:00:00,477.13432867695934
2011-10-22 13:00:00,579.2783751757299
2011-10-22 14:00:00,459.05778703940945
2011-10-22 15:00:00,416.2486658864532
2011-10-22 16:00:00,503.5523307549575
2011-10-22 17:00:00,357.9349822247349
2011-10-22 18:00:00,306.78383816389425
2011-10-22 19:00:00,240.16073077593
2011-10-22 20:00:00,192.3885033571965
2011-10-22 21:00:00,173.43370261589214
2011-10-22 22:00:00,170.16274733142916
2011-10-22 23:00:00,100.5741783759225
2011-10-23 00:00:00,87.6293430893292
2011-10-23 01:00:00,82.03524891243177
2011-10-23 02:00:00,70.60472981181917
2011-10-23 03:00:00,35.46588167410639
2011-10-23 04:00:00,11.958460538173984
2011-10-23 05:00:00,10.014420509137324
2011-10-23 06:00:00,20.67000472590842
2011-10-23 07:00:00,40.4179819979849
2011-10-23 08:00:00,96.73043766249467
2011-10-23 09:00:00,152.4685131527486
2011-10-23 10:00:00,286.91811341013187
2011-10-23 11:00:00,377.13802261363963
2011-10-23 12:00:00,387.7865773224399
2011-10-23 13:00:00,409.5925462247034
2011-10-23 14:00:00,392.98184755805784
2011-10-23 15:00:00,397.89836451407984
2011-10-23 16:00:00,416.305324055167
2011-10-23 17:00:00,359.54928136985285
2011-10-23 18:00:00,325.30948899638304
2011-10-23 19:00:00,188.70621618803423
2011-10-23 20:00:00,141.20492164052754
2011-10-23 21:00:00,126.52119258902823
2011-10-23 22:00:00,101.00119457503408
2011-10-23 23:00:00,75.05338668500356
2011-10-24 00:00:00,40.36488433594237
2011-10-24 01:00:00,12.563577313945304
2011-10-24 02:00:00,6.634605306014067
2011-10-24 03:00:00,4.987879139728377
2011-10-24 04:00:00,6.957254833050087
2011-10-24 05:00:00,35.861519164560825
2011-10-24 06:00:00,132.9460945936756
2011-10-24 07:00:00,388.15530966226106
2011-10-24 08:00:00,784.7362466803452
2011-10-24 09:00:00,414.03629627355895
2011-10-24 10:00:00,151.99707853533388
2011-10-24 11:00:00,182.99652856107423
2011-10-24 12:00:00,261.64287148821205
2011-10-24 13:00:00,271.97765782603943
2011-10-24 14:00:00,215.5170573703141
2011-10-24 15:00:00,212.69224880764307
2011-10-24 16:00:00,353.2070510603466
2011-10-24 17:00:00,681.2305151237864
2011-10-24 18:00:00,589.2776455036287
2011-10-24 19:00:00,247.52543166381898
2011-10-24 20:00:00,212.28933056322788
2011-10-24 21:00:00,207.24482784244827
2011-10-24 22:00:00,140.14266208191913
2011-10-24 23:00:00,76.90929773333399
2011-10-25 00:00:00,38.26998471227774
2011-10-25 01:00:00,14.793458815591602
2011-10-25 02:00:00,5.030627195446454
2011-10-25 03:00:00,4.603541691763868
2011-10-25 04:00:00,7.0404081455154195
2011-10-25 05:00:00,30.1040653993754
2011-10-25 06:00:00,143.0049011125964
2011-10-25 07:00:00,297.5377327554371
2011-10-25 08:00:00,612.9503687293721
2011-10-25 09:00:00,318.6167230788449
2011-10-25 10:00:00,165.1257670159176
2011-10-25 11:00:00,187.23884930345852
2011-10-25 12:00:00,281.12243973852287
2011-10-25 13:00:00,247.85014860994667
2011-10-25 14:00:00,236.40428419260348
2011-10-25 15:00:00,210.955738038356
2011-10-25 16:00:00,395.1446343327777
2011-10-25 17:00:00,627.9026003245646
2011-10-25 18:00:00,664.9235305471576
2011-10-25 19:00:00,413.6642235274267
2011-10-25 20:00:00,282.1963384419139
2011-10-25 21:00:00,193.39025782472544
2011-10-25 22:00:00,176.27839543094765
2011-10-25 23:00:00,95.7993442594219
2011-10-26 00:00:00,46.98612857511898
2011-10-26 01:00:00,15.236530577082702
2011-10-26 02:00:00,6.4639023037838825
2011-10-26 03:00:00,4.609640899718592
2011-10-26 04:00:00,5.843875643518502
2011-10-26 05:00:00,40.72538998281206
2011-10-26 06:00:00,142.0940419234394
2011-10-26 07:00:00,405.535837025626
2011-10-26 08:00:00,662.9115112894673
2011-10-26 09:00:00,391.1742402588278
2011-10-26 10:00:00,169.22503196052733
2011-10-26 11:00:00,159.84571537844323
2011-10-26 12:00:00,281.212346556131
2011-10-26 13:00:00,181.56904446095174
2011-10-26 14:00:00,186.79366782233058
2011-10-26 15:00:00,186.93730778677943
2011-10-26 16:00:00,278.76616956935493
2011-10-26 17:00:00,443.5220393125049
2011-10-26 18:00:00,494.9686452939579
2011-10-26 19:00:00,277.00103167003226
2011-10-26 20:00:00,226.3157851500473
2011-10-26 21:00:00,210.43724685219456
2011-10-26 22:00:00,123.26081393195886
2011-10-26 23:00:00,76.08618565171285
2011-10-27 00:00:00,27.884668752307952
2011-10-27 01:00:00,12.037959841310201
2011-10-27 02:00:00,6.0269524186454255
2011-10-27 03:00:00,2.80951851350414
2011-10-27 04:00:00,3.9438946457000212
2011-10-27 05:00:00,20.781201770242916
2011-10-27 06:00:00,74.5915340636174
2011-10-27 07:00:00,326.19649309365644
2011-10-27 08:00:00,252.76579646071167
2011-10-27 09:00:00,330.93593339508374
2011-10-27 10:00:00,83.39897177984072
2011-10-27 11:00:00,79.26464590464634
2011-10-27 12:00:00,81.56473984410636
2011-10-27 13:00:00,164.50573780251366
2011-10-27 14:00:00,113.51791883180044
2011-10-27 15:00:00,151.55767209871712
2011-10-27 16:00:00,313.3949576785327
2011-10-27 17:00:00,459.5082149371447
2011-10-27 18:00:00,466.1542479753104
2011-10-27 19:00:00,349.42777264661146
2011-10-27 20:00:00,213.64393776630763
2011-10-27 21:00:00,190.88857377459234
2011-10-27 22:00:00,118.40228349047032
2011-10-27 23:00:00,107.17517084529935
2011-10-28 00:00:00,53.38628856393333
2011-10-28 01:00:00,27.02744241930698
2011-10-28 02:00:00,8.531278231580641
2011-10-28 03:00:00,4.770330336285553
2011-10-28 04:00:00,6.576848878629929
2011-10-28 05:00:00,39.21664239794477
2011-10-28 06:00:00,138.41772523737842
2011-10-28 07:00:00,385.8221329174691
2011-10-28 08:00:00,547.6711304036662
2011-10-28 09:00:00,314.0234206327071
2011-10-28 10:00:00,149.6383838329109
2011-10-28 11:00:00,217.71178887720836
2011-10-28 12:00:00,266.7049005362171
2011-10-28 13:00:00,271.9129446982378
2011-10-28 14:00:00,208.20024620859346
2011-10-28 15:00:00,230.9291143905562
2011-10-28 16:00:00,327.02338095576056
2011-10-28 17:00:00,460.27654044452146
2011-10-28 18:00:00,426.38617510518947
2011-10-28 19:00:00,322.0520086988444
2011-10-28 20:00:00,100.53354586626703
2011-10-28 21:00:00,91.49249066504781
2011-10-28 22:00:00,70.9403152073786
2011-10-28 23:00:00,42.45547382303651
2011-10-29 00:00:00,45.01479650673051
2011-10-29 01:00:00,48.48699670483495
2011-10-29 02:00:00,34.227948490298864
2011-10-29 03:00:00,11.046005186319244
2011-10-29 04:00:00,6.4312261601911205
2011-10-29 05:00:00,3.9160384703077593
2011-10-29 06:00:00,11.073511907022239
2011-10-29 07:00:00,24.42973037459781
2011-10-29 08:00:00,68.51734513058965
2011-10-29 09:00:00,76.02039124139834
2011-10-29 10:00:00,95.7481142609275
2011-10-29 11:00:00,84.08810175885608
2011-10-29 12:00:00,50.80100413886905
2011-10-29 13:00:00,49.6396795169613
2011-10-29 14:00:00,58.31672401933185
2011-10-29 15:00:00,109.07572306680011
2011-10-29 16:00:00,79.24632934214655
2011-10-29 17:00:00,79.2837492546087
2011-10-29 18:00:00,72.86668013275268
2011-10-29 19:00:00,107.13749708669191
2011-10-29 20:00:00,106.30091066954245
2011-10-29 21:00:00,73.10200508191892
2011-10-29 22:00:00,72.87272632874543
2011-10-29 23:00:00,72.98870935137442
2011-10-30 00:00:00,56.11026307626177
2011-10-30 01:00:00,51.40801260258224
2011-10-30 02:00:00,27.04515585604154
2011-10-30 03:00:00,9.849729962078031
2011-10-30 04:00:00,3.6711376671498797
2011-10-30 05:00:00,3.6334045297809574
2011-10-30 06:00:00,12.320352584791829
2011-10-30 07:00:00,25.557215117092706
2011-10-30 08:00:00,91.56887217272885
2011-10-30 09:00:00,154.95211410312743
2011-10-30 10:00:00,240.8320170508333
2011-10-30 11:00:00,392.4483575095276
2011-10-30 12:00:00,434.3991898493915
2011-10-30 13:00:00,479.85613057861076
2011-10-30 14:00:00,440.8671842871434
2011-10-30 15:00:00,424.6193539251982
2011-10-30 16:00:00,357.5388809532797
2011-10-30 17:00:00,257.5189609364541
2011-10-30 18:00:00,226.8998803608634
2011-10-30 19:00:00,274.5916115522272
2011-10-30 20:00:00,124.120241362018
2011-10-30 21:00:00,86.04690800792818
2011-10-30 22:00:00,60.635344313628934
2011-10-30 23:00:00,49.463836846848096
2011-10-31 00:00:00,16.6017624874015
2011-10-31 01:00:00,7.057357688964529
2011-10-31 02:00:00,2.4812107286711287
2011-10-31 03:00:00,4.1816921056060075
2011-10-31 04:00:00,3.2377068198121317
2011-10-31 05:00:00,17.09882505925163
2011-10-31 06:00:00,81.60956357671326
2011-10-31 07:00:00,242.387403381018
2011-10-31 08:00:00,416.8712194180057
2011-10-31 09:00:00,274.23509941894093
2011-10-31 10:00:00,133.2125527157652
2011-10-31 11:00:00,160.70754215922278
2011-10-31 12:00:00,215.29337233200448
2011-10-31 13:00:00,235.85054225789423
2011-10-31 14:00:00,196.86673028613205
2011-10-31 15:00:00,192.3724299940608
2011-10-31 16:00:00,317.8942570018115
2011-10-31 17:00:00,483.1688821607207
2011-10-31 18:00:00,373.6009651110357
2011-10-31 19:00:00,282.3125265732576
2011-10-31 20:00:00,217.18091525466383
2011-10-31 21:00:00,146.47846661179253
2011-10-31 22:00:00,111.47130895906554
2011-10-31 23:00:00,58.833349450993644
2011-11-20 00:00:00,112.01205102653583
2011-11-20 01:00:00,80.28820080404152
2011-11-20 02:00:00,44.689198714590944
2011-11-20 03:00:00,14.656544709016813
2011-11-20 04:00:00,6.1619626487232235
2011-11-20 05:00:00,6.583784688141606
2011-11-20 06:00:00,8.159608497712032
2011-11-20 07:00:00,47.01369970160519
2011-11-20 08:00:00,72.06388846792828
2011-11-20 09:00:00,169.50484815990475
2011-11-20 10:00:00,277.98731239758257
2011-11-20 11:00:00,382.15206903795547
2011-11-20 12:00:00,389.451138493412
2011-11-20 13:00:00,428.54891889211393
2011-11-20 14:00:00,381.0401874375349
2011-11-20 15:00:00,368.1072599804817
2011-11-20 16:00:00,397.49800565201537
2011-11-20 17:00:00,397.14019857853566
2011-11-20 18:00:00,397.75492878281204
2011-11-20 19:00:00,231.01215586509807
2011-11-20 20:00:00,202.65915888337014
2011-11-20 21:00:00,142.5055057209648
2011-11-20 22:00:00,79.92246197943975
2011-11-20 23:00:00,59.34134709158492
2011-11-21 00:00:00,21.64946970765118
2011-11-21 01:00:00,6.61533381693669
2011-11-21 02:00:00,4.332656876033635
2011-11-21 03:00:00,2.515387187478605
2011-11-21 04:00:00,2.931287980773829
2011-11-21 05:00:00,21.258702304068255
2011-11-21 06:00:00,99.2958766082948
2011-11-21 07:00:00,321.9890225810715
2011-11-21 08:00:00,624.3022808614708
2011-11-21 09:00:00,245.9748658201421
2011-11-21 10:00:00,136.7357715719147
2011-11-21 11:00:00,166.68267719187693
2011-11-21 12:00:00,229.68109775939155
2011-11-21 13:00:00,221.648504117698
2011-11-21 14:00:00,189.5427568650378
2011-11-21 15:00:00,148.7095419201935
2011-11-21 16:00:00,197.6838568205439
2011-11-21 17:00:00,190.4898006666218
2011-11-21 18:00:00,201.2875721343294
2011-11-21 19:00:00,171.32527146773313
2011-11-21 20:00:00,133.72378040844043
2011-11-21 21:00:00,117.82074521123991
2011-11-21 22:00:00,78.2570599425794
2011-11-21 23:00:00,53.05993216337116
2011-11-22 00:00:00,13.429380190041298
2011-11-22 01:00:00,7.238007183079918
2011-11-22 02:00:00,3.6662960215228804
2011-11-22 03:00:00,2.8216622253782533
2011-11-22 04:00:00,4.235080773196477
2011-11-22 05:00:00,10.471811029380355
2011-11-22 06:00:00,104.41884474389903
2011-11-22 07:00:00,100.19646139858013
2011-11-22 08:00:00,135.15488238685572
2011-11-22 09:00:00,109.02921114879125
2011-11-22 10:00:00,67.85011057204548
2011-11-22 11:00:00,72.80307535238612
2011-11-22 12:00:00,89.57426191923452
2011-11-22 13:00:00,79.76523119009875
2011-11-22 14:00:00,73.71604426673188
2011-11-22 15:00:00,89.18109790726645
2011-11-22 16:00:00,144.23468773149656
2011-11-22 17:00:00,149.89255957876549
2011-11-22 18:00:00,139.0653672612807
2011-11-22 19:00:00,222.65972719993576
2011-11-22 20:00:00,198.6966108181174
2011-11-22 21:00:00,148.98026035386192
2011-11-22 22:00:00,132.04386603988468
2011-11-22 23:00:00,77.49771601702886
2011-11-23 00:00:00,26.975811132039155
2011-11-23 01:00:00,8.405307680790509
2011-11-23 02:00:00,3.6306992945559946
2011-11-23 03:00:00,3.343564475191528
2011-11-23 04:00:00,3.6749195495592657
2011-11-23 05:00:00,14.602514048805341
2011-11-23 06:00:00,93.9305801502169
2011-11-23 07:00:00,201.5223011818011
2011-11-23 08:00:00,496.59387922264835
2011-11-23 09:00:00,216.94459186207874
2011-11-23 10:00:00,122.09525806733963
2011-11-23 11:00:00,161.70803287452424
2011-11-23 12:00:00,207.68765703190132
2011-11-23 13:00:00,197.8193258219164
2011-11-23 14:00:00,194.44784153088492
2011-11-23 15:00:00,200.8294878243566
2011-11-23 16:00:00,327.1831911799325
2011-11-23 17:00:00,169.7097070315805
2011-11-23 18:00:00,531.2086785833851
2011-11-23 19:00:00,337.9828280362573
2011-11-23 20:00:00,219.69510835657564
2011-11-23 21:00:00,163.44593711325018
2011-11-23 22:00:00,136.7341433270003
2011-11-23 23:00:00,90.96354095601315
2011-11-24 00:00:00,50.33078861102031
2011-11-24 01:00:00,27.156085521230253
2011-11-24 02:00:00,12.642012434335761
2011-11-24 03:00:00,7.809736189334594
2011-11-24 04:00:00,7.386481047233855
2011-11-24 05:00:00,10.166023007922865
2011-11-24 06:00:00,32.03527589629469
2011-11-24 07:00:00,90.26407874576805
2011-11-24 08:00:00,187.7918754688185
2011-11-24 09:00:00,275.1855463724253
2011-11-24 10:00:00,311.61095281181844
2011-11-24 11:00:00,296.83804914789545
2011-11-24 12:00:00,362.00313850270885
2011-11-24 13:00:00,377.53253652800447
2011-11-24 14:00:00,328.8650866018319
2011-11-24 15:00:00,355.8263681560628
2011-11-24 16:00:00,435.953858434506
2011-11-24 17:00:00,409.19158562686886
2011-11-24 18:00:00,281.22981744861505
2011-11-24 19:00:00,272.5852856964356
2011-11-24 20:00:00,156.6517023065273
2011-11-24 21:00:00,132.03123495185767
2011-11-24 22:00:00,109.51000613223785
2011-11-24 23:00:00,65.1868474165715
2011-11-25 00:00:00,40.66144865643194
2011-11-25 01:00:00,18.9266771852526
2011-11-25 02:00:00,7.898462249231185
2011-11-25 03:00:00,4.839720371497197
2011-11-25 04:00:00,7.140464093119887
2011-11-25 05:00:00,23.56364699728557
2011-11-25 06:00:00,116.25422869204847
2011-11-25 07:00:00,273.82046086325664
2011-11-25 08:00:00,449.99701111881427
2011-11-25 09:00:00,289.91980690957564
2011-11-25 10:00:00,166.0500114981011
2011-11-25 11:00:00,156.71229510302115
2011-11-25 12:00:00,209.13083062869686
2011-11-25 13:00:00,268.86469634200483
2011-11-25 14:00:00,342.5086756874054
2011-11-25 15:00:00,376.3231680310798
2011-11-25 16:00:00,480.3219149636134
2011-11-25 17:00:00,676.633079432687
2011-11-25 18:00:00,514.396334808812
2011-11-25 19:00:00,337.35377266823826
2011-11-25 20:00:00,258.3966961675738
2011-11-25 21:00:00,184.4810446976342
2011-11-25 22:00:00,172.4566069961245
2011-11-25 23:00:00,112.06202262453282
2011-11-26 00:00:00,124.33624229956226
2011-11-26 01:00:00,99.34254121867842
2011-11-26 02:00:00,53.32496883222299
2011-11-26 03:00:00,23.883814055140284
2011-11-26 04:00:00,9.31983147940386
2011-11-26 05:00:00,9.196328582075498
2011-11-26 06:00:00,15.177336863604461
2011-11-26 07:00:00,57.09285476318871
2011-11-26 08:00:00,127.89270441633018
2011-11-26 09:00:00,203.5963917546564
2011-11-26 10:00:00,258.6969149245933
2011-11-26 11:00:00,407.7819670572312
2011-11-26 12:00:00,479.204767307744
2011-11-26 13:00:00,571.6822458857832
2011-11-26 14:00:00,493.30139645734613
2011-11-26 15:00:00,538.7166670168655
2011-11-26 16:00:00,396.12407276034634
2011-11-26 17:00:00,331.0164864051306
2011-11-26 18:00:00,267.0724920680133
2011-11-26 19:00:00,229.49734687021302
2011-11-26 20:00:00,191.4788433095944
2011-11-26 21:00:00,150.54298570761674
2011-11-26 22:00:00,137.06468035965636
2011-11-26 23:00:00,84.80561651910692
2011-11-27 00:00:00,109.9309585996225
2011-11-27 01:00:00,101.33349717924277
2011-11-27 02:00:00,73.9696960809884
2011-11-27 03:00:00,35.46588167410639
2011-11-27 04:00:00,11.783249990135648
2011-11-27 05:00:00,9.711987777004627
2011-11-27 06:00:00,18.867126684427372
2011-11-27 07:00:00,42.10805937435879
2011-11-27 08:00:00,102.36892893960957
2011-11-27 09:00:00,159.29227077406523
2011-11-27 10:00:00,236.21153332791988
2011-11-27 11:00:00,323.3468787013984
2011-11-27 12:00:00,394.56875947559746
2011-11-27 13:00:00,457.5937576998051
2011-11-27 14:00:00,507.17146124644063
2011-11-27 15:00:00,487.0779783932597
2011-11-27 16:00:00,507.7402130222291
2011-11-27 17:00:00,486.94718749545973
2011-11-27 18:00:00,353.8542713671648
2011-11-27 19:00:00,280.5066137485379
2011-11-27 20:00:00,218.99221583711645
2011-11-27 21:00:00,157.5505072206384
2011-11-27 22:00:00,119.04624546434442
2011-11-27 23:00:00,80.3541920377792
2011-11-28 00:00:00,40.117715696754786
2011-11-28 01:00:00,15.910303654453632
2011-11-28 03:00:00,4.832518059150495
2011-11-28 04:00:00,6.753472008792563
2011-11-28 05:00:00,35.55103891909197
2011-11-28 06:00:00,115.98338476227954
2011-11-28 07:00:00,429.1768441297722
2011-11-28 08:00:00,691.2629213318302
2011-11-28 09:00:00,365.8715550261546
2011-11-28 10:00:00,182.24233528019457
2011-11-28 11:00:00,187.08917406680666
2011-11-28 12:00:00,218.88849088759054
2011-11-28 13:00:00,247.29213394960286
2011-11-28 14:00:00,248.0586083372334
2011-11-28 15:00:00,255.85022442498965
2011-11-28 16:00:00,351.062986498172
2011-11-28 17:00:00,658.6463916468387
2011-11-28 18:00:00,744.4235381452745
2011-11-28 19:00:00,445.20041726456276
2011-11-28 20:00:00,316.58131550379017
2011-11-28 21:00:00,242.081328397251
2011-11-28 22:00:00,133.47742860154753
2011-11-28 23:00:00,63.33203571109641
2011-11-29 00:00:00,27.88987330785133
2011-11-29 01:00:00,11.93874309677056
2011-11-29 02:00:00,3.7751832749699856
2011-11-29 03:00:00,3.6378591932753586
2011-11-29 04:00:00,5.624174184017237
2011-11-29 05:00:00,22.962457278423816
2011-11-29 06:00:00,125.91294058396024
2011-11-29 07:00:00,341.6631877000511
2011-11-29 08:00:00,493.5574579510508
2011-11-29 09:00:00,230.48816947425934
2011-11-29 10:00:00,160.42289487003458
2011-11-29 11:00:00,58.1288189591972
2011-11-29 12:00:00,111.09764454415783
2011-11-29 13:00:00,126.81350436938335
2011-11-29 14:00:00,81.7975099524414
2011-11-29 15:00:00,94.26193640628416
2011-11-29 16:00:00,116.04866061109382
2011-11-29 17:00:00,500.1785746746929
2011-11-29 18:00:00,465.1768697077576
2011-11-29 19:00:00,282.0675074403209
2011-11-29 20:00:00,209.79058938919584
2011-11-29 21:00:00,146.06918442247056
2011-11-29 22:00:00,122.63338930284475
2011-11-29 23:00:00,69.20630194637737
2011-11-30 00:00:00,53.11920112550915
2011-11-30 01:00:00,18.156883475585563
2011-11-30 02:00:00,6.872382326728246
2011-11-30 03:00:00,4.014971331341936
2011-11-30 04:00:00,5.735612465705245
2011-11-30 05:00:00,25.212258814035856
2011-11-30 06:00:00,109.47539517096429
2011-11-30 07:00:00,380.99557837694334
2011-11-30 08:00:00,536.444445617562
2011-11-30 09:00:00,263.5968511070069
2011-11-30 10:00:00,151.8029328523644
2011-11-30 11:00:00,179.60633853564326
2011-11-30 12:00:00,255.05138452767872
2011-11-30 13:00:00,248.69308961092568
2011-11-30 14:00:00,216.9856659049846
2011-11-30 15:00:00,225.464788409866
2011-11-30 16:00:00,355.2532446998807
2011-11-30 17:00:00,537.9750208151693
2011-11-30 18:00:00,493.90682105841455
2011-11-30 19:00:00,346.8027882836172
2011-11-30 20:00:00,233.91784757605524
2011-11-30 21:00:00,161.83116261940754
2011-11-30 22:00:00,129.4374288248528
2011-11-30 23:00:00,66.70194115599094
2011-12-20 00:00:00,34.98132042745827
2011-12-20 01:00:00,12.453150731049806
2011-12-20 02:00:00,3.397577286926893
2011-12-20 03:00:00,4.211228271731723
2011-12-20 04:00:00,8.968064836341567
2011-12-20 05:00:00,30.826253322985355
2011-12-20 06:00:00,131.3537130361111
2011-12-20 07:00:00,342.477741908177
2011-12-20 08:00:00,584.9588802854636
2011-12-20 09:00:00,254.539984275659
2011-12-20 10:00:00,156.06599204198176
2011-12-20 11:00:00,143.93232908608294
2011-12-20 12:00:00,202.8527207343521
2011-12-20 13:00:00,197.6437514261517
2011-12-20 14:00:00,158.18748744476122
2011-12-20 15:00:00,199.4462978425885
2011-12-20 16:00:00,297.6717486383639
2011-12-20 17:00:00,452.47166357530443
2011-12-20 18:00:00,428.6426840869273
2011-12-20 19:00:00,305.58892173957156
2011-12-20 20:00:00,210.26070912474614
2011-12-20 21:00:00,173.57966340160877
2011-12-20 22:00:00,142.57383950010905
2011-12-20 23:00:00,103.89784859959362
2011-12-21 00:00:00,21.72943195974827
2011-12-21 01:00:00,8.55509577657076
2011-12-21 02:00:00,4.6123006942227205
2011-12-21 03:00:00,2.8042398103494777
2011-12-21 04:00:00,1.9363212687309603
2011-12-21 05:00:00,18.45740875411262
2011-12-21 06:00:00,77.47295216508913
2011-12-21 07:00:00,209.14133609003312
2011-12-21 08:00:00,261.7761121001856
2011-12-21 09:00:00,161.04809293426757
2011-12-21 10:00:00,101.37338995415338
2011-12-21 11:00:00,102.85721251882931
2011-12-21 12:00:00,67.39192494395756
2011-12-21 13:00:00,37.840423049856476
2011-12-21 14:00:00,83.20709075885205
2011-12-21 15:00:00,79.25775614250288
2011-12-21 16:00:00,21.044591566658948
2011-12-21 17:00:00,37.90248201279775
2011-12-21 18:00:00,59.771745148476654
2011-12-21 19:00:00,82.28316343306287
2011-12-21 20:00:00,71.61501624688665
2011-12-21 21:00:00,152.11088578768434
2011-12-21 22:00:00,119.41654907693338
2011-12-21 23:00:00,75.81460183637604
2011-12-22 00:00:00,32.728230563185434
2011-12-22 01:00:00,12.692256610913573
2011-12-22 02:00:00,9.447106409984984
2011-12-22 03:00:00,4.571441684009471
2011-12-22 04:00:00,2.897247639212395
2011-12-22 05:00:00,26.581615545388168
2011-12-22 06:00:00,100.29348379216225
2011-12-22 07:00:00,208.85044514184528
2011-12-22 08:00:00,565.266306750757
2011-12-22 09:00:00,242.94761366095162
2011-12-22 10:00:00,123.15829206863664
2011-12-22 11:00:00,148.50009884328264
2011-12-22 12:00:00,150.00216015439784
2011-12-22 13:00:00,139.99959711078205
2011-12-22 14:00:00,138.00481614955774
2011-12-22 15:00:00,142.72587877717908
2011-12-22 16:00:00,199.00285024970296
2011-12-22 17:00:00,348.0368718911831
2011-12-22 18:00:00,306.7041508152868
2011-12-22 19:00:00,242.63991314513754
2011-12-22 20:00:00,140.76603500936187
2011-12-22 21:00:00,111.17171569454017
2011-12-22 22:00:00,57.780123306438554
2011-12-22 23:00:00,46.17650940555228
2011-12-23 00:00:00,24.570305494435907
2011-12-23 01:00:00,14.614202968798754
2011-12-23 02:00:00,7.345102685454254
2011-12-23 03:00:00,1.9273379209947343
2011-12-23 04:00:00,1.8332283313473392
2011-12-23 05:00:00,13.360570693575983
2011-12-23 06:00:00,80.91319350898077
2011-12-23 07:00:00,227.11225430434698
2011-12-23 08:00:00,261.5473332822581
2011-12-23 09:00:00,176.49991624671932
2011-12-23 10:00:00,102.7968255782247
2011-12-23 11:00:00,125.52995257636937
2011-12-23 12:00:00,140.1562165811967
2011-12-23 13:00:00,130.73561086822934
2011-12-23 14:00:00,99.78918753347958
2011-12-23 15:00:00,92.1940661940161
2011-12-23 16:00:00,148.20103497645255
2011-12-23 17:00:00,253.05304875572565
2011-12-23 18:00:00,221.27296470221006
2011-12-23 19:00:00,188.77329339132726
2011-12-23 20:00:00,86.9376111044034
2011-12-23 21:00:00,80.18850233315878
2011-12-23 22:00:00,71.22469687582544
2011-12-23 23:00:00,64.48789462349794
2011-12-24 00:00:00,55.00645169965251
2011-12-24 01:00:00,36.756308777145136
2011-12-24 02:00:00,37.73161786962199
2011-12-24 03:00:00,22.770186054819508
2011-12-24 04:00:00,3.715021085007511
2011-12-24 05:00:00,2.3063847218107805
2011-12-24 06:00:00,6.507615571625994
2011-12-24 07:00:00,31.17976564458742
2011-12-24 08:00:00,63.22829323774995
2011-12-24 09:00:00,105.60892235820475
2011-12-24 10:00:00,112.7559011515764
2011-12-24 11:00:00,157.5055090370997
2011-12-24 12:00:00,214.35365759697746
2011-12-24 13:00:00,237.43456765090468
2011-12-24 14:00:00,235.35245783933829
2011-12-24 15:00:00,224.7470999455471
2011-12-24 16:00:00,229.12239619590414
2011-12-24 17:00:00,117.30110790560124
2011-12-24 18:00:00,129.46182867672744
2011-12-24 19:00:00,103.81425750849856
2011-12-24 20:00:00,67.06912617152814
2011-12-24 21:00:00,64.07345718899612
2011-12-24 22:00:00,56.436898922039475
2011-12-24 23:00:00,50.90271263910918
2011-12-25 00:00:00,35.690699583037514
2011-12-25 01:00:00,29.453458084181705
2011-12-25 02:00:00,30.10139518398785
2011-12-25 03:00:00,14.937890989982389
2011-12-25 05:00:00,4.544987837838487
2011-12-25 06:00:00,4.866903988445544
2011-12-25 07:00:00,11.093247447684654
2011-12-25 08:00:00,42.130098236850564
2011-12-25 09:00:00,100.3505540432474
2011-12-25 10:00:00,121.50414113732103
2011-12-25 11:00:00,204.95997925825097
2011-12-25 12:00:00,123.56868193670664
2011-12-25 13:00:00,204.99558996756934
2011-12-25 14:00:00,190.25864220594707
2011-12-25 15:00:00,164.53455425909038
2011-12-25 16:00:00,181.40720434858608
2011-12-25 17:00:00,95.70300747547701
2011-12-25 18:00:00,110.60400984451232
2011-12-25 19:00:00,83.3603905303354
2011-12-25 20:00:00,82.21316483346256
2011-12-25 21:00:00,66.03565470153109
2011-12-25 22:00:00,62.91619104250567
2011-12-25 23:00:00,36.7067477864996
2011-12-26 00:00:00,26.360075717158505
2011-12-26 01:00:00,19.568375626557895
2011-12-26 02:00:00,8.699350224897785
2011-12-26 04:00:00,3.428908117953418
2011-12-26 05:00:00,4.135016085199794
2011-12-26 06:00:00,10.862934881281454
2011-12-26 07:00:00,66.33244790615389
2011-12-26 08:00:00,112.63026627380933
2011-12-26 09:00:00,90.86039830222194
2011-12-26 10:00:00,106.29513904579514
2011-12-26 11:00:00,140.61620047455142
2011-12-26 12:00:00,182.30072041648586
2011-12-26 13:00:00,250.48811643070587
2011-12-26 14:00:00,213.57460999949063
2011-12-26 15:00:00,235.87922675929093
2011-12-26 16:00:00,216.06392110440282
2011-12-26 17:00:00,163.52576634563476
2011-12-26 18:00:00,135.72201109528172
2011-12-26 19:00:00,97.37672941163618
2011-12-26 20:00:00,83.33588532971103
2011-12-26 21:00:00,58.6691935397198
2011-12-26 22:00:00,57.2312502295114
2011-12-26 23:00:00,49.51378637394328
2011-12-27 00:00:00,14.416787857075464
2011-12-27 01:00:00,4.763162693635033
2011-12-27 02:00:00,2.8092817485855637
2011-12-27 03:00:00,2.2770085920268293
2011-12-27 04:00:00,1.57100178487461
2011-12-27 05:00:00,14.786374325027298
2011-12-27 06:00:00,67.52772904748048
2011-12-27 07:00:00,205.69614239277064
2011-12-27 08:00:00,374.3075717352525
2011-12-27 09:00:00,109.96733560599858
2011-12-27 10:00:00,70.9913111916446
2011-12-27 11:00:00,52.7060907097234
2011-12-27 12:00:00,51.65926680784972
2011-12-27 13:00:00,77.41596224305671
2011-12-27 14:00:00,46.3792026226178
2011-12-27 15:00:00,49.81348015707796
2011-12-27 16:00:00,51.75622150261338
2011-12-27 17:00:00,309.1714819713913
2011-12-27 18:00:00,261.82305627783
2011-12-27 19:00:00,183.06805223497588
2011-12-27 20:00:00,106.60227652661985
2011-12-27 21:00:00,80.1453103465916
2011-12-27 22:00:00,57.88999485949087
2011-12-27 23:00:00,35.702230457459414
2011-12-28 00:00:00,16.23268822358416
2011-12-28 01:00:00,7.601571050950303
2011-12-28 02:00:00,3.655293065826363
2011-12-28 03:00:00,2.902675100813263
2011-12-28 05:00:00,19.059862478571638
2011-12-28 06:00:00,78.74100157257419
2011-12-28 07:00:00,200.2527357806367
2011-12-28 08:00:00,474.0872656450554
2011-12-28 09:00:00,214.20776796494877
2011-12-28 10:00:00,90.7520848004468
2011-12-28 11:00:00,121.9170786464429
2011-12-28 12:00:00,123.66275596441317
2011-12-28 13:00:00,102.63025359590945
2011-12-28 14:00:00,89.65886781874596
2011-12-28 15:00:00,87.09828967587644
2011-12-28 16:00:00,136.4980067218832
2011-12-28 17:00:00,245.35063813786005
2011-12-28 18:00:00,298.48327002771515
2011-12-28 19:00:00,156.33645964039718
2011-12-28 20:00:00,114.28950083663966
2011-12-28 21:00:00,78.28879010550925
2011-12-28 22:00:00,50.80041527567529
2011-12-28 23:00:00,26.014968314275457
2011-12-29 00:00:00,13.868387146321073
2011-12-29 01:00:00,6.872058804086101
2011-12-29 02:00:00,3.1764583078686948
2011-12-29 03:00:00,1.7362255689312027
2011-12-29 04:00:00,2.104622754447554
2011-12-29 05:00:00,14.248732912644174
2011-12-29 06:00:00,47.13516034500458
2011-12-29 07:00:00,169.96867504481128
2011-12-29 08:00:00,345.46959616261853
2011-12-29 09:00:00,184.6308544384619
2011-12-29 10:00:00,66.71158735299446
2011-12-29 11:00:00,81.06610309267371
2011-12-29 12:00:00,114.03388070476831
2011-12-29 13:00:00,112.18836829354272
2011-12-29 14:00:00,102.59014274466563
2011-12-29 15:00:00,109.01458472160535
2011-12-29 16:00:00,143.7615356855373
2011-12-29 17:00:00,221.96883469671144
2011-12-29 18:00:00,220.86554039666748
2011-12-29 19:00:00,181.65440881433474
2011-12-29 20:00:00,108.57449659922179
2011-12-29 21:00:00,100.60460011764215
2011-12-29 22:00:00,86.25956477625942
2011-12-29 23:00:00,59.723946403530874
2011-12-30 00:00:00,29.642671844467422
2011-12-30 01:00:00,7.235335898007382
2011-12-30 02:00:00,8.684255552069832
2011-12-30 03:00:00,4.365481674995991
2011-12-30 04:00:00,2.1508836721064535
2011-12-30 05:00:00,12.864008589646328
2011-12-30 06:00:00,68.86132445719535
2011-12-30 07:00:00,146.56163086052646
2011-12-30 08:00:00,421.0015723744051
2011-12-30 09:00:00,232.46345473269366
2011-12-30 10:00:00,84.55740379117243
2011-12-30 11:00:00,103.09303521213144
2011-12-30 12:00:00,135.37887846430823
2011-12-30 13:00:00,129.4834554883845
2011-12-30 14:00:00,143.13457063633984
2011-12-30 15:00:00,199.51118573304987
2011-12-30 16:00:00,267.74021021038436
2011-12-30 17:00:00,351.48585788983553
2011-12-30 18:00:00,218.0526286274472
2011-12-30 19:00:00,146.2863500845689
2011-12-30 20:00:00,167.47219408100335
2011-12-30 21:00:00,125.8899944653309
2011-12-30 22:00:00,68.20029060269698
2011-12-30 23:00:00,55.448191564633795
2011-12-31 00:00:00,35.88006190697765
2011-12-31 01:00:00,31.558122989685128
2011-12-31 02:00:00,26.433505074576864
2011-12-31 03:00:00,10.14136174787812
2011-12-31 04:00:00,2.7772399946217066
2011-12-31 05:00:00,2.73894823050522
2011-12-31 06:00:00,7.810491299997245
2011-12-31 07:00:00,19.36228336661708
2011-12-31 08:00:00,59.17167780721294
2011-12-31 09:00:00,45.30259357358808
2011-12-31 10:00:00,92.5126088670595
2011-12-31 11:00:00,335.28372421664926
2011-12-31 12:00:00,409.39370970504194
2011-12-31 13:00:00,315.6520460004649
2011-12-31 14:00:00,293.1122987899191
2011-12-31 15:00:00,200.2133753899457
2011-12-31 16:00:00,235.04904706506622
2011-12-31 17:00:00,203.70395136499258
2011-12-31 18:00:00,170.13024155970066
2011-12-31 19:00:00,146.29945918565062
2011-12-31 20:00:00,120.387057007691
2011-12-31 21:00:00,81.64257928286737
2011-12-31 22:00:00,91.04709125885248
2011-12-31 23:00:00,55.270559601430705
2012-01-20 00:00:00,18.13321718856141
2012-01-20 01:00:00,8.302862110981552
2012-01-20 02:00:00,6.117263640104852
2012-01-20 03:00:00,4.546481472526742
2012-01-20 04:00:00,3.8928313311859104
2012-01-20 05:00:00,20.862875728779418
2012-01-20 06:00:00,55.958475145731384
2012-01-20 07:00:00,134.29778804740198
2012-01-20 08:00:00,302.11773504928976
2012-01-20 09:00:00,161.21770535813872
2012-01-20 10:00:00,55.31337292603338
2012-01-20 11:00:00,42.8066871400514
2012-01-20 12:00:00,57.676652869108366
2012-01-20 13:00:00,72.00870560048635
2012-01-20 14:00:00,59.17253601681361
2012-01-20 15:00:00,60.00006528852324
2012-01-20 16:00:00,90.22557856605586
2012-01-20 17:00:00,185.36698034991062
2012-01-20 18:00:00,178.98199288464173
2012-01-20 19:00:00,148.47842985951314
2012-01-20 20:00:00,95.73389747990224
2012-01-20 21:00:00,82.37385748672851
2012-01-20 22:00:00,47.95245533801441
2012-01-20 23:00:00,18.58677134750587
2012-01-21 00:00:00,24.697236747881206
2012-01-21 01:00:00,26.7184386458699
2012-01-21 02:00:00,15.851759854392416
2012-01-21 03:00:00,9.459562203894558
2012-01-21 04:00:00,3.885310275579197
2012-01-21 05:00:00,3.3867965332182597
2012-01-21 06:00:00,3.1863088364335415
2012-01-21 07:00:00,7.628224411753212
2012-01-21 08:00:00,26.735563437311296
2012-01-21 09:00:00,41.91254222731844
2012-01-21 10:00:00,35.23927813029539
2012-01-21 11:00:00,101.70434474321142
2012-01-21 12:00:00,102.3016572357016
2012-01-21 13:00:00,88.83754287629397
2012-01-21 14:00:00,67.83304017311923
2012-01-21 15:00:00,69.10818333208151
2012-01-21 16:00:00,72.70741039599967
2012-01-21 17:00:00,60.23820052112537
2012-01-21 18:00:00,59.409635163594054
2012-01-21 19:00:00,48.883326646984855
2012-01-21 20:00:00,51.636473665368825
2012-01-21 21:00:00,33.83478267948537
2012-01-21 22:00:00,38.57610653978061
2012-01-21 23:00:00,31.580725969897983
2012-01-22 00:00:00,30.360405513056858
2012-01-22 01:00:00,21.102408434367042
2012-01-22 02:00:00,17.369761356036786
2012-01-22 03:00:00,7.725863774599915
2012-01-22 04:00:00,3.159317726783166
2012-01-22 05:00:00,2.944186108459311
2012-01-22 06:00:00,3.0064898016464108
2012-01-22 07:00:00,7.188975241487751
2012-01-22 08:00:00,23.854532614191267
2012-01-22 09:00:00,42.5465668503339
2012-01-22 10:00:00,59.33236557587352
2012-01-22 11:00:00,66.18449439636608
2012-01-22 12:00:00,97.19690866276157
2012-01-22 13:00:00,84.55971178237034
2012-01-22 14:00:00,92.08974946826807
2012-01-22 15:00:00,104.77368254795746
2012-01-22 16:00:00,102.58437787558623
2012-01-22 17:00:00,75.08471448078457
2012-01-22 18:00:00,50.43542877365173
2012-01-22 19:00:00,41.06105124681683
2012-01-22 20:00:00,38.209391777020215
2012-01-22 21:00:00,23.76562836316762
2012-01-22 22:00:00,28.719744694265067
2012-01-22 23:00:00,22.956256094009962
2012-01-23 00:00:00,8.066667730296421
2012-01-23 01:00:00,7.7953790619338825
2012-01-23 02:00:00,3.1704250948667414
2012-01-23 03:00:00,1.406524192258508
2012-01-23 04:00:00,1.6471323620592422
2012-01-23 05:00:00,8.758693590666482
2012-01-23 06:00:00,29.67153448358325
2012-01-23 07:00:00,66.91795575723107
2012-01-23 08:00:00,277.5494347060105
2012-01-23 09:00:00,244.1117199628551
2012-01-23 10:00:00,62.16861003470478
2012-01-23 11:00:00,75.94224177506494
2012-01-23 12:00:00,66.67418409267621
2012-01-23 13:00:00,53.771661875858904
2012-01-23 14:00:00,61.0352140161725
2012-01-23 15:00:00,45.36269966702653
2012-01-23 16:00:00,95.27984718061197
2012-01-23 17:00:00,180.44468297771434
2012-01-23 18:00:00,184.52234525188618
2012-01-23 19:00:00,126.99101102923082
2012-01-23 20:00:00,70.63952642695398
2012-01-23 21:00:00,49.842966379050715
2012-01-23 22:00:00,37.546044811931786
2012-01-23 23:00:00,29.011673984761035
2012-01-24 00:00:00,8.072025552914782
2012-01-24 01:00:00,5.164791516767703
2012-01-24 02:00:00,3.3901376197648125
2012-01-24 03:00:00,1.5057050905069378
2012-01-24 04:00:00,1.5218893098569417
2012-01-24 05:00:00,7.563876772581843
2012-01-24 06:00:00,41.660903738382366
2012-01-24 07:00:00,151.27622537434982
2012-01-24 08:00:00,245.60711058423178
2012-01-24 09:00:00,219.8229863113603
2012-01-24 10:00:00,83.656069842586
2012-01-24 11:00:00,81.23932542412865
2012-01-24 12:00:00,85.44334692470068
2012-01-24 13:00:00,80.71547926098974
2012-01-24 14:00:00,61.59189376299701
2012-01-24 15:00:00,94.93091430292804
2012-01-24 16:00:00,142.9345915168033
2012-01-24 17:00:00,382.04589977846257
2012-01-24 18:00:00,312.6428857099519
2012-01-24 19:00:00,268.5797941319471
2012-01-24 20:00:00,123.21880759381007
2012-01-24 21:00:00,116.5140284220045
2012-01-24 22:00:00,73.80796161455004
2012-01-24 23:00:00,40.53236808020367
2012-01-25 00:00:00,7.3135765162270445
2012-01-25 01:00:00,7.726115292101911
2012-01-25 02:00:00,4.2218326243220705
2012-01-25 03:00:00,2.802706820281043
2012-01-25 04:00:00,1.3985108959339034
2012-01-25 05:00:00,8.933399128575777
2012-01-25 06:00:00,65.39838211117426
2012-01-25 07:00:00,162.71193866139913
2012-01-25 08:00:00,402.02923446838554
2012-01-25 09:00:00,193.47637421162136
2012-01-25 10:00:00,79.844243760616
2012-01-25 11:00:00,89.72445736356482
2012-01-25 12:00:00,133.50001919419722
2012-01-25 13:00:00,112.72934542129815
2012-01-25 14:00:00,83.73415760423843
2012-01-25 15:00:00,107.3637254206483
2012-01-25 16:00:00,139.96501067308046
2012-01-25 17:00:00,284.361149059388
2012-01-25 18:00:00,196.93780572387578
2012-01-25 19:00:00,194.615109401772
2012-01-25 20:00:00,112.57526720750101
2012-01-25 21:00:00,86.77300560193534
2012-01-25 22:00:00,71.74242187808808
2012-01-25 23:00:00,39.68599592749093
2012-01-26 00:00:00,19.35196309661724
2012-01-26 01:00:00,7.703796967076856
2012-01-26 02:00:00,4.5620377757058614
2012-01-26 03:00:00,1.7471487528857814
2012-01-26 04:00:00,2.8358385640277017
2012-01-26 05:00:00,11.94163649817549
2012-01-26 06:00:00,59.25519561355013
2012-01-26 07:00:00,254.12612202217605
2012-01-26 08:00:00,418.2553632773591
2012-01-26 09:00:00,217.05011372065042
2012-01-26 10:00:00,102.86658661461836
2012-01-26 11:00:00,96.95616960323848
2012-01-26 12:00:00,114.7508919401942
2012-01-26 13:00:00,103.09924961417256
2012-01-26 14:00:00,106.93898435459626
2012-01-26 15:00:00,136.51586250616703
2012-01-26 16:00:00,173.70298097160205
2012-01-26 17:00:00,384.5430713638429
2012-01-26 18:00:00,371.41678918455796
2012-01-26 19:00:00,265.88177372381097
2012-01-26 20:00:00,215.63593340177357
2012-01-26 21:00:00,161.55655101862368
2012-01-26 22:00:00,118.45560083780491
2012-01-26 23:00:00,64.6962218869861
2012-01-27 00:00:00,36.441486259407384
2012-01-27 01:00:00,17.507053772077892
2012-01-27 02:00:00,9.41507135680121
2012-01-27 03:00:00,2.35509463495232
2012-01-27 04:00:00,1.5816729986628724
2012-01-27 05:00:00,13.404722637707033
2012-01-27 06:00:00,46.107431626448594
2012-01-27 07:00:00,61.033661741926
2012-01-27 08:00:00,149.72713941198077
2012-01-27 09:00:00,103.9132882741601
2012-01-27 10:00:00,58.24831663285393
2012-01-27 11:00:00,113.68558680095356
2012-01-27 12:00:00,221.8828229933298
2012-01-27 13:00:00,190.48960806321054
2012-01-27 14:00:00,179.65908086675103
2012-01-27 15:00:00,143.97453505311574
2012-01-27 16:00:00,241.5943839880004
2012-01-27 17:00:00,329.18584566251695
2012-01-27 18:00:00,298.70015333779907
2012-01-27 19:00:00,181.71186624419306
2012-01-27 20:00:00,99.79265041151295
2012-01-27 21:00:00,74.56690280390733
2012-01-27 22:00:00,91.28555439490009
2012-01-27 23:00:00,47.27810466847814
2012-01-28 00:00:00,41.77813915750251
2012-01-28 01:00:00,45.767113331450886
2012-01-28 02:00:00,31.07939989105395
2012-01-28 03:00:00,15.386985734337255
2012-01-28 04:00:00,2.637222386051242
2012-01-28 05:00:00,2.29431559059083
2012-01-28 06:00:00,6.3155586448659475
2012-01-28 07:00:00,7.934016187161714
2012-01-28 08:00:00,43.971991453760076
2012-01-28 09:00:00,93.26374169779524
2012-01-28 10:00:00,181.0567677193043
2012-01-28 11:00:00,242.4158395158469
2012-01-28 12:00:00,169.17217438880778
2012-01-28 13:00:00,220.10334191322968
2012-01-28 14:00:00,174.46759379273522
2012-01-28 15:00:00,203.91238173291384
2012-01-28 16:00:00,298.74933080116205
2012-01-28 17:00:00,204.86437680894483
2012-01-28 18:00:00,183.1919050178353
2012-01-28 19:00:00,94.0674424428318
2012-01-28 20:00:00,83.79518661872913
2012-01-28 21:00:00,72.24499796386812
2012-01-28 22:00:00,80.75388659539793
2012-01-28 23:00:00,60.44788060340459
2012-01-29 00:00:00,49.89740710437914
2012-01-29 01:00:00,34.58839700194478
2012-01-29 02:00:00,30.546051070018493
2012-01-29 03:00:00,10.861936122208082
2012-01-29 04:00:00,3.022110614004191
2012-01-29 05:00:00,3.497306727954647
2012-01-29 06:00:00,5.255002321525755
2012-01-29 07:00:00,16.383006997576448
2012-01-29 08:00:00,43.34888207177546
2012-01-29 09:00:00,67.97625489674854
2012-01-29 10:00:00,135.94905088496824
2012-01-29 11:00:00,153.48941065762963
2012-01-29 12:00:00,253.4704829247772
2012-01-29 13:00:00,262.42107548017384
2012-01-29 14:00:00,236.9183075322295
2012-01-29 15:00:00,288.8546429079265
2012-01-29 16:00:00,212.02460626397368
2012-01-29 17:00:00,153.9601999662123
2012-01-29 18:00:00,99.33305299949842
2012-01-29 19:00:00,91.55082683580174
2012-01-29 20:00:00,58.09501919255652
2012-01-29 21:00:00,53.0612980802334
2012-01-29 22:00:00,37.906736364882
2012-01-29 23:00:00,26.15296036684311
2012-01-30 00:00:00,11.683791998363946
2012-01-30 01:00:00,2.534740246060826
2012-01-30 02:00:00,2.3313232544655462
2012-01-30 03:00:00,2.1500014249255504
2012-01-30 04:00:00,1.6355456059098652
2012-01-30 05:00:00,10.4230451778939
2012-01-30 06:00:00,43.51498814175902
2012-01-30 07:00:00,113.23367152731007
2012-01-30 08:00:00,220.55289307039715
2012-01-30 09:00:00,131.74623275440857
2012-01-30 10:00:00,53.8530314392662
2012-01-30 11:00:00,80.83991697040148
2012-01-30 12:00:00,84.67939409311866
2012-01-30 13:00:00,79.0933647450598
2012-01-30 14:00:00,99.18483116669914
2012-01-30 15:00:00,103.75953620163203
2012-01-30 16:00:00,151.73246575602928
2012-01-30 17:00:00,323.76496588178287
2012-01-30 18:00:00,322.33173485243583
2012-01-30 19:00:00,137.18258192616375
2012-01-30 20:00:00,121.09975856008855
2012-01-30 21:00:00,108.25121336784946
2012-01-30 22:00:00,53.34548555262394
2012-01-30 23:00:00,33.801501985307425
2012-01-31 00:00:00,13.704795771236707
2012-01-31 01:00:00,5.989753247829752
2012-01-31 02:00:00,4.318565250310209
2012-01-31 03:00:00,3.2204984517840463
2012-01-31 04:00:00,2.736235605243562
2012-01-31 05:00:00,20.435081389092485
2012-01-31 06:00:00,91.56235708973519
2012-01-31 07:00:00,167.5781389264257
2012-01-31 08:00:00,420.0045871279332
2012-01-31 09:00:00,216.51367452921212
2012-01-31 10:00:00,94.74823701833515
2012-01-31 11:00:00,117.63235465163297
2012-01-31 12:00:00,142.41766551941097
2012-01-31 13:00:00,164.1261071941535
2012-01-31 14:00:00,139.19893013027308
2012-01-31 15:00:00,147.9830486473104
2012-01-31 16:00:00,217.2392510656008
2012-01-31 17:00:00,535.1738681499024
2012-01-31 18:00:00,477.80855713881374
2012-01-31 19:00:00,320.3401719914225
2012-01-31 20:00:00,180.02887867288482
2012-01-31 21:00:00,160.87042728265055
2012-01-31 22:00:00,121.03149836479353
2012-01-31 23:00:00,65.89105510781802
2012-02-20 00:00:00,30.340469578140524
2012-02-20 01:00:00,26.22255628337169
2012-02-20 02:00:00,16.576577933315118
2012-02-20 03:00:00,6.824043725038931
2012-02-20 05:00:00,1.6574119208064146
2012-02-20 06:00:00,8.416900266598375
2012-02-20 07:00:00,10.199796693022101
2012-02-20 08:00:00,46.77328796316838
2012-02-20 09:00:00,67.87646054225162
2012-02-20 10:00:00,92.49826775619313
2012-02-20 11:00:00,186.4464121764215
2012-02-20 12:00:00,190.81074168419224
2012-02-20 13:00:00,192.69965149651384
2012-02-20 14:00:00,173.26734774937816
2012-02-20 15:00:00,202.8884401602555
2012-02-20 16:00:00,243.8564069900619
2012-02-20 17:00:00,217.14012098917192
2012-02-20 18:00:00,164.17157905851187
2012-02-20 19:00:00,125.74984639740109
2012-02-20 20:00:00,115.39094092798777
2012-02-20 21:00:00,72.0733290591593
2012-02-20 22:00:00,53.090464005431194
2012-02-20 23:00:00,31.180359141379988
2012-02-21 00:00:00,10.492887360869606
2012-02-21 01:00:00,4.464375970754731
2012-02-21 02:00:00,2.4427454414035457
2012-02-21 04:00:00,2.16033081564634
2012-02-21 05:00:00,13.245875864163754
2012-02-21 06:00:00,41.314900847623825
2012-02-21 07:00:00,147.02981625334652
2012-02-21 08:00:00,387.8936311482436
2012-02-21 09:00:00,180.15732704868407
2012-02-21 10:00:00,72.33155887045686
2012-02-21 11:00:00,69.34911881394832
2012-02-21 12:00:00,106.08416100646919
2012-02-21 13:00:00,95.54810230244067
2012-02-21 14:00:00,93.48415498370171
2012-02-21 15:00:00,88.44171489465867
2012-02-21 16:00:00,130.7210747055944
2012-02-21 17:00:00,317.0734524065992
2012-02-21 18:00:00,306.94395075829885
2012-02-21 19:00:00,234.44628179914116
2012-02-21 20:00:00,123.64347666034189
2012-02-21 21:00:00,132.25086862128452
2012-02-21 22:00:00,67.79409947758936
2012-02-21 23:00:00,43.06025591440491
2012-02-22 00:00:00,16.867714613178453
2012-02-22 01:00:00,9.1333713166931
2012-02-22 02:00:00,3.279939733856865
2012-02-22 03:00:00,2.4057823786543944
2012-02-22 04:00:00,1.8138507860697888
2012-02-22 05:00:00,18.046517156834554
2012-02-22 06:00:00,56.22338957299502
2012-02-22 07:00:00,213.03575149578302
2012-02-22 08:00:00,409.34242664633075
2012-02-22 09:00:00,252.33920626883383
2012-02-22 10:00:00,91.68600594674801
2012-02-22 11:00:00,95.74305238493058
2012-02-22 12:00:00,103.05440674109279
2012-02-22 13:00:00,119.09931452893196
2012-02-22 14:00:00,112.55039118002296
2012-02-22 15:00:00,126.24639805848524
2012-02-22 16:00:00,155.6318368563935
2012-02-22 17:00:00,369.7507466750057
2012-02-22 18:00:00,299.8423351970734
2012-02-22 19:00:00,221.6368876793551
2012-02-22 20:00:00,200.7649572576838
2012-02-22 21:00:00,134.82374822849454
2012-02-22 22:00:00,109.44332476098062
2012-02-22 23:00:00,48.62142862464813
2012-02-23 00:00:00,22.94907240288948
2012-02-23 01:00:00,8.248926328406943
2012-02-23 02:00:00,7.616232781938399
2012-02-23 03:00:00,2.2145375306831445
2012-02-23 04:00:00,2.078563818186375
2012-02-23 05:00:00,18.033946825258035
2012-02-23 06:00:00,95.85995704265122
2012-02-23 07:00:00,243.23957457905775
2012-02-23 08:00:00,417.7018797693194
2012-02-23 09:00:00,202.6535150439739
2012-02-23 10:00:00,110.28871387079295
2012-02-23 11:00:00,125.84402586532119
2012-02-23 12:00:00,145.6072695222787
2012-02-23 13:00:00,155.23573032529058
2012-02-23 14:00:00,154.06673838005037
2012-02-23 15:00:00,167.76690122241146
2012-02-23 16:00:00,246.33577108666938
2012-02-23 17:00:00,563.148924379544
2012-02-23 18:00:00,501.8106182108246
2012-02-23 19:00:00,348.81752881748065
2012-02-23 20:00:00,248.9009268686911
2012-02-23 21:00:00,172.36594359820776
2012-02-23 22:00:00,118.58979800624573
2012-02-23 23:00:00,86.13616667427324
2012-02-24 00:00:00,62.080011122239064
2012-02-24 01:00:00,17.96140443985316
2012-02-24 02:00:00,7.0711020201011845
2012-02-24 03:00:00,5.009049657677188
2012-02-24 04:00:00,3.926292481129953
2012-02-24 05:00:00,22.131326813578195
2012-02-24 06:00:00,95.60739842411027
2012-02-24 07:00:00,93.4089471424819
2012-02-24 08:00:00,196.78504959831056
2012-02-24 09:00:00,67.56216712168995
2012-02-24 10:00:00,63.02777333438616
2012-02-24 11:00:00,118.18005028133952
2012-02-24 12:00:00,144.14222937584952
2012-02-24 13:00:00,163.17763535057767
2012-02-24 14:00:00,163.1001001369161
2012-02-24 15:00:00,78.54772825642618
2012-02-24 16:00:00,111.46349044278747
2012-02-24 17:00:00,216.0825452473026
2012-02-24 18:00:00,243.81507263928734
2012-02-24 19:00:00,340.3171064205926
2012-02-24 20:00:00,175.39088446379267
2012-02-24 21:00:00,130.8687119493391
2012-02-24 22:00:00,110.54052331764673
2012-02-24 23:00:00,73.04666656845527
2012-02-25 00:00:00,56.498742750631244
2012-02-25 01:00:00,44.857079503439294
2012-02-25 02:00:00,37.84662394231471
2012-02-25 03:00:00,13.26649876669765
2012-02-25 04:00:00,3.8215973998543045
2012-02-25 05:00:00,3.1825801384089405
2012-02-25 06:00:00,9.386140086698825
2012-02-25 07:00:00,28.572356661904752
2012-02-25 08:00:00,85.12468764704919
2012-02-25 09:00:00,55.428242299122935
2012-02-25 10:00:00,165.27597877320846
2012-02-25 11:00:00,135.67542498062062
2012-02-25 12:00:00,158.56627219923644
2012-02-25 13:00:00,151.50022250313882
2012-02-25 14:00:00,172.9910674991425
2012-02-25 15:00:00,160.78407391146706
2012-02-25 16:00:00,168.3505060677761
2012-02-25 17:00:00,138.6595413641221
2012-02-25 18:00:00,126.85647719670183
2012-02-25 19:00:00,92.47718801308511
2012-02-25 20:00:00,59.670062752566444
2012-02-25 21:00:00,53.66815633256219
2012-02-25 22:00:00,46.61779339798849
2012-02-25 23:00:00,48.6639614359793
2012-02-26 00:00:00,46.0822641160217
2012-02-26 01:00:00,36.88216511418757
2012-02-26 02:00:00,32.791433790104705
2012-02-26 03:00:00,15.497475649814492
2012-02-26 04:00:00,3.809172786695133
2012-02-26 05:00:00,3.880650592575611
2012-02-26 06:00:00,4.409270473453807
2012-02-26 07:00:00,11.87726781846515
2012-02-26 08:00:00,27.79147587842757
2012-02-26 09:00:00,59.731390226635675
2012-02-26 10:00:00,132.25152698111253
2012-02-26 11:00:00,139.88946045965992
2012-02-26 12:00:00,223.65211633501025
2012-02-26 13:00:00,178.60556476544966
2012-02-26 14:00:00,178.1632415399485
2012-02-26 15:00:00,206.16305539947876
2012-02-26 16:00:00,268.6568636025293
2012-02-26 17:00:00,204.4534483528104
2012-02-26 18:00:00,130.469697702624
2012-02-26 19:00:00,111.82208366960202
2012-02-26 20:00:00,82.0324836989337
2012-02-26 21:00:00,57.763106652488254
2012-02-26 22:00:00,47.232243038103206
2012-02-26 23:00:00,31.882123008601774
2012-02-27 00:00:00,10.411018315259223
2012-02-27 01:00:00,3.3079103131962913
2012-02-27 02:00:00,2.823557299514613
2012-02-27 03:00:00,2.8625575660991394
2012-02-27 04:00:00,2.4873254914681304
2012-02-27 05:00:00,12.26104217021517
2012-02-27 06:00:00,60.101892221947836
2012-02-27 07:00:00,186.9018555422023
2012-02-27 08:00:00,358.599337186114
2012-02-27 09:00:00,216.1360072596006
2012-02-27 10:00:00,82.21438239528258
2012-02-27 11:00:00,100.73928306550879
2012-02-27 12:00:00,134.65414919219398
2012-02-27 13:00:00,132.46810515409456
2012-02-27 14:00:00,157.90740709677354
2012-02-27 15:00:00,127.7925161781938
2012-02-27 16:00:00,169.89096249990033
2012-02-27 17:00:00,382.9534049181653
2012-02-27 18:00:00,383.613646135845
2012-02-27 19:00:00,275.11232040113794
2012-02-27 20:00:00,198.50372801603027
2012-02-27 21:00:00,133.0111789960368
2012-02-27 22:00:00,123.6550984575576
2012-02-27 23:00:00,65.41065892322673
2012-02-28 00:00:00,28.195644130624476
2012-02-28 01:00:00,10.700757132343805
2012-02-28 02:00:00,4.541664586606598
2012-02-28 03:00:00,2.5103377138876457
2012-02-28 04:00:00,2.729868164618644
2012-02-28 05:00:00,17.337883583252427
2012-02-28 06:00:00,81.18810480346217
2012-02-28 07:00:00,183.12332192105367
2012-02-28 08:00:00,300.84197374965305
2012-02-28 09:00:00,173.2831446221495
2012-02-28 10:00:00,104.56078025097918
2012-02-28 11:00:00,87.26904995340833
2012-02-28 12:00:00,116.5311749704248
2012-02-28 13:00:00,110.55119482891659
2012-02-28 14:00:00,102.41844637427441
2012-02-28 15:00:00,144.6394173057363
2012-02-28 16:00:00,182.00863590915898
2012-02-28 17:00:00,382.04250103800854
2012-02-28 18:00:00,369.18988536398837
2012-02-28 19:00:00,273.73117426881055
2012-02-28 20:00:00,172.41652040080692
2012-02-28 21:00:00,121.94333152412354
2012-02-28 22:00:00,95.45849712806813
2012-02-28 23:00:00,39.61996554544561
2012-02-29 00:00:00,18.63041619507171
2012-02-29 01:00:00,6.327199275629952
2012-02-29 02:00:00,3.7274811329684656
2012-02-29 03:00:00,2.0129782181807276
2012-02-29 05:00:00,13.423204696381223
2012-02-29 06:00:00,72.23013896137215
2012-02-29 07:00:00,183.95464606037731
2012-02-29 08:00:00,549.6670077165044
2012-02-29 09:00:00,97.54865872903439
2012-02-29 10:00:00,58.799942676027946
2012-02-29 11:00:00,61.8387122886208
2012-02-29 12:00:00,40.23439567004806
2012-02-29 13:00:00,45.96634624521312
2012-02-29 14:00:00,41.93390217543273
2012-02-29 15:00:00,76.57627526938813
2012-02-29 16:00:00,66.13915976058742
2012-02-29 17:00:00,310.7016701737567
2012-02-29 18:00:00,242.76513288844723
2012-02-29 19:00:00,236.1204824977558
2012-02-29 20:00:00,77.34915933258509
2012-02-29 21:00:00,61.334956152435055
2012-02-29 22:00:00,29.709795980652306
2012-02-29 23:00:00,25.254774436188164
2012-03-20 00:00:00,23.465999405990367
2012-03-20 01:00:00,10.790885524924459
2012-03-20 02:00:00,3.804489559276767
2012-03-20 03:00:00,3.881706098781587
2012-03-20 04:00:00,4.491351921891477
2012-03-20 05:00:00,20.358441246185055
2012-03-20 06:00:00,102.8724223418548
2012-03-20 07:00:00,106.46057457906839
2012-03-20 08:00:00,561.9967658173153
2012-03-20 09:00:00,302.65266758620936
2012-03-20 10:00:00,134.67678162695896
2012-03-20 11:00:00,159.23811212723737
2012-03-20 12:00:00,169.19749640081295
2012-03-20 13:00:00,181.92748112280785
2012-03-20 14:00:00,179.45703111012526
2012-03-20 15:00:00,217.13238099529434
2012-03-20 16:00:00,322.53427357869316
2012-03-20 17:00:00,611.2973745932621
2012-03-20 18:00:00,592.6524536486651
2012-03-20 19:00:00,427.0300328266709
2012-03-20 20:00:00,304.68745518560513
2012-03-20 21:00:00,231.10716763715808
2012-03-20 22:00:00,159.34366593843419
2012-03-20 23:00:00,88.47378720671765
2012-03-21 00:00:00,28.601210286075816
2012-03-21 01:00:00,18.35232327903201
2012-03-21 02:00:00,6.3835388595420675
2012-03-21 03:00:00,3.4838737625861786
2012-03-21 04:00:00,3.382935490177755
2012-03-21 05:00:00,22.666775221392154
2012-03-21 06:00:00,79.1243095789904
2012-03-21 07:00:00,130.10322329268342
2012-03-21 08:00:00,257.96120856800843
2012-03-21 09:00:00,254.0846878459279
2012-03-21 10:00:00,118.39307737832426
2012-03-21 11:00:00,121.42964318588758
2012-03-21 12:00:00,182.57289453359854
2012-03-21 13:00:00,121.63017695190946
2012-03-21 14:00:00,161.3094825990592
2012-03-21 15:00:00,172.57844737544832
2012-03-21 16:00:00,309.4608917746534
2012-03-21 17:00:00,533.3691055857952
2012-03-21 18:00:00,520.9865547631571
2012-03-21 19:00:00,422.886032495975
2012-03-21 20:00:00,307.57435478896264
2012-03-21 21:00:00,185.59932576555923
2012-03-21 22:00:00,141.8091400713824
2012-03-21 23:00:00,136.18254164025683
2012-03-22 00:00:00,50.78993711566063
2012-03-22 01:00:00,20.550757756525343
2012-03-22 02:00:00,11.387459152545544
2012-03-22 03:00:00,7.126482150438356
2012-03-22 04:00:00,4.298403005799864
2012-03-22 05:00:00,18.344928372032918
2012-03-22 06:00:00,91.21665272730765
2012-03-22 07:00:00,163.69610353589508
2012-03-22 08:00:00,316.0122689134215
2012-03-22 09:00:00,122.70560744001737
2012-03-22 10:00:00,55.61925313099795
2012-03-22 11:00:00,63.347259795745025
2012-03-22 12:00:00,152.2393165788413
2012-03-22 13:00:00,176.58463084236683
2012-03-22 14:00:00,215.31027139712415
2012-03-22 15:00:00,235.92901594239285
2012-03-22 16:00:00,356.61278411238374
2012-03-22 17:00:00,692.8323517243288
2012-03-22 18:00:00,674.6686756656455
2012-03-22 19:00:00,435.1724751858893
2012-03-22 20:00:00,399.9737939216072
2012-03-22 21:00:00,261.2008266135172
2012-03-22 22:00:00,186.51576033769297
2012-03-22 23:00:00,134.98348101553188
2012-03-23 00:00:00,59.75544806436647
2012-03-23 01:00:00,26.41644959935258
2012-03-23 02:00:00,10.735526976459786
2012-03-23 03:00:00,6.372086573635388
2012-03-23 04:00:00,4.967968008998496
2012-03-23 05:00:00,21.713542211481315
2012-03-23 06:00:00,92.39192954658134
2012-03-23 07:00:00,236.4716896358465
2012-03-23 08:00:00,348.18741282034347
2012-03-23 09:00:00,194.83995134528843
2012-03-23 10:00:00,156.68917100710974
2012-03-23 11:00:00,232.9727184388384
2012-03-23 12:00:00,295.34803244248553
2012-03-23 13:00:00,344.11967686342115
2012-03-23 14:00:00,361.69715046959413
2012-03-23 15:00:00,369.48969331235975
2012-03-23 16:00:00,463.5713530365969
2012-03-23 17:00:00,680.3251549659616
2012-03-23 18:00:00,578.6957090104632
2012-03-23 19:00:00,446.099498240917
2012-03-23 20:00:00,302.2886698820815
2012-03-23 21:00:00,292.26968133385304
2012-03-23 22:00:00,233.38864783218074
2012-03-23 23:00:00,170.832878531494
2012-03-24 00:00:00,127.15841015362192
2012-03-24 01:00:00,107.390508884176
2012-03-24 02:00:00,65.2238063185263
2012-03-24 03:00:00,26.69502610018613
2012-03-24 04:00:00,12.710996571310579
2012-03-24 05:00:00,12.506411812310029
2012-03-24 06:00:00,35.63640285570947
2012-03-24 07:00:00,55.653742803509225
2012-03-24 08:00:00,161.57543239378234
2012-03-24 09:00:00,243.7829981308597
2012-03-24 10:00:00,265.07558158741125
2012-03-24 11:00:00,159.84470660598495
2012-03-24 12:00:00,156.62284106209097
2012-03-24 13:00:00,156.515484890791
2012-03-24 14:00:00,131.65975804200932
2012-03-24 15:00:00,65.38889746400682
2012-03-24 16:00:00,81.80752242884213
2012-03-24 17:00:00,150.0983595965453
2012-03-24 18:00:00,66.3927464057926
2012-03-24 19:00:00,109.38283074739235
2012-03-24 20:00:00,36.12313306314289
2012-03-24 21:00:00,29.41246137098897
2012-03-24 22:00:00,24.456077945065765
2012-03-24 23:00:00,35.98942260441905
2012-03-25 00:00:00,25.91159192648514
2012-03-25 01:00:00,20.215118920563956
2012-03-25 02:00:00,14.514080420513384
2012-03-25 03:00:00,8.462661295714367
2012-03-25 04:00:00,3.538527278178074
2012-03-25 05:00:00,3.2571691623820924
2012-03-25 06:00:00,4.573864553131924
2012-03-25 07:00:00,11.950198353257836
2012-03-25 08:00:00,26.851864054945434
2012-03-25 09:00:00,40.520213446352
2012-03-25 10:00:00,53.17227051967888
2012-03-25 11:00:00,58.08208654761898
2012-03-25 12:00:00,79.67897123746101
2012-03-25 13:00:00,275.81268363312597
2012-03-25 14:00:00,239.95665449103632
2012-03-25 15:00:00,179.49445513524267
2012-03-25 16:00:00,240.099869044368
2012-03-25 17:00:00,269.1158208028832
2012-03-25 18:00:00,247.4595607467685
2012-03-25 19:00:00,232.2077981730395
2012-03-25 20:00:00,166.39219315983945
2012-03-25 21:00:00,136.01472153120406
2012-03-25 22:00:00,94.16014060383357
2012-03-25 23:00:00,61.30072643477161
2012-03-26 00:00:00,31.762653394297025
2012-03-26 01:00:00,13.783691431474896
2012-03-26 02:00:00,9.731892780208987
2012-03-26 03:00:00,4.13605108804711
2012-03-26 04:00:00,7.483305471767814
2012-03-26 05:00:00,28.689440232978782
2012-03-26 06:00:00,86.77554326926027
2012-03-26 07:00:00,313.1300813998988
2012-03-26 08:00:00,426.91021723713476
2012-03-26 09:00:00,207.74214532479655
2012-03-26 10:00:00,161.01944881139278
2012-03-26 11:00:00,221.05318169637133
2012-03-26 12:00:00,275.8041962099363
2012-03-26 13:00:00,228.8747974978464
2012-03-26 14:00:00,252.74347876109212
2012-03-26 15:00:00,213.00418966000393
2012-03-26 16:00:00,267.8724441270374
2012-03-26 17:00:00,519.0909351704811
2012-03-26 18:00:00,433.7438056333851
2012-03-26 19:00:00,390.87550168327664
2012-03-26 20:00:00,174.33159138667372
2012-03-26 21:00:00,130.17156378917102
2012-03-26 22:00:00,98.00972910984015
2012-03-26 23:00:00,35.513380609408586
2012-03-27 00:00:00,18.76982069933839
2012-03-27 01:00:00,6.329118728781103
2012-03-27 02:00:00,2.7567699713994016
2012-03-27 03:00:00,2.304601591788507
2012-03-27 04:00:00,1.7718600659367503
2012-03-27 05:00:00,10.759551204299546
2012-03-27 06:00:00,70.28180262532112
2012-03-27 07:00:00,178.77360155754891
2012-03-27 08:00:00,273.8263094369275
2012-03-27 09:00:00,166.41078654439812
2012-03-27 10:00:00,74.58237283940848
2012-03-27 11:00:00,85.19109107526268
2012-03-27 12:00:00,94.67142487667648
2012-03-27 13:00:00,131.869095659107
2012-03-27 14:00:00,142.4647232040526
2012-03-27 15:00:00,240.96760160811345
2012-03-27 16:00:00,283.81584721437594
2012-03-27 17:00:00,317.49356833576326
2012-03-27 18:00:00,314.1334324890354
2012-03-27 19:00:00,252.15844516219497
2012-03-27 20:00:00,166.47504713809892
2012-03-27 21:00:00,124.42295973211468
2012-03-27 22:00:00,99.52526633593644
2012-03-27 23:00:00,53.55642302037166
2012-03-28 00:00:00,23.449580028690693
2012-03-28 01:00:00,6.8907172201069775
2012-03-28 02:00:00,3.791543495846242
2012-03-28 03:00:00,3.2875146184755173
2012-03-28 04:00:00,1.8642696793929567
2012-03-28 05:00:00,20.5293345626611
2012-03-28 06:00:00,100.98346828254665
2012-03-28 07:00:00,227.5696959678813
2012-03-28 08:00:00,348.1305170328605
2012-03-28 09:00:00,224.27229861955456
2012-03-28 10:00:00,147.40741022461802
2012-03-28 11:00:00,148.00437556777013
2012-03-28 12:00:00,229.98956077883196
2012-03-28 13:00:00,210.23111744390792
2012-03-28 14:00:00,211.21444875988925
2012-03-28 15:00:00,248.93424877425255
2012-03-28 16:00:00,338.37353277055877
2012-03-28 17:00:00,619.2130063937914
2012-03-28 18:00:00,601.2449131030999
2012-03-28 19:00:00,460.8286990797579
2012-03-28 20:00:00,390.76909331342716
2012-03-28 21:00:00,291.9215785483293
2012-03-28 22:00:00,205.84041626246346
2012-03-28 23:00:00,117.42491121250839
2012-03-29 00:00:00,49.609547156070384
2012-03-29 01:00:00,20.278833914376776
2012-03-29 02:00:00,6.088647779325344
2012-03-29 03:00:00,2.8506210556000706
2012-03-29 04:00:00,3.9574671380040525
2012-03-29 05:00:00,25.490701290318697
2012-03-29 06:00:00,116.84236818719695
2012-03-29 07:00:00,337.94022764075777
2012-03-29 08:00:00,546.3879818603775
2012-03-29 09:00:00,308.4954604184223
2012-03-29 10:00:00,194.35397428724434
2012-03-29 11:00:00,210.63634197145453
2012-03-29 12:00:00,226.9978133938388
2012-03-29 13:00:00,225.50180409287597
2012-03-29 14:00:00,180.03030454980666
2012-03-29 15:00:00,200.12577111359974
2012-03-29 16:00:00,273.71709256915585
2012-03-29 17:00:00,587.8924553346008
2012-03-29 18:00:00,478.2794684254172
2012-03-29 19:00:00,382.9969505035414
2012-03-29 20:00:00,281.3235418883506
2012-03-29 21:00:00,179.12316818651058
2012-03-29 22:00:00,124.87116920676293
2012-03-29 23:00:00,72.28242987038918
2012-03-30 00:00:00,40.98778126511985
2012-03-30 01:00:00,22.949751157282435
2012-03-30 02:00:00,10.78786353487888
2012-03-30 03:00:00,7.826808748159015
2012-03-30 04:00:00,5.600024957447839
2012-03-30 05:00:00,17.59142890073036
2012-03-30 06:00:00,87.88981203330961
2012-03-30 07:00:00,261.9303527651543
2012-03-30 08:00:00,466.47482074963386
2012-03-30 09:00:00,310.5688842891406
2012-03-30 10:00:00,121.85764490995685
2012-03-30 11:00:00,137.77848768660752
2012-03-30 12:00:00,147.6957531611684
2012-03-30 13:00:00,80.02023801624085
2012-03-30 14:00:00,78.62465005288948
2012-03-30 15:00:00,89.69299432973088
2012-03-30 16:00:00,85.75100200506554
2012-03-30 17:00:00,354.9171067633752
2012-03-30 18:00:00,397.6955726759188
2012-03-30 19:00:00,260.32206841697814
2012-03-30 20:00:00,187.7639738000244
2012-03-30 21:00:00,145.67318680226379
2012-03-30 22:00:00,116.67543599039053
2012-03-30 23:00:00,89.60960158389322
2012-03-31 00:00:00,64.54197294228072
2012-03-31 01:00:00,37.987692337897975
2012-03-31 02:00:00,32.74352987597046
2012-03-31 03:00:00,16.25605459502041
2012-03-31 04:00:00,5.263793379191682
2012-03-31 05:00:00,5.519868130797236
2012-03-31 06:00:00,14.099400517364115
2012-03-31 07:00:00,29.754159120812567
2012-03-31 08:00:00,66.70720015063375
2012-03-31 09:00:00,86.95447667510093
2012-03-31 10:00:00,210.53702506895206
2012-03-31 11:00:00,343.97107071443537
2012-03-31 12:00:00,371.5261249529522
2012-03-31 13:00:00,450.29100372117546
2012-03-31 14:00:00,337.1979541387121
2012-03-31 15:00:00,339.05051540504274
2012-03-31 16:00:00,246.4250056453565
2012-03-31 17:00:00,290.71775638895275
2012-03-31 18:00:00,123.0542729956983
2012-03-31 19:00:00,176.9636406204514
2012-03-31 20:00:00,87.43939797123336
2012-03-31 21:00:00,66.80498277411593
2012-03-31 22:00:00,58.853209283308956
2012-03-31 23:00:00,54.73048489803733
2012-04-20 00:00:00,70.35162814127335
2012-04-20 01:00:00,25.73761083860935
2012-04-20 02:00:00,12.829035098278112
2012-04-20 03:00:00,7.843479202932258
2012-04-20 04:00:00,4.373301814889256
2012-04-20 05:00:00,20.969158143338518
2012-04-20 06:00:00,78.05026656909311
2012-04-20 07:00:00,256.4960578019822
2012-04-20 08:00:00,379.3120946118503
2012-04-20 09:00:00,326.03921747390547
2012-04-20 10:00:00,151.8784366398427
2012-04-20 11:00:00,186.61223716661564
2012-04-20 12:00:00,253.2095863126101
2012-04-20 13:00:00,283.5276471073944
2012-04-20 14:00:00,251.5605821221357
2012-04-20 15:00:00,274.4546024028451
2012-04-20 16:00:00,435.00196076687314
2012-04-20 17:00:00,554.1762820028662
2012-04-20 18:00:00,476.90876575472396
2012-04-20 19:00:00,399.88214274803903
2012-04-20 20:00:00,285.57427133218766
2012-04-20 21:00:00,222.3755140279409
2012-04-20 22:00:00,171.34306550687248
2012-04-20 23:00:00,165.51612457281823
2012-04-21 00:00:00,139.75453839511232
2012-04-21 01:00:00,108.13619473516374
2012-04-21 02:00:00,72.82940759996731
2012-04-21 03:00:00,28.362005615013487
2012-04-21 04:00:00,8.789434665661046
2012-04-21 05:00:00,11.947926176043163
2012-04-21 06:00:00,34.47799066115065
2012-04-21 07:00:00,68.60302274982764
2012-04-21 08:00:00,161.04401486507697
2012-04-21 09:00:00,304.34707897176014
2012-04-21 10:00:00,422.0559923759678
2012-04-21 11:00:00,506.0874244257577
2012-04-21 12:00:00,568.4536781964624
2012-04-21 13:00:00,604.4453971646774
2012-04-21 14:00:00,585.7252034839374
2012-04-21 15:00:00,630.6139682800714
2012-04-21 16:00:00,630.2145597291502
2012-04-21 17:00:00,488.10351823865267
2012-04-21 18:00:00,434.7471955170234
2012-04-21 19:00:00,248.92982600714177
2012-04-21 20:00:00,56.33603007640669
2012-04-21 21:00:00,65.88205505233812
2012-04-21 22:00:00,112.5927847306364
2012-04-21 23:00:00,59.66869271038548
2012-04-22 00:00:00,70.24513229439091
2012-04-22 01:00:00,40.68892164344147
2012-04-22 02:00:00,46.80067665524505
2012-04-22 03:00:00,23.93473781009388
2012-04-22 04:00:00,7.082279003047434
2012-04-22 05:00:00,5.196484818286361
2012-04-22 06:00:00,12.823372310206222
2012-04-22 07:00:00,16.677860855603015
2012-04-22 08:00:00,34.77813549024354
2012-04-22 09:00:00,48.54687444852743
2012-04-22 10:00:00,57.6146301699005
2012-04-22 11:00:00,52.240798872466875
2012-04-22 12:00:00,60.00970307491463
2012-04-22 13:00:00,84.28191127330258
2012-04-22 14:00:00,58.884687184900734
2012-04-22 15:00:00,65.37923430341978
2012-04-22 16:00:00,44.90444564208787
2012-04-22 17:00:00,30.341159758781632
2012-04-22 18:00:00,24.65131126025039
2012-04-22 19:00:00,33.38599451917879
2012-04-22 20:00:00,22.037393143582943
2012-04-22 21:00:00,19.219773460456807
2012-04-22 22:00:00,11.279014664558959
2012-04-22 23:00:00,19.710992589759055
2012-04-23 00:00:00,10.03174483741125
2012-04-23 01:00:00,3.426225276713624
2012-04-23 02:00:00,3.453669866858845
2012-04-23 03:00:00,1.8344704836418624
2012-04-23 04:00:00,1.3810077820291364
2012-04-23 05:00:00,6.998610356456972
2012-04-23 06:00:00,45.34131617673418
2012-04-23 07:00:00,96.68093794024466
2012-04-23 08:00:00,328.00978759887397
2012-04-23 09:00:00,162.1559090683577
2012-04-23 10:00:00,73.9204369488026
2012-04-23 11:00:00,69.47936524150155
2012-04-23 12:00:00,58.06892611517963
2012-04-23 13:00:00,63.37415031766859
2012-04-23 14:00:00,53.332872283073705
2012-04-23 15:00:00,91.12603204121754
2012-04-23 16:00:00,70.25626067595718
2012-04-23 17:00:00,173.64801376233862
2012-04-23 18:00:00,163.99482035038267
2012-04-23 19:00:00,129.3822416067232
2012-04-23 20:00:00,107.12192472657783
2012-04-23 21:00:00,67.70895755514567
2012-04-23 22:00:00,61.633005182927384
2012-04-23 23:00:00,36.81943318531985
2012-04-24 00:00:00,16.9709272583838
2012-04-24 01:00:00,6.796443340259566
2012-04-24 02:00:00,2.9631645397729693
2012-04-24 03:00:00,2.5194523603345504
2012-04-24 04:00:00,1.690887988396999
2012-04-24 05:00:00,16.220489721474998
2012-04-24 06:00:00,85.06199549146024
2012-04-24 07:00:00,265.2696558589012
2012-04-24 08:00:00,550.0067769580081
2012-04-24 09:00:00,245.62267744210124
2012-04-24 10:00:00,157.99852476249976
2012-04-24 11:00:00,189.97703187310933
2012-04-24 12:00:00,247.133971399466
2012-04-24 13:00:00,231.96722172544494
2012-04-24 14:00:00,224.40605682519023
2012-04-24 15:00:00,242.73262873187892
2012-04-24 16:00:00,402.9599809419747
2012-04-24 17:00:00,707.586177916308
2012-04-24 18:00:00,662.3616977463452
2012-04-24 19:00:00,487.9241014416935
2012-04-24 20:00:00,308.9627716793406
2012-04-24 21:00:00,158.1561241131662
2012-04-24 22:00:00,135.21663641693792
2012-04-24 23:00:00,75.91136929292985
2012-04-25 00:00:00,31.243144226135964
2012-04-25 01:00:00,9.887122652594872
2012-04-25 02:00:00,3.5665449197060783
2012-04-25 03:00:00,1.9596846016976714
2012-04-25 04:00:00,1.6618257993643821
2012-04-25 05:00:00,19.33208379398492
2012-04-25 06:00:00,63.02078785822568
2012-04-25 07:00:00,326.043969100162
2012-04-25 08:00:00,534.1264368739046
2012-04-25 09:00:00,300.98440568680485
2012-04-25 10:00:00,137.02106724512586
2012-04-25 11:00:00,144.23466558065584
2012-04-25 12:00:00,178.03781839077283
2012-04-25 13:00:00,201.47204123241627
2012-04-25 14:00:00,150.5129597512852
2012-04-25 15:00:00,218.22367444787585
2012-04-25 16:00:00,286.936850816118
2012-04-25 17:00:00,574.9716840876279
2012-04-25 18:00:00,574.0552275760318
2012-04-25 19:00:00,462.83596414219426
2012-04-25 20:00:00,336.1140301936846
2012-04-25 21:00:00,218.651816007653
2012-04-25 22:00:00,139.51886274659046
2012-04-25 23:00:00,88.45035088022638
2012-04-26 00:00:00,42.00459461740119
2012-04-26 01:00:00,20.76963257758776
2012-04-26 02:00:00,11.244951798945989
2012-04-26 03:00:00,4.971092057357651
2012-04-26 04:00:00,6.451346517980565
2012-04-26 05:00:00,22.57059627732525
2012-04-26 06:00:00,103.40918474591535
2012-04-26 07:00:00,133.5607823032073
2012-04-26 08:00:00,364.4793532070126
2012-04-26 09:00:00,243.1443395325013
2012-04-26 10:00:00,82.05748229813378
2012-04-26 11:00:00,74.59727585154788
2012-04-26 12:00:00,143.7893042053572
2012-04-26 13:00:00,133.06087007706304
2012-04-26 14:00:00,162.4122637977282
2012-04-26 15:00:00,107.20187305149703
2012-04-26 16:00:00,208.6002884176615
2012-04-26 17:00:00,496.00518775599943
2012-04-26 18:00:00,440.6656235844517
2012-04-26 19:00:00,353.86080675320204
2012-04-26 20:00:00,303.484125458713
2012-04-26 21:00:00,168.97029297819952
2012-04-26 22:00:00,147.24475746742175
2012-04-26 23:00:00,86.00341613778049
2012-04-27 00:00:00,65.32257106579654
2012-04-27 01:00:00,38.00479267772701
2012-04-27 02:00:00,19.422484969765318
2012-04-27 03:00:00,7.821122077775757
2012-04-27 04:00:00,5.593355757883809
2012-04-27 05:00:00,29.76261139375286
2012-04-27 06:00:00,115.79466713688481
2012-04-27 07:00:00,284.7975845982041
2012-04-27 08:00:00,583.7233254846157
2012-04-27 09:00:00,320.00581602412825
2012-04-27 10:00:00,243.0682691021704
2012-04-27 11:00:00,252.76611104363778
2012-04-27 12:00:00,369.3332378099203
2012-04-27 13:00:00,390.84408227039347
2012-04-27 14:00:00,366.2563560863399
2012-04-27 15:00:00,390.6856905670276
2012-04-27 16:00:00,439.4723195709224
2012-04-27 17:00:00,634.3077569017426
2012-04-27 18:00:00,554.508838460697
2012-04-27 19:00:00,442.6621948784827
2012-04-27 20:00:00,255.58558164645171
2012-04-27 21:00:00,210.7515589295898
2012-04-27 22:00:00,139.816410564222
2012-04-27 23:00:00,92.43039439361554
2012-04-28 00:00:00,92.46505938690454
2012-04-28 01:00:00,50.56882871930246
2012-04-28 02:00:00,60.777407808155324
2012-04-28 03:00:00,21.779619985102013
2012-04-28 04:00:00,9.357355045800936
2012-04-28 05:00:00,7.300332142606926
2012-04-28 06:00:00,21.36839803003173
2012-04-28 07:00:00,37.224890660744805
2012-04-28 08:00:00,129.02480828748475
2012-04-28 09:00:00,165.2520552758359
2012-04-28 10:00:00,216.73374899827238
2012-04-28 11:00:00,240.30027017189573
2012-04-28 12:00:00,272.3579761142108
2012-04-28 13:00:00,270.8961896412343
2012-04-28 14:00:00,348.22148057788
2012-04-28 15:00:00,397.5837619503811
2012-04-28 16:00:00,262.4954291414117
2012-04-28 17:00:00,186.61821654641588
2012-04-28 18:00:00,134.1212431784555
2012-04-28 19:00:00,134.01844861609894
2012-04-28 20:00:00,102.87447203455051
2012-04-28 21:00:00,52.80312380980474
2012-04-28 22:00:00,84.72484485491559
2012-04-28 23:00:00,66.76780813857674
2012-04-29 00:00:00,59.466277939052226
2012-04-29 01:00:00,56.941951370089946
2012-04-29 02:00:00,42.041386297759814
2012-04-29 03:00:00,14.970510863190086
2012-04-29 04:00:00,5.782181357604063
2012-04-29 05:00:00,6.850887656936498
2012-04-29 06:00:00,12.455396785666474
2012-04-29 07:00:00,30.58644482594709
2012-04-29 08:00:00,65.44511600137366
2012-04-29 09:00:00,157.46687326858822
2012-04-29 10:00:00,267.98181729978336
2012-04-29 11:00:00,290.9907384026763
2012-04-29 12:00:00,374.3694400278668
2012-04-29 13:00:00,376.9090471326906
2012-04-29 14:00:00,434.5871948414101
2012-04-29 15:00:00,454.15734357083244
2012-04-29 16:00:00,436.3736434085566
2012-04-29 17:00:00,460.7138355650061
2012-04-29 18:00:00,374.0581691957679
2012-04-29 19:00:00,267.88295493953507
2012-04-29 20:00:00,211.89477125209996
2012-04-29 21:00:00,135.23906507495238
2012-04-29 22:00:00,98.74294678343932
2012-04-29 23:00:00,62.774637398035026
2012-04-30 00:00:00,63.65821856986196
2012-04-30 01:00:00,17.602020029174344
2012-04-30 02:00:00,14.440162540743522
2012-04-30 03:00:00,5.172689034740819
2012-04-30 04:00:00,1.4779784142513421
2012-04-30 05:00:00,9.38579410594417
2012-04-30 06:00:00,84.2644678988283
2012-04-30 07:00:00,201.88814778809422
2012-04-30 08:00:00,417.1040899950838
2012-04-30 09:00:00,244.13145723877483
2012-04-30 10:00:00,134.94343801058974
2012-04-30 11:00:00,142.84454709931072
2012-04-30 12:00:00,165.54300722149029
2012-04-30 13:00:00,134.0129566080579
2012-04-30 14:00:00,140.24546357550688
2012-04-30 15:00:00,163.59874582015027
2012-04-30 16:00:00,274.55176435880253
2012-04-30 17:00:00,569.4950688897507
2012-04-30 18:00:00,584.574306104967
2012-04-30 19:00:00,447.2518421680244
2012-04-30 20:00:00,242.13014621000147
2012-04-30 21:00:00,191.72414845954592
2012-04-30 22:00:00,132.97737028100542
2012-04-30 23:00:00,73.26771727924157
2012-05-20 00:00:00,147.15936280013204
2012-05-20 01:00:00,95.99594085950422
2012-05-20 02:00:00,74.61635800643039
2012-05-20 03:00:00,29.11304866910666
2012-05-20 04:00:00,15.629682932677285
2012-05-20 05:00:00,13.17187464691413
2012-05-20 06:00:00,21.3582959887737
2012-05-20 07:00:00,45.623237182120874
2012-05-20 08:00:00,156.16845413835537
2012-05-20 09:00:00,220.59582356963995
2012-05-20 10:00:00,379.8557415777053
2012-05-20 11:00:00,502.705350742846
2012-05-20 12:00:00,599.2745654457008
2012-05-20 13:00:00,643.251522754964
2012-05-20 14:00:00,583.0020902377786
2012-05-20 15:00:00,544.4763353853353
2012-05-20 16:00:00,602.4802031261295
2012-05-20 17:00:00,483.47573383655083
2012-05-20 18:00:00,395.2037602242731
2012-05-20 19:00:00,391.6488758692267
2012-05-20 20:00:00,270.5130310551712
2012-05-20 21:00:00,161.42619534355396
2012-05-20 22:00:00,145.79707467087195
2012-05-20 23:00:00,64.94815611128365
2012-05-21 00:00:00,18.880315936907607
2012-05-21 01:00:00,8.835949740549598
2012-05-21 02:00:00,4.6373120131965555
2012-05-21 03:00:00,2.7653864749366868
2012-05-21 04:00:00,2.607010432959203
2012-05-21 05:00:00,13.05007876174062
2012-05-21 06:00:00,43.44263999314207
2012-05-21 07:00:00,115.49653754935416
2012-05-21 08:00:00,202.92731894346082
2012-05-21 09:00:00,139.27038649886526
2012-05-21 10:00:00,80.26761449827679
2012-05-21 11:00:00,148.29436648713437
2012-05-21 12:00:00,146.81068722079715
2012-05-21 13:00:00,99.64513443273889
2012-05-21 14:00:00,105.50962803184204
2012-05-21 15:00:00,228.83696865036788
2012-05-21 16:00:00,347.439213610006
2012-05-21 17:00:00,624.7958605420754
2012-05-21 18:00:00,540.1370311686662
2012-05-21 19:00:00,342.520581458455
2012-05-21 20:00:00,258.11961632328456
2012-05-21 21:00:00,188.34061500195975
2012-05-21 22:00:00,144.0553690983904
2012-05-21 23:00:00,84.55565809279501
2012-05-22 00:00:00,27.72234132547043
2012-05-22 01:00:00,12.540247280579907
2012-05-22 02:00:00,4.833839195370351
2012-05-22 03:00:00,4.372019731969813
2012-05-22 04:00:00,5.365276091422797
2012-05-22 05:00:00,18.052793319989213
2012-05-22 06:00:00,87.26100657244
2012-05-22 07:00:00,166.2635053562829
2012-05-22 08:00:00,527.9124635731631
2012-05-22 09:00:00,263.4983755913667
2012-05-22 10:00:00,171.1133871224532
2012-05-22 11:00:00,166.1087453579452
2012-05-22 12:00:00,179.80582278063966
2012-05-22 13:00:00,214.79984980644096
2012-05-22 14:00:00,200.4440885257572
2012-05-22 15:00:00,257.5940077822599
2012-05-22 16:00:00,336.386292421585
2012-05-22 17:00:00,711.1862962691466
2012-05-22 18:00:00,654.2827188074803
2012-05-22 19:00:00,461.87595846728254
2012-05-22 20:00:00,365.26611549823195
2012-05-22 21:00:00,232.29064286822475
2012-05-22 22:00:00,201.50595730854243
2012-05-22 23:00:00,104.74783947077125
2012-05-23 00:00:00,35.0740133127747
2012-05-23 01:00:00,19.30373602344724
2012-05-23 02:00:00,7.258299881854841
2012-05-23 03:00:00,7.70098241301687
2012-05-23 04:00:00,4.337173550086216
2012-05-23 05:00:00,15.148192811062076
2012-05-23 06:00:00,150.44596083679085
2012-05-23 07:00:00,416.35209211668115
2012-05-23 08:00:00,606.0675949269468
2012-05-23 09:00:00,327.9455659906496
2012-05-23 10:00:00,173.35208535808442
2012-05-23 11:00:00,203.2457515658122
2012-05-23 12:00:00,213.44984507657378
2012-05-23 13:00:00,231.9291887979828
2012-05-23 14:00:00,246.8868651865155
2012-05-23 15:00:00,266.93218762200183
2012-05-23 16:00:00,334.9513869525632
2012-05-23 17:00:00,418.03740252240505
2012-05-23 18:00:00,454.26325295436754
2012-05-23 19:00:00,320.0903430731278
2012-05-23 20:00:00,187.73068824108398
2012-05-23 21:00:00,171.5930681194454
2012-05-23 22:00:00,163.75299122155732
2012-05-23 23:00:00,100.40365806117
2012-05-24 00:00:00,62.738772585894125
2012-05-24 01:00:00,16.513672868470618
2012-05-24 02:00:00,8.91570916633366
2012-05-24 03:00:00,4.297799657108646
2012-05-24 04:00:00,5.435598489390735
2012-05-24 05:00:00,27.69191180847465
2012-05-24 06:00:00,135.8689990980567
2012-05-24 07:00:00,391.0650626427515
2012-05-24 08:00:00,560.1728707093483
2012-05-24 09:00:00,295.4364826583468
2012-05-24 10:00:00,185.4136337791898
2012-05-24 11:00:00,218.65050741168983
2012-05-24 12:00:00,285.2929804971116
2012-05-24 13:00:00,236.38365174060996
2012-05-24 14:00:00,195.78964196597892
2012-05-24 15:00:00,229.9322475697511
2012-05-24 16:00:00,308.1331413728547
2012-05-24 17:00:00,673.8709057022423
2012-05-24 18:00:00,587.4241418680806
2012-05-24 19:00:00,443.1492545605802
2012-05-24 20:00:00,336.44524248047367
2012-05-24 21:00:00,159.4601543951209
2012-05-24 22:00:00,167.3763106136332
2012-05-24 23:00:00,110.88715089007692
2012-05-25 00:00:00,79.94814878570821
2012-05-25 01:00:00,28.425529471891586
2012-05-25 02:00:00,10.722698352267532
2012-05-25 03:00:00,5.598730658079054
2012-05-25 04:00:00,6.8510470007632955
2012-05-25 05:00:00,26.403355095817865
2012-05-25 06:00:00,134.99451853562604
2012-05-25 07:00:00,399.5582759778756
2012-05-25 08:00:00,647.7081112872279
2012-05-25 09:00:00,326.2860258948183
2012-05-25 10:00:00,185.95755191069284
2012-05-25 11:00:00,219.3779849037183
2012-05-25 12:00:00,237.62794238027186
2012-05-25 13:00:00,242.0192676426468
2012-05-25 14:00:00,232.5876896564431
2012-05-25 15:00:00,224.74148839404575
2012-05-25 16:00:00,356.76004639274544
2012-05-25 17:00:00,602.9299454399315
2012-05-25 18:00:00,571.4600761828827
2012-05-25 19:00:00,417.95482296037136
2012-05-25 20:00:00,297.12966164342527
2012-05-25 21:00:00,237.84679643244866
2012-05-25 22:00:00,233.72868438308643
2012-05-25 23:00:00,190.49235360775242
2012-05-26 00:00:00,140.72986714976514
2012-05-26 01:00:00,88.86510155115461
2012-05-26 02:00:00,55.78669344047553
2012-05-26 03:00:00,24.77845680009847
2012-05-26 04:00:00,9.018170540847462
2012-05-26 05:00:00,10.718394683298442
2012-05-26 06:00:00,32.513755614579196
2012-05-26 07:00:00,72.34296404362473
2012-05-26 08:00:00,149.07388153457498
2012-05-26 09:00:00,251.2959496945471
2012-05-26 10:00:00,291.2891249255462
2012-05-26 11:00:00,336.0173320793691
2012-05-26 12:00:00,342.92709825509843
2012-05-26 13:00:00,385.1215158087519
2012-05-26 14:00:00,355.75287601182964
2012-05-26 15:00:00,421.4655664087138
2012-05-26 16:00:00,401.8835844974534
2012-05-26 17:00:00,418.5906600365603
2012-05-26 18:00:00,378.7733621981262
2012-05-26 19:00:00,295.0556269386875
2012-05-26 20:00:00,283.7938831993735
2012-05-26 21:00:00,210.83849593610813
2012-05-26 22:00:00,172.93461361700156
2012-05-26 23:00:00,153.0517095637714
2012-05-27 00:00:00,117.69906892556952
2012-05-27 01:00:00,104.91443768529287
2012-05-27 02:00:00,69.54785802430452
2012-05-27 03:00:00,37.07719085634632
2012-05-27 04:00:00,7.14535146709916
2012-05-27 05:00:00,8.164722945084593
2012-05-27 06:00:00,19.521147669180635
2012-05-27 07:00:00,44.331585041760185
2012-05-27 08:00:00,105.39622122127892
2012-05-27 09:00:00,164.39616045563358
2012-05-27 10:00:00,278.75371491234085
2012-05-27 11:00:00,300.51955466629335
2012-05-27 12:00:00,349.28425439239714
2012-05-27 13:00:00,371.8123846126222
2012-05-27 14:00:00,365.0448708315564
2012-05-27 15:00:00,398.23739972722484
2012-05-27 16:00:00,421.81288941566237
2012-05-27 17:00:00,446.09193747194075
2012-05-27 18:00:00,362.1391037975976
2012-05-27 19:00:00,297.3699254827921
2012-05-27 20:00:00,305.2442685019084
2012-05-27 21:00:00,148.91900139287432
2012-05-27 22:00:00,100.83185161925459
2012-05-27 23:00:00,58.40735082896476
2012-05-28 00:00:00,66.65295601739707
2012-05-28 01:00:00,35.47742989860688
2012-05-28 02:00:00,23.565205554031245
2012-05-28 03:00:00,11.227092920471428
2012-05-28 04:00:00,11.642484205797686
2012-05-28 05:00:00,19.864963304933767
2012-05-28 06:00:00,39.60554974603475
2012-05-28 07:00:00,89.37676613859298
2012-05-28 08:00:00,135.09376765657126
2012-05-28 09:00:00,214.04983203547252
2012-05-28 10:00:00,248.34735907245317
2012-05-28 11:00:00,293.18273889199867
2012-05-28 12:00:00,352.9279873310666
2012-05-28 13:00:00,330.22135134981187
2012-05-28 14:00:00,320.02645490291945
2012-05-28 15:00:00,301.71714926678135
2012-05-28 16:00:00,337.03919389844145
2012-05-28 17:00:00,458.98947906278397
2012-05-28 18:00:00,484.18901184014834
2012-05-28 19:00:00,459.04805128502915
2012-05-28 20:00:00,369.85723706540244
2012-05-28 21:00:00,288.5931583808276
2012-05-28 22:00:00,168.3491968082146
2012-05-28 23:00:00,96.38659555992693
2012-05-29 00:00:00,33.76807634858808
2012-05-29 01:00:00,14.326203404508354
2012-05-29 02:00:00,7.177006147797489
2012-05-29 03:00:00,3.863039215094801
2012-05-29 04:00:00,5.7562550341186025
2012-05-29 05:00:00,32.1614089394745
2012-05-29 06:00:00,160.15340049232043
2012-05-29 07:00:00,366.7739762745867
2012-05-29 08:00:00,508.0869144908999
2012-05-29 09:00:00,239.08160428429855
2012-05-29 10:00:00,145.05491559604724
2012-05-29 11:00:00,160.23403196816972
2012-05-29 12:00:00,182.92868207805844
2012-05-29 13:00:00,175.39759546370001
2012-05-29 14:00:00,177.16303665971282
2012-05-29 15:00:00,176.4828618453798
2012-05-29 16:00:00,248.2826148580742
2012-05-29 17:00:00,522.6871091534464
2012-05-29 18:00:00,488.4652384876355
2012-05-29 19:00:00,394.4465757824958
2012-05-29 20:00:00,200.19825350597011
2012-05-29 21:00:00,86.38109850454465
2012-05-29 22:00:00,119.37986072321902
2012-05-29 23:00:00,43.91241556929875
2012-05-30 00:00:00,33.83230564972105
2012-05-30 01:00:00,14.334278213129515
2012-05-30 02:00:00,7.150910093482221
2012-05-30 03:00:00,4.489184018098734
2012-05-30 04:00:00,6.03624579056023
2012-05-30 05:00:00,38.583699405425726
2012-05-30 06:00:00,169.58673555348525
2012-05-30 07:00:00,219.5945198946795
2012-05-30 08:00:00,602.2264384012484
2012-05-30 09:00:00,289.7218130306954
2012-05-30 10:00:00,166.45631418353625
2012-05-30 11:00:00,216.8127434724347
2012-05-30 12:00:00,290.32723818005684
2012-05-30 13:00:00,253.8507663677283
2012-05-30 14:00:00,249.54090847463837
2012-05-30 15:00:00,228.75942903789965
2012-05-30 16:00:00,382.25717480180066
2012-05-30 17:00:00,660.6443515185751
2012-05-30 18:00:00,724.0889527980706
2012-05-30 19:00:00,544.3285243530283
2012-05-30 20:00:00,274.0373922677647
2012-05-30 21:00:00,289.72097100897213
2012-05-30 22:00:00,208.94367707376753
2012-05-30 23:00:00,124.02137742781463
2012-05-31 00:00:00,45.290425513743955
2012-05-31 01:00:00,19.341091829009414
2012-05-31 02:00:00,9.097212278218505
2012-05-31 03:00:00,4.669858455960335
2012-05-31 04:00:00,6.113633770862145
2012-05-31 05:00:00,37.77011847410786
2012-05-31 06:00:00,144.34003660627482
2012-05-31 07:00:00,465.8506772199142
2012-05-31 08:00:00,588.7724748247342
2012-05-31 09:00:00,257.4768145350351
2012-05-31 10:00:00,150.61904069652914
2012-05-31 11:00:00,186.6382261520907
2012-05-31 12:00:00,261.57941307334556
2012-05-31 13:00:00,263.6961415815116
2012-05-31 14:00:00,204.04421714110657
2012-05-31 15:00:00,234.09299475077478
2012-05-31 16:00:00,382.55226734908734
2012-05-31 17:00:00,752.6165418775452
2012-05-31 18:00:00,659.2213533054039
2012-05-31 19:00:00,510.38533946147743
2012-05-31 20:00:00,393.50505889225565
2012-05-31 21:00:00,307.6578896072416
2012-05-31 22:00:00,223.66904836008362
2012-05-31 23:00:00,149.50038359359795
2012-06-20 00:00:00,33.42775204731421
2012-06-20 01:00:00,16.95692315778294
2012-06-20 02:00:00,7.34501535281778
2012-06-20 03:00:00,5.145593200211167
2012-06-20 04:00:00,5.907432264495483
2012-06-20 05:00:00,30.53792927283325
2012-06-20 06:00:00,123.22599318788336
2012-06-20 07:00:00,373.72098943000344
2012-06-20 08:00:00,565.0094911300006
2012-06-20 09:00:00,280.2071966274111
2012-06-20 10:00:00,120.67003397975117
2012-06-20 11:00:00,136.8622745756391
2012-06-20 12:00:00,149.46031032506238
2012-06-20 13:00:00,163.05629523541907
2012-06-20 14:00:00,131.1453404952024
2012-06-20 15:00:00,137.5018116380101
2012-06-20 16:00:00,262.82122281735946
2012-06-20 17:00:00,475.83932017530105
2012-06-20 18:00:00,460.7823057460003
2012-06-20 19:00:00,449.31025374435285
2012-06-20 20:00:00,339.38756482832065
2012-06-20 21:00:00,262.8281350816008
2012-06-20 22:00:00,198.7139478846289
2012-06-20 23:00:00,108.52745477922623
2012-06-21 00:00:00,66.72894578769018
2012-06-21 01:00:00,20.572917707895172
2012-06-21 02:00:00,9.282587701891423
2012-06-21 03:00:00,6.584655213348931
2012-06-21 04:00:00,8.211678601087806
2012-06-21 05:00:00,38.15302734895185
2012-06-21 06:00:00,168.0588080987154
2012-06-21 07:00:00,420.10442517812385
2012-06-21 08:00:00,674.9305756590542
2012-06-21 09:00:00,256.16083443307303
2012-06-21 10:00:00,189.96344630041096
2012-06-21 11:00:00,186.93673644433898
2012-06-21 12:00:00,246.02135281482362
2012-06-21 13:00:00,213.68352178888267
2012-06-21 14:00:00,207.92123240608382
2012-06-21 15:00:00,199.3869392296637
2012-06-21 16:00:00,376.1463833620367
2012-06-21 17:00:00,665.4740774615334
2012-06-21 18:00:00,677.2212677646769
2012-06-21 19:00:00,501.5786099724426
2012-06-21 20:00:00,388.94978467137236
2012-06-21 21:00:00,330.797015411155
2012-06-21 22:00:00,229.22913647542381
2012-06-21 23:00:00,145.25613700606996
2012-06-22 00:00:00,75.87933973155188
2012-06-22 01:00:00,32.0186361930918
2012-06-22 02:00:00,13.635344661129265
2012-06-22 03:00:00,6.556225845120159
2012-06-22 04:00:00,8.604819425077814
2012-06-22 05:00:00,26.364138732003905
2012-06-22 06:00:00,130.77349682986804
2012-06-22 07:00:00,344.6839590811349
2012-06-22 08:00:00,529.3812215721244
2012-06-22 09:00:00,251.02800056941697
2012-06-22 10:00:00,176.45452893610414
2012-06-22 11:00:00,223.17456887078768
2012-06-22 12:00:00,284.18129957404074
2012-06-22 13:00:00,308.65796229976576
2012-06-22 14:00:00,288.94562992336694
2012-06-22 15:00:00,303.24587340422545
2012-06-22 16:00:00,437.34267390358116
2012-06-22 17:00:00,767.7419292034542
2012-06-22 18:00:00,662.3145988215164
2012-06-22 19:00:00,310.2548763313321
2012-06-22 20:00:00,267.3095437961974
2012-06-22 21:00:00,183.06922655451476
2012-06-22 22:00:00,185.6653327557764
2012-06-22 23:00:00,144.13622119681847
2012-06-23 00:00:00,133.19307278373665
2012-06-23 01:00:00,78.69494367242142
2012-06-23 02:00:00,59.10173878080914
2012-06-23 03:00:00,29.479497925403166
2012-06-23 04:00:00,5.845419616855517
2012-06-23 05:00:00,5.274319414937673
2012-06-23 06:00:00,25.44129592367152
2012-06-23 07:00:00,51.48916621791746
2012-06-23 08:00:00,146.23626843734408
2012-06-23 09:00:00,241.26438195506992
2012-06-23 10:00:00,333.47668411278255
2012-06-23 11:00:00,415.8845524923738
2012-06-23 12:00:00,420.4913290049417
2012-06-23 13:00:00,428.16364404049574
2012-06-23 14:00:00,457.9406715567725
2012-06-23 15:00:00,425.67890291168146
2012-06-23 16:00:00,406.2989850392658
2012-06-23 17:00:00,405.0853901501815
2012-06-23 18:00:00,410.5850023240755
2012-06-23 19:00:00,316.5139937475567
2012-06-23 20:00:00,288.95400578734245
2012-06-23 21:00:00,216.4482461318718
2012-06-23 22:00:00,191.50260353952166
2012-06-23 23:00:00,182.62956712067054
2012-06-24 00:00:00,141.31862575705009
2012-06-24 01:00:00,107.65390898196824
2012-06-24 02:00:00,93.67868299041022
2012-06-24 03:00:00,35.650558963667926
2012-06-24 04:00:00,10.01847573123044
2012-06-24 05:00:00,10.99226056093507
2012-06-24 06:00:00,16.642578281717746
2012-06-24 07:00:00,43.37256459742256
2012-06-24 08:00:00,110.23662873862533
2012-06-24 09:00:00,219.4690387544838
2012-06-24 10:00:00,383.6446393094292
2012-06-24 11:00:00,482.0411581004703
2012-06-24 12:00:00,504.7915153284157
2012-06-24 13:00:00,481.7680787184165
2012-06-24 14:00:00,425.59835824302644
2012-06-24 15:00:00,421.61990057032875
2012-06-24 16:00:00,416.73617958236855
2012-06-24 17:00:00,425.6119130275154
2012-06-24 18:00:00,429.0978459066493
2012-06-24 19:00:00,357.7446559312044
2012-06-24 20:00:00,300.10714414405066
2012-06-24 21:00:00,251.1944088303357
2012-06-24 22:00:00,190.55045056165403
2012-06-24 23:00:00,93.68002373712918
2012-06-25 00:00:00,34.73236119389496
2012-06-25 01:00:00,15.000197102564016
2012-06-25 02:00:00,10.784817188786917
2012-06-25 03:00:00,6.698628599146166
2012-06-25 04:00:00,5.920983070823666
2012-06-25 05:00:00,24.08124758699503
2012-06-25 06:00:00,112.95468577463174
2012-06-25 07:00:00,312.3566514496825
2012-06-25 08:00:00,443.36894759727403
2012-06-25 09:00:00,224.2966208430172
2012-06-25 10:00:00,159.30730109017532
2012-06-25 11:00:00,164.2957340364224
2012-06-25 12:00:00,231.63642011023245
2012-06-25 13:00:00,177.50225207376175
2012-06-25 14:00:00,216.7746721819081
2012-06-25 15:00:00,220.1579999066317
2012-06-25 16:00:00,353.0389352289385
2012-06-25 17:00:00,489.5526582791379
2012-06-25 18:00:00,462.04650568137356
2012-06-25 19:00:00,312.3179817818784
2012-06-25 20:00:00,236.06902075091318
2012-06-25 21:00:00,183.3060260667774
2012-06-25 22:00:00,131.12978786147093
2012-06-25 23:00:00,87.33658475457965
2012-06-26 00:00:00,23.64684702246305
2012-06-26 01:00:00,10.336333049078098
2012-06-26 02:00:00,7.131789884724377
2012-06-26 03:00:00,4.452292222748519
2012-06-26 04:00:00,4.8424877885724085
2012-06-26 05:00:00,39.23653054642965
2012-06-26 06:00:00,125.96990366127756
2012-06-26 07:00:00,377.52097336202615
2012-06-26 08:00:00,622.5648198003831
2012-06-26 09:00:00,315.6019722563263
2012-06-26 10:00:00,183.11351027394264
2012-06-26 11:00:00,239.50927616142738
2012-06-26 12:00:00,276.51145854146057
2012-06-26 13:00:00,237.193934248362
2012-06-26 14:00:00,226.49951702406082
2012-06-26 15:00:00,234.65224732425497
2012-06-26 16:00:00,381.4939165732223
2012-06-26 17:00:00,631.3568040947953
2012-06-26 18:00:00,545.8271298800331
2012-06-26 19:00:00,454.380334866643
2012-06-26 20:00:00,325.42891474824916
2012-06-26 21:00:00,213.60229385732183
2012-06-26 22:00:00,152.38463730345114
2012-06-26 23:00:00,97.81434528815424
2012-06-27 00:00:00,32.435659608526414
2012-06-27 01:00:00,12.788233703682806
2012-06-27 02:00:00,7.3287688352360165
2012-06-27 03:00:00,5.262530607355922
2012-06-27 04:00:00,5.970247922777471
2012-06-27 05:00:00,33.06782658398919
2012-06-27 06:00:00,141.55431420452487
2012-06-27 07:00:00,357.85555013695654
2012-06-27 08:00:00,584.9615609946709
2012-06-27 09:00:00,255.93919500860156
2012-06-27 10:00:00,154.34270762762907
2012-06-27 11:00:00,149.49181901840342
2012-06-27 12:00:00,182.0167127489807
2012-06-27 13:00:00,172.62249895097284
2012-06-27 14:00:00,162.62935996999522
2012-06-27 15:00:00,182.99996205984047
2012-06-27 16:00:00,306.38606721449173
2012-06-27 17:00:00,518.3731496190911
2012-06-27 18:00:00,471.5814724659958
2012-06-27 19:00:00,361.52485850153613
2012-06-27 20:00:00,330.2404636224716
2012-06-27 21:00:00,249.23248618025448
2012-06-27 22:00:00,202.37962206038694
2012-06-27 23:00:00,117.9481569557824
2012-06-28 00:00:00,47.35962299841322
2012-06-28 01:00:00,23.373342683461008
2012-06-28 02:00:00,9.624336087407363
2012-06-28 03:00:00,5.8301712457319725
2012-06-28 04:00:00,7.380106467920958
2012-06-28 05:00:00,26.048617195778085
2012-06-28 06:00:00,119.51206887698541
2012-06-28 07:00:00,391.88495638643656
2012-06-28 08:00:00,538.4030075138052
2012-06-28 09:00:00,260.3464045478172
2012-06-28 10:00:00,175.5637414794274
2012-06-28 11:00:00,183.79613350753232
2012-06-28 12:00:00,209.04035484002677
2012-06-28 13:00:00,244.18063829730525
2012-06-28 14:00:00,167.08699748607543
2012-06-28 15:00:00,176.5777779690166
2012-06-28 16:00:00,347.5256414187041
2012-06-28 17:00:00,662.5809638670589
2012-06-28 18:00:00,639.7937927228643
2012-06-28 19:00:00,397.93698688115177
2012-06-28 20:00:00,352.0064237711761
2012-06-28 21:00:00,282.43501271848436
2012-06-28 22:00:00,241.39511829711475
2012-06-28 23:00:00,144.48991532733282
2012-06-29 00:00:00,81.02545298241911
2012-06-29 01:00:00,37.91746484328563
2012-06-29 02:00:00,16.532257447511842
2012-06-29 03:00:00,6.610294013693141
2012-06-29 04:00:00,6.953813760476937
2012-06-29 05:00:00,28.753661530681047
2012-06-29 06:00:00,129.89641099579586
2012-06-29 07:00:00,315.39440177599306
2012-06-29 08:00:00,615.0649685309999
2012-06-29 09:00:00,278.2701021062585
2012-06-29 10:00:00,200.3925762755475
2012-06-29 11:00:00,242.8771336769712
2012-06-29 12:00:00,365.9785389117325
2012-06-29 13:00:00,296.27557545591
2012-06-29 14:00:00,301.27545499960985
2012-06-29 15:00:00,257.96388171209855
2012-06-29 16:00:00,338.4529369668845
2012-06-29 17:00:00,541.8658038512265
2012-06-29 18:00:00,475.8536070617493
2012-06-29 19:00:00,376.9638991311748
2012-06-29 20:00:00,324.6583325026685
2012-06-29 21:00:00,282.5693190712711
2012-06-29 22:00:00,147.3802692741406
2012-06-29 23:00:00,115.21066622439504
2012-06-30 00:00:00,91.13644068516608
2012-06-30 01:00:00,73.27069836993246
2012-06-30 02:00:00,63.218075152357166
2012-06-30 03:00:00,30.332724652294036
2012-06-30 04:00:00,6.79702666006688
2012-06-30 05:00:00,8.000083205165453
2012-06-30 06:00:00,22.31624962433333
2012-06-30 07:00:00,62.10244103915542
2012-06-30 08:00:00,155.78529795740107
2012-06-30 09:00:00,255.36945862045914
2012-06-30 10:00:00,323.2276155677376
2012-06-30 11:00:00,379.5862455758235
2012-06-30 12:00:00,420.27429762377557
2012-06-30 13:00:00,427.1638682731977
2012-06-30 14:00:00,413.7854933232987
2012-06-30 15:00:00,426.805164277566
2012-06-30 16:00:00,353.246213015363
2012-06-30 17:00:00,348.06880138321173
2012-06-30 18:00:00,370.3870989989301
2012-06-30 19:00:00,365.7015113326744
2012-06-30 20:00:00,321.7157421138413
2012-06-30 21:00:00,280.2412850087616
2012-06-30 22:00:00,215.99386262041097
2012-06-30 23:00:00,184.2305096102611
2012-07-20 00:00:00,48.29323158553337
2012-07-20 01:00:00,32.0394079688116
2012-07-20 02:00:00,12.367758378633736
2012-07-20 03:00:00,6.9192174985141275
2012-07-20 04:00:00,7.407531726340349
2012-07-20 05:00:00,40.93193299675205
2012-07-20 06:00:00,134.13221597222685
2012-07-20 07:00:00,343.7838976336426
2012-07-20 08:00:00,551.6438867749652
2012-07-20 09:00:00,326.65254052690636
2012-07-20 10:00:00,175.08623021640992
2012-07-20 11:00:00,189.4546304816395
2012-07-20 12:00:00,105.6088170908556
2012-07-20 13:00:00,92.28597481008079
2012-07-20 14:00:00,114.7243695639943
2012-07-20 15:00:00,203.37630167723248
2012-07-20 16:00:00,176.733206680781
2012-07-20 17:00:00,224.17569553536643
2012-07-20 18:00:00,347.1757271139018
2012-07-20 19:00:00,256.0656139670747
2012-07-20 20:00:00,82.14645046347754
2012-07-20 21:00:00,93.45196980257768
2012-07-20 22:00:00,165.24153847817672
2012-07-20 23:00:00,124.53902148221525
2012-07-21 00:00:00,79.17278000976256
2012-07-21 01:00:00,72.13719899575668
2012-07-21 02:00:00,49.96054385822757
2012-07-21 03:00:00,25.304526973586867
2012-07-21 04:00:00,6.700892281248617
2012-07-21 05:00:00,7.47280792151796
2012-07-21 06:00:00,22.241730114920994
2012-07-21 07:00:00,59.75000846980893
2012-07-21 08:00:00,166.5367723369297
2012-07-21 09:00:00,219.0479102724947
2012-07-21 10:00:00,130.37090327327482
2012-07-21 11:00:00,263.9957955575893
2012-07-21 12:00:00,146.8890357901139
2012-07-21 13:00:00,166.01908243864793
2012-07-21 14:00:00,322.0991441070574
2012-07-21 15:00:00,167.84624969170326
2012-07-21 16:00:00,172.00757354616798
2012-07-21 17:00:00,211.70300560578224
2012-07-21 18:00:00,207.71856531494325
2012-07-21 19:00:00,234.0320829047325
2012-07-21 20:00:00,119.60263276358265
2012-07-21 21:00:00,140.20690327017707
2012-07-21 22:00:00,106.46123580477605
2012-07-21 23:00:00,101.66290962383722
2012-07-22 00:00:00,117.11939257723914
2012-07-22 01:00:00,94.49416756075743
2012-07-22 02:00:00,90.30572501183595
2012-07-22 03:00:00,38.77443944718945
2012-07-22 04:00:00,9.881205724956839
2012-07-22 05:00:00,13.01165165669179
2012-07-22 06:00:00,11.674072642747499
2012-07-22 07:00:00,36.4030209356168
2012-07-22 08:00:00,105.12269322865227
2012-07-22 09:00:00,228.24800785139095
2012-07-22 10:00:00,381.6446167668568
2012-07-22 11:00:00,403.71613352962135
2012-07-22 12:00:00,413.1317449316797
2012-07-22 13:00:00,417.0446968290795
2012-07-22 14:00:00,376.4070067060786
2012-07-22 15:00:00,374.8759371085739
2012-07-22 16:00:00,346.80332242390807
2012-07-22 17:00:00,382.10341562641435
2012-07-22 18:00:00,340.26898606127276
2012-07-22 19:00:00,281.1134227876748
2012-07-22 20:00:00,228.01002178057058
2012-07-22 21:00:00,155.09442609673656
2012-07-22 22:00:00,130.38518121292276
2012-07-22 23:00:00,89.24441899719092
2012-07-23 00:00:00,26.072033185415588
2012-07-23 01:00:00,13.391357114727564
2012-07-23 02:00:00,6.165425317970702
2012-07-23 03:00:00,3.720535204308129
2012-07-23 04:00:00,5.892732956498276
2012-07-23 05:00:00,22.861740600403788
2012-07-23 06:00:00,127.38732298479219
2012-07-23 07:00:00,352.64849166881305
2012-07-23 08:00:00,549.5037693098717
2012-07-23 09:00:00,300.67972977147167
2012-07-23 10:00:00,156.09562948732324
2012-07-23 11:00:00,200.06631395148722
2012-07-23 12:00:00,277.28298134501483
2012-07-23 13:00:00,249.33101473294025
2012-07-23 14:00:00,206.90542733510026
2012-07-23 15:00:00,228.61350096691706
2012-07-23 16:00:00,353.03315362504367
2012-07-23 17:00:00,659.0111164691763
2012-07-23 18:00:00,622.3366290598162
2012-07-23 19:00:00,452.2960487643852
2012-07-23 20:00:00,422.23695406121453
2012-07-23 21:00:00,276.37175660163564
2012-07-23 22:00:00,185.61581192969447
2012-07-23 23:00:00,95.05622988256826
2012-07-24 00:00:00,46.4713179245317
2012-07-24 01:00:00,18.577808652461165
2012-07-24 02:00:00,8.770888038016391
2012-07-24 03:00:00,4.921479816164232
2012-07-24 04:00:00,6.63903329816824
2012-07-24 05:00:00,36.59730895036575
2012-07-24 06:00:00,153.01417607729203
2012-07-24 07:00:00,399.98235439500274
2012-07-24 08:00:00,526.999054399805
2012-07-24 09:00:00,230.8803238277168
2012-07-24 10:00:00,136.97538172557978
2012-07-24 11:00:00,156.30823883553026
2012-07-24 12:00:00,204.72592415681527
2012-07-24 13:00:00,180.67073781481028
2012-07-24 14:00:00,161.48558800471338
2012-07-24 15:00:00,189.377747538311
2012-07-24 16:00:00,357.1321376828173
2012-07-24 17:00:00,623.5344955309082
2012-07-24 18:00:00,698.0250864420996
2012-07-24 19:00:00,546.8743047845874
2012-07-24 20:00:00,406.1714128441905
2012-07-24 21:00:00,263.8347696739906
2012-07-24 22:00:00,170.12444272442414
2012-07-24 23:00:00,98.31373256744823
2012-07-25 00:00:00,38.64221999416041
2012-07-25 01:00:00,17.583743487652537
2012-07-25 02:00:00,7.6567565220454386
2012-07-25 03:00:00,6.089570439504071
2012-07-25 04:00:00,6.084535920900582
2012-07-25 05:00:00,34.61181905138293
2012-07-25 06:00:00,135.57719964389705
2012-07-25 07:00:00,322.4755814823283
2012-07-25 08:00:00,455.3706207384471
2012-07-25 09:00:00,234.73593014530795
2012-07-25 10:00:00,148.83266874332537
2012-07-25 11:00:00,175.132802983954
2012-07-25 12:00:00,237.06994924447528
2012-07-25 13:00:00,229.21295260679008
2012-07-25 14:00:00,187.98398888956407
2012-07-25 15:00:00,214.38993122634042
2012-07-25 16:00:00,337.4269859596479
2012-07-25 17:00:00,694.7435106982958
2012-07-25 18:00:00,569.9788587304184
2012-07-25 19:00:00,481.3688277284426
2012-07-25 20:00:00,424.8248748568824
2012-07-25 21:00:00,303.91226146203167
2012-07-25 22:00:00,245.99194111623189
2012-07-25 23:00:00,119.0240954741222
2012-07-26 00:00:00,51.26967720120711
2012-07-26 01:00:00,20.6695277263028
2012-07-26 02:00:00,10.40112221796827
2012-07-26 03:00:00,6.491963494744957
2012-07-26 04:00:00,6.274813618203621
2012-07-26 05:00:00,28.55103217022036
2012-07-26 06:00:00,152.7550990911599
2012-07-26 07:00:00,398.06923539943114
2012-07-26 08:00:00,498.05497675845174
2012-07-26 09:00:00,284.4847285948512
2012-07-26 10:00:00,171.08931820016065
2012-07-26 11:00:00,173.74196818898798
2012-07-26 12:00:00,177.85387783830302
2012-07-26 13:00:00,199.30211566292638
2012-07-26 14:00:00,168.14394556100802
2012-07-26 15:00:00,179.3496610660632
2012-07-26 16:00:00,313.9146339429717
2012-07-26 17:00:00,550.4724331983311
2012-07-26 18:00:00,569.1234167100401
2012-07-26 19:00:00,399.7024514704242
2012-07-26 20:00:00,427.68348245928274
2012-07-26 21:00:00,200.27212596867298
2012-07-26 22:00:00,173.1129299145296
2012-07-26 23:00:00,159.75176723710163
2012-07-27 00:00:00,88.20035831483142
2012-07-27 01:00:00,35.60837374651432
2012-07-27 02:00:00,14.467376725829045
2012-07-27 03:00:00,8.808358916421785
2012-07-27 04:00:00,8.027754590132202
2012-07-27 05:00:00,28.477350772350253
2012-07-27 06:00:00,112.71498863776077
2012-07-27 07:00:00,417.5407718476479
2012-07-27 08:00:00,671.69821912964
2012-07-27 09:00:00,279.2646123038053
2012-07-27 10:00:00,188.78367298697697
2012-07-27 11:00:00,216.60553161270468
2012-07-27 12:00:00,276.4550075667605
2012-07-27 13:00:00,267.19249767310896
2012-07-27 14:00:00,241.05508517682773
2012-07-27 15:00:00,296.6394512815129
2012-07-27 16:00:00,379.0398532712602
2012-07-27 17:00:00,556.2827380695583
2012-07-27 18:00:00,565.5235081690707
2012-07-27 19:00:00,405.5261324987634
2012-07-27 20:00:00,322.2069494559423
2012-07-27 21:00:00,284.6131927064397
2012-07-27 22:00:00,244.22806314362376
2012-07-27 23:00:00,164.92762213559442
2012-07-28 00:00:00,146.00074188969162
2012-07-28 01:00:00,93.63241511380332
2012-07-28 02:00:00,76.49690579145728
2012-07-28 03:00:00,33.616138928392274
2012-07-28 04:00:00,9.212372988946584
2012-07-28 05:00:00,12.723252291218415
2012-07-28 06:00:00,34.790183551567374
2012-07-28 07:00:00,68.7838028472467
2012-07-28 08:00:00,145.41105723892935
2012-07-28 09:00:00,259.722727658432
2012-07-28 10:00:00,346.4007230503641
2012-07-28 11:00:00,389.97940340935526
2012-07-28 12:00:00,428.7102781202791
2012-07-28 13:00:00,470.7109753876085
2012-07-28 14:00:00,431.46037187342347
2012-07-28 15:00:00,423.3889373197117
2012-07-28 16:00:00,438.4155293577415
2012-07-28 17:00:00,408.0754902306186
2012-07-28 18:00:00,389.48582595786087
2012-07-28 19:00:00,281.454462535116
2012-07-28 20:00:00,211.79777211557158
2012-07-28 21:00:00,221.53486335734942
2012-07-28 22:00:00,195.2718174563228
2012-07-28 23:00:00,184.09709067154898
2012-07-29 00:00:00,160.84416625075025
2012-07-29 01:00:00,108.38856605586952
2012-07-29 02:00:00,82.85027759116245
2012-07-29 03:00:00,41.5962686960006
2012-07-29 04:00:00,8.73098892975989
2012-07-29 05:00:00,10.270350637139913
2012-07-29 06:00:00,19.297613220813933
2012-07-29 07:00:00,48.22213173165808
2012-07-29 08:00:00,105.26179695270459
2012-07-29 09:00:00,195.7923234553054
2012-07-29 10:00:00,323.7492135823928
2012-07-29 11:00:00,355.5983797749892
2012-07-29 12:00:00,410.90415604379194
2012-07-29 13:00:00,413.70126066142865
2012-07-29 14:00:00,393.95476573985275
2012-07-29 15:00:00,397.7661754628656
2012-07-29 16:00:00,401.8462891629247
2012-07-29 17:00:00,426.49894318301125
2012-07-29 18:00:00,425.65146248992386
2012-07-29 19:00:00,333.89653353745484
2012-07-29 20:00:00,287.2289619309114
2012-07-29 21:00:00,192.83236251887485
2012-07-29 22:00:00,130.39066289135752
2012-07-29 23:00:00,113.75265160882934
2012-07-30 00:00:00,47.104024369003014
2012-07-30 01:00:00,18.710702765693394
2012-07-30 02:00:00,11.634024065895849
2012-07-30 03:00:00,4.637223887159437
2012-07-30 04:00:00,5.603535932506156
2012-07-30 05:00:00,31.324062305528223
2012-07-30 06:00:00,121.2595199409405
2012-07-30 07:00:00,305.1774301438225
2012-07-30 08:00:00,576.4288353355118
2012-07-30 09:00:00,322.51422799402684
2012-07-30 10:00:00,171.8609475660722
2012-07-30 11:00:00,212.98279851899656
2012-07-30 12:00:00,252.0178940355575
2012-07-30 13:00:00,247.5756840855876
2012-07-30 14:00:00,221.23481117136905
2012-07-30 15:00:00,237.69503745065174
2012-07-30 16:00:00,362.66484206217933
2012-07-30 17:00:00,602.2961757974393
2012-07-30 18:00:00,596.3355840819324
2012-07-30 19:00:00,479.69824234887335
2012-07-30 20:00:00,346.0356399446973
2012-07-30 21:00:00,262.6879728208372
2012-07-30 22:00:00,139.4521610405041
2012-07-30 23:00:00,91.38497469799704
2012-07-31 00:00:00,35.03261884331011
2012-07-31 01:00:00,17.971817783902647
2012-07-31 02:00:00,8.386854621891684
2012-07-31 03:00:00,4.903933206119658
2012-07-31 04:00:00,6.63903329816824
2012-07-31 05:00:00,32.38292179369455
2012-07-31 06:00:00,143.3200369676756
2012-07-31 07:00:00,343.39684761883876
2012-07-31 08:00:00,588.2399889708872
2012-07-31 09:00:00,287.1950822586207
2012-07-31 10:00:00,160.47708383032844
2012-07-31 11:00:00,188.16112294848514
2012-07-31 12:00:00,262.2164195969589
2012-07-31 13:00:00,213.99741780301702
2012-07-31 14:00:00,203.75938736012318
2012-07-31 15:00:00,226.74544291691265
2012-07-31 16:00:00,326.3388381757328
2012-07-31 17:00:00,669.6559224620412
2012-07-31 18:00:00,642.2547118642426
2012-07-31 19:00:00,379.0028940863911
2012-07-31 20:00:00,249.62675671624828
2012-07-31 21:00:00,210.02143260675697
2012-07-31 22:00:00,169.28357341382406
2012-07-31 23:00:00,108.99821956715216
2012-08-20 00:00:00,28.548528908846706
2012-08-20 01:00:00,12.398536583875343
2012-08-20 02:00:00,5.311480046339742
2012-08-20 03:00:00,4.03744802458262
2012-08-20 04:00:00,5.3802846190613
2012-08-20 05:00:00,18.200451193610615
2012-08-20 06:00:00,138.51633487782493
2012-08-20 07:00:00,350.6684371006457
2012-08-20 08:00:00,556.5849885859923
2012-08-20 09:00:00,252.58074846381322
2012-08-20 10:00:00,161.9817155213961
2012-08-20 11:00:00,205.44458218978556
2012-08-20 12:00:00,258.1907056915899
2012-08-20 13:00:00,210.27161939810262
2012-08-20 14:00:00,179.57430189402302
2012-08-20 15:00:00,196.68435742711944
2012-08-20 16:00:00,313.0028333177529
2012-08-20 17:00:00,636.8353551026947
2012-08-20 18:00:00,586.7585519445757
2012-08-20 19:00:00,395.1741107368505
2012-08-20 20:00:00,192.8315522971036
2012-08-20 21:00:00,135.75591865117133
2012-08-20 22:00:00,114.34045138859544
2012-08-20 23:00:00,48.0638250746273
2012-08-21 00:00:00,26.639424592838168
2012-08-21 01:00:00,10.551699660621969
2012-08-21 02:00:00,3.703272184414433
2012-08-21 03:00:00,3.809347169204234
2012-08-21 04:00:00,5.804445082027183
2012-08-21 05:00:00,31.456228179609603
2012-08-21 06:00:00,150.94207725283775
2012-08-21 07:00:00,349.6184033468307
2012-08-21 08:00:00,525.8839073945343
2012-08-21 09:00:00,219.71075366794253
2012-08-21 10:00:00,166.35927987510595
2012-08-21 11:00:00,194.45848465790087
2012-08-21 12:00:00,270.8420229642188
2012-08-21 13:00:00,273.6861642641278
2012-08-21 14:00:00,222.3209349641023
2012-08-21 15:00:00,228.60366748430576
2012-08-21 16:00:00,388.1061505460321
2012-08-21 17:00:00,612.6236836465815
2012-08-21 18:00:00,664.5804145102209
2012-08-21 19:00:00,376.75811838309966
2012-08-21 20:00:00,274.75346131861045
2012-08-21 21:00:00,213.04591756116346
2012-08-21 22:00:00,154.33653674739264
2012-08-21 23:00:00,97.58739190526718
2012-08-22 00:00:00,38.52663977460767
2012-08-22 01:00:00,12.085829200488618
2012-08-22 02:00:00,5.1614718972139695
2012-08-22 03:00:00,4.95126728328992
2012-08-22 04:00:00,7.115031082418786
2012-08-22 05:00:00,28.939906441016205
2012-08-22 06:00:00,137.6229551400167
2012-08-22 07:00:00,324.62057362907314
2012-08-22 08:00:00,670.6578505163561
2012-08-22 09:00:00,280.73068631085613
2012-08-22 10:00:00,177.0764553824763
2012-08-22 11:00:00,185.2412620586597
2012-08-22 12:00:00,227.78414194243845
2012-08-22 13:00:00,235.55381910972574
2012-08-22 14:00:00,199.73361466031244
2012-08-22 15:00:00,235.99191162504349
2012-08-22 16:00:00,343.7810063015278
2012-08-22 17:00:00,603.5842943064094
2012-08-22 18:00:00,637.7352339045365
2012-08-22 19:00:00,438.62185094955186
2012-08-22 20:00:00,398.57069577484714
2012-08-22 21:00:00,282.2096802573462
2012-08-22 22:00:00,229.1002196494305
2012-08-22 23:00:00,125.41143415589032
2012-08-23 00:00:00,52.94305498775414
2012-08-23 01:00:00,17.682363044400105
2012-08-23 02:00:00,6.691052022269175
2012-08-23 03:00:00,6.676034120555589
2012-08-23 04:00:00,5.987049464337053
2012-08-23 05:00:00,26.498011304834634
2012-08-23 06:00:00,116.2180711383783
2012-08-23 07:00:00,322.0511976364959
2012-08-23 08:00:00,550.7457003860043
2012-08-23 09:00:00,324.27351116550363
2012-08-23 10:00:00,171.9772986413137
2012-08-23 11:00:00,235.92385574615395
2012-08-23 12:00:00,251.75851076048113
2012-08-23 13:00:00,258.35473569017125
2012-08-23 14:00:00,204.23986452943225
2012-08-23 15:00:00,235.32237736698383
2012-08-23 16:00:00,366.94431148887605
2012-08-23 17:00:00,746.0394233137732
2012-08-23 18:00:00,760.3597282171187
2012-08-23 19:00:00,504.9355013520799
2012-08-23 20:00:00,385.3369424159211
2012-08-23 21:00:00,266.9784275148316
2012-08-23 22:00:00,201.61736360811656
2012-08-23 23:00:00,154.4935137196794
2012-08-24 00:00:00,83.3123540731131
2012-08-24 01:00:00,26.62920975922229
2012-08-24 02:00:00,16.384017501123452
2012-08-24 03:00:00,7.139303447743485
2012-08-24 04:00:00,6.692026868848602
2012-08-24 05:00:00,21.193537942865124
2012-08-24 06:00:00,96.92573373475871
2012-08-24 07:00:00,271.37025894122775
2012-08-24 08:00:00,580.8067276054301
2012-08-24 09:00:00,332.2315719528908
2012-08-24 10:00:00,246.0947621950874
2012-08-24 11:00:00,272.63348846085444
2012-08-24 12:00:00,340.33875223904545
2012-08-24 13:00:00,339.47670093335495
2012-08-24 14:00:00,224.11375568235928
2012-08-24 15:00:00,351.1645575177295
2012-08-24 16:00:00,457.3508697647743
2012-08-24 17:00:00,751.4289830442938
2012-08-24 18:00:00,579.4652506181482
2012-08-24 19:00:00,466.9994638135437
2012-08-24 20:00:00,296.4727472304186
2012-08-24 21:00:00,239.32242427004522
2012-08-24 22:00:00,214.54527169563676
2012-08-24 23:00:00,141.9890281991998
2012-08-25 00:00:00,118.39932292450261
2012-08-25 01:00:00,86.46074467197657
2012-08-25 02:00:00,61.155527972704476
2012-08-25 03:00:00,26.948424076835344
2012-08-25 04:00:00,9.565255914223878
2012-08-25 05:00:00,8.396242823407173
2012-08-25 06:00:00,29.69318558201016
2012-08-25 07:00:00,44.756518737225555
2012-08-25 08:00:00,122.55708007610794
2012-08-25 09:00:00,221.03453109518438
2012-08-25 10:00:00,339.68750925616365
2012-08-25 11:00:00,378.22556802460144
2012-08-25 12:00:00,432.56269188460277
2012-08-25 13:00:00,589.9748395256585
2012-08-25 14:00:00,333.85953862912237
2012-08-25 15:00:00,268.55464281181906
2012-08-25 16:00:00,371.783481582843
2012-08-25 17:00:00,331.0664986697853
2012-08-25 18:00:00,386.3040071337456
2012-08-25 19:00:00,247.66807322788688
2012-08-25 20:00:00,107.22162623658419
2012-08-25 21:00:00,183.6241645271534
2012-08-25 22:00:00,194.42971192428016
2012-08-25 23:00:00,151.13615210115398
2012-08-26 00:00:00,133.41623455442715
2012-08-26 01:00:00,100.76427735725615
2012-08-26 02:00:00,67.3243661209496
2012-08-26 03:00:00,36.57882283011636
2012-08-26 04:00:00,5.88849099226443
2012-08-26 05:00:00,6.039771524609058
2012-08-26 06:00:00,9.094896175438237
2012-08-26 07:00:00,26.755366007597992
2012-08-26 08:00:00,101.66484184658123
2012-08-26 09:00:00,180.57080189255316
2012-08-26 10:00:00,295.3388384017372
2012-08-26 11:00:00,380.0021080965353
2012-08-26 12:00:00,304.82074300556604
2012-08-26 13:00:00,279.04153848950415
2012-08-26 14:00:00,322.1042373741373
2012-08-26 15:00:00,114.7795549824477
2012-08-26 16:00:00,137.8835747770199
2012-08-26 17:00:00,163.4072551212814
2012-08-26 18:00:00,211.23802638339617
2012-08-26 19:00:00,195.07269105810917
2012-08-26 20:00:00,184.69819904873313
2012-08-26 21:00:00,134.49098271569292
2012-08-26 22:00:00,112.05696502849808
2012-08-26 23:00:00,81.96729124423346
2012-08-27 00:00:00,31.353228614112645
2012-08-27 01:00:00,8.800111646333013
2012-08-27 02:00:00,5.100492375441651
2012-08-27 03:00:00,3.209464413454189
2012-08-27 04:00:00,4.427721496275286
2012-08-27 05:00:00,24.213178079113174
2012-08-27 06:00:00,96.74823137540349
2012-08-27 07:00:00,252.67966759754592
2012-08-27 08:00:00,478.19872387333635
2012-08-27 09:00:00,252.66875492645786
2012-08-27 10:00:00,180.1273145427038
2012-08-27 11:00:00,175.59897172071888
2012-08-27 12:00:00,213.2477592826413
2012-08-27 13:00:00,220.68532469518593
2012-08-27 14:00:00,213.22080195367488
2012-08-27 15:00:00,203.16722914088643
2012-08-27 16:00:00,345.3240373760519
2012-08-27 17:00:00,708.2592932384484
2012-08-27 18:00:00,671.4947499127377
2012-08-27 19:00:00,532.9655989433405
2012-08-27 20:00:00,410.92564749105975
2012-08-27 21:00:00,237.44900742548145
2012-08-27 22:00:00,152.00960226880932
2012-08-27 23:00:00,93.33703284192275
2012-08-28 00:00:00,39.484184622291714
2012-08-28 01:00:00,18.849029068431076
2012-08-28 02:00:00,9.870228088249682
2012-08-28 03:00:00,5.91648980553619
2012-08-28 04:00:00,6.189215306905165
2012-08-28 05:00:00,28.66366464287733
2012-08-28 06:00:00,162.03331623535433
2012-08-28 07:00:00,352.9409131208846
2012-08-28 08:00:00,582.6434788978765
2012-08-28 09:00:00,321.97450248927515
2012-08-28 10:00:00,147.74950744015987
2012-08-28 11:00:00,170.45125685038445
2012-08-28 12:00:00,196.05201270925397
2012-08-28 13:00:00,170.6580560888247
2012-08-28 14:00:00,171.53084776302597
2012-08-28 15:00:00,199.53825036714193
2012-08-28 16:00:00,328.525863098343
2012-08-28 17:00:00,686.7713237330868
2012-08-28 18:00:00,667.3249076925576
2012-08-28 19:00:00,485.52300347863587
2012-08-28 20:00:00,333.44948012634813
2012-08-28 21:00:00,222.23040330028772
2012-08-28 22:00:00,179.18819014490768
2012-08-28 23:00:00,114.57341184940584
2012-08-29 00:00:00,40.20420702119871
2012-08-29 01:00:00,14.96059249855713
2012-08-29 02:00:00,5.981128296016773
2012-08-29 03:00:00,6.834224044812745
2012-08-29 04:00:00,5.6825073492088904
2012-08-29 05:00:00,32.68105388448906
2012-08-29 06:00:00,148.0402911231755
2012-08-29 07:00:00,329.43591370315573
2012-08-29 08:00:00,605.8912619316707
2012-08-29 09:00:00,235.88814631908753
2012-08-29 10:00:00,170.27342925572358
2012-08-29 11:00:00,233.57069089579903
2012-08-29 12:00:00,245.24286148717923
2012-08-29 13:00:00,239.59717301294748
2012-08-29 14:00:00,222.28029328576105
2012-08-29 15:00:00,244.80369326856894
2012-08-29 16:00:00,404.87208247303084
2012-08-29 17:00:00,730.310776714982
2012-08-29 18:00:00,723.275396928169
2012-08-29 19:00:00,538.8927515484555
2012-08-29 20:00:00,382.8781478731746
2012-08-29 21:00:00,320.3803843740927
2012-08-29 22:00:00,235.33328008597815
2012-08-29 23:00:00,138.56415448391593
2012-08-30 00:00:00,55.192176251160625
2012-08-30 01:00:00,21.035710846699164
2012-08-30 02:00:00,8.068994936431144
2012-08-30 03:00:00,6.028683189568697
2012-08-30 04:00:00,6.052307791790245
2012-08-30 05:00:00,27.84455984963937
2012-08-30 06:00:00,138.1367966381899
2012-08-30 07:00:00,417.48019156012947
2012-08-30 08:00:00,546.4826220123109
2012-08-30 09:00:00,280.33928586796225
2012-08-30 10:00:00,176.74170885947916
2012-08-30 11:00:00,227.20605709247693
2012-08-30 12:00:00,258.22200608621336
2012-08-30 13:00:00,266.43266352509715
2012-08-30 14:00:00,223.2916442964835
2012-08-30 15:00:00,240.19669787718814
2012-08-30 16:00:00,362.72565686983603
2012-08-30 17:00:00,810.7421713874646
2012-08-30 18:00:00,793.3410119705512
2012-08-30 19:00:00,585.8696762495475
2012-08-30 20:00:00,397.04073584747556
2012-08-30 21:00:00,301.52513570478783
2012-08-30 22:00:00,224.49979697825444
2012-08-30 23:00:00,137.5774196169516
2012-08-31 00:00:00,75.06178939143169
2012-08-31 01:00:00,27.22923908333032
2012-08-31 02:00:00,14.768717914992806
2012-08-31 03:00:00,7.20124760365962
2012-08-31 04:00:00,6.3332009550532264
2012-08-31 05:00:00,36.079682028629946
2012-08-31 06:00:00,127.00136225545545
2012-08-31 07:00:00,344.03319168983387
2012-08-31 08:00:00,679.3443681810638
2012-08-31 09:00:00,310.24747669413426
2012-08-31 10:00:00,199.39021499683173
2012-08-31 11:00:00,211.39450636442012
2012-08-31 12:00:00,289.9572541514899
2012-08-31 13:00:00,259.34878992130746
2012-08-31 14:00:00,284.6524880592603
2012-08-31 15:00:00,266.67350873485054
2012-08-31 16:00:00,395.90374112010494
2012-08-31 17:00:00,584.2465705763199
2012-08-31 18:00:00,556.9397085779598
2012-08-31 19:00:00,406.4686443266476
2012-08-31 20:00:00,347.6986545720316
2012-08-31 21:00:00,270.06531688660806
2012-08-31 22:00:00,239.1532514890664
2012-08-31 23:00:00,171.33654567219608
2012-09-20 00:00:00,52.01267575585822
2012-09-20 01:00:00,29.479490520189632
2012-09-20 02:00:00,17.128797579417316
2012-09-20 03:00:00,8.78549641039587
2012-09-20 04:00:00,9.688315079262779
2012-09-20 05:00:00,37.38699469123981
2012-09-20 06:00:00,141.14242358817728
2012-09-20 07:00:00,542.5694381106849
2012-09-20 08:00:00,645.771237307115
2012-09-20 09:00:00,337.69585944950313
2012-09-20 10:00:00,190.20713500892435
2012-09-20 11:00:00,263.709173501791
2012-09-20 12:00:00,299.53602900344356
2012-09-20 13:00:00,276.7735435390955
2012-09-20 14:00:00,238.88473153947032
2012-09-20 15:00:00,257.93587281463925
2012-09-20 16:00:00,379.99794800874537
2012-09-20 17:00:00,770.9369013271046
2012-09-20 18:00:00,634.4588209423815
2012-09-20 19:00:00,484.2145982675564
2012-09-20 20:00:00,387.3335224095585
2012-09-20 21:00:00,273.9974506449739
2012-09-20 22:00:00,206.10847643076042
2012-09-20 23:00:00,159.30371435047408
2012-09-21 00:00:00,83.03544630473758
2012-09-21 01:00:00,37.61275569756637
2012-09-21 02:00:00,22.70733186329277
2012-09-21 03:00:00,12.487043135864432
2012-09-21 04:00:00,10.871760323831722
2012-09-21 05:00:00,40.95995881635426
2012-09-21 06:00:00,156.23835940815854
2012-09-21 07:00:00,482.51711735062315
2012-09-21 08:00:00,685.9542513426478
2012-09-21 09:00:00,296.94596293409114
2012-09-21 10:00:00,205.18817448792691
2012-09-21 11:00:00,225.48622793492586
2012-09-21 12:00:00,243.11085629737417
2012-09-21 13:00:00,279.1399601684149
2012-09-21 14:00:00,282.6777339019814
2012-09-21 15:00:00,302.1566029254913
2012-09-21 16:00:00,395.3350222763915
2012-09-21 17:00:00,628.8533897479326
2012-09-21 18:00:00,554.2750716630737
2012-09-21 19:00:00,467.0701479917767
2012-09-21 20:00:00,285.00341560214054
2012-09-21 21:00:00,254.21525023648147
2012-09-21 22:00:00,217.96146764663365
2012-09-21 23:00:00,162.2272372420647
2012-09-22 00:00:00,123.82973216831203
2012-09-22 01:00:00,85.50704927429469
2012-09-22 02:00:00,67.11303437796221
2012-09-22 03:00:00,33.32496267932998
2012-09-22 04:00:00,9.15592954028769
2012-09-22 05:00:00,11.040126930812585
2012-09-22 06:00:00,26.999360952592024
2012-09-22 07:00:00,63.49489011930294
2012-09-22 08:00:00,162.30964458726427
2012-09-22 09:00:00,258.09649464009277
2012-09-22 10:00:00,403.457292477175
2012-09-22 11:00:00,423.4429976699198
2012-09-22 12:00:00,455.1329958193202
2012-09-22 13:00:00,499.8673746400802
2012-09-22 14:00:00,449.9917799618671
2012-09-22 15:00:00,538.7360541227388
2012-09-22 16:00:00,485.9415572675672
2012-09-22 17:00:00,471.67287529015874
2012-09-22 18:00:00,425.21299015102966
2012-09-22 19:00:00,322.1295338564619
2012-09-22 20:00:00,311.4854722560193
2012-09-22 21:00:00,258.9298825343545
2012-09-22 22:00:00,226.12368698342783
2012-09-22 23:00:00,196.3367044560617
2012-09-23 00:00:00,145.07502300955665
2012-09-23 01:00:00,77.48063099662028
2012-09-23 02:00:00,66.7598436295647
2012-09-23 03:00:00,24.80416488360543
2012-09-23 04:00:00,8.364737163637342
2012-09-23 05:00:00,7.148306552142169
2012-09-23 06:00:00,13.558950636186763
2012-09-23 07:00:00,53.195137789383445
2012-09-23 08:00:00,102.29499332331174
2012-09-23 09:00:00,171.0366896935195
2012-09-23 10:00:00,337.2848098932878
2012-09-23 11:00:00,435.0912288862505
2012-09-23 12:00:00,453.4416035059157
2012-09-23 13:00:00,523.9307455064765
2012-09-23 14:00:00,524.0932275325101
2012-09-23 15:00:00,524.8034504075314
2012-09-23 16:00:00,448.59342769595133
2012-09-23 17:00:00,390.3494631941379
2012-09-23 18:00:00,387.3021635131311
2012-09-23 19:00:00,279.1615459775346
2012-09-23 20:00:00,177.44058563325692
2012-09-23 21:00:00,149.33161773368607
2012-09-23 22:00:00,117.40349061460772
2012-09-23 23:00:00,84.83676801706692
2012-09-24 00:00:00,39.98420183477308
2012-09-24 01:00:00,21.051178245979198
2012-09-24 02:00:00,9.802875855532267
2012-09-24 03:00:00,5.183174249157857
2012-09-24 04:00:00,7.859949653043713
2012-09-24 05:00:00,30.373096970744136
2012-09-24 06:00:00,118.36447427784005
2012-09-24 07:00:00,365.06527629260097
2012-09-24 08:00:00,495.9441212240428
2012-09-24 09:00:00,227.98293890447104
2012-09-24 10:00:00,156.8818865654391
2012-09-24 11:00:00,174.75280877118044
2012-09-24 12:00:00,225.30078901789508
2012-09-24 13:00:00,196.63977793919923
2012-09-24 14:00:00,185.6009833911187
2012-09-24 15:00:00,209.0453410776011
2012-09-24 16:00:00,384.42277494599847
2012-09-24 17:00:00,568.6107365325854
2012-09-24 18:00:00,712.6761381990066
2012-09-24 19:00:00,417.5657731617256
2012-09-24 20:00:00,226.86189101171786
2012-09-24 21:00:00,182.62774725564597
2012-09-24 22:00:00,124.70861923511767
2012-09-24 23:00:00,75.95717171394242
2012-09-25 00:00:00,36.27561972934112
2012-09-25 01:00:00,14.289226511102774
2012-09-25 02:00:00,5.386542769365176
2012-09-25 03:00:00,3.5275554325656993
2012-09-25 04:00:00,5.260663497333117
2012-09-25 05:00:00,36.13747785585746
2012-09-25 06:00:00,132.3273492552977
2012-09-25 07:00:00,379.72799397906135
2012-09-25 08:00:00,509.1811161301964
2012-09-25 09:00:00,299.48443500843763
2012-09-25 10:00:00,158.52558108165724
2012-09-25 11:00:00,184.05334663093348
2012-09-25 12:00:00,210.60270081583334
2012-09-25 13:00:00,221.9380481933607
2012-09-25 14:00:00,215.8261727840005
2012-09-25 15:00:00,219.72513827498034
2012-09-25 16:00:00,364.2805968408267
2012-09-25 17:00:00,715.9759676727911
2012-09-25 18:00:00,770.2356227085593
2012-09-25 19:00:00,435.7676890308381
2012-09-25 20:00:00,312.2246391261941
2012-09-25 21:00:00,213.38170023756084
2012-09-25 22:00:00,177.88827274643444
2012-09-25 23:00:00,91.73255623308751
2012-09-26 00:00:00,49.05574980001002
2012-09-26 01:00:00,17.42725076880814
2012-09-26 02:00:00,6.43641031621402
2012-09-26 03:00:00,5.109092131110439
2012-09-26 04:00:00,7.049575781034762
2012-09-26 05:00:00,47.03406088209669
2012-09-26 06:00:00,186.36548605331964
2012-09-26 07:00:00,442.1545834114269
2012-09-26 08:00:00,577.2514767785283
2012-09-26 09:00:00,346.6927183342252
2012-09-26 10:00:00,189.01052236686735
2012-09-26 11:00:00,225.2922380731055
2012-09-26 12:00:00,299.9065866296857
2012-09-26 13:00:00,307.5776810861038
2012-09-26 14:00:00,226.241362987716
2012-09-26 15:00:00,237.78629756091064
2012-09-26 16:00:00,363.091951447618
2012-09-26 17:00:00,665.9809675913583
2012-09-26 18:00:00,842.2211420697058
2012-09-26 19:00:00,580.4283788998629
2012-09-26 20:00:00,390.8433106510759
2012-09-26 21:00:00,263.44341282700435
2012-09-26 22:00:00,151.59888413825192
2012-09-26 23:00:00,91.36933842537148
2012-09-27 00:00:00,75.84155378902148
2012-09-27 01:00:00,27.593793779442972
2012-09-27 02:00:00,12.380276066337064
2012-09-27 03:00:00,9.890381419919644
2012-09-27 04:00:00,6.497856871574558
2012-09-27 05:00:00,43.65300604557499
2012-09-27 06:00:00,149.80051366328146
2012-09-27 07:00:00,391.1145809239318
2012-09-27 08:00:00,579.3220629846164
2012-09-27 09:00:00,297.824126927705
2012-09-27 10:00:00,174.31486745334277
2012-09-27 11:00:00,228.99405810721126
2012-09-27 12:00:00,305.8719068667536
2012-09-27 13:00:00,284.5416636917138
2012-09-27 14:00:00,254.83085138194983
2012-09-27 15:00:00,280.71441647277805
2012-09-27 16:00:00,435.93405559449826
2012-09-27 17:00:00,775.8065392532575
2012-09-27 18:00:00,841.6702844332314
2012-09-27 19:00:00,509.64092646011414
2012-09-27 20:00:00,423.8313028478124
2012-09-27 21:00:00,143.28407095063307
2012-09-27 22:00:00,137.55247254049723
2012-09-27 23:00:00,74.63210271179302
2012-09-28 00:00:00,55.39281322931776
2012-09-28 01:00:00,30.38580593950296
2012-09-28 02:00:00,7.241051619905778
2012-09-28 03:00:00,7.586153973717312
2012-09-28 04:00:00,4.605660049813597
2012-09-28 05:00:00,29.878579319423512
2012-09-28 06:00:00,110.22144636763132
2012-09-28 07:00:00,315.6638892895263
2012-09-28 08:00:00,551.0657777782237
2012-09-28 09:00:00,308.4785450465393
2012-09-28 10:00:00,250.18748968742875
2012-09-28 11:00:00,260.7224106233886
2012-09-28 12:00:00,437.3354658059871
2012-09-28 13:00:00,407.4114432082845
2012-09-28 14:00:00,414.95532046039045
2012-09-28 15:00:00,343.73549852342006
2012-09-28 16:00:00,440.9315755748419
2012-09-28 17:00:00,626.8806138164791
2012-09-28 18:00:00,569.1242692819271
2012-09-28 19:00:00,371.77616678885977
2012-09-28 20:00:00,265.2335251172486
2012-09-28 21:00:00,201.1847405781321
2012-09-28 22:00:00,185.19053080947535
2012-09-28 23:00:00,123.14003316313186
2012-09-29 00:00:00,145.07053804997426
2012-09-29 01:00:00,113.53321180395754
2012-09-29 02:00:00,53.77465329892322
2012-09-29 03:00:00,24.84108986405979
2012-09-29 04:00:00,10.183785834493095
2012-09-29 05:00:00,8.25130214563606
2012-09-29 06:00:00,26.42968751572505
2012-09-29 07:00:00,68.88853083650041
2012-09-29 08:00:00,174.34194423831323
2012-09-29 09:00:00,271.1331906404329
2012-09-29 10:00:00,390.24642445706996
2012-09-29 11:00:00,420.9205579478036
2012-09-29 12:00:00,542.18614146755306
2012-09-29 13:00:00,551.8656965327435
2012-09-29 14:00:00,497.38616480852136
2012-09-29 15:00:00,504.6705795443305
2012-09-29 16:00:00,586.9686536831716
2012-09-29 17:00:00,595.2729351619014
2012-09-29 18:00:00,382.4966842372982
2012-09-29 19:00:00,296.8929620726932
2012-09-29 20:00:00,207.36753510034282
2012-09-29 21:00:00,196.69243715675782
2012-09-29 22:00:00,186.54261853961341
2012-09-29 23:00:00,173.51463954678104
2012-09-30 00:00:00,107.37920987794482
2012-09-30 01:00:00,89.4537556733479
2012-09-30 02:00:00,61.62912220708728
2012-09-30 03:00:00,28.52384539152455
2012-09-30 04:00:00,7.941986467414384
2012-09-30 05:00:00,9.272150694954084
2012-09-30 06:00:00,24.829366112480283
2012-09-30 07:00:00,54.61510372999526
2012-09-30 08:00:00,113.5629212752658
2012-09-30 09:00:00,225.9009236659106
2012-09-30 10:00:00,362.33855247938806
2012-09-30 11:00:00,464.6838079725151
2012-09-30 12:00:00,508.8952230950798
2012-09-30 13:00:00,547.1345953616768
2012-09-30 14:00:00,524.7532069158143
2012-09-30 15:00:00,570.102531012385
2012-09-30 16:00:00,573.036646729575
2012-09-30 17:00:00,477.39981996294557
2012-09-30 18:00:00,358.5540359809151
2012-09-30 19:00:00,206.1980432002683
2012-09-30 20:00:00,171.284892972459
2012-09-30 21:00:00,160.02597788227746
2012-09-30 22:00:00,110.30051043156114
2012-09-30 23:00:00,83.5339985401406
2012-10-20 00:00:00,143.75713513467193
2012-10-20 01:00:00,91.39621361032513
2012-10-20 02:00:00,60.48192117727134
2012-10-20 03:00:00,24.578567951161794
2012-10-20 04:00:00,7.220075973607434
2012-10-20 05:00:00,8.853463773218479
2012-10-20 06:00:00,22.975835058000985
2012-10-20 07:00:00,46.76579919323342
2012-10-20 08:00:00,116.71167923370524
2012-10-20 09:00:00,264.1178305732746
2012-10-20 10:00:00,404.2052410552422
2012-10-20 11:00:00,462.22643579193465
2012-10-20 12:00:00,490.8633968041699
2012-10-20 13:00:00,517.5054853218307
2012-10-20 14:00:00,498.01627511749047
2012-10-20 15:00:00,488.4186769154683
2012-10-20 16:00:00,539.233053152311
2012-10-20 17:00:00,489.42695795153736
2012-10-20 18:00:00,407.9897154898945
2012-10-20 19:00:00,285.10252578820484
2012-10-20 20:00:00,197.0763652485008
2012-10-20 21:00:00,183.10295992108493
2012-10-20 22:00:00,179.56005004011232
2012-10-20 23:00:00,164.2616993779579
2012-10-21 00:00:00,126.34850984688157
2012-10-21 01:00:00,72.61809486699616
2012-10-21 02:00:00,59.61140970130077
2012-10-21 03:00:00,25.020823034271302
2012-10-21 04:00:00,8.301492005990664
2012-10-21 05:00:00,7.318158420633051
2012-10-21 06:00:00,14.806686883928576
2012-10-21 07:00:00,42.161206748455584
2012-10-21 08:00:00,94.32911173724395
2012-10-21 09:00:00,193.27199391923838
2012-10-21 10:00:00,310.26786189577774
2012-10-21 11:00:00,385.198158162535
2012-10-21 12:00:00,413.16684171489436
2012-10-21 13:00:00,500.32219749551047
2012-10-21 14:00:00,525.8108589858324
2012-10-21 15:00:00,408.9091821565091
2012-10-21 16:00:00,588.4328471583149
2012-10-21 17:00:00,443.62979559326556
2012-10-21 18:00:00,391.01190258280195
2012-10-21 19:00:00,258.4773570248214
2012-10-21 20:00:00,177.47706351225185
2012-10-21 21:00:00,145.70684149722535
2012-10-21 22:00:00,112.08625663176659
2012-10-21 23:00:00,95.21111578277058
2012-10-22 00:00:00,30.915270327100636
2012-10-22 01:00:00,15.955369468136936
2012-10-22 02:00:00,7.839366640769027
2012-10-22 03:00:00,4.689696271125188
2012-10-22 04:00:00,6.2236720704714585
2012-10-22 05:00:00,25.90369046493422
2012-10-22 06:00:00,107.18739274486703
2012-10-22 07:00:00,338.2696341222162
2012-10-22 08:00:00,564.1488744964996
2012-10-22 09:00:00,228.41520809692574
2012-10-22 10:00:00,153.24451096643077
2012-10-22 11:00:00,158.4606168232407
2012-10-22 12:00:00,236.25656803256345
2012-10-22 13:00:00,221.28749618447824
2012-10-22 14:00:00,187.6450659283859
2012-10-22 15:00:00,224.77122216832382
2012-10-22 16:00:00,375.7155972390808
2012-10-22 17:00:00,586.9293867426993
2012-10-22 18:00:00,630.248034170083
2012-10-22 19:00:00,341.6882293771068
2012-10-22 20:00:00,252.16765229949695
2012-10-22 21:00:00,193.26561346052753
2012-10-22 22:00:00,145.5046129116043
2012-10-22 23:00:00,78.00088955688312
2012-10-23 00:00:00,39.47475672609517
2012-10-23 01:00:00,13.374039416371694
2012-10-23 02:00:00,5.755699539300274
2012-10-23 03:00:00,4.102429051867198
2012-10-23 04:00:00,6.98852000202019
2012-10-23 05:00:00,36.15322564716517
2012-10-23 06:00:00,114.7218895202937
2012-10-23 07:00:00,360.75585483497207
2012-10-23 08:00:00,512.2610824081457
2012-10-23 09:00:00,292.055401864275
2012-10-23 10:00:00,148.36072078101267
2012-10-23 11:00:00,178.20268098171903
2012-10-23 12:00:00,213.253678619339
2012-10-23 13:00:00,231.36568781486926
2012-10-23 14:00:00,221.23182982323368
2012-10-23 15:00:00,246.81675617053392
2012-10-23 16:00:00,349.6410404709367
2012-10-23 17:00:00,793.1109287333998
2012-10-23 18:00:00,587.2277065127382
2012-10-23 19:00:00,404.914754053924
2012-10-23 20:00:00,310.34518641316134
2012-10-23 21:00:00,197.32564916709185
2012-10-23 22:00:00,161.4589883741131
2012-10-23 23:00:00,96.97531364301102
2012-10-24 00:00:00,49.69490552411465
2012-10-24 01:00:00,19.067419820949073
2012-10-24 02:00:00,7.750195619359087
2012-10-24 03:00:00,6.407346244084514
2012-10-24 04:00:00,6.983976134310028
2012-10-24 05:00:00,40.461415110582
2012-10-24 06:00:00,157.0716821814882
2012-10-24 07:00:00,356.1623044414965
2012-10-24 08:00:00,603.622874380657
2012-10-24 09:00:00,322.3402878656646
2012-10-24 10:00:00,167.1320946122784
2012-10-24 11:00:00,199.04280784329896
2012-10-24 12:00:00,290.41654324998507
2012-10-24 13:00:00,280.8148795384661
2012-10-24 14:00:00,244.2261150907918
2012-10-24 15:00:00,311.5879452548053
2012-10-24 16:00:00,452.2570357975182
2012-10-24 17:00:00,693.700693013324
2012-10-24 18:00:00,751.9370097818062
2012-10-24 19:00:00,460.45185384968937
2012-10-24 20:00:00,383.22211329654175
2012-10-24 21:00:00,296.95562740772255
2012-10-24 22:00:00,198.0476537843551
2012-10-24 23:00:00,115.48304846739391
2012-10-25 00:00:00,57.76346208429047
2012-10-25 01:00:00,28.96460801854008
2012-10-25 02:00:00,10.254790185677994
2012-10-25 03:00:00,4.768401103232136
2012-10-25 04:00:00,5.981193293286455
2012-10-25 05:00:00,25.998438326430964
2012-10-25 06:00:00,122.90646624500692
2012-10-25 07:00:00,287.0035365661361
2012-10-25 08:00:00,514.8126247259981
2012-10-25 09:00:00,286.27233542207165
2012-10-25 10:00:00,152.2804373856607
2012-10-25 11:00:00,143.2533775412732
2012-10-25 12:00:00,169.38367395389008
2012-10-25 13:00:00,141.21030181986322
2012-10-25 14:00:00,204.32582913292634
2012-10-25 15:00:00,265.3924512137196
2012-10-25 16:00:00,383.09643394064165
2012-10-25 17:00:00,697.6722152671769
2012-10-25 18:00:00,285.27960253922106
2012-10-25 19:00:00,252.1549086581689
2012-10-25 20:00:00,189.75664553752557
2012-10-25 21:00:00,153.34735318957897
2012-10-25 22:00:00,193.25080031139
2012-10-25 23:00:00,96.63617849690115
2012-10-26 00:00:00,61.741751827529335
2012-10-26 01:00:00,22.272995498255675
2012-10-26 02:00:00,8.398602633020815
2012-10-26 03:00:00,4.997414799314255
2012-10-26 04:00:00,5.839842139794945
2012-10-26 05:00:00,24.553995082872678
2012-10-26 06:00:00,101.51786463615112
2012-10-26 07:00:00,297.924003440662
2012-10-26 08:00:00,488.2340041200366
2012-10-26 09:00:00,289.75639750878673
2012-10-26 10:00:00,177.34926901336786
2012-10-26 11:00:00,207.174410092873
2012-10-26 12:00:00,318.53363580291557
2012-10-26 13:00:00,332.98234746157203
2012-10-26 14:00:00,339.00563415668984
2012-10-26 15:00:00,382.08654445590236
2012-10-26 16:00:00,424.2543453765672
2012-10-26 17:00:00,478.70258077629313
2012-10-26 18:00:00,395.23266243910524
2012-10-26 19:00:00,233.526968978173
2012-10-26 20:00:00,167.67814163401013
2012-10-26 21:00:00,197.67591921453098
2012-10-26 22:00:00,141.1773290707955
2012-10-26 23:00:00,154.42459487001113
2012-10-27 00:00:00,137.82165274494324
2012-10-27 01:00:00,80.69616347925924
2012-10-27 02:00:00,55.64671377551526
2012-10-27 03:00:00,28.766275367831273
2012-10-27 04:00:00,8.690094382531678
2012-10-27 05:00:00,8.700945052498017
2012-10-27 06:00:00,33.683882515297114
2012-10-27 07:00:00,61.091756704650386
2012-10-27 08:00:00,175.49192285985865
2012-10-27 09:00:00,252.4775666116789
2012-10-27 10:00:00,345.8379865367564
2012-10-27 11:00:00,454.53905762103864
2012-10-27 12:00:00,522.0064429579807
2012-10-27 13:00:00,503.9111226724597
2012-10-27 14:00:00,459.87625779235617
2012-10-27 15:00:00,454.06302743994416
2012-10-27 16:00:00,458.17766867226374
2012-10-27 17:00:00,522.7388455453867
2012-10-27 18:00:00,479.42278830358663
2012-10-27 19:00:00,307.0808343910068
2012-10-27 20:00:00,242.30434818034905
2012-10-27 21:00:00,199.09678853444672
2012-10-27 22:00:00,152.6227640625623
2012-10-27 23:00:00,135.18405280250843
2012-10-28 00:00:00,71.19870809223923
2012-10-28 01:00:00,72.80284966505938
2012-10-28 02:00:00,45.612400803972
2012-10-28 03:00:00,21.59427016641143
2012-10-28 04:00:00,8.015573619120895
2012-10-28 05:00:00,7.001084471905347
2012-10-28 06:00:00,10.798651297468393
2012-10-28 07:00:00,43.93651149155054
2012-10-28 08:00:00,124.28843053958215
2012-10-28 09:00:00,161.2096936184748
2012-10-28 10:00:00,233.76442910575304
2012-10-28 11:00:00,305.78698289336637
2012-10-28 12:00:00,269.5591839405577
2012-10-28 13:00:00,289.56406144635184
2012-10-28 14:00:00,329.179758744971
2012-10-28 15:00:00,321.609506802654
2012-10-28 16:00:00,247.57979164830562
2012-10-28 17:00:00,193.07525909703006
2012-10-28 18:00:00,68.46935369659707
2012-10-28 19:00:00,76.15218067523477
2012-10-28 20:00:00,57.4174553733075
2012-10-28 21:00:00,74.27056640581006
2012-10-28 22:00:00,49.589695666130325
2012-10-28 23:00:00,36.21194419307545
2012-10-29 00:00:00,21.13042801157448
2012-10-30 13:00:00,79.03705335419953
2012-10-30 14:00:00,73.33753130186773
2012-10-30 15:00:00,73.6281017979677
2012-10-30 16:00:00,94.30290603784104
2012-10-30 17:00:00,139.94789130055167
2012-10-30 18:00:00,148.94473659664402
2012-10-30 19:00:00,428.6142817805058
2012-10-30 20:00:00,153.51938192156098
2012-10-30 21:00:00,112.32020447445734
2012-10-30 22:00:00,95.52301245492873
2012-10-30 23:00:00,60.96137267707185
2012-10-31 00:00:00,27.68121371655044
2012-10-31 01:00:00,10.442571800574477
2012-10-31 02:00:00,5.103179903953821
2012-10-31 03:00:00,3.7344542364869464
2012-10-31 04:00:00,4.832205742843915
2012-10-31 05:00:00,23.115317041179882
2012-10-31 06:00:00,102.14544825972833
2012-10-31 07:00:00,300.2645154231974
2012-10-31 08:00:00,525.1514652405217
2012-10-31 09:00:00,253.92983918477415
2012-10-31 10:00:00,145.81995152626467
2012-10-31 11:00:00,179.56224529572245
2012-10-31 12:00:00,204.58785284679786
2012-10-31 13:00:00,225.76124518228502
2012-10-31 14:00:00,210.0042252215731
2012-10-31 15:00:00,216.19490393005717
2012-10-31 16:00:00,352.7916660675308
2012-10-31 17:00:00,537.187629133581
2012-10-31 18:00:00,507.7398659905464
2012-10-31 19:00:00,411.41997022101515
2012-10-31 20:00:00,255.23198227321
2012-10-31 21:00:00,181.42224284090585
2012-10-31 22:00:00,144.08792170983955
2012-10-31 23:00:00,89.33226767129094
2012-11-20 00:00:00,34.79999013684206
2012-11-20 01:00:00,15.156602330731797
2012-11-20 02:00:00,2.853725983068233
2012-11-20 03:00:00,4.035383807775163
2012-11-20 04:00:00,8.103901767821526
2012-11-20 05:00:00,34.987994786254006
2012-11-20 06:00:00,133.74723064846594
2012-11-20 07:00:00,288.7429943068881
2012-11-20 08:00:00,480.62273163722654
2012-11-20 09:00:00,270.71378113440176
2012-11-20 10:00:00,121.4161510313879
2012-11-20 11:00:00,132.66442129583433
2012-11-20 12:00:00,186.84567851157672
2012-11-20 13:00:00,176.05989538398947
2012-11-20 14:00:00,158.18748744476122
2012-11-20 15:00:00,189.05942516163213
2012-11-20 16:00:00,299.5610456529269
2012-11-20 17:00:00,457.52074006210825
2012-11-20 18:00:00,449.33139901467564
2012-11-20 19:00:00,354.5337070862079
2012-11-20 20:00:00,234.755219047194
2012-11-20 21:00:00,161.28197440716113
2012-11-20 22:00:00,138.22248766645893
2012-11-20 23:00:00,72.16719221870095
2012-11-21 00:00:00,29.228931584835422
2012-11-21 01:00:00,12.290015581241523
2012-11-21 02:00:00,4.4282193567783334
2012-11-21 03:00:00,3.3916253882960095
2012-11-21 04:00:00,4.412658330725966
2012-11-21 05:00:00,23.568152940347677
2012-11-21 06:00:00,105.28604207845973
2012-11-21 07:00:00,323.26708900126073
2012-11-21 08:00:00,595.4274835061618
2012-11-21 09:00:00,268.8286467119652
2012-11-21 10:00:00,153.44620166676603
2012-11-21 11:00:00,208.29882153641128
2012-11-21 12:00:00,231.14743506447306
2012-11-21 13:00:00,244.7832628228153
2012-11-21 14:00:00,223.5638408209915
2012-11-21 15:00:00,241.64575967666482
2012-11-21 16:00:00,328.5845579056991
2012-11-21 17:00:00,516.8292038165409
2012-11-21 18:00:00,487.1783518358668
2012-11-21 19:00:00,357.2377252238215
2012-11-21 20:00:00,226.36618173513565
2012-11-21 21:00:00,163.1655238493492
2012-11-21 22:00:00,132.04322096926154
2012-11-21 23:00:00,89.85861972764624
2012-11-22 00:00:00,65.39425642732618
2012-11-22 01:00:00,38.57945237685546
2012-11-22 02:00:00,19.257779109821886
2012-11-22 03:00:00,9.552627949968366
2012-11-22 04:00:00,7.067630013967368
2012-11-22 05:00:00,7.544659993508975
2012-11-22 06:00:00,20.210424625773282
2012-11-22 07:00:00,67.37209901865896
2012-11-22 08:00:00,161.33287331502285
2012-11-22 09:00:00,211.4148254653023
2012-11-22 10:00:00,320.3550102992277
2012-11-22 11:00:00,333.13851249263075
2012-11-22 12:00:00,410.6253108472668
2012-11-22 13:00:00,418.7141959586593
2012-11-22 14:00:00,406.48863418359775
2012-11-22 15:00:00,396.14392460019974
2012-11-22 16:00:00,376.74746397207264
2012-11-22 17:00:00,363.7071956871686
2012-11-22 18:00:00,278.78138232297607
2012-11-22 19:00:00,200.7142525269732
2012-11-22 20:00:00,147.88144415912936
2012-11-22 21:00:00,145.4432478495977
2012-11-22 22:00:00,105.42493594923022
2012-11-22 23:00:00,70.82743470989544
2012-11-23 00:00:00,39.94268679437448
2012-11-23 01:00:00,17.3122194334539
2012-11-23 02:00:00,8.385107000203776
2012-11-23 03:00:00,3.9100152570393045
2012-11-23 04:00:00,8.690671415855828
2012-11-23 05:00:00,17.093878616143364
2012-11-23 06:00:00,81.29014297704022
2012-11-23 07:00:00,240.28741555192204
2012-11-23 08:00:00,501.6998082477457
2012-11-23 09:00:00,330.34809958758433
2012-11-23 10:00:00,168.3980465622024
2012-11-23 11:00:00,224.5041167537932
2012-11-23 12:00:00,290.68264204514475
2012-11-23 13:00:00,302.7178197495966
2012-11-23 14:00:00,350.8582789803528
2012-11-23 15:00:00,324.9193123189782
2012-11-23 16:00:00,422.4596099417674
2012-11-23 17:00:00,551.6838008329897
2012-11-23 18:00:00,504.7620919575334
2012-11-23 19:00:00,445.8921436291034
2012-11-23 20:00:00,282.21602228191017
2012-11-23 21:00:00,189.15712325701875
2012-11-23 22:00:00,136.5675776764426
2012-11-23 23:00:00,133.29853315334975
2012-11-24 00:00:00,80.59463652830662
2012-11-24 01:00:00,52.25075933921167
2012-11-24 02:00:00,42.47645973687125
2012-11-24 03:00:00,15.177133137057544
2012-11-24 04:00:00,4.862924649934241
2012-11-24 05:00:00,4.805216986183022
2012-11-24 06:00:00,20.465640589174722
2012-11-24 07:00:00,40.063770929026596
2012-11-24 08:00:00,121.04808804489568
2012-11-24 09:00:00,183.76058087038183
2012-11-24 10:00:00,213.50399015376993
2012-11-24 11:00:00,213.3449140485007
2012-11-24 12:00:00,246.73173061548331
2012-11-24 13:00:00,260.9240159312886
2012-11-24 14:00:00,241.05429948216593
2012-11-24 15:00:00,223.5746351679792
2012-11-24 16:00:00,198.56132408257022
2012-11-24 17:00:00,187.0345020596821
2012-11-24 18:00:00,171.6410345942625
2012-11-24 19:00:00,148.43058627637222
2012-11-24 20:00:00,144.95459573014008
2012-11-24 21:00:00,96.62957843862594
2012-11-24 22:00:00,84.7935579087301
2012-11-24 23:00:00,85.64404533453467
2012-11-25 00:00:00,63.360649570437765
2012-11-25 01:00:00,56.87003985639451
2012-11-25 02:00:00,33.716778418555776
2012-11-25 03:00:00,13.88425427876212
2012-11-25 04:00:00,4.969398010607274
2012-11-25 05:00:00,4.213076223645157
2012-11-25 06:00:00,8.644023226263593
2012-11-25 07:00:00,29.81646833773111
2012-11-25 08:00:00,66.97941723210019
2012-11-25 09:00:00,146.9191795795134
2012-11-25 10:00:00,155.994260779987
2012-11-25 11:00:00,207.03700674945347
2012-11-25 12:00:00,226.7580567322675
2012-11-25 13:00:00,206.18830588712072
2012-11-25 14:00:00,241.7020799596558
2012-11-25 15:00:00,219.92614292201316
2012-11-25 16:00:00,220.29131006142975
2012-11-25 17:00:00,175.9715164867917
2012-11-25 18:00:00,139.98166355528733
2012-11-25 19:00:00,131.39531449840152
2012-11-25 20:00:00,86.06408213475551
2012-11-25 21:00:00,80.86100090278256
2012-11-25 22:00:00,59.33912334537354
2012-11-25 23:00:00,37.179894721224564
2012-11-26 00:00:00,19.94093840839636
2012-11-26 01:00:00,9.433823695982845
2012-11-26 02:00:00,3.5390814905503527
2012-11-26 03:00:00,3.011594934087769
2012-11-26 04:00:00,3.643405238795367
2012-11-26 05:00:00,22.378186344482472
2012-11-26 06:00:00,78.69868025344708
2012-11-26 07:00:00,289.01503679595294
2012-11-26 08:00:00,473.29775364085253
2012-11-26 09:00:00,268.88886531090634
2012-11-26 10:00:00,165.45928032958207
2012-11-26 11:00:00,152.15157328805415
2012-11-26 12:00:00,202.17203569828513
2012-11-26 13:00:00,199.42869931421103
2012-11-26 14:00:00,201.4308878356247
2012-11-26 15:00:00,181.74351155036743
2012-11-26 16:00:00,315.59307236024455
2012-11-26 17:00:00,443.8408336985491
2012-11-26 18:00:00,397.7705855840589
2012-11-26 19:00:00,262.590367702018
2012-11-26 20:00:00,187.82048186520385
2012-11-26 21:00:00,136.61051436938862
2012-11-26 22:00:00,95.99537058093686
2012-11-26 23:00:00,68.16172587252241
2012-11-27 00:00:00,31.529732188572623
2012-11-27 01:00:00,15.322897858076782
2012-11-27 02:00:00,4.940860350901508
2012-11-27 03:00:00,3.585125340980758
2012-11-27 04:00:00,6.147763095199872
2012-11-27 05:00:00,24.25084553095008
2012-11-27 06:00:00,109.44472757819682
2012-11-27 07:00:00,191.9617617622754
2012-11-27 08:00:00,210.40559128248037
2012-11-27 09:00:00,268.7430365674009
2012-11-27 10:00:00,65.99687305991573
2012-11-27 11:00:00,58.33643512669696
2012-11-27 12:00:00,56.00324768668282
2012-11-27 13:00:00,80.97224158712187
2012-11-27 14:00:00,48.93406212997891
2012-11-27 15:00:00,152.86494610891094
2012-11-27 16:00:00,250.86512870877542
2012-11-27 17:00:00,401.9178697291759
2012-11-27 18:00:00,217.59050051035683
2012-11-27 19:00:00,245.0695292836498
2012-11-27 20:00:00,164.24757235371115
2012-11-27 21:00:00,84.95374831147917
2012-11-27 22:00:00,77.40212619958974
2012-11-27 23:00:00,54.358097767152
2012-11-28 00:00:00,40.18875955826821
2012-11-28 01:00:00,19.822056320799224
2012-11-28 02:00:00,8.653197717773082
2012-11-28 03:00:00,6.047644369488428
2012-11-28 04:00:00,7.179692114046651
2012-11-28 05:00:00,32.992723038259605
2012-11-28 06:00:00,143.72981132811273
2012-11-28 07:00:00,358.14841775671164
2012-11-28 08:00:00,509.110210435009
2012-11-28 09:00:00,332.9534927845011
2012-11-28 10:00:00,176.9350363722755
2012-11-28 11:00:00,161.43466796752122
2012-11-28 12:00:00,179.99102719666135
2012-11-28 13:00:00,226.01729264014432
2012-11-28 14:00:00,214.6256634541065
2012-11-28 15:00:00,188.56710241832025
2012-11-28 16:00:00,254.91327019621122
2012-11-28 17:00:00,385.8866468250459
2012-11-28 18:00:00,437.5330438850827
2012-11-28 19:00:00,306.5999854962142
2012-11-28 20:00:00,206.3990713410668
2012-11-28 21:00:00,154.76517753073676
2012-11-28 22:00:00,95.66180159114525
2012-11-28 23:00:00,62.39091674797703
2012-11-29 00:00:00,31.173228491776666
2012-11-29 01:00:00,13.149624595724276
2012-11-29 02:00:00,3.795143174011924
2012-11-29 04:00:00,5.603227739873894
2012-11-29 05:00:00,27.414926871694117
2012-11-29 06:00:00,90.64133921444855
2012-11-29 07:00:00,221.57237847253404
2012-11-29 08:00:00,514.8499193852939
2012-11-29 09:00:00,298.08009603405986
2012-11-29 10:00:00,127.02951296107187
2012-11-29 11:00:00,191.53114840599176
2012-11-29 12:00:00,256.46999601135644
2012-11-29 13:00:00,230.85841033149794
2012-11-29 14:00:00,175.62166206629252
2012-11-29 15:00:00,210.13112389594608
2012-11-29 16:00:00,261.59124560772204
2012-11-29 17:00:00,448.0231658096403
2012-11-29 18:00:00,478.95000471809016
2012-11-29 19:00:00,308.25460277984996
2012-11-29 20:00:00,241.71342017743314
2012-11-29 21:00:00,145.06355278007442
2012-11-29 22:00:00,118.75352460844415
2012-11-29 23:00:00,108.93609756407963
2012-11-30 00:00:00,37.81785736636464
2012-11-30 01:00:00,25.378945357843875
2012-11-30 02:00:00,7.690758379484264
2012-11-30 03:00:00,3.8100489263729185
2012-11-30 04:00:00,3.601744144115255
2012-11-30 05:00:00,20.07103560504282
2012-11-30 06:00:00,60.25736345388686
2012-11-30 07:00:00,162.47312695375538
2012-11-30 08:00:00,442.6961563935901
2012-11-30 09:00:00,303.60331753793884
2012-11-30 10:00:00,145.15699835464144
2012-11-30 11:00:00,169.60147590767684
2012-11-30 12:00:00,254.08264274709398
2012-11-30 13:00:00,260.2647754640808
2012-11-30 14:00:00,227.86542463235006
2012-11-30 15:00:00,241.83371937417274
2012-11-30 16:00:00,328.42195360040455
2012-11-30 17:00:00,518.4519601620414
2012-11-30 18:00:00,367.89069755957377
2012-11-30 19:00:00,263.9775946945853
2012-11-30 20:00:00,197.69125695761065
2012-11-30 21:00:00,169.97594343838256
2012-11-30 22:00:00,133.6250328206946
2012-11-30 23:00:00,105.3121864834609
2012-12-20 00:00:00,52.38036342708985
2012-12-20 01:00:00,16.026274705329588
2012-12-20 02:00:00,5.185898113714305
2012-12-20 03:00:00,2.7280086341136127
2012-12-20 04:00:00,4.130314123416799
2012-12-20 05:00:00,29.668092076904426
2012-12-20 06:00:00,104.635325060954
2012-12-20 07:00:00,295.36968992804543
2012-12-20 08:00:00,436.1562149362816
2012-12-20 09:00:00,251.64953904816363
2012-12-20 10:00:00,152.3910778940021
2012-12-20 11:00:00,136.13426371130282
2012-12-20 12:00:00,242.52199777900427
2012-12-20 13:00:00,202.90229866314925
2012-12-20 14:00:00,186.316322412327
2012-12-20 15:00:00,174.5194738109805
2012-12-20 16:00:00,238.61705794160125
2012-12-20 17:00:00,450.8043257222689
2012-12-20 18:00:00,379.98998788303624
2012-12-20 19:00:00,154.55895210102773
2012-12-20 20:00:00,137.85402919266068
2012-12-20 21:00:00,112.57140572749597
2012-12-20 22:00:00,71.40498595795398
2012-12-20 23:00:00,50.78703920866447
2012-12-21 00:00:00,23.946249402605783
2012-12-21 01:00:00,11.017101097848142
2012-12-21 02:00:00,6.70238625291873
2012-12-21 03:00:00,2.336187445174393
2012-12-21 04:00:00,3.174549688512765
2012-12-21 05:00:00,12.638291815593604
2012-12-21 06:00:00,80.0980014965994
2012-12-21 07:00:00,158.66465492047308
2012-12-21 08:00:00,305.4188708210263
2012-12-21 09:00:00,249.48687130089888
2012-12-21 10:00:00,136.53218155466635
2012-12-21 11:00:00,140.1323991791471
2012-12-21 12:00:00,147.6711469941182
2012-12-21 13:00:00,132.10166962502527
2012-12-21 14:00:00,116.26146879270387
2012-12-21 15:00:00,127.24065380328535
2012-12-21 16:00:00,154.8994376153087
2012-12-21 17:00:00,316.1018634280431
2012-12-21 18:00:00,312.4871719824515
2012-12-21 19:00:00,157.06032217353496
2012-12-21 20:00:00,92.26851490335373
2012-12-21 21:00:00,119.07801013632937
2012-12-21 22:00:00,76.41916397699174
2012-12-21 23:00:00,49.476980767832295
2012-12-22 00:00:00,48.78360486475179
2012-12-22 01:00:00,39.141716062770165
2012-12-22 02:00:00,30.035764228776255
2012-12-22 03:00:00,15.573028453411753
2012-12-22 04:00:00,2.6591281969954745
2012-12-22 05:00:00,3.4041919850505398
2012-12-22 06:00:00,9.973826192554764
2012-12-22 07:00:00,29.647894003152576
2012-12-22 08:00:00,89.842926546663
2012-12-22 09:00:00,130.61430698548304
2012-12-22 10:00:00,183.66471367822155
2012-12-22 11:00:00,158.75502685160916
2012-12-22 12:00:00,160.14712958923184
2012-12-22 13:00:00,133.93146868964655
2012-12-22 14:00:00,132.7908853741197
2012-12-22 15:00:00,171.06674261787606
2012-12-22 16:00:00,128.62893711874784
2012-12-22 17:00:00,114.45561204068912
2012-12-22 18:00:00,150.94093689247654
2012-12-22 19:00:00,93.33525925926095
2012-12-22 20:00:00,63.62736179966054
2012-12-22 21:00:00,58.50426792453018
2012-12-22 22:00:00,40.82434496913108
2012-12-22 23:00:00,29.15304200714584
2012-12-23 00:00:00,49.36721969493652
2012-12-23 01:00:00,44.007239114534975
2012-12-23 02:00:00,26.626569846950567
2012-12-23 03:00:00,12.251985242618304
2012-12-23 04:00:00,4.133474618175731
2012-12-23 05:00:00,1.9349817898815502
2012-12-23 06:00:00,2.958048971168884
2012-12-23 07:00:00,8.204989529882733
2012-12-23 08:00:00,26.671743757381325
2012-12-23 09:00:00,48.90461671417988
2012-12-23 10:00:00,97.27033237547676
2012-12-23 11:00:00,162.52926826471025
2012-12-23 12:00:00,218.41966363962297
2012-12-23 13:00:00,245.91081768418448
2012-12-23 14:00:00,240.05241760694918
2012-12-23 15:00:00,194.79626362425148
2012-12-23 16:00:00,220.09970828316807
2012-12-23 17:00:00,162.47576016399165
2012-12-23 18:00:00,126.86124472455415
2012-12-23 19:00:00,78.73112839858463
2012-12-23 20:00:00,49.233888087829605
2012-12-23 21:00:00,45.68620814245089
2012-12-23 22:00:00,61.2649801142084
2012-12-23 23:00:00,29.77426774100476
2012-12-24 00:00:00,9.754592206192479
2012-12-24 01:00:00,5.0655240846242435
2012-12-24 02:00:00,2.757335484088304
2012-12-24 03:00:00,2.06194542744611
2012-12-24 05:00:00,7.980016577659044
2012-12-24 06:00:00,39.14348220259415
2012-12-24 07:00:00,121.87085059154505
2012-12-24 08:00:00,354.1330310790604
2012-12-24 09:00:00,204.5568359296963
2012-12-24 10:00:00,71.80355576640864
2012-12-24 11:00:00,103.2076636772774
2012-12-24 12:00:00,84.91595815608649
2012-12-24 13:00:00,54.45079802389162
2012-12-24 14:00:00,52.88740396571721
2012-12-24 15:00:00,51.85928274446515
2012-12-24 16:00:00,69.46521458925079
2012-12-24 17:00:00,189.4130922202749
2012-12-24 18:00:00,161.440951102246
2012-12-24 19:00:00,151.7473442572894
2012-12-24 20:00:00,110.02553823423611
2012-12-24 21:00:00,62.4196764281204
2012-12-24 22:00:00,54.61606391266966
2012-12-24 23:00:00,34.84692741298609
2012-12-25 00:00:00,20.570353966222118
2012-12-25 01:00:00,22.18871614839
2012-12-25 02:00:00,15.055450783767153
2012-12-25 04:00:00,4.6526658455766
2012-12-25 05:00:00,6.766646369953466
2012-12-25 06:00:00,5.962643067302161
2012-12-25 07:00:00,15.54021487451007
2012-12-25 08:00:00,47.20972857891387
2012-12-25 09:00:00,81.5321642545982
2012-12-25 10:00:00,88.63318802824168
2012-12-25 11:00:00,139.39568944789528
2012-12-25 12:00:00,147.87358897883996
2012-12-25 13:00:00,168.46282724314258
2012-12-25 14:00:00,189.03607916075498
2012-12-25 15:00:00,175.48431828555442
2012-12-25 16:00:00,157.28450373068156
2012-12-25 17:00:00,165.36191700508536
2012-12-25 18:00:00,164.09080723866683
2012-12-25 19:00:00,133.27490012529063
2012-12-25 20:00:00,105.05636452686952
2012-12-25 21:00:00,78.66501468223899
2012-12-25 22:00:00,58.663846916470995
2012-12-25 23:00:00,42.94237942825377
2012-12-26 00:00:00,21.339238257606716
2012-12-26 01:00:00,3.3463074374540147
2012-12-26 02:00:00,2.4267588175552484
2012-12-26 03:00:00,2.193871670316596
2012-12-26 04:00:00,0.843960847131801
2012-12-26 05:00:00,6.898489429599795
2012-12-26 06:00:00,43.817143562881725
2012-12-26 07:00:00,51.363073329777166
2012-12-26 08:00:00,109.14962179567961
2012-12-26 09:00:00,59.43595624712974
2012-12-26 10:00:00,22.902418996271148
2012-12-26 11:00:00,19.88274834394445
2012-12-26 12:00:00,25.57602246827177
2012-12-26 13:00:00,26.78802065338268
2012-12-26 14:00:00,35.428986890869204
2012-12-26 15:00:00,45.34498856257349
2012-12-26 16:00:00,62.25068801280421
2012-12-26 17:00:00,95.0478955049668
2012-12-26 18:00:00,85.38038791239435
2012-12-26 19:00:00,136.3640107326892
2012-12-26 20:00:00,43.60182848338926
2012-12-26 21:00:00,58.88351056033857
2012-12-26 22:00:00,12.756406234641636
2012-12-26 23:00:00,19.4638851801808
2012-12-27 00:00:00,11.700759539178804
2012-12-27 01:00:00,2.654464196390625
2012-12-27 02:00:00,2.3590492051584686
2012-12-27 03:00:00,3.540745372660782
2012-12-27 04:00:00,1.568557119882186
2012-12-27 05:00:00,14.424931375781116
2012-12-27 06:00:00,63.67352405229695
2012-12-27 07:00:00,207.38195253717055
2012-12-27 08:00:00,409.26912669027547
2012-12-27 09:00:00,225.6441063489708
2012-12-27 10:00:00,142.76658320109553
2012-12-27 11:00:00,115.63097327500448
2012-12-27 12:00:00,148.05616142942068
2012-12-27 13:00:00,137.19240058616901
2012-12-27 14:00:00,144.4466565610263
2012-12-27 15:00:00,125.7327101716179
2012-12-27 16:00:00,158.96246630147272
2012-12-27 17:00:00,335.2402890269529
2012-12-27 18:00:00,181.67735365541202
2012-12-27 19:00:00,136.57857430106236
2012-12-27 20:00:00,110.39693467875603
2012-12-27 21:00:00,86.19418959913625
2012-12-27 22:00:00,56.94544512169636
2012-12-27 23:00:00,39.72949117882107
2012-12-28 00:00:00,23.687138703389195
2012-12-28 01:00:00,8.341878858039088
2012-12-28 02:00:00,4.534445306092594
2012-12-28 03:00:00,4.4140727395001855
2012-12-28 04:00:00,3.225637253248212
2012-12-28 05:00:00,24.03748312705347
2012-12-28 06:00:00,44.95039991394214
2012-12-28 07:00:00,171.01466129624234
2012-12-28 08:00:00,410.1935325987645
2012-12-28 09:00:00,155.1777764835382
2012-12-28 10:00:00,103.45743290234317
2012-12-28 11:00:00,121.80054982289816
2012-12-28 12:00:00,153.60155001212289
2012-12-28 13:00:00,140.7304884730091
2012-12-28 14:00:00,118.82967410863351
2012-12-28 15:00:00,110.33398950703419
2012-12-28 16:00:00,118.42066393815743
2012-12-28 17:00:00,135.70601814932337
2012-12-28 18:00:00,137.24493659107108
2012-12-28 19:00:00,124.96865384260306
2012-12-28 20:00:00,70.0612765112118
2012-12-28 21:00:00,59.208471335076
2012-12-28 22:00:00,63.53858928708266
2012-12-28 23:00:00,46.33802104058396
2012-12-29 00:00:00,31.40226288341332
2012-12-29 01:00:00,23.014891034440254
2012-12-29 02:00:00,23.647281494251576
2012-12-29 03:00:00,11.524294391999495
2012-12-29 04:00:00,3.2005313508049746
2012-12-29 05:00:00,2.50013521266259
2012-12-29 06:00:00,8.15863389172306
2012-12-29 07:00:00,30.054953431145968
2012-12-29 08:00:00,65.86754464117567
2012-12-29 09:00:00,108.87559314559267
2012-12-29 10:00:00,125.66958808561323
2012-12-29 11:00:00,59.45367388654831
2012-12-29 12:00:00,45.26913246740564
2012-12-29 13:00:00,46.87973400955378
2012-12-29 14:00:00,257.23805462413276
2012-12-29 15:00:00,249.57040253698815
2012-12-29 16:00:00,189.88429192626714
2012-12-29 17:00:00,187.38043825031974
2012-12-29 18:00:00,128.11147087922564
2012-12-29 19:00:00,77.21329977078169
2012-12-29 20:00:00,50.76590676740632
2012-12-29 21:00:00,44.17348060665623
2012-12-29 22:00:00,52.598931755960876
2012-12-29 23:00:00,53.141580477227244
2012-12-30 00:00:00,35.486233328139434
2012-12-30 01:00:00,33.97471183405536
2012-12-30 02:00:00,22.330164843165186
2012-12-30 03:00:00,9.28562141846555
2012-12-30 04:00:00,1.4597401331150675
2012-12-30 05:00:00,2.4020599027272738
2012-12-30 06:00:00,4.533497551003605
2012-12-30 07:00:00,8.263971152482672
2012-12-30 08:00:00,36.62056076485881
2012-12-30 09:00:00,74.81384845813854
2012-12-30 10:00:00,135.5306793138201
2012-12-30 11:00:00,164.24364334028903
2012-12-30 12:00:00,167.85365992489025
2012-12-30 13:00:00,185.614522853924
2012-12-30 14:00:00,153.64532086310666
2012-12-30 15:00:00,144.15729748040573
2012-12-30 16:00:00,158.7186259132867
2012-12-30 17:00:00,139.3287195655699
2012-12-30 18:00:00,90.40087040295299
2012-12-30 19:00:00,63.696259305494735
2012-12-30 20:00:00,50.98550016839007
2012-12-30 21:00:00,33.53477635541655
2012-12-30 22:00:00,22.56076950318582
2012-12-30 23:00:00,15.321837131741205
2012-12-31 00:00:00,9.633495276927118
2012-12-31 01:00:00,3.8110370015959107
2012-12-31 02:00:00,1.8581631127223452
2012-12-31 03:00:00,1.731917123557551
2012-12-31 04:00:00,1.2068699838251677
2012-12-31 05:00:00,4.617541994109619
2012-12-31 06:00:00,33.68011045890148
2012-12-31 07:00:00,116.14817822816984
2012-12-31 08:00:00,192.6219998240063
2012-12-31 09:00:00,150.1791677480319
2012-12-31 10:00:00,50.002009986645014
2012-12-31 11:00:00,61.69011443635937
2012-12-31 12:00:00,102.38292574320336
2012-12-31 13:00:00,92.66798825990776
2012-12-31 14:00:00,90.28516893758017
2012-12-31 15:00:00,97.0610806129846
2012-12-31 16:00:00,101.50802109657228
2012-12-31 17:00:00,226.01690274606784
2012-12-31 18:00:00,203.15272887564643
2012-12-31 19:00:00,160.6946894651468
2012-12-31 20:00:00,92.3714781973265
2012-12-31 21:00:00,81.25074914888968
2012-12-31 22:00:00,75.9909192334038
2012-12-31 23:00:00,35.825327361467025
