datetime,count
2011-01-20 00:00:00,60.286866176897426
2011-01-20 01:00:00,62.64185497231502
2011-01-20 02:00:00,65.02470323077767
2011-01-20 03:00:00,67.47606557653734
2011-01-20 04:00:00,70.04280350947408
2011-01-20 05:00:00,72.5522400504421
2011-01-20 06:00:00,75.17622733544535
2011-01-20 07:00:00,78.03587353307506
2011-01-20 08:00:00,81.00429848517899
2011-01-20 09:00:00,84.23758392267511
2011-01-20 10:00:00,87.57101825077397
2011-01-20 11:00:00,91.12615139957106
2011-01-20 12:00:00,94.85691522908765
2011-01-20 13:00:00,98.22316093332253
2011-01-20 14:00:00,102.14351523053926
2011-01-20 15:00:00,106.22057220783023
2011-01-20 16:00:00,110.06223761589114
2011-01-20 17:00:00,114.28663513371976
2011-01-20 18:00:00,118.12893470422017
2011-01-20 19:00:00,122.54181855668746
2011-01-20 20:00:00,127.24492977222438
2011-01-20 21:00:00,131.84726663502417
2011-01-20 22:00:00,136.8174716642959
2011-01-20 23:00:00,142.02190365671717
2011-01-21 00:00:00,60.19798862117601
2011-01-21 01:00:00,62.48787407256175
2011-01-21 02:00:00,64.88613635434582
2011-01-21 03:00:00,67.21082402262003
2011-01-21 04:00:00,69.83643536298722
2011-01-21 05:00:00,72.50452144344237
2011-01-21 06:00:00,75.17622733544535
2011-01-21 07:00:00,77.86958000603302
2011-01-21 08:00:00,80.83167927953943
2011-01-21 09:00:00,83.90645454417658
2011-01-21 10:00:00,87.06963888822185
2011-01-21 11:00:00,90.54482569476612
2011-01-21 12:00:00,93.98908162101425
2011-01-21 13:00:00,97.35644591904517
2011-01-21 14:00:00,101.05981066951173
2011-01-21 15:00:00,104.52617468483142
2011-01-21 16:00:00,108.53808760293639
2011-01-21 17:00:00,112.46357028425203
2011-01-21 18:00:00,116.56949288178616
2011-01-21 19:00:00,120.96403912831887
2011-01-21 20:00:00,125.29784024309906
2011-01-21 21:00:00,129.87232807392346
2011-01-21 22:00:00,134.48089526401455
2011-01-21 23:00:00,139.64252719567955
2011-01-22 00:00:00,59.06319603810854
2011-01-22 01:00:00,61.26959047249738
2011-01-22 02:00:00,63.64209712215465
2011-01-22 03:00:00,66.06299382707272
2011-01-22 04:00:00,68.45243403739393
2011-01-22 06:00:00,73.78342815883997
2011-01-22 07:00:00,76.56498514477066
2011-01-22 08:00:00,79.45123135938553
2011-01-22 09:00:00,82.64962080894828
2011-01-22 10:00:00,85.85001391503395
2011-01-22 11:00:00,89.27671601592439
2011-01-22 12:00:00,92.73372626805619
2011-01-22 13:00:00,96.53030525689273
2011-01-22 14:00:00,100.28418321666435
2011-01-22 15:00:00,104.28679853550138
2011-01-22 16:00:00,108.2183002323635
2011-01-22 17:00:00,112.48275586963574
2011-01-22 18:00:00,116.1495989951805
2011-01-22 19:00:00,120.60764099323994
2011-01-22 20:00:00,124.92867336578696
2011-01-22 21:00:00,129.7662135877383
2011-01-22 22:00:00,134.8352775216004
2011-01-22 23:00:00,139.5284297952345
2011-01-23 00:00:00,59.12157818460677
2011-01-23 01:00:00,61.370517806158766
2011-01-23 02:00:00,63.5900972193576
2011-01-23 03:00:00,66.00901588773964
2011-01-23 05:00:00,71.25492115033352
2011-01-23 06:00:00,73.96540385945836
2011-01-23 07:00:00,77.05655596188961
2011-01-23 08:00:00,79.81727551569442
2011-01-23 09:00:00,83.09829737780532
2011-01-23 10:00:00,86.57113012453024
2011-01-23 11:00:00,89.92337355075298
2011-01-23 12:00:00,93.4509562597783
2011-01-23 13:00:00,96.83099491144134
2011-01-23 14:00:00,100.72902427129502
2011-01-23 15:00:00,104.56067932313807
2011-01-23 16:00:00,108.53808760293639
2011-01-23 17:00:00,112.42670184266713
2011-01-23 18:00:00,116.56949288178616
2011-01-23 19:00:00,121.00370724574455
2011-01-23 20:00:00,125.38030459535531
2011-01-23 21:00:00,130.14967549892447
2011-01-23 22:00:00,134.85678162575158
2011-01-23 23:00:00,139.6883206083858
2011-01-24 00:00:00,59.189327798248925
2011-01-24 01:00:00,61.33015357180121
2011-01-24 03:00:00,66.06299382707272
2011-01-24 04:00:00,68.51994837242498
2011-01-24 05:00:00,71.1263948086191
2011-01-24 06:00:00,73.85636080049943
2011-01-24 07:00:00,76.74141542657897
2011-01-24 08:00:00,79.80454794660186
2011-01-24 09:00:00,82.98976515512034
2011-01-24 10:00:00,86.37287295272763
2011-01-24 11:00:00,89.62884403577372
2011-01-24 12:00:00,93.2063780879141
2011-01-24 13:00:00,96.89472390515901
2011-01-24 14:00:00,100.58052510331427
2011-01-24 15:00:00,104.62949558266111
2011-01-24 16:00:00,108.57368083903546
2011-01-24 17:00:00,112.46357028425203
2011-01-24 18:00:00,116.78013550631285
2011-01-24 19:00:00,121.26211538485998
2011-01-24 20:00:00,125.83356852270241
2011-01-24 21:00:00,130.66301592588735
2011-01-24 22:00:00,135.58887304340988
2011-01-24 23:00:00,141.00059484140155
2011-01-25 00:00:00,59.72578413917843
2011-01-25 01:00:00,62.03851087577699
2011-01-25 02:00:00,64.3771571490962
2011-01-25 04:00:00,69.28862506997785
2011-01-25 05:00:00,71.8770057702403
2011-01-25 06:00:00,74.7950068504413
2011-01-25 07:00:00,77.5890867158182
2011-01-25 08:00:00,80.59352370902349
2011-01-25 09:00:00,83.98939348500504
2011-01-25 10:00:00,87.3416392948613
2011-01-25 11:00:00,90.79790673678106
2011-01-25 12:00:00,94.48424750043434
2011-01-25 13:00:00,98.04599052400087
2011-01-25 14:00:00,102.21074064164229
2011-01-25 15:00:00,106.2904809202742
2011-01-25 16:00:00,110.33368952998043
2011-01-25 17:00:00,114.32411350907289
2011-01-25 18:00:00,118.63401133473249
2011-01-25 19:00:00,122.62246904253762
2011-01-25 20:00:00,127.01568703412529
2011-01-25 21:00:00,131.84726663502417
2011-01-25 22:00:00,136.6608668980389
2011-01-25 23:00:00,141.85934176491358
2011-01-26 00:00:00,60.10924209266519
2011-01-26 01:00:00,62.50836591744613
2011-01-26 02:00:00,64.76923837193374
2011-01-26 05:00:00,72.26704457073043
2011-01-26 06:00:00,75.01602768075668
2011-01-26 07:00:00,78.03587353307506
2011-01-26 08:00:00,81.00429848517899
2011-01-26 09:00:00,84.08564005238998
2011-01-26 10:00:00,87.28419349639482
2011-01-26 11:00:00,90.57471501646528
2011-01-26 12:00:00,94.0201079096533
2011-01-26 13:00:00,97.59656091367108
2011-01-26 14:00:00,101.30905945490785
2011-01-26 15:00:00,105.12807527271332
2011-01-26 16:00:00,109.16309027746041
2011-01-26 17:00:00,113.11117734797071
2011-01-27 16:00:00,109.23493559827794
2011-01-27 17:00:00,113.42733340003782
2011-01-27 18:00:00,117.52989999102519
2011-01-27 19:00:00,122.00064750695803
2011-01-27 20:00:00,126.41302881452128
2011-01-27 21:00:00,131.2216837576228
2011-01-27 22:00:00,136.21325625739266
2011-01-27 23:00:00,141.34835154875643
2011-01-28 00:00:00,60.00081981298717
2011-01-28 01:00:00,62.283205113692134
2011-01-28 02:00:00,64.65241060580638
2011-01-28 03:00:00,67.13389279988974
2011-01-28 05:00:00,72.20799750183993
2011-01-28 06:00:00,74.93016242292397
2011-01-28 07:00:00,77.66578113351255
2011-01-28 08:00:00,80.62012805376129
2011-01-28 09:00:00,83.83789728918909
2011-01-28 10:00:00,87.02702678794037
2011-01-28 11:00:00,90.33746833397178
2011-01-28 12:00:00,93.7738365447896
2011-01-28 13:00:00,97.34092157442134
2011-01-28 14:00:00,101.47572211457353
2011-01-28 15:00:00,105.1460094682868
2011-01-28 16:00:00,109.34267353547165
2011-01-28 17:00:00,113.59479986155091
2011-01-28 18:00:00,117.8772033362184
2011-01-28 19:00:00,122.40128828612674
2011-01-28 20:00:00,127.01568703412529
2011-01-28 21:00:00,131.65289158237692
2011-01-28 22:00:00,136.8174716642959
2011-01-28 23:00:00,142.06878583175202
2011-01-29 00:00:00,60.0697074167065
2011-01-29 01:00:00,62.39575169397439
2011-01-29 02:00:00,64.76923837193374
2011-01-29 03:00:00,67.1117388630162
2011-01-29 04:00:00,69.41367981322303
2011-01-29 06:00:00,74.7950068504413
2011-01-29 07:00:00,77.64015171235573
2011-01-29 08:00:00,80.73915727861551
2011-01-29 09:00:00,83.83789728918909
2011-01-29 10:00:00,87.02702678794037
2011-01-29 11:00:00,90.30785339585643
2011-01-29 12:00:00,93.88149932191955
2011-01-29 13:00:00,97.66079376207898
2011-01-29 14:00:00,101.37573567174782
2011-01-29 15:00:00,105.19726496197276
2011-01-29 16:00:00,109.43208696058092
2011-01-29 17:00:00,113.70708481549539
2011-01-29 18:00:00,117.70342356672347
2011-01-29 19:00:00,122.1404525829809
2011-01-29 20:00:00,126.41302881452128
2011-01-29 21:00:00,131.2216837576228
2011-01-29 22:00:00,135.9678563040452
2011-01-29 23:00:00,141.13996957789672
2011-01-30 00:00:00,59.78469141774447
2011-01-30 01:00:00,62.00814907250656
2011-01-30 02:00:00,64.48320347272345
2011-01-30 03:00:00,66.81535897737858
2011-01-30 04:00:00,69.35696413655158
2011-01-30 05:00:00,71.99525001231429
2011-01-30 07:00:00,77.57671445109702
2011-01-30 08:00:00,80.52767334285946
2011-01-30 09:00:00,83.74193429448724
2011-01-30 10:00:00,87.08430333300237
2011-01-30 11:00:00,90.7237186987058
2011-01-30 12:00:00,94.82581870041425
2011-01-30 13:00:00,98.22316093332253
2011-01-30 14:00:00,101.99293075763192
2011-01-30 15:00:00,106.09875905108672
2011-01-30 16:00:00,110.13467470750628
2011-01-30 17:00:00,114.21146724057854
2011-01-30 18:00:00,118.12893470422017
2011-01-30 19:00:00,122.62246904253762
2011-01-30 20:00:00,127.32867559490724
2011-01-30 21:00:00,131.8905037234418
2011-01-30 22:00:00,136.8626358290426
2011-01-30 23:00:00,142.02190365671717
2011-01-31 00:00:00,60.19798862117601
2011-01-31 01:00:00,62.37516132618021
2011-01-31 02:00:00,64.76923837193374
2011-01-31 03:00:00,67.23301066802426
2011-01-31 04:00:00,69.64178023857437
2011-01-31 05:00:00,72.13684924427321
2011-01-31 06:00:00,74.72130955102561
2011-01-31 07:00:00,77.5636510240295
2011-01-31 08:00:00,80.5141129930164
2011-01-31 09:00:00,83.57680827896961
2011-01-31 10:00:00,86.78445632112557
2011-01-31 11:00:00,90.08567067210251
2011-01-31 12:00:00,93.7738365447896
2011-01-31 13:00:00,97.22950267386021
2011-01-31 14:00:00,101.01057107673763
2011-01-31 15:00:00,104.6638070618981
2011-01-31 16:00:00,108.64513824201302
2011-01-31 17:00:00,112.7037406275987
2011-01-31 18:00:00,116.99090473210013
2011-01-31 19:00:00,123.1467584018227
2011-01-31 20:00:00,126.102291019065
2011-01-31 21:00:00,130.9852765535292
2011-01-31 22:00:00,135.92298741323964
2011-01-31 23:00:00,141.13996957789672
2011-02-20 00:00:00,60.26697173354126
2011-02-20 01:00:00,62.446774937606804
2011-02-20 02:00:00,64.8222025007345
2011-02-20 03:00:00,67.16661853846912
2011-02-20 04:00:00,69.72158534272404
2011-02-20 06:00:00,75.01602768075668
2011-02-20 07:00:00,77.72929122779122
2011-02-20 08:00:00,80.91157889991132
2011-02-20 09:00:00,84.08564005238998
2011-02-20 10:00:00,87.62865282198813
2011-02-20 11:00:00,91.32075485217513
2011-02-20 12:00:00,94.82581870041425
2011-02-20 13:00:00,98.75616649553602
2011-02-20 14:00:00,102.6980174955959
2011-02-20 15:00:00,106.63953071602765
2011-02-20 16:00:00,110.69601691303227
2011-02-20 17:00:00,114.69979419607161
2011-02-20 18:00:00,119.02359633865107
2011-02-20 19:00:00,123.5511629213593
2011-02-20 20:00:00,128.33536260905558
2011-02-20 21:00:00,132.97713946565594
2011-02-20 22:00:00,137.89917907536838
2011-02-20 23:00:00,142.93372807746653
2011-02-21 00:00:00,60.743454957314206
2011-02-21 01:00:00,63.05408953098714
2011-02-21 02:00:00,65.45261887680974
2011-02-21 03:00:00,67.94238644469786
2011-02-21 04:00:00,70.44613602151107
2011-02-21 05:00:00,73.30604787793764
2011-02-21 06:00:00,76.64572913319266
2011-02-21 07:00:00,79.56127405542303
2011-02-21 08:00:00,81.76527730719252
2011-02-21 09:00:00,84.87556592684254
2011-02-21 10:00:00,88.10416754702425
2011-02-21 11:00:00,91.51577388804691
2011-02-21 12:00:00,94.96582150081363
2011-02-21 13:00:00,98.3357185038117
2011-02-21 14:00:00,102.29432202947757
2011-02-21 15:00:00,105.95923971940991
2011-02-21 16:00:00,109.75546109665852
2011-02-21 17:00:00,113.96808394958438
2011-02-21 18:00:00,117.83830429413064
2011-02-21 19:00:00,122.32078327390475
2011-02-21 20:00:00,126.97377232614181
2011-02-21 21:00:00,131.56630166331408
2011-02-21 22:00:00,136.27995200869586
2011-02-21 23:00:00,141.46393716448048
2011-02-22 06:00:00,74.47657194619968
2011-02-22 07:00:00,77.30960378787643
2011-02-22 08:00:00,80.25040199427997
2011-02-22 09:00:00,83.42605628532694
2011-02-22 10:00:00,86.84157321925045
2011-02-22 11:00:00,90.23406576454416
2011-02-22 12:00:00,93.94328711503232
2011-02-22 13:00:00,97.66079376207898
2011-02-22 14:00:00,101.37573567174782
2011-02-22 15:00:00,105.38735781934739
2011-02-22 16:00:00,109.23493559827794
2011-02-22 17:00:00,113.35273068147548
2011-02-22 18:00:00,117.70342356672347
2011-02-22 19:00:00,121.88017271764527
2011-02-22 20:00:00,126.55816500867793
2011-02-22 21:00:00,131.37234082161382
2011-02-22 22:00:00,135.83358899336866
2011-02-22 23:00:00,141.00059484140155
2011-02-23 00:00:00,59.637733755330984
2011-02-23 01:00:00,61.926608670012875
2011-02-23 02:00:00,64.18748178016047
2011-02-23 03:00:00,66.60728176519976
2011-02-23 05:00:00,71.79457762295993
2011-02-23 06:00:00,74.52558845160699
2011-02-23 07:00:00,77.3604848436646
2011-02-23 08:00:00,80.42177985959191
2011-02-23 09:00:00,83.83789728918909
2011-02-23 10:00:00,87.24166582773104
2011-02-23 11:00:00,90.82787960185912
2011-02-23 12:00:00,94.48424750043434
2011-02-23 13:00:00,98.43292032675392
2011-02-23 14:00:00,102.36164669356823
2011-02-23 15:00:00,106.44741038514547
2011-02-23 16:00:00,110.53282396512795
2011-02-23 17:00:00,114.69979419607161
2011-02-23 18:00:00,118.84812650605573
2011-02-23 19:00:00,123.18714230523805
2011-02-23 20:00:00,127.05733968746338
2011-02-23 21:00:00,132.02087341601884
2011-02-23 22:00:00,137.04284647922242
2011-02-23 23:00:00,141.95270601371024
2011-02-24 00:00:00,60.14880278823799
2011-02-24 01:00:00,62.436817248153105
2011-02-24 02:00:00,64.67375270552766
2011-02-24 03:00:00,67.1117388630162
2011-02-24 05:00:00,72.31460688312488
2011-02-24 06:00:00,75.04079086481208
2011-02-24 07:00:00,77.8952851626725
2011-02-24 08:00:00,81.1506743302567
2011-02-24 09:00:00,84.20978583085041
2011-02-24 10:00:00,87.59973568994103
2011-02-24 11:00:00,91.42560121912835
2011-02-24 12:00:00,95.27768198268772
2011-02-24 13:00:00,99.17841217091413
2011-02-24 14:00:00,103.13711710118245
2011-02-24 15:00:00,107.06037416271135
2011-02-24 16:00:00,110.93241257717423
2011-02-24 17:00:00,114.86913934502738
2011-02-24 18:00:00,118.9453128809185
2011-02-24 19:00:00,123.4699016207611
2011-02-24 20:00:00,128.1666022561367
2011-02-24 21:00:00,133.04196179193085
2011-02-24 22:00:00,138.14836472662583
2011-02-24 23:00:00,143.14475839048276
2011-02-25 00:00:00,60.71385879078694
2011-02-25 01:00:00,63.02336754891852
2011-02-25 02:00:00,65.42072825403753
2011-02-25 03:00:00,67.88687291433543
2011-02-25 05:00:00,73.14983355363755
2011-02-25 06:00:00,76.06960813359414
2011-02-25 07:00:00,78.93718027649578
2011-02-25 08:00:00,82.08795671969511
2011-02-25 09:00:00,85.00087796820527
2011-02-25 10:00:00,88.990374875856
2011-02-25 11:00:00,93.21273646272276
2011-02-25 12:00:00,96.93332153080053
2011-02-25 13:00:00,100.62059095311798
2011-02-25 14:00:00,104.63663322240845
2011-02-25 15:00:00,107.64133464473159
2011-02-25 16:00:00,110.18860128613728
2011-02-25 17:00:00,114.34234640545625
2011-02-25 18:00:00,118.73102261994183
2011-02-25 19:00:00,123.02515183598734
2011-02-25 20:00:00,127.66306957813802
2011-02-25 21:00:00,132.3239093587586
2011-02-25 22:00:00,137.0194718098162
2011-02-25 23:00:00,142.27853912614356
2011-02-26 00:00:00,60.19798862117601
2011-02-26 01:00:00,62.467253304722604
2011-02-26 02:00:00,64.72663875227495
2011-02-26 03:00:00,67.23301066802426
2011-02-26 04:00:00,69.83643536298722
2011-02-26 05:00:00,72.46903754827457
2011-02-26 06:00:00,75.27521386105273
2011-02-26 07:00:00,78.11300958574972
2011-02-26 08:00:00,81.25752756814009
2011-02-26 09:00:00,84.41747657059904
2011-02-26 10:00:00,87.97428049936326
2011-02-26 11:00:00,91.38085729992542
2011-02-26 12:00:00,94.96582150081363
2011-02-26 13:00:00,98.72379169233177
2011-02-26 14:00:00,102.44535148269357
2011-02-26 15:00:00,106.56939242872825
2011-02-26 16:00:00,110.62321061892149
2011-02-26 17:00:00,114.86913934502738
2011-02-26 18:00:00,119.02359633865107
2011-02-26 19:00:00,123.28787684891417
2011-02-26 20:00:00,127.78898310293502
2011-02-26 21:00:00,132.36730275412216
2011-02-26 22:00:00,137.40245372441908
2011-02-26 23:00:00,142.58238049901155
2011-02-27 00:00:00,60.306636238346854
2011-02-27 01:00:00,62.62131936629629
2011-02-27 02:00:00,65.02470323077767
2011-02-27 03:00:00,67.52047472221588
2011-02-27 04:00:00,69.91646352967814
2011-02-27 06:00:00,75.41123717399252
2011-02-27 07:00:00,78.20252218643397
2011-02-27 08:00:00,81.40418424138917
2011-02-27 09:00:00,84.62549579337083
2011-02-27 10:00:00,87.97428049936326
2011-02-27 11:00:00,91.8165040468051
2011-02-27 12:00:00,95.71664105380222
2011-02-27 13:00:00,99.53695330505572
2011-02-27 14:00:00,103.50996939966276
2011-02-27 15:00:00,107.64133464473159
2011-02-27 16:00:00,111.93783700680247
2011-02-27 17:00:00,115.56848488223807
2011-02-27 18:00:00,119.74849503355449
2011-02-27 19:00:00,124.30363620825848
2011-02-27 20:00:00,129.03205146975293
2011-02-27 21:00:00,133.6987366359052
2011-02-27 22:00:00,138.78453433286538
2011-02-27 23:00:00,143.70966647936174
2011-02-28 00:00:00,60.913238451381595
2011-02-28 01:00:00,63.05408953098714
2011-02-28 03:00:00,67.86461785696791
2011-02-28 05:00:00,73.30604787793764
2011-02-28 06:00:00,76.06960813359414
2011-02-28 07:00:00,79.10575370557953
2011-02-28 08:00:00,81.88599725409438
2011-02-28 09:00:00,85.72929794267442
2011-02-28 10:00:00,89.79692991980868
2011-02-28 11:00:00,93.5497110070438
2011-02-28 12:00:00,97.10827047261728
2011-02-28 13:00:00,99.89679060579303
2011-02-28 14:00:00,103.32326288896657
2011-02-28 15:00:00,107.2536007939098
2011-02-28 16:00:00,111.33344574707357
2011-02-28 17:00:00,115.36027826874253
2011-02-28 18:00:00,120.39830729079704
2011-02-28 19:00:00,124.75300785808113
2011-02-28 20:00:00,129.49851687348269
2011-02-28 21:00:00,133.6987366359052
2011-02-28 22:00:00,138.10277627608775
2011-02-28 23:00:00,143.09783186885832
2011-03-20 00:00:00,60.743454957314206
2011-03-20 01:00:00,62.940492139261686
2011-03-20 02:00:00,65.23838103182781
2011-03-20 03:00:00,67.59784894353794
2011-03-20 04:00:00,70.04280350947408
2011-03-20 05:00:00,72.70717819049449
2011-03-20 06:00:00,75.47290364682911
2011-03-20 07:00:00,78.17688539477118
2011-03-20 08:00:00,81.47075136194607
2011-03-20 09:00:00,84.75043862601528
2011-03-20 10:00:00,88.19125579760791
2011-03-20 11:00:00,91.68114410902668
2011-03-20 12:00:00,95.34038866872417
2011-03-20 13:00:00,99.17841217091413
2011-03-20 14:00:00,103.13711710118245
2011-03-20 15:00:00,107.06037416271135
2011-03-20 16:00:00,111.33344574707357
2011-03-20 17:00:00,115.36027826874253
2011-03-20 18:00:00,119.53249821896267
2011-03-20 19:00:00,123.73357641421012
2011-03-20 20:00:00,128.44030703708606
2011-03-20 21:00:00,133.08587964107323
2011-03-20 22:00:00,138.10277627608775
2011-03-20 23:00:00,143.35610027301874
2011-03-21 00:00:00,60.743454957314206
2011-03-21 01:00:00,63.05408953098714
2011-03-21 02:00:00,65.45261887680974
2011-03-21 03:00:00,67.94238644469786
2011-03-21 05:00:00,73.10172190116454
2011-03-21 06:00:00,75.88245549852999
2011-03-21 07:00:00,78.60111033679097
2011-03-21 08:00:00,81.59103646464948
2011-03-21 09:00:00,85.00087796820527
2011-03-21 10:00:00,88.66982347382655
2011-03-21 11:00:00,92.3755006817024
2011-03-21 12:00:00,96.06266749532776
2011-03-21 13:00:00,100.25792875891442
2011-03-21 14:00:00,104.4481212844609
2011-03-21 15:00:00,108.61693073044998
2011-03-21 16:00:00,112.54550930029765
2011-03-21 17:00:00,116.82665440611426
2011-03-21 18:00:00,121.05190858845224
2011-03-21 19:00:00,126.33877755744224
2011-03-21 20:00:00,130.90805544166867
2011-03-21 21:00:00,134.66715594276272
2011-03-21 22:00:00,139.78979156956754
2011-03-21 23:00:00,145.1072883381357
2011-03-22 00:00:00,61.48547579320911
2011-03-22 01:00:00,63.594435223693075
2011-03-22 02:00:00,66.13280621337795
2011-03-22 03:00:00,68.64844758738319
2011-03-22 04:00:00,71.13124692589109
2011-03-22 05:00:00,73.70400137991888
2011-03-22 06:00:00,76.50764522806939
2011-03-22 07:00:00,79.41793754414705
2011-03-22 08:00:00,82.43893515431357
2011-03-22 09:00:00,85.5748492032955
2011-03-22 10:00:00,89.15118166722178
2011-03-22 11:00:00,92.54242444043646
2011-03-22 12:00:00,96.23604504765957
2011-03-22 13:00:00,100.25792875891442
2011-03-22 14:00:00,104.07166369773184
2011-03-22 15:00:00,108.03047019710904
2011-03-22 16:00:00,112.13986666826798
2011-03-22 17:00:00,116.40558143857301
2011-03-22 18:00:00,120.61586863390096
2011-03-22 19:00:00,124.75300785808113
2011-03-22 20:00:00,129.49851687348269
2011-03-22 21:00:00,134.18207263229246
2011-03-22 22:00:00,139.03531983285225
2011-03-22 23:00:00,144.32411707352992
2011-03-23 00:00:00,60.89326953017524
2011-03-23 01:00:00,63.07490401654143
2011-03-23 02:00:00,65.47422512947685
2011-03-23 03:00:00,67.9648145826933
2011-03-23 05:00:00,73.12585316284515
2011-03-23 06:00:00,76.0195761051877
2011-03-23 07:00:00,78.76896607540307
2011-03-23 08:00:00,81.79226845393671
2011-03-23 09:00:00,84.87556592684254
2011-03-23 10:00:00,88.26337294995635
2011-03-23 11:00:00,91.65088966981013
2011-03-23 12:00:00,95.10603100424377
2011-03-23 13:00:00,98.75616649553602
2011-03-23 14:00:00,102.73169557915493
2011-03-23 15:00:00,106.86726359558745
2011-03-23 16:00:00,111.13286892259232
2011-03-23 17:00:00,115.36027826874253
2011-03-23 18:00:00,119.53249821896267
2011-03-23 19:00:00,124.07942304002073
2011-03-23 20:00:00,128.3558300791014
2011-03-23 21:00:00,132.8022751996412
2011-03-23 22:00:00,137.944700317403
2011-03-23 23:00:00,143.23896863190947
2011-03-24 00:00:00,60.65390427828507
2011-03-24 01:00:00,62.847702491167695
2011-03-24 02:00:00,65.23838103182781
2011-03-24 03:00:00,67.59784894353794
2011-03-24 04:00:00,70.16921942262287
2011-03-24 05:00:00,72.83840286830424
2011-03-24 06:00:00,75.60912001103009
2011-03-24 07:00:00,78.34383518446386
2011-03-24 08:00:00,81.27048686460907
2011-03-24 09:00:00,84.41747657059904
2011-03-24 10:00:00,87.57101825077397
2011-03-24 11:00:00,91.26069193463213
2011-03-24 12:00:00,94.73217886519376
2011-03-24 13:00:00,98.54571826832753
2011-03-24 14:00:00,102.14351523053926
2011-03-24 15:00:00,105.99421741999821
2011-03-24 16:00:00,110.02615639271825
2011-03-24 17:00:00,114.21146724057854
2011-03-24 18:00:00,118.51686107518107
2011-03-24 19:00:00,123.02515183598734
2011-03-24 20:00:00,127.47486305324246
2011-03-24 21:00:00,132.1288316183964
2011-03-24 22:00:00,137.15491132905854
2011-03-24 23:00:00,142.06878583175202
2011-03-25 00:00:00,60.19798862117601
2011-03-25 01:00:00,62.283205113692134
2011-03-25 02:00:00,64.63121588810607
2011-03-25 03:00:00,67.13389279988974
2011-03-25 04:00:00,69.56191543540322
2011-03-25 05:00:00,72.18432586905136
2011-03-25 06:00:00,74.90543574584615
2011-03-25 07:00:00,77.86958000603302
2011-03-25 08:00:00,81.00429848517899
2011-03-25 09:00:00,84.20978583085041
2011-03-25 10:00:00,87.62865282198813
2011-03-25 11:00:00,91.29081756753044
2011-03-25 12:00:00,94.93448313017954
2011-03-25 13:00:00,98.57824872661486
2011-03-25 14:00:00,102.66412752881838
2011-03-25 15:00:00,106.37739845803223
2011-03-25 16:00:00,110.38747386050947
2011-03-25 17:00:00,114.38009141351526
2011-03-25 18:00:00,118.55598411242002
2011-03-25 19:00:00,123.06576308364394
2011-03-25 20:00:00,127.78898310293502
2011-03-25 21:00:00,132.64997829492157
2011-03-25 22:00:00,137.35740967748052
2011-03-25 23:00:00,142.32519697452474
2011-03-26 00:00:00,60.306636238346854
2011-03-26 01:00:00,62.58013246253471
2011-03-26 02:00:00,64.74786476229492
2011-03-26 03:00:00,67.089737914463
2011-03-26 04:00:00,69.76747236968639
2011-03-26 05:00:00,72.29090030104797
2011-03-26 06:00:00,74.90543574584615
2011-03-26 07:00:00,77.8952851626725
2011-03-26 08:00:00,81.03103842882413
2011-03-26 09:00:00,84.26520821824914
2011-03-26 10:00:00,87.62865282198813
2011-03-26 11:00:00,91.12615139957106
2011-03-26 12:00:00,94.76345045412927
2011-03-26 13:00:00,98.54571826832753
2011-03-26 14:00:00,102.4791692303512
2011-03-26 15:00:00,106.41228313255114
2011-03-26 16:00:00,110.46012500526544
2011-03-26 17:00:00,114.41760043627977
2011-03-26 18:00:00,118.80916504325947
2011-03-26 19:00:00,122.84378273387885
2011-03-26 20:00:00,127.51666628561513
2011-03-26 21:00:00,132.1288316183964
2011-03-26 22:00:00,137.40245372441908
2011-03-26 23:00:00,142.32519697452474
2011-03-27 00:00:00,60.32654377516401
2011-03-27 01:00:00,62.48787407256175
2011-03-27 02:00:00,64.76923837193374
2011-03-27 03:00:00,67.089737914463
2011-03-27 04:00:00,69.53911125615404
2011-03-27 06:00:00,74.7950068504413
2011-03-27 07:00:00,77.61469928015192
2011-03-27 08:00:00,80.85836224067974
2011-03-27 09:00:00,84.11339716304231
2011-03-27 10:00:00,87.28419349639482
2011-03-27 11:00:00,90.79790673678106
2011-03-27 12:00:00,94.4221039102295
2011-03-27 13:00:00,98.36817964007571
2011-03-27 14:00:00,102.32808992152083
2011-03-27 15:00:00,106.18551981099728
2011-03-27 16:00:00,110.46012500526544
2011-03-27 17:00:00,114.41760043627977
2011-03-27 18:00:00,118.55598411242002
2011-03-27 19:00:00,123.06576308364394
2011-03-27 20:00:00,127.51666628561513
2011-03-27 21:00:00,132.1288316183964
2011-03-27 22:00:00,137.15491132905854
2011-03-27 23:00:00,142.372179268274
2011-03-28 00:00:00,60.10924209266519
2011-03-28 01:00:00,62.39575169397439
2011-03-28 02:00:00,64.76923837193374
2011-03-28 03:00:00,67.23301066802426
2011-03-28 05:00:00,72.1605053079031
2011-03-28 06:00:00,74.8808798236465
2011-03-28 07:00:00,77.86958000603302
2011-03-28 08:00:00,80.85836224067974
2011-03-28 09:00:00,84.08564005238998
2011-03-28 10:00:00,87.44191719530815
2011-03-28 11:00:00,90.93196264463157
2011-03-28 12:00:00,94.45306804744318
2011-03-28 13:00:00,98.36817964007571
2011-03-28 14:00:00,102.29432202947757
2011-03-28 15:00:00,106.18551981099728
2011-03-28 16:00:00,110.42391334440552
2011-03-28 17:00:00,114.5865289485309
2011-03-28 18:00:00,118.76995845724768
2011-03-28 19:00:00,123.10612042601001
2011-03-28 20:00:00,128.06188146344584
2011-03-28 21:00:00,132.93325750037013
2011-03-28 22:00:00,137.6507417863587
2011-03-28 23:00:00,142.58238049901155
2011-03-29 00:00:00,60.286866176897426
2011-03-29 01:00:00,62.467253304722604
2011-03-29 02:00:00,64.84345984927478
2011-03-29 03:00:00,67.31005547360328
2011-03-29 04:00:00,69.66461808638554
2011-03-29 05:00:00,72.42137366470578
2011-03-29 06:00:00,75.17622733544535
2011-03-29 07:00:00,78.01029137311332
2011-03-29 08:00:00,81.12389490720558
2011-03-29 09:00:00,84.54211227935966
2011-03-29 10:00:00,87.91641860406804
2011-03-29 11:00:00,91.59060961805302
2011-03-29 12:00:00,95.13721942381841
2011-03-29 13:00:00,98.69121320540287
2011-03-29 14:00:00,102.66412752881838
2011-03-29 15:00:00,106.86726359558745
2011-03-29 16:00:00,110.93241257717423
2011-03-29 17:00:00,115.36027826874253
2011-03-29 18:00:00,119.27777587364847
2011-03-29 19:00:00,123.5511629213593
2011-03-29 20:00:00,128.52483959329646
2011-03-29 21:00:00,133.21714165961708
2011-03-29 22:00:00,138.28461985197387
2011-03-29 23:00:00,143.23896863190947
2011-03-30 00:00:00,60.71385879078694
2011-03-30 01:00:00,63.02336754891852
2011-03-30 02:00:00,65.42072825403753
2011-03-30 03:00:00,67.90928272702341
2011-03-30 04:00:00,70.4924999090665
2011-03-30 05:00:00,72.97002283135978
2011-03-30 06:00:00,75.77058623753608
2011-03-30 07:00:00,78.8208076055739
2011-03-30 08:00:00,81.79226845393671
2011-03-30 09:00:00,84.87556592684254
2011-03-30 10:00:00,88.26337294995635
2011-03-30 11:00:00,91.62084415850842
2011-03-30 12:00:00,95.13721942381841
2011-03-30 13:00:00,98.93462020228664
2011-03-30 14:00:00,102.66412752881838
2011-03-30 15:00:00,105.76834499155204
2011-03-30 16:00:00,109.82769628433893
2011-03-30 17:00:00,113.83738598980729
2011-03-30 18:00:00,118.12893470422017
2011-03-30 19:00:00,122.62246904253762
2011-03-30 20:00:00,126.97377232614181
2011-03-30 21:00:00,131.84726663502417
2011-03-30 22:00:00,136.8626358290426
2011-03-30 23:00:00,142.02190365671717
2011-03-31 00:00:00,60.19798862117601
2011-03-31 01:00:00,62.48787407256175
2011-03-31 02:00:00,64.86486501535302
2011-03-31 03:00:00,67.33227487582977
2011-03-31 04:00:00,69.89354312047399
2011-03-31 05:00:00,72.5522400504421
2011-03-31 06:00:00,75.28721907266065
2011-03-31 07:00:00,78.17688539477118
2011-03-31 08:00:00,81.1506743302567
2011-03-31 09:00:00,84.38961911486437
2011-03-31 10:00:00,87.59973568994103
2011-03-31 11:00:00,91.12615139957106
2011-03-31 12:00:00,94.59252051106739
2011-03-31 13:00:00,98.40043782630222
2011-03-31 14:00:00,102.14351523053926
2011-03-31 15:00:00,105.95923971940991
2011-03-31 16:00:00,110.02615639271825
2011-03-31 17:00:00,114.21146724057854
2011-03-31 18:00:00,118.59486254879812
2011-03-31 19:00:00,123.10612042601001
2011-03-31 20:00:00,127.47486305324246
2011-03-31 21:00:00,132.36730275412216
2011-03-31 22:00:00,137.40245372441908
2011-03-31 23:00:00,142.372179268274
2011-04-20 00:00:00,61.3747043946993
2011-04-20 01:00:00,63.594435223693075
2011-04-20 02:00:00,66.01351890644258
2011-04-20 03:00:00,68.5246226825157
2011-04-20 04:00:00,71.00309783705217
2011-04-20 05:00:00,73.70400137991888
2011-04-20 06:00:00,76.64572913319266
2011-04-20 07:00:00,79.70504233615758
2011-04-20 08:00:00,84.14690339830764
2011-04-20 09:00:00,87.63463069421157
2011-04-20 10:00:00,90.67043028197021
2011-04-20 11:00:00,94.11946411066093
2011-04-20 12:00:00,98.374890143887
2011-04-20 13:00:00,102.1169957338222
2011-04-20 14:00:00,106.31468468437863
2011-04-20 15:00:00,110.55823383189554
2011-04-20 16:00:00,114.76378449864174
2011-04-20 17:00:00,118.91443113744866
2011-04-20 18:00:00,123.43784515938606
2011-04-20 19:00:00,127.71392365119011
2011-04-20 20:00:00,132.33293626259393
2011-04-20 21:00:00,137.16426779533228
2011-04-20 22:00:00,141.96238977707966
2011-04-20 23:00:00,147.14528218137048
2011-04-21 00:00:00,62.04274303362719
2011-04-21 01:00:00,64.17081679943703
2011-04-21 02:00:00,66.4916742565317
2011-04-21 03:00:00,68.77234691398327
2011-04-21 04:00:00,71.259782035446
2011-04-21 05:00:00,73.83702516209661
2011-04-21 06:00:00,76.50764522806939
2011-04-21 07:00:00,79.56127405542303
2011-04-21 08:00:00,82.43893515431357
2011-04-21 09:00:00,85.72929794267442
2011-04-21 10:00:00,88.990374875856
2011-04-21 11:00:00,92.54242444043646
2011-04-21 12:00:00,96.23604504765957
2011-04-21 13:00:00,100.0773054354864
2011-04-21 14:00:00,104.07166369773184
2011-04-21 15:00:00,108.22568269403769
2011-04-21 16:00:00,112.34250489929315
2011-04-21 17:00:00,116.40558143857301
2011-04-21 18:00:00,120.83356073658098
2011-04-21 19:00:00,124.9781668268295
2011-04-21 20:00:00,129.49851687348269
2011-04-21 21:00:00,134.18207263229246
2011-04-21 22:00:00,139.28625606092922
2011-04-21 23:00:00,144.32411707352992
2011-04-22 00:00:00,60.89326953017524
2011-04-22 01:00:00,63.18874399993028
2011-04-22 02:00:00,65.59239549877586
2011-04-22 03:00:00,68.08748006247092
2011-04-22 04:00:00,70.55014415405867
2011-04-22 05:00:00,73.23381768521577
2011-04-22 06:00:00,76.0195761051877
2011-04-22 07:00:00,78.91130264507653
2011-04-22 08:00:00,81.913028251126
2011-04-22 09:00:00,85.00087796820527
2011-04-22 10:00:00,88.45186282745844
2011-04-22 11:00:00,91.65088966981013
2011-04-22 12:00:00,95.13721942381841
2011-04-22 13:00:00,98.75616649553602
2011-04-22 14:00:00,102.4791692303512
2011-04-22 15:00:00,106.41228313255114
2011-04-22 16:00:00,110.46012500526544
2011-04-22 17:00:00,114.41760043627977
2011-04-22 18:00:00,118.76995845724768
2011-04-22 19:00:00,123.28787684891417
2011-04-22 20:00:00,127.97765340117019
2011-04-22 21:00:00,132.64997829492157
2011-04-22 22:00:00,137.6958820266174
2011-04-22 23:00:00,143.23896863190947
2011-04-23 00:00:00,60.67392645010298
2011-04-23 01:00:00,62.98191621253284
2011-04-23 02:00:00,65.39913965514188
2011-04-23 03:00:00,67.88687291433543
2011-04-23 04:00:00,70.61972745136411
2011-04-23 05:00:00,73.30604787793764
2011-04-23 06:00:00,76.0445054436368
2011-04-23 07:00:00,78.93718027649578
2011-04-23 08:00:00,82.06086799691441
2011-04-23 09:00:00,85.42049323554895
2011-04-23 10:00:00,88.990374875856
2011-04-23 11:00:00,92.70944852434621
2011-04-23 12:00:00,96.75847767432792
2011-04-23 13:00:00,100.43909617005512
2011-04-23 14:00:00,104.8257130107708
2011-04-23 15:00:00,109.08133746980897
2011-04-23 16:00:00,113.23070812838199
2011-04-23 17:00:00,117.53791767362048
2011-04-23 18:00:00,121.70905806436576
2011-04-23 19:00:00,126.11089349506467
2011-04-23 20:00:00,130.6722132660914
2011-04-23 21:00:00,135.88769776014365
2011-04-23 22:00:00,141.31165330965223
2011-04-23 23:00:00,146.1586605099704
2011-04-24 00:00:00,61.81925944573444
2011-04-24 01:00:00,64.05506843855314
2011-04-24 02:00:00,66.4916742565317
2011-04-24 03:00:00,69.02096669645803
2011-04-24 04:00:00,71.64647148655007
2011-04-24 05:00:00,74.3718484710306
2011-04-24 06:00:00,77.20089671179815
2011-04-24 07:00:00,80.13755978416022
2011-04-24 08:00:00,83.33624935856598
2011-04-24 09:00:00,86.819026562121
2011-04-24 10:00:00,90.4772126633628
2011-04-24 11:00:00,94.42854521971066
2011-04-24 12:00:00,98.19765927726515
2011-04-24 13:00:00,102.1169957338222
2011-04-24 14:00:00,106.00144815866365
2011-04-24 15:00:00,109.63731095154546
2011-04-24 16:00:00,114.59459466844474
2011-04-24 17:00:00,118.13699325190761
2011-04-24 18:00:00,122.40990408518678
2011-04-24 19:00:00,126.56679858359767
2011-04-24 20:00:00,131.38130281112095
2011-04-24 21:00:00,135.64288432856517
2011-04-24 22:00:00,140.80263591698815
2011-04-24 23:00:00,146.1586605099704
2011-04-25 00:00:00,61.81925944573444
2011-04-25 01:00:00,64.2867743191489
2011-04-25 02:00:00,66.73219405163069
2011-04-25 03:00:00,69.02096669645803
2011-04-25 04:00:00,71.77593761374082
2011-04-25 05:00:00,74.10395432706083
2011-04-25 06:00:00,77.20089671179815
2011-04-25 07:00:00,80.28236942087375
2011-04-25 08:00:00,83.63751928925038
2011-04-25 09:00:00,87.13288712479078
2011-04-25 10:00:00,90.80429798094573
2011-04-25 11:00:00,94.25842403453157
2011-04-25 12:00:00,98.02053486665497
2011-04-25 13:00:00,102.1169957338222
2011-04-25 14:00:00,106.19299418577378
2011-04-25 15:00:00,110.39524400988317
2011-04-25 16:00:00,114.21925854554135
2011-04-25 17:00:00,118.56407179266529
2011-04-25 18:00:00,122.85242968002322
2011-04-25 19:00:00,127.29561728095754
2011-04-25 20:00:00,132.13784521437213
2011-04-25 21:00:00,136.71530520765782
2011-04-25 22:00:00,141.65986959713507
2011-04-25 23:00:00,146.68704053498584
2011-04-26 00:00:00,62.42060679204828
2011-04-26 01:00:00,64.77365681519998
2011-04-26 02:00:00,66.85263485103869
2011-04-26 03:00:00,69.27063568062766
2011-04-26 04:00:00,72.03541571500094
2011-04-26 05:00:00,74.6408731565329
2011-04-26 06:00:00,77.61999401811731
2011-04-26 07:00:00,80.71819499029445
2011-04-26 08:00:00,83.78865339935453
2011-04-26 09:00:00,87.47674933321271
2011-04-26 10:00:00,90.96818502817891
2011-04-26 11:00:00,94.59917885723947
2011-04-26 12:00:00,98.374890143887
2011-04-26 13:00:00,102.4525625878654
2011-04-26 14:00:00,106.19299418577378
2011-04-26 15:00:00,110.0336621831528
2011-04-26 16:00:00,114.21925854554135
2011-04-26 17:00:00,118.35046837045769
2011-04-26 18:00:00,122.85242968002322
2011-04-26 19:00:00,127.06628322493083
2011-04-26 20:00:00,131.89978746623493
2011-04-26 21:00:00,136.67018966147245
2011-04-26 22:00:00,141.56669795088075
2011-04-26 23:00:00,146.95178687932403
2011-04-27 00:00:00,62.26703453986953
2011-04-27 01:00:00,64.63562491572183
2011-04-27 02:00:00,66.97343845164988
2011-04-27 03:00:00,69.52105683313452
2011-04-27 04:00:00,72.03541571500094
2011-04-27 05:00:00,74.77558784049083
2011-04-27 06:00:00,77.61999401811731
2011-04-27 07:00:00,80.71819499029445
2011-04-27 08:00:00,83.78865339935453
2011-04-27 09:00:00,87.10432273055207
2011-04-27 10:00:00,90.6107950918491
2011-04-27 11:00:00,94.22731910245079
2011-04-27 12:00:00,97.98840122235818
2011-04-27 13:00:00,101.53233478948847
2011-04-27 14:00:00,105.81047738865462
2011-04-27 15:00:00,110.0336621831528
2011-04-27 16:00:00,114.21925854554135
2011-04-27 17:00:00,118.0982649168234
2011-04-27 18:00:00,122.59063259988255
2011-04-27 19:00:00,126.83708692137036
2011-04-27 20:00:00,131.8130351603506
2011-04-27 21:00:00,136.58029979639733
2011-04-27 22:00:00,141.77570995233825
2011-04-27 23:00:00,147.16874953747728
2011-04-28 00:00:00,62.49213688517715
2011-04-28 01:00:00,64.75242234988383
2011-04-28 02:00:00,67.21555497735551
2011-04-28 03:00:00,69.89831113477705
2011-04-28 04:00:00,72.42647138885471
2011-04-28 05:00:00,75.1815189731224
2011-04-28 06:00:00,78.18221848408234
2011-04-28 07:00:00,81.15621028620684
2011-04-28 08:00:00,84.39555928110951
2011-04-28 09:00:00,87.26153192186757
2011-04-28 10:00:00,90.58089386385821
2011-04-28 11:00:00,94.05756044351297
2011-04-28 12:00:00,97.66745600927267
2011-04-28 13:00:00,101.34941551345612
2011-04-28 14:00:00,105.20466977371356
2011-04-28 15:00:00,109.63731095154546
2011-04-28 16:00:00,113.3978842882764
2011-04-28 17:00:00,117.96283048866665
2011-04-28 18:00:00,122.45004634965073
2011-04-28 19:00:00,126.92056432365237
2011-04-28 20:00:00,131.1446080395072
2011-04-28 21:00:00,135.88769776014365
2011-04-28 22:00:00,140.80263591698815
2011-04-28 23:00:00,146.1586605099704
2011-04-29 00:00:00,61.81925944573444
2011-04-29 01:00:00,64.05506843855314
2011-04-29 02:00:00,66.25216521484089
2011-04-29 03:00:00,68.77234691398327
2011-04-29 04:00:00,71.38839439767926
2011-04-29 05:00:00,74.10395432706083
2011-04-29 06:00:00,77.20089671179815
2011-04-29 07:00:00,80.28236942087375
2011-04-29 08:00:00,83.48683906989709
2011-04-29 09:00:00,86.66261458245458
2011-04-29 10:00:00,90.12155593862809
2011-04-29 11:00:00,94.01152843684535
2011-04-29 12:00:00,97.10827047261728
2011-04-29 13:00:00,100.80219481889112
2011-04-29 14:00:00,105.153182343701
2011-04-29 15:00:00,108.61693073044998
2011-04-29 16:00:00,112.54550930029765
2011-04-29 17:00:00,116.61592787294096
2011-04-29 18:00:00,121.05190858845224
2011-04-29 19:00:00,124.9781668268295
2011-04-29 20:00:00,129.96666860220236
2011-04-29 21:00:00,134.66715594276272
2011-04-29 22:00:00,139.28625606092922
2011-04-29 23:00:00,144.84586501732997
2011-04-30 00:00:00,61.3747043946993
2011-04-30 01:00:00,63.709351214229144
2011-04-30 02:00:00,66.13280621337795
2011-04-30 03:00:00,68.5246226825157
2011-04-30 04:00:00,71.13124692589109
2011-04-30 05:00:00,73.83702516209661
2011-04-30 06:00:00,76.50764522806939
2011-04-30 07:00:00,79.41793754414705
2011-04-30 08:00:00,82.43893515431357
2011-04-30 09:00:00,85.88421192463521
2011-04-30 10:00:00,89.47347323335366
2011-04-30 11:00:00,93.0446036260662
2011-04-30 12:00:00,96.75847767432792
2011-04-30 13:00:00,100.62059095311798
2011-04-30 14:00:00,104.4481212844609
2011-04-30 15:00:00,108.61693073044998
2011-04-30 16:00:00,112.952373996594
2011-04-30 17:00:00,117.03750759097954
2011-04-30 18:00:00,121.27065099779658
2011-04-30 19:00:00,125.88369382132785
2011-04-30 20:00:00,129.49851687348269
2011-04-30 21:00:00,134.42454142275332
2011-04-30 22:00:00,139.53794817875382
2011-04-30 23:00:00,144.84586501732997
2011-05-20 00:00:00,61.48547579320911
2011-05-20 01:00:00,63.824336272027104
2011-05-20 02:00:00,66.13280621337795
2011-05-20 03:00:00,68.64844758738319
2011-05-20 04:00:00,71.259782035446
2011-05-20 05:00:00,73.97044964892312
2011-05-20 06:00:00,76.92281207946093
2011-05-20 07:00:00,80.13755978416022
2011-05-20 08:00:00,83.48683906989709
2011-05-20 09:00:00,86.66261458245458
2011-05-20 10:00:00,90.12155593862809
2011-05-20 11:00:00,93.71875657945795
2011-05-20 12:00:00,97.58765508427858
2011-05-20 13:00:00,101.2998148545758
2011-05-20 14:00:00,105.30843267742642
2011-05-20 15:00:00,109.15312898529112
2011-05-20 16:00:00,113.30523053821129
2011-05-20 17:00:00,117.7889244838488
2011-05-20 18:00:00,122.0892699695478
2011-05-20 19:00:00,126.33877755744224
2011-05-20 20:00:00,131.1446080395072
2011-05-20 21:00:00,135.88769776014365
2011-05-20 22:00:00,140.80263591698815
2011-05-20 23:00:00,145.8950262564767
2011-05-21 00:00:00,61.81925944573444
2011-05-21 01:00:00,64.17081679943703
2011-05-21 02:00:00,66.61182559654624
2011-05-21 03:00:00,68.89661945983292
2011-05-21 04:00:00,71.38839439767926
2011-05-21 05:00:00,74.10395432706083
2011-05-21 06:00:00,77.20089671179815
2011-05-21 07:00:00,80.42744073052737
2011-05-21 08:00:00,83.63751928925038
2011-05-21 09:00:00,87.21901529465228
2011-05-21 10:00:00,90.67043028197021
2011-05-21 11:00:00,94.28933449568942
2011-05-21 12:00:00,98.02053486665497
2011-05-21 13:00:00,102.08351916463164
2011-05-21 14:00:00,106.15795088958633
2011-05-21 15:00:00,110.19611815827601
2011-05-21 16:00:00,114.38789422172178
2011-05-21 17:00:00,118.73912224100532
2011-05-21 18:00:00,123.03381154866199
2011-05-21 19:00:00,127.52564215497827
2011-05-21 20:00:00,131.70533498506308
2011-05-21 21:00:00,136.71530520765782
2011-05-21 22:00:00,141.65986959713507
2011-05-21 23:00:00,146.68704053498584
2011-05-22 00:00:00,61.93096767002206
2011-05-22 01:00:00,64.17081679943703
2011-05-22 02:00:00,66.61182559654624
2011-05-22 03:00:00,69.02096669645803
2011-05-22 04:00:00,71.64647148655007
2011-05-22 05:00:00,74.3718484710306
2011-05-22 06:00:00,77.34039975926932
2011-05-22 07:00:00,80.42744073052737
2011-05-22 08:00:00,83.99512309337173
2011-05-22 09:00:00,87.34778725314078
2011-05-22 10:00:00,90.80429798094573
2011-05-22 11:00:00,94.76991504966993
2011-05-22 12:00:00,98.55265487919753
2011-05-22 13:00:00,101.74916105283364
2011-05-22 14:00:00,105.27390987338629
2011-05-22 15:00:00,109.63731095154546
2011-05-22 16:00:00,114.01348267989795
2011-05-22 17:00:00,118.56407179266529
2011-05-22 18:00:00,122.6308341312164
2011-05-22 19:00:00,127.29561728095754
2011-05-22 20:00:00,131.89978746623493
2011-05-22 21:00:00,136.67018966147245
2011-05-22 22:00:00,141.56669795088075
2011-05-22 23:00:00,146.68704053498584
2011-05-23 00:00:00,62.04274303362719
2011-05-23 01:00:00,64.4028015321065
2011-05-23 02:00:00,66.85263485103869
2011-05-23 03:00:00,69.27063568062766
2011-05-23 04:00:00,71.90563768794584
2011-05-23 05:00:00,74.6408731565329
2011-05-23 06:00:00,77.48015489060322
2011-05-23 07:00:00,80.57259923151162
2011-05-23 08:00:00,83.91236070057661
2011-05-23 09:00:00,87.10432273055207
2011-05-23 10:00:00,90.96818502817891
2011-05-23 11:00:00,94.59917885723947
2011-05-23 12:00:00,98.19765927726515
2011-05-23 13:00:00,102.4861601786253
2011-05-23 14:00:00,106.22781838802018
2011-05-23 15:00:00,110.26864336291986
2011-05-23 16:00:00,114.46317822968741
2011-05-23 17:00:00,118.81726999506132
2011-05-23 18:00:00,123.11478583804542
2011-05-23 19:00:00,127.79797814061749
2011-05-23 20:00:00,131.8130351603506
2011-05-23 21:00:00,136.82710221525073
2011-05-23 22:00:00,141.7292322398902
2011-05-23 23:00:00,147.16874953747728
2011-05-24 00:00:00,62.20568134957719
2011-05-24 01:00:00,64.57193789698992
2011-05-24 02:00:00,67.02820503389707
2011-05-24 03:00:00,69.52105683313452
2011-05-24 04:00:00,72.27213143168919
2011-05-24 05:00:00,74.91070832256425
2011-05-24 06:00:00,77.76025437999685
2011-05-24 07:00:00,81.15621028620684
2011-05-24 08:00:00,84.09155882161758
2011-05-24 09:00:00,87.47674933321271
2011-05-24 10:00:00,91.29704526617707
2011-05-24 11:00:00,95.08133864789303
2011-05-24 12:00:00,98.87629424707616
2011-05-24 13:00:00,102.8229401446533
2011-05-24 14:00:00,106.73424615501938
2011-05-24 15:00:00,110.43144626911804
2011-05-24 16:00:00,113.807830416189
2011-05-24 17:00:00,118.56407179266529
2011-05-24 18:00:00,123.07415841306079
2011-05-24 19:00:00,127.29561728095754
2011-05-24 20:00:00,132.13784521437213
2011-05-24 21:00:00,136.87197235679696
2011-05-24 22:00:00,141.77570995233825
2011-05-24 23:00:00,147.79798992061654
2011-05-25 00:00:00,62.26703453986953
2011-05-25 01:00:00,64.51917825131683
2011-05-25 02:00:00,66.85263485103869
2011-05-25 03:00:00,69.27063568062766
2011-05-25 04:00:00,71.90563768794584
2011-05-25 05:00:00,74.77558784049083
2011-05-25 06:00:00,77.61999401811731
2011-05-25 07:00:00,81.03656622342397
2011-05-25 08:00:00,84.27113962723934
2011-05-25 09:00:00,87.79298763780372
2011-05-25 10:00:00,91.29704526617707
2011-05-25 11:00:00,95.08133864789303
2011-05-25 12:00:00,98.73052645537032
2011-05-25 13:00:00,102.4861601786253
2011-05-25 14:00:00,106.38465533663252
2011-05-25 15:00:00,110.6309973617524
2011-05-25 16:00:00,114.59459466844474
2011-05-25 17:00:00,118.95368541464967
2011-05-25 18:00:00,123.29655505474307
2011-05-25 19:00:00,127.75580527945581
2011-05-25 20:00:00,132.61553841240948
2011-05-25 21:00:00,137.16426779533228
2011-05-25 22:00:00,142.38189164736943
2011-05-25 23:00:00,147.53171906836653
2011-05-26 00:00:00,62.51276586721667
2011-05-26 01:00:00,64.89070367484088
2011-05-26 02:00:00,67.21555497735551
2011-05-26 03:00:00,69.62369915963122
2011-05-26 04:00:00,72.27213143168919
2011-05-26 05:00:00,75.02130804201612
2011-05-26 06:00:00,77.79816014786721
2011-05-26 07:00:00,80.95671896708869
2011-05-26 08:00:00,84.39555928110951
2011-05-26 09:00:00,88.139263489707
2011-05-26 10:00:00,91.32718289950073
2011-05-26 11:00:00,95.14391611122386
2011-05-26 12:00:00,99.1526625032036
2011-05-26 13:00:00,103.29643709464379
2011-05-26 14:00:00,107.22575456688581
2011-05-26 15:00:00,111.26805178903619
2011-05-26 16:00:00,115.29226872456462
2011-05-26 17:00:00,119.63866497501043
2011-05-26 18:00:00,124.18962829827865
2011-05-26 19:00:00,128.6389931958272
2011-05-26 20:00:00,132.85517645469307
2011-05-26 21:00:00,137.95411066168916
2011-05-26 22:00:00,142.896618227429
2011-05-26 23:00:00,148.33229630614997
2011-05-27 00:00:00,62.73875655895855
2011-05-27 01:00:00,65.24283147917939
2011-05-27 02:00:00,67.60260714087026
2011-05-27 03:00:00,70.04758170605776
2011-05-27 04:00:00,72.58114094502196
2011-05-27 05:00:00,75.34207204092436
2011-05-27 06:00:00,78.20802684432263
2011-05-27 07:00:00,81.18300037673401
2011-05-27 08:00:00,84.4232353820392
2011-05-27 09:00:00,87.95143975771055
2011-05-27 10:00:00,91.46202024162697
2011-05-27 11:00:00,95.11251897002558
2011-05-27 12:00:00,98.90893383022731
2011-05-27 13:00:00,102.4861601786253
2011-05-27 14:00:00,106.57689382421168
2011-05-27 15:00:00,110.83066838937143
2011-05-27 16:00:00,114.83931589752923
2011-05-27 17:00:00,118.9926942704654
2011-05-27 18:00:00,123.33698808144536
2011-05-27 19:00:00,126.60857894741493
2011-05-27 20:00:00,131.66187271056242
2011-05-27 21:00:00,136.37894709761906
2011-05-27 22:00:00,141.61342986012542
2011-05-27 23:00:00,146.68704053498584
2011-05-28 00:00:00,62.15485509573151
2011-05-28 01:00:00,64.51917825131683
2011-05-28 02:00:00,66.85263485103869
2011-05-28 03:00:00,69.39565795593934
2011-05-28 04:00:00,72.03541571500094
2011-05-28 05:00:00,74.77558784049083
2011-05-28 06:00:00,77.76025437999685
2011-05-28 07:00:00,80.86387825561442
2011-05-28 08:00:00,84.11913523072133
2011-05-28 09:00:00,87.47674933321271
2011-05-28 10:00:00,91.29704526617707
2011-05-28 11:00:00,94.76991504966993
2011-05-28 12:00:00,98.55265487919753
2011-05-28 13:00:00,102.33507056343079
2011-05-28 14:00:00,106.38465533663252
2011-05-28 15:00:00,110.43144626911804
2011-05-28 16:00:00,114.83931589752923
2011-05-28 17:00:00,118.9926942704654
2011-05-28 18:00:00,123.33698808144536
2011-05-28 19:00:00,127.75580527945581
2011-05-28 20:00:00,132.61553841240948
2011-05-28 21:00:00,137.16426779533228
2011-05-28 22:00:00,142.335215213021
2011-05-28 23:00:00,147.434685425886
2011-05-29 00:00:00,62.471650360585734
2011-05-29 01:00:00,64.73105428947024
2011-05-29 02:00:00,67.19337409226479
2011-05-29 03:00:00,69.74935865732502
2011-05-29 04:00:00,72.27213143168919
2011-05-29 05:00:00,74.97196549501035
2011-05-29 06:00:00,78.01561309767399
2011-05-29 07:00:00,80.9832673583092
2011-05-29 08:00:00,84.06380891753733
2011-05-29 09:00:00,87.23292535456628
2011-05-29 10:00:00,90.93836332496133
2011-05-29 11:00:00,94.3975891217085
2011-05-29 12:00:00,98.40736421091478
2011-05-29 13:00:00,102.33507056343079
2011-05-29 14:00:00,106.41977346914658
2011-05-29 15:00:00,110.46790026853672
2011-05-29 16:00:00,114.67001471561437
2011-05-29 17:00:00,119.03197438273696
2011-05-29 18:00:00,123.37770226788157
2011-05-29 19:00:00,128.0708957103821
2011-05-29 20:00:00,132.6593154969585
2011-05-29 21:00:00,137.41212545212912
2011-05-29 22:00:00,142.28824511727353
2011-05-29 23:00:00,147.700781148131
2011-05-30 00:00:00,62.45103494651167
2011-05-30 01:00:00,64.82662455712031
2011-05-30 02:00:00,67.29257977980987
2011-05-30 03:00:00,69.85233805335784
2011-05-30 04:00:00,72.37883550163491
2011-05-30 05:00:00,75.13207105318179
2011-05-30 06:00:00,78.13079696276729
2011-05-30 07:00:00,81.10283272954503
2011-05-30 08:00:00,84.3677090579995
2011-05-30 09:00:00,88.16835872270963
2011-05-30 10:00:00,92.18513801250482
2011-05-30 11:00:00,95.86449834374258
2011-05-30 12:00:00,99.87085442565935
2011-05-30 13:00:00,103.63587971318775
2011-05-30 14:00:00,107.77227038234199
2011-05-30 15:00:00,111.87184513000264
2011-05-30 16:00:00,116.08929503867903
2011-05-30 17:00:00,120.32758890242864
2011-05-30 18:00:00,124.90475836504869
2011-05-30 19:00:00,125.65663061801294
2011-05-30 20:00:00,133.37918800327398
2011-05-30 21:00:00,138.20339557505392
2011-05-30 22:00:00,143.24905119058633
2011-05-30 23:00:00,148.38126157488455
2011-05-31 00:00:00,62.872737622033675
2011-05-31 01:00:00,65.12529087967262
2011-05-31 02:00:00,67.43628571009069
2011-05-31 03:00:00,69.85233805335784
2011-05-31 04:00:00,72.68830124300567
2011-05-31 05:00:00,75.45330863469368
2011-05-31 06:00:00,78.49075767283624
2011-05-31 07:00:00,81.94565797823782
2011-05-31 08:00:00,85.39831553307978
2011-05-31 09:00:00,88.80698809939211
2011-05-31 10:00:00,92.38200297234891
2011-05-31 11:00:00,96.2110593060299
2011-05-31 12:00:00,99.87085442565935
2011-05-31 13:00:00,104.04464359628378
2011-05-31 14:00:00,107.96701630877007
2011-05-31 15:00:00,112.07399904254218
2011-05-31 16:00:00,116.37535908497716
2011-05-31 17:00:00,120.18959789802251
2011-05-31 18:00:00,124.7615182883622
2011-05-31 19:00:00,128.76586926980193
2011-05-31 20:00:00,133.66402446451278
2011-05-31 21:00:00,138.49853431983195
2011-05-31 22:00:00,143.4605470531699
2011-05-31 23:00:00,148.6981355497065
2011-06-20 00:00:00,62.60506100795015
2011-06-20 01:00:00,64.84802416578034
2011-06-20 02:00:00,67.31479341321821
2011-06-20 03:00:00,69.87539667639338
2011-06-20 04:00:00,72.40257092057851
2011-06-20 05:00:00,75.1815189731224
2011-06-20 06:00:00,77.92631443789803
2011-06-20 07:00:00,80.57259923151162
2011-06-20 08:00:00,83.63751928925038
2011-06-20 09:00:00,87.1616501476788
2011-06-20 10:00:00,90.4772126633628
2011-06-20 11:00:00,93.91889664160279
2011-06-20 12:00:00,97.69969654858345
2011-06-20 13:00:00,101.56585114554862
2011-06-20 14:00:00,105.6196213277079
2011-06-20 15:00:00,109.63731095154546
2011-06-20 16:00:00,114.21925854554135
2011-06-20 17:00:00,118.56407179266529
2011-06-20 18:00:00,123.07415841306079
2011-06-20 19:00:00,127.29561728095754
2011-06-20 20:00:00,132.13784521437213
2011-06-20 21:00:00,136.917154512508
2011-06-20 22:00:00,142.12537836424374
2011-06-20 23:00:00,147.26560815514705
2011-06-21 00:00:00,62.400008222163464
2011-06-21 01:00:00,64.77365681519998
2011-06-21 02:00:00,67.21555497735551
2011-06-21 03:00:00,69.772383286322
2011-06-21 04:00:00,72.27213143168919
2011-06-21 05:00:00,75.02130804201612
2011-06-21 06:00:00,77.87506122819673
2011-06-21 07:00:00,80.78420115284158
2011-06-21 08:00:00,84.06380891753733
2011-06-21 09:00:00,87.26153192186757
2011-06-21 10:00:00,90.74457474419623
2011-06-21 11:00:00,94.3975891217085
2011-06-21 12:00:00,98.40736421091478
2011-06-21 13:00:00,102.51999139744741
2011-06-21 14:00:00,106.61184391987284
2011-06-21 15:00:00,110.90361122111626
2011-06-21 16:00:00,115.36814794356854
2011-06-21 17:00:00,119.54091208453718
2011-06-21 18:00:00,123.82372656218747
2011-06-21 19:00:00,128.30204292919422
2011-06-21 20:00:00,133.1388938688198
2011-06-21 21:00:00,137.99965003692844
2011-06-21 22:00:00,142.94378915032988
2011-06-21 23:00:00,148.38126157488455
2011-06-22 00:00:00,62.60506100795015
2011-06-22 01:00:00,64.98650965214608
2011-06-22 02:00:00,67.45854678158008
2011-06-22 03:00:00,70.0246183129539
2011-06-22 04:00:00,72.53340332950603
2011-06-22 05:00:00,75.29251852302103
2011-06-22 06:00:00,78.32349479305195
2011-06-22 07:00:00,81.6504822854532
2011-06-22 08:00:00,84.93740479911713
2011-06-22 09:00:00,88.16835872270963
2011-06-22 10:00:00,91.65734095525087
2011-06-22 11:00:00,95.14391611122386
2011-06-22 12:00:00,99.36440688351229
2011-06-22 13:00:00,103.33053579012426
2011-06-22 14:00:00,107.22575456688581
2011-06-22 15:00:00,111.34128248319497
2011-06-22 16:00:00,115.61452112586078
2011-06-22 17:00:00,119.71740476009221
2011-06-22 18:00:00,124.31211598319776
2011-06-22 19:00:00,128.95598186298278
2011-06-22 20:00:00,133.18255452461457
2011-06-22 21:00:00,138.2487170488061
2011-06-22 22:00:00,143.24905119058633
2011-06-22 23:00:00,148.6981355497065
2011-06-23 00:00:00,63.0070048068977
2011-06-23 01:00:00,65.40374308582346
2011-06-23 02:00:00,67.8916514559997
2011-06-23 03:00:00,70.47419795797632
2011-06-23 04:00:00,72.99909014803909
2011-06-23 05:00:00,75.93774214577898
2011-06-23 06:00:00,78.82635578443362
2011-06-23 07:00:00,81.82485007686643
2011-06-23 08:00:00,85.06280814067016
2011-06-23 09:00:00,88.29853231147447
2011-06-23 10:00:00,91.85307878388139
2011-06-23 11:00:00,95.34709965716709
2011-06-23 12:00:00,98.97403041245764
2011-06-23 13:00:00,102.70502337331297
2011-06-23 14:00:00,106.6470370485294
2011-06-23 15:00:00,110.6309973617524
2011-06-23 16:00:00,114.63217403393561
2011-06-23 17:00:00,118.81726999506132
2011-06-23 18:00:00,123.33698808144536
2011-06-23 19:00:00,128.0286327874296
2011-06-23 20:00:00,132.6593154969585
2011-06-23 21:00:00,137.7055744086794
2011-06-23 22:00:00,142.94378915032988
2011-06-23 23:00:00,148.38126157488455
2011-06-24 00:00:00,62.73875655895855
2011-06-24 01:00:00,64.98650965214608
2011-06-24 02:00:00,67.45854678158008
2011-06-24 03:00:00,70.0246183129539
2011-06-24 04:00:00,72.68830124300567
2011-06-24 05:00:00,75.29251852302103
2011-06-24 06:00:00,78.32349479305195
2011-06-24 07:00:00,81.30286063793012
2011-06-24 08:00:00,84.75640419026445
2011-06-24 09:00:00,88.26939412166794
2011-06-24 10:00:00,92.1245065782586
2011-06-24 11:00:00,95.59729518890106
2011-06-24 12:00:00,99.23374319088443
2011-06-24 13:00:00,103.00851889392877
2011-06-24 14:00:00,106.73424615501938
2011-06-24 15:00:00,111.19486925971312
2011-06-24 16:00:00,115.17866850970672
2011-06-24 17:00:00,119.12931109660126
2011-06-24 18:00:00,123.6608989878578
2011-06-24 19:00:00,128.1333263914859
2011-06-24 20:00:00,132.8113347367508
2011-06-24 21:00:00,137.6601320773122
2011-06-24 22:00:00,142.896618227429
2011-06-24 23:00:00,148.06506285476925
2011-06-25 00:00:00,62.73875655895855
2011-06-25 01:00:00,65.0078208824469
2011-06-25 02:00:00,67.48066867478394
2011-06-25 03:00:00,69.94431447322528
2011-06-25 04:00:00,72.60494270662525
2011-06-25 05:00:00,75.23099943704517
2011-06-25 06:00:00,78.23367384829882
2011-06-25 07:00:00,81.20962297312818
2011-06-25 08:00:00,84.72843488966608
2011-06-25 09:00:00,88.08129308282795
2011-06-25 10:00:00,91.43183811247802
2011-06-25 11:00:00,95.08133864789303
2011-06-25 12:00:00,98.66559002904462
2011-06-25 13:00:00,102.4187536203016
2011-06-25 14:00:00,106.34977971921352
2011-06-25 15:00:00,110.39524400988317
2011-06-25 16:00:00,114.80141934708523
2011-06-25 17:00:00,118.95368541464967
2011-06-25 18:00:00,123.25586764658772
2011-06-25 19:00:00,127.98666171931225
2011-06-25 20:00:00,132.61553841240948
2011-06-25 21:00:00,137.41212545212912
2011-06-25 22:00:00,142.63917761988435
2011-06-25 23:00:00,147.79798992061654
2011-06-26 00:00:00,62.53326587494543
2011-06-26 01:00:00,64.91198348718642
2011-06-26 02:00:00,67.28184938400233
2011-06-26 03:00:00,69.71537452462385
2011-06-26 04:00:00,72.3672940574584
2011-06-26 05:00:00,75.12009058129499
2011-06-26 06:00:00,77.97760137972689
2011-06-26 07:00:00,81.0633168188187
2011-06-26 08:00:00,84.29877492684099
2011-06-26 09:00:00,87.63463069421157
2011-06-26 10:00:00,91.46202024162697
2011-06-26 11:00:00,94.9098353127628
2011-06-26 12:00:00,98.66559002904462
2011-06-26 13:00:00,102.4187536203016
2011-06-26 14:00:00,106.31468468437863
2011-06-26 15:00:00,110.35881398676172
2011-06-26 16:00:00,114.59459466844474
2011-06-26 17:00:00,118.73912224100532
2011-06-26 18:00:00,123.25586764658772
2011-06-26 19:00:00,127.98666171931225
2011-06-26 20:00:00,132.61553841240948
2011-06-26 21:00:00,137.6601320773122
2011-06-26 22:00:00,142.896618227429
2011-06-26 23:00:00,148.33229630614997
2011-06-27 00:00:00,62.51276586721667
2011-06-27 01:00:00,64.77365681519998
2011-06-27 02:00:00,67.23759718549347
2011-06-27 03:00:00,69.79526396320098
2011-06-27 04:00:00,72.29583185883186
2011-06-27 05:00:00,75.1815189731224
2011-06-27 06:00:00,78.06695881111553
2011-06-27 07:00:00,81.18300037673401
2011-06-27 08:00:00,84.4232353820392
2011-06-27 09:00:00,88.11036917949532
2011-06-27 10:00:00,91.46202024162697
2011-06-27 11:00:00,94.76991504966993
2011-06-27 12:00:00,98.55265487919753
2011-06-27 13:00:00,102.30152250372026
2011-06-27 14:00:00,106.19299418577378
2011-06-27 15:00:00,110.43144626911804
2011-06-27 16:00:00,114.63217403393561
2011-06-27 17:00:00,118.9926942704654
2011-06-27 18:00:00,123.4785926392725
2011-06-27 19:00:00,128.0286327874296
2011-06-27 20:00:00,132.61553841240948
2011-06-27 21:00:00,137.6601320773122
2011-06-27 22:00:00,142.63917761988435
2011-06-27 23:00:00,148.06506285476925
2011-06-28 00:00:00,62.60506100795015
2011-06-28 01:00:00,65.0078208824469
2011-06-28 02:00:00,67.48066867478394
2011-06-28 03:00:00,70.04758170605776
2011-06-28 04:00:00,72.71213814602218
2011-06-28 05:00:00,75.45330863469368
2011-06-28 06:00:00,78.32349479305195
2011-06-28 07:00:00,81.47648606974892
2011-06-28 08:00:00,84.75640419026445
2011-06-28 09:00:00,88.29853231147447
2011-06-28 10:00:00,92.15471725716006
2011-06-28 11:00:00,95.83307150349262
2011-06-28 12:00:00,99.65803081160564
2011-06-28 13:00:00,103.4150328746076
2011-06-28 14:00:00,107.5781093230541
2011-06-28 15:00:00,111.670298332502
2011-06-28 16:00:00,115.9561644859163
2011-06-28 17:00:00,119.97306595005038
2011-06-28 18:00:00,124.27136328456955
2011-06-28 19:00:00,128.21765690941658
2011-06-28 20:00:00,133.0949585251779
2011-06-28 21:00:00,138.20339557505392
2011-06-28 22:00:00,142.896618227429
2011-06-28 23:00:00,148.33229630614997
2011-06-29 00:00:00,62.73875655895855
2011-06-29 01:00:00,65.12529087967262
2011-06-29 02:00:00,67.45854678158008
2011-06-29 03:00:00,70.0246183129539
2011-06-29 04:00:00,72.68830124300567
2011-06-29 05:00:00,75.29251852302103
2011-06-29 06:00:00,78.34917966279536
2011-06-29 07:00:00,81.62353792762136
2011-06-29 08:00:00,84.72843488966608
2011-06-29 09:00:00,88.08129308282795
2011-06-29 10:00:00,91.5970566603946
2011-06-29 11:00:00,95.22171870322883
2011-06-29 12:00:00,98.8438800629153
2011-06-29 13:00:00,102.97475006059011
2011-06-29 14:00:00,106.89183080406343
2011-06-29 15:00:00,111.15817536321016
2011-06-29 16:00:00,115.38654734700874
2011-06-29 17:00:00,119.77576336746895
2011-06-29 18:00:00,124.10794707021336
2011-06-29 19:00:00,128.36486501701458
2011-06-29 20:00:00,133.00742013883595
2011-06-29 21:00:00,137.86337634409836
2011-06-29 22:00:00,142.84977305251164
2011-06-29 23:00:00,148.06506285476925
2011-06-30 00:00:00,62.625591282314396
2011-06-30 01:00:00,64.91198348718642
2011-06-30 02:00:00,67.28184938400233
2011-06-30 03:00:00,69.71537452462385
2011-06-30 04:00:00,72.16558466958719
2011-06-30 05:00:00,74.91070832256425
2011-06-30 06:00:00,77.97760137972689
2011-06-30 07:00:00,81.0633168188187
2011-06-30 08:00:00,84.57578929157651
2011-06-30 09:00:00,87.92260702093347
2011-06-30 10:00:00,91.43183811247802
2011-06-30 11:00:00,95.04996215702671
2011-06-30 12:00:00,98.8438800629153
2011-06-30 13:00:00,102.60382567071534
2011-06-30 14:00:00,106.69902424767952
2011-06-30 15:00:00,110.7214642954529
2011-06-30 16:00:00,115.17866850970672
2011-06-30 17:00:00,119.34432020375424
2011-06-30 18:00:00,123.6608989878578
2011-06-30 19:00:00,128.1333263914859
2011-06-30 20:00:00,133.00742013883595
2011-06-30 21:00:00,137.86337634409836
2011-06-30 22:00:00,142.84977305251164
2011-06-30 23:00:00,147.79798992061654
2011-07-20 00:00:00,62.872737622033675
2011-07-20 01:00:00,65.2643684799266
2011-07-20 02:00:00,67.74697514667976
2011-07-20 03:00:00,70.32401827248948
2011-07-20 04:00:00,72.84352994704469
2011-07-20 05:00:00,75.61444211992487
2011-07-20 06:00:00,78.49075767283624
2011-07-20 07:00:00,81.6504822854532
2011-07-20 08:00:00,85.09070305461489
2011-07-20 09:00:00,88.29853231147447
2011-07-20 10:00:00,91.85307878388139
2011-07-20 11:00:00,95.7547693948529
2011-07-20 12:00:00,99.57660345220857
2011-07-20 13:00:00,103.55120218188281
2011-07-20 14:00:00,107.68421313976964
2011-07-20 15:00:00,111.74379376387076
2011-07-20 16:00:00,115.82343810371906
2011-07-20 17:00:00,120.26870027775513
2011-07-20 18:00:00,124.84362966212714
2011-07-20 19:00:00,129.44425088388525
2011-07-20 20:00:00,134.12584401181522
2011-07-20 21:00:00,139.1363164478894
2011-07-20 22:00:00,144.12117912008105
2011-07-20 23:00:00,149.2846353938211
2011-07-21 00:00:00,63.25551900891351
2011-07-21 01:00:00,65.54341533163057
2011-07-21 02:00:00,68.03663672722446
2011-07-21 03:00:00,70.60139246821726
2011-07-21 04:00:00,73.17897249719867
2011-07-21 05:00:00,75.96264464816063
2011-07-21 06:00:00,78.85220555896196
2011-07-21 07:00:00,81.99959023750323
2011-07-21 08:00:00,85.30056644387271
2011-07-21 09:00:00,88.92392260798871
2011-07-21 10:00:00,92.53397980841329
2011-07-21 11:00:00,96.40114731248866
2011-07-21 12:00:00,100.21591595559863
2011-07-21 13:00:00,104.02805275950666
2011-07-21 14:00:00,108.14463191581453
2011-07-21 15:00:00,112.33225348087417
2011-07-21 16:00:00,116.77744495561521
2011-07-21 17:00:00,121.1798307747744
2011-07-21 18:00:00,125.56252571197788
2011-07-21 19:00:00,130.04033827353874
2011-07-21 20:00:00,134.69931764490727
2011-07-21 21:00:00,139.61704318743443
2011-07-21 22:00:00,144.8326476196062
2011-07-21 23:00:00,149.9724128829507
2011-07-22 00:00:00,63.66163894882725
2011-07-22 01:00:00,65.92083869318431
2011-07-22 02:00:00,68.34994365982749
2011-07-22 03:00:00,70.92666404296936
2011-07-22 04:00:00,73.44352272763841
2011-07-22 05:00:00,76.07479746816513
2011-07-22 06:00:00,79.13726516610666
2011-07-22 07:00:00,82.49881960243698
2011-07-22 08:00:00,85.97497047844965
2011-07-22 09:00:00,89.46530864763137
2011-07-22 10:00:00,93.20423066374387
2011-07-22 11:00:00,96.6860147457515
2011-07-22 12:00:00,100.79299647070096
2011-07-22 13:00:00,104.69594494026761
2011-07-22 14:00:00,108.87488211361033
2011-07-22 15:00:00,112.81254559751804
2011-07-22 16:00:00,116.37535908497716
2011-07-22 17:00:00,120.66391548264893
2011-07-22 18:00:00,125.35630313919482
2011-07-22 19:00:00,129.65603985368585
2011-07-22 20:00:00,134.47808890106543
2011-07-22 21:00:00,139.34174018381833
2011-07-22 22:00:00,144.8082587196307
2011-07-22 23:00:00,149.8737739625509
2011-07-23 00:00:00,63.59891162163705
2011-07-23 01:00:00,65.99637983213161
2011-07-23 02:00:00,68.5068316509249
2011-07-23 03:00:00,70.88001459968658
2011-07-23 04:00:00,73.41944605800548
2011-07-23 05:00:00,76.18711587291318
2011-07-23 06:00:00,79.371117461767
2011-07-23 07:00:00,82.39033407180494
2011-07-23 08:00:00,85.86191382699246
2011-07-23 09:00:00,89.12803536699701
2011-07-23 10:00:00,92.65499374891213
2011-07-23 11:00:00,96.52721865113679
2011-07-23 12:00:00,100.44594794814138
2011-07-23 13:00:00,104.45524655117335
2011-07-23 14:00:00,108.3042988875726
2011-07-23 15:00:00,112.55318695654643
2011-07-23 16:00:00,116.83462411453543
2011-07-23 17:00:00,121.27892386783124
2011-07-23 18:00:00,125.70668543413188
2011-07-23 19:00:00,129.31642558810478
2011-07-23 20:00:00,134.23552352413188
2011-07-23 21:00:00,139.34174018381833
2011-07-23 22:00:00,144.33396261038152
2011-07-23 23:00:00,149.82431617023636
2011-07-24 00:00:00,63.48419483694646
2011-07-24 01:00:00,65.78036216264071
2011-07-24 02:00:00,68.42841698482125
2011-07-24 03:00:00,71.03138163702857
2011-07-24 04:00:00,73.57623615033054
2011-07-24 05:00:00,76.37501990685455
2011-07-24 06:00:00,79.44957336185739
2011-07-24 07:00:00,82.44455899314617
2011-07-24 08:00:00,85.73533240860999
2011-07-24 09:00:00,88.99663888826105
2011-07-24 10:00:00,92.71597432150601
2011-07-24 11:00:00,96.06922072116471
2011-07-24 12:00:00,100.29786610375498
2011-07-24 13:00:00,103.66986535285058
2011-07-24 14:00:00,107.64891149398579
2011-07-24 15:00:00,112.14776016817585
2011-07-24 16:00:00,116.413775201181
2011-07-24 17:00:00,120.80218874776658
2011-07-24 18:00:00,125.17149735107198
2011-07-24 19:00:00,129.69855836622006
2011-07-24 20:00:00,134.38964081083577
2011-07-24 21:00:00,139.0907039962988
2011-07-24 22:00:00,144.0739325027087
2011-07-24 23:00:00,149.23569606310602
2011-07-25 00:00:00,63.234782228090985
2011-07-25 01:00:00,65.66171057803534
2011-07-25 02:00:00,68.01418488818639
2011-07-25 03:00:00,70.60139246821726
2011-07-25 04:00:00,73.17897249719867
2011-07-25 05:00:00,75.96264464816063
2011-07-25 06:00:00,78.85220555896196
2011-07-25 07:00:00,81.97253067533555
2011-07-25 08:00:00,85.27241757173883
2011-07-25 09:00:00,88.89457804169227
2011-07-25 10:00:00,92.41229809285196
2011-07-25 11:00:00,96.13244835576043
2011-07-25 12:00:00,99.7892531749585
2011-07-25 13:00:00,102.55361110034879
2011-07-25 14:00:00,106.26288474783519
2011-07-25 15:00:00,110.06998487195906
2011-07-25 16:00:00,114.25696292165242
2011-07-25 17:00:00,118.85649219885981
2011-07-25 18:00:00,123.60037903284419
2011-07-25 19:00:00,128.25998223022285
2011-07-25 20:00:00,132.94261464236618
2011-07-25 21:00:00,137.7055744086794
2011-07-25 22:00:00,142.94378915032988
2011-07-25 23:00:00,148.38126157488455
2011-07-26 00:00:00,62.872737622033675
2011-07-26 01:00:00,65.2643684799266
2011-07-26 02:00:00,67.60260714087026
2011-07-26 03:00:00,70.17415861814288
2011-07-26 04:00:00,72.84352994704469
2011-07-26 05:00:00,75.42840932129658
2011-07-26 06:00:00,78.49075767283624
2011-07-26 07:00:00,81.7978481783069
2011-07-26 08:00:00,85.03473772789891
2011-07-26 09:00:00,88.39971688118594
2011-07-26 10:00:00,92.06391502214123
2011-07-26 11:00:00,95.73843701314765
2011-07-26 12:00:00,99.55983538325859
2011-07-26 13:00:00,103.34701538392535
2011-07-26 14:00:00,107.4718766897016
2011-07-26 15:00:00,111.76161513987485
2011-07-26 16:00:00,115.8419101187725
2011-07-26 17:00:00,120.24844779083683
2011-07-26 18:00:00,124.59745752265422
2011-07-26 19:00:00,129.14637514232908
2011-07-26 20:00:00,133.81748560683621
2011-07-26 21:00:00,138.65724493748286
2011-07-26 22:00:00,143.67235517262023
2011-07-26 23:00:00,149.18644883414353
2011-07-27 00:00:00,63.307245315110116
2011-07-27 01:00:00,65.71540451336259
2011-07-27 02:00:00,68.09227272482714
2011-07-27 03:00:00,70.4278461078661
2011-07-27 04:00:00,73.10686751487222
2011-07-27 05:00:00,75.75091393814006
2011-07-27 06:00:00,78.63242077465097
2011-07-27 07:00:00,81.77103274661012
2011-07-27 08:00:00,85.00686116082315
2011-07-27 09:00:00,88.37073718767525
2011-07-27 10:00:00,91.89785437663522
2011-07-27 11:00:00,95.56595594469559
2011-07-27 12:00:00,99.38025394218866
2011-07-27 13:00:00,103.34701538392535
2011-07-27 14:00:00,107.27825681561245
2011-07-27 15:00:00,111.56002469101705
2011-07-27 16:00:00,115.76571929986447
2011-07-27 17:00:00,119.9526027823165
2011-07-27 18:00:00,124.33194180874189
2011-07-27 19:00:00,128.82891846654772
2011-07-27 20:00:00,133.29146267529163
2011-07-27 21:00:00,138.11249729934406
2011-07-27 22:00:00,143.1548343177221
2011-07-27 23:00:00,148.81973134736685
2011-07-28 00:00:00,62.851989850643506
2011-07-28 01:00:00,65.36072614368007
2011-07-28 02:00:00,67.84699818227392
2011-07-28 03:00:00,70.4278461078661
2011-07-28 04:00:00,72.97500071768555
2011-07-28 05:00:00,75.75091393814006
2011-07-28 06:00:00,78.63242077465097
2011-07-28 07:00:00,81.7978481783069
2011-07-28 08:00:00,85.06280814067016
2011-07-28 09:00:00,88.64680214851569
2011-07-28 10:00:00,92.18513801250482
2011-07-28 11:00:00,96.10093367462714
2011-07-28 12:00:00,99.72362040949542
2011-07-28 13:00:00,103.66986535285058
2011-07-28 14:00:00,107.41951293196438
2011-07-28 15:00:00,111.74379376387076
2011-07-28 16:00:00,115.9561644859163
2011-07-28 17:00:00,120.18959789802251
2011-07-28 18:00:00,124.8027027196887
2011-07-28 19:00:00,129.31642558810478
2011-07-28 20:00:00,133.99368662722836
2011-07-28 21:00:00,138.79430334491744
2011-07-28 22:00:00,143.76691265009512
2011-07-28 23:00:00,149.2846353938211
2011-07-29 00:00:00,63.12072224321305
2011-07-29 01:00:00,65.52178624645207
2011-07-29 02:00:00,68.01418488818639
2011-07-29 03:00:00,70.60139246821726
2011-07-29 04:00:00,73.17897249719867
2011-07-29 05:00:00,75.96264464816063
2011-07-29 06:00:00,78.85220555896196
2011-07-29 07:00:00,81.97253067533555
2011-07-29 08:00:00,85.32853932664486
2011-07-29 09:00:00,89.28889703177249
2011-07-29 10:00:00,93.05115301471781
2011-07-29 11:00:00,96.79702102682845
2011-07-29 12:00:00,100.74276785300098
2011-07-29 13:00:00,104.35209772304799
2011-07-29 14:00:00,108.55289666205287
2011-07-29 15:00:00,112.68216583641818
2011-07-29 16:00:00,116.96850925236228
2011-07-29 17:00:00,121.41790189391381
2011-07-29 18:00:00,125.66520269184566
2011-07-29 19:00:00,130.2104022196788
2011-07-29 20:00:00,134.58805645665927
2011-07-29 21:00:00,139.20444345266137
2011-07-29 22:00:00,144.239032176342
2011-07-29 23:00:00,149.4067107934355
2011-07-30 00:00:00,63.193191841360516
2011-07-30 01:00:00,65.59701253269272
2011-07-30 02:00:00,68.09227272482714
2011-07-30 03:00:00,70.55495696052671
2011-07-30 04:00:00,73.13084167964136
2011-07-30 05:00:00,75.91268297111097
2011-07-30 06:00:00,78.80034337792497
2011-07-30 07:00:00,82.12065612886265
2011-07-30 08:00:00,85.39831553307978
2011-07-30 09:00:00,88.93810457378008
2011-07-30 10:00:00,92.29077638813132
2011-07-30 11:00:00,95.94289018167862
2011-07-30 12:00:00,99.55983538325859
2011-07-30 13:00:00,103.72062648834641
2011-07-30 14:00:00,107.8960049159228
2011-07-30 15:00:00,112.03701503645522
2011-07-30 16:00:00,116.26069167542354
2011-07-30 17:00:00,120.6831594776442
2011-07-30 18:00:00,125.00689746496954
2011-07-30 19:00:00,128.1333263914859
2011-07-30 20:00:00,134.0590044894431
2011-07-30 21:00:00,138.95335289528617
2011-07-30 22:00:00,143.93166049826922
2011-07-30 23:00:00,149.1375416914998
2011-07-31 00:00:00,63.193191841360516
2011-07-31 01:00:00,65.4786916656969
2011-07-31 02:00:00,67.99188809468994
2011-07-31 03:00:00,70.57824752174743
2011-07-31 04:00:00,73.13084167964136
2011-07-31 05:00:00,75.91268297111097
2011-07-31 06:00:00,78.94273664680155
2011-07-31 07:00:00,81.91861621351666
2011-07-31 08:00:00,85.18839663031088
2011-07-31 09:00:00,88.777682121052
2011-07-31 10:00:00,92.4270363996182
2011-07-31 11:00:00,96.0845422495219
2011-07-31 12:00:00,100.10009437643383
2011-07-31 13:00:00,103.90782541604375
2011-07-31 14:00:00,107.86039963247919
2011-07-31 15:00:00,112.12863172122722
2011-07-31 16:00:00,116.39391912273872
2011-07-31 17:00:00,120.821454795171
2011-07-31 18:00:00,124.90475836504869
2011-07-31 19:00:00,128.99855090872734
2011-07-31 20:00:00,133.90555713504213
2011-07-31 21:00:00,138.7485017370191
2011-07-31 22:00:00,143.4605470531699
2011-07-31 23:00:00,148.91767655316357
2011-08-20 00:00:00,62.24662180959783
2011-08-20 01:00:00,64.75242234988383
2011-08-20 02:00:00,67.23759718549347
2011-08-20 03:00:00,69.79526396320098
2011-08-20 04:00:00,72.27213143168919
2011-08-20 05:00:00,75.04591001528266
2011-08-20 06:00:00,77.90059904171223
2011-08-20 07:00:00,81.0100003594691
2011-08-20 08:00:00,84.4232353820392
2011-08-20 09:00:00,87.95143975771055
2011-08-20 10:00:00,91.4920136693025
2011-08-20 11:00:00,94.94116554702312
2011-08-20 12:00:00,98.73052645537032
2011-08-20 13:00:00,102.67135403358674
2011-08-20 14:00:00,106.9972577472901
2011-08-20 15:00:00,111.03094088168851
2011-08-20 16:00:00,115.2544729631112
2011-08-20 17:00:00,119.67789845832563
2011-08-20 18:00:00,123.78286518938013
2011-08-20 19:00:00,128.21765690941658
2011-08-20 20:00:00,133.0949585251779
2011-08-20 21:00:00,137.95411066168916
2011-08-20 22:00:00,142.94378915032988
2011-08-20 23:00:00,148.38126157488455
2011-08-21 00:00:00,62.872737622033675
2011-08-21 01:00:00,65.12529087967262
2011-08-21 02:00:00,67.60260714087026
2011-08-21 03:00:00,70.0246183129539
2011-08-21 04:00:00,72.84352994704469
2011-08-21 05:00:00,75.42840932129658
2011-08-21 06:00:00,78.2976483288147
2011-08-21 07:00:00,81.47648606974892
2011-08-21 08:00:00,84.75640419026445
2011-08-21 09:00:00,88.16835872270963
2011-08-21 10:00:00,91.68739843506181
2011-08-21 11:00:00,95.7547693948529
2011-08-21 12:00:00,99.57660345220857
2011-08-21 13:00:00,103.14415293350055
2011-08-21 14:00:00,106.03643979247906
2011-08-21 15:00:00,110.06998487195906
2011-08-21 16:00:00,114.50096312496512
2011-08-21 17:00:00,118.85649219885981
2011-08-21 18:00:00,123.37770226788157
2011-08-21 19:00:00,128.0286327874296
2011-08-21 20:00:00,132.6593154969585
2011-08-21 21:00:00,137.7055744086794
2011-08-21 22:00:00,142.94378915032988
2011-08-21 23:00:00,148.38126157488455
2011-08-22 00:00:00,62.73875655895855
2011-08-22 01:00:00,65.12529087967262
2011-08-22 02:00:00,67.7246188948943
2011-08-22 03:00:00,70.30081160598282
2011-08-22 04:00:00,72.84352994704469
2011-08-22 05:00:00,75.47805227527193
2011-08-22 06:00:00,78.34917966279536
2011-08-22 07:00:00,81.32952254047636
2011-08-22 08:00:00,84.4232353820392
2011-08-22 09:00:00,87.79298763780372
2011-08-22 10:00:00,91.29704526617707
2011-08-22 11:00:00,94.9098353127628
2011-08-22 12:00:00,98.66559002904462
2011-08-22 13:00:00,102.4187536203016
2011-08-22 14:00:00,106.31468468437863
2011-08-22 15:00:00,110.35881398676172
2011-08-22 16:00:00,114.55677887510322
2011-08-22 17:00:00,118.91443113744866
2011-08-22 18:00:00,123.25586764658772
2011-08-22 19:00:00,127.71392365119011
2011-08-22 20:00:00,132.13784521437213
2011-08-22 21:00:00,136.96205418518713
2011-08-22 22:00:00,142.17198598613507
2011-08-22 23:00:00,147.36253051999049
2011-08-23 00:00:00,62.349023190104326
2011-08-23 01:00:00,64.51917825131683
2011-08-23 02:00:00,66.85263485103869
2011-08-23 03:00:00,69.39565795593934
2011-08-23 04:00:00,71.90563768794584
2011-08-23 05:00:00,74.6408731565329
2011-08-23 06:00:00,77.48015489060322
2011-08-23 07:00:00,80.97035386152565
2011-08-23 08:00:00,84.1744979567324
2011-08-23 09:00:00,87.63463069421157
2011-08-23 10:00:00,91.26711575414252
2011-08-23 11:00:00,94.73884704188586
2011-08-23 12:00:00,98.34264033284575
2011-08-23 13:00:00,102.26776337882684
2011-08-23 14:00:00,106.15795088958633
2011-08-23 15:00:00,110.19611815827601
2011-08-23 16:00:00,114.38789422172178
2011-08-23 17:00:00,118.73912224100532
2011-08-23 18:00:00,123.25586764658772
2011-08-23 19:00:00,127.29561728095754
2011-08-23 20:00:00,131.94304177797378
2011-08-23 21:00:00,136.7601386872602
2011-08-23 22:00:00,141.96238977707966
2011-08-23 23:00:00,147.3142213045302
2011-08-24 00:00:00,62.44107657776195
2011-08-24 01:00:00,64.69951523619144
2011-08-24 02:00:00,66.97343845164988
2011-08-24 03:00:00,69.52105683313452
2011-08-24 04:00:00,72.03541571500094
2011-08-24 05:00:00,74.77558784049083
2011-08-24 06:00:00,77.61999401811731
2011-08-24 07:00:00,80.94380970368044
2011-08-24 08:00:00,84.14690339830764
2011-08-24 09:00:00,87.47674933321271
2011-08-24 10:00:00,91.29704526617707
2011-08-24 11:00:00,94.94116554702312
2011-08-24 12:00:00,98.73052645537032
2011-08-24 13:00:00,102.63747286565328
2011-08-24 14:00:00,106.5417238425603
2011-08-24 15:00:00,110.59448954089486
2011-08-24 16:00:00,114.83931589752923
2011-08-24 17:00:00,119.20771565214062
2011-08-24 18:00:00,123.51908536213188
2011-08-24 19:00:00,128.21765690941658
2011-08-24 20:00:00,132.85517645469307
2011-08-24 21:00:00,137.6601320773122
2011-08-24 22:00:00,142.896618227429
2011-08-24 23:00:00,148.06506285476925
2011-08-25 00:00:00,62.73875655895855
2011-08-25 01:00:00,65.12529087967262
2011-08-25 02:00:00,67.60260714087026
2011-08-25 03:00:00,70.04758170605776
2011-08-25 04:00:00,72.68830124300567
2011-08-25 05:00:00,75.45330863469368
2011-08-25 06:00:00,78.32349479305195
2011-08-25 07:00:00,81.47648606974892
2011-08-25 08:00:00,84.75640419026445
2011-08-25 09:00:00,88.139263489707
2011-08-25 10:00:00,91.65734095525087
2011-08-25 11:00:00,94.80119909551779
2011-08-25 12:00:00,98.40736421091478
2011-08-25 13:00:00,102.15070508952552
2011-08-25 14:00:00,106.26288474783519
2011-08-25 15:00:00,110.46790026853672
2011-08-25 16:00:00,114.53851178556987
2011-08-25 17:00:00,118.89546918179902
2011-08-25 18:00:00,123.41816190544445
2011-08-25 19:00:00,127.25388651411555
2011-08-25 20:00:00,131.8562610231331
2011-08-25 21:00:00,136.87197235679696
2011-08-25 22:00:00,141.82251085754046
2011-08-25 23:00:00,147.21733071332292
2011-08-26 00:00:00,62.379551899709696
2011-08-26 01:00:00,64.75242234988383
2011-08-26 02:00:00,67.19337409226479
2011-08-26 03:00:00,69.62369915963122
2011-08-26 04:00:00,72.40257092057851
2011-08-26 05:00:00,75.15670934931059
2011-08-26 06:00:00,78.01561309767399
2011-08-26 07:00:00,81.12960519986086
2011-08-26 08:00:00,84.39555928110951
2011-08-26 09:00:00,87.98047298911445
2011-08-26 10:00:00,91.65734095525087
2011-08-26 11:00:00,95.31563546614846
2011-08-26 12:00:00,98.97403041245764
2011-08-26 13:00:00,102.92435395889416
2011-08-26 14:00:00,107.06767763271036
2011-08-26 15:00:00,111.14045021100473
2011-08-26 16:00:00,115.12229977962478
2011-08-26 17:00:00,119.0710089121001
2011-08-26 18:00:00,123.60037903284419
2011-08-26 19:00:00,128.0708957103821
2011-08-26 20:00:00,132.94261464236618
2011-08-26 21:00:00,137.99965003692844
2011-08-26 22:00:00,143.24905119058633
2011-08-26 23:00:00,148.38126157488455
2011-08-27 00:00:00,62.872737622033675
2011-08-27 01:00:00,65.2643684799266
2011-08-27 02:00:00,67.74697514667976
2011-08-27 03:00:00,70.32401827248948
2011-08-27 04:00:00,72.99909014803909
2011-08-27 05:00:00,75.775919712002107
2011-08-27 06:00:00,78.65837774902784
2011-08-27 07:00:00,81.6504822854532
2011-08-27 08:00:00,84.75640419026445
2011-08-27 09:00:00,87.98047298911445
2011-08-27 10:00:00,91.32718289950073
2011-08-27 11:00:00,94.36643826566252
2011-08-27 12:00:00,97.98840122235818
2011-08-27 13:00:00,101.71580506928166
2011-08-27 14:00:00,105.35999612454577
2011-08-27 15:00:00,109.36780980420062
2011-08-27 16:00:00,113.52807765129727
2011-08-27 17:00:00,117.84659890577731
2011-08-28 07:00:00,81.0100003594691
2011-08-28 08:00:00,84.09155882161758
2011-08-28 09:00:00,87.63463069421157
2011-08-28 10:00:00,91.29704526617707
2011-08-28 11:00:00,94.76991504966993
2011-08-28 12:00:00,98.69816005762866
2011-08-28 13:00:00,102.63747286565328
2011-08-28 14:00:00,106.73424615501938
2011-08-28 15:00:00,110.79433525489053
2011-08-28 16:00:00,115.21643941236765
2011-08-28 17:00:00,119.16837754589871
2011-08-28 18:00:00,123.4785926392725
2011-08-28 19:00:00,127.98666171931225
2011-08-28 20:00:00,132.8113347367508
2011-08-28 21:00:00,137.16426779533228
2011-08-28 22:00:00,142.12537836424374
2011-08-28 23:00:00,147.26560815514705
2011-08-29 00:00:00,62.400008222163464
2011-08-29 01:00:00,64.67816463493013
2011-08-29 02:00:00,67.1384725557127
2011-08-29 03:00:00,69.69236870830784
2011-08-29 04:00:00,72.03541571500094
2011-08-29 05:00:00,74.77558784049083
2011-08-29 06:00:00,77.61999401811731
2011-08-29 07:00:00,80.94380970368044
2011-08-29 08:00:00,84.1744979567324
2011-08-29 09:00:00,87.37643148746537
2011-08-29 10:00:00,90.96818502817891
2011-08-29 11:00:00,94.42854521971066
2011-08-29 12:00:00,98.19765927726515
2011-08-29 13:00:00,102.08351916463164
2011-08-29 14:00:00,105.96669816638192
2011-08-29 15:00:00,109.99759032773936
2011-08-29 16:00:00,114.38789422172178
2011-08-29 17:00:00,118.52520345028644
2011-08-29 18:00:00,122.6308341312164
2011-08-29 19:00:00,127.29561728095754
2011-08-29 20:00:00,131.94304177797378
2011-08-29 21:00:00,136.96205418518713
2011-08-29 22:00:00,141.96238977707966
2011-08-29 23:00:00,147.0970441854852
2011-08-30 00:00:00,62.04274303362719
2011-08-30 01:00:00,64.4028015321065
2011-08-30 02:00:00,66.73219405163069
2011-08-30 03:00:00,69.27063568062766
2011-08-30 04:00:00,71.77593761374082
2011-08-30 05:00:00,74.50623939069187
2011-08-30 06:00:00,77.48015489060322
2011-08-30 07:00:00,80.57259923151162
2011-08-30 08:00:00,84.1744979567324
2011-08-30 09:00:00,87.63463069421157
2011-08-30 10:00:00,91.26711575414252
2011-08-30 11:00:00,94.9098353127628
2011-08-30 12:00:00,98.5201328667854
2011-08-30 13:00:00,102.4187536203016
2011-08-30 14:00:00,106.31468468437863
2011-08-30 15:00:00,110.35881398676172
2011-08-30 16:00:00,114.55677887510322
2011-08-30 17:00:00,118.73912224100532
2011-08-30 18:00:00,123.03381154866199
2011-08-30 19:00:00,127.29561728095754
2011-08-30 20:00:00,132.13784521437213
2011-08-30 21:00:00,136.917154512508
2011-08-30 22:00:00,141.91585086619915
2011-08-30 23:00:00,147.3142213045302
2011-08-31 00:00:00,62.30801537928606
2011-08-31 01:00:00,64.67816463493013
2011-08-31 02:00:00,66.85263485103869
2011-08-31 03:00:00,69.39565795593934
2011-08-31 04:00:00,72.03541571500094
2011-08-31 05:00:00,74.6408731565329
2011-08-31 06:00:00,77.48015489060322
2011-08-31 07:00:00,80.89057184580555
2011-08-31 08:00:00,84.14690339830764
2011-08-31 09:00:00,87.47674933321271
2011-08-31 10:00:00,91.26711575414252
2011-08-31 11:00:00,94.9098353127628
2011-08-31 12:00:00,98.69816005762866
2011-08-31 13:00:00,102.4187536203016
2011-08-31 14:00:00,106.31468468437863
2011-08-31 15:00:00,110.35881398676172
2011-08-31 16:00:00,114.59459466844474
2011-08-31 17:00:00,118.73912224100532
2011-08-31 18:00:00,123.07415841306079
2011-08-31 19:00:00,129.42217226651366
2011-08-31 20:00:00,132.13784521437213
2011-08-31 21:00:00,137.16426779533228
2011-08-31 22:00:00,142.12537836424374
2011-08-31 23:00:00,147.00029643465865
2011-09-20 00:00:00,62.04274303362719
2011-09-20 01:00:00,64.2867743191489
2011-09-20 02:00:00,66.73219405163069
2011-09-20 03:00:00,69.27063568062766
2011-09-20 04:00:00,71.90563768794584
2011-09-20 05:00:00,74.6408731565329
2011-09-20 06:00:00,77.48015489060322
2011-09-20 07:00:00,80.42744073052737
2011-09-20 08:00:00,83.48683906989709
2011-09-20 09:00:00,86.66261458245458
2011-09-20 10:00:00,90.12155593862809
2011-09-20 11:00:00,93.5497110070438
2011-09-20 12:00:00,97.10827047261728
2011-09-20 13:00:00,100.80219481889112
2011-09-20 14:00:00,104.8257130107708
2011-09-20 15:00:00,109.24238741302466
2011-09-20 16:00:00,113.15623473296756
2011-09-20 17:00:00,117.46061136719722
2011-09-20 18:00:00,121.92872319686738
2011-09-20 19:00:00,126.33877755744224
2011-09-20 20:00:00,130.90805544166867
2011-09-20 21:00:00,135.88769776014365
2011-09-20 22:00:00,141.05676186428542
2011-09-20 23:00:00,146.42245321396277
2011-09-21 00:00:00,61.93096767002206
2011-09-21 01:00:00,64.2867743191489
2011-09-21 02:00:00,66.73219405163069
2011-09-21 03:00:00,69.27063568062766
2011-09-21 04:00:00,71.90563768794584
2011-09-21 05:00:00,74.6408731565329
2011-09-21 06:00:00,77.48015489060322
2011-09-21 07:00:00,80.42744073052737
2011-09-21 08:00:00,83.48683906989709
2011-09-21 09:00:00,86.819026562121
2011-09-21 10:00:00,90.4177045551291
2011-09-21 11:00:00,94.05756044351297
2011-09-21 12:00:00,97.81165426178005
2011-09-21 13:00:00,101.74916105283364
2011-09-21 14:00:00,105.6196213277079
2011-09-21 15:00:00,109.63731095154546
2011-09-21 16:00:00,113.807830416189
2011-09-21 17:00:00,118.13699325190761
2011-09-21 18:00:00,122.32939340623525
2011-09-21 19:00:00,126.71211132252391
2011-09-21 20:00:00,131.53214313550959
2011-09-21 21:00:00,136.19960947176912
2011-09-21 22:00:00,141.7292322398902
2011-09-21 23:00:00,146.80699178813606
2011-09-22 00:00:00,62.20568134957719
2011-09-22 01:00:00,64.57193789698992
2011-09-22 02:00:00,67.02820503389707
2011-09-22 03:00:00,69.57790669428823
2011-09-22 04:00:00,72.22459705598386
2011-09-22 05:00:00,74.97196549501035
2011-09-22 06:00:00,77.79816014786721
2011-09-22 07:00:00,80.75754266458658
2011-09-22 08:00:00,83.82949782908602
2011-09-22 09:00:00,87.23292535456628
2011-09-22 10:00:00,90.74457474419623
2011-09-22 11:00:00,94.19642897152883
2011-09-22 12:00:00,97.98840122235818
2011-09-22 13:00:00,101.71580506928166
2011-09-22 14:00:00,105.58499650805022
2011-09-22 15:00:00,109.83542703109546
2011-09-22 16:00:00,114.01348267989795
2011-09-22 17:00:00,118.0982649168234
2011-09-22 18:00:00,122.32939340623525
2011-09-22 19:00:00,126.98270998132166
2011-09-22 20:00:00,131.53214313550959
2011-09-22 21:00:00,136.82710221525073
2011-09-22 22:00:00,141.63601497287092
2011-09-22 23:00:00,147.12050384839105
2011-09-23 00:00:00,62.33852400973889
2011-09-23 01:00:00,64.55062939577972
2011-09-23 02:00:00,67.00608597359627
2011-09-23 03:00:00,69.55494624184892
2011-09-23 04:00:00,72.20076320549252
2011-09-23 05:00:00,75.13207105318179
2011-09-23 06:00:00,77.99003757960232
2011-09-23 07:00:00,80.95671896708869
2011-09-23 08:00:00,84.03625064581738
2011-09-23 09:00:00,87.17555105875492
2011-09-23 10:00:00,90.4916423544657
2011-09-23 11:00:00,93.93387522712027
2011-09-23 12:00:00,97.57122194162861
2011-09-23 13:00:00,101.0335725347537
2011-09-23 14:00:00,104.87681236963881
2011-09-23 15:00:00,109.13474829013293
2011-09-23 16:00:00,113.28615065546573
2011-09-23 17:00:00,117.30615125717453
2011-09-23 18:00:00,121.76838754238103
2011-09-23 19:00:00,126.71211132252391
2011-09-23 20:00:00,131.25184968826403
2011-09-23 21:00:00,136.19960947176912
2011-09-23 22:00:00,141.4272089159103
2011-09-23 23:00:00,146.68704053498584
2011-09-24 00:00:00,62.15485509573151
2011-09-24 01:00:00,64.51917825131683
2011-09-24 02:00:00,66.97343845164988
2011-09-24 03:00:00,69.52105683313452
2011-09-24 04:00:00,72.03541571500094
2011-09-24 05:00:00,74.77558784049083
2011-09-24 06:00:00,77.61999401811731
2011-09-24 07:00:00,80.57259923151162
2011-09-24 08:00:00,83.78865339935453
2011-09-24 09:00:00,87.10432273055207
2011-09-24 10:00:00,90.4177045551291
2011-09-24 11:00:00,94.05756044351297
2011-09-24 12:00:00,97.63543811327735
2011-09-24 13:00:00,101.53233478948847
2011-09-24 14:00:00,105.6196213277079
2011-09-24 15:00:00,109.63731095154546
2011-09-24 16:00:00,113.56530727051167
2011-09-24 17:00:00,118.13699325190761
2011-09-24 18:00:00,122.36950926857929
2011-09-24 19:00:00,126.75366442332505
2011-09-24 20:00:00,131.61871057325234
2011-09-24 21:00:00,136.6253856694669
2011-09-24 22:00:00,141.77570995233825
2011-09-24 23:00:00,146.90361231615947
2011-09-25 00:00:00,62.24662180959783
2011-09-25 01:00:00,64.61443570080097
2011-09-25 02:00:00,67.02820503389707
2011-09-25 03:00:00,69.57790669428823
2011-09-25 04:00:00,72.22459705598386
2011-09-25 05:00:00,75.02130804201612
2011-09-25 06:00:00,77.87506122819673
2011-09-25 07:00:00,80.78420115284158
2011-09-25 08:00:00,84.06380891753733
2011-09-25 09:00:00,87.41921467101423
2011-09-25 10:00:00,90.74457474419623
2011-09-25 11:00:00,94.3975891217085
2011-09-25 12:00:00,97.98840122235818
2011-09-25 13:00:00,101.93302314056943
2011-09-25 14:00:00,105.58499650805022
2011-09-25 15:00:00,109.60136903022696
2011-09-25 16:00:00,114.21925854554135
2011-09-25 17:00:00,118.35046837045769
2011-09-25 18:00:00,122.85242968002322
2011-09-25 19:00:00,126.98270998132166
2011-09-25 20:00:00,131.8130351603506
2011-09-25 21:00:00,136.53552527259393
2011-09-25 22:00:00,141.77570995233825
2011-09-25 23:00:00,147.12050384839105
2011-09-26 00:00:00,62.33852400973889
2011-09-26 01:00:00,64.73105428947024
2011-09-26 02:00:00,67.19337409226479
2011-09-26 03:00:00,69.72649302938211
2011-09-26 04:00:00,72.37883550163491
2011-09-26 05:00:00,75.15670934931059
2011-09-26 06:00:00,77.99003757960232
2011-09-26 07:00:00,80.95671896708869
2011-09-26 08:00:00,84.03625064581738
2011-09-26 09:00:00,87.41921467101423
2011-09-26 10:00:00,90.74457474419623
2011-09-26 11:00:00,94.59917885723947
2011-09-26 12:00:00,98.19765927726515
2011-09-26 13:00:00,102.15070508952552
2011-09-26 14:00:00,106.00144815866365
2011-09-26 15:00:00,110.26864336291986
2011-09-26 16:00:00,114.21925854554135
2011-09-26 17:00:00,118.56407179266529
2011-09-26 18:00:00,122.59063259988255
2011-09-26 19:00:00,127.25388651411555
2011-09-26 20:00:00,131.8130351603506
2011-09-26 21:00:00,136.82710221525073
2011-09-26 22:00:00,141.7292322398902
2011-09-26 23:00:00,147.12050384839105
2011-09-27 00:00:00,62.33852400973889
2011-09-27 01:00:00,64.70983379035422
2011-09-27 02:00:00,67.17134638159048
2011-09-27 03:00:00,69.72649302938211
2011-09-27 04:00:00,72.37883550163491
2011-09-27 05:00:00,75.13207105318179
2011-09-27 06:00:00,77.99003757960232
2011-09-27 07:00:00,80.95671896708869
2011-09-27 08:00:00,84.21571333867132
2011-09-27 09:00:00,87.41921467101423
2011-09-27 10:00:00,90.71462936941377
2011-09-27 11:00:00,94.36643826566252
2011-09-27 12:00:00,97.95606541157049
2011-09-27 13:00:00,102.15070508952552
2011-09-27 14:00:00,105.81047738865462
2011-09-27 15:00:00,109.83542703109546
2011-09-27 16:00:00,113.77052129166974
2011-09-27 17:00:00,118.05929292522983
2011-09-27 18:00:00,122.32939340623525
2011-09-27 19:00:00,126.98270998132166
2011-09-27 20:00:00,131.66187271056242
2011-09-27 21:00:00,136.37894709761906
2011-09-27 22:00:00,141.52028875792527
2011-09-27 23:00:00,146.90361231615947
2011-09-28 00:00:00,62.24662180959783
2011-09-28 01:00:00,64.61443570080097
2011-09-28 02:00:00,67.07231942166534
2011-09-28 03:00:00,69.57790669428823
2011-09-28 04:00:00,72.27213143168919
2011-09-28 05:00:00,74.97196549501035
2011-09-28 06:00:00,77.82384172843705
2011-09-28 07:00:00,80.78420115284158
2011-09-28 08:00:00,84.03625064581738
2011-09-28 09:00:00,87.23292535456628
2011-09-28 10:00:00,90.55119912461335
2011-09-28 11:00:00,94.3975891217085
2011-09-28 12:00:00,98.19765927726515
2011-09-28 13:00:00,102.15070508952552
2011-09-28 14:00:00,106.22781838802018
2011-09-28 15:00:00,110.0336621831528
2011-09-28 16:00:00,114.21925854554135
2011-09-28 17:00:00,118.56407179266529
2011-09-28 18:00:00,122.59063259988255
2011-09-28 19:00:00,127.25388651411555
2011-09-28 20:00:00,131.38130281112095
2011-09-28 21:00:00,136.33423858239243
2011-09-28 22:00:00,141.52028875792527
2011-09-28 23:00:00,146.80699178813606
2011-09-29 00:00:00,62.20568134957719
2011-09-29 01:00:00,64.55062939577972
2011-09-29 02:00:00,67.00608597359627
2011-09-29 03:00:00,69.57790669428823
2011-09-29 04:00:00,72.27213143168919
2011-09-29 05:00:00,75.02130804201612
2011-09-29 06:00:00,77.87506122819673
2011-09-29 07:00:00,80.83736900320255
2011-09-29 08:00:00,83.93987834467757
2011-09-29 09:00:00,87.31896280569488
2011-09-29 10:00:00,90.80429798094573
2011-09-29 11:00:00,94.11946411066093
2011-09-29 12:00:00,98.02053486665497
2011-09-29 13:00:00,101.59915795423925
2011-09-29 14:00:00,105.81047738865462
2011-09-29 15:00:00,109.83542703109546
2011-09-29 16:00:00,114.01348267989795
2011-09-29 17:00:00,118.13699325190761
2011-09-29 18:00:00,122.45004634965073
2011-09-29 19:00:00,126.92056432365237
2011-09-29 20:00:00,131.55429604523226
2011-09-29 21:00:00,136.13324863790288
2011-09-29 22:00:00,141.05676186428542
2011-09-29 23:00:00,145.8950262564767
2011-09-30 00:00:00,61.81925944573444
2011-09-30 01:00:00,64.17081679943703
2011-09-30 02:00:00,66.61182559654624
2011-09-30 03:00:00,69.14568850156229
2011-09-30 04:00:00,71.77593761374082
2011-09-30 05:00:00,74.50623939069187
2011-09-30 06:00:00,77.34039975926932
2011-09-30 07:00:00,80.28236942087375
2011-09-30 08:00:00,83.48683906989709
2011-09-30 09:00:00,86.819026562121
2011-09-30 10:00:00,90.53675993665779
2011-09-30 11:00:00,94.28933449568942
2011-09-30 12:00:00,97.87602867315188
2011-09-30 13:00:00,101.74916105283364
2011-09-30 14:00:00,105.46391222595624
2011-09-30 15:00:00,109.47567879464
2011-09-30 16:00:00,113.47251672453324
2011-09-30 17:00:00,117.7889244838488
2011-09-30 18:00:00,121.70905806436576
2011-09-30 19:00:00,125.88369382132785
2011-09-30 20:00:00,130.6722132660914
2011-09-30 21:00:00,135.39821794734004
2011-09-30 22:00:00,140.54866261372717
2011-09-30 23:00:00,145.8950262564767
2011-10-20 00:00:00,62.04274303362719
2011-10-20 01:00:00,64.4028015321065
2011-10-20 02:00:00,66.85263485103869
2011-10-20 03:00:00,69.02096669645803
2011-10-20 04:00:00,71.64647148655007
2011-10-20 05:00:00,74.23786115843984
2011-10-20 06:00:00,76.78422898546313
2011-10-20 07:00:00,79.56127405542303
2011-10-20 08:00:00,82.73696119305188
2011-10-20 09:00:00,85.88421192463521
2011-10-20 10:00:00,89.31208510731938
2011-10-20 11:00:00,92.876975731275
2011-10-20 12:00:00,96.4099448614253
2011-10-20 13:00:00,100.25792875891442
2011-10-20 14:00:00,103.88416960121036
2011-10-20 15:00:00,107.83584396853996
2011-10-20 16:00:00,111.93783700680247
2011-10-20 17:00:00,116.19586672328535
2011-10-20 18:00:00,120.39830729079704
2011-10-20 19:00:00,124.9781668268295
2011-10-20 20:00:00,129.73224071721435
2011-10-20 21:00:00,134.42454142275332
2011-10-20 22:00:00,139.53794817875382
2011-10-20 23:00:00,144.58459872382215
2011-10-21 00:00:00,61.153627142577264
2011-10-21 01:00:00,63.479864352502844
2011-10-21 02:00:00,65.77573222369317
2011-10-21 03:00:00,68.10995609663031
2011-10-21 04:00:00,70.70080674019044
2011-10-21 05:00:00,73.25783348115321
2011-10-21 06:00:00,76.18191887670122
2011-10-21 07:00:00,79.07982081146855
2011-10-21 08:00:00,82.43893515431357
2011-10-21 09:00:00,85.72929794267442
2011-10-21 10:00:00,89.31208510731938
2011-10-21 11:00:00,93.0446036260662
2011-10-21 12:00:00,96.58394919314273
2011-10-21 13:00:00,100.0773054354864
2011-10-21 14:00:00,104.2597225786465
2011-10-21 15:00:00,108.03047019710904
2011-10-21 16:00:00,112.13986666826798
2011-10-21 17:00:00,115.98627797585301
2011-10-21 18:00:00,120.18139933481605
2011-10-21 19:00:00,124.75300785808113
2011-10-21 20:00:00,129.49851687348269
2011-10-21 21:00:00,134.18207263229246
2011-10-21 22:00:00,139.28625606092922
2011-10-21 23:00:00,144.32411707352992
2011-10-22 00:00:00,61.153627142577264
2011-10-22 01:00:00,63.479864352502844
2011-10-22 02:00:00,65.89458984692918
2011-10-22 03:00:00,68.40116965252811
2011-10-22 04:00:00,70.87502572262045
2011-10-22 05:00:00,73.57105750019596
2011-10-22 06:00:00,76.23205775045682
2011-10-22 07:00:00,79.10575370557953
2011-10-22 08:00:00,82.43893515431357
2011-10-22 09:00:00,85.72929794267442
2011-10-22 10:00:00,89.15118166722178
2011-10-22 11:00:00,92.54242444043646
2011-10-22 12:00:00,96.23604504765957
2011-10-22 13:00:00,100.25792875891442
2011-10-22 14:00:00,103.88416960121036
2011-10-22 15:00:00,107.83584396853996
2011-10-22 16:00:00,112.13986666826798
2011-10-22 17:00:00,115.98627797585301
2011-10-22 18:00:00,120.18139933481605
2011-10-22 19:00:00,124.75300785808113
2011-10-22 20:00:00,129.26493341899993
2011-10-22 21:00:00,133.94033203179006
2011-10-22 22:00:00,139.03531983285225
2011-10-22 23:00:00,144.06379188490905
2011-10-23 00:00:00,60.93334623076977
2011-10-23 01:00:00,63.251204123267705
2011-10-23 02:00:00,65.51731677059618
2011-10-23 03:00:00,68.0318479807979
2011-10-23 04:00:00,70.61972745136411
2011-10-23 05:00:00,73.17398069722691
2011-10-23 06:00:00,75.93239728147022
2011-10-23 07:00:00,78.9632378535821
2011-10-23 08:00:00,82.08795671969511
2011-10-23 09:00:00,85.5748492032955
2011-10-23 10:00:00,88.990374875856
2011-10-23 11:00:00,92.70944852434621
2011-10-23 12:00:00,96.58394919314273
2011-10-23 13:00:00,100.43909617005512
2011-10-23 14:00:00,104.2597225786465
2011-10-23 15:00:00,108.22568269403769
2011-10-23 16:00:00,112.34250489929315
2011-10-23 17:00:00,116.40558143857301
2011-10-23 18:00:00,120.83356073658098
2011-10-23 19:00:00,124.9781668268295
2011-10-23 20:00:00,129.49851687348269
2011-10-23 21:00:00,134.42454142275332
2011-10-23 22:00:00,139.28625606092922
2011-10-23 23:00:00,144.58459872382215
2011-10-24 00:00:00,61.26399953246231
2011-10-24 01:00:00,63.479864352502844
2011-10-24 02:00:00,65.89458984692918
2011-10-24 03:00:00,68.40116965252811
2011-10-24 04:00:00,71.00309783705217
2011-10-24 05:00:00,73.57105750019596
2011-10-24 06:00:00,76.50764522806939
2011-10-24 07:00:00,79.27468712979996
2011-10-24 08:00:00,82.58772407686342
2011-10-24 09:00:00,85.88421192463521
2011-10-24 10:00:00,89.31208510731938
2011-10-24 11:00:00,93.0446036260662
2011-10-24 12:00:00,96.75847767432792
2011-10-24 13:00:00,100.62059095311798
2011-10-24 14:00:00,104.4481212844609
2011-10-24 15:00:00,108.61693073044998
2011-10-24 16:00:00,112.54550930029765
2011-10-24 17:00:00,116.61592787294096
2011-10-24 18:00:00,121.27065099779658
2011-10-24 19:00:00,125.2040040370474
2011-10-24 20:00:00,129.96666860220236
2011-10-24 21:00:00,134.66715594276272
2011-10-24 22:00:00,140.04239358275564
2011-10-24 23:00:00,145.1072883381357
2011-10-25 00:00:00,61.3747043946993
2011-10-25 01:00:00,63.709351214229144
2011-10-25 02:00:00,66.01351890644258
2011-10-25 03:00:00,68.40116965252811
2011-10-25 04:00:00,70.87502572262045
2011-10-25 05:00:00,73.57105750019596
2011-10-25 06:00:00,76.36964426482922
2011-10-25 07:00:00,79.41793754414705
2011-10-25 08:00:00,82.73696119305188
2011-10-25 09:00:00,86.19469302706764
2011-10-25 10:00:00,89.63495835751574
2011-10-25 11:00:00,93.21273646272276
2011-10-25 12:00:00,96.93332153080053
2011-10-25 13:00:00,100.80219481889112
2011-10-25 14:00:00,104.63663322240845
2011-10-25 15:00:00,108.61693073044998
2011-10-25 16:00:00,112.74863571180785
2011-10-25 17:00:00,117.03750759097954
2011-10-25 18:00:00,121.05190858845224
2011-10-25 19:00:00,125.2040040370474
2011-10-25 20:00:00,129.73224071721435
2011-10-25 21:00:00,134.42454142275332
2011-10-25 22:00:00,139.78979156956754
2011-10-25 23:00:00,144.84586501732997
2011-10-26 00:00:00,61.3747043946993
2011-10-26 01:00:00,63.709351214229144
2011-10-26 02:00:00,66.13280621337795
2011-10-26 03:00:00,68.64844758738319
2011-10-26 04:00:00,71.13124692589109
2011-10-26 05:00:00,73.83702516209661
2011-10-26 06:00:00,76.64572913319266
2011-10-26 07:00:00,79.56127405542303
2011-10-26 08:00:00,82.73696119305188
2011-10-26 09:00:00,86.19469302706764
2011-10-26 10:00:00,89.79692991980868
2011-10-26 11:00:00,93.21273646272276
2011-10-26 12:00:00,97.28374640933028
2011-10-26 13:00:00,100.80219481889112
2011-10-26 14:00:00,104.2597225786465
2011-10-26 15:00:00,108.22568269403769
2011-10-26 16:00:00,112.34250489929315
2011-10-26 17:00:00,116.61592787294096
2011-10-26 18:00:00,121.05190858845224
2011-10-26 19:00:00,125.42997698083579
2011-10-26 20:00:00,130.20123738396208
2011-10-26 21:00:00,135.39821794734004
2011-10-26 22:00:00,140.04239358275564
2011-10-26 23:00:00,145.3694991387308
2011-10-27 00:00:00,61.48547579320911
2011-10-27 01:00:00,63.824336272027104
2011-10-27 02:00:00,66.25216521484089
2011-10-27 03:00:00,68.77234691398327
2011-10-27 04:00:00,71.51739417613693
2011-10-27 05:00:00,74.23786115843984
2011-10-27 06:00:00,77.20089671179815
2011-10-27 07:00:00,79.84889702507112
2011-10-27 08:00:00,83.03606462949803
2011-10-27 09:00:00,86.35026048413155
2011-10-27 10:00:00,89.63495835751574
2011-10-27 11:00:00,93.0446036260662
2011-10-27 12:00:00,96.58394919314273
2011-10-27 13:00:00,100.25792875891442
2011-10-27 14:00:00,104.2597225786465
2011-10-27 15:00:00,108.22568269403769
2011-10-27 16:00:00,112.74863571180785
2011-10-27 17:00:00,116.40558143857301
2011-10-27 18:00:00,120.61586863390096
2011-10-27 19:00:00,124.75300785808113
2011-10-27 20:00:00,129.26493341899993
2011-10-27 21:00:00,133.94033203179006
2011-10-27 22:00:00,138.35232983019552
2011-10-27 23:00:00,143.35610027301874
2011-10-28 00:00:00,60.76350669028079
2011-10-28 01:00:00,62.96113241261071
2011-10-28 02:00:00,65.35612574073816
2011-10-28 03:00:00,67.71999915592892
2011-10-28 04:00:00,70.29601613568015
2011-10-28 05:00:00,72.97002283135978
2011-10-28 06:00:00,75.60912001103009
2011-10-28 07:00:00,78.48523311498904
2011-10-28 08:00:00,81.617970093578
2011-10-28 09:00:00,84.87556592684254
2011-10-28 10:00:00,88.26337294995635
2011-10-28 11:00:00,91.8165040468051
2011-10-28 12:00:00,95.54399178948148
2011-10-28 13:00:00,99.17841217091413
2011-10-28 14:00:00,102.6980174955959
2011-10-28 15:00:00,106.56939242872825
2011-10-28 16:00:00,110.65972792075748
2011-10-28 17:00:00,114.86913934502738
2011-10-28 18:00:00,119.23867356077453
2011-10-28 19:00:00,123.77442151653435
2011-10-28 20:00:00,128.20891072353425
2011-10-28 21:00:00,132.88967857053117
2011-10-28 22:00:00,137.6507417863587
2011-10-28 23:00:00,142.83971859695438
2011-10-29 00:00:00,60.41561113237421
2011-10-29 01:00:00,62.826962981278314
2011-10-29 02:00:00,65.21685260684256
2011-10-29 03:00:00,67.69765180612086
2011-10-29 04:00:00,70.27281870977528
2011-10-29 05:00:00,72.65935767854718
2011-10-29 06:00:00,75.42326407917754
2011-10-29 07:00:00,78.29230736562016
2011-10-29 08:00:00,81.44404316097152
2011-10-29 09:00:00,84.54211227935966
2011-10-29 10:00:00,87.57101825077397
2011-10-29 11:00:00,90.90215281603996
2011-10-29 12:00:00,94.15892114197341
2011-10-29 13:00:00,97.74065449519271
2011-10-29 14:00:00,101.45863424607654
2011-10-29 15:00:00,105.19726496197276
2011-10-29 16:00:00,109.16309027746041
2011-10-29 17:00:00,113.31557075031682
2011-10-29 18:00:00,117.62600840479604
2011-10-29 19:00:00,122.32078327390475
2011-10-29 20:00:00,126.97377232614181
2011-10-29 21:00:00,131.8037575236028
2011-10-29 22:00:00,136.61576931629483
2011-10-29 23:00:00,141.85934176491358
2011-10-30 00:00:00,60.08940626460132
2011-10-30 01:00:00,62.37516132618021
2011-10-30 02:00:00,64.74786476229492
2011-10-30 03:00:00,67.31005547360328
2011-10-30 04:00:00,69.74460080360426
2011-10-30 05:00:00,72.52829807897172
2011-10-30 06:00:00,75.31207177841641
2011-10-30 07:00:00,78.27982296615934
2011-10-30 08:00:00,81.32397476227625
2011-10-30 09:00:00,84.72265525947373
2011-10-30 10:00:00,88.16215300865507
2011-10-30 11:00:00,91.8165040468051
2011-10-30 12:00:00,95.54399178948148
2011-10-30 13:00:00,99.35762888121796
2011-10-30 14:00:00,103.32326288896657
2011-10-30 15:00:00,107.2536007939098
2011-10-30 16:00:00,111.33344574707357
2011-10-30 17:00:00,115.36027826874253
2011-10-30 18:00:00,119.23867356077453
2011-10-30 19:00:00,126.11089349506467
2011-10-30 20:00:00,128.33536260905558
2011-10-30 21:00:00,132.97713946565594
2011-10-30 22:00:00,137.78650610838648
2011-10-30 23:00:00,142.51260032335233
2011-10-31 00:00:00,60.38604358032029
2011-10-31 01:00:00,62.68308249853888
2011-10-31 02:00:00,64.95027429764131
2011-10-31 03:00:00,67.37658938614219
2011-10-31 04:00:00,69.98557379614245
2011-10-31 05:00:00,72.51673280166801
2011-10-31 06:00:00,75.41123717399252
2011-10-31 07:00:00,78.27982296615934
2011-10-31 08:00:00,81.55128268534862
2011-10-31 09:00:00,84.90358379616771
2011-10-31 10:00:00,88.45186282745844
2011-10-31 11:00:00,92.20907823369255
2011-10-31 12:00:00,95.8893940844646
2011-10-31 13:00:00,99.71681790395914
2011-10-31 14:00:00,103.50996939966276
2011-10-31 15:00:00,107.44740947749108
2011-10-31 16:00:00,111.33344574707357
2011-10-31 17:00:00,115.56848488223807
2011-10-31 18:00:00,119.74849503355449
2011-10-31 19:00:00,124.30363620825848
2011-10-31 20:00:00,129.03205146975293
2011-10-31 21:00:00,133.3700897308579
2011-10-31 22:00:00,138.44338595087928
2011-10-31 23:00:00,143.70966647936174
2011-11-20 00:00:00,61.04332104929536
2011-11-20 01:00:00,63.479864352502844
2011-11-20 02:00:00,65.89458984692918
2011-11-20 03:00:00,68.40116965252811
2011-11-20 04:00:00,71.00309783705217
2011-11-20 05:00:00,73.83702516209661
2011-11-20 06:00:00,76.64572913319266
2011-11-20 07:00:00,79.56127405542303
2011-11-20 08:00:00,82.58772407686342
2011-11-20 09:00:00,85.88421192463521
2011-11-20 10:00:00,89.15118166722178
2011-11-20 11:00:00,93.0446036260662
2011-11-20 12:00:00,96.58394919314273
2011-11-20 13:00:00,100.62059095311798
2011-11-20 14:00:00,104.2597225786465
2011-11-20 15:00:00,108.22568269403769
2011-11-20 16:00:00,112.34250489929315
2011-11-20 17:00:00,116.61592787294096
2011-11-20 18:00:00,121.27065099779658
2011-11-20 19:00:00,125.42997698083579
2011-11-20 20:00:00,130.43651275216652
2011-11-20 21:00:00,134.91050128521948
2011-11-20 22:00:00,139.78979156956754
2011-11-20 23:00:00,145.1072883381357
2011-11-21 00:00:00,61.48547579320911
2011-11-21 01:00:00,63.824336272027104
2011-11-21 02:00:00,66.13280621337795
2011-11-21 03:00:00,68.64844758738319
2011-11-21 04:00:00,71.259782035446
2011-11-21 05:00:00,73.97044964892312
2011-11-21 06:00:00,76.64572913319266
2011-11-21 07:00:00,79.84889702507112
2011-11-21 08:00:00,82.88628800432038
2011-11-21 09:00:00,86.19469302706764
2011-11-21 10:00:00,89.79692991980868
2011-11-21 11:00:00,93.21273646272276
2011-11-21 12:00:00,96.58394919314273
2011-11-21 13:00:00,100.25792875891442
2011-11-21 14:00:00,103.88416960121036
2011-11-21 15:00:00,107.44740947749108
2011-11-21 16:00:00,111.53462676476516
2011-11-21 17:00:00,115.56848488223807
2011-11-21 18:00:00,119.96462166740375
2011-11-21 19:00:00,124.30363620825848
2011-11-21 20:00:00,129.03205146975293
2011-11-21 21:00:00,133.94033203179006
2011-11-21 22:00:00,139.03531983285225
2011-11-21 23:00:00,144.32411707352992
2011-11-22 00:00:00,61.04332104929536
2011-11-22 01:00:00,63.479864352502844
2011-11-22 02:00:00,65.77573222369317
2011-11-22 03:00:00,68.27779077619928
2011-11-22 04:00:00,70.87502572262045
2011-11-22 05:00:00,73.57105750019596
2011-11-22 06:00:00,76.36964426482922
2011-11-22 07:00:00,79.27468712979996
2011-11-22 08:00:00,82.29023560375393
2011-11-22 09:00:00,85.5748492032955
2011-11-22 10:00:00,88.8300510245441
2011-11-22 11:00:00,92.20907823369255
2011-11-22 12:00:00,95.71664105380222
2011-11-22 13:00:00,99.53695330505572
2011-11-22 14:00:00,103.32326288896657
2011-11-22 15:00:00,107.44740947749108
2011-11-22 16:00:00,111.53462676476516
2011-11-22 17:00:00,115.77731867199165
2011-11-22 18:00:00,120.18139933481605
2011-11-22 19:00:00,124.9781668268295
2011-11-22 20:00:00,129.73224071721435
2011-11-22 21:00:00,134.66715594276272
2011-11-22 22:00:00,140.2951474158016
2011-11-22 23:00:00,145.3694991387308
2011-11-23 00:00:00,61.59658086599594
2011-11-23 01:00:00,63.93966769681633
2011-11-23 02:00:00,66.4916742565317
2011-11-23 03:00:00,69.02096669645803
2011-11-23 04:00:00,71.77593761374082
2011-11-23 05:00:00,74.10395432706083
2011-11-23 06:00:00,76.78422898546313
2011-11-23 07:00:00,79.84889702507112
2011-11-23 08:00:00,83.03606462949803
2011-11-23 09:00:00,86.5062965536663
2011-11-23 10:00:00,89.79692991980868
2011-11-23 11:00:00,93.0446036260662
2011-11-23 12:00:00,96.4099448614253
2011-11-23 13:00:00,99.71681790395914
2011-11-23 14:00:00,103.32326288896657
2011-11-23 15:00:00,107.2536007939098
2011-11-23 16:00:00,111.13286892259232
2011-11-23 17:00:00,115.15219671724157
2011-11-23 18:00:00,119.74849503355449
2011-11-23 19:00:00,124.07942304002073
2011-11-23 20:00:00,128.44030703708606
2011-11-23 21:00:00,133.28237038693456
2011-11-23 22:00:00,138.10277627608775
2011-11-23 23:00:00,143.35610027301874
2011-11-24 00:00:00,60.65390427828507
2011-11-24 01:00:00,62.940492139261686
2011-11-24 02:00:00,65.23838103182781
2011-11-24 03:00:00,67.62016334789779
2011-11-24 04:00:00,70.34228122233742
2011-11-24 05:00:00,73.01804780653278
2011-11-24 06:00:00,75.7955985053273
2011-11-24 07:00:00,78.36952672449567
2011-11-24 08:00:00,81.67168668616387
2011-11-24 09:00:00,85.08489871281279
2011-11-24 10:00:00,88.51007712356892
2011-11-24 11:00:00,92.3755006817024
2011-11-24 12:00:00,96.23604504765957
2011-11-24 13:00:00,100.0773054354864
2011-11-24 14:00:00,104.07166369773184
2011-11-24 15:00:00,108.03047019710904
2011-11-24 16:00:00,112.13986666826798
2011-11-24 17:00:00,116.19586672328535
2011-11-24 18:00:00,119.96462166740375
2011-11-24 19:00:00,124.30363620825848
2011-11-24 20:00:00,128.48270585586684
2011-11-24 21:00:00,133.3700897308579
2011-11-24 22:00:00,138.44338595087928
2011-11-24 23:00:00,143.49780335393837
2011-11-25 00:00:00,60.783433057951406
2011-11-25 01:00:00,63.13711451733241
2011-11-25 02:00:00,65.14220373463148
2011-11-25 03:00:00,67.62016334789779
2011-11-25 04:00:00,70.34228122233742
2011-11-25 05:00:00,72.91040138162901
2011-11-25 06:00:00,75.49765371326119
2011-11-25 07:00:00,78.4211053650007
2011-11-25 08:00:00,81.35064358884354
2011-11-25 09:00:00,84.9594628043645
2011-11-25 10:00:00,88.45186282745844
2011-11-25 11:00:00,92.20907823369255
2011-11-25 12:00:00,96.23604504765957
2011-11-25 13:00:00,100.25792875891442
2011-11-25 14:00:00,104.2597225786465
2011-11-25 15:00:00,108.22568269403769
2011-11-25 16:00:00,112.13986666826798
2011-11-25 17:00:00,116.40558143857301
2011-11-25 18:00:00,120.39830729079704
2011-11-25 19:00:00,124.52798413397873
2011-11-25 20:00:00,129.03205146975293
2011-11-25 21:00:00,133.45786680697236
2011-11-25 22:00:00,138.23928660836248
2011-11-25 23:00:00,143.49780335393837
2011-11-26 00:00:00,60.803497987898616
2011-11-26 01:00:00,63.002570070208364
2011-11-26 02:00:00,65.28131745294722
2011-11-26 03:00:00,67.78679109365342
2011-11-26 04:00:00,70.36534878763726
2011-11-26 05:00:00,73.01804780653278
2011-11-26 06:00:00,75.7955985053273
2011-11-26 07:00:00,78.36952672449567
2011-11-26 08:00:00,81.8190908495258
2011-11-26 09:00:00,85.08489871281279
2011-11-26 10:00:00,88.51007712356892
2011-11-26 11:00:00,92.20907823369255
2011-11-26 12:00:00,96.06266749532776
2011-11-26 13:00:00,100.0773054354864
2011-11-26 14:00:00,103.88416960121036
2011-11-26 15:00:00,108.03047019710904
2011-11-26 16:00:00,111.73592869706532
2011-11-26 17:00:00,115.98627797585301
2011-11-26 18:00:00,119.96462166740375
2011-11-26 19:00:00,124.30363620825848
2011-11-26 20:00:00,129.26493341899993
2011-11-26 21:00:00,133.6987366359052
2011-11-26 22:00:00,138.78453433286538
2011-11-26 23:00:00,143.8042485131476
2011-11-27 00:00:00,60.93334623076977
2011-11-27 01:00:00,63.251204123267705
2011-11-27 02:00:00,65.53880207014305
2011-11-27 03:00:00,68.0318479807979
2011-11-27 04:00:00,70.59657649421682
2011-11-27 05:00:00,73.39021136090639
2011-11-27 06:00:00,76.36964426482922
2011-11-27 07:00:00,79.27468712979996
2011-11-27 08:00:00,82.43893515431357
2011-11-27 09:00:00,86.03921901360829
2011-11-27 10:00:00,89.31208510731938
2011-11-27 11:00:00,93.0446036260662
2011-11-27 12:00:00,96.93332153080053
2011-11-27 13:00:00,100.62059095311798
2011-11-27 14:00:00,105.30843267742642
2011-11-27 15:00:00,109.31428492298544
2011-11-27 16:00:00,112.74863571180785
2011-11-27 17:00:00,116.82665440611426
2011-11-27 18:00:00,120.83356073658098
2011-11-27 19:00:00,125.2040040370474
2011-11-27 20:00:00,130.20123738396208
2011-11-27 21:00:00,134.91050128521948
2011-11-27 22:00:00,140.04239358275564
2011-11-27 23:00:00,145.3694991387308
2011-11-28 00:00:00,61.48547579320911
2011-11-28 01:00:00,63.824336272027104
2011-11-28 03:00:00,68.64844758738319
2011-11-28 04:00:00,71.259782035446
2011-11-28 05:00:00,73.70400137991888
2011-11-28 06:00:00,76.64572913319266
2011-11-28 07:00:00,79.56127405542303
2011-11-28 08:00:00,82.58772407686342
2011-11-28 09:00:00,85.88421192463521
2011-11-28 10:00:00,89.47347323335366
2011-11-28 11:00:00,93.21273646272276
2011-11-28 12:00:00,97.10827047261728
2011-11-28 13:00:00,100.98434572604334
2011-11-28 14:00:00,105.153182343701
2011-11-28 15:00:00,108.8132029693649
2011-11-28 16:00:00,112.74863571180785
2011-11-28 17:00:00,117.24899592431231
2011-11-28 18:00:00,121.48952487656635
2011-11-28 19:00:00,125.88369382132785
2011-11-28 20:00:00,130.6722132660914
2011-11-28 21:00:00,135.64288432856517
2011-11-28 22:00:00,140.54866261372717
2011-11-28 23:00:00,145.8950262564767
2011-11-29 00:00:00,61.81925944573444
2011-11-29 01:00:00,64.17081679943703
2011-11-29 02:00:00,66.4916742565317
2011-11-29 03:00:00,69.02096669645803
2011-11-29 04:00:00,71.77593761374082
2011-11-29 05:00:00,74.3718484710306
2011-11-29 06:00:00,77.34039975926932
2011-11-29 07:00:00,80.28236942087375
2011-11-29 08:00:00,83.48683906989709
2011-11-29 09:00:00,86.819026562121
2011-11-29 10:00:00,90.12155593862809
2011-11-29 11:00:00,93.0446036260662
2011-11-29 12:00:00,95.8893940844646
2011-11-29 13:00:00,99.53695330505572
2011-11-29 14:00:00,103.13711710118245
2011-11-29 15:00:00,107.06037416271135
2011-11-29 16:00:00,111.13286892259232
2011-11-29 17:00:00,115.36027826874253
2011-11-29 18:00:00,119.74849503355449
2011-11-29 19:00:00,124.30363620825848
2011-11-29 20:00:00,128.79930940406
2011-11-29 21:00:00,133.6987366359052
2011-11-29 22:00:00,138.78453433286538
2011-11-29 23:00:00,143.66224281976866
2011-11-30 00:00:00,60.87317497595036
2011-11-30 01:00:00,63.05408953098714
2011-11-30 02:00:00,65.37770014051513
2011-11-30 03:00:00,67.86461785696791
2011-11-30 04:00:00,70.29601613568015
2011-11-30 05:00:00,72.83840286830424
2011-11-30 06:00:00,75.49765371326119
2011-11-30 07:00:00,78.36952672449567
2011-11-30 08:00:00,81.47075136194607
2011-11-30 09:00:00,84.72265525947373
2011-11-30 10:00:00,88.26337294995635
2011-11-30 11:00:00,92.04275574947799
2011-11-30 12:00:00,95.27768198268772
2011-11-30 13:00:00,99.17841217091413
2011-11-30 14:00:00,102.9510831242727
2011-11-30 15:00:00,106.56939242872825
2011-11-30 16:00:00,110.62321061892149
2011-11-30 17:00:00,114.5865289485309
2011-11-30 18:00:00,118.9453128809185
2011-11-30 19:00:00,123.28787684891417
2011-11-30 20:00:00,127.97765340117019
2011-11-30 21:00:00,132.8022751996412
2011-11-30 22:00:00,137.6053175495545
2011-11-30 23:00:00,142.58238049901155
2011-12-20 00:00:00,60.913238451381595
2011-12-20 01:00:00,63.251204123267705
2011-12-20 02:00:00,65.53880207014305
2011-12-20 03:00:00,68.0318479807979
2011-12-20 04:00:00,70.7239918778898
2011-12-20 05:00:00,73.43851288174727
2011-12-20 06:00:00,76.23205775045682
2011-12-20 07:00:00,79.13186692963863
2011-12-20 08:00:00,82.58772407686342
2011-12-20 09:00:00,85.26660083453821
2011-12-20 10:00:00,88.990374875856
2011-12-20 11:00:00,92.20907823369255
2011-12-20 12:00:00,96.06266749532776
2011-12-20 13:00:00,99.71681790395914
2011-12-20 14:00:00,103.50996939966276
2011-12-20 15:00:00,107.44740947749108
2011-12-20 16:00:00,111.53462676476516
2011-12-20 17:00:00,115.36027826874253
2011-12-20 18:00:00,119.53249821896267
2011-12-20 19:00:00,124.07942304002073
2011-12-20 20:00:00,128.56726631671728
2011-12-20 21:00:00,133.41382620343802
2011-12-20 22:00:00,138.53450199984258
2011-12-20 23:00:00,144.06379188490905
2011-12-21 00:00:00,60.783433057951406
2011-12-21 01:00:00,63.23033145932881
2011-12-21 02:00:00,65.65723155743933
2011-12-21 03:00:00,68.15478243522327
2011-12-21 04:00:00,70.74733823842301
2011-12-21 05:00:00,73.57105750019596
2011-12-21 06:00:00,76.23205775045682
2011-12-21 07:00:00,79.10575370557953
2011-12-21 08:00:00,82.14198263239868
2011-12-21 09:00:00,85.5748492032955
2011-12-21 10:00:00,89.47347323335366
2011-12-21 11:00:00,92.876975731275
2011-12-21 12:00:00,96.23604504765957
2011-12-21 13:00:00,99.71681790395914
2011-12-21 14:00:00,103.88416960121036
2011-12-21 15:00:00,107.83584396853996
2011-12-21 16:00:00,111.53462676476516
2011-12-21 17:00:00,115.77731867199165
2011-12-21 18:00:00,120.18139933481605
2011-12-21 19:00:00,125.42997698083579
2011-12-21 20:00:00,130.20123738396208
2011-12-21 21:00:00,135.1539928840534
2011-12-21 22:00:00,140.2951474158016
2011-12-21 23:00:00,145.63186753429508
2011-12-22 00:00:00,61.70775271559166
2011-12-22 01:00:00,63.709351214229144
2011-12-22 02:00:00,66.37188375883063
2011-12-22 03:00:00,68.64844758738319
2011-12-22 04:00:00,70.87502572262045
2011-12-22 05:00:00,73.57105750019596
2011-12-22 06:00:00,76.23205775045682
2011-12-22 07:00:00,78.9891325162774
2011-12-22 08:00:00,82.14198263239868
2011-12-22 09:00:00,85.42049323554895
2011-12-22 10:00:00,88.8300510245441
2011-12-22 11:00:00,92.54242444043646
2011-12-22 12:00:00,96.4099448614253
2011-12-22 13:00:00,99.89679060579303
2011-12-22 14:00:00,103.69678812544223
2011-12-22 15:00:00,107.83584396853996
2011-12-22 16:00:00,111.73592869706532
2011-12-22 17:00:00,115.77731867199165
2011-12-22 18:00:00,120.18139933481605
2011-12-22 19:00:00,124.75300785808113
2011-12-22 20:00:00,129.26493341899993
2011-12-22 21:00:00,134.18207263229246
2011-12-22 22:00:00,138.48878612542936
2011-12-22 23:00:00,144.32411707352992
2011-12-23 00:00:00,61.153627142577264
2011-12-23 01:00:00,63.479864352502844
2011-12-23 02:00:00,65.77573222369317
2011-12-23 03:00:00,68.27779077619928
2011-12-23 04:00:00,70.87502572262045
2011-12-23 05:00:00,73.39021136090639
2011-12-23 06:00:00,76.36964426482922
2011-12-23 07:00:00,79.27468712979996
2011-12-23 08:00:00,82.43893515431357
2011-12-23 09:00:00,85.5748492032955
2011-12-23 10:00:00,88.8300510245441
2011-12-23 11:00:00,92.20907823369255
2011-12-23 12:00:00,95.71664105380222
2011-12-23 13:00:00,99.35762888121796
2011-12-23 14:00:00,103.13711710118245
2011-12-23 15:00:00,106.86726359558745
2011-12-23 16:00:00,110.93241257717423
2011-12-23 17:00:00,114.86913934502738
2011-12-23 18:00:00,119.19932523853701
2011-12-23 19:00:00,123.5511629213593
2011-12-23 20:00:00,127.97765340117019
2011-12-23 21:00:00,132.84582546701802
2011-12-23 22:00:00,137.944700317403
2011-12-23 23:00:00,143.23896863190947
2011-12-24 00:00:00,60.67392645010298
2011-12-24 01:00:00,63.02336754891852
2011-12-24 02:00:00,65.39913965514188
2011-12-24 03:00:00,67.88687291433543
2011-12-24 04:00:00,70.44613602151107
2011-12-24 05:00:00,73.12585316284515
2011-12-24 06:00:00,75.77058623753608
2011-12-24 07:00:00,78.60111033679097
2011-12-24 08:00:00,81.47075136194607
2011-12-24 09:00:00,84.69469709589798
2011-12-24 10:00:00,87.88759734812298
2011-12-24 11:00:00,91.42560121912835
2011-12-24 12:00:00,95.10603100424377
2011-12-24 13:00:00,98.69121320540287
2011-12-24 14:00:00,102.44535148269357
2011-12-24 15:00:00,106.18551981099728
2011-12-24 16:00:00,110.26112154357702
2011-12-24 17:00:00,114.04309166083098
2011-12-24 18:00:00,118.63401133473249
2011-12-24 19:00:00,123.1467584018227
2011-12-24 20:00:00,127.32867559490724
2011-12-24 21:00:00,132.1288316183964
2011-12-24 22:00:00,137.04284647922242
2011-12-24 23:00:00,142.16228792545706
2011-12-25 00:00:00,60.19798862117601
2011-12-25 01:00:00,62.39575169397439
2011-12-25 02:00:00,64.81186602838902
2011-12-25 03:00:00,67.29932229114212
2011-12-25 05:00:00,72.3384783140111
2011-12-25 06:00:00,75.09017870900355
2011-12-25 07:00:00,78.0872325808541
2011-12-25 08:00:00,80.88487837746986
2011-12-25 09:00:00,84.26520821824914
2011-12-25 10:00:00,87.59973568994103
2011-12-25 11:00:00,91.32075485217513
2011-12-25 12:00:00,94.73217886519376
2011-12-25 13:00:00,98.54571826832753
2011-12-25 14:00:00,102.4791692303512
2011-12-25 15:00:00,106.41228313255114
2011-12-25 16:00:00,110.69601691303227
2011-12-25 17:00:00,114.6619436872742
2011-12-25 18:00:00,118.80916504325947
2011-12-25 19:00:00,123.3690183505208
2011-12-25 20:00:00,128.06188146344584
2011-12-25 21:00:00,132.64997829492157
2011-12-25 22:00:00,137.40245372441908
2011-12-25 23:00:00,142.41886782436112
2011-12-26 00:00:00,60.10924209266519
2011-12-26 01:00:00,62.734340702873794
2011-12-26 02:00:00,65.47422512947685
2011-12-26 04:00:00,70.52686286684558
2011-12-26 05:00:00,73.2096507956412
2011-12-26 06:00:00,75.88245549852999
2011-12-26 07:00:00,78.79496812409964
2011-12-26 08:00:00,81.8190908495258
2011-12-26 09:00:00,85.00087796820527
2011-12-26 10:00:00,88.20532091457686
2011-12-26 11:00:00,91.56058386809777
2011-12-26 12:00:00,95.24644751588522
2011-12-26 13:00:00,99.17841217091413
2011-12-26 14:00:00,102.9510831242727
2011-12-26 15:00:00,106.86726359558745
2011-12-26 16:00:00,110.62321061892149
2011-12-26 17:00:00,114.62435456252764
2011-12-26 18:00:00,118.84812650605573
2011-12-26 19:00:00,123.1467584018227
2011-12-26 20:00:00,127.83116691627018
2011-12-26 21:00:00,132.25914970467895
2011-12-26 22:00:00,137.29018661568392
2011-12-26 23:00:00,142.41886782436112
2011-12-27 00:00:00,60.32654377516401
2011-12-27 01:00:00,62.64185497231502
2011-12-27 02:00:00,65.02470323077767
2011-12-27 03:00:00,67.71999915592892
2011-12-27 04:00:00,70.29601613568015
2011-12-27 05:00:00,72.94594299311349
2011-12-27 06:00:00,75.72075087994692
2011-12-27 07:00:00,78.62705697542813
2011-12-27 08:00:00,81.64473533095803
2011-12-27 09:00:00,84.93142649517286
2011-12-27 10:00:00,88.16215300865507
2011-12-27 11:00:00,91.51577388804691
2011-12-27 12:00:00,94.82581870041425
2011-12-27 13:00:00,98.40043782630222
2011-12-27 14:00:00,103.32326288896657
2011-12-27 15:00:00,107.2536007939098
2011-12-27 16:00:00,111.53462676476516
2011-12-27 17:00:00,115.36027826874253
2011-12-27 18:00:00,119.53249821896267
2011-12-27 19:00:00,123.5511629213593
2011-12-27 20:00:00,128.06188146344584
2011-12-27 21:00:00,132.93325750037013
2011-12-27 22:00:00,137.98993695640652
2011-12-27 23:00:00,142.93372807746653
2011-12-28 00:00:00,60.67392645010298
2011-12-28 01:00:00,62.98191621253284
2011-12-28 02:00:00,65.35612574073816
2011-12-28 03:00:00,67.84222278352222
2011-12-28 05:00:00,73.07775728260532
2011-12-28 06:00:00,75.88245549852999
2011-12-28 07:00:00,78.76896607540307
2011-12-28 08:00:00,81.73847255306231
2011-12-28 09:00:00,84.87556592684254
2011-12-28 10:00:00,88.26337294995635
2011-12-28 11:00:00,91.7862049393086
2011-12-28 12:00:00,95.04347845846931
2011-12-28 13:00:00,98.65885969555244
2011-12-28 14:00:00,102.26078732818114
2011-12-28 15:00:00,106.15070947530884
2011-12-28 16:00:00,109.9898481671484
2011-12-28 17:00:00,114.0054578614467
2011-12-28 18:00:00,118.05123967776024
2011-12-28 19:00:00,122.36116200580591
2011-12-28 20:00:00,127.01568703412529
2011-12-28 21:00:00,131.65289158237692
2011-12-28 22:00:00,136.70568252551536
2011-12-28 23:00:00,141.81252870564785
2011-12-29 00:00:00,60.10924209266519
2011-12-29 01:00:00,62.37516132618021
2011-12-29 02:00:00,64.67375270552766
2011-12-29 03:00:00,67.089737914463
2011-12-29 04:00:00,69.66461808638554
2011-12-29 05:00:00,72.3384783140111
2011-12-29 06:00:00,75.13959905763869
2011-12-29 07:00:00,77.8059552863229
2011-12-29 08:00:00,80.96483058350832
2011-12-29 09:00:00,83.96167729510884
2011-12-29 10:00:00,87.3130064663094
2011-12-29 11:00:00,90.82787960185912
2011-12-29 12:00:00,94.45306804744318
2011-12-29 13:00:00,98.22316093332253
2011-12-29 14:00:00,102.21074064164229
2011-12-29 15:00:00,106.06397715779958
2011-12-29 16:00:00,110.06223761589114
2011-12-29 17:00:00,114.2489209658882
2011-12-29 18:00:00,118.59486254879812
2011-12-29 19:00:00,123.1467584018227
2011-12-29 20:00:00,127.5587602057411
2011-12-29 21:00:00,132.41099789477886
2011-12-29 22:00:00,137.44781099481096
2011-12-29 23:00:00,142.93372807746653
2011-12-30 00:00:00,60.455373463700305
2011-12-30 01:00:00,62.662533377080095
2011-12-30 02:00:00,64.90755560816214
2011-12-30 03:00:00,67.37658938614219
2011-12-30 04:00:00,69.93954332086965
2011-12-30 05:00:00,72.49295995753306
2011-12-30 06:00:00,75.36163816522908
2011-12-30 07:00:00,78.22833724903285
2011-12-30 08:00:00,81.20408337370725
2011-12-30 09:00:00,84.50073715695808
2011-12-30 10:00:00,87.9454402748055
2011-12-30 11:00:00,91.48577267116245
2011-12-30 12:00:00,94.99696394104527
2011-12-30 13:00:00,98.93462020228664
2011-12-30 14:00:00,103.13711710118245
2011-12-30 15:00:00,107.2536007939098
2011-12-30 16:00:00,111.33344574707357
2011-12-30 17:00:00,115.15219671724157
2011-12-30 18:00:00,119.23867356077453
2011-12-30 19:00:00,123.4699016207611
2011-12-30 20:00:00,128.29329098703903
2011-12-30 21:00:00,133.41382620343802
2011-12-30 22:00:00,138.19366815393897
2011-12-30 23:00:00,143.66224281976866
2011-12-31 00:00:00,61.04332104929536
2011-12-31 01:00:00,63.479864352502844
2011-12-31 02:00:00,65.89458984692918
2011-12-31 03:00:00,68.40116965252811
2011-12-31 04:00:00,70.87502572262045
2011-12-31 05:00:00,73.39021136090639
2011-12-31 06:00:00,76.50764522806939
2011-12-31 07:00:00,79.27468712979996
2011-12-31 08:00:00,81.9398902478548
2011-12-31 09:00:00,85.42049323554895
2011-12-31 10:00:00,88.8300510245441
2011-12-31 11:00:00,92.3755006817024
2011-12-31 12:00:00,96.75847767432792
2011-12-31 13:00:00,100.25792875891442
2011-12-31 14:00:00,103.69678812544223
2011-12-31 15:00:00,107.64133464473159
2011-12-31 16:00:00,111.53462676476516
2011-12-31 17:00:00,115.56848488223807
2011-12-31 18:00:00,119.96462166740375
2011-12-31 19:00:00,124.52798413397873
2011-12-31 20:00:00,129.26493341899993
2011-12-31 21:00:00,133.94033203179006
2011-12-31 22:00:00,138.78453433286538
2011-12-31 23:00:00,143.8042485131476
2012-01-20 00:00:00,60.286866176897426
2012-01-20 01:00:00,62.64185497231502
2012-01-20 02:00:00,65.02470323077767
2012-01-20 03:00:00,67.37658938614219
2012-01-20 04:00:00,69.81338959704131
2012-01-20 05:00:00,72.46903754827457
2012-01-20 06:00:00,75.28721907266065
2012-01-20 07:00:00,78.03587353307506
2012-01-20 08:00:00,81.00429848517899
2012-01-20 09:00:00,84.05807462386441
2012-01-20 10:00:00,87.28419349639482
2012-01-20 11:00:00,90.41134052127312
2012-01-20 12:00:00,93.85051877360291
2012-01-20 13:00:00,97.62856606054419
2012-01-20 14:00:00,101.34228205309242
2012-01-20 15:00:00,105.23199113069852
2012-01-20 16:00:00,109.03790265749008
2012-01-20 17:00:00,113.46477635750621
2012-01-20 18:00:00,117.52989999102519
2012-01-20 19:00:00,122.00064750695803
2012-01-20 20:00:00,126.64145883944083
2012-01-20 21:00:00,131.45880308600087
2012-01-20 22:00:00,136.36964420088452
2012-01-20 23:00:00,141.00059484140155
2012-01-21 00:00:00,59.74537020323223
2012-01-21 01:00:00,61.90630754006892
2012-01-21 02:00:00,64.36689164316026
2012-01-21 03:00:00,66.77141359603169
2012-01-21 04:00:00,69.43659363287358
2012-01-21 05:00:00,72.05412310995361
2012-01-21 06:00:00,74.77048712966464
2012-01-21 07:00:00,77.61469928015192
2012-01-21 08:00:00,80.54051623906908
2012-01-21 09:00:00,83.60421588431053
2012-01-21 10:00:00,86.78445632112557
2012-01-21 11:00:00,90.33746833397178
2012-01-21 12:00:00,93.91228617697199
2012-01-21 13:00:00,97.45267976125936
2012-01-21 14:00:00,101.15970517348995
2012-01-21 15:00:00,105.00774299749392
2012-01-21 16:00:00,108.96618692794996
2012-01-21 17:00:00,113.11117734797071
2012-01-21 18:00:00,117.41384003373224
2012-01-21 19:00:00,121.62044750563582
2012-01-21 20:00:00,126.28847105021468
2012-01-21 21:00:00,131.04912790698788
2012-01-21 22:00:00,136.07904209586633
2012-01-21 23:00:00,141.00059484140155
2012-01-22 00:00:00,59.72578413917843
2012-01-22 01:00:00,62.13010581663009
2012-01-22 02:00:00,64.49348752856514
2012-01-22 03:00:00,66.94677047345142
2012-01-22 04:00:00,69.34528486334398
2012-01-22 05:00:00,72.00673212132241
2012-01-22 06:00:00,74.74581314484432
2012-01-22 07:00:00,77.5890867158182
2012-01-22 08:00:00,80.54051623906908
2012-01-22 09:00:00,83.60421588431053
2012-01-22 10:00:00,86.75600615143715
2012-01-22 11:00:00,90.08567067210251
2012-01-22 12:00:00,93.51246069242237
2012-01-22 13:00:00,97.13348921746481
2012-01-22 14:00:00,100.79531873992919
2012-01-22 15:00:00,104.59496823524277
2012-01-22 16:00:00,108.57368083903546
2012-01-22 17:00:00,112.77791621553925
2012-01-22 18:00:00,117.06790190268104
2012-01-22 19:00:00,121.52107536464125
2012-01-22 20:00:00,126.102291019065
2012-01-22 21:00:00,130.94205189565363
2012-01-22 22:00:00,135.9678563040452
2012-01-22 23:00:00,141.09339390879794
2012-01-23 00:00:00,59.95179508031649
2012-01-23 01:00:00,62.19138446710628
2012-01-23 02:00:00,64.5570971720432
2012-01-23 03:00:00,67.0569040279743
2012-01-23 04:00:00,69.73347941140156
2012-01-23 05:00:00,72.38608764028356
2012-01-23 06:00:00,75.13959905763869
2012-01-23 07:00:00,77.99785194359174
2012-01-23 08:00:00,80.88487837746986
2012-01-23 09:00:00,83.98939348500504
2012-01-23 10:00:00,87.24166582773104
2012-01-23 11:00:00,90.50070934113866
2012-01-23 12:00:00,94.1747795780173
2012-01-23 13:00:00,97.72506888512018
2012-01-23 14:00:00,101.37573567174782
2012-01-23 15:00:00,105.19726496197276
2012-01-23 16:00:00,109.43208696058092
2012-01-23 17:00:00,113.63229810057628
2012-01-23 18:00:00,117.91585917788402
2012-01-23 19:00:00,122.62246904253762
2012-01-23 20:00:00,127.28693399070252
2012-01-23 21:00:00,132.0852295915696
2012-01-23 22:00:00,137.10965071447544
2012-01-23 23:00:00,142.58238049901155
2012-01-24 00:00:00,60.54463102772777
2012-01-24 01:00:00,62.96113241261071
2012-01-24 02:00:00,65.35612574073816
2012-01-24 03:00:00,67.88687291433543
2012-01-24 04:00:00,70.34228122233742
2012-01-24 05:00:00,73.01804780653278
2012-01-24 06:00:00,75.90750469495082
2012-01-24 07:00:00,78.8208076055739
2012-01-24 08:00:00,81.8190908495258
2012-01-24 09:00:00,84.93142649517286
2012-01-24 10:00:00,88.16215300865507
2012-01-24 11:00:00,91.65088966981013
2012-01-24 12:00:00,95.13721942381841
2012-01-24 13:00:00,98.75616649553602
2012-01-24 14:00:00,102.6980174955959
2012-01-24 15:00:00,107.06037416271135
2012-01-24 16:00:00,111.13286892259232
2012-01-24 17:00:00,115.56848488223807
2012-01-24 18:00:00,119.74849503355449
2012-01-24 19:00:00,124.75300785808113
2012-01-24 20:00:00,128.10415536196066
2012-01-24 21:00:00,133.45786680697236
2012-01-24 22:00:00,138.03548815809353
2012-01-24 23:00:00,143.28625256647385
2012-01-25 00:00:00,60.38604358032029
2012-01-25 01:00:00,62.847702491167695
2012-01-25 02:00:00,65.12070704779937
2012-01-25 03:00:00,67.47606557653734
2012-01-25 04:00:00,70.01968964280142
2012-01-25 05:00:00,72.68318509000966
2012-01-25 06:00:00,75.31207177841641
2012-01-25 07:00:00,78.17688539477118
2012-01-25 08:00:00,81.1506743302567
2012-01-25 09:00:00,84.23758392267511
2012-01-25 10:00:00,87.57101825077397
2012-01-25 11:00:00,91.26069193463213
2012-01-25 12:00:00,94.99696394104527
2012-01-25 13:00:00,98.75616649553602
2012-01-25 14:00:00,102.5466155510056
2012-01-25 15:00:00,106.67473298424079
2012-01-25 16:00:00,110.46012500526544
2012-01-25 17:00:00,114.86913934502738
2012-01-25 18:00:00,118.84812650605573
2012-01-25 19:00:00,123.63247770380914
2012-01-25 20:00:00,128.01989949556
2012-01-25 21:00:00,132.73728143211588
2012-01-25 22:00:00,137.74133615923031
2012-01-25 23:00:00,142.77012248818377
2012-01-26 00:00:00,60.455373463700305
2012-01-26 01:00:00,62.796351662575695
2012-01-26 02:00:00,65.12070704779937
2012-01-26 03:00:00,67.64233824053
2012-01-26 04:00:00,70.2385795304869
2012-01-26 05:00:00,73.01804780653278
2012-01-26 06:00:00,75.68385729274165
2012-01-26 07:00:00,78.53688790726594
2012-01-26 08:00:00,81.52437106301872
2012-01-26 09:00:00,84.80621684223327
2012-01-26 10:00:00,87.97428049936326
2012-01-26 11:00:00,91.35090031215744
2012-01-26 12:00:00,95.13721942381841
2012-01-26 13:00:00,99.17841217091413
2012-01-26 14:00:00,103.13711710118245
2012-01-26 15:00:00,107.2536007939098
2012-01-26 16:00:00,111.13286892259232
2012-01-26 17:00:00,115.56848488223807
2012-01-26 18:00:00,119.96462166740375
2012-01-26 19:00:00,124.30363620825848
2012-01-26 20:00:00,129.03205146975293
2012-01-26 21:00:00,133.94033203179006
2012-01-26 22:00:00,138.78453433286538
2012-01-26 23:00:00,144.32411707352992
2012-01-27 00:00:00,61.153627142577264
2012-01-27 01:00:00,63.479864352502844
2012-01-27 02:00:00,66.01351890644258
2012-01-27 03:00:00,68.5246226825157
2012-01-27 04:00:00,71.00309783705217
2012-01-27 05:00:00,73.83702516209661
2012-01-27 06:00:00,76.64572913319266
2012-01-27 07:00:00,79.56127405542303
2012-01-27 08:00:00,83.18593127401348
2012-01-27 09:00:00,86.35026048413155
2012-01-27 10:00:00,89.47347323335366
2012-01-27 11:00:00,92.876975731275
2012-01-27 12:00:00,96.58394919314273
2012-01-27 13:00:00,100.25792875891442
2012-01-27 14:00:00,104.07166369773184
2012-01-27 15:00:00,107.83584396853996
2012-01-27 16:00:00,111.53462676476516
2012-01-27 17:00:00,115.56848488223807
2012-01-27 18:00:00,119.74849503355449
2012-01-27 19:00:00,123.73357641421012
2012-01-27 20:00:00,128.1666022561367
2012-01-27 21:00:00,132.99834722603836
2012-01-27 22:00:00,138.10277627608775
2012-01-27 23:00:00,143.09783186885832
2012-01-28 00:00:00,60.54463102772777
2012-01-28 01:00:00,62.86831233571586
2012-01-28 02:00:00,65.06749902057078
2012-01-28 03:00:00,67.52047472221588
2012-01-28 04:00:00,70.04280350947408
2012-01-28 05:00:00,72.59999006328265
2012-01-28 06:00:00,75.41123717399252
2012-01-28 07:00:00,78.13862543041769
2012-01-28 08:00:00,80.91157889991132
2012-01-28 09:00:00,84.19635783721736
2012-01-28 10:00:00,87.65738916144113
2012-01-28 11:00:00,91.32075485217513
2012-01-28 12:00:00,94.76345045412927
2012-01-28 13:00:00,98.72379169233177
2012-01-28 14:00:00,102.9510831242727
2012-01-28 15:00:00,107.06037416271135
2012-01-28 16:00:00,111.33344574707357
2012-01-28 17:00:00,115.56848488223807
2012-01-28 18:00:00,119.96462166740375
2012-01-28 19:00:00,124.52798413397873
2012-01-28 20:00:00,129.03205146975293
2012-01-28 21:00:00,133.32607809343472
2012-01-28 22:00:00,138.19366815393897
2012-01-28 23:00:00,143.19201122575248
2012-01-29 00:00:00,60.54463102772777
2012-01-29 01:00:00,62.826962981278314
2012-01-29 02:00:00,65.09935881051959
2012-01-29 03:00:00,67.47606557653734
2012-01-29 04:00:00,69.93954332086965
2012-01-29 05:00:00,72.31460688312488
2012-01-29 06:00:00,75.09017870900355
2012-01-29 07:00:00,77.9208296082863
2012-01-29 08:00:00,80.73915727861551
2012-01-29 09:00:00,83.81041307709272
2012-01-29 10:00:00,87.47059229796044
2012-01-29 11:00:00,91.12615139957106
2012-01-29 12:00:00,94.93448313017954
2012-01-29 13:00:00,98.54571826832753
2012-01-29 14:00:00,102.29432202947757
2012-01-29 15:00:00,106.56939242872825
2012-01-29 16:00:00,110.62321061892149
2012-01-29 17:00:00,114.83123295295576
2012-01-29 18:00:00,118.9453128809185
2012-01-29 19:00:00,123.28787684891417
2012-01-29 20:00:00,127.7470905981282
2012-01-29 21:00:00,132.60649223126873
2012-01-29 22:00:00,137.85397218912516
2012-01-29 23:00:00,142.83971859695438
2012-01-30 00:00:00,60.63402037346924
2012-01-30 01:00:00,62.58013246253471
2012-01-30 02:00:00,64.84345984927478
2012-01-30 03:00:00,67.33227487582977
2012-01-30 04:00:00,69.66461808638554
2012-01-30 05:00:00,72.31460688312488
2012-01-30 06:00:00,75.17622733544535
2012-01-30 07:00:00,78.03587353307506
2012-01-30 08:00:00,80.85836224067974
2012-01-30 09:00:00,83.93415250475316
2012-01-30 10:00:00,87.28419349639482
2012-01-30 11:00:00,90.96197976226769
2012-01-30 12:00:00,94.36000119271928
2012-01-30 13:00:00,98.36817964007571
2012-01-30 14:00:00,102.36164669356823
2012-01-30 15:00:00,106.22057220783023
2012-01-30 16:00:00,110.46012500526544
2012-01-30 17:00:00,114.86913934502738
2012-01-30 18:00:00,119.02359633865107
2012-01-30 19:00:00,123.1467584018227
2012-01-30 20:00:00,127.78898310293502
2012-01-30 21:00:00,132.64997829492157
2012-01-30 22:00:00,137.40245372441908
2012-01-30 23:00:00,142.372179268274
2012-01-31 00:00:00,60.43542341356136
2012-01-31 01:00:00,62.826962981278314
2012-01-31 02:00:00,65.23838103182781
2012-01-31 03:00:00,67.71999915592892
2012-01-31 04:00:00,70.29601613568015
2012-01-31 05:00:00,72.97002283135978
2012-01-31 06:00:00,75.60912001103009
2012-01-31 07:00:00,78.34383518446386
2012-01-31 08:00:00,81.35064358884354
2012-01-31 09:00:00,84.72265525947373
2012-01-31 10:00:00,88.13325119467217
2012-01-31 11:00:00,92.20907823369255
2012-01-31 12:00:00,95.71664105380222
2012-01-31 13:00:00,99.89679060579303
2012-01-31 14:00:00,104.07166369773184
2012-01-31 15:00:00,108.42124794254538
2012-01-31 16:00:00,112.54550930029765
2012-01-31 17:00:00,116.82665440611426
2012-01-31 18:00:00,121.27065099779658
2012-01-31 19:00:00,125.42997698083579
2012-01-31 20:00:00,129.03205146975293
2012-01-31 21:00:00,134.66715594276272
2012-01-31 22:00:00,139.53794817875382
2012-01-31 23:00:00,144.84586501732997
2012-02-20 00:00:00,60.23760772497814
2012-02-20 01:00:00,62.52900025677429
2012-02-20 02:00:00,64.90755560816214
2012-02-20 03:00:00,67.33227487582977
2012-02-20 05:00:00,72.52829807897172
2012-02-20 06:00:00,75.2625379920987
2012-02-20 07:00:00,78.01029137311332
2012-02-20 08:00:00,80.83167927953943
2012-02-20 09:00:00,83.90645454417658
2012-02-20 10:00:00,87.2555795000485
2012-02-20 11:00:00,90.90215281603996
2012-02-20 12:00:00,94.59252051106739
2012-02-20 13:00:00,98.36817964007571
2012-02-20 14:00:00,102.32808992152083
2012-02-20 15:00:00,106.37739845803223
2012-02-20 16:00:00,110.73255824860767
2012-02-20 17:00:00,115.15219671724157
2012-02-20 18:00:00,118.98457735234493
2012-02-20 19:00:00,123.51065968265354
2012-02-20 20:00:00,128.25095467446596
2012-02-20 21:00:00,132.64997829492157
2012-02-20 22:00:00,137.74133615923031
2012-02-20 23:00:00,143.0277994300023
2012-02-21 00:00:00,60.38604358032029
2012-02-21 01:00:00,62.68308249853888
2012-02-21 02:00:00,64.95027429764131
2012-02-21 04:00:00,69.85933704466495
2012-02-21 05:00:00,72.38608764028356
2012-02-21 06:00:00,75.13959905763869
2012-02-21 07:00:00,78.13862543041769
2012-02-21 08:00:00,80.91157889991132
2012-02-21 09:00:00,83.98939348500504
2012-02-21 10:00:00,87.44191719530815
2012-02-21 11:00:00,90.93196264463157
2012-02-21 12:00:00,94.73217886519376
2012-02-21 13:00:00,98.69121320540287
2012-02-21 14:00:00,102.26078732818114
2012-02-21 15:00:00,106.34229430911547
2012-02-21 16:00:00,110.62321061892149
2012-02-21 17:00:00,115.15219671724157
2012-02-21 18:00:00,119.53249821896267
2012-02-21 19:00:00,123.73357641421012
2012-02-21 20:00:00,128.20891072353425
2012-02-21 21:00:00,133.12952291174574
2012-02-21 22:00:00,138.19366815393897
2012-02-21 23:00:00,143.14475839048276
2012-02-22 00:00:00,60.65390427828507
2012-02-22 01:00:00,63.002570070208364
2012-02-22 02:00:00,65.47422512947685
2012-02-22 03:00:00,67.9648145826933
2012-02-22 04:00:00,70.57327988450282
2012-02-22 05:00:00,73.14983355363755
2012-02-22 06:00:00,75.90750469495082
2012-02-22 07:00:00,78.8208076055739
2012-02-22 08:00:00,81.67168668616387
2012-02-22 09:00:00,84.93142649517286
2012-02-22 10:00:00,88.3214631920878
2012-02-22 11:00:00,91.8165040468051
2012-02-22 12:00:00,95.71664105380222
2012-02-22 13:00:00,99.53695330505572
2012-02-22 14:00:00,103.50996939966276
2012-02-22 15:00:00,108.03047019710904
2012-02-22 16:00:00,112.34250489929315
2012-02-22 17:00:00,116.61592787294096
2012-02-22 18:00:00,120.61586863390096
2012-02-22 19:00:00,124.9781668268295
2012-02-22 20:00:00,129.49851687348269
2012-02-22 21:00:00,134.91050128521948
2012-02-22 22:00:00,139.53794817875382
2012-02-22 23:00:00,145.1072883381357
2012-02-23 00:00:00,61.3747043946993
2012-02-23 01:00:00,63.709351214229144
2012-02-23 02:00:00,66.13280621337795
2012-02-23 03:00:00,68.64844758738319
2012-02-23 04:00:00,71.00309783705217
2012-02-23 05:00:00,73.70400137991888
2012-02-23 06:00:00,76.18191887670122
2012-02-23 07:00:00,79.07982081146855
2012-02-23 08:00:00,81.9398902478548
2012-02-23 09:00:00,85.18240066035166
2012-02-23 10:00:00,88.990374875856
2012-02-23 11:00:00,92.876975731275
2012-02-23 12:00:00,96.58394919314273
2012-02-23 13:00:00,100.43909617005512
2012-02-23 14:00:00,104.4481212844609
2012-02-23 15:00:00,108.42124794254538
2012-02-23 16:00:00,112.74863571180785
2012-02-23 17:00:00,116.82665440611426
2012-02-23 18:00:00,121.27065099779658
2012-02-23 19:00:00,125.42997698083579
2012-02-23 20:00:00,129.73224071721435
2012-02-23 21:00:00,134.42454142275332
2012-02-23 22:00:00,139.53794817875382
2012-02-23 23:00:00,144.84586501732997
2012-02-24 00:00:00,61.3747043946993
2012-02-24 01:00:00,63.709351214229144
2012-02-24 02:00:00,66.01351890644258
2012-02-24 03:00:00,68.5246226825157
2012-02-24 04:00:00,71.00309783705217
2012-02-24 05:00:00,73.70400137991888
2012-02-24 06:00:00,76.50764522806939
2012-02-24 07:00:00,79.41793754414705
2012-02-24 08:00:00,82.29023560375393
2012-02-24 09:00:00,85.18240066035166
2012-02-24 10:00:00,88.45186282745844
2012-02-24 11:00:00,91.84661372146866
2012-02-24 12:00:00,95.71664105380222
2012-02-24 13:00:00,99.53695330505572
2012-02-24 14:00:00,103.69678812544223
2012-02-24 15:00:00,107.06037416271135
2012-02-24 16:00:00,111.13286892259232
2012-02-24 17:00:00,115.56848488223807
2012-02-24 18:00:00,119.96462166740375
2012-02-24 19:00:00,124.75300785808113
2012-02-24 20:00:00,129.49851687348269
2012-02-24 21:00:00,134.18207263229246
2012-02-24 22:00:00,139.03531983285225
2012-02-24 23:00:00,144.06379188490905
2012-02-25 00:00:00,60.87317497595036
2012-02-25 01:00:00,63.05408953098714
2012-02-25 02:00:00,65.35612574073816
2012-02-25 03:00:00,67.69765180612086
2012-02-25 04:00:00,70.27281870977528
2012-02-25 05:00:00,72.94594299311349
2012-02-25 06:00:00,75.72075087994692
2012-02-25 07:00:00,78.4336122967801
2012-02-25 08:00:00,81.27048686460907
2012-02-25 09:00:00,84.05807462386441
2012-02-25 10:00:00,87.57101825077397
2012-02-25 11:00:00,91.23077434015165
2012-02-25 12:00:00,94.8720434138033
2012-02-25 13:00:00,98.51341245544755
2012-02-25 14:00:00,102.22704164574532
2012-02-25 15:00:00,106.15070947530884
2012-02-25 16:00:00,110.15223945435208
2012-02-25 17:00:00,114.17377787787433
2012-02-25 18:00:00,118.47800820968575
2012-02-25 19:00:00,122.5013802087912
2012-02-25 20:00:00,127.16123903032178
2012-02-25 21:00:00,131.8037575236028
2012-02-25 22:00:00,136.77261938947393
2012-02-25 23:00:00,141.97534523566128
2012-02-26 00:00:00,60.17812350708524
2012-02-26 01:00:00,62.467253304722604
2012-02-26 02:00:00,64.84345984927478
2012-02-26 03:00:00,67.33227487582977
2012-02-26 04:00:00,69.89354312047399
2012-02-26 05:00:00,72.42137366470578
2012-02-26 06:00:00,75.15158264082037
2012-02-26 07:00:00,77.86958000603302
2012-02-26 08:00:00,80.85836224067974
2012-02-26 09:00:00,84.08564005238998
2012-02-26 10:00:00,87.62865282198813
2012-02-26 11:00:00,91.09627791092721
2012-02-26 12:00:00,94.79452653018762
2012-02-26 13:00:00,98.61057580145706
2012-02-26 14:00:00,102.5466155510056
2012-02-26 15:00:00,106.604571543925
2012-02-26 16:00:00,110.62321061892149
2012-02-26 17:00:00,114.86913934502738
2012-02-26 18:00:00,118.98457735234493
2012-02-26 19:00:00,123.5511629213593
2012-02-26 20:00:00,128.01989949556
2012-02-26 21:00:00,132.64997829492157
2012-02-26 22:00:00,137.6507417863587
2012-02-26 23:00:00,142.372179268274
2012-02-27 00:00:00,60.306636238346854
2012-02-27 01:00:00,62.62131936629629
2012-02-27 02:00:00,64.96063284392689
2012-02-27 03:00:00,67.35435536029084
2012-02-27 04:00:00,69.7905029781148
2012-02-27 05:00:00,72.4452803398664
2012-02-27 06:00:00,75.31207177841641
2012-02-27 07:00:00,78.17688539477118
2012-02-27 08:00:00,81.17728632586889
2012-02-27 09:00:00,84.41747657059904
2012-02-27 10:00:00,88.10416754702425
2012-02-27 11:00:00,91.7862049393086
2012-02-27 12:00:00,95.71664105380222
2012-02-27 13:00:00,99.35762888121796
2012-02-27 14:00:00,103.69678812544223
2012-02-27 15:00:00,108.22568269403769
2012-02-27 16:00:00,112.54550930029765
2012-02-27 17:00:00,116.82665440611426
2012-02-27 18:00:00,121.05190858845224
2012-02-27 19:00:00,125.42997698083579
2012-02-27 20:00:00,129.96666860220236
2012-02-27 21:00:00,134.66715594276272
2012-02-27 22:00:00,139.53794817875382
2012-02-27 23:00:00,144.58459872382215
2012-02-28 00:00:00,61.26399953246231
2012-02-28 01:00:00,63.36536229978795
2012-02-28 02:00:00,65.89458984692918
2012-02-28 03:00:00,68.40116965252811
2012-02-28 04:00:00,70.39980262812277
2012-02-28 05:00:00,73.07775728260532
2012-02-28 06:00:00,75.72075087994692
2012-02-28 07:00:00,78.45950364343604
2012-02-28 08:00:00,81.2971381507221
2012-02-28 09:00:00,84.54211227935966
2012-02-28 10:00:00,87.91641860406804
2012-02-28 11:00:00,91.62084415850842
2012-02-28 12:00:00,95.30913364506246
2012-02-28 13:00:00,98.9670641431465
2012-02-28 14:00:00,103.13711710118245
2012-02-28 15:00:00,107.2536007939098
2012-02-28 16:00:00,111.33344574707357
2012-02-28 17:00:00,115.56848488223807
2012-02-28 18:00:00,119.96462166740375
2012-02-28 19:00:00,124.52798413397873
2012-02-28 20:00:00,129.03205146975293
2012-02-28 21:00:00,133.17346966527288
2012-02-28 22:00:00,138.23928660836248
2012-02-28 23:00:00,143.14475839048276
2012-02-29 00:00:00,60.69382344144397
2012-02-29 01:00:00,63.002570070208364
2012-02-29 02:00:00,65.23838103182781
2012-02-29 03:00:00,67.64233824053
2012-02-29 05:00:00,72.75503017535087
2012-02-29 06:00:00,75.65888189913821
2012-02-29 07:00:00,78.36952672449567
2012-02-29 08:00:00,81.49764528413151
2012-02-29 09:00:00,84.75043862601528
2012-02-29 10:00:00,87.97428049936326
2012-02-29 11:00:00,91.29081756753044
2012-02-29 12:00:00,94.93448313017954
2012-02-29 13:00:00,98.9019721427275
2012-02-29 14:00:00,102.66412752881838
2012-02-29 15:00:00,107.06037416271135
2012-02-29 16:00:00,111.13286892259232
2012-02-29 17:00:00,115.36027826874253
2012-02-29 18:00:00,119.74849503355449
2012-02-29 19:00:00,124.30363620825848
2012-02-29 20:00:00,129.26493341899993
2012-02-29 21:00:00,134.18207263229246
2012-02-29 22:00:00,139.28625606092922
2012-02-29 23:00:00,144.58459872382215
2012-03-20 00:00:00,62.04274303362719
2012-03-20 01:00:00,64.2867743191489
2012-03-20 02:00:00,66.73219405163069
2012-03-20 03:00:00,69.27063568062766
2012-03-20 04:00:00,71.77593761374082
2012-03-20 05:00:00,74.50623939069187
2012-03-20 06:00:00,77.34039975926932
2012-03-20 07:00:00,80.28236942087375
2012-03-20 08:00:00,83.33624935856598
2012-03-20 09:00:00,86.66261458245458
2012-03-20 10:00:00,89.95919416686954
2012-03-20 11:00:00,93.71875657945795
2012-03-20 12:00:00,97.49149964638414
2012-03-20 13:00:00,101.20000173735771
2012-03-20 14:00:00,105.08402164818632
2012-03-20 15:00:00,109.27844889788057
2012-03-20 16:00:00,113.43531752443859
2012-03-20 17:00:00,117.53791767362048
2012-03-20 18:00:00,122.00897017606782
2012-03-20 19:00:00,126.33877755744224
2012-03-20 20:00:00,131.1446080395072
2012-03-20 21:00:00,135.88769776014365
2012-03-20 22:00:00,140.80263591698815
2012-03-20 23:00:00,145.8950262564767
2012-03-21 00:00:00,61.81925944573444
2012-03-21 01:00:00,64.17081679943703
2012-03-21 02:00:00,66.4916742565317
2012-03-21 03:00:00,69.02096669645803
2012-03-21 04:00:00,71.64647148655007
2012-03-21 05:00:00,74.3718484710306
2012-03-21 06:00:00,77.06181262430178
2012-03-21 07:00:00,79.99318504433856
2012-03-21 08:00:00,83.03606462949803
2012-03-21 09:00:00,86.35026048413155
2012-03-21 10:00:00,89.79692991980868
2012-03-21 11:00:00,93.21273646272276
2012-03-21 12:00:00,96.93332153080053
2012-03-21 13:00:00,100.62059095311798
2012-03-21 14:00:00,104.63663322240845
2012-03-21 15:00:00,108.61693073044998
2012-03-21 16:00:00,112.952373996594
2012-03-21 17:00:00,117.53791767362048
2012-03-21 18:00:00,122.00897017606782
2012-03-21 19:00:00,126.69190595794211
2012-03-21 20:00:00,130.90805544166867
2012-03-21 21:00:00,135.64288432856517
2012-03-21 22:00:00,140.54866261372717
2012-03-21 23:00:00,146.1586605099704
2012-03-22 00:00:00,61.81925944573444
2012-03-22 01:00:00,64.17081679943703
2012-03-22 02:00:00,66.61182559654624
2012-03-22 03:00:00,69.14568850156229
2012-03-22 04:00:00,71.51739417613693
2012-03-22 05:00:00,74.23786115843984
2012-03-22 06:00:00,77.06181262430178
2012-03-22 07:00:00,79.99318504433856
2012-03-22 08:00:00,83.18593127401348
2012-03-22 09:00:00,86.35026048413155
2012-03-22 10:00:00,89.63495835751574
2012-03-22 11:00:00,93.21273646272276
2012-03-22 12:00:00,96.93332153080053
2012-03-22 13:00:00,100.98434572604334
2012-03-22 14:00:00,105.08402164818632
2012-03-22 15:00:00,109.27844889788057
2012-03-22 16:00:00,113.60279577387811
2012-03-22 17:00:00,118.13699325190761
2012-03-22 18:00:00,122.6308341312164
2012-03-22 19:00:00,127.29561728095754
2012-03-22 20:00:00,131.66187271056242
2012-03-22 21:00:00,136.13324863790288
2012-03-22 22:00:00,141.05676186428542
2012-03-22 23:00:00,146.42245321396277
2012-03-23 00:00:00,62.04274303362719
2012-03-23 01:00:00,64.2867743191489
2012-03-23 02:00:00,66.73219405163069
2012-03-23 03:00:00,69.14568850156229
2012-03-23 04:00:00,71.64647148655007
2012-03-23 05:00:00,74.3718484710306
2012-03-23 06:00:00,77.20089671179815
2012-03-23 07:00:00,80.13755978416022
2012-03-23 08:00:00,83.18593127401348
2012-03-23 09:00:00,86.5062965536663
2012-03-23 10:00:00,90.12155593862809
2012-03-23 11:00:00,94.0884050348422
2012-03-23 12:00:00,98.02053486665497
2012-03-23 13:00:00,102.1169957338222
2012-03-23 14:00:00,106.15795088958633
2012-03-23 15:00:00,110.19611815827601
2012-03-23 16:00:00,114.38789422172178
2012-03-23 17:00:00,118.73912224100532
2012-03-23 18:00:00,123.03381154866199
2012-03-23 19:00:00,127.29561728095754
2012-03-23 20:00:00,132.13784521437213
2012-03-23 21:00:00,136.7601386872602
2012-03-23 22:00:00,141.70663226282866
2012-03-23 23:00:00,147.04850270374988
2012-03-24 00:00:00,62.15485509573151
2012-03-24 01:00:00,64.4028015321065
2012-03-24 02:00:00,66.73219405163069
2012-03-24 03:00:00,69.27063568062766
2012-03-24 04:00:00,71.77593761374082
2012-03-24 05:00:00,74.50623939069187
2012-03-24 06:00:00,77.34039975926932
2012-03-24 07:00:00,80.13755978416022
2012-03-24 08:00:00,83.18593127401348
2012-03-24 09:00:00,86.5062965536663
2012-03-24 10:00:00,89.79692991980868
2012-03-24 11:00:00,93.0446036260662
2012-03-24 12:00:00,96.75847767432792
2012-03-24 13:00:00,100.43909617005512
2012-03-24 14:00:00,104.2597225786465
2012-03-24 15:00:00,108.03047019710904
2012-03-24 16:00:00,112.13986666826798
2012-03-24 17:00:00,116.40558143857301
2012-03-24 18:00:00,120.39830729079704
2012-03-24 19:00:00,124.9781668268295
2012-03-24 20:00:00,129.49851687348269
2012-03-24 21:00:00,134.42454142275332
2012-03-24 22:00:00,139.53794817875382
2012-03-24 23:00:00,144.84586501732997
2012-03-25 00:00:00,61.3747043946993
2012-03-25 01:00:00,63.594435223693075
2012-03-25 02:00:00,66.01351890644258
2012-03-25 03:00:00,68.5246226825157
2012-03-25 04:00:00,71.13124692589109
2012-03-25 05:00:00,73.70400137991888
2012-03-25 06:00:00,76.50764522806939
2012-03-25 07:00:00,79.41793754414705
2012-03-25 08:00:00,82.43893515431357
2012-03-25 09:00:00,85.5748492032955
2012-03-25 10:00:00,88.8300510245441
2012-03-25 11:00:00,92.20907823369255
2012-03-25 12:00:00,95.71664105380222
2012-03-25 13:00:00,99.53695330505572
2012-03-25 14:00:00,103.50996939966276
2012-03-25 15:00:00,107.44740947749108
2012-03-25 16:00:00,111.93783700680247
2012-03-25 17:00:00,116.40558143857301
2012-03-25 18:00:00,120.83356073658098
2012-03-25 19:00:00,125.42997698083579
2012-03-25 20:00:00,129.96666860220236
2012-03-25 21:00:00,134.91050128521948
2012-03-25 22:00:00,139.78979156956754
2012-03-25 23:00:00,145.3694991387308
2012-03-26 00:00:00,61.59658086599594
2012-03-26 01:00:00,63.93966769681633
2012-03-26 02:00:00,66.25216521484089
2012-03-26 03:00:00,68.77234691398327
2012-03-26 04:00:00,71.259782035446
2012-03-26 05:00:00,73.97044964892312
2012-03-26 06:00:00,76.64572913319266
2012-03-26 07:00:00,79.70504233615758
2012-03-26 08:00:00,82.73696119305188
2012-03-26 09:00:00,86.03921901360829
2012-03-26 10:00:00,89.63495835751574
2012-03-26 11:00:00,92.876975731275
2012-03-26 12:00:00,96.4099448614253
2012-03-26 13:00:00,100.0773054354864
2012-03-26 14:00:00,103.88416960121036
2012-03-26 15:00:00,107.83584396853996
2012-03-26 16:00:00,111.93783700680247
2012-03-26 17:00:00,115.98627797585301
2012-03-26 18:00:00,120.18139933481605
2012-03-26 19:00:00,124.52798413397873
2012-03-26 20:00:00,129.03205146975293
2012-03-26 21:00:00,133.6987366359052
2012-03-26 22:00:00,138.39770014442595
2012-03-26 23:00:00,143.309104468107
2012-03-27 00:00:00,60.63402037346924
2012-03-27 01:00:00,62.826962981278314
2012-03-27 02:00:00,64.96063284392689
2012-03-27 03:00:00,67.43168563936517
2012-03-27 04:00:00,69.87047850917887
2012-03-27 05:00:00,72.42137366470578
2012-03-27 06:00:00,75.2010434022467
2012-03-27 07:00:00,78.06163358407973
2012-03-27 08:00:00,81.00429848517899
2012-03-27 09:00:00,84.23758392267511
2012-03-27 10:00:00,87.62865282198813
2012-03-27 11:00:00,91.32075485217513
2012-03-27 12:00:00,94.96582150081363
2012-03-27 13:00:00,98.93462020228664
2012-03-27 14:00:00,103.13711710118245
2012-03-27 15:00:00,107.2536007939098
2012-03-27 16:00:00,111.33344574707357
2012-03-27 17:00:00,115.77731867199165
2012-03-27 18:00:00,119.96462166740375
2012-03-27 19:00:00,124.52798413397873
2012-03-27 20:00:00,129.26493341899993
2012-03-27 21:00:00,133.3700897308579
2012-03-27 22:00:00,138.44338595087928
2012-03-27 23:00:00,143.70966647936174
2012-03-28 00:00:00,60.87317497595036
2012-03-28 01:00:00,63.18874399993028
2012-03-28 02:00:00,65.45261887680974
2012-03-28 03:00:00,67.94238644469786
2012-03-28 04:00:00,70.67747573487992
2012-03-28 05:00:00,73.365992861996
2012-03-28 06:00:00,76.15677912461312
2012-03-28 07:00:00,79.05372476243636
2012-03-28 08:00:00,82.29023560375393
2012-03-28 09:00:00,85.5748492032955
2012-03-28 10:00:00,89.31208510731938
2012-03-28 11:00:00,93.0446036260662
2012-03-28 12:00:00,96.93332153080053
2012-03-28 13:00:00,100.80219481889112
2012-03-28 14:00:00,105.30843267742642
2012-03-28 15:00:00,109.31428492298544
2012-03-28 16:00:00,113.47251672453324
2012-03-28 17:00:00,117.57671755650986
2012-03-28 18:00:00,122.04924597683052
2012-03-28 19:00:00,126.73345243273455
2012-03-28 20:00:00,131.55429604523226
2012-03-28 21:00:00,136.13324863790288
2012-03-28 22:00:00,141.05676186428542
2012-03-28 23:00:00,146.1586605099704
2012-03-29 00:00:00,61.93096767002206
2012-03-29 01:00:00,64.4028015321065
2012-03-29 02:00:00,67.16063531751836
2012-03-29 03:00:00,69.52105683313452
2012-03-29 04:00:00,71.77593761374082
2012-03-29 05:00:00,74.3718484710306
2012-03-29 06:00:00,76.92281207946093
2012-03-29 07:00:00,79.84889702507112
2012-03-29 08:00:00,82.88628800432038
2012-03-29 09:00:00,86.19469302706764
2012-03-29 10:00:00,89.31208510731938
2012-03-29 11:00:00,93.0446036260662
2012-03-29 12:00:00,96.58394919314273
2012-03-29 13:00:00,99.89679060579303
2012-03-29 14:00:00,104.07166369773184
2012-03-29 15:00:00,108.22568269403769
2012-03-29 16:00:00,112.34250489929315
2012-03-29 17:00:00,116.61592787294096
2012-03-29 18:00:00,120.83356073658098
2012-03-29 19:00:00,125.2040040370474
2012-03-29 20:00:00,129.73224071721435
2012-03-29 21:00:00,134.42454142275332
2012-03-29 22:00:00,139.28625606092922
2012-03-29 23:00:00,144.58459872382215
2012-03-30 00:00:00,61.153627142577264
2012-03-30 01:00:00,63.36536229978795
2012-03-30 02:00:00,65.59239549877586
2012-03-30 03:00:00,67.98710249788789
2012-03-30 04:00:00,70.59657649421682
2012-03-30 05:00:00,73.14983355363755
2012-03-30 06:00:00,75.93239728147022
2012-03-30 07:00:00,78.79496812409964
2012-03-30 08:00:00,81.79226845393671
2012-03-30 09:00:00,85.05682101023426
2012-03-30 10:00:00,88.48086912475509
2012-03-30 11:00:00,91.87693277022086
2012-03-30 12:00:00,95.54399178948148
2012-03-30 13:00:00,99.35762888121796
2012-03-30 14:00:00,103.13711710118245
2012-03-30 15:00:00,107.2536007939098
2012-03-30 16:00:00,111.13286892259232
2012-03-30 17:00:00,115.36027826874253
2012-03-30 18:00:00,119.96462166740375
2012-03-30 19:00:00,124.30363620825848
2012-03-30 20:00:00,129.03205146975293
2012-03-30 21:00:00,133.6987366359052
2012-03-30 22:00:00,138.44338595087928
2012-03-30 23:00:00,143.8042485131476
2012-03-31 00:00:00,61.04332104929536
2012-03-31 01:00:00,63.479864352502844
2012-03-31 02:00:00,66.01351890644258
2012-03-31 03:00:00,68.40116965252811
2012-03-31 04:00:00,71.13124692589109
2012-03-31 05:00:00,73.70400137991888
2012-03-31 06:00:00,76.18191887670122
2012-03-31 07:00:00,79.07982081146855
2012-03-31 08:00:00,82.08795671969511
2012-03-31 09:00:00,85.5748492032955
2012-03-31 10:00:00,88.8300510245441
2012-03-31 11:00:00,92.70944852434621
2012-03-31 12:00:00,96.4099448614253
2012-03-31 13:00:00,100.62059095311798
2012-03-31 14:00:00,104.07166369773184
2012-03-31 15:00:00,108.22568269403769
2012-03-31 16:00:00,112.13986666826798
2012-03-31 17:00:00,116.19586672328535
2012-03-31 18:00:00,120.18139933481605
2012-03-31 19:00:00,124.52798413397873
2012-03-31 20:00:00,129.03205146975293
2012-03-31 21:00:00,133.94033203179006
2012-03-31 22:00:00,138.78453433286538
2012-03-31 23:00:00,143.66224281976866
2012-04-20 00:00:00,61.59658086599594
2012-04-20 01:00:00,63.824336272027104
2012-04-20 02:00:00,66.13280621337795
2012-04-20 03:00:00,68.64844758738319
2012-04-20 04:00:00,71.13124692589109
2012-04-20 05:00:00,73.83702516209661
2012-04-20 06:00:00,76.64572913319266
2012-04-20 07:00:00,79.56127405542303
2012-04-20 08:00:00,82.73696119305188
2012-04-20 09:00:00,86.03921901360829
2012-04-20 10:00:00,89.63495835751574
2012-04-20 11:00:00,93.38117311765198
2012-04-20 12:00:00,97.28374640933028
2012-04-20 13:00:00,101.44937599682532
2012-04-20 14:00:00,105.46391222595624
2012-04-20 15:00:00,109.47567879464
2012-04-20 16:00:00,113.807830416189
2012-04-20 17:00:00,117.96283048866665
2012-04-20 18:00:00,122.26952509340246
2012-04-20 19:00:00,126.73345243273455
2012-04-20 20:00:00,131.1446080395072
2012-04-20 21:00:00,135.88769776014365
2012-04-20 22:00:00,140.80263591698815
2012-04-20 23:00:00,145.8950262564767
2012-04-21 00:00:00,61.81925944573444
2012-04-21 01:00:00,64.17081679943703
2012-04-21 02:00:00,66.61182559654624
2012-04-21 03:00:00,69.02096669645803
2012-04-21 04:00:00,71.64647148655007
2012-04-21 05:00:00,74.3718484710306
2012-04-21 06:00:00,77.20089671179815
2012-04-21 07:00:00,80.13755978416022
2012-04-21 08:00:00,83.33624935856598
2012-04-21 09:00:00,86.66261458245458
2012-04-21 10:00:00,90.53675993665779
2012-04-21 11:00:00,94.11946411066093
2012-04-21 12:00:00,97.87602867315188
2012-04-21 13:00:00,101.74916105283364
2012-04-21 14:00:00,105.96669816638192
2012-04-21 15:00:00,110.19611815827601
2012-04-21 16:00:00,114.18181454433355
2012-04-21 17:00:00,118.91443113744866
2012-04-21 18:00:00,122.85242968002322
2012-04-21 19:00:00,126.11089349506467
2012-04-21 20:00:00,130.20123738396208
2012-04-21 21:00:00,135.1539928840534
2012-04-21 22:00:00,140.04239358275564
2012-04-21 23:00:00,145.1072883381357
2012-04-22 00:00:00,61.48547579320911
2012-04-22 01:00:00,63.824336272027104
2012-04-22 02:00:00,66.25216521484089
2012-04-22 03:00:00,68.64844758738319
2012-04-22 04:00:00,71.259782035446
2012-04-22 05:00:00,73.97044964892312
2012-04-22 06:00:00,76.78422898546313
2012-04-22 07:00:00,79.56127405542303
2012-04-22 08:00:00,82.43893515431357
2012-04-22 09:00:00,85.5748492032955
2012-04-22 10:00:00,88.66982347382655
2012-04-22 11:00:00,92.04275574947799
2012-04-22 12:00:00,95.54399178948148
2012-04-22 13:00:00,99.17841217091413
2012-04-22 14:00:00,102.9510831242727
2012-04-22 15:00:00,106.86726359558745
2012-04-22 16:00:00,110.93241257717423
2012-04-22 17:00:00,114.79358833084783
2012-04-22 18:00:00,119.1602486437923
2012-04-22 19:00:00,123.69301337568483
2012-04-22 20:00:00,128.44030703708606
2012-04-22 21:00:00,133.32607809343472
2012-04-22 22:00:00,138.0575026454625
2012-04-22 23:00:00,143.61514665348136
2012-04-23 00:00:00,60.87317497595036
2012-04-23 01:00:00,63.05408953098714
2012-04-23 02:00:00,65.35612574073816
2012-04-23 03:00:00,67.84222278352222
2012-04-23 04:00:00,70.29601613568015
2012-04-23 05:00:00,72.97002283135978
2012-04-23 06:00:00,75.72075087994692
2012-04-23 07:00:00,78.62705697542813
2012-04-23 08:00:00,81.59103646464948
2012-04-23 09:00:00,84.69469709589798
2012-04-23 10:00:00,88.10416754702425
2012-04-23 11:00:00,91.42560121912835
2012-04-23 12:00:00,95.07464636499098
2012-04-23 13:00:00,98.69121320540287
2012-04-23 14:00:00,102.63047159579843
2012-04-23 15:00:00,106.56939242872825
2012-04-23 16:00:00,109.9898481671484
2012-04-23 17:00:00,114.17377787787433
2012-04-23 18:00:00,118.84812650605573
2012-04-23 19:00:00,123.51065968265354
2012-04-23 20:00:00,128.01989949556
2012-04-23 21:00:00,132.84582546701802
2012-04-23 22:00:00,137.944700317403
2012-04-23 23:00:00,143.19201122575248
2012-04-24 00:00:00,60.69382344144397
2012-04-24 01:00:00,63.002570070208364
2012-04-24 02:00:00,65.37770014051513
2012-04-24 03:00:00,67.84222278352222
2012-04-24 04:00:00,70.29601613568015
2012-04-24 05:00:00,72.97002283135978
2012-04-24 06:00:00,75.74574669682532
2012-04-24 07:00:00,78.76896607540307
2012-04-24 08:00:00,81.913028251126
2012-04-24 09:00:00,85.5748492032955
2012-04-24 10:00:00,88.990374875856
2012-04-24 11:00:00,92.70944852434621
2012-04-24 12:00:00,96.4099448614253
2012-04-24 13:00:00,100.25792875891442
2012-04-24 14:00:00,104.07166369773184
2012-04-24 15:00:00,108.03047019710904
2012-04-24 16:00:00,112.13986666826798
2012-04-24 17:00:00,116.61592787294096
2012-04-24 18:00:00,120.83356073658098
2012-04-24 19:00:00,125.42997698083579
2012-04-24 20:00:00,129.96666860220236
2012-04-24 21:00:00,134.66715594276272
2012-04-24 22:00:00,139.53794817875382
2012-04-24 23:00:00,144.58459872382215
2012-04-25 00:00:00,61.3747043946993
2012-04-25 01:00:00,63.594435223693075
2012-04-25 02:00:00,65.65723155743933
2012-04-25 03:00:00,67.88687291433543
2012-04-25 04:00:00,70.59657649421682
2012-04-25 05:00:00,73.30604787793764
2012-04-25 06:00:00,76.09455387920345
2012-04-25 07:00:00,78.9891325162774
2012-04-25 08:00:00,82.11487608126617
2012-04-25 09:00:00,85.72929794267442
2012-04-25 10:00:00,89.79692991980868
2012-04-25 11:00:00,93.21273646272276
2012-04-25 12:00:00,96.93332153080053
2012-04-25 13:00:00,100.80219481889112
2012-04-25 14:00:00,104.63663322240845
2012-04-25 15:00:00,108.8132029693649
2012-04-25 16:00:00,113.23070812838199
2012-04-25 17:00:00,117.53791767362048
2012-04-25 18:00:00,122.00897017606782
2012-04-25 19:00:00,126.65009809651887
2012-04-25 20:00:00,130.90805544166867
2012-04-25 21:00:00,135.39821794734004
2012-04-25 22:00:00,140.2951474158016
2012-04-25 23:00:00,145.63186753429508
2012-04-26 00:00:00,61.59658086599594
2012-04-26 01:00:00,63.93966769681633
2012-04-26 02:00:00,66.37188375883063
2012-04-26 03:00:00,68.89661945983292
2012-04-26 04:00:00,71.51739417613693
2012-04-26 05:00:00,74.23786115843984
2012-04-26 06:00:00,77.06181262430178
2012-04-26 07:00:00,79.84889702507112
2012-04-26 08:00:00,82.88628800432038
2012-04-26 09:00:00,86.03921901360829
2012-04-26 10:00:00,89.31208510731938
2012-04-26 11:00:00,92.70944852434621
2012-04-26 12:00:00,96.75847767432792
2012-04-26 13:00:00,100.25792875891442
2012-04-26 14:00:00,104.4481212844609
2012-04-26 15:00:00,108.22568269403769
2012-04-26 16:00:00,112.34250489929315
2012-04-26 17:00:00,116.82665440611426
2012-04-26 18:00:00,121.27065099779658
2012-04-26 19:00:00,125.88369382132785
2012-04-26 20:00:00,130.6722132660914
2012-04-26 21:00:00,135.39821794734004
2012-04-26 22:00:00,140.54866261372717
2012-04-26 23:00:00,145.63186753429508
2012-04-27 00:00:00,61.93096767002206
2012-04-27 01:00:00,64.05506843855314
2012-04-27 02:00:00,66.37188375883063
2012-04-27 03:00:00,68.64844758738319
2012-04-27 04:00:00,71.13124692589109
2012-04-27 05:00:00,73.83702516209661
2012-04-27 06:00:00,76.50764522806939
2012-04-27 07:00:00,79.27468712979996
2012-04-27 08:00:00,82.43893515431357
2012-04-27 09:00:00,85.72929794267442
2012-04-27 10:00:00,89.15118166722178
2012-04-27 11:00:00,92.54242444043646
2012-04-27 12:00:00,96.23604504765957
2012-04-27 13:00:00,99.89679060579303
2012-04-27 14:00:00,103.69678812544223
2012-04-27 15:00:00,108.22568269403769
2012-04-27 16:00:00,112.34250489929315
2012-04-27 17:00:00,116.82665440611426
2012-04-27 18:00:00,121.05190858845224
2012-04-27 19:00:00,125.42997698083579
2012-04-27 20:00:00,129.73224071721435
2012-04-27 21:00:00,134.42454142275332
2012-04-27 22:00:00,139.28625606092922
2012-04-27 23:00:00,144.32411707352992
2012-04-28 00:00:00,61.04332104929536
2012-04-28 01:00:00,63.18874399993028
2012-04-28 02:00:00,65.61404789243876
2012-04-28 03:00:00,67.9648145826933
2012-04-28 04:00:00,70.57327988450282
2012-04-28 05:00:00,73.25783348115321
2012-04-28 06:00:00,76.0445054436368
2012-04-28 07:00:00,78.93718027649578
2012-04-28 08:00:00,82.29023560375393
2012-04-28 09:00:00,85.42049323554895
2012-04-28 10:00:00,88.66982347382655
2012-04-28 11:00:00,92.04275574947799
2012-04-28 12:00:00,95.54399178948148
2012-04-28 13:00:00,99.35762888121796
2012-04-28 14:00:00,103.32326288896657
2012-04-28 15:00:00,107.2536007939098
2012-04-28 16:00:00,111.53462676476516
2012-04-28 17:00:00,115.56848488223807
2012-04-28 18:00:00,119.74849503355449
2012-04-28 19:00:00,123.77442151653435
2012-04-28 20:00:00,128.79930940406
2012-04-28 21:00:00,133.3700897308579
2012-04-28 22:00:00,138.44338595087928
2012-04-28 23:00:00,144.06379188490905
2012-04-29 00:00:00,60.89326953017524
2012-04-29 01:00:00,63.20960293563078
2012-04-29 02:00:00,65.63556491332635
2012-04-29 03:00:00,68.10995609663031
2012-04-29 04:00:00,70.70080674019044
2012-04-29 05:00:00,73.30604787793764
2012-04-29 06:00:00,76.0445054436368
2012-04-29 07:00:00,78.93718027649578
2012-04-29 08:00:00,82.29023560375393
2012-04-29 09:00:00,85.5748492032955
2012-04-29 10:00:00,88.990374875856
2012-04-29 11:00:00,92.70944852434621
2012-04-29 12:00:00,96.4099448614253
2012-04-29 13:00:00,100.25792875891442
2012-04-29 14:00:00,104.4481212844609
2012-04-29 15:00:00,108.61693073044998
2012-04-29 16:00:00,113.26808617881727
2012-04-29 17:00:00,117.75031025463024
2012-04-29 18:00:00,122.04924597683052
2012-04-29 19:00:00,126.11089349506467
2012-04-29 20:00:00,130.90805544166867
2012-04-29 21:00:00,135.39821794734004
2012-04-29 22:00:00,140.2951474158016
2012-04-29 23:00:00,145.3694991387308
2012-04-30 00:00:00,61.3747043946993
2012-04-30 01:00:00,63.594435223693075
2012-04-30 02:00:00,66.01351890644258
2012-04-30 03:00:00,68.40116965252811
2012-04-30 04:00:00,70.87502572262045
2012-04-30 05:00:00,73.57105750019596
2012-04-30 06:00:00,76.50764522806939
2012-04-30 07:00:00,79.41793754414705
2012-04-30 08:00:00,82.43893515431357
2012-04-30 09:00:00,85.5748492032955
2012-04-30 10:00:00,88.990374875856
2012-04-30 11:00:00,92.54242444043646
2012-04-30 12:00:00,96.06266749532776
2012-04-30 13:00:00,100.0773054354864
2012-04-30 14:00:00,104.07166369773184
2012-04-30 15:00:00,108.22568269403769
2012-04-30 16:00:00,112.74863571180785
2012-04-30 17:00:00,117.03750759097954
2012-04-30 18:00:00,121.48952487656635
2012-04-30 19:00:00,125.88369382132785
2012-04-30 20:00:00,130.43651275216652
2012-04-30 21:00:00,135.39821794734004
2012-04-30 22:00:00,140.54866261372717
2012-04-30 23:00:00,145.8950262564767
2012-05-20 00:00:00,62.15485509573151
2012-05-20 01:00:00,64.4028015321065
2012-05-20 02:00:00,66.85263485103869
2012-05-20 03:00:00,69.27063568062766
2012-05-20 04:00:00,71.77593761374082
2012-05-20 05:00:00,74.3718484710306
2012-05-20 06:00:00,77.20089671179815
2012-05-20 07:00:00,80.28236942087375
2012-05-20 08:00:00,83.63751928925038
2012-05-20 09:00:00,87.37643148746537
2012-05-20 10:00:00,90.96818502817891
2012-05-20 11:00:00,94.42854521971066
2012-05-20 12:00:00,98.19765927726515
2012-05-20 13:00:00,102.08351916463164
2012-05-20 14:00:00,106.15795088958633
2012-05-20 15:00:00,109.99759032773936
2012-05-20 16:00:00,114.38789422172178
2012-05-20 17:00:00,118.73912224100532
2012-05-20 18:00:00,123.07415841306079
2012-05-20 19:00:00,127.29561728095754
2012-05-20 20:00:00,132.13784521437213
2012-05-20 21:00:00,136.917154512508
2012-05-20 22:00:00,141.86901915913853
2012-05-20 23:00:00,147.00029643465865
2012-05-21 00:00:00,62.15485509573151
2012-05-21 01:00:00,64.51917825131683
2012-05-21 02:00:00,66.85263485103869
2012-05-21 03:00:00,69.39565795593934
2012-05-21 04:00:00,72.03541571500094
2012-05-21 05:00:00,74.77558784049083
2012-05-21 06:00:00,77.61999401811731
2012-05-21 07:00:00,80.57259923151162
2012-05-21 08:00:00,83.63751928925038
2012-05-21 09:00:00,86.819026562121
2012-05-21 10:00:00,90.284406789224
2012-05-21 11:00:00,93.88790375230867
2012-05-21 12:00:00,97.45932781128276
2012-05-21 13:00:00,101.16660611025213
2012-05-21 14:00:00,105.01490644061322
2012-05-21 15:00:00,109.43978986048633
2012-05-21 16:00:00,113.60279577387811
2012-05-21 17:00:00,118.13699325190761
2012-05-21 18:00:00,122.40990408518678
2012-05-21 19:00:00,127.29561728095754
2012-05-21 20:00:00,131.89978746623493
2012-05-21 21:00:00,136.71530520765782
2012-05-21 22:00:00,141.86901915913853
2012-05-21 23:00:00,147.26560815514705
2012-05-22 00:00:00,62.15485509573151
2012-05-22 01:00:00,64.51917825131683
2012-05-22 02:00:00,66.97343845164988
2012-05-22 03:00:00,69.52105683313452
2012-05-22 04:00:00,72.03541571500094
2012-05-22 05:00:00,74.77558784049083
2012-05-22 06:00:00,77.61999401811731
2012-05-22 07:00:00,80.57259923151162
2012-05-22 08:00:00,83.63751928925038
2012-05-22 09:00:00,87.13288712479078
2012-05-22 10:00:00,90.4772126633628
2012-05-22 11:00:00,93.91889664160279
2012-05-22 12:00:00,97.66745600927267
2012-05-22 13:00:00,101.56585114554862
2012-05-22 14:00:00,105.42933845173404
2012-05-22 15:00:00,110.0336621831528
2012-05-22 16:00:00,114.01348267989795
2012-05-22 17:00:00,118.77831864782044
2012-05-22 18:00:00,122.85242968002322
2012-05-22 19:00:00,127.29561728095754
2012-05-22 20:00:00,131.89978746623493
2012-05-22 21:00:00,136.67018966147245
2012-05-22 22:00:00,141.86901915913853
2012-05-22 23:00:00,147.26560815514705
2012-05-23 00:00:00,62.400008222163464
2012-05-23 01:00:00,64.63562491572183
2012-05-23 02:00:00,67.09431465811753
2012-05-23 03:00:00,69.66952176313136
2012-05-23 04:00:00,72.16558466958719
2012-05-23 05:00:00,74.77558784049083
2012-05-23 06:00:00,77.61999401811731
2012-05-23 07:00:00,80.71819499029445
2012-05-23 08:00:00,83.78865339935453
2012-05-23 09:00:00,87.31896280569488
2012-05-23 10:00:00,90.64050937458667
2012-05-23 11:00:00,94.25842403453157
2012-05-23 12:00:00,98.02053486665497
2012-05-23 13:00:00,101.74916105283364
2012-05-23 14:00:00,105.81047738865462
2012-05-23 15:00:00,110.0336621831528
2012-05-23 16:00:00,114.21925854554135
2012-05-23 17:00:00,117.92415924860126
2012-05-23 18:00:00,122.40990408518678
2012-05-23 19:00:00,126.79550647253576
2012-05-23 20:00:00,131.61871057325234
2012-05-23 21:00:00,136.6253856694669
2012-05-23 22:00:00,141.82251085754046
2012-05-23 23:00:00,146.95178687932403
2012-05-24 00:00:00,62.26703453986953
2012-05-24 01:00:00,64.61443570080097
2012-05-24 02:00:00,67.07231942166534
2012-05-24 03:00:00,69.62369915963122
2012-05-24 04:00:00,72.27213143168919
2012-05-24 05:00:00,75.02130804201612
2012-05-24 06:00:00,77.87506122819673
2012-05-24 07:00:00,80.86387825561442
2012-05-24 08:00:00,84.11913523072133
2012-05-24 09:00:00,87.31896280569488
2012-05-24 10:00:00,90.80429798094573
2012-05-24 11:00:00,94.42854521971066
2012-05-24 12:00:00,98.374890143887
2012-05-24 13:00:00,102.30152250372026
2012-05-24 14:00:00,106.38465533663252
2012-05-24 15:00:00,110.43144626911804
2012-05-24 16:00:00,114.63217403393561
2012-05-24 17:00:00,118.9926942704654
2012-05-24 18:00:00,123.29655505474307
2012-05-24 19:00:00,127.75580527945581
2012-05-24 20:00:00,132.13784521437213
2012-05-24 21:00:00,136.87197235679696
2012-05-24 22:00:00,142.07847751388204
2012-05-24 23:00:00,147.48303414552396
2012-05-25 00:00:00,62.379551899709696
2012-05-25 01:00:00,64.75242234988383
2012-05-25 02:00:00,67.21555497735551
2012-05-25 03:00:00,69.74935865732502
2012-05-25 04:00:00,72.40257092057851
2012-05-25 05:00:00,75.15670934931059
2012-05-25 06:00:00,78.01561309767399
2012-05-25 07:00:00,80.9832673583092
2012-05-25 08:00:00,84.21571333867132
2012-05-25 09:00:00,87.41921467101423
2012-05-25 10:00:00,91.13256574880354
2012-05-25 11:00:00,94.59917885723947
2012-05-25 12:00:00,98.58497356096883
2012-05-25 13:00:00,102.4861601786253
2012-05-25 14:00:00,106.38465533663252
2012-05-25 15:00:00,110.6672769323248
2012-05-25 16:00:00,115.04658225834262
2012-05-25 17:00:00,119.24680781289041
2012-05-25 18:00:00,123.78286518938013
2012-05-25 19:00:00,128.21765690941658
2012-05-25 20:00:00,132.61553841240948
2012-05-25 21:00:00,137.6601320773122
2012-05-25 22:00:00,142.38189164736943
2012-05-25 23:00:00,147.7495379504008
2012-05-26 00:00:00,62.471650360585734
2012-05-26 01:00:00,64.84802416578034
2012-05-26 02:00:00,67.31479341321821
2012-05-26 03:00:00,69.74935865732502
2012-05-26 04:00:00,72.40257092057851
2012-05-26 05:00:00,75.1815189731224
2012-05-26 06:00:00,78.01561309767399
2012-05-26 07:00:00,80.9832673583092
2012-05-26 08:00:00,84.24333046215595
2012-05-26 09:00:00,87.41921467101423
2012-05-26 10:00:00,91.13256574880354
2012-05-26 11:00:00,94.80119909551779
2012-05-26 12:00:00,98.76311791980916
2012-05-26 13:00:00,102.73892684002318
2012-05-26 14:00:00,106.6470370485294
2012-05-26 15:00:00,110.7038087806819
2012-05-26 16:00:00,115.08455973834904
2012-05-26 17:00:00,119.42286626681462
2012-05-26 18:00:00,123.74228599273084
2012-05-26 19:00:00,128.25998223022285
2012-05-26 20:00:00,133.0949585251779
2012-05-26 21:00:00,137.95411066168916
2012-05-26 22:00:00,142.94378915032988
2012-05-26 23:00:00,148.38126157488455
2012-05-27 00:00:00,62.73875655895855
2012-05-27 01:00:00,65.0078208824469
2012-05-27 02:00:00,67.35909641816473
2012-05-27 03:00:00,69.92138493376781
2012-05-27 04:00:00,72.42647138885471
2012-05-27 05:00:00,75.1815189731224
2012-05-27 06:00:00,78.0413664606027
2012-05-27 07:00:00,80.9832673583092
2012-05-27 08:00:00,84.21571333867132
2012-05-27 09:00:00,87.60590181556752
2012-05-27 10:00:00,91.13256574880354
2012-05-27 11:00:00,94.97229990175028
2012-05-27 12:00:00,98.76311791980916
2012-05-27 13:00:00,102.70502337331297
2012-05-27 14:00:00,106.61184391987284
2012-05-27 15:00:00,110.83066838937143
2012-05-27 16:00:00,115.04658225834262
2012-05-27 17:00:00,119.42286626681462
2012-05-27 18:00:00,123.78286518938013
2012-05-27 19:00:00,128.4914707195706
2012-05-27 20:00:00,133.0949585251779
2012-05-27 21:00:00,137.16426779533228
2012-05-27 22:00:00,141.82251085754046
2012-05-27 23:00:00,147.21733071332292
2012-05-28 00:00:00,62.379551899709696
2012-05-28 01:00:00,64.77365681519998
2012-05-28 02:00:00,67.09431465811753
2012-05-28 03:00:00,69.79526396320098
2012-05-28 04:00:00,72.31969709198414
2012-05-28 05:00:00,75.07068306365335
2012-05-28 06:00:00,78.06695881111553
2012-05-28 07:00:00,81.03656622342397
2012-05-28 08:00:00,84.4232353820392
2012-05-28 09:00:00,87.95143975771055
2012-05-28 10:00:00,91.29704526617707
2012-05-28 11:00:00,94.97229990175028
2012-05-28 12:00:00,98.94136934767457
2012-05-28 13:00:00,103.17820135918099
2012-05-28 14:00:00,107.10302123446552
2012-05-28 15:00:00,111.34128248319497
2012-05-28 16:00:00,115.57661972180858
2012-05-28 17:00:00,119.97306595005038
2012-05-28 18:00:00,124.31211598319776
2012-05-28 19:00:00,128.99855090872734
2012-05-28 20:00:00,133.66402446451278
2012-05-28 21:00:00,138.49853431983195
2012-05-28 22:00:00,143.4605470531699
2012-05-28 23:00:00,148.6981355497065
2012-05-29 00:00:00,62.872737622033675
2012-05-29 01:00:00,65.2643684799266
2012-05-29 02:00:00,67.60260714087026
2012-05-29 03:00:00,70.17415861814288
2012-05-29 04:00:00,72.68830124300567
2012-05-29 05:00:00,75.45330863469368
2012-05-29 06:00:00,78.32349479305195
2012-05-29 07:00:00,81.30286063793012
2012-05-29 08:00:00,84.75640419026445
2012-05-29 09:00:00,88.139263489707
2012-05-29 10:00:00,91.65734095525087
2012-05-29 11:00:00,95.31563546614846
2012-05-29 12:00:00,99.33183268351532
2012-05-29 13:00:00,103.29643709464379
2012-05-29 14:00:00,107.22575456688581
2012-05-29 15:00:00,111.30454027086859
2012-05-29 16:00:00,115.53847986382351
2012-05-29 17:00:00,119.89415801308455
2012-05-29 18:00:00,124.23035419329578
2012-05-29 19:00:00,128.6811781850554
2012-05-29 20:00:00,132.61553841240948
2012-05-29 21:00:00,136.33423858239243
2012-05-29 22:00:00,141.77570995233825
2012-05-29 23:00:00,147.12050384839105
2012-05-30 00:00:00,62.471650360585734
2012-05-30 01:00:00,64.84802416578034
2012-05-30 02:00:00,67.17134638159048
2012-05-30 03:00:00,69.74935865732502
2012-05-30 04:00:00,72.40257092057851
2012-05-30 05:00:00,75.20617348486289
2012-05-30 06:00:00,77.92631443789803
2012-05-30 07:00:00,80.89057184580555
2012-05-30 08:00:00,83.99512309337173
2012-05-30 09:00:00,87.34778725314078
2012-05-30 10:00:00,90.67043028197021
2012-05-30 11:00:00,94.42854521971066
2012-05-30 12:00:00,98.374890143887
2012-05-30 13:00:00,102.1169957338222
2012-05-30 14:00:00,106.15795088958633
2012-05-30 15:00:00,110.23249447465143
2012-05-30 16:00:00,114.42565426535374
2012-05-30 17:00:00,118.95368541464967
2012-05-30 18:00:00,123.4785926392725
2012-05-30 19:00:00,127.98666171931225
2012-05-30 20:00:00,130.6722132660914
2012-05-30 21:00:00,137.41212545212912
2012-05-30 22:00:00,142.38189164736943
2012-05-30 23:00:00,147.79798992061654
2012-05-31 00:00:00,62.51276586721667
2012-05-31 01:00:00,64.89070367484088
2012-05-31 02:00:00,67.35909641816473
2012-05-31 03:00:00,69.81830374578013
2012-05-31 04:00:00,72.47413862747344
2012-05-31 05:00:00,75.23099943704517
2012-05-31 06:00:00,77.95186905903955
2012-05-31 07:00:00,80.94380970368044
2012-05-31 08:00:00,84.1744979567324
2012-05-31 09:00:00,87.63463069421157
2012-05-31 10:00:00,91.26711575414252
2012-05-31 11:00:00,94.9098353127628
2012-05-31 12:00:00,98.5201328667854
2012-05-31 13:00:00,102.4187536203016
2012-05-31 14:00:00,106.50679673405826
2012-05-31 15:00:00,110.55823383189554
2012-05-31 16:00:00,114.76378449864174
2012-05-31 17:00:00,119.12931109660126
2012-05-31 18:00:00,123.43784515938606
2012-05-31 19:00:00,127.94442659326593
2012-05-31 20:00:00,132.37662005869157
2012-05-31 21:00:00,137.41212545212912
2012-05-31 22:00:00,142.38189164736943
2012-05-31 23:00:00,147.79798992061654
2012-06-20 00:00:00,62.872737622033675
2012-06-20 01:00:00,65.12529087967262
2012-06-20 02:00:00,67.45854678158008
2012-06-20 03:00:00,70.0246183129539
2012-06-20 04:00:00,72.68830124300567
2012-06-20 05:00:00,75.45330863469368
2012-06-20 06:00:00,78.15658834849378
2012-06-20 07:00:00,81.2760309939591
2012-06-20 08:00:00,84.75640419026445
2012-06-20 09:00:00,88.16835872270963
2012-06-20 10:00:00,92.35151725229392
2012-06-20 11:00:00,96.03772676767103
2012-06-20 12:00:00,99.87085442565935
2012-06-20 13:00:00,103.63587971318775
2012-06-20 14:00:00,107.77227038234199
2012-06-20 15:00:00,112.07399904254218
2012-06-20 16:00:00,116.33720825873625
2012-06-20 17:00:00,120.76258669327089
2012-06-20 18:00:00,125.35630313919482
2012-06-20 19:00:00,129.84746671313178
2012-06-20 20:00:00,134.54364289471138
2012-06-20 21:00:00,139.4099677727095
2012-06-20 22:00:00,144.49967402650094
2012-06-20 23:00:00,149.505042317781
2012-06-21 00:00:00,63.10002965222608
2012-06-21 01:00:00,65.40374308582346
2012-06-21 02:00:00,67.8916514559997
2012-06-21 03:00:00,70.47419795797632
2012-06-21 04:00:00,72.99909014803909
2012-06-21 05:00:00,75.775919712002107
2012-06-21 06:00:00,78.65837774902784
2012-06-21 07:00:00,81.6504822854532
2012-06-21 08:00:00,85.06280814067016
2012-06-21 09:00:00,88.80698809939211
2012-06-21 10:00:00,92.51839767265196
2012-06-21 11:00:00,96.17951885421176
2012-06-21 12:00:00,100.19904023047465
2012-06-21 13:00:00,104.0105350947045
2012-06-21 14:00:00,107.7369398691365
2012-06-21 15:00:00,112.27627445442347
2012-06-21 16:00:00,116.33720825873625
2012-06-21 17:00:00,120.50524304391165
2012-06-21 18:00:00,124.90475836504869
2012-06-21 19:00:00,129.89004800087747
2012-06-21 20:00:00,134.58805645665927
2012-06-21 21:00:00,139.2500932031894
2012-06-21 22:00:00,144.38160800819938
2012-06-21 23:00:00,149.82431617023636
2012-06-22 00:00:00,63.234782228090985
2012-06-22 01:00:00,65.66171057803534
2012-06-22 02:00:00,68.01418488818639
2012-06-22 03:00:00,70.60139246821726
2012-06-22 04:00:00,73.41944605800548
2012-06-22 05:00:00,76.0498581992138
2012-06-22 06:00:00,78.94273664680155
2012-06-22 07:00:00,81.91861621351666
2012-06-22 08:00:00,85.18839663031088
2012-06-22 09:00:00,88.4578968576173
2012-06-22 10:00:00,92.15471725716006
2012-06-22 11:00:00,95.66021222729451
2012-06-22 12:00:00,99.6909284500955
2012-06-22 13:00:00,103.8229256866852
2012-06-22 14:00:00,107.77227038234199
2012-06-22 15:00:00,112.07399904254218
2012-06-22 16:00:00,116.29881740934087
2012-06-22 17:00:00,119.81530197495518
2012-06-22 18:00:00,124.27136328456955
2012-06-22 19:00:00,128.44934792131315
2012-06-22 20:00:00,133.3354628859838
2012-06-22 21:00:00,137.41212545212912
2012-06-22 22:00:00,142.63917761988435
2012-06-22 23:00:00,147.79798992061654
2012-06-23 00:00:00,62.471650360585734
2012-06-23 01:00:00,64.98650965214608
2012-06-23 02:00:00,67.31479341321821
2012-06-23 03:00:00,69.87539667639338
2012-06-23 04:00:00,72.53340332950603
2012-06-23 05:00:00,75.29251852302103
2012-06-23 06:00:00,78.15658834849378
2012-06-23 07:00:00,81.12960519986086
2012-06-23 08:00:00,84.57578929157651
2012-06-23 09:00:00,88.139263489707
2012-06-23 10:00:00,91.62709437098722
2012-06-23 11:00:00,95.25294506063402
2012-06-23 12:00:00,99.26650076980607
2012-06-23 13:00:00,103.19465665803844
2012-06-23 14:00:00,106.69902424767952
2012-06-23 15:00:00,111.35903966498626
2012-06-23 16:00:00,115.55690643252358
2012-06-23 17:00:00,119.77576336746895
2012-06-23 18:00:00,124.33194180874189
2012-06-23 19:00:00,128.82891846654772
2012-06-23 20:00:00,133.48825694819772
2012-06-23 21:00:00,138.31640944750225
2012-06-23 22:00:00,143.3188807625878
2012-06-23 23:00:00,148.55129717697957
2012-06-24 00:00:00,62.851989850643506
2012-06-24 01:00:00,65.12529087967262
2012-06-24 02:00:00,67.60260714087026
2012-06-24 03:00:00,70.04758170605776
2012-06-24 04:00:00,72.71213814602218
2012-06-24 05:00:00,75.23099943704517
2012-06-24 06:00:00,78.20802684432263
2012-06-24 07:00:00,81.18300037673401
2012-06-24 08:00:00,84.72843488966608
2012-06-24 09:00:00,88.11036917949532
2012-06-24 10:00:00,91.76237450861436
2012-06-24 11:00:00,95.25294506063402
2012-06-24 12:00:00,99.20121182579572
2012-06-24 13:00:00,102.97475006059011
2012-06-24 14:00:00,107.27825681561245
2012-06-24 15:00:00,111.56002469101705
2012-06-24 16:00:00,115.59505237321558
2012-06-24 17:00:00,119.99219976542074
2012-06-24 18:00:00,124.37298443462015
2012-06-24 19:00:00,128.8711657385667
2012-06-24 20:00:00,133.53232212171116
2012-06-24 21:00:00,138.4074419273068
2012-06-24 22:00:00,143.41320560206813
2012-06-24 23:00:00,148.86853426946573
2012-06-25 00:00:00,62.98621272783201
2012-06-25 01:00:00,65.24283147917939
2012-06-25 02:00:00,67.7246188948943
2012-06-25 03:00:00,70.17415861814288
2012-06-25 04:00:00,72.68830124300567
2012-06-25 05:00:00,75.47805227527193
2012-06-25 06:00:00,78.18221848408234
2012-06-25 07:00:00,81.32952254047636
2012-06-25 08:00:00,84.4232353820392
2012-06-25 09:00:00,87.95143975771055
2012-06-25 10:00:00,91.79266574956073
2012-06-25 11:00:00,95.62885235727093
2012-06-25 12:00:00,98.87629424707616
2012-06-25 13:00:00,102.30152250372026
2012-06-25 14:00:00,106.73424615501938
2012-06-25 15:00:00,110.75777353313102
2012-06-25 16:00:00,115.17866850970672
2012-06-25 17:00:00,119.52052262698956
2012-06-25 18:00:00,123.6608989878578
2012-06-25 19:00:00,128.1333263914859
2012-06-25 20:00:00,132.8113347367508
2012-06-25 21:00:00,137.36677995783464
2012-06-25 22:00:00,142.38189164736943
2012-06-25 23:00:00,147.5800996085519
2012-06-26 00:00:00,62.44107657776195
2012-06-26 01:00:00,64.72073235151157
2012-06-26 02:00:00,66.85263485103869
2012-06-26 03:00:00,69.27063568062766
2012-06-26 04:00:00,71.90563768794584
2012-06-26 05:00:00,74.50623939069187
2012-06-26 06:00:00,77.34039975926932
2012-06-26 07:00:00,80.28236942087375
2012-06-26 08:00:00,83.63751928925038
2012-06-26 09:00:00,86.97590969819532
2012-06-26 10:00:00,90.70016412106314
2012-06-26 11:00:00,94.28933449568942
2012-06-26 12:00:00,98.02053486665497
2012-06-26 13:00:00,102.08351916463164
2012-06-26 14:00:00,105.96669816638192
2012-06-26 15:00:00,110.19611815827601
2012-06-26 16:00:00,114.35039493741598
2012-06-26 17:00:00,118.73912224100532
2012-06-26 18:00:00,123.25586764658772
2012-06-26 19:00:00,127.94442659326593
2012-06-26 20:00:00,132.57206363903308
2012-06-26 21:00:00,137.41212545212912
2012-06-26 22:00:00,142.38189164736943
2012-06-26 23:00:00,147.36253051999049
2012-06-27 00:00:00,62.44107657776195
2012-06-27 01:00:00,64.72073235151157
2012-06-27 02:00:00,66.85263485103869
2012-06-27 03:00:00,69.52105683313452
2012-06-27 04:00:00,72.39102569157994
2012-06-27 05:00:00,75.14472494863001
2012-06-27 06:00:00,77.76025437999685
2012-06-27 07:00:00,80.97035386152565
2012-06-27 08:00:00,84.1744979567324
2012-06-27 09:00:00,87.63463069421157
2012-06-27 10:00:00,91.26711575414252
2012-06-27 11:00:00,95.04996215702671
2012-06-27 12:00:00,98.8438800629153
2012-06-27 13:00:00,102.97475006059011
2012-06-27 14:00:00,106.85655689437094
2012-06-27 15:00:00,110.95791430347305
2012-06-27 16:00:00,115.34872067860574
2012-06-27 17:00:00,119.73649780152746
2012-06-27 18:00:00,124.10794707021336
2012-06-27 19:00:00,128.59654280280097
2012-06-27 20:00:00,133.24776631661308
2012-06-27 21:00:00,138.06692068492464
2012-06-27 22:00:00,143.10759375069483
2012-06-27 23:00:00,148.06506285476925
2012-06-28 00:00:00,62.625591282314396
2012-06-28 01:00:00,65.0078208824469
2012-06-28 02:00:00,67.48066867478394
2012-06-28 03:00:00,70.04758170605776
2012-06-28 04:00:00,72.47413862747344
2012-06-28 05:00:00,75.25567017506974
2012-06-28 06:00:00,78.11833831756579
2012-06-28 07:00:00,81.0633168188187
2012-06-28 08:00:00,84.4232353820392
2012-06-28 09:00:00,87.95143975771055
2012-06-28 10:00:00,91.5970566603946
2012-06-28 11:00:00,95.56595594469559
2012-06-28 12:00:00,99.52698100499701
2012-06-28 13:00:00,103.53354000410555
2012-06-28 14:00:00,107.4366446532498
2012-06-28 15:00:00,111.52345245484193
2012-06-28 16:00:00,115.97465766873829
2012-06-28 17:00:00,120.38624495608606
2012-06-28 18:00:00,124.74050923936437
2012-06-28 19:00:00,129.2946495215846
2012-06-28 20:00:00,134.0150565108803
2012-06-28 21:00:00,138.4074419273068
2012-06-28 22:00:00,143.67235517262023
2012-06-28 23:00:00,148.81973134736685
2012-06-29 00:00:00,63.05852789411975
2012-06-29 01:00:00,65.45722607188166
2012-06-29 02:00:00,67.84699818227392
2012-06-29 03:00:00,70.4278461078661
2012-06-29 04:00:00,72.97500071768555
2012-06-29 05:00:00,75.75091393814006
2012-06-29 06:00:00,78.63242077465097
2012-06-29 07:00:00,81.62353792762136
2012-06-29 08:00:00,85.03473772789891
2012-06-29 09:00:00,88.42889809121867
2012-06-29 10:00:00,93.02044647761825
2012-06-29 11:00:00,96.59074771553016
2012-06-29 12:00:00,100.47910568220915
2012-06-29 13:00:00,104.45524655117335
2012-06-29 14:00:00,108.66019785028593
2012-06-29 15:00:00,112.79354867979417
2012-06-29 16:00:00,117.08412901392147
2012-06-29 17:00:00,121.75727599833994
2012-06-29 18:00:00,126.03654602892495
2012-06-29 19:00:00,130.296099758082
2012-06-29 20:00:00,135.49657253602405
2012-06-29 21:00:00,139.84547627381215
2012-06-29 22:00:00,144.73738919357146
2012-06-29 23:00:00,150.24308879213473
2012-06-30 00:00:00,62.471650360585734
2012-06-30 01:00:00,64.84802416578034
2012-06-30 02:00:00,67.31479341321821
2012-06-30 03:00:00,69.87539667639338
2012-06-30 04:00:00,72.37883550163491
2012-06-30 05:00:00,75.29251852302103
2012-06-30 06:00:00,78.15658834849378
2012-06-30 07:00:00,81.12960519986086
2012-06-30 08:00:00,84.21571333867132
2012-06-30 09:00:00,87.41921467101423
2012-06-30 10:00:00,92.76117054968874
2012-06-30 11:00:00,96.28973453929235
2012-06-30 12:00:00,99.95252240462906
2012-06-30 13:00:00,103.7546399192856
2012-06-30 14:00:00,107.70138707657131
2012-06-30 15:00:00,111.79826547748769
2012-06-30 16:00:00,116.26069167542354
2012-06-30 17:00:00,120.46547675841884
2012-06-30 18:00:00,125.08917033421474
2012-06-30 19:00:00,129.37974436042856
2012-06-30 20:00:00,134.14723497248968
2012-06-30 21:00:00,139.2500932031894
2012-06-30 22:00:00,144.02638863667218
2012-06-30 23:00:00,149.505042317781
2012-07-20 00:00:00,62.58440156885479
2012-07-20 01:00:00,64.96506434378662
2012-07-20 02:00:00,67.43628571009069
2012-07-20 03:00:00,70.00151044732897
2012-07-20 04:00:00,72.66431437184386
2012-07-20 05:00:00,75.42840932129658
2012-07-20 06:00:00,78.2976483288147
2012-07-20 07:00:00,81.2760309939591
2012-07-20 08:00:00,84.57578929157651
2012-07-20 09:00:00,87.98047298911445
2012-07-20 10:00:00,91.32718289950073
2012-07-20 11:00:00,95.00365075589893
2012-07-20 12:00:00,98.19765927726515
2012-07-20 13:00:00,101.93302314056943
2012-07-20 14:00:00,106.03643979247906
2012-07-20 15:00:00,110.06998487195906
2012-07-20 16:00:00,114.01348267989795
2012-07-20 17:00:00,118.05929292522983
2012-07-20 18:00:00,122.59063259988255
2012-07-20 19:00:00,126.98270998132166
2012-07-20 20:00:00,131.8130351603506
2012-07-20 21:00:00,136.6253856694669
2012-07-20 22:00:00,141.82251085754046
2012-07-20 23:00:00,147.21733071332292
2012-07-21 00:00:00,62.379551899709696
2012-07-21 01:00:00,64.75242234988383
2012-07-21 02:00:00,67.07231942166534
2012-07-21 03:00:00,69.62369915963122
2012-07-21 04:00:00,72.16558466958719
2012-07-21 05:00:00,74.91070832256425
2012-07-21 06:00:00,77.76025437999685
2012-07-21 07:00:00,80.71819499029445
2012-07-21 08:00:00,83.78865339935453
2012-07-21 09:00:00,86.97590969819532
2012-07-21 10:00:00,90.284406789224
2012-07-21 11:00:00,93.88790375230867
2012-07-21 12:00:00,97.45932781128276
2012-07-21 13:00:00,101.16660611025213
2012-07-21 14:00:00,104.98047986199869
2012-07-21 15:00:00,108.97385703325722
2012-07-21 16:00:00,113.11913921821832
2012-07-21 17:00:00,117.42210476743531
2012-07-21 18:00:00,121.88875183549793
2012-07-21 19:00:00,126.52530674220951
2012-07-21 20:00:00,131.3382326518168
2012-07-21 21:00:00,136.33423858239243
2012-07-21 22:00:00,141.52028875792527
2012-07-21 23:00:00,146.90361231615947
2012-07-22 00:00:00,62.24662180959783
2012-07-22 01:00:00,64.61443570080097
2012-07-22 02:00:00,67.07231942166534
2012-07-22 03:00:00,69.62369915963122
2012-07-22 04:00:00,72.27213143168919
2012-07-22 05:00:00,75.02130804201612
2012-07-22 06:00:00,78.0413664606027
2012-07-22 07:00:00,81.0100003594691
2012-07-22 08:00:00,84.24333046215595
2012-07-22 09:00:00,87.63463069421157
2012-07-22 10:00:00,90.96818502817891
2012-07-22 11:00:00,94.42854521971066
2012-07-22 12:00:00,98.374890143887
2012-07-22 13:00:00,102.1169957338222
2012-07-22 14:00:00,106.22781838802018
2012-07-22 15:00:00,110.26864336291986
2012-07-22 16:00:00,114.67001471561437
2012-07-22 17:00:00,119.03197438273696
2012-07-22 18:00:00,123.55985965983521
2012-07-22 19:00:00,128.0286327874296
2012-07-22 20:00:00,132.6593154969585
2012-07-22 21:00:00,137.7055744086794
2012-07-22 22:00:00,142.94378915032988
2012-07-22 23:00:00,148.06506285476925
2012-07-23 00:00:00,62.58440156885479
2012-07-23 01:00:00,64.96506434378662
2012-07-23 02:00:00,67.43628571009069
2012-07-23 03:00:00,70.00151044732897
2012-07-23 04:00:00,72.66431437184386
2012-07-23 05:00:00,75.42840932129658
2012-07-23 06:00:00,78.49075767283624
2012-07-23 07:00:00,81.6504822854532
2012-07-23 08:00:00,84.93740479911713
2012-07-23 09:00:00,88.32748832661332
2012-07-23 10:00:00,92.01885871055752
2012-07-23 11:00:00,95.66021222729451
2012-07-23 12:00:00,99.29905354530322
2012-07-23 13:00:00,103.07631360428428
2012-07-23 14:00:00,106.83951767319884
2012-07-23 15:00:00,111.10401552210077
2012-07-23 16:00:00,115.53847986382351
2012-07-23 17:00:00,119.9334752810346
2012-07-23 18:00:00,124.45484009613567
2012-07-23 19:00:00,128.95598186298278
2012-07-23 20:00:00,133.37918800327398
2012-07-23 21:00:00,138.4528303146204
2012-07-23 22:00:00,143.41320560206813
2012-07-23 23:00:00,148.6490657137296
2012-07-24 00:00:00,62.872737622033675
2012-07-24 01:00:00,65.12529087967262
2012-07-24 02:00:00,67.45854678158008
2012-07-24 03:00:00,70.0246183129539
2012-07-24 04:00:00,72.68830124300567
2012-07-24 05:00:00,75.45330863469368
2012-07-24 06:00:00,78.32349479305195
2012-07-24 07:00:00,81.6504822854532
2012-07-24 08:00:00,85.06280814067016
2012-07-24 09:00:00,89.15726340367911
2012-07-24 10:00:00,92.38200297234891
2012-07-24 11:00:00,96.06922072116471
2012-07-24 12:00:00,99.54395968873635
2012-07-24 13:00:00,103.5170306673074
2012-07-24 14:00:00,107.45473935035699
2012-07-24 15:00:00,111.30454027086859
2012-07-24 16:00:00,115.3303273069617
2012-07-24 17:00:00,119.67789845832563
2012-07-24 18:00:00,123.78286518938013
2012-07-24 19:00:00,128.4914707195706
2012-07-24 20:00:00,133.1388938688198
2012-07-24 21:00:00,138.20339557505392
2012-07-24 22:00:00,143.4605470531699
2012-07-24 23:00:00,148.86853426946573
2012-07-25 00:00:00,62.965564232512676
2012-07-25 01:00:00,65.24283147917939
2012-07-25 02:00:00,67.60260714087026
2012-07-25 03:00:00,70.04758170605776
2012-07-25 04:00:00,72.58114094502196
2012-07-25 05:00:00,75.34207204092436
2012-07-25 06:00:00,78.20802684432263
2012-07-25 07:00:00,81.32952254047636
2012-07-25 08:00:00,84.70065873651342
2012-07-25 09:00:00,88.08129308282795
2012-07-25 10:00:00,91.56682996972579
2012-07-25 11:00:00,95.22171870322883
2012-07-25 12:00:00,98.8438800629153
2012-07-25 13:00:00,102.78900895386259
2012-07-25 14:00:00,106.89183080406343
2012-07-25 15:00:00,110.75777353313102
2012-07-25 16:00:00,115.17866850970672
2012-07-25 17:00:00,119.55997697816908
2012-07-25 18:00:00,124.10794707021336
2012-07-25 19:00:00,128.36486501701458
2012-07-25 20:00:00,133.00742013883595
2012-07-25 21:00:00,137.86337634409836
2012-07-25 22:00:00,142.896618227429
2012-07-25 23:00:00,148.06506285476925
2012-07-26 00:00:00,62.625591282314396
2012-07-26 01:00:00,65.0078208824469
2012-07-26 02:00:00,67.48066867478394
2012-07-26 03:00:00,70.04758170605776
2012-07-26 04:00:00,72.71213814602218
2012-07-26 05:00:00,75.47805227527193
2012-07-26 06:00:00,78.32349479305195
2012-07-26 07:00:00,81.6504822854532
2012-07-26 08:00:00,84.75640419026445
2012-07-26 09:00:00,88.139263489707
2012-07-26 10:00:00,91.65734095525087
2012-07-26 11:00:00,95.78617055724625
2012-07-26 12:00:00,99.75653969945543
2012-07-26 13:00:00,103.73809532615432
2012-07-26 14:00:00,108.10917933295208
2012-07-26 15:00:00,112.42411159270914
2012-07-26 16:00:00,116.83462411453543
2012-07-26 17:00:00,120.88169430210729
2012-07-26 18:00:00,125.70668543413188
2012-07-26 19:00:00,130.25310252600562
2012-07-26 20:00:00,134.67663513347907
2012-07-26 21:00:00,138.95335289528617
2012-07-26 22:00:00,144.239032176342
2012-07-26 23:00:00,148.6490657137296
2012-07-27 00:00:00,62.98621272783201
2012-07-27 01:00:00,65.38216009197065
2012-07-27 02:00:00,67.74697514667976
2012-07-27 03:00:00,70.32401827248948
2012-07-27 04:00:00,72.99909014803909
2012-07-27 05:00:00,75.775919712002107
2012-07-27 06:00:00,78.65837774902784
2012-07-27 07:00:00,81.7978481783069
2012-07-27 08:00:00,85.24446308711681
2012-07-27 09:00:00,88.96727032586047
2012-07-27 10:00:00,92.48786694284921
2012-07-27 11:00:00,96.00603467225463
2012-07-27 12:00:00,99.6909284500955
2012-07-27 13:00:00,103.44894609127284
2012-07-27 14:00:00,107.61338775045955
2012-07-27 15:00:00,111.670298332502
2012-07-27 16:00:00,115.7090632656492
2012-07-27 17:00:00,120.32758890242864
2012-07-27 18:00:00,124.45484009613567
2012-07-27 19:00:00,129.231372394889
2012-07-27 20:00:00,133.66402446451278
2012-07-27 21:00:00,138.7485017370191
2012-07-27 22:00:00,144.02638863667218
2012-07-27 23:00:00,149.23569606310602
2012-07-28 00:00:00,63.079206875304735
2012-07-28 01:00:00,65.38216009197065
2012-07-28 02:00:00,67.86924746156609
2012-07-28 03:00:00,70.45094173272766
2012-07-28 04:00:00,72.99909014803909
2012-07-28 05:00:00,75.61444211992487
2012-07-28 06:00:00,78.63242077465097
2012-07-28 07:00:00,81.7978481783069
2012-07-28 08:00:00,85.06280814067016
2012-07-28 09:00:00,88.64680214851569
2012-07-28 10:00:00,92.35151725229392
2012-07-28 11:00:00,95.94289018167862
2012-07-28 12:00:00,99.62536035415735
2012-07-28 13:00:00,103.63587971318775
2012-07-28 14:00:00,107.54260894398296
2012-07-28 15:00:00,111.79826547748769
2012-07-28 16:00:00,115.87989852033823
2012-07-28 17:00:00,119.89415801308455
2012-07-28 18:00:00,124.41377045819118
2012-07-28 19:00:00,127.52564215497827
2012-07-28 20:00:00,132.09452704107264
2012-07-28 21:00:00,137.11930183184757
2012-07-28 22:00:00,142.335215213021
2012-07-28 23:00:00,147.7495379504008
2012-07-29 00:00:00,62.58440156885479
2012-07-29 01:00:00,64.98650965214608
2012-07-29 02:00:00,67.48066867478394
2012-07-29 03:00:00,70.04758170605776
2012-07-29 04:00:00,72.58114094502196
2012-07-29 05:00:00,75.20617348486289
2012-07-29 06:00:00,78.20802684432263
2012-07-29 07:00:00,81.32952254047636
2012-07-29 08:00:00,84.72843488966608
2012-07-29 09:00:00,88.139263489707
2012-07-29 10:00:00,91.62709437098722
2012-07-29 11:00:00,95.28438855722108
2012-07-29 12:00:00,98.90893383022731
2012-07-29 13:00:00,103.07631360428428
2012-07-29 14:00:00,106.9621813030955
2012-07-29 15:00:00,111.03094088168851
2012-07-29 16:00:00,115.2544729631112
2012-07-29 17:00:00,119.85459338339676
2012-07-29 18:00:00,124.14864617924873
2012-07-29 19:00:00,128.44934792131315
2012-07-29 20:00:00,133.1388938688198
2012-07-29 21:00:00,137.95411066168916
2012-07-29 22:00:00,142.896618227429
2012-07-29 23:00:00,148.33229630614997
2012-07-30 00:00:00,62.872737622033675
2012-07-30 01:00:00,65.2643684799266
2012-07-30 02:00:00,67.60260714087026
2012-07-30 03:00:00,70.0246183129539
2012-07-30 04:00:00,72.68830124300567
2012-07-30 05:00:00,75.45330863469368
2012-07-30 06:00:00,78.32349479305195
2012-07-30 07:00:00,81.6504822854532
2012-07-30 08:00:00,84.93740479911713
2012-07-30 09:00:00,88.29853231147447
2012-07-30 10:00:00,91.65734095525087
2012-07-30 11:00:00,95.4878720875548
2012-07-30 12:00:00,98.94136934767457
2012-07-30 13:00:00,103.07631360428428
2012-07-30 14:00:00,106.9972577472901
2012-07-30 15:00:00,111.06735160699594
2012-07-30 16:00:00,115.29226872456462
2012-07-30 17:00:00,119.20771565214062
2012-07-30 18:00:00,123.78286518938013
2012-07-30 19:00:00,129.231372394889
2012-07-30 20:00:00,132.89874407014466
2012-07-30 21:00:00,137.95411066168916
2012-07-30 22:00:00,142.94378915032988
2012-07-30 23:00:00,148.38126157488455
2012-07-31 00:00:00,62.73875655895855
2012-07-31 01:00:00,64.98650965214608
2012-07-31 02:00:00,67.45854678158008
2012-07-31 03:00:00,70.0246183129539
2012-07-31 04:00:00,72.68830124300567
2012-07-31 05:00:00,75.45330863469368
2012-07-31 06:00:00,78.15658834849378
2012-07-31 07:00:00,81.47648606974892
2012-07-31 08:00:00,84.75640419026445
2012-07-31 09:00:00,88.139263489707
2012-07-31 10:00:00,91.4920136693025
2012-07-31 11:00:00,95.31563546614846
2012-07-31 12:00:00,99.26650076980607
2012-07-31 13:00:00,103.11033963584646
2012-07-31 14:00:00,107.03257810307186
2012-07-31 15:00:00,110.6672769323248
2012-07-31 16:00:00,114.8769755152218
2012-07-31 17:00:00,119.42286626681462
2012-07-31 18:00:00,123.74228599273084
2012-07-31 19:00:00,128.21765690941658
2012-07-31 20:00:00,132.61553841240948
2012-07-31 21:00:00,137.41212545212912
2012-07-31 22:00:00,142.63917761988435
2012-07-31 23:00:00,147.7495379504008
2012-08-20 00:00:00,62.26703453986953
2012-08-20 01:00:00,64.63562491572183
2012-08-20 02:00:00,67.09431465811753
2012-08-20 03:00:00,69.62369915963122
2012-08-20 04:00:00,72.29583185883186
2012-08-20 05:00:00,75.04591001528266
2012-08-20 06:00:00,77.92631443789803
2012-08-20 07:00:00,81.03656622342397
2012-08-20 08:00:00,84.11913523072133
2012-08-20 09:00:00,87.47674933321271
2012-08-20 10:00:00,90.80429798094573
2012-08-20 11:00:00,94.42854521971066
2012-08-20 12:00:00,98.02053486665497
2012-08-20 13:00:00,102.1169957338222
2012-08-20 14:00:00,106.19299418577378
2012-08-20 15:00:00,110.23249447465143
2012-08-20 16:00:00,114.42565426535374
2012-08-20 17:00:00,118.56407179266529
2012-08-20 18:00:00,122.18910674364601
2012-08-20 19:00:00,126.83708692137036
2012-08-20 20:00:00,131.61871057325234
2012-08-20 21:00:00,136.37894709761906
2012-08-20 22:00:00,141.56669795088075
2012-08-20 23:00:00,146.95178687932403
2012-08-21 00:00:00,62.26703453986953
2012-08-21 01:00:00,64.63562491572183
2012-08-21 02:00:00,66.97343845164988
2012-08-21 03:00:00,69.39565795593934
2012-08-21 04:00:00,72.03541571500094
2012-08-21 05:00:00,74.77558784049083
2012-08-21 06:00:00,77.61999401811731
2012-08-21 07:00:00,80.89057184580555
2012-08-21 08:00:00,83.96758733862593
2012-08-21 09:00:00,87.47674933321271
2012-08-21 10:00:00,90.96818502817891
2012-08-21 11:00:00,94.76991504966993
2012-08-21 12:00:00,98.5201328667854
2012-08-21 13:00:00,102.4187536203016
2012-08-21 14:00:00,106.50679673405826
2012-08-21 15:00:00,110.55823383189554
2012-08-21 16:00:00,114.76378449864174
2012-08-21 17:00:00,118.95368541464967
2012-08-21 18:00:00,123.29655505474307
2012-08-21 19:00:00,126.83708692137036
2012-08-21 20:00:00,131.89978746623493
2012-08-21 21:00:00,136.917154512508
2012-08-21 22:00:00,142.07847751388204
2012-08-21 23:00:00,147.21733071332292
2012-08-22 00:00:00,62.379551899709696
2012-08-22 01:00:00,64.77365681519998
2012-08-22 02:00:00,67.23759718549347
2012-08-22 03:00:00,69.79526396320098
2012-08-22 04:00:00,72.16558466958719
2012-08-22 05:00:00,75.07068306365335
2012-08-22 06:00:00,78.06695881111553
2012-08-22 07:00:00,81.03656622342397
2012-08-22 08:00:00,84.27113962723934
2012-08-22 09:00:00,87.79298763780372
2012-08-22 10:00:00,91.29704526617707
2012-08-22 11:00:00,94.94116554702312
2012-08-22 12:00:00,98.69816005762866
2012-08-22 13:00:00,102.63747286565328
2012-08-22 14:00:00,106.5417238425603
2012-08-22 15:00:00,110.59448954089486
2012-08-22 16:00:00,114.63217403393561
2012-08-22 17:00:00,118.9926942704654
2012-08-22 18:00:00,122.6308341312164
2012-08-22 19:00:00,127.29561728095754
2012-08-22 20:00:00,131.89978746623493
2012-08-22 21:00:00,136.917154512508
2012-08-22 22:00:00,142.12537836424374
2012-08-22 23:00:00,147.434685425886
2012-08-23 00:00:00,62.49213688517715
2012-08-23 01:00:00,64.75242234988383
2012-08-23 02:00:00,67.21555497735551
2012-08-23 03:00:00,69.772383286322
2012-08-23 04:00:00,72.42647138885471
2012-08-23 05:00:00,75.1815189731224
2012-08-23 06:00:00,77.87506122819673
2012-08-23 07:00:00,81.0100003594691
2012-08-23 08:00:00,84.4232353820392
2012-08-23 09:00:00,87.95143975771055
2012-08-23 10:00:00,91.62709437098722
2012-08-23 11:00:00,95.25294506063402
2012-08-23 12:00:00,99.02227725336517
2012-08-23 13:00:00,103.19465665803844
2012-08-23 14:00:00,106.73424615501938
2012-08-23 15:00:00,110.79433525489053
2012-08-23 16:00:00,114.80141934708523
2012-08-23 17:00:00,119.16837754589871
2012-08-23 18:00:00,123.4785926392725
2012-08-23 19:00:00,127.98666171931225
2012-08-23 20:00:00,132.61553841240948
2012-08-23 21:00:00,137.6601320773122
2012-08-23 22:00:00,142.63917761988435
2012-08-23 23:00:00,147.79798992061654
2012-08-24 00:00:00,62.625591282314396
2012-08-24 01:00:00,64.89070367484088
2012-08-24 02:00:00,67.48066867478394
2012-08-24 03:00:00,69.92138493376781
2012-08-24 04:00:00,72.58114094502196
2012-08-24 05:00:00,75.3172094351927
2012-08-24 06:00:00,78.0413664606027
2012-08-24 07:00:00,81.15621028620684
2012-08-24 08:00:00,84.4232353820392
2012-08-24 09:00:00,88.11036917949532
2012-08-24 10:00:00,91.76237450861436
2012-08-24 11:00:00,95.25294506063402
2012-08-24 12:00:00,98.87629424707616
2012-08-24 13:00:00,103.00851889392877
2012-08-24 14:00:00,106.73424615501938
2012-08-24 15:00:00,110.59448954089486
2012-08-24 16:00:00,114.80141934708523
2012-08-24 17:00:00,118.95368541464967
2012-08-24 18:00:00,123.33698808144536
2012-08-24 19:00:00,127.98666171931225
2012-08-24 20:00:00,132.61553841240948
2012-08-24 21:00:00,137.6601320773122
2012-08-24 22:00:00,142.896618227429
2012-08-24 23:00:00,148.06506285476925
2012-08-25 00:00:00,62.851989850643506
2012-08-25 01:00:00,65.12529087967262
2012-08-25 02:00:00,67.48066867478394
2012-08-25 03:00:00,70.04758170605776
2012-08-25 04:00:00,72.71213814602218
2012-08-25 05:00:00,75.34207204092436
2012-08-25 06:00:00,78.18221848408234
2012-08-25 07:00:00,81.15621028620684
2012-08-25 08:00:00,84.4232353820392
2012-08-25 09:00:00,87.79298763780372
2012-08-25 10:00:00,91.29704526617707
2012-08-25 11:00:00,94.97229990175028
2012-08-25 12:00:00,98.55265487919753
2012-08-25 13:00:00,102.30152250372026
2012-08-25 14:00:00,105.6196213277079
2012-08-25 15:00:00,109.43978986048633
2012-08-25 16:00:00,113.807830416189
2012-08-25 17:00:00,118.13699325190761
2012-08-25 18:00:00,122.6308341312164
2012-08-25 19:00:00,127.0243518203911
2012-08-25 20:00:00,131.61871057325234
2012-08-25 21:00:00,136.6253856694669
2012-08-25 22:00:00,141.82251085754046
2012-08-25 23:00:00,147.21733071332292
2012-08-26 00:00:00,62.471650360585734
2012-08-26 01:00:00,64.84802416578034
2012-08-26 02:00:00,67.31479341321821
2012-08-26 03:00:00,69.87539667639338
2012-08-26 04:00:00,72.53340332950603
2012-08-26 05:00:00,75.29251852302103
2012-08-26 06:00:00,78.01561309767399
2012-08-26 07:00:00,81.12960519986086
2012-08-26 08:00:00,84.57578929157651
2012-08-26 09:00:00,87.79298763780372
2012-08-26 10:00:00,91.65734095525087
2012-08-26 11:00:00,95.14391611122386
2012-08-26 12:00:00,98.61751697763408
2012-08-26 13:00:00,101.71580506928166
2012-08-26 14:00:00,105.35999612454577
2012-08-26 15:00:00,109.36780980420062
2012-08-26 16:00:00,113.52807765129727
2012-08-26 17:00:00,117.84659890577731
2012-08-26 18:00:00,122.32939340623525
2012-08-26 19:00:00,126.98270998132166
2012-08-26 20:00:00,131.8130351603506
2012-08-26 21:00:00,136.82710221525073
2012-08-26 22:00:00,141.77570995233825
2012-08-26 23:00:00,147.21733071332292
2012-08-27 00:00:00,62.379551899709696
2012-08-27 01:00:00,64.73105428947024
2012-08-27 02:00:00,67.19337409226479
2012-08-27 03:00:00,69.74935865732502
2012-08-27 04:00:00,72.42647138885471
2012-08-27 05:00:00,75.15670934931059
2012-08-27 06:00:00,78.01561309767399
2012-08-27 07:00:00,81.30286063793012
2012-08-27 08:00:00,84.39555928110951
2012-08-27 09:00:00,87.60590181556752
2012-08-27 10:00:00,91.52221566271827
2012-08-27 11:00:00,95.14391611122386
2012-08-27 12:00:00,98.94136934767457
2012-08-27 13:00:00,102.70502337331297
2012-08-27 14:00:00,106.9972577472901
2012-08-27 15:00:00,111.10401552210077
2012-08-27 16:00:00,115.3303273069617
2012-08-27 17:00:00,119.63866497501043
2012-08-27 18:00:00,123.96562077225292
2012-08-27 19:00:00,128.25998223022285
2012-08-27 20:00:00,133.1388938688198
2012-08-27 21:00:00,137.99965003692844
2012-08-27 22:00:00,142.94378915032988
2012-08-27 23:00:00,148.38126157488455
2012-08-28 00:00:00,62.872737622033675
2012-08-28 01:00:00,65.12529087967262
2012-08-28 02:00:00,67.60260714087026
2012-08-28 03:00:00,70.00151044732897
2012-08-28 04:00:00,72.68830124300567
2012-08-28 05:00:00,75.45330863469368
2012-08-28 06:00:00,78.2976483288147
2012-08-28 07:00:00,81.30286063793012
2012-08-28 08:00:00,84.4232353820392
2012-08-28 09:00:00,87.98047298911445
2012-08-28 10:00:00,91.62709437098722
2012-08-28 11:00:00,95.4878720875548
2012-08-28 12:00:00,99.29905354530322
2012-08-28 13:00:00,103.22849760603846
2012-08-28 14:00:00,107.31343691144299
2012-08-28 15:00:00,111.19486925971312
2012-08-28 16:00:00,115.38654734700874
2012-08-28 17:00:00,119.55997697816908
2012-08-28 18:00:00,123.92498166363801
2012-08-28 19:00:00,128.17562387434603
2012-08-28 20:00:00,132.85517645469307
2012-08-28 21:00:00,137.90888576746366
2012-08-28 22:00:00,142.896618227429
2012-08-28 23:00:00,148.06506285476925
2012-08-29 00:00:00,62.625591282314396
2012-08-29 01:00:00,64.89070367484088
2012-08-29 02:00:00,67.23759718549347
2012-08-29 03:00:00,69.79526396320098
2012-08-29 04:00:00,72.34341311748318
2012-08-29 05:00:00,75.0953012286258
2012-08-29 06:00:00,77.95186905903955
2012-08-29 07:00:00,81.18300037673401
2012-08-29 08:00:00,84.4232353820392
2012-08-29 09:00:00,87.95143975771055
2012-08-29 10:00:00,91.46202024162697
2012-08-29 11:00:00,94.9098353127628
2012-08-29 12:00:00,98.87629424707616
2012-08-29 13:00:00,102.4525625878654
2012-08-29 14:00:00,106.5417238425603
2012-08-29 15:00:00,110.59448954089486
2012-08-29 16:00:00,114.76378449864174
2012-08-29 17:00:00,119.34432020375424
2012-08-29 18:00:00,123.4785926392725
2012-08-29 19:00:00,127.75580527945581
2012-08-29 20:00:00,132.37662005869157
2012-08-29 21:00:00,137.16426779533228
2012-08-29 22:00:00,142.38189164736943
2012-08-29 23:00:00,147.79798992061654
2012-08-30 00:00:00,62.51276586721667
2012-08-30 01:00:00,64.89070367484088
2012-08-30 02:00:00,67.23759718549347
2012-08-30 03:00:00,69.79526396320098
2012-08-30 04:00:00,72.45022242918441
2012-08-30 05:00:00,75.20617348486289
2012-08-30 06:00:00,77.90059904171223
2012-08-30 07:00:00,81.18300037673401
2012-08-30 08:00:00,84.4232353820392
2012-08-30 09:00:00,87.95143975771055
2012-08-30 10:00:00,91.46202024162697
2012-08-30 11:00:00,95.25294506063402
2012-08-30 12:00:00,98.87629424707616
2012-08-30 13:00:00,102.63747286565328
2012-08-30 14:00:00,106.5417238425603
2012-08-30 15:00:00,111.03094088168851
2012-08-30 16:00:00,115.2544729631112
2012-08-30 17:00:00,119.81530197495518
2012-08-30 18:00:00,124.14864617924873
2012-08-30 19:00:00,128.40696011052765
2012-08-30 20:00:00,133.0949585251779
2012-08-30 21:00:00,137.95411066168916
2012-08-30 22:00:00,142.896618227429
2012-08-30 23:00:00,148.38126157488455
2012-08-31 00:00:00,62.73875655895855
2012-08-31 01:00:00,65.12529087967262
2012-08-31 02:00:00,67.43628571009069
2012-08-31 03:00:00,70.00151044732897
2012-08-31 04:00:00,72.53340332950603
2012-08-31 05:00:00,75.29251852302103
2012-08-31 06:00:00,78.15658834849378
2012-08-31 07:00:00,81.12960519986086
2012-08-31 08:00:00,84.75640419026445
2012-08-31 09:00:00,88.29853231147447
2012-08-31 10:00:00,91.82276760685664
2012-08-31 11:00:00,96.0845422495219
2012-08-31 12:00:00,99.73952475707434
2012-08-31 13:00:00,103.72062648834641
2012-08-31 14:00:00,107.86039963247919
2012-08-31 15:00:00,112.0002864306162
2012-08-31 16:00:00,116.26069167542354
2012-08-31 17:00:00,120.46547675841884
2012-08-31 18:00:00,124.82260678609435
2012-08-31 19:00:00,128.95598186298278
2012-08-31 20:00:00,133.86136879535167
2012-08-31 21:00:00,138.4528303146204
2012-08-31 22:00:00,143.71947009947698
2012-08-31 23:00:00,148.86853426946573
2012-09-20 00:00:00,61.70775271559166
2012-09-20 01:00:00,63.824336272027104
2012-09-20 02:00:00,66.25216521484089
2012-09-20 03:00:00,68.64844758738319
2012-09-20 04:00:00,71.259782035446
2012-09-20 05:00:00,73.97044964892312
2012-09-20 06:00:00,76.78422898546313
2012-09-20 07:00:00,79.84889702507112
2012-09-20 08:00:00,83.18593127401348
2012-09-20 09:00:00,86.819026562121
2012-09-20 10:00:00,90.284406789224
2012-09-20 11:00:00,94.15032900225431
2012-09-20 12:00:00,97.73173551704946
2012-09-20 13:00:00,101.59915795423925
2012-09-20 14:00:00,105.46391222595624
2012-09-20 15:00:00,109.63731095154546
2012-09-20 16:00:00,113.64004989564133
2012-09-20 17:00:00,117.96283048866665
2012-09-20 18:00:00,122.0892699695478
2012-09-20 19:00:00,126.33877755744224
2012-09-20 20:00:00,130.90805544166867
2012-09-20 21:00:00,135.88769776014365
2012-09-20 22:00:00,140.80263591698815
2012-09-20 23:00:00,146.1586605099704
2012-09-21 00:00:00,61.93096767002206
2012-09-21 01:00:00,64.17081679943703
2012-09-21 02:00:00,66.61182559654624
2012-09-21 03:00:00,69.02096669645803
2012-09-21 04:00:00,71.64647148655007
2012-09-21 05:00:00,74.3718484710306
2012-09-21 06:00:00,77.20089671179815
2012-09-21 07:00:00,80.28236942087375
2012-09-21 08:00:00,83.48683906989709
2012-09-21 09:00:00,86.97590969819532
2012-09-21 10:00:00,90.67043028197021
2012-09-21 11:00:00,94.42854521971066
2012-09-21 12:00:00,98.19765927726515
2012-09-21 13:00:00,102.1169957338222
2012-09-21 14:00:00,106.00144815866365
2012-09-21 15:00:00,110.0336621831528
2012-09-21 16:00:00,114.21925854554135
2012-09-21 17:00:00,118.35046837045769
2012-09-21 18:00:00,122.6308341312164
2012-09-21 19:00:00,127.06628322493083
2012-09-21 20:00:00,131.70533498506308
2012-09-21 21:00:00,136.46870444309252
2012-09-21 22:00:00,141.65986959713507
2012-09-21 23:00:00,147.04850270374988
2012-09-22 00:00:00,62.30801537928606
2012-09-22 01:00:00,64.51917825131683
2012-09-22 02:00:00,66.85263485103869
2012-09-22 03:00:00,69.39565795593934
2012-09-22 04:00:00,72.03541571500094
2012-09-22 05:00:00,74.77558784049083
2012-09-22 06:00:00,77.61999401811731
2012-09-22 07:00:00,80.71819499029445
2012-09-22 08:00:00,83.99512309337173
2012-09-22 09:00:00,87.47674933321271
2012-09-22 10:00:00,90.96818502817891
2012-09-22 11:00:00,94.76991504966993
2012-09-22 12:00:00,98.55265487919753
2012-09-22 13:00:00,102.4525625878654
2012-09-22 14:00:00,106.5417238425603
2012-09-22 15:00:00,110.39524400988317
2012-09-22 16:00:00,114.59459466844474
2012-09-22 17:00:00,118.95368541464967
2012-09-22 18:00:00,123.29655505474307
2012-09-22 19:00:00,127.75580527945581
2012-09-22 20:00:00,132.61553841240948
2012-09-22 21:00:00,136.96205418518713
2012-09-22 22:00:00,141.96238977707966
2012-09-22 23:00:00,147.36253051999049
2012-09-23 00:00:00,62.44107657776195
2012-09-23 01:00:00,64.2867743191489
2012-09-23 02:00:00,66.61182559654624
2012-09-23 03:00:00,68.89661945983292
2012-09-23 04:00:00,71.38839439767926
2012-09-23 05:00:00,74.10395432706083
2012-09-23 06:00:00,76.78422898546313
2012-09-23 07:00:00,79.84889702507112
2012-09-23 08:00:00,83.03606462949803
2012-09-23 09:00:00,86.35026048413155
2012-09-23 10:00:00,89.95919416686954
2012-09-23 11:00:00,93.5497110070438
2012-09-23 12:00:00,97.10827047261728
2012-09-23 13:00:00,101.2998148545758
2012-09-23 14:00:00,105.153182343701
2012-09-23 15:00:00,109.15312898529112
2012-09-23 16:00:00,113.30523053821129
2012-09-23 17:00:00,117.03750759097954
2012-09-23 18:00:00,121.27065099779658
2012-09-23 19:00:00,125.65663061801294
2012-09-23 20:00:00,130.43651275216652
2012-09-23 21:00:00,135.39821794734004
2012-09-23 22:00:00,140.54866261372717
2012-09-23 23:00:00,145.63186753429508
2012-09-24 00:00:00,61.48547579320911
2012-09-24 01:00:00,63.824336272027104
2012-09-24 02:00:00,66.25216521484089
2012-09-24 03:00:00,68.77234691398327
2012-09-24 04:00:00,71.259782035446
2012-09-24 05:00:00,74.10395432706083
2012-09-24 06:00:00,76.92281207946093
2012-09-24 07:00:00,79.84889702507112
2012-09-24 08:00:00,83.18593127401348
2012-09-24 09:00:00,86.5062965536663
2012-09-24 10:00:00,89.95919416686954
2012-09-24 11:00:00,93.5497110070438
2012-09-24 12:00:00,97.10827047261728
2012-09-24 13:00:00,101.2998148545758
2012-09-24 14:00:00,105.11871043470045
2012-09-24 15:00:00,109.15312898529112
2012-09-24 16:00:00,112.952373996594
2012-09-24 17:00:00,117.24899592431231
2012-09-24 18:00:00,121.27065099779658
2012-09-24 19:00:00,125.65663061801294
2012-09-24 20:00:00,130.43651275216652
2012-09-24 21:00:00,135.1539928840534
2012-09-24 22:00:00,140.2951474158016
2012-09-24 23:00:00,145.1072883381357
2012-09-25 00:00:00,61.48547579320911
2012-09-25 01:00:00,63.709351214229144
2012-09-25 02:00:00,66.01351890644258
2012-09-25 03:00:00,68.5246226825157
2012-09-25 04:00:00,71.13124692589109
2012-09-25 05:00:00,73.83702516209661
2012-09-25 06:00:00,76.78422898546313
2012-09-25 07:00:00,79.70504233615758
2012-09-25 08:00:00,83.03606462949803
2012-09-25 09:00:00,86.66261458245458
2012-09-25 10:00:00,90.12155593862809
2012-09-25 11:00:00,94.01152843684535
2012-09-25 12:00:00,97.73173551704946
2012-09-25 13:00:00,101.59915795423925
2012-09-25 14:00:00,105.6196213277079
2012-09-25 15:00:00,109.63731095154546
2012-09-25 16:00:00,113.807830416189
2012-09-25 17:00:00,118.13699325190761
2012-09-25 18:00:00,122.45004634965073
2012-09-25 19:00:00,126.92056432365237
2012-09-25 20:00:00,131.55429604523226
2012-09-25 21:00:00,136.55852086206124
2012-09-25 22:00:00,141.7531025639952
2012-09-25 23:00:00,147.14528218137048
2012-09-26 00:00:00,62.15485509573151
2012-09-26 01:00:00,64.51917825131683
2012-09-26 02:00:00,66.97343845164988
2012-09-26 03:00:00,69.52105683313452
2012-09-26 04:00:00,72.03541571500094
2012-09-26 05:00:00,74.77558784049083
2012-09-26 06:00:00,77.48015489060322
2012-09-26 07:00:00,80.42744073052737
2012-09-26 08:00:00,83.63751928925038
2012-09-26 09:00:00,87.21901529465228
2012-09-26 10:00:00,90.50688313999488
2012-09-26 11:00:00,94.28933449568942
2012-09-26 12:00:00,98.19765927726515
2012-09-26 13:00:00,102.1169957338222
2012-09-26 14:00:00,106.34977971921352
2012-09-26 15:00:00,110.39524400988317
2012-09-26 16:00:00,114.59459466844474
2012-09-26 17:00:00,118.95368541464967
2012-09-26 18:00:00,123.4785926392725
2012-09-26 19:00:00,127.75580527945581
2012-09-26 20:00:00,132.13784521437213
2012-09-26 21:00:00,137.16426779533228
2012-09-26 22:00:00,141.91585086619915
2012-09-26 23:00:00,147.00029643465865
2012-09-27 00:00:00,62.28758921444463
2012-09-27 01:00:00,64.65696147439881
2012-09-27 02:00:00,67.11646284316966
2012-09-27 03:00:00,69.66952176313136
2012-09-27 04:00:00,72.03541571500094
2012-09-27 05:00:00,74.91070832256425
2012-09-27 06:00:00,77.61999401811731
2012-09-27 07:00:00,80.89057184580555
2012-09-27 08:00:00,84.14690339830764
2012-09-27 09:00:00,87.63463069421157
2012-09-27 10:00:00,91.29704526617707
2012-09-27 11:00:00,94.94116554702312
2012-09-27 12:00:00,98.69816005762866
2012-09-27 13:00:00,102.4525625878654
2012-09-27 14:00:00,106.5417238425603
2012-09-27 15:00:00,110.59448954089486
2012-09-27 16:00:00,114.42565426535374
2012-09-27 17:00:00,118.13699325190761
2012-09-27 18:00:00,122.6308341312164
2012-09-27 19:00:00,127.29561728095754
2012-09-27 20:00:00,131.89978746623493
2012-09-27 21:00:00,136.6253856694669
2012-09-27 22:00:00,141.82251085754046
2012-09-27 23:00:00,147.21733071332292
2012-09-28 00:00:00,62.24662180959783
2012-09-28 01:00:00,64.61443570080097
2012-09-28 02:00:00,67.07231942166534
2012-09-28 03:00:00,69.64653107805742
2012-09-28 04:00:00,72.03541571500094
2012-09-28 05:00:00,74.77558784049083
2012-09-28 06:00:00,77.61999401811731
2012-09-28 07:00:00,80.57259923151162
2012-09-28 08:00:00,83.93987834467757
2012-09-28 09:00:00,87.2903374110776
2012-09-28 10:00:00,90.77433289771554
2012-09-28 11:00:00,94.42854521971066
2012-09-28 12:00:00,98.374890143887
2012-09-28 13:00:00,102.1169957338222
2012-09-28 14:00:00,106.00144815866365
2012-09-28 15:00:00,109.83542703109546
2012-09-28 16:00:00,113.807830416189
2012-09-28 17:00:00,118.13699325190761
2012-09-28 18:00:00,122.45004634965073
2012-09-28 19:00:00,126.92056432365237
2012-09-28 20:00:00,131.55429604523226
2012-09-28 21:00:00,136.55852086206124
2012-09-28 22:00:00,141.31165330965223
2012-09-28 23:00:00,146.42245321396277
2012-09-29 00:00:00,61.93096767002206
2012-09-29 01:00:00,64.2867743191489
2012-09-29 02:00:00,66.73219405163069
2012-09-29 03:00:00,69.14568850156229
2012-09-29 04:00:00,71.77593761374082
2012-09-29 05:00:00,74.3718484710306
2012-09-29 06:00:00,77.20089671179815
2012-09-29 07:00:00,79.99318504433856
2012-09-29 08:00:00,83.18593127401348
2012-09-29 09:00:00,86.35026048413155
2012-09-29 10:00:00,89.95919416686954
2012-09-29 11:00:00,93.5497110070438
2012-09-29 12:00:00,97.73173551704946
2012-09-29 13:00:00,101.44937599682532
2012-09-29 14:00:00,105.153182343701
2012-09-29 15:00:00,109.15312898529112
2012-09-29 16:00:00,113.47251672453324
2012-09-29 17:00:00,117.61527485892948
2012-09-29 18:00:00,121.48952487656635
2012-09-29 19:00:00,125.65663061801294
2012-09-29 20:00:00,130.43651275216652
2012-09-29 21:00:00,135.39821794734004
2012-09-29 22:00:00,140.2951474158016
2012-09-29 23:00:00,145.63186753429508
2012-09-30 00:00:00,61.70775271559166
2012-09-30 01:00:00,64.05506843855314
2012-09-30 02:00:00,66.37188375883063
2012-09-30 03:00:00,68.77234691398327
2012-09-30 04:00:00,71.38839439767926
2012-09-30 05:00:00,73.97044964892312
2012-09-30 06:00:00,76.78422898546313
2012-09-30 07:00:00,79.70504233615758
2012-09-30 08:00:00,83.03606462949803
2012-09-30 09:00:00,86.5062965536663
2012-09-30 10:00:00,90.284406789224
2012-09-30 11:00:00,94.01152843684535
2012-09-30 12:00:00,97.73173551704946
2012-09-30 13:00:00,101.44937599682532
2012-09-30 14:00:00,105.30843267742642
2012-09-30 15:00:00,109.47567879464
2012-09-30 16:00:00,113.64004989564133
2012-09-30 17:00:00,117.7889244838488
2012-09-30 18:00:00,121.05190858845224
2012-09-30 19:00:00,125.42997698083579
2012-09-30 20:00:00,130.20123738396208
2012-09-30 21:00:00,135.1539928840534
2012-09-30 22:00:00,140.04239358275564
2012-09-30 23:00:00,145.3694991387308
2012-10-20 00:00:00,61.48547579320911
2012-10-20 01:00:00,63.824336272027104
2012-10-20 02:00:00,66.13280621337795
2012-10-20 03:00:00,68.5246226825157
2012-10-20 04:00:00,71.259782035446
2012-10-20 05:00:00,73.70400137991888
2012-10-20 06:00:00,76.64572913319266
2012-10-20 07:00:00,79.41793754414705
2012-10-20 08:00:00,82.88628800432038
2012-10-20 09:00:00,86.35026048413155
2012-10-20 10:00:00,89.79692991980868
2012-10-20 11:00:00,93.38117311765198
2012-10-20 12:00:00,97.10827047261728
2012-10-20 13:00:00,100.80219481889112
2012-10-20 14:00:00,104.63663322240845
2012-10-20 15:00:00,108.61693073044998
2012-10-20 16:00:00,112.54550930029765
2012-10-20 17:00:00,116.82665440611426
2012-10-20 18:00:00,121.05190858845224
2012-10-20 19:00:00,125.42997698083579
2012-10-20 20:00:00,130.20123738396208
2012-10-20 21:00:00,134.66715594276272
2012-10-20 22:00:00,139.53794817875382
2012-10-20 23:00:00,144.58459872382215
2012-10-21 00:00:00,61.3747043946993
2012-10-21 01:00:00,63.594435223693075
2012-10-21 02:00:00,65.89458984692918
2012-10-21 03:00:00,68.27779077619928
2012-10-21 04:00:00,70.70080674019044
2012-10-21 05:00:00,73.57105750019596
2012-10-21 06:00:00,76.50764522806939
2012-10-21 07:00:00,79.41793754414705
2012-10-21 08:00:00,82.58772407686342
2012-10-21 09:00:00,86.03921901360829
2012-10-21 10:00:00,89.63495835751574
2012-10-21 11:00:00,93.21273646272276
2012-10-21 12:00:00,96.93332153080053
2012-10-21 13:00:00,100.80219481889112
2012-10-21 14:00:00,104.63663322240845
2012-10-21 15:00:00,108.61693073044998
2012-10-21 16:00:00,112.54550930029765
2012-10-21 17:00:00,116.61592787294096
2012-10-21 18:00:00,121.05190858845224
2012-10-21 19:00:00,125.42997698083579
2012-10-21 20:00:00,129.96666860220236
2012-10-21 21:00:00,134.18207263229246
2012-10-21 22:00:00,139.28625606092922
2012-10-21 23:00:00,144.84586501732997
2012-10-22 00:00:00,61.153627142577264
2012-10-22 01:00:00,63.479864352502844
2012-10-22 02:00:00,65.77573222369317
2012-10-22 03:00:00,68.40116965252811
2012-10-22 04:00:00,70.87502572262045
2012-10-22 05:00:00,73.57105750019596
2012-10-22 06:00:00,76.2069014527254
2012-10-22 07:00:00,79.27468712979996
2012-10-22 08:00:00,82.73696119305188
2012-10-22 09:00:00,86.03921901360829
2012-10-22 10:00:00,89.63495835751574
2012-10-22 11:00:00,93.5497110070438
2012-10-22 12:00:00,97.28374640933028
2012-10-22 13:00:00,101.44937599682532
2012-10-22 14:00:00,105.27390987338629
2012-10-22 15:00:00,109.47567879464
2012-10-22 16:00:00,113.47251672453324
2012-10-22 17:00:00,117.7889244838488
2012-10-22 18:00:00,121.27065099779658
2012-10-22 19:00:00,125.65663061801294
2012-10-22 20:00:00,130.20123738396208
2012-10-22 21:00:00,134.91050128521948
2012-10-22 22:00:00,139.78979156956754
2012-10-22 23:00:00,145.1072883381357
2012-10-23 00:00:00,61.48547579320911
2012-10-23 01:00:00,63.824336272027104
2012-10-23 02:00:00,66.13280621337795
2012-10-23 03:00:00,68.64844758738319
2012-10-23 04:00:00,71.13124692589109
2012-10-23 05:00:00,73.97044964892312
2012-10-23 06:00:00,76.50764522806939
2012-10-23 07:00:00,79.70504233615758
2012-10-23 08:00:00,82.88628800432038
2012-10-23 09:00:00,86.35026048413155
2012-10-23 10:00:00,89.95919416686954
2012-10-23 11:00:00,94.01152843684535
2012-10-23 12:00:00,97.73173551704946
2012-10-23 13:00:00,101.59915795423925
2012-10-23 14:00:00,105.81047738865462
2012-10-23 15:00:00,109.83542703109546
2012-10-23 16:00:00,114.01348267989795
2012-10-23 17:00:00,118.35046837045769
2012-10-23 18:00:00,122.26952509340246
2012-10-23 19:00:00,126.92056432365237
2012-10-23 20:00:00,131.1446080395072
2012-10-23 21:00:00,135.88769776014365
2012-10-23 22:00:00,141.05676186428542
2012-10-23 23:00:00,146.1586605099704
2012-10-24 00:00:00,61.93096767002206
2012-10-24 01:00:00,64.2867743191489
2012-10-24 02:00:00,66.73219405163069
2012-10-24 03:00:00,69.02096669645803
2012-10-24 04:00:00,71.64647148655007
2012-10-24 05:00:00,74.3718484710306
2012-10-24 06:00:00,77.06181262430178
2012-10-24 07:00:00,80.13755978416022
2012-10-24 08:00:00,83.33624935856598
2012-10-24 09:00:00,86.5062965536663
2012-10-24 10:00:00,89.95919416686954
2012-10-24 11:00:00,93.71875657945795
2012-10-24 12:00:00,97.69969654858345
2012-10-24 13:00:00,101.74916105283364
2012-10-24 14:00:00,106.31468468437863
2012-10-24 15:00:00,109.99759032773936
2012-10-24 16:00:00,114.55677887510322
2012-10-24 17:00:00,118.13699325190761
2012-10-24 18:00:00,122.6308341312164
2012-10-24 19:00:00,127.10795247043674
2012-10-24 20:00:00,131.70533498506308
2012-10-24 21:00:00,136.71530520765782
2012-10-24 22:00:00,141.70663226282866
2012-10-24 23:00:00,146.68704053498584
2012-10-25 00:00:00,62.32858358185112
2012-10-25 01:00:00,64.51917825131683
2012-10-25 02:00:00,66.73219405163069
2012-10-25 03:00:00,69.14568850156229
2012-10-25 04:00:00,71.77593761374082
2012-10-25 05:00:00,74.50623939069187
2012-10-25 06:00:00,77.34039975926932
2012-10-25 07:00:00,80.28236942087375
2012-10-25 08:00:00,83.33624935856598
2012-10-25 09:00:00,86.5062965536663
2012-10-25 10:00:00,89.95919416686954
2012-10-25 11:00:00,93.38117311765198
2012-10-25 12:00:00,97.10827047261728
2012-10-25 13:00:00,100.80219481889112
2012-10-25 14:00:00,105.08402164818632
2012-10-25 15:00:00,109.27844889788057
2012-10-25 16:00:00,113.23070812838199
2012-10-25 17:00:00,117.53791767362048
2012-10-25 18:00:00,121.48952487656635
2012-10-25 19:00:00,125.88369382132785
2012-10-25 20:00:00,130.43651275216652
2012-10-25 21:00:00,135.39821794734004
2012-10-25 22:00:00,140.80263591698815
2012-10-25 23:00:00,146.1586605099704
2012-10-26 00:00:00,61.93096767002206
2012-10-26 01:00:00,64.17081679943703
2012-10-26 02:00:00,66.61182559654624
2012-10-26 03:00:00,69.14568850156229
2012-10-26 04:00:00,71.77593761374082
2012-10-26 05:00:00,74.50623939069187
2012-10-26 06:00:00,77.34039975926932
2012-10-26 07:00:00,80.28236942087375
2012-10-26 08:00:00,83.48683906989709
2012-10-26 09:00:00,86.66261458245458
2012-10-26 10:00:00,89.95919416686954
2012-10-26 11:00:00,93.5497110070438
2012-10-26 12:00:00,97.28374640933028
2012-10-26 13:00:00,100.98434572604334
2012-10-26 14:00:00,105.11871043470045
2012-10-26 15:00:00,109.27844889788057
2012-10-26 16:00:00,112.952373996594
2012-10-26 17:00:00,117.03750759097954
2012-10-26 18:00:00,121.48952487656635
2012-10-26 19:00:00,125.88369382132785
2012-10-26 20:00:00,130.6722132660914
2012-10-26 21:00:00,135.64288432856517
2012-10-26 22:00:00,140.54866261372717
2012-10-26 23:00:00,145.8950262564767
2012-10-27 00:00:00,61.70775271559166
2012-10-27 01:00:00,64.05506843855314
2012-10-27 02:00:00,66.4916742565317
2012-10-27 03:00:00,69.02096669645803
2012-10-27 04:00:00,71.64647148655007
2012-10-27 05:00:00,74.3718484710306
2012-10-27 06:00:00,77.20089671179815
2012-10-27 07:00:00,79.99318504433856
2012-10-27 08:00:00,83.18593127401348
2012-10-27 09:00:00,86.35026048413155
2012-10-27 10:00:00,89.95919416686954
2012-10-27 11:00:00,93.5497110070438
2012-10-27 12:00:00,97.58765508427858
2012-10-27 13:00:00,101.2998148545758
2012-10-27 14:00:00,105.153182343701
2012-10-27 15:00:00,108.61693073044998
2012-10-27 16:00:00,112.74863571180785
2012-10-27 17:00:00,117.03750759097954
2012-10-27 18:00:00,121.48952487656635
2012-10-27 19:00:00,125.65663061801294
2012-10-27 20:00:00,130.43651275216652
2012-10-27 21:00:00,135.39821794734004
2012-10-27 22:00:00,140.54866261372717
2012-10-27 23:00:00,145.8950262564767
2012-10-28 00:00:00,61.81925944573444
2012-10-28 01:00:00,64.05506843855314
2012-10-28 02:00:00,66.4916742565317
2012-10-28 03:00:00,69.02096669645803
2012-10-28 04:00:00,71.64647148655007
2012-10-28 05:00:00,74.3718484710306
2012-10-28 06:00:00,77.20089671179815
2012-10-28 07:00:00,80.13755978416022
2012-10-28 08:00:00,83.18593127401348
2012-10-28 09:00:00,86.35026048413155
2012-10-28 10:00:00,89.47347323335366
2012-10-28 11:00:00,93.0446036260662
2012-10-28 12:00:00,96.4099448614253
2012-10-28 13:00:00,100.0773054354864
2012-10-28 14:00:00,104.07166369773184
2012-10-28 15:00:00,108.03047019710904
2012-10-28 16:00:00,111.93783700680247
2012-10-28 17:00:00,115.98627797585301
2012-10-28 18:00:00,119.96462166740375
2012-10-28 19:00:00,124.52798413397873
2012-10-28 20:00:00,129.26493341899993
2012-10-28 21:00:00,134.42454142275332
2012-10-28 22:00:00,139.53794817875382
2012-10-28 23:00:00,144.58459872382215
2012-10-29 00:00:00,61.3747043946993
2012-10-30 13:00:00,98.3357185038117
2012-10-30 14:00:00,102.07633403451462
2012-10-30 15:00:00,105.99421741999821
2012-10-30 16:00:00,110.02615639271825
2012-10-30 17:00:00,114.21146724057854
2012-10-30 18:00:00,118.59486254879812
2012-10-30 19:00:00,125.42997698083579
2012-10-30 20:00:00,127.7470905981282
2012-10-30 21:00:00,132.69376674825637
2012-10-30 22:00:00,137.6958820266174
2012-10-30 23:00:00,142.93372807746653
2012-10-31 00:00:00,60.58447827306417
2012-10-31 01:00:00,62.88906549524394
2012-10-31 02:00:00,65.25977485910146
2012-10-31 03:00:00,67.76456884567254
2012-10-31 04:00:00,70.29601613568015
2012-10-31 05:00:00,72.99395212022189
2012-10-31 06:00:00,75.77058623753608
2012-10-31 07:00:00,78.65284139327176
2012-10-31 08:00:00,81.8190908495258
2012-10-31 09:00:00,85.05682101023426
2012-10-31 10:00:00,88.4226740391475
2012-10-31 11:00:00,91.8165040468051
2012-10-31 12:00:00,95.71664105380222
2012-10-31 13:00:00,99.53695330505572
2012-10-31 14:00:00,103.32326288896657
2012-10-31 15:00:00,107.2536007939098
2012-10-31 16:00:00,111.33344574707357
2012-10-31 17:00:00,115.36027826874253
2012-10-31 18:00:00,119.74849503355449
2012-10-31 19:00:00,124.30363620825848
2012-10-31 20:00:00,129.03205146975293
2012-10-31 21:00:00,133.94033203179006
2012-10-31 22:00:00,138.44338595087928
2012-10-31 23:00:00,143.75679364183242
2012-11-20 00:00:00,60.69382344144397
2012-11-20 01:00:00,63.11641655253778
2012-11-20 02:00:00,65.39913965514188
2012-11-20 03:00:00,68.009545396886935
2012-11-20 04:00:00,70.57327988450282
2012-11-20 05:00:00,73.25783348115321
2012-11-20 06:00:00,76.0445054436368
2012-11-20 07:00:00,78.8208076055739
2012-11-20 08:00:00,81.9398902478548
2012-11-20 09:00:00,85.26660083453821
2012-11-20 10:00:00,88.8300510245441
2012-11-20 11:00:00,92.3755006817024
2012-11-20 12:00:00,95.8893940844646
2012-11-20 13:00:00,99.71681790395914
2012-11-20 14:00:00,103.50996939966276
2012-11-20 15:00:00,107.64133464473159
2012-11-20 16:00:00,111.33344574707357
2012-11-20 17:00:00,115.36027826874253
2012-11-20 18:00:00,119.74849503355449
2012-11-20 19:00:00,124.30363620825848
2012-11-20 20:00:00,128.79930940406
2012-11-20 21:00:00,133.45786680697236
2012-11-20 22:00:00,138.53450199984258
2012-11-20 23:00:00,143.23896863190947
2012-11-21 00:00:00,60.82343747004106
2012-11-21 01:00:00,63.002570070208364
2012-11-21 02:00:00,65.14220373463148
2012-11-21 03:00:00,67.62016334789779
2012-11-21 04:00:00,70.19238264985987
2012-11-21 05:00:00,72.8624472069915
2012-11-21 06:00:00,75.65888189913821
2012-11-21 07:00:00,78.3953969161682
2012-11-21 08:00:00,81.52437106301872
2012-11-21 09:00:00,84.93142649517286
2012-11-21 10:00:00,88.51007712356892
2012-11-21 11:00:00,92.20907823369255
2012-11-21 12:00:00,96.06266749532776
2012-11-21 13:00:00,99.71681790395914
2012-11-21 14:00:00,103.69678812544223
2012-11-21 15:00:00,107.64133464473159
2012-11-21 16:00:00,111.53462676476516
2012-11-21 17:00:00,115.36027826874253
2012-11-21 18:00:00,119.96462166740375
2012-11-21 19:00:00,124.07942304002073
2012-11-21 20:00:00,128.29329098703903
2012-11-21 21:00:00,133.45786680697236
2012-11-21 22:00:00,138.28461985197387
2012-11-21 23:00:00,143.28625256647385
2012-11-22 00:00:00,60.69382344144397
2012-11-22 01:00:00,62.775629098270244
2012-11-22 02:00:00,64.90755560816214
2012-11-22 03:00:00,67.37658938614219
2012-11-22 04:00:00,69.7905029781148
2012-11-22 05:00:00,72.59999006328265
2012-11-22 06:00:00,75.49765371326119
2012-11-22 07:00:00,78.06163358407973
2012-11-22 08:00:00,81.17728632586889
2012-11-22 09:00:00,84.80621684223327
2012-11-22 10:00:00,88.48086912475509
2012-11-22 11:00:00,92.3755006817024
2012-11-22 12:00:00,96.06266749532776
2012-11-22 13:00:00,99.89679060579303
2012-11-22 14:00:00,103.88416960121036
2012-11-22 15:00:00,107.83584396853996
2012-11-22 16:00:00,111.73592869706532
2012-11-22 17:00:00,115.77731867199165
2012-11-22 18:00:00,119.74849503355449
2012-11-22 19:00:00,123.85588323587793
2012-11-22 20:00:00,128.33536260905558
2012-11-22 21:00:00,133.17346966527288
2012-11-22 22:00:00,138.03548815809353
2012-11-22 23:00:00,143.0277994300023
2012-11-23 00:00:00,60.495161964471066
2012-11-23 01:00:00,62.775629098270244
2012-11-23 02:00:00,65.04616822624642
2012-11-23 03:00:00,67.54261692364383
2012-11-23 04:00:00,69.93954332086965
2012-11-23 05:00:00,72.64777150263352
2012-11-23 06:00:00,75.41123717399252
2012-11-23 07:00:00,78.27982296615934
2012-11-23 08:00:00,81.20408337370725
2012-11-23 09:00:00,84.59775338629301
2012-11-23 10:00:00,88.2923174351753
2012-11-23 11:00:00,92.20907823369255
2012-11-23 12:00:00,96.06266749532776
2012-11-23 13:00:00,99.89679060579303
2012-11-23 14:00:00,104.07166369773184
2012-11-23 15:00:00,107.83584396853996
2012-11-23 16:00:00,111.93783700680247
2012-11-23 17:00:00,116.19586672328535
2012-11-23 18:00:00,120.39830729079704
2012-11-23 19:00:00,124.9781668268295
2012-11-23 20:00:00,129.73224071721435
2012-11-23 21:00:00,134.66715594276272
2012-11-23 22:00:00,139.53794817875382
2012-11-23 23:00:00,144.58459872382215
2012-11-24 00:00:00,61.153627142577264
2012-11-24 01:00:00,63.033418783911564
2012-11-24 02:00:00,65.31314011717811
2012-11-24 03:00:00,67.57568863563787
2012-11-24 04:00:00,69.97363672906658
2012-11-24 05:00:00,72.65935767854718
2012-11-24 06:00:00,75.28721907266065
2012-11-24 07:00:00,78.29230736562016
2012-11-24 08:00:00,81.24366790386377
2012-11-24 09:00:00,84.33411490070635
2012-11-24 10:00:00,87.57101825077397
2012-11-24 11:00:00,91.09627791092721
2012-11-24 12:00:00,94.70112322829841
2012-11-24 13:00:00,98.54571826832753
2012-11-24 14:00:00,102.26078732818114
2012-11-24 15:00:00,105.95923971940991
2012-11-24 16:00:00,109.75546109665852
2012-11-24 17:00:00,113.72521930551557
2012-11-24 18:00:00,118.05123967776024
2012-11-24 19:00:00,122.58200408027865
2012-11-24 20:00:00,126.97377232614181
2012-11-24 21:00:00,131.84726663502417
2012-11-24 22:00:00,136.8626358290426
2012-11-24 23:00:00,142.06878583175202
2012-11-25 00:00:00,60.08940626460132
2012-11-25 01:00:00,62.39575169397439
2012-11-25 02:00:00,64.72663875227495
2012-11-25 03:00:00,67.29932229114212
2012-11-25 04:00:00,69.85933704466495
2012-11-25 05:00:00,72.4452803398664
2012-11-25 06:00:00,75.22570431669465
2012-11-25 07:00:00,78.0872325808541
2012-11-25 08:00:00,81.03103842882413
2012-11-25 09:00:00,84.23758392267511
2012-11-25 10:00:00,87.44191719530815
2012-11-25 11:00:00,90.96197976226769
2012-11-25 12:00:00,94.4221039102295
2012-11-25 13:00:00,98.01384853468707
2012-11-25 14:00:00,102.11002996757779
2012-11-25 15:00:00,105.99421741999821
2012-11-25 16:00:00,110.02615639271825
2012-11-25 17:00:00,114.0054578614467
2012-11-25 18:00:00,118.12893470422017
2012-11-25 19:00:00,122.74341104516591
2012-11-25 20:00:00,127.1829319465501
2012-11-25 21:00:00,132.25914970467895
2012-11-25 22:00:00,137.04284647922242
2012-11-25 23:00:00,141.95270601371024
2012-11-26 00:00:00,60.168527574126514
2012-11-26 01:00:00,62.34477013978701
2012-11-26 02:00:00,64.71631751841265
2012-11-26 03:00:00,67.1780767457059
2012-11-26 04:00:00,69.85933704466495
2012-11-26 05:00:00,72.4452803398664
2012-11-26 06:00:00,75.27521386105273
2012-11-26 07:00:00,78.27982296615934
2012-11-26 08:00:00,81.25752756814009
2012-11-26 09:00:00,84.62549579337083
2012-11-26 10:00:00,88.19125579760791
2012-11-26 11:00:00,92.20907823369255
2012-11-26 12:00:00,95.8893940844646
2012-11-26 13:00:00,99.53695330505572
2012-11-26 14:00:00,103.32326288896657
2012-11-26 15:00:00,107.2536007939098
2012-11-26 16:00:00,111.53462676476516
2012-11-26 17:00:00,115.56848488223807
2012-11-26 18:00:00,119.23867356077453
2012-11-26 19:00:00,123.63247770380914
2012-11-26 20:00:00,128.33536260905558
2012-11-26 21:00:00,133.21714165961708
2012-11-26 22:00:00,138.03548815809353
2012-11-26 23:00:00,143.23896863190947
2012-11-27 00:00:00,60.69382344144397
2012-11-27 01:00:00,63.002570070208364
2012-11-27 02:00:00,65.37770014051513
2012-11-27 03:00:00,67.88687291433543
2012-11-27 04:00:00,70.29601613568015
2012-11-27 05:00:00,72.97002283135978
2012-11-27 06:00:00,75.77058623753608
2012-11-27 07:00:00,78.65284139327176
2012-11-27 08:00:00,81.79226845393671
2012-11-27 09:00:00,84.93142649517286
2012-11-27 10:00:00,88.13325119467217
2012-11-27 11:00:00,91.26069193463213
2012-11-27 12:00:00,94.56151065776096
2012-11-27 13:00:00,98.19074765269659
2012-11-27 14:00:00,101.89243469682734
2012-11-27 15:00:00,105.95923971940991
2012-11-27 16:00:00,109.9898481671484
2012-11-27 17:00:00,114.17377787787433
2012-11-27 18:00:00,118.05123967776024
2012-11-27 19:00:00,122.62246904253762
2012-11-27 20:00:00,127.20321562204722
2012-11-27 21:00:00,131.8037575236028
2012-11-27 22:00:00,136.90751762323856
2012-11-27 23:00:00,142.32519697452474
2012-11-28 00:00:00,60.306636238346854
2012-11-28 01:00:00,62.62131936629629
2012-11-28 02:00:00,65.00338646601037
2012-11-28 03:00:00,67.47606557653734
2012-11-28 04:00:00,70.04280350947408
2012-11-28 05:00:00,72.73102128388764
2012-11-28 06:00:00,75.47290364682911
2012-11-28 07:00:00,78.34383518446386
2012-11-28 08:00:00,81.12389490720558
2012-11-28 09:00:00,84.56983643987446
2012-11-28 10:00:00,88.00332127061574
2012-11-28 11:00:00,91.48577267116245
2012-11-28 12:00:00,95.07464636499098
2012-11-28 13:00:00,98.75616649553602
2012-11-28 14:00:00,102.66412752881838
2012-11-28 15:00:00,106.56939242872825
2012-11-28 16:00:00,110.62321061892149
2012-11-28 17:00:00,114.6619436872742
2012-11-28 18:00:00,118.76995845724768
2012-11-28 19:00:00,123.32857482347502
2012-11-28 20:00:00,128.06188146344584
2012-11-28 21:00:00,132.64997829492157
2012-11-28 22:00:00,137.40245372441908
2012-11-28 23:00:00,142.41886782436112
2012-11-29 00:00:00,60.23760772497814
2012-11-29 01:00:00,62.436817248153105
2012-11-29 02:00:00,64.83311998725745
2012-11-29 04:00:00,69.68761474207575
2012-11-29 05:00:00,72.38608764028356
2012-11-29 06:00:00,75.27521386105273
2012-11-29 07:00:00,77.99785194359174
2012-11-29 08:00:00,80.91157889991132
2012-11-29 09:00:00,84.34850177601271
2012-11-29 10:00:00,87.84458493691372
2012-11-29 11:00:00,91.8165040468051
2012-11-29 12:00:00,95.30913364506246
2012-11-29 13:00:00,99.17841217091413
2012-11-29 14:00:00,102.6980174955959
2012-11-29 15:00:00,106.56939242872825
2012-11-29 16:00:00,110.65972792075748
2012-11-29 17:00:00,114.6619436872742
2012-11-29 18:00:00,118.80916504325947
2012-11-29 19:00:00,123.06576308364394
2012-11-29 20:00:00,127.78898310293502
2012-11-29 21:00:00,132.1721610413036
2012-11-29 22:00:00,137.24517937278182
2012-11-29 23:00:00,142.77012248818377
2012-11-30 00:00:00,60.32654377516401
2012-11-30 01:00:00,62.52900025677429
2012-11-30 02:00:00,64.95027429764131
2012-11-30 03:00:00,67.42093306190048
2012-11-30 04:00:00,69.85933704466495
2012-11-30 05:00:00,72.38608764028356
2012-11-30 06:00:00,75.13959905763869
2012-11-30 07:00:00,78.13862543041769
2012-11-30 08:00:00,81.08436873430841
2012-11-30 09:00:00,84.29302460529452
2012-11-30 10:00:00,88.0321804762704
2012-11-30 11:00:00,91.68114410902668
2012-11-30 12:00:00,95.54399178948148
2012-11-30 13:00:00,99.35762888121796
2012-11-30 14:00:00,103.13711710118245
2012-11-30 15:00:00,107.2536007939098
2012-11-30 16:00:00,111.13286892259232
2012-11-30 17:00:00,114.86913934502738
2012-11-30 18:00:00,119.10193131837794
2012-11-30 19:00:00,123.40974311031678
2012-11-30 20:00:00,128.10415536196066
2012-11-30 21:00:00,132.69376674825637
2012-11-30 22:00:00,137.78650610838648
2012-11-30 23:00:00,142.98091125052346
2012-12-20 00:00:00,60.69382344144397
2012-12-20 01:00:00,63.02336754891852
2012-12-20 02:00:00,65.42072825403753
2012-12-20 03:00:00,67.76456884567254
2012-12-20 04:00:00,70.34228122233742
2012-12-20 05:00:00,73.01804780653278
2012-12-20 06:00:00,75.82045439409832
2012-12-20 07:00:00,78.7046064963735
2012-12-20 08:00:00,81.69846953899496
2012-12-20 09:00:00,84.80621684223327
2012-12-20 10:00:00,88.16215300865507
2012-12-20 11:00:00,91.62084415850842
2012-12-20 12:00:00,95.30913364506246
2012-12-20 13:00:00,98.93462020228664
2012-12-20 14:00:00,102.6980174955959
2012-12-20 15:00:00,106.41228313255114
2012-12-20 16:00:00,110.38747386050947
2012-12-20 17:00:00,114.6619436872742
2012-12-20 18:00:00,119.02359633865107
2012-12-20 19:00:00,123.51065968265354
2012-12-20 20:00:00,128.25095467446596
2012-12-20 21:00:00,133.12952291174574
2012-12-20 22:00:00,138.19366815393897
2012-12-20 23:00:00,144.32411707352992
2012-12-21 00:00:00,61.26399953246231
2012-12-21 01:00:00,63.709351214229144
2012-12-21 02:00:00,66.25216521484089
2012-12-21 03:00:00,68.77234691398327
2012-12-21 04:00:00,70.65430584636474
2012-12-21 05:00:00,73.2096507956412
2012-12-21 06:00:00,75.96957698353512
2012-12-21 07:00:00,78.79496812409964
2012-12-21 08:00:00,81.76527730719252
2012-12-21 09:00:00,84.81974209877706
2012-12-21 10:00:00,88.07528474216232
2012-12-21 11:00:00,91.42560121912835
2012-12-21 12:00:00,94.90336117275963
2012-12-21 13:00:00,98.51341245544755
2012-12-21 14:00:00,102.26078732818114
2012-12-21 15:00:00,105.95923971940991
2012-12-21 16:00:00,109.9898481671484
2012-12-21 17:00:00,113.72521930551557
2012-12-21 18:00:00,118.05123967776024
2012-12-21 19:00:00,122.80351139253388
2012-12-21 20:00:00,127.51666628561513
2012-12-21 21:00:00,132.04192866702016
2012-12-21 22:00:00,137.06470265587004
2012-12-21 23:00:00,142.32519697452474
2012-12-22 00:00:00,60.26697173354126
2012-12-22 01:00:00,62.559481249767344
2012-12-22 02:00:00,64.93919607481864
2012-12-22 03:00:00,67.40943343195359
2012-12-22 04:00:00,70.04280350947408
2012-12-22 05:00:00,72.65935767854718
2012-12-22 06:00:00,75.42326407917754
2012-12-22 07:00:00,78.29230736562016
2012-12-22 08:00:00,81.24366790386377
2012-12-22 09:00:00,84.36195403420889
2012-12-22 10:00:00,87.57101825077397
2012-12-22 11:00:00,91.09627791092721
2012-12-22 12:00:00,94.70112322829841
2012-12-22 13:00:00,98.51341245544755
2012-12-22 14:00:00,102.26078732818114
2012-12-22 15:00:00,106.1156801329198
2012-12-22 16:00:00,109.9898481671484
2012-12-22 17:00:00,113.96808394958438
2012-12-22 18:00:00,118.01228320432202
2012-12-22 19:00:00,122.32078327390475
2012-12-22 20:00:00,127.05733968746338
2012-12-22 21:00:00,131.60944661400563
2012-12-22 22:00:00,136.61576931629483
2012-12-22 23:00:00,141.85934176491358
2012-12-23 00:00:00,60.08940626460132
2012-12-23 01:00:00,62.39575169397439
2012-12-23 02:00:00,64.65241060580638
2012-12-23 03:00:00,67.1117388630162
2012-12-23 04:00:00,69.66461808638554
2012-12-23 05:00:00,72.38608764028356
2012-12-23 06:00:00,74.81969707436177
2012-12-23 07:00:00,77.66578113351255
2012-12-23 08:00:00,80.44832751078454
2012-12-23 09:00:00,83.98939348500504
2012-12-23 10:00:00,87.3130064663094
2012-12-23 11:00:00,90.76814085515286
2012-12-23 12:00:00,94.76345045412927
2012-12-23 13:00:00,98.54571826832753
2012-12-23 14:00:00,102.44535148269357
2012-12-23 15:00:00,106.41228313255114
2012-12-23 16:00:00,110.46012500526544
2012-12-23 17:00:00,114.45537028608891
2012-12-23 18:00:00,118.59486254879812
2012-12-23 19:00:00,123.18714230523805
2012-12-23 20:00:00,127.41247653462172
2012-12-23 21:00:00,132.02087341601884
2012-12-23 22:00:00,136.95271151262844
2012-12-23 23:00:00,142.25585155725054
2012-12-24 00:00:00,60.168527574126514
2012-12-24 01:00:00,62.45729234981252
2012-12-24 02:00:00,64.71631751841265
2012-12-24 03:00:00,67.1780767457059
2012-12-24 05:00:00,72.18432586905136
2012-12-24 06:00:00,75.13959905763869
2012-12-24 07:00:00,77.99785194359174
2012-12-24 08:00:00,81.1109589861181
2012-12-24 09:00:00,84.29302460529452
2012-12-24 10:00:00,87.71508057737964
2012-12-24 11:00:00,90.96197976226769
2012-12-24 12:00:00,94.65477626038506
2012-12-24 13:00:00,97.86935219846931
2012-12-24 14:00:00,101.59222751156561
2012-12-24 15:00:00,105.38735781934739
2012-12-24 16:00:00,109.39621231694801
2012-12-24 17:00:00,113.59479986155091
2012-12-24 18:00:00,117.95478382124554
2012-12-24 19:00:00,122.40128828612674
2012-12-24 20:00:00,127.05733968746338
2012-12-24 21:00:00,131.93404147023855
2012-12-24 22:00:00,137.04284647922242
2012-12-24 23:00:00,142.25585155725054
2012-12-25 00:00:00,60.23760772497814
2012-12-25 01:00:00,62.62131936629629
2012-12-25 02:00:00,65.00338646601037
2012-12-25 04:00:00,69.93954332086965
2012-12-25 05:00:00,72.4452803398664
2012-12-25 06:00:00,75.2010434022467
2012-12-25 07:00:00,78.06163358407973
2012-12-25 08:00:00,81.25752756814009
2012-12-25 09:00:00,84.29302460529452
2012-12-25 10:00:00,87.87358289498103
2012-12-25 11:00:00,91.35090031215744
2012-12-25 12:00:00,94.99696394104527
2012-12-25 13:00:00,99.35762888121796
2012-12-25 14:00:00,102.9510831242727
2012-12-25 15:00:00,106.56939242872825
2012-12-25 16:00:00,110.62321061892149
2012-12-25 17:00:00,114.41760043627977
2012-12-25 18:00:00,118.76995845724768
2012-12-25 19:00:00,123.28787684891417
2012-12-25 20:00:00,127.97765340117019
2012-12-25 21:00:00,132.60649223126873
2012-12-25 22:00:00,137.6958820266174
2012-12-25 23:00:00,142.62913798704872
2012-12-26 00:00:00,60.43542341356136
2012-12-26 01:00:00,62.58013246253471
2012-12-26 02:00:00,64.96063284392689
2012-12-26 03:00:00,67.31005547360328
2012-12-26 04:00:00,69.74460080360426
2012-12-26 05:00:00,72.42137366470578
2012-12-26 06:00:00,75.17622733544535
2012-12-26 07:00:00,77.86958000603302
2012-12-26 08:00:00,80.83167927953943
2012-12-26 09:00:00,83.90645454417658
2012-12-26 10:00:00,87.09819190847917
2012-12-26 11:00:00,90.38170136596081
2012-12-26 12:00:00,94.0201079096533
2012-12-26 13:00:00,97.59656091367108
2012-12-26 14:00:00,101.34228205309242
2012-12-26 15:00:00,105.54295389458946
2012-12-26 16:00:00,109.55772714790187
2012-12-26 17:00:00,113.72521930551557
2012-12-26 18:00:00,118.3033427071613
2012-12-26 19:00:00,123.06576308364394
2012-12-26 20:00:00,127.97765340117019
2012-12-26 21:00:00,132.56273257820246
2012-12-26 22:00:00,136.77261938947393
2012-12-26 23:00:00,142.27853912614356
2012-12-27 00:00:00,60.286866176897426
2012-12-27 01:00:00,62.446774937606804
2012-12-27 02:00:00,64.8222025007345
2012-12-27 03:00:00,67.33227487582977
2012-12-27 04:00:00,69.87047850917887
2012-12-27 05:00:00,72.57603233448424
2012-12-27 06:00:00,75.2625379920987
2012-12-27 07:00:00,78.17688539477118
2012-12-27 08:00:00,81.27048686460907
2012-12-27 09:00:00,84.33411490070635
2012-12-27 10:00:00,87.70030991370882
2012-12-27 11:00:00,91.06621647539765
2012-12-27 12:00:00,94.73217886519376
2012-12-27 13:00:00,98.3357185038117
2012-12-27 14:00:00,101.64175064422746
2012-12-27 15:00:00,105.5081251092992
2012-12-27 16:00:00,109.59365475760077
2012-12-27 17:00:00,113.76251357401217
2012-12-27 18:00:00,117.8772033362184
2012-12-27 19:00:00,122.32078327390475
2012-12-27 20:00:00,127.05733968746338
2012-12-27 21:00:00,131.84726663502417
2012-12-27 22:00:00,136.8174716642959
2012-12-27 23:00:00,142.06878583175202
2012-12-28 00:00:00,60.21772953672933
2012-12-28 01:00:00,62.48787407256175
2012-12-28 02:00:00,64.86486501535302
2012-12-28 03:00:00,67.35435536029084
2012-12-28 04:00:00,69.93954332086965
2012-12-28 05:00:00,72.59999006328265
2012-12-28 06:00:00,75.17622733544535
2012-12-28 07:00:00,78.06163358407973
2012-12-28 08:00:00,81.17728632586889
2012-12-28 09:00:00,84.20978583085041
2012-12-28 10:00:00,87.59973568994103
2012-12-28 11:00:00,91.12615139957106
2012-12-28 12:00:00,94.79452653018762
2012-12-28 13:00:00,98.40043782630222
2012-12-28 14:00:00,102.14351523053926
2012-12-28 15:00:00,106.06397715779958
2012-12-28 16:00:00,110.06223761589114
2012-12-28 17:00:00,113.59479986155091
2012-12-28 18:00:00,117.91585917788402
2012-12-28 19:00:00,122.36116200580591
2012-12-28 20:00:00,127.099281981471
2012-12-28 21:00:00,131.8905037234418
2012-12-28 22:00:00,136.95271151262844
2012-12-28 23:00:00,142.16228792545706
2012-12-29 00:00:00,60.21772953672933
2012-12-29 01:00:00,62.50836591744613
2012-12-29 02:00:00,64.88613635434582
2012-12-29 03:00:00,67.35435536029084
2012-12-29 04:00:00,69.91646352967814
2012-12-29 05:00:00,72.57603233448424
2012-12-29 06:00:00,75.4479978671503
2012-12-29 07:00:00,78.3179820079725
2012-12-29 08:00:00,81.2971381507221
2012-12-29 09:00:00,84.38961911486437
2012-12-29 10:00:00,87.59973568994103
2012-12-29 11:00:00,90.53038752311019
2012-12-29 12:00:00,93.97409423234997
2012-12-29 13:00:00,97.5487969112716
2012-12-29 14:00:00,101.55870245140201
2012-12-29 15:00:00,105.42191782672889
2012-12-29 16:00:00,109.91750632994255
2012-12-29 17:00:00,113.76251357401217
2012-12-29 18:00:00,118.43891090420695
2012-12-29 19:00:00,122.94423650012092
2012-12-29 20:00:00,127.6209412363041
2012-12-29 21:00:00,132.28024295699743
2012-12-29 22:00:00,137.10965071447544
2012-12-29 23:00:00,142.32519697452474
2012-12-30 00:00:00,60.32654377516401
2012-12-30 01:00:00,62.58013246253471
2012-12-30 02:00:00,64.98193558836462
2012-12-30 03:00:00,67.43168563936517
2012-12-30 04:00:00,70.04280350947408
2012-12-30 05:00:00,72.65935767854718
2012-12-30 06:00:00,75.2625379920987
2012-12-30 07:00:00,78.15108731109432
2012-12-30 08:00:00,81.09730041466932
2012-12-30 09:00:00,84.20978583085041
2012-12-30 10:00:00,87.54212013792268
2012-12-30 11:00:00,90.90215281603996
2012-12-30 12:00:00,94.4993162505139
2012-12-30 13:00:00,98.30348153423832
2012-12-30 14:00:00,102.07633403451462
2012-12-30 15:00:00,105.76834499155204
2012-12-30 16:00:00,109.75546109665852
2012-12-30 17:00:00,113.72521930551557
2012-12-30 18:00:00,117.83830429413064
2012-12-30 19:00:00,123.63247770380914
2012-12-30 20:00:00,126.74501810161668
2012-12-30 21:00:00,131.4154221661171
2012-12-30 22:00:00,136.36964420088452
2012-12-30 23:00:00,141.55704117906888
2012-12-31 00:00:00,59.872958772924775
2012-12-31 01:00:00,62.150480337446176
2012-12-31 02:00:00,64.39840838620823
2012-12-31 03:00:00,66.86999629237101
2012-12-31 04:00:00,69.28862506997785
2012-12-31 05:00:00,72.00673212132241
2012-12-31 06:00:00,74.77048712966464
2012-12-31 07:00:00,77.64015171235573
2012-12-31 08:00:00,80.42177985959191
2012-12-31 09:00:00,83.83789728918909
2012-12-31 10:00:00,87.15551529062589
2012-12-31 11:00:00,90.63432646060609
2012-12-31 12:00:00,94.22089151932424
2012-12-31 13:00:00,98.01384853468707
2012-12-31 14:00:00,101.92584860308797
2012-12-31 15:00:00,105.8379560721741
2012-12-31 16:00:00,109.62983219764887
2012-12-31 17:00:00,113.8749643077855
2012-12-31 18:00:00,118.16767309694403
2012-12-31 19:00:00,122.62246904253762
2012-12-31 20:00:00,127.28693399070252
2012-12-31 21:00:00,132.1288316183964
2012-12-31 22:00:00,137.19988897007744
2012-12-31 23:00:00,142.41886782436112
