datetime,count
2011-01-20 00:00:00,28.752422480995758
2011-01-20 01:00:00,27.875760205030797
2011-01-20 02:00:00,29.695731854719863
2011-01-20 03:00:00,33.07243194002607
2011-01-20 04:00:00,35.23168743922698
2011-01-20 05:00:00,34.89213439798363
2011-01-20 06:00:00,35.82029898514749
2011-01-20 07:00:00,40.183568217422824
2011-01-20 08:00:00,43.772328944925206
2011-01-20 09:00:00,46.64817055175629
2011-01-20 10:00:00,56.850837082119725
2011-01-20 11:00:00,60.94397143948886
2011-01-20 12:00:00,68.76038919117491
2011-01-20 13:00:00,68.79548144529086
2011-01-20 14:00:00,76.89146568991009
2011-01-20 15:00:00,86.91504077673943
2011-01-20 16:00:00,83.72423389137977
2011-01-20 17:00:00,89.71458726002352
2011-01-20 18:00:00,82.53236665481911
2011-01-20 19:00:00,93.51247385739589
2011-01-20 20:00:00,91.35931551131145
2011-01-20 21:00:00,92.75835051864593
2011-01-20 22:00:00,93.29105488262489
2011-01-20 23:00:00,101.05882724501903
2011-01-21 00:00:00,24.069946308190918
2011-01-21 01:00:00,25.641441383777757
2011-01-21 02:00:00,24.382858206996005
2011-01-21 03:00:00,24.574747123682076
2011-01-21 04:00:00,24.79763112247247
2011-01-21 05:00:00,39.38468624823571
2011-01-21 06:00:00,41.4242479541385
2011-01-21 07:00:00,44.069495663531
2011-01-21 08:00:00,49.75467730508578
2011-01-21 09:00:00,51.42489985009624
2011-01-21 10:00:00,58.37451611484865
2011-01-21 11:00:00,68.65150819981747
2011-01-21 12:00:00,88.37931318804657
2011-01-21 13:00:00,94.92155187348223
2011-01-21 14:00:00,94.8826306356174
2011-01-21 15:00:00,90.36081552333282
2011-01-21 16:00:00,94.68734942918577
2011-01-21 17:00:00,95.21663688336758
2011-01-21 18:00:00,93.66154454363013
2011-01-21 19:00:00,100.8824823737675
2011-01-21 20:00:00,102.07844816107178
2011-01-21 21:00:00,96.2670222354256
2011-01-21 22:00:00,96.30538780710997
2011-01-21 23:00:00,105.26490946928499
2011-01-22 00:00:00,21.7091418676014
2011-01-22 01:00:00,23.414172274519625
2011-01-22 02:00:00,24.538811643775706
2011-01-22 03:00:00,26.434486094741864
2011-01-22 04:00:00,25.386639649579088
2011-01-22 06:00:00,29.69822660995823
2011-01-22 07:00:00,33.28412729902841
2011-01-22 08:00:00,35.44810680290338
2011-01-22 09:00:00,39.97698684895895
2011-01-22 10:00:00,40.71763959455182
2011-01-22 11:00:00,45.91310941232037
2011-01-22 12:00:00,50.035520751832976
2011-01-22 13:00:00,60.40253701159508
2011-01-22 14:00:00,67.3648136265427
2011-01-22 15:00:00,75.40822635341812
2011-01-22 16:00:00,84.92286461489266
2011-01-22 17:00:00,90.04092487386927
2011-01-22 18:00:00,81.85879877493481
2011-01-22 19:00:00,86.74155768012153
2011-01-22 20:00:00,79.84452163389663
2011-01-22 21:00:00,89.1828788911209
2011-01-22 22:00:00,88.98766537103424
2011-01-22 23:00:00,81.73182679294473
2011-01-23 00:00:00,18.114236208281397
2011-01-23 01:00:00,19.296890819756122
2011-01-23 02:00:00,19.02264229276002
2011-01-23 03:00:00,20.264605540411697
2011-01-23 05:00:00,23.75041774546024
2011-01-23 06:00:00,25.301051222254493
2011-01-23 07:00:00,30.73034309689564
2011-01-23 08:00:00,29.763065399299705
2011-01-23 09:00:00,38.53994581423791
2011-01-23 10:00:00,48.555044369151645
2011-01-23 11:00:00,51.9094526366057
2011-01-23 12:00:00,64.5208964657258
2011-01-23 13:00:00,67.14465395213769
2011-01-23 14:00:00,78.60970753471398
2011-01-23 15:00:00,83.74203174941674
2011-01-23 16:00:00,90.06535958912679
2011-01-23 17:00:00,92.96371331413259
2011-01-23 18:00:00,90.08675715461963
2011-01-23 19:00:00,97.04614729899623
2011-01-23 20:00:00,92.60535564908518
2011-01-23 21:00:00,96.4760634304249
2011-01-23 22:00:00,97.01534951574038
2011-01-23 23:00:00,96.00439823285
2011-01-24 00:00:00,20.89800246474272
2011-01-24 01:00:00,20.58701612450064
2011-01-24 03:00:00,23.48732159676827
2011-01-24 04:00:00,23.522468016959632
2011-01-24 05:00:00,25.058218956367494
2011-01-24 06:00:00,26.702085088447042
2011-01-24 07:00:00,28.941208855750396
2011-01-24 08:00:00,31.6635225149885
2011-01-24 09:00:00,38.01603409400769
2011-01-24 10:00:00,41.019316249660086
2011-01-24 11:00:00,43.34114279038029
2011-01-24 12:00:00,48.79703130908251
2011-01-24 13:00:00,53.07715235853152
2011-01-24 14:00:00,54.81554546695061
2011-01-24 15:00:00,67.0981281269902
2011-01-24 16:00:00,67.59027624965768
2011-01-24 17:00:00,66.14314892355927
2011-01-24 18:00:00,63.86062344002746
2011-01-24 19:00:00,72.05240347412234
2011-01-24 20:00:00,72.47158840189323
2011-01-24 21:00:00,74.5022752652576
2011-01-24 22:00:00,76.26153028724237
2011-01-24 23:00:00,84.35937335883064
2011-01-25 00:00:00,18.208653584639634
2011-01-25 01:00:00,19.190472926460117
2011-01-25 02:00:00,21.50521521516941
2011-01-25 04:00:00,22.09784229624753
2011-01-25 05:00:00,23.794503766508015
2011-01-25 06:00:00,26.01965879079934
2011-01-25 07:00:00,28.017435403911023
2011-01-25 08:00:00,28.53544799091902
2011-01-25 09:00:00,36.304994332815646
2011-01-25 10:00:00,42.05612707060041
2011-01-25 11:00:00,46.21869344589196
2011-01-25 12:00:00,54.17135558089081
2011-01-25 13:00:00,57.691170943744886
2011-01-25 14:00:00,72.94195354861688
2011-01-25 15:00:00,83.17284059060385
2011-01-25 16:00:00,88.60308574932378
2011-01-25 17:00:00,92.27088128671924
2011-01-25 18:00:00,91.64084746060004
2011-01-25 19:00:00,76.3870721909613
2011-01-25 20:00:00,81.58509942331797
2011-01-25 21:00:00,86.91168305351817
2011-01-25 22:00:00,90.68068539140273
2011-01-25 23:00:00,92.32020667286784
2011-01-26 00:00:00,20.429794781227564
2011-01-26 01:00:00,23.534772340947747
2011-01-26 02:00:00,22.65672502590789
2011-01-26 05:00:00,22.13208652137513
2011-01-26 06:00:00,23.577061285152112
2011-01-26 07:00:00,26.380254152450657
2011-01-26 08:00:00,28.102586182713544
2011-01-26 09:00:00,29.93736700157896
2011-01-26 10:00:00,29.80723105843218
2011-01-26 11:00:00,31.74870732162323
2011-01-26 12:00:00,33.82153858486541
2011-01-26 13:00:00,36.02970226975069
2011-01-26 14:00:00,38.81162238524097
2011-01-26 15:00:00,42.267008491910346
2011-01-26 16:00:00,43.557466620070265
2011-01-26 17:00:00,45.21661980094468
2011-01-27 16:00:00,71.41388555637448
2011-01-27 17:00:00,74.82765923974613
2011-01-27 18:00:00,66.1043326070833
2011-01-27 19:00:00,70.42019737208429
2011-01-27 20:00:00,68.65100965309574
2011-01-27 21:00:00,73.13314360647274
2011-01-27 22:00:00,77.90791017920276
2011-01-27 23:00:00,78.86374636720619
2011-01-28 00:00:00,20.649167631840232
2011-01-28 01:00:00,21.997324575479173
2011-01-28 02:00:00,23.696663842298275
2011-01-28 03:00:00,25.110135553718337
2011-01-28 05:00:00,26.07750642511055
2011-01-28 06:00:00,27.620869624837212
2011-01-28 07:00:00,26.657800019993367
2011-01-28 08:00:00,28.398252654203954
2011-01-28 09:00:00,29.9978890120095
2011-01-28 10:00:00,32.13474902984862
2011-01-28 11:00:00,31.842668443090922
2011-01-28 12:00:00,33.92163430413371
2011-01-28 13:00:00,36.13633310662597
2011-01-28 14:00:00,47.16574733014144
2011-01-28 15:00:00,47.623344967620135
2011-01-28 16:00:00,58.60464292710493
2011-01-28 17:00:00,68.17340014369641
2011-01-28 18:00:00,73.0190660045797
2011-01-28 19:00:00,73.93741148296783
2011-01-28 20:00:00,83.3945250578908
2011-01-28 21:00:00,80.86894304292316
2011-01-28 22:00:00,109.00984626437852
2011-01-28 23:00:00,118.29838278119247
2011-01-29 00:00:00,26.75350904110878
2011-01-29 01:00:00,27.72819883852066
2011-01-29 02:00:00,29.211587671605436
2011-01-29 03:00:00,29.65560578778404
2011-01-29 04:00:00,27.55532760562713
2011-01-29 06:00:00,33.29860155151429
2011-01-29 07:00:00,36.94124056768093
2011-01-29 08:00:00,43.52009733088226
2011-01-29 09:00:00,43.99716333694895
2011-01-29 10:00:00,42.77318373181071
2011-01-29 11:00:00,45.304658813464115
2011-01-29 12:00:00,53.019211292550544
2011-01-29 13:00:00,61.43612686671651
2011-01-29 14:00:00,61.45951529219079
2011-01-29 15:00:00,64.16785571537353
2011-01-29 16:00:00,76.57309987790713
2011-01-29 17:00:00,80.7226693125093
2011-01-29 18:00:00,75.46232117440125
2011-01-29 19:00:00,78.97714680078194
2011-01-29 20:00:00,75.54560144472936
2011-01-29 21:00:00,80.47787421063242
2011-01-29 22:00:00,77.65766590427727
2011-01-29 23:00:00,82.72783257550957
2011-01-30 00:00:00,18.126710270850992
2011-01-30 01:00:00,18.8302670180615
2011-01-30 02:00:00,20.81562400964735
2011-01-30 03:00:00,18.681681304200843
2011-01-30 04:00:00,19.901383658220794
2011-01-30 05:00:00,22.792048258726574
2011-01-30 07:00:00,25.86532750958388
2011-01-30 08:00:00,26.332976763898497
2011-01-30 09:00:00,30.972430490883156
2011-01-30 10:00:00,34.23416197904442
2011-01-30 11:00:00,43.266032943592144
2011-01-30 12:00:00,69.29149390249133
2011-01-30 13:00:00,63.72916015256364
2011-01-30 14:00:00,68.66231468343594
2011-01-30 15:00:00,78.61389925348263
2011-01-30 16:00:00,83.74649713998004
2011-01-30 17:00:00,91.1726008721272
2011-01-30 18:00:00,81.2833397650261
2011-01-30 19:00:00,87.55937713701411
2011-01-30 20:00:00,87.6792489645695
2011-01-30 21:00:00,85.94102270257143
2011-01-30 22:00:00,91.02733002136874
2011-01-30 23:00:00,103.81176901701605
2011-01-31 00:00:00,22.730281081201742
2011-01-31 01:00:00,24.946867579828716
2011-01-31 02:00:00,26.43491213526899
2011-01-31 03:00:00,28.160812713202933
2011-01-31 04:00:00,30.270460497694295
2011-01-31 05:00:00,29.67035374471414
2011-01-31 06:00:00,28.92074759376987
2011-01-31 07:00:00,30.49134143129376
2011-01-31 08:00:00,34.20549055029274
2011-01-31 09:00:00,36.642073508454615
2011-01-31 10:00:00,38.17916377235048
2011-01-31 11:00:00,40.671831063338786
2011-01-31 12:00:00,47.676971872656345
2011-01-31 13:00:00,46.72558301977206
2011-01-31 14:00:00,53.7956629588106
2011-01-31 15:00:00,52.98919850925678
2011-01-31 16:00:00,59.54011836901089
2011-01-31 17:00:00,59.44257346560796
2011-01-31 18:00:00,66.73851381296733
2011-01-31 19:00:00,92.6721911510323
2011-01-31 20:00:00,69.08102478317001
2011-01-31 21:00:00,74.03439855278106
2011-01-31 22:00:00,81.5877076435646
2011-01-31 23:00:00,83.48367113544774
2011-02-20 00:00:00,37.516083310094864
2011-02-20 01:00:00,36.40342400072513
2011-02-20 02:00:00,40.09841447762544
2011-02-20 03:00:00,39.907790444200984
2011-02-20 04:00:00,42.51331749264611
2011-02-20 06:00:00,41.70123285789638
2011-02-20 07:00:00,40.398997301212624
2011-02-20 08:00:00,44.4365260447356
2011-02-20 09:00:00,52.90898237271515
2011-02-20 10:00:00,60.69892596403551
2011-02-20 11:00:00,76.05893790268868
2011-02-20 12:00:00,84.33297963716701
2011-02-20 13:00:00,95.31909861243103
2011-02-20 14:00:00,114.37425995827664
2011-02-20 15:00:00,120.51044748166056
2011-02-20 16:00:00,125.75093431865861
2011-02-20 17:00:00,127.3798101316162
2011-02-20 18:00:00,122.23145262854685
2011-02-20 19:00:00,130.21178309659706
2011-02-20 20:00:00,128.26224869647524
2011-02-20 21:00:00,117.53161604155083
2011-02-20 22:00:00,124.1344451517727
2011-02-20 23:00:00,121.62614182726304
2011-02-21 00:00:00,36.81017260230511
2011-02-21 01:00:00,39.21346026382926
2011-02-21 02:00:00,41.7736554097718
2011-02-21 03:00:00,44.00679713167443
2011-02-21 04:00:00,45.09285676934729
2011-02-21 05:00:00,50.86206414367423
2011-02-21 06:00:00,77.8663745105318
2011-02-21 07:00:00,82.48982112019644
2011-02-21 08:00:00,50.67725995823141
2011-02-21 09:00:00,53.686307280824906
2011-02-21 10:00:00,56.556277157955876
2011-02-21 11:00:00,58.946068861124175
2011-02-21 12:00:00,58.16964512856269
2011-02-21 13:00:00,49.67631857438888
2011-02-21 14:00:00,59.84564415752812
2011-02-21 15:00:00,69.10849061829036
2011-02-21 16:00:00,62.605990472005985
2011-02-21 17:00:00,70.19612052373287
2011-02-21 18:00:00,59.64643880206529
2011-02-21 19:00:00,63.540676190614874
2011-02-21 20:00:00,69.60272018246081
2011-02-21 21:00:00,77.75040181744193
2011-02-21 22:00:00,77.61120800591944
2011-02-21 23:00:00,82.67834150218921
2011-02-22 06:00:00,22.435432739411088
2011-02-22 07:00:00,23.900212578020287
2011-02-22 08:00:00,25.177873375160733
2011-02-22 09:00:00,29.11494654315788
2011-02-22 10:00:00,33.93689060547577
2011-02-22 11:00:00,40.056955295466736
2011-02-22 12:00:00,48.63204540837434
2011-02-22 13:00:00,56.32776752484902
2011-02-22 14:00:00,60.67693889365039
2011-02-22 15:00:00,70.89424971068236
2011-02-22 16:00:00,70.97183941947834
2011-02-22 17:00:00,76.00791823031355
2011-02-22 18:00:00,83.01034881739857
2011-02-22 19:00:00,87.1050650776507
2011-02-22 20:00:00,92.30075617695613
2011-02-22 21:00:00,99.42746869767598
2011-02-22 22:00:00,100.80316211566283
2011-02-22 23:00:00,107.38446773388259
2011-02-23 00:00:00,22.1858974500839
2011-02-23 01:00:00,24.774330311734705
2011-02-23 02:00:00,24.5454137747474
2011-02-23 03:00:00,25.999073113409484
2011-02-23 05:00:00,29.345295414529637
2011-02-23 06:00:00,31.26121108152393
2011-02-23 07:00:00,32.31062356615384
2011-02-23 08:00:00,35.50994081766962
2011-02-23 09:00:00,42.26478473635085
2011-02-23 10:00:00,52.36972739075185
2011-02-23 11:00:00,59.75614033079934
2011-02-23 12:00:00,71.0838269874556
2011-02-23 13:00:00,87.65034487061146
2011-02-23 14:00:00,96.41942852298673
2011-02-23 15:00:00,110.4694488072123
2011-02-23 16:00:00,115.74585912446742
2011-02-23 17:00:00,125.36514668477629
2011-02-23 18:00:00,127.37614097162208
2011-02-23 19:00:00,119.64691113491394
2011-02-23 20:00:00,87.21201063945512
2011-02-23 21:00:00,104.08312775640066
2011-02-23 22:00:00,110.87857800903373
2011-02-23 23:00:00,107.65162356683787
2011-02-24 00:00:00,25.827318114269044
2011-02-24 01:00:00,26.127306845878362
2011-02-24 02:00:00,25.304915728064316
2011-02-24 03:00:00,26.949117357878958
2011-02-24 05:00:00,29.04204491286308
2011-02-24 06:00:00,31.106311111525198
2011-02-24 07:00:00,32.12511099926868
2011-02-24 08:00:00,38.038686992207545
2011-02-24 09:00:00,37.17730306226612
2011-02-24 10:00:00,43.7699195734956
2011-02-24 11:00:00,61.96085107751059
2011-02-24 12:00:00,74.49186035532632
2011-02-24 13:00:00,83.85048740865113
2011-02-24 14:00:00,96.6051170080694
2011-02-24 15:00:00,97.57855803790267
2011-02-24 16:00:00,88.69152443938964
2011-02-24 17:00:00,81.68243160314285
2011-02-24 18:00:00,71.781073684771
2011-02-24 19:00:00,67.92028781809405
2011-02-24 20:00:00,77.41694195358954
2011-02-24 21:00:00,86.77845011231756
2011-02-24 22:00:00,88.37009159913875
2011-02-24 23:00:00,87.25013277754093
2011-02-25 00:00:00,20.461634559357563
2011-02-25 01:00:00,21.215838723787066
2011-02-25 02:00:00,22.60099287627182
2011-02-25 03:00:00,26.460619202757428
2011-02-25 05:00:00,30.028568473377938
2011-02-25 06:00:00,31.547528452438502
2011-02-25 07:00:00,31.25159736707963
2011-02-25 08:00:00,37.13966202133485
2011-02-25 09:00:00,40.072816350433555
2011-02-25 10:00:00,51.82924630247582
2011-02-25 11:00:00,90.64595530312583
2011-02-25 12:00:00,109.71457943506961
2011-02-25 13:00:00,116.87769974679291
2011-02-25 14:00:00,142.35710559596095
2011-02-25 15:00:00,173.31118820148484
2011-02-25 16:00:00,107.89537515941856
2011-02-25 17:00:00,125.6302057788193
2011-02-25 18:00:00,123.8144310701213
2011-02-25 19:00:00,121.1856042115377
2011-02-25 20:00:00,139.212456671719
2011-02-25 21:00:00,135.09718443993896
2011-02-25 22:00:00,137.09562454919381
2011-02-25 23:00:00,142.06974507698772
2011-02-26 00:00:00,30.062587685842537
2011-02-26 01:00:00,32.73905008128446
2011-02-26 02:00:00,31.64294980266071
2011-02-26 03:00:00,33.774272682134
2011-02-26 04:00:00,33.218001487772774
2011-02-26 05:00:00,33.56740406805671
2011-02-26 06:00:00,38.79622130293816
2011-02-26 07:00:00,42.02045767553295
2011-02-26 08:00:00,43.66207368663912
2011-02-26 09:00:00,50.8331385644541
2011-02-26 10:00:00,63.03903528794334
2011-02-26 11:00:00,72.0522287291519
2011-02-26 12:00:00,78.23866700962559
2011-02-26 13:00:00,90.69113991404754
2011-02-26 14:00:00,103.92335012253969
2011-02-26 15:00:00,110.2420831900973
2011-02-26 16:00:00,115.49353875928497
2011-02-26 17:00:00,126.23818021618443
2011-02-26 18:00:00,124.24278447936538
2011-02-26 19:00:00,124.32419735143598
2011-02-26 20:00:00,116.78452235137549
2011-02-26 21:00:00,111.06090622644844
2011-02-26 22:00:00,105.5093036993162
2011-02-26 23:00:00,113.0087511357605
2011-02-27 00:00:00,21.3201621478419
2011-02-27 01:00:00,22.340985210102804
2011-02-27 02:00:00,23.670946755471128
2011-02-27 03:00:00,25.22380523090118
2011-02-27 04:00:00,25.453925835087514
2011-02-27 06:00:00,28.906226737442587
2011-02-27 07:00:00,30.77207012732941
2011-02-27 08:00:00,34.036361856263966
2011-02-27 09:00:00,38.25001270311014
2011-02-27 10:00:00,45.48092446881245
2011-02-27 11:00:00,65.1497079112144
2011-02-27 12:00:00,82.57397597957372
2011-02-27 13:00:00,94.89132417798743
2011-02-27 14:00:00,108.4659283502432
2011-02-27 15:00:00,125.74758574494733
2011-02-27 16:00:00,140.56676290650586
2011-02-27 17:00:00,122.21694452454088
2011-02-27 18:00:00,125.48205828121536
2011-02-27 19:00:00,130.72694261866266
2011-02-27 20:00:00,136.95620106985717
2011-02-27 21:00:00,133.09475845903805
2011-02-27 22:00:00,132.51318235057082
2011-02-27 23:00:00,134.48842952396862
2011-02-28 00:00:00,28.250947069332973
2011-02-28 01:00:00,23.31123342523965
2011-02-28 03:00:00,23.05579946057286
2011-02-28 05:00:00,27.636996652381065
2011-02-28 06:00:00,29.181520316823413
2011-02-28 07:00:00,33.27082086014987
2011-02-28 08:00:00,34.90563684033638
2011-02-28 09:00:00,53.778364129342144
2011-02-28 10:00:00,78.96051826490297
2011-02-28 11:00:00,91.49866987196945
2011-02-28 12:00:00,97.47249745286504
2011-02-28 13:00:00,58.83290777734823
2011-02-28 14:00:00,56.255275453660396
2011-02-28 15:00:00,59.92810825599714
2011-02-28 16:00:00,60.043121095482874
2011-02-28 17:00:00,65.54628673118704
2011-02-28 18:00:00,79.81910376821615
2011-02-28 19:00:00,101.92631711190467
2011-02-28 20:00:00,108.58095203975876
2011-02-28 21:00:00,100.68066172587854
2011-02-28 22:00:00,84.55130105110902
2011-02-28 23:00:00,101.69668216821391
2011-03-20 00:00:00,38.49245612610907
2011-03-20 01:00:00,37.08347375191883
2011-03-20 02:00:00,38.04960091938035
2011-03-20 03:00:00,37.062965125983354
2011-03-20 04:00:00,37.63193603923593
2011-03-20 05:00:00,38.037525804657086
2011-03-20 06:00:00,40.97600411781307
2011-03-20 07:00:00,41.36199116955738
2011-03-20 08:00:00,49.17666496199881
2011-03-20 09:00:00,56.981439625932325
2011-03-20 10:00:00,63.67037836578495
2011-03-20 11:00:00,80.10700622454165
2011-03-20 12:00:00,87.63236246738633
2011-03-20 13:00:00,100.8135500436958
2011-03-20 14:00:00,116.14845779614726
2011-03-20 15:00:00,125.32388328541606
2011-03-20 16:00:00,133.9628515257568
2011-03-20 17:00:00,148.24010552660317
2011-03-20 18:00:00,148.59909154465018
2011-03-20 19:00:00,136.71237736652324
2011-03-20 20:00:00,141.1900074594903
2011-03-20 21:00:00,128.8653220304366
2011-03-20 22:00:00,137.24354727662637
2011-03-20 23:00:00,131.53295735356852
2011-03-21 00:00:00,29.33426149297698
2011-03-21 01:00:00,31.051017219378544
2011-03-21 02:00:00,32.348883990983
2011-03-21 03:00:00,34.46089999806732
2011-03-21 05:00:00,35.76887876278385
2011-03-21 06:00:00,36.040184332370586
2011-03-21 07:00:00,34.522250928102
2011-03-21 08:00:00,38.4814791391852
2011-03-21 09:00:00,45.41784623896323
2011-03-21 10:00:00,60.024540897695566
2011-03-21 11:00:00,70.1127512104489
2011-03-21 12:00:00,71.63423927970881
2011-03-21 13:00:00,97.43602142954276
2011-03-21 14:00:00,110.6184950933311
2011-03-21 15:00:00,127.43060449691723
2011-03-21 16:00:00,128.36487863616424
2011-03-21 17:00:00,135.22702568308836
2011-03-21 18:00:00,126.38868298334236
2011-03-21 19:00:00,191.5854003889142
2011-03-21 20:00:00,173.5737444684483
2011-03-21 21:00:00,112.72191011560318
2011-03-21 22:00:00,129.2016497353789
2011-03-21 23:00:00,130.9033561773394
2011-03-22 00:00:00,31.114413091779348
2011-03-22 01:00:00,26.593628017674426
2011-03-22 02:00:00,30.761124285336674
2011-03-22 03:00:00,39.00666835359908
2011-03-22 04:00:00,37.42582185947058
2011-03-22 05:00:00,36.08440488383825
2011-03-22 06:00:00,42.05715436171594
2011-03-22 07:00:00,45.374799208386094
2011-03-22 08:00:00,62.60046902629755
2011-03-22 09:00:00,70.90543448989986
2011-03-22 10:00:00,79.71802687202248
2011-03-22 11:00:00,92.68947279793476
2011-03-22 12:00:00,103.83874737437351
2011-03-22 13:00:00,120.24207955106229
2011-03-22 14:00:00,137.3870375146842
2011-03-22 15:00:00,140.75450121648635
2011-03-22 16:00:00,143.40421612785445
2011-03-22 17:00:00,152.7668884237468
2011-03-22 18:00:00,152.78536207419094
2011-03-22 19:00:00,138.51455813815048
2011-03-22 20:00:00,153.4311406838091
2011-03-22 21:00:00,153.18436323260153
2011-03-22 22:00:00,149.22893256361814
2011-03-22 23:00:00,158.97189291991114
2011-03-23 00:00:00,27.791010385719876
2011-03-23 01:00:00,26.639384744809288
2011-03-23 02:00:00,28.378635069970375
2011-03-23 03:00:00,31.987328191073328
2011-03-23 05:00:00,29.679856218337953
2011-03-23 06:00:00,34.51322569605342
2011-03-23 07:00:00,32.93146381038115
2011-03-23 08:00:00,37.54473737673957
2011-03-23 09:00:00,42.78230921064858
2011-03-23 10:00:00,47.82414453350811
2011-03-23 11:00:00,47.09427452875552
2011-03-23 12:00:00,49.88335083419039
2011-03-23 13:00:00,49.94977722107464
2011-03-23 14:00:00,58.109598795701544
2011-03-23 15:00:00,71.93335799935738
2011-03-23 16:00:00,84.606877171036
2011-03-23 17:00:00,90.13074868834882
2011-03-23 18:00:00,84.03897476352648
2011-03-23 19:00:00,89.525768681023
2011-03-23 20:00:00,92.70530085418804
2011-03-23 21:00:00,75.01945500534227
2011-03-23 22:00:00,84.58926816537662
2011-03-23 23:00:00,84.96961368368207
2011-03-24 00:00:00,21.734355777797905
2011-03-24 01:00:00,20.756982209940603
2011-03-24 02:00:00,22.359667292220266
2011-03-24 03:00:00,22.448284835827796
2011-03-24 04:00:00,23.91390377087583
2011-03-24 05:00:00,27.694950467169434
2011-03-24 06:00:00,29.503117287340846
2011-03-24 07:00:00,26.927746364952608
2011-03-24 08:00:00,28.51411212169445
2011-03-24 09:00:00,34.375794440342666
2011-03-24 10:00:00,36.80972902749736
2011-03-24 11:00:00,48.0703443127346
2011-03-24 12:00:00,58.02149723444033
2011-03-24 13:00:00,62.733706099193526
2011-03-24 14:00:00,63.35007297864913
2011-03-24 15:00:00,69.38287326196013
2011-03-24 16:00:00,76.97288453636044
2011-03-24 17:00:00,77.86693779803528
2011-03-24 18:00:00,92.03570433641399
2011-03-24 19:00:00,111.71071864769317
2011-03-24 20:00:00,104.74717009723939
2011-03-24 21:00:00,102.63061272537803
2011-03-24 22:00:00,106.92035502478808
2011-03-24 23:00:00,109.13549832721512
2011-03-25 00:00:00,29.141335520247136
2011-03-25 01:00:00,26.42265679911316
2011-03-25 02:00:00,28.30074071065966
2011-03-25 03:00:00,29.82673023472924
2011-03-25 04:00:00,29.077384353887027
2011-03-25 05:00:00,31.1441624284795
2011-03-25 06:00:00,33.35411580956985
2011-03-25 07:00:00,44.50866183712421
2011-03-25 08:00:00,52.86031526393159
2011-03-25 09:00:00,59.58986739632458
2011-03-25 10:00:00,60.95290069989677
2011-03-25 11:00:00,80.17111629481995
2011-03-25 12:00:00,90.39064817150053
2011-03-25 13:00:00,98.79990739147952
2011-03-25 14:00:00,125.93945166394698
2011-03-25 15:00:00,115.304994331208
2011-03-25 16:00:00,125.36744689678038
2011-03-25 17:00:00,128.92526846435467
2011-03-25 18:00:00,131.33529837853956
2011-03-25 19:00:00,139.47123877642684
2011-03-25 20:00:00,138.54565302045614
2011-03-25 21:00:00,149.24859408117064
2011-03-25 22:00:00,159.13923379632794
2011-03-25 23:00:00,160.66156586271754
2011-03-26 00:00:00,38.00899736987841
2011-03-26 01:00:00,41.8915214782043
2011-03-26 02:00:00,38.52985874404559
2011-03-26 03:00:00,37.92507161177284
2011-03-26 04:00:00,43.72522399039637
2011-03-26 05:00:00,41.29518845142868
2011-03-26 06:00:00,40.67612179080961
2011-03-26 07:00:00,46.86343069044844
2011-03-26 08:00:00,55.39184102177168
2011-03-26 09:00:00,63.154078325617604
2011-03-26 10:00:00,70.59669815515869
2011-03-26 11:00:00,80.48964112004288
2011-03-26 12:00:00,91.85177424314848
2011-03-26 13:00:00,105.89932284927426
2011-03-26 14:00:00,122.00783550691644
2011-03-26 15:00:00,130.71783338504343
2011-03-26 16:00:00,148.16462589834987
2011-03-26 17:00:00,149.68421274027736
2011-03-26 18:00:00,156.35929205504792
2011-03-26 19:00:00,122.70945838200112
2011-03-26 20:00:00,130.7209972157882
2011-03-26 21:00:00,132.617891044885
2011-03-26 22:00:00,152.9000933849656
2011-03-26 23:00:00,153.0002846016589
2011-03-27 00:00:00,34.0253765801203
2011-03-27 01:00:00,30.996612233318476
2011-03-27 02:00:00,29.987326816869167
2011-03-27 03:00:00,26.484640124249445
2011-03-27 04:00:00,25.68255952334355
2011-03-27 06:00:00,24.534234096179834
2011-03-27 07:00:00,25.987231337869257
2011-03-27 08:00:00,39.78334713081705
2011-03-27 09:00:00,49.99145527464267
2011-03-27 10:00:00,51.740813042119584
2011-03-27 11:00:00,61.1568305636326
2011-03-27 12:00:00,72.04823600066372
2011-03-27 13:00:00,91.05645273982621
2011-03-27 14:00:00,103.26683477409149
2011-03-27 15:00:00,113.0882503581111
2011-03-27 16:00:00,116.75050348471525
2011-03-27 17:00:00,133.64541327650704
2011-03-27 18:00:00,131.44365774508518
2011-03-27 19:00:00,144.55654918092114
2011-03-27 20:00:00,137.81726292839244
2011-03-27 21:00:00,134.36985648657142
2011-03-27 22:00:00,143.14268734677563
2011-03-27 23:00:00,149.48551186150132
2011-03-28 00:00:00,27.276314085342783
2011-03-28 01:00:00,32.557222652523734
2011-03-28 02:00:00,34.29895210275819
2011-03-28 03:00:00,36.53828548710109
2011-03-28 05:00:00,38.68529154053835
2011-03-28 06:00:00,45.986545504577926
2011-03-28 07:00:00,52.76706392646475
2011-03-28 08:00:00,53.86132716770103
2011-03-28 09:00:00,58.08405356933915
2011-03-28 10:00:00,67.82752534948509
2011-03-28 11:00:00,74.08647333398498
2011-03-28 12:00:00,77.33286898920855
2011-03-28 13:00:00,95.80610928136527
2011-03-28 14:00:00,113.1211335802036
2011-03-28 15:00:00,120.70190168947698
2011-03-28 16:00:00,131.84195125889033
2011-03-28 17:00:00,141.98527404876273
2011-03-28 18:00:00,150.5175841346525
2011-03-28 19:00:00,147.11575171531103
2011-03-28 20:00:00,163.56416376038337
2011-03-28 21:00:00,178.0244601027597
2011-03-28 22:00:00,180.82778044767457
2011-03-28 23:00:00,183.8471665377243
2011-03-29 00:00:00,38.63902704974344
2011-03-29 01:00:00,37.637107287428876
2011-03-29 02:00:00,40.09438442482742
2011-03-29 03:00:00,42.712093948377955
2011-03-29 04:00:00,36.72605730449753
2011-03-29 05:00:00,44.36896610928982
2011-03-29 06:00:00,46.11603667034598
2011-03-29 07:00:00,49.39389730311069
2011-03-29 08:00:00,58.08982705833317
2011-03-29 09:00:00,73.67350339722577
2011-03-29 10:00:00,82.07737255764708
2011-03-29 11:00:00,92.07286187954729
2011-03-29 12:00:00,97.65040425009072
2011-03-29 13:00:00,105.73474765160191
2011-03-29 14:00:00,116.89975184219502
2011-03-29 15:00:00,134.44689838714723
2011-03-29 16:00:00,144.4792390379175
2011-03-29 17:00:00,161.23865310825045
2011-03-29 18:00:00,152.6631569989088
2011-03-29 19:00:00,156.94946487256522
2011-03-29 20:00:00,173.248253496126
2011-03-29 21:00:00,140.80456260257483
2011-03-29 22:00:00,139.52475552442013
2011-03-29 23:00:00,128.8443495516544
2011-03-30 00:00:00,29.700394878848456
2011-03-30 01:00:00,39.878792526961576
2011-03-30 02:00:00,33.7051954253937
2011-03-30 03:00:00,39.00204050949734
2011-03-30 04:00:00,38.2500031833929
2011-03-30 05:00:00,40.54655133633376
2011-03-30 06:00:00,46.1848991451909
2011-03-30 07:00:00,53.51685274143502
2011-03-30 08:00:00,54.99843106140646
2011-03-30 09:00:00,61.3881662248929
2011-03-30 10:00:00,67.16255679242452
2011-03-30 11:00:00,72.34830232953014
2011-03-30 12:00:00,75.80674362011365
2011-03-30 13:00:00,85.68891428686332
2011-03-30 14:00:00,92.28143137892783
2011-03-30 15:00:00,55.49286116681178
2011-03-30 16:00:00,55.56802423249401
2011-03-30 17:00:00,51.57760041819024
2011-03-30 18:00:00,59.10873070953266
2011-03-30 19:00:00,62.96786184530133
2011-03-30 20:00:00,61.408403875313354
2011-03-30 21:00:00,68.46867180479485
2011-03-30 22:00:00,68.9350454734338
2011-03-30 23:00:00,73.82659576538582
2011-03-31 00:00:00,17.61838544958752
2011-03-31 01:00:00,18.56023148231065
2011-03-31 02:00:00,19.77200453750344
2011-03-31 03:00:00,21.299433183610645
2011-03-31 04:00:00,22.944001911334343
2011-03-31 05:00:00,24.171448252863993
2011-03-31 06:00:00,26.031090040522685
2011-03-31 07:00:00,27.737742318865095
2011-03-31 08:00:00,28.760139659999965
2011-03-31 09:00:00,32.66050056328542
2011-03-31 10:00:00,34.792861605733535
2011-03-31 11:00:00,38.253317073466214
2011-03-31 12:00:00,40.75082573576669
2011-03-31 13:00:00,47.671381606978954
2011-03-31 14:00:00,50.783783291742786
2011-03-31 15:00:00,55.60563071815993
2011-03-31 16:00:00,61.998740235468794
2011-03-31 17:00:00,66.04655628479136
2011-03-31 18:00:00,68.43521609809399
2011-03-31 19:00:00,72.90326117463317
2011-03-31 20:00:00,68.71933606630373
2011-03-31 21:00:00,74.50643072076464
2011-03-31 22:00:00,78.43201747182398
2011-03-31 23:00:00,72.44245738532697
2011-04-20 00:00:00,29.59907344090535
2011-04-20 01:00:00,28.87935192072132
2011-04-20 02:00:00,30.76484675101552
2011-04-20 03:00:00,30.823890036114076
2011-04-20 04:00:00,30.927588868040402
2011-04-20 05:00:00,36.2471115955776
2011-04-20 06:00:00,39.620870057892084
2011-04-20 07:00:00,41.19289757343213
2011-04-20 08:00:00,97.43348183587086
2011-04-20 09:00:00,111.6224471387287
2011-04-20 10:00:00,96.1884413441141
2011-04-20 11:00:00,102.46845792434254
2011-04-20 12:00:00,172.80732529781716
2011-04-20 13:00:00,184.08968784461013
2011-04-20 14:00:00,227.9791956785867
2011-04-20 15:00:00,243.91810287365206
2011-04-20 16:00:00,259.8431943800666
2011-04-20 17:00:00,267.1874575944789
2011-04-20 18:00:00,313.12493100593525
2011-04-20 19:00:00,296.8581822496219
2011-04-20 20:00:00,288.2366472916336
2011-04-20 21:00:00,308.7586910474626
2011-04-20 22:00:00,296.763145134959
2011-04-20 23:00:00,321.95663438657675
2011-04-21 00:00:00,65.72332903413417
2011-04-21 01:00:00,60.58132108264006
2011-04-21 02:00:00,68.2097125614132
2011-04-21 03:00:00,60.427222817186376
2011-04-21 04:00:00,59.812885455966146
2011-04-21 05:00:00,63.84560147746467
2011-04-21 06:00:00,63.601834598788074
2011-04-21 07:00:00,75.332213040829
2011-04-21 08:00:00,75.82170763212144
2011-04-21 09:00:00,79.95835010269408
2011-04-21 10:00:00,94.53408208970214
2011-04-21 11:00:00,104.83150172733843
2011-04-21 12:00:00,114.3088152569077
2011-04-21 13:00:00,141.48137805028009
2011-04-21 14:00:00,158.2621795087743
2011-04-21 15:00:00,186.2927220212881
2011-04-21 16:00:00,198.13452153312062
2011-04-21 17:00:00,185.31586255688242
2011-04-21 18:00:00,215.13406180162085
2011-04-21 19:00:00,206.35859303892514
2011-04-21 20:00:00,196.2791919532379
2011-04-21 21:00:00,172.83155810157965
2011-04-21 22:00:00,194.3432054112273
2011-04-21 23:00:00,190.53927121401856
2011-04-22 00:00:00,36.854040504043525
2011-04-22 01:00:00,43.31830429190467
2011-04-22 02:00:00,46.925153065217316
2011-04-22 03:00:00,49.98883447185397
2011-04-22 04:00:00,51.03948896610798
2011-04-22 05:00:00,53.1728315326582
2011-04-22 06:00:00,57.9216524572212
2011-04-22 07:00:00,58.968885188770976
2011-04-22 08:00:00,62.12125183031527
2011-04-22 09:00:00,58.208655021907994
2011-04-22 10:00:00,66.29379793500071
2011-04-22 11:00:00,62.40618696522127
2011-04-22 12:00:00,58.628280933145355
2011-04-22 13:00:00,56.99857025514094
2011-04-22 14:00:00,61.049945504465725
2011-04-22 15:00:00,64.6842561270364
2011-04-22 16:00:00,67.38792106915754
2011-04-22 17:00:00,66.10668672706984
2011-04-22 18:00:00,70.42270518946248
2011-04-22 19:00:00,75.02051080970537
2011-04-22 20:00:00,85.03343140703339
2011-04-22 21:00:00,81.61002976146969
2011-04-22 22:00:00,79.97017509170617
2011-04-22 23:00:00,95.5850122012484
2011-04-23 00:00:00,22.377141231136765
2011-04-23 01:00:00,23.838115293986085
2011-04-23 02:00:00,24.137922270319542
2011-04-23 03:00:00,25.288116356440526
2011-04-23 04:00:00,27.494473017619434
2011-04-23 05:00:00,29.28955092929474
2011-04-23 06:00:00,33.55766787246256
2011-04-23 07:00:00,34.16439586967351
2011-04-23 08:00:00,40.17272715683642
2011-04-23 09:00:00,50.54889153687682
2011-04-23 10:00:00,59.99337864239508
2011-04-23 11:00:00,68.81028841262344
2011-04-23 12:00:00,97.02302926422105
2011-04-23 13:00:00,102.21351707775541
2011-04-23 14:00:00,126.68522879604834
2011-04-23 15:00:00,154.2483834483009
2011-04-23 16:00:00,158.02913192152056
2011-04-23 17:00:00,171.1872457936123
2011-04-23 18:00:00,153.44778004886862
2011-04-23 19:00:00,154.68356581854653
2011-04-23 20:00:00,142.53024678654634
2011-04-23 21:00:00,167.76194867018208
2011-04-23 22:00:00,193.12049486344677
2011-04-23 23:00:00,166.64462972861241
2011-04-24 00:00:00,40.102889058293
2011-04-24 01:00:00,38.661199110838304
2011-04-24 02:00:00,41.185337853860325
2011-04-24 03:00:00,39.65820123812852
2011-04-24 04:00:00,42.24743293621264
2011-04-24 05:00:00,45.00571215982897
2011-04-24 06:00:00,41.64600655188216
2011-04-24 07:00:00,44.365019439412734
2011-04-24 08:00:00,59.363542751046275
2011-04-24 09:00:00,73.25648127809949
2011-04-24 10:00:00,91.65597790527454
2011-04-24 11:00:00,123.38235851626337
2011-04-24 12:00:00,142.61122461334026
2011-04-24 13:00:00,171.3645267166053
2011-04-24 14:00:00,193.47139330616784
2011-04-24 15:00:00,173.16159935668114
2011-04-24 16:00:00,252.88933250820602
2011-04-24 17:00:00,191.73066051900187
2011-04-24 18:00:00,179.63692254727914
2011-04-24 19:00:00,144.38871852005994
2011-04-24 20:00:00,153.81566767978248
2011-04-24 21:00:00,125.20048272074263
2011-04-24 22:00:00,125.35190590160728
2011-04-24 23:00:00,129.86661075044577
2011-04-25 00:00:00,26.641683645730343
2011-04-25 01:00:00,33.34257797986058
2011-04-25 02:00:00,35.51947095800944
2011-04-25 03:00:00,33.77023491817133
2011-04-25 04:00:00,35.90180288535259
2011-04-25 05:00:00,34.23222938702234
2011-04-25 06:00:00,39.26315920909857
2011-04-25 07:00:00,44.879919744719864
2011-04-25 08:00:00,61.318161246850565
2011-04-25 09:00:00,74.8901965648233
2011-04-25 10:00:00,100.18235566444099
2011-04-25 11:00:00,106.72312964754632
2011-04-25 12:00:00,118.05554263138563
2011-04-25 13:00:00,146.96576868289455
2011-04-25 14:00:00,182.0302227719578
2011-04-25 15:00:00,204.0653484776816
2011-04-25 16:00:00,209.3134202206561
2011-04-25 17:00:00,218.06227798064384
2011-04-25 18:00:00,221.94400143079122
2011-04-25 19:00:00,225.32598106199399
2011-04-25 20:00:00,226.490537939916
2011-04-25 21:00:00,207.51037384185506
2011-04-25 22:00:00,207.84847224043384
2011-04-25 23:00:00,194.81390325003653
2011-04-26 00:00:00,54.437822298719446
2011-04-26 01:00:00,54.705135031424035
2011-04-26 02:00:00,47.03056129079236
2011-04-26 03:00:00,45.09324171882846
2011-04-26 04:00:00,51.90364036969694
2011-04-26 05:00:00,50.60530560116049
2011-04-26 06:00:00,55.31547616357175
2011-04-26 07:00:00,66.2113340865015
2011-04-26 08:00:00,70.53418483708931
2011-04-26 09:00:00,96.81284659917945
2011-04-26 10:00:00,111.52673479052332
2011-04-26 11:00:00,129.93422444979007
2011-04-26 12:00:00,151.35729825321812
2011-04-26 13:00:00,191.41570930755563
2011-04-26 14:00:00,177.81040454862318
2011-04-26 15:00:00,178.9457809603366
2011-04-26 16:00:00,198.84285749705919
2011-04-26 17:00:00,195.7217040467593
2011-04-26 18:00:00,206.86098697678088
2011-04-26 19:00:00,186.3330801000027
2011-04-26 20:00:00,194.12140830206803
2011-04-26 21:00:00,184.04430193661094
2011-04-26 22:00:00,163.0508309835585
2011-04-26 23:00:00,175.64684822315994
2011-04-27 00:00:00,43.31067448556119
2011-04-27 01:00:00,46.654771965600354
2011-04-27 02:00:00,45.48773412144092
2011-04-27 03:00:00,46.830232038541496
2011-04-27 04:00:00,46.236728846002734
2011-04-27 05:00:00,47.5995542774003
2011-04-27 06:00:00,53.05856963890036
2011-04-27 07:00:00,60.31086562518764
2011-04-27 08:00:00,65.33258046960465
2011-04-27 09:00:00,73.41791431491846
2011-04-27 10:00:00,82.6670089559249
2011-04-27 11:00:00,96.22072338904867
2011-04-27 12:00:00,113.17587216823755
2011-04-27 13:00:00,114.89615311023738
2011-04-27 14:00:00,138.92442321267256
2011-04-27 15:00:00,182.2056826394146
2011-04-27 16:00:00,177.27304013556727
2011-04-27 17:00:00,137.70559967522794
2011-04-27 18:00:00,146.6962168124465
2011-04-27 19:00:00,163.68361077794958
2011-04-27 20:00:00,168.9059291604388
2011-04-27 21:00:00,161.9301240860597
2011-04-27 22:00:00,167.6395783872379
2011-04-27 23:00:00,180.5833410577195
2011-04-28 00:00:00,53.05437329696486
2011-04-28 01:00:00,49.99011253006772
2011-04-28 02:00:00,54.45468749366061
2011-04-28 03:00:00,61.98517343213288
2011-04-28 04:00:00,61.111066691879905
2011-04-28 05:00:00,64.38035491491068
2011-04-28 06:00:00,77.0531695383869
2011-04-28 07:00:00,81.62833073865549
2011-04-28 08:00:00,90.23476085396
2011-04-28 09:00:00,72.34742512122736
2011-04-28 10:00:00,79.30650183667503
2011-04-28 11:00:00,90.491224489538
2011-04-28 12:00:00,102.09525597877838
2011-04-28 13:00:00,103.26615253162622
2011-04-28 14:00:00,115.1093624429596
2011-04-28 15:00:00,156.93005104450688
2011-04-28 16:00:00,137.5815359277093
2011-04-28 17:00:00,221.60318428291038
2011-04-28 18:00:00,236.07136416067132
2011-04-28 19:00:00,251.2471240173502
2011-04-28 20:00:00,229.798329103995
2011-04-28 21:00:00,221.17878836419862
2011-04-28 22:00:00,232.02464347441705
2011-04-28 23:00:00,255.76614271968702
2011-04-29 00:00:00,67.19504982884213
2011-04-29 01:00:00,60.30150370231926
2011-04-29 02:00:00,49.80838859360316
2011-04-29 03:00:00,54.99389529178074
2011-04-29 04:00:00,64.70765752671856
2011-04-29 05:00:00,71.843019081678
2011-04-29 06:00:00,88.94737597753499
2011-04-29 07:00:00,98.08518370436424
2011-04-29 08:00:00,116.29427438236088
2011-04-29 09:00:00,125.2782499693046
2011-04-29 10:00:00,134.77295765879492
2011-04-29 11:00:00,165.14529225988557
2011-04-29 12:00:00,157.7642411338913
2011-04-29 13:00:00,169.00236855641677
2011-04-29 14:00:00,214.13620627835124
2011-04-29 15:00:00,177.69323374878797
2011-04-29 16:00:00,182.7360166648661
2011-04-29 17:00:00,183.9097135637362
2011-04-29 18:00:00,196.53327935567404
2011-04-29 19:00:00,172.38062254661725
2011-04-29 20:00:00,197.0168594230811
2011-04-29 21:00:00,193.90269379821973
2011-04-29 22:00:00,176.4825741496655
2011-04-29 23:00:00,188.97757949758193
2011-04-30 00:00:00,47.533862092842085
2011-04-30 01:00:00,48.972554854027614
2011-04-30 02:00:00,53.346252596215365
2011-04-30 03:00:00,54.15711925807731
2011-04-30 04:00:00,58.340869832710595
2011-04-30 05:00:00,69.1449034308819
2011-04-30 06:00:00,65.50855551668045
2011-04-30 07:00:00,75.62714389248683
2011-04-30 08:00:00,77.91321725699312
2011-04-30 09:00:00,94.25756699424039
2011-04-30 10:00:00,117.53009446355645
2011-04-30 11:00:00,131.14878131890302
2011-04-30 12:00:00,146.60448182697738
2011-04-30 13:00:00,161.66556206800323
2011-04-30 14:00:00,167.4881484236629
2011-04-30 15:00:00,182.7744193851702
2011-04-30 16:00:00,206.60090129991517
2011-04-30 17:00:00,194.9430085366132
2011-04-30 18:00:00,200.15105150820438
2011-04-30 19:00:00,213.21864990627967
2011-04-30 20:00:00,155.14716705698333
2011-04-30 21:00:00,165.27652114442188
2011-04-30 22:00:00,165.34561660913343
2011-04-30 23:00:00,176.14081402852685
2011-05-20 00:00:00,31.67733883902594
2011-05-20 01:00:00,30.67183462399211
2011-05-20 02:00:00,32.56295732978496
2011-05-20 03:00:00,33.547277318478486
2011-05-20 04:00:00,39.318853075339455
2011-05-20 05:00:00,42.119679661848494
2011-05-20 06:00:00,49.534963647322606
2011-05-20 07:00:00,65.09387153967012
2011-05-20 08:00:00,77.07572911112183
2011-05-20 09:00:00,89.26956526910622
2011-05-20 10:00:00,101.69494963117765
2011-05-20 11:00:00,111.9717809835128
2011-05-20 12:00:00,141.14154215330424
2011-05-20 13:00:00,145.3071096412627
2011-05-20 14:00:00,174.42127791093068
2011-05-20 15:00:00,166.86795931250907
2011-05-20 16:00:00,181.33333309168296
2011-05-20 17:00:00,193.94694276378527
2011-05-20 18:00:00,208.74997014467021
2011-05-20 19:00:00,179.32312026790336
2011-05-20 20:00:00,192.09696598155435
2011-05-20 21:00:00,197.2069314279792
2011-05-20 22:00:00,177.42223476913918
2011-05-20 23:00:00,195.6747255440305
2011-05-21 00:00:00,42.99058252308788
2011-05-21 01:00:00,46.38118519319554
2011-05-21 02:00:00,51.375958210554145
2011-05-21 03:00:00,45.83957110949934
2011-05-21 04:00:00,44.723280447854876
2011-05-21 05:00:00,47.115863362512236
2011-05-21 06:00:00,58.14245919911052
2011-05-21 07:00:00,73.19906916888195
2011-05-21 08:00:00,90.08649055285385
2011-05-21 09:00:00,110.80875155774585
2011-05-21 10:00:00,118.80429491294602
2011-05-21 11:00:00,144.23595446023225
2011-05-21 12:00:00,153.78525837106804
2011-05-21 13:00:00,182.63621829817512
2011-05-21 14:00:00,208.2296205133176
2011-05-21 15:00:00,236.42364531125438
2011-05-21 16:00:00,256.10334927693265
2011-05-21 17:00:00,255.79598898313554
2011-05-21 18:00:00,254.60841578168646
2011-05-21 19:00:00,272.4942552930354
2011-05-21 20:00:00,215.05744990716698
2011-05-21 21:00:00,238.21690871581876
2011-05-21 22:00:00,227.65903934595423
2011-05-21 23:00:00,202.47090125519676
2011-05-22 00:00:00,38.64608300446977
2011-05-22 01:00:00,36.87353253603595
2011-05-22 02:00:00,38.846173698878324
2011-05-22 03:00:00,37.48068701138789
2011-05-22 04:00:00,38.39936795329239
2011-05-22 05:00:00,42.53458196599656
2011-05-22 06:00:00,50.028502102607035
2011-05-22 07:00:00,58.84273235908176
2011-05-22 08:00:00,84.12154439679229
2011-05-22 09:00:00,97.45826648962341
2011-05-22 10:00:00,111.62684587650772
2011-05-22 11:00:00,152.19977437218364
2011-05-22 12:00:00,165.8566210042771
2011-05-22 13:00:00,155.0352961113094
2011-05-22 14:00:00,126.27059385713925
2011-05-22 15:00:00,160.0473898801428
2011-05-22 16:00:00,183.06986418023055
2011-05-22 17:00:00,218.24291123721198
2011-05-22 18:00:00,207.02353336581817
2011-05-22 19:00:00,218.09062541797252
2011-05-22 20:00:00,212.46716137811075
2011-05-22 21:00:00,203.050531184609
2011-05-22 22:00:00,180.75410207007832
2011-05-22 23:00:00,177.3589197367614
2011-05-23 00:00:00,35.72720901553253
2011-05-23 01:00:00,39.3838285251461
2011-05-23 02:00:00,39.18306544758869
2011-05-23 03:00:00,37.80996249565767
2011-05-23 04:00:00,39.63914479841151
2011-05-23 05:00:00,42.22713232665869
2011-05-23 06:00:00,42.27820374872305
2011-05-23 07:00:00,51.70042298678236
2011-05-23 08:00:00,67.12119562779267
2011-05-23 09:00:00,72.3064481786098
2011-05-23 10:00:00,105.78368527920681
2011-05-23 11:00:00,127.33198295714588
2011-05-23 12:00:00,135.64532032897748
2011-05-23 13:00:00,174.78928260660408
2011-05-23 14:00:00,182.08914026524968
2011-05-23 15:00:00,188.64730719987637
2011-05-23 16:00:00,190.06414940959843
2011-05-23 17:00:00,184.2013837484784
2011-05-23 18:00:00,191.07392070694178
2011-05-23 19:00:00,199.06040600800821
2011-05-23 20:00:00,164.38121856602527
2011-05-23 21:00:00,164.5800287179412
2011-05-23 22:00:00,157.76003266803957
2011-05-23 23:00:00,171.87042138857856
2011-05-24 00:00:00,34.40406207380342
2011-05-24 01:00:00,36.24459278372235
2011-05-24 02:00:00,39.043104994228266
2011-05-24 03:00:00,40.78636112360543
2011-05-24 04:00:00,49.351147037544465
2011-05-24 05:00:00,48.93854829997388
2011-05-24 06:00:00,50.98407599526162
2011-05-24 07:00:00,68.41679179247907
2011-05-24 08:00:00,67.45450658832507
2011-05-24 09:00:00,87.01878767005081
2011-05-24 10:00:00,128.98852818928376
2011-05-24 11:00:00,155.140249618806
2011-05-24 12:00:00,193.99292771875724
2011-05-24 13:00:00,201.84948526478627
2011-05-24 14:00:00,217.44277958204327
2011-05-24 15:00:00,191.4519293395752
2011-05-24 16:00:00,153.30214910754253
2011-05-24 17:00:00,184.71570145615138
2011-05-24 18:00:00,185.38526743782504
2011-05-24 19:00:00,175.99413826338812
2011-05-24 20:00:00,180.31462679034118
2011-05-24 21:00:00,174.63898833441215
2011-05-24 22:00:00,152.65920428605148
2011-05-24 23:00:00,204.72126975943561
2011-05-25 00:00:00,39.55708396557915
2011-05-25 01:00:00,40.16284315878437
2011-05-25 02:00:00,35.81365708275897
2011-05-25 03:00:00,38.021254099211404
2011-05-25 04:00:00,40.05529547633455
2011-05-25 05:00:00,49.84392090878163
2011-05-25 06:00:00,49.90420442276458
2011-05-25 07:00:00,76.31882974055819
2011-05-25 08:00:00,90.92014426417738
2011-05-25 09:00:00,103.36825053318371
2011-05-25 10:00:00,119.0784474162178
2011-05-25 11:00:00,148.9214794132712
2011-05-25 12:00:00,157.41409800155563
2011-05-25 13:00:00,167.69145702305067
2011-05-25 14:00:00,180.64597231656225
2011-05-25 15:00:00,212.98552076868776
2011-05-25 16:00:00,219.6657464114532
2011-05-25 17:00:00,228.8473094859535
2011-05-25 18:00:00,222.27626428616497
2011-05-25 19:00:00,213.9388698282736
2011-05-25 20:00:00,230.4660943528119
2011-05-25 21:00:00,207.59572816017447
2011-05-25 22:00:00,231.23491521039395
2011-05-25 23:00:00,217.85842226828467
2011-05-26 00:00:00,52.26766294241985
2011-05-26 01:00:00,55.680149778690584
2011-05-26 02:00:00,50.122700142628226
2011-05-26 03:00:00,47.77903863015328
2011-05-26 04:00:00,49.223313555428675
2011-05-26 05:00:00,51.81872155433191
2011-05-26 06:00:00,46.342841856281936
2011-05-26 07:00:00,59.949368279338714
2011-05-26 08:00:00,77.07607398307083
2011-05-26 09:00:00,113.56786048043344
2011-05-26 10:00:00,116.98003797457277
2011-05-26 11:00:00,142.52831118903524
2011-05-26 12:00:00,185.85086389775577
2011-05-26 13:00:00,225.36188939922656
2011-05-26 14:00:00,240.07547018088852
2011-05-26 15:00:00,255.7068132765733
2011-05-26 16:00:00,261.6818072175209
2011-05-26 17:00:00,287.7178356815328
2011-05-26 18:00:00,311.6743302777914
2011-05-26 19:00:00,314.610249932192
2011-05-26 20:00:00,253.48414501143802
2011-05-26 21:00:00,256.2628306320706
2011-05-26 22:00:00,254.9981212473137
2011-05-26 23:00:00,277.7717892841524
2011-05-27 00:00:00,66.60161048310589
2011-05-27 01:00:00,83.87459501320042
2011-05-27 02:00:00,81.19115368255419
2011-05-27 03:00:00,76.06138136897759
2011-05-27 04:00:00,76.19097890263923
2011-05-27 05:00:00,89.44378452443667
2011-05-27 06:00:00,85.0329925061757
2011-05-27 07:00:00,89.37044924866318
2011-05-27 08:00:00,102.22465293685256
2011-05-27 09:00:00,128.68243326717933
2011-05-27 10:00:00,165.72855904035544
2011-05-27 11:00:00,169.44243781768665
2011-05-27 12:00:00,185.22735092394902
2011-05-27 13:00:00,185.51120961320285
2011-05-27 14:00:00,216.30080885192154
2011-05-27 15:00:00,257.23790520893897
2011-05-27 16:00:00,246.6654041346099
2011-05-27 17:00:00,256.876315649299
2011-05-27 18:00:00,237.86104136026847
2011-05-27 19:00:00,159.00616007153795
2011-05-27 20:00:00,191.51459263708122
2011-05-27 21:00:00,174.4565981018776
2011-05-27 22:00:00,201.28846199078728
2011-05-27 23:00:00,183.22585469858785
2011-05-28 00:00:00,43.34721245828742
2011-05-28 01:00:00,47.218515595811084
2011-05-28 02:00:00,45.558731676062976
2011-05-28 03:00:00,52.21933594242751
2011-05-28 04:00:00,56.25128769124194
2011-05-28 05:00:00,59.26058997206319
2011-05-28 06:00:00,69.75650562092156
2011-05-28 07:00:00,77.10261915743693
2011-05-28 08:00:00,89.26887483591345
2011-05-28 09:00:00,106.25976197409332
2011-05-28 10:00:00,135.83927434522994
2011-05-28 11:00:00,144.70804156105766
2011-05-28 12:00:00,173.8970456032655
2011-05-28 13:00:00,178.76971990048293
2011-05-28 14:00:00,202.49304915606183
2011-05-28 15:00:00,222.50953212246742
2011-05-28 16:00:00,251.5158852040874
2011-05-28 17:00:00,259.6474099103146
2011-05-28 18:00:00,248.00722660164635
2011-05-28 19:00:00,237.3455745859577
2011-05-28 20:00:00,255.68101594000572
2011-05-28 21:00:00,237.01194692044166
2011-05-28 22:00:00,231.656975775772
2011-05-28 23:00:00,219.5913377595844
2011-05-29 00:00:00,49.21461101310545
2011-05-29 01:00:00,46.92020544446486
2011-05-29 02:00:00,48.88137068207971
2011-05-29 03:00:00,52.0727709590584
2011-05-29 04:00:00,53.167225178974256
2011-05-29 05:00:00,52.91288787140507
2011-05-29 06:00:00,62.20781425372248
2011-05-29 07:00:00,67.76354189666307
2011-05-29 08:00:00,71.38872079577482
2011-05-29 09:00:00,71.06545025614268
2011-05-29 10:00:00,93.42805946649976
2011-05-29 11:00:00,101.77204098765189
2011-05-29 12:00:00,129.6034245934458
2011-05-29 13:00:00,159.7466120923533
2011-05-29 14:00:00,176.5893925423331
2011-05-29 15:00:00,189.16850477076815
2011-05-29 16:00:00,200.40070207718603
2011-05-29 17:00:00,213.48459983192578
2011-05-29 18:00:00,213.88730946477656
2011-05-29 19:00:00,225.3213261881388
2011-05-29 20:00:00,211.22159113888227
2011-05-29 21:00:00,202.30878810273333
2011-05-29 22:00:00,186.6017858056652
2011-05-29 23:00:00,201.01716349353245
2011-05-30 00:00:00,41.09923559117264
2011-05-30 01:00:00,42.817096614380496
2011-05-30 02:00:00,46.641055551126705
2011-05-30 03:00:00,49.68618860544618
2011-05-30 04:00:00,50.44894452664106
2011-05-30 05:00:00,50.22850082792756
2011-05-30 06:00:00,55.20999715224092
2011-05-30 07:00:00,56.878896669636944
2011-05-30 08:00:00,70.01913084928178
2011-05-30 09:00:00,108.3610535900427
2011-05-30 10:00:00,173.1577534800907
2011-05-30 11:00:00,179.57474913308738
2011-05-30 12:00:00,225.5267620411794
2011-05-30 13:00:00,242.32032487695545
2011-05-30 14:00:00,272.7673355765429
2011-05-30 15:00:00,319.456662801801
2011-05-30 16:00:00,345.4460648714392
2011-05-30 17:00:00,338.4658627857377
2011-05-30 18:00:00,352.613019174479
2011-05-30 19:00:00,168.47206138758241
2011-05-30 20:00:00,262.4402762868103
2011-05-30 21:00:00,250.253718396633
2011-05-30 22:00:00,253.54148904134144
2011-05-30 23:00:00,225.70078453777555
2011-05-31 00:00:00,52.92901853406236
2011-05-31 01:00:00,48.17943643339502
2011-05-31 02:00:00,44.123359095840655
2011-05-31 03:00:00,42.35998618453021
2011-05-31 04:00:00,58.72331301515005
2011-05-31 05:00:00,62.55728073754785
2011-05-31 06:00:00,73.29970704399437
2011-05-31 07:00:00,102.05630195938419
2011-05-31 08:00:00,129.41550266307084
2011-05-31 09:00:00,149.1010984407731
2011-05-31 10:00:00,165.90261839569288
2011-05-31 11:00:00,195.27825713509392
2011-05-31 12:00:00,218.72871124341015
2011-05-31 13:00:00,275.56816842507425
2011-05-31 14:00:00,277.1486036261026
2011-05-31 15:00:00,313.9168518070141
2011-05-31 16:00:00,329.4435104895412
2011-05-31 17:00:00,285.8555276597059
2011-05-31 18:00:00,301.13683112696384
2011-05-31 19:00:00,248.7836003931312
2011-05-31 20:00:00,265.02635382094104
2011-05-31 21:00:00,261.08245650436567
2011-05-31 22:00:00,258.5662176136155
2011-05-31 23:00:00,239.24205328188123
2011-06-20 00:00:00,47.88699360056769
2011-06-20 01:00:00,44.182092673944624
2011-06-20 02:00:00,47.06668328238308
2011-06-20 03:00:00,44.28700956790954
2011-06-20 04:00:00,48.843080201545824
2011-06-20 05:00:00,55.11257254820032
2011-06-20 06:00:00,60.601407566025856
2011-06-20 07:00:00,54.35866542061418
2011-06-20 08:00:00,60.98009235051376
2011-06-20 09:00:00,80.15630236463929
2011-06-20 10:00:00,85.38960171771735
2011-06-20 11:00:00,86.03413661663335
2011-06-20 12:00:00,106.15663908019769
2011-06-20 13:00:00,125.81970415548535
2011-06-20 14:00:00,144.94213598394364
2011-06-20 15:00:00,156.1333870427786
2011-06-20 16:00:00,186.79577871183838
2011-06-20 17:00:00,195.05690614179457
2011-06-20 18:00:00,212.4947231869107
2011-06-20 19:00:00,199.49743875569118
2011-06-20 20:00:00,203.9121267247684
2011-06-20 21:00:00,196.44810334580916
2011-06-20 22:00:00,204.50958002161272
2011-06-20 23:00:00,210.95144158393077
2011-06-21 00:00:00,44.24823123294379
2011-06-21 01:00:00,43.051922526740036
2011-06-21 02:00:00,42.82309447492008
2011-06-21 03:00:00,45.61895788180379
2011-06-21 04:00:00,44.74728707283427
2011-06-21 05:00:00,48.20230807438295
2011-06-21 06:00:00,51.34937324855968
2011-06-21 07:00:00,47.26800561935498
2011-06-21 08:00:00,59.79337443762944
2011-06-21 09:00:00,67.34756106087782
2011-06-21 10:00:00,76.66955901689656
2011-06-21 11:00:00,89.1943380367167
2011-06-21 12:00:00,116.14730106686197
2011-06-21 13:00:00,144.70460308536437
2011-06-21 14:00:00,170.45595822739412
2011-06-21 15:00:00,199.88489576465668
2011-06-21 16:00:00,222.23321053577442
2011-06-21 17:00:00,212.2395917647217
2011-06-21 18:00:00,198.64842364380814
2011-06-21 19:00:00,193.5046469205279
2011-06-21 20:00:00,201.88549594341836
2011-06-21 21:00:00,219.00005856477776
2011-06-21 22:00:00,203.02355644208006
2011-06-21 23:00:00,227.75384799040407
2011-06-22 00:00:00,47.80794541566221
2011-06-22 01:00:00,49.80621630435125
2011-06-22 02:00:00,50.46221070773842
2011-06-22 03:00:00,56.52208533877498
2011-06-22 04:00:00,51.529204682486224
2011-06-22 05:00:00,51.591526455620645
2011-06-22 06:00:00,61.71397863227319
2011-06-22 07:00:00,76.31385676376682
2011-06-22 08:00:00,93.94397984530444
2011-06-22 09:00:00,97.17803907829442
2011-06-22 10:00:00,119.85438403371977
2011-06-22 11:00:00,123.48197975419514
2011-06-22 12:00:00,166.445407225014
2011-06-22 13:00:00,191.9153757144854
2011-06-22 14:00:00,211.84114714586752
2011-06-22 15:00:00,220.23910239665403
2011-06-22 16:00:00,235.22708584425132
2011-06-22 17:00:00,248.81396374363152
2011-06-22 18:00:00,245.98549857707172
2011-06-22 19:00:00,272.33369134248665
2011-06-22 20:00:00,210.5366087851426
2011-06-22 21:00:00,215.37385867044856
2011-06-22 22:00:00,213.6936773835365
2011-06-22 23:00:00,230.2019602796125
2011-06-23 00:00:00,57.790051858329946
2011-06-23 01:00:00,64.8294558373307
2011-06-23 02:00:00,69.06208557804064
2011-06-23 03:00:00,68.76030916371649
2011-06-23 04:00:00,65.17899244544256
2011-06-23 05:00:00,81.65030019125183
2011-06-23 06:00:00,86.98114069367014
2011-06-23 07:00:00,87.57034105592453
2011-06-23 08:00:00,101.42780900226049
2011-06-23 09:00:00,105.66727665288947
2011-06-23 10:00:00,123.8126135195739
2011-06-23 11:00:00,131.7997390474901
2011-06-23 12:00:00,148.5652486481717
2011-06-23 13:00:00,162.16896739762424
2011-06-23 14:00:00,169.53866758179174
2011-06-23 15:00:00,206.33706395460322
2011-06-23 16:00:00,186.80612668274608
2011-06-23 17:00:00,183.62501352594902
2011-06-23 18:00:00,209.29956968731238
2011-06-23 19:00:00,218.04784852433383
2011-06-23 20:00:00,204.29410909521468
2011-06-23 21:00:00,215.2152912154833
2011-06-23 22:00:00,221.56702725521694
2011-06-23 23:00:00,252.54665783787996
2011-06-24 00:00:00,55.72521184755592
2011-06-24 01:00:00,56.74959798268451
2011-06-24 02:00:00,60.45470445153329
2011-06-24 03:00:00,60.57072792401702
2011-06-24 04:00:00,62.75225804986042
2011-06-24 05:00:00,59.53314361646018
2011-06-24 06:00:00,72.41269321576459
2011-06-24 07:00:00,76.23081250963712
2011-06-24 08:00:00,103.86942405725217
2011-06-24 09:00:00,128.23609282103686
2011-06-24 10:00:00,196.4089233949289
2011-06-24 11:00:00,220.27695546527252
2011-06-24 12:00:00,223.71662232757137
2011-06-24 13:00:00,245.4334222920282
2011-06-24 14:00:00,239.68176105391728
2011-06-24 15:00:00,313.725186738587
2011-06-24 16:00:00,323.55299627037124
2011-06-24 17:00:00,288.89085150039153
2011-06-24 18:00:00,312.9450159093653
2011-06-24 19:00:00,302.8989539841476
2011-06-24 20:00:00,293.7257360780104
2011-06-24 21:00:00,294.0362197073532
2011-06-24 22:00:00,297.9089514431362
2011-06-24 23:00:00,311.7792213162312
2011-06-25 00:00:00,77.73797100725245
2011-06-25 01:00:00,77.36841211629157
2011-06-25 02:00:00,79.64884246356176
2011-06-25 03:00:00,80.94911141714402
2011-06-25 04:00:00,86.23417222851292
2011-06-25 05:00:00,83.07764648422696
2011-06-25 06:00:00,98.96099578691886
2011-06-25 07:00:00,107.79911920375973
2011-06-25 08:00:00,136.90397701062375
2011-06-25 09:00:00,153.4764796264223
2011-06-25 10:00:00,159.89147150004268
2011-06-25 11:00:00,169.5746813614895
2011-06-25 12:00:00,201.57331726684325
2011-06-25 13:00:00,214.73377352206762
2011-06-25 14:00:00,222.1830757445505
2011-06-25 15:00:00,211.71862967958634
2011-06-25 16:00:00,267.0813073577049
2011-06-25 17:00:00,269.4532045876388
2011-06-25 18:00:00,271.1737496441894
2011-06-25 19:00:00,288.0528541434027
2011-06-25 20:00:00,285.9828423524752
2011-06-25 21:00:00,281.5044028387021
2011-06-25 22:00:00,316.04425407863766
2011-06-25 23:00:00,312.56750220460714
2011-06-26 00:00:00,61.61412951546495
2011-06-26 01:00:00,68.24933278398836
2011-06-26 02:00:00,68.37807585852117
2011-06-26 03:00:00,65.30317800333238
2011-06-26 04:00:00,69.18066374525549
2011-06-26 05:00:00,71.27187153900383
2011-06-26 06:00:00,75.92511811119445
2011-06-26 07:00:00,85.11600683464572
2011-06-26 08:00:00,101.1495810593466
2011-06-26 09:00:00,113.66241444094135
2011-06-26 10:00:00,144.74109639960238
2011-06-26 11:00:00,158.1196303364878
2011-06-26 12:00:00,182.99632926423322
2011-06-26 13:00:00,183.34753219815912
2011-06-26 14:00:00,205.36525681719598
2011-06-26 15:00:00,208.07010912516924
2011-06-26 16:00:00,237.4340654545592
2011-06-26 17:00:00,230.369801849387
2011-06-26 18:00:00,246.002390823162
2011-06-26 19:00:00,247.14176691944513
2011-06-26 20:00:00,250.90770975346092
2011-06-26 21:00:00,251.2111689949005
2011-06-26 22:00:00,277.7870553510701
2011-06-26 23:00:00,296.6483957802718
2011-06-27 00:00:00,47.1613329822338
2011-06-27 01:00:00,45.499160587830275
2011-06-27 02:00:00,46.32179268142957
2011-06-27 03:00:00,49.346081483704495
2011-06-27 04:00:00,50.05043956809754
2011-06-27 05:00:00,55.32747520615601
2011-06-27 06:00:00,63.12334160767687
2011-06-27 07:00:00,75.13784918394268
2011-06-27 08:00:00,85.05269609829361
2011-06-27 09:00:00,110.65165890301152
2011-06-27 10:00:00,123.93952662153075
2011-06-27 11:00:00,116.10885143853329
2011-06-27 12:00:00,133.77035155713133
2011-06-27 13:00:00,148.65655471688277
2011-06-27 14:00:00,150.61450043444523
2011-06-27 15:00:00,166.06897797698397
2011-06-27 16:00:00,192.48280760510733
2011-06-27 17:00:00,207.34476206572623
2011-06-27 18:00:00,215.28190965875459
2011-06-27 19:00:00,219.37720684463565
2011-06-27 20:00:00,207.62253747395016
2011-06-27 21:00:00,212.71152819146877
2011-06-27 22:00:00,209.54613571957262
2011-06-27 23:00:00,223.22712678516123
2011-06-28 00:00:00,44.270400566638045
2011-06-28 01:00:00,49.747691581661876
2011-06-28 02:00:00,50.6471377944894
2011-06-28 03:00:00,53.95382267934612
2011-06-28 04:00:00,60.14158538615044
2011-06-28 05:00:00,60.44366154012797
2011-06-28 06:00:00,65.01307704082163
2011-06-28 07:00:00,73.90899990289412
2011-06-28 08:00:00,85.64221503733171
2011-06-28 09:00:00,101.39508147085196
2011-06-28 10:00:00,159.4105211165195
2011-06-28 11:00:00,170.9568482794001
2011-06-28 12:00:00,203.32884149962126
2011-06-28 13:00:00,202.06411100556335
2011-06-28 14:00:00,246.98492297295022
2011-06-28 15:00:00,249.62637968645998
2011-06-28 16:00:00,282.58399539149246
2011-06-28 17:00:00,236.66076755679862
2011-06-28 18:00:00,242.7199102006988
2011-06-28 19:00:00,241.30420283858183
2011-06-28 20:00:00,217.12114437410457
2011-06-28 21:00:00,250.95077193046956
2011-06-28 22:00:00,235.53206936282172
2011-06-28 23:00:00,249.51718109311713
2011-06-29 00:00:00,49.34619831491868
2011-06-29 01:00:00,55.31249607754856
2011-06-29 02:00:00,52.099404430371386
2011-06-29 03:00:00,50.727919093581015
2011-06-29 04:00:00,56.54571494887279
2011-06-29 05:00:00,59.01863840701908
2011-06-29 06:00:00,81.0957579701977
2011-06-29 07:00:00,105.63391691424039
2011-06-29 08:00:00,122.43255543834668
2011-06-29 09:00:00,142.71626083524626
2011-06-29 10:00:00,156.50449750419244
2011-06-29 11:00:00,178.82586219958685
2011-06-29 12:00:00,192.63333858388648
2011-06-29 13:00:00,236.78820272045098
2011-06-29 14:00:00,239.8979642600482
2011-06-29 15:00:00,264.95221939593637
2011-06-29 16:00:00,310.3038405652677
2011-06-29 17:00:00,344.52127601193746
2011-06-29 18:00:00,327.96491494508666
2011-06-29 19:00:00,315.35771082526026
2011-06-29 20:00:00,306.6835334298478
2011-06-29 21:00:00,305.0626001166466
2011-06-29 22:00:00,300.2741596421092
2011-06-29 23:00:00,297.746064674188
2011-06-30 00:00:00,65.99850777791168
2011-06-30 01:00:00,66.06827168930641
2011-06-30 02:00:00,66.19290048902333
2011-06-30 03:00:00,66.62549794862936
2011-06-30 04:00:00,61.686832353022
2011-06-30 05:00:00,68.71118965291538
2011-06-30 06:00:00,79.90951178594915
2011-06-30 07:00:00,88.59116870742018
2011-06-30 08:00:00,119.81006225003662
2011-06-30 09:00:00,137.11969861228968
2011-06-30 10:00:00,149.8767380712867
2011-06-30 11:00:00,167.7478436183943
2011-06-30 12:00:00,191.43472802924725
2011-06-30 13:00:00,210.5244983518152
2011-06-30 14:00:00,237.55700814462935
2011-06-30 15:00:00,270.726981109736
2011-06-30 16:00:00,288.09535268975617
2011-06-30 17:00:00,318.2482262596763
2011-06-30 18:00:00,307.8113518361998
2011-06-30 19:00:00,296.5110455594798
2011-06-30 20:00:00,315.86986098796524
2011-06-30 21:00:00,306.0617107542789
2011-06-30 22:00:00,305.13433348667365
2011-06-30 23:00:00,265.85675145299757
2011-07-20 00:00:00,48.398400836846704
2011-07-20 01:00:00,49.58468348033066
2011-07-20 02:00:00,52.82200212309618
2011-07-20 03:00:00,58.51038438043455
2011-07-20 04:00:00,57.39108032832853
2011-07-20 05:00:00,63.571504961010156
2011-07-20 06:00:00,60.82779757947213
2011-07-20 07:00:00,72.01398839133483
2011-07-20 08:00:00,93.74222902883248
2011-07-20 09:00:00,105.82011024162537
2011-07-20 10:00:00,115.05278308397537
2011-07-20 11:00:00,151.74767546870652
2011-07-20 12:00:00,169.0573940409484
2011-07-20 13:00:00,207.25582584508575
2011-07-20 14:00:00,238.95294124053297
2011-07-20 15:00:00,252.4859414076618
2011-07-20 16:00:00,233.04524866153466
2011-07-20 17:00:00,263.16895077215594
2011-07-20 18:00:00,283.49930187099926
2011-07-20 19:00:00,271.0837049841055
2011-07-20 20:00:00,261.97856485207626
2011-07-20 21:00:00,289.57067283390944
2011-07-20 22:00:00,286.7798725696517
2011-07-20 23:00:00,277.97281943845394
2011-07-21 00:00:00,62.32924670221643
2011-07-21 01:00:00,58.962862523751454
2011-07-21 02:00:00,62.81247011789254
2011-07-21 03:00:00,66.99662280490213
2011-07-21 04:00:00,65.69724685207275
2011-07-21 05:00:00,69.98653352457818
2011-07-21 06:00:00,74.55586207159865
2011-07-21 07:00:00,83.33905341294879
2011-07-21 08:00:00,99.7730773019903
2011-07-21 09:00:00,127.57068210730537
2011-07-21 10:00:00,150.33886956622058
2011-07-21 11:00:00,192.59510828288907
2011-07-21 12:00:00,238.10470148088734
2011-07-21 13:00:00,250.83333482269828
2011-07-21 14:00:00,296.5965170349211
2011-07-21 15:00:00,304.733085257505
2011-07-21 16:00:00,352.6762356376416
2011-07-21 17:00:00,383.17905800991434
2011-07-21 18:00:00,371.4792421099795
2011-07-21 19:00:00,329.91253971452505
2011-07-21 20:00:00,312.4821614483022
2011-07-21 21:00:00,313.0716165031789
2011-07-21 22:00:00,328.60981671903824
2011-07-21 23:00:00,326.1538646333421
2011-07-22 00:00:00,92.17310149728024
2011-07-22 01:00:00,87.00848487943516
2011-07-22 02:00:00,82.33978903602475
2011-07-22 03:00:00,88.89452184300359
2011-07-22 04:00:00,88.22028409209864
2011-07-22 05:00:00,85.44343539214096
2011-07-22 06:00:00,99.5602945071795
2011-07-22 07:00:00,124.59183289581713
2011-07-22 08:00:00,153.3109029065858
2011-07-22 09:00:00,178.38168527832124
2011-07-22 10:00:00,226.88421307895803
2011-07-22 11:00:00,242.35471197347462
2011-07-22 12:00:00,300.17490072605386
2011-07-22 13:00:00,320.6850524922035
2011-07-22 14:00:00,384.4744211599552
2011-07-22 15:00:00,382.6466664752672
2011-07-22 16:00:00,341.8721396611906
2011-07-22 17:00:00,340.40914300183266
2011-07-22 18:00:00,405.54156982200504
2011-07-22 19:00:00,359.823216778877
2011-07-22 20:00:00,334.93155740963556
2011-07-22 21:00:00,344.6834456291261
2011-07-22 22:00:00,390.3586297709642
2011-07-22 23:00:00,376.10657554931714
2011-07-23 00:00:00,90.76887357073305
2011-07-23 01:00:00,103.02396091324665
2011-07-23 02:00:00,105.54915874171118
2011-07-23 03:00:00,95.03554224122013
2011-07-23 04:00:00,96.466116509256
2011-07-23 05:00:00,106.47781324049602
2011-07-23 06:00:00,135.4294575126663
2011-07-23 07:00:00,142.67459255064549
2011-07-23 08:00:00,181.52972970708586
2011-07-23 09:00:00,187.02403411600284
2011-07-23 10:00:00,225.76624344290235
2011-07-23 11:00:00,266.8828186003967
2011-07-23 12:00:00,295.11792759623455
2011-07-23 13:00:00,330.1581295942448
2011-07-23 14:00:00,316.39941791177966
2011-07-23 15:00:00,352.38872080921413
2011-07-23 16:00:00,394.7061587404009
2011-07-23 17:00:00,420.47600370898994
2011-07-23 18:00:00,444.70739117202345
2011-07-23 19:00:00,299.07065031774266
2011-07-23 20:00:00,344.71511086122337
2011-07-23 21:00:00,367.22110619094434
2011-07-23 22:00:00,366.56368315199734
2011-07-23 23:00:00,377.65835323022964
2011-07-24 00:00:00,83.70047366949939
2011-07-24 01:00:00,79.93654197453402
2011-07-24 02:00:00,92.18546106951077
2011-07-24 03:00:00,98.20412834265458
2011-07-24 04:00:00,96.6378581957598
2011-07-24 05:00:00,102.37589313894311
2011-07-24 06:00:00,113.46093165522777
2011-07-24 07:00:00,131.77496753346836
2011-07-24 08:00:00,158.87471281142544
2011-07-24 09:00:00,175.9838730320126
2011-07-24 10:00:00,210.0300621978187
2011-07-24 11:00:00,203.28015093884687
2011-07-24 12:00:00,258.4913561830296
2011-07-24 13:00:00,247.64264198609126
2011-07-24 14:00:00,266.00131031227096
2011-07-24 15:00:00,327.7230349433148
2011-07-24 16:00:00,349.11964002816006
2011-07-24 17:00:00,356.7244740942866
2011-07-24 18:00:00,363.0745212879429
2011-07-24 19:00:00,353.95289129951425
2011-07-24 20:00:00,355.9712179240293
2011-07-24 21:00:00,311.73968788708515
2011-07-24 22:00:00,290.14036356661575
2011-07-24 23:00:00,277.69428108983243
2011-07-25 00:00:00,59.11487009279705
2011-07-25 01:00:00,62.88915870123943
2011-07-25 02:00:00,60.90964026760292
2011-07-25 03:00:00,65.6605947489889
2011-07-25 04:00:00,67.32351094044849
2011-07-25 05:00:00,71.71897425222696
2011-07-25 06:00:00,73.01566476646211
2011-07-25 07:00:00,80.81439488206468
2011-07-25 08:00:00,94.69195911256304
2011-07-25 09:00:00,129.02393313243752
2011-07-25 10:00:00,150.75010540953016
2011-07-25 11:00:00,174.14199364842491
2011-07-25 12:00:00,185.511494933031
2011-07-25 13:00:00,130.77633838908997
2011-07-25 14:00:00,130.38008168953817
2011-07-25 15:00:00,140.60510716474298
2011-07-25 16:00:00,140.87495370406847
2011-07-25 17:00:00,161.5407417099614
2011-07-25 18:00:00,184.62918865634185
2011-07-25 19:00:00,201.557712285285
2011-07-25 20:00:00,205.33765710536738
2011-07-25 21:00:00,177.7673041806807
2011-07-25 22:00:00,189.37349721257874
2011-07-25 23:00:00,208.60292170750196
2011-07-26 00:00:00,50.49699612447521
2011-07-26 01:00:00,53.79387845755027
2011-07-26 02:00:00,48.96668820683689
2011-07-26 03:00:00,52.7474969932005
2011-07-26 04:00:00,57.41291486340043
2011-07-26 05:00:00,54.84182599602574
2011-07-26 06:00:00,70.15845948493542
2011-07-26 07:00:00,99.76552911309025
2011-07-26 08:00:00,117.48855620376665
2011-07-26 09:00:00,150.78429607323193
2011-07-26 10:00:00,186.63362670344605
2011-07-26 11:00:00,191.71065032167732
2011-07-26 12:00:00,216.3515386815673
2011-07-26 13:00:00,247.22075659189923
2011-07-26 14:00:00,277.41710262927376
2011-07-26 15:00:00,318.3566430692054
2011-07-26 16:00:00,300.9565930824781
2011-07-26 17:00:00,329.6643029844848
2011-07-26 18:00:00,331.78170697053406
2011-07-26 19:00:00,321.46746722810536
2011-07-26 20:00:00,314.6654901370177
2011-07-26 21:00:00,309.7032674624511
2011-07-26 22:00:00,289.01457844501823
2011-07-26 23:00:00,300.20083905518686
2011-07-27 00:00:00,75.04284512137545
2011-07-27 01:00:00,87.25030254165713
2011-07-27 02:00:00,90.30187039044847
2011-07-27 03:00:00,79.86460516126455
2011-07-27 04:00:00,92.48860807448379
2011-07-27 05:00:00,95.18151218448835
2011-07-27 06:00:00,99.15989785419245
2011-07-27 07:00:00,117.93567923896993
2011-07-27 08:00:00,136.37732406586557
2011-07-27 09:00:00,159.34172427758875
2011-07-27 10:00:00,163.54694736260686
2011-07-27 11:00:00,184.56790819499045
2011-07-27 12:00:00,229.15709490073547
2011-07-27 13:00:00,260.47557907643136
2011-07-27 14:00:00,269.42043074621125
2011-07-27 15:00:00,307.41817702562753
2011-07-27 16:00:00,314.65871236775104
2011-07-27 17:00:00,326.915022466321
2011-07-27 18:00:00,319.7911566968191
2011-07-27 19:00:00,323.1538693878391
2011-07-27 20:00:00,289.7757403041999
2011-07-27 21:00:00,275.8502381104721
2011-07-27 22:00:00,277.01458290655506
2011-07-27 23:00:00,321.11624093931573
2011-07-28 00:00:00,69.54668488580822
2011-07-28 01:00:00,73.11808333612363
2011-07-28 02:00:00,78.51844751370093
2011-07-28 03:00:00,80.4429960497736
2011-07-28 04:00:00,79.87445654573682
2011-07-28 05:00:00,81.64200205683913
2011-07-28 06:00:00,82.1319387624829
2011-07-28 07:00:00,94.94576893122964
2011-07-28 08:00:00,109.38811926424438
2011-07-28 09:00:00,138.71282976316422
2011-07-28 10:00:00,165.251361115367
2011-07-28 11:00:00,194.04967648207833
2011-07-28 12:00:00,207.31131799450293
2011-07-28 13:00:00,239.7286637860462
2011-07-28 14:00:00,230.41144413559527
2011-07-28 15:00:00,262.34810997291487
2011-07-28 16:00:00,280.2878358289041
2011-07-28 17:00:00,278.14786789381907
2011-07-28 18:00:00,295.4610736689846
2011-07-28 19:00:00,290.7908402595245
2011-07-28 20:00:00,286.463537717533
2011-07-28 21:00:00,289.8704006176406
2011-07-28 22:00:00,277.6285267990994
2011-07-28 23:00:00,279.3350397884795
2011-07-29 00:00:00,63.6833614409903
2011-07-29 01:00:00,67.087755191785
2011-07-29 02:00:00,67.97136360870816
2011-07-29 03:00:00,72.40912436747051
2011-07-29 04:00:00,75.49287348836775
2011-07-29 05:00:00,76.48718516627882
2011-07-29 06:00:00,77.87008569573783
2011-07-29 07:00:00,92.1533405970488
2011-07-29 08:00:00,105.81055926113733
2011-07-29 09:00:00,202.1577283556777
2011-07-29 10:00:00,251.14283706284183
2011-07-29 11:00:00,289.85532702962905
2011-07-29 12:00:00,344.8588736333355
2011-07-29 13:00:00,313.12008806931414
2011-07-29 14:00:00,386.7074907035422
2011-07-29 15:00:00,416.56589306125886
2011-07-29 16:00:00,466.6076268189576
2011-07-29 17:00:00,480.7123412434874
2011-07-29 18:00:00,462.80209659125404
2011-07-29 19:00:00,433.9530755852331
2011-07-29 20:00:00,436.0741057747797
2011-07-29 21:00:00,385.35257562816764
2011-07-29 22:00:00,392.16839534255087
2011-07-29 23:00:00,367.03336997251694
2011-07-30 00:00:00,83.88983387112062
2011-07-30 01:00:00,85.94924941952796
2011-07-30 02:00:00,92.07173072394056
2011-07-30 03:00:00,89.90400704107796
2011-07-30 04:00:00,90.0735987104342
2011-07-30 05:00:00,96.26555733298787
2011-07-30 06:00:00,103.12290721109116
2011-07-30 07:00:00,120.58530546941097
2011-07-30 08:00:00,144.89773758530612
2011-07-30 09:00:00,192.2019185218355
2011-07-30 10:00:00,211.98182726763926
2011-07-30 11:00:00,233.32131088693686
2011-07-30 12:00:00,251.89506324825027
2011-07-30 13:00:00,280.28914478808014
2011-07-30 14:00:00,315.11499632684274
2011-07-30 15:00:00,351.6171269169317
2011-07-30 16:00:00,396.9199742599368
2011-07-30 17:00:00,396.1154580441268
2011-07-30 18:00:00,417.7357777484137
2011-07-30 19:00:00,329.9538211907736
2011-07-30 20:00:00,367.5837870153642
2011-07-30 21:00:00,364.7909483800402
2011-07-30 22:00:00,349.1088482920941
2011-07-30 23:00:00,345.5596100739604
2011-07-31 00:00:00,76.58642473242352
2011-07-31 01:00:00,73.1342303203007
2011-07-31 02:00:00,76.03346874402249
2011-07-31 03:00:00,78.3318245824214
2011-07-31 04:00:00,77.15753230085272
2011-07-31 05:00:00,83.04931184022091
2011-07-31 06:00:00,90.86122726987082
2011-07-31 07:00:00,113.2757308611346
2011-07-31 08:00:00,133.55953272391469
2011-07-31 09:00:00,152.46799709137355
2011-07-31 10:00:00,205.603405788004
2011-07-31 11:00:00,242.72138858942535
2011-07-31 12:00:00,290.3775948492354
2011-07-31 13:00:00,305.658846581187
2011-07-31 14:00:00,329.2716308751943
2011-07-31 15:00:00,400.3463353252669
2011-07-31 16:00:00,428.52549063818316
2011-07-31 17:00:00,441.1300919181081
2011-07-31 18:00:00,363.4614662401605
2011-07-31 19:00:00,310.1394944990292
2011-07-31 20:00:00,330.38809339949114
2011-07-31 21:00:00,321.8210464191354
2011-07-31 22:00:00,279.43115145522313
2011-07-31 23:00:00,301.7192146010788
2011-08-20 00:00:00,39.904203428176004
2011-08-20 01:00:00,47.24255943489763
2011-08-20 02:00:00,53.89922830417204
2011-08-20 03:00:00,57.41823789286863
2011-08-20 04:00:00,49.11368935397151
2011-08-20 05:00:00,58.632313000024595
2011-08-20 06:00:00,62.76298521336635
2011-08-20 07:00:00,69.04580483575903
2011-08-20 08:00:00,93.08564923622723
2011-08-20 09:00:00,111.27417236291512
2011-08-20 10:00:00,134.17732620096334
2011-08-20 11:00:00,140.8728862477258
2011-08-20 12:00:00,163.71799509800164
2011-08-20 13:00:00,186.68119025662656
2011-08-20 14:00:00,236.92269995545948
2011-08-20 15:00:00,264.0502141139088
2011-08-20 16:00:00,272.69843754141203
2011-08-20 17:00:00,286.423476874272
2011-08-20 18:00:00,264.0361924483978
2011-08-20 19:00:00,250.08628101329117
2011-08-20 20:00:00,269.405968548946
2011-08-20 21:00:00,258.9787292354422
2011-08-20 22:00:00,241.11118273546666
2011-08-20 23:00:00,262.83679499724053
2011-08-21 00:00:00,59.56605334349473
2011-08-21 01:00:00,57.7389273642238
2011-08-21 02:00:00,60.82554275399873
2011-08-21 03:00:00,59.57256148633973
2011-08-21 04:00:00,66.97443637405867
2011-08-21 05:00:00,64.23339760047655
2011-08-21 06:00:00,68.04736333639238
2011-08-21 07:00:00,83.25527404256671
2011-08-21 08:00:00,94.87141609339766
2011-08-21 09:00:00,112.31820531218919
2011-08-21 10:00:00,125.53602720234538
2011-08-21 11:00:00,175.12037673951747
2011-08-21 12:00:00,201.73566318016134
2011-08-21 13:00:00,214.11106112963807
2011-08-21 14:00:00,134.64902276982517
2011-08-21 15:00:00,143.42948465091828
2011-08-21 16:00:00,162.39981307739365
2011-08-21 17:00:00,171.08140425381444
2011-08-21 18:00:00,190.56265924789454
2011-08-21 19:00:00,219.04850873831057
2011-08-21 20:00:00,204.91650991153688
2011-08-21 21:00:00,218.29523880894368
2011-08-21 22:00:00,217.34136731953765
2011-08-21 23:00:00,252.29765566142095
2011-08-22 00:00:00,49.97231096990583
2011-08-22 01:00:00,51.772125923023395
2011-08-22 02:00:00,63.559068075725015
2011-08-22 03:00:00,65.43246864993132
2011-08-22 04:00:00,75.2138878514102
2011-08-22 05:00:00,82.09833141781768
2011-08-22 06:00:00,89.14138636946616
2011-08-22 07:00:00,96.02774464619893
2011-08-22 08:00:00,102.29726955078327
2011-08-22 09:00:00,118.22594658242858
2011-08-22 10:00:00,140.60139211512544
2011-08-22 11:00:00,179.5877363589279
2011-08-22 12:00:00,197.52619611600653
2011-08-22 13:00:00,227.84774801442396
2011-08-22 14:00:00,236.05396813815395
2011-08-22 15:00:00,243.1894576115342
2011-08-22 16:00:00,267.8834796470089
2011-08-22 17:00:00,287.87277173758366
2011-08-22 18:00:00,294.19833513469837
2011-08-22 19:00:00,294.2339116739644
2011-08-22 20:00:00,274.7335346245084
2011-08-22 21:00:00,275.2517820341461
2011-08-22 22:00:00,304.8935466453214
2011-08-22 23:00:00,303.52198691583106
2011-08-23 00:00:00,65.15001666575465
2011-08-23 01:00:00,58.749738232271504
2011-08-23 02:00:00,58.470447586734544
2011-08-23 03:00:00,64.40767256067771
2011-08-23 04:00:00,60.681813182384026
2011-08-23 05:00:00,65.36716848930877
2011-08-23 06:00:00,66.81368155785894
2011-08-23 07:00:00,95.33301924761844
2011-08-23 08:00:00,91.14938790802633
2011-08-23 09:00:00,107.53206173824607
2011-08-23 10:00:00,136.41945264215212
2011-08-23 11:00:00,155.87109377895354
2011-08-23 12:00:00,156.80648203827116
2011-08-23 13:00:00,191.28410948696313
2011-08-23 14:00:00,202.64192437239353
2011-08-23 15:00:00,217.78081642282956
2011-08-23 16:00:00,229.05187533016962
2011-08-23 17:00:00,247.14637658439977
2011-08-23 18:00:00,260.3583610170233
2011-08-23 19:00:00,216.40761180075148
2011-08-23 20:00:00,221.52115377493197
2011-08-23 21:00:00,201.87446765938648
2011-08-23 22:00:00,226.1170434020212
2011-08-23 23:00:00,227.25277280424916
2011-08-24 00:00:00,56.76359046904224
2011-08-24 01:00:00,55.874682923368965
2011-08-24 02:00:00,50.756227197727036
2011-08-24 03:00:00,54.070034385965336
2011-08-24 04:00:00,52.12817561280194
2011-08-24 05:00:00,55.53155550513543
2011-08-24 06:00:00,56.89267734640206
2011-08-24 07:00:00,77.91847807257173
2011-08-24 08:00:00,81.76995818198935
2011-08-24 09:00:00,92.9214628181783
2011-08-24 10:00:00,125.29322336436914
2011-08-24 11:00:00,145.15734868574563
2011-08-24 12:00:00,160.57690292108495
2011-08-24 13:00:00,193.993902056234
2011-08-24 14:00:00,206.6595082803537
2011-08-24 15:00:00,222.62438692172276
2011-08-24 16:00:00,228.87945654689665
2011-08-24 17:00:00,238.44613319572858
2011-08-24 18:00:00,232.07957678892288
2011-08-24 19:00:00,247.23174652782927
2011-08-24 20:00:00,246.08393417200938
2011-08-24 21:00:00,250.43647736492485
2011-08-24 22:00:00,255.9783976549137
2011-08-24 23:00:00,246.60853439423727
2011-08-25 00:00:00,56.184284015515885
2011-08-25 01:00:00,65.17304571557573
2011-08-25 02:00:00,69.42810798666069
2011-08-25 03:00:00,66.19134080907673
2011-08-25 04:00:00,68.02380386489929
2011-08-25 05:00:00,69.58410709895426
2011-08-25 06:00:00,71.69018783317458
2011-08-25 07:00:00,80.27840881026756
2011-08-25 08:00:00,93.98607136207328
2011-08-25 09:00:00,108.2703383177869
2011-08-25 10:00:00,124.73950986972933
2011-08-25 11:00:00,92.23779329579551
2011-08-25 12:00:00,98.25987727103121
2011-08-25 13:00:00,119.16946460359243
2011-08-25 14:00:00,129.67123338022225
2011-08-25 15:00:00,146.879032140373
2011-08-25 16:00:00,141.21781441747015
2011-08-25 17:00:00,150.43773942688625
2011-08-25 18:00:00,161.0361442704461
2011-08-25 19:00:00,164.17288414639702
2011-08-25 20:00:00,178.329112244377
2011-08-25 21:00:00,184.7518570917567
2011-08-25 22:00:00,162.0260101089359
2011-08-25 23:00:00,178.47850728231808
2011-08-26 00:00:00,46.018035810143765
2011-08-26 01:00:00,46.624136337071086
2011-08-26 02:00:00,48.75648019738331
2011-08-26 03:00:00,49.50496372994987
2011-08-26 04:00:00,52.62382126574335
2011-08-26 05:00:00,53.57526836282699
2011-08-26 06:00:00,59.719616086856384
2011-08-26 07:00:00,69.51874805228887
2011-08-26 08:00:00,81.26724093900495
2011-08-26 09:00:00,101.7739361762148
2011-08-26 10:00:00,131.1123705719201
2011-08-26 11:00:00,139.59518988969162
2011-08-26 12:00:00,150.90559515518729
2011-08-26 13:00:00,179.3174388780158
2011-08-26 14:00:00,202.87095790255975
2011-08-26 15:00:00,222.05997532987638
2011-08-26 16:00:00,219.90677931760058
2011-08-26 17:00:00,203.2075937338347
2011-08-26 18:00:00,197.85827663170005
2011-08-26 19:00:00,199.6199685820901
2011-08-26 20:00:00,211.47273908493892
2011-08-26 21:00:00,231.64474456803313
2011-08-26 22:00:00,241.32700440086165
2011-08-26 23:00:00,230.0429193350982
2011-08-27 00:00:00,54.72681754707464
2011-08-27 01:00:00,59.614423657399456
2011-08-27 02:00:00,64.21736384003634
2011-08-27 03:00:00,66.11263690346867
2011-08-27 04:00:00,70.42904384503743
2011-08-27 05:00:00,77.1471440822531
2011-08-27 06:00:00,82.18397945648043
2011-08-27 07:00:00,89.52376163578931
2011-08-27 08:00:00,91.71805902519976
2011-08-27 09:00:00,103.88594409764126
2011-08-27 10:00:00,118.50673151293908
2011-08-27 11:00:00,94.44625882113712
2011-08-27 12:00:00,111.9627545115098
2011-08-27 13:00:00,114.71133353286946
2011-08-27 14:00:00,115.7055492015856
2011-08-27 15:00:00,123.25981203458929
2011-08-27 16:00:00,129.85390167615043
2011-08-27 17:00:00,155.51004065550035
2011-08-28 07:00:00,68.43002437936362
2011-08-28 08:00:00,74.541452382619255
2011-08-28 09:00:00,104.48693385831467
2011-08-28 10:00:00,147.38579261722
2011-08-28 11:00:00,148.96761941713038
2011-08-28 12:00:00,180.61127918184548
2011-08-28 13:00:00,210.04948732292343
2011-08-28 14:00:00,242.39252141428284
2011-08-28 15:00:00,252.52401556168496
2011-08-28 16:00:00,303.4379553827695
2011-08-28 17:00:00,278.5858247089016
2011-08-28 18:00:00,272.4756432850711
2011-08-28 19:00:00,255.73941970671885
2011-08-28 20:00:00,276.2853116349127
2011-08-28 21:00:00,229.63737794671513
2011-08-28 22:00:00,214.65243222948993
2011-08-28 23:00:00,211.43452308808057
2011-08-29 00:00:00,46.54141451923818
2011-08-29 01:00:00,50.65020537674666
2011-08-29 02:00:00,55.7912609685612
2011-08-29 03:00:00,57.47987787783118
2011-08-29 04:00:00,56.17154845104204
2011-08-29 05:00:00,56.8239906247825
2011-08-29 06:00:00,60.53395409120078
2011-08-29 07:00:00,86.4061620936955
2011-08-29 08:00:00,99.61715353874281
2011-08-29 09:00:00,110.60201120077991
2011-08-29 10:00:00,129.03675398726358
2011-08-29 11:00:00,134.4302170784261
2011-08-29 12:00:00,146.49260590214217
2011-08-29 13:00:00,157.68400365769796
2011-08-29 14:00:00,170.39980872016733
2011-08-29 15:00:00,193.00610142750995
2011-08-29 16:00:00,213.3317287178402
2011-08-29 17:00:00,203.26012536442138
2011-08-29 18:00:00,216.4141955994398
2011-08-29 19:00:00,230.5435932439986
2011-08-29 20:00:00,218.81297875316554
2011-08-29 21:00:00,235.70793454731404
2011-08-29 22:00:00,230.94513889365408
2011-08-29 23:00:00,226.06698038343717
2011-08-30 00:00:00,40.55268719269234
2011-08-30 01:00:00,44.988873509705535
2011-08-30 02:00:00,43.86350699863052
2011-08-30 03:00:00,48.31570469959844
2011-08-30 04:00:00,47.064624058514184
2011-08-30 05:00:00,48.75971504989105
2011-08-30 06:00:00,56.490133857689784
2011-08-30 07:00:00,66.48792937701796
2011-08-30 08:00:00,93.28051081114548
2011-08-30 09:00:00,114.97393673019542
2011-08-30 10:00:00,145.28272467543528
2011-08-30 11:00:00,162.11722091128905
2011-08-30 12:00:00,160.6305069332116
2011-08-30 13:00:00,185.3165380960991
2011-08-30 14:00:00,206.0848781578824
2011-08-30 15:00:00,219.89557491009515
2011-08-30 16:00:00,224.39809653194345
2011-08-30 17:00:00,224.9992391187092
2011-08-30 18:00:00,221.47579178617244
2011-08-30 19:00:00,205.82017428722304
2011-08-30 20:00:00,212.04175022013104
2011-08-30 21:00:00,192.77447515859768
2011-08-30 22:00:00,202.8884326618931
2011-08-30 23:00:00,216.13475106822852
2011-08-31 00:00:00,45.1861185560806
2011-08-31 01:00:00,48.136260691279276
2011-08-31 02:00:00,44.176074307797606
2011-08-31 03:00:00,44.68918699105964
2011-08-31 04:00:00,50.13277512789625
2011-08-31 05:00:00,47.99564960016888
2011-08-31 06:00:00,52.61113699250682
2011-08-31 07:00:00,63.027898853381984
2011-08-31 08:00:00,77.76947818254858
2011-08-31 09:00:00,87.39722362098692
2011-08-31 10:00:00,131.80180649249093
2011-08-31 11:00:00,151.95352363652898
2011-08-31 12:00:00,166.2468157732497
2011-08-31 13:00:00,183.21069984782733
2011-08-31 14:00:00,191.32898615287365
2011-08-31 15:00:00,203.82060352943353
2011-08-31 16:00:00,216.3281238109656
2011-08-31 17:00:00,215.2997205675655
2011-08-31 18:00:00,218.48167395867804
2011-08-31 19:00:00,323.08845170951736
2011-08-31 20:00:00,209.31032262887004
2011-08-31 21:00:00,210.399963715936
2011-08-31 22:00:00,192.32636861370332
2011-08-31 23:00:00,180.28542492059535
2011-09-20 00:00:00,39.19081819618501
2011-09-20 01:00:00,34.45709062976111
2011-09-20 02:00:00,36.706748670140385
2011-09-20 03:00:00,42.10649124275566
2011-09-20 04:00:00,44.075748287235065
2011-09-20 05:00:00,44.87264485899691
2011-09-20 06:00:00,47.80232070960211
2011-09-20 07:00:00,50.359624526886165
2011-09-20 08:00:00,49.824131390567224
2011-09-20 09:00:00,52.48959698944485
2011-09-20 10:00:00,60.369306205533746
2011-09-20 11:00:00,64.3107386542761
2011-09-20 12:00:00,67.37422382157115
2011-09-20 13:00:00,70.97592419279505
2011-09-20 14:00:00,85.36311015194073
2011-09-20 15:00:00,106.79143663175122
2011-09-20 16:00:00,104.67431448595329
2011-09-20 17:00:00,114.10611911852347
2011-09-20 18:00:00,121.55595726909976
2011-09-20 19:00:00,113.97870040165644
2011-09-20 20:00:00,109.97222091509585
2011-09-20 21:00:00,117.15216229953559
2011-09-20 22:00:00,124.80087259538776
2011-09-20 23:00:00,132.94895710714468
2011-09-21 00:00:00,28.37884433170865
2011-09-21 01:00:00,32.16654334722334
2011-09-21 02:00:00,34.26665457396131
2011-09-21 03:00:00,36.073439671367744
2011-09-21 04:00:00,36.72511882574263
2011-09-21 05:00:00,39.56221095869914
2011-09-21 06:00:00,42.616882619743535
2011-09-21 07:00:00,45.399282726344474
2011-09-21 08:00:00,46.77336883140013
2011-09-21 09:00:00,51.412196609827994
2011-09-21 10:00:00,63.48004929479358
2011-09-21 11:00:00,79.90733562612367
2011-09-21 12:00:00,90.45285834611893
2011-09-21 13:00:00,108.9801546554898
2011-09-21 14:00:00,117.39471445827459
2011-09-21 15:00:00,120.94786411740975
2011-09-21 16:00:00,128.84439078305397
2011-09-21 17:00:00,134.13167039235282
2011-09-21 18:00:00,121.29971110002889
2011-09-21 19:00:00,102.77858233008232
2011-09-21 20:00:00,109.48886053093382
2011-09-21 21:00:00,110.49438990092541
2011-09-21 22:00:00,130.01393447291557
2011-09-21 23:00:00,142.79001942365255
2011-09-22 00:00:00,34.257572092330115
2011-09-22 01:00:00,34.68339874914181
2011-09-22 02:00:00,37.15402486687101
2011-09-22 03:00:00,39.36010742029583
2011-09-22 04:00:00,41.9298769658355
2011-09-22 05:00:00,44.91669639187368
2011-09-22 06:00:00,44.70830207331247
2011-09-22 07:00:00,47.10008368263935
2011-09-22 08:00:00,51.30655259719041
2011-09-22 09:00:00,63.12337229005372
2011-09-22 10:00:00,75.57096997311577
2011-09-22 11:00:00,79.61085310893871
2011-09-22 12:00:00,94.17673612667744
2011-09-22 13:00:00,101.44829653759929
2011-09-22 14:00:00,109.28538932889374
2011-09-22 15:00:00,125.22834402374552
2011-09-22 16:00:00,138.92227860304374
2011-09-22 17:00:00,132.3218094981321
2011-09-22 18:00:00,127.54639567605854
2011-09-22 19:00:00,126.99195912539587
2011-09-22 20:00:00,123.77894970555086
2011-09-22 21:00:00,144.11555190545087
2011-09-22 22:00:00,125.51051513023474
2011-09-22 23:00:00,142.31941229940261
2011-09-23 00:00:00,48.4351272230914
2011-09-23 01:00:00,43.68955783009599
2011-09-23 02:00:00,48.3944704726066
2011-09-23 03:00:00,49.5806567797902
2011-09-23 04:00:00,50.47708297670989
2011-09-23 05:00:00,64.26331661741712
2011-09-23 06:00:00,70.78876295957764
2011-09-23 07:00:00,73.28194936870155
2011-09-23 08:00:00,78.06643127355434
2011-09-23 09:00:00,75.55810348642616
2011-09-23 10:00:00,79.60027180805261
2011-09-23 11:00:00,84.79726865881665
2011-09-23 12:00:00,99.42595422590226
2011-09-23 13:00:00,92.2218736034948
2011-09-23 14:00:00,98.24291820299884
2011-09-23 15:00:00,120.19923589541602
2011-09-23 16:00:00,123.14541314171485
2011-09-23 17:00:00,120.18621492837062
2011-09-23 18:00:00,133.96992369402253
2011-09-23 19:00:00,171.38604145617074
2011-09-23 20:00:00,164.5366648657782
2011-09-23 21:00:00,172.20425235515663
2011-09-23 22:00:00,198.5326495177295
2011-09-23 23:00:00,190.47696300345345
2011-09-24 00:00:00,46.371537836605214
2011-09-24 01:00:00,50.23146536566528
2011-09-24 02:00:00,53.51101154540858
2011-09-24 03:00:00,57.68487267786999
2011-09-24 04:00:00,61.576413235074874
2011-09-24 05:00:00,62.689724625471264
2011-09-24 06:00:00,66.78265413505216
2011-09-24 07:00:00,75.69607535700676
2011-09-24 08:00:00,81.50957378291027
2011-09-24 09:00:00,90.43655095246763
2011-09-24 10:00:00,96.34103418874709
2011-09-24 11:00:00,114.05808518076273
2011-09-24 12:00:00,121.50478725884085
2011-09-24 13:00:00,143.1137123002769
2011-09-24 14:00:00,168.50192841079127
2011-09-24 15:00:00,179.50319726839285
2011-09-24 16:00:00,170.97464936580388
2011-09-24 17:00:00,210.79404740125685
2011-09-24 18:00:00,204.15902936080363
2011-09-24 19:00:00,178.72515697299164
2011-09-24 20:00:00,203.93105138943008
2011-09-24 21:00:00,224.63868372755704
2011-09-24 22:00:00,206.4915514511486
2011-09-24 23:00:00,219.2231296658472
2011-09-25 00:00:00,46.987389759165566
2011-09-25 01:00:00,52.047444726446194
2011-09-25 02:00:00,46.29989604482945
2011-09-25 03:00:00,49.322755244555694
2011-09-25 04:00:00,55.245795655337275
2011-09-25 05:00:00,69.7488575266063
2011-09-25 06:00:00,71.40620918408538
2011-09-25 07:00:00,69.88540893830557
2011-09-25 08:00:00,80.86059362324896
2011-09-25 09:00:00,94.12865660886844
2011-09-25 10:00:00,100.27419255807422
2011-09-25 11:00:00,124.82125263893425
2011-09-25 12:00:00,126.46526515846715
2011-09-25 13:00:00,148.1820625523576
2011-09-25 14:00:00,143.51783853641595
2011-09-25 15:00:00,152.8879290896339
2011-09-25 16:00:00,202.7036635619736
2011-09-25 17:00:00,199.68719963958912
2011-09-25 18:00:00,212.72451376041667
2011-09-25 19:00:00,194.9238230498936
2011-09-25 20:00:00,204.21212160373238
2011-09-25 21:00:00,183.97507822029772
2011-09-25 22:00:00,212.07941716659522
2011-09-25 23:00:00,200.6435433319107
2011-09-26 00:00:00,42.47545962208234
2011-09-26 01:00:00,50.9129652542254
2011-09-26 02:00:00,54.23700566362643
2011-09-26 03:00:00,51.349950127517246
2011-09-26 04:00:00,56.564143260818966
2011-09-26 05:00:00,63.0589687503144
2011-09-26 06:00:00,64.19125100702324
2011-09-26 07:00:00,66.13163777305154
2011-09-26 08:00:00,70.44928525635635
2011-09-26 09:00:00,89.67260721867986
2011-09-26 10:00:00,95.5272135752895
2011-09-26 11:00:00,132.9917535346745
2011-09-26 12:00:00,132.41062752058943
2011-09-26 13:00:00,156.7608523175438
2011-09-26 14:00:00,179.04964830696719
2011-09-26 15:00:00,216.2267398464323
2011-09-26 16:00:00,213.9735427891202
2011-09-26 17:00:00,214.05500144405553
2011-09-26 18:00:00,180.04089155939408
2011-09-26 19:00:00,192.71341981372714
2011-09-26 20:00:00,183.9931847812949
2011-09-26 21:00:00,196.00585735327098
2011-09-26 22:00:00,187.88361321879074
2011-09-26 23:00:00,200.1502867367252
2011-09-27 00:00:00,45.75436049080672
2011-09-27 01:00:00,49.28898040076145
2011-09-27 02:00:00,51.349155415848834
2011-09-27 03:00:00,50.276437760493955
2011-09-27 04:00:00,52.92737406068853
2011-09-27 05:00:00,56.3829325665175
2011-09-27 06:00:00,63.20002032422677
2011-09-27 07:00:00,67.32626636752241
2011-09-27 08:00:00,79.70752119190496
2011-09-27 09:00:00,83.90714243431029
2011-09-27 10:00:00,82.52814337434802
2011-09-27 11:00:00,99.9811996912188
2011-09-27 12:00:00,107.70093349610701
2011-09-27 13:00:00,156.9444388619115
2011-09-27 14:00:00,143.87922839790946
2011-09-27 15:00:00,146.24698599320584
2011-09-27 16:00:00,153.49467591725372
2011-09-27 17:00:00,151.09144523762353
2011-09-27 18:00:00,156.87008033619202
2011-09-27 19:00:00,161.61198243491944
2011-09-27 20:00:00,191.37206615683985
2011-09-27 21:00:00,183.4418406889131
2011-09-27 22:00:00,188.67648238801218
2011-09-27 23:00:00,200.9949212891786
2011-09-28 00:00:00,45.80579829596133
2011-09-28 01:00:00,48.79639850477573
2011-09-28 02:00:00,57.148831952820494
2011-09-28 03:00:00,49.718765863102966
2011-09-28 04:00:00,58.99153656997787
2011-09-28 05:00:00,54.565870954914125
2011-09-28 06:00:00,59.06601727853755
2011-09-28 07:00:00,62.92235971068343
2011-09-28 08:00:00,72.33552486834303
2011-09-28 09:00:00,77.05821596474603
2011-09-28 10:00:00,79.00473797435953
2011-09-28 11:00:00,109.2085257092328
2011-09-28 12:00:00,123.06374891776743
2011-09-28 13:00:00,167.60328567765333
2011-09-28 14:00:00,209.7257190977927
2011-09-28 15:00:00,186.3943196927665
2011-09-28 16:00:00,203.0410398327886
2011-09-28 17:00:00,218.7263842290912
2011-09-28 18:00:00,171.80820192825848
2011-09-28 19:00:00,183.02533302687712
2011-09-28 20:00:00,177.45860713822947
2011-09-28 21:00:00,173.58637272015199
2011-09-28 22:00:00,190.42993430535446
2011-09-28 23:00:00,187.41427015800616
2011-09-29 00:00:00,45.97748657978347
2011-09-29 01:00:00,43.252025111747784
2011-09-29 02:00:00,46.07589283467411
2011-09-29 03:00:00,53.12045990883393
2011-09-29 04:00:00,62.28446386174324
2011-09-29 05:00:00,64.16960854275385
2011-09-29 06:00:00,67.97978669635941
2011-09-29 07:00:00,77.05186692608294
2011-09-29 08:00:00,83.60797489932976
2011-09-29 09:00:00,108.82151120065747
2011-09-29 10:00:00,134.56713671581704
2011-09-29 11:00:00,146.447055424143
2011-09-29 12:00:00,163.31215563751343
2011-09-29 13:00:00,172.43775939610848
2011-09-29 14:00:00,224.2370283159377
2011-09-29 15:00:00,262.815449572972
2011-09-29 16:00:00,288.55576546218384
2011-09-29 17:00:00,272.2733961751909
2011-09-29 18:00:00,294.18930765394106
2011-09-29 19:00:00,266.20044684098923
2011-09-29 20:00:00,269.474479438042
2011-09-29 21:00:00,242.40767125592262
2011-09-29 22:00:00,219.81801390923624
2011-09-29 23:00:00,206.0559055343401
2011-09-30 00:00:00,49.105951138485985
2011-09-30 01:00:00,55.351183313736676
2011-09-30 02:00:00,55.72739643442332
2011-09-30 03:00:00,59.36576471122202
2011-09-30 04:00:00,65.39145985620341
2011-09-30 05:00:00,69.66078209870834
2011-09-30 06:00:00,75.04222300855521
2011-09-30 07:00:00,79.94163085970212
2011-09-30 08:00:00,90.93152205421113
2011-09-30 09:00:00,107.1135222677217
2011-09-30 10:00:00,131.95507022834664
2011-09-30 11:00:00,165.41100698333668
2011-09-30 12:00:00,175.09790043236225
2011-09-30 13:00:00,221.8913055006556
2011-09-30 14:00:00,229.12385228382237
2011-09-30 15:00:00,246.2265396048131
2011-09-30 16:00:00,243.75856276089797
2011-09-30 17:00:00,256.7894409838523
2011-09-30 18:00:00,267.62081133312705
2011-09-30 19:00:00,249.65054367205556
2011-09-30 20:00:00,265.94989868410653
2011-09-30 21:00:00,255.97434318119875
2011-09-30 22:00:00,286.72434010519476
2011-09-30 23:00:00,305.444194431287
2011-10-20 00:00:00,46.714458065139596
2011-10-20 01:00:00,54.14331536599023
2011-10-20 02:00:00,59.6411532897754
2011-10-20 03:00:00,60.84490798640647
2011-10-20 04:00:00,64.81739184868385
2011-10-20 05:00:00,64.00162247729698
2011-10-20 06:00:00,64.752925599552
2011-10-20 07:00:00,70.78855964126528
2011-10-20 08:00:00,89.22791359136004
2011-10-20 09:00:00,97.19678361208688
2011-10-20 10:00:00,110.9877082003588
2011-10-20 11:00:00,131.4831715187835
2011-10-20 12:00:00,150.5810270246532
2011-10-20 13:00:00,175.55358358647436
2011-10-20 14:00:00,165.14040785963587
2011-10-20 15:00:00,164.02684048465457
2011-10-20 16:00:00,174.73593674873655
2011-10-20 17:00:00,187.77461939909327
2011-10-20 18:00:00,180.73135242617366
2011-10-20 19:00:00,206.0013152100253
2011-10-20 20:00:00,207.40449109450634
2011-10-20 21:00:00,220.34524114144028
2011-10-20 22:00:00,237.36737123019537
2011-10-20 23:00:00,220.43114190683568
2011-10-21 00:00:00,51.68752088248989
2011-10-21 01:00:00,54.452673128167106
2011-10-21 02:00:00,52.4536179267792
2011-10-21 03:00:00,48.88948173661173
2011-10-21 04:00:00,52.666296310783686
2011-10-21 05:00:00,51.91779986539856
2011-10-21 06:00:00,59.76781846597044
2011-10-21 07:00:00,63.66998057282479
2011-10-21 08:00:00,83.83789471392289
2011-10-21 09:00:00,90.26454137468714
2011-10-21 10:00:00,117.77019080059459
2011-10-21 11:00:00,146.96423337444992
2011-10-21 12:00:00,160.98288813948537
2011-10-21 13:00:00,162.03497662533005
2011-10-21 14:00:00,195.54700618882856
2011-10-21 15:00:00,193.5373313390398
2011-10-21 16:00:00,203.88347617887598
2011-10-21 17:00:00,181.1919439720567
2011-10-21 18:00:00,180.35073180983665
2011-10-21 19:00:00,202.0161236591565
2011-10-21 20:00:00,202.40382900611453
2011-10-21 21:00:00,204.01415791029797
2011-10-21 22:00:00,226.5109509431705
2011-10-21 23:00:00,218.927385878707
2011-10-22 00:00:00,51.2182195935253
2011-10-22 01:00:00,54.562189656481365
2011-10-22 02:00:00,59.43509298816751
2011-10-22 03:00:00,60.55396343840675
2011-10-22 04:00:00,58.65863391392959
2011-10-22 05:00:00,60.43177955565317
2011-10-22 06:00:00,58.920119102498525
2011-10-22 07:00:00,60.93283022733391
2011-10-22 08:00:00,71.99146087585781
2011-10-22 09:00:00,85.75527783857632
2011-10-22 10:00:00,95.93506188586024
2011-10-22 11:00:00,102.19853565515749
2011-10-22 12:00:00,126.36601541899398
2011-10-22 13:00:00,155.43557804311394
2011-10-22 14:00:00,160.75429425352615
2011-10-22 15:00:00,173.71769080147308
2011-10-22 16:00:00,202.03229863087836
2011-10-22 17:00:00,176.28589831103747
2011-10-22 18:00:00,179.84876683517285
2011-10-22 19:00:00,161.9816272515265
2011-10-22 20:00:00,166.29049550450245
2011-10-22 21:00:00,155.56220020174496
2011-10-22 22:00:00,165.71865125628295
2011-10-22 23:00:00,159.89345431633677
2011-10-23 00:00:00,32.43324669789706
2011-10-23 01:00:00,34.55077063494439
2011-10-23 02:00:00,36.06313234600235
2011-10-23 03:00:00,37.78563468160339
2011-10-23 04:00:00,40.25260897684128
2011-10-23 05:00:00,41.32798643635492
2011-10-23 06:00:00,45.00740361534681
2011-10-23 07:00:00,49.47661860570711
2011-10-23 08:00:00,54.677078880964075
2011-10-23 09:00:00,69.13107989779434
2011-10-23 10:00:00,83.20388569454627
2011-10-23 11:00:00,97.11895894233142
2011-10-23 12:00:00,131.74886266026255
2011-10-23 13:00:00,148.44226472789884
2011-10-23 14:00:00,159.90973971296444
2011-10-23 15:00:00,171.84210112421013
2011-10-23 16:00:00,179.45663115627585
2011-10-23 17:00:00,165.8647778956034
2011-10-23 18:00:00,174.73812595420918
2011-10-23 19:00:00,143.86525545579678
2011-10-23 20:00:00,160.8392304260846
2011-10-23 21:00:00,171.34021183000897
2011-10-23 22:00:00,167.9677465512422
2011-10-23 23:00:00,182.96880492038952
2011-10-24 00:00:00,37.879663038242995
2011-10-24 01:00:00,38.83192592743121
2011-10-24 02:00:00,38.848159993522536
2011-10-24 03:00:00,43.338396670386516
2011-10-24 04:00:00,44.6484389275611
2011-10-24 05:00:00,43.526722818114884
2011-10-24 06:00:00,50.03106017554763
2011-10-24 07:00:00,45.65867098621624
2011-10-24 08:00:00,56.9769950508701
2011-10-24 09:00:00,67.01543978923897
2011-10-24 10:00:00,76.5908588956351
2011-10-24 11:00:00,94.21353551588413
2011-10-24 12:00:00,106.15097768292418
2011-10-24 13:00:00,127.87516974130189
2011-10-24 14:00:00,134.71113786387824
2011-10-24 15:00:00,160.5835409337397
2011-10-24 16:00:00,159.9644472147724
2011-10-24 17:00:00,154.0918657257209
2011-10-24 18:00:00,181.96385118062932
2011-10-24 19:00:00,122.07051739161216
2011-10-24 20:00:00,148.04698118354642
2011-10-24 21:00:00,144.3275525151017
2011-10-24 22:00:00,184.6931530248576
2011-10-24 23:00:00,180.62211596712115
2011-10-25 00:00:00,40.465118244778616
2011-10-25 01:00:00,43.107032490888464
2011-10-25 02:00:00,42.024041597211266
2011-10-25 03:00:00,38.968299977748835
2011-10-25 04:00:00,42.062755574142095
2011-10-25 05:00:00,44.80897745615282
2011-10-25 06:00:00,49.710772785419195
2011-10-25 07:00:00,60.45656934276992
2011-10-25 08:00:00,67.21817336044037
2011-10-25 09:00:00,99.9290957727533
2011-10-25 10:00:00,116.40503506368864
2011-10-25 11:00:00,134.22269091282098
2011-10-25 12:00:00,167.44539485049253
2011-10-25 13:00:00,191.06821462059526
2011-10-25 14:00:00,187.66520586277687
2011-10-25 15:00:00,195.038686658316
2011-10-25 16:00:00,214.83534341827522
2011-10-25 17:00:00,221.33769857761388
2011-10-25 18:00:00,207.9639125935492
2011-10-25 19:00:00,164.29725465844442
2011-10-25 20:00:00,163.12267059004512
2011-10-25 21:00:00,160.82233620432382
2011-10-25 22:00:00,191.41087235391907
2011-10-25 23:00:00,182.50761623359475
2011-10-26 00:00:00,43.97785896942526
2011-10-26 01:00:00,50.447217491577604
2011-10-26 02:00:00,51.97408788315921
2011-10-26 03:00:00,56.61585001920477
2011-10-26 04:00:00,56.39127702646092
2011-10-26 05:00:00,59.40806838429815
2011-10-26 06:00:00,63.28674288239124
2011-10-26 07:00:00,65.9319947300142
2011-10-26 08:00:00,73.40729595030702
2011-10-26 09:00:00,88.73621475428834
2011-10-26 10:00:00,103.98606953621359
2011-10-26 11:00:00,122.94644381312739
2011-10-26 12:00:00,136.75795218743318
2011-10-26 13:00:00,124.89751655609734
2011-10-26 14:00:00,104.31246351955505
2011-10-26 15:00:00,111.12288680195049
2011-10-26 16:00:00,122.40656267459563
2011-10-26 17:00:00,131.12603255448442
2011-10-26 18:00:00,149.46015067048455
2011-10-26 19:00:00,137.0378335282516
2011-10-26 20:00:00,137.20357334171464
2011-10-26 21:00:00,162.40799073316012
2011-10-26 22:00:00,148.2966985207775
2011-10-26 23:00:00,157.97879454489205
2011-10-27 00:00:00,34.73769277588658
2011-10-27 01:00:00,37.0056709606147
2011-10-27 02:00:00,36.00517432796887
2011-10-27 03:00:00,38.35590471297158
2011-10-27 04:00:00,45.11360805460167
2011-10-27 05:00:00,49.69454853755487
2011-10-27 06:00:00,56.51993636464553
2011-10-27 07:00:00,53.446675529198856
2011-10-27 08:00:00,62.466223047204515
2011-10-27 09:00:00,76.01924723213591
2011-10-27 10:00:00,73.55242144678671
2011-10-27 11:00:00,76.62675692160826
2011-10-27 12:00:00,81.62961690387253
2011-10-27 13:00:00,92.01326512497192
2011-10-27 14:00:00,100.73972358105024
2011-10-27 15:00:00,111.588347889008
2011-10-27 16:00:00,145.12983644333295
2011-10-27 17:00:00,156.3094519249055
2011-10-27 18:00:00,169.00028273176977
2011-10-27 19:00:00,167.2137550846959
2011-10-27 20:00:00,181.6321900802575
2011-10-27 21:00:00,198.58436029014948
2011-10-27 22:00:00,174.22142581995803
2011-10-27 23:00:00,183.17005022062074
2011-10-28 00:00:00,42.19273504264186
2011-10-28 01:00:00,43.31510268159115
2011-10-28 02:00:00,46.661284831177674
2011-10-28 03:00:00,45.966911183499015
2011-10-28 04:00:00,51.56613885473803
2011-10-28 05:00:00,54.10758361688654
2011-10-28 06:00:00,55.76780676434942
2011-10-28 07:00:00,59.408813378337165
2011-10-28 08:00:00,69.21423913553393
2011-10-28 09:00:00,77.975398680583055
2011-10-28 10:00:00,86.19668427327814
2011-10-28 11:00:00,104.18042482979031
2011-10-28 12:00:00,123.45637786819059
2011-10-28 13:00:00,131.72975829330818
2011-10-28 14:00:00,124.05500075088673
2011-10-28 15:00:00,137.04343627442674
2011-10-28 16:00:00,139.2243153513303
2011-10-28 17:00:00,140.7248482323754
2011-10-28 18:00:00,146.966024449249
2011-10-28 19:00:00,159.70018345644914
2011-10-28 20:00:00,142.17768197718183
2011-10-28 21:00:00,132.28605747858
2011-10-28 22:00:00,132.58720402817198
2011-10-28 23:00:00,132.71350181258026
2011-10-29 00:00:00,28.12418973258161
2011-10-29 01:00:00,31.08597070281531
2011-10-29 02:00:00,33.115532765556054
2011-10-29 03:00:00,39.24723986142209
2011-10-29 04:00:00,41.80964043277741
2011-10-29 05:00:00,35.13682955001046
2011-10-29 06:00:00,39.82651081889071
2011-10-29 07:00:00,42.426731227707926
2011-10-29 08:00:00,47.69824127540618
2011-10-29 09:00:00,50.81239659252652
2011-10-29 10:00:00,47.67221446178852
2011-10-29 11:00:00,51.92977989569538
2011-10-29 12:00:00,57.99162099944423
2011-10-29 13:00:00,62.47159484229505
2011-10-29 14:00:00,64.7215870551823
2011-10-29 15:00:00,60.08028929069829
2011-10-29 16:00:00,64.71224401553964
2011-10-29 17:00:00,68.93722115086409
2011-10-29 18:00:00,73.43804147576688
2011-10-29 19:00:00,95.62079806529626
2011-10-29 20:00:00,101.8637539638792
2011-10-29 21:00:00,108.51430422624323
2011-10-29 22:00:00,107.76617000052785
2011-10-29 23:00:00,115.47237775349579
2011-10-30 00:00:00,25.443601325976676
2011-10-30 01:00:00,27.408148959740384
2011-10-30 02:00:00,29.52548571123028
2011-10-30 03:00:00,37.35400096391486
2011-10-30 04:00:00,36.01650338065941
2011-10-30 05:00:00,41.45604901284273
2011-10-30 06:00:00,44.173993608658925
2011-10-30 07:00:00,45.803443906925494
2011-10-30 08:00:00,55.095349003852576
2011-10-30 09:00:00,67.29003989691537
2011-10-30 10:00:00,75.4200121068657
2011-10-30 11:00:00,97.14368533909233
2011-10-30 12:00:00,113.29959601337472
2011-10-30 13:00:00,136.15829984598628
2011-10-30 14:00:00,156.7221862784061
2011-10-30 15:00:00,170.30804789825584
2011-10-30 16:00:00,185.06472224029832
2011-10-30 17:00:00,182.1666422091023
2011-10-30 18:00:00,167.3119795781186
2011-10-30 19:00:00,258.42668035893354
2011-10-30 20:00:00,151.00207572116554
2011-10-30 21:00:00,141.26011870341074
2011-10-30 22:00:00,132.13189831784223
2011-10-30 23:00:00,115.48019098706462
2011-10-31 00:00:00,25.419743942434508
2011-10-31 01:00:00,28.81249447096168
2011-10-31 02:00:00,27.802810293405702
2011-10-31 03:00:00,29.77135306295994
2011-10-31 04:00:00,31.55174057910436
2011-10-31 05:00:00,30.4426614182612
2011-10-31 06:00:00,35.80617653630568
2011-10-31 07:00:00,35.849482161235386
2011-10-31 08:00:00,41.81094466679269
2011-10-31 09:00:00,55.22818838968384
2011-10-31 10:00:00,77.09538389485115
2011-10-31 11:00:00,101.75475823640032
2011-10-31 12:00:00,123.74150397802342
2011-10-31 13:00:00,130.726311467407
2011-10-31 14:00:00,135.0078847780645
2011-10-31 15:00:00,147.17293213793153
2011-10-31 16:00:00,140.5389943909041
2011-10-31 17:00:00,148.0519469647206
2011-10-31 18:00:00,132.04710032219762
2011-10-31 19:00:00,140.6682814933098
2011-10-31 20:00:00,149.8523282222704
2011-10-31 21:00:00,128.43550845013277
2011-10-31 22:00:00,136.82089354719852
2011-10-31 23:00:00,145.75374938716539
2011-11-20 00:00:00,44.45703155950566
2011-11-20 01:00:00,52.96057041038768
2011-11-20 02:00:00,57.05188508743854
2011-11-20 03:00:00,55.73017279521777
2011-11-20 04:00:00,56.37748831498014
2011-11-20 05:00:00,64.94589724742082
2011-11-20 06:00:00,68.41778380814758
2011-11-20 07:00:00,75.42022844267328
2011-11-20 08:00:00,75.33418200714107
2011-11-20 09:00:00,82.48069107817267
2011-11-20 10:00:00,82.12028019575835
2011-11-20 11:00:00,107.2583578141371
2011-11-20 12:00:00,115.53997449039021
2011-11-20 13:00:00,139.79315182318004
2011-11-20 14:00:00,148.8625865648811
2011-11-20 15:00:00,140.7445909571209
2011-11-20 16:00:00,154.40706313328158
2011-11-20 17:00:00,168.19702825592714
2011-11-20 18:00:00,184.01824255787886
2011-11-20 19:00:00,162.08994893512534
2011-11-20 20:00:00,186.74570615667287
2011-11-20 21:00:00,167.4189931743056
2011-11-20 22:00:00,146.59754682651837
2011-11-20 23:00:00,156.16870747562155
2011-11-21 00:00:00,32.69390404931655
2011-11-21 01:00:00,35.78633236461382
2011-11-21 02:00:00,34.53226206543418
2011-11-21 03:00:00,35.97563750033276
2011-11-21 04:00:00,38.324439464782145
2011-11-21 05:00:00,40.62972406747655
2011-11-21 06:00:00,41.710514099852716
2011-11-21 07:00:00,54.12184553223339
2011-11-21 08:00:00,54.22571510719609
2011-11-21 09:00:00,62.32883708996232
2011-11-21 10:00:00,77.03403658748847
2011-11-21 11:00:00,85.329804057912
2011-11-21 12:00:00,94.24940213649421
2011-11-21 13:00:00,100.40282140208274
2011-11-21 14:00:00,100.0985974795861
2011-11-21 15:00:00,84.54589077076766
2011-11-21 16:00:00,90.06578056637348
2011-11-21 17:00:00,95.07410268171586
2011-11-21 18:00:00,103.63850587158996
2011-11-21 19:00:00,100.00667317242711
2011-11-21 20:00:00,115.81880927654707
2011-11-21 21:00:00,120.65979026679362
2011-11-21 22:00:00,127.11003765734789
2011-11-21 23:00:00,136.92955354696522
2011-11-22 00:00:00,27.440448707118666
2011-11-22 01:00:00,30.67312156194623
2011-11-22 02:00:00,29.267353957707897
2011-11-22 03:00:00,31.178180929695927
2011-11-22 04:00:00,36.13635162502629
2011-11-22 05:00:00,38.4956464028912
2011-11-22 06:00:00,41.964342786140904
2011-11-22 07:00:00,44.671453669285484
2011-11-22 08:00:00,47.587994012239974
2011-11-22 09:00:00,48.38512745453865
2011-11-22 10:00:00,51.54412866513021
2011-11-22 11:00:00,57.733927988147414
2011-11-22 12:00:00,56.84670909108662
2011-11-22 13:00:00,62.83328160419053
2011-11-22 14:00:00,66.93558375973561
2011-11-22 15:00:00,76.13748237813448
2011-11-22 16:00:00,81.1083982702111
2011-11-22 17:00:00,83.97009366084335
2011-11-22 18:00:00,86.50835948251786
2011-11-22 19:00:00,105.78781453726927
2011-11-22 20:00:00,115.88136643381611
2011-11-22 21:00:00,124.82878159365177
2011-11-22 22:00:00,148.97840529639578
2011-11-22 23:00:00,156.40742842827845
2011-11-23 00:00:00,36.85756350503467
2011-11-23 01:00:00,39.92646612919096
2011-11-23 02:00:00,43.126457984014
2011-11-23 03:00:00,45.94212759464032
2011-11-23 04:00:00,54.036403338914354
2011-11-23 05:00:00,47.65557367091643
2011-11-23 06:00:00,42.77136451210573
2011-11-23 07:00:00,48.884524386876564
2011-11-23 08:00:00,57.8180753338589
2011-11-23 09:00:00,68.56955666895382
2011-11-23 10:00:00,73.04637266433323
2011-11-23 11:00:00,102.35463108710742
2011-11-23 12:00:00,131.09308290587765
2011-11-23 13:00:00,128.78644359382722
2011-11-23 14:00:00,136.81173433341365
2011-11-23 15:00:00,138.51232430186764
2011-11-23 16:00:00,131.65348743321553
2011-11-23 17:00:00,114.4548995045806
2011-11-23 18:00:00,159.22542610114385
2011-11-23 19:00:00,162.67276100811094
2011-11-23 20:00:00,152.30595052287904
2011-11-23 21:00:00,172.74563187786066
2011-11-23 22:00:00,169.21164816273665
2011-11-23 23:00:00,174.32661379437508
2011-11-24 00:00:00,41.48229013300692
2011-11-24 01:00:00,46.716321006817715
2011-11-24 02:00:00,44.51460345744413
2011-11-24 03:00:00,42.17967777216273
2011-11-24 04:00:00,48.60454901694594
2011-11-24 05:00:00,52.066829894038094
2011-11-24 06:00:00,55.15838526261393
2011-11-24 07:00:00,46.684111503942596
2011-11-24 08:00:00,60.059897510887566
2011-11-24 09:00:00,69.43242808785456
2011-11-24 10:00:00,81.3554645948384
2011-11-24 11:00:00,127.7083912825466
2011-11-24 12:00:00,150.01017668156808
2011-11-24 13:00:00,171.05070408881278
2011-11-24 14:00:00,198.468149379864
2011-11-24 15:00:00,207.91757248784933
2011-11-24 16:00:00,217.1387599666836
2011-11-24 17:00:00,210.68151519327256
2011-11-24 18:00:00,167.5682462589632
2011-11-24 19:00:00,165.99586068301795
2011-11-24 20:00:00,129.32090819819342
2011-11-24 21:00:00,145.07348301799175
2011-11-24 22:00:00,154.54513954941584
2011-11-24 23:00:00,149.86477924188088
2011-11-25 00:00:00,37.423629411793215
2011-11-25 01:00:00,38.78705540999585
2011-11-25 02:00:00,35.30570293691094
2011-11-25 03:00:00,40.01792358596584
2011-11-25 04:00:00,44.99013992616013
2011-11-25 05:00:00,45.18004019834005
2011-11-25 06:00:00,43.81758842120913
2011-11-25 07:00:00,46.4379694044884
2011-11-25 08:00:00,50.282505373569286
2011-11-25 09:00:00,62.002359045648035
2011-11-25 10:00:00,76.97268860946728
2011-11-25 11:00:00,94.05092395311262
2011-11-25 12:00:00,130.7031824194076
2011-11-25 13:00:00,166.7808871442539
2011-11-25 14:00:00,196.1650397749592
2011-11-25 15:00:00,213.16214381658563
2011-11-25 16:00:00,209.80061210573552
2011-11-25 17:00:00,230.166545929149
2011-11-25 18:00:00,204.22358964796717
2011-11-25 19:00:00,154.0556023140196
2011-11-25 20:00:00,179.50441914380497
2011-11-25 21:00:00,150.15876702594124
2011-11-25 22:00:00,156.73153995274902
2011-11-25 23:00:00,159.43682605961138
2011-11-26 00:00:00,37.7192508352603
2011-11-26 01:00:00,38.50772155249341
2011-11-26 02:00:00,37.75399909247652
2011-11-26 03:00:00,39.33773327757354
2011-11-26 04:00:00,41.906042044819046
2011-11-26 05:00:00,48.56319762969911
2011-11-26 06:00:00,49.16684531480084
2011-11-26 07:00:00,44.45248335266184
2011-11-26 08:00:00,59.95411740879893
2011-11-26 09:00:00,66.27534089743808
2011-11-26 10:00:00,68.42722219460904
2011-11-26 11:00:00,99.32241429762084
2011-11-26 12:00:00,122.75548292225075
2011-11-26 13:00:00,151.36439424951797
2011-11-26 14:00:00,155.46359588659345
2011-11-26 15:00:00,180.80968390150903
2011-11-26 16:00:00,171.78612662527152
2011-11-26 17:00:00,183.00181645644852
2011-11-26 18:00:00,156.79566949253612
2011-11-26 19:00:00,142.64940526209836
2011-11-26 20:00:00,174.41974638899805
2011-11-26 21:00:00,134.6513524909717
2011-11-26 22:00:00,152.62314828738866
2011-11-26 23:00:00,155.7055093933656
2011-11-27 00:00:00,34.509033833631065
2011-11-27 01:00:00,36.76208317734133
2011-11-27 02:00:00,37.739990214107536
2011-11-27 03:00:00,37.78563468160339
2011-11-27 04:00:00,41.154277076237996
2011-11-27 05:00:00,46.247387847803694
2011-11-27 06:00:00,55.06783549671247
2011-11-27 07:00:00,56.96356784829229
2011-11-27 08:00:00,68.18406137207225
2011-11-27 09:00:00,89.48228746189065
2011-11-27 10:00:00,95.32446809237894
2011-11-27 11:00:00,123.38681627107164
2011-11-27 12:00:00,147.9787588042377
2011-11-27 13:00:00,146.27538024154416
2011-11-27 14:00:00,250.47490565105238
2011-11-27 15:00:00,249.56289034725117
2011-11-27 16:00:00,203.79676464685596
2011-11-27 17:00:00,196.33696399491322
2011-11-27 18:00:00,178.67817841133814
2011-11-27 19:00:00,179.98818083969132
2011-11-27 20:00:00,209.66396563158406
2011-11-27 21:00:00,208.86345425272256
2011-11-27 22:00:00,208.9429675225727
2011-11-27 23:00:00,222.5845785314217
2011-11-28 00:00:00,45.34100676773337
2011-11-28 01:00:00,48.57081352152708
2011-11-28 03:00:00,46.11028436393195
2011-11-28 04:00:00,49.70761176838636
2011-11-28 05:00:00,45.167038206934805
2011-11-28 06:00:00,54.36155618698663
2011-11-28 07:00:00,52.63600802274267
2011-11-28 08:00:00,50.36427001944589
2011-11-28 09:00:00,64.40451880776531
2011-11-28 10:00:00,80.043648599432
2011-11-28 11:00:00,99.6452693570661
2011-11-28 12:00:00,129.90182373141118
2011-11-28 13:00:00,137.55414093473178
2011-11-28 14:00:00,170.239311586177
2011-11-28 15:00:00,166.6351716637974
2011-11-28 16:00:00,172.98249386972554
2011-11-28 17:00:00,199.29513324341576
2011-11-28 18:00:00,190.46940651823925
2011-11-28 19:00:00,178.18119946786518
2011-11-28 20:00:00,183.43308203162744
2011-11-28 21:00:00,185.41701366502681
2011-11-28 22:00:00,171.0965260885305
2011-11-28 23:00:00,184.3072061006104
2011-11-29 00:00:00,41.9294665381456
2011-11-29 01:00:00,46.18708190024986
2011-11-29 02:00:00,41.61510568276054
2011-11-29 03:00:00,44.332101093266665
2011-11-29 04:00:00,58.34081544154804
2011-11-29 05:00:00,58.52488751990357
2011-11-29 06:00:00,68.1279816730129
2011-11-29 07:00:00,75.51815449509252
2011-11-29 08:00:00,85.3627046699199
2011-11-29 09:00:00,94.43393291103938
2011-11-29 10:00:00,100.59939994772712
2011-11-29 11:00:00,78.55804976952116
2011-11-29 12:00:00,80.316093718182
2011-11-29 13:00:00,85.69140807301866
2011-11-29 14:00:00,71.37019575275168
2011-11-29 15:00:00,85.94443941329243
2011-11-29 16:00:00,88.05100481663379
2011-11-29 17:00:00,100.92243409661087
2011-11-29 18:00:00,113.21579188579801
2011-11-29 19:00:00,121.96194827019852
2011-11-29 20:00:00,115.62641892021742
2011-11-29 21:00:00,123.17551544142694
2011-11-29 22:00:00,147.02661431553827
2011-11-29 23:00:00,157.84681471111742
2011-11-30 00:00:00,43.471479532683816
2011-11-30 01:00:00,40.71899190760983
2011-11-30 02:00:00,39.02646724059367
2011-11-30 03:00:00,41.57445385846466
2011-11-30 04:00:00,40.750247351469895
2011-11-30 05:00:00,38.88118677880371
2011-11-30 06:00:00,36.90281814738611
2011-11-30 07:00:00,41.828204337633274
2011-11-30 08:00:00,47.00471801256929
2011-11-30 09:00:00,57.167691739150754
2011-11-30 10:00:00,70.37694880976272
2011-11-30 11:00:00,98.8562296253124
2011-11-30 12:00:00,92.6308843929466
2011-11-30 13:00:00,122.83765754294728
2011-11-30 14:00:00,130.85756633101448
2011-11-30 15:00:00,128.0981319315371
2011-11-30 16:00:00,134.19711280955616
2011-11-30 17:00:00,127.62196167056763
2011-11-30 18:00:00,142.25844849908364
2011-11-30 19:00:00,128.5235385507858
2011-11-30 20:00:00,136.91467101711882
2011-11-30 21:00:00,162.62419702725856
2011-11-30 22:00:00,156.52430110104055
2011-11-30 23:00:00,166.56228223455116
2011-12-20 00:00:00,41.736021867026466
2011-12-20 01:00:00,45.32810328380102
2011-12-20 02:00:00,40.94121351474858
2011-12-20 03:00:00,43.6142113936463
2011-12-20 04:00:00,53.537310188277274
2011-12-20 05:00:00,53.5290920094129
2011-12-20 06:00:00,57.02393588718263
2011-12-20 07:00:00,57.68627868725516
2011-12-20 08:00:00,77.10751786640527
2011-12-20 09:00:00,62.8124258758777
2011-12-20 10:00:00,87.29800620700821
2011-12-20 11:00:00,85.04702821235173
2011-12-20 12:00:00,104.78095076276733
2011-12-20 13:00:00,111.62196095990934
2011-12-20 14:00:00,112.82921505430596
2011-12-20 15:00:00,120.47576238289042
2011-12-20 16:00:00,134.29267826625806
2011-12-20 17:00:00,130.06138066247667
2011-12-20 18:00:00,129.5454778987476
2011-12-20 19:00:00,128.35746670717785
2011-12-20 20:00:00,131.78662893953376
2011-12-20 21:00:00,142.72306292908627
2011-12-20 22:00:00,142.9290924512654
2011-12-20 23:00:00,164.65185714100863
2011-12-21 00:00:00,25.401612271579477
2011-12-21 01:00:00,29.740087648832834
2011-12-21 02:00:00,29.429655434251302
2011-12-21 03:00:00,31.351078855765326
2011-12-21 04:00:00,33.397949480458166
2011-12-21 05:00:00,34.25789260960858
2011-12-21 06:00:00,32.12240819673332
2011-12-21 07:00:00,34.9822557417296
2011-12-21 08:00:00,32.74273919672182
2011-12-21 09:00:00,45.45809638868148
2011-12-21 10:00:00,63.55715655396483
2011-12-21 11:00:00,67.7067195510733
2011-12-21 12:00:00,61.740752376654726
2011-12-21 13:00:00,57.616368297375296
2011-12-21 14:00:00,75.23284649515809
2011-12-21 15:00:00,81.04474101738137
2011-12-21 16:00:00,66.19961689958015
2011-12-21 17:00:00,70.52170265047458
2011-12-21 18:00:00,77.73657632043914
2011-12-21 19:00:00,99.53709798070714
2011-12-21 20:00:00,107.22254186911071
2011-12-21 21:00:00,123.67456098233893
2011-12-21 22:00:00,130.28597239363364
2011-12-21 23:00:00,135.73165016905742
2011-12-22 00:00:00,32.02427002903737
2011-12-22 01:00:00,28.069222972241
2011-12-22 02:00:00,36.650685586624114
2011-12-22 03:00:00,43.30185000930433
2011-12-22 04:00:00,34.963862852660505
2011-12-22 05:00:00,35.42436959366619
2011-12-22 06:00:00,34.538252736171295
2011-12-22 07:00:00,33.32419431471638
2011-12-22 08:00:00,37.45843685476139
2011-12-22 09:00:00,42.81223876789307
2011-12-22 10:00:00,49.83711275254884
2011-12-22 11:00:00,58.21314141197698
2011-12-22 12:00:00,83.82234401606235
2011-12-22 13:00:00,79.22063236082039
2011-12-22 14:00:00,84.39284305235569
2011-12-22 15:00:00,97.22997122226994
2011-12-22 16:00:00,95.7723720235773
2011-12-22 17:00:00,100.31444966681293
2011-12-22 18:00:00,109.44150052317865
2011-12-22 19:00:00,112.74972144017276
2011-12-22 20:00:00,100.79018589615654
2011-12-22 21:00:00,107.37064431410452
2011-12-22 22:00:00,83.37516756302031
2011-12-22 23:00:00,99.53062958442686
2011-12-23 00:00:00,27.134174954911817
2011-12-23 01:00:00,28.905729480866245
2011-12-23 02:00:00,26.99410858597932
2011-12-23 03:00:00,28.75651836328268
2011-12-23 04:00:00,32.39077457546559
2011-12-23 05:00:00,34.39462103853519
2011-12-23 06:00:00,45.05690492532635
2011-12-23 07:00:00,47.467335909640376
2011-12-23 08:00:00,56.45520642225117
2011-12-23 09:00:00,67.81756744689812
2011-12-23 10:00:00,76.99365680395887
2011-12-23 11:00:00,88.39296818756809
2011-12-23 12:00:00,100.913056821026
2011-12-23 13:00:00,109.57019019091389
2011-12-23 14:00:00,110.13648404660098
2011-12-23 15:00:00,110.57298538404152
2011-12-23 16:00:00,120.05882509330759
2011-12-23 17:00:00,112.34769050775462
2011-12-23 18:00:00,122.73207633580641
2011-12-23 19:00:00,121.50190869064308
2011-12-23 20:00:00,118.72237564037518
2011-12-23 21:00:00,121.63235388718006
2011-12-23 22:00:00,123.76355990545086
2011-12-23 23:00:00,131.1312195607513
2011-12-24 00:00:00,28.28484420263351
2011-12-24 01:00:00,30.55317030616393
2011-12-24 02:00:00,33.0886531006911
2011-12-24 03:00:00,33.82087342225361
2011-12-24 04:00:00,37.96510683235917
2011-12-24 05:00:00,40.44379862781523
2011-12-24 06:00:00,37.830322789816094
2011-12-24 07:00:00,46.15352703291837
2011-12-24 08:00:00,45.32630550942545
2011-12-24 09:00:00,69.35587562364259
2011-12-24 10:00:00,77.05355324619157
2011-12-24 11:00:00,84.98495730330467
2011-12-24 12:00:00,92.91890982153538
2011-12-24 13:00:00,97.86106667282345
2011-12-24 14:00:00,104.25028675661254
2011-12-24 15:00:00,105.86601338444994
2011-12-24 16:00:00,109.97172363920112
2011-12-24 17:00:00,103.15981880082774
2011-12-24 18:00:00,117.65051565322895
2011-12-24 19:00:00,113.020491072323
2011-12-24 20:00:00,107.26363555839177
2011-12-24 21:00:00,113.61613737234458
2011-12-24 22:00:00,120.29712445717735
2011-12-24 23:00:00,118.8646620446448
2011-12-25 00:00:00,26.271218381544927
2011-12-25 01:00:00,24.443470005448077
2011-12-25 02:00:00,24.896901239596396
2011-12-25 03:00:00,26.907897194642175
2011-12-25 05:00:00,28.67930752477613
2011-12-25 06:00:00,30.551741720073416
2011-12-25 07:00:00,32.067744088724
2011-12-25 08:00:00,33.09970205742674
2011-12-25 09:00:00,35.31354941467772
2011-12-25 10:00:00,42.22366982326573
2011-12-25 11:00:00,54.28638853991743
2011-12-25 12:00:00,55.81907807900629
2011-12-25 13:00:00,64.98759935977871
2011-12-25 14:00:00,78.84551839054086
2011-12-25 15:00:00,83.53920161435101
2011-12-25 16:00:00,94.6666575216621
2011-12-25 17:00:00,92.71310026371344
2011-12-25 18:00:00,88.68733321039817
2011-12-25 19:00:00,107.485541573002
2011-12-25 20:00:00,122.31784249693821
2011-12-25 21:00:00,116.78299009141129
2011-12-25 22:00:00,113.20079481145063
2011-12-25 23:00:00,112.15481158581417
2011-12-26 00:00:00,20.987738998633287
2011-12-26 01:00:00,30.738604318832042
2011-12-26 02:00:00,41.02549548258301
2011-12-26 04:00:00,47.066383595569484
2011-12-26 05:00:00,54.03480650958164
2011-12-26 06:00:00,52.60556414341498
2011-12-26 07:00:00,55.124352354708215
2011-12-26 08:00:00,58.405911702052606
2011-12-26 09:00:00,64.57246941185461
2011-12-26 10:00:00,76.64166297041203
2011-12-26 11:00:00,80.10405326442593
2011-12-26 12:00:00,88.84250335898143
2011-12-26 13:00:00,101.9431851789428
2011-12-26 14:00:00,109.81850915139985
2011-12-26 15:00:00,113.76951003462112
2011-12-26 16:00:00,108.83494163975855
2011-12-26 17:00:00,105.94086888015794
2011-12-26 18:00:00,103.73316727576186
2011-12-26 19:00:00,90.26544287670276
2011-12-26 20:00:00,105.53642841443
2011-12-26 21:00:00,88.86226581232246
2011-12-26 22:00:00,94.66396604636209
2011-12-26 23:00:00,101.36652826691916
2011-12-27 00:00:00,22.82308126640836
2011-12-27 01:00:00,24.452394568925467
2011-12-27 02:00:00,26.048859187473283
2011-12-27 03:00:00,31.861852739232347
2011-12-27 04:00:00,32.56692513934798
2011-12-27 05:00:00,35.24032689069433
2011-12-27 06:00:00,38.939945038116434
2011-12-27 07:00:00,40.25895869648167
2011-12-27 08:00:00,41.71497642356852
2011-12-27 09:00:00,43.38056642303363
2011-12-27 10:00:00,48.08736331939734
2011-12-27 11:00:00,49.23000097867083
2011-12-27 12:00:00,43.043463901594414
2011-12-27 13:00:00,43.08285638243349
2011-12-27 14:00:00,68.60388769376748
2011-12-27 15:00:00,73.08294511651627
2011-12-27 16:00:00,74.25450017361153
2011-12-27 17:00:00,69.04195642496018
2011-12-27 18:00:00,82.05464184976121
2011-12-27 19:00:00,75.06056368081734
2011-12-27 20:00:00,71.63887340488579
2011-12-27 21:00:00,81.20044987701448
2011-12-27 22:00:00,86.50192024521964
2011-12-27 23:00:00,83.44607670114333
2011-12-28 00:00:00,21.954988770937863
2011-12-28 01:00:00,26.20564697680998
2011-12-28 02:00:00,33.14037442580191
2011-12-28 03:00:00,35.30406580036591
2011-12-28 05:00:00,42.691545372882885
2011-12-28 06:00:00,44.48240359841926
2011-12-28 07:00:00,47.38660111137317
2011-12-28 08:00:00,51.6111831459613
2011-12-28 09:00:00,55.29771097831042
2011-12-28 10:00:00,58.78808733090107
2011-12-28 11:00:00,76.55132100428067
2011-12-28 12:00:00,81.6889132659772
2011-12-28 13:00:00,90.478532641898
2011-12-28 14:00:00,91.8808172684955
2011-12-28 15:00:00,102.09328095496691
2011-12-28 16:00:00,104.80906116173021
2011-12-28 17:00:00,100.8238937585968
2011-12-28 18:00:00,102.9016717134608
2011-12-28 19:00:00,101.3011376857578
2011-12-28 20:00:00,106.72049352985522
2011-12-28 21:00:00,104.47750964890484
2011-12-28 22:00:00,111.94021876925085
2011-12-28 23:00:00,121.88401288240841
2011-12-29 00:00:00,26.9490513593428
2011-12-29 01:00:00,29.865362245088747
2011-12-29 02:00:00,29.10696651491193
2011-12-29 03:00:00,29.73802440155597
2011-12-29 04:00:00,31.862177500805252
2011-12-29 05:00:00,33.76271028724938
2011-12-29 06:00:00,34.33210786148494
2011-12-29 07:00:00,33.45613880934734
2011-12-29 08:00:00,35.35882106671792
2011-12-29 09:00:00,37.64116746774681
2011-12-29 10:00:00,42.07712642447652
2011-12-29 11:00:00,47.94791218860237
2011-12-29 12:00:00,55.54341833214824
2011-12-29 13:00:00,63.99221510609523
2011-12-29 14:00:00,70.36699324542965
2011-12-29 15:00:00,76.21498079247621
2011-12-29 16:00:00,85.88461350034618
2011-12-29 17:00:00,83.36219018017536
2011-12-29 18:00:00,92.47798890460693
2011-12-29 19:00:00,99.09466136145876
2011-12-29 20:00:00,91.13989594531465
2011-12-29 21:00:00,97.78807492054621
2011-12-29 22:00:00,104.58682170191352
2011-12-29 23:00:00,116.89916562266758
2011-12-30 00:00:00,26.827718193268637
2011-12-30 01:00:00,29.01115686647412
2011-12-30 02:00:00,27.964161816905502
2011-12-30 03:00:00,29.78990509134005
2011-12-30 04:00:00,31.558730679568214
2011-12-30 05:00:00,31.293028601440408
2011-12-30 06:00:00,35.81410918175158
2011-12-30 07:00:00,36.23009620524419
2011-12-30 08:00:00,36.88514213373095
2011-12-30 09:00:00,42.67716444174707
2011-12-30 10:00:00,56.72360113707545
2011-12-30 11:00:00,61.72375651144044
2011-12-30 12:00:00,71.77599458352456
2011-12-30 13:00:00,80.62610572445554
2011-12-30 14:00:00,100.09804967983887
2011-12-30 15:00:00,115.48688888648364
2011-12-30 16:00:00,128.23224361428194
2011-12-30 17:00:00,116.71192389717756
2011-12-30 18:00:00,105.45909148264579
2011-12-30 19:00:00,127.19486935458052
2011-12-30 20:00:00,106.3777142793353
2011-12-30 21:00:00,117.58043666192867
2011-12-30 22:00:00,115.2494244176798
2011-12-30 23:00:00,136.38385903589239
2011-12-31 00:00:00,37.75023343579793
2011-12-31 01:00:00,41.03795023957245
2011-12-31 02:00:00,43.71726393175629
2011-12-31 03:00:00,46.57150648415891
2011-12-31 04:00:00,44.576902814185246
2011-12-31 05:00:00,40.152682829735056
2011-12-31 06:00:00,47.7133851859498
2011-12-31 07:00:00,42.99032294969084
2011-12-31 08:00:00,44.952137737594484
2011-12-31 09:00:00,53.41657173695427
2011-12-31 10:00:00,62.78322064549572
2011-12-31 11:00:00,73.07687774726105
2011-12-31 12:00:00,137.07418899755842
2011-12-31 13:00:00,146.67449474065282
2011-12-31 14:00:00,124.36758628283324
2011-12-31 15:00:00,146.8096162756102
2011-12-31 16:00:00,139.09405656864118
2011-12-31 17:00:00,128.75212375776698
2011-12-31 18:00:00,134.13368990801928
2011-12-31 19:00:00,147.75393614245593
2011-12-31 20:00:00,157.40059592613085
2011-12-31 21:00:00,153.33629633768595
2011-12-31 22:00:00,147.70704614396396
2011-12-31 23:00:00,138.39017263084506
2012-01-20 00:00:00,31.348591349615393
2012-01-20 01:00:00,34.575949349982196
2012-01-20 02:00:00,36.83336751957515
2012-01-20 03:00:00,35.88361960025781
2012-01-20 04:00:00,33.91366668990813
2012-01-20 05:00:00,36.12784529736717
2012-01-20 06:00:00,40.58260766377386
2012-01-20 07:00:00,37.7591834061709
2012-01-20 08:00:00,42.83272416920719
2012-01-20 09:00:00,56.2406993806663
2012-01-20 10:00:00,57.76741466198612
2012-01-20 11:00:00,67.87975435285082
2012-01-20 12:00:00,70.04755365007804
2012-01-20 13:00:00,83.19014182119747
2012-01-20 14:00:00,82.10746640974922
2012-01-20 15:00:00,85.56133724591106
2012-01-20 16:00:00,85.0872780865577
2012-01-20 17:00:00,99.64534937835177
2012-01-20 18:00:00,98.52537021086931
2012-01-20 19:00:00,102.32013547191185
2012-01-20 20:00:00,111.81052881157407
2012-01-20 21:00:00,115.47256876846137
2012-01-20 22:00:00,125.03238479326805
2012-01-20 23:00:00,87.92303653534339
2012-01-21 00:00:00,20.80065911519347
2012-01-21 01:00:00,16.822423775080626
2012-01-21 02:00:00,18.13985111255982
2012-01-21 03:00:00,17.967759206399894
2012-01-21 04:00:00,21.353036658195585
2012-01-21 05:00:00,22.488758726166406
2012-01-21 06:00:00,22.405468683322724
2012-01-21 07:00:00,23.868292208195935
2012-01-21 08:00:00,27.046637017824207
2012-01-21 09:00:00,28.812476307221857
2012-01-21 10:00:00,29.333410482713646
2012-01-21 11:00:00,36.29528262677032
2012-01-21 12:00:00,42.91716019127776
2012-01-21 13:00:00,46.48213917131063
2012-01-21 14:00:00,46.279028981807535
2012-01-21 15:00:00,49.30052579848728
2012-01-21 16:00:00,56.17933626873781
2012-01-21 17:00:00,61.8839164811523
2012-01-21 18:00:00,69.42199395132825
2012-01-21 19:00:00,66.54523102807121
2012-01-21 20:00:00,69.73145944631108
2012-01-21 21:00:00,82.22340060737065
2012-01-21 22:00:00,84.19877165734702
2012-01-21 23:00:00,79.89104715943508
2012-01-22 00:00:00,18.524622790419105
2012-01-22 01:00:00,21.177232395345964
2012-01-22 02:00:00,22.434666094241233
2012-01-22 03:00:00,25.167431902420585
2012-01-22 04:00:00,21.668609454309284
2012-01-22 05:00:00,24.42793324079903
2012-01-22 06:00:00,27.229481802242915
2012-01-22 07:00:00,29.007258786666196
2012-01-22 08:00:00,30.901104487684925
2012-01-22 09:00:00,32.91859687885267
2012-01-22 10:00:00,35.258402737850645
2012-01-22 11:00:00,33.929857738246675
2012-01-22 12:00:00,37.40252137984671
2012-01-22 13:00:00,39.86048096240364
2012-01-22 14:00:00,42.221148455170606
2012-01-22 15:00:00,44.71495388948427
2012-01-22 16:00:00,47.63433430449187
2012-01-22 17:00:00,50.766588031966904
2012-01-22 18:00:00,48.575533055303396
2012-01-22 19:00:00,51.74696559665637
2012-01-22 20:00:00,55.425064445584006
2012-01-22 21:00:00,58.72452521998425
2012-01-22 22:00:00,61.58867617942194
2012-01-22 23:00:00,64.86444532615974
2012-01-23 00:00:00,16.11595603403661
2012-01-23 01:00:00,17.257025889582177
2012-01-23 02:00:00,18.38371436896297
2012-01-23 03:00:00,19.483097910371008
2012-01-23 04:00:00,22.915711398163243
2012-01-23 05:00:00,22.94342670593424
2012-01-23 06:00:00,24.441372801193857
2012-01-23 07:00:00,24.883276726851435
2012-01-23 08:00:00,26.489446145683996
2012-01-23 09:00:00,29.536102920697363
2012-01-23 10:00:00,29.279393528677637
2012-01-23 11:00:00,31.17848784549451
2012-01-23 12:00:00,34.475756456416576
2012-01-23 13:00:00,35.686159763936715
2012-01-23 14:00:00,38.211445889058524
2012-01-23 15:00:00,39.38991153212646
2012-01-23 16:00:00,46.5582584395364
2012-01-23 17:00:00,47.82856916353404
2012-01-23 18:00:00,52.249401612809145
2012-01-23 19:00:00,58.40692053850941
2012-01-23 20:00:00,57.876045764732474
2012-01-23 21:00:00,63.38047222516082
2012-01-23 22:00:00,67.51849973527263
2012-01-23 23:00:00,81.59347837072745
2012-01-24 00:00:00,18.006424861537393
2012-01-24 01:00:00,21.158976014448136
2012-01-24 02:00:00,22.290927964234978
2012-01-24 03:00:00,23.75580781651414
2012-01-24 04:00:00,22.311898625908047
2012-01-24 05:00:00,23.768613085037334
2012-01-24 06:00:00,28.875249657946053
2012-01-24 07:00:00,30.594196754362027
2012-01-24 08:00:00,32.59165154405773
2012-01-24 09:00:00,36.32999515347897
2012-01-24 10:00:00,38.06059883817454
2012-01-24 11:00:00,44.75311665637821
2012-01-24 12:00:00,48.210388388936735
2012-01-24 13:00:00,51.35798111620268
2012-01-24 14:00:00,61.768508815680036
2012-01-24 15:00:00,75.95566439530774
2012-01-24 16:00:00,83.7264711474711
2012-01-24 17:00:00,94.85452822355525
2012-01-24 18:00:00,102.55580766715799
2012-01-24 19:00:00,131.7967407266322
2012-01-24 20:00:00,84.009805821873
2012-01-24 21:00:00,101.46868154913547
2012-01-24 22:00:00,90.5341915803572
2012-01-24 23:00:00,101.56215795091376
2012-01-25 00:00:00,17.96867487440323
2012-01-25 01:00:00,27.016284648276613
2012-01-25 02:00:00,27.426934009431832
2012-01-25 03:00:00,26.740867641732724
2012-01-25 04:00:00,30.496519828566683
2012-01-25 05:00:00,32.48759742049385
2012-01-25 06:00:00,31.62370693364331
2012-01-25 07:00:00,32.99888745438668
2012-01-25 08:00:00,37.432807511230806
2012-01-25 09:00:00,39.876746185463375
2012-01-25 10:00:00,42.58983142992523
2012-01-25 11:00:00,53.91993328201716
2012-01-25 12:00:00,67.03386162545227
2012-01-25 13:00:00,75.9294753317264
2012-01-25 14:00:00,80.91059123392729
2012-01-25 15:00:00,90.74140115802625
2012-01-25 16:00:00,89.06371094513679
2012-01-25 17:00:00,98.45408555065372
2012-01-25 18:00:00,85.6491330413532
2012-01-25 19:00:00,100.11311633819454
2012-01-25 20:00:00,102.91142265636567
2012-01-25 21:00:00,97.53117388071594
2012-01-25 22:00:00,105.6366941537497
2012-01-25 23:00:00,101.94727863761885
2012-01-26 00:00:00,22.17037150532904
2012-01-26 01:00:00,23.496204851663578
2012-01-26 02:00:00,25.29374059438258
2012-01-26 03:00:00,27.107398564698098
2012-01-26 04:00:00,29.72247688857513
2012-01-26 05:00:00,32.09999878898631
2012-01-26 06:00:00,30.296461681293767
2012-01-26 07:00:00,32.81064127569328
2012-01-26 08:00:00,34.952804807402195
2012-01-26 09:00:00,38.002393500632685
2012-01-26 10:00:00,41.148559678825336
2012-01-26 11:00:00,41.440419640083604
2012-01-26 12:00:00,50.27730712938156
2012-01-26 13:00:00,62.91434065738794
2012-01-26 14:00:00,72.31583173600855
2012-01-26 15:00:00,79.93146995772776
2012-01-26 16:00:00,81.61145227839378
2012-01-26 17:00:00,87.23718558475379
2012-01-26 18:00:00,92.9327864722324
2012-01-26 19:00:00,94.21454861398173
2012-01-26 20:00:00,95.38426133546672
2012-01-26 21:00:00,106.91843613200564
2012-01-26 22:00:00,107.9436829706364
2012-01-26 23:00:00,109.67157217094632
2012-01-27 00:00:00,30.572980658115856
2012-01-27 01:00:00,30.585761991432655
2012-01-27 02:00:00,31.821629349158744
2012-01-27 03:00:00,34.254852667551525
2012-01-27 04:00:00,33.23891557207696
2012-01-27 05:00:00,39.529713543657465
2012-01-27 06:00:00,39.57752258427273
2012-01-27 07:00:00,41.693263140504
2012-01-27 08:00:00,55.3963555091718
2012-01-27 09:00:00,59.013110560199735
2012-01-27 10:00:00,51.18542146411086
2012-01-27 11:00:00,60.03317031301409
2012-01-27 12:00:00,71.39504959014424
2012-01-27 13:00:00,120.07744630553196
2012-01-27 14:00:00,137.8503880414273
2012-01-27 15:00:00,135.6805338779979
2012-01-27 16:00:00,145.95008649388933
2012-01-27 17:00:00,153.08986994870233
2012-01-27 18:00:00,152.006721286976
2012-01-27 19:00:00,137.4757843297368
2012-01-27 20:00:00,133.03834075122964
2012-01-27 21:00:00,148.16612338212917
2012-01-27 22:00:00,159.1193737234938
2012-01-27 23:00:00,165.1988742615678
2012-01-28 00:00:00,35.32144477145289
2012-01-28 01:00:00,36.5988908703767
2012-01-28 02:00:00,32.43417982157523
2012-01-28 03:00:00,35.12968620812333
2012-01-28 04:00:00,37.19924414625757
2012-01-28 05:00:00,32.34874818707508
2012-01-28 06:00:00,36.303718672515
2012-01-28 07:00:00,35.391649470412894
2012-01-28 08:00:00,34.49250174798993
2012-01-28 09:00:00,38.14024258421706
2012-01-28 10:00:00,49.307597371399574
2012-01-28 11:00:00,65.36261812771416
2012-01-28 12:00:00,68.74366045025428
2012-01-28 13:00:00,81.26326408275655
2012-01-28 14:00:00,110.8449611128585
2012-01-28 15:00:00,123.60506187722301
2012-01-28 16:00:00,142.50354521980967
2012-01-28 17:00:00,153.512241719333
2012-01-28 18:00:00,158.65248966775656
2012-01-28 19:00:00,182.59206061147395
2012-01-28 20:00:00,196.30954382444762
2012-01-28 21:00:00,194.23689655799123
2012-01-28 22:00:00,181.14451067548399
2012-01-28 23:00:00,191.8432738518753
2012-01-29 00:00:00,39.90700704413422
2012-01-29 01:00:00,46.27800848936017
2012-01-29 02:00:00,47.97023587793123
2012-01-29 03:00:00,46.662746777844795
2012-01-29 04:00:00,44.39163323699896
2012-01-29 05:00:00,36.542107600789265
2012-01-29 06:00:00,43.87325205162634
2012-01-29 07:00:00,47.92849141414802
2012-01-29 08:00:00,47.70597583751368
2012-01-29 09:00:00,49.2684511388664
2012-01-29 10:00:00,63.68823810275627
2012-01-29 11:00:00,81.20372223234921
2012-01-29 12:00:00,95.0838560746592
2012-01-29 13:00:00,101.29175573824445
2012-01-29 14:00:00,109.11268000544636
2012-01-29 15:00:00,127.86912929175874
2012-01-29 16:00:00,149.27228981858792
2012-01-29 17:00:00,159.01808091292276
2012-01-29 18:00:00,153.76365951226424
2012-01-29 19:00:00,145.12445464599725
2012-01-29 20:00:00,132.87798802712862
2012-01-29 21:00:00,154.00916780237534
2012-01-29 22:00:00,187.10470206863346
2012-01-29 23:00:00,174.73091789401985
2012-01-30 00:00:00,42.399834826407464
2012-01-30 01:00:00,28.620768580804498
2012-01-30 02:00:00,33.263482208682404
2012-01-30 03:00:00,33.898367314803686
2012-01-30 04:00:00,32.339861600312915
2012-01-30 05:00:00,34.45128854739992
2012-01-30 06:00:00,42.088214592340336
2012-01-30 07:00:00,45.33961707456764
2012-01-30 08:00:00,44.133973475836626
2012-01-30 09:00:00,47.01542244524109
2012-01-30 10:00:00,56.539371228888626
2012-01-30 11:00:00,61.19955870617229
2012-01-30 12:00:00,75.15046331653001
2012-01-30 13:00:00,86.4304680804205
2012-01-30 14:00:00,103.89829563823521
2012-01-30 15:00:00,111.28323497112692
2012-01-30 16:00:00,121.73732664778427
2012-01-30 17:00:00,140.25498298827299
2012-01-30 18:00:00,139.47788948470347
2012-01-30 19:00:00,109.34420329092056
2012-01-30 20:00:00,124.59795546425586
2012-01-30 21:00:00,128.67881167973374
2012-01-30 22:00:00,124.8303942728942
2012-01-30 23:00:00,111.95300948665962
2012-01-31 00:00:00,29.49416842272354
2012-01-31 01:00:00,36.14611519407944
2012-01-31 02:00:00,38.089614067968185
2012-01-31 03:00:00,39.33713243803493
2012-01-31 04:00:00,39.76110048212512
2012-01-31 05:00:00,42.3570503362513
2012-01-31 06:00:00,41.68908666627671
2012-01-31 07:00:00,39.84586295237385
2012-01-31 08:00:00,41.75060118749856
2012-01-31 09:00:00,52.88393634273385
2012-01-31 10:00:00,53.95718065689841
2012-01-31 11:00:00,91.71014845239067
2012-01-31 12:00:00,92.33348763110959
2012-01-31 13:00:00,114.88370186240888
2012-01-31 14:00:00,147.29636491007508
2012-01-31 15:00:00,182.23403912166822
2012-01-31 16:00:00,194.13185939169287
2012-01-31 17:00:00,204.5097865925938
2012-01-31 18:00:00,217.50956385045347
2012-01-31 19:00:00,198.72918759216034
2012-01-31 20:00:00,121.97571539648843
2012-01-31 21:00:00,202.1011855166428
2012-01-31 22:00:00,203.25361628808426
2012-01-31 23:00:00,206.42746044764127
2012-02-20 00:00:00,18.184036657584944
2012-02-20 01:00:00,19.37124844841312
2012-02-20 02:00:00,20.635971732581442
2012-02-20 03:00:00,23.510450716757706
2012-02-20 05:00:00,34.65374189879945
2012-02-20 06:00:00,42.18712798323111
2012-02-20 07:00:00,39.471699827949806
2012-02-20 08:00:00,41.138179231481715
2012-02-20 09:00:00,43.824036742467634
2012-02-20 10:00:00,52.208449165282424
2012-02-20 11:00:00,62.25722322254235
2012-02-20 12:00:00,69.83433044400748
2012-02-20 13:00:00,81.42484862325071
2012-02-20 14:00:00,94.19508743807249
2012-02-20 15:00:00,105.68507358055878
2012-02-20 16:00:00,123.78526686600617
2012-02-20 17:00:00,147.6847524264044
2012-02-20 18:00:00,127.76608672089118
2012-02-20 19:00:00,136.1077661554048
2012-02-20 20:00:00,145.8243417301184
2012-02-20 21:00:00,135.49672658865572
2012-02-20 22:00:00,134.19346674053946
2012-02-20 23:00:00,149.60187033451587
2012-02-21 00:00:00,23.780976647826513
2012-02-21 01:00:00,27.804210112243705
2012-02-21 02:00:00,27.390451449868387
2012-02-21 04:00:00,28.74131205764125
2012-02-21 05:00:00,28.022367404202676
2012-02-21 06:00:00,28.05625893493394
2012-02-21 07:00:00,34.74629712993168
2012-02-21 08:00:00,33.8635450007005
2012-02-21 09:00:00,34.09371008804855
2012-02-21 10:00:00,41.16098297463221
2012-02-21 11:00:00,44.95921164509728
2012-02-21 12:00:00,61.97050936489825
2012-02-21 13:00:00,80.851306793419
2012-02-21 14:00:00,75.27599807876933
2012-02-21 15:00:00,91.75329509882617
2012-02-21 16:00:00,106.40343552126076
2012-02-21 17:00:00,133.14322325338847
2012-02-21 18:00:00,141.83596884622995
2012-02-21 19:00:00,123.02401723552295
2012-02-21 20:00:00,115.54214037229517
2012-02-21 21:00:00,111.45427689491243
2012-02-21 22:00:00,103.46859823843307
2012-02-21 23:00:00,116.37715819490603
2012-02-22 00:00:00,27.42439116739992
2012-02-22 01:00:00,28.04252181606133
2012-02-22 02:00:00,33.02334842288756
2012-02-22 03:00:00,31.22247015228402
2012-02-22 04:00:00,34.61512510606024
2012-02-22 05:00:00,35.71515240260622
2012-02-22 06:00:00,35.95269507783495
2012-02-22 07:00:00,37.881559833323806
2012-02-22 08:00:00,39.297820184439395
2012-02-22 09:00:00,45.74091567502529
2012-02-22 10:00:00,50.043469868556834
2012-02-22 11:00:00,58.89178515470843
2012-02-22 12:00:00,76.1451525489486
2012-02-22 13:00:00,91.93200821917107
2012-02-22 14:00:00,102.76606684977577
2012-02-22 15:00:00,160.40343000846366
2012-02-22 16:00:00,184.07479939159342
2012-02-22 17:00:00,184.8799067348428
2012-02-22 18:00:00,155.77276836822767
2012-02-22 19:00:00,152.4597079304361
2012-02-22 20:00:00,146.7574758447743
2012-02-22 21:00:00,201.16374241724947
2012-02-22 22:00:00,170.30158980078184
2012-02-22 23:00:00,202.5328728386583
2012-02-23 00:00:00,43.525597628626024
2012-02-23 01:00:00,41.84732807765423
2012-02-23 02:00:00,41.83016917350687
2012-02-23 03:00:00,39.99167407006931
2012-02-23 04:00:00,39.91731308899327
2012-02-23 05:00:00,42.52346185836814
2012-02-23 06:00:00,35.89720046872747
2012-02-23 07:00:00,41.145306326735245
2012-02-23 08:00:00,39.25812588480353
2012-02-23 09:00:00,46.420558140654
2012-02-23 10:00:00,65.69704115397651
2012-02-23 11:00:00,98.40403473683803
2012-02-23 12:00:00,114.44311308026909
2012-02-23 13:00:00,127.61742105088548
2012-02-23 14:00:00,147.26771704686973
2012-02-23 15:00:00,156.37551947322333
2012-02-23 16:00:00,166.0959277347826
2012-02-23 17:00:00,181.3192103534009
2012-02-23 18:00:00,181.38823766769767
2012-02-23 19:00:00,172.86761493629228
2012-02-23 20:00:00,165.1569849859389
2012-02-23 21:00:00,163.09785957990903
2012-02-23 22:00:00,170.32492175973672
2012-02-23 23:00:00,165.04152776220758
2012-02-24 00:00:00,39.67999636260561
2012-02-24 01:00:00,44.12627339570962
2012-02-24 02:00:00,36.63584227468741
2012-02-24 03:00:00,38.37730517033885
2012-02-24 04:00:00,37.41732260899092
2012-02-24 05:00:00,38.95278601304539
2012-02-24 06:00:00,41.036662002459465
2012-02-24 07:00:00,50.08613696294948
2012-02-24 08:00:00,53.46505112704041
2012-02-24 09:00:00,46.04466485139775
2012-02-24 10:00:00,48.25111512824836
2012-02-24 11:00:00,53.49411428772078
2012-02-24 12:00:00,66.45386235836764
2012-02-24 13:00:00,76.49319656389008
2012-02-24 14:00:00,91.4396280079663
2012-02-24 15:00:00,70.06906406017617
2012-02-24 16:00:00,74.64378091710883
2012-02-24 17:00:00,74.22113982614484
2012-02-24 18:00:00,79.56636025285925
2012-02-24 19:00:00,97.30958102432601
2012-02-24 20:00:00,159.54921224932392
2012-02-24 21:00:00,250.31686352402937
2012-02-24 22:00:00,231.54801571604904
2012-02-24 23:00:00,247.16872271025883
2012-02-25 00:00:00,45.03007259241635
2012-02-25 01:00:00,45.41662355185738
2012-02-25 02:00:00,44.21533559134537
2012-02-25 03:00:00,45.38493268187455
2012-02-25 04:00:00,50.43130747953139
2012-02-25 05:00:00,50.77292342522876
2012-02-25 06:00:00,54.08782068815876
2012-02-25 07:00:00,58.560285383815774
2012-02-25 08:00:00,55.127016886040764
2012-02-25 09:00:00,38.1055055292663
2012-02-25 10:00:00,56.50647436023485
2012-02-25 11:00:00,88.53171072172215
2012-02-25 12:00:00,110.34538283937033
2012-02-25 13:00:00,110.14998536924206
2012-02-25 14:00:00,120.43092221711598
2012-02-25 15:00:00,124.10781036231366
2012-02-25 16:00:00,142.55874297369303
2012-02-25 17:00:00,127.3569560473061
2012-02-25 18:00:00,152.73219403221998
2012-02-25 19:00:00,134.18383823851667
2012-02-25 20:00:00,153.31098356174874
2012-02-25 21:00:00,139.82959362499415
2012-02-25 22:00:00,149.29661969861598
2012-02-25 23:00:00,151.62791501884521
2012-02-26 00:00:00,33.42365795668723
2012-02-26 01:00:00,34.136287928569466
2012-02-26 02:00:00,36.36500118333506
2012-02-26 03:00:00,38.654465643391624
2012-02-26 04:00:00,41.17816476719728
2012-02-26 05:00:00,41.442648393197814
2012-02-26 06:00:00,45.13731869580441
2012-02-26 07:00:00,42.62404135178836
2012-02-26 08:00:00,45.41856194896459
2012-02-26 09:00:00,51.7422804964407
2012-02-26 10:00:00,62.81054107670609
2012-02-26 11:00:00,71.37642585384532
2012-02-26 12:00:00,78.79714857821476
2012-02-26 13:00:00,86.90802728001034
2012-02-26 14:00:00,101.1683873421652
2012-02-26 15:00:00,112.24840950606212
2012-02-26 16:00:00,125.29975406422153
2012-02-26 17:00:00,134.26477851368506
2012-02-26 18:00:00,132.97077254378013
2012-02-26 19:00:00,140.65865115315637
2012-02-26 20:00:00,132.9515772295778
2012-02-26 21:00:00,130.8500655478268
2012-02-26 22:00:00,146.18960150843114
2012-02-26 23:00:00,122.391615433385
2012-02-27 00:00:00,26.278044051110523
2012-02-27 01:00:00,26.73947884003916
2012-02-27 02:00:00,26.888142706316607
2012-02-27 03:00:00,25.788977348097877
2012-02-27 04:00:00,24.86464836131358
2012-02-27 05:00:00,26.488028486706952
2012-02-27 06:00:00,33.379194740963975
2012-02-27 07:00:00,38.99539425160717
2012-02-27 08:00:00,38.85903402774701
2012-02-27 09:00:00,46.184196266858166
2012-02-27 10:00:00,65.62968630481843
2012-02-27 11:00:00,76.84775371474817
2012-02-27 12:00:00,100.34070360748953
2012-02-27 13:00:00,99.90452857248103
2012-02-27 14:00:00,127.81596523424712
2012-02-27 15:00:00,179.2172253267771
2012-02-27 16:00:00,198.27700095647486
2012-02-27 17:00:00,215.63559227713012
2012-02-27 18:00:00,212.22712789021165
2012-02-27 19:00:00,211.05126719099843
2012-02-27 20:00:00,205.60163357723684
2012-02-27 21:00:00,199.00147496202152
2012-02-27 22:00:00,186.00872204235597
2012-02-27 23:00:00,173.57011471099852
2012-02-28 00:00:00,37.64780050319556
2012-02-28 01:00:00,34.67776046904289
2012-02-28 02:00:00,40.7214583094889
2012-02-28 03:00:00,59.87308268581977
2012-02-28 04:00:00,46.36743301463267
2012-02-28 05:00:00,49.39470161411857
2012-02-28 06:00:00,48.61575534884401
2012-02-28 07:00:00,49.36023491571011
2012-02-28 08:00:00,48.85295012202734
2012-02-28 09:00:00,57.27903420727046
2012-02-28 10:00:00,63.86566603630815
2012-02-28 11:00:00,77.95990832940886
2012-02-28 12:00:00,85.5750613983002
2012-02-28 13:00:00,93.60334097474507
2012-02-28 14:00:00,113.81024805881064
2012-02-28 15:00:00,127.71140134528954
2012-02-28 16:00:00,133.26502704057555
2012-02-28 17:00:00,144.932003697345
2012-02-28 18:00:00,155.50758105800548
2012-02-28 19:00:00,159.06149064040554
2012-02-28 20:00:00,164.754872521184
2012-02-28 21:00:00,129.4634607185085
2012-02-28 22:00:00,137.91595946456235
2012-02-28 23:00:00,133.11987264757954
2012-02-29 00:00:00,31.035065848822978
2012-02-29 01:00:00,34.45732565821089
2012-02-29 02:00:00,33.262774975583255
2012-02-29 03:00:00,29.068206167255607
2012-02-29 05:00:00,30.191436535008137
2012-02-29 06:00:00,31.892080590959512
2012-02-29 07:00:00,30.7654326702571
2012-02-29 08:00:00,35.78529051810024
2012-02-29 09:00:00,36.328301258935916
2012-02-29 10:00:00,38.70012817545153
2012-02-29 11:00:00,38.524881845504005
2012-02-29 12:00:00,42.08081732119701
2012-02-29 13:00:00,51.06853196738464
2012-02-29 14:00:00,54.40272912248518
2012-02-29 15:00:00,71.54033098070798
2012-02-29 16:00:00,71.22772552748097
2012-02-29 17:00:00,73.73367950059156
2012-02-29 18:00:00,70.60139112778599
2012-02-29 19:00:00,81.83077990030138
2012-02-29 20:00:00,87.48008822992315
2012-02-29 21:00:00,93.1915479110129
2012-02-29 22:00:00,96.47596185829194
2012-02-29 23:00:00,102.77475027400251
2012-03-20 00:00:00,35.75591779003282
2012-03-20 01:00:00,33.50006490507698
2012-03-20 02:00:00,36.90173925840048
2012-03-20 03:00:00,36.33247099854133
2012-03-20 04:00:00,39.21761657267283
2012-03-20 05:00:00,37.34406098827936
2012-03-20 06:00:00,42.298355127002694
2012-03-20 07:00:00,44.03411738417726
2012-03-20 08:00:00,49.94783143781873
2012-03-20 09:00:00,56.45903309523458
2012-03-20 10:00:00,63.638494822429905
2012-03-20 11:00:00,75.16888234848435
2012-03-20 12:00:00,93.0508941112339
2012-03-20 13:00:00,96.94022445689757
2012-03-20 14:00:00,104.52832718398204
2012-03-20 15:00:00,117.7727177457378
2012-03-20 16:00:00,141.5911867237061
2012-03-20 17:00:00,133.70729082587332
2012-03-20 18:00:00,151.79862164910574
2012-03-20 19:00:00,138.25490729919682
2012-03-20 20:00:00,152.5278438525502
2012-03-20 21:00:00,143.80200704799412
2012-03-20 22:00:00,141.66206759843303
2012-03-20 23:00:00,136.68248662534944
2012-03-21 00:00:00,32.63315128248577
2012-03-21 01:00:00,37.854035121091975
2012-03-21 02:00:00,37.52429900650243
2012-03-21 03:00:00,39.06415231159799
2012-03-21 04:00:00,40.696951162853566
2012-03-21 05:00:00,43.35400147467993
2012-03-21 06:00:00,43.25844455186331
2012-03-21 07:00:00,43.55147233923487
2012-03-21 08:00:00,44.8696313365208
2012-03-21 09:00:00,56.46098779525322
2012-03-21 10:00:00,65.72542562251046
2012-03-21 11:00:00,70.01655204980436
2012-03-21 12:00:00,77.45356798432647
2012-03-21 13:00:00,77.54724386622905
2012-03-21 14:00:00,90.26154442836835
2012-03-21 15:00:00,96.15460171930934
2012-03-21 16:00:00,117.12250367895528
2012-03-21 17:00:00,144.3206364764266
2012-03-21 18:00:00,148.68319132136943
2012-03-21 19:00:00,169.65221932738143
2012-03-21 20:00:00,142.73347913605795
2012-03-21 21:00:00,139.93971662080364
2012-03-21 22:00:00,146.90159209655266
2012-03-21 23:00:00,162.50518080871294
2012-03-22 00:00:00,36.51335968097872
2012-03-22 01:00:00,38.897268818003376
2012-03-22 02:00:00,41.436820241118454
2012-03-22 03:00:00,44.142175630080615
2012-03-22 04:00:00,35.011944821267605
2012-03-22 05:00:00,37.29782856063501
2012-03-22 06:00:00,39.732954637055634
2012-03-22 07:00:00,42.32706688604724
2012-03-22 08:00:00,49.778861955526175
2012-03-22 09:00:00,53.02885825505288
2012-03-22 10:00:00,53.09299377769703
2012-03-22 11:00:00,60.39189697159924
2012-03-22 12:00:00,76.36993761723414
2012-03-22 13:00:00,97.7523555254115
2012-03-22 14:00:00,118.35558222185045
2012-03-22 15:00:00,140.9940998272182
2012-03-22 16:00:00,159.70448017103166
2012-03-22 17:00:00,174.56923263622656
2012-03-22 18:00:00,185.9666277913394
2012-03-22 19:00:00,194.19108564845968
2012-03-22 20:00:00,188.68241072500368
2012-03-22 21:00:00,166.7118549247035
2012-03-22 22:00:00,164.3425364125689
2012-03-22 23:00:00,168.37698920779914
2012-03-23 00:00:00,41.28956443278704
2012-03-23 01:00:00,40.25673365831769
2012-03-23 02:00:00,44.34449584093127
2012-03-23 03:00:00,45.77815623666775
2012-03-23 04:00:00,42.211642667952
2012-03-23 05:00:00,43.24628303176784
2012-03-23 06:00:00,49.01832581650782
2012-03-23 07:00:00,52.13848395205972
2012-03-23 08:00:00,54.97121247717549
2012-03-23 09:00:00,62.28437907112755
2012-03-23 10:00:00,73.3376338187092
2012-03-23 11:00:00,103.66409686954778
2012-03-23 12:00:00,140.7443147072008
2012-03-23 13:00:00,169.83906824861015
2012-03-23 14:00:00,204.21391458053017
2012-03-23 15:00:00,219.98164956155293
2012-03-23 16:00:00,236.97569144136847
2012-03-23 17:00:00,252.44752205393493
2012-03-23 18:00:00,262.9271752170848
2012-03-23 19:00:00,254.0573203995329
2012-03-23 20:00:00,273.0149134243313
2012-03-23 21:00:00,259.7185503055206
2012-03-23 22:00:00,254.45462901813
2012-03-23 23:00:00,250.26336467259156
2012-03-24 00:00:00,50.697261386453164
2012-03-24 01:00:00,51.10554982283891
2012-03-24 02:00:00,50.62599817038552
2012-03-24 03:00:00,53.93130287704185
2012-03-24 04:00:00,51.746776568799916
2012-03-24 05:00:00,54.170896607862396
2012-03-24 06:00:00,57.70764306210808
2012-03-24 07:00:00,55.633066121453886
2012-03-24 08:00:00,56.956301044087724
2012-03-24 09:00:00,68.98985692401348
2012-03-24 10:00:00,71.36486045415084
2012-03-24 11:00:00,68.85630536040756
2012-03-24 12:00:00,73.55993975915061
2012-03-24 13:00:00,79.23963909660645
2012-03-24 14:00:00,93.39055504490136
2012-03-24 15:00:00,92.13955155514486
2012-03-24 16:00:00,93.87408609274321
2012-03-24 17:00:00,103.47958105546708
2012-03-24 18:00:00,96.2269799014939
2012-03-24 19:00:00,99.1357494831196
2012-03-24 20:00:00,97.81871962135806
2012-03-24 21:00:00,104.20517492196103
2012-03-24 22:00:00,113.5116515727903
2012-03-24 23:00:00,136.1399231845676
2012-03-25 00:00:00,30.172710224499973
2012-03-25 01:00:00,28.78880149470276
2012-03-25 02:00:00,29.803858745151963
2012-03-25 03:00:00,33.78175316213556
2012-03-25 04:00:00,38.078941540965076
2012-03-25 05:00:00,35.73351479862307
2012-03-25 06:00:00,38.066508890942096
2012-03-25 07:00:00,44.36798505626734
2012-03-25 08:00:00,47.264712333382505
2012-03-25 09:00:00,48.96518087568392
2012-03-25 10:00:00,57.663953629004816
2012-03-25 11:00:00,55.56764471269765
2012-03-25 12:00:00,58.54037381521425
2012-03-25 13:00:00,67.32842229571196
2012-03-25 14:00:00,74.4271508378523
2012-03-25 15:00:00,80.17380915060444
2012-03-25 16:00:00,100.27526880117422
2012-03-25 17:00:00,120.68800336488026
2012-03-25 18:00:00,128.5675640644309
2012-03-25 19:00:00,145.6186934834316
2012-03-25 20:00:00,140.40466966844426
2012-03-25 21:00:00,146.27328756438408
2012-03-25 22:00:00,141.01479539051095
2012-03-25 23:00:00,155.88259889415022
2012-03-26 00:00:00,33.160877064987126
2012-03-26 01:00:00,38.22049559567632
2012-03-26 02:00:00,36.46882730140678
2012-03-26 03:00:00,40.87722960297357
2012-03-26 04:00:00,41.50475507427309
2012-03-26 05:00:00,46.56044768263986
2012-03-26 06:00:00,45.898727910656184
2012-03-26 07:00:00,56.26490156944245
2012-03-26 08:00:00,67.21386452444575
2012-03-26 09:00:00,88.71214090190414
2012-03-26 10:00:00,127.45200874888346
2012-03-26 11:00:00,137.7998914847537
2012-03-26 12:00:00,140.6214443566208
2012-03-26 13:00:00,166.00266990735034
2012-03-26 14:00:00,155.19775415872195
2012-03-26 15:00:00,183.20306291916384
2012-03-26 16:00:00,205.68928012988223
2012-03-26 17:00:00,198.44277456354217
2012-03-26 18:00:00,199.5743441740451
2012-03-26 19:00:00,202.28016439509346
2012-03-26 20:00:00,216.300408975149
2012-03-26 21:00:00,221.87040418559326
2012-03-26 22:00:00,205.9104560543063
2012-03-26 23:00:00,217.29764452035968
2012-03-27 00:00:00,48.189634426967984
2012-03-27 01:00:00,48.38062327194727
2012-03-27 02:00:00,42.47466721069135
2012-03-27 03:00:00,45.75592396482682
2012-03-27 04:00:00,46.526675185214735
2012-03-27 05:00:00,44.86723853116772
2012-03-27 06:00:00,47.01551074012057
2012-03-27 07:00:00,50.08509148028021
2012-03-27 08:00:00,54.544150870645645
2012-03-27 09:00:00,57.39049435687669
2012-03-27 10:00:00,67.30138135659728
2012-03-27 11:00:00,80.01687996319242
2012-03-27 12:00:00,88.45340781101498
2012-03-27 13:00:00,99.44697739359998
2012-03-27 14:00:00,127.96925432101281
2012-03-27 15:00:00,140.20614423197452
2012-03-27 16:00:00,149.3600186281374
2012-03-27 17:00:00,172.07940611696412
2012-03-27 18:00:00,180.78985105822557
2012-03-27 19:00:00,186.25480506554388
2012-03-27 20:00:00,205.16755032051518
2012-03-27 21:00:00,158.1469266058792
2012-03-27 22:00:00,166.6011664019887
2012-03-27 23:00:00,181.4801766457906
2012-03-28 00:00:00,42.148560628797846
2012-03-28 01:00:00,42.43503763935661
2012-03-28 02:00:00,41.52649123358212
2012-03-28 03:00:00,48.09227840040277
2012-03-28 04:00:00,52.91730501952691
2012-03-28 05:00:00,56.37220613092714
2012-03-28 06:00:00,59.53124970708904
2012-03-28 07:00:00,62.71602169856787
2012-03-28 08:00:00,73.75361671338374
2012-03-28 09:00:00,86.9603622069234
2012-03-28 10:00:00,104.47665476326652
2012-03-28 11:00:00,117.28571214737016
2012-03-28 12:00:00,131.1533914245609
2012-03-28 13:00:00,143.93084807228433
2012-03-28 14:00:00,191.90815407470092
2012-03-28 15:00:00,185.23385794980297
2012-03-28 16:00:00,170.8583530316043
2012-03-28 17:00:00,169.3967085412163
2012-03-28 18:00:00,180.45639641441065
2012-03-28 19:00:00,201.50275215428786
2012-03-28 20:00:00,223.2025104763625
2012-03-28 21:00:00,202.07115983410063
2012-03-28 22:00:00,190.36045561635393
2012-03-28 23:00:00,187.52767284111835
2012-03-29 00:00:00,46.00530714188104
2012-03-29 01:00:00,54.01715073628861
2012-03-29 02:00:00,96.49295654595406
2012-03-29 03:00:00,92.59601420413694
2012-03-29 04:00:00,81.28081543272175
2012-03-29 05:00:00,75.186929373866775
2012-03-29 06:00:00,65.08713975067387
2012-03-29 07:00:00,78.31346614794832
2012-03-29 08:00:00,88.90970824697969
2012-03-29 09:00:00,97.27287353167856
2012-03-29 10:00:00,102.03139933818876
2012-03-29 11:00:00,118.14481327089548
2012-03-29 12:00:00,133.4915908771341
2012-03-29 13:00:00,121.68562700470844
2012-03-29 14:00:00,144.08008105505223
2012-03-29 15:00:00,164.2888492955694
2012-03-29 16:00:00,178.53064635836
2012-03-29 17:00:00,190.4948071443006
2012-03-29 18:00:00,187.18047329489502
2012-03-29 19:00:00,191.11459193522077
2012-03-29 20:00:00,199.3438393981258
2012-03-29 21:00:00,191.29065319972827
2012-03-29 22:00:00,196.37916994480003
2012-03-29 23:00:00,203.94283451671623
2012-03-30 00:00:00,49.84054541230004
2012-03-30 01:00:00,49.3283243736505
2012-03-30 02:00:00,46.925153065217316
2012-03-30 03:00:00,42.425596574807294
2012-03-30 04:00:00,49.107304926805405
2012-03-30 05:00:00,46.41139299435102
2012-03-30 06:00:00,52.39673385960454
2012-03-30 07:00:00,55.49983907467202
2012-03-30 08:00:00,53.869813827517355
2012-03-30 09:00:00,65.34967786933936
2012-03-30 10:00:00,68.66525904506379
2012-03-30 11:00:00,74.57505087380179
2012-03-30 12:00:00,81.58072804366826
2012-03-30 13:00:00,89.82490719657736
2012-03-30 14:00:00,91.81264668635521
2012-03-30 15:00:00,101.48151012270903
2012-03-30 16:00:00,106.63905168160075
2012-03-30 17:00:00,116.24789131530453
2012-03-30 18:00:00,144.42020983451474
2012-03-30 19:00:00,138.04003120310588
2012-03-30 20:00:00,143.8098122181364
2012-03-30 21:00:00,140.08078734671284
2012-03-30 22:00:00,133.51148379769745
2012-03-30 23:00:00,138.3756038985402
2012-03-31 00:00:00,32.59305939661229
2012-03-31 01:00:00,36.63659639544021
2012-03-31 02:00:00,40.98198416801603
2012-03-31 03:00:00,41.8096520248433
2012-03-31 04:00:00,51.7425191083577
2012-03-31 05:00:00,46.92209216075928
2012-03-31 06:00:00,39.83204098002049
2012-03-31 07:00:00,42.432622445770335
2012-03-31 08:00:00,45.70892389980697
2012-03-31 09:00:00,60.765017100427826
2012-03-31 10:00:00,63.304866149926994
2012-03-31 11:00:00,82.15824917135515
2012-03-31 12:00:00,90.96022379589255
2012-03-31 13:00:00,122.37271122363195
2012-03-31 14:00:00,117.28210919711447
2012-03-31 15:00:00,136.63952350963584
2012-03-31 16:00:00,135.34223093446656
2012-03-31 17:00:00,145.87302322787403
2012-03-31 18:00:00,133.19538320918562
2012-03-31 19:00:00,143.76384212504027
2012-03-31 20:00:00,134.91084376417598
2012-03-31 21:00:00,143.7189949708332
2012-03-31 22:00:00,143.4824793072558
2012-03-31 23:00:00,134.4499180456454
2012-04-20 00:00:00,43.6990429360224
2012-04-20 01:00:00,39.72238457837205
2012-04-20 02:00:00,38.33038211763409
2012-04-20 03:00:00,39.490515985536625
2012-04-20 04:00:00,38.102379942116286
2012-04-20 05:00:00,39.03629906380664
2012-04-20 06:00:00,44.246439047136114
2012-04-20 07:00:00,44.29995271095631
2012-04-20 08:00:00,48.970689496433586
2012-04-20 09:00:00,59.552072789081286
2012-04-20 10:00:00,79.57485437746924
2012-04-20 11:00:00,99.07274663097766
2012-04-20 12:00:00,134.18192209889042
2012-04-20 13:00:00,179.55027612345117
2012-04-20 14:00:00,195.29912181454824
2012-04-20 15:00:00,199.4556689194598
2012-04-20 16:00:00,223.60018003652596
2012-04-20 17:00:00,234.05336250942196
2012-04-20 18:00:00,236.93201409471925
2012-04-20 19:00:00,231.9523267739621
2012-04-20 20:00:00,213.36712956024104
2012-04-20 21:00:00,191.3349922492363
2012-04-20 22:00:00,205.4056097318681
2012-04-20 23:00:00,193.50166291327835
2012-04-21 00:00:00,44.95117155050399
2012-04-21 01:00:00,47.88597430531684
2012-04-21 02:00:00,49.33348170488817
2012-04-21 03:00:00,49.73078699428462
2012-04-21 04:00:00,53.570593264754834
2012-04-21 05:00:00,57.06814670479633
2012-04-21 06:00:00,60.12114888642858
2012-04-21 07:00:00,65.49051819799686
2012-04-21 08:00:00,72.33554319635255
2012-04-21 09:00:00,80.59881061019075
2012-04-21 10:00:00,120.70498809160317
2012-04-21 11:00:00,137.59983695633971
2012-04-21 12:00:00,152.4449832607909
2012-04-21 13:00:00,170.89875603657197
2012-04-21 14:00:00,216.30000363684698
2012-04-21 15:00:00,251.5551912243638
2012-04-21 16:00:00,257.4715677342038
2012-04-21 17:00:00,321.2064141625264
2012-04-21 18:00:00,276.34888902405095
2012-04-21 19:00:00,169.38025950633107
2012-04-21 20:00:00,136.86730751919396
2012-04-21 21:00:00,150.7651316313473
2012-04-21 22:00:00,163.9033864228843
2012-04-21 23:00:00,159.9143186861556
2012-04-22 00:00:00,34.275381578718545
2012-04-22 01:00:00,38.39285626393849
2012-04-22 02:00:00,46.6702466237467
2012-04-22 03:00:00,39.494200388757285
2012-04-22 04:00:00,44.3049874087381
2012-04-22 05:00:00,48.261828622655656
2012-04-22 06:00:00,56.29552129332869
2012-04-22 07:00:00,53.63175880815888
2012-04-22 08:00:00,49.73011468367382
2012-04-22 09:00:00,52.97692833805943
2012-04-22 10:00:00,55.924925290879116
2012-04-22 11:00:00,55.94621562954512
2012-04-22 12:00:00,60.26817763556077
2012-04-22 13:00:00,68.36615615005266
2012-04-22 14:00:00,68.39473728969077
2012-04-22 15:00:00,74.50301383260519
2012-04-22 16:00:00,81.15681542325369
2012-04-22 17:00:00,73.18404362568869
2012-04-22 18:00:00,77.96213339359839
2012-04-22 19:00:00,90.86448110167784
2012-04-22 20:00:00,88.98117703825889
2012-04-22 21:00:00,99.74107007712689
2012-04-22 22:00:00,104.08798701501459
2012-04-22 23:00:00,121.76484918046465
2012-04-23 00:00:00,26.80701844202513
2012-04-23 01:00:00,24.871050449058952
2012-04-23 02:00:00,26.87359114057895
2012-04-23 03:00:00,29.954940145542455
2012-04-23 04:00:00,29.392283572812094
2012-04-23 05:00:00,31.311267034740627
2012-04-23 06:00:00,34.505777729236854
2012-04-23 07:00:00,35.138663282018676
2012-04-23 08:00:00,42.132657517343794
2012-04-23 09:00:00,45.89548977319093
2012-04-23 10:00:00,53.137478037291054
2012-04-23 11:00:00,56.28235035721768
2012-04-23 12:00:00,58.8411164970287
2012-04-23 13:00:00,66.74983993142445
2012-04-23 14:00:00,78.63730307903879
2012-04-23 15:00:00,87.18208619650085
2012-04-23 16:00:00,63.46926287555486
2012-04-23 17:00:00,66.17692159007333
2012-04-23 18:00:00,72.32414560829635
2012-04-23 19:00:00,88.06011420007655
2012-04-23 20:00:00,89.92396556179358
2012-04-23 21:00:00,91.45264026694632
2012-04-23 22:00:00,107.9764951864491
2012-04-23 23:00:00,113.75296585185329
2012-04-24 00:00:00,24.99386778152856
2012-04-24 01:00:00,25.284175844511296
2012-04-24 02:00:00,28.33710371034566
2012-04-24 03:00:00,30.011964589962176
2012-04-24 04:00:00,34.14200010522988
2012-04-24 05:00:00,36.37108630048225
2012-04-24 06:00:00,39.18082868143402
2012-04-24 07:00:00,46.15337421641895
2012-04-24 08:00:00,53.129821982551285
2012-04-24 09:00:00,79.94815313394386
2012-04-24 10:00:00,86.41895437276857
2012-04-24 11:00:00,120.93145326527511
2012-04-24 12:00:00,136.4749738475114
2012-04-24 13:00:00,150.84726276669855
2012-04-24 14:00:00,167.4813027019557
2012-04-24 15:00:00,184.18245005812602
2012-04-24 16:00:00,180.4667069941819
2012-04-24 17:00:00,216.72304798149236
2012-04-24 18:00:00,200.5927653416413
2012-04-24 19:00:00,234.92803954248942
2012-04-24 20:00:00,240.453358769204
2012-04-24 21:00:00,206.38578695028835
2012-04-24 22:00:00,201.69666773826938
2012-04-24 23:00:00,199.6237916132908
2012-04-25 00:00:00,47.20775153915259
2012-04-25 01:00:00,46.98333039620902
2012-04-25 02:00:00,36.05893983041942
2012-04-25 03:00:00,33.39103274047899
2012-04-25 04:00:00,38.47019527976458
2012-04-25 05:00:00,40.30766742679423
2012-04-25 06:00:00,42.9393019164833
2012-04-25 07:00:00,43.43804927620238
2012-04-25 08:00:00,46.356088800829326
2012-04-25 09:00:00,68.12510068785207
2012-04-25 10:00:00,107.35283508814875
2012-04-25 11:00:00,122.75698508339599
2012-04-25 12:00:00,149.54037660094355
2012-04-25 13:00:00,165.02123509595876
2012-04-25 14:00:00,192.6430387686462
2012-04-25 15:00:00,204.30972089523547
2012-04-25 16:00:00,245.82490925819354
2012-04-25 17:00:00,258.9662505117291
2012-04-25 18:00:00,274.3428060592595
2012-04-25 19:00:00,282.6356986557008
2012-04-25 20:00:00,254.67599819718757
2012-04-25 21:00:00,187.89335788237068
2012-04-25 22:00:00,185.3612300813121
2012-04-25 23:00:00,195.13481061643472
2012-04-26 00:00:00,38.54408617828777
2012-04-26 01:00:00,49.58095391891263
2012-04-26 02:00:00,49.404479256814156
2012-04-26 03:00:00,52.33795309013441
2012-04-26 04:00:00,53.49614205373359
2012-04-26 05:00:00,55.60052720334945
2012-04-26 06:00:00,61.9318292696264
2012-04-26 07:00:00,51.91149045137898
2012-04-26 08:00:00,52.01111795660979
2012-04-26 09:00:00,51.4976387214243
2012-04-26 10:00:00,53.95076328001322
2012-04-26 11:00:00,58.76906063555119
2012-04-26 12:00:00,75.79227254440067
2012-04-26 13:00:00,79.499981299598
2012-04-26 14:00:00,97.10719642104279
2012-04-26 15:00:00,98.51707802970866
2012-04-26 16:00:00,100.93180863511381
2012-04-26 17:00:00,121.48002790494786
2012-04-26 18:00:00,125.06064607512911
2012-04-26 19:00:00,134.72184218468396
2012-04-26 20:00:00,148.5048484850977
2012-04-26 21:00:00,144.89385250173405
2012-04-26 22:00:00,150.9501087346024
2012-04-26 23:00:00,147.1577439228118
2012-04-27 00:00:00,57.115058575204756
2012-04-27 01:00:00,59.64384824208451
2012-04-27 02:00:00,60.55720700791824
2012-04-27 03:00:00,69.74866556047077
2012-04-27 04:00:00,67.55747198567296
2012-04-27 05:00:00,74.83271164997764
2012-04-27 06:00:00,74.65885248750357
2012-04-27 07:00:00,72.09418580023359
2012-04-27 08:00:00,71.6854292219561
2012-04-27 09:00:00,101.33169926490811
2012-04-27 10:00:00,115.90973382202135
2012-04-27 11:00:00,119.41793802968635
2012-04-27 12:00:00,136.26006280060798
2012-04-27 13:00:00,151.4108916376581
2012-04-27 14:00:00,157.73954630707362
2012-04-27 15:00:00,208.03493560074827
2012-04-27 16:00:00,202.70675216166896
2012-04-27 17:00:00,248.11553781289714
2012-04-27 18:00:00,249.29593925634117
2012-04-27 19:00:00,253.50475767009513
2012-04-27 20:00:00,231.45060483303357
2012-04-27 21:00:00,234.069402055678
2012-04-27 22:00:00,224.40234933151987
2012-04-27 23:00:00,225.68194683557363
2012-04-28 00:00:00,48.241050187713974
2012-04-28 01:00:00,46.03966876118101
2012-04-28 02:00:00,51.00656325322595
2012-04-28 03:00:00,49.48110196457704
2012-04-28 04:00:00,52.426717935245115
2012-04-28 05:00:00,56.96933358341885
2012-04-28 06:00:00,60.16183960095762
2012-04-28 07:00:00,63.380346564270354
2012-04-28 08:00:00,81.61620812181178
2012-04-28 09:00:00,81.51639862645838
2012-04-28 10:00:00,89.51086056094222
2012-04-28 11:00:00,93.2522249999553
2012-04-28 12:00:00,92.61995138051826
2012-04-28 13:00:00,108.93812089390916
2012-04-28 14:00:00,129.6611941268401
2012-04-28 15:00:00,140.01476242875773
2012-04-28 16:00:00,150.88379566960384
2012-04-28 17:00:00,146.85517007132265
2012-04-28 18:00:00,128.8033468242576
2012-04-28 19:00:00,101.0691449983469
2012-04-28 20:00:00,121.1055229750621
2012-04-28 21:00:00,117.2835385314859
2012-04-28 22:00:00,127.8515124177054
2012-04-28 23:00:00,136.51985076522595
2012-04-29 00:00:00,26.014333677721314
2012-04-29 01:00:00,28.997820588927457
2012-04-29 02:00:00,29.200233406479764
2012-04-29 03:00:00,31.62579506624935
2012-04-29 04:00:00,32.94768633480468
2012-04-29 05:00:00,34.820544423178475
2012-04-29 06:00:00,37.70328966838614
2012-04-29 07:00:00,38.384971170083574
2012-04-29 08:00:00,53.39482717425444
2012-04-29 09:00:00,62.15615204598507
2012-04-29 10:00:00,70.41730527647533
2012-04-29 11:00:00,92.15988357721302
2012-04-29 12:00:00,113.88287542951653
2012-04-29 13:00:00,124.58118070838802
2012-04-29 14:00:00,153.99074354466657
2012-04-29 15:00:00,173.49718530879744
2012-04-29 16:00:00,234.97761475084556
2012-04-29 17:00:00,268.3009705962302
2012-04-29 18:00:00,281.4983042783205
2012-04-29 19:00:00,228.10902975601607
2012-04-29 20:00:00,246.50757047044615
2012-04-29 21:00:00,210.1934669331417
2012-04-29 22:00:00,211.69347892891193
2012-04-29 23:00:00,188.05814617191135
2012-04-30 00:00:00,34.95012381662826
2012-04-30 01:00:00,33.88297255721917
2012-04-30 02:00:00,39.051876594968824
2012-04-30 03:00:00,38.50261022252961
2012-04-30 04:00:00,47.236209216683925
2012-04-30 05:00:00,50.320199069546526
2012-04-30 06:00:00,63.52539895502776
2012-04-30 07:00:00,65.60599504667636
2012-04-30 08:00:00,75.13522832609445
2012-04-30 09:00:00,76.49368525985795
2012-04-30 10:00:00,85.36050574192703
2012-04-30 11:00:00,89.46123838280404
2012-04-30 12:00:00,93.42537337600494
2012-04-30 13:00:00,101.11197652891333
2012-04-30 14:00:00,109.03756575397982
2012-04-30 15:00:00,119.19973576627936
2012-04-30 16:00:00,140.46766512617143
2012-04-30 17:00:00,147.98233158796074
2012-04-30 18:00:00,154.0549588834627
2012-04-30 19:00:00,153.46103464399266
2012-04-30 20:00:00,162.2437322211852
2012-04-30 21:00:00,172.83641169648843
2012-04-30 22:00:00,189.77120995178936
2012-04-30 23:00:00,206.7195173246099
2012-05-20 00:00:00,58.43435266409113
2012-05-20 01:00:00,58.29207609325879
2012-05-20 02:00:00,62.097888925301426
2012-05-20 03:00:00,63.255652384487426
2012-05-20 04:00:00,57.36093995561348
2012-05-20 05:00:00,56.81633968478553
2012-05-20 06:00:00,67.17194715604182
2012-05-20 07:00:00,72.10290413961286
2012-05-20 08:00:00,92.58779761173638
2012-05-20 09:00:00,153.6365903467054
2012-05-20 10:00:00,169.6768711465139
2012-05-20 11:00:00,179.04376439630926
2012-05-20 12:00:00,197.9211275852175
2012-05-20 13:00:00,209.3579228055234
2012-05-20 14:00:00,235.6914363788516
2012-05-20 15:00:00,233.85275296883285
2012-05-20 16:00:00,256.42313768258276
2012-05-20 17:00:00,261.890367320748
2012-05-20 18:00:00,257.0142474382481
2012-05-20 19:00:00,237.1130533208762
2012-05-20 20:00:00,252.59385210954287
2012-05-20 21:00:00,236.1108858075818
2012-05-20 22:00:00,227.44283211502952
2012-05-20 23:00:00,204.80172971158922
2012-05-21 00:00:00,37.671595775062585
2012-05-21 01:00:00,41.03601435353199
2012-05-21 02:00:00,38.07796131105941
2012-05-21 03:00:00,45.92357110919735
2012-05-21 04:00:00,46.75387661283821
2012-05-21 05:00:00,49.806375605603606
2012-05-21 06:00:00,53.05816823508691
2012-05-21 07:00:00,56.522266120204456
2012-05-21 08:00:00,59.21339217373406
2012-05-21 09:00:00,62.38115958737368
2012-05-21 10:00:00,70.51317048763632
2012-05-21 11:00:00,82.13424877679347
2012-05-21 12:00:00,90.4709719117263
2012-05-21 13:00:00,92.10670153996945
2012-05-21 14:00:00,95.95656663541025
2012-05-21 15:00:00,129.8949998766058
2012-05-21 16:00:00,141.49581321736758
2012-05-21 17:00:00,163.00074410575738
2012-05-21 18:00:00,158.91396306752904
2012-05-21 19:00:00,182.05019583007714
2012-05-21 20:00:00,190.0605924161156
2012-05-21 21:00:00,195.17375207295228
2012-05-21 22:00:00,192.73659005105384
2012-05-21 23:00:00,224.6386644042584
2012-05-22 00:00:00,41.82098043875436
2012-05-22 01:00:00,40.72006840206109
2012-05-22 02:00:00,42.89848955021556
2012-05-22 03:00:00,45.699275402211235
2012-05-22 04:00:00,45.555712923995024
2012-05-22 05:00:00,46.89846544277821
2012-05-22 06:00:00,48.317926849289826
2012-05-22 07:00:00,51.472540620920256
2012-05-22 08:00:00,58.0179083881305
2012-05-22 09:00:00,69.29953068762491
2012-05-22 10:00:00,78.63412510987993
2012-05-22 11:00:00,81.01109414113819
2012-05-22 12:00:00,93.10643367815912
2012-05-22 13:00:00,104.23506637798727
2012-05-22 14:00:00,115.46010288446568
2012-05-22 15:00:00,161.86475042818998
2012-05-22 16:00:00,167.11652610124926
2012-05-22 17:00:00,198.17617758396972
2012-05-22 18:00:00,191.77316517106536
2012-05-22 19:00:00,187.41321635735855
2012-05-22 20:00:00,186.69068686010377
2012-05-22 21:00:00,174.06227645964333
2012-05-22 22:00:00,192.03183628773922
2012-05-22 23:00:00,205.71097060786474
2012-05-23 00:00:00,46.54880454813782
2012-05-23 01:00:00,45.12096897200098
2012-05-23 02:00:00,45.936763300755956
2012-05-23 03:00:00,53.63639236106159
2012-05-23 04:00:00,48.554153657955595
2012-05-23 05:00:00,48.40162269186313
2012-05-23 06:00:00,53.394486806257575
2012-05-23 07:00:00,59.77651228385945
2012-05-23 08:00:00,63.679241998627184
2012-05-23 09:00:00,74.75571845188013
2012-05-23 10:00:00,86.1650106631057
2012-05-23 11:00:00,97.00229444170112
2012-05-23 12:00:00,110.42732192381493
2012-05-23 13:00:00,114.8662973083348
2012-05-23 14:00:00,144.20305049314453
2012-05-23 15:00:00,150.99081015827053
2012-05-23 16:00:00,158.9521343386178
2012-05-23 17:00:00,140.32258295587462
2012-05-23 18:00:00,149.48405948288044
2012-05-23 19:00:00,139.69162081914985
2012-05-23 20:00:00,144.72278834163933
2012-05-23 21:00:00,149.09749951855824
2012-05-23 22:00:00,168.87769611246725
2012-05-23 23:00:00,179.3945614040172
2012-05-24 00:00:00,42.32698009855534
2012-05-24 01:00:00,42.1020052350203
2012-05-24 02:00:00,43.37467358934709
2012-05-24 03:00:00,45.91652083233697
2012-05-24 04:00:00,50.017286742796614
2012-05-24 05:00:00,53.282849482492956
2012-05-24 06:00:00,56.76161651017334
2012-05-24 07:00:00,66.26823149666895
2012-05-24 08:00:00,83.54220676489953
2012-05-24 09:00:00,89.9960167227964
2012-05-24 10:00:00,106.86349619451354
2012-05-24 11:00:00,118.11737666008588
2012-05-24 12:00:00,144.0332664918382
2012-05-24 13:00:00,169.6841167292508
2012-05-24 14:00:00,189.80998426555345
2012-05-24 15:00:00,204.46556508040123
2012-05-24 16:00:00,226.484387652283
2012-05-24 17:00:00,234.64150465633244
2012-05-24 18:00:00,247.52118740922816
2012-05-24 19:00:00,233.73903529088835
2012-05-24 20:00:00,202.34403448823832
2012-05-24 21:00:00,170.0966072756399
2012-05-24 22:00:00,185.4233660546728
2012-05-24 23:00:00,199.74024794415988
2012-05-25 00:00:00,48.503522495664704
2012-05-25 01:00:00,50.8147597308243
2012-05-25 02:00:00,50.03086091118968
2012-05-25 03:00:00,51.73991499789077
2012-05-25 04:00:00,53.0081007659339
2012-05-25 05:00:00,58.39066636408401
2012-05-25 06:00:00,62.550048389880615
2012-05-25 07:00:00,68.1363406760806
2012-05-25 08:00:00,72.90167778607783
2012-05-25 09:00:00,78.53055149609875
2012-05-25 10:00:00,109.32922000577244
2012-05-25 11:00:00,115.1737562385496
2012-05-25 12:00:00,151.97591264229558
2012-05-25 13:00:00,174.07032146697787
2012-05-25 14:00:00,193.26518536916834
2012-05-25 15:00:00,213.17618230356524
2012-05-25 16:00:00,259.80484588313084
2012-05-25 17:00:00,250.15384393621028
2012-05-25 18:00:00,257.71554744922963
2012-05-25 19:00:00,266.0089781349998
2012-05-25 20:00:00,246.7698076590091
2012-05-25 21:00:00,259.9616614190778
2012-05-25 22:00:00,231.7642784003052
2012-05-25 23:00:00,243.55108990386736
2012-05-26 00:00:00,50.70294596827704
2012-05-26 01:00:00,53.413430912782225
2012-05-26 02:00:00,53.47803155515945
2012-05-26 03:00:00,54.857203941833916
2012-05-26 04:00:00,59.092830369795415
2012-05-26 05:00:00,70.5017907548624
2012-05-26 06:00:00,68.57301748940114
2012-05-26 07:00:00,69.04010190762027
2012-05-26 08:00:00,89.06426379016291
2012-05-26 09:00:00,90.58844856510153
2012-05-26 10:00:00,113.27725343787117
2012-05-26 11:00:00,132.61951978238187
2012-05-26 12:00:00,167.0824006418355
2012-05-26 13:00:00,185.75626414838078
2012-05-26 14:00:00,200.10632352227583
2012-05-26 15:00:00,217.97765120766195
2012-05-26 16:00:00,262.4888546547043
2012-05-26 17:00:00,271.0102084847507
2012-05-26 18:00:00,272.1147099799649
2012-05-26 19:00:00,248.6088352542651
2012-05-26 20:00:00,288.5026555414726
2012-05-26 21:00:00,280.2186866624835
2012-05-26 22:00:00,271.9141054539191
2012-05-26 23:00:00,289.66701907624895
2012-05-27 00:00:00,59.20813439666931
2012-05-27 01:00:00,61.75899917017623
2012-05-27 02:00:00,64.06795429858576
2012-05-27 03:00:00,66.74585912924988
2012-05-27 04:00:00,61.43643590377724
2012-05-27 05:00:00,65.44753984427656
2012-05-27 06:00:00,68.9488184640403
2012-05-27 07:00:00,68.5746789912307
2012-05-27 08:00:00,80.72025578482668
2012-05-27 09:00:00,91.76886374649777
2012-05-27 10:00:00,114.50000901760336
2012-05-27 11:00:00,143.47451684544086
2012-05-27 12:00:00,160.37679788742102
2012-05-27 13:00:00,188.30648471427415
2012-05-27 14:00:00,205.12397870634862
2012-05-27 15:00:00,239.8630852363241
2012-05-27 16:00:00,255.5234299848155
2012-05-27 17:00:00,282.34892231340683
2012-05-27 18:00:00,268.6288303453983
2012-05-27 19:00:00,275.21313299730633
2012-05-27 20:00:00,283.3859820301586
2012-05-27 21:00:00,226.25398890988777
2012-05-27 22:00:00,162.929054230405
2012-05-27 23:00:00,182.4947773436456
2012-05-28 00:00:00,46.42685284784738
2012-05-28 01:00:00,52.051563988752875
2012-05-28 02:00:00,50.773631640825535
2012-05-28 03:00:00,61.904345552674734
2012-05-28 04:00:00,59.685568893565694
2012-05-28 05:00:00,63.58236103422446
2012-05-28 06:00:00,74.83815561006526
2012-05-28 07:00:00,74.03798100017822
2012-05-28 08:00:00,89.63289155365742
2012-05-28 09:00:00,111.67105801450333
2012-05-28 10:00:00,118.96191423447105
2012-05-28 11:00:00,133.53753303372667
2012-05-28 12:00:00,159.6301748941384
2012-05-28 13:00:00,201.5946318031217
2012-05-28 14:00:00,214.75647965633203
2012-05-28 15:00:00,252.31933392651092
2012-05-28 16:00:00,271.8115294636411
2012-05-28 17:00:00,286.34206697550667
2012-05-28 18:00:00,284.9808241319415
2012-05-28 19:00:00,311.11052036373803
2012-05-28 20:00:00,297.0869645742532
2012-05-28 21:00:00,291.04176779462244
2012-05-28 22:00:00,269.58634081985934
2012-05-28 23:00:00,270.0948787491462
2012-05-29 00:00:00,55.03366044019349
2012-05-29 01:00:00,58.626735608119866
2012-05-29 02:00:00,55.52928990615409
2012-05-29 03:00:00,65.18816154741621
2012-05-29 04:00:00,65.02002304686066
2012-05-29 05:00:00,69.26509466955525
2012-05-29 06:00:00,73.78732142442841
2012-05-29 07:00:00,78.6047984048309
2012-05-29 08:00:00,96.1211334330564
2012-05-29 09:00:00,113.22666698839794
2012-05-29 10:00:00,127.27661507742845
2012-05-29 11:00:00,152.8115558167287
2012-05-29 12:00:00,193.8060973273996
2012-05-29 13:00:00,225.94715668371475
2012-05-29 14:00:00,243.39295558347393
2012-05-29 15:00:00,264.49209344216297
2012-05-29 16:00:00,292.9642087108186
2012-05-29 17:00:00,307.83817902571735
2012-05-29 18:00:00,315.03130474224446
2012-05-29 19:00:00,293.203916101588
2012-05-29 20:00:00,238.40863053718238
2012-05-29 21:00:00,150.16096313632067
2012-05-29 22:00:00,151.92307516388715
2012-05-29 23:00:00,138.22914774996406
2012-05-30 00:00:00,37.64151688128538
2012-05-30 01:00:00,41.462175245994736
2012-05-30 02:00:00,38.22410960325076
2012-05-30 03:00:00,44.80511733641096
2012-05-30 04:00:00,49.94364914676895
2012-05-30 05:00:00,61.03230303823793
2012-05-30 06:00:00,61.96923846905241
2012-05-30 07:00:00,65.23426699281919
2012-05-30 08:00:00,77.01519937121901
2012-05-30 09:00:00,89.72320825259209
2012-05-30 10:00:00,98.83391109079732
2012-05-30 11:00:00,112.33248567173058
2012-05-30 12:00:00,140.496881901637
2012-05-30 13:00:00,154.38502993999154
2012-05-30 14:00:00,193.62343320419046
2012-05-30 15:00:00,191.15692965607917
2012-05-30 16:00:00,205.9242017202128
2012-05-30 17:00:00,224.5083032150459
2012-05-30 18:00:00,245.92374779220762
2012-05-30 19:00:00,241.3449093704045
2012-05-30 20:00:00,161.02794572139095
2012-05-30 21:00:00,241.1765034092008
2012-05-30 22:00:00,218.70157700171927
2012-05-30 23:00:00,242.8179626690989
2012-05-31 00:00:00,54.47467715039424
2012-05-31 01:00:00,57.07044536938372
2012-05-31 02:00:00,63.36364585566266
2012-05-31 03:00:00,63.483172746964065
2012-05-31 04:00:00,65.40215557299155
2012-05-31 05:00:00,76.59698077568798
2012-05-31 06:00:00,74.61358841062203
2012-05-31 07:00:00,90.73211281538707
2012-05-31 08:00:00,106.61742203482943
2012-05-31 09:00:00,131.09133209314044
2012-05-31 10:00:00,168.8566523374228
2012-05-31 11:00:00,183.24519729548115
2012-05-31 12:00:00,188.78437203023577
2012-05-31 13:00:00,204.84132000112186
2012-05-31 14:00:00,241.32146205275293
2012-05-31 15:00:00,261.8383460939824
2012-05-31 16:00:00,277.38543713473274
2012-05-31 17:00:00,288.5121293449094
2012-05-31 18:00:00,302.61465253098464
2012-05-31 19:00:00,299.82967046185644
2012-05-31 20:00:00,272.1031673374968
2012-05-31 21:00:00,289.86842456106393
2012-05-31 22:00:00,279.67922348478356
2012-05-31 23:00:00,292.31410888914746
2012-06-20 00:00:00,55.54511197986537
2012-06-20 01:00:00,56.068337571855054
2012-06-20 02:00:00,53.702452310562336
2012-06-20 03:00:00,56.57328527087706
2012-06-20 04:00:00,59.26905408735931
2012-06-20 05:00:00,63.13865252519542
2012-06-20 06:00:00,57.24524627870364
2012-06-20 07:00:00,61.19134060284721
2012-06-20 08:00:00,85.14935419391233
2012-06-20 09:00:00,96.94945029244955
2012-06-20 10:00:00,171.57495409472378
2012-06-20 11:00:00,200.05153018407563
2012-06-20 12:00:00,223.24064702789804
2012-06-20 13:00:00,235.8837879654162
2012-06-20 14:00:00,283.8913369865985
2012-06-20 15:00:00,304.21333433721145
2012-06-20 16:00:00,336.9739580155194
2012-06-20 17:00:00,338.16766648666874
2012-06-20 18:00:00,360.24618780126116
2012-06-20 19:00:00,399.78224502116933
2012-06-20 20:00:00,397.56722079294263
2012-06-20 21:00:00,368.6584662577388
2012-06-20 22:00:00,379.1755930520805
2012-06-20 23:00:00,333.5643547222132
2012-06-21 00:00:00,61.54167605453007
2012-06-21 01:00:00,59.536941817239146
2012-06-21 02:00:00,62.72201832228137
2012-06-21 03:00:00,67.66880969650511
2012-06-21 04:00:00,63.69279193634127
2012-06-21 05:00:00,68.22986387693098
2012-06-21 06:00:00,69.0779711143944
2012-06-21 07:00:00,73.5879808189387
2012-06-21 08:00:00,98.71290885082017
2012-06-21 09:00:00,150.01816809371354
2012-06-21 10:00:00,177.05925665921495
2012-06-21 11:00:00,211.36359696410435
2012-06-21 12:00:00,263.7585010258728
2012-06-21 13:00:00,261.33967440086826
2012-06-21 14:00:00,274.7457665747358
2012-06-21 15:00:00,334.02001179329955
2012-06-21 16:00:00,332.194069942448
2012-06-21 17:00:00,312.39086523063264
2012-06-21 18:00:00,336.5001212275123
2012-06-21 19:00:00,383.9728016405666
2012-06-21 20:00:00,370.21044162518086
2012-06-21 21:00:00,342.9571827568071
2012-06-21 22:00:00,321.4919968597756
2012-06-21 23:00:00,341.28714890159023
2012-06-22 00:00:00,67.78537497086475
2012-06-22 01:00:00,74.61915994695087
2012-06-22 02:00:00,67.97136360870816
2012-06-22 03:00:00,72.40912436747051
2012-06-22 04:00:00,87.5016129002563
2012-06-22 05:00:00,91.33174712227911
2012-06-22 06:00:00,94.09254256798428
2012-06-22 07:00:00,119.09328261982353
2012-06-22 08:00:00,134.28929008763004
2012-06-22 09:00:00,145.84824749524986
2012-06-22 10:00:00,187.145004109431
2012-06-22 11:00:00,191.27063738504862
2012-06-22 12:00:00,220.66157303417768
2012-06-22 13:00:00,285.32263136281847
2012-06-22 14:00:00,303.9509699722639
2012-06-22 15:00:00,368.1990501345867
2012-06-22 16:00:00,382.25096484884745
2012-06-22 17:00:00,300.2746194627972
2012-06-22 18:00:00,275.10847690601565
2012-06-22 19:00:00,297.4743813035491
2012-06-22 20:00:00,316.896091653301
2012-06-22 21:00:00,229.55884961358493
2012-06-22 22:00:00,242.97004296559993
2012-06-22 23:00:00,215.2942800542597
2012-06-23 00:00:00,45.24320569896439
2012-06-23 01:00:00,56.31871436386814
2012-06-23 02:00:00,52.75590647054102
2012-06-23 03:00:00,54.05101374447681
2012-06-23 04:00:00,59.20684305060058
2012-06-23 05:00:00,63.7783131788848
2012-06-23 06:00:00,68.3740211224165
2012-06-23 07:00:00,74.89609642607358
2012-06-23 08:00:00,105.01874894762817
2012-06-23 09:00:00,130.2355276058942
2012-06-23 10:00:00,152.1657187004358
2012-06-23 11:00:00,179.7853091114194
2012-06-23 12:00:00,218.416068174277
2012-06-23 13:00:00,260.52699144339425
2012-06-23 14:00:00,261.8382877753832
2012-06-23 15:00:00,330.5498841333074
2012-06-23 16:00:00,356.81039212778046
2012-06-23 17:00:00,366.3959010534212
2012-06-23 18:00:00,396.9034342513048
2012-06-23 19:00:00,387.87687941247293
2012-06-23 20:00:00,382.06211857776515
2012-06-23 21:00:00,375.7677956952804
2012-06-23 22:00:00,366.037712740676
2012-06-23 23:00:00,341.91828884623436
2012-06-24 00:00:00,69.09253341493013
2012-06-24 01:00:00,67.96083044102424
2012-06-24 02:00:00,72.22096767178971
2012-06-24 03:00:00,66.33356005811093
2012-06-24 04:00:00,68.33870499704067
2012-06-24 05:00:00,72.60023708603603
2012-06-24 06:00:00,83.15803740171684
2012-06-24 07:00:00,83.12393962634133
2012-06-24 08:00:00,106.59500416881133
2012-06-24 09:00:00,126.67840243464607
2012-06-24 10:00:00,160.05476570563093
2012-06-24 11:00:00,179.27532304295187
2012-06-24 12:00:00,224.75397379884274
2012-06-24 13:00:00,244.82656242898
2012-06-24 14:00:00,291.270623206777
2012-06-24 15:00:00,319.64001531457137
2012-06-24 16:00:00,325.0606308950076
2012-06-24 17:00:00,339.1961352685257
2012-06-24 18:00:00,346.9366276385469
2012-06-24 19:00:00,347.50189440589537
2012-06-24 20:00:00,323.01097946963165
2012-06-24 21:00:00,303.9134778549497
2012-06-24 22:00:00,298.3897805581596
2012-06-24 23:00:00,308.16270007428363
2012-06-25 00:00:00,67.45224325384359
2012-06-25 01:00:00,65.27745770107323
2012-06-25 02:00:00,66.03566657323675
2012-06-25 03:00:00,69.2712436225107
2012-06-25 04:00:00,63.71053545184871
2012-06-25 05:00:00,69.5748590083817
2012-06-25 06:00:00,67.38489942283483
2012-06-25 07:00:00,80.73666456232215
2012-06-25 08:00:00,89.5653575494111
2012-06-25 09:00:00,107.06603128917735
2012-06-25 10:00:00,139.74541004589764
2012-06-25 11:00:00,192.9332063445438
2012-06-25 12:00:00,173.73887665514363
2012-06-25 13:00:00,171.95029333363553
2012-06-25 14:00:00,214.92971946123325
2012-06-25 15:00:00,256.2942981850265
2012-06-25 16:00:00,296.2128694693708
2012-06-25 17:00:00,342.9465008070653
2012-06-25 18:00:00,332.73710280811235
2012-06-25 19:00:00,343.494514690734
2012-06-25 20:00:00,345.78946858113915
2012-06-25 21:00:00,327.2115654411599
2012-06-25 22:00:00,353.00668754139735
2012-06-25 23:00:00,345.87371291173935
2012-06-26 00:00:00,77.50086769767806
2012-06-26 01:00:00,81.05683926321737
2012-06-26 02:00:00,66.35655867935864
2012-06-26 03:00:00,66.73494013176604
2012-06-26 04:00:00,71.48871548253717
2012-06-26 05:00:00,73.57018540353359
2012-06-26 06:00:00,72.72332145033911
2012-06-26 07:00:00,79.21818020908302
2012-06-26 08:00:00,92.68560637391074
2012-06-26 09:00:00,109.27834087945033
2012-06-26 10:00:00,135.79705128423572
2012-06-26 11:00:00,158.92079851188478
2012-06-26 12:00:00,178.30607456308962
2012-06-26 13:00:00,210.74867267050774
2012-06-26 14:00:00,224.5081757889449
2012-06-26 15:00:00,253.3362670946859
2012-06-26 16:00:00,273.9362116086936
2012-06-26 17:00:00,282.72554885126084
2012-06-26 18:00:00,294.5428781434129
2012-06-26 19:00:00,298.422283044177
2012-06-26 20:00:00,306.8912537470219
2012-06-26 21:00:00,297.3507941632076
2012-06-26 22:00:00,312.1437296612026
2012-06-26 23:00:00,284.2149667618363
2012-06-27 00:00:00,68.4857212164451
2012-06-27 01:00:00,69.27323671621153
2012-06-27 02:00:00,59.53073023756082
2012-06-27 03:00:00,66.75666575495197
2012-06-27 04:00:00,89.32155191649187
2012-06-27 05:00:00,93.28298127653566
2012-06-27 06:00:00,86.76908337977312
2012-06-27 07:00:00,108.85234554281472
2012-06-27 08:00:00,116.99264450484492
2012-06-27 09:00:00,133.91061409964504
2012-06-27 10:00:00,151.37216602487595
2012-06-27 11:00:00,188.69806352638471
2012-06-27 12:00:00,208.42065845340034
2012-06-27 13:00:00,246.78663957921162
2012-06-27 14:00:00,269.5973237242678
2012-06-27 15:00:00,297.53033891563786
2012-06-27 16:00:00,328.2840028795648
2012-06-27 17:00:00,342.0055790835415
2012-06-27 18:00:00,338.57759016316487
2012-06-27 19:00:00,340.47018586703416
2012-06-27 20:00:00,325.64746104821523
2012-06-27 21:00:00,313.69235924274506
2012-06-27 22:00:00,309.0805595845245
2012-06-27 23:00:00,291.1804329661049
2012-06-28 00:00:00,64.54316731580685
2012-06-28 01:00:00,63.44614269603581
2012-06-28 02:00:00,72.83967414658815
2012-06-28 03:00:00,77.59528048501025
2012-06-28 04:00:00,70.08431075365792
2012-06-28 05:00:00,78.6978077382515
2012-06-28 06:00:00,83.83588389914662
2012-06-28 07:00:00,84.7271787978671
2012-06-28 08:00:00,108.24867492768055
2012-06-28 09:00:00,120.46505819776881
2012-06-28 10:00:00,146.16974887645156
2012-06-28 11:00:00,203.90672579387132
2012-06-28 12:00:00,250.37391646861263
2012-06-28 13:00:00,275.2758000227572
2012-06-28 14:00:00,302.9330692619897
2012-06-28 15:00:00,322.71117015520275
2012-06-28 16:00:00,346.3206535733203
2012-06-28 17:00:00,372.765835008463
2012-06-28 18:00:00,375.20201097387974
2012-06-28 19:00:00,382.5550817443002
2012-06-28 20:00:00,368.6053728291103
2012-06-28 21:00:00,287.7137740509171
2012-06-28 22:00:00,312.6549748674798
2012-06-28 23:00:00,325.2735336404317
2012-06-29 00:00:00,82.47838795492956
2012-06-29 01:00:00,86.13632157344992
2012-06-29 02:00:00,84.59942486528612
2012-06-29 03:00:00,90.12280983137694
2012-06-29 04:00:00,85.10788771672914
2012-06-29 05:00:00,92.40912660497239
2012-06-29 06:00:00,96.20124272149205
2012-06-29 07:00:00,104.86957106178731
2012-06-29 08:00:00,122.30848449007497
2012-06-29 09:00:00,144.66341822199223
2012-06-29 10:00:00,256.11234334853754
2012-06-29 11:00:00,255.6835396862813
2012-06-29 12:00:00,290.1992750693266
2012-06-29 13:00:00,329.4831340431192
2012-06-29 14:00:00,382.4078554251698
2012-06-29 15:00:00,374.6930631854894
2012-06-29 16:00:00,399.1562795181393
2012-06-29 17:00:00,484.257778242005
2012-06-29 18:00:00,453.3597664530026
2012-06-29 19:00:00,421.54988588964784
2012-06-29 20:00:00,501.7290091863692
2012-06-29 21:00:00,392.3690698121308
2012-06-29 22:00:00,346.09733300119643
2012-06-29 23:00:00,368.69357179297265
2012-06-30 00:00:00,41.292857631805205
2012-06-30 01:00:00,44.98068806521895
2012-06-30 02:00:00,46.11691861805924
2012-06-30 03:00:00,49.1278314627155
2012-06-30 04:00:00,47.092033929284696
2012-06-30 05:00:00,62.02720072776779
2012-06-30 06:00:00,66.07687492512785
2012-06-30 07:00:00,70.39094701425712
2012-06-30 08:00:00,74.98667918509106
2012-06-30 09:00:00,79.88246065319848
2012-06-30 10:00:00,256.56420008257413
2012-06-30 11:00:00,273.31493861099517
2012-06-30 12:00:00,291.15931078416196
2012-06-30 13:00:00,310.16871850157185
2012-06-30 14:00:00,330.4192253986493
2012-06-30 15:00:00,351.99186120533955
2012-06-30 16:00:00,380.2229440749382
2012-06-30 17:00:00,374.2129141430374
2012-06-30 18:00:00,373.8597273754287
2012-06-30 19:00:00,370.53732962816963
2012-06-30 20:00:00,350.3491219171438
2012-06-30 21:00:00,373.2229544043232
2012-06-30 22:00:00,333.0036218107918
2012-06-30 23:00:00,344.9971615600003
2012-07-20 00:00:00,41.12147403066312
2012-07-20 01:00:00,48.77051944904605
2012-07-20 02:00:00,48.83021527602644
2012-07-20 03:00:00,52.30857119113914
2012-07-20 04:00:00,56.98020575048946
2012-07-20 05:00:00,60.02626129759978
2012-07-20 06:00:00,64.66341535300988
2012-07-20 07:00:00,69.6561975458805
2012-07-20 08:00:00,83.81263590053678
2012-07-20 09:00:00,97.11444759719157
2012-07-20 10:00:00,104.61674150621164
2012-07-20 11:00:00,119.69180963435772
2012-07-20 12:00:00,103.15574325310212
2012-07-20 13:00:00,107.46743489664692
2012-07-20 14:00:00,122.27371940921175
2012-07-20 15:00:00,143.30797715625232
2012-07-20 16:00:00,147.80278797887053
2012-07-20 17:00:00,142.54479330932364
2012-07-20 18:00:00,167.36851045763834
2012-07-20 19:00:00,157.77081449672752
2012-07-20 20:00:00,167.0165165773828
2012-07-20 21:00:00,170.55153313601127
2012-07-20 22:00:00,180.8037643268173
2012-07-20 23:00:00,199.1629982518139
2012-07-21 00:00:00,45.02956326487231
2012-07-21 01:00:00,49.63640907487691
2012-07-21 02:00:00,45.98168708218604
2012-07-21 03:00:00,48.43978233048173
2012-07-21 04:00:00,51.14842481676577
2012-07-21 05:00:00,53.88272422981644
2012-07-21 06:00:00,57.400656289247074
2012-07-21 07:00:00,63.98372348809192
2012-07-21 08:00:00,71.77757836847019
2012-07-21 09:00:00,74.7777291607133
2012-07-21 10:00:00,73.92411093349308
2012-07-21 11:00:00,90.03426889831525
2012-07-21 12:00:00,90.6475364144289
2012-07-21 13:00:00,94.43641149729321
2012-07-21 14:00:00,101.63141338488826
2012-07-21 15:00:00,103.46892557825883
2012-07-21 16:00:00,107.79370757985545
2012-07-21 17:00:00,113.56039956846843
2012-07-21 18:00:00,128.00100362648664
2012-07-21 19:00:00,134.84873508242947
2012-07-21 20:00:00,137.2868217597855
2012-07-21 21:00:00,153.03173534764287
2012-07-21 22:00:00,159.42813785212255
2012-07-21 23:00:00,163.33584615542992
2012-07-22 00:00:00,37.640996053143475
2012-07-22 01:00:00,41.002681796148856
2012-07-22 02:00:00,42.71650707517003
2012-07-22 03:00:00,45.5054115311827
2012-07-22 04:00:00,48.78259719300737
2012-07-22 05:00:00,51.967548679046175
2012-07-22 06:00:00,60.798874428794406
2012-07-22 07:00:00,62.63671571526724
2012-07-22 08:00:00,72.90635252148252
2012-07-22 09:00:00,89.9584008817771
2012-07-22 10:00:00,91.00328314398985
2012-07-22 11:00:00,96.94476757822589
2012-07-22 12:00:00,120.49992988863929
2012-07-22 13:00:00,134.4278277565362
2012-07-22 14:00:00,157.38517553025483
2012-07-22 15:00:00,167.66064624171207
2012-07-22 16:00:00,185.3378377499633
2012-07-22 17:00:00,206.44249078345032
2012-07-22 18:00:00,215.07134977193743
2012-07-22 19:00:00,211.84716053122847
2012-07-22 20:00:00,208.69463084541573
2012-07-22 21:00:00,206.4632537696318
2012-07-22 22:00:00,239.4857698704475
2012-07-22 23:00:00,227.02085543970375
2012-07-23 00:00:00,40.827319591676925
2012-07-23 01:00:00,45.222309757152914
2012-07-23 02:00:00,42.048274283074335
2012-07-23 03:00:00,44.79355070067437
2012-07-23 04:00:00,48.52142186649743
2012-07-23 05:00:00,51.689321559639815
2012-07-23 06:00:00,61.21294397565803
2012-07-23 07:00:00,77.10705117566546
2012-07-23 08:00:00,90.27657125815742
2012-07-23 09:00:00,101.54532203156144
2012-07-23 10:00:00,125.40363854472326
2012-07-23 11:00:00,160.69534459162614
2012-07-23 12:00:00,171.18693187902846
2012-07-23 13:00:00,178.34218315627314
2012-07-23 14:00:00,177.1271764221776
2012-07-23 15:00:00,215.92299170512038
2012-07-23 16:00:00,240.75241261748388
2012-07-23 17:00:00,256.47082037875424
2012-07-23 18:00:00,282.67278703957066
2012-07-23 19:00:00,288.3664905693986
2012-07-23 20:00:00,248.83287028161234
2012-07-23 21:00:00,268.0457175610298
2012-07-23 22:00:00,270.5706630378164
2012-07-23 23:00:00,268.0805838605848
2012-07-24 00:00:00,53.771398798839655
2012-07-24 01:00:00,52.122017747512636
2012-07-24 02:00:00,50.48140914246378
2012-07-24 03:00:00,53.77727382202352
2012-07-24 04:00:00,55.71412924624169
2012-07-24 05:00:00,59.68285168425564
2012-07-24 06:00:00,64.29107532171953
2012-07-24 07:00:00,84.65888753202033
2012-07-24 08:00:00,102.33354258766647
2012-07-24 09:00:00,150.3988180614478
2012-07-24 10:00:00,167.35652935321235
2012-07-24 11:00:00,184.40086556626625
2012-07-24 12:00:00,176.5188949008401
2012-07-24 13:00:00,206.94147946349634
2012-07-24 14:00:00,214.3947343146274
2012-07-24 15:00:00,242.67979402142703
2012-07-24 16:00:00,234.17549917521245
2012-07-24 17:00:00,255.8300806869786
2012-07-24 18:00:00,228.26126429678143
2012-07-24 19:00:00,228.6993387983032
2012-07-24 20:00:00,225.29602929498267
2012-07-24 21:00:00,245.41702844621028
2012-07-24 22:00:00,264.36613224414975
2012-07-24 23:00:00,309.2679293344644
2012-07-25 00:00:00,69.46035530777228
2012-07-25 01:00:00,68.578485613667155
2012-07-25 02:00:00,69.02667383991091
2012-07-25 03:00:00,67.99187743698408
2012-07-25 04:00:00,69.80832944554376
2012-07-25 05:00:00,72.72616980254327
2012-07-25 06:00:00,78.34149221574326
2012-07-25 07:00:00,106.32441513441024
2012-07-25 08:00:00,126.66581455319971
2012-07-25 09:00:00,149.92109678785903
2012-07-25 10:00:00,145.74649344574448
2012-07-25 11:00:00,167.91622193229256
2012-07-25 12:00:00,178.87925078574492
2012-07-25 13:00:00,214.61486304631413
2012-07-25 14:00:00,239.50992325975457
2012-07-25 15:00:00,236.86106273663393
2012-07-25 16:00:00,274.8578654390661
2012-07-25 17:00:00,269.7491397716698
2012-07-25 18:00:00,314.9006487596898
2012-07-25 19:00:00,292.83012252362767
2012-07-25 20:00:00,282.7708779030214
2012-07-25 21:00:00,277.27627968198516
2012-07-25 22:00:00,253.1148477953163
2012-07-25 23:00:00,279.1854956138156
2012-07-26 00:00:00,57.14944143723038
2012-07-26 01:00:00,61.56435514993347
2012-07-26 02:00:00,63.6310186177707
2012-07-26 03:00:00,67.03511792494531
2012-07-26 04:00:00,67.06063785824371
2012-07-26 05:00:00,71.4389385328937
2012-07-26 06:00:00,73.41667782641093
2012-07-26 07:00:00,90.78510185027052
2012-07-26 08:00:00,92.42651099799635
2012-07-26 09:00:00,101.82979545267621
2012-07-26 10:00:00,121.79432166648616
2012-07-26 11:00:00,161.64869952803502
2012-07-26 12:00:00,204.42321033787965
2012-07-26 13:00:00,237.00239959782343
2012-07-26 14:00:00,289.3054514767308
2012-07-26 15:00:00,342.42065031588686
2012-07-26 16:00:00,394.34845658427156
2012-07-26 17:00:00,373.24636889520895
2012-07-26 18:00:00,424.9097377407025
2012-07-26 19:00:00,409.64962719325
2012-07-26 20:00:00,368.0428182416774
2012-07-26 21:00:00,391.83435270688665
2012-07-26 22:00:00,417.4167012439538
2012-07-26 23:00:00,258.28702672845395
2012-07-27 00:00:00,62.28872460458578
2012-07-27 01:00:00,68.99657477367347
2012-07-27 02:00:00,65.26765239436972
2012-07-27 03:00:00,74.04015439176838
2012-07-27 04:00:00,70.44465187255891
2012-07-27 05:00:00,71.26287859166348
2012-07-27 06:00:00,79.94340707332981
2012-07-27 07:00:00,104.26752460658538
2012-07-27 08:00:00,121.92830146905524
2012-07-27 09:00:00,185.98453984033955
2012-07-27 10:00:00,185.61364768478495
2012-07-27 11:00:00,223.53547922748703
2012-07-27 12:00:00,239.90824563158705
2012-07-27 13:00:00,249.46760200228192
2012-07-27 14:00:00,282.0290543185858
2012-07-27 15:00:00,305.68417331746014
2012-07-27 16:00:00,294.9390308878061
2012-07-27 17:00:00,354.7246938749722
2012-07-27 18:00:00,318.7545017222598
2012-07-27 19:00:00,328.2047885205713
2012-07-27 20:00:00,292.131949985188
2012-07-27 21:00:00,311.20486003430943
2012-07-27 22:00:00,335.23356428742846
2012-07-27 23:00:00,304.4951258187289
2012-07-28 00:00:00,73.54058460048266
2012-07-28 01:00:00,69.52375877434375
2012-07-28 02:00:00,71.6253377174854
2012-07-28 03:00:00,76.30166163067868
2012-07-28 04:00:00,76.74305411576648
2012-07-28 05:00:00,76.60852498835202
2012-07-28 06:00:00,90.88479551742311
2012-07-28 07:00:00,103.32081865397714
2012-07-28 08:00:00,120.37392170171073
2012-07-28 09:00:00,147.62544925765107
2012-07-28 10:00:00,190.33197126087194
2012-07-28 11:00:00,228.73533109034628
2012-07-28 12:00:00,242.77175205650397
2012-07-28 13:00:00,279.0903295578859
2012-07-28 14:00:00,295.09678796763086
2012-07-28 15:00:00,348.65978812871475
2012-07-28 16:00:00,331.18091184144686
2012-07-28 17:00:00,306.58114572781034
2012-07-28 18:00:00,342.48333089685826
2012-07-28 19:00:00,167.58042111740275
2012-07-28 20:00:00,183.91348556739123
2012-07-28 21:00:00,196.2222614708524
2012-07-28 22:00:00,209.0333543446666
2012-07-28 23:00:00,211.46131262343388
2012-07-29 00:00:00,44.03415905700072
2012-07-29 01:00:00,50.20465220675375
2012-07-29 02:00:00,60.36545606699326
2012-07-29 03:00:00,70.02315143518175
2012-07-29 04:00:00,71.095454129586
2012-07-29 05:00:00,66.50127015420988
2012-07-29 06:00:00,76.55632273782535
2012-07-29 07:00:00,91.18947504943363
2012-07-29 08:00:00,107.80093938707316
2012-07-29 09:00:00,126.41259218391036
2012-07-29 10:00:00,124.9662213592993
2012-07-29 11:00:00,161.4644174647616
2012-07-29 12:00:00,178.85246204053573
2012-07-29 13:00:00,213.48453135607977
2012-07-29 14:00:00,228.09987331358155
2012-07-29 15:00:00,245.12053841579802
2012-07-29 16:00:00,261.12413535421473
2012-07-29 17:00:00,297.96294117866995
2012-07-29 18:00:00,316.2413650981402
2012-07-29 19:00:00,261.8975837945725
2012-07-29 20:00:00,238.6895161783828
2012-07-29 21:00:00,237.74272797390333
2012-07-29 22:00:00,237.32596945273193
2012-07-29 23:00:00,243.1430145108704
2012-07-30 00:00:00,54.010244718504296
2012-07-30 01:00:00,55.642877864573755
2012-07-30 02:00:00,56.167024394717714
2012-07-30 03:00:00,51.658249683302245
2012-07-30 04:00:00,55.03094873095734
2012-07-30 05:00:00,60.95721164761421
2012-07-30 06:00:00,66.40124902217863
2012-07-30 07:00:00,79.8537576320786
2012-07-30 08:00:00,90.85350701794552
2012-07-30 09:00:00,98.97079906196034
2012-07-30 10:00:00,119.46878254207375
2012-07-30 11:00:00,148.47897982038396
2012-07-30 12:00:00,146.1374908949846
2012-07-30 13:00:00,196.8314300283171
2012-07-30 14:00:00,214.41027972632588
2012-07-30 15:00:00,230.96529496549815
2012-07-30 16:00:00,248.8078463930858
2012-07-30 17:00:00,231.33607674794618
2012-07-30 18:00:00,251.23895728766212
2012-07-30 19:00:00,294.3219273644003
2012-07-30 20:00:00,217.56332174563002
2012-07-30 21:00:00,229.19385123078135
2012-07-30 22:00:00,218.2007724256709
2012-07-30 23:00:00,240.52426928652423
2012-07-31 00:00:00,48.38423457205616
2012-07-31 01:00:00,46.86127757579891
2012-07-31 02:00:00,49.92078863590523
2012-07-31 03:00:00,52.29955989966546
2012-07-31 04:00:00,55.71412924624169
2012-07-31 05:00:00,61.0286001586821
2012-07-31 06:00:00,57.89790727644464
2012-07-31 07:00:00,74.73901285134724
2012-07-31 08:00:00,84.69111674604733
2012-07-31 09:00:00,101.60194576922792
2012-07-31 10:00:00,108.48760997088642
2012-07-31 11:00:00,135.16161285125142
2012-07-31 12:00:00,172.56723297316242
2012-07-31 13:00:00,192.62941693907723
2012-07-31 14:00:00,205.20593772798787
2012-07-31 15:00:00,175.608537127888
2012-07-31 16:00:00,201.60829450319906
2012-07-31 17:00:00,233.13385644828728
2012-07-31 18:00:00,237.28386884831795
2012-07-31 19:00:00,212.79782470398422
2012-07-31 20:00:00,182.30306228768615
2012-07-31 21:00:00,186.72449409589515
2012-07-31 22:00:00,214.1925820265443
2012-07-31 23:00:00,182.0789348704566
2012-08-20 00:00:00,38.00623078910842
2012-08-20 01:00:00,43.320284077054495
2012-08-20 02:00:00,46.14860833787545
2012-08-20 03:00:00,44.89110163851001
2012-08-20 04:00:00,48.67513312146191
2012-08-20 05:00:00,50.146495381300305
2012-08-20 06:00:00,60.1620807787269
2012-08-20 07:00:00,66.49779774246467
2012-08-20 08:00:00,73.77220150897494
2012-08-20 09:00:00,81.74035197861133
2012-08-20 10:00:00,90.04045706035214
2012-08-20 11:00:00,109.14049842150146
2012-08-20 12:00:00,115.80558107527665
2012-08-20 13:00:00,144.96724474684254
2012-08-20 14:00:00,168.89409119870047
2012-08-20 15:00:00,186.03704067981235
2012-08-20 16:00:00,198.18315391005183
2012-08-20 17:00:00,197.40441153546263
2012-08-20 18:00:00,139.4168902452518
2012-08-20 19:00:00,145.24422105284978
2012-08-20 20:00:00,149.38886686114049
2012-08-20 21:00:00,144.3453953091107
2012-08-20 22:00:00,146.95518312080722
2012-08-20 23:00:00,156.54969337227882
2012-08-21 00:00:00,37.0051670164771
2012-08-21 01:00:00,40.08486248489449
2012-08-21 02:00:00,41.32342861428073
2012-08-21 03:00:00,39.928321060234
2012-08-21 04:00:00,42.535188525545095
2012-08-21 05:00:00,49.34027076914289
2012-08-21 06:00:00,52.854959813886246
2012-08-21 07:00:00,64.93310377328132
2012-08-21 08:00:00,69.94670910911461
2012-08-21 09:00:00,83.74257585955927
2012-08-21 10:00:00,104.54533915411379
2012-08-21 11:00:00,123.97574423746423
2012-08-21 12:00:00,147.87844103287537
2012-08-21 13:00:00,169.24327460381474
2012-08-21 14:00:00,199.5489457530946
2012-08-21 15:00:00,205.58095365821904
2012-08-21 16:00:00,219.0030632122564
2012-08-21 17:00:00,219.9717980432803
2012-08-21 18:00:00,217.76697761751907
2012-08-21 19:00:00,138.4115465160177
2012-08-21 20:00:00,161.11099341860987
2012-08-21 21:00:00,171.62971787019242
2012-08-21 22:00:00,170.69839731107518
2012-08-21 23:00:00,166.42849133562055
2012-08-22 00:00:00,40.78004521996727
2012-08-22 01:00:00,44.74515865881773
2012-08-22 02:00:00,47.6665111034119
2012-08-22 03:00:00,50.77859479941604
2012-08-22 04:00:00,48.779148040773144
2012-08-22 05:00:00,55.539018857586086
2012-08-22 06:00:00,64.6449489135888
2012-08-22 07:00:00,65.39581108765339
2012-08-22 08:00:00,78.71703732861513
2012-08-22 09:00:00,94.84361298396907
2012-08-22 10:00:00,112.97645975930129
2012-08-22 11:00:00,128.82261333716806
2012-08-22 12:00:00,145.56118369377083
2012-08-22 13:00:00,172.56469971689557
2012-08-22 14:00:00,189.62275868179398
2012-08-22 15:00:00,198.02517102021142
2012-08-22 16:00:00,181.64810506491906
2012-08-22 17:00:00,193.50767047251045
2012-08-22 18:00:00,167.13123955804616
2012-08-22 19:00:00,149.80167715067526
2012-08-22 20:00:00,174.82802668750344
2012-08-22 21:00:00,173.22474685347353
2012-08-22 22:00:00,184.534362303566
2012-08-22 23:00:00,171.3690492251655
2012-08-23 00:00:00,44.032458149978915
2012-08-23 01:00:00,42.931015727962986
2012-08-23 02:00:00,45.733925171241495
2012-08-23 03:00:00,50.37785409414487
2012-08-23 04:00:00,51.900686565107094
2012-08-23 05:00:00,55.289213997296926
2012-08-23 06:00:00,52.37316322180112
2012-08-23 07:00:00,62.00455249665489
2012-08-23 08:00:00,79.38108564293968
2012-08-23 09:00:00,91.76874668226156
2012-08-23 10:00:00,128.9284676162369
2012-08-23 11:00:00,155.38437887263095
2012-08-23 12:00:00,181.1056573510618
2012-08-23 13:00:00,218.4712672232683
2012-08-23 14:00:00,209.23788462724025
2012-08-23 15:00:00,215.5627718340345
2012-08-23 16:00:00,219.20207926166964
2012-08-23 17:00:00,246.30147488819188
2012-08-23 18:00:00,245.15798146510306
2012-08-23 19:00:00,236.03168548956953
2012-08-23 20:00:00,219.7277582672124
2012-08-23 21:00:00,236.6933458837479
2012-08-23 22:00:00,229.6767905601514
2012-08-23 23:00:00,208.7588205106873
2012-08-24 00:00:00,52.9341898628846
2012-08-24 01:00:00,52.146468165229
2012-08-24 02:00:00,62.857374337780435
2012-08-24 03:00:00,61.92198422882085
2012-08-24 04:00:00,63.04154359800189
2012-08-24 05:00:00,65.60684185416027
2012-08-24 06:00:00,61.13107405105379
2012-08-24 07:00:00,71.15385255898173
2012-08-24 08:00:00,83.37249455433032
2012-08-24 09:00:00,117.08057038065294
2012-08-24 10:00:00,146.4065362212251
2012-08-24 11:00:00,162.17300302531163
2012-08-24 12:00:00,177.2148672750609
2012-08-24 13:00:00,213.02408074474374
2012-08-24 14:00:00,224.1730801555555
2012-08-24 15:00:00,211.1940224049698
2012-08-24 16:00:00,224.98260182069714
2012-08-24 17:00:00,231.55908973616118
2012-08-24 18:00:00,217.0337798197014
2012-08-24 19:00:00,234.3109486521891
2012-08-24 20:00:00,228.79436513025772
2012-08-24 21:00:00,248.4221853113905
2012-08-24 22:00:00,248.89895225357148
2012-08-24 23:00:00,243.26744184119408
2012-08-25 00:00:00,62.728485135999655
2012-08-25 01:00:00,59.29141910348933
2012-08-25 02:00:00,59.76892025709834
2012-08-25 03:00:00,70.15845898900842
2012-08-25 04:00:00,71.82554347490499
2012-08-25 05:00:00,72.35214183854688
2012-08-25 06:00:00,71.9595347887504
2012-08-25 07:00:00,77.51566389110539
2012-08-25 08:00:00,92.87475691892334
2012-08-25 09:00:00,109.32831560031866
2012-08-25 10:00:00,126.64719049813179
2012-08-25 11:00:00,146.0537241271687
2012-08-25 12:00:00,165.13484322944
2012-08-25 13:00:00,187.76408542114825
2012-08-25 14:00:00,142.37370655488053
2012-08-25 15:00:00,144.79686028254127
2012-08-25 16:00:00,156.64016487639742
2012-08-25 17:00:00,168.7409447699761
2012-08-25 18:00:00,199.03266546128376
2012-08-25 19:00:00,172.16624490593472
2012-08-25 20:00:00,157.7589343103185
2012-08-25 21:00:00,191.32985161723334
2012-08-25 22:00:00,203.82152549882096
2012-08-25 23:00:00,199.56355967302912
2012-08-26 00:00:00,44.37519667273874
2012-08-26 01:00:00,46.22998593255781
2012-08-26 02:00:00,47.59439022793014
2012-08-26 03:00:00,51.26924134294292
2012-08-26 04:00:00,53.41218707236168
2012-08-26 05:00:00,59.53783161138578
2012-08-26 06:00:00,64.21490715083085
2012-08-26 07:00:00,67.56591142480276
2012-08-26 08:00:00,91.92290600972062
2012-08-26 09:00:00,96.83693315422632
2012-08-26 10:00:00,140.98162805259872
2012-08-26 11:00:00,148.5182429965802
2012-08-26 12:00:00,130.3965218343619
2012-08-26 13:00:00,115.94956909101512
2012-08-26 14:00:00,101.73752712190594
2012-08-26 15:00:00,105.8350063594197
2012-08-26 16:00:00,112.74483445745457
2012-08-26 17:00:00,128.60291172460572
2012-08-26 18:00:00,124.5226014129863
2012-08-26 19:00:00,136.40058913538033
2012-08-26 20:00:00,152.04386400867543
2012-08-26 21:00:00,170.42313665419567
2012-08-26 22:00:00,163.39077350834614
2012-08-26 23:00:00,186.43403532679253
2012-08-27 00:00:00,39.68761522911609
2012-08-27 01:00:00,40.81556689720212
2012-08-27 02:00:00,44.21237676319274
2012-08-27 03:00:00,46.319136977136544
2012-08-27 04:00:00,51.11216248293264
2012-08-27 05:00:00,50.8348107029961
2012-08-27 06:00:00,54.153748504737756
2012-08-27 07:00:00,66.52868498532996
2012-08-27 08:00:00,73.28416209011122
2012-08-27 09:00:00,78.50446262020878
2012-08-27 10:00:00,109.09264512421873
2012-08-27 11:00:00,131.69129194201844
2012-08-27 12:00:00,141.1024720317162
2012-08-27 13:00:00,168.3017132373346
2012-08-27 14:00:00,203.92055887052393
2012-08-27 15:00:00,224.51722653954792
2012-08-27 16:00:00,235.20689274156888
2012-08-27 17:00:00,262.89897500334774
2012-08-27 18:00:00,256.49682804496734
2012-08-27 19:00:00,211.9258877645858
2012-08-27 20:00:00,223.25505054136417
2012-08-27 21:00:00,223.6761907992862
2012-08-27 22:00:00,203.60462209105384
2012-08-27 23:00:00,214.49695680537118
2012-08-28 00:00:00,50.70082911850079
2012-08-28 01:00:00,47.528167793262625
2012-08-28 02:00:00,55.08642686189383
2012-08-28 03:00:00,49.13919038121509
2012-08-28 04:00:00,56.6521066008196
2012-08-28 05:00:00,56.72144960540349
2012-08-28 06:00:00,56.14496119331583
2012-08-28 07:00:00,64.72899333397508
2012-08-28 08:00:00,68.69343147359174
2012-08-28 09:00:00,87.19063996971357
2012-08-28 10:00:00,126.81810661978668
2012-08-28 11:00:00,159.05322230526608
2012-08-28 12:00:00,189.15563903669099
2012-08-28 13:00:00,219.95465130771257
2012-08-28 14:00:00,254.55975142523096
2012-08-28 15:00:00,269.3714112329567
2012-08-28 16:00:00,288.25766415582353
2012-08-28 17:00:00,296.43817161559946
2012-08-28 18:00:00,279.55121507919864
2012-08-28 19:00:00,254.02491831742336
2012-08-28 20:00:00,251.478776795916
2012-08-28 21:00:00,266.41075103111586
2012-08-28 22:00:00,248.58628696573777
2012-08-28 23:00:00,247.43218594241108
2012-08-29 00:00:00,49.63351652213897
2012-08-29 01:00:00,53.58088079100001
2012-08-29 02:00:00,52.77763619548676
2012-08-29 03:00:00,55.60110686608196
2012-08-29 04:00:00,60.70593764403777
2012-08-29 05:00:00,63.95116387071864
2012-08-29 06:00:00,68.12645108632333
2012-08-29 07:00:00,80.26470125919425
2012-08-29 08:00:00,95.0760957085051
2012-08-29 09:00:00,122.28105176384834
2012-08-29 10:00:00,137.8889607060279
2012-08-29 11:00:00,140.1054396322441
2012-08-29 12:00:00,169.22208185421601
2012-08-29 13:00:00,170.18702787290292
2012-08-29 14:00:00,198.57544026395763
2012-08-29 15:00:00,219.95174210776202
2012-08-29 16:00:00,232.40861728683038
2012-08-29 17:00:00,271.17603542225146
2012-08-29 18:00:00,248.2547926861249
2012-08-29 19:00:00,223.131614833638
2012-08-29 20:00:00,206.5721166579714
2012-08-29 21:00:00,227.45492069994572
2012-08-29 22:00:00,233.0300186357427
2012-08-29 23:00:00,240.66226265129842
2012-08-30 00:00:00,49.15467990314928
2012-08-30 01:00:00,54.575003040058434
2012-08-30 02:00:00,51.57892328922056
2012-08-30 03:00:00,54.94644322114072
2012-08-30 04:00:00,58.53382409176822
2012-08-30 05:00:00,62.35542033206299
2012-08-30 06:00:00,60.349921327669136
2012-08-30 07:00:00,73.43016098814877
2012-08-30 08:00:00,88.1621273290903
2012-08-30 09:00:00,108.70884689825765
2012-08-30 10:00:00,125.24472068047851
2012-08-30 11:00:00,168.78370757414257
2012-08-30 12:00:00,173.61872912587597
2012-08-30 13:00:00,177.32047566168401
2012-08-30 14:00:00,191.0117183602309
2012-08-30 15:00:00,230.04842875896657
2012-08-30 16:00:00,252.7887671305483
2012-08-30 17:00:00,308.3257196695765
2012-08-30 18:00:00,293.7081286136423
2012-08-30 19:00:00,262.05748984468073
2012-08-30 20:00:00,249.52996135856804
2012-08-30 21:00:00,237.20811921200007
2012-08-30 22:00:00,218.5018955542741
2012-08-30 23:00:00,236.20554989903113
2012-08-31 00:00:00,52.87572486124475
2012-08-31 01:00:00,56.32791125890418
2012-08-31 02:00:00,51.954682395097436
2012-08-31 03:00:00,54.73412710912936
2012-08-31 04:00:00,56.825363062516175
2012-08-31 05:00:00,61.21524104390617
2012-08-31 06:00:00,62.322022383375575
2012-08-31 07:00:00,64.5666275580628
2012-08-31 08:00:00,91.30276281501366
2012-08-31 09:00:00,114.20389053060069
2012-08-31 10:00:00,141.78240998921095
2012-08-31 11:00:00,265.33405859066136
2012-08-31 12:00:00,283.7750230197917
2012-08-31 13:00:00,319.2520516438517
2012-08-31 14:00:00,346.456028712228
2012-08-31 15:00:00,378.10617624693293
2012-08-31 16:00:00,396.1084866945469
2012-08-31 17:00:00,373.4617987742204
2012-08-31 18:00:00,380.41047465898106
2012-08-31 19:00:00,313.7160785388828
2012-08-31 20:00:00,334.19818789815866
2012-08-31 21:00:00,308.0767610907749
2012-08-31 22:00:00,328.1906868452391
2012-08-31 23:00:00,307.41060726393914
2012-09-20 00:00:00,39.70223830785933
2012-09-20 01:00:00,37.21660714141495
2012-09-20 02:00:00,39.42640562237442
2012-09-20 03:00:00,37.1750485259372
2012-09-20 04:00:00,41.17841602340228
2012-09-20 05:00:00,43.86690054150948
2012-09-20 06:00:00,44.942112569924554
2012-09-20 07:00:00,49.04973871197451
2012-09-20 08:00:00,64.65995402564498
2012-09-20 09:00:00,83.59383670766535
2012-09-20 10:00:00,99.34362093311026
2012-09-20 11:00:00,128.55772537491904
2012-09-20 12:00:00,143.99588568730067
2012-09-20 13:00:00,154.8867491956778
2012-09-20 14:00:00,163.56645190134796
2012-09-20 15:00:00,177.76604499678828
2012-09-20 16:00:00,183.56718505963727
2012-09-20 17:00:00,193.85411148238416
2012-09-20 18:00:00,188.5641975687748
2012-09-20 19:00:00,171.67127109738158
2012-09-20 20:00:00,163.53240924815566
2012-09-20 21:00:00,178.13735136798388
2012-09-20 22:00:00,161.16620764685564
2012-09-20 23:00:00,180.79785715931763
2012-09-21 00:00:00,44.089374284547716
2012-09-21 01:00:00,43.42841927427517
2012-09-21 02:00:00,46.26380353962435
2012-09-21 03:00:00,46.63638729448363
2012-09-21 04:00:00,48.04612191254995
2012-09-21 05:00:00,48.60418586280309
2012-09-21 06:00:00,56.38022950207948
2012-09-21 07:00:00,60.27343201366062
2012-09-21 08:00:00,73.01381672776536
2012-09-21 09:00:00,88.18751151437172
2012-09-21 10:00:00,116.31400405071624
2012-09-21 11:00:00,136.69897808291785
2012-09-21 12:00:00,147.77956420449237
2012-09-21 13:00:00,168.48839107961518
2012-09-21 14:00:00,188.721720385003
2012-09-21 15:00:00,195.51876794463163
2012-09-21 16:00:00,205.97083669057196
2012-09-21 17:00:00,211.99158988424827
2012-09-21 18:00:00,206.49459424105868
2012-09-21 19:00:00,203.42171690500018
2012-09-21 20:00:00,199.31130767759802
2012-09-21 21:00:00,200.7501450897143
2012-09-21 22:00:00,209.14107608131178
2012-09-21 23:00:00,234.2650293895116
2012-09-22 00:00:00,54.50231429500381
2012-09-22 01:00:00,49.05348722450368
2012-09-22 02:00:00,47.02758104822229
2012-09-22 03:00:00,53.34846947524262
2012-09-22 04:00:00,56.83152074577697
2012-09-22 05:00:00,61.563531941462294
2012-09-22 06:00:00,64.85460356010752
2012-09-22 07:00:00,74.2435632041868
2012-09-22 08:00:00,90.90135428881183
2012-09-22 09:00:00,105.07156959587365
2012-09-22 10:00:00,124.4652702234029
2012-09-22 11:00:00,150.92600525958645
2012-09-22 12:00:00,174.85397999140858
2012-09-22 13:00:00,200.4403393274397
2012-09-22 14:00:00,222.2490856223259
2012-09-22 15:00:00,237.26898615145848
2012-09-22 16:00:00,239.63665980663674
2012-09-22 17:00:00,255.2822215372028
2012-09-22 18:00:00,254.1338377207274
2012-09-22 19:00:00,242.0854607080743
2012-09-22 20:00:00,274.84095317308913
2012-09-22 21:00:00,258.4089570181698
2012-09-22 22:00:00,263.87835585773877
2012-09-22 23:00:00,302.2065362102915
2012-09-23 00:00:00,100.64037782534666
2012-09-23 01:00:00,79.08994402270974
2012-09-23 02:00:00,81.38300868526758
2012-09-23 03:00:00,76.16447917498978
2012-09-23 04:00:00,76.041976820125
2012-09-23 05:00:00,78.5946418343778
2012-09-23 06:00:00,78.2297538203356
2012-09-23 07:00:00,88.20511171208109
2012-09-23 08:00:00,106.8495960133535
2012-09-23 09:00:00,121.72648209484628
2012-09-23 10:00:00,144.48044691080028
2012-09-23 11:00:00,158.0531278081683
2012-09-23 12:00:00,164.26313193339
2012-09-23 13:00:00,217.0912955414593
2012-09-23 14:00:00,233.85331698263198
2012-09-23 15:00:00,265.28510003394655
2012-09-23 16:00:00,293.85355627406915
2012-09-23 17:00:00,263.1893212545891
2012-09-23 18:00:00,254.55809044517397
2012-09-23 19:00:00,245.4159497599628
2012-09-23 20:00:00,261.4388337157531
2012-09-23 21:00:00,244.6390908135419
2012-09-23 22:00:00,262.2573848528469
2012-09-23 23:00:00,238.78139389606312
2012-09-24 00:00:00,50.678391949216646
2012-09-24 01:00:00,50.65761199241301
2012-09-24 02:00:00,53.75121313823466
2012-09-24 03:00:00,60.58860512724796
2012-09-24 04:00:00,58.37081272602046
2012-09-24 05:00:00,64.66822756309217
2012-09-24 06:00:00,71.79924114661627
2012-09-24 07:00:00,74.03696228384362
2012-09-24 08:00:00,98.30310624816494
2012-09-24 09:00:00,112.09116547845541
2012-09-24 10:00:00,129.2485144636651
2012-09-24 11:00:00,159.93543369546458
2012-09-24 12:00:00,180.8604373989545
2012-09-24 13:00:00,231.35114311459049
2012-09-24 14:00:00,223.59449145164336
2012-09-24 15:00:00,234.84810631446632
2012-09-24 16:00:00,250.30153558677202
2012-09-24 17:00:00,242.53730697578285
2012-09-24 18:00:00,237.33673935647604
2012-09-24 19:00:00,236.0129417097046
2012-09-24 20:00:00,217.3672818990709
2012-09-24 21:00:00,227.9922325374937
2012-09-24 22:00:00,251.1430930620122
2012-09-24 23:00:00,212.26929783882372
2012-09-25 00:00:00,47.081674966378166
2012-09-25 01:00:00,45.394172731203604
2012-09-25 02:00:00,44.253721327959916
2012-09-25 03:00:00,49.329733388774024
2012-09-25 04:00:00,53.4351210582311
2012-09-25 05:00:00,52.613963537486555
2012-09-25 06:00:00,61.15311253581017
2012-09-25 07:00:00,64.42224389834787
2012-09-25 08:00:00,81.93884976953794
2012-09-25 09:00:00,111.73359189962578
2012-09-25 10:00:00,130.88705465357518
2012-09-25 11:00:00,170.92498852072077
2012-09-25 12:00:00,190.55239801269178
2012-09-25 13:00:00,196.4976590046961
2012-09-25 14:00:00,238.53498990467327
2012-09-25 15:00:00,262.11422673387824
2012-09-25 16:00:00,267.6927983125123
2012-09-25 17:00:00,283.5875072747515
2012-09-25 18:00:00,283.6628812678577
2012-09-25 19:00:00,272.8995423896855
2012-09-25 20:00:00,272.3374826154004
2012-09-25 21:00:00,290.11803797468576
2012-09-25 22:00:00,307.3442831608565
2012-09-25 23:00:00,332.93495132813626
2012-09-26 00:00:00,64.33123735553778
2012-09-26 01:00:00,69.30095980274785
2012-09-26 02:00:00,69.3831936865187
2012-09-26 03:00:00,73.91313097058097
2012-09-26 04:00:00,71.53935402474347
2012-09-26 05:00:00,75.36652936723182
2012-09-26 06:00:00,76.52065812110801
2012-09-26 07:00:00,76.48928190909376
2012-09-26 08:00:00,93.6874036693859
2012-09-26 09:00:00,119.33851755845645
2012-09-26 10:00:00,117.75785460100403
2012-09-26 11:00:00,151.2079620550392
2012-09-26 12:00:00,168.64018484019357
2012-09-26 13:00:00,192.27227775401263
2012-09-26 14:00:00,245.88084232201152
2012-09-26 15:00:00,263.395839490651
2012-09-26 16:00:00,287.8263204440604
2012-09-26 17:00:00,298.91212828925967
2012-09-26 18:00:00,309.6778204840271
2012-09-26 19:00:00,286.41666926774957
2012-09-26 20:00:00,245.3921877458087
2012-09-26 21:00:00,272.4517669247619
2012-09-26 22:00:00,240.28148940446508
2012-09-26 23:00:00,236.45460012120736
2012-09-27 00:00:00,55.83074621009262
2012-09-27 01:00:00,59.47586205755264
2012-09-27 02:00:00,63.358962715235485
2012-09-27 03:00:00,65.27419089404864
2012-09-27 04:00:00,56.58299672664943
2012-09-27 05:00:00,66.65437553942337
2012-09-27 06:00:00,67.19117397829388
2012-09-27 07:00:00,84.06413516302584
2012-09-27 08:00:00,105.0606752261305
2012-09-27 09:00:00,121.9046765566008
2012-09-27 10:00:00,171.69313631395738
2012-09-27 11:00:00,181.517376037456
2012-09-27 12:00:00,201.23056090017343
2012-09-27 13:00:00,203.8809553998141
2012-09-27 14:00:00,240.3621810105362
2012-09-27 15:00:00,247.62790005744338
2012-09-27 16:00:00,246.29558214941852
2012-09-27 17:00:00,207.2674774169969
2012-09-27 18:00:00,214.73247349001667
2012-09-27 19:00:00,241.25598035431935
2012-09-27 20:00:00,234.86335022873251
2012-09-27 21:00:00,201.57513169839723
2012-09-27 22:00:00,214.73570641546692
2012-09-27 23:00:00,217.56397629959423
2012-09-28 00:00:00,49.639907623915626
2012-09-28 01:00:00,49.735175552334894
2012-09-28 02:00:00,59.23115227484229
2012-09-28 03:00:00,66.50434601949695
2012-09-28 04:00:00,59.05592371789527
2012-09-28 05:00:00,66.24462989658575
2012-09-28 06:00:00,65.54267339105698
2012-09-28 07:00:00,67.52391123987545
2012-09-28 08:00:00,93.89040555003564
2012-09-28 09:00:00,99.74376046152538
2012-09-28 10:00:00,117.39671423103434
2012-09-28 11:00:00,137.76779472299043
2012-09-28 12:00:00,202.8644636587092
2012-09-28 13:00:00,222.91766103134583
2012-09-28 14:00:00,230.21870316458157
2012-09-28 15:00:00,239.02363501470413
2012-09-28 16:00:00,250.10378094339066
2012-09-28 17:00:00,262.8613506701733
2012-09-28 18:00:00,278.2067220175538
2012-09-28 19:00:00,280.73472806941146
2012-09-28 20:00:00,274.84468821293024
2012-09-28 21:00:00,296.06595618374894
2012-09-28 22:00:00,300.578298875054
2012-09-28 23:00:00,295.8271795613208
2012-09-29 00:00:00,68.4808555425374
2012-09-29 01:00:00,72.95188035826159
2012-09-29 02:00:00,77.40696641127099
2012-09-29 03:00:00,76.18342587454394
2012-09-29 04:00:00,86.83543677775702
2012-09-29 05:00:00,83.64755229783833
2012-09-29 06:00:00,91.11804493836065
2012-09-29 07:00:00,90.77015000289548
2012-09-29 08:00:00,99.29721582624616
2012-09-29 09:00:00,107.72648494158314
2012-09-29 10:00:00,135.8431369473524
2012-09-29 11:00:00,158.2463607341414
2012-09-29 12:00:00,223.25374061894973
2012-09-29 13:00:00,237.82968314482187
2012-09-29 14:00:00,246.75704729171295
2012-09-29 15:00:00,254.83888159149168
2012-09-29 16:00:00,282.74898800355265
2012-09-29 17:00:00,316.6671951493697
2012-09-29 18:00:00,253.52069857144053
2012-09-29 19:00:00,226.02195047996082
2012-09-29 20:00:00,243.4735243474041
2012-09-29 21:00:00,253.65020212846923
2012-09-29 22:00:00,237.07180442322755
2012-09-29 23:00:00,261.7531375178616
2012-09-30 00:00:00,56.10309784365925
2012-09-30 01:00:00,59.76599517037552
2012-09-30 02:00:00,58.87660834307861
2012-09-30 03:00:00,59.96761063165051
2012-09-30 04:00:00,63.88281690572009
2012-09-30 05:00:00,60.23493090366798
2012-09-30 06:00:00,66.35132560946352
2012-09-30 07:00:00,64.91290773633011
2012-09-30 08:00:00,85.84912218639575
2012-09-30 09:00:00,102.62366001370907
2012-09-30 10:00:00,148.89625388478368
2012-09-30 11:00:00,185.75463017529083
2012-09-30 12:00:00,211.92186377800567
2012-09-30 13:00:00,222.01184226033828
2012-09-30 14:00:00,236.50670287892473
2012-09-30 15:00:00,270.67616199769196
2012-09-30 16:00:00,285.15665524674546
2012-09-30 17:00:00,307.6364558304076
2012-09-30 18:00:00,214.83302832575814
2012-09-30 19:00:00,156.64067911645873
2012-09-30 20:00:00,166.86754263814112
2012-09-30 21:00:00,192.9242648020021
2012-09-30 22:00:00,190.05332959391757
2012-09-30 23:00:00,209.35178584691982
2012-10-20 00:00:00,45.502217769167366
2012-10-20 01:00:00,53.753139626421905
2012-10-20 02:00:00,51.828454385550806
2012-10-20 03:00:00,53.80265884752397
2012-10-20 04:00:00,59.56677435247875
2012-10-20 05:00:00,53.147726753892904
2012-10-20 06:00:00,65.82084624517765
2012-10-20 07:00:00,60.314164978699395
2012-10-20 08:00:00,88.13065665149192
2012-10-20 09:00:00,109.79946648149215
2012-10-20 10:00:00,130.48661248724426
2012-10-20 11:00:00,149.15327279193582
2012-10-20 12:00:00,167.7613418143196
2012-10-20 13:00:00,188.5012498844225
2012-10-20 14:00:00,194.81307982151134
2012-10-20 15:00:00,201.19363530240804
2012-10-20 16:00:00,232.03695263142555
2012-10-20 17:00:00,254.5614303936566
2012-10-20 18:00:00,255.98438892231079
2012-10-20 19:00:00,238.8575105062424
2012-10-20 20:00:00,279.9512840454332
2012-10-20 21:00:00,255.00216403692383
2012-10-20 22:00:00,240.2507816846575
2012-10-20 23:00:00,220.63932935922975
2012-10-21 00:00:00,56.23071402407089
2012-10-21 01:00:00,56.63664611086788
2012-10-21 02:00:00,54.56351168052603
2012-10-21 03:00:00,52.2686943922893
2012-10-21 04:00:00,50.656177720544314
2012-10-21 05:00:00,59.31660391414284
2012-10-21 06:00:00,66.09018129908763
2012-10-21 07:00:00,70.40512214383787
2012-10-21 08:00:00,73.89868178810065
2012-10-21 09:00:00,102.02488666590713
2012-10-21 10:00:00,132.27371152553795
2012-10-21 11:00:00,154.10549008224373
2012-10-21 12:00:00,179.39198944147034
2012-10-21 13:00:00,196.85719070315795
2012-10-21 14:00:00,209.37052648716687
2012-10-21 15:00:00,234.52204349251915
2012-10-21 16:00:00,226.83094919723976
2012-10-21 17:00:00,230.65188025416523
2012-10-21 18:00:00,240.29264046098845
2012-10-21 19:00:00,236.50326531054688
2012-10-21 20:00:00,240.51400621701524
2012-10-21 21:00:00,204.51328701562883
2012-10-21 22:00:00,204.90578486908603
2012-10-21 23:00:00,226.50989341497237
2012-10-22 00:00:00,42.632906622281084
2012-10-22 01:00:00,41.38078201593032
2012-10-22 02:00:00,42.481550917547146
2012-10-22 03:00:00,51.54029287318419
2012-10-22 04:00:00,50.767639249533545
2012-10-22 05:00:00,50.429446101106734
2012-10-22 06:00:00,50.9044829828314
2012-10-22 07:00:00,63.463319166000105
2012-10-22 08:00:00,72.29599056431117
2012-10-22 09:00:00,86.1180295833763
2012-10-22 10:00:00,103.76082924272613
2012-10-22 11:00:00,158.16518055465482
2012-10-22 12:00:00,167.87653890515392
2012-10-22 13:00:00,229.16860163192177
2012-10-22 14:00:00,247.80336140047035
2012-10-22 15:00:00,265.3242864439025
2012-10-22 16:00:00,265.8247845878642
2012-10-22 17:00:00,276.9356977198885
2012-10-22 18:00:00,175.56601115683898
2012-10-22 19:00:00,204.04542498839837
2012-10-22 20:00:00,194.8479140923719
2012-10-22 21:00:00,183.1495689345437
2012-10-22 22:00:00,163.72023145727823
2012-10-22 23:00:00,172.47885168025468
2012-10-23 00:00:00,37.89252910513355
2012-10-23 01:00:00,45.22882025346663
2012-10-23 02:00:00,40.9846363490795
2012-10-23 03:00:00,48.9195837375521
2012-10-23 04:00:00,49.665019679504894
2012-10-23 05:00:00,54.596733855803166
2012-10-23 06:00:00,51.2978605110964
2012-10-23 07:00:00,59.543293804503165
2012-10-23 08:00:00,68.92112265004155
2012-10-23 09:00:00,79.49124625727835
2012-10-23 10:00:00,103.8812613016187
2012-10-23 11:00:00,142.21767537923327
2012-10-23 12:00:00,164.20616516198007
2012-10-23 13:00:00,176.19393429720654
2012-10-23 14:00:00,228.03542660399532
2012-10-23 15:00:00,248.4010790280833
2012-10-23 16:00:00,243.9860594702345
2012-10-23 17:00:00,259.2803707520676
2012-10-23 18:00:00,233.5855135789987
2012-10-23 19:00:00,238.7545381187612
2012-10-23 20:00:00,212.38121271619752
2012-10-23 21:00:00,198.96266629210058
2012-10-23 22:00:00,220.38888368861737
2012-10-23 23:00:00,214.8760035080795
2012-10-24 00:00:00,50.35472857380953
2012-10-24 01:00:00,54.629305205656905
2012-10-24 02:00:00,58.19598055317135
2012-10-24 03:00:00,54.24370293565034
2012-10-24 04:00:00,57.785202819094664
2012-10-24 05:00:00,56.53248830624753
2012-10-24 06:00:00,60.35303203827938
2012-10-24 07:00:00,62.34824411950103
2012-10-24 08:00:00,69.74944060397372
2012-10-24 09:00:00,78.62008541517432
2012-10-24 10:00:00,87.59799711998929
2012-10-24 11:00:00,115.38334762657232
2012-10-24 12:00:00,146.01802511881604
2012-10-24 13:00:00,171.18946906114184
2012-10-24 14:00:00,287.95419242895593
2012-10-24 15:00:00,249.73033241890496
2012-10-24 16:00:00,302.9836264110399
2012-10-24 17:00:00,237.01676585514488
2012-10-24 18:00:00,260.44592589922945
2012-10-24 19:00:00,244.86831360936927
2012-10-24 20:00:00,231.4513059880286
2012-10-24 21:00:00,247.93843418709824
2012-10-24 22:00:00,253.7970247407227
2012-10-24 23:00:00,233.6887705071205
2012-10-25 00:00:00,64.1473553891592
2012-10-25 01:00:00,60.43873265077829
2012-10-25 02:00:00,54.48617932180308
2012-10-25 03:00:00,50.16408824033596
2012-10-25 04:00:00,52.84774067484669
2012-10-25 05:00:00,57.56752800794095
2012-10-25 06:00:00,62.01242358230138
2012-10-25 07:00:00,66.06113299930702
2012-10-25 08:00:00,73.28776863273363
2012-10-25 09:00:00,78.946453132882
2012-10-25 10:00:00,85.34571803741635
2012-10-25 11:00:00,89.91149909754158
2012-10-25 12:00:00,104.65298785361708
2012-10-25 13:00:00,107.21811440600038
2012-10-25 14:00:00,147.38332412231634
2012-10-25 15:00:00,176.9719638035219
2012-10-25 16:00:00,176.27656883876847
2012-10-25 17:00:00,187.78543372465327
2012-10-25 18:00:00,151.98085037907398
2012-10-25 19:00:00,161.34545479510297
2012-10-25 20:00:00,147.00673930238176
2012-10-25 21:00:00,156.60461558900886
2012-10-25 22:00:00,179.28286209476443
2012-10-25 23:00:00,194.20338975276135
2012-10-26 00:00:00,49.8317370908215
2012-10-26 01:00:00,47.211436721990054
2012-10-26 02:00:00,50.57448108406412
2012-10-26 03:00:00,55.09124551240592
2012-10-26 04:00:00,58.68808033381257
2012-10-26 05:00:00,61.1411178242228
2012-10-26 06:00:00,64.77147426103456
2012-10-26 07:00:00,69.3853847128497
2012-10-26 08:00:00,77.55945839790603
2012-10-26 09:00:00,82.62321323046316
2012-10-26 10:00:00,87.04334713722757
2012-10-26 11:00:00,109.09574134726566
2012-10-26 12:00:00,128.4181898644063
2012-10-26 13:00:00,140.88410371590118
2012-10-26 14:00:00,170.76331851824472
2012-10-26 15:00:00,189.31565994811638
2012-10-26 16:00:00,163.55430700412936
2012-10-26 17:00:00,164.59865366470876
2012-10-26 18:00:00,167.96893065802908
2012-10-26 19:00:00,165.6064402153314
2012-10-26 20:00:00,176.41866646426556
2012-10-26 21:00:00,197.74439895499467
2012-10-26 22:00:00,190.79346097093668
2012-10-26 23:00:00,215.06323285950586
2012-10-27 00:00:00,46.043988219168995
2012-10-27 01:00:00,46.87647088339922
2012-10-27 02:00:00,51.062969126661564
2012-10-27 03:00:00,56.289177785898495
2012-10-27 04:00:00,57.30689511454264
2012-10-27 05:00:00,65.68260636928004
2012-10-27 06:00:00,69.97093718395685
2012-10-27 07:00:00,74.39827153373624
2012-10-27 08:00:00,89.46918424337889
2012-10-27 09:00:00,95.31050938199779
2012-10-27 10:00:00,115.22613771945369
2012-10-27 11:00:00,139.7812698258857
2012-10-27 12:00:00,190.09022872525614
2012-10-27 13:00:00,224.55930957305821
2012-10-27 14:00:00,231.91411929525728
2012-10-27 15:00:00,179.30585777970546
2012-10-27 16:00:00,183.27372532759173
2012-10-27 17:00:00,195.23942533992442
2012-10-27 18:00:00,207.9863501379114
2012-10-27 19:00:00,185.27311071356255
2012-10-27 20:00:00,197.3693479629966
2012-10-27 21:00:00,210.25533260227618
2012-10-27 22:00:00,226.4895366702474
2012-10-27 23:00:00,264.40998477725833
2012-10-28 00:00:00,54.16109778718762
2012-10-28 01:00:00,55.51316371459937
2012-10-28 02:00:00,61.978602621058066
2012-10-28 03:00:00,70.3090296449066
2012-10-28 04:00:00,75.73772018487767
2012-10-28 05:00:00,78.90339651974769
2012-10-28 06:00:00,88.58794482661379
2012-10-28 07:00:00,93.32369116505004
2012-10-28 08:00:00,109.29781924554096
2012-10-28 09:00:00,115.41328496662861
2012-10-28 10:00:00,123.5001819509275
2012-10-28 11:00:00,134.99516087788697
2012-10-28 12:00:00,132.6721616229235
2012-10-28 13:00:00,137.4505145891325
2012-10-28 14:00:00,153.63169286921666
2012-10-28 15:00:00,159.6751240508446
2012-10-28 16:00:00,148.6643173497472
2012-10-28 17:00:00,140.73052097655776
2012-10-28 18:00:00,115.50109555361625
2012-10-28 19:00:00,117.0223528963796
2012-10-28 20:00:00,129.624447651828
2012-10-28 21:00:00,149.93233778158864
2012-10-28 22:00:00,156.1991920305457
2012-10-28 23:00:00,150.70861478688167
2012-10-29 00:00:00,36.62771060418319
2012-10-30 13:00:00,63.301176047042894
2012-10-30 14:00:00,67.43402641418022
2012-10-30 15:00:00,66.04373545835277
2012-10-30 16:00:00,70.35564391536674
2012-10-30 17:00:00,74.11949374695253
2012-10-30 18:00:00,77.65970206462644
2012-10-30 19:00:00,161.23958549192815
2012-10-30 20:00:00,98.65340184440065
2012-10-30 21:00:00,98.81606742862981
2012-10-30 22:00:00,116.51397663812565
2012-10-30 23:00:00,124.12102063313218
2012-10-31 00:00:00,28.117312912533926
2012-10-31 01:00:00,29.786825534323583
2012-10-31 02:00:00,31.722241862789087
2012-10-31 03:00:00,33.99192448120779
2012-10-31 04:00:00,34.018105902442535
2012-10-31 05:00:00,38.35003910682583
2012-10-31 06:00:00,43.22833365792756
2012-10-31 07:00:00,40.90327315020309
2012-10-31 08:00:00,51.19747817050665
2012-10-31 09:00:00,58.59426699736145
2012-10-31 10:00:00,70.90541428969485
2012-10-31 11:00:00,75.61498814176517
2012-10-31 12:00:00,100.83809571646273
2012-10-31 13:00:00,122.4284209320987
2012-10-31 14:00:00,124.64194634501298
2012-10-31 15:00:00,130.36813366676242
2012-10-31 16:00:00,135.71794183962427
2012-10-31 17:00:00,130.75010639449408
2012-10-31 18:00:00,139.286608541218
2012-10-31 19:00:00,162.97975265382354
2012-10-31 20:00:00,173.6204859332611
2012-10-31 21:00:00,184.95593866637603
2012-10-31 22:00:00,168.38886075011942
2012-10-31 23:00:00,179.41543089528884
2012-11-20 00:00:00,34.267859081651515
2012-11-20 01:00:00,39.04340635708184
2012-11-20 02:00:00,34.35129928384233
2012-11-20 03:00:00,40.211012524632785
2012-11-20 04:00:00,45.856782063918104
2012-11-20 05:00:00,47.77349845594418
2012-11-20 06:00:00,48.87113345282261
2012-11-20 07:00:00,49.31341426437479
2012-11-20 08:00:00,57.38816587541012
2012-11-20 09:00:00,59.647684276483375
2012-11-20 10:00:00,74.4954071954669
2012-11-20 11:00:00,81.49360253471437
2012-11-20 12:00:00,83.95700845676173
2012-11-20 13:00:00,101.8599535835344
2012-11-20 14:00:00,112.82921505430596
2012-11-20 15:00:00,128.64033679900393
2012-11-20 16:00:00,117.73675478079366
2012-11-20 17:00:00,113.25293315550385
2012-11-20 18:00:00,123.55718427761141
2012-11-20 19:00:00,120.8786113842072
2012-11-20 20:00:00,117.84174181084666
2012-11-20 21:00:00,133.31735324794727
2012-11-20 22:00:00,142.02146755866872
2012-11-20 23:00:00,129.54092905082481
2012-11-21 00:00:00,30.98282077071714
2012-11-21 01:00:00,32.51947812065968
2012-11-21 02:00:00,29.734177119063556
2012-11-21 03:00:00,31.675482360086626
2012-11-21 04:00:00,33.74353286208441
2012-11-21 05:00:00,35.94660365612366
2012-11-21 06:00:00,38.72916269614802
2012-11-21 07:00:00,39.76384019030098
2012-11-21 08:00:00,44.6919979121681
2012-11-21 09:00:00,56.48292063250871
2012-11-21 10:00:00,73.65076270158093
2012-11-21 11:00:00,102.82068409713496
2012-11-21 12:00:00,129.43272918704494
2012-11-21 13:00:00,148.35556036593385
2012-11-21 14:00:00,165.54611848719546
2012-11-21 15:00:00,164.42981534254767
2012-11-21 16:00:00,177.07313839671698
2012-11-21 17:00:00,164.79897813066805
2012-11-21 18:00:00,181.85945182047325
2012-11-21 19:00:00,176.67948343587213
2012-11-21 20:00:00,138.00539814791043
2012-11-21 21:00:00,167.18697568536518
2012-11-21 22:00:00,173.41813341745313
2012-11-21 23:00:00,157.27509984045042
2012-11-22 00:00:00,37.18542828343131
2012-11-22 01:00:00,37.17472395647816
2012-11-22 02:00:00,32.613583891692514
2012-11-22 03:00:00,34.936769480808444
2012-11-22 04:00:00,33.86385602180984
2012-11-22 05:00:00,39.647642655458014
2012-11-22 06:00:00,46.148093479620854
2012-11-22 07:00:00,43.11122139544121
2012-11-22 08:00:00,47.651298686436945
2012-11-22 09:00:00,62.928569947488356
2012-11-22 10:00:00,83.16855008681422
2012-11-22 11:00:00,118.12289857441219
2012-11-22 12:00:00,134.36171918580433
2012-11-22 13:00:00,154.78239043702467
2012-11-22 14:00:00,174.67682820788423
2012-11-22 15:00:00,186.0812481360834
2012-11-22 16:00:00,183.29165687358224
2012-11-22 17:00:00,184.33683107674022
2012-11-22 18:00:00,167.90882383896835
2012-11-22 19:00:00,118.10683364632013
2012-11-22 20:00:00,127.6817056069541
2012-11-22 21:00:00,153.35713406651942
2012-11-22 22:00:00,154.86388799585635
2012-11-22 23:00:00,144.8565928557451
2012-11-23 00:00:00,36.51859041972446
2012-11-23 01:00:00,33.51895583993049
2012-11-23 02:00:00,36.61702596491987
2012-11-23 03:00:00,40.4015775084838
2012-11-23 04:00:00,39.59488804005324
2012-11-23 05:00:00,39.438600356328074
2012-11-23 06:00:00,42.013494602224924
2012-11-23 07:00:00,44.75650030029424
2012-11-23 08:00:00,44.79264583235619
2012-11-23 09:00:00,58.48687655580031
2012-11-23 10:00:00,82.25739871204675
2012-11-23 11:00:00,114.74322519405568
2012-11-23 12:00:00,152.3511379932698
2012-11-23 13:00:00,170.2864722654755
2012-11-23 14:00:00,197.17913895976642
2012-11-23 15:00:00,192.24683498420544
2012-11-23 16:00:00,185.1141752813658
2012-11-23 17:00:00,200.20313585696718
2012-11-23 18:00:00,188.74988347285105
2012-11-23 19:00:00,207.26092890650213
2012-11-23 20:00:00,239.0626443327015
2012-11-23 21:00:00,254.4808219561951
2012-11-23 22:00:00,333.8537157528718
2012-11-23 23:00:00,316.52291523184016
2012-11-24 00:00:00,72.11121915239974
2012-11-24 01:00:00,61.69134846481648
2012-11-24 02:00:00,68.3069361441026
2012-11-24 03:00:00,61.24839124188864
2012-11-24 04:00:00,62.852421465748336
2012-11-24 05:00:00,65.1328408508481
2012-11-24 06:00:00,63.747559967132716
2012-11-24 07:00:00,70.63977511600015
2012-11-24 08:00:00,75.41394246174555
2012-11-24 09:00:00,82.40873360383792
2012-11-24 10:00:00,81.87098735073714
2012-11-24 11:00:00,94.94323134938338
2012-11-24 12:00:00,122.15371611296511
2012-11-24 13:00:00,131.4614947252099
2012-11-24 14:00:00,149.34538955029998
2012-11-24 15:00:00,148.63541582938603
2012-11-24 16:00:00,146.14919857609885
2012-11-24 17:00:00,142.26288772717535
2012-11-24 18:00:00,156.32560583434355
2012-11-24 19:00:00,156.15477596790487
2012-11-24 20:00:00,154.52756056454632
2012-11-24 21:00:00,161.9264394513646
2012-11-24 22:00:00,176.38795375748825
2012-11-24 23:00:00,183.76059673648456
2012-11-25 00:00:00,38.90704302079556
2012-11-25 01:00:00,42.52665873174813
2012-11-25 02:00:00,46.564504017551016
2012-11-25 03:00:00,47.22429770072473
2012-11-25 04:00:00,50.30750986640711
2012-11-25 05:00:00,50.18109998124931
2012-11-25 06:00:00,53.16838691831618
2012-11-25 07:00:00,54.34495259017417
2012-11-25 08:00:00,58.85919847204005
2012-11-25 09:00:00,66.72523930388476
2012-11-25 10:00:00,75.21017564723543
2012-11-25 11:00:00,85.91183929548781
2012-11-25 12:00:00,91.52091007025412
2012-11-25 13:00:00,95.34629032262967
2012-11-25 14:00:00,111.91314887633204
2012-11-25 15:00:00,124.74805055018673
2012-11-25 16:00:00,135.56215283121352
2012-11-25 17:00:00,133.31391817332053
2012-11-25 18:00:00,132.6949872931601
2012-11-25 19:00:00,144.27678243751626
2012-11-25 20:00:00,121.71080641669974
2012-11-25 21:00:00,152.29943908622275
2012-11-25 22:00:00,138.12228868979196
2012-11-25 23:00:00,131.35781352077518
2012-11-26 00:00:00,28.43908057263104
2012-11-26 01:00:00,29.198851106627853
2012-11-26 02:00:00,31.105205617740502
2012-11-26 03:00:00,33.13602350272933
2012-11-26 04:00:00,36.625604705700134
2012-11-26 05:00:00,39.431989191549874
2012-11-26 06:00:00,41.56420038233192
2012-11-26 07:00:00,47.88659631414076
2012-11-26 08:00:00,51.0130490835297
2012-11-26 09:00:00,65.28304414697747
2012-11-26 10:00:00,79.18223027643154
2012-11-26 11:00:00,123.75549588204213
2012-11-26 12:00:00,129.88567844794662
2012-11-26 13:00:00,138.36574323316563
2012-11-26 14:00:00,141.75719577730234
2012-11-26 15:00:00,156.15155049395918
2012-11-26 16:00:00,175.79129349575865
2012-11-26 17:00:00,176.7739392954627
2012-11-26 18:00:00,143.84176032440647
2012-11-26 19:00:00,139.28009855425097
2012-11-26 20:00:00,154.63861868279378
2012-11-26 21:00:00,164.73477031703595
2012-11-26 22:00:00,149.40004795483514
2012-11-26 23:00:00,147.65669135871607
2012-11-27 00:00:00,33.566997807355364
2012-11-27 01:00:00,34.88742744940387
2012-11-27 02:00:00,36.953574517818694
2012-11-27 03:00:00,37.83713403573383
2012-11-27 04:00:00,34.27281036118755
2012-11-27 05:00:00,38.63246338709974
2012-11-27 06:00:00,40.93225859418209
2012-11-27 07:00:00,41.20952906223125
2012-11-27 08:00:00,46.06601444363852
2012-11-27 09:00:00,51.64319428099744
2012-11-27 10:00:00,52.862667761058376
2012-11-27 11:00:00,51.268538244600286
2012-11-27 12:00:00,54.42958478634622
2012-11-27 13:00:00,56.083015880488254
2012-11-27 14:00:00,61.082895504210924
2012-11-27 15:00:00,78.21504075683669
2012-11-27 16:00:00,83.32159769769552
2012-11-27 17:00:00,91.78226614025833
2012-11-27 18:00:00,86.83732574532416
2012-11-27 19:00:00,101.653255891031
2012-11-27 20:00:00,103.69304558947171
2012-11-27 21:00:00,98.38796733290668
2012-11-27 22:00:00,103.6930937597907
2012-11-27 23:00:00,111.36192354618399
2012-11-28 00:00:00,27.922117193634925
2012-11-28 01:00:00,29.91990613736599
2012-11-28 02:00:00,31.873337381244202
2012-11-28 03:00:00,35.755827373390204
2012-11-28 04:00:00,37.667267230051365
2012-11-28 05:00:00,39.90960419343771
2012-11-28 06:00:00,45.5198424266457
2012-11-28 07:00:00,52.62978472271485
2012-11-28 08:00:00,54.22289203954972
2012-11-28 09:00:00,67.58187598683466
2012-11-28 10:00:00,77.09477571007542
2012-11-28 11:00:00,89.2945498613496
2012-11-28 12:00:00,107.00173086833811
2012-11-28 13:00:00,109.66844305447334
2012-11-28 14:00:00,126.52251800272559
2012-11-28 15:00:00,148.04997477222395
2012-11-28 16:00:00,158.2085205156546
2012-11-28 17:00:00,154.7609693592647
2012-11-28 18:00:00,161.79690116642217
2012-11-28 19:00:00,162.5462740526975
2012-11-28 20:00:00,174.15026404411216
2012-11-28 21:00:00,172.3355261317105
2012-11-28 22:00:00,163.49492346977283
2012-11-28 23:00:00,163.66774624620294
2012-11-29 00:00:00,34.26343072218214
2012-11-29 01:00:00,32.9372797324095
2012-11-29 02:00:00,34.51048032749619
2012-11-29 04:00:00,33.67439743241756
2012-11-29 05:00:00,38.184214662375275
2012-11-29 06:00:00,42.205424923921946
2012-11-29 07:00:00,45.63210130366278
2012-11-29 08:00:00,46.401109558404514
2012-11-29 09:00:00,58.10980547804031
2012-11-29 10:00:00,64.34325027458463
2012-11-29 11:00:00,109.72905356195928
2012-11-29 12:00:00,110.82402426816232
2012-11-29 13:00:00,136.11302357887655
2012-11-29 14:00:00,124.67552268238036
2012-11-29 15:00:00,133.52235211707338
2012-11-29 16:00:00,145.94425740625113
2012-11-29 17:00:00,149.70249724775812
2012-11-29 18:00:00,137.06970810289621
2012-11-29 19:00:00,135.63630311385293
2012-11-29 20:00:00,145.32464924403251
2012-11-29 21:00:00,124.30788429133207
2012-11-29 22:00:00,125.78871238875041
2012-11-29 23:00:00,150.1011960190789
2012-11-30 00:00:00,33.77481298046827
2012-11-30 01:00:00,34.29827307233526
2012-11-30 02:00:00,34.71058470661478
2012-11-30 03:00:00,36.9767930412226
2012-11-30 04:00:00,37.96041156843236
2012-11-30 05:00:00,37.01085732105777
2012-11-30 06:00:00,37.05561994193821
2012-11-30 07:00:00,43.579362461664964
2012-11-30 08:00:00,45.10938268123292
2012-11-30 09:00:00,54.02052231937915
2012-11-30 10:00:00,68.15832334018877
2012-11-30 11:00:00,89.98243530693128
2012-11-30 12:00:00,109.1280848529295
2012-11-30 13:00:00,136.47292100703058
2012-11-30 14:00:00,142.1772001341017
2012-11-30 15:00:00,160.43353887391484
2012-11-30 16:00:00,165.50554398753414
2012-11-30 17:00:00,150.57052704566252
2012-11-30 18:00:00,126.85328855052633
2012-11-30 19:00:00,129.41520427026452
2012-11-30 20:00:00,137.86455241640377
2012-11-30 21:00:00,131.11269976210244
2012-11-30 22:00:00,137.37510451941452
2012-11-30 23:00:00,142.19818305262757
2012-12-20 00:00:00,39.00541553203945
2012-12-20 01:00:00,38.171043376752536
2012-12-20 02:00:00,40.66318049781314
2012-12-20 03:00:00,38.9188616721841
2012-12-20 04:00:00,41.459822864294026
2012-12-20 05:00:00,44.413158607016925
2012-12-20 06:00:00,48.731525864938746
2012-12-20 07:00:00,49.29755089970742
2012-12-20 08:00:00,52.51612303466138
2012-12-20 09:00:00,55.944831502939024
2012-12-20 10:00:00,63.36889447417894
2012-12-20 11:00:00,80.80400706912582
2012-12-20 12:00:00,92.59199292685611
2012-12-20 13:00:00,95.70022802052569
2012-12-20 14:00:00,106.2531633904479
2012-12-20 15:00:00,104.66029522572913
2012-12-20 16:00:00,118.11456290843438
2012-12-20 17:00:00,108.21887609968276
2012-12-20 18:00:00,109.47585691486834
2012-12-20 19:00:00,112.06095851583096
2012-12-20 20:00:00,111.50179283529957
2012-12-20 21:00:00,118.78159795477121
2012-12-20 22:00:00,114.1973256832791
2012-12-20 23:00:00,153.95103362807305
2012-12-21 00:00:00,28.97304267616463
2012-12-21 01:00:00,33.11775863836472
2012-12-21 02:00:00,34.40352763298194
2012-12-21 03:00:00,36.64968861588569
2012-12-21 04:00:00,41.86369729633152
2012-12-21 05:00:00,39.69049582310716
2012-12-21 06:00:00,53.79924029443609
2012-12-21 07:00:00,50.27028188596453
2012-12-21 08:00:00,54.4420072264336
2012-12-21 09:00:00,70.1693020670761
2012-12-21 10:00:00,79.36549364121993
2012-12-21 11:00:00,79.45967029906247
2012-12-21 12:00:00,85.38889953380912
2012-12-21 13:00:00,93.01491043342641
2012-12-21 14:00:00,100.20050653429864
2012-12-21 15:00:00,97.52513424668226
2012-12-21 16:00:00,104.8023967236301
2012-12-21 17:00:00,85.524238806544
2012-12-21 18:00:00,90.09620513411087
2012-12-21 19:00:00,118.75420181091789
2012-12-21 20:00:00,131.86841345967125
2012-12-21 21:00:00,139.1609546232375
2012-12-21 22:00:00,137.4503467015269
2012-12-21 23:00:00,148.09011975011808
2012-12-22 00:00:00,37.862692948666
2012-12-22 01:00:00,38.36137999045439
2012-12-22 02:00:00,42.02060325892352
2012-12-22 03:00:00,41.7702682852924
2012-12-22 04:00:00,42.58461018258786
2012-12-22 05:00:00,47.67934033143886
2012-12-22 06:00:00,52.936976675735536
2012-12-22 07:00:00,56.39316212364675
2012-12-22 08:00:00,63.50147523490018
2012-12-22 09:00:00,60.72474214561355
2012-12-22 10:00:00,63.26290778728063
2012-12-22 11:00:00,77.31762845993744
2012-12-22 12:00:00,98.9245979620126
2012-12-22 13:00:00,102.86834397970317
2012-12-22 14:00:00,110.19603464698808
2012-12-22 15:00:00,124.47833584534834
2012-12-22 16:00:00,116.18414248415102
2012-12-22 17:00:00,110.50923186061584
2012-12-22 18:00:00,113.0460648148509
2012-12-22 19:00:00,108.92388797436939
2012-12-22 20:00:00,111.64267419161193
2012-12-22 21:00:00,114.23483567159384
2012-12-22 22:00:00,121.69307755630011
2012-12-22 23:00:00,127.51982029988436
2012-12-23 00:00:00,29.944949929097035
2012-12-23 01:00:00,31.378733371919733
2012-12-23 02:00:00,30.566216487245594
2012-12-23 03:00:00,32.20022942312116
2012-12-23 04:00:00,35.75097268703458
2012-12-23 05:00:00,36.56752748997748
2012-12-23 06:00:00,31.617729381523414
2012-12-23 07:00:00,33.68200926765648
2012-12-23 08:00:00,32.46644598884377
2012-12-23 09:00:00,43.57970097118808
2012-12-23 10:00:00,46.50551922975389
2012-12-23 11:00:00,57.21946916105803
2012-12-23 12:00:00,76.80567674779957
2012-12-23 13:00:00,88.55211807929709
2012-12-23 14:00:00,107.49232220268465
2012-12-23 15:00:00,108.00582149986947
2012-12-23 16:00:00,117.65173070442601
2012-12-23 17:00:00,103.44097250884349
2012-12-23 18:00:00,109.45158047804459
2012-12-23 19:00:00,117.01300465572967
2012-12-23 20:00:00,91.27242647886753
2012-12-23 21:00:00,88.98930791797034
2012-12-23 22:00:00,105.66998943700168
2012-12-23 23:00:00,111.98926990863116
2012-12-24 00:00:00,21.645164263107176
2012-12-24 01:00:00,23.05834851429788
2012-12-24 02:00:00,22.25030845796317
2012-12-24 03:00:00,23.703001776189573
2012-12-24 05:00:00,24.601800388433183
2012-12-24 06:00:00,28.655321682428866
2012-12-24 07:00:00,32.47992188309736
2012-12-24 08:00:00,35.90040849845362
2012-12-24 09:00:00,39.73298144356442
2012-12-24 10:00:00,43.69110261653951
2012-12-24 11:00:00,49.53462349021067
2012-12-24 12:00:00,57.40666688231211
2012-12-24 13:00:00,41.44658329376517
2012-12-24 14:00:00,41.49671068418672
2012-12-24 15:00:00,44.682807734592515
2012-12-24 16:00:00,47.600089369508765
2012-12-24 17:00:00,47.40003919152452
2012-12-24 18:00:00,50.22738294604199
2012-12-24 19:00:00,55.66069619093402
2012-12-24 20:00:00,56.66705047191796
2012-12-24 21:00:00,60.384515198275025
2012-12-24 22:00:00,67.33681609388033
2012-12-24 23:00:00,68.55427648840103
2012-12-25 00:00:00,15.991421012549521
2012-12-25 01:00:00,19.896198096445673
2012-12-25 02:00:00,21.195194651366297
2012-12-25 04:00:00,22.928942396973678
2012-12-25 05:00:00,22.11893424458056
2012-12-25 06:00:00,23.563050313537428
2012-12-25 07:00:00,25.383345163778596
2012-12-25 08:00:00,29.54116491856904
2012-12-25 09:00:00,30.421926594150765
2012-12-25 10:00:00,40.185807676119246
2012-12-25 11:00:00,48.05112143003284
2012-12-25 12:00:00,52.56510620703983
2012-12-25 13:00:00,94.44835289217724
2012-12-25 14:00:00,99.93269735405514
2012-12-25 15:00:00,92.01162614579958
2012-12-25 16:00:00,93.67521104877113
2012-12-25 17:00:00,86.21373857360062
2012-12-25 18:00:00,83.6816488798362
2012-12-25 19:00:00,88.15840642926712
2012-12-25 20:00:00,96.03175966362154
2012-12-25 21:00:00,96.34332267514756
2012-12-25 22:00:00,98.02412635451384
2012-12-25 23:00:00,107.73937346421674
2012-12-26 00:00:00,24.870992594599514
2012-12-26 01:00:00,25.10163735980261
2012-12-26 02:00:00,26.740490184608152
2012-12-26 03:00:00,26.656485985289173
2012-12-26 04:00:00,28.935356949291627
2012-12-26 05:00:00,29.13666946889718
2012-12-26 06:00:00,30.35452055801717
2012-12-26 07:00:00,25.54017816991345
2012-12-26 08:00:00,27.207662746311165
2012-12-26 09:00:00,28.984015193325373
2012-12-26 10:00:00,30.53344659839542
2012-12-26 11:00:00,34.00540318252344
2012-12-26 12:00:00,35.986178941692415
2012-12-26 13:00:00,38.33566914295687
2012-12-26 14:00:00,37.96128059146396
2012-12-26 15:00:00,47.3646387770183
2012-12-26 16:00:00,50.457013626633305
2012-12-26 17:00:00,50.518038642945044
2012-12-26 18:00:00,55.54250098875854
2012-12-26 19:00:00,63.8969045832371
2012-12-26 20:00:00,67.87435284177472
2012-12-26 21:00:00,77.56614103818494
2012-12-26 22:00:00,67.90807819962204
2012-12-26 23:00:00,76.82611839671122
2012-12-27 00:00:00,18.431794464153306
2012-12-27 01:00:00,18.489058383510475
2012-12-27 02:00:00,21.92854521813822
2012-12-27 03:00:00,22.226285303533558
2012-12-27 04:00:00,24.20508424881816
2012-12-27 05:00:00,29.717864212095115
2012-12-27 06:00:00,35.82216722251535
2012-12-27 07:00:00,35.70739802933894
2012-12-27 08:00:00,42.968416744158716
2012-12-27 09:00:00,49.82816056993241
2012-12-27 10:00:00,58.052299402240855
2012-12-27 11:00:00,58.45618778979525
2012-12-27 12:00:00,74.34098273630494
2012-12-27 13:00:00,79.19460753415639
2012-12-27 14:00:00,68.85535099143108
2012-12-27 15:00:00,71.33526212444166
2012-12-27 16:00:00,77.05605153448172
2012-12-27 17:00:00,82.08693959630499
2012-12-27 18:00:00,76.72750532924813
2012-12-27 19:00:00,85.0306272478697
2012-12-27 20:00:00,89.61551948556442
2012-12-27 21:00:00,92.75835051864593
2012-12-27 22:00:00,98.24082092668269
2012-12-27 23:00:00,105.26588431976253
2012-12-28 00:00:00,26.25374502802898
2012-12-28 01:00:00,29.096978220220443
2012-12-28 02:00:00,31.695604906649066
2012-12-28 03:00:00,31.73899729030762
2012-12-28 04:00:00,33.632182555425345
2012-12-28 05:00:00,35.62914981361546
2012-12-28 06:00:00,38.167270437226144
2012-12-28 07:00:00,39.5520600976981
2012-12-28 08:00:00,43.06056616820137
2012-12-28 09:00:00,46.8874430458175
2012-12-28 10:00:00,54.32889780537485
2012-12-28 11:00:00,62.9537289734985
2012-12-28 12:00:00,70.6027417184726
2012-12-28 13:00:00,75.2123016864461
2012-12-28 14:00:00,80.12281375034634
2012-12-28 15:00:00,82.56905113369389
2012-12-28 16:00:00,95.14285020602627
2012-12-28 17:00:00,79.61059907855012
2012-12-28 18:00:00,84.80827018319589
2012-12-28 19:00:00,82.43700509830018
2012-12-28 20:00:00,87.857750874875
2012-12-28 21:00:00,88.35901119752158
2012-12-28 22:00:00,94.15552795015104
2012-12-28 23:00:00,105.62460916367962
2012-12-29 00:00:00,22.561880814641622
2012-12-29 01:00:00,23.60067960370557
2012-12-29 02:00:00,25.604124292754886
2012-12-29 03:00:00,25.901520589829467
2012-12-29 04:00:00,28.531621115072046
2012-12-29 05:00:00,30.39441305929783
2012-12-29 06:00:00,34.97979201233835
2012-12-29 07:00:00,37.68064661019853
2012-12-29 08:00:00,34.072713009022735
2012-12-29 09:00:00,36.297275541068835
2012-12-29 10:00:00,38.8544345516206
2012-12-29 11:00:00,33.86184736133277
2012-12-29 12:00:00,32.44974704796157
2012-12-29 13:00:00,34.56834827112078
2012-12-29 14:00:00,47.436739298735134
2012-12-29 15:00:00,48.87066712713542
2012-12-29 16:00:00,68.0923372461629
2012-12-29 17:00:00,66.86971050181133
2012-12-29 18:00:00,84.13999852789297
2012-12-29 19:00:00,96.1350771190892
2012-12-29 20:00:00,120.56475952807206
2012-12-29 21:00:00,123.11659350265604
2012-12-29 22:00:00,121.98354359099653
2012-12-29 23:00:00,109.32380095552597
2012-12-30 00:00:00,26.203333536053314
2012-12-30 01:00:00,30.919289172662637
2012-12-30 02:00:00,31.859727758860778
2012-12-30 03:00:00,35.088445397102376
2012-12-30 04:00:00,35.96426780396093
2012-12-30 05:00:00,41.36701981772162
2012-12-30 06:00:00,41.89210363125869
2012-12-30 07:00:00,44.56246770440543
2012-12-30 08:00:00,50.58468750957368
2012-12-30 09:00:00,53.29855974344657
2012-12-30 10:00:00,69.78030090471877
2012-12-30 11:00:00,71.1121660854936
2012-12-30 12:00:00,86.5336626426685
2012-12-30 13:00:00,100.03422860628676
2012-12-30 14:00:00,100.8039021917816
2012-12-30 15:00:00,96.41890028806486
2012-12-30 16:00:00,104.4164109413187
2012-12-30 17:00:00,100.51482762540788
2012-12-30 18:00:00,94.54209982127247
2012-12-30 19:00:00,103.51406301037115
2012-12-30 20:00:00,106.07351295983833
2012-12-30 21:00:00,101.65310119001684
2012-12-30 22:00:00,103.3071394205045
2012-12-30 23:00:00,115.98698624955234
2012-12-31 00:00:00,23.345097065140727
2012-12-31 01:00:00,24.869267688840086
2012-12-31 02:00:00,24.228013933536
2012-12-31 03:00:00,25.67031052651168
2012-12-31 04:00:00,23.76716471562689
2012-12-31 05:00:00,27.651787242351467
2012-12-31 06:00:00,29.6302344512102
2012-12-31 07:00:00,31.745502524987458
2012-12-31 08:00:00,30.430007543554424
2012-12-31 09:00:00,35.93297396199955
2012-12-31 10:00:00,37.49985355569391
2012-12-31 11:00:00,46.5221666660487
2012-12-31 12:00:00,52.6958110512162
2012-12-31 13:00:00,66.32691918939645
2012-12-31 14:00:00,74.19381218697026
2012-12-31 15:00:00,77.7462595854616
2012-12-31 16:00:00,77.79720456638844
2012-12-31 17:00:00,82.45271530511803
2012-12-31 18:00:00,87.81012847907157
2012-12-31 19:00:00,82.15752934463443
2012-12-31 20:00:00,87.52148617006107
2012-12-31 21:00:00,97.55899901480905
2012-12-31 22:00:00,108.9371570612367
2012-12-31 23:00:00,105.73768262448822
