datetime,count
2011-01-20 00:00:00,39.183958030354134
2011-01-20 01:00:00,37.252789933772775
2011-01-20 02:00:00,39.02693063180815
2011-01-20 03:00:00,42.75649183761977
2011-01-20 04:00:00,44.79274287839265
2011-01-20 05:00:00,44.445721743497984
2011-01-20 06:00:00,45.2027285583254
2011-01-20 07:00:00,49.30863571057243
2011-01-20 08:00:00,52.762780154884126
2011-01-20 09:00:00,54.44585150429123
2011-01-20 10:00:00,64.48256122149363
2011-01-20 11:00:00,66.57680490491806
2011-01-20 12:00:00,72.32300233215942
2011-01-20 13:00:00,72.51756157030879
2011-01-20 14:00:00,79.08109289343932
2011-01-20 15:00:00,87.1662279192736
2011-01-20 16:00:00,84.03141070829894
2011-01-20 17:00:00,88.30057975580839
2011-01-20 18:00:00,82.77627365349291
2011-01-20 19:00:00,92.85717741554113
2011-01-20 20:00:00,89.5721619605236
2011-01-20 21:00:00,90.14452686719744
2011-01-20 22:00:00,90.42558254828627
2011-01-20 23:00:00,96.24985396888925
2011-01-21 00:00:00,33.1391241718055
2011-01-21 01:00:00,34.717354124380044
2011-01-21 02:00:00,32.69684790955457
2011-01-21 03:00:00,33.045525059189906
2011-01-21 04:00:00,33.19042397132148
2011-01-21 05:00:00,49.064833743748544
2011-01-21 06:00:00,50.365579615417495
2011-01-21 07:00:00,52.75318541242982
2011-01-21 08:00:00,57.996214443867515
2011-01-21 09:00:00,59.45041454530722
2011-01-21 10:00:00,65.86211266656447
2011-01-21 11:00:00,74.59961352833793
2011-01-21 12:00:00,91.30362769955602
2011-01-21 13:00:00,96.16493288695533
2011-01-21 14:00:00,95.49508949638393
2011-01-21 15:00:00,91.09155820591755
2011-01-21 16:00:00,93.7099122465705
2011-01-21 17:00:00,93.77760173376001
2011-01-21 18:00:00,91.66817790916532
2011-01-21 19:00:00,97.28935712634377
2011-01-21 20:00:00,98.3535475681464
2011-01-21 21:00:00,92.85087898264385
2011-01-21 22:00:00,93.09232900416288
2011-01-21 23:00:00,99.1654053882918
2011-01-22 00:00:00,30.7479165561687
2011-01-22 01:00:00,32.37603317182427
2011-01-22 02:00:00,33.22746008474921
2011-01-22 03:00:00,35.18114649150164
2011-01-22 04:00:00,33.99426271275181
2011-01-22 06:00:00,38.039366330623416
2011-01-22 07:00:00,42.12506731606452
2011-01-22 08:00:00,44.23247318721556
2011-01-22 09:00:00,48.27343744712856
2011-01-22 10:00:00,47.9875286613224
2011-01-22 11:00:00,52.49637049559457
2011-01-22 12:00:00,55.91398662000518
2011-01-22 13:00:00,65.07961520717353
2011-01-22 14:00:00,71.11467947812382
2011-01-22 15:00:00,76.99231282200547
2011-01-22 16:00:00,85.24656241658495
2011-01-22 17:00:00,88.01245379022181
2011-01-22 18:00:00,82.20592704914885
2011-01-22 19:00:00,85.47080249294683
2011-01-22 20:00:00,79.94383071598635
2011-01-22 21:00:00,86.5595834951176
2011-01-22 22:00:00,85.75841166987267
2011-01-22 23:00:00,80.37357821287874
2011-01-23 00:00:00,26.50738897836666
2011-01-23 01:00:00,27.769786712033845
2011-01-23 02:00:00,27.412353938517878
2011-01-23 03:00:00,28.717850059418748
2011-01-23 05:00:00,31.887684702586117
2011-01-23 06:00:00,33.40631563727725
2011-01-23 07:00:00,39.46368049973008
2011-01-23 08:00:00,38.33723619177658
2011-01-23 09:00:00,47.394668509647644
2011-01-23 10:00:00,56.79755786292724
2011-01-23 11:00:00,59.09394389251881
2011-01-23 12:00:00,70.90270981095712
2011-01-23 13:00:00,72.5410057616541
2011-01-23 14:00:00,81.74756830968659
2011-01-23 15:00:00,85.64074485193959
2011-01-23 16:00:00,90.22258884252656
2011-01-23 17:00:00,92.46551321158553
2011-01-23 18:00:00,89.19493507738892
2011-01-23 19:00:00,94.43936037403809
2011-01-23 20:00:00,90.54324447829829
2011-01-23 21:00:00,92.86724331540064
2011-01-23 22:00:00,92.9343241174845
2011-01-23 23:00:00,91.9850307149315
2011-01-24 00:00:00,29.9194054379894
2011-01-24 01:00:00,29.46349905748192
2011-01-24 03:00:00,32.58265355898393
2011-01-24 04:00:00,32.29065741237208
2011-01-24 05:00:00,33.828479668999094
2011-01-24 06:00:00,35.359690895276714
2011-01-24 07:00:00,37.372695205171446
2011-01-24 08:00:00,40.005561346626976
2011-01-24 09:00:00,46.05135208922302
2011-01-24 10:00:00,48.75213767830252
2011-01-24 11:00:00,51.161470342917546
2011-01-24 12:00:00,55.52503900640851
2011-01-24 13:00:00,59.258946087891395
2011-01-24 14:00:00,60.593755580450754
2011-01-24 15:00:00,71.45124114330888
2011-01-24 16:00:00,72.03180779567411
2011-01-24 17:00:00,70.54367442732003
2011-01-24 18:00:00,68.19896607406179
2011-01-24 19:00:00,74.61283888699194
2011-01-24 20:00:00,74.84951259415229
2011-01-24 21:00:00,76.14297016557816
2011-01-24 22:00:00,76.62902323475666
2011-01-24 23:00:00,82.89192234763254
2011-01-25 00:00:00,26.783466398819336
2011-01-25 01:00:00,27.634500704063814
2011-01-25 02:00:00,30.59990561919973
2011-01-25 04:00:00,30.84080743370225
2011-01-25 05:00:00,32.80590987902316
2011-01-25 06:00:00,34.86333760706706
2011-01-25 07:00:00,37.084746048819724
2011-01-25 08:00:00,36.863796496713306
2011-01-25 09:00:00,44.323542773470884
2011-01-25 10:00:00,49.660399602817584
2011-01-25 11:00:00,53.428182476893376
2011-01-25 12:00:00,60.22527050562414
2011-01-25 13:00:00,63.235938077337984
2011-01-25 14:00:00,75.26132465103707
2011-01-25 15:00:00,83.21085832012344
2011-01-25 16:00:00,87.17372312908498
2011-01-25 17:00:00,90.77381036690817
2011-01-25 18:00:00,89.39003312871323
2011-01-25 19:00:00,77.50693399940167
2011-01-25 20:00:00,82.44602774991732
2011-01-25 21:00:00,86.37246798385739
2011-01-25 22:00:00,88.8253388797338
2011-01-25 23:00:00,88.70958285870194
2011-01-26 00:00:00,29.013240628664274
2011-01-26 01:00:00,32.33523807941777
2011-01-26 02:00:00,31.005203677039326
2011-01-26 05:00:00,30.306099920888915
2011-01-26 06:00:00,31.749408874767607
2011-01-26 07:00:00,34.63114045454323
2011-01-26 08:00:00,36.280426744483194
2011-01-26 09:00:00,38.00825925699858
2011-01-26 10:00:00,37.73326284849068
2011-01-26 11:00:00,39.62450457884261
2011-01-26 12:00:00,41.5115966956422
2011-01-26 13:00:00,43.48856038800184
2011-01-26 14:00:00,46.04393856287749
2011-01-26 15:00:00,49.38239766824764
2011-01-26 16:00:00,50.002510578744854
2011-01-26 17:00:00,51.39470050078601
2011-01-27 16:00:00,75.17513597149754
2011-01-27 17:00:00,77.33180760731754
2011-01-27 18:00:00,69.86957777411014
2011-01-27 19:00:00,73.19707248535099
2011-01-27 20:00:00,71.49499776568133
2011-01-27 21:00:00,74.89990208204372
2011-01-27 22:00:00,78.46696282565121
2011-01-27 23:00:00,79.3331826727901
2011-01-28 00:00:00,29.144488580415015
2011-01-28 01:00:00,30.53247652456266
2011-01-28 02:00:00,32.327705055373656
2011-01-28 03:00:00,33.61162622965263
2011-01-28 05:00:00,34.393554659212136
2011-01-28 06:00:00,35.925698301174585
2011-01-28 07:00:00,34.72937773168364
2011-01-28 08:00:00,36.38334251018107
2011-01-28 09:00:00,37.425558902948936
2011-01-28 10:00:00,39.41575124417204
2011-01-28 11:00:00,39.02128452769973
2011-01-28 12:00:00,40.87964866883612
2011-01-28 13:00:00,42.82651623375422
2011-01-28 14:00:00,52.352036276980975
2011-01-28 15:00:00,53.21275858016044
2011-01-28 16:00:00,63.2249686467831
2011-01-28 17:00:00,71.53628622205301
2011-01-28 18:00:00,75.51996765927535
2011-01-28 19:00:00,74.84549193236126
2011-01-28 20:00:00,82.27232963113167
2011-01-28 21:00:00,79.75259028233093
2011-01-28 22:00:00,103.12948714613499
2011-01-28 23:00:00,108.7314647767447
2011-01-29 00:00:00,36.70097755668134
2011-01-29 01:00:00,37.269991986262625
2011-01-29 02:00:00,38.63430028081841
2011-01-29 03:00:00,38.87769322520461
2011-01-29 04:00:00,36.48031304297112
2011-01-29 06:00:00,42.1322183763307
2011-01-29 07:00:00,45.47584952922759
2011-01-29 08:00:00,51.772436588673266
2011-01-29 09:00:00,51.83657168857356
2011-01-29 10:00:00,49.98194047230448
2011-01-29 11:00:00,52.208506265412325
2011-01-29 12:00:00,59.11006697812119
2011-01-29 13:00:00,66.07810534381746
2011-01-29 14:00:00,65.78141058605065
2011-01-29 15:00:00,69.17924240044621
2011-01-29 16:00:00,78.83618195411273
2011-01-29 17:00:00,81.15502191040838
2011-01-29 18:00:00,77.28630532207485
2011-01-29 19:00:00,79.43762379252497
2011-01-29 20:00:00,76.60190427515457
2011-01-29 21:00:00,80.25002180308113
2011-01-29 22:00:00,77.75985194978584
2011-01-29 23:00:00,81.46311600766111
2011-01-30 00:00:00,26.6441848184632
2011-01-30 01:00:00,27.196964856394814
2011-01-30 02:00:00,29.349245316202882
2011-01-30 03:00:00,26.871659956268466
2011-01-30 04:00:00,28.15140586622413
2011-01-30 05:00:00,31.208976121869163
2011-01-30 07:00:00,34.25237632998208
2011-01-30 08:00:00,34.207739080692065
2011-01-30 09:00:00,38.74932667481202
2011-01-30 10:00:00,41.812081597193746
2011-01-30 11:00:00,50.76156405436726
2011-01-30 12:00:00,73.81116660578114
2011-01-30 13:00:00,68.86404687987269
2011-01-30 14:00:00,72.7396978647072
2011-01-30 15:00:00,80.25344262280193
2011-01-30 16:00:00,84.07546236864324
2011-01-30 17:00:00,90.59857045456468
2011-01-30 18:00:00,82.30708459660173
2011-01-30 19:00:00,87.14343065495103
2011-01-30 20:00:00,85.45680736370515
2011-01-30 21:00:00,84.11208933307152
2011-01-30 22:00:00,87.85906472310504
2011-01-30 23:00:00,97.59849134004646
2011-01-31 00:00:00,31.841624258798003
2011-01-31 01:00:00,34.6102088479523
2011-01-31 02:00:00,35.984781522071515
2011-01-31 03:00:00,37.698534116755454
2011-01-31 04:00:00,39.806121518116406
2011-01-31 05:00:00,39.1797464991295
2011-01-31 06:00:00,38.359899283394135
2011-01-31 07:00:00,39.26094004776015
2011-01-31 08:00:00,42.82713571088348
2011-01-31 09:00:00,45.10456963536676
2011-01-31 10:00:00,46.15227920678992
2011-01-31 11:00:00,48.3502524859302
2011-01-31 12:00:00,54.37173776812401
2011-01-31 13:00:00,53.01267786147039
2011-01-31 14:00:00,59.49862940480222
2011-01-31 15:00:00,58.586756510890105
2011-01-31 16:00:00,64.22968401605377
2011-01-31 17:00:00,63.91934329646424
2011-01-31 18:00:00,69.90163625708678
2011-01-31 19:00:00,91.1041110106526
2011-01-31 20:00:00,70.27380383267446
2011-01-31 21:00:00,73.66843962177627
2011-01-31 22:00:00,80.28728368321987
2011-01-31 23:00:00,81.45389257121973
2011-02-20 00:00:00,48.20221114065972
2011-02-20 01:00:00,46.954059656624615
2011-02-20 02:00:00,50.777308092497414
2011-02-20 03:00:00,50.40489514643677
2011-02-20 04:00:00,52.805396585885354
2011-02-20 06:00:00,50.87481060910519
2011-02-20 07:00:00,49.30954527905093
2011-02-20 08:00:00,52.56106775360749
2011-02-20 09:00:00,60.75245726432504
2011-02-20 10:00:00,66.35376218226543
2011-02-20 11:00:00,78.91070298976217
2011-02-20 12:00:00,86.06419118596538
2011-02-20 13:00:00,93.92102171272808
2011-02-20 14:00:00,109.18469315795281
2011-02-20 15:00:00,112.91239467714769
2011-02-20 16:00:00,116.39279951119767
2011-02-20 17:00:00,117.69350305550321
2011-02-20 18:00:00,111.97965075903177
2011-02-20 19:00:00,117.31261121961931
2011-02-20 20:00:00,114.70182500937953
2011-02-20 21:00:00,106.74016044550051
2011-02-20 22:00:00,112.53979472578993
2011-02-20 23:00:00,109.97846899314101
2011-02-21 00:00:00,46.9332207677915
2011-02-21 01:00:00,49.16838589776019
2011-02-21 02:00:00,51.50999936169142
2011-02-21 03:00:00,53.393684046940045
2011-02-21 04:00:00,54.473722275703665
2011-02-21 05:00:00,58.4149168949771
2011-02-21 06:00:00,83.03021871064234
2011-02-21 07:00:00,86.52584599080605
2011-02-21 08:00:00,58.73498578913213
2011-02-21 09:00:00,61.20776764871065
2011-02-21 10:00:00,63.44609294412659
2011-02-21 11:00:00,64.7735768588596
2011-02-21 12:00:00,64.25844171531438
2011-02-21 13:00:00,56.333509072572554
2011-02-21 14:00:00,65.54307805189231
2011-02-21 15:00:00,73.95442026815924
2011-02-21 16:00:00,67.21986304198916
2011-02-21 17:00:00,74.09543513724348
2011-02-21 18:00:00,64.81150750511996
2011-02-21 19:00:00,67.8981148000441
2011-02-21 20:00:00,71.9385900508388
2011-02-21 21:00:00,78.45088762448557
2011-02-21 22:00:00,77.885393733579
2011-02-21 23:00:00,81.59463663997346
2011-02-22 06:00:00,30.949286885811684
2011-02-22 07:00:00,32.42322721449327
2011-02-22 08:00:00,33.608921978754914
2011-02-22 09:00:00,37.556596051660875
2011-02-22 10:00:00,42.13488507026546
2011-02-22 11:00:00,47.872457993024895
2011-02-22 12:00:00,55.95924387265701
2011-02-22 13:00:00,62.846554473632075
2011-02-22 14:00:00,66.53940409282438
2011-02-22 15:00:00,74.95853606048603
2011-02-22 16:00:00,74.63464061452609
2011-02-22 17:00:00,78.78381038211076
2011-02-22 18:00:00,83.71177984816944
2011-02-22 19:00:00,87.36737126230837
2011-02-22 20:00:00,90.83723767295
2011-02-22 21:00:00,96.17481363647838
2011-02-22 22:00:00,96.76048813033734
2011-02-22 23:00:00,101.36864553972835
2011-02-23 00:00:00,31.338945000529232
2011-02-23 01:00:00,34.01023223798926
2011-02-23 02:00:00,33.58945751411559
2011-02-23 03:00:00,35.08702558742116
2011-02-23 05:00:00,38.2144776372339
2011-02-23 06:00:00,40.03441810748885
2011-02-23 07:00:00,41.03824319213016
2011-02-23 08:00:00,44.15342120891195
2011-02-23 09:00:00,50.31378112095515
2011-02-23 10:00:00,59.06776995590023
2011-02-23 11:00:00,65.77689889911527
2011-02-23 12:00:00,75.12535595758644
2011-02-23 13:00:00,88.36268757786452
2011-02-23 14:00:00,95.08060086473293
2011-02-23 15:00:00,105.4179798062595
2011-02-23 16:00:00,108.43842970124794
2011-02-23 17:00:00,115.69800630980109
2011-02-23 18:00:00,116.72127275981991
2011-02-23 19:00:00,110.15714451310657
2011-02-23 20:00:00,86.40010140211047
2011-02-23 21:00:00,98.00103238496871
2011-02-23 22:00:00,102.66826993449861
2011-02-23 23:00:00,100.49261654877762
2011-02-24 00:00:00,35.35699187821431
2011-02-24 01:00:00,35.57362798773204
2011-02-24 02:00:00,34.55822064983023
2011-02-24 03:00:00,36.28578971466094
2011-02-24 05:00:00,38.24679277088353
2011-02-24 06:00:00,40.3766634482865
2011-02-24 07:00:00,41.28614897252634
2011-02-24 08:00:00,47.134755289985996
2011-02-24 09:00:00,45.79404867666227
2011-02-24 10:00:00,51.88139454620993
2011-02-24 11:00:00,68.47475295189481
2011-02-24 12:00:00,78.83938567204365
2011-02-24 13:00:00,86.05117356087695
2011-02-24 14:00:00,95.912561563708
2011-02-24 15:00:00,95.73556434952248
2011-02-24 16:00:00,87.94706257695981
2011-02-24 17:00:00,81.6523956550109
2011-02-24 18:00:00,75.03884025319174
2011-02-24 19:00:00,70.63976337748613
2011-02-24 20:00:00,79.29135682058578
2011-02-24 21:00:00,86.27856084682325
2011-02-24 22:00:00,85.96893255738118
2011-02-24 23:00:00,85.54325435033952
2011-02-25 00:00:00,28.490162920554994
2011-02-25 01:00:00,29.586842172392448
2011-02-25 02:00:00,30.995896928229758
2011-02-25 03:00:00,35.17853540945108
2011-02-25 05:00:00,38.60903442896902
2011-02-25 06:00:00,39.50914114662538
2011-02-25 07:00:00,39.202065997111546
2011-02-25 08:00:00,44.76713418604667
2011-02-25 09:00:00,47.97522262272071
2011-02-25 10:00:00,58.62474150966001
2011-02-25 11:00:00,93.79607983044848
2011-02-25 12:00:00,106.09442749511297
2011-02-25 13:00:00,111.14710789806979
2011-02-25 14:00:00,130.60746924745916
2011-02-25 15:00:00,157.03899619286665
2011-02-25 16:00:00,105.13186535294253
2011-02-25 17:00:00,120.15209614457108
2011-02-25 18:00:00,116.61043020828356
2011-02-25 19:00:00,113.93382496547444
2011-02-25 20:00:00,127.88116444413747
2011-02-25 21:00:00,122.76510238923483
2011-02-25 22:00:00,124.11700329540928
2011-02-25 23:00:00,126.34173599089517
2011-02-26 00:00:00,39.833002640534204
2011-02-26 01:00:00,42.721131990675026
2011-02-26 02:00:00,41.603609593440396
2011-02-26 03:00:00,43.06915295833209
2011-02-26 04:00:00,41.776968075615834
2011-02-26 05:00:00,42.023100213961044
2011-02-26 06:00:00,47.22619662290342
2011-02-26 07:00:00,50.38782662122692
2011-02-26 08:00:00,50.89711116246859
2011-02-26 09:00:00,57.73346221057529
2011-02-26 10:00:00,68.10390357997653
2011-02-26 11:00:00,75.73123621009984
2011-02-26 12:00:00,80.37177155920011
2011-02-26 13:00:00,90.48872503288986
2011-02-26 14:00:00,100.80118221944598
2011-02-26 15:00:00,105.06692896836026
2011-02-26 16:00:00,109.99685526149642
2011-02-26 17:00:00,117.17273442536565
2011-02-26 18:00:00,115.0859632314893
2011-02-26 19:00:00,115.12117437234855
2011-02-26 20:00:00,108.65088676248709
2011-02-26 21:00:00,104.63926481525316
2011-02-26 22:00:00,100.04674095247833
2011-02-26 23:00:00,105.6181001302507
2011-02-27 00:00:00,30.689832003459895
2011-02-27 01:00:00,31.571986697219465
2011-02-27 02:00:00,32.822956111087194
2011-02-27 03:00:00,34.30865335106608
2011-02-27 04:00:00,34.50235134021328
2011-02-27 06:00:00,37.60549873075605
2011-02-27 07:00:00,39.670298866838465
2011-02-27 08:00:00,42.510339619052445
2011-02-27 09:00:00,46.71638897164899
2011-02-27 10:00:00,53.603842033618086
2011-02-27 11:00:00,70.80575041573438
2011-02-27 12:00:00,84.90849021567544
2011-02-27 13:00:00,93.91960238771772
2011-02-27 14:00:00,104.62587075457554
2011-02-27 15:00:00,117.51576227038383
2011-02-27 16:00:00,128.16807764033777
2011-02-27 17:00:00,114.52438631654778
2011-02-27 18:00:00,116.48540941785463
2011-02-27 19:00:00,119.47527307456697
2011-02-27 20:00:00,123.19578884253313
2011-02-27 21:00:00,120.5982968727101
2011-02-27 22:00:00,117.91681685276835
2011-02-27 23:00:00,119.2259982421796
2011-02-28 00:00:00,37.6566786769699
2011-02-28 01:00:00,32.368966368807136
2011-02-28 03:00:00,31.51584262829796
2011-02-28 05:00:00,36.22598043897803
2011-02-28 06:00:00,37.92513005424741
2011-02-28 07:00:00,41.927247601823744
2011-02-28 08:00:00,43.860898964733636
2011-02-28 09:00:00,62.2781786408193
2011-02-28 10:00:00,84.20559635670146
2011-02-28 11:00:00,93.20531587899127
2011-02-28 12:00:00,97.64416044521397
2011-02-28 13:00:00,64.26754109463513
2011-02-28 14:00:00,62.07633340671085
2011-02-28 15:00:00,65.03267975492935
2011-02-28 16:00:00,64.274082930248
2011-02-28 17:00:00,69.2964202592728
2011-02-28 18:00:00,80.24396849648426
2011-02-28 19:00:00,99.36716256702957
2011-02-28 20:00:00,104.09946120753067
2011-02-28 21:00:00,97.47150436139955
2011-02-28 22:00:00,83.67237283472724
2011-02-28 23:00:00,97.33349372657844
2011-03-20 00:00:00,49.260105944891016
2011-03-20 01:00:00,47.492782307713455
2011-03-20 02:00:00,48.07131315787207
2011-03-20 03:00:00,46.835075993967884
2011-03-20 04:00:00,47.13602386462886
2011-03-20 05:00:00,47.3052229501855
2011-03-20 06:00:00,50.086644425388464
2011-03-20 07:00:00,50.25593359319105
2011-03-20 08:00:00,57.25432003806705
2011-03-20 09:00:00,64.0013276225084
2011-03-20 10:00:00,68.25755322116166
2011-03-20 11:00:00,83.03411257640256
2011-03-20 12:00:00,88.87582166104195
2011-03-20 13:00:00,98.33099532824079
2011-03-20 14:00:00,109.599639990598
2011-03-20 15:00:00,116.62723122929484
2011-03-20 16:00:00,121.90773221175343
2011-03-20 17:00:00,133.83592396688647
2011-03-20 18:00:00,134.2300212627203
2011-03-20 19:00:00,124.59797405690769
2011-03-20 20:00:00,127.40454706409805
2011-03-20 21:00:00,116.73812583141229
2011-03-20 22:00:00,122.57822597697233
2011-03-20 23:00:00,117.2091992858755
2011-03-21 00:00:00,38.92547310736881
2011-03-21 01:00:00,41.08267171056292
2011-03-21 02:00:00,42.13715216165045
2011-03-21 03:00:00,44.14390753976295
2011-03-21 05:00:00,45.64344297117254
2011-03-21 06:00:00,44.53379476675093
2011-03-21 07:00:00,43.33516275321121
2011-03-21 08:00:00,47.62313200306074
2011-03-21 09:00:00,53.8268352533659
2011-03-21 10:00:00,67.17598938687819
2011-03-21 11:00:00,75.31283679503402
2011-03-21 12:00:00,76.20422356648103
2011-03-21 13:00:00,96.66637893275998
2011-03-21 14:00:00,106.58897979108541
2011-03-21 15:00:00,118.79334963988393
2011-03-21 16:00:00,119.48752984535004
2011-03-21 17:00:00,123.85710532267507
2011-03-21 18:00:00,116.83672742468555
2011-03-21 19:00:00,165.63439675894352
2011-03-21 20:00:00,150.6407877505692
2011-03-21 21:00:00,106.79598549876356
2011-03-21 22:00:00,118.69462759694731
2011-03-21 23:00:00,118.56119041841414
2011-03-22 00:00:00,41.51439846451992
2011-03-22 01:00:00,36.42300113386996
2011-03-22 02:00:00,40.609510509716095
2011-03-22 03:00:00,49.164772529383576
2011-03-22 04:00:00,46.667840113245234
2011-03-22 05:00:00,45.10568322308217
2011-03-22 06:00:00,51.71386184454554
2011-03-22 07:00:00,53.53855482918014
2011-03-22 08:00:00,69.49527956864554
2011-03-22 09:00:00,77.17244388405315
2011-03-22 10:00:00,83.5817822566582
2011-03-22 11:00:00,95.11040817159254
2011-03-22 12:00:00,103.22798433707902
2011-03-22 13:00:00,115.38124929700871
2011-03-22 14:00:00,128.52119003438284
2011-03-22 15:00:00,129.74124724616945
2011-03-22 16:00:00,130.28231840833448
2011-03-22 17:00:00,136.4869319079823
2011-03-22 18:00:00,135.87751973104577
2011-03-22 19:00:00,125.04282988284184
2011-03-22 20:00:00,135.9460675277577
2011-03-22 21:00:00,134.64998979604536
2011-03-22 22:00:00,131.19897364847222
2011-03-22 23:00:00,137.44724227758786
2011-03-23 00:00:00,36.85025144606496
2011-03-23 01:00:00,35.51020023219755
2011-03-23 02:00:00,37.201351191342546
2011-03-23 03:00:00,41.316933162636595
2011-03-23 05:00:00,38.10565690056933
2011-03-23 06:00:00,43.46391300536292
2011-03-23 07:00:00,41.668549040329275
2011-03-23 08:00:00,45.95980325136467
2011-03-23 09:00:00,50.92581497274883
2011-03-23 10:00:00,55.54202841578899
2011-03-23 11:00:00,54.42857645010705
2011-03-23 12:00:00,56.855245542124955
2011-03-23 13:00:00,55.75285877376297
2011-03-23 14:00:00,63.298439941241405
2011-03-23 15:00:00,75.21244557604294
2011-03-23 16:00:00,85.19801956986403
2011-03-23 17:00:00,89.2555216839239
2011-03-23 18:00:00,83.3156144688006
2011-03-23 19:00:00,87.28346822347783
2011-03-23 20:00:00,91.43060710165093
2011-03-23 21:00:00,76.09652546695362
2011-03-23 22:00:00,83.10005868278506
2011-03-23 23:00:00,81.30824092447929
2011-03-24 00:00:00,30.86306267444922
2011-03-24 01:00:00,29.664616500379672
2011-03-24 02:00:00,31.40770279467881
2011-03-24 03:00:00,31.273160141757735
2011-03-24 04:00:00,32.762524730619575
2011-03-24 05:00:00,36.70828076779633
2011-03-24 06:00:00,38.456489559160296
2011-03-24 07:00:00,35.23687827980766
2011-03-24 08:00:00,36.89101489849441
2011-03-24 09:00:00,42.929356744189015
2011-03-24 10:00:00,45.423940697209886
2011-03-24 11:00:00,55.793287747094695
2011-03-24 12:00:00,64.56703315797432
2011-03-24 13:00:00,68.0541080507637
2011-03-24 14:00:00,67.96586383835677
2011-03-24 15:00:00,73.28672893085279
2011-03-24 16:00:00,79.10279557510928
2011-03-24 17:00:00,79.58746695055875
2011-03-24 18:00:00,90.83057757073246
2011-03-24 19:00:00,107.29233140663267
2011-03-24 20:00:00,100.99206079544855
2011-03-24 21:00:00,98.69355327871725
2011-03-24 22:00:00,101.22674837649403
2011-03-24 23:00:00,102.6484831762615
2011-03-25 00:00:00,38.815147508717075
2011-03-25 01:00:00,35.74262084812932
2011-03-25 02:00:00,37.73304029412056
2011-03-25 03:00:00,38.9319930828785
2011-03-25 04:00:00,38.026695111761086
2011-03-25 05:00:00,40.144309086931855
2011-03-25 06:00:00,42.37605499248727
2011-03-25 07:00:00,53.41229080428447
2011-03-25 08:00:00,60.698276348337764
2011-03-25 09:00:00,66.55371064227924
2011-03-25 10:00:00,66.37900568011864
2011-03-25 11:00:00,83.59310554130477
2011-03-25 12:00:00,91.43921395734152
2011-03-25 13:00:00,97.40444585999165
2011-03-25 14:00:00,118.53934350795278
2011-03-25 15:00:00,108.37061314147877
2011-03-25 16:00:00,115.64669947623194
2011-03-25 17:00:00,118.21832302499264
2011-03-25 18:00:00,120.24461936640118
2011-03-25 19:00:00,124.34783029298622
2011-03-25 20:00:00,122.22949154884014
2011-03-25 21:00:00,129.4162610320975
2011-03-25 22:00:00,136.89792957442867
2011-03-25 23:00:00,137.0340195349178
2011-03-26 00:00:00,47.559695477160496
2011-03-26 01:00:00,51.837402125318626
2011-03-26 02:00:00,48.13454337999188
2011-03-26 03:00:00,47.281529569511235
2011-03-26 04:00:00,52.82847113872521
2011-03-26 05:00:00,50.24125849557901
2011-03-26 06:00:00,49.47126358583989
2011-03-26 07:00:00,55.14062641986514
2011-03-26 08:00:00,62.48736642928993
2011-03-26 09:00:00,69.0814581392136
2011-03-26 10:00:00,75.34340516740943
2011-03-26 11:00:00,83.29415348345564
2011-03-26 12:00:00,92.32173456627727
2011-03-26 13:00:00,103.15267154886259
2011-03-26 14:00:00,114.97387602031918
2011-03-26 15:00:00,120.79996123316464
2011-03-26 16:00:00,132.84208370488594
2011-03-26 17:00:00,133.62809868059702
2011-03-26 18:00:00,135.69759668250333
2011-03-26 19:00:00,112.38398490936973
2011-03-26 20:00:00,117.73620152964355
2011-03-26 21:00:00,118.19389215907253
2011-03-26 22:00:00,132.06008091425005
2011-03-26 23:00:00,132.10048537349428
2011-03-27 00:00:00,43.37102361808854
2011-03-27 01:00:00,40.23841709137378
2011-03-27 02:00:00,38.599364108960266
2011-03-27 03:00:00,34.95466378071923
2011-03-27 04:00:00,33.884113789643585
2011-03-27 06:00:00,32.419221346925546
2011-03-27 07:00:00,33.86461506399227
2011-03-27 08:00:00,48.537449558904925
2011-03-27 09:00:00,57.59225289285024
2011-03-27 10:00:00,58.572791791172676
2011-03-27 11:00:00,66.37682124922192
2011-03-27 12:00:00,75.56735728211945
2011-03-27 13:00:00,91.74183873574484
2011-03-27 14:00:00,100.65741475541617
2011-03-27 15:00:00,108.52789994803715
2011-03-27 16:00:00,109.09597717561317
2011-03-27 17:00:00,122.71512039346105
2011-03-27 18:00:00,120.24068625747027
2011-03-27 19:00:00,129.38543390545863
2011-03-27 20:00:00,123.72807043547643
2011-03-27 21:00:00,120.86179906867383
2011-03-27 22:00:00,126.61776625788858
2011-03-27 23:00:00,130.84599570023002
2011-03-28 00:00:00,37.09236399350247
2011-03-28 01:00:00,42.472335195639886
2011-03-28 02:00:00,44.02708087999429
2011-03-28 03:00:00,46.123842925031894
2011-03-28 05:00:00,47.95434577688197
2011-03-28 06:00:00,55.02569830197778
2011-03-28 07:00:00,61.309455560592795
2011-03-28 08:00:00,61.733065270878676
2011-03-28 09:00:00,64.53638558263968
2011-03-28 10:00:00,73.46270451504319
2011-03-28 11:00:00,78.00796606597486
2011-03-28 12:00:00,79.06334438947765
2011-03-28 13:00:00,94.6292569847976
2011-03-28 14:00:00,108.85693072625625
2011-03-28 15:00:00,114.61452862147743
2011-03-28 16:00:00,122.07525151175507
2011-03-28 17:00:00,129.54482962440724
2011-03-28 18:00:00,135.01688909795467
2011-03-28 19:00:00,130.95284916440784
2011-03-28 20:00:00,141.73231744411316
2011-03-28 21:00:00,151.27838212275066
2011-03-28 22:00:00,153.34470815733246
2011-03-28 23:00:00,155.45622481297679
2011-03-29 00:00:00,49.15891996106883
2011-03-29 01:00:00,47.89471310252759
2011-03-29 02:00:00,50.17566870040315
2011-03-29 03:00:00,52.565253374484755
2011-03-29 04:00:00,46.14856022386536
2011-03-29 05:00:00,53.66501786128589
2011-03-29 06:00:00,55.30416607948085
2011-03-29 07:00:00,58.38392030558116
2011-03-29 08:00:00,66.12933771370959
2011-03-29 09:00:00,79.68782003031916
2011-03-29 10:00:00,86.0330713510848
2011-03-29 11:00:00,93.34645420270863
2011-03-29 12:00:00,97.35367052243258
2011-03-29 13:00:00,104.1057216302308
2011-03-29 14:00:00,112.07718276039272
2011-03-29 15:00:00,124.63745445715982
2011-03-29 16:00:00,130.97449045631382
2011-03-29 17:00:00,142.1271549580654
2011-03-29 18:00:00,135.16780303670154
2011-03-29 19:00:00,138.48553716911275
2011-03-29 20:00:00,148.34893779375628
2011-03-29 21:00:00,125.02573507262645
2011-03-29 22:00:00,123.77449693477836
2011-03-29 23:00:00,115.17083709928686
2011-03-30 00:00:00,38.71988917612236
2011-03-30 01:00:00,49.21545462877834
2011-03-30 02:00:00,42.49572976495042
2011-03-30 03:00:00,47.49361998153825
2011-03-30 04:00:00,46.63977833307801
2011-03-30 05:00:00,49.18675838280837
2011-03-30 06:00:00,54.112527843506875
2011-03-30 07:00:00,60.49144414921718
2011-03-30 08:00:00,61.828279824545696
2011-03-30 09:00:00,67.41024315440394
2011-03-30 10:00:00,72.15922221021356
2011-03-30 11:00:00,76.39928212267864
2011-03-30 12:00:00,78.591072834084315
2011-03-30 13:00:00,86.62610892728762
2011-03-30 14:00:00,91.92661397818388
2011-03-30 15:00:00,60.63600320675779
2011-03-30 16:00:00,60.37247462406101
2011-03-30 17:00:00,56.23782272966294
2011-03-30 18:00:00,63.611395655066005
2011-03-30 19:00:00,66.64084837769737
2011-03-30 20:00:00,64.56852416801486
2011-03-30 21:00:00,70.79512614416028
2011-03-30 22:00:00,69.95925605247791
2011-03-30 23:00:00,73.84850677822148
2011-03-31 00:00:00,25.786472137970293
2011-03-31 01:00:00,26.729465406361008
2011-03-31 02:00:00,28.002439390281655
2011-03-31 03:00:00,29.648908456926087
2011-03-31 04:00:00,31.391071750071514
2011-03-31 05:00:00,32.540175822307546
2011-03-31 06:00:00,34.53125412928734
2011-03-31 07:00:00,36.09299510622887
2011-03-31 08:00:00,37.48233215495156
2011-03-31 09:00:00,40.80056192898522
2011-03-31 10:00:00,42.74366303764343
2011-03-31 11:00:00,45.77395345040153
2011-03-31 12:00:00,47.95390920326478
2011-03-31 13:00:00,53.90561360739518
2011-03-31 14:00:00,56.4728345624825
2011-03-31 15:00:00,61.03361668208566
2011-03-31 16:00:00,66.91933333955618
2011-03-31 17:00:00,70.10632451455726
2011-03-31 18:00:00,71.35655719420414
2011-03-31 19:00:00,74.75486836539389
2011-03-31 20:00:00,70.86076280654036
2011-03-31 21:00:00,75.65792766077975
2011-03-31 22:00:00,77.9972046868822
2011-03-31 23:00:00,72.6252805122977
2011-04-20 00:00:00,39.598793789967104
2011-04-20 01:00:00,38.775785475327105
2011-04-20 02:00:00,40.622457878450916
2011-04-20 03:00:00,40.14860276939701
2011-04-20 04:00:00,40.37225097320401
2011-04-20 05:00:00,45.82925333574967
2011-04-20 06:00:00,48.93150448282066
2011-04-20 07:00:00,49.815410458776014
2011-04-20 08:00:00,100.94618949543145
2011-04-20 09:00:00,110.80961051084698
2011-04-20 10:00:00,97.05337564455645
2011-04-20 11:00:00,101.67548163766016
2011-04-20 12:00:00,155.82478703806387
2011-04-20 13:00:00,163.24584454646518
2011-04-20 14:00:00,193.44283184350007
2011-04-20 15:00:00,199.66764267582317
2011-04-20 16:00:00,209.17668861793157
2011-04-20 17:00:00,213.80899196006098
2011-04-20 18:00:00,243.43231887600155
2011-04-20 19:00:00,231.0285632672877
2011-04-20 20:00:00,222.84882081575304
2011-04-20 21:00:00,237.0326969492896
2011-04-20 22:00:00,228.52217317957678
2011-04-20 23:00:00,243.88896568498393
2011-04-21 00:00:00,75.56761302712717
2011-04-21 01:00:00,70.00404820027707
2011-04-21 02:00:00,77.31982151100033
2011-04-21 03:00:00,69.48989273352684
2011-04-21 04:00:00,68.62267322573236
2011-04-21 05:00:00,72.42511170440095
2011-04-21 06:00:00,72.08215914738228
2011-04-21 07:00:00,81.48605006734662
2011-04-21 08:00:00,81.75550762032748
2011-04-21 09:00:00,83.92612615896846
2011-04-21 10:00:00,97.02895576809368
2011-04-21 11:00:00,104.47550739246233
2011-04-21 12:00:00,110.70967609518068
2011-04-21 13:00:00,131.86094241070737
2011-04-21 14:00:00,144.15919459669286
2011-04-21 15:00:00,163.7055599274562
2011-04-21 16:00:00,170.64400209810958
2011-04-21 17:00:00,159.40848088228842
2011-04-21 18:00:00,179.95229657852448
2011-04-21 19:00:00,173.43166756793096
2011-04-21 20:00:00,164.61728188905917
2011-04-21 21:00:00,149.0492794330849
2011-04-21 22:00:00,161.82423286539077
2011-04-21 23:00:00,158.91331675417328
2011-04-22 00:00:00,46.86691805809037
2011-04-22 01:00:00,53.20566406746195
2011-04-22 02:00:00,56.63261714765738
2011-04-22 03:00:00,59.32970993175583
2011-04-22 04:00:00,60.02744541916414
2011-04-22 05:00:00,61.5681866876284
2011-04-22 06:00:00,65.88113120391357
2011-04-22 07:00:00,65.7952757745347
2011-04-22 08:00:00,68.20136303669793
2011-04-22 09:00:00,63.99371931075334
2011-04-22 10:00:00,71.14598503098364
2011-04-22 11:00:00,66.78377454924825
2011-04-22 12:00:00,63.17888794121081
2011-04-22 13:00:00,61.85297997631392
2011-04-22 14:00:00,65.29742168808635
2011-04-22 15:00:00,67.8846860917994
2011-04-22 16:00:00,69.6271013591495
2011-04-22 17:00:00,68.70475170264234
2011-04-22 18:00:00,71.9767723046099
2011-04-22 19:00:00,75.40462083047466
2011-04-22 20:00:00,82.92144177730945
2011-04-22 21:00:00,79.73468788198522
2011-04-22 22:00:00,78.10373477948889
2011-04-22 23:00:00,89.45396139016027
2011-04-23 00:00:00,31.342236895309814
2011-04-23 01:00:00,32.834891221127805
2011-04-23 02:00:00,32.54163980946893
2011-04-23 03:00:00,33.555001661766525
2011-04-23 04:00:00,35.55467396463883
2011-04-23 05:00:00,37.24794295732864
2011-04-23 06:00:00,42.228313917609945
2011-04-23 07:00:00,42.1732825306697
2011-04-23 08:00:00,48.61481268460904
2011-04-23 09:00:00,58.27178008838769
2011-04-23 10:00:00,66.21175479929292
2011-04-23 11:00:00,73.59420736176841
2011-04-23 12:00:00,98.5918324927923
2011-04-23 13:00:00,102.20089296414812
2011-04-23 14:00:00,120.55344405269273
2011-04-23 15:00:00,140.65483718618188
2011-04-23 16:00:00,141.9900796348065
2011-04-23 17:00:00,151.13559730271362
2011-04-23 18:00:00,136.99371401382487
2011-04-23 19:00:00,138.13029106161417
2011-04-23 20:00:00,127.27132402794149
2011-04-23 21:00:00,144.520076890428
2011-04-23 22:00:00,160.67569037544425
2011-04-23 23:00:00,141.7608825105136
2011-04-24 00:00:00,50.63641073461399
2011-04-24 01:00:00,48.93703004945947
2011-04-24 02:00:00,51.26762533657958
2011-04-24 03:00:00,49.30587267758824
2011-04-24 04:00:00,51.65403386296447
2011-04-24 05:00:00,54.11402474839611
2011-04-24 06:00:00,49.87396162822111
2011-04-24 07:00:00,52.249177692687304
2011-04-24 08:00:00,67.21893451509246
2011-04-24 09:00:00,79.26022317916494
2011-04-24 10:00:00,93.79647691837108
2011-04-24 11:00:00,118.02037134328455
2011-04-24 12:00:00,132.87144508287943
2011-04-24 13:00:00,153.3382057561238
2011-04-24 14:00:00,168.57817009424923
2011-04-24 15:00:00,153.1862293736209
2011-04-24 16:00:00,207.63882648332046
2011-04-24 17:00:00,165.38338975490518
2011-04-24 18:00:00,155.28487191991147
2011-04-24 19:00:00,128.06495375157775
2011-04-24 20:00:00,134.16396665360776
2011-04-24 21:00:00,112.79563381789691
2011-04-24 22:00:00,112.57309094216139
2011-04-24 23:00:00,114.85374784733833
2011-04-25 00:00:00,35.50675436986441
2011-04-25 01:00:00,43.52488917267984
2011-04-25 02:00:00,45.59773465340784
2011-04-25 03:00:00,43.14505641660639
2011-04-25 04:00:00,44.864752559401325
2011-04-25 05:00:00,43.00678953345176
2011-04-25 06:00:00,47.80194387662681
2011-04-25 07:00:00,53.25107724803859
2011-04-25 08:00:00,68.77512113664945
2011-04-25 09:00:00,80.4423005052009
2011-04-25 10:00:00,101.4408763437042
2011-04-25 11:00:00,106.2719342989792
2011-04-25 12:00:00,114.95755203164525
2011-04-25 13:00:00,135.97189073935306
2011-04-25 14:00:00,160.3768461613393
2011-04-25 15:00:00,174.9208840748445
2011-04-25 16:00:00,179.21570026952642
2011-04-25 17:00:00,183.81567988608086
2011-04-25 18:00:00,186.39040764156135
2011-04-25 19:00:00,187.57130697838258
2011-04-25 20:00:00,187.2520722019926
2011-04-25 21:00:00,173.8384315070998
2011-04-25 22:00:00,173.91676934517142
2011-04-25 23:00:00,164.470845407249
2011-04-26 00:00:00,65.06292378440942
2011-04-26 01:00:00,65.10117476280094
2011-04-26 02:00:00,57.69643486280143
2011-04-26 03:00:00,55.4710800541259
2011-04-26 04:00:00,61.6665629417193
2011-04-26 05:00:00,60.23800188013576
2011-04-26 06:00:00,64.31560290629395
2011-04-26 07:00:00,74.20626935395144
2011-04-26 08:00:00,77.74029627500273
2011-04-26 09:00:00,99.90782104542531
2011-04-26 10:00:00,111.34720250132995
2011-04-26 11:00:00,125.43110633836405
2011-04-26 12:00:00,141.27877392538488
2011-04-26 13:00:00,169.75747522466582
2011-04-26 14:00:00,158.52571515333946
2011-04-26 15:00:00,159.03569263382406
2011-04-26 16:00:00,172.51985860853742
2011-04-26 17:00:00,169.46255689459971
2011-04-26 18:00:00,177.43671791849042
2011-04-26 19:00:00,162.50042796031155
2011-04-26 20:00:00,166.67137199688088
2011-04-26 21:00:00,158.54331811642948
2011-04-26 22:00:00,141.08548578355555
2011-04-26 23:00:00,149.38093764964358
2011-04-27 00:00:00,53.93277989125062
2011-04-27 01:00:00,57.101858090548696
2011-04-27 02:00:00,55.7790424977724
2011-04-27 03:00:00,56.300463359766134
2011-04-27 04:00:00,56.02168962621304
2011-04-27 05:00:00,56.543372539600576
2011-04-27 06:00:00,62.1382804002991
2011-04-27 07:00:00,67.81633901907881
2011-04-27 08:00:00,72.18435915306942
2011-04-27 09:00:00,79.3235948258593
2011-04-27 10:00:00,86.14038411056218
2011-04-27 11:00:00,96.78257561150956
2011-04-27 12:00:00,111.31373974167369
2011-04-27 13:00:00,112.0150072337579
2011-04-27 14:00:00,129.6698975472447
2011-04-27 15:00:00,162.0544083927787
2011-04-27 16:00:00,157.11832708054484
2011-04-27 17:00:00,125.2215945633619
2011-04-27 18:00:00,131.18519427180522
2011-04-27 19:00:00,144.9609719888895
2011-04-27 20:00:00,148.559555200595
2011-04-27 21:00:00,142.81682192597492
2011-04-27 22:00:00,144.91595378220205
2011-04-27 23:00:00,153.43118312487073
2011-04-28 00:00:00,64.1021192320001
2011-04-28 01:00:00,60.3293329455061
2011-04-28 02:00:00,64.55549388506074
2011-04-28 03:00:00,71.01081349632751
2011-04-28 04:00:00,70.10308719835614
2011-04-28 05:00:00,72.66928639083083
2011-04-28 06:00:00,83.83710618923689
2011-04-28 07:00:00,87.36670396744333
2011-04-28 08:00:00,94.28062435451007
2011-04-28 09:00:00,77.40007032049597
2011-04-28 10:00:00,83.7173950411827
2011-04-28 11:00:00,92.57254232579362
2011-04-28 12:00:00,101.27507090542636
2011-04-28 13:00:00,102.13845816947372
2011-04-28 14:00:00,112.24495229646976
2011-04-28 15:00:00,143.11974806188755
2011-04-28 16:00:00,127.96666654680573
2011-04-28 17:00:00,186.62589434869042
2011-04-28 18:00:00,195.51383522667268
2011-04-28 19:00:00,203.82780807870373
2011-04-28 20:00:00,188.20205698531097
2011-04-28 21:00:00,180.9760337712575
2011-04-28 22:00:00,187.54799345483087
2011-04-28 23:00:00,200.85668650724125
2011-04-29 00:00:00,75.8585516218079
2011-04-29 01:00:00,68.60926191970478
2011-04-29 02:00:00,58.88320578954197
2011-04-29 03:00:00,63.37869794947815
2011-04-29 04:00:00,71.96495467452476
2011-04-29 05:00:00,77.86976128787859
2011-04-29 06:00:00,92.74786219162118
2011-04-29 07:00:00,99.33578085045475
2011-04-29 08:00:00,113.97670994164818
2011-04-29 09:00:00,120.67823778432434
2011-04-29 10:00:00,127.13141156519045
2011-04-29 11:00:00,148.43566602996162
2011-04-29 12:00:00,142.9537988289187
2011-04-29 13:00:00,150.55570415559222
2011-04-29 14:00:00,181.46336195477477
2011-04-29 15:00:00,153.74635410453484
2011-04-29 16:00:00,157.16519568446728
2011-04-29 17:00:00,157.67639066540954
2011-04-29 18:00:00,167.3421314052318
2011-04-29 19:00:00,149.99312789087324
2011-04-29 20:00:00,165.0514854089525
2011-04-29 21:00:00,162.11202439059355
2011-04-29 22:00:00,149.67601087218293
2011-04-29 23:00:00,154.88307092253405
2011-04-30 00:00:00,56.977129365528256
2011-04-30 01:00:00,57.82494451255334
2011-04-30 02:00:00,61.87566925787102
2011-04-30 03:00:00,62.265480933430496
2011-04-30 04:00:00,65.92652584626092
2011-04-30 05:00:00,76.79608249435051
2011-04-30 06:00:00,72.87325474627237
2011-04-30 07:00:00,81.8310675009655
2011-04-30 08:00:00,83.0457607338307
2011-04-30 09:00:00,96.595465360719
2011-04-30 10:00:00,114.82761993449571
2011-04-30 11:00:00,124.59420370883309
2011-04-30 12:00:00,135.88815037209955
2011-04-30 13:00:00,145.54034137895178
2011-04-30 14:00:00,148.48889313114842
2011-04-30 15:00:00,157.7416407901012
2011-04-30 16:00:00,173.86891493770466
2011-04-30 17:00:00,164.92794539943225
2011-04-30 18:00:00,167.75203834052328
2011-04-30 19:00:00,175.74112369298695
2011-04-30 20:00:00,136.17637918560314
2011-04-30 21:00:00,142.6616936238984
2011-04-30 22:00:00,142.02617287419682
2011-04-30 23:00:00,148.79008005887417
2011-05-20 00:00:00,41.53912413144168
2011-05-20 01:00:00,40.15996215931758
2011-05-20 02:00:00,42.167047583859315
2011-05-20 03:00:00,42.79297156254154
2011-05-20 04:00:00,48.57889940310764
2011-05-20 05:00:00,51.16219692413666
2011-05-20 06:00:00,57.94955496073663
2011-05-20 07:00:00,71.90742958028052
2011-05-20 08:00:00,81.09886023506677
2011-05-20 09:00:00,91.9857999641861
2011-05-20 10:00:00,101.43629132520702
2011-05-20 11:00:00,107.78048305238414
2011-05-20 12:00:00,129.53105335586434
2011-05-20 13:00:00,130.7419058637479
2011-05-20 14:00:00,153.6241782446224
2011-05-20 15:00:00,145.8114351906709
2011-05-20 16:00:00,154.8591894820788
2011-05-20 17:00:00,163.1458030374921
2011-05-20 18:00:00,174.0157073962712
2011-05-20 19:00:00,153.04803250879004
2011-05-20 20:00:00,161.1867225128092
2011-05-20 21:00:00,163.93208117986126
2011-05-20 22:00:00,149.39646115889212
2011-05-20 23:00:00,162.3629377775917
2011-05-21 00:00:00,52.984121122595035
2011-05-21 01:00:00,55.69315329403629
2011-05-21 02:00:00,60.54937484731164
2011-05-21 03:00:00,55.14508749968349
2011-05-21 04:00:00,53.997054265050345
2011-05-21 05:00:00,55.97367473340299
2011-05-21 06:00:00,66.00053963264449
2011-05-21 07:00:00,78.9023297317481
2011-05-21 08:00:00,93.4728816826719
2011-05-21 09:00:00,109.42658495929885
2011-05-21 10:00:00,114.3996398869097
2011-05-21 11:00:00,133.0878826916632
2011-05-21 12:00:00,138.40265036642205
2011-05-21 13:00:00,158.02885885169619
2011-05-21 14:00:00,174.70513835631988
2011-05-21 15:00:00,195.46630942153584
2011-05-21 16:00:00,204.9126965174612
2011-05-21 17:00:00,202.97936183434945
2011-05-21 18:00:00,201.50869679381478
2011-05-21 19:00:00,214.43094671175558
2011-05-21 20:00:00,175.54090172109815
2011-05-21 21:00:00,190.84737046993587
2011-05-21 22:00:00,183.8773861029083
2011-05-21 23:00:00,166.58724703813067
2011-05-22 00:00:00,49.04355970763811
2011-05-22 01:00:00,47.01604909272968
2011-05-22 02:00:00,48.737122329828736
2011-05-22 03:00:00,47.22057589692198
2011-05-22 04:00:00,47.668842864823084
2011-05-22 05:00:00,51.82537645015772
2011-05-22 06:00:00,58.70596818384168
2011-05-22 07:00:00,66.50006109876999
2011-05-22 08:00:00,87.84202724777138
2011-05-22 09:00:00,98.42761528438024
2011-05-22 10:00:00,109.37532284378028
2011-05-22 11:00:00,139.7896583238876
2011-05-22 12:00:00,147.3368084853495
2011-05-22 13:00:00,139.32165012568862
2011-05-22 14:00:00,116.51772680470513
2011-05-22 15:00:00,141.4675604076899
2011-05-22 16:00:00,158.45211527538927
2011-05-22 17:00:00,182.7534141090426
2011-05-22 18:00:00,174.27884133795158
2011-05-22 19:00:00,180.6520967924123
2011-05-22 20:00:00,176.02831360951816
2011-05-22 21:00:00,169.59953971029478
2011-05-22 22:00:00,153.6687294558516
2011-05-22 23:00:00,149.00029514792024
2011-05-23 00:00:00,45.667425847533345
2011-05-23 01:00:00,49.65834173948754
2011-05-23 02:00:00,48.2895367924541
2011-05-23 03:00:00,46.79110543943546
2011-05-23 04:00:00,48.51091578601568
2011-05-23 05:00:00,50.821217649257136
2011-05-23 06:00:00,50.720948697869325
2011-05-23 07:00:00,59.619804934778315
2011-05-23 08:00:00,74.31148816140546
2011-05-23 09:00:00,78.68080630718563
2011-05-23 10:00:00,106.42152844428465
2011-05-23 11:00:00,123.44260410113179
2011-05-23 12:00:00,129.3214805073454
2011-05-23 13:00:00,155.90038369473683
2011-05-23 14:00:00,161.4916564657619
2011-05-23 15:00:00,164.76337138772595
2011-05-23 16:00:00,163.70457978433853
2011-05-23 17:00:00,158.20363101402785
2011-05-23 18:00:00,165.1921499394903
2011-05-23 19:00:00,169.43218315864246
2011-05-23 20:00:00,145.0060120459843
2011-05-23 21:00:00,144.71991892493537
2011-05-23 22:00:00,139.45721119796102
2011-05-23 23:00:00,146.6222773162247
2011-05-24 00:00:00,44.53449680961093
2011-05-24 01:00:00,46.16473014622166
2011-05-24 02:00:00,48.87735946326903
2011-05-24 03:00:00,50.15763697133706
2011-05-24 04:00:00,58.7950328481276
2011-05-24 05:00:00,58.04145334411719
2011-05-24 06:00:00,59.53121959727796
2011-05-24 07:00:00,73.94046838643237
2011-05-24 08:00:00,72.9978824484129
2011-05-24 09:00:00,89.85168046837964
2011-05-24 10:00:00,124.70239605970545
2011-05-24 11:00:00,142.86218083442753
2011-05-24 12:00:00,171.5218885209067
2011-05-24 13:00:00,175.0555912524733
2011-05-24 14:00:00,185.34839510156868
2011-05-24 15:00:00,164.40539713785907
2011-05-24 16:00:00,138.87098441127074
2011-05-24 17:00:00,159.51939850629788
2011-05-24 18:00:00,160.40396252498434
2011-05-24 19:00:00,153.34709405153725
2011-05-24 20:00:00,154.80831717885786
2011-05-24 21:00:00,150.38949598677013
2011-05-24 22:00:00,132.65623670285083
2011-05-24 23:00:00,166.09716624959367
2011-05-25 00:00:00,49.01273616739601
2011-05-25 01:00:00,49.32592689036462
2011-05-25 02:00:00,44.94409523884889
2011-05-25 03:00:00,47.912512011442445
2011-05-25 04:00:00,49.66640124153158
2011-05-25 05:00:00,58.73959980445136
2011-05-25 06:00:00,58.623708089341655
2011-05-25 07:00:00,81.90893615540786
2011-05-25 08:00:00,94.24456616320711
2011-05-25 09:00:00,103.16038251014655
2011-05-25 10:00:00,114.97218016845044
2011-05-25 11:00:00,136.69024019794648
2011-05-25 12:00:00,142.7768996479714
2011-05-25 13:00:00,149.57655972323283
2011-05-25 14:00:00,158.37126418618988
2011-05-25 15:00:00,180.74881568006845
2011-05-25 16:00:00,184.78157622007095
2011-05-25 17:00:00,189.52441673487394
2011-05-25 18:00:00,184.6435603459984
2011-05-25 19:00:00,177.55416570941463
2011-05-25 20:00:00,187.99387910080813
2011-05-25 21:00:00,172.16890712458869
2011-05-25 22:00:00,188.1735156958784
2011-05-25 23:00:00,177.6199235385145
2011-05-26 00:00:00,62.49321004505862
2011-05-26 01:00:00,65.4694098810687
2011-05-26 02:00:00,59.952390959836734
2011-05-26 03:00:00,57.46762547677735
2011-05-26 04:00:00,58.32066989996844
2011-05-26 05:00:00,60.126027309314544
2011-05-26 06:00:00,54.885287436760905
2011-05-26 07:00:00,67.71098105553932
2011-05-26 08:00:00,81.87855501227588
2011-05-26 09:00:00,112.2269675098874
2011-05-26 10:00:00,115.29932753138446
2011-05-26 11:00:00,133.85068713987621
2011-05-26 12:00:00,165.60541029339825
2011-05-26 13:00:00,191.7139537670926
2011-05-26 14:00:00,200.8442102757768
2011-05-26 15:00:00,207.72415096858856
2011-05-26 16:00:00,211.73129173720176
2011-05-26 17:00:00,229.04980313129957
2011-05-26 18:00:00,243.80279874025794
2011-05-26 19:00:00,244.62683423674954
2011-05-26 20:00:00,203.5241989356776
2011-05-26 21:00:00,203.7763223760823
2011-05-26 22:00:00,202.7567143196365
2011-05-26 23:00:00,216.96012855370546
2011-05-27 00:00:00,75.64857528638417
2011-05-27 01:00:00,90.64786649469788
2011-05-27 02:00:00,87.64042726144552
2011-05-27 03:00:00,82.2816279752105
2011-05-27 04:00:00,82.32315399774299
2011-05-27 05:00:00,93.92370626228062
2011-05-27 06:00:00,88.92941284006656
2011-05-27 07:00:00,92.61979941195987
2011-05-27 08:00:00,103.42585021451072
2011-05-27 09:00:00,123.63247702659982
2011-05-27 10:00:00,151.33081302660494
2011-05-27 11:00:00,151.17620012598033
2011-05-27 12:00:00,161.4182642448805
2011-05-27 13:00:00,161.96656866078538
2011-05-27 14:00:00,182.90796464749494
2011-05-27 15:00:00,209.3826959550308
2011-05-27 16:00:00,200.71571967214422
2011-05-27 17:00:00,209.00484711657109
2011-05-27 18:00:00,192.6543101928824
2011-05-27 19:00:00,137.45557015333088
2011-05-27 20:00:00,160.29973437927652
2011-05-27 21:00:00,149.16484162087085
2011-05-27 22:00:00,166.69585361798087
2011-05-27 23:00:00,154.27115117598117
2011-05-28 00:00:00,53.5420984930759
2011-05-28 01:00:00,57.29280340270265
2011-05-28 02:00:00,55.51003100092671
2011-05-28 03:00:00,61.69466414658704
2011-05-28 04:00:00,65.31982894532727
2011-05-28 05:00:00,67.71093180528827
2011-05-28 06:00:00,76.89177256716437
2011-05-28 07:00:00,82.9693144273646
2011-05-28 08:00:00,92.51601765879148
2011-05-28 09:00:00,106.18062146971837
2011-05-28 10:00:00,128.3152811010182
2011-05-28 11:00:00,134.42621568567287
2011-05-28 12:00:00,155.14084483180721
2011-05-28 13:00:00,157.8217988344491
2011-05-28 14:00:00,173.53118503438594
2011-05-28 15:00:00,186.25792962431498
2011-05-28 16:00:00,205.30066734512687
2011-05-28 17:00:00,209.90412317181423
2011-05-28 18:00:00,201.27359123344777
2011-05-28 19:00:00,192.9840723229532
2011-05-28 20:00:00,204.33102324413227
2011-05-28 21:00:00,192.635816192064
2011-05-28 22:00:00,187.73106518600338
2011-05-28 23:00:00,178.99527201531427
2011-05-29 00:00:00,59.662638782128056
2011-05-29 01:00:00,57.053896646476304
2011-05-29 02:00:00,58.518315005046986
2011-05-29 03:00:00,61.30521296397772
2011-05-29 04:00:00,62.02618096967498
2011-05-29 05:00:00,61.86356275243765
2011-05-29 06:00:00,69.36384969932736
2011-05-29 07:00:00,74.22289219000479
2011-05-29 08:00:00,76.9399012920746
2011-05-29 09:00:00,76.5625674186472
2011-05-29 10:00:00,94.56417619219823
2011-05-29 11:00:00,101.18853963519574
2011-05-29 12:00:00,121.67830067859671
2011-05-29 13:00:00,145.29945305734245
2011-05-29 14:00:00,156.79798516514833
2011-05-29 15:00:00,165.13608774376624
2011-05-29 16:00:00,172.0884265695655
2011-05-29 17:00:00,180.28402968494865
2011-05-29 18:00:00,179.95250616949403
2011-05-29 19:00:00,186.5332435825035
2011-05-29 20:00:00,175.98263497342916
2011-05-29 21:00:00,169.16136807106182
2011-05-29 22:00:00,157.82940041008834
2011-05-29 23:00:00,167.1093499873538
2011-05-30 00:00:00,51.94515706147169
2011-05-30 01:00:00,53.27844796903242
2011-05-30 02:00:00,57.0106837610343
2011-05-30 03:00:00,59.725781729886776
2011-05-30 04:00:00,60.10956133211243
2011-05-30 05:00:00,58.77303675507265
2011-05-30 06:00:00,63.084089480338044
2011-05-30 07:00:00,64.02050420561734
2011-05-30 08:00:00,75.66932732393047
2011-05-30 09:00:00,107.74283673974679
2011-05-30 10:00:00,157.03130811525673
2011-05-30 11:00:00,158.658460403895
2011-05-30 12:00:00,190.5578196498173
2011-05-30 13:00:00,200.72377373252573
2011-05-30 14:00:00,218.46548990022157
2011-05-30 15:00:00,250.42675344837465
2011-05-30 16:00:00,265.85533761550187
2011-05-30 17:00:00,259.8046591061283
2011-05-30 18:00:00,266.47313811983463
2011-05-30 19:00:00,144.89129929038938
2011-05-30 20:00:00,207.39923768386083
2011-05-30 21:00:00,200.79284560868095
2011-05-30 22:00:00,202.56113759433822
2011-05-30 23:00:00,183.53418119191082
2011-05-31 00:00:00,63.058084873346026
2011-05-31 01:00:00,58.358040306495646
2011-05-31 02:00:00,53.73052070510229
2011-05-31 03:00:00,51.4034601178983
2011-05-31 04:00:00,67.45910657710571
2011-05-31 05:00:00,70.67180411316457
2011-05-31 06:00:00,79.84250424590607
2011-05-31 07:00:00,103.47035057334946
2011-05-31 08:00:00,124.66926965846281
2011-05-31 09:00:00,138.9562571480865
2011-05-31 10:00:00,150.7694452652584
2011-05-31 11:00:00,169.51750623687795
2011-05-31 12:00:00,186.2577069077311
2011-05-31 13:00:00,223.21039935862328
2011-05-31 14:00:00,221.19254256867043
2011-05-31 15:00:00,245.62774889034762
2011-05-31 16:00:00,253.93581229619232
2011-05-31 17:00:00,227.46915345776992
2011-05-31 18:00:00,235.78754146096483
2011-05-31 19:00:00,200.86184680799389
2011-05-31 20:00:00,210.42776597104546
2011-05-31 21:00:00,207.22130649306683
2011-05-31 22:00:00,205.6159086466164
2011-05-31 23:00:00,191.95949593281432
2011-06-20 00:00:00,58.454135444543674
2011-06-20 01:00:00,54.415465189144854
2011-06-20 02:00:00,57.00696750524566
2011-06-20 03:00:00,52.57549040763282
2011-06-20 04:00:00,57.1386431208834
2011-06-20 05:00:00,62.515708473960565
2011-06-20 06:00:00,67.10961335530294
2011-06-20 07:00:00,61.5847022464389
2011-06-20 08:00:00,67.17863600856545
2011-06-20 09:00:00,84.4445504538415
2011-06-20 10:00:00,88.46616907499185
2011-06-20 11:00:00,87.90079224817255
2011-06-20 12:00:00,103.4030868987122
2011-06-20 13:00:00,119.26581394823027
2011-06-20 14:00:00,132.92167318053637
2011-06-20 15:00:00,140.73212125200695
2011-06-20 16:00:00,161.97226813509238
2011-06-20 17:00:00,165.3434886175551
2011-06-20 18:00:00,179.1064133951156
2011-06-20 19:00:00,169.42588140762112
2011-06-20 20:00:00,171.84747389753454
2011-06-20 21:00:00,165.68203643485143
2011-06-20 22:00:00,169.00835690960974
2011-06-20 23:00:00,175.00638546706236
2011-06-21 00:00:00,56.30463690584847
2011-06-21 01:00:00,53.605073664266165
2011-06-21 02:00:00,53.20953553159909
2011-06-21 03:00:00,55.74360620598318
2011-06-21 04:00:00,55.16715197520306
2011-06-21 05:00:00,58.40876160471788
2011-06-21 06:00:00,61.19044215183926
2011-06-21 07:00:00,56.670149805985055
2011-06-21 08:00:00,68.44393525701425
2011-06-21 09:00:00,75.60153083851097
2011-06-21 10:00:00,83.16885811640692
2011-06-21 11:00:00,94.42491535412424
2011-06-21 12:00:00,115.97583380054158
2011-06-21 13:00:00,137.51827812515683
2011-06-21 14:00:00,156.5450503125129
2011-06-21 15:00:00,177.29994680205232
2011-06-21 16:00:00,191.89450633047238
2011-06-21 17:00:00,184.44303466796904
2011-06-21 18:00:00,172.62567334987133
2011-06-21 19:00:00,168.19227225421162
2011-06-21 20:00:00,171.16407462683145
2011-06-21 21:00:00,186.0158139177611
2011-06-21 22:00:00,173.64872518886375
2011-06-21 23:00:00,189.42178945890151
2011-06-22 00:00:00,59.77010245401866
2011-06-22 01:00:00,61.30423842845822
2011-06-22 02:00:00,61.23531985334127
2011-06-22 03:00:00,67.28243301141458
2011-06-22 04:00:00,61.818754276684814
2011-06-22 05:00:00,61.696787469234344
2011-06-22 06:00:00,70.83886921730024
2011-06-22 07:00:00,83.5602588622838
2011-06-22 08:00:00,98.76442957735588
2011-06-22 09:00:00,101.49683546979831
2011-06-22 10:00:00,119.95178661742966
2011-06-22 11:00:00,121.73665964875696
2011-06-22 12:00:00,152.39916089340673
2011-06-22 13:00:00,170.28741821063335
2011-06-22 14:00:00,183.7085839225807
2011-06-22 15:00:00,188.88653391069514
2011-06-22 16:00:00,198.9057762242237
2011-06-22 17:00:00,207.72310692592117
2011-06-22 18:00:00,203.61415920135974
2011-06-22 19:00:00,219.68984355135555
2011-06-22 20:00:00,179.67661335938263
2011-06-22 21:00:00,182.705513724001
2011-06-22 22:00:00,179.0379610670859
2011-06-22 23:00:00,189.56491768481376
2011-06-23 00:00:00,69.9634231247257
2011-06-23 01:00:00,76.31842266934036
2011-06-23 02:00:00,79.95303956402809
2011-06-23 03:00:00,78.1752990512342
2011-06-23 04:00:00,74.53752475484005
2011-06-23 05:00:00,90.00210485943389
2011-06-23 06:00:00,94.28839851485772
2011-06-23 07:00:00,93.17184018267996
2011-06-23 08:00:00,104.63917530362656
2011-06-23 09:00:00,107.32497834859325
2011-06-23 10:00:00,121.2519638775304
2011-06-23 11:00:00,126.33411104228807
2011-06-23 12:00:00,140.3154201573361
2011-06-23 13:00:00,149.7769695659623
2011-06-23 14:00:00,154.81481130586786
2011-06-23 15:00:00,180.54582223814936
2011-06-23 16:00:00,165.8126095483006
2011-06-23 17:00:00,163.67226569580697
2011-06-23 18:00:00,183.7179996140271
2011-06-23 19:00:00,188.43354100994083
2011-06-23 20:00:00,176.92755194163163
2011-06-23 21:00:00,183.39766889214442
2011-06-23 22:00:00,185.11206495057803
2011-06-23 23:00:00,207.7836347689375
2011-06-24 00:00:00,67.2369541888962
2011-06-24 01:00:00,68.5079163546988
2011-06-24 02:00:00,71.77056279698007
2011-06-24 03:00:00,70.93336953893576
2011-06-24 04:00:00,72.37043302979752
2011-06-24 05:00:00,69.17724916451822
2011-06-24 06:00:00,80.69750721531408
2011-06-24 07:00:00,83.19555538274444
2011-06-24 08:00:00,107.18967487649019
2011-06-24 09:00:00,125.45084163509371
2011-06-24 10:00:00,176.58705929769178
2011-06-24 11:00:00,193.06885990627114
2011-06-24 12:00:00,194.3045669838965
2011-06-24 13:00:00,207.5115395700352
2011-06-24 14:00:00,203.72346848180092
2011-06-24 15:00:00,252.7241794334086
2011-06-24 16:00:00,258.3536450604924
2011-06-24 17:00:00,233.00953697402704
2011-06-24 18:00:00,248.01757727281196
2011-06-24 19:00:00,239.7675969773423
2011-06-24 20:00:00,232.42427934698057
2011-06-24 21:00:00,231.41176455414367
2011-06-24 22:00:00,231.15161012620806
2011-06-24 23:00:00,240.67608509428166
2011-06-25 00:00:00,87.19529499428072
2011-06-25 01:00:00,86.55578380490665
2011-06-25 02:00:00,87.36180507572453
2011-06-25 03:00:00,89.28171518200443
2011-06-25 04:00:00,93.53370073198325
2011-06-25 05:00:00,90.17795642316564
2011-06-25 06:00:00,103.74962942506659
2011-06-25 07:00:00,111.01744774763188
2011-06-25 08:00:00,133.42899526650098
2011-06-25 09:00:00,145.52922302609036
2011-06-25 10:00:00,149.26456238824574
2011-06-25 11:00:00,154.05353212753073
2011-06-25 12:00:00,178.93270976176822
2011-06-25 13:00:00,187.45426756086087
2011-06-25 14:00:00,192.19949929219234
2011-06-25 15:00:00,181.11832231662623
2011-06-25 16:00:00,220.80889828557886
2011-06-25 17:00:00,220.4985126061234
2011-06-25 18:00:00,221.2078566756371
2011-06-25 19:00:00,231.734072720642
2011-06-25 20:00:00,228.30648109993223
2011-06-25 21:00:00,224.26851660811428
2011-06-25 22:00:00,245.24939179937198
2011-06-25 23:00:00,240.84704088111977
2011-06-26 00:00:00,71.99080524373721
2011-06-26 01:00:00,78.26811725400408
2011-06-26 02:00:00,78.12419035473634
2011-06-26 03:00:00,75.09054336964863
2011-06-26 04:00:00,78.25190505171312
2011-06-26 05:00:00,79.41346950917305
2011-06-26 06:00:00,83.19548606360793
2011-06-26 07:00:00,90.74020546982656
2011-06-26 08:00:00,104.88915406596607
2011-06-26 09:00:00,113.86386413692357
2011-06-26 10:00:00,137.57026357250396
2011-06-26 11:00:00,147.21277536895312
2011-06-26 12:00:00,164.9201961552461
2011-06-26 13:00:00,162.99642586620612
2011-06-26 14:00:00,179.092656504588
2011-06-26 15:00:00,178.891319516859
2011-06-26 16:00:00,200.25119111614976
2011-06-26 17:00:00,192.10825422050814
2011-06-26 18:00:00,202.77336385375196
2011-06-26 19:00:00,201.46277830937464
2011-06-26 20:00:00,202.73917050310425
2011-06-26 21:00:00,202.33917134976082
2011-06-26 22:00:00,219.52645894453747
2011-06-26 23:00:00,231.72194299743342
2011-06-27 00:00:00,58.20015636666809
2011-06-27 01:00:00,56.55520644427119
2011-06-27 02:00:00,56.4815044381861
2011-06-27 03:00:00,59.171400574507565
2011-06-27 04:00:00,60.451028452548265
2011-06-27 05:00:00,65.23492871497515
2011-06-27 06:00:00,72.12865059853287
2011-06-27 07:00:00,82.78204293844921
2011-06-27 08:00:00,91.96612736443159
2011-06-27 09:00:00,110.1420573276821
2011-06-27 10:00:00,121.01881090255799
2011-06-27 11:00:00,113.61908068957084
2011-06-27 12:00:00,126.63972634540445
2011-06-27 13:00:00,139.070113204611
2011-06-27 14:00:00,138.91376978873774
2011-06-27 15:00:00,148.76755647514764
2011-06-27 16:00:00,169.66334080958836
2011-06-27 17:00:00,179.63272113198067
2011-06-27 18:00:00,182.83942734249788
2011-06-27 19:00:00,187.26608466579515
2011-06-27 20:00:00,177.665032640358
2011-06-27 21:00:00,179.35161447403993
2011-06-27 22:00:00,176.6186876596181
2011-06-27 23:00:00,185.03004161102925
2011-06-28 00:00:00,55.59025221051928
2011-06-28 01:00:00,60.980858776163245
2011-06-28 02:00:00,60.90138931778502
2011-06-28 03:00:00,63.801779692510316
2011-06-28 04:00:00,70.11489938621416
2011-06-28 05:00:00,70.16239971976113
2011-06-28 06:00:00,74.82705263196884
2011-06-28 07:00:00,82.71728252044147
2011-06-28 08:00:00,92.46819683292088
2011-06-28 09:00:00,104.27843517450141
2011-06-28 10:00:00,149.95396334111044
2011-06-28 11:00:00,156.4100800915298
2011-06-28 12:00:00,181.2559469850205
2011-06-28 13:00:00,177.28001418894786
2011-06-28 14:00:00,209.94522500414934
2011-06-28 15:00:00,208.13388663799506
2011-06-28 16:00:00,232.83802836740225
2011-06-28 17:00:00,196.9363657202352
2011-06-28 18:00:00,200.2616530195682
2011-06-28 19:00:00,202.7653551043094
2011-06-28 20:00:00,183.07635954875806
2011-06-28 21:00:00,208.162911371216
2011-06-28 22:00:00,197.35656739285207
2011-06-28 23:00:00,205.66540978314072
2011-06-29 00:00:00,60.918338445402775
2011-06-29 01:00:00,67.30099609935883
2011-06-29 02:00:00,63.67217625385291
2011-06-29 03:00:00,60.951608997394366
2011-06-29 04:00:00,66.9827072673625
2011-06-29 05:00:00,69.37756259180225
2011-06-29 06:00:00,89.38899145718955
2011-06-29 07:00:00,109.23348434804122
2011-06-29 08:00:00,122.69412363850662
2011-06-29 09:00:00,138.8756230838317
2011-06-29 10:00:00,147.95576836892738
2011-06-29 11:00:00,163.18303234041142
2011-06-29 12:00:00,172.7716311726635
2011-06-29 13:00:00,203.673057485126
2011-06-29 14:00:00,203.436868957265
2011-06-29 15:00:00,218.97069615704663
2011-06-29 16:00:00,251.0058708310619
2011-06-29 17:00:00,271.60118882684435
2011-06-29 18:00:00,258.44932059722026
2011-06-29 19:00:00,250.9695878757741
2011-06-29 20:00:00,243.29229004378686
2011-06-29 21:00:00,240.3560585187417
2011-06-29 22:00:00,236.0966011113943
2011-06-29 23:00:00,233.7651836408579
2011-06-30 00:00:00,77.11282103976951
2011-06-30 01:00:00,76.77689283020581
2011-06-30 02:00:00,76.63570813702349
2011-06-30 03:00:00,76.89185470162505
2011-06-30 04:00:00,71.93145945265368
2011-06-30 05:00:00,78.61811891822286
2011-06-30 06:00:00,88.3579954399058
2011-06-30 07:00:00,95.3573136943551
2011-06-30 08:00:00,120.60712859621421
2011-06-30 09:00:00,133.68850598577708
2011-06-30 10:00:00,142.73301791438496
2011-06-30 11:00:00,154.89822774688008
2011-06-30 12:00:00,171.69248814810953
2011-06-30 13:00:00,184.74378022236274
2011-06-30 14:00:00,202.5949202057748
2011-06-30 15:00:00,224.50563606949768
2011-06-30 16:00:00,233.48785428773613
2011-06-30 17:00:00,255.028595565085
2011-06-30 18:00:00,245.9456109822763
2011-06-30 19:00:00,237.1005048824121
2011-06-30 20:00:00,248.39226735132914
2011-06-30 21:00:00,240.186050736315
2011-06-30 22:00:00,239.6446221608219
2011-06-30 23:00:00,212.10645055959048
2011-07-20 00:00:00,60.13262261821526
2011-07-20 01:00:00,60.703464203710766
2011-07-20 02:00:00,63.59442851932305
2011-07-20 03:00:00,69.13960985989611
2011-07-20 04:00:00,67.39080106023047
2011-07-20 05:00:00,73.26701099349403
2011-07-20 06:00:00,69.70739402793669
2011-07-20 07:00:00,79.39211426196475
2011-07-20 08:00:00,98.0235288321639
2011-07-20 09:00:00,108.02273839565082
2011-07-20 10:00:00,114.46023108981257
2011-07-20 11:00:00,142.79755208339003
2011-07-20 12:00:00,154.16800186623595
2011-07-20 13:00:00,182.59781784881855
2011-07-20 14:00:00,204.01970152084158
2011-07-20 15:00:00,211.5149043732523
2011-07-20 16:00:00,195.9833453232539
2011-07-20 17:00:00,217.598345622698
2011-07-20 18:00:00,230.3925504427651
2011-07-20 19:00:00,220.97133431497065
2011-07-20 20:00:00,215.1717882897243
2011-07-20 21:00:00,230.9985953276256
2011-07-20 22:00:00,229.2089885842452
2011-07-20 23:00:00,223.22156660248777
2011-07-21 00:00:00,73.30039005387077
2011-07-21 01:00:00,70.06355287069951
2011-07-21 02:00:00,73.40028552395434
2011-07-21 03:00:00,76.51412113215906
2011-07-21 04:00:00,74.96177245632857
2011-07-21 05:00:00,78.53177973761066
2011-07-21 06:00:00,82.27180637103422
2011-07-21 07:00:00,89.72622007539078
2011-07-21 08:00:00,103.2821198513836
2011-07-21 09:00:00,125.76049349379342
2011-07-21 10:00:00,142.49828677704127
2011-07-21 11:00:00,173.49924036696416
2011-07-21 12:00:00,207.21392923179621
2011-07-21 13:00:00,214.79159783791192
2011-07-21 14:00:00,245.15910144695025
2011-07-21 15:00:00,248.19734654352965
2011-07-21 16:00:00,278.05164989643356
2011-07-21 17:00:00,295.99839502405166
2011-07-21 18:00:00,287.59105940581435
2011-07-21 19:00:00,261.3085165280152
2011-07-21 20:00:00,248.5293516637699
2011-07-21 21:00:00,248.0723321235414
2011-07-21 22:00:00,255.7699958929517
2011-07-21 23:00:00,253.18951988078683
2011-07-22 00:00:00,99.96566539796409
2011-07-22 01:00:00,94.3523857141137
2011-07-22 02:00:00,90.86368160367775
2011-07-22 03:00:00,95.9791712814272
2011-07-22 04:00:00,95.00232962401847
2011-07-22 05:00:00,92.2905999502484
2011-07-22 06:00:00,103.7168982751462
2011-07-22 07:00:00,122.08278034364592
2011-07-22 08:00:00,143.94673932697708
2011-07-22 09:00:00,163.03986448308385
2011-07-22 10:00:00,196.47523871314777
2011-07-22 11:00:00,206.33055955550518
2011-07-22 12:00:00,244.60746521890414
2011-07-22 13:00:00,256.9928751111268
2011-07-22 14:00:00,298.00484910799776
2011-07-22 15:00:00,295.819210129372
2011-07-22 16:00:00,262.42308436529254
2011-07-22 17:00:00,264.0701398032149
2011-07-22 18:00:00,302.9805804109018
2011-07-22 19:00:00,270.3362159160874
2011-07-22 20:00:00,256.4105758002834
2011-07-22 21:00:00,262.7515689803264
2011-07-22 22:00:00,285.218665898633
2011-07-22 23:00:00,281.2996085654827
2011-07-23 00:00:00,97.99935032658738
2011-07-23 01:00:00,108.558815850913
2011-07-23 02:00:00,109.58936938178591
2011-07-23 03:00:00,101.1201933055354
2011-07-23 04:00:00,101.99977649134017
2011-07-23 05:00:00,110.03496248665658
2011-07-23 06:00:00,132.60036488561462
2011-07-23 07:00:00,137.4543444019303
2011-07-23 08:00:00,167.30034019468368
2011-07-23 09:00:00,169.7897559321727
2011-07-23 10:00:00,196.9533232982221
2011-07-23 11:00:00,223.72102027014324
2011-07-23 12:00:00,240.28735423908915
2011-07-23 13:00:00,262.7217067833483
2011-07-23 14:00:00,250.76361657638674
2011-07-23 15:00:00,272.0231019241183
2011-07-23 16:00:00,298.88593995427675
2011-07-23 17:00:00,313.12019492111654
2011-07-23 18:00:00,327.89829634978906
2011-07-23 19:00:00,234.63309687836284
2011-07-23 20:00:00,266.1786001515056
2011-07-23 21:00:00,278.85518862486316
2011-07-23 22:00:00,276.8451297155265
2011-07-23 23:00:00,280.9645631964096
2011-07-24 00:00:00,92.66275225495325
2011-07-24 01:00:00,89.06455715389994
2011-07-24 02:00:00,99.28563448973125
2011-07-24 03:00:00,104.01405040681142
2011-07-24 04:00:00,102.40512496954898
2011-07-24 05:00:00,106.71644865423832
2011-07-24 06:00:00,114.00840204267027
2011-07-24 07:00:00,129.6988686848335
2011-07-24 08:00:00,151.19929470146306
2011-07-24 09:00:00,164.38327209079685
2011-07-24 10:00:00,187.77179355124804
2011-07-24 11:00:00,181.51936998702627
2011-07-24 12:00:00,217.70336886269587
2011-07-24 13:00:00,210.26566821563605
2011-07-24 14:00:00,222.6125044896295
2011-07-24 15:00:00,261.17717963942647
2011-07-24 16:00:00,273.61557860552153
2011-07-24 17:00:00,274.77668881633724
2011-07-24 18:00:00,278.6255180766751
2011-07-24 19:00:00,272.146550619772
2011-07-24 20:00:00,272.36750608492594
2011-07-24 21:00:00,244.16333310320988
2011-07-24 22:00:00,227.99225998892493
2011-07-24 23:00:00,217.96046742112597
2011-07-25 00:00:00,69.40878468162664
2011-07-25 01:00:00,73.07064012474471
2011-07-25 02:00:00,70.9849247123771
2011-07-25 03:00:00,75.5678917601064
2011-07-25 04:00:00,77.23848418777011
2011-07-25 05:00:00,80.91691843378761
2011-07-25 06:00:00,80.81146856294903
2011-07-25 07:00:00,86.7736267142883
2011-07-25 08:00:00,98.03377381273992
2011-07-25 09:00:00,126.30732848118558
2011-07-25 10:00:00,142.2888071473066
2011-07-25 11:00:00,158.94167407447281
2011-07-25 12:00:00,166.5111713682515
2011-07-25 13:00:00,125.2760795746311
2011-07-25 14:00:00,124.99368162063035
2011-07-25 15:00:00,135.35716798841096
2011-07-25 16:00:00,133.7782461567901
2011-07-25 17:00:00,146.53329493935283
2011-07-25 18:00:00,163.2225979201823
2011-07-25 19:00:00,174.24438568079427
2011-07-25 20:00:00,176.7043326875685
2011-07-25 21:00:00,155.92401786346613
2011-07-25 22:00:00,163.3498011775362
2011-07-25 23:00:00,176.65687560347965
2011-07-26 00:00:00,62.39482241959734
2011-07-26 01:00:00,65.3663366068057
2011-07-26 02:00:00,60.494246123233296
2011-07-26 03:00:00,64.04887462483609
2011-07-26 04:00:00,68.36516954048926
2011-07-26 05:00:00,65.37122052239658
2011-07-26 06:00:00,79.79908571364014
2011-07-26 07:00:00,105.35475605955621
2011-07-26 08:00:00,118.74960868094819
2011-07-26 09:00:00,144.23345763343744
2011-07-26 10:00:00,170.09839122280022
2011-07-26 11:00:00,170.90231184186135
2011-07-26 12:00:00,187.43277404955927
2011-07-26 13:00:00,211.35104039366416
2011-07-26 14:00:00,230.55109818557503
2011-07-26 15:00:00,256.90228169886154
2011-07-26 16:00:00,244.3561303555525
2011-07-26 17:00:00,262.8596010095145
2011-07-26 18:00:00,263.71457725373523
2011-07-26 19:00:00,254.99310510078055
2011-07-26 20:00:00,249.15360657232958
2011-07-26 21:00:00,244.7250234998467
2011-07-26 22:00:00,229.71127003014885
2011-07-26 23:00:00,235.57743483005225
2011-07-27 00:00:00,84.21173099349039
2011-07-27 01:00:00,95.82384726340635
2011-07-27 02:00:00,98.72287121055726
2011-07-27 03:00:00,88.54479452113249
2011-07-27 04:00:00,99.20517067152659
2011-07-27 05:00:00,101.6584989271566
2011-07-27 06:00:00,104.26779611602528
2011-07-27 07:00:00,119.36632546965025
2011-07-27 08:00:00,133.38698785603881
2011-07-27 09:00:00,150.26424530731148
2011-07-27 10:00:00,150.59900173537184
2011-07-27 11:00:00,165.1656338650012
2011-07-27 12:00:00,198.6860625965262
2011-07-27 13:00:00,220.1602521415814
2011-07-27 14:00:00,223.49689813209037
2011-07-27 15:00:00,247.6977532551624
2011-07-27 16:00:00,250.0218683966387
2011-07-27 17:00:00,257.6328437069839
2011-07-27 18:00:00,250.5098365271254
2011-07-27 19:00:00,251.41539734905933
2011-07-27 20:00:00,231.89379632164784
2011-07-27 21:00:00,220.66469726776288
2011-07-27 22:00:00,219.21659756917663
2011-07-27 23:00:00,246.81967133158324
2011-07-28 00:00:00,80.29929523151296
2011-07-28 01:00:00,82.6217002259576
2011-07-28 02:00:00,87.67390245012902
2011-07-28 03:00:00,88.5061945954253
2011-07-28 04:00:00,88.27480744599198
2011-07-28 05:00:00,89.53651320773143
2011-07-28 06:00:00,89.6101300119751
2011-07-28 07:00:00,100.64631940629108
2011-07-28 08:00:00,112.1802981499994
2011-07-28 09:00:00,135.16370402664128
2011-07-28 10:00:00,155.51959584524474
2011-07-28 11:00:00,176.18159319828845
2011-07-28 12:00:00,184.5790355437379
2011-07-28 13:00:00,206.25952483401048
2011-07-28 14:00:00,196.78615676119912
2011-07-28 15:00:00,219.28181167492093
2011-07-28 16:00:00,229.74171511132545
2011-07-28 17:00:00,228.04011210032087
2011-07-28 18:00:00,238.89144226087154
2011-07-28 19:00:00,234.63693900447515
2011-07-28 20:00:00,231.0615846139416
2011-07-28 21:00:00,233.5973178655675
2011-07-28 22:00:00,224.53488024567497
2011-07-28 23:00:00,224.1851564223257
2011-07-29 00:00:00,74.70137499790236
2011-07-29 01:00:00,77.43315208573549
2011-07-29 02:00:00,77.34610129372881
2011-07-29 03:00:00,81.02966073675366
2011-07-29 04:00:00,84.14498136933108
2011-07-29 05:00:00,84.05038510049422
2011-07-29 06:00:00,83.94085173683762
2011-07-29 07:00:00,96.0507599919297
2011-07-29 08:00:00,106.27687283037952
2011-07-29 09:00:00,181.3076973299476
2011-07-29 10:00:00,214.977455483426
2011-07-29 11:00:00,240.24575004472388
2011-07-29 12:00:00,274.26960844992004
2011-07-29 13:00:00,248.85338766824506
2011-07-29 14:00:00,297.0984112763104
2011-07-29 15:00:00,314.5558481100939
2011-07-29 16:00:00,345.63114472397746
2011-07-29 17:00:00,350.76166330799464
2011-07-29 18:00:00,339.880001709662
2011-07-29 19:00:00,319.9220423846378
2011-07-29 20:00:00,321.6489946571299
2011-07-29 21:00:00,287.7602176821861
2011-07-29 22:00:00,291.76479460413003
2011-07-29 23:00:00,273.88513801471134
2011-07-30 00:00:00,92.98360641822191
2011-07-30 01:00:00,93.8696342689637
2011-07-30 02:00:00,98.86137340851698
2011-07-30 03:00:00,97.04799764771315
2011-07-30 04:00:00,96.86953650834207
2011-07-30 05:00:00,102.50588604198032
2011-07-30 06:00:00,107.95687823317405
2011-07-30 07:00:00,121.06174572476849
2011-07-30 08:00:00,139.7094075672998
2011-07-30 09:00:00,174.7418981199918
2011-07-30 10:00:00,188.0386980975228
2011-07-30 11:00:00,200.8473310628537
2011-07-30 12:00:00,212.15473607574927
2011-07-30 13:00:00,227.9247865111257
2011-07-30 14:00:00,249.3086427866324
2011-07-30 15:00:00,273.2028427173565
2011-07-30 16:00:00,301.0717891857969
2011-07-30 17:00:00,297.4790432963428
2011-07-30 18:00:00,310.6156017890039
2011-07-30 19:00:00,256.74597160427373
2011-07-30 20:00:00,277.9589833028497
2011-07-30 21:00:00,275.91004386337966
2011-07-30 22:00:00,264.54659815654503
2011-07-30 23:00:00,261.24511125510816
2011-07-31 00:00:00,86.15923213464926
2011-07-31 01:00:00,82.80616427670725
2011-07-31 02:00:00,85.14011170680159
2011-07-31 03:00:00,86.40392410341259
2011-07-31 04:00:00,85.07970206492674
2011-07-31 05:00:00,89.85496967555056
2011-07-31 06:00:00,96.18515555059913
2011-07-31 07:00:00,114.87517398805079
2011-07-31 08:00:00,131.11146434632764
2011-07-31 09:00:00,143.21263214494854
2011-07-31 10:00:00,182.41095524535433
2011-07-31 11:00:00,207.1589281283237
2011-07-31 12:00:00,238.4161531329769
2011-07-31 13:00:00,246.52032193715078
2011-07-31 14:00:00,261.0150621528767
2011-07-31 15:00:00,305.9083376495092
2011-07-31 16:00:00,321.37458946128993
2011-07-31 17:00:00,325.33403012830917
2011-07-31 18:00:00,280.665761463139
2011-07-31 19:00:00,247.4484986910354
2011-07-31 20:00:00,259.23307785882344
2011-07-31 21:00:00,252.56644980333675
2011-07-31 22:00:00,225.10907228407285
2011-07-31 23:00:00,237.2169801965606
2011-08-20 00:00:00,51.05942227060171
2011-08-20 01:00:00,58.153307028417956
2011-08-20 02:00:00,64.29867628320235
2011-08-20 03:00:00,67.36086031362342
2011-08-20 04:00:00,58.63087013756548
2011-08-20 05:00:00,68.0026573155356
2011-08-20 06:00:00,71.22847591878656
2011-08-20 07:00:00,76.87904415506027
2011-08-20 08:00:00,96.991453613205735
2011-08-20 09:00:00,111.34845524435258
2011-08-20 10:00:00,129.49824487852476
2011-08-20 11:00:00,133.2110119209253
2011-08-20 12:00:00,150.75504692624932
2011-08-20 13:00:00,166.67866143717728
2011-08-20 14:00:00,201.3354271955679
2011-08-20 15:00:00,218.4337819705701
2011-08-20 16:00:00,223.3540092935046
2011-08-20 17:00:00,231.4925290329909
2011-08-20 18:00:00,217.09198335198198
2011-08-20 19:00:00,206.475206360469
2011-08-20 20:00:00,218.6154001329988
2011-08-20 21:00:00,211.27066560338548
2011-08-20 22:00:00,196.24173927344546
2011-08-20 23:00:00,211.13965846085716
2011-08-21 00:00:00,71.12504497519082
2011-08-21 01:00:00,69.26956651620088
2011-08-21 02:00:00,71.80270616320736
2011-08-21 03:00:00,70.49710405263002
2011-08-21 04:00:00,77.11112775745109
2011-08-21 05:00:00,74.66310299605031
2011-08-21 06:00:00,77.80646915487277
2011-08-21 07:00:00,91.03928666452448
2011-08-21 08:00:00,100.16634010364103
2011-08-21 09:00:00,114.08284055955365
2011-08-21 10:00:00,124.40842626913873
2011-08-21 11:00:00,161.67018985520798
2011-08-21 12:00:00,180.18132294218964
2011-08-21 13:00:00,189.61351257190822
2011-08-21 14:00:00,127.55951521640006
2011-08-21 15:00:00,136.08407505903259
2011-08-21 16:00:00,148.56196769115664
2011-08-21 17:00:00,153.9947750454189
2011-08-21 18:00:00,168.30993878658302
2011-08-21 19:00:00,187.06913709061968
2011-08-21 20:00:00,176.92156131247788
2011-08-21 21:00:00,185.34733943117573
2011-08-21 22:00:00,181.2261768582195
2011-08-21 23:00:00,205.19149324674098
2011-08-22 00:00:00,62.04538389599275
2011-08-22 01:00:00,63.30238263372354
2011-08-22 02:00:00,73.30428410028398
2011-08-22 03:00:00,73.98690529126152
2011-08-22 04:00:00,84.58071828481238
2011-08-22 05:00:00,91.18164248576313
2011-08-22 06:00:00,96.59532466717441
2011-08-22 07:00:00,102.27487321758295
2011-08-22 08:00:00,107.14564974960382
2011-08-22 09:00:00,119.15560047789671
2011-08-22 10:00:00,136.40259413681204
2011-08-22 11:00:00,165.21209168748615
2011-08-22 12:00:00,178.1963163427042
2011-08-22 13:00:00,199.59610872509887
2011-08-22 14:00:00,203.63979482983794
2011-08-22 15:00:00,206.66260619324757
2011-08-22 16:00:00,223.49810070777133
2011-08-22 17:00:00,234.86158302611838
2011-08-22 18:00:00,237.64956393290953
2011-08-22 19:00:00,236.58846206711306
2011-08-22 20:00:00,222.08383922211948
2011-08-22 21:00:00,221.6754502193154
2011-08-22 22:00:00,241.00466818446768
2011-08-22 23:00:00,238.68958806868758
2011-08-23 00:00:00,76.3519045029363
2011-08-23 01:00:00,70.07696484370737
2011-08-23 02:00:00,69.56300358997392
2011-08-23 03:00:00,75.22986121325246
2011-08-23 04:00:00,71.01064221017594
2011-08-23 05:00:00,75.18321181627061
2011-08-23 06:00:00,76.25780030056379
2011-08-23 07:00:00,100.7385590220988
2011-08-23 08:00:00,94.66477575795247
2011-08-23 09:00:00,107.4936493742728
2011-08-23 10:00:00,130.84822347010302
2011-08-23 11:00:00,145.74958666787882
2011-08-23 12:00:00,145.86942178771918
2011-08-23 13:00:00,170.17381998508586
2011-08-23 14:00:00,177.33825067968172
2011-08-23 15:00:00,188.65135244164878
2011-08-23 16:00:00,194.57196781521526
2011-08-23 17:00:00,207.04803303250526
2011-08-23 18:00:00,214.61963493052897
2011-08-23 19:00:00,185.20291635623084
2011-08-23 20:00:00,188.34359409968326
2011-08-23 21:00:00,171.81426118073585
2011-08-23 22:00:00,188.7812711027716
2011-08-23 23:00:00,188.90916365376006
2011-08-24 00:00:00,68.06912920640623
2011-08-24 01:00:00,66.86521801912767
2011-08-24 02:00:00,61.85797488399075
2011-08-24 03:00:00,64.80392204485679
2011-08-24 04:00:00,62.631295450193065
2011-08-24 05:00:00,65.61407151680196
2011-08-24 06:00:00,66.23694873360438
2011-08-24 07:00:00,85.13256296023994
2011-08-24 08:00:00,88.42988840963865
2011-08-24 09:00:00,98.2122384518007
2011-08-24 10:00:00,124.20225005915519
2011-08-24 11:00:00,139.16950313310406
2011-08-24 12:00:00,150.5491844726341
2011-08-24 13:00:00,175.06991842288988
2011-08-24 14:00:00,183.40751321318504
2011-08-24 15:00:00,194.19138789234918
2011-08-24 16:00:00,197.55783729867053
2011-08-24 17:00:00,202.6286096880188
2011-08-24 18:00:00,196.92675071299163
2011-08-24 19:00:00,206.30526339869635
2011-08-24 20:00:00,204.8105008976377
2011-08-24 21:00:00,207.66071908232206
2011-08-24 22:00:00,210.6287994818563
2011-08-24 23:00:00,203.07198958763746
2011-08-25 00:00:00,68.61806006025353
2011-08-25 01:00:00,77.26861242020567
2011-08-25 02:00:00,80.94848150434989
2011-08-25 03:00:00,77.40901830211746
2011-08-25 04:00:00,79.11972530727947
2011-08-25 05:00:00,80.45063243667747
2011-08-25 06:00:00,81.64773143985794
2011-08-25 07:00:00,87.93467552323617
2011-08-25 08:00:00,99.0949300833345
2011-08-25 09:00:00,110.44123604524758
2011-08-25 10:00:00,123.09770352949356
2011-08-25 11:00:00,93.83137590483754
2011-08-25 12:00:00,98.30003618615812
2011-08-25 13:00:00,117.59947728164228
2011-08-25 14:00:00,123.03529649811873
2011-08-25 15:00:00,135.28207738128523
2011-08-25 16:00:00,132.42702706015692
2011-08-25 17:00:00,138.73378096086978
2011-08-25 18:00:00,145.3148474837023
2011-08-25 19:00:00,148.3876118511904
2011-08-25 20:00:00,159.99120285343912
2011-08-25 21:00:00,163.23251957043976
2011-08-25 22:00:00,144.18761597106823
2011-08-25 23:00:00,155.93366844982825
2011-08-26 00:00:00,57.53387430670845
2011-08-26 01:00:00,57.46919439648
2011-08-26 02:00:00,59.8237888063115
2011-08-26 03:00:00,60.20819817202811
2011-08-26 04:00:00,62.60240194788111
2011-08-26 05:00:00,62.520819315628664
2011-08-26 06:00:00,68.70718931330327
2011-08-26 07:00:00,77.2025105902669
2011-08-26 08:00:00,87.63537794886483
2011-08-26 09:00:00,103.71894742399974
2011-08-26 10:00:00,126.95720858863717
2011-08-26 11:00:00,130.66489297462175
2011-08-26 12:00:00,139.42245557942303
2011-08-26 13:00:00,159.2004152056272
2011-08-26 14:00:00,176.0190368442474
2011-08-26 15:00:00,188.31568741378678
2011-08-26 16:00:00,187.4136670957548
2011-08-26 17:00:00,177.07911905669485
2011-08-26 18:00:00,169.51293110063284
2011-08-26 19:00:00,171.87144788899252
2011-08-26 20:00:00,179.10734984434882
2011-08-26 21:00:00,192.66996268705344
2011-08-26 22:00:00,197.61527662857657
2011-08-26 23:00:00,189.42498412429833
2011-08-27 00:00:00,66.09123215402832
2011-08-27 01:00:00,70.72102284023875
2011-08-27 02:00:00,74.87657447631197
2011-08-27 03:00:00,75.57651851009734
2011-08-27 04:00:00,79.17580268567075
2011-08-27 05:00:00,85.17126160608545
2011-08-27 06:00:00,89.22748938894426
2011-08-27 07:00:00,95.47800985683503
2011-08-27 08:00:00,96.3843867310431
2011-08-27 09:00:00,107.0319987554412
2011-08-27 10:00:00,118.62470415526839
2011-08-27 11:00:00,97.3221358727198
2011-08-27 12:00:00,111.39961170999801
2011-08-27 13:00:00,112.46112311334069
2011-08-27 14:00:00,113.94374222922139
2011-08-27 15:00:00,119.37024131116122
2011-08-27 16:00:00,123.73991787036113
2011-08-27 17:00:00,144.87945226284876
2011-08-28 07:00:00,76.28531677491733
2011-08-28 08:00:00,81.62921849362061
2011-08-28 09:00:00,108.83341257135045
2011-08-28 10:00:00,143.9464993749211
2011-08-28 11:00:00,142.70963959105936
2011-08-28 12:00:00,165.60231500599812
2011-08-28 13:00:00,185.592351076274
2011-08-28 14:00:00,207.9010871751022
2011-08-28 15:00:00,213.23734265844817
2011-08-28 16:00:00,246.08320849566257
2011-08-28 17:00:00,227.89568197253192
2011-08-28 18:00:00,222.1230070834194
2011-08-28 19:00:00,209.11005030048358
2011-08-28 20:00:00,221.4134485457383
2011-08-28 21:00:00,191.05876083319058
2011-08-28 22:00:00,180.24543908889936
2011-08-28 23:00:00,177.48300688162618
2011-08-29 00:00:00,58.34448749698533
2011-08-29 01:00:00,62.127640500184185
2011-08-29 02:00:00,67.1864023219276
2011-08-29 03:00:00,68.18613063742806
2011-08-29 04:00:00,66.76112703162832
2011-08-29 05:00:00,67.1701796704096
2011-08-29 06:00:00,70.36911724419878
2011-08-29 07:00:00,93.41566017165374
2011-08-29 08:00:00,104.3712303769293
2011-08-29 09:00:00,112.93500887385001
2011-08-29 10:00:00,126.89109518250777
2011-08-29 11:00:00,130.14804449266282
2011-08-29 12:00:00,137.1746503716967
2011-08-29 13:00:00,143.44770343388655
2011-08-29 14:00:00,153.86487065925817
2011-08-29 15:00:00,170.8623689318318
2011-08-29 16:00:00,184.3673664737873
2011-08-29 17:00:00,175.3606026696216
2011-08-29 18:00:00,186.0663041392327
2011-08-29 19:00:00,194.9275948853297
2011-08-29 20:00:00,185.46498841829037
2011-08-29 21:00:00,196.3628700538118
2011-08-29 22:00:00,191.8937907096464
2011-08-29 23:00:00,187.50595782267195
2011-08-30 00:00:00,52.36565362847484
2011-08-30 01:00:00,56.521414648462745
2011-08-30 02:00:00,55.21204554694946
2011-08-30 03:00:00,59.70770296874444
2011-08-30 04:00:00,58.174279865308044
2011-08-30 05:00:00,59.35285257720664
2011-08-30 06:00:00,66.50529276859393
2011-08-30 07:00:00,75.5159034541381
2011-08-30 08:00:00,98.41937521828798
2011-08-30 09:00:00,116.30326073679348
2011-08-30 10:00:00,139.39499461366339
2011-08-30 11:00:00,151.25113944531853
2011-08-30 12:00:00,147.91460307676965
2011-08-30 13:00:00,166.07442652005284
2011-08-30 14:00:00,180.60449003419455
2011-08-30 15:00:00,190.15691838901625
2011-08-30 16:00:00,191.9099689008639
2011-08-30 17:00:00,192.0345935265698
2011-08-30 18:00:00,188.63815525585102
2011-08-30 19:00:00,176.58496237359532
2011-08-30 20:00:00,179.20617416236283
2011-08-30 21:00:00,166.67660250840626
2011-08-30 22:00:00,171.93065919008401
2011-08-30 23:00:00,180.118748733215
2011-08-31 00:00:00,56.41431557827232
2011-08-31 01:00:00,59.101011887385205
2011-08-31 02:00:00,54.989268945790094
2011-08-31 03:00:00,55.326194138144466
2011-08-31 04:00:00,60.35164776591176
2011-08-31 05:00:00,58.447177834709
2011-08-31 06:00:00,62.262433099185564
2011-08-31 07:00:00,71.67443173866594
2011-08-31 08:00:00,84.31502497229395
2011-08-31 09:00:00,92.65730497703741
2011-08-31 10:00:00,127.73209640658467
2011-08-31 11:00:00,142.71221801658007
2011-08-31 12:00:00,152.7661401307091
2011-08-31 13:00:00,163.9819322583707
2011-08-31 14:00:00,169.45788760396331
2011-08-31 15:00:00,177.5282129550517
2011-08-31 16:00:00,185.5068821671919
2011-08-31 17:00:00,184.1463302376457
2011-08-31 18:00:00,186.70199381076864
2011-08-31 19:00:00,254.58780243720096
2011-08-31 20:00:00,178.23277450778502
2011-08-31 21:00:00,177.93574642415163
2011-08-31 22:00:00,164.34104018866327
2011-08-31 23:00:00,156.58711017097963
2011-09-20 00:00:00,50.452402293444294
2011-09-20 01:00:00,45.45662410833676
2011-09-20 02:00:00,47.62146725080388
2011-09-20 03:00:00,53.05913914724603
2011-09-20 04:00:00,55.40867037196046
2011-09-20 05:00:00,55.33646251670411
2011-09-20 06:00:00,57.97182675145607
2011-09-20 07:00:00,60.09394805796764
2011-09-20 08:00:00,59.01902669492043
2011-09-20 09:00:00,61.179481885953656
2011-09-20 10:00:00,67.84340288877686
2011-09-20 11:00:00,71.07440229505411
2011-09-20 12:00:00,74.40933906425236
2011-09-20 13:00:00,77.13043660204511
2011-09-20 14:00:00,89.24104986175625
2011-09-20 15:00:00,105.59832676565887
2011-09-20 16:00:00,103.93666892484849
2011-09-20 17:00:00,111.82714166517384
2011-09-20 18:00:00,117.15283897605606
2011-09-20 19:00:00,110.27355339486854
2011-09-20 20:00:00,106.84218617311964
2011-09-20 21:00:00,111.930478112966
2011-09-20 22:00:00,117.2610967572018
2011-09-20 23:00:00,122.84558276276171
2011-09-21 00:00:00,39.10658689441755
2011-09-21 01:00:00,43.0049847417862
2011-09-21 02:00:00,45.05307010088097
2011-09-21 03:00:00,46.44771961467983
2011-09-21 04:00:00,47.09713192963629
2011-09-21 05:00:00,49.866318205483715
2011-09-21 06:00:00,52.79645201692284
2011-09-21 07:00:00,55.31084984864541
2011-09-21 08:00:00,56.13387088916988
2011-09-21 09:00:00,60.25133853143133
2011-09-21 10:00:00,70.52225562940552
2011-09-21 11:00:00,85.13851469424
2011-09-21 12:00:00,93.15827292389405
2011-09-21 13:00:00,108.0698161762718
2011-09-21 14:00:00,114.41997463531936
2011-09-21 15:00:00,116.1225347449332
2011-09-21 16:00:00,121.65279745052558
2011-09-21 17:00:00,124.09516356141309
2011-09-21 18:00:00,114.22365363966138
2011-09-21 19:00:00,98.92454645738434
2011-09-21 20:00:00,103.6357657839569
2011-09-21 21:00:00,105.82344605288134
2011-09-21 22:00:00,119.31437643957632
2011-09-21 23:00:00,130.32639304444245
2011-09-22 00:00:00,45.8536097341309
2011-09-22 01:00:00,45.55240107268403
2011-09-22 02:00:00,47.974757408744935
2011-09-22 03:00:00,49.994526516443905
2011-09-22 04:00:00,52.37548440790696
2011-09-22 05:00:00,55.160674288618495
2011-09-22 06:00:00,54.88523912052277
2011-09-22 07:00:00,56.89437255442336
2011-09-22 08:00:00,60.87990932783939
2011-09-22 09:00:00,71.61154708398784
2011-09-22 10:00:00,82.43066945712114
2011-09-22 11:00:00,85.44510144266393
2011-09-22 12:00:00,97.07432900610662
2011-09-22 13:00:00,102.77839507473969
2011-09-22 14:00:00,108.82149174397664
2011-09-22 15:00:00,120.36592432523659
2011-09-22 16:00:00,129.91360692242816
2011-09-22 17:00:00,124.21959035565607
2011-09-22 18:00:00,120.33686108658283
2011-09-22 19:00:00,119.46620283343395
2011-09-22 20:00:00,116.96218901860594
2011-09-22 21:00:00,131.1161674188136
2011-09-22 22:00:00,117.14619637660728
2011-09-22 23:00:00,128.22365812592227
2011-09-23 00:00:00,55.0813639745576
2011-09-23 01:00:00,50.31440164828079
2011-09-23 02:00:00,54.70161744183684
2011-09-23 03:00:00,55.220902260460534
2011-09-23 04:00:00,55.14893910215365
2011-09-23 05:00:00,67.33274333682172
2011-09-23 06:00:00,72.81791577307223
2011-09-23 07:00:00,73.88557718059157
2011-09-23 08:00:00,77.40433133852068
2011-09-23 09:00:00,75.18481521105923
2011-09-23 10:00:00,77.9370365438382
2011-09-23 11:00:00,81.64873890660111
2011-09-23 12:00:00,92.25624923637685
2011-09-23 13:00:00,86.53540715449002
2011-09-23 14:00:00,90.65660151138997
2011-09-23 15:00:00,106.07488583756286
2011-09-23 16:00:00,107.08185931346148
2011-09-23 17:00:00,105.92093372926182
2011-09-23 18:00:00,116.40169987598107
2011-09-23 19:00:00,142.09233285516578
2011-09-23 20:00:00,135.93833577507218
2011-09-23 21:00:00,141.8657165232915
2011-09-23 22:00:00,158.1446444091334
2011-09-23 23:00:00,150.53319649896795
2011-09-24 00:00:00,53.94200923692706
2011-09-24 01:00:00,56.54888866025048
2011-09-24 02:00:00,59.24199392778022
2011-09-24 03:00:00,63.06680753592173
2011-09-24 04:00:00,66.56375260493412
2011-09-24 05:00:00,66.47700759226461
2011-09-24 06:00:00,69.64293328166163
2011-09-24 07:00:00,76.58539189925139
2011-09-24 08:00:00,80.89197137919388
2011-09-24 09:00:00,87.51749247815911
2011-09-24 10:00:00,91.68545803111611
2011-09-24 11:00:00,104.42367645030156
2011-09-24 12:00:00,109.39678838522818
2011-09-24 13:00:00,124.89945145727461
2011-09-24 14:00:00,141.08169796811458
2011-09-24 15:00:00,147.80062512922507
2011-09-24 16:00:00,141.32263388564726
2011-09-24 17:00:00,168.37109819600272
2011-09-24 18:00:00,163.56514338425964
2011-09-24 19:00:00,145.8641007697309
2011-09-24 20:00:00,161.29277118187048
2011-09-24 21:00:00,174.43227239345188
2011-09-24 22:00:00,159.87967951548055
2011-09-24 23:00:00,167.87003003331543
2011-09-25 00:00:00,53.63156546637002
2011-09-25 01:00:00,58.30802475713114
2011-09-25 02:00:00,52.025829248602605
2011-09-25 03:00:00,54.50352665551025
2011-09-25 04:00:00,59.88586145819112
2011-09-25 05:00:00,73.28696045416442
2011-09-25 06:00:00,73.57940889691051
2011-09-25 07:00:00,72.22923403049435
2011-09-25 08:00:00,80.14884234010479
2011-09-25 09:00:00,90.05887027839005
2011-09-25 10:00:00,94.34786735120069
2011-09-25 11:00:00,112.70020660959024
2011-09-25 12:00:00,112.57350839338153
2011-09-25 13:00:00,127.18156745344524
2011-09-25 14:00:00,123.55131931337327
2011-09-25 15:00:00,129.43537321321557
2011-09-25 16:00:00,163.18758342323972
2011-09-25 17:00:00,160.70096113201635
2011-09-25 18:00:00,168.354243365765
2011-09-25 19:00:00,157.77873070168917
2011-09-25 20:00:00,162.6920340180913
2011-09-25 21:00:00,149.3535889868434
2011-09-25 22:00:00,166.4768412687854
2011-09-25 23:00:00,157.09083239026972
2011-09-26 00:00:00,49.761289935068675
2011-09-26 01:00:00,57.56149382963573
2011-09-26 02:00:00,60.30282378168551
2011-09-26 03:00:00,57.21480325379385
2011-09-26 04:00:00,61.87573115009686
2011-09-26 05:00:00,66.8116451205924
2011-09-26 06:00:00,67.90965588777468
2011-09-26 07:00:00,68.91770090016695
2011-09-26 08:00:00,72.19986307377556
2011-09-26 09:00:00,88.09030020603491
2011-09-26 10:00:00,92.28554536688115
2011-09-26 11:00:00,121.14466970972315
2011-09-26 12:00:00,118.45104119445534
2011-09-26 13:00:00,134.9079065154839
2011-09-26 14:00:00,151.0598225676794
2011-09-26 15:00:00,174.4102023860323
2011-09-26 16:00:00,172.62865981782357
2011-09-26 17:00:00,171.85354651604592
2011-09-26 18:00:00,149.12927245784738
2011-09-26 19:00:00,156.66901752678805
2011-09-26 20:00:00,150.92543997313908
2011-09-26 21:00:00,158.1131691580207
2011-09-26 22:00:00,152.36341885933567
2011-09-26 23:00:00,159.61963088454826
2011-09-27 00:00:00,53.85867273667633
2011-09-27 01:00:00,57.025419654526424
2011-09-27 02:00:00,58.48910708616206
2011-09-27 03:00:00,56.286778452822716
2011-09-27 04:00:00,58.02917532004522
2011-09-27 05:00:00,60.7927783090226
2011-09-27 06:00:00,67.16228052594683
2011-09-27 07:00:00,70.36084190794757
2011-09-27 08:00:00,80.13634820554427
2011-09-27 09:00:00,82.61409408240033
2011-09-27 10:00:00,81.1347691681287
2011-09-27 11:00:00,94.90265506322332
2011-09-27 12:00:00,100.47911405203875
2011-09-27 13:00:00,135.56091093883904
2011-09-27 14:00:00,125.21286732011897
2011-09-27 15:00:00,126.33289226562027
2011-09-27 16:00:00,131.54329039052908
2011-09-27 17:00:00,129.50986595178796
2011-09-27 18:00:00,133.13236938605587
2011-09-27 19:00:00,135.1085746722283
2011-09-27 20:00:00,154.34369304101858
2011-09-27 21:00:00,148.73101890458528
2011-09-27 22:00:00,152.40228055878242
2011-09-27 23:00:00,159.66034334799699
2011-09-28 00:00:00,53.23244484729829
2011-09-28 01:00:00,55.767606563438484
2011-09-28 02:00:00,63.926346745413326
2011-09-28 03:00:00,55.845333017999216
2011-09-28 04:00:00,64.12077825204216
2011-09-28 05:00:00,59.37337399959931
2011-09-28 06:00:00,62.85310650058127
2011-09-28 07:00:00,65.84644617900199
2011-09-28 08:00:00,73.5660113636891
2011-09-28 09:00:00,77.06954640051403
2011-09-28 10:00:00,78.22757705443662
2011-09-28 11:00:00,101.33608878884239
2011-09-28 12:00:00,110.31888084033079
2011-09-28 13:00:00,144.21571389241942
2011-09-28 14:00:00,171.46551783473865
2011-09-28 15:00:00,154.58225275984765
2011-09-28 16:00:00,165.41097316277538
2011-09-28 17:00:00,175.13669908258868
2011-09-28 18:00:00,141.06568589796458
2011-09-28 19:00:00,147.78385049430156
2011-09-28 20:00:00,143.93350311335863
2011-09-28 21:00:00,140.6184464066403
2011-09-28 22:00:00,152.9346174423796
2011-09-28 23:00:00,150.9240450124462
2011-09-29 00:00:00,54.237377558331325
2011-09-29 01:00:00,50.90505447961278
2011-09-29 02:00:00,53.32937569283052
2011-09-29 03:00:00,59.448860247494075
2011-09-29 04:00:00,67.1722422324876
2011-09-29 05:00:00,68.17175984698504
2011-09-29 06:00:00,71.04183615364109
2011-09-29 07:00:00,79.3194075718926
2011-09-29 08:00:00,83.62054101774781
2011-09-29 09:00:00,104.20865265831692
2011-09-29 10:00:00,122.29770812398726
2011-09-29 11:00:00,130.2276936568537
2011-09-29 12:00:00,141.29015220688612
2011-09-29 13:00:00,147.2131382911582
2011-09-29 14:00:00,181.63250541665627
2011-09-29 15:00:00,206.1905702452721
2011-09-29 16:00:00,220.75438377584373
2011-09-29 17:00:00,209.40239356248586
2011-09-29 18:00:00,220.69513370333144
2011-09-29 19:00:00,201.7188822623992
2011-09-29 20:00:00,202.982101337503
2011-09-29 21:00:00,184.90065809811188
2011-09-29 22:00:00,170.66582413565695
2011-09-29 23:00:00,162.61347850586733
2011-09-30 00:00:00,56.25863760901338
2011-09-30 01:00:00,61.540663512527026
2011-09-30 02:00:00,61.74480122869843
2011-09-30 03:00:00,64.6853585653887
2011-09-30 04:00:00,69.95238335020083
2011-09-30 05:00:00,73.28382162493935
2011-09-30 06:00:00,77.59271570767505
2011-09-30 07:00:00,81.28802000710621
2011-09-30 08:00:00,89.19900148236201
2011-09-30 09:00:00,101.54040877514332
2011-09-30 10:00:00,118.01433406014127
2011-09-30 11:00:00,141.35635138140725
2011-09-30 12:00:00,146.49939952570296
2011-09-30 13:00:00,177.3450994275882
2011-09-30 14:00:00,180.90675292161808
2011-09-30 15:00:00,193.02107690551153
2011-09-30 16:00:00,190.15897762565018
2011-09-30 17:00:00,197.11295856827803
2011-09-30 18:00:00,204.6042586443731
2011-09-30 19:00:00,192.03954260564294
2011-09-30 20:00:00,201.18530507805028
2011-09-30 21:00:00,193.4607896922598
2011-09-30 22:00:00,212.57298060831928
2011-09-30 23:00:00,222.6966351552772
2011-10-20 00:00:00,55.25158132767694
2011-10-20 01:00:00,62.06013102210946
2011-10-20 02:00:00,67.1157771045767
2011-10-20 03:00:00,67.89152776163861
2011-10-20 04:00:00,71.12481908472756
2011-10-20 05:00:00,69.70958051083247
2011-10-20 06:00:00,70.30629513309083
2011-10-20 07:00:00,75.24694867686203
2011-10-20 08:00:00,90.39947110534007
2011-10-20 09:00:00,96.73209066350552
2011-10-20 10:00:00,106.16918593751294
2011-10-20 11:00:00,121.51004791121925
2011-10-20 12:00:00,134.707453043341
2011-10-20 13:00:00,152.11077917155208
2011-10-20 14:00:00,142.4369689313301
2011-10-20 15:00:00,140.34915976026826
2011-10-20 16:00:00,147.03320024981076
2011-10-20 17:00:00,154.50892002531506
2011-10-20 18:00:00,148.57654574224122
2011-10-20 19:00:00,166.77343383305893
2011-10-20 20:00:00,164.80435865768104
2011-10-20 21:00:00,173.98304579178443
2011-10-20 22:00:00,184.21278681628118
2011-10-20 23:00:00,172.41307577444485
2011-10-21 00:00:00,58.85616107723246
2011-10-21 01:00:00,61.010654396495184
2011-10-21 02:00:00,58.81648752682076
2011-10-21 03:00:00,55.32675781607556
2011-10-21 04:00:00,58.579824237621224
2011-10-21 05:00:00,57.82582676308328
2011-10-21 06:00:00,64.29234260348538
2011-10-21 07:00:00,67.35422499639222
2011-10-21 08:00:00,83.60602662503106
2011-10-21 09:00:00,86.96537748392589
2011-10-21 10:00:00,108.44460207290903
2011-10-21 11:00:00,129.23461591018622
2011-10-21 12:00:00,139.02069706759673
2011-10-21 13:00:00,139.48535870938258
2011-10-21 14:00:00,161.0249595203755
2011-10-21 15:00:00,159.0011700282158
2011-10-21 16:00:00,164.8157317177953
2011-10-21 17:00:00,147.79716193728706
2011-10-21 18:00:00,146.72631356537806
2011-10-21 19:00:00,161.22155739091957
2011-10-21 20:00:00,159.34093118932662
2011-10-21 21:00:00,161.13603830516234
2011-10-21 22:00:00,174.35743403781004
2011-10-21 23:00:00,169.79649829986798
2011-10-22 00:00:00,58.308537386505044
2011-10-22 01:00:00,61.08544481824966
2011-10-22 02:00:00,65.36457253708907
2011-10-22 03:00:00,65.63716807611574
2011-10-22 04:00:00,63.61427275618001
2011-10-22 05:00:00,64.55855747579045
2011-10-22 06:00:00,63.063000775329044
2011-10-22 07:00:00,64.95634746620098
2011-10-22 08:00:00,73.43257531002457
2011-10-22 09:00:00,84.48408877655844
2011-10-22 10:00:00,90.97627627180188
2011-10-22 11:00:00,95.30896422823298
2011-10-22 12:00:00,113.55891300528772
2011-10-22 13:00:00,132.5650085870261
2011-10-22 14:00:00,135.83113597279186
2011-10-22 15:00:00,145.69518833451482
2011-10-22 16:00:00,163.2822134311575
2011-10-22 17:00:00,145.59181292222425
2011-10-22 18:00:00,146.9377202932893
2011-10-22 19:00:00,134.24416493918454
2011-10-22 20:00:00,136.5306335513101
2011-10-22 21:00:00,129.12452171722137
2011-10-22 22:00:00,135.2739958774154
2011-10-22 23:00:00,131.06469327385608
2011-10-23 00:00:00,40.30459714683774
2011-10-23 01:00:00,42.22407824458227
2011-10-23 02:00:00,43.73528166501953
2011-10-23 03:00:00,44.98839073763864
2011-10-23 04:00:00,47.13093456022632
2011-10-23 05:00:00,47.9379666206586
2011-10-23 06:00:00,51.413754013153735
2011-10-23 07:00:00,55.18993631247054
2011-10-23 08:00:00,59.6919826803941
2011-10-23 09:00:00,71.04342600372053
2011-10-23 10:00:00,82.39874747873705
2011-10-23 11:00:00,93.28538495204486
2011-10-23 12:00:00,118.89133566971707
2011-10-23 13:00:00,129.73877913978674
2011-10-23 14:00:00,137.36707479005815
2011-10-23 15:00:00,144.35133246632742
2011-10-23 16:00:00,149.17175042198943
2011-10-23 17:00:00,139.23159352993298
2011-10-23 18:00:00,144.32831633006464
2011-10-23 19:00:00,122.63212537769977
2011-10-23 20:00:00,134.07163233906698
2011-10-23 21:00:00,140.45670953214815
2011-10-23 22:00:00,137.9178110998354
2011-10-23 23:00:00,147.57916218199446
2011-10-24 00:00:00,45.76850616111725
2011-10-24 01:00:00,46.890153691691694
2011-10-24 02:00:00,46.68127024953712
2011-10-24 03:00:00,50.652989265898995
2011-10-24 04:00:00,51.40487782319969
2011-10-24 05:00:00,50.20954391106699
2011-10-24 06:00:00,56.229605586979574
2011-10-24 07:00:00,51.51740231339196
2011-10-24 08:00:00,61.393850624170035
2011-10-24 09:00:00,69.54480002460447
2011-10-24 10:00:00,77.46280596285672
2011-10-24 11:00:00,90.43078710123424
2011-10-24 12:00:00,98.68153847440114
2011-10-24 13:00:00,114.75002460609076
2011-10-24 14:00:00,118.94635282703715
2011-10-24 15:00:00,137.59765758879317
2011-10-24 16:00:00,136.9412365505648
2011-10-24 17:00:00,132.01632749486467
2011-10-24 18:00:00,149.5893832368583
2011-10-24 19:00:00,105.66964553389083
2011-10-24 20:00:00,126.41597665120527
2011-10-24 21:00:00,123.47638589006628
2011-10-24 22:00:00,149.96367741582938
2011-10-24 23:00:00,146.1519654225246
2011-10-25 00:00:00,48.64405051659971
2011-10-25 01:00:00,50.9606928376772
2011-10-25 02:00:00,49.77568769975701
2011-10-25 03:00:00,46.36005894258473
2011-10-25 04:00:00,49.45073730280959
2011-10-25 05:00:00,51.80579757487889
2011-10-25 06:00:00,55.91712817524776
2011-10-25 07:00:00,65.38461653646156
2011-10-25 08:00:00,70.07016071723433
2011-10-25 09:00:00,96.74341610671489
2011-10-25 10:00:00,108.96652044222316
2011-10-25 11:00:00,121.7610759674944
2011-10-25 12:00:00,145.10250986898544
2011-10-25 13:00:00,160.82031215604695
2011-10-25 14:00:00,156.7852978238953
2011-10-25 15:00:00,159.6072258819878
2011-10-25 16:00:00,172.6032922747518
2011-10-25 17:00:00,175.1716155168398
2011-10-25 18:00:00,166.1168336920956
2011-10-25 19:00:00,138.33864456609535
2011-10-25 20:00:00,136.29730571547756
2011-10-25 21:00:00,134.5550267209271
2011-10-25 22:00:00,154.41496594497332
2011-10-25 23:00:00,147.67640547830814
2011-10-26 00:00:00,51.915363636473764
2011-10-26 01:00:00,57.843335413421904
2011-10-26 02:00:00,58.70403963745081
2011-10-26 03:00:00,62.81634632471278
2011-10-26 04:00:00,62.51108073588442
2011-10-26 05:00:00,64.7993663352226
2011-10-26 06:00:00,67.88539541456403
2011-10-26 07:00:00,69.62782888830037
2011-10-26 08:00:00,74.76898036073597
2011-10-26 09:00:00,86.7519881536917
2011-10-26 10:00:00,98.24045395050805
2011-10-26 11:00:00,113.58211449418931
2011-10-26 12:00:00,119.5381579853339
2011-10-26 13:00:00,110.12076609512083
2011-10-26 14:00:00,95.7992738830717
2011-10-26 15:00:00,100.36165406829677
2011-10-26 16:00:00,108.53748281476763
2011-10-26 17:00:00,114.30921938639078
2011-10-26 18:00:00,128.30922229756038
2011-10-26 19:00:00,118.23293307270622
2011-10-26 20:00:00,117.99966254580698
2011-10-26 21:00:00,132.67874913495484
2011-10-26 22:00:00,123.7355030842691
2011-10-26 23:00:00,129.6283286203954
2011-10-27 00:00:00,42.862003425802214
2011-10-27 01:00:00,44.90327938962223
2011-10-27 02:00:00,42.750361812524105
2011-10-27 03:00:00,44.78632091470606
2011-10-27 04:00:00,50.732373033868434
2011-10-27 05:00:00,54.86521836884794
2011-10-27 06:00:00,60.1993345046429
2011-10-27 07:00:00,58.41791206934419
2011-10-27 08:00:00,65.46372968391647
2011-10-27 09:00:00,76.96295826157954
2011-10-27 10:00:00,74.00208680963779
2011-10-27 11:00:00,75.90151911604218
2011-10-27 12:00:00,79.51628124113073
2011-10-27 13:00:00,88.31629335614208
2011-10-27 14:00:00,93.62001794731647
2011-10-27 15:00:00,101.78331131613477
2011-10-27 16:00:00,125.28229104060432
2011-10-27 17:00:00,134.59453929732152
2011-10-27 18:00:00,142.5455749840824
2011-10-27 19:00:00,140.7525890303052
2011-10-27 20:00:00,151.7591377255773
2011-10-27 21:00:00,162.43828679003263
2011-10-27 22:00:00,145.5414679794941
2011-10-27 23:00:00,150.099473596856
2011-10-28 00:00:00,50.064419307959284
2011-10-28 01:00:00,50.917124700285235
2011-10-28 02:00:00,53.91091640582472
2011-10-28 03:00:00,53.08943180716317
2011-10-28 04:00:00,57.911713220651194
2011-10-28 05:00:00,59.106469729763006
2011-10-28 06:00:00,61.051936458028834
2011-10-28 07:00:00,63.95949654565226
2011-10-28 08:00:00,72.04950131073208
2011-10-28 09:00:00,78.61613893077579
2011-10-28 10:00:00,84.83756770195286
2011-10-28 11:00:00,98.19917208968211
2011-10-28 12:00:00,110.16847766670821
2011-10-28 13:00:00,115.99544514504585
2011-10-28 14:00:00,109.99871713683692
2011-10-28 15:00:00,118.96406663095101
2011-10-28 16:00:00,119.45572400962115
2011-10-28 17:00:00,119.88452129903574
2011-10-28 18:00:00,123.89229876004975
2011-10-28 19:00:00,131.5752789722852
2011-10-28 20:00:00,118.86611999168831
2011-10-28 21:00:00,111.55958628250967
2011-10-28 22:00:00,112.15476866327562
2011-10-28 23:00:00,112.19023758538954
2011-10-29 00:00:00,35.633883747235444
2011-10-29 01:00:00,38.450393406004984
2011-10-29 02:00:00,40.281569216416464
2011-10-29 03:00:00,46.213988102076144
2011-10-29 04:00:00,48.41490022855514
2011-10-29 05:00:00,41.9070161628028
2011-10-29 06:00:00,46.08457893604588
2011-10-29 07:00:00,48.27932803235827
2011-10-29 08:00:00,52.808884591454074
2011-10-29 09:00:00,55.3238745167217
2011-10-29 10:00:00,52.32664175335137
2011-10-29 11:00:00,55.992202081622054
2011-10-29 12:00:00,61.1988274288715
2011-10-29 13:00:00,64.79715594847595
2011-10-29 14:00:00,66.10990378113196
2011-10-29 15:00:00,61.43371032754343
2011-10-29 16:00:00,65.2008834469823
2011-10-29 17:00:00,68.30603452631883
2011-10-29 18:00:00,71.55906647345599
2011-10-29 19:00:00,90.13662357094525
2011-10-29 20:00:00,94.42932359542674
2011-10-29 21:00:00,98.92646075955412
2011-10-29 22:00:00,97.24363947834908
2011-10-29 23:00:00,102.1804230061387
2011-10-30 00:00:00,33.59854304686116
2011-10-30 01:00:00,35.57278599359382
2011-10-30 02:00:00,37.66437133501735
2011-10-30 03:00:00,45.36497407228566
2011-10-30 04:00:00,43.84798496181165
2011-10-30 05:00:00,48.74530154950536
2011-10-30 06:00:00,50.949899580558835
2011-10-30 07:00:00,51.500505875076946
2011-10-30 08:00:00,60.15276630209764
2011-10-30 09:00:00,70.3572283570127
2011-10-30 10:00:00,76.01162701745187
2011-10-30 11:00:00,93.26050771769646
2011-10-30 12:00:00,104.81832807247997
2011-10-30 13:00:00,120.97477313925711
2011-10-30 14:00:00,134.48626662529404
2011-10-30 15:00:00,142.8312821887392
2011-10-30 16:00:00,151.68873277870415
2011-10-30 17:00:00,149.00587544667277
2011-10-30 18:00:00,138.98493094034527
2011-10-30 19:00:00,198.23113144696993
2011-10-30 20:00:00,126.44800908223245
2011-10-30 21:00:00,119.58882977498241
2011-10-30 22:00:00,113.09160486868372
2011-10-30 23:00:00,101.34595901376203
2011-10-31 00:00:00,33.31574184165222
2011-10-31 01:00:00,36.636870750949264
2011-10-31 02:00:00,35.5000233207148
2011-10-31 03:00:00,37.56289579829299
2011-10-31 04:00:00,38.96187282005062
2011-10-31 05:00:00,37.749501501843945
2011-10-31 06:00:00,42.76131088511169
2011-10-31 07:00:00,42.67694392184823
2011-10-31 08:00:00,47.46715564962544
2011-10-31 09:00:00,59.489689508405355
2011-10-31 10:00:00,77.09933966979199
2011-10-31 11:00:00,96.71083645071042
2011-10-31 12:00:00,113.07911515554132
2011-10-31 13:00:00,116.32872569479329
2011-10-31 14:00:00,118.94903364094613
2011-10-31 15:00:00,127.97918745615591
2011-10-31 16:00:00,122.99860801837563
2011-10-31 17:00:00,127.49658117120448
2011-10-31 18:00:00,115.83978744584729
2011-10-31 19:00:00,121.35658448909707
2011-10-31 20:00:00,127.13611552286501
2011-10-31 21:00:00,111.4817046631503
2011-10-31 22:00:00,116.79095075400333
2011-10-31 23:00:00,122.35304635176357
2011-11-20 00:00:00,52.14461844508104
2011-11-20 01:00:00,59.99556110412186
2011-11-20 02:00:00,63.52314075949266
2011-11-20 03:00:00,61.4219262957391
2011-11-20 04:00:00,61.798265074717456
2011-11-20 05:00:00,68.87412680511558
2011-11-20 06:00:00,71.39280549819186
2011-11-20 07:00:00,77.63188459551567
2011-11-20 08:00:00,76.6709228649499
2011-11-20 09:00:00,82.52212183785902
2011-11-20 10:00:00,80.6872582730363
2011-11-20 11:00:00,99.34373070508444
2011-11-20 12:00:00,105.18114631483493
2011-11-20 13:00:00,122.3533994915298
2011-11-20 14:00:00,130.13379746642627
2011-11-20 15:00:00,122.20020455938034
2011-11-20 16:00:00,130.5062097999574
2011-11-20 17:00:00,139.64836701101248
2011-11-20 18:00:00,149.48644412036614
2011-11-20 19:00:00,134.0263753485551
2011-11-20 20:00:00,149.38567883312825
2011-11-20 21:00:00,136.4334179836586
2011-11-20 22:00:00,121.02288016216433
2011-11-20 23:00:00,126.7865187371775
2011-11-21 00:00:00,40.34766670592498
2011-11-21 01:00:00,43.16634568334722
2011-11-21 02:00:00,41.82688769589197
2011-11-21 03:00:00,42.90047014729358
2011-11-21 04:00:00,44.943578064538805
2011-11-21 05:00:00,47.092425857801324
2011-11-21 06:00:00,47.894511770745794
2011-11-21 07:00:00,59.232345461900934
2011-11-21 08:00:00,58.54140869972001
2011-11-21 09:00:00,65.56045056935616
2011-11-21 10:00:00,76.74749955211696
2011-11-21 11:00:00,83.43957639533808
2011-11-21 12:00:00,90.02474730432938
2011-11-21 13:00:00,94.312119291955
2011-11-21 14:00:00,94.09952044933522
2011-11-21 15:00:00,81.24540369607637
2011-11-21 16:00:00,85.11466496434034
2011-11-21 17:00:00,88.88614968625564
2011-11-21 18:00:00,94.18911488013102
2011-11-21 19:00:00,91.26641294045291
2011-11-21 20:00:00,102.25808720280617
2011-11-21 21:00:00,104.8827741920226
2011-11-21 22:00:00,108.71826395983719
2011-11-21 23:00:00,115.11060914428128
2011-11-22 00:00:00,34.88517131132558
2011-11-22 01:00:00,38.046017177881424
2011-11-22 02:00:00,36.47445024957037
2011-11-22 03:00:00,38.21152300952396
2011-11-22 04:00:00,42.920257982507835
2011-11-22 05:00:00,44.96430828296365
2011-11-22 06:00:00,48.37782588425257
2011-11-22 07:00:00,50.405531026439974
2011-11-22 08:00:00,52.80606274927397
2011-11-22 09:00:00,52.63320783771146
2011-11-22 10:00:00,55.139831268038165
2011-11-22 11:00:00,60.58500245345008
2011-11-22 12:00:00,59.514072475821706
2011-11-22 13:00:00,64.21807726940143
2011-11-22 14:00:00,67.27642282246664
2011-11-22 15:00:00,73.82379025279012
2011-11-22 16:00:00,77.33960184713092
2011-11-22 17:00:00,79.68022938240533
2011-11-22 18:00:00,80.86299576172468
2011-11-22 19:00:00,95.05019439745529
2011-11-22 20:00:00,103.81627057932008
2011-11-22 21:00:00,109.91649164133007
2011-11-22 22:00:00,125.55545654884672
2011-11-22 23:00:00,130.43923419820973
2011-11-23 00:00:00,44.894582405771615
2011-11-23 01:00:00,47.786222424858195
2011-11-23 02:00:00,50.20737222822371
2011-11-23 03:00:00,52.59846676288431
2011-11-23 04:00:00,59.58169776673856
2011-11-23 05:00:00,53.84580876467252
2011-11-23 06:00:00,48.70448716392314
2011-11-23 07:00:00,54.251649282546396
2011-11-23 08:00:00,61.78010693491112
2011-11-23 09:00:00,70.88398464018957
2011-11-23 10:00:00,74.25978984062277
2011-11-23 11:00:00,97.68343371427264
2011-11-23 12:00:00,119.57647001602915
2011-11-23 13:00:00,116.5150463900363
2011-11-23 14:00:00,122.99764262561455
2011-11-23 15:00:00,122.1896810384856
2011-11-23 16:00:00,117.11691411271268
2011-11-23 17:00:00,102.82351128286896
2011-11-23 18:00:00,135.6038726599262
2011-11-23 19:00:00,137.93821617299687
2011-11-23 20:00:00,130.4158544236587
2011-11-23 21:00:00,144.11674993558216
2011-11-23 22:00:00,141.15979938485103
2011-11-23 23:00:00,143.25516314218396
2011-11-24 00:00:00,49.686581800078834
2011-11-24 01:00:00,55.01341811200376
2011-11-24 02:00:00,52.35704992427544
2011-11-24 03:00:00,49.56445979171686
2011-11-24 04:00:00,55.115098377645694
2011-11-24 05:00:00,58.0459736909949
2011-11-24 06:00:00,60.489747684232555
2011-11-24 07:00:00,52.896205267793874
2011-11-24 08:00:00,64.27628457467634
2011-11-24 09:00:00,71.48174586956101
2011-11-24 10:00:00,80.75754779029442
2011-11-24 11:00:00,116.97361932852499
2011-11-24 12:00:00,131.84212437222223
2011-11-24 13:00:00,145.76804730223273
2011-11-24 14:00:00,164.14062180552372
2011-11-24 15:00:00,169.246032387295
2011-11-24 16:00:00,174.9039807747762
2011-11-24 17:00:00,168.30093348487847
2011-11-24 18:00:00,139.87594245899245
2011-11-24 19:00:00,138.47466063852508
2011-11-24 20:00:00,113.77911643026994
2011-11-24 21:00:00,124.11403431746358
2011-11-24 22:00:00,130.02488716557048
2011-11-24 23:00:00,126.0426391122652
2011-11-25 00:00:00,45.342143213681894
2011-11-25 01:00:00,46.04513085799956
2011-11-25 02:00:00,42.81800407410009
2011-11-25 03:00:00,47.08638002216638
2011-11-25 04:00:00,51.5040144459623
2011-11-25 05:00:00,51.16602224005604
2011-11-25 06:00:00,50.0700339632164
2011-11-25 07:00:00,51.934821688031455
2011-11-25 08:00:00,55.53680781172028
2011-11-25 09:00:00,64.86290864880188
2011-11-25 10:00:00,77.44290263594088
2011-11-25 11:00:00,90.16152233264174
2011-11-25 12:00:00,116.52524745273666
2011-11-25 13:00:00,141.83716510694904
2011-11-25 14:00:00,160.66816437045944
2011-11-25 15:00:00,170.63174031463666
2011-11-25 16:00:00,167.59884487643106
2011-11-25 17:00:00,178.99061700052656
2011-11-25 18:00:00,162.15543552963535
2011-11-25 19:00:00,128.7909079085641
2011-11-25 20:00:00,145.432021444545
2011-11-25 21:00:00,125.23312554829161
2011-11-25 22:00:00,129.71522996711107
2011-11-25 23:00:00,131.20178418884956
2011-11-26 00:00:00,45.5355314195671
2011-11-26 01:00:00,46.06691998114498
2011-11-26 02:00:00,45.23826201569164
2011-11-26 03:00:00,46.28907705486732
2011-11-26 04:00:00,48.49356524551108
2011-11-26 05:00:00,54.59916260342989
2011-11-26 06:00:00,54.24050511104809
2011-11-26 07:00:00,50.56610423078914
2011-11-26 08:00:00,63.80112366048328
2011-11-26 09:00:00,68.85013969934339
2011-11-26 10:00:00,70.06345005556639
2011-11-26 11:00:00,94.2329393104317
2011-11-26 12:00:00,110.31258029368115
2011-11-26 13:00:00,129.75001508015197
2011-11-26 14:00:00,131.5809418885418
2011-11-26 15:00:00,147.4694530577974
2011-11-26 16:00:00,141.33307895137398
2011-11-26 17:00:00,148.06397797375726
2011-11-26 18:00:00,130.8883784654567
2011-11-26 19:00:00,120.55485233537587
2011-11-26 20:00:00,139.97584996847505
2011-11-26 21:00:00,113.84202189209155
2011-11-26 22:00:00,125.1905319086375
2011-11-26 23:00:00,128.2815586859369
2011-11-27 00:00:00,42.30754994922489
2011-11-27 01:00:00,44.32242041483359
2011-11-27 02:00:00,45.07732714122915
2011-11-27 03:00:00,44.98839073763864
2011-11-27 04:00:00,48.25463495592134
2011-11-27 05:00:00,53.02715375773324
2011-11-27 06:00:00,60.57232940900884
2011-11-27 07:00:00,62.24811684082413
2011-11-27 08:00:00,71.82083843319462
2011-11-27 09:00:00,88.67487915749332
2011-11-27 10:00:00,92.89796452335081
2011-11-27 11:00:00,114.02620791564804
2011-11-27 12:00:00,130.6263862712788
2011-11-27 13:00:00,128.34766421204895
2011-11-27 14:00:00,198.9431977945085
2011-11-27 15:00:00,195.58584132571823
2011-11-27 16:00:00,165.62285403802014
2011-11-27 17:00:00,159.68073963969405
2011-11-27 18:00:00,147.4180414551163
2011-11-27 19:00:00,148.2794927620872
2011-11-27 20:00:00,167.01395329476057
2011-11-27 21:00:00,166.2230969054184
2011-11-27 22:00:00,165.47674497515328
2011-11-27 23:00:00,173.35747091167403
2011-11-28 00:00:00,53.69937318168949
2011-11-28 01:00:00,56.55496396957365
2011-11-28 03:00:00,53.69561661914207
2011-11-28 04:00:00,56.30067662196742
2011-11-28 05:00:00,51.719841063856904
2011-11-28 06:00:00,59.986551369833585
2011-11-28 07:00:00,57.99490681261184
2011-11-28 08:00:00,55.17727236285357
2011-11-28 09:00:00,67.67066792512941
2011-11-28 10:00:00,79.63769640109622
2011-11-28 11:00:00,94.19553532944747
2011-11-28 12:00:00,117.16426434237873
2011-11-28 13:00:00,119.96088767926061
2011-11-28 14:00:00,143.35210862515544
2011-11-28 15:00:00,141.73657888341788
2011-11-28 16:00:00,145.68286546827545
2011-11-28 17:00:00,162.37799235960765
2011-11-28 18:00:00,156.45329614264702
2011-11-28 19:00:00,147.9664783647977
2011-11-28 20:00:00,149.344365822889
2011-11-28 21:00:00,149.885769022092
2011-11-28 22:00:00,139.1981982103926
2011-11-28 23:00:00,147.37745350225072
2011-11-29 00:00:00,49.73684326842161
2011-11-29 01:00:00,53.78858909433193
2011-11-29 02:00:00,48.516987484426345
2011-11-29 03:00:00,50.82757850848706
2011-11-29 04:00:00,64.16990100080271
2011-11-29 05:00:00,64.71159024340919
2011-11-29 06:00:00,72.7128744606132
2011-11-29 07:00:00,78.28545966438905
2011-11-29 08:00:00,86.28925031506941
2011-11-29 09:00:00,91.66145879943889
2011-11-29 10:00:00,96.0267781429426
2011-11-29 11:00:00,78.15696621441107
2011-11-29 12:00:00,79.65790469583882
2011-11-29 13:00:00,82.85011399884372
2011-11-29 14:00:00,71.15099872300166
2011-11-29 15:00:00,82.73131856564801
2011-11-29 16:00:00,83.51669054850642
2011-11-29 17:00:00,94.24228574630833
2011-11-29 18:00:00,102.80261136007285
2011-11-29 19:00:00,108.84713188257304
2011-11-29 20:00:00,103.53531610494555
2011-11-29 21:00:00,108.46612043697803
2011-11-29 22:00:00,126.10361669305325
2011-11-29 23:00:00,133.4397302530552
2011-11-30 00:00:00,51.976899795932034
2011-11-30 01:00:00,48.91506704957911
2011-11-30 02:00:00,46.692818559521
2011-11-30 03:00:00,48.91653468547288
2011-11-30 04:00:00,48.14680143405722
2011-11-30 05:00:00,46.15636371780317
2011-11-30 06:00:00,43.915739417954654
2011-11-30 07:00:00,48.29354473435256
2011-11-30 08:00:00,53.069911822433845
2011-11-30 09:00:00,62.05753164287161
2011-11-30 10:00:00,72.62712901502681
2011-11-30 11:00:00,95.12084802549268
2011-11-30 12:00:00,88.79865589089792
2011-11-30 13:00:00,111.10410263859693
2011-11-30 14:00:00,116.39536567044667
2011-11-30 15:00:00,115.15216585118887
2011-11-30 16:00:00,118.7338452647535
2011-11-30 17:00:00,112.62622754338801
2011-11-30 18:00:00,123.7704755339374
2011-11-30 19:00:00,112.22778926858528
2011-11-30 20:00:00,117.5725671696742
2011-11-30 21:00:00,136.6339740897684
2011-11-30 22:00:00,131.38790885320128
2011-11-30 23:00:00,137.30148397117222
2011-12-20 00:00:00,49.583231654605456
2011-12-20 01:00:00,52.40690382785369
2011-12-20 02:00:00,47.62849658947917
2011-12-20 03:00:00,49.896773793303545
2011-12-20 04:00:00,58.80678897470066
2011-12-20 05:00:00,58.26352435032556
2011-12-20 06:00:00,61.03828806452386
2011-12-20 07:00:00,61.41227625060792
2011-12-20 08:00:00,77.42594147136572
2011-12-20 09:00:00,65.25656157913916
2011-12-20 10:00:00,85.37728508743388
2011-12-20 11:00:00,83.19205689469355
2011-12-20 12:00:00,97.60398158213509
2011-12-20 13:00:00,102.25230983682434
2011-12-20 14:00:00,102.6229949133355
2011-12-20 15:00:00,107.00158462428946
2011-12-20 16:00:00,117.58928005229664
2011-12-20 17:00:00,115.36852743210416
2011-12-20 18:00:00,114.80787652641837
2011-12-20 19:00:00,112.27526317334828
2011-12-20 20:00:00,114.19777410634447
2011-12-20 21:00:00,121.83201437322526
2011-12-20 22:00:00,119.48046274081132
2011-12-20 23:00:00,133.16089912225027
2011-12-21 00:00:00,34.55836963965337
2011-12-21 01:00:00,38.94573681119104
2011-12-21 02:00:00,38.27530510620181
2011-12-21 03:00:00,40.09814244642131
2011-12-21 04:00:00,42.0077912688662
2011-12-21 05:00:00,43.03816090408525
2011-12-21 06:00:00,40.51093405806056
2011-12-21 07:00:00,43.4482174637469
2011-12-21 08:00:00,40.378317870135625
2011-12-21 09:00:00,53.50476030460802
2011-12-21 10:00:00,70.3800929808271
2011-12-21 11:00:00,73.73190065780328
2011-12-21 12:00:00,67.38497249642936
2011-12-21 13:00:00,63.2509393266484
2011-12-21 14:00:00,79.06965164758368
2011-12-21 15:00:00,83.71873716951431
2011-12-21 16:00:00,70.02090467915464
2011-12-21 17:00:00,73.35560623910204
2011-12-21 18:00:00,79.76338612023459
2011-12-21 19:00:00,96.8756643376421
2011-12-21 20:00:00,102.5680569143642
2011-12-21 21:00:00,115.22797482321812
2011-12-21 22:00:00,119.44178134964821
2011-12-21 23:00:00,122.50752703346394
2011-12-22 00:00:00,41.78345584034611
2011-12-22 01:00:00,37.9336295722755
2011-12-22 02:00:00,46.70414609089859
2011-12-22 03:00:00,53.17596840970367
2011-12-22 04:00:00,44.676760623904315
2011-12-22 05:00:00,44.62653475434011
2011-12-22 06:00:00,43.59272117981505
2011-12-22 07:00:00,42.23625238055872
2011-12-22 08:00:00,45.60928213754128
2011-12-22 09:00:00,50.80391813236137
2011-12-22 10:00:00,57.085584010074605
2011-12-22 11:00:00,64.00020768045059
2011-12-22 12:00:00,84.98102892937757
2011-12-22 13:00:00,81.0162775161229
2011-12-22 14:00:00,84.87462679412894
2011-12-22 15:00:00,94.60118358327321
2011-12-22 16:00:00,93.15133077314069
2011-12-22 17:00:00,97.2348124767547
2011-12-22 18:00:00,103.29638054480733
2011-12-22 19:00:00,104.82970301338881
2011-12-22 20:00:00,94.50443225501226
2011-12-22 21:00:00,99.0051464218281
2011-12-22 22:00:00,81.3374274622306
2011-12-22 23:00:00,92.69752612962816
2011-12-23 00:00:00,36.06262216600885
2011-12-23 01:00:00,37.78008187241826
2011-12-23 02:00:00,35.548775938061524
2011-12-23 03:00:00,37.24176404094397
2011-12-23 04:00:00,41.137819729387914
2011-12-23 05:00:00,43.76082128821439
2011-12-23 06:00:00,54.16461330294
2011-12-23 07:00:00,56.14736745077674
2011-12-23 08:00:00,64.27780376153349
2011-12-23 09:00:00,74.17802717500211
2011-12-23 10:00:00,81.98268874255982
2011-12-23 11:00:00,91.57486489568863
2011-12-23 12:00:00,101.74640800874587
2011-12-23 13:00:00,107.78734674425444
2011-12-23 14:00:00,107.60389933915886
2011-12-23 15:00:00,107.14295145715722
2011-12-23 16:00:00,113.50429647524012
2011-12-23 17:00:00,106.802586886041
2011-12-23 18:00:00,114.2885448045353
2011-12-23 19:00:00,112.59388447507499
2011-12-23 20:00:00,111.07219011211235
2011-12-23 21:00:00,112.12660321347691
2011-12-23 22:00:00,113.152046923144
2011-12-23 23:00:00,117.63544390334881
2011-12-24 00:00:00,37.572726535896834
2011-12-24 01:00:00,39.409105093754505
2011-12-24 02:00:00,42.043644859024454
2011-12-24 03:00:00,42.64457178821219
2011-12-24 04:00:00,46.74522750659246
2011-12-24 05:00:00,48.97143957569667
2011-12-24 06:00:00,46.310836093689176
2011-12-24 07:00:00,55.249538370290374
2011-12-24 08:00:00,53.73659402194499
2011-12-24 09:00:00,75.80583655302212
2011-12-24 10:00:00,82.4262640857782
2011-12-24 11:00:00,88.07424634032974
2011-12-24 12:00:00,93.82092296176309
2011-12-24 13:00:00,97.47496003027724
2011-12-24 14:00:00,102.1171437146812
2011-12-24 15:00:00,102.52894371626351
2011-12-24 16:00:00,105.1529180876948
2011-12-24 17:00:00,99.21863409055477
2011-12-24 18:00:00,109.4417188379451
2011-12-24 19:00:00,105.75064207342002
2011-12-24 20:00:00,101.3265098671213
2011-12-24 21:00:00,105.84409834239558
2011-12-24 22:00:00,109.25158659830991
2011-12-24 23:00:00,107.84840413708213
2011-12-25 00:00:00,35.903843633061776
2011-12-25 01:00:00,33.696884713124035
2011-12-25 02:00:00,34.01118160069304
2011-12-25 03:00:00,35.84444798381786
2011-12-25 05:00:00,37.65253624355389
2011-12-25 06:00:00,39.4457146082535
2011-12-25 07:00:00,40.87753644565976
2011-12-25 08:00:00,41.893747838142545
2011-12-25 09:00:00,44.00316436115059
2011-12-25 10:00:00,50.75823150720121
2011-12-25 11:00:00,61.378680178614886
2011-12-25 12:00:00,63.03577134017164
2011-12-25 13:00:00,70.66142980592797
2011-12-25 14:00:00,82.00755351439473
2011-12-25 15:00:00,85.25691954689918
2011-12-25 16:00:00,93.30967478940457
2011-12-25 17:00:00,91.60975703134861
2011-12-25 18:00:00,88.49514461995672
2011-12-25 19:00:00,102.19563703662178
2011-12-25 20:00:00,112.41766861378007
2011-12-25 21:00:00,108.29637131916185
2011-12-25 22:00:00,105.47118387302972
2011-12-25 23:00:00,104.16629398106274
2011-12-26 00:00:00,30.192714288660692
2011-12-26 01:00:00,40.731930192375465
2011-12-26 02:00:00,51.10073722440416
2011-12-26 04:00:00,56.81005570744149
2011-12-26 05:00:00,63.45697190368896
2011-12-26 06:00:00,61.530192346639026
2011-12-26 07:00:00,63.298828550981774
2011-12-26 08:00:00,65.80690316821547
2011-12-26 09:00:00,71.6891085878
2011-12-26 10:00:00,82.85755880994283
2011-12-26 11:00:00,85.8409715379226
2011-12-26 12:00:00,92.20911724312754
2011-12-26 13:00:00,101.5305272470317
2011-12-26 14:00:00,107.50025260211457
2011-12-26 15:00:00,109.67424579803476
2011-12-26 16:00:00,105.64969338792291
2011-12-26 17:00:00,102.68595841508596
2011-12-26 18:00:00,99.86134878238036
2011-12-26 19:00:00,89.24876356688897
2011-12-26 20:00:00,100.5547841376323
2011-12-26 21:00:00,87.0603979816048
2011-12-26 22:00:00,91.20659469655988
2011-12-26 23:00:00,96.5065228761387
2011-12-27 00:00:00,32.259191345403146
2011-12-27 01:00:00,33.893865274658104
2011-12-27 02:00:00,35.50803929771519
2011-12-27 03:00:00,41.2093055646207
2011-12-27 04:00:00,41.798307339560544
2011-12-27 05:00:00,44.48010248844555
2011-12-27 06:00:00,47.995325190831885
2011-12-27 07:00:00,49.08791271281609
2011-12-27 08:00:00,49.96331608154449
2011-12-27 09:00:00,50.595916072176685
2011-12-27 10:00:00,55.30916026722625
2011-12-27 11:00:00,55.529869076672156
2011-12-27 12:00:00,49.76752668592913
2011-12-27 13:00:00,49.78149936594592
2011-12-27 14:00:00,72.91556686091467
2011-12-27 15:00:00,76.38812488725974
2011-12-27 16:00:00,76.88470720985316
2011-12-27 17:00:00,71.44051239902139
2011-12-27 18:00:00,84.30018742397755
2011-12-27 19:00:00,77.65252469425114
2011-12-27 20:00:00,74.274564414091
2011-12-27 21:00:00,81.67873401876376
2011-12-27 22:00:00,85.56863237119082
2011-12-27 23:00:00,83.10065940402528
2011-12-28 00:00:00,31.2558714797023
2011-12-28 01:00:00,35.78930290208247
2011-12-28 02:00:00,43.10224036924275
2011-12-28 03:00:00,45.15495746644603
2011-12-28 05:00:00,52.407301828301925
2011-12-28 06:00:00,53.62464260290318
2011-12-28 07:00:00,56.178482490561144
2011-12-28 08:00:00,60.25714902248441
2011-12-28 09:00:00,63.31281318137879
2011-12-28 10:00:00,65.83636534842631
2011-12-28 11:00:00,81.43547114792868
2011-12-28 12:00:00,86.3580719714121
2011-12-28 13:00:00,92.74519900711249
2011-12-28 14:00:00,93.11920548348436
2011-12-28 15:00:00,101.01092353043325
2011-12-28 16:00:00,102.73135812987212
2011-12-28 17:00:00,98.31582208791674
2011-12-28 18:00:00,99.93784145754827
2011-12-28 19:00:00,97.93337800830682
2011-12-28 20:00:00,101.51833504236922
2011-12-28 21:00:00,98.9576414228017
2011-12-28 22:00:00,103.9758230502057
2011-12-28 23:00:00,111.77651272107917
2011-12-29 00:00:00,36.31593192348386
2011-12-29 01:00:00,39.789988778395745
2011-12-29 02:00:00,38.59085714890875
2011-12-29 03:00:00,39.32432967358409
2011-12-29 04:00:00,41.31848218005732
2011-12-29 05:00:00,42.95947940114606
2011-12-29 06:00:00,43.14173179042841
2011-12-29 07:00:00,42.335864554940215
2011-12-29 08:00:00,43.34949962465974
2011-12-29 09:00:00,45.72968485674382
2011-12-29 10:00:00,49.874890703614376
2011-12-29 11:00:00,54.875048431117435
2011-12-29 12:00:00,61.482378501213454
2011-12-29 13:00:00,68.52820442836882
2011-12-29 14:00:00,73.21197914215821
2011-12-29 15:00:00,78.11326711461008
2011-12-29 16:00:00,86.95392456191145
2011-12-29 17:00:00,84.70320516909149
2011-12-29 18:00:00,91.42204459522408
2011-12-29 19:00:00,96.06669068358741
2011-12-29 20:00:00,89.62791668314651
2011-12-29 21:00:00,93.4353036481044
2011-12-29 22:00:00,99.41372093043884
2011-12-29 23:00:00,108.41545786912441
2011-12-30 00:00:00,36.32412333137621
2011-12-30 01:00:00,38.379822235478144
2011-12-30 02:00:00,37.18018489398585
2011-12-30 03:00:00,38.95086782265155
2011-12-30 04:00:00,40.59072519339287
2011-12-30 05:00:00,40.189898051400434
2011-12-30 06:00:00,44.54900376743625
2011-12-30 07:00:00,44.82196032698493
2011-12-30 08:00:00,44.76354893393272
2011-12-30 09:00:00,50.43187967213148
2011-12-30 10:00:00,63.85056638237961
2011-12-30 11:00:00,67.82673184650214
2011-12-30 12:00:00,75.83533494980314
2011-12-30 13:00:00,81.88062122317994
2011-12-30 14:00:00,96.61456895667322
2011-12-30 15:00:00,108.53691723118965
2011-12-30 16:00:00,118.88980787359999
2011-12-30 17:00:00,109.76947726595206
2011-12-30 18:00:00,100.78272255162133
2011-12-30 19:00:00,116.81754770705432
2011-12-30 20:00:00,99.4096515309004
2011-12-30 21:00:00,107.2670112758488
2011-12-30 22:00:00,105.57909560704888
2011-12-30 23:00:00,120.80640553030909
2011-12-31 00:00:00,47.70576444960425
2011-12-31 01:00:00,50.66921626046403
2011-12-31 02:00:00,53.082305826777244
2011-12-31 03:00:00,55.61031726646448
2011-12-31 04:00:00,54.00922694991693
2011-12-31 05:00:00,48.94850344343256
2011-12-31 06:00:00,55.498854505170534
2011-12-31 07:00:00,50.05963671412052
2011-12-31 08:00:00,53.3209816696529
2011-12-31 09:00:00,60.45646333552968
2011-12-31 10:00:00,69.15452300847312
2011-12-31 11:00:00,77.69820068778593
2011-12-31 12:00:00,128.21091485647435
2011-12-31 13:00:00,136.3393555884608
2011-12-31 14:00:00,118.09812613637972
2011-12-31 15:00:00,135.449291989837
2011-12-31 16:00:00,128.53495462437132
2011-12-31 17:00:00,119.10107632209721
2011-12-31 18:00:00,122.1580770344645
2011-12-31 19:00:00,132.10952240574468
2011-12-31 20:00:00,138.4011553469211
2011-12-31 21:00:00,134.8539985839058
2011-12-31 22:00:00,130.00415425978176
2011-12-31 23:00:00,122.06593705210905
2012-01-20 00:00:00,40.8732358587659
2012-01-20 01:00:00,44.13284217738807
2012-01-20 02:00:00,46.23464103771699
2012-01-20 03:00:00,45.051267251898146
2012-01-20 04:00:00,42.9494207838551
2012-01-20 05:00:00,44.99485994438907
2012-01-20 06:00:00,49.676512635408095
2012-01-20 07:00:00,46.62296706539676
2012-01-20 08:00:00,51.39845746704828
2012-01-20 09:00:00,63.92566240177264
2012-01-20 10:00:00,63.88627453924108
2012-01-20 11:00:00,72.52614041754796
2012-01-20 12:00:00,73.97538277369362
2012-01-20 13:00:00,85.3529969061079
2012-01-20 14:00:00,83.19951469040787
2012-01-20 15:00:00,85.13973074143664
2012-01-20 16:00:00,84.30513374122599
2012-01-20 17:00:00,94.79068871919463
2012-01-20 18:00:00,93.58580705254585
2012-01-20 19:00:00,96.20106014212908
2012-01-20 20:00:00,102.71199765706714
2012-01-20 21:00:00,105.02558840620134
2012-01-20 22:00:00,112.30973225758135
2012-01-20 23:00:00,83.84075015791608
2012-01-21 00:00:00,29.098179850669418
2012-01-21 01:00:00,24.513203071556383
2012-01-21 02:00:00,25.652907598224104
2012-01-21 03:00:00,25.51509933975239
2012-01-21 04:00:00,29.13718567784584
2012-01-21 05:00:00,30.271989655231817
2012-01-21 06:00:00,30.199693251222573
2012-01-21 07:00:00,31.637934654361207
2012-01-21 08:00:00,35.40531240833584
2012-01-21 09:00:00,37.09146815081726
2012-01-21 10:00:00,37.04313103416204
2012-01-21 11:00:00,43.83153076794853
2012-01-21 12:00:00,50.02848717678258
2012-01-21 13:00:00,53.37582698461598
2012-01-21 14:00:00,52.18902570036416
2012-01-21 15:00:00,54.67449523567773
2012-01-21 16:00:00,61.51151419550475
2012-01-21 17:00:00,66.52246793742228
2012-01-21 18:00:00,72.5649146126702
2012-01-21 19:00:00,69.92610760064156
2012-01-21 20:00:00,71.93607767898176
2012-01-21 21:00:00,82.73450421572718
2012-01-21 22:00:00,82.87455919392008
2012-01-21 23:00:00,79.02954053865413
2012-01-22 00:00:00,27.406206464041915
2012-01-22 01:00:00,29.99756928746281
2012-01-22 02:00:00,31.260486851311338
2012-01-22 03:00:00,34.09997598480269
2012-01-22 04:00:00,29.842246852425927
2012-01-22 05:00:00,32.56646282150049
2012-01-22 06:00:00,35.788880421503926
2012-01-22 07:00:00,37.49330334944545
2012-01-22 08:00:00,39.27889834768029
2012-01-22 09:00:00,41.14953118501947
2012-01-22 10:00:00,43.44104829038507
2012-01-22 11:00:00,41.45077919634366
2012-01-22 12:00:00,45.073198685913106
2012-01-22 13:00:00,46.999697104957754
2012-01-22 14:00:00,49.09515356804113
2012-01-22 15:00:00,51.27762574675411
2012-01-22 16:00:00,53.71969043231654
2012-01-22 17:00:00,56.01774080556328
2012-01-22 18:00:00,53.29616532650667
2012-01-22 19:00:00,55.83436169040508
2012-01-22 20:00:00,58.943641217927656
2012-01-22 21:00:00,61.279151270328484
2012-01-22 22:00:00,64.16949952226862
2012-01-22 23:00:00,66.66870463047182
2012-01-23 00:00:00,23.974759469074073
2012-01-23 01:00:00,25.367909862765536
2012-01-23 02:00:00,26.576040619995705
2012-01-23 03:00:00,27.565827732158695
2012-01-23 04:00:00,31.225602526239822
2012-01-23 05:00:00,31.163995217981928
2012-01-23 06:00:00,32.648160895986024
2012-01-23 07:00:00,32.60561423928882
2012-01-23 08:00:00,34.39588638008279
2012-01-23 09:00:00,37.71415785837478
2012-01-23 10:00:00,37.162699562558046
2012-01-23 11:00:00,39.11485825909117
2012-01-23 12:00:00,42.00978667710363
2012-01-23 13:00:00,42.72884982196458
2012-01-23 14:00:00,45.21017841354796
2012-01-23 15:00:00,46.81003916627894
2012-01-23 16:00:00,53.04684150085935
2012-01-23 17:00:00,53.8322503568854
2012-01-23 18:00:00,57.605435750414095
2012-01-23 19:00:00,62.82712905165132
2012-01-23 20:00:00,62.198364902292276
2012-01-23 21:00:00,67.06170568208695
2012-01-23 22:00:00,70.25547725038496
2012-01-23 23:00:00,81.51428007534291
2012-01-24 00:00:00,26.709528148962146
2012-01-24 01:00:00,30.176608891565536
2012-01-24 02:00:00,31.28125623969224
2012-01-24 03:00:00,32.61826564768736
2012-01-24 04:00:00,30.858358536861132
2012-01-24 05:00:00,32.32796846009484
2012-01-24 06:00:00,37.79265966360237
2012-01-24 07:00:00,39.29010934142205
2012-01-24 08:00:00,41.16127609528933
2012-01-24 09:00:00,44.55228187239536
2012-01-24 10:00:00,46.642753802797706
2012-01-24 11:00:00,52.95458708996961
2012-01-24 12:00:00,56.06817617288425
2012-01-24 13:00:00,58.7383878104494
2012-01-24 14:00:00,67.96117883316256
2012-01-24 15:00:00,78.53826999886421
2012-01-24 16:00:00,85.39876740593783
2012-01-24 17:00:00,93.67930569174347
2012-01-24 18:00:00,99.21331551528218
2012-01-24 19:00:00,120.52982641743426
2012-01-24 20:00:00,83.67991794673327
2012-01-24 21:00:00,96.84618609502532
2012-01-24 22:00:00,88.20225509657615
2012-01-24 23:00:00,96.21394557623528
2012-01-25 00:00:00,26.41013062068571
2012-01-25 01:00:00,36.75153114981073
2012-01-25 02:00:00,36.983062802053226
2012-01-25 03:00:00,36.126317088707054
2012-01-25 04:00:00,40.13102184324431
2012-01-25 05:00:00,42.0422365262901
2012-01-25 06:00:00,40.86284790022245
2012-01-25 07:00:00,42.122401855938605
2012-01-25 08:00:00,46.436909027380274
2012-01-25 09:00:00,48.648437622766146
2012-01-25 10:00:00,50.69623866624126
2012-01-25 11:00:00,60.77727704570258
2012-01-25 12:00:00,72.11397053607374
2012-01-25 13:00:00,79.29210576155269
2012-01-25 14:00:00,82.88118111123637
2012-01-25 15:00:00,89.97606852718144
2012-01-25 16:00:00,89.20963998522537
2012-01-25 17:00:00,96.26940441042991
2012-01-25 18:00:00,85.82539981552723
2012-01-25 19:00:00,94.78349333179666
2012-01-25 20:00:00,98.83472906587937
2012-01-25 21:00:00,93.34397745355373
2012-01-25 22:00:00,99.59303285889334
2012-01-25 23:00:00,94.81859674224681
2012-01-26 00:00:00,31.07806903681084
2012-01-26 01:00:00,32.235527841280145
2012-01-26 02:00:00,34.36815005349654
2012-01-26 03:00:00,36.02833273628704
2012-01-26 04:00:00,38.87975271374965
2012-01-26 05:00:00,40.947008339068546
2012-01-26 06:00:00,38.752476344733516
2012-01-26 07:00:00,41.343119793499945
2012-01-26 08:00:00,43.312059879324345
2012-01-26 09:00:00,45.89319301095285
2012-01-26 10:00:00,49.076156560730844
2012-01-26 11:00:00,49.12800771808995
2012-01-26 12:00:00,57.14584650691518
2012-01-26 13:00:00,67.4655420802256
2012-01-26 14:00:00,75.5545764088628
2012-01-26 15:00:00,81.52642600373926
2012-01-26 16:00:00,82.48520164329334
2012-01-26 17:00:00,86.21986278310361
2012-01-26 18:00:00,90.3260295377137
2012-01-26 19:00:00,91.56636996915348
2012-01-26 20:00:00,92.35706874039491
2012-01-26 21:00:00,100.49563148456065
2012-01-26 22:00:00,102.13874307524009
2012-01-26 23:00:00,101.24948333342886
2012-01-27 00:00:00,40.23287473517478
2012-01-27 01:00:00,40.05364773972249
2012-01-27 02:00:00,41.50223165615659
2012-01-27 03:00:00,43.702929312979265
2012-01-27 04:00:00,42.571282552636724
2012-01-27 05:00:00,48.73319720282895
2012-01-27 06:00:00,48.6370478619173
2012-01-27 07:00:00,50.41567071822695
2012-01-27 08:00:00,62.12061650469149
2012-01-27 09:00:00,65.0790718076084
2012-01-27 10:00:00,57.582450327936876
2012-01-27 11:00:00,65.72395726880688
2012-01-27 12:00:00,75.2370701204701
2012-01-27 13:00:00,116.20124006242072
2012-01-27 14:00:00,129.7924657059551
2012-01-27 15:00:00,125.94478727918867
2012-01-27 16:00:00,134.6380726986611
2012-01-27 17:00:00,139.51482953935505
2012-01-27 18:00:00,137.4635603507357
2012-01-27 19:00:00,125.57922800342793
2012-01-27 20:00:00,121.68703836170019
2012-01-27 21:00:00,133.31591232582431
2012-01-27 22:00:00,139.41353895844048
2012-01-27 23:00:00,143.30797203980208
2012-01-28 00:00:00,45.55043332377513
2012-01-28 01:00:00,46.36275148062884
2012-01-28 02:00:00,41.59714652018972
2012-01-28 03:00:00,44.381931145829235
2012-01-28 04:00:00,46.46536705446418
2012-01-28 05:00:00,41.32558104697323
2012-01-28 06:00:00,44.869206664660766
2012-01-28 07:00:00,43.8258487848653
2012-01-28 08:00:00,43.01105188736945
2012-01-28 09:00:00,46.19434135687469
2012-01-28 10:00:00,56.82238707643079
2012-01-28 11:00:00,70.72544485489195
2012-01-28 12:00:00,74.02266081476493
2012-01-28 13:00:00,84.08299450481748
2012-01-28 14:00:00,108.03059418736892
2012-01-28 15:00:00,116.93804178925213
2012-01-28 16:00:00,130.6522619118258
2012-01-28 17:00:00,138.33426792304516
2012-01-28 18:00:00,140.07662214319552
2012-01-28 19:00:00,157.17614186362155
2012-01-28 20:00:00,166.076986601266
2012-01-28 21:00:00,163.524402771892
2012-01-28 22:00:00,152.74651538880278
2012-01-28 23:00:00,159.17560684304414
2012-01-29 00:00:00,50.000705287852554
2012-01-29 01:00:00,56.431347549086944
2012-01-29 02:00:00,57.719589530164
2012-01-29 03:00:00,55.82586496639488
2012-01-29 04:00:00,52.86448488362438
2012-01-29 05:00:00,45.575463336790364
2012-01-29 06:00:00,52.34425548041877
2012-01-29 07:00:00,56.01314501976513
2012-01-29 08:00:00,55.607307828010605
2012-01-29 09:00:00,56.85986406204166
2012-01-29 10:00:00,69.44336788835999
2012-01-29 11:00:00,84.31784357853371
2012-01-29 12:00:00,95.24652113743569
2012-01-29 13:00:00,99.78257682069108
2012-01-29 14:00:00,105.64577893098208
2012-01-29 15:00:00,119.64057246109397
2012-01-29 16:00:00,135.7751757267096
2012-01-29 17:00:00,142.24138310253034
2012-01-29 18:00:00,137.49002347029744
2012-01-29 19:00:00,130.12132261408487
2012-01-29 20:00:00,120.78825285490798
2012-01-29 21:00:00,135.6727647965487
2012-01-29 22:00:00,158.6123964962722
2012-01-29 23:00:00,149.24468832772413
2012-01-30 00:00:00,52.626644959057494
2012-01-30 01:00:00,38.83133648599123
2012-01-30 02:00:00,43.51546297085403
2012-01-30 03:00:00,43.596938818870434
2012-01-30 04:00:00,41.69626847316732
2012-01-30 05:00:00,43.68202704281988
2012-01-30 06:00:00,51.33849767943044
2012-01-30 07:00:00,54.357064997051864
2012-01-30 08:00:00,52.83221500093307
2012-01-30 09:00:00,55.3483160222832
2012-01-30 10:00:00,64.0330846766838
2012-01-30 11:00:00,66.84258157158882
2012-01-30 12:00:00,80.13363158747278
2012-01-30 13:00:00,88.23367680838501
2012-01-30 14:00:00,101.35010024855579
2012-01-30 15:00:00,106.99404032908417
2012-01-30 16:00:00,114.52140514336526
2012-01-30 17:00:00,127.64545637956594
2012-01-30 18:00:00,126.39418962012037
2012-01-30 19:00:00,103.68280816987055
2012-01-30 20:00:00,114.88585962467245
2012-01-30 21:00:00,117.47366697042592
2012-01-30 22:00:00,114.69427335559423
2012-01-30 23:00:00,104.75661552033871
2012-01-31 00:00:00,39.670376207550724
2012-01-31 01:00:00,46.52038761421752
2012-01-31 02:00:00,48.112957555316825
2012-01-31 03:00:00,49.19670333042208
2012-01-31 04:00:00,49.37329941412685
2012-01-31 05:00:00,51.72467175543638
2012-01-31 06:00:00,50.805291101400535
2012-01-31 07:00:00,48.95419961666881
2012-01-31 08:00:00,50.358628519964284
2012-01-31 09:00:00,60.81188559160988
2012-01-31 10:00:00,60.898917906275464
2012-01-31 11:00:00,93.92640951676995
2012-01-31 12:00:00,94.23797461263588
2012-01-31 13:00:00,111.18477994722866
2012-01-31 14:00:00,135.71566444783895
2012-01-31 15:00:00,161.2527796481225
2012-01-31 16:00:00,168.9323418917466
2012-01-31 17:00:00,175.11007959720146
2012-01-31 18:00:00,182.53188714803923
2012-01-31 19:00:00,168.5600965702581
2012-01-31 20:00:00,113.06267698045465
2012-01-31 21:00:00,169.7136379229231
2012-01-31 22:00:00,169.85142822643698
2012-01-31 23:00:00,170.93853575950098
2012-02-20 00:00:00,26.56126888482225
2012-02-20 01:00:00,27.826232615157583
2012-02-20 02:00:00,29.151439447808645
2012-02-20 03:00:00,32.37712737615705
2012-02-20 05:00:00,44.03157541368653
2012-02-20 06:00:00,52.01827507078114
2012-02-20 07:00:00,48.339736187009045
2012-02-20 08:00:00,50.46154460915017
2012-02-20 09:00:00,52.8647439436423
2012-02-20 10:00:00,60.82626746420835
2012-02-20 11:00:00,69.30541991137419
2012-02-20 12:00:00,75.06194231678663
2012-02-20 13:00:00,84.76704300876632
2012-02-20 14:00:00,94.28221146224308
2012-02-20 15:00:00,103.09235422581459
2012-02-20 16:00:00,115.63897218214713
2012-02-20 17:00:00,133.7066394662482
2012-02-20 18:00:00,118.53408084269893
2012-02-20 19:00:00,124.17919191494626
2012-02-20 20:00:00,130.47173922048293
2012-02-20 21:00:00,122.4262422786548
2012-02-20 22:00:00,120.62295345057503
2012-02-20 23:00:00,130.24521584703635
2012-02-21 00:00:00,33.00285968555325
2012-02-21 01:00:00,37.183657218043095
2012-02-21 02:00:00,36.61705950902632
2012-02-21 04:00:00,37.77300642381624
2012-02-21 05:00:00,36.89796096024784
2012-02-21 06:00:00,36.82516223512939
2012-02-21 07:00:00,43.43085023846774
2012-02-21 08:00:00,42.623397034227
2012-02-21 09:00:00,42.764783922658275
2012-02-21 10:00:00,49.72342817094889
2012-02-21 11:00:00,52.79990061690469
2012-02-21 12:00:00,68.2011317059283
2012-02-21 13:00:00,85.04283421876613
2012-02-21 14:00:00,78.99603946634664
2012-02-21 15:00:00,93.33594125147468
2012-02-21 16:00:00,104.59871154254165
2012-02-21 17:00:00,124.71539960366923
2012-02-21 18:00:00,130.65489209542548
2012-02-21 19:00:00,115.27760117785397
2012-02-21 20:00:00,109.05396921117116
2012-02-21 21:00:00,105.15768780792003
2012-02-21 22:00:00,97.89512119450224
2012-02-21 23:00:00,108.4322272749183
2012-02-22 00:00:00,37.320209619123844
2012-02-22 01:00:00,37.67719473715111
2012-02-22 02:00:00,43.09483848146184
2012-02-22 03:00:00,40.467566308028005
2012-02-22 04:00:00,44.13212066122431
2012-02-22 05:00:00,44.906487894021645
2012-02-22 06:00:00,45.16283587613132
2012-02-22 07:00:00,46.70475138678859
2012-02-22 08:00:00,47.89003675533133
2012-02-22 09:00:00,53.8065989740868
2012-02-22 10:00:00,57.597215943187344
2012-02-22 11:00:00,65.55677729161901
2012-02-22 12:00:00,80.67592171864814
2012-02-22 13:00:00,93.360221565388
2012-02-22 14:00:00,101.82293757819936
2012-02-22 15:00:00,144.91713566447245
2012-02-22 16:00:00,161.4806570103587
2012-02-22 17:00:00,160.80496090635526
2012-02-22 18:00:00,137.79584973670737
2012-02-22 19:00:00,134.6281904728315
2012-02-22 20:00:00,129.47072447868723
2012-02-22 21:00:00,166.35433925160686
2012-02-22 22:00:00,145.1382411724714
2012-02-22 23:00:00,166.1460520947291
2012-02-23 00:00:00,53.49689838526209
2012-02-23 01:00:00,51.823341566738165
2012-02-23 02:00:00,51.46236255096108
2012-02-23 03:00:00,48.83862081602561
2012-02-23 04:00:00,49.86803028567599
2012-02-23 05:00:00,52.24296387368276
2012-02-23 06:00:00,45.44956667484447
2012-02-23 07:00:00,50.51331626108499
2012-02-23 08:00:00,48.42504441613518
2012-02-23 09:00:00,55.271437505424124
2012-02-23 10:00:00,72.25626272946081
2012-02-23 11:00:00,99.57761000417051
2012-02-23 12:00:00,111.597731919152
2012-02-23 13:00:00,120.7993007620925
2012-02-23 14:00:00,135.31972526232929
2012-02-23 15:00:00,140.34944876069682
2012-02-23 16:00:00,145.567621062726
2012-02-23 17:00:00,156.94218548792435
2012-02-23 18:00:00,156.2375054208363
2012-02-23 19:00:00,149.39642996573468
2012-02-23 20:00:00,143.93880437656338
2012-02-23 21:00:00,142.81832992646986
2012-02-23 22:00:00,147.58755533099315
2012-02-23 23:00:00,141.3067945356711
2012-02-24 00:00:00,48.893511099089245
2012-02-24 01:00:00,53.985037476327506
2012-02-24 02:00:00,45.62599524057855
2012-02-24 03:00:00,47.90751294736474
2012-02-24 04:00:00,46.79769257974357
2012-02-24 05:00:00,47.73722788694421
2012-02-24 06:00:00,49.48470065241363
2012-02-24 07:00:00,57.87508821451967
2012-02-24 08:00:00,61.08416145380088
2012-02-24 09:00:00,53.1840619048715
2012-02-24 10:00:00,54.714736516303866
2012-02-24 11:00:00,59.66944825653106
2012-02-24 12:00:00,70.74785697289875
2012-02-24 13:00:00,78.65237103358477
2012-02-24 14:00:00,90.29475989524626
2012-02-24 15:00:00,72.46715255429307
2012-02-24 16:00:00,75.91835513122413
2012-02-24 17:00:00,74.99281327947122
2012-02-24 18:00:00,79.41360391613512
2012-02-24 19:00:00,93.35486548396689
2012-02-24 20:00:00,141.47513609960532
2012-02-24 21:00:00,205.40046327638674
2012-02-24 22:00:00,189.86872455046117
2012-02-24 23:00:00,200.3966159408449
2012-02-25 00:00:00,55.555196635124695
2012-02-25 01:00:00,55.60238181111728
2012-02-25 02:00:00,53.9140955695434
2012-02-25 03:00:00,54.963059977841695
2012-02-25 04:00:00,59.623215260881025
2012-02-25 05:00:00,58.91716023354619
2012-02-25 06:00:00,61.723052945711665
2012-02-25 07:00:00,66.85879179876798
2012-02-25 08:00:00,62.9498938691037
2012-02-25 09:00:00,45.89614785763776
2012-02-25 10:00:00,64.04403666758684
2012-02-25 11:00:00,92.29985911190839
2012-02-25 12:00:00,109.71027995090995
2012-02-25 13:00:00,108.1530107757851
2012-02-25 14:00:00,116.02624752407873
2012-02-25 15:00:00,117.48323174200955
2012-02-25 16:00:00,131.8579527667631
2012-02-25 17:00:00,118.65194988278262
2012-02-25 18:00:00,138.2497586213751
2012-02-25 19:00:00,123.31390137444771
2012-02-25 20:00:00,137.35236143212668
2012-02-25 21:00:00,125.61490881780394
2012-02-25 22:00:00,132.9045836631493
2012-02-25 23:00:00,133.7552186892283
2012-02-26 00:00:00,43.77584836109946
2012-02-26 01:00:00,44.291121509617795
2012-02-26 02:00:00,46.40045832362658
2012-02-26 03:00:00,48.13468621503884
2012-02-26 04:00:00,50.42707038151552
2012-02-26 05:00:00,50.591089299128896
2012-02-26 06:00:00,54.2641002739725
2012-02-26 07:00:00,51.60196078399718
2012-02-26 08:00:00,53.93575660691076
2012-02-26 09:00:00,59.47915047117128
2012-02-26 10:00:00,68.87246698371474
2012-02-26 11:00:00,76.4913229205331
2012-02-26 12:00:00,81.74155457568156
2012-02-26 13:00:00,87.34261941616076
2012-02-26 14:00:00,98.14212410450305
2012-02-26 15:00:00,106.18053264944433
2012-02-26 16:00:00,117.193354468234
2012-02-26 17:00:00,123.14729760988077
2012-02-26 18:00:00,122.19324317539775
2012-02-26 19:00:00,126.39938999548525
2012-02-26 20:00:00,120.51306915623898
2012-02-26 21:00:00,118.36680874476893
2012-02-26 22:00:00,129.39105081087692
2012-02-26 23:00:00,111.7017869218421
2012-02-27 00:00:00,36.20293346519507
2012-02-27 01:00:00,36.53532037744309
2012-02-27 02:00:00,36.73527998401381
2012-02-27 03:00:00,35.15188540797489
2012-02-27 04:00:00,33.975212995901835
2012-02-27 05:00:00,35.59326115303607
2012-02-27 06:00:00,42.858779468692234
2012-02-27 07:00:00,48.16804678555646
2012-02-27 08:00:00,47.24256428107827
2012-02-27 09:00:00,54.6138956966837
2012-02-27 10:00:00,72.0943193785645
2012-02-27 11:00:00,81.43867090462074
2012-02-27 12:00:00,100.55212448971722
2012-02-27 13:00:00,99.82461226887223
2012-02-27 14:00:00,120.93500911036823
2012-02-27 15:00:00,158.72364155992503
2012-02-27 16:00:00,171.71760349795272
2012-02-27 17:00:00,182.82749502173698
2012-02-27 18:00:00,179.57145468154224
2012-02-27 19:00:00,177.81117430367922
2012-02-27 20:00:00,173.25395722055578
2012-02-27 21:00:00,167.4908909536459
2012-02-27 22:00:00,158.0058299429825
2012-02-27 23:00:00,148.30424249936434
2012-02-28 00:00:00,47.9372895907747
2012-02-28 01:00:00,44.84344707240323
2012-02-28 02:00:00,50.54297297730969
2012-02-28 03:00:00,69.21348736142832
2012-02-28 04:00:00,56.276891471803125
2012-02-28 05:00:00,58.957043044250334
2012-02-28 06:00:00,57.90911054019645
2012-02-28 07:00:00,58.27914897540265
2012-02-28 08:00:00,57.546686569203466
2012-02-28 09:00:00,65.33162777436044
2012-02-28 10:00:00,70.71208807330726
2012-02-28 11:00:00,82.31338564150363
2012-02-28 12:00:00,87.70798963659647
2012-02-28 13:00:00,93.65765610451201
2012-02-28 14:00:00,108.99389228932681
2012-02-28 15:00:00,118.89537669660734
2012-02-28 16:00:00,122.56020060707583
2012-02-28 17:00:00,130.4896761304987
2012-02-28 18:00:00,138.1197111772874
2012-02-28 19:00:00,138.73338961888888
2012-02-28 20:00:00,143.2868925919165
2012-02-28 21:00:00,117.81709593679105
2012-02-28 22:00:00,123.42806105369625
2012-02-28 23:00:00,120.44686747067576
2012-02-29 00:00:00,40.82822040091768
2012-02-29 01:00:00,44.1782224529602
2012-02-29 02:00:00,43.11503172223076
2012-02-29 03:00:00,38.36180582365131
2012-02-29 05:00:00,39.25775408857316
2012-02-29 06:00:00,40.38230922923711
2012-02-29 07:00:00,39.217601499690296
2012-02-29 08:00:00,43.95709438073418
2012-02-29 09:00:00,43.99775100101053
2012-02-29 10:00:00,46.09311622900257
2012-02-29 11:00:00,45.867063247481326
2012-02-29 12:00:00,49.45210523195912
2012-02-29 13:00:00,58.27161962401313
2012-02-29 14:00:00,61.04676887053103
2012-02-29 15:00:00,75.22770541456406
2012-02-29 16:00:00,73.5550318010375
2012-02-29 17:00:00,76.00428455948685
2012-02-29 18:00:00,71.60945773521429
2012-02-29 19:00:00,81.66767083352013
2012-02-29 20:00:00,85.11466861562596
2012-02-29 21:00:00,89.16820119289686
2012-02-29 22:00:00,91.86355339986112
2012-02-29 23:00:00,96.23849737164367
2012-03-20 00:00:00,45.57643457548311
2012-03-20 01:00:00,43.44842184824488
2012-03-20 02:00:00,46.98788978182378
2012-03-20 03:00:00,45.45830764575181
2012-03-20 04:00:00,48.48886910183561
2012-03-20 05:00:00,46.14134533939906
2012-03-20 06:00:00,51.23859355687875
2012-03-20 07:00:00,52.26728674844928
2012-03-20 08:00:00,57.79264694484577
2012-03-20 09:00:00,63.701282460026
2012-03-20 10:00:00,70.74854932655327
2012-03-20 11:00:00,80.16406367562031
2012-03-20 12:00:00,95.25250988735175
2012-03-20 13:00:00,97.69738275980924
2012-03-20 14:00:00,101.89356896213017
2012-03-20 15:00:00,111.19016507701326
2012-03-20 16:00:00,130.60918694430285
2012-03-20 17:00:00,124.20163807566746
2012-03-20 18:00:00,137.26954764719017
2012-03-20 19:00:00,126.10431686493368
2012-03-20 20:00:00,135.39434556460566
2012-03-20 21:00:00,128.10796445539364
2012-03-20 22:00:00,126.15587892648517
2012-03-20 23:00:00,122.23030353281688
2012-03-21 00:00:00,42.50047024256257
2012-03-21 01:00:00,47.85842619225043
2012-03-21 02:00:00,47.49283776688409
2012-03-21 03:00:00,48.4463291777075
2012-03-21 04:00:00,49.68981468918437
2012-03-21 05:00:00,52.05626087146067
2012-03-21 06:00:00,52.07023983220424
2012-03-21 07:00:00,51.45362674874005
2012-03-21 08:00:00,52.21925261674582
2012-03-21 09:00:00,63.372755708242536
2012-03-21 10:00:00,71.20849932297675
2012-03-21 11:00:00,74.59975933114022
2012-03-21 12:00:00,79.72157342763035
2012-03-21 13:00:00,79.5642848198338
2012-03-21 14:00:00,89.39403383281476
2012-03-21 15:00:00,93.65136848791845
2012-03-21 16:00:00,110.3863308131562
2012-03-21 17:00:00,130.49049879479253
2012-03-21 18:00:00,132.42748838419715
2012-03-21 19:00:00,146.4349107794626
2012-03-21 20:00:00,127.9735931474203
2012-03-21 21:00:00,125.67158690578958
2012-03-21 22:00:00,130.54819712120033
2012-03-21 23:00:00,139.51127692577046
2012-03-22 00:00:00,46.86219359159597
2012-03-22 01:00:00,49.093976096956446
2012-03-22 02:00:00,51.43204584090931
2012-03-22 03:00:00,53.88146468636477
2012-03-22 04:00:00,44.20697426034001
2012-03-22 05:00:00,46.312303614509254
2012-03-22 06:00:00,48.517897955452355
2012-03-22 07:00:00,50.8285323401232
2012-03-22 08:00:00,57.571625252627996
2012-03-22 09:00:00,60.31343770732763
2012-03-22 10:00:00,60.19444085063593
2012-03-22 11:00:00,66.05258706260089
2012-03-22 12:00:00,80.15356019874362
2012-03-22 13:00:00,97.63868281244422
2012-03-22 14:00:00,113.31453805314946
2012-03-22 15:00:00,130.37528117907598
2012-03-22 16:00:00,143.35267503780292
2012-03-22 17:00:00,153.05643340614668
2012-03-22 18:00:00,160.3456498134207
2012-03-22 19:00:00,163.68301456819415
2012-03-22 20:00:00,162.21059674287105
2012-03-22 21:00:00,145.4660574764888
2012-03-22 22:00:00,143.59372273674362
2012-03-22 23:00:00,144.9620073455832
2012-03-23 00:00:00,50.996904384522615
2012-03-23 01:00:00,49.81551550228701
2012-03-23 02:00:00,53.8736702571569
2012-03-23 03:00:00,55.08167929315972
2012-03-23 04:00:00,50.87525977887126
2012-03-23 05:00:00,51.35822081882214
2012-03-23 06:00:00,56.47794088095209
2012-03-23 07:00:00,59.597193501129695
2012-03-23 08:00:00,61.932819715592856
2012-03-23 09:00:00,67.94410521115383
2012-03-23 10:00:00,77.15735572186952
2012-03-23 11:00:00,101.0844336687002
2012-03-23 12:00:00,129.15689091602783
2012-03-23 13:00:00,147.28645222495305
2012-03-23 14:00:00,170.80347584385296
2012-03-23 15:00:00,180.8398502482976
2012-03-23 16:00:00,191.47275316438285
2012-03-23 17:00:00,200.591522646017
2012-03-23 18:00:00,208.89421623768513
2012-03-23 19:00:00,202.92588366063862
2012-03-23 20:00:00,213.2433972484956
2012-03-23 21:00:00,203.93911982522593
2012-03-23 22:00:00,202.23454341898096
2012-03-23 23:00:00,198.6061945272693
2012-03-24 00:00:00,60.00842873789643
2012-03-24 01:00:00,60.5062924776189
2012-03-24 02:00:00,59.90013843724391
2012-03-24 03:00:00,62.7528448683164
2012-03-24 04:00:00,60.47959788787207
2012-03-24 05:00:00,62.02082963174489
2012-03-24 06:00:00,64.97453264757837
2012-03-24 07:00:00,62.79395815174916
2012-03-24 08:00:00,64.01168400627654
2012-03-24 09:00:00,73.91842303870176
2012-03-24 10:00:00,75.9634420352709
2012-03-24 11:00:00,73.59969790055811
2012-03-24 12:00:00,76.52227114682935
2012-03-24 13:00:00,81.0187028483136
2012-03-24 14:00:00,92.46054147373854
2012-03-24 15:00:00,91.50122759770447
2012-03-24 16:00:00,91.88282309340582
2012-03-24 17:00:00,98.40296904012081
2012-03-24 18:00:00,92.56516146469126
2012-03-24 19:00:00,93.9391906526754
2012-03-24 20:00:00,92.97285592738181
2012-03-24 21:00:00,97.40062973456747
2012-03-24 22:00:00,104.22369103451702
2012-03-24 23:00:00,121.51069725241166
2012-03-25 00:00:00,40.07450444188529
2012-03-25 01:00:00,38.41778368940567
2012-03-25 02:00:00,38.9824510199102
2012-03-25 03:00:00,42.86847419936762
2012-03-25 04:00:00,47.61269873324025
2012-03-25 05:00:00,44.9285748835845
2012-03-25 06:00:00,47.06827001373189
2012-03-25 07:00:00,53.15052291313447
2012-03-25 08:00:00,55.68178314866824
2012-03-25 09:00:00,56.80784392314796
2012-03-25 10:00:00,64.66930005581989
2012-03-25 11:00:00,62.34756439789325
2012-03-25 12:00:00,64.6298643051417
2012-03-25 13:00:00,71.66961516402438
2012-03-25 14:00:00,77.34131835200807
2012-03-25 15:00:00,81.88587708583452
2012-03-25 16:00:00,97.41196554245441
2012-03-25 17:00:00,112.98193797297712
2012-03-25 18:00:00,118.36263173194436
2012-03-25 19:00:00,131.43352368078104
2012-03-25 20:00:00,127.03843191114238
2012-03-25 21:00:00,130.2991629544127
2012-03-25 22:00:00,125.92626452808018
2012-03-25 23:00:00,135.89166470973626
2012-03-26 00:00:00,43.03989385702028
2012-03-26 01:00:00,48.824707107212696
2012-03-26 02:00:00,46.80790480658243
2012-03-26 03:00:00,50.930839626269155
2012-03-26 04:00:00,51.25810562106495
2012-03-26 05:00:00,55.914041870767235
2012-03-26 06:00:00,55.19435643451951
2012-03-26 07:00:00,64.57682036959288
2012-03-26 08:00:00,74.13016829103282
2012-03-26 09:00:00,92.2337644905127
2012-03-26 10:00:00,124.56899504108135
2012-03-26 11:00:00,131.9277818849343
2012-03-26 12:00:00,133.14401986102095
2012-03-26 13:00:00,152.7111706497891
2012-03-26 14:00:00,142.31079298610027
2012-03-26 15:00:00,163.21932263531224
2012-03-26 16:00:00,178.4952274629014
2012-03-26 17:00:00,170.8357069798579
2012-03-26 18:00:00,170.97440828992293
2012-03-26 19:00:00,171.1908515937099
2012-03-26 20:00:00,181.60774535385625
2012-03-26 21:00:00,184.23509082459307
2012-03-26 22:00:00,171.54032501071433
2012-03-26 23:00:00,179.99635542010174
2012-03-27 00:00:00,59.28703770738857
2012-03-27 01:00:00,59.033067036909145
2012-03-27 02:00:00,52.52731131818219
2012-03-27 03:00:00,55.61577772048423
2012-03-27 04:00:00,56.24752880739391
2012-03-27 05:00:00,54.237358299319126
2012-03-27 06:00:00,55.79636781737271
2012-03-27 07:00:00,58.453634752905224
2012-03-27 08:00:00,62.69187056143262
2012-03-27 09:00:00,64.66583880538685
2012-03-27 10:00:00,73.24189780524266
2012-03-27 11:00:00,83.44119305555832
2012-03-27 12:00:00,90.04446111524128
2012-03-27 13:00:00,97.52284835840734
2012-03-27 14:00:00,119.67903794683693
2012-03-27 15:00:00,127.17560384630117
2012-03-27 16:00:00,133.2322620182679
2012-03-27 17:00:00,148.50056082104385
2012-03-27 18:00:00,154.6530804702606
2012-03-27 19:00:00,156.94873731583155
2012-03-27 20:00:00,169.7343575826705
2012-03-27 21:00:00,138.33975120763125
2012-03-27 22:00:00,143.39873924762574
2012-03-27 23:00:00,153.44403762904668
2012-03-28 00:00:00,52.49310483208861
2012-03-28 01:00:00,52.66723071769898
2012-03-28 02:00:00,51.57915774204718
2012-03-28 03:00:00,57.791095763507606
2012-03-28 04:00:00,62.04244552967991
2012-03-28 05:00:00,64.99717798906168
2012-03-28 06:00:00,67.88401803352367
2012-03-28 07:00:00,70.36898580344025
2012-03-28 08:00:00,79.92752028925429
2012-03-28 09:00:00,91.22435999779196
2012-03-28 10:00:00,105.01836240738986
2012-03-28 11:00:00,114.57012476156174
2012-03-28 12:00:00,123.07539997336347
2012-03-28 13:00:00,133.45866558372396
2012-03-28 14:00:00,167.46247652816984
2012-03-28 15:00:00,159.8160661100197
2012-03-28 16:00:00,145.82899635573614
2012-03-28 17:00:00,149.20249341264363
2012-03-28 18:00:00,156.30816835087825
2012-03-28 19:00:00,169.62563653560724
2012-03-28 20:00:00,184.41631767702665
2012-03-28 21:00:00,169.30612940190716
2012-03-28 22:00:00,159.79640019172575
2012-03-28 23:00:00,157.36145212497607
2012-03-29 00:00:00,56.550780171083716
2012-03-29 01:00:00,63.732583886419356
2012-03-29 02:00:00,101.29652455229011
2012-03-29 03:00:00,97.35972846138364
2012-03-29 04:00:00,87.48361333916944
2012-03-29 05:00:00,81.86054316975248
2012-03-29 06:00:00,72.94935156230963
2012-03-29 07:00:00,84.60843846173415
2012-03-29 08:00:00,93.51053862672623
2012-03-29 09:00:00,100.09825539876958
2012-03-29 10:00:00,103.72393751061946
2012-03-29 11:00:00,115.93147881632161
2012-03-29 12:00:00,127.77139214316765
2012-03-29 13:00:00,117.11950716133433
2012-03-29 14:00:00,133.70594220109032
2012-03-29 15:00:00,147.8287322823548
2012-03-29 16:00:00,157.00166199909512
2012-03-29 17:00:00,165.305703208427
2012-03-29 18:00:00,161.5495061586775
2012-03-29 19:00:00,163.44937763200585
2012-03-29 20:00:00,168.47071858140873
2012-03-29 21:00:00,162.38233179905436
2012-03-29 22:00:00,165.14805427936088
2012-03-29 23:00:00,169.7631126177505
2012-03-30 00:00:00,59.85594001899931
2012-03-30 01:00:00,59.103660230731684
2012-03-30 02:00:00,56.63261714765738
2012-03-30 03:00:00,51.6325680628138
2012-03-30 04:00:00,57.57501958192517
2012-03-30 05:00:00,54.888883121453595
2012-03-30 06:00:00,60.34203370556336
2012-03-30 07:00:00,63.03235113977036
2012-03-30 08:00:00,61.4008188564367
2012-03-30 09:00:00,71.25358642691057
2012-03-30 10:00:00,72.74137160417584
2012-03-30 11:00:00,76.88385647231465
2012-03-30 12:00:00,82.29287583653272
2012-03-30 13:00:00,87.43976927345788
2012-03-30 14:00:00,88.68953989193234
2012-03-30 15:00:00,95.69957976042782
2012-03-30 16:00:00,100.90175897319304
2012-03-30 17:00:00,108.56183300543391
2012-03-30 18:00:00,129.70713403336245
2012-03-30 19:00:00,124.98568724993125
2012-03-30 20:00:00,128.193729920557
2012-03-30 21:00:00,124.897005893343
2012-03-30 22:00:00,120.00591804404358
2012-03-30 23:00:00,121.86649788545952
2012-03-31 00:00:00,42.69767201366028
2012-03-31 01:00:00,46.10755120839314
2012-03-31 02:00:00,50.40785637891803
2012-03-31 03:00:00,51.65245556288198
2012-03-31 04:00:00,61.51523657072745
2012-03-31 05:00:00,56.09321305505069
2012-03-31 06:00:00,48.31831464176002
2012-03-31 07:00:00,50.61944399660357
2012-03-31 08:00:00,53.59383131269761
2012-03-31 09:00:00,66.89856489365312
2012-03-31 10:00:00,68.61566911178102
2012-03-31 11:00:00,85.10949150850935
2012-03-31 12:00:00,91.18284378399319
2012-03-31 13:00:00,115.86720097727908
2012-03-31 14:00:00,111.0500879950252
2012-03-31 15:00:00,125.09641089566041
2012-03-31 16:00:00,123.83210742914257
2012-03-31 17:00:00,133.45496611742047
2012-03-31 18:00:00,122.5789482176123
2012-03-31 19:00:00,131.14059060625294
2012-03-31 20:00:00,121.8822828951267
2012-03-31 21:00:00,127.68684998495078
2012-03-31 22:00:00,126.46502659799256
2012-03-31 23:00:00,119.87066842940415
2012-04-20 00:00:00,53.50679911846616
2012-04-20 01:00:00,49.759540839182364
2012-04-20 02:00:00,48.21549504670144
2012-04-20 03:00:00,48.93293777288133
2012-04-20 04:00:00,47.41029817736102
2012-04-20 05:00:00,47.860366187070305
2012-04-20 06:00:00,52.631397446374244
2012-04-20 07:00:00,52.527557056943856
2012-04-20 08:00:00,56.684419238148976
2012-04-20 09:00:00,66.2782393969103
2012-04-20 10:00:00,83.5569126983287
2012-04-20 11:00:00,98.84003351091998
2012-04-20 12:00:00,125.34051865566468
2012-04-20 13:00:00,157.30850904785973
2012-04-20 14:00:00,167.8870762388442
2012-04-20 15:00:00,169.85720092325812
2012-04-20 16:00:00,185.26098039167638
2012-04-20 17:00:00,192.44272194249274
2012-04-20 18:00:00,193.647851152491
2012-04-20 19:00:00,188.7632870323032
2012-04-20 20:00:00,175.63567923010416
2012-04-20 21:00:00,160.4034111195482
2012-04-20 22:00:00,170.2101052226674
2012-04-20 23:00:00,160.64960073755447
2012-04-21 00:00:00,55.27693040626759
2012-04-21 01:00:00,57.909459461690616
2012-04-21 02:00:00,58.76906243003961
2012-04-21 03:00:00,59.256643688485696
2012-04-21 04:00:00,62.73855094517469
2012-04-21 05:00:00,65.72643498729556
2012-04-21 06:00:00,68.1324221004079
2012-04-21 07:00:00,72.90520122690816
2012-04-21 08:00:00,78.47626219479433
2012-04-21 09:00:00,84.73563119579183
2012-04-21 10:00:00,117.09208259577322
2012-04-21 11:00:00,129.75697019798625
2012-04-21 12:00:00,139.35041186837122
2012-04-21 13:00:00,151.9876330258272
2012-04-21 14:00:00,183.08026593253408
2012-04-21 15:00:00,205.1800845227184
2012-04-21 16:00:00,209.16428829852762
2012-04-21 17:00:00,246.06036697553247
2012-04-21 18:00:00,219.22861522966994
2012-04-21 19:00:00,146.56817174879976
2012-04-21 20:00:00,121.95041565037216
2012-04-21 21:00:00,131.884944163024
2012-04-21 22:00:00,142.99020642123645
2012-04-21 23:00:00,137.90281490547466
2012-04-22 00:00:00,44.05755955444734
2012-04-22 01:00:00,48.410051296260754
2012-04-22 02:00:00,56.769540532655846
2012-04-22 03:00:00,48.66462025344607
2012-04-22 04:00:00,53.08498200444495
2012-04-22 05:00:00,56.80366521327125
2012-04-22 06:00:00,64.30384728331434
2012-04-22 07:00:00,61.15698476842004
2012-04-22 08:00:00,56.95834565885828
2012-04-22 09:00:00,59.67095105850201
2012-04-22 10:00:00,62.31721968892952
2012-04-22 11:00:00,62.03741153910281
2012-04-22 12:00:00,65.6850465772585
2012-04-22 13:00:00,72.41302485075062
2012-04-22 14:00:00,72.09044365412875
2012-04-22 15:00:00,77.14048817163476
2012-04-22 16:00:00,82.54429593897092
2012-04-22 17:00:00,75.76043796447006
2012-04-22 18:00:00,79.36848118841925
2012-04-22 19:00:00,89.62145001174066
2012-04-22 20:00:00,87.36174192537375
2012-04-22 21:00:00,95.0601133418358
2012-04-22 22:00:00,98.69350221024736
2012-04-22 23:00:00,110.94265064304696
2012-04-23 00:00:00,36.38377002233191
2012-04-23 01:00:00,34.04949877598241
2012-04-23 02:00:00,36.436247850991975
2012-04-23 03:00:00,39.43659050352525
2012-04-23 04:00:00,38.238512451169214
2012-04-23 05:00:00,40.05959756432605
2012-04-23 06:00:00,43.658808173424966
2012-04-23 07:00:00,43.50212959694962
2012-04-23 08:00:00,50.833920264778236
2012-04-23 09:00:00,54.39491319704703
2012-04-23 10:00:00,60.6537583758395
2012-04-23 11:00:00,63.35572597347419
2012-04-23 12:00:00,64.64590549908849
2012-04-23 13:00:00,71.26997541286599
2012-04-23 14:00:00,81.13801767171911
2012-04-23 15:00:00,88.48549870394605
2012-04-23 16:00:00,67.69474687788285
2012-04-23 17:00:00,69.60784230508537
2012-04-23 18:00:00,73.61788258768911
2012-04-23 19:00:00,87.17930558880697
2012-04-23 20:00:00,87.9948287580129
2012-04-23 21:00:00,89.20741268018622
2012-04-23 22:00:00,102.38400331958579
2012-04-23 23:00:00,106.13188029820776
2012-04-24 00:00:00,34.2377568479661
2012-04-24 01:00:00,34.44753528352152
2012-04-24 02:00:00,38.14744783281644
2012-04-24 03:00:00,39.84466521563685
2012-04-24 04:00:00,43.828087795871284
2012-04-24 05:00:00,45.91537292039373
2012-04-24 06:00:00,48.61507490503969
2012-04-24 07:00:00,55.34136589486418
2012-04-24 08:00:00,61.52786770393927
2012-04-24 09:00:00,85.26051545827472
2012-04-24 10:00:00,90.07131247543522
2012-04-24 11:00:00,117.61701240172825
2012-04-24 12:00:00,128.99347394595898
2012-04-24 13:00:00,139.1891452307433
2012-04-24 14:00:00,150.60977335428885
2012-04-24 15:00:00,162.0584521082961
2012-04-24 16:00:00,156.81111164114304
2012-04-24 17:00:00,182.75635382479402
2012-04-24 18:00:00,167.28136615339992
2012-04-24 19:00:00,191.75444807020864
2012-04-24 20:00:00,195.47795173191506
2012-04-24 21:00:00,168.96056164611997
2012-04-24 22:00:00,166.78534948199427
2012-04-24 23:00:00,164.68916241426763
2012-04-25 00:00:00,56.56076567249518
2012-04-25 01:00:00,56.14593546256816
2012-04-25 02:00:00,45.42212195697023
2012-04-25 03:00:00,42.813809829220126
2012-04-25 04:00:00,47.72023438026554
2012-04-25 05:00:00,49.087520844942624
2012-04-25 06:00:00,51.425283161577006
2012-04-25 07:00:00,51.74037142794723
2012-04-25 08:00:00,54.60739892592554
2012-04-25 09:00:00,73.33747198015928
2012-04-25 10:00:00,104.71750504541251
2012-04-25 11:00:00,116.93380464420659
2012-04-25 12:00:00,137.42451292901035
2012-04-25 13:00:00,147.54477710430191
2012-04-25 14:00:00,167.44251240865063
2012-04-25 15:00:00,172.81469929725122
2012-04-25 16:00:00,201.4589393009592
2012-04-25 17:00:00,208.8261519464691
2012-04-25 18:00:00,217.61787145403346
2012-04-25 19:00:00,220.84817216839957
2012-04-25 20:00:00,201.23850481446541
2012-04-25 21:00:00,158.41089215729676
2012-04-25 22:00:00,154.85890077445274
2012-04-25 23:00:00,159.6526671079993
2012-04-26 00:00:00,47.94599906021366
2012-04-26 01:00:00,58.535931727231144
2012-04-26 02:00:00,58.25728075912838
2012-04-26 03:00:00,60.70995092009062
2012-04-26 04:00:00,61.5776740801514
2012-04-26 05:00:00,63.456255564950666
2012-04-26 06:00:00,69.35507056400176
2012-04-26 07:00:00,59.84705954383934
2012-04-26 08:00:00,59.1489522306
2012-04-26 09:00:00,58.411386659591734
2012-04-26 10:00:00,61.15215231953009
2012-04-26 11:00:00,65.43595299963935
2012-04-26 12:00:00,79.32417483485014
2012-04-26 13:00:00,82.19739415910512
2012-04-26 14:00:00,96.15016573967824
2012-04-26 15:00:00,97.70818513650998
2012-04-26 16:00:00,98.6357331610379
2012-04-26 17:00:00,114.74847007424098
2012-04-26 18:00:00,115.81702613841014
2012-04-26 19:00:00,122.62675968590314
2012-04-26 20:00:00,133.33848744455054
2012-04-26 21:00:00,130.56722414773319
2012-04-26 22:00:00,133.91852969053082
2012-04-26 23:00:00,130.80447968631515
2012-04-27 00:00:00,67.99198995971487
2012-04-27 01:00:00,69.57121976467768
2012-04-27 02:00:00,70.01577892051618
2012-04-27 03:00:00,78.220425018106
2012-04-27 04:00:00,74.88419028897124
2012-04-27 05:00:00,81.41379397222721
2012-04-27 06:00:00,80.44144009963509
2012-04-27 07:00:00,78.13541717212492
2012-04-27 08:00:00,76.24737487320265
2012-04-27 09:00:00,102.8524094070846
2012-04-27 10:00:00,113.46430230377585
2012-04-27 11:00:00,115.15264208521059
2012-04-27 12:00:00,127.6216849732069
2012-04-27 13:00:00,138.44235015629613
2012-04-27 14:00:00,141.99578876591062
2012-04-27 15:00:00,177.98485263364168
2012-04-27 16:00:00,171.31376893343366
2012-04-27 17:00:00,201.89753821891492
2012-04-27 18:00:00,201.53380870498037
2012-04-27 19:00:00,203.83030460938465
2012-04-27 20:00:00,187.77032099964828
2012-04-27 21:00:00,188.91886578403316
2012-04-27 22:00:00,181.61599889488164
2012-04-27 23:00:00,181.76345271130458
2012-04-28 00:00:00,57.90602430687948
2012-04-28 01:00:00,56.04437009914401
2012-04-28 02:00:00,60.0517226380184
2012-04-28 03:00:00,58.63091592648724
2012-04-28 04:00:00,60.95403493811232
2012-04-28 05:00:00,64.73400067425902
2012-04-28 06:00:00,67.60915173721948
2012-04-28 07:00:00,70.08405772960522
2012-04-28 08:00:00,85.17122384748316
2012-04-28 09:00:00,83.09293386130157
2012-04-28 10:00:00,90.06154543005697
2012-04-28 11:00:00,92.37318036265835
2012-04-28 12:00:00,91.015965661581
2012-04-28 13:00:00,103.09969266676016
2012-04-28 14:00:00,120.13198207089029
2012-04-28 15:00:00,128.1535890031903
2012-04-28 16:00:00,133.6471610641626
2012-04-28 17:00:00,129.88640257120394
2012-04-28 18:00:00,114.39523146865706
2012-04-28 19:00:00,94.9672985184045
2012-04-28 20:00:00,109.65279573680579
2012-04-28 21:00:00,106.45948519529003
2012-04-28 22:00:00,114.54148045809636
2012-04-28 23:00:00,120.04313938864134
2012-04-29 00:00:00,34.79722556897859
2012-04-29 01:00:00,38.24037482099797
2012-04-29 02:00:00,38.27735150943769
2012-04-29 03:00:00,40.838438395659466
2012-04-29 04:00:00,41.88665004178993
2012-04-29 05:00:00,43.77897302087623
2012-04-29 06:00:00,46.815302947602156
2012-04-29 07:00:00,46.75429385649185
2012-04-29 08:00:00,61.22029634691218
2012-04-29 09:00:00,68.78989847059033
2012-04-29 10:00:00,75.4599875745087
2012-04-29 11:00:00,92.46719811041386
2012-04-29 12:00:00,109.58227152867059
2012-04-29 13:00:00,117.29172648931011
2012-04-29 14:00:00,137.3183428467365
2012-04-29 15:00:00,151.6801121023954
2012-04-29 16:00:00,192.89313916352353
2012-04-29 17:00:00,214.8314903830994
2012-04-29 18:00:00,222.10350179808904
2012-04-29 19:00:00,185.6829854158938
2012-04-29 20:00:00,196.16502892229494
2012-04-29 21:00:00,172.91920258458975
2012-04-29 22:00:00,171.79695166429525
2012-04-29 23:00:00,156.04193646037612
2012-04-30 00:00:00,45.169634177112485
2012-04-30 01:00:00,43.88666683450532
2012-04-30 02:00:00,49.03308788272386
2012-04-30 03:00:00,48.408018821835775
2012-04-30 04:00:00,56.910265160798396
2012-04-30 05:00:00,59.62058075695253
2012-04-30 06:00:00,71.11018962534517
2012-04-30 07:00:00,72.71194872495565
2012-04-30 08:00:00,80.609312455488
2012-04-30 09:00:00,80.50426345274114
2012-04-30 10:00:00,87.3545971921912
2012-04-30 11:00:00,90.08065314243524
2012-04-30 12:00:00,93.08877499657086
2012-04-30 13:00:00,98.59976800058392
2012-04-30 14:00:00,104.6547850076734
2012-04-30 15:00:00,111.74902604804264
2012-04-30 16:00:00,129.17022026860786
2012-04-30 17:00:00,133.89863563792207
2012-04-30 18:00:00,136.58685569393145
2012-04-30 19:00:00,135.935256769981
2012-04-30 20:00:00,140.9355162643406
2012-04-30 21:00:00,147.6474816137201
2012-04-30 22:00:00,158.0818426257307
2012-04-30 23:00:00,169.155714587172
2012-05-20 00:00:00,67.60129771555009
2012-05-20 01:00:00,66.78793359971597
2012-05-20 02:00:00,69.96866694472429
2012-05-20 03:00:00,71.12811586592073
2012-05-20 04:00:00,65.65221907989422
2012-05-20 05:00:00,64.9886962212206
2012-05-20 06:00:00,73.99974030670747
2012-05-20 07:00:00,78.33449407057756
2012-05-20 08:00:00,94.9284343086011
2012-05-20 09:00:00,141.8621583593857
2012-05-20 10:00:00,153.41921018035688
2012-05-20 11:00:00,159.83485405223846
2012-05-20 12:00:00,172.48367111654488
2012-05-20 13:00:00,179.2679354301841
2012-05-20 14:00:00,197.52470018093337
2012-05-20 15:00:00,193.5596734874904
2012-05-20 16:00:00,209.3599960459968
2012-05-20 17:00:00,211.8243134350408
2012-05-20 18:00:00,208.04407555463266
2012-05-20 19:00:00,195.58856151054297
2012-05-20 20:00:00,204.903343776863
2012-05-20 21:00:00,193.306462413884
2012-05-20 22:00:00,186.35445313422488
2012-05-20 23:00:00,167.18933602276292
2012-05-21 00:00:00,47.53427372625881
2012-05-21 01:00:00,50.864121432240715
2012-05-21 02:00:00,47.48765032736186
2012-05-21 03:00:00,55.65762438638949
2012-05-21 04:00:00,55.585092097514384
2012-05-21 05:00:00,58.232297159727516
2012-05-21 06:00:00,61.00557369860763
2012-05-21 07:00:00,63.91092578896409
2012-05-21 08:00:00,65.89880370257632
2012-05-21 09:00:00,68.31110055860637
2012-05-21 10:00:00,75.29512735403645
2012-05-21 11:00:00,85.06109897423457
2012-05-21 12:00:00,91.98722455283472
2012-05-21 13:00:00,91.86734800370695
2012-05-21 14:00:00,94.22533297716859
2012-05-21 15:00:00,120.74294884824226
2012-05-21 16:00:00,129.20117487586975
2012-05-21 17:00:00,143.99462656454307
2012-05-21 18:00:00,141.0780841316996
2012-05-21 19:00:00,156.4024152978975
2012-05-21 20:00:00,161.6235995514441
2012-05-21 21:00:00,164.00604261543384
2012-05-21 22:00:00,160.63426213038966
2012-05-21 23:00:00,184.1678796489332
2012-05-22 00:00:00,52.734918159114315
2012-05-22 01:00:00,50.48167506210267
2012-05-22 02:00:00,52.32961127941342
2012-05-22 03:00:00,54.82177611453645
2012-05-22 04:00:00,54.69330132234178
2012-05-22 05:00:00,55.202614071867835
2012-05-22 06:00:00,56.02402457265423
2012-05-22 07:00:00,58.69213351801864
2012-05-22 08:00:00,65.18523870984713
2012-05-22 09:00:00,74.64808924083762
2012-05-22 10:00:00,82.10871576755875
2012-05-22 11:00:00,83.32753038709097
2012-05-22 12:00:00,93.31004569263128
2012-05-22 13:00:00,101.03116953665905
2012-05-22 14:00:00,109.84068586025859
2012-05-22 15:00:00,144.57939286205976
2012-05-22 16:00:00,147.83452647105017
2012-05-22 17:00:00,167.55445741314256
2012-05-22 18:00:00,163.9754766411984
2012-05-22 19:00:00,161.3747354785089
2012-05-22 20:00:00,160.60488391807638
2012-05-22 21:00:00,150.3635288898091
2012-05-22 22:00:00,161.44071905663282
2012-05-22 23:00:00,170.02570995713606
2012-05-23 00:00:00,56.79883022780548
2012-05-23 01:00:00,55.31708767115355
2012-05-23 02:00:00,55.24499916527626
2012-05-23 03:00:00,62.73823452386593
2012-05-23 04:00:00,56.71422919353099
2012-05-23 05:00:00,56.58131943893103
2012-05-23 06:00:00,61.86321652746353
2012-05-23 07:00:00,66.98221044342276
2012-05-23 08:00:00,70.17219610096173
2012-05-23 09:00:00,78.47362153517763
2012-05-23 10:00:00,89.02409339071743
2012-05-23 11:00:00,96.90149079846921
2012-05-23 12:00:00,106.27832337810854
2012-05-23 13:00:00,109.79752666163891
2012-05-23 14:00:00,132.26004647211627
2012-05-23 15:00:00,133.9807673919717
2012-05-23 16:00:00,138.12823640314465
2012-05-23 17:00:00,124.78564133202549
2012-05-23 18:00:00,130.72847904193046
2012-05-23 19:00:00,125.50440174317116
2012-05-23 20:00:00,128.04703851426885
2012-05-23 21:00:00,129.94775759226297
2012-05-23 22:00:00,144.3031252322928
2012-05-23 23:00:00,152.3263737319781
2012-05-24 00:00:00,52.750732653063515
2012-05-24 01:00:00,52.361498484277696
2012-05-24 02:00:00,53.13874800348724
2012-05-24 03:00:00,55.07407915601957
2012-05-24 04:00:00,58.93210162613952
2012-05-24 05:00:00,61.73870591273297
2012-05-24 06:00:00,64.67897296383279
2012-05-24 07:00:00,73.44522535285503
2012-05-24 08:00:00,88.02512941403849
2012-05-24 09:00:00,93.20077324447857
2012-05-24 10:00:00,106.16299248800748
2012-05-24 11:00:00,114.55413772121693
2012-05-24 12:00:00,133.32184437010886
2012-05-24 13:00:00,151.78158967871946
2012-05-24 14:00:00,165.93777750001252
2012-05-24 15:00:00,175.6882445476156
2012-05-24 16:00:00,191.00756100514863
2012-05-24 17:00:00,194.87724877246075
2012-05-24 18:00:00,203.02448448602553
2012-05-24 19:00:00,193.06431754594288
2012-05-24 20:00:00,169.45423538053234
2012-05-24 21:00:00,144.46172196795413
2012-05-24 22:00:00,155.42870110053315
2012-05-24 23:00:00,164.5616571468583
2012-05-25 00:00:00,58.45366746839348
2012-05-25 01:00:00,60.273941956285846
2012-05-25 02:00:00,58.31186310330793
2012-05-25 03:00:00,60.06256591934679
2012-05-25 04:00:00,60.63274245357203
2012-05-25 05:00:00,65.57210822360948
2012-05-25 06:00:00,69.05905969233413
2012-05-25 07:00:00,73.89675118243795
2012-05-25 08:00:00,77.44478945770601
2012-05-25 09:00:00,81.99542813078243
2012-05-25 10:00:00,107.63667288437321
2012-05-25 11:00:00,111.5728708031448
2012-05-25 12:00:00,138.15980478427474
2012-05-25 13:00:00,153.52676389297574
2012-05-25 14:00:00,166.12380998106255
2012-05-25 15:00:00,179.6944063071348
2012-05-25 16:00:00,209.61175931931504
2012-05-25 17:00:00,203.58795788239195
2012-05-25 18:00:00,206.60999978267208
2012-05-25 19:00:00,211.7463033331348
2012-05-25 20:00:00,197.69510240725123
2012-05-25 21:00:00,204.92467416745131
2012-05-25 22:00:00,186.17018356917802
2012-05-25 23:00:00,194.3580036802875
2012-05-26 00:00:00,60.746474605209706
2012-05-26 01:00:00,62.9679307363426
2012-05-26 02:00:00,62.843696633382514
2012-05-26 03:00:00,63.75512747113606
2012-05-26 04:00:00,67.50136463839593
2012-05-26 05:00:00,77.87126338238684
2012-05-26 06:00:00,75.66984258260767
2012-05-26 07:00:00,74.77641726222171
2012-05-26 08:00:00,92.04084454317578
2012-05-26 09:00:00,93.31753481617532
2012-05-26 10:00:00,111.24965283030312
2012-05-26 11:00:00,125.36893442110923
2012-05-26 12:00:00,150.24156790013285
2012-05-26 13:00:00,162.60303021549493
2012-05-26 14:00:00,172.16365654740576
2012-05-26 15:00:00,184.22398085380527
2012-05-26 16:00:00,212.09151560493035
2012-05-26 17:00:00,214.08214930240754
2012-05-26 18:00:00,213.18415468555244
2012-05-26 19:00:00,198.36147512400143
2012-05-26 20:00:00,221.69890955012357
2012-05-26 21:00:00,215.98945766140878
2012-05-26 22:00:00,213.62424921445813
2012-05-26 23:00:00,223.79796976780196
2012-05-27 00:00:00,67.97660741169682
2012-05-27 01:00:00,71.13976917619964
2012-05-27 02:00:00,72.94517280264752
2012-05-27 03:00:00,74.81747700096028
2012-05-27 04:00:00,69.97691996726815
2012-05-27 05:00:00,73.30952678296718
2012-05-27 06:00:00,75.99310115821324
2012-05-27 07:00:00,75.42561659235055
2012-05-27 08:00:00,85.65248183904353
2012-05-27 09:00:00,94.6875717985737
2012-05-27 10:00:00,112.5707437542906
2012-05-27 11:00:00,133.87389401268413
2012-05-27 12:00:00,146.00382568919446
2012-05-27 13:00:00,164.54593624214522
2012-05-27 14:00:00,176.07262772963682
2012-05-27 15:00:00,198.85235401203508
2012-05-27 16:00:00,208.32257234414047
2012-05-27 17:00:00,224.78611884594704
2012-05-27 18:00:00,215.4851709973317
2012-05-27 19:00:00,217.5307810390531
2012-05-27 20:00:00,221.27173013757135
2012-05-27 21:00:00,182.8632323942938
2012-05-27 22:00:00,137.1571472905444
2012-05-27 23:00:00,150.70169628760826
2012-05-28 00:00:00,57.24186044424472
2012-05-28 01:00:00,61.95329923779627
2012-05-28 02:00:00,60.989352314528944
2012-05-28 03:00:00,70.81189110136951
2012-05-28 04:00:00,68.44153748480937
2012-05-28 05:00:00,71.70102267514764
2012-05-28 06:00:00,81.41847654432884
2012-05-28 07:00:00,80.20043623253999
2012-05-28 08:00:00,92.37999593949866
2012-05-28 09:00:00,109.53952697298487
2012-05-28 10:00:00,114.75627807248128
2012-05-28 11:00:00,126.43391712532052
2012-05-28 12:00:00,145.1490913677794
2012-05-28 13:00:00,175.75323110819707
2012-05-28 14:00:00,184.12336823549956
2012-05-28 15:00:00,208.5196660665848
2012-05-28 16:00:00,220.78006864011203
2012-05-28 17:00:00,228.85384148536713
2012-05-28 18:00:00,227.17537256831451
2012-05-28 19:00:00,242.51564268281385
2012-05-28 20:00:00,233.07763602489598
2012-05-28 21:00:00,228.31584218322305
2012-05-28 22:00:00,212.59893166034587
2012-05-28 23:00:00,212.20798441266635
2012-05-29 00:00:00,65.4376403459707
2012-05-29 01:00:00,68.55406682376154
2012-05-29 02:00:00,65.2014638022623
2012-05-29 03:00:00,74.38931620868526
2012-05-29 04:00:00,73.66945072708575
2012-05-29 05:00:00,77.17791199855537
2012-05-29 06:00:00,80.853461532146
2012-05-29 07:00:00,84.70405680128513
2012-05-29 08:00:00,98.86102689333502
2012-05-29 09:00:00,112.5392539810509
2012-05-29 10:00:00,123.39106170965805
2012-05-29 11:00:00,142.0383825693675
2012-05-29 12:00:00,171.16047822204095
2012-05-29 13:00:00,193.27329793217487
2012-05-29 14:00:00,204.62999410504665
2012-05-29 15:00:00,217.3275023964484
2012-05-29 16:00:00,236.26921356479096
2012-05-29 17:00:00,243.65766750702758
2012-05-29 18:00:00,248.3579903558633
2012-05-29 19:00:00,231.90910276280363
2012-05-29 20:00:00,193.32145983157113
2012-05-29 21:00:00,133.10381085049463
2012-05-29 22:00:00,132.68001065987644
2012-05-29 23:00:00,120.64247801516538
2012-05-30 00:00:00,46.84692991863621
2012-05-30 01:00:00,50.661455283358244
2012-05-30 02:00:00,47.043916760973296
2012-05-30 03:00:00,53.2757287063709
2012-05-30 04:00:00,58.54730661083637
2012-05-30 05:00:00,68.32748375398766
2012-05-30 06:00:00,68.76653526200768
2012-05-30 07:00:00,70.89273645567941
2012-05-30 08:00:00,81.3597196195912
2012-05-30 09:00:00,91.64736377202362
2012-05-30 10:00:00,99.11329444267301
2012-05-30 11:00:00,108.73469718180363
2012-05-30 12:00:00,129.3514944468417
2012-05-30 13:00:00,138.83810880854477
2012-05-30 14:00:00,166.71169971749467
2012-05-30 15:00:00,164.62086696018247
2012-05-30 16:00:00,174.30013673366471
2012-05-30 17:00:00,185.1410448562835
2012-05-30 18:00:00,199.16054944312336
2012-05-30 19:00:00,195.60631036131565
2012-05-30 20:00:00,139.18551310654436
2012-05-30 21:00:00,193.35720913818304
2012-05-30 22:00:00,178.47133584905035
2012-05-30 23:00:00,193.1151125175936
2012-05-31 00:00:00,64.54684623965258
2012-05-31 01:00:00,66.5568651584395
2012-05-31 02:00:00,72.0179318586007
2012-05-31 03:00:00,71.8854983979816
2012-05-31 04:00:00,72.95256047002582
2012-05-31 05:00:00,83.62544071651232
2012-05-31 06:00:00,81.4777583161883
2012-05-31 07:00:00,95.04884464935374
2012-05-31 08:00:00,107.3868394298149
2012-05-31 09:00:00,125.94694903692483
2012-05-31 10:00:00,154.53284750309717
2012-05-31 11:00:00,163.29664818028968
2012-05-31 12:00:00,165.72060939149853
2012-05-31 13:00:00,175.53627429871196
2012-05-31 14:00:00,199.84103044190834
2012-05-31 15:00:00,213.78213941672135
2012-05-31 16:00:00,222.78250928400018
2012-05-31 17:00:00,227.35766380313808
2012-05-31 18:00:00,235.58447970844517
2012-05-31 19:00:00,232.67808294377446
2012-05-31 20:00:00,214.8131148229286
2012-05-31 21:00:00,225.04345435338078
2012-05-31 22:00:00,218.04080767188452
2012-05-31 23:00:00,225.89169937289887
2012-06-20 00:00:00,65.66621218494848
2012-06-20 01:00:00,65.88815914388485
2012-06-20 02:00:00,63.33426671413488
2012-06-20 03:00:00,65.65035659453184
2012-06-20 04:00:00,67.69473934082708
2012-06-20 05:00:00,70.9186587391049
2012-06-20 06:00:00,64.62353358821233
2012-06-20 07:00:00,67.54947660345557
2012-06-20 08:00:00,87.9880813630096
2012-06-20 09:00:00,96.56508021201951
2012-06-20 10:00:00,154.15645593630535
2012-06-20 11:00:00,174.0880468464701
2012-06-20 12:00:00,188.9016873892151
2012-06-20 13:00:00,195.84149004352025
2012-06-20 14:00:00,227.13601882940534
2012-06-20 15:00:00,236.32600098323573
2012-06-20 16:00:00,256.93268873020253
2012-06-20 17:00:00,255.21229622733634
2012-06-20 18:00:00,267.3666213713303
2012-06-20 19:00:00,293.5383735890644
2012-06-20 20:00:00,290.6609126914237
2012-06-20 21:00:00,270.71563784232046
2012-06-20 22:00:00,276.0774937762227
2012-06-20 23:00:00,248.75155501569836
2012-06-21 00:00:00,72.90119365116898
2012-06-21 01:00:00,71.00195407895878
2012-06-21 02:00:00,73.60105726404392
2012-06-21 03:00:00,77.36421550383132
2012-06-21 04:00:00,73.91054264309216
2012-06-21 05:00:00,77.84091002345309
2012-06-21 06:00:00,77.32957936813676
2012-06-21 07:00:00,81.01235196484346
2012-06-21 08:00:00,102.46440949204295
2012-06-21 09:00:00,143.80473431191544
2012-06-21 10:00:00,162.53768739872166
2012-06-21 11:00:00,186.55146127752843
2012-06-21 12:00:00,222.31541252257577
2012-06-21 13:00:00,217.4112282507031
2012-06-21 14:00:00,227.52422042698953
2012-06-21 15:00:00,264.75711665651966
2012-06-21 16:00:00,262.17595136126135
2012-06-21 17:00:00,246.79880913987208
2012-06-21 18:00:00,263.89848561719003
2012-06-21 19:00:00,292.4845123132896
2012-06-21 20:00:00,282.69390072579273
2012-06-21 21:00:00,265.21860209487727
2012-06-21 22:00:00,250.926825324087
2012-06-21 23:00:00,260.85052666380756
2012-06-22 00:00:00,77.23664793275081
2012-06-22 01:00:00,84.39497088392602
2012-06-22 02:00:00,77.34610129372881
2012-06-22 03:00:00,81.02966073675366
2012-06-22 04:00:00,92.59461297104893
2012-06-22 05:00:00,95.90858219556064
2012-06-22 06:00:00,97.33224082943171
2012-06-22 07:00:00,119.3196134265424
2012-06-22 08:00:00,130.53071930498282
2012-06-22 09:00:00,139.65686862536907
2012-06-22 10:00:00,170.89455650373753
2012-06-22 11:00:00,171.22700974079285
2012-06-22 12:00:00,190.88935261949584
2012-06-22 13:00:00,234.25772294268089
2012-06-22 14:00:00,245.41409970910738
2012-06-22 15:00:00,286.88794980222644
2012-06-22 16:00:00,291.9831846676568
2012-06-22 17:00:00,236.4522288291293
2012-06-22 18:00:00,220.6359076208147
2012-06-22 19:00:00,238.23421002779537
2012-06-22 20:00:00,249.57996449144815
2012-06-22 21:00:00,187.64441751400545
2012-06-22 22:00:00,198.62662893215364
2012-06-22 23:00:00,176.3410343903951
2012-06-23 00:00:00,56.40681528429622
2012-06-23 01:00:00,67.3789446990428
2012-06-23 02:00:00,63.22138895406087
2012-06-23 03:00:00,63.82381677476642
2012-06-23 04:00:00,68.65677152403902
2012-06-23 05:00:00,72.69102821004232
2012-06-23 06:00:00,76.97886089127061
2012-06-23 07:00:00,82.807959966479
2012-06-23 08:00:00,108.16949926660946
2012-06-23 09:00:00,127.59957338914099
2012-06-23 10:00:00,143.74455788407082
2012-06-23 11:00:00,163.65936084827197
2012-06-23 12:00:00,189.97787527182237
2012-06-23 13:00:00,217.50353126471026
2012-06-23 14:00:00,218.1576544190013
2012-06-23 15:00:00,262.7797902445223
2012-06-23 16:00:00,277.5392111791538
2012-06-23 17:00:00,281.6203379865448
2012-06-23 18:00:00,299.75937828655884
2012-06-23 19:00:00,291.4295095287305
2012-06-23 20:00:00,286.9630760514594
2012-06-23 21:00:00,281.17673750675584
2012-06-23 22:00:00,273.95551002682026
2012-06-23 23:00:00,257.1856744055339
2012-06-24 00:00:00,78.87944128210545
2012-06-24 01:00:00,77.06197766211322
2012-06-24 02:00:00,80.12555430159628
2012-06-24 03:00:00,75.12152524816088
2012-06-24 04:00:00,76.23662262068845
2012-06-24 05:00:00,81.282731201179
2012-06-24 06:00:00,90.32668705166768
2012-06-24 07:00:00,89.69751036015073
2012-06-24 08:00:00,108.1520436041965
2012-06-24 09:00:00,123.50515018471133
2012-06-24 10:00:00,148.0135541420052
2012-06-24 11:00:00,162.63019553408063
2012-06-24 12:00:00,194.8142049122672
2012-06-24 13:00:00,208.4612343600202
2012-06-24 14:00:00,238.64998169722926
2012-06-24 15:00:00,254.8737559376948
2012-06-24 16:00:00,257.7919908627639
2012-06-24 17:00:00,265.73815561946395
2012-06-24 18:00:00,269.5725433193193
2012-06-24 19:00:00,269.69402238504733
2012-06-24 20:00:00,253.07970445549967
2012-06-24 21:00:00,240.0564487561415
2012-06-24 22:00:00,234.0183331283435
2012-06-24 23:00:00,239.28960292158843
2012-06-25 00:00:00,79.0227164585895
2012-06-25 01:00:00,76.57621142692581
2012-06-25 02:00:00,77.04540214830502
2012-06-25 03:00:00,79.84039437113267
2012-06-25 04:00:00,74.48917167569306
2012-06-25 05:00:00,79.14423371653903
2012-06-25 06:00:00,76.88515472419947
2012-06-25 07:00:00,88.72163901772548
2012-06-25 08:00:00,95.75922921272925
2012-06-25 09:00:00,109.93383283798447
2012-06-25 10:00:00,135.0281921753776
2012-06-25 11:00:00,175.29152684728467
2012-06-25 12:00:00,158.47295296384723
2012-06-25 13:00:00,158.51654183323447
2012-06-25 14:00:00,187.98668823494873
2012-06-25 15:00:00,217.86216190646405
2012-06-25 16:00:00,242.29091754111542
2012-06-25 17:00:00,272.08426756376963
2012-06-25 18:00:00,264.4153511461448
2012-06-25 19:00:00,270.3443352290511
2012-06-25 20:00:00,270.6029608874823
2012-06-25 21:00:00,256.11617838732326
2012-06-25 22:00:00,271.8876555233789
2012-06-25 23:00:00,265.69968574630184
2012-06-26 00:00:00,88.2262111498966
2012-06-26 01:00:00,91.41520979117514
2012-06-26 02:00:00,77.22885649582554
2012-06-26 03:00:00,77.2915585138061
2012-06-26 04:00:00,81.40171938526485
2012-06-26 05:00:00,83.41477109288161
2012-06-26 06:00:00,81.95963569198176
2012-06-26 07:00:00,87.7010320255771
2012-06-26 08:00:00,98.82186419717272
2012-06-26 09:00:00,112.7852013351112
2012-06-26 10:00:00,133.09477679282654
2012-06-26 11:00:00,150.68887684063205
2012-06-26 12:00:00,164.76990545948098
2012-06-26 13:00:00,187.60968829531615
2012-06-26 14:00:00,196.54448174144946
2012-06-26 15:00:00,215.53588189744303
2012-06-26 16:00:00,228.80675020593424
2012-06-26 17:00:00,232.82391937157453
2012-06-26 18:00:00,238.79987617527445
2012-06-26 19:00:00,238.5314159900407
2012-06-26 20:00:00,243.83561411465118
2012-06-26 21:00:00,235.7715717680142
2012-06-26 22:00:00,244.92054556309571
2012-06-26 23:00:00,225.07811821315335
2012-06-27 00:00:00,79.12579071655047
2012-06-27 01:00:00,79.42330611676113
2012-06-27 02:00:00,70.02050116203114
2012-06-27 03:00:00,76.19835515442406
2012-06-27 04:00:00,96.58002622131694
2012-06-27 05:00:00,99.80872704173771
2012-06-27 06:00:00,93.85460176891264
2012-06-27 07:00:00,112.47984650558435
2012-06-27 08:00:00,118.48168527699985
2012-06-27 09:00:00,131.64224104519897
2012-06-27 10:00:00,143.67276605490895
2012-06-27 11:00:00,171.1823953599029
2012-06-27 12:00:00,184.26332161934278
2012-06-27 13:00:00,210.36611041701244
2012-06-27 14:00:00,225.1109953114148
2012-06-27 15:00:00,244.1133977913816
2012-06-27 16:00:00,262.7151641363044
2012-06-27 17:00:00,269.4583478984932
2012-06-27 18:00:00,265.46284359483394
2012-06-27 19:00:00,265.65459538842737
2012-06-27 20:00:00,253.489678245062
2012-06-27 21:00:00,244.3732598209108
2012-06-27 22:00:00,240.0858488644258
2012-06-27 23:00:00,228.86571438914228
2012-06-28 00:00:00,75.49661844829274
2012-06-28 01:00:00,73.78849218687613
2012-06-28 02:00:00,82.42192719597753
2012-06-28 03:00:00,86.3472196561893
2012-06-28 04:00:00,79.49485943229432
2012-06-28 05:00:00,86.72817180326966
2012-06-28 06:00:00,90.85854645536757
2012-06-28 07:00:00,91.40202651582338
2012-06-28 08:00:00,110.70419677187958
2012-06-28 09:00:00,120.40310183159751
2012-06-28 10:00:00,140.06578593732732
2012-06-28 11:00:00,181.502527852324
2012-06-28 12:00:00,213.9154476256346
2012-06-28 13:00:00,229.0808752940571
2012-06-28 14:00:00,247.7068168507669
2012-06-28 15:00:00,259.50369825849555
2012-06-28 16:00:00,271.32684479408306
2012-06-28 17:00:00,286.555603973907
2012-06-28 18:00:00,287.5133850828653
2012-06-28 19:00:00,292.3096643916763
2012-06-28 20:00:00,281.1522440855411
2012-06-28 21:00:00,230.5472417464387
2012-06-28 22:00:00,244.85294275785716
2012-06-28 23:00:00,251.07627691030098
2012-06-29 00:00:00,91.18043128954719
2012-06-29 01:00:00,94.22862194375398
2012-06-29 02:00:00,92.77771627471321
2012-06-29 03:00:00,97.19619667863383
2012-06-29 04:00:00,92.43113326765543
2012-06-29 05:00:00,97.91900084206213
2012-06-29 06:00:00,99.88487465902773
2012-06-29 07:00:00,107.46775073943913
2012-06-29 08:00:00,119.53031269074957
2012-06-29 09:00:00,138.20557893371515
2012-06-29 10:00:00,218.43002503809566
2012-06-29 11:00:00,214.69729967234593
2012-06-29 12:00:00,236.14905216140286
2012-06-29 13:00:00,262.3907316484332
2012-06-29 14:00:00,294.7966986184231
2012-06-29 15:00:00,285.25138563956176
2012-06-29 16:00:00,298.836303529841
2012-06-29 17:00:00,351.0631758515597
2012-06-29 18:00:00,327.8775694843729
2012-06-29 19:00:00,312.36444853655985
2012-06-29 20:00:00,358.46855267051575
2012-06-29 21:00:00,289.485273191508
2012-06-29 22:00:00,258.24334656784987
2012-06-29 23:00:00,270.5420235785486
2012-06-30 00:00:00,51.76375646233472
2012-06-30 01:00:00,55.389885825365134
2012-06-30 02:00:00,56.222162498821895
2012-06-30 03:00:00,58.899707638341475
2012-06-30 04:00:00,56.75783284455028
2012-06-30 05:00:00,71.87826877785263
2012-06-30 06:00:00,75.30142613518932
2012-06-30 07:00:00,78.88760920937108
2012-06-30 08:00:00,82.64458199766078
2012-06-30 09:00:00,86.58047825280929
2012-06-30 10:00:00,218.08500016487116
2012-06-30 11:00:00,228.47116117754695
2012-06-30 12:00:00,239.35195657818926
2012-06-30 13:00:00,250.75094301852513
2012-06-30 14:00:00,262.69279902100965
2012-06-30 15:00:00,275.20337840721254
2012-06-30 16:00:00,290.03464281667016
2012-06-30 17:00:00,284.86931198416704
2012-06-30 18:00:00,281.5358204666761
2012-06-30 19:00:00,282.83533236198525
2012-06-30 20:00:00,268.3925498770918
2012-06-30 21:00:00,281.17457631411736
2012-06-30 22:00:00,256.0785582448807
2012-06-30 23:00:00,261.2665416896011
2012-07-20 00:00:00,51.312538582389756
2012-07-20 01:00:00,60.098096143588045
2012-07-20 02:00:00,59.075392536321466
2012-07-20 03:00:00,62.21686582962399
2012-07-20 04:00:00,66.57525130005799
2012-07-20 05:00:00,69.00986172219999
2012-07-20 06:00:00,73.06745831353274
2012-07-20 07:00:00,77.36088597823772
2012-07-20 08:00:00,89.09366228196808
2012-07-20 09:00:00,99.59270610507919
2012-07-20 10:00:00,105.44849272352394
2012-07-20 11:00:00,115.70678036710035
2012-07-20 12:00:00,102.3050929885235
2012-07-20 13:00:00,104.93098648841861
2012-07-20 14:00:00,116.28885026196203
2012-07-20 15:00:00,134.03237177493034
2012-07-20 16:00:00,137.02282268296617
2012-07-20 17:00:00,133.37603756828955
2012-07-20 18:00:00,149.97423444707331
2012-07-20 19:00:00,142.24144264381135
2012-07-20 20:00:00,147.42192403399477
2012-07-20 21:00:00,148.80098978688918
2012-07-20 22:00:00,155.90994890029828
2012-07-20 23:00:00,168.61094564963895
2012-07-21 00:00:00,55.78590764302807
2012-07-21 01:00:00,60.658934190999815
2012-07-21 02:00:00,56.31742146437101
2012-07-21 03:00:00,58.37691021684072
2012-07-21 04:00:00,60.826270901104024
2012-07-21 05:00:00,63.05064512702193
2012-07-21 06:00:00,66.0533924583251
2012-07-21 07:00:00,72.58930689165796
2012-07-21 08:00:00,79.18282378430627
2012-07-21 09:00:00,81.21523151890328
2012-07-21 10:00:00,79.56416322348092
2012-07-21 11:00:00,93.7734296708832
2012-07-21 12:00:00,92.66625733395205
2012-07-21 13:00:00,95.04474813714324
2012-07-21 14:00:00,102.1585116446013
2012-07-21 15:00:00,102.02538000703414
2012-07-21 16:00:00,104.64409403542413
2012-07-21 17:00:00,108.474704074767
2012-07-21 18:00:00,120.47525034888898
2012-07-21 19:00:00,124.88537695691869
2012-07-21 20:00:00,124.72262796542687
2012-07-21 21:00:00,137.06380218742845
2012-07-21 22:00:00,140.58185721989153
2012-07-21 23:00:00,141.91640686654202
2012-07-22 00:00:00,48.572283048515956
2012-07-22 01:00:00,51.97484487611063
2012-07-22 02:00:00,53.30889778913179
2012-07-22 03:00:00,55.84770052855723
2012-07-22 04:00:00,59.139895884074576
2012-07-22 05:00:00,61.95639624155227
2012-07-22 06:00:00,69.44149816915746
2012-07-22 07:00:00,70.47228171484566
2012-07-22 08:00:00,79.17876155310007
2012-07-22 09:00:00,93.1428278631679
2012-07-22 10:00:00,93.71352403345469
2012-07-22 11:00:00,98.17657169349961
2012-07-22 12:00:00,116.96632728201116
2012-07-22 13:00:00,126.9180141974839
2012-07-22 14:00:00,145.21997154006735
2012-07-22 15:00:00,152.13598137811715
2012-07-22 16:00:00,164.17553438275536
2012-07-22 17:00:00,179.4370889146484
2012-07-22 18:00:00,184.04275097561668
2012-07-22 19:00:00,181.22212136423695
2012-07-22 20:00:00,178.46069211089528
2012-07-22 21:00:00,175.79087653233358
2012-07-22 22:00:00,197.9454850577999
2012-07-22 23:00:00,188.74107511107388
2012-07-23 00:00:00,52.65754949568638
2012-07-23 01:00:00,57.24704729224457
2012-07-23 02:00:00,52.91114490228238
2012-07-23 03:00:00,55.43100491055737
2012-07-23 04:00:00,58.99919785977274
2012-07-23 05:00:00,61.80899756230645
2012-07-23 06:00:00,70.23775267020737
2012-07-23 07:00:00,85.25675897407412
2012-07-23 08:00:00,96.08055388612789
2012-07-23 09:00:00,104.00297966486234
2012-07-23 10:00:00,121.44700088064315
2012-07-23 11:00:00,148.5805574241237
2012-07-23 12:00:00,155.6566130519451
2012-07-23 13:00:00,159.65189497280355
2012-07-23 14:00:00,158.87009906348624
2012-07-23 15:00:00,187.7260876099697
2012-07-23 16:00:00,203.18648245808976
2012-07-23 17:00:00,212.86311093237066
2012-07-23 18:00:00,228.51155636504845
2012-07-23 19:00:00,233.4369442305636
2012-07-23 20:00:00,205.95665185789463
2012-07-23 21:00:00,218.05861909784338
2012-07-23 22:00:00,218.79564116396023
2012-07-23 23:00:00,216.09636766177567
2012-07-24 00:00:00,65.65882961992374
2012-07-24 01:00:00,63.94595134976225
2012-07-24 02:00:00,62.12068943798732
2012-07-24 03:00:00,65.0791482143066
2012-07-24 04:00:00,66.39760902510773
2012-07-24 05:00:00,69.92845844541884
2012-07-24 06:00:00,74.03743917322011
2012-07-24 07:00:00,91.90508445026164
2012-07-24 08:00:00,106.6306626366846
2012-07-24 09:00:00,142.52438540866376
2012-07-24 10:00:00,157.29921191180853
2012-07-24 11:00:00,167.5448729306497
2012-07-24 12:00:00,160.2768474138261
2012-07-24 13:00:00,181.94288556768245
2012-07-24 14:00:00,185.62892896264378
2012-07-24 15:00:00,207.21452882542795
2012-07-24 16:00:00,200.78463184531202
2012-07-24 17:00:00,214.86555948176155
2012-07-24 18:00:00,195.6879011248168
2012-07-24 19:00:00,193.40522999729663
2012-07-24 20:00:00,190.45815678215448
2012-07-24 21:00:00,203.8000384757475
2012-07-24 22:00:00,215.77528359109098
2012-07-24 23:00:00,244.28339643296005
2012-07-25 00:00:00,80.76819164856315
2012-07-25 01:00:00,79.15398505763416
2012-07-25 02:00:00,79.41854869043553
2012-07-25 03:00:00,78.20138415153603
2012-07-25 04:00:00,79.54044149825212
2012-07-25 05:00:00,81.58202830696044
2012-07-25 06:00:00,86.37577021834385
2012-07-25 07:00:00,110.35634361380892
2012-07-25 08:00:00,125.72178090802423
2012-07-25 09:00:00,143.51723770137772
2012-07-25 10:00:00,137.4285479738414
2012-07-25 11:00:00,153.177737417225
2012-07-25 12:00:00,160.47273085175712
2012-07-25 13:00:00,186.5354260718719
2012-07-25 14:00:00,202.41918341593882
2012-07-25 15:00:00,199.37812026403893
2012-07-25 16:00:00,224.52779162566685
2012-07-25 17:00:00,218.35002526341083
2012-07-25 18:00:00,247.79648275012946
2012-07-25 19:00:00,233.09582688299068
2012-07-25 20:00:00,226.41364515634163
2012-07-25 21:00:00,221.81220571338653
2012-07-25 22:00:00,205.8690906820591
2012-07-25 23:00:00,223.75698742747107
2012-07-26 00:00:00,69.0335495955785
2012-07-26 01:00:00,73.09253897095527
2012-07-26 02:00:00,74.92526509981191
2012-07-26 03:00:00,77.66798532054983
2012-07-26 04:00:00,77.31925128873975
2012-07-26 05:00:00,81.00153201715891
2012-07-26 06:00:00,82.79163207642827
2012-07-26 07:00:00,97.65952342796251
2012-07-26 08:00:00,97.53225481305527
2012-07-26 09:00:00,104.19092754934594
2012-07-26 10:00:00,121.75440241889258
2012-07-26 11:00:00,151.99254760564978
2012-07-26 12:00:00,182.62443095877845
2012-07-26 13:00:00,205.1310113060921
2012-07-26 14:00:00,238.78559523182633
2012-07-26 15:00:00,272.58482009272694
2012-07-26 16:00:00,305.24550175070846
2012-07-26 17:00:00,291.7690395877626
2012-07-26 18:00:00,320.9736309185147
2012-07-26 19:00:00,310.21261793172886
2012-07-26 20:00:00,282.63742473859935
2012-07-26 21:00:00,301.84854312381617
2012-07-26 22:00:00,316.2238902038787
2012-07-26 23:00:00,209.6428888269428
2012-07-27 00:00:00,72.59086868452817
2012-07-27 01:00:00,78.92050384121696
2012-07-27 02:00:00,75.43281429667961
2012-07-27 03:00:00,83.1621860463141
2012-07-27 04:00:00,78.93641400663681
2012-07-27 05:00:00,79.42006594423891
2012-07-27 06:00:00,86.63404233886344
2012-07-27 07:00:00,107.69966200117841
2012-07-27 08:00:00,120.77759119663563
2012-07-27 09:00:00,169.94150278503975
2012-07-27 10:00:00,166.26060756346362
2012-07-27 11:00:00,195.70308181961548
2012-07-27 12:00:00,206.6722421131296
2012-07-27 13:00:00,211.40033919743993
2012-07-27 14:00:00,232.45954225367353
2012-07-27 15:00:00,245.6133511287311
2012-07-27 16:00:00,237.97063375596966
2012-07-27 17:00:00,275.33552418770034
2012-07-27 18:00:00,250.27298547797116
2012-07-27 19:00:00,255.86883811168428
2012-07-27 20:00:00,231.28915858702914
2012-07-27 21:00:00,242.3041593424921
2012-07-27 22:00:00,256.54189807058805
2012-07-27 23:00:00,235.1061106662693
2012-07-28 00:00:00,83.51462779175519
2012-07-28 01:00:00,79.43890264056554
2012-07-28 02:00:00,80.6180867867652
2012-07-28 03:00:00,84.45747248164653
2012-07-28 04:00:00,85.56770744122925
2012-07-28 05:00:00,84.95392783903412
2012-07-28 06:00:00,96.51991643949151
2012-07-28 07:00:00,106.69757682749912
2012-07-28 08:00:00,120.19336637519876
2012-07-28 09:00:00,140.29204981193917
2012-07-28 10:00:00,172.15261256213068
2012-07-28 11:00:00,198.12609037602704
2012-07-28 12:00:00,207.03049216711142
2012-07-28 13:00:00,231.30189134266078
2012-07-28 14:00:00,240.37565180401396
2012-07-28 15:00:00,273.6780168711428
2012-07-28 16:00:00,261.0416581932765
2012-07-28 17:00:00,244.30903619689602
2012-07-28 18:00:00,267.03916540533163
2012-07-28 19:00:00,148.83950502123795
2012-07-28 20:00:00,161.69033887015758
2012-07-28 21:00:00,168.16991432369468
2012-07-28 22:00:00,176.1789007571188
2012-07-28 23:00:00,177.25836791797343
2012-07-29 00:00:00,55.818314188929804
2012-07-29 01:00:00,61.568972751828596
2012-07-29 02:00:00,71.0597308863507
2012-07-29 03:00:00,80.01810018703783
2012-07-29 04:00:00,80.52941476785543
2012-07-29 05:00:00,76.1542760504364
2012-07-29 06:00:00,84.67041598237567
2012-07-29 07:00:00,97.40975465104587
2012-07-29 08:00:00,110.65252695482224
2012-07-29 09:00:00,125.3229476335251
2012-07-29 10:00:00,121.92890205275451
2012-07-29 11:00:00,150.75004379268202
2012-07-29 12:00:00,163.8948482888143
2012-07-29 13:00:00,186.7687210318364
2012-07-29 14:00:00,195.68829694347545
2012-07-29 15:00:00,205.63782445705468
2012-07-29 16:00:00,215.43119655276342
2012-07-29 17:00:00,238.76714681950048
2012-07-29 18:00:00,251.26620593047747
2012-07-29 19:00:00,214.14261386359914
2012-07-29 20:00:00,197.7565198210407
2012-07-29 21:00:00,196.7954919357866
2012-07-29 22:00:00,195.38387226796854
2012-07-29 23:00:00,197.23865981205802
2012-07-30 00:00:00,65.69122961668434
2012-07-30 01:00:00,66.66634450288619
2012-07-30 02:00:00,66.89167183536802
2012-07-30 03:00:00,62.40832433588789
2012-07-30 04:00:00,65.38048154337031
2012-07-30 05:00:00,71.08139960699947
2012-07-30 06:00:00,76.06075906418619
2012-07-30 07:00:00,87.37633002666888
2012-07-30 08:00:00,95.37099457521448
2012-07-30 09:00:00,101.04727183554023
2012-07-30 10:00:00,118.3784980846828
2012-07-30 11:00:00,139.31280981763265
2012-07-30 12:00:00,136.83659299771173
2012-07-30 13:00:00,175.2575531389741
2012-07-30 14:00:00,187.5346095769574
2012-07-30 15:00:00,198.55410169330258
2012-07-30 16:00:00,210.22855554844955
2012-07-30 17:00:00,198.22798141765753
2012-07-30 18:00:00,212.07970884333355
2012-07-30 19:00:00,236.11242476957437
2012-07-30 20:00:00,185.8607072407228
2012-07-30 21:00:00,192.65750343868984
2012-07-30 22:00:00,182.79007559658538
2012-07-30 23:00:00,198.75720652125815
2012-07-31 00:00:00,60.39489209280881
2012-07-31 01:00:00,58.67099098764259
2012-07-31 02:00:00,61.465160044250005
2012-07-31 03:00:00,63.379213816552024
2012-07-31 04:00:00,66.39760902510773
2012-07-31 05:00:00,71.4254600076129
2012-07-31 06:00:00,68.27397096826225
2012-07-31 07:00:00,83.59946699735801
2012-07-31 08:00:00,91.49242496756872
2012-07-31 09:00:00,105.05720993306625
2012-07-31 10:00:00,109.53965968872699
2012-07-31 11:00:00,129.88658837940648
2012-07-31 12:00:00,156.93873463803456
2012-07-31 13:00:00,173.70717958909486
2012-07-31 14:00:00,181.9798747992478
2012-07-31 15:00:00,158.86879139350157
2012-07-31 16:00:00,177.45683059610005
2012-07-31 17:00:00,198.30075203003125
2012-07-31 18:00:00,201.07837388743152
2012-07-31 19:00:00,180.33389656794174
2012-07-31 20:00:00,157.46871236491336
2012-07-31 21:00:00,163.87652819391897
2012-07-31 22:00:00,182.58882000873146
2012-07-31 23:00:00,157.31922249230416
2012-08-20 00:00:00,49.13401229723326
2012-08-20 01:00:00,55.151692401175914
2012-08-20 02:00:00,57.77825707534946
2012-08-20 03:00:00,56.14989080746753
2012-08-20 04:00:00,58.87198531099196
2012-08-20 05:00:00,59.745875929145726
2012-08-20 06:00:00,69.28967451954766
2012-08-20 07:00:00,74.7663449527121
2012-08-20 08:00:00,80.69983456721972
2012-08-20 09:00:00,86.67404680365162
2012-08-20 10:00:00,93.73483281807935
2012-08-20 11:00:00,110.16627924550387
2012-08-20 12:00:00,113.63825075646935
2012-08-20 13:00:00,137.1919060873412
2012-08-20 14:00:00,154.54481275359
2012-08-20 15:00:00,167.12867063411
2012-08-20 16:00:00,175.08806849149596
2012-08-20 17:00:00,174.24338347706558
2012-08-20 18:00:00,130.12653231158947
2012-08-20 19:00:00,133.46652649349411
2012-08-20 20:00:00,136.76100093765044
2012-08-20 21:00:00,131.93783395762213
2012-08-20 22:00:00,131.76589429631463
2012-08-20 23:00:00,138.0411621648344
2012-08-21 00:00:00,48.08219587995007
2012-08-21 01:00:00,51.177332845236315
2012-08-21 02:00:00,52.711320554528385
2012-08-21 03:00:00,50.85234395279827
2012-08-21 04:00:00,53.274154860317985
2012-08-21 05:00:00,59.99032937249013
2012-08-21 06:00:00,63.180456589405864
2012-08-21 07:00:00,74.12286302994973
2012-08-21 08:00:00,78.47830604199963
2012-08-21 09:00:00,89.44560112059719
2012-08-21 10:00:00,106.85215041409784
2012-08-21 11:00:00,121.10536363484516
2012-08-21 12:00:00,138.65216782736906
2012-08-21 13:00:00,153.69075927997872
2012-08-21 14:00:00,175.4131881253384
2012-08-21 15:00:00,178.017006199307
2012-08-21 16:00:00,186.4949541919828
2012-08-21 17:00:00,189.87237415058564
2012-08-21 18:00:00,187.05696355380397
2012-08-21 19:00:00,126.258382848489
2012-08-21 20:00:00,144.47021400962765
2012-08-21 21:00:00,151.35051711669766
2012-08-21 22:00:00,150.22029501508547
2012-08-21 23:00:00,146.74030758136146
2012-08-22 00:00:00,52.41280268749473
2012-08-22 01:00:00,55.84222782290599
2012-08-22 02:00:00,58.501678812367714
2012-08-22 03:00:00,61.28778448308205
2012-08-22 04:00:00,59.505459685213395
2012-08-22 05:00:00,65.30599825047929
2012-08-22 06:00:00,73.37421093281526
2012-08-22 07:00:00,73.82378265119478
2012-08-22 08:00:00,85.6311698232224
2012-08-22 09:00:00,98.3599858258909
2012-08-22 10:00:00,113.16304432320786
2012-08-22 11:00:00,125.11597546167482
2012-08-22 12:00:00,136.53645205397055
2012-08-22 13:00:00,156.64630330484962
2012-08-22 14:00:00,168.13471383303403
2012-08-22 15:00:00,173.74934571542371
2012-08-22 16:00:00,158.8015213399617
2012-08-22 17:00:00,166.36434394787986
2012-08-22 18:00:00,147.50157967054852
2012-08-22 19:00:00,134.7834648774826
2012-08-22 20:00:00,155.30514627007557
2012-08-22 21:00:00,151.87918022014543
2012-08-22 22:00:00,159.11233068462977
2012-08-22 23:00:00,149.63270139652528
2012-08-23 00:00:00,55.56351263545747
2012-08-23 01:00:00,54.2763341904575
2012-08-23 02:00:00,56.861210480223946
2012-08-23 03:00:00,61.49333341122891
2012-08-23 04:00:00,62.406135092082714
2012-08-23 05:00:00,65.3781880382054
2012-08-23 06:00:00,61.9983252852312
2012-08-23 07:00:00,70.61199451987645
2012-08-23 08:00:00,85.55614921751491
2012-08-23 09:00:00,95.14711306686405
2012-08-23 10:00:00,126.18536926663091
2012-08-23 11:00:00,145.64072682524227
2012-08-23 12:00:00,162.8359643103915
2012-08-23 13:00:00,189.39711324998797
2012-08-23 14:00:00,183.85935108196372
2012-08-23 15:00:00,186.58854326261823
2012-08-23 16:00:00,188.71473652103373
2012-08-23 17:00:00,206.8912603766652
2012-08-23 18:00:00,205.39225209780187
2012-08-23 19:00:00,197.06120950104602
2012-08-23 20:00:00,185.83446733227277
2012-08-23 21:00:00,196.75405946693334
2012-08-23 22:00:00,188.77022277689724
2012-08-23 23:00:00,173.41294959744238
2012-08-24 00:00:00,62.97635017559313
2012-08-24 01:00:00,62.01672816954652
2012-08-24 02:00:00,72.5037721755754
2012-08-24 03:00:00,71.39897307071968
2012-08-24 04:00:00,71.30592686191638
2012-08-24 05:00:00,74.24073447930864
2012-08-24 06:00:00,69.13391403891872
2012-08-24 07:00:00,77.67504558841217
2012-08-24 08:00:00,87.75451872238963
2012-08-24 09:00:00,114.34513842982247
2012-08-24 10:00:00,135.93258475800425
2012-08-24 11:00:00,147.7853657346731
2012-08-24 12:00:00,157.78755573652035
2012-08-24 13:00:00,182.10396316667797
2012-08-24 14:00:00,191.18058521298875
2012-08-24 15:00:00,179.90599856257973
2012-08-24 16:00:00,188.47390862885908
2012-08-24 17:00:00,193.15212508462562
2012-08-24 18:00:00,182.72094084018266
2012-08-24 19:00:00,193.00785713368657
2012-08-24 20:00:00,189.46758900161652
2012-08-24 21:00:00,200.71675366426405
2012-08-24 22:00:00,198.37542169756915
2012-08-24 23:00:00,195.24655230838215
2012-08-25 00:00:00,72.12803891790287
2012-08-25 01:00:00,68.769092497421
2012-08-25 02:00:00,69.33963964035028
2012-08-25 03:00:00,79.34358967324034
2012-08-25 04:00:00,79.66020683266453
2012-08-25 05:00:00,80.12570880658996
2012-08-25 06:00:00,79.52736366231322
2012-08-25 07:00:00,84.2003739343236
2012-08-25 08:00:00,97.16303762613443
2012-08-25 09:00:00,110.34116752888579
2012-08-25 10:00:00,123.62699660834943
2012-08-25 11:00:00,137.81447065537142
2012-08-25 12:00:00,150.33006895723258
2012-08-25 13:00:00,167.47414683967708
2012-08-25 14:00:00,131.6914712702076
2012-08-25 15:00:00,135.24747593505282
2012-08-25 16:00:00,143.23494936019821
2012-08-25 17:00:00,151.6567839759993
2012-08-25 18:00:00,173.50591375391699
2012-08-25 19:00:00,152.71559866703
2012-08-25 20:00:00,139.96811490474602
2012-08-25 21:00:00,167.44833254916736
2012-08-25 22:00:00,175.42295410427164
2012-08-25 23:00:00,168.8176387897519
2012-08-26 00:00:00,56.538315288337955
2012-08-26 01:00:00,57.98950007566151
2012-08-26 02:00:00,58.53158423060639
2012-08-26 03:00:00,61.97088715416446
2012-08-26 04:00:00,63.56151128642646
2012-08-26 05:00:00,69.85085667142711
2012-08-26 06:00:00,74.32231621094614
2012-08-26 07:00:00,76.66249031491985
2012-08-26 08:00:00,97.98976420661587
2012-08-26 09:00:00,101.57318141559371
2012-08-26 10:00:00,137.3328453148754
2012-08-26 11:00:00,142.3550115099238
2012-08-26 12:00:00,125.02226170477249
2012-08-26 13:00:00,113.79660026105907
2012-08-26 14:00:00,102.85635762074187
2012-08-26 15:00:00,104.34944675435376
2012-08-26 16:00:00,109.31902354668243
2012-08-26 17:00:00,123.38037992825696
2012-08-26 18:00:00,117.48587703465738
2012-08-26 19:00:00,126.38230404388608
2012-08-26 20:00:00,138.8877014864089
2012-08-26 21:00:00,151.12121082314943
2012-08-26 22:00:00,145.28460856667996
2012-08-26 23:00:00,160.6519836075795
2012-08-27 00:00:00,51.15908894318112
2012-08-27 01:00:00,52.417203243200134
2012-08-27 02:00:00,55.79139238755661
2012-08-27 03:00:00,57.52876238682947
2012-08-27 04:00:00,61.62333154361421
2012-08-27 05:00:00,61.1631543825949
2012-08-27 06:00:00,64.0760111539479
2012-08-27 07:00:00,75.17352128578966
2012-08-27 08:00:00,81.29743227557428
2012-08-27 09:00:00,85.62061492985396
2012-08-27 10:00:00,110.96634157938281
2012-08-27 11:00:00,128.7191304817929
2012-08-27 12:00:00,133.91515388504138
2012-08-27 13:00:00,154.84222905849907
2012-08-27 14:00:00,178.80815608862727
2012-08-27 15:00:00,194.8170181270481
2012-08-27 16:00:00,200.8765837294824
2012-08-27 17:00:00,217.95185706030887
2012-08-27 18:00:00,213.41444517467687
2012-08-27 19:00:00,182.748111464379
2012-08-27 20:00:00,189.4310822096587
2012-08-27 21:00:00,189.0827382192328
2012-08-27 22:00:00,174.9894257084345
2012-08-27 23:00:00,181.39510256078182
2012-08-28 00:00:00,63.180903925079626
2012-08-28 01:00:00,59.60729433100097
2012-08-28 02:00:00,66.95259044472506
2012-08-28 03:00:00,60.515018397389404
2012-08-28 04:00:00,67.45904719196973
2012-08-28 05:00:00,66.3110805285806
2012-08-28 06:00:00,65.63208154765555
2012-08-28 07:00:00,73.16328745628375
2012-08-28 08:00:00,76.44463069798353
2012-08-28 09:00:00,92.3476934870021
2012-08-28 10:00:00,125.79651942584739
2012-08-28 11:00:00,149.9889095890321
2012-08-28 12:00:00,171.69882303174504
2012-08-28 13:00:00,192.88341178054694
2012-08-28 14:00:00,216.0843040029366
2012-08-28 15:00:00,224.61136270043735
2012-08-28 16:00:00,236.50861538482755
2012-08-28 17:00:00,241.7678327041546
2012-08-28 18:00:00,228.23334666485064
2012-08-28 19:00:00,209.6708591446181
2012-08-28 20:00:00,206.56187838155125
2012-08-28 21:00:00,215.25827047018075
2012-08-28 22:00:00,202.03420414927604
2012-08-28 23:00:00,200.57038714665333
2012-08-29 00:00:00,60.821205107002264
2012-08-29 01:00:00,64.881768965192
2012-08-29 02:00:00,63.887394354881295
2012-08-29 03:00:00,66.22606140015586
2012-08-29 04:00:00,71.23114861101432
2012-08-29 05:00:00,73.83602194461847
2012-08-29 06:00:00,77.35241606559197
2012-08-29 07:00:00,87.1988329171437
2012-08-29 08:00:00,99.78965189408274
2012-08-29 09:00:00,121.5322024607801
2012-08-29 10:00:00,132.95591736674186
2012-08-29 11:00:00,132.81141578167174
2012-08-29 12:00:00,153.7080748157889
2012-08-29 13:00:00,153.8328702213948
2012-08-29 14:00:00,174.1462837095439
2012-08-29 15:00:00,189.32442992064378
2012-08-29 16:00:00,196.2797631389277
2012-08-29 17:00:00,222.19822895354054
2012-08-29 18:00:00,205.7682966676899
2012-08-29 19:00:00,188.8929081734238
2012-08-29 20:00:00,175.05090845082086
2012-08-29 21:00:00,189.2923073099527
2012-08-29 22:00:00,191.0892673646132
2012-08-29 23:00:00,195.39355869686517
2012-08-30 00:00:00,60.574910213041306
2012-08-30 01:00:00,65.5451506869911
2012-08-30 02:00:00,62.48717136981672
2012-08-30 03:00:00,65.46308361771514
2012-08-30 04:00:00,68.58072181532543
2012-08-30 05:00:00,71.84683557189287
2012-08-30 06:00:00,70.48049116812786
2012-08-30 07:00:00,81.22500299809641
2012-08-30 08:00:00,93.50003063583847
2012-08-30 09:00:00,109.97503958929369
2012-08-30 10:00:00,122.57808137406943
2012-08-30 11:00:00,155.37002152746433
2012-08-30 12:00:00,158.82096787608975
2012-08-30 13:00:00,160.69040463704508
2012-08-30 14:00:00,170.13253721761066
2012-08-30 15:00:00,196.89396695915087
2012-08-30 16:00:00,211.33413359715587
2012-08-30 17:00:00,247.13373082528312
2012-08-30 18:00:00,235.73180262680907
2012-08-30 19:00:00,214.69174397084052
2012-08-30 20:00:00,206.32884424254337
2012-08-30 21:00:00,197.29275786316313
2012-08-30 22:00:00,182.7427910991735
2012-08-30 23:00:00,194.9907744495134
2012-08-31 00:00:00,64.41306965432614
2012-08-31 01:00:00,67.4807015971226
2012-08-31 02:00:00,62.96023018596002
2012-08-31 03:00:00,65.26495738583456
2012-08-31 04:00:00,67.088094586109
2012-08-31 05:00:00,71.03269637371176
2012-08-31 06:00:00,70.94012749191415
2012-08-31 07:00:00,72.37732789446588
2012-08-31 08:00:00,94.38013163270983
2012-08-31 09:00:00,113.65884434776291
2012-08-31 10:00:00,135.0615081689935
2012-08-31 11:00:00,223.29354287493902
2012-08-31 12:00:00,233.99128563839972
2012-08-31 13:00:00,257.2030146053636
2012-08-31 14:00:00,271.78940183626804
2012-08-31 15:00:00,291.621926773706
2012-08-31 16:00:00,300.69250086103324
2012-08-31 17:00:00,284.52053010901477
2012-08-31 18:00:00,289.2250503046103
2012-08-31 19:00:00,245.81578424201706
2012-08-31 20:00:00,257.52260641073406
2012-08-31 21:00:00,241.50279759443401
2012-08-31 22:00:00,253.0042164858348
2012-08-31 23:00:00,238.1003534612398
2012-09-20 00:00:00,50.98802533962299
2012-09-20 01:00:00,48.582311101904494
2012-09-20 02:00:00,50.62765862306486
2012-09-20 03:00:00,47.90736843996802
2012-09-20 04:00:00,52.08470050717186
2012-09-20 05:00:00,54.56520162075381
2012-09-20 06:00:00,55.083191438091895
2012-09-20 07:00:00,59.23879877544764
2012-09-20 08:00:00,73.34432842518562
2012-09-20 09:00:00,89.58398220982775
2012-09-20 10:00:00,102.30119384022426
2012-09-20 11:00:00,124.37557095117954
2012-09-20 12:00:00,136.65791312630134
2012-09-20 13:00:00,144.30872353090209
2012-09-20 14:00:00,150.71817413696257
2012-09-20 15:00:00,160.4478764665211
2012-09-20 16:00:00,163.67598715303293
2012-09-20 17:00:00,170.9456319076061
2012-09-20 18:00:00,166.98083888982
2012-09-20 19:00:00,154.11726853733967
2012-09-20 20:00:00,147.006810470205
2012-09-20 21:00:00,157.30485969310746
2012-09-20 22:00:00,144.12184959345086
2012-09-20 23:00:00,157.2128941368634
2012-09-21 00:00:00,55.01509435452962
2012-09-21 01:00:00,54.17193588517059
2012-09-21 02:00:00,56.75184027128779
2012-09-21 03:00:00,57.222685517994655
2012-09-21 04:00:00,58.07209407378871
2012-09-21 05:00:00,58.42790806879788
2012-09-21 06:00:00,65.79380674893808
2012-09-21 07:00:00,68.77889136178737
2012-09-21 08:00:00,80.4022065392398
2012-09-21 09:00:00,93.05275683834302
2012-09-21 10:00:00,116.09015432355667
2012-09-21 11:00:00,131.4734222635761
2012-09-21 12:00:00,138.9041989888549
2012-09-21 13:00:00,153.5623143706654
2012-09-21 14:00:00,168.72690719126436
2012-09-21 15:00:00,172.1452035421445
2012-09-21 16:00:00,178.4404333532421
2012-09-21 17:00:00,182.86960329915271
2012-09-21 18:00:00,178.16679439097112
2012-09-21 19:00:00,175.45192164639866
2012-09-21 20:00:00,171.45876062410778
2012-09-21 21:00:00,172.44526159429842
2012-09-21 22:00:00,176.87146246348644
2012-09-21 23:00:00,194.34477663522156
2012-09-22 00:00:00,66.38659133989968
2012-09-22 01:00:00,60.93501665536896
2012-09-22 02:00:00,58.579506454333334
2012-09-22 03:00:00,64.58197085284897
2012-09-22 04:00:00,67.65764660902906
2012-09-22 05:00:00,72.01544543570294
2012-09-22 06:00:00,74.64899995617688
2012-09-22 07:00:00,82.5562702385415
2012-09-22 08:00:00,96.83247556518856
2012-09-22 09:00:00,107.94420015731221
2012-09-22 10:00:00,123.53486837933399
2012-09-22 11:00:00,143.0107748481189
2012-09-22 12:00:00,160.24458871569252
2012-09-22 13:00:00,178.518183623607
2012-09-22 14:00:00,192.20147731560533
2012-09-22 15:00:00,202.87687248839896
2012-09-22 16:00:00,203.09881852236177
2012-09-22 17:00:00,212.77127205682203
2012-09-22 18:00:00,210.72740068761286
2012-09-22 19:00:00,201.00513944845417
2012-09-22 20:00:00,222.15395057865388
2012-09-22 21:00:00,210.69891092105922
2012-09-22 22:00:00,212.6699044088145
2012-09-22 23:00:00,235.7683307212082
2012-09-23 00:00:00,100.27646364804338
2012-09-23 01:00:00,83.04368181135477
2012-09-23 02:00:00,84.0584185513045
2012-09-23 03:00:00,79.69171960675779
2012-09-23 04:00:00,78.93195755506702
2012-09-23 05:00:00,80.91110156962174
2012-09-23 06:00:00,80.32486892313852
2012-09-23 07:00:00,87.86733581985018
2012-09-23 08:00:00,102.71651000419294
2012-09-23 09:00:00,113.27347827786234
2012-09-23 10:00:00,128.71480705787033
2012-09-23 11:00:00,137.77029563222843
2012-09-23 12:00:00,140.2499787926544
2012-09-23 13:00:00,175.03223146109235
2012-09-23 14:00:00,185.31708660885812
2012-09-23 15:00:00,204.30596654545295
2012-09-23 16:00:00,222.120634588446
2012-09-23 17:00:00,202.25923173146367
2012-09-23 18:00:00,195.0556572480726
2012-09-23 19:00:00,188.51619026822752
2012-09-23 20:00:00,197.49415530086083
2012-09-23 21:00:00,183.96090128474717
2012-09-23 22:00:00,194.80530882658917
2012-09-23 23:00:00,179.32868983883785
2012-09-24 00:00:00,58.251961514292795
2012-09-24 01:00:00,57.8462035083673
2012-09-24 02:00:00,59.6692692592855
2012-09-24 03:00:00,66.27282621868683
2012-09-24 04:00:00,63.89513071779043
2012-09-24 05:00:00,68.61914830719215
2012-09-24 06:00:00,74.24942769192222
2012-09-24 07:00:00,76.47305133565595
2012-09-24 08:00:00,95.66269847249313
2012-09-24 09:00:00,105.76714250013694
2012-09-24 10:00:00,118.18603567921025
2012-09-24 11:00:00,139.03467509777127
2012-09-24 12:00:00,153.62152747383092
2012-09-24 13:00:00,186.19056257950197
2012-09-24 14:00:00,177.34958028223815
2012-09-24 15:00:00,183.81180168798846
2012-09-24 16:00:00,195.34168430585353
2012-09-24 17:00:00,187.02869077649504
2012-09-24 18:00:00,184.98580346707288
2012-09-24 19:00:00,183.16594911126333
2012-09-24 20:00:00,170.9312077953084
2012-09-24 21:00:00,177.11626245975728
2012-09-24 22:00:00,191.54480335547166
2012-09-24 23:00:00,166.28003284622963
2012-09-25 00:00:00,54.90027277261636
2012-09-25 01:00:00,53.06254385318361
2012-09-25 02:00:00,51.82866370760892
2012-09-25 03:00:00,56.098485120465895
2012-09-25 04:00:00,59.709644964879665
2012-09-25 05:00:00,58.65418823207563
2012-09-25 06:00:00,66.38494974467653
2012-09-25 07:00:00,68.81260097190692
2012-09-25 08:00:00,82.92433415160711
2012-09-25 09:00:00,105.99284705909744
2012-09-25 10:00:00,120.02163862200283
2012-09-25 11:00:00,147.83805287932984
2012-09-25 12:00:00,160.39480880937228
2012-09-25 13:00:00,163.57209388385482
2012-09-25 14:00:00,190.75343704014534
2012-09-25 15:00:00,204.74325836465246
2012-09-25 16:00:00,207.1458837263431
2012-09-25 17:00:00,215.86686282734857
2012-09-25 18:00:00,214.39202582263962
2012-09-25 19:00:00,207.70567819381364
2012-09-25 20:00:00,207.26744113924886
2012-09-25 21:00:00,217.13842270483158
2012-09-25 22:00:00,226.28009432470196
2012-09-25 23:00:00,240.85469422537673
2012-09-26 00:00:00,70.70697858912655
2012-09-26 01:00:00,74.86436114499378
2012-09-26 02:00:00,73.58776553494963
2012-09-26 03:00:00,77.09233660050299
2012-09-26 04:00:00,75.66858951705329
2012-09-26 05:00:00,78.43851993060169
2012-09-26 06:00:00,78.9397410148878
2012-09-26 07:00:00,78.38988087164418
2012-09-26 08:00:00,92.60643838545137
2012-09-26 09:00:00,111.10355807279694
2012-09-26 10:00:00,110.21401319805932
2012-09-26 11:00:00,133.5563934211968
2012-09-26 12:00:00,144.91458449012254
2012-09-26 13:00:00,160.20695661008833
2012-09-26 14:00:00,194.54729732772932
2012-09-26 15:00:00,204.89280859053633
2012-09-26 16:00:00,218.76005986637642
2012-09-26 17:00:00,224.87330438989446
2012-09-26 18:00:00,229.42908988138677
2012-09-26 19:00:00,214.16970129251905
2012-09-26 20:00:00,189.31904117939976
2012-09-26 21:00:00,204.85288444305246
2012-09-26 22:00:00,180.41258621604644
2012-09-26 23:00:00,180.34675161959302
2012-09-27 00:00:00,62.79650342840715
2012-09-27 01:00:00,65.78714742110456
2012-09-27 02:00:00,68.9202189535973
2012-09-27 03:00:00,69.94326467604897
2012-09-27 04:00:00,62.786421331164625
2012-09-27 05:00:00,70.60966616445091
2012-09-27 06:00:00,71.19548374369015
2012-09-27 07:00:00,84.24968226392586
2012-09-27 08:00:00,100.66864686538163
2012-09-27 09:00:00,112.24100987103097
2012-09-27 10:00:00,147.27715549978365
2012-09-27 11:00:00,152.33991277222285
2012-09-27 12:00:00,164.4017542025588
2012-09-27 13:00:00,164.2169328111374
2012-09-27 14:00:00,187.41034174987516
2012-09-27 15:00:00,190.19224452646841
2012-09-27 16:00:00,192.56137667643867
2012-09-27 17:00:00,167.10045974098273
2012-09-27 18:00:00,170.48580533447185
2012-09-27 19:00:00,187.45697291502805
2012-09-27 20:00:00,181.6633738486325
2012-09-27 21:00:00,159.3339004710237
2012-09-27 22:00:00,166.92207730032698
2012-09-27 23:00:00,166.73442254727863
2012-09-28 00:00:00,55.69655125316049
2012-09-28 01:00:00,55.04685902018522
2012-09-28 02:00:00,64.1111540213538
2012-09-28 03:00:00,70.15066371625716
2012-09-28 04:00:00,62.75060585236284
2012-09-28 05:00:00,69.70518941665105
2012-09-28 06:00:00,68.46077739482759
2012-09-28 07:00:00,69.47700320682993
2012-09-28 08:00:00,91.39952029526368
2012-09-28 09:00:00,94.52450381301689
2012-09-28 10:00:00,107.3313567512771
2012-09-28 11:00:00,120.38523636881096
2012-09-28 12:00:00,165.2845574151211
2012-09-28 13:00:00,177.4064958809067
2012-09-28 14:00:00,181.40258238558914
2012-09-28 15:00:00,186.47657016904876
2012-09-28 16:00:00,191.77944742645678
2012-09-28 17:00:00,199.73789756061606
2012-09-28 18:00:00,207.1335710887557
2012-09-28 19:00:00,205.73739746626435
2012-09-28 20:00:00,200.55500281842194
2012-09-28 21:00:00,212.3395703573768
2012-09-28 22:00:00,216.8846489410415
2012-09-28 23:00:00,213.02207254881426
2012-09-29 00:00:00,73.67840632158149
2012-09-29 01:00:00,77.18729409760819
2012-09-29 02:00:00,79.61990857774501
2012-09-29 03:00:00,78.20192910927963
2012-09-29 04:00:00,87.77969756108088
2012-09-29 05:00:00,84.62281773207795
2012-09-29 06:00:00,90.5507739920518
2012-09-29 07:00:00,90.12199150556634
2012-09-29 08:00:00,96.46235500399536
2012-09-29 09:00:00,101.93183774344244
2012-09-29 10:00:00,122.4701328955019
2012-09-29 11:00:00,137.9485888946792
2012-09-29 12:00:00,180.74045207680737
2012-09-29 13:00:00,189.34810246704214
2012-09-29 14:00:00,193.6917716437983
2012-09-29 15:00:00,198.0546844610011
2012-09-29 16:00:00,214.27651053684284
2012-09-29 17:00:00,234.88285129488565
2012-09-29 18:00:00,194.27340978926748
2012-09-29 19:00:00,176.49371170171534
2012-09-29 20:00:00,186.8644431046751
2012-09-29 21:00:00,191.66074514767453
2012-09-29 22:00:00,180.79717090507012
2012-09-29 23:00:00,194.60029615010814
2012-09-30 00:00:00,62.171422264463864
2012-09-30 01:00:00,65.13229715974606
2012-09-30 02:00:00,64.1398232312858
2012-09-30 03:00:00,65.1968471524859
2012-09-30 04:00:00,68.30180600583489
2012-09-30 05:00:00,64.63186081344925
2012-09-30 06:00:00,69.89700944498645
2012-09-30 07:00:00,68.12477849778772
2012-09-30 08:00:00,85.19642772557012
2012-09-30 09:00:00,97.80748989916925
2012-09-30 10:00:00,131.2290453544173
2012-09-30 11:00:00,156.4419398657218
2012-09-30 12:00:00,173.79514942999208
2012-09-30 13:00:00,179.20085330268523
2012-09-30 14:00:00,187.7351812693199
2012-09-30 15:00:00,208.0974499350798
2012-09-30 16:00:00,215.7150817587458
2012-09-30 17:00:00,228.9986841507641
2012-09-30 18:00:00,173.44559476317588
2012-09-30 19:00:00,129.12495552296537
2012-09-30 20:00:00,135.27445034288533
2012-09-30 21:00:00,153.5724522419637
2012-09-30 22:00:00,151.23234354587316
2012-09-30 23:00:00,163.55228539255805
2012-10-20 00:00:00,53.07097448979367
2012-10-20 01:00:00,60.27929170147504
2012-10-20 02:00:00,58.26357294557943
2012-10-20 03:00:00,59.88577067401571
2012-10-20 04:00:00,64.15917632062062
2012-10-20 05:00:00,58.432698950736345
2012-10-20 06:00:00,68.91434125816228
2012-10-20 07:00:00,64.13087012600458
2012-10-20 08:00:00,86.92806939274331
2012-10-20 09:00:00,103.07490821056182
2012-10-20 10:00:00,117.70727204572984
2012-10-20 11:00:00,131.12519132151596
2012-10-20 12:00:00,142.36029248961285
2012-10-20 13:00:00,156.07207409307912
2012-10-20 14:00:00,158.03784035639552
2012-10-20 15:00:00,161.59764732931112
2012-10-20 16:00:00,183.23932232472885
2012-10-20 17:00:00,195.6941850395405
2012-10-20 18:00:00,195.8355408333272
2012-10-20 19:00:00,183.80468053553923
2012-10-20 20:00:00,208.65643958626745
2012-10-20 21:00:00,193.13014039222173
2012-10-20 22:00:00,182.2985590856999
2012-10-20 23:00:00,168.82696816591383
2012-10-21 00:00:00,62.79281062886466
2012-10-21 01:00:00,63.15409382244941
2012-10-21 02:00:00,60.888290275014725
2012-10-21 03:00:00,58.38903002191404
2012-10-21 04:00:00,56.9993179628485
2012-10-21 05:00:00,64.08294274196898
2012-10-21 06:00:00,69.19182683059812
2012-10-21 07:00:00,72.4870440792878
2012-10-21 08:00:00,75.118217925991
2012-10-21 09:00:00,97.51731769608281
2012-10-21 10:00:00,120.29794953951394
2012-10-21 11:00:00,135.51400090898264
2012-10-21 12:00:00,152.26967068320292
2012-10-21 13:00:00,162.6154155124515
2012-10-21 14:00:00,169.5076533636884
2012-10-21 15:00:00,186.25348924068157
2012-10-21 16:00:00,179.6199681348659
2012-10-21 17:00:00,181.6603083899315
2012-10-21 18:00:00,186.32303444838465
2012-10-21 19:00:00,183.01123395822307
2012-10-21 20:00:00,185.10666262506268
2012-10-21 21:00:00,161.9408709894124
2012-10-21 22:00:00,160.05185409849489
2012-10-21 23:00:00,172.71784384959935
2012-10-22 00:00:00,50.164089026134484
2012-10-22 01:00:00,48.86563943270776
2012-10-22 02:00:00,49.69792700978754
2012-10-22 03:00:00,57.67793575651251
2012-10-22 04:00:00,56.79396671858164
2012-10-22 05:00:00,56.65113980674641
2012-10-22 06:00:00,56.8426164852698
2012-10-22 07:00:00,67.41015466316169
2012-10-22 08:00:00,74.16309957287807
2012-10-22 09:00:00,85.32455605440875
2012-10-22 10:00:00,98.00779484196772
2012-10-22 11:00:00,137.57239086910926
2012-10-22 12:00:00,142.34018501846597
2012-10-22 13:00:00,183.33585722767793
2012-10-22 14:00:00,194.62412160423582
2012-10-22 15:00:00,204.4661200350176
2012-10-22 16:00:00,204.09012817914552
2012-10-22 17:00:00,209.3285667096546
2012-10-22 18:00:00,145.59769450925896
2012-10-22 19:00:00,163.16077831482968
2012-10-22 20:00:00,156.81103322205476
2012-10-22 21:00:00,148.72016705054165
2012-10-22 22:00:00,136.12380695234057
2012-10-22 23:00:00,141.10676586953173
2012-10-23 00:00:00,46.32900606413025
2012-10-23 01:00:00,53.04868342123618
2012-10-23 02:00:00,48.845536373506285
2012-10-23 03:00:00,55.93021771353762
2012-10-23 04:00:00,56.284570482233725
2012-10-23 05:00:00,60.41849928901354
2012-10-23 06:00:00,57.29541152375934
2012-10-23 07:00:00,63.548471847691175
2012-10-23 08:00:00,71.02308985704738
2012-10-23 09:00:00,79.36043087918341
2012-10-23 10:00:00,98.25341846120662
2012-10-23 11:00:00,125.66575244075665
2012-10-23 12:00:00,139.31360736831863
2012-10-23 13:00:00,146.0079967445288
2012-10-23 14:00:00,182.3983166085112
2012-10-23 15:00:00,195.17559431830628
2012-10-23 16:00:00,190.28535021743238
2012-10-23 17:00:00,197.85008929430896
2012-10-23 18:00:00,182.56822167644773
2012-10-23 19:00:00,185.1776567334497
2012-10-23 20:00:00,168.56152450926038
2012-10-23 21:00:00,158.2547813149097
2012-10-23 22:00:00,172.05396908711
2012-10-23 23:00:00,168.0681850738022
2012-10-24 00:00:00,57.54071914317536
2012-10-24 01:00:00,60.80331801043228
2012-10-24 02:00:00,63.69903780080694
2012-10-24 03:00:00,60.36817680993485
2012-10-24 04:00:00,63.24317327422933
2012-10-24 05:00:00,61.63964960754289
2012-10-24 06:00:00,65.063284155328
2012-10-24 07:00:00,66.52952121480222
2012-10-24 08:00:00,71.64198833080094
2012-10-24 09:00:00,78.36833035089084
2012-10-24 10:00:00,84.61608831659824
2012-10-24 11:00:00,106.10316638451947
2012-10-24 12:00:00,128.15993975195678
2012-10-24 13:00:00,144.05229361584892
2012-10-24 14:00:00,219.6340532499703
2012-10-24 15:00:00,193.8766539342852
2012-10-24 16:00:00,225.51790763791533
2012-10-24 17:00:00,183.61848059096653
2012-10-24 18:00:00,197.0850255466125
2012-10-24 19:00:00,185.92420826975604
2012-10-24 20:00:00,177.26586314880475
2012-10-24 21:00:00,186.69239340086892
2012-10-24 22:00:00,189.8583297498308
2012-10-24 23:00:00,176.68011752612722
2012-10-25 00:00:00,69.2443849539463
2012-10-25 01:00:00,66.17592402890108
2012-10-25 02:00:00,60.75859594547503
2012-10-25 03:00:00,56.52603956988529
2012-10-25 04:00:00,58.595236275696415
2012-10-25 05:00:00,62.6999211230492
2012-10-25 06:00:00,66.38415459904321
2012-10-25 07:00:00,69.54565822301912
2012-10-25 08:00:00,75.06483187075288
2012-10-25 09:00:00,79.47562476322472
2012-10-25 10:00:00,83.96752595929773
2012-10-25 11:00:00,87.04124790111688
2012-10-25 12:00:00,97.7947363863342
2012-10-25 13:00:00,98.72310604561751
2012-10-25 14:00:00,129.1586654563231
2012-10-25 15:00:00,148.69091552144934
2012-10-25 16:00:00,147.9735794447819
2012-10-25 17:00:00,155.02072812797243
2012-10-25 18:00:00,130.24714871313728
2012-10-25 19:00:00,136.75169405948606
2012-10-25 20:00:00,124.66474110761764
2012-10-25 21:00:00,130.6018210203508
2012-10-25 22:00:00,144.44107477155973
2012-10-25 23:00:00,153.7390051520138
2012-10-26 00:00:00,55.87907593865886
2012-10-26 01:00:00,53.67526675494452
2012-10-26 02:00:00,56.52957562674549
2012-10-26 03:00:00,60.48955782411445
2012-10-26 04:00:00,63.370334982891286
2012-10-26 05:00:00,64.99687913486642
2012-10-26 06:00:00,67.73329085770115
2012-10-26 07:00:00,71.33516830889435
2012-10-26 08:00:00,77.79864443395022
2012-10-26 09:00:00,81.50375595949319
2012-10-26 10:00:00,84.48728894050306
2012-10-26 11:00:00,100.95633600147777
2012-10-26 12:00:00,114.64487963867587
2012-10-26 13:00:00,122.43734589941317
2012-10-26 14:00:00,142.12788949914898
2012-10-26 15:00:00,153.38661403771468
2012-10-26 16:00:00,136.64230937366867
2012-10-26 17:00:00,137.0818879025816
2012-10-26 18:00:00,138.34564141619867
2012-10-26 19:00:00,136.5820245629255
2012-10-26 20:00:00,143.08665760726768
2012-10-26 21:00:00,155.690019482133
2012-10-26 22:00:00,150.8454342379133
2012-10-26 23:00:00,167.53939462022004
2012-10-27 00:00:00,53.64098103996435
2012-10-27 01:00:00,53.57107681434869
2012-10-27 02:00:00,57.32381169917128
2012-10-27 03:00:00,62.33338924491268
2012-10-27 04:00:00,62.25215718649976
2012-10-27 05:00:00,69.18550750083658
2012-10-27 06:00:00,72.48042379541955
2012-10-27 07:00:00,76.71064981683004
2012-10-27 08:00:00,88.74740711798604
2012-10-27 09:00:00,92.97394658236021
2012-10-27 10:00:00,107.88426677239546
2012-10-27 11:00:00,125.1960652926198
2012-10-27 12:00:00,158.87766723567364
2012-10-27 13:00:00,180.45708299535508
2012-10-27 14:00:00,184.52188406394836
2012-10-27 15:00:00,148.48525088908994
2012-10-27 16:00:00,150.60754038481826
2012-10-27 17:00:00,157.78012980168438
2012-10-27 18:00:00,165.29430927978837
2012-10-27 19:00:00,149.78801794415494
2012-10-27 20:00:00,156.9215781200563
2012-10-27 21:00:00,164.3948696141341
2012-10-27 22:00:00,174.05467573614555
2012-10-27 23:00:00,197.5345168633406
2012-10-28 00:00:00,60.1614605650471
2012-10-28 01:00:00,61.81400361704358
2012-10-28 02:00:00,67.24044532835457
2012-10-28 03:00:00,74.13036987113679
2012-10-28 04:00:00,78.48625398351194
2012-10-28 05:00:00,80.5007826657697
2012-10-28 06:00:00,88.03495371055682
2012-10-28 07:00:00,91.25433045538516
2012-10-28 08:00:00,104.60473974395015
2012-10-28 09:00:00,107.92077276821665
2012-10-28 10:00:00,113.37591310015002
2012-10-28 11:00:00,121.05049932760672
2012-10-28 12:00:00,119.76849929915679
2012-10-28 13:00:00,122.1949304530249
2012-10-28 14:00:00,133.25946569910798
2012-10-28 15:00:00,137.32488013179244
2012-10-28 16:00:00,127.56067868924046
2012-10-28 17:00:00,122.22079810189216
2012-10-28 18:00:00,104.07854013669957
2012-10-28 19:00:00,103.96153444720144
2012-10-28 20:00:00,113.02656694102764
2012-10-28 21:00:00,126.0135234745376
2012-10-28 22:00:00,129.2479479056632
2012-10-28 23:00:00,125.22615702046578
2012-10-29 00:00:00,44.51150728211736
2012-10-30 13:00:00,65.32542568698724
2012-10-30 14:00:00,68.43650801219856
2012-10-30 15:00:00,66.71692626684514
2012-10-30 16:00:00,69.8942779322711
2012-10-30 17:00:00,72.4528334361234
2012-10-30 18:00:00,74.52876159890883
2012-10-30 19:00:00,134.7389238809596
2012-10-30 20:00:00,90.76117784042154
2012-10-30 21:00:00,90.16311768850149
2012-10-30 22:00:00,103.69395187497953
2012-10-30 23:00:00,108.6323111358182
2012-10-31 00:00:00,35.751074044960184
2012-10-31 01:00:00,37.25621797529521
2012-10-31 02:00:00,39.11866020861733
2012-10-31 03:00:00,41.10606196630525
2012-10-31 04:00:00,41.215604979247736
2012-10-31 05:00:00,44.97806327586247
2012-10-31 06:00:00,49.95575458083014
2012-10-31 07:00:00,47.02714848772619
2012-10-31 08:00:00,56.64083458216295
2012-10-31 09:00:00,62.78425364414633
2012-10-31 10:00:00,73.37992464461998
2012-10-31 11:00:00,75.73083152319163
2012-10-31 12:00:00,95.7652077100584
2012-10-31 13:00:00,111.41329598922057
2012-10-31 14:00:00,111.26810363761896
2012-10-31 15:00:00,115.90626803550792
2012-10-31 16:00:00,118.23326377273702
2012-10-31 17:00:00,113.99136380605867
2012-10-31 18:00:00,119.42013083565348
2012-10-31 19:00:00,134.88366731258353
2012-10-31 20:00:00,141.3074171607143
2012-10-31 21:00:00,148.0370940564522
2012-10-31 22:00:00,138.06855273039508
2012-10-31 23:00:00,144.30516739828002
2012-11-20 00:00:00,42.51934820790497
2012-11-20 01:00:00,46.893586487233236
2012-11-20 02:00:00,41.71332433030063
2012-11-20 03:00:00,47.119423014870144
2012-11-20 04:00:00,52.340887654144986
2012-11-20 05:00:00,53.68433588975904
2012-11-20 06:00:00,54.58932013623712
2012-11-20 07:00:00,55.217240174910756
2012-11-20 08:00:00,62.18470098350545
2012-11-20 09:00:00,62.67169548973584
2012-11-20 10:00:00,74.8753840024619
2012-11-20 11:00:00,80.14310105719132
2012-11-20 12:00:00,81.3327382633032
2012-11-20 13:00:00,94.39235667773796
2012-11-20 14:00:00,102.6229949133355
2012-11-20 15:00:00,113.45247099265357
2012-11-20 16:00:00,105.30448069566776
2012-11-20 17:00:00,102.2634602005274
2012-11-20 18:00:00,108.6385115745225
2012-11-20 19:00:00,105.88399412379353
2012-11-20 20:00:00,103.42184005811245
2012-11-20 21:00:00,114.89747620722451
2012-11-20 22:00:00,120.36939627020975
2012-11-20 23:00:00,112.22958643479203
2012-11-21 00:00:00,38.86252196693197
2012-11-21 01:00:00,40.4667802859139
2012-11-21 02:00:00,37.55508355949016
2012-11-21 03:00:00,39.34362080138428
2012-11-21 04:00:00,41.21733600488708
2012-11-21 05:00:00,43.1802857168649
2012-11-21 06:00:00,45.610461177739765
2012-11-21 07:00:00,46.39145787990571
2012-11-21 08:00:00,50.09184311742644
2012-11-21 09:00:00,60.81353058435648
2012-11-21 10:00:00,74.32899111992383
2012-11-21 11:00:00,97.5183962057742
2012-11-21 12:00:00,116.57086553869789
2012-11-21 13:00:00,129.55857291030614
2012-11-21 14:00:00,140.5780876989427
2012-11-21 15:00:00,138.51752559241777
2012-11-21 16:00:00,146.65527540752925
2012-11-21 17:00:00,138.30368517997204
2012-11-21 18:00:00,148.48869366649103
2012-11-21 19:00:00,145.35642359285245
2012-11-21 20:00:00,118.60057501259718
2012-11-21 21:00:00,136.63008662605452
2012-11-21 22:00:00,140.08498243734977
2012-11-21 23:00:00,129.31191841989065
2012-11-22 00:00:00,45.26135048110788
2012-11-22 01:00:00,45.054762896330615
2012-11-22 02:00:00,40.482618480889194
2012-11-22 03:00:00,42.63537717347815
2012-11-22 04:00:00,41.52165124123712
2012-11-22 05:00:00,46.79304371325966
2012-11-22 06:00:00,52.574078210035886
2012-11-22 07:00:00,49.710042909028886
2012-11-22 08:00:00,53.63913514562769
2012-11-22 09:00:00,66.11793717844118
2012-11-22 10:00:00,82.675577415224
2012-11-22 11:00:00,108.61725211031579
2012-11-22 12:00:00,119.18792499990985
2012-11-22 13:00:00,132.83486599757012
2012-11-22 14:00:00,145.68326874047295
2012-11-22 15:00:00,152.62134281639555
2012-11-22 16:00:00,150.2822760691622
2012-11-22 17:00:00,150.40429007278493
2012-11-22 18:00:00,139.21258176812657
2012-11-22 19:00:00,105.27688785511617
2012-11-22 20:00:00,111.48603460592558
2012-11-22 21:00:00,128.9640339533321
2012-11-22 22:00:00,128.79680922684605
2012-11-22 23:00:00,121.7993175854025
2012-11-23 00:00:00,43.96015100189278
2012-11-23 01:00:00,41.20920013132483
2012-11-23 02:00:00,43.99780730965543
2012-11-23 03:00:00,47.12510237572508
2012-11-23 04:00:00,46.494111773899895
2012-11-23 05:00:00,45.94258452350706
2012-11-23 06:00:00,48.13057122520078
2012-11-23 07:00:00,50.422759417873735
2012-11-23 08:00:00,50.55892418729722
2012-11-23 09:00:00,62.248495808795454
2012-11-23 10:00:00,81.51099648957783
2012-11-23 11:00:00,105.92072519923192
2012-11-23 12:00:00,132.49977893843413
2012-11-23 13:00:00,144.49740002408228
2012-11-23 14:00:00,161.50367670134338
2012-11-23 15:00:00,157.76229964330682
2012-11-23 16:00:00,149.43312115752425
2012-11-23 17:00:00,158.26235973670333
2012-11-23 18:00:00,149.74531374430194
2012-11-23 19:00:00,162.30374533690008
2012-11-23 20:00:00,182.33680586353395
2012-11-23 21:00:00,192.886836269943
2012-11-23 22:00:00,241.67261613527663
2012-11-23 23:00:00,229.88698059485512
2012-11-24 00:00:00,77.26740146539295
2012-11-24 01:00:00,68.2568413368098
2012-11-24 02:00:00,74.20116151988518
2012-11-24 03:00:00,66.78948891119819
2012-11-24 04:00:00,68.24513879957533
2012-11-24 05:00:00,69.4683973988345
2012-11-24 06:00:00,67.87145371012761
2012-11-24 07:00:00,72.68194439014194
2012-11-24 08:00:00,76.89293523162463
2012-11-24 09:00:00,82.0970888645848
2012-11-24 10:00:00,80.70573930790457
2012-11-24 11:00:00,90.44443365016902
2012-11-24 12:00:00,112.04547306055325
2012-11-24 13:00:00,117.84120429168826
2012-11-24 14:00:00,130.87576560851758
2012-11-24 15:00:00,129.91589137986767
2012-11-24 16:00:00,127.5882462535343
2012-11-24 17:00:00,124.00908065997153
2012-11-24 18:00:00,133.10388339573706
2012-11-24 19:00:00,131.52988505251838
2012-11-24 20:00:00,130.18635075230574
2012-11-24 21:00:00,133.92845336031687
2012-11-24 22:00:00,143.3103439043014
2012-11-24 23:00:00,146.98873067404168
2012-11-25 00:00:00,46.91743144001146
2012-11-25 01:00:00,49.97819002162963
2012-11-25 02:00:00,54.0144605079035
2012-11-25 03:00:00,53.32676300548238
2012-11-25 04:00:00,55.866416564603824
2012-11-25 05:00:00,55.425226936761185
2012-11-25 06:00:00,57.62132768643852
2012-11-25 07:00:00,58.444905366690406
2012-11-25 08:00:00,62.35537656698218
2012-11-25 09:00:00,68.73550874924926
2012-11-25 10:00:00,76.33971159503105
2012-11-25 11:00:00,83.35014544535457
2012-11-25 12:00:00,87.31964371607904
2012-11-25 13:00:00,89.56090148877782
2012-11-25 14:00:00,101.9312558426754
2012-11-25 15:00:00,112.01724751509734
2012-11-25 16:00:00,118.9680365982108
2012-11-25 17:00:00,116.5587263719023
2012-11-25 18:00:00,115.71421271053657
2012-11-25 19:00:00,122.03075471493928
2012-11-25 20:00:00,106.44920743294792
2012-11-25 21:00:00,126.56296587210778
2012-11-25 22:00:00,116.82979597868595
2012-11-25 23:00:00,112.52018346859094
2012-11-26 00:00:00,36.31921228855043
2012-11-26 01:00:00,36.94111314835727
2012-11-26 02:00:00,38.70041043545292
2012-11-26 03:00:00,40.543493149694534
2012-11-26 04:00:00,43.748059367241034
2012-11-26 05:00:00,46.64649666298484
2012-11-26 06:00:00,48.01423113983888
2012-11-26 07:00:00,53.51661935064685
2012-11-26 08:00:00,56.06531469883532
2012-11-26 09:00:00,68.248942751987
2012-11-26 10:00:00,78.82792758027227
2012-11-26 11:00:00,113.87112851479607
2012-11-26 12:00:00,116.56794895050119
2012-11-26 13:00:00,122.11942422758112
2012-11-26 14:00:00,123.27870919987426
2012-11-26 15:00:00,133.32144538094875
2012-11-26 16:00:00,145.11854398921284
2012-11-26 17:00:00,145.22336747681223
2012-11-26 18:00:00,124.17700225137446
2012-11-26 19:00:00,119.4868983299027
2012-11-26 20:00:00,129.29093462310286
2012-11-26 21:00:00,135.44833409330812
2012-11-26 22:00:00,125.03184583841606
2012-11-26 23:00:00,122.7709673209286
2012-11-27 00:00:00,41.20682008834328
2012-11-27 01:00:00,42.46393754888027
2012-11-27 02:00:00,44.357169587930635
2012-11-27 03:00:00,44.42828196819694
2012-11-27 04:00:00,41.09970512460203
2012-11-27 05:00:00,45.64818120238939
2012-11-27 06:00:00,47.456888365182834
2012-11-27 07:00:00,46.89490635087352
2012-11-27 08:00:00,51.14573468269011
2012-11-27 09:00:00,56.37012173534576
2012-11-27 10:00:00,56.72995627581412
2012-11-27 11:00:00,55.5147872182664
2012-11-27 12:00:00,58.28926493889512
2012-11-27 13:00:00,59.013848623292276
2012-11-27 14:00:00,63.298368222771366
2012-11-27 15:00:00,77.2911133243836
2012-11-27 16:00:00,80.97205399994186
2012-11-27 17:00:00,87.56833474978899
2012-11-27 18:00:00,84.34937150393014
2012-11-27 19:00:00,94.8309648059055
2012-11-27 20:00:00,96.15336485089279
2012-11-27 21:00:00,91.69226743795596
2012-11-27 22:00:00,94.60575383861057
2012-11-27 23:00:00,99.10713095422409
2012-11-28 00:00:00,35.805842006038816
2012-11-28 01:00:00,37.624937878924065
2012-11-28 02:00:00,39.416801888860576
2012-11-28 03:00:00,42.99715497717807
2012-11-28 04:00:00,44.5695308914361
2012-11-28 05:00:00,46.33549894629184
2012-11-28 06:00:00,51.476527425743186
2012-11-28 07:00:00,57.38554645349302
2012-11-28 08:00:00,59.551932290522224
2012-11-28 09:00:00,70.28454967395503
2012-11-28 10:00:00,77.34896482632554
2012-11-28 11:00:00,86.8688637483891
2012-11-28 12:00:00,101.19438907235401
2012-11-28 13:00:00,101.67890247900995
2012-11-28 14:00:00,114.16226029843578
2012-11-28 15:00:00,128.94953795696176
2012-11-28 16:00:00,134.7865656764054
2012-11-28 17:00:00,131.06000014521294
2012-11-28 18:00:00,136.43315078794183
2012-11-28 19:00:00,135.55134209375103
2012-11-28 20:00:00,142.42015174938277
2012-11-28 21:00:00,140.9653769745063
2012-11-28 22:00:00,134.7455942749516
2012-11-28 23:00:00,134.15859919915184
2012-11-29 00:00:00,42.281996249650845
2012-11-29 01:00:00,40.861464861437256
2012-11-29 02:00:00,42.032232955045494
2012-11-29 04:00:00,41.16939568986551
2012-11-29 05:00:00,45.062415011899354
2012-11-29 06:00:00,48.62415776294996
2012-11-29 07:00:00,51.496580489981056
2012-11-29 08:00:00,52.33064361570372
2012-11-29 09:00:00,61.93479620762611
2012-11-29 10:00:00,67.32691224898478
2012-11-29 11:00:00,103.01971779318895
2012-11-29 12:00:00,103.13242072232885
2012-11-29 13:00:00,120.69447972085648
2012-11-29 14:00:00,112.84279735244108
2012-11-29 15:00:00,119.11607634741364
2012-11-29 16:00:00,126.88686732422114
2012-11-29 17:00:00,128.7225579524525
2012-11-29 18:00:00,119.48981585596314
2012-11-29 19:00:00,118.26507073773452
2012-11-29 20:00:00,124.26233983799622
2012-11-29 21:00:00,109.29437169947293
2012-11-29 22:00:00,109.71627010124983
2012-11-29 23:00:00,125.02745980182776
2012-11-30 00:00:00,41.71480078607612
2012-11-30 01:00:00,41.88302087532679
2012-11-30 02:00:00,41.94323610676644
2012-11-30 03:00:00,43.940756354689135
2012-11-30 04:00:00,44.689162516279616
2012-11-30 05:00:00,43.65389811365883
2012-11-30 06:00:00,43.56777009881951
2012-11-30 07:00:00,49.34762460654221
2012-11-30 08:00:00,50.19228631391378
2012-11-30 09:00:00,58.36197762026748
2012-11-30 10:00:00,68.73456880153194
2012-11-30 11:00:00,85.73287571312152
2012-11-30 12:00:00,99.01311020918044
2012-11-30 13:00:00,118.88685719989732
2012-11-30 14:00:00,121.93835949000521
2012-11-30 15:00:00,133.72083315154737
2012-11-30 16:00:00,138.47891710541805
2012-11-30 17:00:00,128.4500075511344
2012-11-30 18:00:00,109.28614124281333
2012-11-30 19:00:00,111.98447939841581
2012-11-30 20:00:00,117.31766981991814
2012-11-30 21:00:00,112.99006064046411
2012-11-30 22:00:00,116.22746679663827
2012-11-30 23:00:00,118.21688151174708
2012-12-20 00:00:00,47.07232661158905
2012-12-20 01:00:00,45.7754433930609
2012-12-20 02:00:00,47.95547010350652
2012-12-20 03:00:00,45.845401416994875
2012-12-20 04:00:00,48.02875983434445
2012-12-20 05:00:00,50.58280238661814
2012-12-20 06:00:00,53.89248866610416
2012-12-20 07:00:00,54.222693767179145
2012-12-20 08:00:00,56.805015465513186
2012-12-20 09:00:00,59.510318611104736
2012-12-20 10:00:00,65.43390194906776
2012-12-20 11:00:00,80.01976495711736
2012-12-20 12:00:00,88.50873865993235
2012-12-20 13:00:00,90.72801138267432
2012-12-20 14:00:00,98.17234819983499
2012-12-20 15:00:00,96.66776390687467
2012-12-20 16:00:00,106.77302434362078
2012-12-20 17:00:00,98.65018906843328
2012-12-20 18:00:00,99.2546294358884
2012-12-20 19:00:00,99.88821408805761
2012-12-20 20:00:00,98.6837047428221
2012-12-20 21:00:00,103.38345413416702
2012-12-20 22:00:00,100.14573049093714
2012-12-20 23:00:00,127.30466306849304
2012-12-21 00:00:00,38.23675704966514
2012-12-21 01:00:00,42.59551679783877
2012-12-21 02:00:00,43.7862980957106
2012-12-21 03:00:00,45.87159301203802
2012-12-21 04:00:00,51.470458815372254
2012-12-21 05:00:00,48.96040170424014
2012-12-21 06:00:00,62.54362689544662
2012-12-21 07:00:00,57.72999598973365
2012-12-21 08:00:00,61.58930641360654
2012-12-21 09:00:00,76.11114725536652
2012-12-21 10:00:00,84.15397833009057
2012-12-21 11:00:00,82.71897511012216
2012-12-21 12:00:00,86.92471828234133
2012-12-21 13:00:00,93.01392615438007
2012-12-21 14:00:00,98.48289798379449
2012-12-21 15:00:00,95.71164274683578
2012-12-21 16:00:00,100.57798190841855
2012-12-21 17:00:00,85.39982182782761
2012-12-21 18:00:00,88.52283364094137
2012-12-21 19:00:00,111.01688772331042
2012-12-21 20:00:00,119.84031551758777
2012-12-21 21:00:00,125.74780900184012
2012-12-21 22:00:00,123.24695292151407
2012-12-21 23:00:00,130.183259980281
2012-12-22 00:00:00,48.88592542068597
2012-12-22 01:00:00,48.83096758400714
2012-12-22 02:00:00,52.528613206323
2012-12-22 03:00:00,51.887688222322936
2012-12-22 04:00:00,51.742546191142274
2012-12-22 05:00:00,57.11844905836691
2012-12-22 06:00:00,61.80508295218006
2012-12-22 07:00:00,64.74851116804928
2012-12-22 08:00:00,71.68370210983163
2012-12-22 09:00:00,68.07802329921525
2012-12-22 10:00:00,69.82540100686437
2012-12-22 11:00:00,81.68172436020171
2012-12-22 12:00:00,100.65641251412144
2012-12-22 13:00:00,102.23464872765535
2012-12-22 14:00:00,107.67121723510346
2012-12-22 15:00:00,118.93971562961492
2012-12-22 16:00:00,111.38131406118589
2012-12-22 17:00:00,105.72053784123595
2012-12-22 18:00:00,108.26456415173706
2012-12-22 19:00:00,104.13212039892673
2012-12-22 20:00:00,104.63441189458179
2012-12-22 21:00:00,106.90708393580292
2012-12-22 22:00:00,111.99846659079272
2012-12-22 23:00:00,115.21777300425889
2012-12-23 00:00:00,39.96810075135434
2012-12-23 01:00:00,41.11695186512015
2012-12-23 02:00:00,40.06097950648061
2012-12-23 03:00:00,41.52598153535931
2012-12-23 04:00:00,44.93323568434021
2012-12-23 05:00:00,45.26083542895428
2012-12-23 06:00:00,40.42192578705537
2012-12-23 07:00:00,42.346994587520314
2012-12-23 08:00:00,41.0233554185978
2012-12-23 09:00:00,51.61612338522675
2012-12-23 10:00:00,54.474333278974356
2012-12-23 11:00:00,63.89793971675515
2012-12-23 12:00:00,80.39722511305366
2012-12-23 13:00:00,89.82921079730318
2012-12-23 14:00:00,104.752726142803
2012-12-23 15:00:00,103.82820734340682
2012-12-23 16:00:00,111.10153016789472
2012-12-23 17:00:00,100.10029780800473
2012-12-23 18:00:00,104.04480727558183
2012-12-23 19:00:00,108.2514501466682
2012-12-23 20:00:00,88.75519010794557
2012-12-23 21:00:00,86.69909678032674
2012-12-23 22:00:00,99.46046506007728
2012-12-23 23:00:00,103.16472966043065
2012-12-24 00:00:00,30.613180621808286
2012-12-24 01:00:00,32.07111410099234
2012-12-24 02:00:00,31.07594276394457
2012-12-24 03:00:00,32.555914999187806
2012-12-24 05:00:00,33.547861394948654
2012-12-24 06:00:00,37.43231483460936
2012-12-24 07:00:00,41.16381039997914
2012-12-24 08:00:00,44.41740662332917
2012-12-24 09:00:00,47.66776564860776
2012-12-24 10:00:00,50.92576835377357
2012-12-24 11:00:00,56.53931886419965
2012-12-24 12:00:00,63.05402451729711
2012-12-24 13:00:00,48.0957234829446
2012-12-24 14:00:00,48.00083186123739
2012-12-24 15:00:00,51.05932999786123
2012-12-24 16:00:00,53.49099848563534
2012-12-24 17:00:00,52.977711550128
2012-12-24 18:00:00,55.08176457546786
2012-12-24 19:00:00,60.34885840881256
2012-12-24 20:00:00,60.27021256505532
2012-12-24 21:00:00,62.998281546952974
2012-12-24 22:00:00,68.9092164379504
2012-12-24 23:00:00,68.81941484745964
2012-12-25 00:00:00,23.73075643878794
2012-12-25 01:00:00,28.563417237432454
2012-12-25 02:00:00,29.923732024217117
2012-12-25 04:00:00,31.475248982287575
2012-12-25 05:00:00,30.567438941733013
2012-12-25 06:00:00,32.0231940021634
2012-12-25 07:00:00,33.90607276157653
2012-12-25 08:00:00,37.73658821957134
2012-12-25 09:00:00,38.47607808270427
2012-12-25 10:00:00,48.38513756811297
2012-12-25 11:00:00,55.81487578966156
2012-12-25 12:00:00,59.74162657727872
2012-12-25 13:00:00,95.91075185415694
2012-12-25 14:00:00,99.68663290163917
2012-12-25 15:00:00,92.76401594064093
2012-12-25 16:00:00,92.64312708712615
2012-12-25 17:00:00,86.44542584935287
2012-12-25 18:00:00,84.20786846065573
2012-12-25 19:00:00,87.2903883992186
2012-12-25 20:00:00,93.40521201552738
2012-12-25 21:00:00,92.77882634447323
2012-12-25 22:00:00,93.6222691098406
2012-12-25 23:00:00,100.9690445952697
2012-12-26 00:00:00,34.16422664272118
2012-12-26 01:00:00,34.361403466110495
2012-12-26 02:00:00,35.99784370157252
2012-12-26 03:00:00,35.91348278120841
2012-12-26 04:00:00,38.62900826206964
2012-12-26 05:00:00,38.08215266023626
2012-12-26 06:00:00,39.0596179477537
2012-12-26 07:00:00,33.79437413259833
2012-12-26 08:00:00,35.403809952569546
2012-12-26 09:00:00,37.089894141539766
2012-12-26 10:00:00,38.446245654599004
2012-12-26 11:00:00,42.120314406130085
2012-12-26 12:00:00,43.57453181518168
2012-12-26 13:00:00,45.649741495546195
2012-12-26 14:00:00,44.971718411803415
2012-12-26 15:00:00,53.72102507475954
2012-12-26 16:00:00,56.27945511703952
2012-12-26 17:00:00,56.168417203933814
2012-12-26 18:00:00,60.15044878608857
2012-12-26 19:00:00,66.54963507548764
2012-12-26 20:00:00,69.8745634585459
2012-12-26 21:00:00,78.43734899659127
2012-12-26 22:00:00,70.07874377208974
2012-12-26 23:00:00,76.31149178809996
2012-12-27 00:00:00,26.849184427958733
2012-12-27 01:00:00,27.060676450374697
2012-12-27 02:00:00,31.21615884101207
2012-12-27 03:00:00,31.035735181039453
2012-12-27 04:00:00,33.28601037340832
2012-12-27 05:00:00,39.06986610296129
2012-12-27 06:00:00,45.97702329669689
2012-12-27 07:00:00,44.99203777933075
2012-12-27 08:00:00,52.30592173803533
2012-12-27 09:00:00,59.0330402637644
2012-12-27 10:00:00,66.49991543983967
2012-12-27 11:00:00,65.55850242107904
2012-12-27 12:00:00,80.02330638206173
2012-12-27 13:00:00,83.83436603413514
2012-12-27 14:00:00,74.1311318180667
2012-12-27 15:00:00,75.63297987300119
2012-12-27 16:00:00,79.32956501097256
2012-12-27 17:00:00,83.10758566643537
2012-12-27 18:00:00,78.40117735965042
2012-12-27 19:00:00,85.90119548429409
2012-12-27 20:00:00,88.63067280922569
2012-12-27 21:00:00,90.14452686719744
2012-12-27 22:00:00,94.15514531369584
2012-12-27 23:00:00,98.9351347601499
2012-12-28 00:00:00,35.27969794615228
2012-12-28 01:00:00,38.65671469906261
2012-12-28 02:00:00,41.36467597985872
2012-12-28 03:00:00,40.56408062323664
2012-12-28 04:00:00,42.17511617117068
2012-12-28 05:00:00,43.95071653597041
2012-12-28 06:00:00,47.33105116080248
2012-12-28 07:00:00,48.17943562250693
2012-12-28 08:00:00,50.64800601016878
2012-12-28 09:00:00,54.44975753241612
2012-12-28 10:00:00,60.86626770663422
2012-12-28 11:00:00,68.04133128275151
2012-12-28 12:00:00,73.86588130254714
2012-12-28 13:00:00,77.38369745666802
2012-12-28 14:00:00,81.06904739331446
2012-12-28 15:00:00,82.08706120601009
2012-12-28 16:00:00,93.33363598092055
2012-12-28 17:00:00,80.75782580966394
2012-12-28 18:00:00,84.60386648765048
2012-12-28 19:00:00,81.77130799177577
2012-12-28 20:00:00,85.26936584242831
2012-12-28 21:00:00,85.53218682552401
2012-12-28 22:00:00,89.40371300573648
2012-12-28 23:00:00,97.52453571656126
2012-12-29 00:00:00,31.06399633585888
2012-12-29 01:00:00,32.263874416351534
2012-12-29 02:00:00,34.09325857580542
2012-12-29 03:00:00,34.30215165483446
2012-12-29 04:00:00,37.09653084446554
2012-12-29 05:00:00,38.86322980162003
2012-12-29 06:00:00,43.306780955570865
2012-12-29 07:00:00,45.851477811264395
2012-12-29 08:00:00,41.903354673464854
2012-12-29 09:00:00,43.89897559320185
2012-12-29 10:00:00,45.981396159138484
2012-12-29 11:00:00,41.00956224753242
2012-12-29 12:00:00,39.328786363542164
2012-12-29 13:00:00,41.201795086269854
2012-12-29 14:00:00,53.61207856379149
2012-12-29 15:00:00,54.40789158468975
2012-12-29 16:00:00,71.7392005049435
2012-12-29 17:00:00,70.46840126737348
2012-12-29 18:00:00,84.6274771360031
2012-12-29 19:00:00,92.8408454354629
2012-12-29 20:00:00,112.58820120264575
2012-12-29 21:00:00,113.64141315518229
2012-12-29 22:00:00,112.23942336393814
2012-12-29 23:00:00,99.78246014907126
2012-12-30 00:00:00,35.360415390895035
2012-12-30 01:00:00,40.745533084926116
2012-12-30 02:00:00,41.25349735619282
2012-12-30 03:00:00,44.71890803276497
2012-12-30 04:00:00,44.934614071533694
2012-12-30 05:00:00,50.1866932279504
2012-12-30 06:00:00,50.86393770000435
2012-12-30 07:00:00,53.70509564860336
2012-12-30 08:00:00,59.49716393787767
2012-12-30 09:00:00,61.5284712757859
2012-12-30 10:00:00,76.69264280382343
2012-12-30 11:00:00,76.83623769360425
2012-12-30 12:00:00,90.27937371027397
2012-12-30 13:00:00,101.39798570797643
2012-12-30 14:00:00,100.51040075974467
2012-12-30 15:00:00,95.91120795438803
2012-12-30 16:00:00,102.31934183043715
2012-12-30 17:00:00,98.40308553506883
2012-12-30 18:00:00,92.13668429610755
2012-12-30 19:00:00,98.50000256289684
2012-12-30 20:00:00,101.59194222391739
2012-12-30 21:00:00,96.96786443343689
2012-12-30 22:00:00,98.06494560889871
2012-12-30 23:00:00,107.24296909200915
2012-12-31 00:00:00,32.786233764522436
2012-12-31 01:00:00,34.347657533328736
2012-12-31 02:00:00,33.4685306142711
2012-12-31 03:00:00,34.79464634233951
2012-12-31 04:00:00,32.642280953853266
2012-12-31 05:00:00,36.84549323037027
2012-12-31 06:00:00,38.71740800501752
2012-12-31 07:00:00,40.67933993308327
2012-12-31 08:00:00,39.2000447663613
2012-12-31 09:00:00,43.97050948325008
2012-12-31 10:00:00,45.43274171316723
2012-12-31 11:00:00,53.856666948122026
2012-12-31 12:00:00,59.21749280853999
2012-12-31 13:00:00,70.62045881087658
2012-12-31 14:00:00,77.20700518365321
2012-12-31 15:00:00,79.42625884415547
2012-12-31 16:00:00,79.45055971551776
2012-12-31 17:00:00,82.41250760382923
2012-12-31 18:00:00,86.53231747871062
2012-12-31 19:00:00,82.03426972263684
2012-12-31 20:00:00,85.9411002394191
2012-12-31 21:00:00,94.44488265794845
2012-12-31 22:00:00,102.49159405683254
2012-12-31 23:00:00,99.83869691036159
