datetime,count
2011-01-20 00:00:00,14.186417989266925
2011-01-20 01:00:00,15.521711251583929
2011-01-20 02:00:00,17.153865993094726
2011-01-20 03:00:00,19.13695907458494
2011-01-20 04:00:00,21.14926802592525
2011-01-20 05:00:00,20.79069651546036
2011-01-20 06:00:00,21.866772234916294
2011-01-20 07:00:00,26.012138445004435
2011-01-20 08:00:00,29.04598611150789
2011-01-20 09:00:00,34.6845295370463
2011-01-20 10:00:00,42.70826999237587
2011-01-20 11:00:00,52.29532087508285
2011-01-20 12:00:00,65.3203369321864
2011-01-20 13:00:00,64.43607785402392
2011-01-20 14:00:00,75.20447527072625
2011-01-20 15:00:00,88.2389892137487
2011-01-20 16:00:00,86.59909258115988
2011-01-20 17:00:00,97.05206493953783
2011-01-20 18:00:00,85.67931174986407
2011-01-20 19:00:00,93.8449576512441
2011-01-20 20:00:00,98.30413179805645
2011-01-20 21:00:00,102.87136276281369
2011-01-20 22:00:00,104.15651367118245
2011-01-20 23:00:00,116.00493596329858
2011-01-21 00:00:00,12.446160577877258
2011-01-21 01:00:00,13.754911892183152
2011-01-21 02:00:00,14.088499655039413
2011-01-21 03:00:00,13.824592584319081
2011-01-21 04:00:00,14.159926981584514
2011-01-21 05:00:00,23.68307113639991
2011-01-21 06:00:00,27.07342602229466
2011-01-21 07:00:00,29.78702883945755
2011-01-21 08:00:00,35.18782227573986
2011-01-21 09:00:00,36.85358169379265
2011-01-21 10:00:00,43.15967160588018
2011-01-21 11:00:00,54.74133758570342
2011-01-21 12:00:00,75.89728212785155
2011-01-21 13:00:00,85.55594476729112
2011-01-21 14:00:00,88.22867940803289
2011-01-21 15:00:00,85.91556152569356
2011-01-21 16:00:00,95.29455779511034
2011-01-21 17:00:00,97.31866807347521
2011-01-21 18:00:00,99.48967962690905
2011-01-21 19:00:00,109.28516758216739
2011-01-21 20:00:00,109.58945881955157
2011-01-21 21:00:00,106.64222837405357
2011-01-21 22:00:00,105.18534304668914
2011-01-21 23:00:00,122.56894773685492
2011-01-22 00:00:00,10.546949916949908
2011-01-22 01:00:00,12.10850656570861
2011-01-22 02:00:00,13.582310574808945
2011-01-22 03:00:00,15.08841623410452
2011-01-22 04:00:00,14.354149024716994
2011-01-22 06:00:00,18.70872479090888
2011-01-22 07:00:00,20.6192587122618
2011-01-22 08:00:00,22.529626221422685
2011-01-22 09:00:00,27.51083489345151
2011-01-22 10:00:00,30.916388845339856
2011-01-22 11:00:00,37.3294624199817
2011-01-22 12:00:00,42.63807650858821
2011-01-22 13:00:00,54.130752819464064
2011-01-22 14:00:00,62.25059286274733
2011-01-22 15:00:00,76.40674458693088
2011-01-22 16:00:00,85.68063583862616
2011-01-22 17:00:00,98.82097684774277
2011-01-22 18:00:00,83.88860798257444
2011-01-22 19:00:00,93.52911833567882
2011-01-22 20:00:00,83.73706102260896
2011-01-22 21:00:00,100.66329267006228
2011-01-22 22:00:00,103.09222625673083
2011-01-22 23:00:00,90.94401257281216
2011-01-23 00:00:00,8.476706769955507
2011-01-23 01:00:00,9.368058047062126
2011-01-23 02:00:00,9.201027362466757
2011-01-23 03:00:00,10.16854313395672
2011-01-23 05:00:00,13.892039266253663
2011-01-23 06:00:00,15.352829084474019
2011-01-23 07:00:00,18.76017089236192
2011-01-23 08:00:00,18.252519980338704
2011-01-23 09:00:00,24.93870729289637
2011-01-23 10:00:00,34.40750275521767
2011-01-23 11:00:00,40.13077407092472
2011-01-23 12:00:00,51.06248043923212
2011-01-23 13:00:00,56.23927257631568
2011-01-23 14:00:00,71.27622407822092
2011-01-23 15:00:00,78.77113396287578
2011-01-23 16:00:00,89.19428452646994
2011-01-23 17:00:00,93.00063075282276
2011-01-23 18:00:00,93.60240956055796
2011-01-23 19:00:00,103.98172742303744
2011-01-23 20:00:00,99.61322349533019
2011-01-23 21:00:00,108.95615065665827
2011-01-23 22:00:00,111.27044089041304
2011-01-23 23:00:00,110.43512574146209
2011-01-24 00:00:00,10.081008413141308
2011-01-24 01:00:00,9.99767729849269
2011-01-24 03:00:00,12.103821241128045
2011-01-24 04:00:00,12.634384075835133
2011-01-24 05:00:00,13.9629276585112
2011-01-24 06:00:00,15.608022847429194
2011-01-24 07:00:00,17.982622123614377
2011-01-24 08:00:00,20.577300957011246
2011-01-24 09:00:00,26.879009943445517
2011-01-24 10:00:00,30.5198791378695
2011-01-24 11:00:00,31.93127816760212
2011-01-24 12:00:00,39.50345577697239
2011-01-24 13:00:00,44.5768085109801
2011-01-24 14:00:00,47.13570501954797
2011-01-24 15:00:00,60.671110351423714
2011-01-24 16:00:00,60.265177269367555
2011-01-24 17:00:00,59.50401537065808
2011-01-24 18:00:00,58.10934674942097
2011-01-24 19:00:00,70.0893011019845
2011-01-24 20:00:00,70.97261696007708
2011-01-24 21:00:00,74.98120626888932
2011-01-24 22:00:00,81.66478793942358
2011-01-24 23:00:00,93.91947018101467
2011-01-25 00:00:00,8.36501546682796
2011-01-25 01:00:00,9.407568196165832
2011-01-25 02:00:00,10.366963547568092
2011-01-25 04:00:00,11.393667552816021
2011-01-25 05:00:00,12.37364757623008
2011-01-25 06:00:00,14.620441076959818
2011-01-25 07:00:00,15.877958915048902
2011-01-25 08:00:00,17.843175508105386
2011-01-25 09:00:00,25.511756000592356
2011-01-25 10:00:00,31.49996532463707
2011-01-25 11:00:00,36.072000929771924
2011-01-25 12:00:00,45.80132144329703
2011-01-25 13:00:00,50.043932551082214
2011-01-25 14:00:00,72.86728965925205
2011-01-25 15:00:00,88.4388684132314
2011-01-25 16:00:00,97.73848210110843
2011-01-25 17:00:00,98.94026692750981
2011-01-25 18:00:00,102.12402182929793
2011-01-25 19:00:00,78.76530004632288
2011-01-25 20:00:00,82.18819376238665
2011-01-25 21:00:00,90.83053016274961
2011-01-25 22:00:00,98.31285536046268
2011-01-25 23:00:00,108.0088892705457
2011-01-26 00:00:00,10.271801322586452
2011-01-26 01:00:00,12.650168174354238
2011-01-26 02:00:00,12.601024890723151
2011-01-26 05:00:00,12.320932605653667
2011-01-26 06:00:00,13.616515821073971
2011-01-26 07:00:00,15.92120193751158
2011-01-26 08:00:00,17.59536432925229
2011-01-26 09:00:00,19.445569944671686
2011-01-26 10:00:00,19.62276939452503
2011-01-26 11:00:00,21.443511444829596
2011-01-26 12:00:00,23.698361332965998
2011-01-26 13:00:00,26.190315486003705
2011-01-26 14:00:00,29.093985107227706
2011-01-26 15:00:00,32.119724132220526
2011-01-26 16:00:00,35.35150999313083
2011-01-26 17:00:00,37.37349220083074
2011-01-27 16:00:00,64.86931058425122
2011-01-27 17:00:00,71.94297625931769
2011-01-27 18:00:00,61.42222977578236
2011-01-27 19:00:00,67.88096244628468
2011-01-27 20:00:00,66.32765927402546
2011-01-27 21:00:00,73.3022126478596
2011-01-27 22:00:00,81.01016133967846
2011-01-27 23:00:00,81.46150235880513
2011-01-28 00:00:00,10.456508144242042
2011-01-28 01:00:00,11.556041505650846
2011-01-28 02:00:00,12.837459671938072
2011-01-28 03:00:00,14.312745361510917
2011-01-28 05:00:00,15.455819514850775
2011-01-28 06:00:00,16.846127753906647
2011-01-28 07:00:00,16.405972091212785
2011-01-28 08:00:00,18.13110952636732
2011-01-28 09:00:00,20.927901236593595
2011-01-28 10:00:00,23.188258048608805
2011-01-28 11:00:00,23.117133989969076
2011-01-28 12:00:00,25.547970335286223
2011-01-28 13:00:00,28.23441645213816
2011-01-28 14:00:00,42.55863168456223
2011-01-28 15:00:00,41.22573731127322
2011-01-28 16:00:00,52.59917444890579
2011-01-28 17:00:00,63.54769457416928
2011-01-28 18:00:00,69.62343370159593
2011-01-28 19:00:00,77.15630171604202
2011-01-28 20:00:00,90.99048998803853
2011-01-28 21:00:00,89.69415094024544
2011-01-28 22:00:00,121.4554065223855
2011-01-28 23:00:00,143.88713879410287
2011-01-29 00:00:00,13.164546513543673
2011-01-29 01:00:00,14.690917142397772
2011-01-29 02:00:00,16.152183988370634
2011-01-29 03:00:00,16.900490490921868
2011-01-29 04:00:00,15.637013605875943
2011-01-29 06:00:00,20.6636801940949
2011-01-29 07:00:00,24.45451071674323
2011-01-29 08:00:00,30.433435944635534
2011-01-29 09:00:00,31.903987750521495
2011-01-29 10:00:00,32.647146812715626
2011-01-29 11:00:00,35.583878647075665
2011-01-29 12:00:00,44.08897385939555
2011-01-29 13:00:00,55.06158456200951
2011-01-29 14:00:00,56.24119884012448
2011-01-29 15:00:00,54.84945149616064
2011-01-29 16:00:00,72.9746986305752
2011-01-29 17:00:00,83.00885267941551
2011-01-29 18:00:00,73.92193248099382
2011-01-29 19:00:00,81.3371063767156
2011-01-29 20:00:00,76.83951679692031
2011-01-29 21:00:00,84.9194236862264
2011-01-29 22:00:00,81.77387735956458
2011-01-29 23:00:00,90.37264714086145
2011-01-30 00:00:00,8.285161744872871
2011-01-30 01:00:00,9.062206982039145
2011-01-30 02:00:00,10.523571616040421
2011-01-30 03:00:00,9.140280017773037
2011-01-30 04:00:00,10.10140802279389
2011-01-30 05:00:00,12.37544642019589
2011-01-30 07:00:00,15.114914684517109
2011-01-30 08:00:00,16.605612160363457
2011-01-30 09:00:00,21.064290179463164
2011-01-30 10:00:00,24.45802290861265
2011-01-30 11:00:00,32.31058504732883
2011-01-30 12:00:00,61.001857733192644
2011-01-30 13:00:00,55.139159396311086
2011-01-30 14:00:00,61.946525059500864
2011-01-30 15:00:00,77.70237323666325
2011-01-30 16:00:00,85.87301208242322
2011-01-30 17:00:00,92.69240610784902
2011-01-30 18:00:00,80.85809230617063
2011-01-30 19:00:00,89.8226726062829
2011-01-30 20:00:00,99.02888024404106
2011-01-30 21:00:00,95.92720125013506
2011-01-30 22:00:00,104.55620847420914
2011-01-30 23:00:00,123.92740284332332
2011-01-31 00:00:00,11.471841058893965
2011-01-31 01:00:00,12.381003551487154
2011-01-31 02:00:00,13.803833132170233
2011-01-31 03:00:00,15.255347809419264
2011-01-31 04:00:00,17.033342327859682
2011-01-31 05:00:00,16.49984179787151
2011-01-31 06:00:00,15.941884230019044
2011-01-31 07:00:00,18.706398536574294
2011-01-31 08:00:00,22.252640824777018
2011-01-31 09:00:00,24.656078594526317
2011-01-31 10:00:00,27.27379502164587
2011-01-31 11:00:00,30.14171680823563
2011-01-31 12:00:00,38.704598710730984
2011-01-31 13:00:00,39.16209847257197
2011-01-31 14:00:00,46.62222911238505
2011-01-31 15:00:00,46.2310233201611
2011-01-31 16:00:00,53.95416213421268
2011-01-31 17:00:00,54.91645100197263
2011-01-31 18:00:00,64.70645872535576
2011-01-31 19:00:00,98.42731798384902
2011-01-31 20:00:00,74.7249279524579
2011-01-31 21:00:00,84.69226599739955
2011-01-31 22:00:00,92.6083887411557
2011-01-31 23:00:00,96.67024941725289
2011-02-20 00:00:00,20.624311297591113
2011-02-20 01:00:00,19.9116404862298
2011-02-20 02:00:00,22.348952894744478
2011-02-20 03:00:00,22.49010302980838
2011-02-20 04:00:00,24.855005178946232
2011-02-20 06:00:00,26.965530822515973
2011-02-20 07:00:00,26.536063049798344
2011-02-20 08:00:00,31.79568960657956
2011-02-20 09:00:00,38.87920526057047
2011-02-20 10:00:00,51.69660859216399
2011-02-20 11:00:00,71.9462302475943
2011-02-20 12:00:00,80.6910038688168
2011-02-20 13:00:00,100.60445343850843
2011-02-20 14:00:00,123.78753268042675
2011-02-20 15:00:00,137.64044228027745
2011-02-20 16:00:00,147.70013336354484
2011-02-20 17:00:00,148.38285232147334
2011-02-20 18:00:00,152.2281068534364
2011-02-20 19:00:00,168.23535131024175
2011-02-20 20:00:00,172.76075633904054
2011-02-20 21:00:00,154.55522321329937
2011-02-20 22:00:00,158.0843570124256
2011-02-20 23:00:00,158.14330436001097
2011-02-21 00:00:00,21.61100704106672
2011-02-21 01:00:00,23.88346959620546
2011-02-21 02:00:00,26.394888441289172
2011-02-21 03:00:00,29.019816199505847
2011-02-21 04:00:00,29.821191354853163
2011-02-21 05:00:00,39.681767728294226
2011-02-21 06:00:00,65.208975784156
2011-02-21 07:00:00,71.88027951873421
2011-02-21 08:00:00,37.21364063094952
2011-02-21 09:00:00,41.020838899793155
2011-02-21 10:00:00,45.100293106728316
2011-02-21 11:00:00,50.46031090085633
2011-02-21 12:00:00,48.67449981782275
2011-02-21 13:00:00,40.20465754059805
2011-02-21 14:00:00,50.861241726528995
2011-02-21 15:00:00,59.29272967907105
2011-02-21 16:00:00,56.21767562499687
2011-02-21 17:00:00,63.377856508099775
2011-02-21 18:00:00,51.89420849151661
2011-02-21 19:00:00,57.35104099365042
2011-02-21 20:00:00,69.18323038872626
2011-02-21 21:00:00,80.31960329154731
2011-02-21 22:00:00,82.45845262510372
2011-02-21 23:00:00,91.12920755980677
2011-02-22 06:00:00,11.9664426162523
2011-02-22 07:00:00,13.224750140375326
2011-02-22 08:00:00,14.539929547788475
2011-02-22 09:00:00,18.094439952402436
2011-02-22 10:00:00,23.054930250945503
2011-02-22 11:00:00,29.042086084209313
2011-02-22 12:00:00,37.382626482972455
2011-02-22 13:00:00,45.64074506519885
2011-02-22 14:00:00,50.700846193292165
2011-02-22 15:00:00,64.03122989125103
2011-02-22 16:00:00,65.34240789607333
2011-02-22 17:00:00,71.58072747613593
2011-02-22 18:00:00,84.21075168800456
2011-02-22 19:00:00,87.4868054447772
2011-02-22 20:00:00,97.54082200237225
2011-02-22 21:00:00,108.35498427654815
2011-02-22 22:00:00,112.86999482002739
2011-02-22 23:00:00,124.73861511799917
2011-02-23 00:00:00,10.907074234393503
2011-02-23 01:00:00,12.963438529673567
2011-02-23 02:00:00,13.03533491309953
2011-02-23 03:00:00,14.208157513368667
2011-02-23 05:00:00,17.50448603105124
2011-02-23 06:00:00,19.34513551938484
2011-02-23 07:00:00,20.26091659365553
2011-02-23 08:00:00,23.202071645860432
2011-02-23 09:00:00,30.342074129819704
2011-02-23 10:00:00,42.377413821544955
2011-02-23 11:00:00,49.93599380174792
2011-02-23 12:00:00,64.39320350197559
2011-02-23 13:00:00,87.09192060567104
2011-02-23 14:00:00,99.90302271443001
2011-02-23 15:00:00,122.73345150355813
2011-02-23 16:00:00,136.1145490567271
2011-02-23 17:00:00,149.90211952153834
2011-02-23 18:00:00,155.35656970421059
2011-02-23 19:00:00,147.93215077630916
2011-02-23 20:00:00,92.02629068561141
2011-02-23 21:00:00,124.90779110642303
2011-02-23 22:00:00,138.04222198208979
2011-02-23 23:00:00,130.51242163149033
2011-02-24 00:00:00,13.365845615433125
2011-02-24 01:00:00,13.723026150033478
2011-02-24 02:00:00,13.351680559380059
2011-02-24 03:00:00,14.588456845823117
2011-02-24 05:00:00,16.553324109435287
2011-02-24 06:00:00,18.135972853101144
2011-02-24 07:00:00,19.177054060201286
2011-02-24 08:00:00,24.22135042771385
2011-02-24 09:00:00,24.56841705705465
2011-02-24 10:00:00,31.218333604924606
2011-02-24 11:00:00,49.34831815499744
2011-02-24 12:00:00,64.74938665455014
2011-02-24 13:00:00,77.64282874403871
2011-02-24 14:00:00,95.63254272208201
2011-02-24 15:00:00,100.60393437464383
2011-02-24 16:00:00,92.36873396347437
2011-02-24 17:00:00,86.82031585676192
2011-02-24 18:00:00,66.43239685496482
2011-02-24 19:00:00,66.46894272471063
2011-02-24 20:00:00,74.66241995673188
2011-02-24 21:00:00,89.66999815412578
2011-02-24 22:00:00,99.64094211472626
2011-02-24 23:00:00,95.51603362056639
2011-02-25 00:00:00,11.101434357110282
2011-02-25 01:00:00,11.133153155570005
2011-02-25 02:00:00,12.303837780242123
2011-02-25 03:00:00,15.057946105616166
2011-02-25 05:00:00,18.391221050338675
2011-02-25 06:00:00,21.176124933963937
2011-02-25 07:00:00,20.871966298556476
2011-02-25 08:00:00,26.868851058831993
2011-02-25 09:00:00,28.276900317213645
2011-02-25 10:00:00,40.29629847352148
2011-02-25 11:00:00,75.67079902568199
2011-02-25 12:00:00,111.82156468637689
2011-02-25 13:00:00,123.57993939441053
2011-02-25 14:00:00,156.1755510064657
2011-02-25 15:00:00,175.89552406937295
2011-02-25 16:00:00,106.72475784082387
2011-02-25 17:00:00,121.53370541989821
2011-02-25 18:00:00,131.02376453658349
2011-02-25 19:00:00,130.83508901310773
2011-02-25 20:00:00,152.54887519950674
2011-02-25 21:00:00,159.66306756828348
2011-02-25 22:00:00,163.32183161903126
2011-02-25 23:00:00,180.2189432155502
2011-02-26 00:00:00,16.35120192537779
2011-02-26 01:00:00,18.05170701565029
2011-02-26 02:00:00,17.053985886931542
2011-02-26 03:00:00,20.274502775912296
2011-02-26 04:00:00,21.3321122867283
2011-02-26 05:00:00,21.862108409418955
2011-02-26 06:00:00,26.300929545239065
2011-02-26 07:00:00,28.965052682023607
2011-02-26 08:00:00,33.55439955661935
2011-02-26 09:00:00,40.15356752895856
2011-02-26 10:00:00,55.06413451557184
2011-02-26 11:00:00,65.90339724186947
2011-02-26 12:00:00,75.34304535592648
2011-02-26 13:00:00,91.1113247335636
2011-02-26 14:00:00,109.31094310232996
2011-02-26 15:00:00,121.03318556908584
2011-02-26 16:00:00,123.17919023538286
2011-02-26 17:00:00,143.53657356545523
2011-02-26 18:00:00,143.69751350317327
2011-02-26 19:00:00,143.35628690300834
2011-02-26 20:00:00,136.50771869557244
2011-02-26 21:00:00,125.31469850242222
2011-02-26 22:00:00,118.91768121867483
2011-02-26 23:00:00,130.28729601846717
2011-02-27 00:00:00,9.685517683902749
2011-02-27 01:00:00,10.742839926946314
2011-02-27 02:00:00,11.97590361395106
2011-02-27 03:00:00,13.386890041732721
2011-02-27 04:00:00,13.6581512347871
2011-02-27 06:00:00,17.25893597556304
2011-02-27 07:00:00,18.435679788672253
2011-02-27 08:00:00,22.14679823788397
2011-02-27 09:00:00,25.625141932227802
2011-02-27 10:00:00,32.304038056928164
2011-02-27 11:00:00,54.497846852107465
2011-02-27 12:00:00,77.11065540705006
2011-02-27 13:00:00,97.72602146947884
2011-02-27 14:00:00,115.2589460638185
2011-02-27 15:00:00,140.95829694929876
2011-02-27 16:00:00,164.53845457592175
2011-02-27 17:00:00,135.99605936284
2011-02-27 18:00:00,143.05288862934628
2011-02-27 19:00:00,156.4701104778513
2011-02-27 20:00:00,171.59068115489276
2011-02-27 21:00:00,162.5049860927789
2011-02-27 22:00:00,176.69661324711203
2011-02-27 23:00:00,180.76846213300757
2011-02-28 00:00:00,15.77460892460253
2011-02-28 01:00:00,11.947693701997903
2011-02-28 03:00:00,12.773048740686956
2011-02-28 05:00:00,16.648891256255926
2011-02-28 06:00:00,17.58843502285843
2011-02-28 07:00:00,21.34435790882226
2011-02-28 08:00:00,21.92622080402355
2011-02-28 09:00:00,37.602429395956584
2011-02-28 10:00:00,63.552198457755665
2011-02-28 11:00:00,84.34885786633004
2011-02-28 12:00:00,93.21839461238328
2011-02-28 13:00:00,50.75803740244409
2011-02-28 14:00:00,47.12086926131603
2011-02-28 15:00:00,52.07577075010127
2011-02-28 16:00:00,55.93906297414076
2011-02-28 17:00:00,60.538049881906666
2011-02-28 18:00:00,83.2471357777928
2011-02-28 19:00:00,102.82908031228786
2011-02-28 20:00:00,113.64186817288974
2011-02-28 21:00:00,106.32590189903276
2011-02-28 22:00:00,90.21518692279228
2011-02-28 23:00:00,113.32053708104189
2011-03-20 00:00:00,21.139759949988502
2011-03-20 01:00:00,20.749495092568658
2011-03-20 02:00:00,22.285294260827698
2011-03-20 03:00:00,21.98423000191161
2011-03-20 04:00:00,23.006020222029278
2011-03-20 05:00:00,23.847406455237536
2011-03-20 06:00:00,26.491780814366788
2011-03-20 07:00:00,27.338354166975943
2011-03-20 08:00:00,35.68581330043545
2011-03-20 09:00:00,44.566322259623234
2011-03-20 10:00:00,57.887858546410385
2011-03-20 11:00:00,73.79022366558472
2011-03-20 12:00:00,84.42664916124698
2011-03-20 13:00:00,107.1940413837448
2011-03-20 14:00:00,132.03072206421479
2011-03-20 15:00:00,143.8947895252951
2011-03-20 16:00:00,164.50698575277835
2011-03-20 17:00:00,173.89677111354686
2011-03-20 18:00:00,172.12576690595205
2011-03-20 19:00:00,161.49329947429004
2011-03-20 20:00:00,170.76369486565315
2011-03-20 21:00:00,161.07794501667257
2011-03-20 22:00:00,176.00176341850766
2011-03-20 23:00:00,173.66149082989492
2011-03-21 00:00:00,16.84933159933523
2011-03-21 01:00:00,17.402408168192753
2011-03-21 02:00:00,19.034615482061565
2011-03-21 03:00:00,21.03616269604618
2011-03-21 05:00:00,21.527885901914043
2011-03-21 06:00:00,25.111849039449332
2011-03-21 07:00:00,22.67519961390749
2011-03-21 08:00:00,25.208485510992077
2011-03-21 09:00:00,33.0798151398032
2011-03-21 10:00:00,47.37268837666947
2011-03-21 11:00:00,61.255211137669804
2011-03-21 12:00:00,64.6162646815245
2011-03-21 13:00:00,101.26241232687593
2011-03-21 14:00:00,121.7560165276176
2011-03-21 15:00:00,149.94780729715126
2011-03-21 16:00:00,150.25291711567792
2011-03-21 17:00:00,165.1953198376008
2011-03-21 18:00:00,153.64660632552565
2011-03-21 19:00:00,244.50782708933735
2011-03-21 20:00:00,233.23979485791648
2011-03-21 21:00:00,129.41564044606258
2011-03-21 22:00:00,157.04333886865103
2011-03-21 23:00:00,169.56905008424025
2011-03-22 00:00:00,16.78345109228375
2011-03-22 01:00:00,13.935791454568255
2011-03-22 02:00:00,17.54136854726273
2011-03-22 03:00:00,23.67591335865151
2011-03-22 04:00:00,24.499741718964433
2011-03-22 05:00:00,23.818546993820718
2011-03-22 06:00:00,27.032499994516243
2011-03-22 07:00:00,34.029199956630606
2011-03-22 08:00:00,50.69269939130201
2011-03-22 09:00:00,57.638246918941405
2011-03-22 10:00:00,72.49771025461196
2011-03-22 11:00:00,84.67376864707037
2011-03-22 12:00:00,102.9398120467287
2011-03-22 13:00:00,128.6803329104795
2011-03-22 14:00:00,151.3461029943229
2011-03-22 15:00:00,164.26248144003915
2011-03-22 16:00:00,177.82199610388835
2011-03-22 17:00:00,196.52051518993682
2011-03-22 18:00:00,200.20300036349366
2011-03-22 19:00:00,176.91244553491575
2011-03-22 20:00:00,199.0838704883203
2011-03-22 21:00:00,206.70169006612105
2011-03-22 22:00:00,203.93491148767768
2011-03-22 23:00:00,225.37928236593572
2011-03-23 00:00:00,16.51439451721616
2011-03-23 01:00:00,15.832697172055761
2011-03-23 02:00:00,17.497553020835863
2011-03-23 03:00:00,19.552983024636415
2011-03-23 05:00:00,19.385079116175632
2011-03-23 06:00:00,22.446495452478867
2011-03-23 07:00:00,21.501133848797274
2011-03-23 08:00:00,26.32134269209489
2011-03-23 09:00:00,31.497186933541787
2011-03-23 10:00:00,36.766182436199394
2011-03-23 11:00:00,37.32736934409107
2011-03-23 12:00:00,40.68580874493449
2011-03-23 13:00:00,44.85504859899137
2011-03-23 14:00:00,53.128566576550746
2011-03-23 15:00:00,69.09648993107099
2011-03-23 16:00:00,87.64919355183687
2011-03-23 17:00:00,96.86577054689143
2011-03-23 18:00:00,93.19445467326217
2011-03-23 19:00:00,102.99413259614298
2011-03-23 20:00:00,97.84783116297412
2011-03-23 21:00:00,79.31840008091054
2011-03-23 22:00:00,97.1894214566721
2011-03-23 23:00:00,110.55058942367934
2011-03-24 00:00:00,10.903465726354884
2011-03-24 01:00:00,10.346139330882036
2011-03-24 02:00:00,11.493195787230853
2011-03-24 03:00:00,11.963790288444438
2011-03-24 04:00:00,13.221818912300767
2011-03-24 05:00:00,16.28237495073247
2011-03-24 06:00:00,17.99451577387674
2011-03-24 07:00:00,16.9738633537213
2011-03-24 08:00:00,18.291414008110934
2011-03-24 09:00:00,23.11826820253534
2011-03-24 10:00:00,25.04202600386199
2011-03-24 11:00:00,36.9643526603984
2011-03-24 12:00:00,48.28195219787854
2011-03-24 13:00:00,56.11941805145305
2011-03-24 14:00:00,59.2383092192647
2011-03-24 15:00:00,65.57615498757092
2011-03-24 16:00:00,77.60634939388201
2011-03-24 17:00:00,79.68025314546215
2011-03-24 18:00:00,99.91158432053108
2011-03-24 19:00:00,121.4271175658809
2011-03-24 20:00:00,116.536441964456
2011-03-24 21:00:00,116.57989670141214
2011-03-24 22:00:00,127.51416270684369
2011-03-24 23:00:00,132.26949796105183
2011-03-25 00:00:00,16.340399620667704
2011-03-25 01:00:00,14.527685799946834
2011-03-25 02:00:00,15.916665048323479
2011-03-25 03:00:00,17.900398689210427
2011-03-25 04:00:00,17.49078832031418
2011-03-25 05:00:00,19.163067191788247
2011-03-25 06:00:00,20.99258864846188
2011-03-25 07:00:00,30.52729458334235
2011-03-25 08:00:00,40.124957086523885
2011-03-25 09:00:00,47.90006266253468
2011-03-25 10:00:00,54.87701906490906
2011-03-25 11:00:00,73.49730629203863
2011-03-25 12:00:00,88.73188996882561
2011-03-25 13:00:00,103.39629143343531
2011-03-25 14:00:00,140.42245655164706
2011-03-25 15:00:00,136.66058445490546
2011-03-25 16:00:00,153.7842282495061
2011-03-25 17:00:00,158.70191803241696
2011-03-25 18:00:00,160.8212679182588
2011-03-25 19:00:00,185.61866112240426
2011-03-25 20:00:00,194.93696660874093
2011-03-25 21:00:00,216.55299924164734
2011-03-25 22:00:00,228.93263656547416
2011-03-25 23:00:00,238.92177434664114
2011-03-26 00:00:00,24.25943504576719
2011-03-26 01:00:00,26.53028547535198
2011-03-26 02:00:00,24.461858225237236
2011-03-26 03:00:00,24.49236869385071
2011-03-26 04:00:00,29.876813130217673
2011-03-26 05:00:00,28.20333359704054
2011-03-26 06:00:00,27.966680230754868
2011-03-26 07:00:00,34.44651341567483
2011-03-26 08:00:00,44.72988440659133
2011-03-26 09:00:00,54.28172891753806
2011-03-26 10:00:00,63.3622282696377
2011-03-26 11:00:00,76.89291721122383
2011-03-26 12:00:00,92.43643243855794
2011-03-26 13:00:00,112.7578166453196
2011-03-26 14:00:00,138.88361477826967
2011-03-26 15:00:00,155.6253238629022
2011-03-26 16:00:00,187.87346107272577
2011-03-26 17:00:00,192.03502323300523
2011-03-26 18:00:00,222.45002018878668
2011-03-26 19:00:00,155.83449436027743
2011-03-26 20:00:00,172.22096133795097
2011-03-26 21:00:00,181.95435448652665
2011-03-26 22:00:00,221.95551255882427
2011-03-26 23:00:00,221.4284531609827
2011-03-27 00:00:00,21.537814678787228
2011-03-27 01:00:00,19.00076995504736
2011-03-27 02:00:00,19.374983311872167
2011-03-27 03:00:00,16.3544913253172
2011-03-27 04:00:00,16.121489330113196
2011-03-27 06:00:00,15.623204562186467
2011-03-27 07:00:00,17.028864449048804
2011-03-27 08:00:00,27.2832153657302
2011-03-27 09:00:00,39.071224102967655
2011-03-27 10:00:00,42.76932093603625
2011-03-27 11:00:00,55.53731254399667
2011-03-27 12:00:00,69.11572525095369
2011-03-27 13:00:00,91.30621584471417
2011-03-27 14:00:00,111.78349382521844
2011-03-27 15:00:00,123.72752015207311
2011-03-27 16:00:00,143.588369458115
2011-03-27 17:00:00,161.82011692907403
2011-03-27 18:00:00,163.57901076987253
2011-03-27 19:00:00,187.14798771155043
2011-03-27 20:00:00,180.9856684054806
2011-03-27 21:00:00,176.86647935879444
2011-03-27 22:00:00,195.46452297787792
2011-03-27 23:00:00,207.75383472300567
2011-03-28 00:00:00,14.685975136399552
2011-03-28 01:00:00,19.0834512159945
2011-03-28 02:00:00,20.981631860427818
2011-03-28 03:00:00,23.18791371753534
2011-03-28 05:00:00,25.67275002592989
2011-03-28 06:00:00,32.27897603575673
2011-03-28 07:00:00,38.899988585107
2011-03-28 08:00:00,41.78670435565679
2011-03-28 09:00:00,49.673756166565724
2011-03-28 10:00:00,59.45240207408378
2011-03-28 11:00:00,69.69569350199225
2011-03-28 12:00:00,82.00542828907625
2011-03-28 13:00:00,103.56042891655211
2011-03-28 14:00:00,124.57450402647142
2011-03-28 15:00:00,135.0677453453987
2011-03-28 16:00:00,157.538596066639
2011-03-28 17:00:00,173.02464981637698
2011-03-28 18:00:00,190.54618883438388
2011-03-28 19:00:00,196.15903404578245
2011-03-28 20:00:00,230.9680238524738
2011-03-28 21:00:00,260.3803061679565
2011-03-28 22:00:00,263.8495543767865
2011-03-28 23:00:00,267.8167173660825
2011-03-29 00:00:00,23.037524961042838
2011-03-29 01:00:00,22.72629840515888
2011-03-29 02:00:00,25.116037210226793
2011-03-29 03:00:00,27.757064256548773
2011-03-29 04:00:00,23.636313246322473
2011-03-29 05:00:00,30.316851592687396
2011-03-29 06:00:00,31.834568068023366
2011-03-29 07:00:00,34.87824309214041
2011-03-29 08:00:00,44.237632226167406
2011-03-29 09:00:00,61.30365829269348
2011-03-29 10:00:00,74.33628246875968
2011-03-29 11:00:00,90.22987467355618
2011-03-29 12:00:00,100.24874104543571
2011-03-29 13:00:00,109.15236776328797
2011-03-29 14:00:00,128.18852597579374
2011-03-29 15:00:00,156.80366999797786
2011-03-29 16:00:00,179.25544562051485
2011-03-29 17:00:00,213.27578067179377
2011-03-29 18:00:00,204.80572175423876
2011-03-29 19:00:00,208.96015051390955
2011-03-29 20:00:00,250.14216910708174
2011-03-29 21:00:00,193.82364862081198
2011-03-29 22:00:00,193.22914408660426
2011-03-29 23:00:00,179.4178120467007
2011-03-30 00:00:00,18.480896479630758
2011-03-30 01:00:00,26.7797756921191
2011-03-30 02:00:00,22.57188662924936
2011-03-30 03:00:00,28.063421113027278
2011-03-30 04:00:00,27.568471397761186
2011-03-30 05:00:00,28.740026704323775
2011-03-30 06:00:00,35.51672414788317
2011-03-30 07:00:00,44.355922554942595
2011-03-30 08:00:00,45.817573486743655
2011-03-30 09:00:00,53.23634471280456
2011-03-30 10:00:00,60.91771708687795
2011-03-30 11:00:00,67.67154655464493
2011-03-30 12:00:00,75.05078169266201
2011-03-30 13:00:00,88.05865731291121
2011-03-30 14:00:00,96.71482878025547
2011-03-30 15:00:00,51.09605113327397
2011-03-30 16:00:00,52.27978643881301
2011-03-30 17:00:00,50.0011976468512
2011-03-30 18:00:00,55.67970475856061
2011-03-30 19:00:00,61.53459360777386
2011-03-30 20:00:00,62.73442494419468
2011-03-30 21:00:00,70.5412305350998
2011-03-30 22:00:00,77.09960484921977
2011-03-30 23:00:00,84.46039839865485
2011-03-31 00:00:00,8.726079344360295
2011-03-31 01:00:00,9.593873422837314
2011-03-31 02:00:00,10.602698142143986
2011-03-31 03:00:00,11.778402643063217
2011-03-31 04:00:00,13.08425136258262
2011-03-31 05:00:00,14.38570739389726
2011-03-31 06:00:00,15.79982332162623
2011-03-31 07:00:00,17.661033638337205
2011-03-31 08:00:00,17.711494393996773
2011-03-31 09:00:00,22.66277302462592
2011-03-31 10:00:00,25.04583194437948
2011-03-31 11:00:00,29.338061876881206
2011-03-31 12:00:00,32.42304754778797
2011-03-31 13:00:00,41.48704918240785
2011-03-31 14:00:00,45.84953750195115
2011-03-31 15:00:00,50.18070738139064
2011-03-31 16:00:00,56.425301594043276
2011-03-31 17:00:00,62.35859219874365
2011-03-31 18:00:00,68.8014884488637
2011-03-31 19:00:00,76.03617241989515
2011-03-31 20:00:00,71.89752638256566
2011-03-31 21:00:00,79.79739306584038
2011-03-31 22:00:00,89.0359954289707
2011-03-31 23:00:00,83.18627042929201
2011-04-20 00:00:00,16.22036654533184
2011-04-20 01:00:00,15.698607734971771
2011-04-20 02:00:00,17.349363675115782
2011-04-20 03:00:00,18.636443267269055
2011-04-20 04:00:00,18.273673482355672
2011-04-20 05:00:00,22.40468041455893
2011-04-20 06:00:00,25.88053219030544
2011-04-20 07:00:00,29.211876379991125
2011-04-20 08:00:00,81.94334533638236
2011-04-20 09:00:00,106.97277381603229
2011-04-20 10:00:00,93.82369830301289
2011-04-20 11:00:00,103.68954309095236
2011-04-20 12:00:00,196.55040875424163
2011-04-20 13:00:00,217.21827690321155
2011-04-20 14:00:00,290.7181581627819
2011-04-20 15:00:00,354.765848022387
2011-04-20 16:00:00,392.0705466854772
2011-04-20 17:00:00,404.5571966140174
2011-04-20 18:00:00,493.451483338601
2011-04-20 19:00:00,480.1470105178633
2011-04-20 20:00:00,492.1239385398503
2011-04-20 21:00:00,513.0822910703938
2011-04-20 22:00:00,493.1710087407891
2011-04-20 23:00:00,543.5397067137278
2011-04-21 00:00:00,44.93126371014034
2011-04-21 01:00:00,42.67064812873898
2011-04-21 02:00:00,48.257985813192356
2011-04-21 03:00:00,42.611131161985206
2011-04-21 04:00:00,42.775191106145826
2011-04-21 05:00:00,45.80947983204628
2011-04-21 06:00:00,45.6665375091112
2011-04-21 07:00:00,61.07015312210021
2011-04-21 08:00:00,61.78143737461067
2011-04-21 09:00:00,72.31208236818912
2011-04-21 10:00:00,85.11293593145749
2011-04-21 11:00:00,101.97611027009864
2011-04-21 12:00:00,121.22132514125278
2011-04-21 13:00:00,155.8906634853611
2011-04-21 14:00:00,180.21398371492367
2011-04-21 15:00:00,226.42621270433355
2011-04-21 16:00:00,255.0639287303779
2011-04-21 17:00:00,251.8802413256795
2011-04-21 18:00:00,301.41648077340955
2011-04-21 19:00:00,288.70157567918267
2011-04-21 20:00:00,287.34852960470846
2011-04-21 21:00:00,237.74851043931562
2011-04-21 22:00:00,294.6026102976501
2011-04-21 23:00:00,288.6409665486091
2011-04-22 00:00:00,22.17763553748978
2011-04-22 01:00:00,27.73705502032657
2011-04-22 02:00:00,30.892309832886763
2011-04-22 03:00:00,34.140729362970575
2011-04-22 04:00:00,35.81979266382964
2011-04-22 05:00:00,39.17940398900398
2011-04-22 06:00:00,43.748976137727624
2011-04-22 07:00:00,48.06368711430871
2011-04-22 08:00:00,52.84354086323511
2011-04-22 09:00:00,51.021037606114064
2011-04-22 10:00:00,59.919219689601015
2011-04-22 11:00:00,59.06543389034548
2011-04-22 12:00:00,55.76095857588148
2011-04-22 13:00:00,52.955196284482184
2011-04-22 14:00:00,58.01819597663738
2011-04-22 15:00:00,64.6775273201931
2011-04-22 16:00:00,70.74376436708174
2011-04-22 17:00:00,67.87687893592141
2011-04-22 18:00:00,75.01433742864481
2011-04-22 19:00:00,82.90232120382039
2011-04-22 20:00:00,100.08105126415961
2011-04-22 21:00:00,97.21341182170605
2011-04-22 22:00:00,96.41496871892417
2011-04-22 23:00:00,125.8474895454692
2011-04-23 00:00:00,11.55472138897235
2011-04-23 01:00:00,12.76973518456289
2011-04-23 02:00:00,14.151349457381144
2011-04-23 03:00:00,15.518872487769313
2011-04-23 04:00:00,18.084584555051
2011-04-23 05:00:00,19.986233152383797
2011-04-23 06:00:00,22.00422069764623
2011-04-23 07:00:00,24.174370972165946
2011-04-23 08:00:00,28.136898150161358
2011-04-23 09:00:00,38.08498011941258
2011-04-23 10:00:00,50.10604073104601
2011-04-23 11:00:00,61.13239016565992
2011-04-23 12:00:00,87.75757678278475
2011-04-23 13:00:00,96.48659187371534
2011-04-23 14:00:00,132.45745377351807
2011-04-23 15:00:00,172.87452299720846
2011-04-23 16:00:00,187.62820821590438
2011-04-23 17:00:00,208.9720317224529
2011-04-23 18:00:00,192.05389619408786
2011-04-23 19:00:00,190.59216521542783
2011-04-23 20:00:00,184.19828390128498
2011-04-23 21:00:00,231.4070825482425
2011-04-23 22:00:00,287.7578677901368
2011-04-23 23:00:00,244.80771133451657
2011-04-24 00:00:00,23.75752594140298
2011-04-24 01:00:00,23.094060845598566
2011-04-24 02:00:00,25.522470980211537
2011-04-24 03:00:00,25.35914559631795
2011-04-24 04:00:00,28.02573622249451
2011-04-24 05:00:00,30.9727268937201
2011-04-24 06:00:00,30.671190711326673
2011-04-24 07:00:00,33.89635889902668
2011-04-24 08:00:00,44.96232893320466
2011-04-24 09:00:00,60.23278051530453
2011-04-24 10:00:00,85.45421642099491
2011-04-24 11:00:00,131.95887581912004
2011-04-24 12:00:00,156.43830503736626
2011-04-24 13:00:00,202.40524117523665
2011-04-24 14:00:00,239.10406413942243
2011-04-24 15:00:00,213.14676231114703
2011-04-24 16:00:00,349.12957576793565
2011-04-24 17:00:00,247.35233647120054
2011-04-24 18:00:00,239.6711769968886
2011-04-24 19:00:00,193.23510211984964
2011-04-24 20:00:00,213.55435577940025
2011-04-24 21:00:00,169.5168355503387
2011-04-24 22:00:00,171.5033053760038
2011-04-24 23:00:00,187.10578584484168
2011-04-25 00:00:00,16.087536241854426
2011-04-25 01:00:00,19.199963777390717
2011-04-25 02:00:00,21.218897863212344
2011-04-25 03:00:00,21.16793561585676
2011-04-25 04:00:00,24.140841963073694
2011-04-25 05:00:00,22.999011962793496
2011-04-25 06:00:00,28.060181012526495
2011-04-25 07:00:00,33.094429111430266
2011-04-25 08:00:00,48.59090080276775
2011-04-25 09:00:00,64.14240966509813
2011-04-25 10:00:00,93.8661104629271
2011-04-25 11:00:00,103.73641501736908
2011-04-25 12:00:00,119.30318295978579
2011-04-25 13:00:00,165.3245628192768
2011-04-25 14:00:00,225.73467917032346
2011-04-25 15:00:00,268.7817331251618
2011-04-25 16:00:00,268.5540369480389
2011-04-25 17:00:00,293.74226716532286
2011-04-25 18:00:00,298.70536850760436
2011-04-25 19:00:00,312.5493507667581
2011-04-25 20:00:00,323.14558234906815
2011-04-25 21:00:00,291.5902033851678
2011-04-25 22:00:00,291.3942797942053
2011-04-25 23:00:00,273.4001870001943
2011-04-26 00:00:00,34.79783797274578
2011-04-26 01:00:00,35.57053599993592
2011-04-26 02:00:00,28.921608409828977
2011-04-26 03:00:00,28.04504657635181
2011-04-26 04:00:00,34.87000906639411
2011-04-26 05:00:00,34.076376285027436
2011-04-26 06:00:00,39.36296956954272
2011-04-26 07:00:00,49.8417968596598
2011-04-26 08:00:00,55.08281208996241
2011-04-26 09:00:00,84.2527672715763
2011-04-26 10:00:00,103.76093166800021
2011-04-26 11:00:00,128.46529026542208
2011-04-26 12:00:00,159.02871886901778
2011-04-26 13:00:00,221.71135219135203
2011-04-26 14:00:00,210.0297471233617
2011-04-26 15:00:00,212.44922131589627
2011-04-26 16:00:00,246.6644262432002
2011-04-26 17:00:00,246.9720826430389
2011-04-26 18:00:00,261.35472070072245
2011-04-26 19:00:00,231.36409341576473
2011-04-26 20:00:00,253.064203066684
2011-04-26 21:00:00,244.101083111316
2011-04-26 22:00:00,229.0622337924173
2011-04-26 23:00:00,254.4623249437342
2011-04-27 00:00:00,26.339066159112456
2011-04-27 01:00:00,29.259227479753875
2011-04-27 02:00:00,28.59329469949039
2011-04-27 03:00:00,31.57628090167383
2011-04-27 04:00:00,30.26909465332098
2011-04-27 05:00:00,33.42632957598909
2011-04-27 06:00:00,37.160737684759056
2011-04-27 07:00:00,47.10322347430087
2011-04-27 08:00:00,52.46149501558275
2011-04-27 09:00:00,60.69996994795509
2011-04-27 10:00:00,75.55195493246123
2011-04-27 11:00:00,94.42547698639817
2011-04-27 12:00:00,111.16273275712481
2011-04-27 13:00:00,116.31273574269102
2011-04-27 14:00:00,153.02866526900104
2011-04-27 15:00:00,210.32673365602787
2011-04-27 16:00:00,212.0802215030435
2011-04-27 17:00:00,169.99788846997458
2011-04-27 18:00:00,187.8736790458866
2011-04-27 19:00:00,205.04257081883267
2011-04-27 20:00:00,214.58944439725005
2011-04-27 21:00:00,208.05943472647965
2011-04-27 22:00:00,230.3584912164595
2011-04-27 23:00:00,255.89789158350305
2011-04-28 00:00:00,32.710233811692156
2011-04-28 01:00:00,31.94179785714707
2011-04-28 02:00:00,35.66723354547823
2011-04-28 03:00:00,44.11895842227072
2011-04-28 04:00:00,43.3377804537693
2011-04-28 05:00:00,47.64847536418982
2011-04-28 06:00:00,60.32539580277484
2011-04-28 07:00:00,66.49707743815407
2011-04-28 08:00:00,77.22034577942688
2011-04-28 09:00:00,63.738189745207954
2011-04-28 10:00:00,70.311722842139
2011-04-28 11:00:00,85.25663945056675
2011-04-28 12:00:00,102.83156118440013
2011-04-28 13:00:00,104.3982144105487
2011-04-28 14:00:00,116.06164091837285
2011-04-28 15:00:00,178.2728087035242
2011-04-28 16:00:00,154.30830613517182
2011-04-28 17:00:00,293.51869071830214
2011-04-28 18:00:00,324.3830661091943
2011-04-28 19:00:00,365.06519220977316
2011-04-28 20:00:00,340.7283873286832
2011-04-28 21:00:00,337.60381117826324
2011-04-28 22:00:00,362.25886903556307
2011-04-28 23:00:00,431.7143698591001
2011-04-29 00:00:00,48.764832995030254
2011-04-29 01:00:00,45.402171742903626
2011-04-29 02:00:00,34.96004103167299
2011-04-29 03:00:00,40.87422036316573
2011-04-29 04:00:00,51.213250209150765
2011-04-29 05:00:00,60.0316004461538
2011-04-29 06:00:00,77.4054773908048
2011-04-29 07:00:00,92.50112457110176
2011-04-29 08:00:00,114.31753473381858
2011-04-29 09:00:00,126.993896761547
2011-04-29 10:00:00,144.17699005509573
2011-04-29 11:00:00,193.51036115094178
2011-04-29 12:00:00,184.04420953341474
2011-04-29 13:00:00,203.9222459417384
2011-04-29 14:00:00,277.97652175619663
2011-04-29 15:00:00,236.89442012593213
2011-04-29 16:00:00,244.46979559025988
2011-04-29 17:00:00,247.2902881107858
2011-04-29 18:00:00,261.6819289801667
2011-04-29 19:00:00,223.7349761081146
2011-04-29 20:00:00,282.8553102353927
2011-04-29 21:00:00,283.1724608742976
2011-04-29 22:00:00,254.40048506535226
2011-04-29 23:00:00,307.4973487379187
2011-04-30 00:00:00,32.12193819601637
2011-04-30 01:00:00,34.95396364922015
2011-04-30 02:00:00,39.03071425073015
2011-04-30 03:00:00,40.838948808612265
2011-04-30 04:00:00,45.36746931192124
2011-04-30 05:00:00,51.88993444407544
2011-04-30 06:00:00,50.53857391411735
2011-04-30 07:00:00,60.32201529610961
2011-04-30 08:00:00,65.63915982826886
2011-04-30 09:00:00,84.56941681489447
2011-04-30 10:00:00,114.97376642730345
2011-04-30 11:00:00,136.77706360329108
2011-04-30 12:00:00,159.65776512476535
2011-04-30 13:00:00,190.79428637829207
2011-04-30 14:00:00,208.1517601614163
2011-04-30 15:00:00,245.07947949648945
2011-04-30 16:00:00,287.5568969792375
2011-04-30 17:00:00,274.02426419925894
2011-04-30 18:00:00,288.2433706674468
2011-04-30 19:00:00,318.5530302480502
2011-04-30 20:00:00,207.8248966752126
2011-04-30 21:00:00,229.67831122561068
2011-04-30 22:00:00,234.6028952284903
2011-04-30 23:00:00,259.2720970718286
2011-05-20 00:00:00,18.088373029546688
2011-05-20 01:00:00,18.018719384213224
2011-05-20 02:00:00,19.24994403155187
2011-05-20 03:00:00,20.946749653003636
2011-05-20 04:00:00,25.6824855286701
2011-05-20 05:00:00,28.456370040926153
2011-05-20 06:00:00,36.09248404619015
2011-05-20 07:00:00,52.3139406533576
2011-05-20 08:00:00,70.83609144893845
2011-05-20 09:00:00,81.37810840028145
2011-05-20 10:00:00,99.7033367129528
2011-05-20 11:00:00,122.078960787013
2011-05-20 12:00:00,163.94765833352503
2011-05-20 13:00:00,181.05144465227687
2011-05-20 14:00:00,215.90477652111187
2011-05-20 15:00:00,219.02051778590885
2011-05-20 16:00:00,251.67989408315896
2011-05-20 17:00:00,280.3489292055881
2011-05-20 18:00:00,295.8592784563793
2011-05-20 19:00:00,253.02907083588613
2011-05-20 20:00:00,280.3579452144458
2011-05-20 21:00:00,294.8685883464586
2011-05-20 22:00:00,266.8083450864862
2011-05-20 23:00:00,292.9893107196869
2011-05-21 00:00:00,27.35395382072457
2011-05-21 01:00:00,31.956279303686323
2011-05-21 02:00:00,35.961177015825434
2011-05-21 03:00:00,31.071306115736835
2011-05-21 04:00:00,30.071318211632924
2011-05-21 05:00:00,33.06243305432321
2011-05-21 06:00:00,44.291350575310595
2011-05-21 07:00:00,61.701967138923344
2011-05-21 08:00:00,79.13441361752648
2011-05-21 09:00:00,107.32646181714354
2011-05-21 10:00:00,125.17942928377843
2011-05-21 11:00:00,164.36066697547915
2011-05-21 12:00:00,191.2071001829452
2011-05-21 13:00:00,246.37681503177234
2011-05-21 14:00:00,298.9893594080105
2011-05-21 15:00:00,330.34476218838097
2011-05-21 16:00:00,396.4417370409531
2011-05-21 17:00:00,412.7553213081178
2011-05-21 18:00:00,415.4144612105124
2011-05-21 19:00:00,435.0027336577585
2011-05-21 20:00:00,334.1194981198234
2011-05-21 21:00:00,375.992783832619
2011-05-21 22:00:00,353.33355382439873
2011-05-21 23:00:00,310.9477563140315
2011-05-22 00:00:00,22.953629362809924
2011-05-22 01:00:00,21.986528635978296
2011-05-22 02:00:00,24.173470747377635
2011-05-22 03:00:00,23.275118288213285
2011-05-22 04:00:00,25.261494086674695
2011-05-22 05:00:00,28.427372658191256
2011-05-22 06:00:00,36.060244026485236
2011-05-22 07:00:00,45.742574063557626
2011-05-22 08:00:00,75.77123616051406
2011-05-22 09:00:00,93.56830468378273
2011-05-22 10:00:00,113.64859957796827
2011-05-22 11:00:00,173.06803241570904
2011-05-22 12:00:00,208.81139491492237
2011-05-22 13:00:00,191.32739989781797
2011-05-22 14:00:00,154.81823249637628
2011-05-22 15:00:00,208.63049691026313
2011-05-22 16:00:00,242.45581944091708
2011-05-22 17:00:00,300.37502483958497
2011-05-22 18:00:00,286.2239097278485
2011-05-22 19:00:00,314.68840153205156
2011-05-22 20:00:00,310.4815548187817
2011-05-22 21:00:00,291.7703633638938
2011-05-22 22:00:00,257.2034608397848
2011-05-22 23:00:00,268.95145162117296
2011-05-23 00:00:00,21.819384377281537
2011-05-23 01:00:00,24.132263542744415
2011-05-23 02:00:00,26.629418471178937
2011-05-23 03:00:00,25.643023771155292
2011-05-23 04:00:00,27.709069284383084
2011-05-23 05:00:00,30.62276147220431
2011-05-23 06:00:00,30.981611915852497
2011-05-23 07:00:00,40.012580378219354
2011-05-23 08:00:00,53.45485075501745
2011-05-23 09:00:00,59.3823144803906
2011-05-23 10:00:00,98.44073000340538
2011-05-23 11:00:00,124.97070321132169
2011-05-23 12:00:00,138.11174948452071
2011-05-23 13:00:00,207.99964092086466
2011-05-23 14:00:00,214.07572782912627
2011-05-23 15:00:00,233.551226304117
2011-05-23 16:00:00,251.5252952459297
2011-05-23 17:00:00,249.4685251830956
2011-05-23 18:00:00,245.86803258731064
2011-05-23 19:00:00,268.92849624021073
2011-05-23 20:00:00,211.94906349963907
2011-05-23 21:00:00,214.43277208146299
2011-05-23 22:00:00,205.58120617688593
2011-05-23 23:00:00,250.1509742731018
2011-05-24 00:00:00,20.394390636340443
2011-05-24 01:00:00,22.42296697312314
2011-05-24 02:00:00,24.908957951443416
2011-05-24 03:00:00,27.315936674347004
2011-05-24 04:00:00,34.195752372011114
2011-05-24 05:00:00,34.235470727330316
2011-05-24 06:00:00,37.44648527053725
2011-05-24 07:00:00,60.390957146377616
2011-05-24 08:00:00,59.322691113312615
2011-05-24 09:00:00,81.40817506000836
2011-05-24 10:00:00,128.2044233075468
2011-05-24 11:00:00,174.62745190733077
2011-05-24 12:00:00,227.8729226945763
2011-05-24 13:00:00,254.75648664781122
2011-05-24 14:00:00,283.0057439571052
2011-05-24 15:00:00,255.81027512485994
2011-05-24 16:00:00,183.74917942657567
2011-05-24 17:00:00,248.33007091088615
2011-05-24 18:00:00,244.1379637238197
2011-05-24 19:00:00,230.4218635901633
2011-05-24 20:00:00,250.09115841978377
2011-05-24 21:00:00,243.32368250556195
2011-05-24 22:00:00,219.2080850308558
2011-05-24 23:00:00,337.9300571676843
2011-05-25 00:00:00,26.028786886733428
2011-05-25 01:00:00,27.238089886208254
2011-05-25 02:00:00,23.700133643158054
2011-05-25 03:00:00,23.497784473709316
2011-05-25 04:00:00,25.835047224048605
2011-05-25 05:00:00,35.701729367081086
2011-05-25 06:00:00,36.12009730016293
2011-05-25 07:00:00,64.7919644540788
2011-05-25 08:00:00,81.05144150072191
2011-05-25 09:00:00,102.4759271966572
2011-05-25 10:00:00,126.20354231444338
2011-05-25 11:00:00,175.0396067895163
2011-05-25 12:00:00,187.32601998634374
2011-05-25 13:00:00,207.0239158415998
2011-05-25 14:00:00,229.98023756176852
2011-05-25 15:00:00,283.48416458371673
2011-05-25 16:00:00,298.42238390191085
2011-05-25 17:00:00,326.4120272270879
2011-05-25 18:00:00,315.67075044437456
2011-05-25 19:00:00,312.7759599458292
2011-05-25 20:00:00,347.458839620199
2011-05-25 21:00:00,307.58770766599224
2011-05-25 22:00:00,347.0297438144284
2011-05-25 23:00:00,337.1215584268644
2011-05-26 00:00:00,34.52479577990215
2011-05-26 01:00:00,38.15518216053456
2011-05-26 02:00:00,33.809344397243116
2011-05-26 03:00:00,32.33024267977138
2011-05-26 04:00:00,35.180024343137234
2011-05-26 05:00:00,39.2536971713723
2011-05-26 06:00:00,34.33245428676504
2011-05-26 07:00:00,46.54743233984356
2011-05-26 08:00:00,68.30374815882585
2011-05-26 09:00:00,110.79852559636694
2011-05-26 10:00:00,112.17715719699987
2011-05-26 11:00:00,152.38716986188314
2011-05-26 12:00:00,213.89269207499345
2011-05-26 13:00:00,287.05569158841377
2011-05-26 14:00:00,317.2404631325873
2011-05-26 15:00:00,373.5477203314466
2011-05-26 16:00:00,380.7922013752449
2011-05-26 17:00:00,428.5514199666636
2011-05-26 18:00:00,477.3016902923489
2011-05-26 19:00:00,492.55437922965444
2011-05-26 20:00:00,389.62929608263323
2011-05-26 21:00:00,408.45628840853277
2011-05-26 22:00:00,406.4297830540304
2011-05-26 23:00:00,453.8325005016144
2011-05-27 00:00:00,47.22695879470996
2011-05-27 01:00:00,64.97762550582567
2011-05-27 02:00:00,64.5572580829744
2011-05-27 03:00:00,62.544655248576696
2011-05-27 04:00:00,62.50941641741318
2011-05-27 05:00:00,75.19101109513741
2011-05-27 06:00:00,75.75829053924615
2011-05-27 07:00:00,79.96226725325016
2011-05-27 08:00:00,93.398765683105
2011-05-27 09:00:00,130.0967832574266
2011-05-27 10:00:00,180.87674585492465
2011-05-27 11:00:00,203.61163141893164
2011-05-27 12:00:00,235.225381180022
2011-05-27 13:00:00,233.84947113884434
2011-05-27 14:00:00,286.7705892845697
2011-05-27 15:00:00,365.61118085730016
2011-05-27 16:00:00,356.37651352499756
2011-05-27 17:00:00,360.75849160807326
2011-05-27 18:00:00,356.9091361810476
2011-05-27 19:00:00,224.1854877894406
2011-05-27 20:00:00,280.40395211739434
2011-05-27 21:00:00,246.09643892377065
2011-05-27 22:00:00,299.94793009312724
2011-05-27 23:00:00,267.1585985673995
2011-05-28 00:00:00,27.126521584679224
2011-05-28 01:00:00,30.29034198276111
2011-05-28 02:00:00,29.164669815387498
2011-05-28 03:00:00,35.390754232052046
2011-05-28 04:00:00,39.314458701772224
2011-05-28 05:00:00,43.22496439120067
2011-05-28 06:00:00,54.309131731206335
2011-05-28 07:00:00,63.05904337207332
2011-05-28 08:00:00,79.50826903335872
2011-05-28 09:00:00,100.41488616500627
2011-05-28 10:00:00,144.0594543954157
2011-05-28 11:00:00,159.2077404149061
2011-05-28 12:00:00,206.01079542260428
2011-05-28 13:00:00,217.64644741632287
2011-05-28 14:00:00,262.99460594955696
2011-05-28 15:00:00,303.7740221970063
2011-05-28 16:00:00,356.4244358007312
2011-05-28 17:00:00,375.8401283937262
2011-05-28 18:00:00,360.664765558421
2011-05-28 19:00:00,352.4486862446415
2011-05-28 20:00:00,391.5307671645742
2011-05-28 21:00:00,347.7707003399624
2011-05-28 22:00:00,350.9765596862578
2011-05-28 23:00:00,334.7516884207022
2011-05-29 00:00:00,31.363419764599506
2011-05-29 01:00:00,30.33070009989407
2011-05-29 02:00:00,33.17547825124746
2011-05-29 03:00:00,36.663979825075955
2011-05-29 04:00:00,38.46713822667973
2011-05-29 05:00:00,37.94842022596235
2011-05-29 06:00:00,49.964477052551985
2011-05-29 07:00:00,55.79193381603318
2011-05-29 08:00:00,61.341410568767365
2011-05-29 09:00:00,61.206712816173074
2011-05-29 10:00:00,90.7476773470362
2011-05-29 11:00:00,101.33176022595792
2011-05-29 12:00:00,145.12655226883481
2011-05-29 13:00:00,181.6592198915768
2011-05-29 14:00:00,210.9534480984539
2011-05-29 15:00:00,233.7378667573913
2011-05-29 16:00:00,257.6507757497421
2011-05-29 17:00:00,284.74353172733845
2011-05-29 18:00:00,287.80837992485306
2011-05-29 19:00:00,316.43044465502
2011-05-29 20:00:00,300.24988916600734
2011-05-29 21:00:00,290.62222861173314
2011-05-29 22:00:00,267.96039216274363
2011-05-29 23:00:00,297.6737948183921
2011-05-30 00:00:00,24.527561051021195
2011-05-30 01:00:00,26.82805096896325
2011-05-30 02:00:00,29.957060142934367
2011-05-30 03:00:00,33.10713534801364
2011-05-30 04:00:00,34.64589959455625
2011-05-30 05:00:00,37.67154023054072
2011-05-30 06:00:00,43.62825681322832
2011-05-30 07:00:00,47.47391326259199
2011-05-30 08:00:00,61.58328969882523
2011-05-30 09:00:00,106.61985075753248
2011-05-30 10:00:00,195.43201423678298
2011-05-30 11:00:00,226.97652730924636
2011-05-30 12:00:00,303.51941415563937
2011-05-30 13:00:00,343.0961155233711
2011-05-30 14:00:00,422.2056493995535
2011-05-30 15:00:00,487.5476979346608
2011-05-30 16:00:00,547.2934674677991
2011-05-30 17:00:00,547.497545207481
2011-05-30 18:00:00,598.848455321531
2011-05-30 19:00:00,243.88248730120495
2011-05-30 20:00:00,432.2149971073715
2011-05-30 21:00:00,389.97788121620033
2011-05-30 22:00:00,396.22067104478975
2011-05-30 23:00:00,349.2792299877328
2011-05-31 00:00:00,35.395584432368494
2011-05-31 01:00:00,31.526254338510228
2011-05-31 02:00:00,29.705879208818512
2011-05-31 03:00:00,29.95078966671953
2011-05-31 04:00:00,43.40514067998733
2011-05-31 05:00:00,47.96932210422011
2011-05-31 06:00:00,60.2174505591879
2011-05-31 07:00:00,95.5221725867537
2011-05-31 08:00:00,132.35383436030855
2011-05-31 09:00:00,163.01999712839407
2011-05-31 10:00:00,190.121268069572
2011-05-31 11:00:00,253.8351042838698
2011-05-31 12:00:00,287.12396436939883
2011-05-31 13:00:00,396.1399634351991
2011-05-31 14:00:00,429.99290826981485
2011-05-31 15:00:00,488.90743081047765
2011-05-31 16:00:00,531.9469336307706
2011-05-31 17:00:00,426.9296506718675
2011-05-31 18:00:00,469.3870944056059
2011-05-31 19:00:00,378.40914504238475
2011-05-31 20:00:00,418.20000767996584
2011-05-31 21:00:00,414.7431042276681
2011-05-31 22:00:00,407.7114158895416
2011-05-31 23:00:00,377.94254794674174
2011-06-20 00:00:00,30.41282672394923
2011-06-20 01:00:00,28.36269891175851
2011-06-20 02:00:00,31.345122225820994
2011-06-20 03:00:00,33.706269831250715
2011-06-20 04:00:00,37.01374768314967
2011-06-20 05:00:00,44.64943261028647
2011-06-20 06:00:00,51.524008633972365
2011-06-20 07:00:00,44.127956527098114
2011-06-20 08:00:00,52.49345912357089
2011-06-20 09:00:00,71.42091622123604
2011-06-20 10:00:00,78.93104092102647
2011-06-20 11:00:00,85.00703386716425
2011-06-20 12:00:00,114.86364897718194
2011-06-20 13:00:00,139.62111118355946
2011-06-20 14:00:00,171.94944505775314
2011-06-20 15:00:00,191.01314745062217
2011-06-20 16:00:00,244.8350067331491
2011-06-20 17:00:00,278.95115538910346
2011-06-20 18:00:00,290.5793092698562
2011-06-20 19:00:00,272.84310586403745
2011-06-20 20:00:00,284.2891124243119
2011-06-20 21:00:00,279.040800703235
2011-06-20 22:00:00,309.7451787655552
2011-06-20 23:00:00,306.03036986723237
2011-06-21 00:00:00,25.07845309235484
2011-06-21 01:00:00,27.389033796723663
2011-06-21 02:00:00,27.59152674877237
2011-06-21 03:00:00,30.492858984542146
2011-06-21 04:00:00,29.105560182419115
2011-06-21 05:00:00,32.332437344535045
2011-06-21 06:00:00,35.73229062495853
2011-06-21 07:00:00,33.99864780689146
2011-06-21 08:00:00,45.61605460193727
2011-06-21 09:00:00,51.731552640362516
2011-06-21 10:00:00,63.99794130448161
2011-06-21 11:00:00,75.80236766110184
2011-06-21 12:00:00,109.6911823280381
2011-06-21 13:00:00,150.55783004675106
2011-06-21 14:00:00,187.34438917756313
2011-06-21 15:00:00,232.94090115217125
2011-06-21 16:00:00,274.276940010697
2011-06-21 17:00:00,260.2573812599414
2011-06-21 18:00:00,253.02063677575387
2011-06-21 19:00:00,249.6067625611488
2011-06-21 20:00:00,285.3818031043447
2011-06-21 21:00:00,290.38535134277794
2011-06-21 22:00:00,274.1190571056452
2011-06-21 23:00:00,326.08483717868734
2011-06-22 00:00:00,28.013309391035715
2011-06-22 01:00:00,30.640734746871743
2011-06-22 02:00:00,33.08462697202235
2011-06-22 03:00:00,37.423465452857144
2011-06-22 04:00:00,35.05426820305382
2011-06-22 05:00:00,35.46504891294652
2011-06-22 06:00:00,45.850801495796816
2011-06-22 07:00:00,61.6406083196303
2011-06-22 08:00:00,79.96036514543609
2011-06-22 09:00:00,82.9499015242163
2011-06-22 10:00:00,109.5740768893807
2011-06-22 11:00:00,119.23465754514321
2011-06-22 12:00:00,187.5191297263556
2011-06-22 13:00:00,228.76849188134835
2011-06-22 14:00:00,264.4431265895998
2011-06-22 15:00:00,280.8591786306862
2011-06-22 16:00:00,305.03642884762695
2011-06-22 17:00:00,330.99491034363456
2011-06-22 18:00:00,343.4156841192753
2011-06-22 19:00:00,404.98185117938465
2011-06-22 20:00:00,280.30826235466304
2011-06-22 21:00:00,289.29234107661284
2011-06-22 22:00:00,304.0703611481777
2011-06-22 23:00:00,337.7879005334643
2011-06-23 00:00:00,34.79861061260884
2011-06-23 01:00:00,41.39551403492479
2011-06-23 02:00:00,45.74837715769963
2011-06-23 03:00:00,49.74360171756155
2011-06-23 04:00:00,47.44406486280977
2011-06-23 05:00:00,61.116049809999
2011-06-23 06:00:00,67.54258673385921
2011-06-23 07:00:00,73.82089275339874
2011-06-23 08:00:00,90.12851325943963
2011-06-23 09:00:00,98.58185012571633
2011-06-23 10:00:00,123.7530034942133
2011-06-23 11:00:00,138.7970543998877
2011-06-23 12:00:00,155.10416910057495
2011-06-23 13:00:00,178.3659533184859
2011-06-23 14:00:00,189.92771010075478
2011-06-23 15:00:00,250.86956137321377
2011-06-23 16:00:00,225.3917586778103
2011-06-23 17:00:00,217.02016300949293
2011-06-23 18:00:00,243.7717509183336
2011-06-23 19:00:00,266.63560004300524
2011-06-23 20:00:00,258.3556274554097
2011-06-23 21:00:00,284.04866493528596
2011-06-23 22:00:00,313.6819498419631
2011-06-23 23:00:00,352.34881904087143
2011-06-24 00:00:00,34.541518106975175
2011-06-24 01:00:00,34.39777300129259
2011-06-24 02:00:00,38.01480255373596
2011-06-24 03:00:00,40.834968035472215
2011-06-24 04:00:00,44.549921457636515
2011-06-24 05:00:00,42.08675095470241
2011-06-24 06:00:00,54.83424556061811
2011-06-24 07:00:00,61.1837800014785
2011-06-24 08:00:00,89.06323673558838
2011-06-24 09:00:00,125.24515549770341
2011-06-24 10:00:00,217.9485334146246
2011-06-24 11:00:00,256.33260568371736
2011-06-24 12:00:00,268.95354117566444
2011-06-24 13:00:00,316.6510895071724
2011-06-24 14:00:00,303.5864629023297
2011-06-24 15:00:00,430.589167946845
2011-06-24 16:00:00,453.27125091284313
2011-06-24 17:00:00,415.81831014815003
2011-06-24 18:00:00,463.12011357623965
2011-06-24 19:00:00,460.0660833147737
2011-06-24 20:00:00,453.511534279544
2011-06-24 21:00:00,462.79015410881135
2011-06-24 22:00:00,499.7021038008218
2011-06-24 23:00:00,514.7489313352247
2011-06-25 00:00:00,55.724112632035464
2011-06-25 01:00:00,56.07605153769118
2011-06-25 02:00:00,61.92509559625567
2011-06-25 03:00:00,60.243209127431285
2011-06-25 04:00:00,66.57796422159845
2011-06-25 05:00:00,65.34885661698434
2011-06-25 06:00:00,81.73779611171139
2011-06-25 07:00:00,91.27103854477532
2011-06-25 08:00:00,130.3792573920205
2011-06-25 09:00:00,155.24226447703884
2011-06-25 10:00:00,169.8027527182069
2011-06-25 11:00:00,199.28393318241237
2011-06-25 12:00:00,233.7176076889813
2011-06-25 13:00:00,258.2937188780877
2011-06-25 14:00:00,271.01693255001913
2011-06-25 15:00:00,284.43337891033434
2011-06-25 16:00:00,358.16318382516886
2011-06-25 17:00:00,377.4308122252308
2011-06-25 18:00:00,381.7786920953615
2011-06-25 19:00:00,413.6274977424942
2011-06-25 20:00:00,428.34115476688646
2011-06-25 21:00:00,428.8828338345322
2011-06-25 22:00:00,505.331436119862
2011-06-25 23:00:00,514.7455901356122
2011-06-26 00:00:00,42.54040053521492
2011-06-26 01:00:00,47.87174562573395
2011-06-26 02:00:00,48.38701504169874
2011-06-26 03:00:00,45.913731651106964
2011-06-26 04:00:00,50.611006002514266
2011-06-26 05:00:00,55.07216388181181
2011-06-26 06:00:00,60.86316797588596
2011-06-26 07:00:00,72.46962598823012
2011-06-26 08:00:00,87.01889013893638
2011-06-26 09:00:00,107.93005945925489
2011-06-26 10:00:00,151.5351090057508
2011-06-26 11:00:00,172.60287697877703
2011-06-26 12:00:00,212.757396680568
2011-06-26 13:00:00,228.5410132140079
2011-06-26 14:00:00,258.51271407134095
2011-06-26 15:00:00,279.13158033681253
2011-06-26 16:00:00,315.7445761008981
2011-06-26 17:00:00,328.4265431623603
2011-06-26 18:00:00,352.7012587021612
2011-06-26 19:00:00,372.3761255912
2011-06-26 20:00:00,389.634497953817
2011-06-26 21:00:00,394.20039945092014
2011-06-26 22:00:00,449.8200367672882
2011-06-26 23:00:00,483.07556902152317
2011-06-27 00:00:00,29.5258850291745
2011-06-27 01:00:00,28.281336517990717
2011-06-27 02:00:00,31.070562778335727
2011-06-27 03:00:00,34.337726143128684
2011-06-27 04:00:00,33.287761530321944
2011-06-27 05:00:00,38.655720741791455
2011-06-27 06:00:00,46.866182638194516
2011-06-27 07:00:00,59.189596903791255
2011-06-27 08:00:00,67.77222512770037
2011-06-27 09:00:00,112.11389227714761
2011-06-27 10:00:00,126.81691644784807
2011-06-27 11:00:00,122.86333952913078
2011-06-27 12:00:00,151.33057046687526
2011-06-27 13:00:00,163.90964132415866
2011-06-27 14:00:00,176.9830059601105
2011-06-27 15:00:00,211.47168277871054
2011-06-27 16:00:00,239.38841732697173
2011-06-27 17:00:00,265.928948136411
2011-06-27 18:00:00,298.8225881004759
2011-06-27 19:00:00,287.17317798992144
2011-06-27 20:00:00,279.1875092779908
2011-06-27 21:00:00,303.01429738687733
2011-06-27 22:00:00,300.5095361446582
2011-06-27 23:00:00,332.10902001198383
2011-06-28 00:00:00,26.86484762120215
2011-06-28 01:00:00,31.54381895896862
2011-06-28 02:00:00,34.654805179013636
2011-06-28 03:00:00,38.29886243998659
2011-06-28 04:00:00,42.5776326270456
2011-06-28 05:00:00,43.528562325955555
2011-06-28 06:00:00,45.98018412231517
2011-06-28 07:00:00,54.700889552617554
2011-06-28 08:00:00,68.31453291074368
2011-06-28 09:00:00,92.49017320341216
2011-06-28 10:00:00,166.165769073688
2011-06-28 11:00:00,196.02397468267182
2011-06-28 12:00:00,233.14199298819116
2011-06-28 13:00:00,254.1787721121874
2011-06-28 14:00:00,312.71843120899945
2011-06-28 15:00:00,347.47749459096764
2011-06-28 16:00:00,376.3214841180728
2011-06-28 17:00:00,332.384732250375
2011-06-28 18:00:00,348.9925098639148
2011-06-28 19:00:00,316.91596995963664
2011-06-28 20:00:00,306.60792800978567
2011-06-28 21:00:00,342.02508674886593
2011-06-28 22:00:00,317.5098977073364
2011-06-28 23:00:00,349.9932321082911
2011-06-29 00:00:00,29.846529889975457
2011-06-29 01:00:00,33.26668420355095
2011-06-29 02:00:00,31.95125104936615
2011-06-29 03:00:00,34.3844234508791
2011-06-29 04:00:00,38.22587033957905
2011-06-29 05:00:00,40.06326314144797
2011-06-29 06:00:00,60.47177754285917
2011-06-29 07:00:00,90.83081709814205
2011-06-29 08:00:00,110.79139854048098
2011-06-29 09:00:00,134.32683656140156
2011-06-29 10:00:00,160.1098577431061
2011-06-29 11:00:00,200.12762987224303
2011-06-29 12:00:00,222.31539311389412
2011-06-29 13:00:00,291.43465999666154
2011-06-29 14:00:00,314.6739203407275
2011-06-29 15:00:00,368.8832983951308
2011-06-29 16:00:00,425.9729901645428
2011-06-29 17:00:00,499.3207859680434
2011-06-29 18:00:00,492.25854559390586
2011-06-29 19:00:00,458.1727839149226
2011-06-29 20:00:00,460.7041277384895
2011-06-29 21:00:00,473.425411809034
2011-06-29 22:00:00,474.01589970389534
2011-06-29 23:00:00,472.1159623163036
2011-06-30 00:00:00,43.79908716252799
2011-06-30 01:00:00,44.695194643665516
2011-06-30 02:00:00,45.17627312825903
2011-06-30 03:00:00,45.7032323640529
2011-06-30 04:00:00,42.58158740646373
2011-06-30 05:00:00,48.04183327417995
2011-06-30 06:00:00,59.06996458532778
2011-06-30 07:00:00,69.9726154185694
2011-06-30 08:00:00,108.14841695933812
2011-06-30 09:00:00,132.62005928804032
2011-06-30 10:00:00,153.1920225022153
2011-06-30 11:00:00,185.9248951761816
2011-06-30 12:00:00,223.5125432409229
2011-06-30 13:00:00,255.71250547123412
2011-06-30 14:00:00,305.7835166704307
2011-06-30 15:00:00,365.9590272090105
2011-06-30 16:00:00,418.0680458467809
2011-06-30 17:00:00,450.40106836430084
2011-06-30 18:00:00,451.7798510606539
2011-06-30 19:00:00,443.3836504352011
2011-06-30 20:00:00,490.00677823577325
2011-06-30 21:00:00,487.6676310392477
2011-06-30 22:00:00,481.51844828372094
2011-06-30 23:00:00,424.4608363963188
2011-07-20 00:00:00,28.95985208206431
2011-07-20 01:00:00,31.431381918798415
2011-07-20 02:00:00,34.736486504207356
2011-07-20 03:00:00,39.089811683475126
2011-07-20 04:00:00,40.20344846801109
2011-07-20 05:00:00,45.241916722075494
2011-07-20 06:00:00,45.50167993230165
2011-07-20 07:00:00,57.966890906231846
2011-07-20 08:00:00,82.50335275555288
2011-07-20 09:00:00,96.37180484843465
2011-07-20 10:00:00,112.30481176244956
2011-07-20 11:00:00,160.26362724811906
2011-07-20 12:00:00,194.33427949281338
2011-07-20 13:00:00,243.91750948595825
2011-07-20 14:00:00,297.54075406882697
2011-07-20 15:00:00,333.73992512088296
2011-07-20 16:00:00,318.366391160808
2011-07-20 17:00:00,354.8180309437326
2011-07-20 18:00:00,394.1628420847475
2011-07-20 19:00:00,378.94093097691825
2011-07-20 20:00:00,357.9517382325004
2011-07-20 21:00:00,430.2687852399461
2011-07-20 22:00:00,422.9738694991151
2011-07-20 23:00:00,407.610964219679
2011-07-21 00:00:00,41.070460418066844
2011-07-21 01:00:00,38.03674392705083
2011-07-21 02:00:00,42.036422245112114
2011-07-21 03:00:00,48.302853128733496
2011-07-21 04:00:00,47.86174073511764
2011-07-21 05:00:00,52.89454709336057
2011-07-21 06:00:00,58.456568215850204
2011-07-21 07:00:00,68.23427300008268
2011-07-21 08:00:00,87.37812700469755
2011-07-21 09:00:00,119.30274609119161
2011-07-21 10:00:00,151.85307287274318
2011-07-21 11:00:00,211.1362987316664
2011-07-21 12:00:00,269.6251185406957
2011-07-21 13:00:00,296.43888816674234
2011-07-21 14:00:00,372.73972011773424
2011-07-21 15:00:00,402.1193379524786
2011-07-21 16:00:00,495.66881500012465
2011-07-21 17:00:00,563.1978538771967
2011-07-21 18:00:00,548.8929294018953
2011-07-21 19:00:00,461.7253839304537
2011-07-21 20:00:00,444.6129805288695
2011-07-21 21:00:00,449.39858982330736
2011-07-21 22:00:00,501.85482911732623
2011-07-21 23:00:00,508.1417627349624
2011-07-22 00:00:00,68.57625350420133
2011-07-22 01:00:00,67.83989878090624
2011-07-22 02:00:00,59.94583647467743
2011-07-22 03:00:00,68.59020617331848
2011-07-22 04:00:00,69.44072164487874
2011-07-22 05:00:00,67.56165317173779
2011-07-22 06:00:00,84.59389401111056
2011-07-22 07:00:00,122.00419827498395
2011-07-22 08:00:00,160.2264434481849
2011-07-22 09:00:00,191.92774863844065
2011-07-22 10:00:00,271.30449112385395
2011-07-22 11:00:00,302.4247170633427
2011-07-22 12:00:00,398.87547822025624
2011-07-22 13:00:00,438.169252319363
2011-07-22 14:00:00,544.3118702687395
2011-07-22 15:00:00,547.749601529223
2011-07-22 16:00:00,555.0991609654591
2011-07-22 17:00:00,527.6154539905497
2011-07-22 18:00:00,677.3289705614529
2011-07-22 19:00:00,628.9659573549383
2011-07-22 20:00:00,554.9149960902005
2011-07-22 21:00:00,567.1474296170744
2011-07-22 22:00:00,730.173939858113
2011-07-22 23:00:00,632.9381569637604
2011-07-23 00:00:00,71.01620345452409
2011-07-23 01:00:00,83.15745997920291
2011-07-23 02:00:00,90.25439344775853
2011-07-23 03:00:00,76.1137519845348
2011-07-23 04:00:00,78.74887853965977
2011-07-23 05:00:00,91.02756697189784
2011-07-23 06:00:00,128.674399146299
2011-07-23 07:00:00,141.47330282095933
2011-07-23 08:00:00,188.69553980660004
2011-07-23 09:00:00,205.33185136343496
2011-07-23 10:00:00,265.89759364205634
2011-07-23 11:00:00,342.3129110969134
2011-07-23 12:00:00,406.5683793704477
2011-07-23 13:00:00,470.0636248837313
2011-07-23 14:00:00,470.67129286944026
2011-07-23 15:00:00,558.031274177083
2011-07-23 16:00:00,631.2135279155416
2011-07-23 17:00:00,697.5875337061707
2011-07-23 18:00:00,737.5154204654162
2011-07-23 19:00:00,470.9539818585515
2011-07-23 20:00:00,531.7522678828128
2011-07-23 21:00:00,587.6676222703964
2011-07-23 22:00:00,603.3167596009587
2011-07-23 23:00:00,656.5080835213265
2011-07-24 00:00:00,61.19178556873363
2011-07-24 01:00:00,58.06399132977559
2011-07-24 02:00:00,71.63938393754067
2011-07-24 03:00:00,79.17248117645744
2011-07-24 04:00:00,78.37438120333353
2011-07-24 05:00:00,86.39259182126659
2011-07-24 06:00:00,106.23515884198042
2011-07-24 07:00:00,123.84831041191352
2011-07-24 08:00:00,154.24942178680877
2011-07-24 09:00:00,173.58061959435568
2011-07-24 10:00:00,228.9589489526022
2011-07-24 11:00:00,227.4451499598605
2011-07-24 12:00:00,329.18632479036
2011-07-24 13:00:00,311.20163319428144
2011-07-24 14:00:00,338.9063090606484
2011-07-24 15:00:00,462.768400956671
2011-07-24 16:00:00,511.4298937264016
2011-07-24 17:00:00,564.7619438534464
2011-07-24 18:00:00,574.3042231742196
2011-07-24 19:00:00,561.1625625443448
2011-07-24 20:00:00,573.1541115683311
2011-07-24 21:00:00,482.54496996217733
2011-07-24 22:00:00,465.5027831633419
2011-07-24 23:00:00,457.2675084966507
2011-07-25 00:00:00,41.31230576373378
2011-07-25 01:00:00,43.90586698454897
2011-07-25 02:00:00,42.7177726145264
2011-07-25 03:00:00,46.75940686112794
2011-07-25 04:00:00,47.29987689417903
2011-07-25 05:00:00,52.2736015753306
2011-07-25 06:00:00,57.42904754033923
2011-07-25 07:00:00,69.34025311523698
2011-07-25 08:00:00,87.045075489216
2011-07-25 09:00:00,126.70868267334697
2011-07-25 10:00:00,160.02322246345594
2011-07-25 11:00:00,194.70468605458905
2011-07-25 12:00:00,215.178470896189
2011-07-25 13:00:00,139.18236403869366
2011-07-25 14:00:00,137.42736178234927
2011-07-25 15:00:00,137.06583003716062
2011-07-25 16:00:00,147.23419332274955
2011-07-25 17:00:00,194.22254119551175
2011-07-25 18:00:00,229.0389755568003
2011-07-25 19:00:00,263.42230490491147
2011-07-25 20:00:00,268.3256665432797
2011-07-25 21:00:00,233.50176000379687
2011-07-25 22:00:00,258.0551741579496
2011-07-25 23:00:00,289.64779468351725
2011-07-26 00:00:00,30.384083708907866
2011-07-26 01:00:00,33.57906172957515
2011-07-26 02:00:00,29.9083079856434
2011-07-26 03:00:00,33.22418424404638
2011-07-26 04:00:00,37.45571727916058
2011-07-26 05:00:00,36.88661074142333
2011-07-26 06:00:00,49.753033149989704
2011-07-26 07:00:00,80.28555417589239
2011-07-26 08:00:00,105.88976232415985
2011-07-26 09:00:00,151.22672104867726
2011-07-26 10:00:00,206.68051132642813
2011-07-26 11:00:00,234.281097910101
2011-07-26 12:00:00,280.1908954629805
2011-07-26 13:00:00,307.425253731493
2011-07-26 14:00:00,366.67526034001446
2011-07-26 15:00:00,441.94273452356515
2011-07-26 16:00:00,417.90038870605264
2011-07-26 17:00:00,467.84595434913274
2011-07-26 18:00:00,473.2435782634251
2011-07-26 19:00:00,470.9763016265452
2011-07-26 20:00:00,470.3491505713698
2011-07-26 21:00:00,470.8846783609929
2011-07-26 22:00:00,446.46443615087685
2011-07-26 23:00:00,478.67667580540973
2011-07-27 00:00:00,55.70841332897967
2011-07-27 01:00:00,65.06356739920547
2011-07-27 02:00:00,66.67792530432264
2011-07-27 03:00:00,59.70181223066089
2011-07-27 04:00:00,73.52017700002234
2011-07-27 05:00:00,75.14084085732145
2011-07-27 06:00:00,82.18845339647211
2011-07-27 07:00:00,104.79554387779386
2011-07-27 08:00:00,130.4144335599281
2011-07-27 09:00:00,164.70329794057446
2011-07-27 10:00:00,188.49235558692698
2011-07-27 11:00:00,225.4293768082538
2011-07-27 12:00:00,278.99541411182554
2011-07-27 13:00:00,328.1964949684453
2011-07-27 14:00:00,364.9627923451956
2011-07-27 15:00:00,438.68295832863095
2011-07-27 16:00:00,475.3186052717183
2011-07-27 17:00:00,497.73057474681656
2011-07-27 18:00:00,507.52350527297307
2011-07-27 19:00:00,524.701905181745
2011-07-27 20:00:00,432.93756864339275
2011-07-27 21:00:00,426.8142321777844
2011-07-27 22:00:00,449.37442654934597
2011-07-27 23:00:00,543.4318162081083
2011-07-28 00:00:00,47.40046003367517
2011-07-28 01:00:00,53.779454706765435
2011-07-28 02:00:00,57.904552073873475
2011-07-28 03:00:00,62.84631861769977
2011-07-28 04:00:00,60.71475044418724
2011-07-28 05:00:00,63.26178724648744
2011-07-28 06:00:00,64.78506116245774
2011-07-28 07:00:00,77.67230205507516
2011-07-28 08:00:00,95.66884495014929
2011-07-28 09:00:00,132.55706099517687
2011-07-28 10:00:00,165.8221195372605
2011-07-28 11:00:00,207.10638289079947
2011-07-28 12:00:00,233.47511222264052
2011-07-28 13:00:00,290.5517103510004
2011-07-28 14:00:00,295.0074176172783
2011-07-28 15:00:00,342.53765818231597
2011-07-28 16:00:00,386.1561450457225
2011-07-28 17:00:00,380.94738971451585
2011-07-28 18:00:00,412.7268463159582
2011-07-28 19:00:00,413.18961501170406
2011-07-28 20:00:00,409.77412821027644
2011-07-28 21:00:00,410.92220676585566
2011-07-28 22:00:00,397.7388995008987
2011-07-28 23:00:00,411.9251349766392
2011-07-29 00:00:00,41.40719947717638
2011-07-29 01:00:00,45.52507660097697
2011-07-29 02:00:00,49.15613772511899
2011-07-29 03:00:00,54.32505382992178
2011-07-29 04:00:00,55.37978765036423
2011-07-29 05:00:00,59.79685641804557
2011-07-29 06:00:00,65.69427792431685
2011-07-29 07:00:00,81.81856087583576
2011-07-29 08:00:00,102.01201314890483
2011-07-29 09:00:00,222.88625573598745
2011-07-29 10:00:00,299.90949919354733
2011-07-29 11:00:00,366.5063089554721
2011-07-29 12:00:00,480.8550944642733
2011-07-29 13:00:00,472.4514547339369
2011-07-29 14:00:00,589.8820548320994
2011-07-29 15:00:00,655.2811373149552
2011-07-29 16:00:00,741.2299218152677
2011-07-29 17:00:00,806.566376615495
2011-07-29 18:00:00,760.6033158142052
2011-07-29 19:00:00,729.96877425888
2011-07-29 20:00:00,726.864341012412
2011-07-29 21:00:00,657.0599641705462
2011-07-29 22:00:00,668.0776239762404
2011-07-29 23:00:00,646.1471747722097
2011-07-30 00:00:00,60.68070851730294
2011-07-30 01:00:00,65.86054140165102
2011-07-30 02:00:00,72.97393140274323
2011-07-30 03:00:00,69.95431278757096
2011-07-30 04:00:00,70.70726878328665
2011-07-30 05:00:00,75.21190974363505
2011-07-30 06:00:00,83.33531163720075
2011-07-30 07:00:00,107.95414982331708
2011-07-30 08:00:00,139.67477930444838
2011-07-30 09:00:00,205.1029210714819
2011-07-30 10:00:00,239.36140530212336
2011-07-30 11:00:00,288.2623351125893
2011-07-30 12:00:00,329.83062978405314
2011-07-30 13:00:00,408.7998412880808
2011-07-30 14:00:00,483.83171426193724
2011-07-30 15:00:00,541.6003495673752
2011-07-30 16:00:00,632.6409951968654
2011-07-30 17:00:00,664.9926537199937
2011-07-30 18:00:00,707.2933540017709
2011-07-30 19:00:00,516.3179395645755
2011-07-30 20:00:00,613.9708306105726
2011-07-30 21:00:00,605.6996285737058
2011-07-30 22:00:00,591.9015627133405
2011-07-30 23:00:00,594.1804822040765
2011-07-31 00:00:00,55.38235639253554
2011-07-31 01:00:00,52.54489456180266
2011-07-31 02:00:00,55.80676691501608
2011-07-31 03:00:00,60.72591035051075
2011-07-31 04:00:00,60.21636097203876
2011-07-31 05:00:00,67.53528110988599
2011-07-31 06:00:00,77.27982020984392
2011-07-31 07:00:00,102.32936441636001
2011-07-31 08:00:00,126.13804036185482
2011-07-31 09:00:00,164.82153940899457
2011-07-31 10:00:00,241.15371943437293
2011-07-31 11:00:00,309.07536664416125
2011-07-31 12:00:00,396.1568128339202
2011-07-31 13:00:00,439.7397031488078
2011-07-31 14:00:00,488.50124868125425
2011-07-31 15:00:00,622.2198581023287
2011-07-31 16:00:00,696.0493596972452
2011-07-31 17:00:00,764.6821148181468
2011-07-31 18:00:00,555.5842337485345
2011-07-31 19:00:00,442.4562153893545
2011-07-31 20:00:00,488.9818205983138
2011-07-31 21:00:00,482.37589708126893
2011-07-31 22:00:00,402.9609749097398
2011-07-31 23:00:00,466.286542313862
2011-08-20 00:00:00,23.39232878364743
2011-08-20 01:00:00,29.800670495283985
2011-08-20 02:00:00,36.1303227406311
2011-08-20 03:00:00,39.929535122411416
2011-08-20 04:00:00,34.68884889045466
2011-08-20 05:00:00,42.30667719445373
2011-08-20 06:00:00,47.57222374283963
2011-08-20 07:00:00,54.29508450006545
2011-08-20 08:00:00,82.96775283503739
2011-08-20 09:00:00,107.36575603216447
2011-08-20 10:00:00,135.2340499207554
2011-08-20 11:00:00,152.74743659463292
2011-08-20 12:00:00,181.52807197311876
2011-08-20 13:00:00,220.32021975308692
2011-08-20 14:00:00,302.3712434072356
2011-08-20 15:00:00,358.1551692858284
2011-08-20 16:00:00,378.7147840905826
2011-08-20 17:00:00,408.13865104674716
2011-08-20 18:00:00,361.58864570617635
2011-08-20 19:00:00,348.1874964817518
2011-08-20 20:00:00,386.7970656017317
2011-08-20 21:00:00,368.6018988756535
2011-08-20 22:00:00,361.51964057807993
2011-08-20 23:00:00,397.7771911424196
2011-08-21 00:00:00,37.46110471865353
2011-08-21 01:00:00,36.10109846615644
2011-08-21 02:00:00,39.691292668973794
2011-08-21 03:00:00,38.817617109266386
2011-08-21 04:00:00,45.94227377966306
2011-08-21 05:00:00,43.13298734800157
2011-08-21 06:00:00,47.545773411851336
2011-08-21 07:00:00,62.81847869823258
2011-08-21 08:00:00,77.84639544953808
2011-08-21 09:00:00,99.17245954831925
2011-08-21 10:00:00,115.74591486674305
2011-08-21 11:00:00,182.1950445788173
2011-08-21 12:00:00,224.3810878027825
2011-08-21 13:00:00,236.99697747779499
2011-08-21 14:00:00,144.2013985584779
2011-08-21 15:00:00,147.134355759248
2011-08-21 16:00:00,183.60789724958516
2011-08-21 17:00:00,201.86739727324522
2011-08-21 18:00:00,227.75289588714978
2011-08-21 19:00:00,281.9170602550693
2011-08-21 20:00:00,259.7452014028978
2011-08-21 21:00:00,287.05819255335217
2011-08-21 22:00:00,312.12710236506757
2011-08-21 23:00:00,371.5831478826983
2011-08-22 00:00:00,29.57809366591733
2011-08-22 01:00:00,32.268955091101866
2011-08-22 02:00:00,45.890134222205376
2011-08-22 03:00:00,50.67673045283882
2011-08-22 04:00:00,54.50206985492003
2011-08-22 05:00:00,58.97549170809602
2011-08-22 06:00:00,68.41975234563678
2011-08-22 07:00:00,76.00663350608424
2011-08-22 08:00:00,83.99896020592342
2011-08-22 09:00:00,106.74423618360125
2011-08-22 10:00:00,136.09096503989687
2011-08-22 11:00:00,192.01276348138055
2011-08-22 12:00:00,217.79306646473356
2011-08-22 13:00:00,262.4479080428324
2011-08-22 14:00:00,286.32405637914655
2011-08-22 15:00:00,311.5623774685323
2011-08-22 16:00:00,349.70566211115033
2011-08-22 17:00:00,399.77791526537516
2011-08-22 18:00:00,420.147861703461
2011-08-22 19:00:00,428.0207714092447
2011-08-22 20:00:00,405.38941085790066
2011-08-22 21:00:00,409.7528357182385
2011-08-22 22:00:00,461.1048150496113
2011-08-22 23:00:00,469.32684526358634
2011-08-23 00:00:00,42.529414200911134
2011-08-23 01:00:00,37.94634081081284
2011-08-23 02:00:00,38.185999964235045
2011-08-23 03:00:00,42.860952947433155
2011-08-23 04:00:00,41.63721269098437
2011-08-23 05:00:00,46.25344992828928
2011-08-23 06:00:00,48.193822545138005
2011-08-23 07:00:00,78.39412852960349
2011-08-23 08:00:00,84.59673628226219
2011-08-23 09:00:00,108.52608273755416
2011-08-23 10:00:00,144.87410191531492
2011-08-23 11:00:00,170.39224451602007
2011-08-23 12:00:00,174.495101435689
2011-08-23 13:00:00,231.91130792756593
2011-08-23 14:00:00,255.637348032677
2011-08-23 15:00:00,272.6257619480052
2011-08-23 16:00:00,305.52140914135475
2011-08-23 17:00:00,332.97506956361906
2011-08-23 18:00:00,366.0888864617589
2011-08-23 19:00:00,282.3574900289461
2011-08-23 20:00:00,291.1271721593272
2011-08-23 21:00:00,281.6188056913021
2011-08-23 22:00:00,318.5513215722712
2011-08-23 23:00:00,325.6658531612741
2011-08-24 00:00:00,36.22475723341082
2011-08-24 01:00:00,36.27056696358855
2011-08-24 02:00:00,32.191540560123165
2011-08-24 03:00:00,35.576578118812485
2011-08-24 04:00:00,34.583646577808615
2011-08-24 05:00:00,38.220221297296696
2011-08-24 06:00:00,41.48206175957423
2011-08-24 07:00:00,62.143200640771624
2011-08-24 08:00:00,66.28341069188725
2011-08-24 09:00:00,77.09039077475329
2011-08-24 10:00:00,116.79195966475821
2011-08-24 11:00:00,144.2239327253178
2011-08-24 12:00:00,165.8691603167887
2011-08-24 13:00:00,212.75021466853116
2011-08-24 14:00:00,235.12154125748876
2011-08-24 15:00:00,261.1935326141719
2011-08-24 16:00:00,275.975908074494
2011-08-24 17:00:00,301.8602507043883
2011-08-24 18:00:00,300.6439976996157
2011-08-24 19:00:00,332.2576206048941
2011-08-24 20:00:00,334.39816114117434
2011-08-24 21:00:00,340.00538936996213
2011-08-24 22:00:00,354.2689123749984
2011-08-24 23:00:00,347.72869115662115
2011-08-25 00:00:00,33.08385858782099
2011-08-25 01:00:00,39.97079379630479
2011-08-25 02:00:00,44.17384328995723
2011-08-25 03:00:00,42.71930813487676
2011-08-25 04:00:00,44.127028072702366
2011-08-25 05:00:00,45.54054238811088
2011-08-25 06:00:00,49.555616896031815
2011-08-25 07:00:00,61.84127680767213
2011-08-25 08:00:00,78.37606179997451
2011-08-25 09:00:00,96.52351437455617
2011-08-25 10:00:00,118.88785173632618
2011-08-25 11:00:00,92.78338508710051
2011-08-25 12:00:00,102.53983780347744
2011-08-25 13:00:00,116.76609630599458
2011-08-25 14:00:00,145.2248170417801
2011-08-25 15:00:00,175.4834227040783
2011-08-25 16:00:00,156.955085490676
2011-08-25 17:00:00,173.45938600468645
2011-08-25 18:00:00,195.04837695909438
2011-08-25 19:00:00,194.52704750005827
2011-08-25 20:00:00,206.87543751897041
2011-08-25 21:00:00,225.69589095743603
2011-08-25 22:00:00,209.99393609275953
2011-08-25 23:00:00,235.70261935127925
2011-08-26 00:00:00,27.26205053970343
2011-08-26 01:00:00,29.436460321519966
2011-08-26 02:00:00,30.347665389055948
2011-08-26 03:00:00,31.758174089849387
2011-08-26 04:00:00,36.213855724463244
2011-08-26 05:00:00,39.78542092650961
2011-08-26 06:00:00,44.230270253475766
2011-08-26 07:00:00,55.28632711977691
2011-08-26 08:00:00,66.62797732100343
2011-08-26 09:00:00,94.68698748120121
2011-08-26 10:00:00,131.99490581665785
2011-08-26 11:00:00,159.11033651730963
2011-08-26 12:00:00,172.0719216955467
2011-08-26 13:00:00,221.48334550417874
2011-08-26 14:00:00,258.9659320657386
2011-08-26 15:00:00,294.2217852975588
2011-08-26 16:00:00,287.7399468991257
2011-08-26 17:00:00,247.71571927754164
2011-08-26 18:00:00,266.5799274625601
2011-08-26 19:00:00,260.71255388159005
2011-08-26 20:00:00,287.38514938621523
2011-08-26 21:00:00,321.7321235250974
2011-08-26 22:00:00,351.9080348155829
2011-08-26 23:00:00,336.51265262265633
2011-08-27 00:00:00,34.25676781129024
2011-08-27 01:00:00,38.25220306956261
2011-08-27 02:00:00,42.49315083734871
2011-08-27 03:00:00,46.92623502604733
2011-08-27 04:00:00,51.860670138103494
2011-08-27 05:00:00,58.05882303453141
2011-08-27 06:00:00,64.16388334433948
2011-08-27 07:00:00,71.647445227173
2011-08-27 08:00:00,77.76207585798346
2011-08-27 09:00:00,88.41647383254072
2011-08-27 10:00:00,105.99666156059794
2011-08-27 11:00:00,85.31086292787097
2011-08-27 12:00:00,106.342358547245
2011-08-27 13:00:00,115.41996589991926
2011-08-27 14:00:00,112.1798394521804
2011-08-27 15:00:00,123.97588783216256
2011-08-27 16:00:00,136.30744295790464
2011-08-27 17:00:00,159.0377769120817
2011-08-28 07:00:00,53.05282907629373
2011-08-28 08:00:00,59.24048650533646
2011-08-28 09:00:00,85.10300858571014
2011-08-28 10:00:00,130.02549227249315
2011-08-28 11:00:00,144.4804968375606
2011-08-28 12:00:00,191.7311305059064
2011-08-28 13:00:00,241.92587483629072
2011-08-28 14:00:00,292.33899147925683
2011-08-28 15:00:00,319.7580610361704
2011-08-28 16:00:00,413.71393947469005
2011-08-28 17:00:00,384.46187440397773
2011-08-28 18:00:00,387.63975568272946
2011-08-28 19:00:00,372.66189022449095
2011-08-28 20:00:00,422.288911480999
2011-08-28 21:00:00,325.69787756288434
2011-08-28 22:00:00,302.9666512729993
2011-08-28 23:00:00,300.42446675962026
2011-08-29 00:00:00,27.566373266142147
2011-08-29 01:00:00,31.345813110580192
2011-08-29 02:00:00,35.18274152952359
2011-08-29 03:00:00,38.284622210480066
2011-08-29 04:00:00,37.632081387141035
2011-08-29 05:00:00,38.63773769462241
2011-08-29 06:00:00,42.70061231955097
2011-08-29 07:00:00,67.84886023672642
2011-08-29 08:00:00,82.76343777614531
2011-08-29 09:00:00,97.01437826806614
2011-08-29 10:00:00,123.81593866887543
2011-08-29 11:00:00,135.42888779152878
2011-08-29 12:00:00,163.3987200108641
2011-08-29 13:00:00,194.75775914822964
2011-08-29 14:00:00,207.16149059620483
2011-08-29 15:00:00,235.54526175279577
2011-08-29 16:00:00,273.49468502773277
2011-08-29 17:00:00,268.45077905038147
2011-08-29 18:00:00,276.9465296877833
2011-08-29 19:00:00,306.0682923754349
2011-08-29 20:00:00,295.7689626322356
2011-08-29 21:00:00,328.56029544970875
2011-08-29 22:00:00,328.6828107845884
2011-08-29 23:00:00,328.25081894232767
2011-08-30 00:00:00,22.714440504157604
2011-08-30 01:00:00,26.88149078558072
2011-08-30 02:00:00,26.269674704351097
2011-08-30 03:00:00,29.485251249580415
2011-08-30 04:00:00,29.087422281023546
2011-08-30 05:00:00,31.733644970630138
2011-08-30 06:00:00,39.187210236992975
2011-08-30 07:00:00,49.22978024560824
2011-08-30 08:00:00,78.57160588412249
2011-08-30 09:00:00,103.89034366980243
2011-08-30 10:00:00,146.22908399180554
2011-08-30 11:00:00,173.959550454881
2011-08-30 12:00:00,185.90355219788984
2011-08-30 13:00:00,222.10106357521667
2011-08-30 14:00:00,255.41611325412407
2011-08-30 15:00:00,276.9304908072425
2011-08-30 16:00:00,294.1155238273935
2011-08-30 17:00:00,294.45151423847807
2011-08-30 18:00:00,294.8238768282604
2011-08-30 19:00:00,275.869677271679
2011-08-30 20:00:00,300.18648663047117
2011-08-30 21:00:00,257.15193687644734
2011-08-30 22:00:00,287.9084857317394
2011-08-30 23:00:00,318.1829311515572
2011-08-31 00:00:00,27.696406659039724
2011-08-31 01:00:00,30.608767333623835
2011-08-31 02:00:00,27.80805936170252
2011-08-31 03:00:00,28.551184622519713
2011-08-31 04:00:00,33.96374001572928
2011-08-31 05:00:00,31.31721487939445
2011-08-31 06:00:00,37.224858727257384
2011-08-31 07:00:00,47.92716668646878
2011-08-31 08:00:00,64.76039687901508
2011-08-31 09:00:00,74.93156996271631
2011-08-31 10:00:00,134.52867080366028
2011-08-31 11:00:00,164.10084467622988
2011-08-31 12:00:00,187.77864790742933
2011-08-31 13:00:00,221.2494557990855
2011-08-31 14:00:00,235.1599265808475
2011-08-31 15:00:00,259.88770195053144
2011-08-31 16:00:00,284.26909834997457
2011-08-31 17:00:00,286.0644675476085
2011-08-31 18:00:00,285.14196703647417
2011-08-31 19:00:00,484.10171662624293
2011-08-31 20:00:00,284.34729040390107
2011-08-31 21:00:00,293.9924877206841
2011-08-31 22:00:00,270.6580563675119
2011-08-31 23:00:00,241.65491889498634
2011-09-20 00:00:00,22.6974154704145
2011-09-20 01:00:00,19.144314816715728
2011-09-20 02:00:00,21.15739724652123
2011-09-20 03:00:00,25.42970202949062
2011-09-20 04:00:00,26.12885377084516
2011-09-20 05:00:00,28.705792984591138
2011-09-20 06:00:00,31.724293674961007
2011-09-20 07:00:00,34.87982563459199
2011-09-20 08:00:00,35.627755668739006
2011-09-20 09:00:00,39.171554714810824
2011-09-20 10:00:00,49.172289164003
2011-09-20 11:00:00,54.3429036413066
2011-09-20 12:00:00,55.30644206464114
2011-09-20 13:00:00,60.80657574797131
2011-09-20 14:00:00,77.93456962965261
2011-09-20 15:00:00,110.55440733255203
2011-09-20 16:00:00,107.09173783591568
2011-09-20 17:00:00,117.83218915247464
2011-09-20 18:00:00,130.22259914726075
2011-09-20 19:00:00,124.97767115118842
2011-09-20 20:00:00,120.33315818932972
2011-09-20 21:00:00,132.98655261964052
2011-09-20 22:00:00,146.97048962872327
2011-09-20 23:00:00,162.4248797807888
2011-09-21 00:00:00,14.562681560691244
2011-09-21 01:00:00,17.58030967837374
2011-09-21 02:00:00,19.42893225185821
2011-09-21 03:00:00,21.67870651648161
2011-09-21 04:00:00,22.103096914519057
2011-09-21 05:00:00,24.554049509628886
2011-09-21 06:00:00,27.276309486880457
2011-09-21 07:00:00,30.144495677071628
2011-09-21 08:00:00,32.802180232421584
2011-09-21 09:00:00,37.98894163753036
2011-09-21 10:00:00,53.42866485002954
2011-09-21 11:00:00,70.02769472054473
2011-09-21 12:00:00,86.39838421290894
2011-09-21 13:00:00,109.86822150348864
2011-09-21 14:00:00,122.04909871697913
2011-09-21 15:00:00,132.80953764186117
2011-09-21 16:00:00,146.77486099226815
2011-09-21 17:00:00,162.92529781223692
2011-09-21 18:00:00,144.49445235859503
2011-09-21 19:00:00,123.26441986379562
2011-09-21 20:00:00,136.22604529795908
2011-09-21 21:00:00,128.99057417818278
2011-09-21 22:00:00,167.3702241570896
2011-09-21 23:00:00,176.9163250097522
2011-09-22 00:00:00,18.118093721430064
2011-09-22 01:00:00,19.85370924441744
2011-09-22 02:00:00,21.998045956782995
2011-09-22 03:00:00,24.248589603269302
2011-09-22 04:00:00,26.798401918060723
2011-09-22 05:00:00,29.692813050921604
2011-09-22 06:00:00,29.6238824749999
2011-09-22 07:00:00,32.570492063095955
2011-09-22 08:00:00,36.36925361249367
2011-09-22 09:00:00,48.175909392532574
2011-09-22 10:00:00,61.69217527183739
2011-09-22 11:00:00,67.82735950252719
2011-09-22 12:00:00,87.23910667354986
2011-09-22 13:00:00,96.91113769456139
2011-09-22 14:00:00,107.65735146479123
2011-09-22 15:00:00,133.756476360416
2011-09-22 16:00:00,158.29186954809745
2011-09-22 17:00:00,152.8215312258478
2011-09-22 18:00:00,146.8915560270922
2011-09-22 19:00:00,148.23011812582016
2011-09-22 20:00:00,143.21509930688092
2011-09-22 21:00:00,181.04280953383181
2011-09-22 22:00:00,152.94921430217985
2011-09-22 23:00:00,188.869008994903
2011-09-23 00:00:00,39.33581561450618
2011-09-23 01:00:00,35.895687846797905
2011-09-23 02:00:00,40.394289100314836
2011-09-23 03:00:00,43.84167172030146
2011-09-23 04:00:00,48.1655247313464
2011-09-23 05:00:00,63.850599979003235
2011-09-23 06:00:00,71.66756308407858
2011-09-23 07:00:00,79.34725947130143
2011-09-23 08:00:00,87.69086306454287
2011-09-23 09:00:00,85.39854617679408
2011-09-23 10:00:00,93.89291470483431
2011-09-23 11:00:00,103.76603780613713
2011-09-23 12:00:00,130.13793976943813
2011-09-23 13:00:00,120.30211279129875
2011-09-23 14:00:00,132.95224270439383
2011-09-23 15:00:00,175.65930737655032
2011-09-23 16:00:00,190.6506553313305
2011-09-23 17:00:00,177.74643026943434
2011-09-23 18:00:00,197.60436019841768
2011-09-23 19:00:00,266.53075698531933
2011-09-23 20:00:00,268.72817283283916
2011-09-23 21:00:00,274.4142716352801
2011-09-23 22:00:00,337.6765929845771
2011-09-23 23:00:00,340.4910148281686
2011-09-24 00:00:00,34.50990201083443
2011-09-24 01:00:00,41.41480981159472
2011-09-24 02:00:00,45.76970194346996
2011-09-24 03:00:00,50.10008678119833
2011-09-24 04:00:00,53.654900893253355
2011-09-24 05:00:00,58.946576499618985
2011-09-24 06:00:00,65.14498676316933
2011-09-24 07:00:00,78.64410387036664
2011-09-24 08:00:00,88.44794197158029
2011-09-24 09:00:00,103.77563645199582
2011-09-24 10:00:00,114.68795754488687
2011-09-24 11:00:00,146.1067884340578
2011-09-24 12:00:00,161.47035780114217
2011-09-24 13:00:00,199.88226841740376
2011-09-24 14:00:00,255.30256384012796
2011-09-24 15:00:00,282.14839825474564
2011-09-24 16:00:00,272.39775723988726
2011-09-24 17:00:00,344.8701203402216
2011-09-24 18:00:00,335.537922242199
2011-09-24 19:00:00,293.5010246244214
2011-09-24 20:00:00,355.88533495270264
2011-09-24 21:00:00,399.4548947356566
2011-09-24 22:00:00,393.82532299026997
2011-09-24 23:00:00,420.73552865319544
2011-09-25 00:00:00,38.61241750567023
2011-09-25 01:00:00,43.45149094907889
2011-09-25 02:00:00,41.311628626979584
2011-09-25 03:00:00,45.65567094616506
2011-09-25 04:00:00,51.64312191960557
2011-09-25 05:00:00,65.03505666791332
2011-09-25 06:00:00,71.63359510660598
2011-09-25 07:00:00,70.12178292330563
2011-09-25 08:00:00,90.27310961980889
2011-09-25 09:00:00,112.83830372182793
2011-09-25 10:00:00,124.70359160526438
2011-09-25 11:00:00,162.602374658865
2011-09-25 12:00:00,175.571472250769
2011-09-25 13:00:00,220.40058074813626
2011-09-25 14:00:00,214.43653295405153
2011-09-25 15:00:00,236.98518099557324
2011-09-25 16:00:00,333.48820009083465
2011-09-25 17:00:00,330.73153703721465
2011-09-25 18:00:00,365.50895542833194
2011-09-25 19:00:00,315.7542808358242
2011-09-25 20:00:00,346.26736033308896
2011-09-25 21:00:00,303.907243275257
2011-09-25 22:00:00,373.9216823897335
2011-09-25 23:00:00,369.941189726371
2011-09-26 00:00:00,33.33663391297442
2011-09-26 01:00:00,41.76539761867791
2011-09-26 02:00:00,46.15715511561322
2011-09-26 03:00:00,44.99756207754193
2011-09-26 04:00:00,50.50642624943927
2011-09-26 05:00:00,61.18584972438975
2011-09-26 06:00:00,61.6866897451321
2011-09-26 07:00:00,67.12412487516315
2011-09-26 08:00:00,74.18242900858016
2011-09-26 09:00:00,97.73196418800843
2011-09-26 10:00:00,108.00877491854833
2011-09-26 11:00:00,160.38457161796313
2011-09-26 12:00:00,174.39102210564275
2011-09-26 13:00:00,222.16554132648082
2011-09-26 14:00:00,257.0031283714453
2011-09-26 15:00:00,340.4276110208036
2011-09-26 16:00:00,337.8719966246411
2011-09-26 17:00:00,345.1104122017444
2011-09-26 18:00:00,278.4888408198368
2011-09-26 19:00:00,311.5329361661052
2011-09-26 20:00:00,292.25956737228165
2011-09-26 21:00:00,322.991542146641
2011-09-26 22:00:00,309.65878104776453
2011-09-26 23:00:00,342.2203356048358
2011-09-27 00:00:00,33.26539872899375
2011-09-27 01:00:00,36.954108761687586
2011-09-27 02:00:00,40.42010990448195
2011-09-27 03:00:00,43.61053391601157
2011-09-27 04:00:00,48.66041805780963
2011-09-27 05:00:00,53.777207744826
2011-09-27 06:00:00,59.939610869025955
2011-09-27 07:00:00,66.2424416908665
2011-09-27 08:00:00,84.3895960889777
2011-09-27 09:00:00,94.15986416287309
2011-09-27 10:00:00,94.3561276807147
2011-09-27 11:00:00,119.67632726266602
2011-09-27 12:00:00,132.94461019106268
2011-09-27 13:00:00,217.55385020141105
2011-09-27 14:00:00,204.3072190337916
2011-09-27 15:00:00,212.32978534337215
2011-09-27 16:00:00,223.1104399264015
2011-09-27 17:00:00,221.44733360721753
2011-09-27 18:00:00,234.14686596245863
2011-09-27 19:00:00,254.78597627671266
2011-09-27 20:00:00,321.70979366156763
2011-09-27 21:00:00,308.42994183154366
2011-09-27 22:00:00,315.5664282863332
2011-09-27 23:00:00,348.74918976417024
2011-09-28 00:00:00,35.333090428725555
2011-09-28 01:00:00,39.04847142897378
2011-09-28 02:00:00,45.09175180421843
2011-09-28 03:00:00,42.43113049139476
2011-09-28 04:00:00,52.707361569415156
2011-09-28 05:00:00,51.02631278216839
2011-09-28 06:00:00,57.674828154370026
2011-09-28 07:00:00,63.7395102446498
2011-09-28 08:00:00,76.22193879800031
2011-09-28 09:00:00,84.23690549850548
2011-09-28 10:00:00,90.08810515424635
2011-09-28 11:00:00,136.70967809166243
2011-09-28 12:00:00,168.53991391049365
2011-09-28 13:00:00,225.68319612445381
2011-09-28 14:00:00,312.6793871904522
2011-09-28 15:00:00,280.9537371382736
2011-09-28 16:00:00,313.7219327102945
2011-09-28 17:00:00,348.50970874425235
2011-09-28 18:00:00,280.800779580083
2011-09-28 19:00:00,310.327828265826
2011-09-28 20:00:00,297.95117967957526
2011-09-28 21:00:00,297.8355324318918
2011-09-28 22:00:00,323.75013054733387
2011-09-28 23:00:00,317.73582816025475
2011-09-29 00:00:00,32.87747354829928
2011-09-29 01:00:00,32.43962141182134
2011-09-29 02:00:00,35.850745420117555
2011-09-29 03:00:00,44.115626702945605
2011-09-29 04:00:00,55.327512663487155
2011-09-29 05:00:00,60.205453812906455
2011-09-29 06:00:00,66.36486460005783
2011-09-29 07:00:00,74.35222208835054
2011-09-29 08:00:00,88.0733289734804
2011-09-29 09:00:00,117.23779593795021
2011-09-29 10:00:00,163.16555239676745
2011-09-29 11:00:00,185.53608275323998
2011-09-29 12:00:00,220.93295827951206
2011-09-29 13:00:00,238.08131604412543
2011-09-29 14:00:00,336.2369016971638
2011-09-29 15:00:00,412.254860782375
2011-09-29 16:00:00,480.746113159542
2011-09-29 17:00:00,458.121858001233
2011-09-29 18:00:00,529.6156569576203
2011-09-29 19:00:00,485.899077766913
2011-09-29 20:00:00,498.41308416719653
2011-09-29 21:00:00,457.6316707538174
2011-09-29 22:00:00,403.37242395347505
2011-09-29 23:00:00,360.14789917279364
2011-09-30 00:00:00,37.840087902812506
2011-09-30 01:00:00,45.56352019646976
2011-09-30 02:00:00,46.21649037017814
2011-09-30 03:00:00,51.076293691540464
2011-09-30 04:00:00,57.328359385546115
2011-09-30 05:00:00,63.356609240059015
2011-09-30 06:00:00,70.38205216485927
2011-09-30 07:00:00,77.78293717658202
2011-09-30 08:00:00,97.14960413715042
2011-09-30 09:00:00,120.88666023059008
2011-09-30 10:00:00,172.42229437158537
2011-09-30 11:00:00,232.357878838228
2011-09-30 12:00:00,259.9287707434838
2011-09-30 13:00:00,351.16823856504186
2011-09-30 14:00:00,374.5349758239675
2011-09-30 15:00:00,397.36224806382177
2011-09-30 16:00:00,403.4059582375151
2011-09-30 17:00:00,443.5240098808474
2011-09-30 18:00:00,457.5945241656664
2011-09-30 19:00:00,432.6685098695439
2011-09-30 20:00:00,478.1649083297284
2011-09-30 21:00:00,473.7800002208142
2011-09-30 22:00:00,535.9225110008313
2011-09-30 23:00:00,592.276379027021
2011-10-20 00:00:00,32.107965862971575
2011-10-20 01:00:00,39.163871424882366
2011-10-20 02:00:00,43.95854113951139
2011-10-20 03:00:00,45.865150905885265
2011-10-20 04:00:00,50.68800982316538
2011-10-20 05:00:00,52.362487613271995
2011-10-20 06:00:00,52.962864148464
2011-10-20 07:00:00,60.27034176407876
2011-10-20 08:00:00,82.1444929029808
2011-10-20 09:00:00,91.72516919519381
2011-10-20 10:00:00,117.06256454204485
2011-10-20 11:00:00,146.0595902646235
2011-10-20 12:00:00,178.94066147975226
2011-10-20 13:00:00,219.40806636746527
2011-10-20 14:00:00,218.38394693517793
2011-10-20 15:00:00,226.78482284994462
2011-10-20 16:00:00,250.63193080844715
2011-10-20 17:00:00,286.5184114911187
2011-10-20 18:00:00,283.8909562261784
2011-10-20 19:00:00,318.88555657433704
2011-10-20 20:00:00,348.5330524787413
2011-10-20 21:00:00,366.89341221170355
2011-10-20 22:00:00,407.57722969966244
2011-10-20 23:00:00,381.72780996824224
2011-10-21 00:00:00,39.31520377293576
2011-10-21 01:00:00,43.22578357263102
2011-10-21 02:00:00,42.42244462288343
2011-10-21 03:00:00,39.69958116507345
2011-10-21 04:00:00,44.10176027407399
2011-10-21 05:00:00,43.31543431692973
2011-10-21 06:00:00,53.86426649561646
2011-10-21 07:00:00,59.528256537297644
2011-10-21 08:00:00,86.58689759563951
2011-10-21 09:00:00,104.91582240359283
2011-10-21 10:00:00,143.48273123013027
2011-10-21 11:00:00,193.2107715135879
2011-10-21 12:00:00,216.30244965598357
2011-10-21 13:00:00,218.82551244266887
2011-10-21 14:00:00,290.13118510361517
2011-10-21 15:00:00,291.21158102270795
2011-10-21 16:00:00,320.17208844220147
2011-10-21 17:00:00,291.6829394097332
2011-10-21 18:00:00,293.562081126366
2011-10-21 19:00:00,332.0666291919183
2011-10-21 20:00:00,356.70131837542186
2011-10-21 21:00:00,352.1524822973999
2011-10-21 22:00:00,412.7892103520786
2011-10-21 23:00:00,389.97427564710335
2011-10-22 00:00:00,39.39248018159764
2011-10-22 01:00:00,43.5347182548451
2011-10-22 02:00:00,48.612259406203705
2011-10-22 03:00:00,52.625096899480404
2011-10-22 04:00:00,51.78133904588444
2011-10-22 05:00:00,56.345657104957404
2011-10-22 06:00:00,55.06324388616546
2011-10-22 07:00:00,56.475674291387186
2011-10-22 08:00:00,74.24470655596569
2011-10-22 09:00:00,92.86464983486974
2011-10-22 10:00:00,115.68988341597435
2011-10-22 11:00:00,127.8550235027636
2011-10-22 12:00:00,165.12090129972177
2011-10-22 13:00:00,229.8190487535206
2011-10-22 14:00:00,239.0189408567488
2011-10-22 15:00:00,254.24157828250662
2011-10-22 16:00:00,320.80140602863673
2011-10-22 17:00:00,274.33057849909034
2011-10-22 18:00:00,290.58836093171584
2011-10-22 19:00:00,261.12357558699006
2011-10-22 20:00:00,274.63869468161647
2011-10-22 21:00:00,253.03925558305278
2011-10-22 22:00:00,279.6470963097703
2011-10-22 23:00:00,269.25464338923496
2011-10-23 00:00:00,22.19193551341444
2011-10-23 01:00:00,24.525484449123763
2011-10-23 02:00:00,25.70478933404914
2011-10-23 03:00:00,28.50727137499947
2011-10-23 04:00:00,31.50489691950844
2011-10-23 05:00:00,33.13968457189687
2011-10-23 06:00:00,36.58617141498775
2011-10-23 07:00:00,42.3766004626572
2011-10-23 08:00:00,48.65262825748366
2011-10-23 09:00:00,70.8414581988183
2011-10-23 10:00:00,89.92205327663025
2011-10-23 11:00:00,109.51192218435463
2011-10-23 12:00:00,164.3197321629194
2011-10-23 13:00:00,200.31174595514204
2011-10-23 14:00:00,222.52377332300063
2011-10-23 15:00:00,254.38561577472868
2011-10-23 16:00:00,270.37943443861906
2011-10-23 17:00:00,250.17925911486228
2011-10-23 18:00:00,275.0639312800568
2011-10-23 19:00:00,220.05376882732946
2011-10-23 20:00:00,253.0482410598174
2011-10-23 21:00:00,279.6570266365111
2011-10-23 22:00:00,273.9633388109502
2011-10-23 23:00:00,305.91623026262226
2011-10-24 00:00:00,27.283741130227973
2011-10-24 01:00:00,27.289816225156827
2011-10-24 02:00:00,27.874943273970445
2011-10-24 03:00:00,33.07389422007371
2011-10-24 04:00:00,35.989225794229874
2011-10-24 05:00:00,35.16569329588665
2011-10-24 06:00:00,41.581834366620704
2011-10-24 07:00:00,39.21836789955018
2011-10-24 08:00:00,52.81061389347621
2011-10-24 09:00:00,66.99049001415563
2011-10-24 10:00:00,78.99787295567592
2011-10-24 11:00:00,109.95295033298586
2011-10-24 12:00:00,134.0366562445601
2011-10-24 13:00:00,168.5401010294039
2011-10-24 14:00:00,185.3011337781792
2011-10-24 15:00:00,228.3814986955736
2011-10-24 16:00:00,227.66492434821748
2011-10-24 17:00:00,223.43383618499251
2011-10-24 18:00:00,289.64655117768245
2011-10-24 19:00:00,194.21376410639922
2011-10-24 20:00:00,221.15875711701665
2011-10-24 21:00:00,216.09803631072847
2011-10-24 22:00:00,302.54722202007673
2011-10-24 23:00:00,305.00961965447567
2011-10-25 00:00:00,28.43861590532964
2011-10-25 01:00:00,31.42902212018249
2011-10-25 02:00:00,30.70983962775813
2011-10-25 03:00:00,29.321322021571845
2011-10-25 04:00:00,31.564181775403885
2011-10-25 05:00:00,34.883250666173055
2011-10-25 06:00:00,41.282715336184296
2011-10-25 07:00:00,53.18484751024548
2011-10-25 08:00:00,66.55204057778298
2011-10-25 09:00:00,108.409595852753
2011-10-25 10:00:00,134.20153495120152
2011-10-25 11:00:00,163.72523805868886
2011-10-25 12:00:00,219.88552300491557
2011-10-25 13:00:00,264.30557675221695
2011-10-25 14:00:00,273.0514576646652
2011-10-25 15:00:00,307.3497819233256
2011-10-25 16:00:00,344.97136502463
2011-10-25 17:00:00,375.3857092779097
2011-10-25 18:00:00,349.1180551569573
2011-10-25 19:00:00,245.65112583009983
2011-10-25 20:00:00,254.39389002757503
2011-10-25 21:00:00,249.88954746561228
2011-10-25 22:00:00,315.55802347117333
2011-10-25 23:00:00,305.2058941753739
2011-10-26 00:00:00,31.731034525159878
2011-10-26 01:00:00,38.13846966431416
2011-10-26 02:00:00,41.50094163522946
2011-10-26 03:00:00,46.341279356940966
2011-10-26 04:00:00,46.190063676729906
2011-10-26 05:00:00,50.78446768908306
2011-10-26 06:00:00,56.124607599582944
2011-10-26 07:00:00,61.388648882070015
2011-10-26 08:00:00,75.55431545435077
2011-10-26 09:00:00,98.27958648861397
2011-10-26 10:00:00,122.31464845601288
2011-10-26 11:00:00,143.96956483459863
2011-10-26 12:00:00,195.66799038149054
2011-10-26 13:00:00,181.84592286692404
2011-10-26 14:00:00,140.02016299850357
2011-10-26 15:00:00,154.74370534772765
2011-10-26 16:00:00,173.68833289772084
2011-10-26 17:00:00,192.44786363109637
2011-10-26 18:00:00,216.17047940284223
2011-10-26 19:00:00,205.30528699930085
2011-10-26 20:00:00,207.71114100400538
2011-10-26 21:00:00,281.9340108148811
2011-10-26 22:00:00,243.78923857571291
2011-10-26 23:00:00,269.4244121220611
2011-10-27 00:00:00,23.809484447283765
2011-10-27 01:00:00,26.31312353086717
2011-10-27 02:00:00,28.737459484851094
2011-10-27 03:00:00,31.759290003208896
2011-10-27 04:00:00,40.28679545570417
2011-10-27 05:00:00,45.21894008398508
2011-10-27 06:00:00,56.470601023038455
2011-10-27 07:00:00,48.40262347765988
2011-10-27 08:00:00,62.149176273719604
2011-10-27 09:00:00,78.88706599008778
2011-10-27 10:00:00,79.75029686265754
2011-10-27 11:00:00,87.23023967082311
2011-10-27 12:00:00,96.40276240199616
2011-10-27 13:00:00,107.72901792484922
2011-10-27 14:00:00,130.88440852002847
2011-10-27 15:00:00,147.28740285035033
2011-10-27 16:00:00,210.36451041560306
2011-10-27 17:00:00,214.1713186149074
2011-10-27 18:00:00,242.49376722015873
2011-10-27 19:00:00,242.7527269770278
2011-10-27 20:00:00,258.1624367803185
2011-10-27 21:00:00,293.8190213874494
2011-10-27 22:00:00,255.61929818715055
2011-10-27 23:00:00,285.6738927196655
2011-10-28 00:00:00,30.178785552951844
2011-10-28 01:00:00,31.74076585274842
2011-10-28 02:00:00,35.26041347219422
2011-10-28 03:00:00,34.96894565100097
2011-10-28 04:00:00,41.59814012683683
2011-10-28 05:00:00,48.22260722220949
2011-10-28 06:00:00,48.10213829049351
2011-10-28 07:00:00,53.16022317656723
2011-10-28 08:00:00,65.81709889425025
2011-10-28 09:00:00,80.2233453529889
2011-10-28 10:00:00,93.1601012616195
2011-10-28 11:00:00,122.22783324939327
2011-10-28 12:00:00,168.0680662682734
2011-10-28 13:00:00,182.22488584496384
2011-10-28 14:00:00,173.05801294928992
2011-10-28 15:00:00,198.14086918159737
2011-10-28 16:00:00,210.27927427681092
2011-10-28 17:00:00,217.96969986098551
2011-10-28 18:00:00,231.67797469253173
2011-10-28 19:00:00,266.2201673656029
2011-10-28 20:00:00,235.902458017577
2011-10-28 21:00:00,219.2428381612481
2011-10-28 22:00:00,214.58184571111488
2011-10-28 23:00:00,214.64024745197966
2011-10-29 00:00:00,18.891814169457724
2011-10-29 01:00:00,21.935532591187723
2011-10-29 02:00:00,24.242119986480123
2011-10-29 03:00:00,29.87659332418804
2011-10-29 04:00:00,33.018207200640425
2011-10-29 05:00:00,26.89982345945413
2011-10-29 06:00:00,32.47391112274924
2011-10-29 07:00:00,35.888640797545044
2011-10-29 08:00:00,42.475707781331195
2011-10-29 09:00:00,46.94215653370391
2011-10-29 10:00:00,44.11856979686995
2011-10-29 11:00:00,49.264206719827705
2011-10-29 12:00:00,56.54617341615695
2011-10-29 13:00:00,62.8164255447996
2011-10-29 14:00:00,68.53113786790149
2011-10-29 15:00:00,66.28478269155374
2011-10-29 16:00:00,72.81100523952962
2011-10-29 17:00:00,80.46730199119979
2011-10-29 18:00:00,88.92868143272973
2011-10-29 19:00:00,114.72700104835617
2011-10-29 20:00:00,126.79089115076235
2011-10-29 21:00:00,140.12333567429874
2011-10-29 22:00:00,146.77086673151035
2011-10-29 23:00:00,164.48404615503205
2011-10-30 00:00:00,15.118730307369944
2011-10-30 01:00:00,16.794914694245655
2011-10-30 02:00:00,18.657257329474756
2011-10-30 03:00:00,25.692187939651713
2011-10-30 04:00:00,24.978270583750053
2011-10-30 05:00:00,31.056911221272443
2011-10-30 06:00:00,34.715397926695886
2011-10-30 07:00:00,39.62789047319624
2011-10-30 08:00:00,48.62471485279625
2011-10-30 09:00:00,64.18704589561712
2011-10-30 10:00:00,79.82247452888075
2011-10-30 11:00:00,110.02660991025765
2011-10-30 12:00:00,137.99697509079343
2011-10-30 13:00:00,178.5676914778871
2011-10-30 14:00:00,222.02341521691204
2011-10-30 15:00:00,255.1305703714701
2011-10-30 16:00:00,293.169444503798
2011-10-30 17:00:00,293.5401857916564
2011-10-30 18:00:00,264.1427428594307
2011-10-30 19:00:00,448.14422254373096
2011-10-30 20:00:00,242.63332259358907
2011-10-30 21:00:00,223.55100179856134
2011-10-30 22:00:00,205.9435194438794
2011-10-30 23:00:00,172.77709080218136
2011-10-31 00:00:00,15.853694701576945
2011-10-31 01:00:00,19.13884206274481
2011-10-31 02:00:00,18.4299098569697
2011-10-31 03:00:00,19.96353177685056
2011-10-31 04:00:00,22.509613445284383
2011-10-31 05:00:00,21.673094485937
2011-10-31 06:00:00,27.49241322330796
2011-10-31 07:00:00,27.814580924973214
2011-10-31 08:00:00,36.85049638266936
2011-10-31 09:00:00,52.352298734235085
2011-10-31 10:00:00,84.48879232924014
2011-10-31 11:00:00,118.802642497839
2011-10-31 12:00:00,153.03776553296842
2011-10-31 13:00:00,176.66665119992862
2011-10-31 14:00:00,186.80806087093566
2011-10-31 15:00:00,205.54342667851353
2011-10-31 16:00:00,195.01260665300595
2011-10-31 17:00:00,214.40628605969397
2011-10-31 18:00:00,187.55221933715708
2011-10-31 19:00:00,207.27390073622175
2011-10-31 20:00:00,229.06937640218842
2011-10-31 21:00:00,192.84290139452142
2011-10-31 22:00:00,213.12091396518113
2011-10-31 23:00:00,235.53122070296976
2011-11-20 00:00:00,32.6783305767302
2011-11-20 01:00:00,40.87821657981799
2011-11-20 02:00:00,45.41109137999828
2011-11-20 03:00:00,47.036604134387545
2011-11-20 04:00:00,48.293581051067335
2011-11-20 05:00:00,59.475636536550255
2011-11-20 06:00:00,65.39038967633554
2011-11-20 07:00:00,72.32184417059551
2011-11-20 08:00:00,75.68872120452244
2011-11-20 09:00:00,85.34232502771042
2011-11-20 10:00:00,92.7953053109474
2011-11-20 11:00:00,135.80117641078667
2011-11-20 12:00:00,150.857190175921
2011-11-20 13:00:00,194.38869389437008
2011-11-20 14:00:00,198.82278138348477
2011-11-20 15:00:00,200.84393289600763
2011-11-20 16:00:00,236.46258716068735
2011-11-20 17:00:00,264.04169103903854
2011-11-20 18:00:00,302.1397716283897
2011-11-20 19:00:00,264.6907127882049
2011-11-20 20:00:00,326.01910966310345
2011-11-20 21:00:00,285.1296800504255
2011-11-20 22:00:00,253.5438781102595
2011-11-20 23:00:00,280.20478141732684
2011-11-21 00:00:00,23.312835607248093
2011-11-21 01:00:00,26.486665863723832
2011-11-21 02:00:00,25.50555894028308
2011-11-21 03:00:00,27.897777272613197
2011-11-21 04:00:00,30.831312674417628
2011-11-21 05:00:00,33.488238620722136
2011-11-21 06:00:00,35.221508135781896
2011-11-21 07:00:00,48.294194201026805
2011-11-21 08:00:00,51.87694645290236
2011-11-21 09:00:00,61.342131852778195
2011-11-21 10:00:00,86.42046429064256
2011-11-21 11:00:00,97.25104680090581
2011-11-21 12:00:00,112.30853219946098
2011-11-21 13:00:00,124.11811300987327
2011-11-21 14:00:00,122.55306150431764
2011-11-21 15:00:00,102.73928884132708
2011-11-21 16:00:00,113.54263485800476
2011-11-21 17:00:00,120.9712869139186
2011-11-21 18:00:00,143.4208170130447
2011-11-21 19:00:00,138.10828891830445
2011-11-21 20:00:00,170.07727596993794
2011-11-21 21:00:00,186.0291701605593
2011-11-21 22:00:00,204.5294617484031
2011-11-21 23:00:00,227.20918020538446
2011-11-22 00:00:00,18.76557263605367
2011-11-22 01:00:00,21.90438551786521
2011-11-22 02:00:00,20.981855536974948
2011-11-22 03:00:00,23.18816091434585
2011-11-22 04:00:00,28.28388931596045
2011-11-22 05:00:00,31.258025563386163
2011-11-22 06:00:00,34.392957432077125
2011-11-22 07:00:00,38.57394203685931
2011-11-22 08:00:00,42.63010835600778
2011-11-22 09:00:00,47.62281163246613
2011-11-22 10:00:00,52.63049387511016
2011-11-22 11:00:00,59.53264853091978
2011-11-22 12:00:00,59.7660781334257
2011-11-22 13:00:00,69.39517523217644
2011-11-22 14:00:00,76.6922871586473
2011-11-22 15:00:00,95.78740027418742
2011-11-22 16:00:00,105.85973424564658
2011-11-22 17:00:00,108.77415025915593
2011-11-22 18:00:00,118.36215681781668
2011-11-22 19:00:00,152.86407067119137
2011-11-22 20:00:00,158.82307944001343
2011-11-22 21:00:00,176.43148706555982
2011-11-22 22:00:00,232.71934352508126
2011-11-22 23:00:00,247.33777302418866
2011-11-23 00:00:00,25.450370301406203
2011-11-23 01:00:00,28.34550114049862
2011-11-23 02:00:00,33.05773477123044
2011-11-23 03:00:00,36.53385526309723
2011-11-23 04:00:00,46.34335194659529
2011-11-23 05:00:00,39.51952757666954
2011-11-23 06:00:00,36.79902358258171
2011-11-23 07:00:00,43.39563580501553
2011-11-23 08:00:00,55.18969944704017
2011-11-23 09:00:00,68.38597497483397
2011-11-23 10:00:00,75.57696645115232
2011-11-23 11:00:00,114.23498288528651
2011-11-23 12:00:00,155.25197141192606
2011-11-23 13:00:00,158.82867773523338
2011-11-23 14:00:00,167.17745756793286
2011-11-23 15:00:00,183.19215508024774
2011-11-23 16:00:00,171.7302783531507
2011-11-23 17:00:00,155.2520954899566
2011-11-23 18:00:00,224.77837404538045
2011-11-23 19:00:00,232.35287185227415
2011-11-23 20:00:00,217.6058476618279
2011-11-23 21:00:00,257.2854327207572
2011-11-23 22:00:00,254.46944068066477
2011-11-23 23:00:00,276.89990472393254
2011-11-24 00:00:00,29.35682399780866
2011-11-24 01:00:00,32.92001720441209
2011-11-24 02:00:00,32.50979830997334
2011-11-24 03:00:00,32.02144641098825
2011-11-24 04:00:00,39.88775786444934
2011-11-24 05:00:00,44.19590917812573
2011-11-24 06:00:00,48.71743908114183
2011-11-24 07:00:00,39.03424935764571
2011-11-24 08:00:00,56.09886914465367
2011-11-24 09:00:00,71.4784825277656
2011-11-24 10:00:00,89.72926443091923
2011-11-24 11:00:00,153.28740077791358
2011-11-24 12:00:00,198.72340573973364
2011-11-24 13:00:00,241.19015834169926
2011-11-24 14:00:00,292.16579928198945
2011-11-24 15:00:00,320.3938479668073
2011-11-24 16:00:00,340.5436528482501
2011-11-24 17:00:00,352.4308548772249
2011-11-24 18:00:00,260.74511599836205
2011-11-24 19:00:00,259.2575153314577
2011-11-24 20:00:00,182.58100230434033
2011-11-24 21:00:00,217.19356923581893
2011-11-24 22:00:00,240.03212795580046
2011-11-24 23:00:00,236.6123967263625
2011-11-25 00:00:00,26.13909452113576
2011-11-25 01:00:00,29.169806296953922
2011-11-25 02:00:00,25.308579224001527
2011-11-25 03:00:00,30.552934802790766
2011-11-25 04:00:00,36.16067651785176
2011-11-25 05:00:00,38.07202770847956
2011-11-25 06:00:00,35.92945640768498
2011-11-25 07:00:00,40.511778380517356
2011-11-25 08:00:00,44.10984603318748
2011-11-25 09:00:00,61.78182648893396
2011-11-25 10:00:00,80.35083643709996
2011-11-25 11:00:00,108.49669854981325
2011-11-25 12:00:00,173.4430113957925
2011-11-25 13:00:00,235.98052372412008
2011-11-25 14:00:00,299.3423055062937
2011-11-25 15:00:00,343.97295978287036
2011-11-25 16:00:00,344.3645987995853
2011-11-25 17:00:00,405.43591625874234
2011-11-25 18:00:00,349.40393845112163
2011-11-25 19:00:00,245.47024920211464
2011-11-25 20:00:00,299.39775899150965
2011-11-25 21:00:00,243.7011270948617
2011-11-25 22:00:00,255.41946563536914
2011-11-25 23:00:00,262.9223329040368
2011-11-26 00:00:00,26.696383260208815
2011-11-26 01:00:00,28.005803430778812
2011-11-26 02:00:00,27.439071782368536
2011-11-26 03:00:00,30.35225640230903
2011-11-26 04:00:00,33.54388768571697
2011-11-26 05:00:00,40.457534181626734
2011-11-26 06:00:00,44.33314744575115
2011-11-26 07:00:00,36.80024876238224
2011-11-26 08:00:00,56.39036777451124
2011-11-26 09:00:00,65.48383577047743
2011-11-26 10:00:00,70.89465932432576
2011-11-26 11:00:00,116.50166790360275
2011-11-26 12:00:00,164.13071940550157
2011-11-26 13:00:00,221.98708568641186
2011-11-26 14:00:00,235.34071887404994
2011-11-26 15:00:00,296.95748739074617
2011-11-26 16:00:00,277.6060479901267
2011-11-26 17:00:00,306.79716101594886
2011-11-26 18:00:00,247.54580565321882
2011-11-26 19:00:00,225.1510916034337
2011-11-26 20:00:00,311.69700978301415
2011-11-26 21:00:00,219.15185590360002
2011-11-26 22:00:00,264.5637396738322
2011-11-26 23:00:00,260.0787616069825
2011-11-27 00:00:00,24.24141333625984
2011-11-27 01:00:00,26.790471044936265
2011-11-27 02:00:00,28.177080453755536
2011-11-27 03:00:00,28.50727137499947
2011-11-27 04:00:00,31.47595454814993
2011-11-27 05:00:00,36.418891504872136
2011-11-27 06:00:00,47.04285378764404
2011-11-27 07:00:00,48.801679207012775
2011-11-27 08:00:00,61.79318806598023
2011-11-27 09:00:00,91.5359908754794
2011-11-27 10:00:00,101.16127632917285
2011-11-27 11:00:00,142.7405651603564
2011-11-27 12:00:00,190.60409346364304
2011-11-27 13:00:00,195.54387832149146
2011-11-27 14:00:00,375.2278164669372
2011-11-27 15:00:00,402.02630680227435
2011-11-27 16:00:00,315.2111449895084
2011-11-27 17:00:00,309.39197614144643
2011-11-27 18:00:00,277.9209600512339
2011-11-27 19:00:00,278.4864662444521
2011-11-27 20:00:00,344.7417264049543
2011-11-27 21:00:00,343.6660061966997
2011-11-27 22:00:00,351.0285499926535
2011-11-27 23:00:00,387.94026049865175
2011-11-28 00:00:00,31.63596160301905
2011-11-28 01:00:00,35.05286234741855
2011-11-28 03:00:00,34.21186897506377
2011-11-28 04:00:00,40.35214469672802
2011-11-28 05:00:00,36.9509794519403
2011-11-28 06:00:00,46.90343800625599
2011-11-28 07:00:00,46.722824999742286
2011-11-28 08:00:00,46.99109106564145
2011-11-28 09:00:00,61.963801661306036
2011-11-28 10:00:00,87.52171514455246
2011-11-28 11:00:00,121.28334663412724
2011-11-28 12:00:00,167.45804783826324
2011-11-28 13:00:00,201.36402255586987
2011-11-28 14:00:00,253.83801907263975
2011-11-28 15:00:00,239.975933205633
2011-11-28 16:00:00,253.7017137256803
2011-11-28 17:00:00,312.48397783806104
2011-11-28 18:00:00,293.6571929658006
2011-11-28 19:00:00,270.5620109024247
2011-11-28 20:00:00,298.7831334484445
2011-11-28 21:00:00,309.71572156327954
2011-11-28 22:00:00,292.1062352378633
2011-11-28 23:00:00,324.4914885534856
2011-11-29 00:00:00,31.00045778941364
2011-11-29 01:00:00,34.79571476209641
2011-11-29 02:00:00,33.27851797858695
2011-11-29 03:00:00,36.777854490446124
2011-11-29 04:00:00,48.65980907436373
2011-11-29 05:00:00,47.45944795868345
2011-11-29 06:00:00,59.32268895783206
2011-11-29 07:00:00,70.87912388039351
2011-11-29 08:00:00,83.16396364773925
2011-11-29 09:00:00,103.59380110284532
2011-11-29 10:00:00,114.487001660476
2011-11-29 11:00:00,85.67039102867625
2011-11-29 12:00:00,86.63102959929243
2011-11-29 13:00:00,100.6860968637896
2011-11-29 14:00:00,81.19141282442236
2011-11-29 15:00:00,101.81034801561206
2011-11-29 16:00:00,110.49918082096706
2011-11-29 17:00:00,124.44068251917574
2011-11-29 18:00:00,148.03137047867247
2011-11-29 19:00:00,164.44616850609458
2011-11-29 20:00:00,158.6190088292565
2011-11-29 21:00:00,175.29827589963134
2011-11-29 22:00:00,211.402375891692
2011-11-29 23:00:00,232.9729762962268
2011-11-30 00:00:00,29.611633920101305
2011-11-30 01:00:00,28.367475544728105
2011-11-30 02:00:00,28.407722675119757
2011-11-30 03:00:00,31.394880373662108
2011-11-30 04:00:00,30.41156277246124
2011-11-30 05:00:00,29.130238412097356
2011-11-30 06:00:00,28.14999335444798
2011-11-30 07:00:00,33.98313686616574
2011-11-30 08:00:00,39.31979799471583
2011-11-30 09:00:00,50.65688241976429
2011-11-30 10:00:00,69.83549639304218
2011-11-30 11:00:00,109.04573120053047
2011-11-30 12:00:00,108.99507917879843
2011-11-30 13:00:00,157.2894686021865
2011-11-30 14:00:00,173.82893050865488
2011-11-30 15:00:00,165.33755892537076
2011-11-30 16:00:00,181.31190183013257
2011-11-30 17:00:00,179.34965531023536
2011-11-30 18:00:00,199.38669843137842
2011-11-30 19:00:00,187.42595649401747
2011-11-30 20:00:00,207.13436097439887
2011-11-30 21:00:00,244.01908881322998
2011-11-30 22:00:00,241.7813644160035
2011-11-30 23:00:00,269.05946036940895
2011-12-20 00:00:00,30.571545106547187
2011-12-20 01:00:00,35.873090268299634
2011-12-20 02:00:00,33.33963722984427
2011-12-20 03:00:00,36.84540061526915
2011-12-20 04:00:00,48.08492997251549
2011-12-20 05:00:00,50.15451666152245
2011-12-20 06:00:00,55.428415321950865
2011-12-20 07:00:00,56.909649774777755
2011-12-20 08:00:00,83.34986283888229
2011-12-20 09:00:00,65.53232386591408
2011-12-20 10:00:00,97.72874122825992
2011-12-20 11:00:00,96.42227479407748
2011-12-20 12:00:00,131.66229347201315
2011-12-20 13:00:00,145.50698063861694
2011-12-20 14:00:00,150.83113621860278
2011-12-20 15:00:00,173.63341582279986
2011-12-20 16:00:00,193.03183749299893
2011-12-20 17:00:00,176.7197440127861
2011-12-20 18:00:00,176.14309190761236
2011-12-20 19:00:00,188.23701484120363
2011-12-20 20:00:00,198.00462488516183
2011-12-20 21:00:00,218.03383523886941
2011-12-20 22:00:00,240.406905099924
2011-12-20 23:00:00,296.07151504214266
2011-12-21 00:00:00,13.676975980546308
2011-12-21 01:00:00,17.334151622511776
2011-12-21 02:00:00,17.815985891580777
2011-12-21 03:00:00,19.689390529530456
2011-12-21 04:00:00,21.759789314132988
2011-12-21 05:00:00,21.88027437375589
2011-12-21 06:00:00,20.99901056566003
2011-12-21 07:00:00,23.182882095138815
2011-12-21 08:00:00,23.34036698469878
2011-12-21 09:00:00,32.527863205146524
2011-12-21 10:00:00,48.76942824462628
2011-12-21 11:00:00,53.89768068149044
2011-12-21 12:00:00,51.32272086582811
2011-12-21 13:00:00,48.66110681886417
2011-12-21 14:00:00,65.9154020554738
2011-12-21 15:00:00,73.22458259023637
2011-12-21 16:00:00,60.44133568343184
2011-12-21 17:00:00,66.79692438238357
2011-12-21 18:00:00,73.87619442832585
2011-12-21 19:00:00,103.97962613416858
2011-12-21 20:00:00,115.50764616864905
2011-12-21 21:00:00,138.47183082397444
2011-12-21 22:00:00,152.24262410728105
2011-12-21 23:00:00,166.52176996737316
2011-12-22 00:00:00,18.233809708580175
2011-12-22 01:00:00,14.608866741359545
2011-12-22 02:00:00,21.32275718196686
2011-12-22 03:00:00,26.896851248669705
2011-12-22 04:00:00,20.44107508824805
2011-12-22 05:00:00,22.07144671264223
2011-12-22 06:00:00,21.569106044763775
2011-12-22 07:00:00,20.767538919389665
2011-12-22 08:00:00,26.188085419727532
2011-12-22 09:00:00,30.882575314934563
2011-12-22 10:00:00,38.60216434079884
2011-12-22 11:00:00,49.91449309917547
2011-12-22 12:00:00,84.19210908327602
2011-12-22 13:00:00,78.71122862483277
2011-12-22 14:00:00,86.98795165671181
2011-12-22 15:00:00,107.14291503393518
2011-12-22 16:00:00,106.243881895558
2011-12-22 17:00:00,108.40317440602387
2011-12-22 18:00:00,127.29920316915107
2011-12-22 19:00:00,138.52011909439773
2011-12-22 20:00:00,126.85603802286829
2011-12-22 21:00:00,140.19533293644756
2011-12-22 22:00:00,96.5223160189453
2011-12-22 23:00:00,128.77323226214395
2011-12-23 00:00:00,15.284196201071474
2011-12-23 01:00:00,16.891375518829648
2011-12-23 02:00:00,15.861215153936612
2011-12-23 03:00:00,17.529069754503205
2011-12-23 04:00:00,19.87944153203378
2011-12-23 05:00:00,20.352415400580163
2011-12-23 06:00:00,29.165765180456557
2011-12-23 07:00:00,32.06680704751829
2011-12-23 08:00:00,40.887233499312906
2011-12-23 09:00:00,52.7613240070934
2011-12-23 10:00:00,62.488618569956294
2011-12-23 11:00:00,74.39328711619666
2011-12-23 12:00:00,88.33626281890058
2011-12-23 13:00:00,102.48232020045296
2011-12-23 14:00:00,105.956735985584
2011-12-23 15:00:00,110.29518616466775
2011-12-23 16:00:00,127.95771775255106
2011-12-23 17:00:00,122.37260354499406
2011-12-23 18:00:00,139.38593883512303
2011-12-23 19:00:00,141.50593946606466
2011-12-23 20:00:00,132.85821223326974
2011-12-23 21:00:00,144.1967727569627
2011-12-23 22:00:00,150.13104236673973
2011-12-23 23:00:00,167.36309067923997
2011-12-24 00:00:00,15.70830778949032
2011-12-24 01:00:00,18.592919040399877
2011-12-24 02:00:00,20.473690697958936
2011-12-24 03:00:00,21.332579902066765
2011-12-24 04:00:00,24.853881545901327
2011-12-24 05:00:00,27.46734213362814
2011-12-24 06:00:00,25.303939876170734
2011-12-24 07:00:00,30.142010828153012
2011-12-24 08:00:00,31.408994018575562
2011-12-24 09:00:00,53.74641676536498
2011-12-24 10:00:00,61.703040660350254
2011-12-24 11:00:00,74.57207220602204
2011-12-24 12:00:00,87.12687448597148
2011-12-24 13:00:00,94.7077430725821
2011-12-24 14:00:00,104.666547833747
2011-12-24 15:00:00,110.77071206830972
2011-12-24 16:00:00,118.77567079353527
2011-12-24 17:00:00,112.59574933363051
2011-12-24 18:00:00,138.2059952381686
2011-12-24 19:00:00,131.82912536786108
2011-12-24 20:00:00,123.0129253070738
2011-12-24 21:00:00,134.08071450368078
2011-12-24 22:00:00,153.95252494001892
2011-12-24 23:00:00,154.40826174121793
2011-12-25 00:00:00,13.507279554220851
2011-12-25 01:00:00,12.553384692092191
2011-12-25 02:00:00,13.092540227532032
2011-12-25 03:00:00,15.175635806347392
2011-12-25 05:00:00,16.544360695195433
2011-12-25 06:00:00,18.284050109348946
2011-12-25 07:00:00,19.723226351236956
2011-12-25 08:00:00,20.564910642916576
2011-12-25 09:00:00,22.63349222772484
2011-12-25 10:00:00,28.60632950536694
2011-12-25 11:00:00,41.97695615125178
2011-12-25 12:00:00,42.46158631306284
2011-12-25 13:00:00,53.67612678089078
2011-12-25 14:00:00,71.16303897261352
2011-12-25 15:00:00,79.33113603174716
2011-12-25 16:00:00,98.05612623992272
2011-12-25 17:00:00,95.8960776173606
2011-12-25 18:00:00,89.27187868653581
2011-12-25 19:00:00,120.51002158831945
2011-12-25 20:00:00,148.6742694835452
2011-12-25 21:00:00,139.47635268806118
2011-12-25 22:00:00,134.41273501965884
2011-12-25 23:00:00,135.15820000660554
2011-12-26 00:00:00,9.847876866551312
2011-12-26 01:00:00,16.784102810943033
2011-12-26 02:00:00,25.05945964862973
2011-12-26 04:00:00,30.416912134680643
2011-12-26 05:00:00,36.2116194821973
2011-12-26 06:00:00,36.478421022070904
2011-12-26 07:00:00,40.46059804104908
2011-12-26 08:00:00,45.10466744338391
2011-12-26 09:00:00,50.14494832415212
2011-12-26 10:00:00,59.951620793900126
2011-12-26 11:00:00,63.11547097824738
2011-12-26 12:00:00,76.47606035491673
2011-12-26 13:00:00,97.3566275448014
2011-12-26 14:00:00,108.15224047881193
2011-12-26 15:00:00,117.98932766877452
2011-12-26 16:00:00,112.72146445523472
2011-12-26 17:00:00,112.28142008605711
2011-12-26 18:00:00,114.68598288175748
2011-12-26 19:00:00,95.31910775417872
2011-12-26 20:00:00,120.2670099741336
2011-12-26 21:00:00,98.31417605290665
2011-12-26 22:00:00,108.65220811661378
2011-12-26 23:00:00,117.69356585000926
2011-12-27 00:00:00,11.013195421700908
2011-12-27 01:00:00,12.3407797745181
2011-12-27 02:00:00,13.638449979590682
2011-12-27 03:00:00,18.81906429046675
2011-12-27 04:00:00,19.608540471822977
2011-12-27 05:00:00,21.799173845855783
2011-12-27 06:00:00,25.244330651475448
2011-12-27 07:00:00,26.742386633534466
2011-12-27 08:00:00,29.505412809804216
2011-12-27 09:00:00,33.85560959399792
2011-12-27 10:00:00,37.54103475955609
2011-12-27 11:00:00,41.34999524304009
2011-12-27 12:00:00,34.787149954614655
2011-12-27 13:00:00,34.79601553703789
2011-12-27 14:00:00,60.455973554453905
2011-12-27 15:00:00,66.81310146968198
2011-12-27 16:00:00,70.29758495189249
2011-12-27 17:00:00,69.05692184146865
2011-12-27 18:00:00,75.42098526107367
2011-12-27 19:00:00,71.18965724834429
2011-12-27 20:00:00,68.97174187928846
2011-12-27 21:00:00,83.26382584425583
2011-12-27 22:00:00,92.01926820143555
2011-12-27 23:00:00,87.60670301264449
2011-12-28 00:00:00,10.400593146188642
2011-12-28 01:00:00,13.514881380315154
2011-12-28 02:00:00,18.559239167896038
2011-12-28 03:00:00,20.51079912901974
2011-12-28 05:00:00,26.546264902392714
2011-12-28 06:00:00,29.36466091971753
2011-12-28 07:00:00,32.452443560183994
2011-12-28 08:00:00,35.83196809823652
2011-12-28 09:00:00,40.15202346546037
2011-12-28 10:00:00,45.79112817459666
2011-12-28 11:00:00,63.98569998198645
2011-12-28 12:00:00,66.99967700878474
2011-12-28 13:00:00,80.82094881374071
2011-12-28 14:00:00,85.53443516981974
2011-12-28 15:00:00,99.3081408653773
2011-12-28 16:00:00,104.44808791092599
2011-12-28 17:00:00,105.68046469271319
2011-12-28 18:00:00,108.39686047596152
2011-12-28 19:00:00,109.7601916137521
2011-12-28 20:00:00,120.67774886754142
2011-12-28 21:00:00,121.88080620581701
2011-12-28 22:00:00,136.57527762216466
2011-12-28 23:00:00,149.08926039809865
2011-12-29 00:00:00,14.650680316641715
2011-12-29 01:00:00,16.061715127000124
2011-12-29 02:00:00,16.209710939482004
2011-12-29 03:00:00,16.511507002891335
2011-12-29 04:00:00,18.502204925295036
2011-12-29 05:00:00,20.628485268087427
2011-12-29 06:00:00,21.92920214168484
2011-12-29 07:00:00,20.947935474165185
2011-12-29 08:00:00,24.73577213472907
2011-12-29 09:00:00,26.42229944227774
2011-12-29 10:00:00,30.842344229927566
2011-12-29 11:00:00,38.220685620985506
2011-12-29 12:00:00,47.191979717779624
2011-12-29 13:00:00,58.126282742457306
2011-12-29 14:00:00,68.85814473661392
2011-12-29 15:00:00,75.8330532178269
2011-12-29 16:00:00,83.7823953877742
2011-12-29 17:00:00,81.10190462396285
2011-12-29 18:00:00,95.978695433381
2011-12-29 19:00:00,107.56383588295395
2011-12-29 20:00:00,97.22621101097475
2011-12-29 21:00:00,113.88008711924171
2011-12-29 22:00:00,119.36259623362942
2011-12-29 23:00:00,139.31258836711126
2011-12-30 00:00:00,14.065517415055005
2011-12-30 01:00:00,16.10605985701769
2011-12-30 02:00:00,15.48109206134339
2011-12-30 03:00:00,17.108975572519284
2011-12-30 04:00:00,18.859335415764797
2011-12-30 05:00:00,18.78374395040694
2011-12-30 06:00:00,23.03409801449932
2011-12-30 07:00:00,23.64964690527477
2011-12-30 08:00:00,25.98207614369206
2011-12-30 09:00:00,31.042012948711722
2011-12-30 10:00:00,43.30337956260014
2011-12-30 11:00:00,49.98318853271799
2011-12-30 12:00:00,63.61466977619122
2011-12-30 13:00:00,80.2945527575994
2011-12-30 14:00:00,110.31474076310484
2011-12-30 15:00:00,132.59508487124245
2011-12-30 16:00:00,144.99447791822604
2011-12-30 17:00:00,130.262192164825
2011-12-30 18:00:00,116.6345555053886
2011-12-30 19:00:00,149.29445535963814
2011-12-30 20:00:00,128.85044624633323
2011-12-30 21:00:00,149.60993886944706
2011-12-30 22:00:00,144.92401286960384
2011-12-30 23:00:00,180.49165482881264
2011-12-31 00:00:00,21.907719979956827
2011-12-31 01:00:00,25.244033270758983
2011-12-31 02:00:00,27.898519488798964
2011-12-31 03:00:00,30.832132936873386
2011-12-31 04:00:00,28.278778545157536
2011-12-31 05:00:00,26.443884032332708
2011-12-31 06:00:00,35.24874629266116
2011-12-31 07:00:00,33.71179598531398
2011-12-31 08:00:00,31.257535322371364
2011-12-31 09:00:00,41.66517032690856
2011-12-31 10:00:00,49.77889791841806
2011-12-31 11:00:00,62.214090740679204
2011-12-31 12:00:00,144.3551890898455
2011-12-31 13:00:00,150.22757824315823
2011-12-31 14:00:00,128.0364592135262
2011-12-31 15:00:00,154.40688212059914
2011-12-31 16:00:00,150.38829354990645
2011-12-31 17:00:00,146.3382232706447
2011-12-31 18:00:00,160.06358334796295
2011-12-31 19:00:00,179.6595014115149
2011-12-31 20:00:00,198.55123972138364
2011-12-31 21:00:00,195.89355793557564
2011-12-31 22:00:00,192.25293162211915
2011-12-31 23:00:00,186.28280233908558
2012-01-20 00:00:00,17.875744196339372
2012-01-20 01:00:00,20.45195318892348
2012-01-20 02:00:00,22.602537736555238
2012-01-20 03:00:00,22.30038039257414
2012-01-20 04:00:00,20.848632474148516
2012-01-20 05:00:00,23.040929044748935
2012-01-20 06:00:00,26.062706697799037
2012-01-20 07:00:00,24.22213755044414
2012-01-20 08:00:00,28.963024442623748
2012-01-20 09:00:00,41.286610392093564
2012-01-20 10:00:00,47.450298645136506
2012-01-20 11:00:00,59.187958777481285
2012-01-20 12:00:00,63.187056012714905
2012-01-20 13:00:00,77.07702729717191
2012-01-20 14:00:00,81.02009893237334
2012-01-20 15:00:00,89.63322048194969
2012-01-20 16:00:00,91.06615261129008
2012-01-20 17:00:00,116.73765626597911
2012-01-20 18:00:00,116.97272223155215
2012-01-20 19:00:00,124.00684755791143
2012-01-20 20:00:00,142.8661768564825
2012-01-20 21:00:00,151.0672969761621
2012-01-20 22:00:00,164.48439137080442
2012-01-20 23:00:00,107.91293726202514
2012-01-21 00:00:00,10.95717164860764
2012-01-21 01:00:00,8.293880073434439
2012-01-21 02:00:00,9.749416929301418
2012-01-21 03:00:00,9.502026241003401
2012-01-21 04:00:00,12.232126296806602
2012-01-21 05:00:00,13.296437883076646
2012-01-21 06:00:00,13.141181090745631
2012-01-21 07:00:00,14.523015907710404
2012-01-21 08:00:00,16.086852455056444
2012-01-21 09:00:00,17.778433498211434
2012-01-21 10:00:00,19.531818581319655
2012-01-21 11:00:00,26.09781873099337
2012-01-21 12:00:00,32.81517384454005
2012-01-21 13:00:00,36.13852453455737
2012-01-21 14:00:00,39.294516719371614
2012-01-21 15:00:00,43.4264536391718
2012-01-21 16:00:00,48.22765904674012
2012-01-21 17:00:00,54.13197054164366
2012-01-21 18:00:00,64.39397168008804
2012-01-21 19:00:00,61.73585427270213
2012-01-21 20:00:00,68.47526604666547
2012-01-21 21:00:00,82.00316413871104
2012-01-21 22:00:00,91.35689051525753
2012-01-21 23:00:00,87.28237912041341
2012-01-22 00:00:00,8.092189371885288
2012-01-22 01:00:00,10.40013994693686
2012-01-22 02:00:00,11.464142128136507
2012-01-22 03:00:00,13.637442645244443
2012-01-22 04:00:00,11.898417650240303
2012-01-22 05:00:00,14.489091383361545
2012-01-22 06:00:00,16.107820721493905
2012-01-22 07:00:00,17.80160664109148
2012-01-22 08:00:00,19.673499257493727
2012-01-22 09:00:00,21.742227026923835
2012-01-22 10:00:00,23.82098220994145
2012-01-22 11:00:00,24.291422274491538
2012-01-22 12:00:00,26.866340223901275
2012-01-22 13:00:00,30.371008013783907
2012-01-22 14:00:00,33.103565698644424
2012-01-22 15:00:00,36.076812791252564
2012-01-22 16:00:00,39.87039844050445
2012-01-22 17:00:00,45.07220334604122
2012-01-22 18:00:00,45.330992121615324
2012-01-22 19:00:00,50.097682632053214
2012-01-22 20:00:00,54.8874779598084
2012-01-22 21:00:00,61.1874653377969
2012-01-22 22:00:00,62.38649860824864
2012-01-22 23:00:00,67.81471866455341
2012-01-23 00:00:00,7.5369267524365124
2012-01-23 01:00:00,8.164102694466516
2012-01-23 02:00:00,9.022582710424476
2012-01-23 03:00:00,10.17329254963129
2012-01-23 04:00:00,12.90486519114955
2012-01-23 05:00:00,13.056089848118097
2012-01-23 06:00:00,14.428977064340625
2012-01-23 07:00:00,15.852024440909036
2012-01-23 08:00:00,16.932842616056536
2012-01-23 09:00:00,19.04033121012085
2012-01-23 10:00:00,19.41639718881552
2012-01-23 11:00:00,20.977937019265514
2012-01-23 12:00:00,24.9152689167031
2012-01-23 13:00:00,27.276935769211647
2012-01-23 14:00:00,29.546240488456938
2012-01-23 15:00:00,29.21997283631794
2012-01-23 16:00:00,37.94305657470374
2012-01-23 17:00:00,40.475739149867714
2012-01-23 18:00:00,46.103038899352114
2012-01-23 19:00:00,53.81536905544127
2012-01-23 20:00:00,53.65030415680183
2012-01-23 21:00:00,59.38281996360373
2012-01-23 22:00:00,65.62710254281916
2012-01-23 23:00:00,85.14057570485359
2012-01-24 00:00:00,7.933421617462426
2012-01-24 01:00:00,10.158837534804919
2012-01-24 02:00:00,11.169310355483574
2012-01-24 03:00:00,12.626327645960727
2012-01-24 04:00:00,11.888599882059866
2012-01-24 05:00:00,13.13872200795939
2012-01-24 06:00:00,16.895751731590945
2012-01-24 07:00:00,18.835046933469123
2012-01-24 08:00:00,20.815608912800045
2012-01-24 09:00:00,24.935276233667377
2012-01-24 10:00:00,25.377396457978215
2012-01-24 11:00:00,31.82658285041556
2012-01-24 12:00:00,35.355746484470096
2012-01-24 13:00:00,39.07350983729584
2012-01-24 14:00:00,50.07973456211668
2012-01-24 15:00:00,72.35755429823276
2012-01-24 16:00:00,80.02615089122507
2012-01-24 17:00:00,97.79609487603818
2012-01-24 18:00:00,110.72884837839302
2012-01-24 19:00:00,158.8450880441192
2012-01-24 20:00:00,88.9077295775811
2012-01-24 21:00:00,116.75883996876092
2012-01-24 22:00:00,100.88239483349466
2012-01-24 23:00:00,120.00704964047058
2012-01-25 00:00:00,8.288010623248269
2012-01-25 01:00:00,13.92840698144971
2012-01-25 02:00:00,14.57368922451376
2012-01-25 03:00:00,14.24199566251894
2012-01-25 04:00:00,16.880619137955946
2012-01-25 05:00:00,18.655667141302942
2012-01-25 06:00:00,18.582838764574007
2012-01-25 07:00:00,19.940997851574924
2012-01-25 08:00:00,23.843957081933173
2012-01-25 09:00:00,26.351221066997045
2012-01-25 10:00:00,30.23171727047988
2012-01-25 11:00:00,42.696775967537654
2012-01-25 12:00:00,57.746125728426236
2012-01-25 13:00:00,69.77793463364414
2012-01-25 14:00:00,77.99908619769097
2012-01-25 15:00:00,94.99905035469823
2012-01-25 16:00:00,89.26018154283983
2012-01-25 17:00:00,103.65421081073967
2012-01-25 18:00:00,86.88364400949821
2012-01-25 19:00:00,120.94067131322764
2012-01-25 20:00:00,113.23613603434588
2012-01-25 21:00:00,112.7992046803851
2012-01-25 22:00:00,124.22507350692277
2012-01-25 23:00:00,130.3543520332185
2012-01-26 00:00:00,11.293380325179392
2012-01-26 01:00:00,12.7337000512678
2012-01-26 02:00:00,13.672481375714387
2012-01-26 03:00:00,15.496213395524656
2012-01-26 04:00:00,17.290003346341198
2012-01-26 05:00:00,19.9387174735698
2012-01-26 06:00:00,19.21781133489274
2012-01-26 07:00:00,21.16179413826248
2012-01-26 08:00:00,23.38702060213681
2012-01-26 09:00:00,27.25356187463958
2012-01-26 10:00:00,29.67409642832244
2012-01-26 11:00:00,30.444313641692883
2012-01-26 12:00:00,40.01116581850657
2012-01-26 13:00:00,57.407495330469175
2012-01-26 14:00:00,67.88175458816676
2012-01-26 15:00:00,78.81839334006547
2012-01-26 16:00:00,82.69473324724726
2012-01-26 17:00:00,94.54033289887334
2012-01-26 18:00:00,104.48153397547233
2012-01-26 19:00:00,103.96715542471281
2012-01-26 20:00:00,105.72942953870026
2012-01-26 21:00:00,126.98165632812706
2012-01-26 22:00:00,122.9892343229324
2012-01-26 23:00:00,139.43370968015864
2012-01-27 00:00:00,16.721392643637998
2012-01-27 01:00:00,17.07991976045331
2012-01-27 02:00:00,17.719104850021658
2012-01-27 03:00:00,19.976245454695206
2012-01-27 04:00:00,19.2859684873468
2012-01-27 05:00:00,24.588175970997167
2012-01-27 06:00:00,24.876310594770413
2012-01-27 07:00:00,27.35021831169359
2012-01-27 08:00:00,43.58461510497349
2012-01-27 09:00:00,48.16766880617193
2012-01-27 10:00:00,41.593466245079206
2012-01-27 11:00:00,50.249982957028486
2012-01-27 12:00:00,64.06499234392345
2012-01-27 13:00:00,114.94092151882586
2012-01-27 14:00:00,136.83587780186997
2012-01-27 15:00:00,146.86637960593626
2012-01-27 16:00:00,152.8301350065599
2012-01-27 17:00:00,163.97061210271863
2012-01-27 18:00:00,169.82478890766112
2012-01-27 19:00:00,157.66824750709634
2012-01-27 20:00:00,154.87327741906194
2012-01-27 21:00:00,172.77758686633715
2012-01-27 22:00:00,201.6712876344158
2012-01-27 23:00:00,213.23301513684314
2012-01-28 00:00:00,19.633828833150847
2012-01-28 01:00:00,21.662398076045893
2012-01-28 02:00:00,19.464368683408367
2012-01-28 03:00:00,21.43599006139725
2012-01-28 04:00:00,23.099901343367808
2012-01-28 05:00:00,19.60289821273457
2012-01-28 06:00:00,23.852831681233937
2012-01-28 07:00:00,23.307013269375897
2012-01-28 08:00:00,22.266896226973735
2012-01-28 09:00:00,26.44615182731617
2012-01-28 10:00:00,36.831000942981824
2012-01-28 11:00:00,55.221462670553834
2012-01-28 12:00:00,57.08602767559619
2012-01-28 13:00:00,73.49176819891888
2012-01-28 14:00:00,107.72024963273226
2012-01-28 15:00:00,129.39582284991693
2012-01-28 16:00:00,157.83969097737832
2012-01-28 17:00:00,175.34210711881147
2012-01-28 18:00:00,196.85528533009233
2012-01-28 19:00:00,228.91519271324387
2012-01-28 20:00:00,257.1849122356096
2012-01-28 21:00:00,264.21141216628234
2012-01-28 22:00:00,255.778723216495
2012-01-28 23:00:00,281.20050745148785
2012-01-29 00:00:00,23.88734867715168
2012-01-29 01:00:00,28.532877710133477
2012-01-29 02:00:00,30.751294196662837
2012-01-29 03:00:00,31.275026604629836
2012-01-29 04:00:00,31.481240623320737
2012-01-29 05:00:00,23.229078623662048
2012-01-29 06:00:00,30.609422799653967
2012-01-29 07:00:00,34.86501888931589
2012-01-29 08:00:00,35.0896337110765
2012-01-29 09:00:00,37.103926438382935
2012-01-29 10:00:00,53.506137949984804
2012-01-29 11:00:00,73.49819665883733
2012-01-29 12:00:00,92.35184104260644
2012-01-29 13:00:00,102.06291560144797
2012-01-29 14:00:00,113.37843364642337
2012-01-29 15:00:00,141.10848227880035
2012-01-29 16:00:00,169.29574758894395
2012-01-29 17:00:00,187.09770593401444
2012-01-29 18:00:00,185.54721248482295
2012-01-29 19:00:00,178.83855007100203
2012-01-29 20:00:00,161.53009681252064
2012-01-29 21:00:00,197.02724145816956
2012-01-29 22:00:00,253.37174904690104
2012-01-29 23:00:00,237.91927549548492
2012-01-30 00:00:00,25.673896280448258
2012-01-30 01:00:00,14.484074195448114
2012-01-30 02:00:00,18.177405399889278
2012-01-30 03:00:00,19.90308826978766
2012-01-30 04:00:00,19.22956246940387
2012-01-30 05:00:00,21.251608946941126
2012-01-30 06:00:00,27.39957099438294
2012-01-30 07:00:00,30.437835265371408
2012-01-30 08:00:00,30.319011418615926
2012-01-30 09:00:00,33.50714689174322
2012-01-30 10:00:00,42.940033472491145
2012-01-30 11:00:00,53.139308306625026
2012-01-30 12:00:00,63.1872831139601
2012-01-30 13:00:00,82.14084157061718
2012-01-30 14:00:00,108.70914590086159
2012-01-30 15:00:00,119.10273162706169
2012-01-30 16:00:00,136.27068787316725
2012-01-30 17:00:00,167.84437907021422
2012-01-30 18:00:00,170.52764317927696
2012-01-30 19:00:00,124.57082229403807
2012-01-30 20:00:00,149.0665017419007
2012-01-30 21:00:00,157.6235466177767
2012-01-30 22:00:00,150.4552019933043
2012-01-30 23:00:00,131.94848838535705
2012-01-31 00:00:00,15.317272578080976
2012-01-31 01:00:00,20.375443722975017
2012-01-31 02:00:00,22.65848628398611
2012-01-31 03:00:00,23.959178805014027
2012-01-31 04:00:00,24.83542437078169
2012-01-31 05:00:00,27.446944130889815
2012-01-31 06:00:00,27.47819453562521
2012-01-31 07:00:00,25.825469797141864
2012-01-31 08:00:00,28.641604847771756
2012-01-31 09:00:00,39.174392713166014
2012-01-31 10:00:00,42.81970796812558
2012-01-31 11:00:00,82.1734850405722
2012-01-31 12:00:00,83.35111211086446
2012-01-31 13:00:00,116.92130409934661
2012-01-31 14:00:00,161.02257367860844
2012-01-31 15:00:00,209.64253702772623
2012-01-31 16:00:00,231.6870819420145
2012-01-31 17:00:00,254.72797692297098
2012-01-31 18:00:00,286.9452161722726
2012-01-31 19:00:00,263.40936279970884
2012-01-31 20:00:00,143.81388340439918
2012-01-31 21:00:00,275.46220666190356
2012-01-31 22:00:00,281.348591064428
2012-01-31 23:00:00,295.20122759930445
2012-02-20 00:00:00,8.67356000632248
2012-02-20 01:00:00,9.585610994814685
2012-02-20 02:00:00,10.593566894900656
2012-02-20 03:00:00,12.534632794198542
2012-02-20 05:00:00,21.050379077677455
2012-02-20 06:00:00,26.099916766747008
2012-02-20 07:00:00,26.20484134615316
2012-02-20 08:00:00,26.274550751784137
2012-02-20 09:00:00,29.037398990325766
2012-02-20 10:00:00,36.32430449404828
2012-02-20 11:00:00,48.37265248090165
2012-02-20 12:00:00,59.58322108460378
2012-02-20 13:00:00,73.06715443354435
2012-02-20 14:00:00,93.01078739944232
2012-02-20 15:00:00,109.69544158704835
2012-02-20 16:00:00,142.20974930866416
2012-02-20 17:00:00,174.50459004370794
2012-02-20 18:00:00,148.06616214828787
2012-02-20 19:00:00,163.63576556962278
2012-02-20 20:00:00,183.36121977371636
2012-02-20 21:00:00,169.65317603839614
2012-02-20 22:00:00,172.71221631814169
2012-02-20 23:00:00,209.2316661055668
2012-02-21 00:00:00,12.199929782365084
2012-02-21 01:00:00,15.393021518868634
2012-02-21 02:00:00,15.265780513960289
2012-02-21 04:00:00,16.729459091718642
2012-02-21 05:00:00,16.348700740768958
2012-02-21 06:00:00,16.540281716221532
2012-02-21 07:00:00,22.58131027771008
2012-02-21 08:00:00,21.573579025826408
2012-02-21 09:00:00,21.882749686549346
2012-02-21 10:00:00,28.094178918981935
2012-02-21 11:00:00,32.93463703430483
2012-02-21 12:00:00,50.28084204862177
2012-02-21 13:00:00,68.76281870616633
2012-02-21 14:00:00,67.44278816433084
2012-02-21 15:00:00,83.98437542539736
2012-02-21 16:00:00,103.88754607282485
2012-02-21 17:00:00,140.25584466169028
2012-02-21 18:00:00,155.00416964846121
2012-02-21 19:00:00,137.35846081742247
2012-02-21 20:00:00,129.33067810656866
2012-02-21 21:00:00,127.49710770009311
2012-02-21 22:00:00,121.52109307766496
2012-02-21 23:00:00,136.4905711898036
2012-02-22 00:00:00,14.04450091450943
2012-02-22 01:00:00,14.968622537558169
2012-02-22 02:00:00,18.211493488895268
2012-02-22 03:00:00,18.396624123092455
2012-02-22 04:00:00,20.630062571297138
2012-02-22 05:00:00,22.214237950770634
2012-02-22 06:00:00,22.280467702382204
2012-02-22 07:00:00,24.773847271714995
2012-02-22 08:00:00,26.445851553711208
2012-02-22 09:00:00,33.05225059368708
2012-02-22 10:00:00,37.82129786732968
2012-02-22 11:00:00,46.982180508650465
2012-02-22 12:00:00,64.48051011565808
2012-02-22 13:00:00,84.44488677137306
2012-02-22 14:00:00,98.5712190549385
2012-02-22 15:00:00,180.03978041754812
2012-02-22 16:00:00,216.99656749945802
2012-02-22 17:00:00,226.50938941534395
2012-02-22 18:00:00,195.40907788089132
2012-02-22 19:00:00,195.12430951655347
2012-02-22 20:00:00,193.35930094713152
2012-02-22 21:00:00,294.4385655604992
2012-02-22 22:00:00,238.61489433801248
2012-02-22 23:00:00,304.21625002307974
2012-02-23 00:00:00,27.006266826031833
2012-02-23 01:00:00,25.515426731128724
2012-02-23 02:00:00,26.312518798583387
2012-02-23 03:00:00,26.717453663520057
2012-02-23 04:00:00,23.829147256266584
2012-02-23 05:00:00,26.33485394350479
2012-02-23 06:00:00,21.47096786541534
2012-02-23 07:00:00,26.05459796593642
2012-02-23 08:00:00,24.956844742170095
2012-02-23 09:00:00,31.380522919063697
2012-02-23 10:00:00,51.807380105357595
2012-02-23 11:00:00,89.22714348249623
2012-02-23 12:00:00,112.58659295017932
2012-02-23 13:00:00,135.24137649445558
2012-02-23 14:00:00,163.42331153048232
2012-02-23 15:00:00,187.64468963976478
2012-02-23 16:00:00,216.02760136046498
2012-02-23 17:00:00,233.7881439500349
2012-02-23 18:00:00,238.7967145324322
2012-02-23 19:00:00,230.29766256626948
2012-02-23 20:00:00,215.84610113238205
2012-02-23 21:00:00,208.01430886217696
2012-02-23 22:00:00,221.0926549994138
2012-02-23 23:00:00,233.84391369302878
2012-02-24 00:00:00,25.547412821840222
2012-02-24 01:00:00,27.265605778366965
2012-02-24 02:00:00,23.078772301488847
2012-02-24 03:00:00,23.366286691377617
2012-02-24 04:00:00,22.834475785857634
2012-02-24 05:00:00,25.347077439869945
2012-02-24 06:00:00,27.8682844922394
2012-02-24 07:00:00,36.58912479635966
2012-02-24 08:00:00,39.1852787260302
2012-02-24 09:00:00,35.48650551643904
2012-02-24 10:00:00,39.36108107985365
2012-02-24 11:00:00,44.13970520449932
2012-02-24 12:00:00,59.39212227984515
2012-02-24 13:00:00,73.84689781604435
2012-02-24 14:00:00,95.56276678258189
2012-02-24 15:00:00,68.48237266057986
2012-02-24 16:00:00,75.68350064422717
2012-02-24 17:00:00,78.05333388046022
2012-02-24 18:00:00,85.21809409555212
2012-02-24 19:00:00,110.0725511155264
2012-02-24 20:00:00,189.43995651871091
2012-02-24 21:00:00,317.09773868085813
2012-02-24 22:00:00,311.56257150913723
2012-02-24 23:00:00,333.6692602824687
2012-02-25 00:00:00,26.473745602738266
2012-02-25 01:00:00,27.581813002134513
2012-02-25 02:00:00,27.78503147970341
2012-02-25 03:00:00,28.89613292460996
2012-02-25 04:00:00,33.54989020128189
2012-02-25 05:00:00,36.668463057183615
2012-02-25 06:00:00,40.52426251593134
2012-02-25 07:00:00,41.30390138600787
2012-02-25 08:00:00,40.509520968442025
2012-02-25 09:00:00,27.0700705577631
2012-02-25 10:00:00,41.89518178673255
2012-02-25 11:00:00,72.7588234686417
2012-02-25 12:00:00,98.64287742487923
2012-02-25 13:00:00,104.8737320562932
2012-02-25 14:00:00,118.31921553658879
2012-02-25 15:00:00,130.22412375656836
2012-02-25 16:00:00,151.82002945085858
2012-02-25 17:00:00,141.24291550568896
2012-02-25 18:00:00,171.3697671993473
2012-02-25 19:00:00,152.7651673385688
2012-02-25 20:00:00,179.6701333413566
2012-02-25 21:00:00,172.15062127731017
2012-02-25 22:00:00,182.80604199392914
2012-02-25 23:00:00,191.80678248649951
2012-02-26 00:00:00,18.03365607209975
2012-02-26 01:00:00,18.970760838525138
2012-02-26 02:00:00,20.96559354419775
2012-02-26 03:00:00,24.11666133377787
2012-02-26 04:00:00,26.652600993222237
2012-02-26 05:00:00,26.960096901141835
2012-02-26 06:00:00,29.76766080173725
2012-02-26 07:00:00,28.09675838906334
2012-02-26 08:00:00,31.406540752786505
2012-02-26 09:00:00,38.479526848371975
2012-02-26 10:00:00,51.736281013088544
2012-02-26 11:00:00,60.17146792688488
2012-02-26 12:00:00,72.84392485888274
2012-02-26 13:00:00,88.03654351895311
2012-02-26 14:00:00,110.04267248628955
2012-02-26 15:00:00,129.11265225156467
2012-02-26 16:00:00,139.94951570918582
2012-02-26 17:00:00,156.8421686882626
2012-02-26 18:00:00,154.18301598084062
2012-02-26 19:00:00,175.1965918557961
2012-02-26 20:00:00,163.81196538815368
2012-02-26 21:00:00,163.99563904603838
2012-02-26 22:00:00,188.76301342175023
2012-02-26 23:00:00,152.18774711794376
2012-02-27 00:00:00,13.117995613878408
2012-02-27 01:00:00,13.658089607035157
2012-02-27 02:00:00,13.67374804562961
2012-02-27 03:00:00,13.561334629778454
2012-02-27 04:00:00,13.18427311942943
2012-02-27 05:00:00,14.570639193147894
2012-02-27 06:00:00,19.6341420488936
2012-02-27 07:00:00,25.011065717334915
2012-02-27 08:00:00,27.10057169865496
2012-02-27 09:00:00,32.54547673903749
2012-02-27 10:00:00,52.5676515411695
2012-02-27 11:00:00,66.05222467767148
2012-02-27 12:00:00,93.94458122730731
2012-02-27 13:00:00,94.800659406427
2012-02-27 14:00:00,134.71045416579977
2012-02-27 15:00:00,207.8339173138658
2012-02-27 16:00:00,239.0558637123837
2012-02-27 17:00:00,272.08800653252104
2012-02-27 18:00:00,272.3930843655597
2012-02-27 19:00:00,276.7477287741716
2012-02-27 20:00:00,273.04335805828464
2012-02-27 21:00:00,271.24278267026466
2012-02-27 22:00:00,252.30773930889163
2012-02-27 23:00:00,239.1970034917418
2012-02-28 00:00:00,21.8082039004306
2012-02-28 01:00:00,19.50655974237753
2012-02-28 02:00:00,25.221595145414682
2012-02-28 03:00:00,40.26512531490571
2012-02-28 04:00:00,29.199051255048403
2012-02-28 05:00:00,32.26941953990363
2012-02-28 06:00:00,32.306160694634286
2012-02-28 07:00:00,33.80711182230481
2012-02-28 08:00:00,33.93300337593447
2012-02-28 09:00:00,41.71963994407636
2012-02-28 10:00:00,50.108198831192574
2012-02-28 11:00:00,67.5451717540478
2012-02-28 12:00:00,80.64736789209232
2012-02-28 13:00:00,93.07103777511603
2012-02-28 14:00:00,122.76656676520247
2012-02-28 15:00:00,146.4273422020081
2012-02-28 16:00:00,157.1292391466329
2012-02-28 17:00:00,178.84096538546606
2012-02-28 18:00:00,194.40593697962703
2012-02-28 19:00:00,215.06839276588363
2012-02-28 20:00:00,218.30670408230486
2012-02-28 21:00:00,160.40897354484383
2012-02-28 22:00:00,177.27646080243466
2012-02-28 23:00:00,165.28062774943828
2012-02-29 00:00:00,17.306682529087407
2012-02-29 01:00:00,20.286700148723746
2012-02-29 02:00:00,18.9163332365325
2012-02-29 03:00:00,16.432652932918067
2012-02-29 05:00:00,17.747265267422627
2012-02-29 06:00:00,20.4848475597215
2012-02-29 07:00:00,19.50254540706965
2012-02-29 08:00:00,24.611788084707147
2012-02-29 09:00:00,26.276611699594053
2012-02-29 10:00:00,29.039676653012386
2012-02-29 11:00:00,28.975909303273315
2012-02-29 12:00:00,31.52475354178389
2012-02-29 13:00:00,38.89074665898891
2012-02-29 14:00:00,42.980225939431435
2012-02-29 15:00:00,64.4535185659718
2012-02-29 16:00:00,70.0822708046934
2012-02-29 17:00:00,71.63861534625536
2012-02-29 18:00:00,76.4985918833451
2012-02-29 19:00:00,86.59730039533952
2012-02-29 20:00:00,99.5175125501807
2012-02-29 21:00:00,109.98207907505812
2012-02-29 22:00:00,113.0080310167431
2012-02-29 23:00:00,124.89116623702714
2012-03-20 00:00:00,21.36087071825914
2012-03-20 01:00:00,19.20831702398493
2012-03-20 02:00:00,21.55991130088219
2012-03-20 03:00:00,23.321738320974216
2012-03-20 04:00:00,25.105675219557146
2012-03-20 05:00:00,24.816253590225642
2012-03-20 06:00:00,28.21639741445527
2012-03-20 07:00:00,31.32120119794033
2012-03-20 08:00:00,37.258167332542456
2012-03-20 09:00:00,43.7157896992864
2012-03-20 10:00:00,48.851064653489956
2012-03-20 11:00:00,63.49457624958688
2012-03-20 12:00:00,82.57802969680706
2012-03-20 13:00:00,90.32319132807807
2012-03-20 14:00:00,108.30083055309159
2012-03-20 15:00:00,132.02266198299762
2012-03-20 16:00:00,156.60326402239525
2012-03-20 17:00:00,147.81289337720304
2012-03-20 18:00:00,175.06428596689253
2012-03-20 19:00:00,163.7019519504698
2012-03-20 20:00:00,193.23470541057137
2012-03-20 21:00:00,185.90735302354898
2012-03-20 22:00:00,184.37061519793295
2012-03-20 23:00:00,177.51889757361604
2012-03-21 00:00:00,19.314482241527976
2012-03-21 01:00:00,23.335101161468025
2012-03-21 02:00:00,22.97822468655697
2012-03-21 03:00:00,25.506643814508582
2012-03-21 04:00:00,27.898963899402354
2012-03-21 05:00:00,30.83262407859176
2012-03-21 06:00:00,30.154579885735334
2012-03-21 07:00:00,32.95754745876127
2012-03-21 08:00:00,35.863244266619496
2012-03-21 09:00:00,46.23253701938833
2012-03-21 10:00:00,57.78909218919446
2012-03-21 11:00:00,63.86578948728219
2012-03-21 12:00:00,78.74396727209984
2012-03-21 13:00:00,79.66672231546387
2012-03-21 14:00:00,99.56814831999142
2012-03-21 15:00:00,110.03803934874907
2012-03-21 16:00:00,138.36116573701017
2012-03-21 17:00:00,179.788814172001
2012-03-21 18:00:00,195.63647949825716
2012-03-21 19:00:00,237.21945817497368
2012-03-21 20:00:00,185.3375309541568
2012-03-21 21:00:00,181.58699957984527
2012-03-21 22:00:00,192.96922410837269
2012-03-21 23:00:00,237.9233450286878
2012-03-22 00:00:00,21.55993095987109
2012-03-22 01:00:00,23.827022711059797
2012-03-22 02:00:00,26.332505995963274
2012-03-22 03:00:00,29.101448403185753
2012-03-22 04:00:00,22.548125651728867
2012-03-22 05:00:00,24.919129054520226
2012-03-22 06:00:00,27.539450614522465
2012-03-22 07:00:00,30.43530688774804
2012-03-22 08:00:00,38.602457963088696
2012-03-22 09:00:00,42.6616228178657
2012-03-22 10:00:00,43.16154971991329
2012-03-22 11:00:00,53.90806289194653
2012-03-22 12:00:00,70.71778776705467
2012-03-22 13:00:00,98.7582404771605
2012-03-22 14:00:00,128.55837804385598
2012-03-22 15:00:00,160.81718766163212
2012-03-22 16:00:00,194.32457272360236
2012-03-22 17:00:00,224.47199722038698
2012-03-22 18:00:00,248.07590458996037
2012-03-22 19:00:00,282.6436510567715
2012-03-22 20:00:00,249.0551374293456
2012-03-22 21:00:00,222.6180312831689
2012-03-22 22:00:00,218.64879433120953
2012-03-22 23:00:00,237.31311521132764
2012-03-23 00:00:00,26.817636773099096
2012-03-23 01:00:00,26.20727399339946
2012-03-23 02:00:00,29.415721430986117
2012-03-23 03:00:00,31.01809923491565
2012-03-23 04:00:00,29.688950501223662
2012-03-23 05:00:00,32.22270401547386
2012-03-23 06:00:00,38.89978043574816
2012-03-23 07:00:00,40.87859365332641
2012-03-23 08:00:00,44.516864415213625
2012-03-23 09:00:00,54.40875852483503
2012-03-23 10:00:00,68.54215034623084
2012-03-23 11:00:00,111.68815132358709
2012-03-23 12:00:00,165.99278548366078
2012-03-23 13:00:00,235.91698897267378
2012-03-23 14:00:00,298.94915944110625
2012-03-23 15:00:00,332.09307452771463
2012-03-23 16:00:00,368.91797675655306
2012-03-23 17:00:00,407.7108144296757
2012-03-23 18:00:00,412.7759483809658
2012-03-23 19:00:00,393.28144557341193
2012-03-23 20:00:00,449.5930534116411
2012-03-23 21:00:00,425.83742798846487
2012-03-23 22:00:00,392.95732328684426
2012-03-23 23:00:00,393.76957410468424
2012-03-24 00:00:00,35.57743321935365
2012-03-24 01:00:00,35.30665174962815
2012-03-24 02:00:00,35.10522056082988
2012-03-24 03:00:00,38.79664035736126
2012-03-24 04:00:00,37.25863770683013
2012-03-24 05:00:00,41.465208367315114
2012-03-24 06:00:00,45.82540005929369
2012-03-24 07:00:00,44.54565596827997
2012-03-24 08:00:00,45.535768681308475
2012-03-24 09:00:00,61.53552606144004
2012-03-24 10:00:00,63.83619956903905
2012-03-24 11:00:00,61.46387134749999
2012-03-24 12:00:00,71.32199099656357
2012-03-24 13:00:00,79.22932218898876
2012-03-24 14:00:00,97.39269532513106
2012-03-24 15:00:00,94.74731858473635
2012-03-24 16:00:00,102.56850601869759
2012-03-24 17:00:00,122.23385464968229
2012-03-24 18:00:00,112.019154223571
2012-03-24 19:00:00,121.89319491092489
2012-03-24 20:00:00,118.59726354081835
2012-03-24 21:00:00,131.0681234145066
2012-03-24 22:00:00,146.35486045901328
2012-03-24 23:00:00,178.6541574137088
2012-03-25 00:00:00,16.65199129428134
2012-03-25 01:00:00,15.950396238033504
2012-03-25 02:00:00,17.65990192431518
2012-03-25 03:00:00,21.3193252510036
2012-03-25 04:00:00,23.82410954712953
2012-03-25 05:00:00,22.646913566560563
2012-03-25 06:00:00,25.028304816476705
2012-03-25 07:00:00,30.607778565328093
2012-03-25 08:00:00,33.826278774666484
2012-03-25 09:00:00,36.9029792863268
2012-03-25 10:00:00,45.7989579921521
2012-03-25 11:00:00,45.071940403464055
2012-03-25 12:00:00,49.55512763791991
2012-03-25 13:00:00,62.206850953749345
2012-03-25 14:00:00,72.23828062166243
2012-03-25 15:00:00,80.24719907255596
2012-03-25 16:00:00,111.97810425764055
2012-03-25 17:00:00,142.13853459385138
2012-03-25 18:00:00,157.08483010395992
2012-03-25 19:00:00,178.6043675226054
2012-03-25 20:00:00,173.64142866688258
2012-03-25 21:00:00,189.92761199975803
2012-03-25 22:00:00,184.62359416548796
2012-03-25 23:00:00,214.3958551224914
2012-03-26 00:00:00,19.657807683876776
2012-03-26 01:00:00,22.195168305016743
2012-03-26 02:00:00,21.260391651474748
2012-03-26 03:00:00,25.533411375712287
2012-03-26 04:00:00,26.720161606567537
2012-03-26 05:00:00,31.785603083800883
2012-03-26 06:00:00,31.218871855547174
2012-03-26 07:00:00,42.00338718470445
2012-03-26 08:00:00,54.062016143383694
2012-03-26 09:00:00,79.09723450410202
2012-03-26 10:00:00,119.48477882116335
2012-03-26 11:00:00,135.28568778113964
2012-03-26 12:00:00,143.68089556377052
2012-03-26 13:00:00,173.27644984694888
2012-03-26 14:00:00,173.23520805866752
2012-03-26 15:00:00,208.9147771982927
2012-03-26 16:00:00,246.1582123617683
2012-03-26 17:00:00,254.06261435080134
2012-03-26 18:00:00,259.4917083397807
2012-03-26 19:00:00,276.75244769833193
2012-03-26 20:00:00,290.81521554384204
2012-03-26 21:00:00,308.80119602096966
2012-03-26 22:00:00,299.69625433126964
2012-03-26 23:00:00,312.1986562777944
2012-03-27 00:00:00,29.00858079300836
2012-03-27 01:00:00,30.19635126711501
2012-03-27 02:00:00,27.179750980780373
2012-03-27 03:00:00,30.193640005400425
2012-03-27 04:00:00,30.99442610596985
2012-03-27 05:00:00,30.474155837095
2012-03-27 06:00:00,33.800875570216554
2012-03-27 07:00:00,37.35513955792704
2012-03-27 08:00:00,41.24002858663539
2012-03-27 09:00:00,46.34459296844626
2012-03-27 10:00:00,57.625094373153715
2012-03-27 11:00:00,75.22026917422895
2012-03-27 12:00:00,87.35023280771686
2012-03-27 13:00:00,109.86961275336208
2012-03-27 14:00:00,148.97010758624876
2012-03-27 15:00:00,179.24765142391504
2012-03-27 16:00:00,198.09608246571543
2012-03-27 17:00:00,243.99461451788125
2012-03-27 18:00:00,256.8250210465537
2012-03-27 19:00:00,279.4631200834643
2012-03-27 20:00:00,313.67662629389986
2012-03-27 21:00:00,217.10104043103948
2012-03-27 22:00:00,238.6913778417368
2012-03-27 23:00:00,266.5304300292636
2012-03-28 00:00:00,26.14539628410876
2012-03-28 01:00:00,26.520085594322136
2012-03-28 02:00:00,26.185131320236366
2012-03-28 03:00:00,32.24640490981169
2012-03-28 04:00:00,37.41308648217458
2012-03-28 05:00:00,41.34718533936104
2012-03-28 06:00:00,44.174805082038745
2012-03-28 07:00:00,48.568756628290586
2012-03-28 08:00:00,60.02666201831984
2012-03-28 09:00:00,73.99289108888202
2012-03-28 10:00:00,97.17697815943762
2012-03-28 11:00:00,116.22801408743406
2012-03-28 12:00:00,146.59101097770576
2012-03-28 13:00:00,160.59789258044944
2012-03-28 14:00:00,235.86032288591645
2012-03-28 15:00:00,245.37767427883566
2012-03-28 16:00:00,252.46060287168726
2012-03-28 17:00:00,214.1466285379789
2012-03-28 18:00:00,236.66479225598684
2012-03-28 19:00:00,281.2794997636632
2012-03-28 20:00:00,316.53065069928465
2012-03-28 21:00:00,288.6132310190329
2012-03-28 22:00:00,280.33763030466474
2012-03-28 23:00:00,278.02031776470204
2012-03-29 00:00:00,28.767941267827485
2012-03-29 01:00:00,37.19169625379783
2012-03-29 02:00:00,79.18523094853612
2012-03-29 03:00:00,78.0502419938927
2012-03-29 04:00:00,66.0968374388681
2012-03-29 05:00:00,60.57760802215397
2012-03-29 06:00:00,49.60239333319674
2012-03-29 07:00:00,62.79580921754237
2012-03-29 08:00:00,74.37310271931761
2012-03-29 09:00:00,85.10425828013291
2012-03-29 10:00:00,91.30789109191247
2012-03-29 11:00:00,114.13782698645446
2012-03-29 12:00:00,133.54913538149017
2012-03-29 13:00:00,126.1774125599735
2012-03-29 14:00:00,159.36412435126485
2012-03-29 15:00:00,193.4198855096541
2012-03-29 16:00:00,222.2618081207842
2012-03-29 17:00:00,240.9835105013685
2012-03-29 18:00:00,245.90872302581104
2012-03-29 19:00:00,258.00267414806154
2012-03-29 20:00:00,276.0919072314113
2012-03-29 21:00:00,265.1802615728673
2012-03-29 22:00:00,278.9053448352463
2012-03-29 23:00:00,295.6772478254065
2012-03-30 00:00:00,32.29979808108645
2012-03-30 01:00:00,32.42007667168966
2012-03-30 02:00:00,30.892309832886763
2012-03-30 03:00:00,28.61421574265313
2012-03-30 04:00:00,35.983515569042915
2012-03-30 05:00:00,33.640999750685424
2012-03-30 06:00:00,39.73988268170749
2012-03-30 07:00:00,43.31538211090232
2012-03-30 08:00:00,41.92957210700055
2012-03-30 09:00:00,55.58262859108305
2012-03-30 10:00:00,64.72347353622303
2012-03-30 11:00:00,75.94745376953776
2012-03-30 12:00:00,86.89483126043567
2012-03-30 13:00:00,106.39594468716213
2012-03-30 14:00:00,110.85934748057085
2012-03-30 15:00:00,128.72023871742712
2012-03-30 16:00:00,126.41105250557722
2012-03-30 17:00:00,139.08907774587547
2012-03-30 18:00:00,181.82078246990585
2012-03-30 19:00:00,170.88780687432018
2012-03-30 20:00:00,186.91572240965792
2012-03-30 21:00:00,184.39057543208597
2012-03-30 22:00:00,174.35087278106226
2012-03-30 23:00:00,194.56608118602367
2012-03-31 00:00:00,18.25557315423479
2012-03-31 01:00:00,23.020470119491435
2012-03-31 02:00:00,26.61230977192867
2012-03-31 03:00:00,26.161168486344838
2012-03-31 04:00:00,33.639036719356184
2012-03-31 05:00:00,31.78790412411548
2012-03-31 06:00:00,27.998325955034773
2012-03-31 07:00:00,30.942434353985412
2012-03-31 08:00:00,34.37296220266292
2012-03-31 09:00:00,51.226359411130645
2012-03-31 10:00:00,56.03098401742745
2012-03-31 11:00:00,76.63197826515497
2012-03-31 12:00:00,93.58642064229052
2012-03-31 13:00:00,136.12966958989287
2012-03-31 14:00:00,132.3068631839474
2012-03-31 15:00:00,163.8077001603784
2012-03-31 16:00:00,162.852646235027
2012-03-31 17:00:00,165.85878947594134
2012-03-31 18:00:00,154.5352161143512
2012-03-31 19:00:00,165.49698520531993
2012-03-31 20:00:00,169.51645446334007
2012-03-31 21:00:00,187.34162080176216
2012-03-31 22:00:00,194.50676389119144
2012-03-31 23:00:00,180.43094317054764
2012-04-20 00:00:00,28.356897173909346
2012-04-20 01:00:00,24.288192045438198
2012-04-20 02:00:00,23.388519980398314
2012-04-20 03:00:00,25.450565037986653
2012-04-20 04:00:00,24.504752253056793
2012-04-20 05:00:00,26.596069092783207
2012-04-20 06:00:00,32.10721383489206
2012-04-20 07:00:00,32.483459717857784
2012-04-20 08:00:00,37.72171782824585
2012-04-20 09:00:00,48.591910812125896
2012-04-20 10:00:00,70.97816111811136
2012-04-20 11:00:00,98.37047330803884
2012-04-20 12:00:00,150.4502822641215
2012-04-20 13:00:00,225.1801873557792
2012-04-20 14:00:00,254.0996450765323
2012-04-20 15:00:00,267.2991068521662
2012-04-20 16:00:00,318.2723960119732
2012-04-20 17:00:00,331.5717912333713
2012-04-20 18:00:00,340.11120138561375
2012-04-20 19:00:00,343.5018287423259
2012-04-20 20:00:00,318.67710549988186
2012-04-20 21:00:00,279.4431125215103
2012-04-20 22:00:00,300.0813663355578
2012-04-20 23:00:00,291.4769320868333
2012-04-21 00:00:00,27.925143954830133
2012-04-21 01:00:00,30.861557045789827
2012-04-21 02:00:00,33.58187994107821
2012-04-21 03:00:00,33.3262867185283
2012-04-21 04:00:00,37.02110766806995
2012-04-21 05:00:00,40.91398877099962
2012-04-21 06:00:00,44.98359550474296
2012-04-21 07:00:00,50.23012210391263
2012-04-21 08:00:00,58.88973820796121
2012-04-21 09:00:00,71.41940905482446
2012-04-21 10:00:00,119.84416144520102
2012-04-21 11:00:00,143.80896739741476
2012-04-21 12:00:00,173.93235604547212
2012-04-21 13:00:00,207.10083304998298
2012-04-21 14:00:00,285.9831813127415
2012-04-21 15:00:00,360.8528836448882
2012-04-21 16:00:00,367.90383709510087
2012-04-21 17:00:00,527.7721317082244
2012-04-21 18:00:00,414.1662422767288
2012-04-21 19:00:00,226.25571575825947
2012-04-21 20:00:00,182.56990585370468
2012-04-21 21:00:00,204.9211792736067
2012-04-21 22:00:00,214.7673990312123
2012-04-21 23:00:00,223.97046026932352
2012-04-22 00:00:00,20.554577238911207
2012-04-22 01:00:00,23.250581791767846
2012-04-22 02:00:00,29.716644192482512
2012-04-22 03:00:00,26.271423951213755
2012-04-22 04:00:00,31.25179654431031
2012-04-22 05:00:00,34.89675600123665
2012-04-22 06:00:00,42.269947542102464
2012-04-22 07:00:00,41.48516497757146
2012-04-22 08:00:00,39.608765210898895
2012-04-22 09:00:00,43.773746307152656
2012-04-22 10:00:00,46.638499153995646
2012-04-22 11:00:00,47.63766109147946
2012-04-22 12:00:00,52.92007239921026
2012-04-22 13:00:00,63.27787327653249
2012-04-22 14:00:00,64.63462829972558
2012-04-22 15:00:00,72.17309410702642
2012-04-22 16:00:00,80.5907862396387
2012-04-22 17:00:00,71.90612657898266
2012-04-22 18:00:00,79.46727261096967
2012-04-22 19:00:00,97.18095578478356
2012-04-22 20:00:00,98.41016898543508
2012-04-22 21:00:00,118.19118207506641
2012-04-22 22:00:00,122.48621212706696
2012-04-22 23:00:00,156.72775667348245
2012-04-23 00:00:00,14.543772078286036
2012-04-23 01:00:00,13.598401558212991
2012-04-23 02:00:00,14.589679534215522
2012-04-23 03:00:00,17.47685566689742
2012-04-23 04:00:00,18.275126182356217
2012-04-23 05:00:00,20.196810806350044
2012-04-23 06:00:00,22.08459160300974
2012-04-23 07:00:00,24.54030956664648
2012-04-23 08:00:00,29.61723694009805
2012-04-23 09:00:00,33.071554445326164
2012-04-23 10:00:00,41.69841322640274
2012-04-23 11:00:00,45.44934001540413
2012-04-23 12:00:00,51.69339840421093
2012-04-23 13:00:00,61.81217792744054
2012-04-23 14:00:00,76.92474322396504
2012-04-23 15:00:00,86.26377618920446
2012-04-23 16:00:00,60.28759163762783
2012-04-23 17:00:00,65.31553465987545
2012-04-23 18:00:00,78.80738176466772
2012-04-23 19:00:00,96.87461392178659
2012-04-23 20:00:00,102.78910073131992
2012-04-23 21:00:00,104.61141524758615
2012-04-23 22:00:00,126.94195561729276
2012-04-23 23:00:00,139.56853769576418
2012-04-24 00:00:00,13.674393392049584
2012-04-24 01:00:00,14.039819365283035
2012-04-24 02:00:00,15.473564927678352
2012-04-24 03:00:00,16.863638574476486
2012-04-24 04:00:00,20.74940866515091
2012-04-24 05:00:00,22.931271553040624
2012-04-24 06:00:00,25.474058192372354
2012-04-24 07:00:00,31.69826418487681
2012-04-24 08:00:00,39.41722446021952
2012-04-24 09:00:00,66.95151778418882
2012-04-24 10:00:00,76.93913330119113
2012-04-24 11:00:00,120.66032777894492
2012-04-24 12:00:00,144.30496351955898
2012-04-24 13:00:00,167.55438106473312
2012-04-24 14:00:00,196.40537587445277
2012-04-24 15:00:00,224.7001891913528
2012-04-24 16:00:00,238.88851091444212
2012-04-24 17:00:00,291.14461234886136
2012-04-24 18:00:00,303.6868943790353
2012-04-24 19:00:00,350.6865586900452
2012-04-24 20:00:00,357.53886530309757
2012-04-24 21:00:00,327.76773309088776
2012-04-24 22:00:00,309.64603596815857
2012-04-24 23:00:00,310.7991016529238
2012-04-25 00:00:00,33.08681346962139
2012-04-25 01:00:00,33.29578112068167
2012-04-25 02:00:00,23.287935885682717
2012-04-25 03:00:00,20.647636238318032
2012-04-25 04:00:00,25.4316591321071
2012-04-25 05:00:00,28.20436296807638
2012-04-25 06:00:00,31.17013678022225
2012-04-25 07:00:00,32.003108104226634
2012-04-25 08:00:00,34.40159085843885
2012-04-25 09:00:00,61.18559803761983
2012-04-25 10:00:00,116.2443879333038
2012-04-25 11:00:00,135.418294208619
2012-04-25 12:00:00,171.16091126143743
2012-04-25 13:00:00,202.5718236810215
2012-04-25 14:00:00,243.03675992188434
2012-04-25 15:00:00,285.2328401620174
2012-04-25 16:00:00,348.8082189693771
2012-04-25 17:00:00,383.49661624385004
2012-04-25 18:00:00,422.73082253799845
2012-04-25 19:00:00,459.9928548258705
2012-04-25 20:00:00,422.68394571877053
2012-04-25 21:00:00,274.1735900282152
2012-04-25 22:00:00,285.91682185655907
2012-04-25 23:00:00,319.0245757617834
2012-04-26 00:00:00,25.659954081275504
2012-04-26 01:00:00,35.91868405823766
2012-04-26 02:00:00,35.90098111695948
2012-04-26 03:00:00,39.57388575194978
2012-04-26 04:00:00,41.23404481845039
2012-04-26 05:00:00,43.29754632622734
2012-04-26 06:00:00,48.84959975611303
2012-04-26 07:00:00,39.31666285479166
2012-04-26 08:00:00,42.23340812220193
2012-04-26 09:00:00,42.50849389990166
2012-04-26 10:00:00,43.262199801613946
2012-04-26 11:00:00,48.307956581412256
2012-04-26 12:00:00,71.69736627567042
2012-04-26 13:00:00,76.92371032630372
2012-04-26 14:00:00,101.555911808158
2012-04-26 15:00:00,100.08314865746289
2012-04-26 16:00:00,108.62457654045996
2012-04-26 17:00:00,137.18467609464489
2012-04-26 18:00:00,151.49380080357983
2012-04-26 19:00:00,168.29253835870875
2012-04-26 20:00:00,186.12851414313565
2012-04-26 21:00:00,180.14133796915678
2012-04-26 22:00:00,197.03716103695376
2012-04-26 23:00:00,192.52840871138326
2012-04-27 00:00:00,35.02549011673354
2012-04-27 01:00:00,39.30877100815132
2012-04-27 02:00:00,41.13506490700585
2012-04-27 03:00:00,49.77473126149511
2012-04-27 04:00:00,52.49951862962888
2012-04-27 05:00:00,59.0789830300402
2012-04-27 06:00:00,61.93581179270493
2012-04-27 07:00:00,59.06748986290609
2012-04-27 08:00:00,65.30695814094157
2012-04-27 09:00:00,90.20238249184833
2012-04-27 10:00:00,112.95416694904318
2012-04-27 11:00:00,122.91275269480589
2012-04-27 12:00:00,147.74034805573697
2012-04-27 13:00:00,171.5341104119748
2012-04-27 14:00:00,187.62264407274327
2012-04-27 15:00:00,262.47255379570544
2012-04-27 16:00:00,278.32722363206636
2012-04-27 17:00:00,356.08747359724566
2012-04-27 18:00:00,367.1393713341519
2012-04-27 19:00:00,376.88304801603977
2012-04-27 20:00:00,349.3330646097734
2012-04-27 21:00:00,357.7193648268012
2012-04-27 22:00:00,346.83387640819785
2012-04-27 23:00:00,354.24541044437876
2012-04-28 00:00:00,32.24878157247408
2012-04-28 01:00:00,29.576705447417705
2012-04-28 02:00:00,36.08631252281738
2012-04-28 03:00:00,34.44519271590657
2012-04-28 04:00:00,38.398813603743605
2012-04-28 05:00:00,44.12391207146862
2012-04-28 06:00:00,47.14142448188875
2012-04-28 07:00:00,51.830457848533534
2012-04-28 08:00:00,74.61504507539883
2012-04-28 09:00:00,83.7069711126351
2012-04-28 10:00:00,91.06376354172053
2012-04-28 11:00:00,99.6048194372421
2012-04-28 12:00:00,103.43466482248908
2012-04-28 13:00:00,131.20731553859986
2012-04-28 14:00:00,153.7684637140989
2012-04-28 15:00:00,165.99064865505943
2012-04-28 16:00:00,199.23855076544535
2012-04-28 17:00:00,198.43578032624524
2012-04-28 18:00:00,185.59187832782646
2012-04-28 19:00:00,128.55924248710247
2012-04-28 20:00:00,164.05451522408546
2012-04-28 21:00:00,158.64843279828784
2012-04-28 22:00:00,174.5596114134781
2012-04-28 23:00:00,194.11216064052374
2012-04-29 00:00:00,15.427944925146988
2012-04-29 01:00:00,17.151563502506782
2012-04-29 02:00:00,17.594532603050574
2012-04-29 03:00:00,19.376415653370266
2012-04-29 04:00:00,21.19376915067519
2012-04-29 05:00:00,22.759632435270305
2012-04-29 06:00:00,24.781037086599834
2012-04-29 07:00:00,27.22504885940127
2012-04-29 08:00:00,40.814870451599795
2012-04-29 09:00:00,51.01719402135319
2012-04-29 10:00:00,62.345649406568995
2012-04-29 11:00:00,94.78789530582924
2012-04-29 12:00:00,124.24928201709875
2012-04-29 13:00:00,142.15908314541235
2012-04-29 14:00:00,200.30279479495732
2012-04-29 15:00:00,227.75897299625365
2012-04-29 16:00:00,339.43857324789354
2012-04-29 17:00:00,399.60448214827494
2012-04-29 18:00:00,433.63951112842904
2012-04-29 19:00:00,349.90708214182797
2012-04-29 20:00:00,401.048059433409
2012-04-29 21:00:00,319.6828807047151
2012-04-29 22:00:00,343.3373525783544
2012-04-29 23:00:00,293.8855727889777
2012-04-30 00:00:00,20.539964939493544
2012-04-30 01:00:00,20.0182608080555
2012-04-30 02:00:00,24.354073648721176
2012-04-30 03:00:00,23.923270249089125
2012-04-30 04:00:00,31.403424398994787
2012-04-30 05:00:00,34.70558916689463
2012-04-30 06:00:00,49.7448169272302
2012-04-30 07:00:00,52.60037887987839
2012-04-30 08:00:00,64.44182524268484
2012-04-30 09:00:00,70.79735342350907
2012-04-30 10:00:00,84.22461941653769
2012-04-30 11:00:00,92.61881235203008
2012-04-30 12:00:00,98.44197371715627
2012-04-30 13:00:00,112.36377663377851
2012-04-30 14:00:00,123.96120241439635
2012-04-30 15:00:00,143.21051104868494
2012-04-30 16:00:00,165.83957223196606
2012-04-30 17:00:00,182.33519781503557
2012-04-30 18:00:00,202.39853204311817
2012-04-30 19:00:00,201.7634823703863
2012-04-30 20:00:00,226.06821973427648
2012-04-30 21:00:00,249.83997471435663
2012-04-30 22:00:00,291.3529642069483
2012-04-30 23:00:00,325.33404240461044
2012-05-20 00:00:00,41.98607939179156
2012-05-20 01:00:00,44.010822089888876
2012-05-20 02:00:00,48.638692740714816
2012-05-20 03:00:00,48.99054527417583
2012-05-20 04:00:00,43.18196545596465
2012-05-20 05:00:00,42.93020008978999
2012-05-20 06:00:00,54.4464448716643
2012-05-20 07:00:00,59.349546406526585
2012-05-20 08:00:00,85.95757085366164
2012-05-20 09:00:00,168.72090398798625
2012-05-20 10:00:00,193.895037319116
2012-05-20 11:00:00,209.14578085164302
2012-05-20 12:00:00,242.87247105999208
2012-05-20 13:00:00,270.5434142617048
2012-05-20 14:00:00,310.58406984713287
2012-05-20 15:00:00,326.449742616166
2012-05-20 16:00:00,361.07302028015846
2012-05-20 17:00:00,379.8358960375395
2012-05-20 18:00:00,372.7846209321356
2012-05-20 19:00:00,327.1231835842994
2012-05-20 20:00:00,361.5211727293903
2012-05-20 21:00:00,336.2897538224322
2012-05-20 22:00:00,330.0399039569535
2012-05-20 23:00:00,320.37706668086287
2012-05-21 00:00:00,23.448710941980334
2012-05-21 01:00:00,26.183580938318638
2012-05-21 02:00:00,24.758632436781628
2012-05-21 03:00:00,30.300700173871334
2012-05-21 04:00:00,33.28908470718499
2012-05-21 05:00:00,36.78953234241863
2012-05-21 06:00:00,40.6580626015752
2012-05-21 07:00:00,44.93338048245848
2012-05-21 08:00:00,49.2746882431525
2012-05-21 09:00:00,54.175911739101984
2012-05-21 10:00:00,63.565734278215466
2012-05-21 11:00:00,78.28245926590617
2012-05-21 12:00:00,87.86473398956785
2012-05-21 13:00:00,96.53032952272201
2012-05-21 14:00:00,105.58410577796054
2012-05-21 15:00:00,153.03828074670326
2012-05-21 16:00:00,170.88744112660473
2012-05-21 17:00:00,210.45528444783744
2012-05-21 18:00:00,204.60338521237324
2012-05-21 19:00:00,251.3289221869111
2012-05-21 20:00:00,266.42371522943466
2012-05-21 21:00:00,283.42458127159887
2012-05-21 22:00:00,291.74950576551004
2012-05-21 23:00:00,331.116693014579
2012-05-22 00:00:00,24.56230834624387
2012-05-22 01:00:00,26.432793188705656
2012-05-22 02:00:00,29.061993527848593
2012-05-22 03:00:00,32.11794977941163
2012-05-22 04:00:00,31.708971098215166
2012-05-22 05:00:00,35.01639314237511
2012-05-22 06:00:00,38.10360774485185
2012-05-22 07:00:00,42.110316994972784
2012-05-22 08:00:00,47.056997763303684
2012-05-22 09:00:00,61.48007633616593
2012-05-22 10:00:00,74.3557971579567
2012-05-22 11:00:00,80.90996346609512
2012-05-22 12:00:00,95.66031356728247
2012-05-22 13:00:00,117.42881265469826
2012-05-22 14:00:00,132.1454941140996
2012-05-22 15:00:00,202.79836623569562
2012-05-22 16:00:00,213.87242515467435
2012-05-22 17:00:00,284.0778380277728
2012-05-22 18:00:00,262.5667262335557
2012-05-22 19:00:00,249.3103070238802
2012-05-22 20:00:00,248.52806602990665
2012-05-22 21:00:00,237.8739087448816
2012-05-22 22:00:00,280.78770065665316
2012-05-22 23:00:00,311.1146973647403
2012-05-23 00:00:00,29.894775365586923
2012-05-23 01:00:00,28.809460831497745
2012-05-23 02:00:00,31.65077296844283
2012-05-23 03:00:00,38.209412357499694
2012-05-23 04:00:00,36.76578876343326
2012-05-23 05:00:00,36.29762613459524
2012-05-23 06:00:00,39.55776090427598
2012-05-23 07:00:00,48.559540744139035
2012-05-23 08:00:00,53.665722877442484
2012-05-23 09:00:00,71.40497024953724
2012-05-23 10:00:00,80.62306792365166
2012-05-23 11:00:00,99.22525516283854
2012-05-23 12:00:00,123.37692219964045
2012-05-23 13:00:00,128.32021326469575
2012-05-23 14:00:00,170.25270676703227
2012-05-23 15:00:00,203.64565348796322
2012-05-23 16:00:00,227.2268129866181
2012-05-23 17:00:00,192.94818745276442
2012-05-23 18:00:00,213.2372711699226
2012-05-23 19:00:00,182.00030337477034
2012-05-23 20:00:00,198.557746232806
2012-05-23 21:00:00,216.05981789797016
2012-05-23 22:00:00,245.66277359065816
2012-05-23 23:00:00,258.57148500993407
2012-05-24 00:00:00,26.276354847645283
2012-05-24 01:00:00,26.47062152757519
2012-05-24 02:00:00,28.803901008164452
2012-05-24 03:00:00,32.22224358712726
2012-05-24 04:00:00,35.98038822114083
2012-05-24 05:00:00,39.76383453609153
2012-05-24 06:00:00,43.94512163947775
2012-05-24 07:00:00,53.044705623945895
2012-05-24 08:00:00,73.11452308141327
2012-05-24 09:00:00,81.22199466241585
2012-05-24 10:00:00,105.5615085637033
2012-05-24 11:00:00,122.56884864014728
2012-05-24 12:00:00,164.92172697578462
2012-05-24 13:00:00,205.24372259714704
2012-05-24 14:00:00,237.26750566550663
2012-05-24 15:00:00,263.57289510125855
2012-05-24 16:00:00,296.6049785469412
2012-05-24 17:00:00,323.5885598522271
2012-05-24 18:00:00,348.1167177212421
2012-05-24 19:00:00,328.57641633825324
2012-05-24 20:00:00,289.90541540925074
2012-05-24 21:00:00,255.16721518496473
2012-05-24 22:00:00,280.7584616028274
2012-05-24 23:00:00,311.88560920413727
2012-05-25 00:00:00,31.84061861943017
2012-05-25 01:00:00,34.917553394803555
2012-05-25 02:00:00,37.77093661090026
2012-05-25 03:00:00,38.73980105726726
2012-05-25 04:00:00,42.0459841797107
2012-05-25 05:00:00,47.19349895885857
2012-05-25 06:00:00,52.290720397765334
2012-05-25 07:00:00,58.389491569307076
2012-05-25 08:00:00,66.12754947855625
2012-05-25 09:00:00,73.45898298684993
2012-05-25 10:00:00,109.08083650353396
2012-05-25 11:00:00,119.92874428175801
2012-05-25 12:00:00,179.65455742228434
2012-05-25 13:00:00,218.20945594604802
2012-05-25 14:00:00,255.7826894295637
2012-05-25 15:00:00,288.38140187860125
2012-05-25 16:00:00,382.6245646246312
2012-05-25 17:00:00,357.72337253697646
2012-05-25 18:00:00,389.25525795183995
2012-05-25 19:00:00,405.86663938798205
2012-05-25 20:00:00,382.7699099192873
2012-05-25 21:00:00,420.8357408771299
2012-05-25 22:00:00,367.10639641813316
2012-05-25 23:00:00,383.14227692346316
2012-05-26 00:00:00,33.40159520644037
2012-05-26 01:00:00,36.723328299615694
2012-05-26 02:00:00,37.153667760167465
2012-05-26 03:00:00,39.45218479689585
2012-05-26 04:00:00,43.826172217814104
2012-05-26 05:00:00,54.251196729923265
2012-05-26 06:00:00,54.08365360119176
2012-05-26 07:00:00,59.11193056632537
2012-05-26 08:00:00,81.11894961890144
2012-05-26 09:00:00,82.56747327814415
2012-05-26 10:00:00,111.57748425989875
2012-05-26 11:00:00,141.41046649209204
2012-05-26 12:00:00,195.10157275991614
2012-05-26 13:00:00,229.71893685502857
2012-05-26 14:00:00,255.19184803160022
2012-05-26 15:00:00,284.9553830173239
2012-05-26 16:00:00,379.73539999195015
2012-05-26 17:00:00,427.7623507248815
2012-05-26 18:00:00,445.3333396336869
2012-05-26 19:00:00,390.521041052298
2012-05-26 20:00:00,495.26984620185965
2012-05-26 21:00:00,478.97194644191916
2012-05-26 22:00:00,429.15655782020514
2012-05-26 23:00:00,474.2836639326333
2012-05-27 00:00:00,43.49086329618241
2012-05-27 01:00:00,43.19222598793492
2012-05-27 02:00:00,46.10729953338418
2012-05-27 03:00:00,50.43179708531955
2012-05-27 04:00:00,45.15104441880546
2012-05-27 05:00:00,49.89881288568746
2012-05-27 06:00:00,54.86211641646738
2012-05-27 07:00:00,55.26076754314981
2012-05-27 08:00:00,69.43127302331436
2012-05-27 09:00:00,82.60119456436327
2012-05-27 10:00:00,112.18999881745182
2012-05-27 11:00:00,156.13495171559904
2012-05-27 12:00:00,182.25077600994425
2012-05-27 13:00:00,235.61698212173383
2012-05-27 14:00:00,263.0974613952818
2012-05-27 15:00:00,329.11455358073636
2012-05-27 16:00:00,363.72194128563206
2012-05-27 17:00:00,421.2048133538145
2012-05-27 18:00:00,395.52499204687047
2012-05-27 19:00:00,429.2804068275726
2012-05-27 20:00:00,460.62084470579003
2012-05-27 21:00:00,350.9614086757381
2012-05-27 22:00:00,260.9406784572789
2012-05-27 23:00:00,295.16138941959355
2012-05-28 00:00:00,28.66454739287583
2012-05-28 01:00:00,34.99656035188736
2012-05-28 02:00:00,33.31832376503532
2012-05-28 03:00:00,45.218591139747204
2012-05-28 04:00:00,43.96132622176716
2012-05-28 05:00:00,48.58399223281269
2012-05-28 06:00:00,61.03574725574975
2012-05-28 07:00:00,62.022613264095796
2012-05-28 08:00:00,84.84381844125188
2012-05-28 09:00:00,116.45330943005341
2012-05-28 10:00:00,128.69872606422055
2012-05-28 11:00:00,144.83857555541508
2012-05-28 12:00:00,187.43069006639192
2012-05-28 13:00:00,244.8633115013476
2012-05-28 14:00:00,270.61142705453284
2012-05-28 15:00:00,342.64374025537415
2012-05-28 16:00:00,380.63857725151433
2012-05-28 17:00:00,418.4924507201607
2012-05-28 18:00:00,421.13553946890784
2012-05-28 19:00:00,484.35640359717434
2012-05-28 20:00:00,459.54086852067735
2012-05-28 21:00:00,454.56840179205955
2012-05-28 22:00:00,433.2214729942567
2012-05-28 23:00:00,437.8844693495256
2012-05-29 00:00:00,36.04100121158811
2012-05-29 01:00:00,39.83082116525378
2012-05-29 02:00:00,38.354616686751754
2012-05-29 03:00:00,46.13580759714027
2012-05-29 04:00:00,47.81954906801078
2012-05-29 05:00:00,52.847918845234744
2012-05-29 06:00:00,58.40503686683338
2012-05-29 07:00:00,64.54650260506422
2012-05-29 08:00:00,86.32669480054555
2012-05-29 09:00:00,107.41933449827332
2012-05-29 10:00:00,125.71273124002538
2012-05-29 11:00:00,164.21170881825532
2012-05-29 12:00:00,227.56142176838523
2012-05-29 13:00:00,279.02440461069983
2012-05-29 14:00:00,309.9593006672659
2012-05-29 15:00:00,356.1790682929643
2012-05-29 16:00:00,400.8100162632195
2012-05-29 17:00:00,448.41510781149
2012-05-29 18:00:00,457.111546235504
2012-05-29 19:00:00,440.9675993626131
2012-05-29 20:00:00,356.09321200164715
2012-05-29 21:00:00,196.25134297762517
2012-05-29 22:00:00,215.44402052706275
2012-05-29 23:00:00,209.32987224562285
2012-05-30 00:00:00,25.28251697922877
2012-05-30 01:00:00,28.377259092244127
2012-05-30 02:00:00,26.718676132279267
2012-05-30 03:00:00,33.12948140316348
2012-05-30 04:00:00,36.83072546916433
2012-05-30 05:00:00,48.99301161466814
2012-05-30 06:00:00,51.27012480524281
2012-05-30 07:00:00,57.20596152854138
2012-05-30 08:00:00,69.40971300285828
2012-05-30 09:00:00,85.93392956540161
2012-05-30 10:00:00,96.45446276489817
2012-05-30 11:00:00,120.56866398239507
2012-05-30 12:00:00,168.24326059552592
2012-05-30 13:00:00,194.330723225725
2012-05-30 14:00:00,258.70274312677196
2012-05-30 15:00:00,255.26331760168853
2012-05-30 16:00:00,283.56877602372685
2012-05-30 17:00:00,333.3129477105404
2012-05-30 18:00:00,373.14900472190396
2012-05-30 19:00:00,366.22186509384306
2012-05-30 20:00:00,230.3490437185384
2012-05-30 21:00:00,383.67295481378693
2012-05-30 22:00:00,338.18264704822786
2012-05-30 23:00:00,396.4139253515757
2012-05-31 00:00:00,36.618983810925876
2012-05-31 01:00:00,40.157678397026515
2012-05-31 02:00:00,47.072382528549
2012-05-31 03:00:00,47.57904796839291
2012-05-31 04:00:00,51.772950866176224
2012-05-31 05:00:00,59.7855169536137
2012-05-31 06:00:00,58.978862455642194
2012-05-31 07:00:00,76.6407397664799
2012-05-31 08:00:00,98.13934785984159
2012-05-31 09:00:00,133.53615179419918
2012-05-31 10:00:00,184.06826495669483
2012-05-31 11:00:00,216.16518334882085
2012-05-31 12:00:00,235.21928021618027
2012-05-31 13:00:00,273.14479843962283
2012-05-31 14:00:00,339.92643824319816
2012-05-31 15:00:00,371.4283493297814
2012-05-31 16:00:00,409.42789316886825
2012-05-31 17:00:00,456.46986667243374
2012-05-31 18:00:00,489.7355351284513
2012-05-31 19:00:00,492.46017567894995
2012-05-31 20:00:00,433.7163783584916
2012-05-31 21:00:00,479.3229633499802
2012-05-31 22:00:00,461.5100076780636
2012-05-31 23:00:00,485.86545467907166
2012-06-20 00:00:00,36.9756659815565
2012-06-20 01:00:00,38.15726316199163
2012-06-20 02:00:00,36.93373172814439
2012-06-20 03:00:00,40.60672992411623
2012-06-20 04:00:00,44.53078243424753
2012-06-20 05:00:00,49.213328483145695
2012-06-20 06:00:00,46.217662147982104
2012-06-20 07:00:00,52.83810701963092
2012-06-20 08:00:00,80.53679841601922
2012-06-20 09:00:00,100.76081245612396
2012-06-20 10:00:00,202.9625613807338
2012-06-20 11:00:00,248.8938420361072
2012-06-20 12:00:00,296.09848542233755
2012-06-20 13:00:00,332.1221883117186
2012-06-20 14:00:00,421.5694164625274
2012-06-20 15:00:00,502.10026294612976
2012-06-20 16:00:00,565.0256171536025
2012-06-20 17:00:00,595.4532771091112
2012-06-20 18:00:00,658.0669846977387
2012-06-20 19:00:00,709.580990069881
2012-06-20 20:00:00,720.9247908791481
2012-06-20 21:00:00,688.3288289006617
2012-06-20 22:00:00,718.3782027565471
2012-06-20 23:00:00,605.2737099433067
2012-06-21 00:00:00,40.01366819938043
2012-06-21 01:00:00,37.86596904281542
2012-06-21 02:00:00,41.632397279839026
2012-06-21 03:00:00,48.6370827514004
2012-06-21 04:00:00,43.99730218491622
2012-06-21 05:00:00,48.74931245960507
2012-06-21 06:00:00,53.419233299002
2012-06-21 07:00:00,59.036426758127845
2012-06-21 08:00:00,87.6702870365283
2012-06-21 09:00:00,147.73547985471063
2012-06-21 10:00:00,193.86576639254898
2012-06-21 11:00:00,249.7535236004217
2012-06-21 12:00:00,336.3127434874296
2012-06-21 13:00:00,359.4038585420855
2012-06-21 14:00:00,370.50945469211695
2012-06-21 15:00:00,488.66381811140036
2012-06-21 16:00:00,496.5298018856332
2012-06-21 17:00:00,486.09773963918354
2012-06-21 18:00:00,508.10816112076947
2012-06-21 19:00:00,610.7533535735821
2012-06-21 20:00:00,593.771869948549
2012-06-21 21:00:00,538.501907270609
2012-06-21 22:00:00,497.90821487542894
2012-06-21 23:00:00,565.2363577724822
2012-06-22 00:00:00,48.8726494418528
2012-06-22 01:00:00,51.979804548706326
2012-06-22 02:00:00,49.15613772511899
2012-06-22 03:00:00,54.32505382992178
2012-06-22 04:00:00,75.94084558346982
2012-06-22 05:00:00,79.5924517463462
2012-06-22 06:00:00,86.60820822475304
2012-06-22 07:00:00,109.32987879164594
2012-06-22 08:00:00,132.0084833371178
2012-06-22 09:00:00,144.4882559120069
2012-06-22 10:00:00,197.09333525082158
2012-06-22 11:00:00,220.13683989652108
2012-06-22 12:00:00,272.35510858154584
2012-06-22 13:00:00,383.60202106491886
2012-06-22 14:00:00,423.9389302746131
2012-06-22 15:00:00,534.4449762058973
2012-06-22 16:00:00,600.476673311099
2012-06-22 17:00:00,474.1644016691156
2012-06-22 18:00:00,413.29752568758477
2012-06-22 19:00:00,421.5495996668342
2012-06-22 20:00:00,465.8768111917869
2012-06-22 21:00:00,347.7875127548879
2012-06-22 22:00:00,357.3425858301646
2012-06-22 23:00:00,339.1274052469777
2012-06-23 00:00:00,27.797215760573653
2012-06-23 01:00:00,36.24509313157021
2012-06-23 02:00:00,34.902449119108454
2012-06-23 03:00:00,37.881795572189056
2012-06-23 04:00:00,42.40925656184448
2012-06-23 05:00:00,47.11108880984206
2012-06-23 06:00:00,51.43645362868045
2012-06-23 07:00:00,57.583906085264566
2012-06-23 08:00:00,90.62472168592221
2012-06-23 09:00:00,124.27717317399039
2012-06-23 10:00:00,156.9524148650481
2012-06-23 11:00:00,199.2471987944091
2012-06-23 12:00:00,265.3407698387305
2012-06-23 13:00:00,345.1184726689724
2012-06-23 14:00:00,347.53943884729733
2012-06-23 15:00:00,471.72483372239105
2012-06-23 16:00:00,539.6716963099053
2012-06-23 17:00:00,574.0989573332178
2012-06-23 18:00:00,639.4061248275299
2012-06-23 19:00:00,650.8756590494421
2012-06-23 20:00:00,645.4141799935182
2012-06-23 21:00:00,652.4294698567192
2012-06-23 22:00:00,643.6265825809031
2012-06-23 23:00:00,611.2894297438542
2012-06-24 00:00:00,49.85924654561285
2012-06-24 01:00:00,50.66367165041125
2012-06-24 02:00:00,57.61893263993927
2012-06-24 03:00:00,50.084460296559264
2012-06-24 04:00:00,54.49920527655945
2012-06-24 05:00:00,53.98289856015643
2012-06-24 06:00:00,65.56907313404928
2012-06-24 07:00:00,67.61742563139325
2012-06-24 08:00:00,100.08487880976598
2012-06-24 09:00:00,128.8410331597192
2012-06-24 10:00:00,181.32517705029278
2012-06-24 11:00:00,205.10482118517416
2012-06-24 12:00:00,276.4359473838861
2012-06-24 13:00:00,308.6772241124949
2012-06-24 14:00:00,394.62744650285896
2012-06-24 15:00:00,465.8452811430826
2012-06-24 16:00:00,478.2604766284748
2012-06-24 17:00:00,513.2149752664681
2012-06-24 18:00:00,534.2400874206069
2012-06-24 19:00:00,533.8811239329854
2012-06-24 20:00:00,495.33260098368305
2012-06-24 21:00:00,462.74043265747514
2012-06-24 22:00:00,476.7358147027823
2012-06-24 23:00:00,504.10245786324367
2012-06-25 00:00:00,43.41158907451604
2012-06-25 01:00:00,42.642774025786586
2012-06-25 02:00:00,43.782332962917025
2012-06-25 03:00:00,46.978924339937194
2012-06-25 04:00:00,42.463926406581315
2012-06-25 05:00:00,49.95102870271212
2012-06-25 06:00:00,48.59935203500364
2012-06-25 07:00:00,61.64202796343167
2012-06-25 08:00:00,72.94922918555099
2012-06-25 09:00:00,94.40112424212543
2012-06-25 10:00:00,139.49642634218785
2012-06-25 11:00:00,208.93577728299266
2012-06-25 12:00:00,197.04202436922054
2012-06-25 13:00:00,185.15777803575116
2012-06-25 14:00:00,259.9582735946913
2012-06-25 15:00:00,314.55491644582406
2012-06-25 16:00:00,399.7371560867857
2012-06-25 17:00:00,486.6896089273411
2012-06-25 18:00:00,473.9399230803797
2012-06-25 19:00:00,499.75709757741924
2012-06-25 20:00:00,511.30765647871016
2012-06-25 21:00:00,501.38405872588766
2012-06-25 22:00:00,551.1587508769411
2012-06-25 23:00:00,551.3642699243455
2012-06-26 00:00:00,51.99096328778963
2012-06-26 01:00:00,54.68304274822561
2012-06-26 02:00:00,44.277545924335904
2012-06-26 03:00:00,45.22371802855847
2012-06-26 04:00:00,50.1081896224786
2012-06-26 05:00:00,51.21276438262664
2012-06-26 06:00:00,52.54001834359213
2012-06-26 07:00:00,58.667865632532184
2012-06-26 08:00:00,74.42569279448144
2012-06-26 09:00:00,91.74051461591878
2012-06-26 10:00:00,126.25300483374185
2012-06-26 11:00:00,156.42941807982038
2012-06-26 12:00:00,184.49036475497883
2012-06-26 13:00:00,234.8528058874512
2012-06-26 14:00:00,259.54828659014765
2012-06-26 15:00:00,310.3703812727624
2012-06-26 16:00:00,348.39820353117227
2012-06-26 17:00:00,376.14688941256213
2012-06-26 18:00:00,411.426472448106
2012-06-26 19:00:00,444.2416763113134
2012-06-26 20:00:00,458.4475723099253
2012-06-26 21:00:00,456.25118229498537
2012-06-26 22:00:00,484.84988930762165
2012-06-26 23:00:00,445.5562130783993
2012-06-27 00:00:00,46.32269510485396
2012-06-27 01:00:00,47.97233992399423
2012-06-27 02:00:00,40.52444237630572
2012-06-27 03:00:00,48.80535822094793
2012-06-27 04:00:00,68.7333076030399
2012-06-27 05:00:00,73.0559959001039
2012-06-27 06:00:00,68.12676157146223
2012-06-27 07:00:00,90.38750147377549
2012-06-27 08:00:00,102.44444189758116
2012-06-27 09:00:00,124.54715717801227
2012-06-27 10:00:00,155.30325981388677
2012-06-27 11:00:00,208.74905609626416
2012-06-27 12:00:00,244.73715670522873
2012-06-27 13:00:00,309.1123598353893
2012-06-27 14:00:00,352.08792845004865
2012-06-27 15:00:00,392.14829844396854
2012-06-27 16:00:00,458.92104490887374
2012-06-27 17:00:00,501.964184613967
2012-06-27 18:00:00,509.59884559186105
2012-06-27 19:00:00,520.4230131526474
2012-06-27 20:00:00,519.3215593379813
2012-06-27 21:00:00,509.6701151863936
2012-06-27 22:00:00,511.1856252199392
2012-06-27 23:00:00,467.2626080121834
2012-06-28 00:00:00,43.348832341331416
2012-06-28 01:00:00,44.3577358241965
2012-06-28 02:00:00,52.80830097563414
2012-06-28 03:00:00,58.361253058782516
2012-06-28 04:00:00,50.77916522116526
2012-06-28 05:00:00,60.508660008379245
2012-06-28 06:00:00,66.87132806310572
2012-06-28 07:00:00,68.54137239080566
2012-06-28 08:00:00,96.9609309755783
2012-06-28 09:00:00,112.11158233298457
2012-06-28 10:00:00,147.3601875501983
2012-06-28 11:00:00,238.04200667786333
2012-06-28 12:00:00,311.4798816991324
2012-06-28 13:00:00,364.85975243251966
2012-06-28 14:00:00,408.83023931425896
2012-06-28 15:00:00,451.81997174480347
2012-06-28 16:00:00,527.867184904221
2012-06-28 17:00:00,592.026122896143
2012-06-28 18:00:00,598.9318194418864
2012-06-28 19:00:00,604.2836609902274
2012-06-28 20:00:00,599.8396126220667
2012-06-28 21:00:00,427.59376264579123
2012-06-28 22:00:00,491.3546638516613
2012-06-28 23:00:00,535.0370768109617
2012-06-29 00:00:00,61.40700052715491
2012-06-29 01:00:00,65.26893198067343
2012-06-29 02:00:00,63.447536684587945
2012-06-29 03:00:00,70.11923648356233
2012-06-29 04:00:00,66.18448655784242
2012-06-29 05:00:00,76.78318651117007
2012-06-29 06:00:00,85.23205843788146
2012-06-29 07:00:00,93.7801574113502
2012-06-29 08:00:00,124.24581771607072
2012-06-29 09:00:00,146.64654677514645
2012-06-29 10:00:00,308.3063989184324
2012-06-29 11:00:00,329.48785558930786
2012-06-29 12:00:00,399.54253808013436
2012-06-29 13:00:00,466.71984204393823
2012-06-29 14:00:00,571.8406832356181
2012-06-29 15:00:00,607.9486171777162
2012-06-29 16:00:00,671.8762474523924
2012-06-29 17:00:00,830.8725149676278
2012-06-29 18:00:00,834.1236905759996
2012-06-29 19:00:00,700.892252057628
2012-06-29 20:00:00,885.0797321004408
2012-06-29 21:00:00,692.296500087625
2012-06-29 22:00:00,617.7433091980942
2012-06-29 23:00:00,682.700880873147
2012-06-30 00:00:00,25.872299477834936
2012-06-30 01:00:00,28.889837446266828
2012-06-30 02:00:00,30.89656129158907
2012-06-30 03:00:00,34.14542787537506
2012-06-30 04:00:00,32.73593947374193
2012-06-30 05:00:00,43.161202914805315
2012-06-30 06:00:00,47.699733547471276
2012-06-30 07:00:00,52.715504361424664
2012-06-30 08:00:00,58.25869860077448
2012-06-30 09:00:00,64.38477642906804
2012-06-30 10:00:00,317.81528048075404
2012-06-30 11:00:00,351.23451554791274
2012-06-30 12:00:00,388.1678839531056
2012-06-30 13:00:00,428.98490741317164
2012-06-30 14:00:00,474.093963967714
2012-06-30 15:00:00,523.9463738386034
2012-06-30 16:00:00,607.969916691568
2012-06-30 17:00:00,608.6516010741336
2012-06-30 18:00:00,640.9491169740927
2012-06-30 19:00:00,587.2372752740146
2012-06-30 20:00:00,561.5839892156613
2012-06-30 21:00:00,620.6362390545031
2012-06-30 22:00:00,536.2443660199382
2012-06-30 23:00:00,585.0290948565469
2012-07-20 00:00:00,26.505682725879453
2012-07-20 01:00:00,29.872251541133284
2012-07-20 02:00:00,32.5654470080517
2012-07-20 03:00:00,36.08273854860328
2012-07-20 04:00:00,40.29114042137423
2012-07-20 05:00:00,44.298027328190194
2012-07-20 06:00:00,49.21011568658469
2012-07-20 07:00:00,54.665946031676086
2012-07-20 08:00:00,71.66915147922175
2012-07-20 09:00:00,89.5042092499481
2012-07-20 10:00:00,99.42908877170932
2012-07-20 11:00:00,126.57061254921686
2012-07-20 12:00:00,106.27930159342529
2012-07-20 13:00:00,116.24745379955021
2012-07-20 14:00:00,136.98118721643732
2012-07-20 15:00:00,155.8661856547275
2012-07-20 16:00:00,164.0795660000451
2012-07-20 17:00:00,154.44419370120465
2012-07-20 18:00:00,201.42208462228947
2012-07-20 19:00:00,191.615975861903
2012-07-20 20:00:00,214.35626541200898
2012-07-20 21:00:00,227.44336070968663
2012-07-20 22:00:00,247.03929359141662
2012-07-20 23:00:00,277.2832857252881
2012-07-21 00:00:00,27.988229105938306
2012-07-21 01:00:00,30.9544769351706
2012-07-21 02:00:00,29.654464305664956
2012-07-21 03:00:00,32.60355146260176
2012-07-21 04:00:00,35.13477959873053
2012-07-21 05:00:00,38.62887499726474
2012-07-21 06:00:00,42.690817682842
2012-07-21 07:00:00,47.46025954939218
2012-07-21 08:00:00,56.457479355976794
2012-07-21 09:00:00,61.75274135861445
2012-07-21 10:00:00,63.683089591116044
2012-07-21 11:00:00,80.06465357065012
2012-07-21 12:00:00,87.50844160019685
2012-07-21 13:00:00,95.7160366080052
2012-07-21 14:00:00,98.51098811153815
2012-07-21 15:00:00,108.22656272020095
2012-07-21 16:00:00,118.37735251432044
2012-07-21 17:00:00,130.15203607332006
2012-07-21 18:00:00,145.44093959498846
2012-07-21 19:00:00,159.90756690064137
2012-07-21 20:00:00,175.67833447180675
2012-07-21 21:00:00,195.3052155894388
2012-07-21 22:00:00,213.62328963073458
2012-07-21 23:00:00,231.85460975790622
2012-07-22 00:00:00,22.005136136508636
2012-07-22 01:00:00,24.571639119721016
2012-07-22 02:00:00,26.876263209521262
2012-07-22 03:00:00,29.702383327368192
2012-07-22 04:00:00,32.42885821034061
2012-07-22 05:00:00,35.83885043554628
2012-07-22 06:00:00,46.096575823348424
2012-07-22 07:00:00,50.159804727210826
2012-07-22 08:00:00,62.690151315680524
2012-07-22 09:00:00,84.70851419546129
2012-07-22 10:00:00,86.97221177630118
2012-07-22 11:00:00,96.1176020963205
2012-07-22 12:00:00,126.65276146209693
2012-07-22 13:00:00,150.2747465387385
2012-07-22 14:00:00,176.75393158507018
2012-07-22 15:00:00,195.34014046637571
2012-07-22 16:00:00,226.8405435629034
2012-07-22 17:00:00,255.92835395373487
2012-07-22 18:00:00,279.93239564224046
2012-07-22 19:00:00,277.583490909642
2012-07-22 20:00:00,275.28894449547545
2012-07-22 21:00:00,279.7399967723929
2012-07-22 22:00:00,337.9665091102479
2012-07-22 23:00:00,322.3486430934804
2012-07-23 00:00:00,23.08629649307531
2012-07-23 01:00:00,25.97912032617275
2012-07-23 02:00:00,26.040955151851723
2012-07-23 03:00:00,28.77924010868776
2012-07-23 04:00:00,32.05249488009838
2012-07-23 05:00:00,35.42291136626156
2012-07-23 06:00:00,45.64422313229948
2012-07-23 07:00:00,58.948359386582936
2012-07-23 08:00:00,74.71094494563341
2012-07-23 09:00:00,93.30277419002157
2012-07-23 10:00:00,132.7107214644113
2012-07-23 11:00:00,180.22164760829438
2012-07-23 12:00:00,199.17249728582274
2012-07-23 13:00:00,217.8532915557571
2012-07-23 14:00:00,212.87270149669504
2012-07-23 15:00:00,265.1170247956643
2012-07-23 16:00:00,318.4240470388235
2012-07-23 17:00:00,351.907295745208
2012-07-23 18:00:00,414.6855853471275
2012-07-23 19:00:00,409.72004071400886
2012-07-23 20:00:00,348.56605737790886
2012-07-23 21:00:00,387.21090197090166
2012-07-23 22:00:00,399.5846428585107
2012-07-23 23:00:00,401.8077294903665
2012-07-24 00:00:00,32.8741986882895
2012-07-24 01:00:00,31.680717713884555
2012-07-24 02:00:00,30.823436331253248
2012-07-24 03:00:00,34.06461360496251
2012-07-24 04:00:00,37.16363532518355
2012-07-24 05:00:00,41.177562728455264
2012-07-24 06:00:00,45.74283946345902
2012-07-24 07:00:00,66.53645414595371
2012-07-24 08:00:00,86.54782956934962
2012-07-24 09:00:00,158.02414462251835
2012-07-24 10:00:00,167.47525823246636
2012-07-24 11:00:00,203.08643481692158
2012-07-24 12:00:00,200.73105586137743
2012-07-24 13:00:00,246.76192825586517
2012-07-24 14:00:00,269.2110475753087
2012-07-24 15:00:00,300.26877578204335
2012-07-24 16:00:00,289.1463575687219
2012-07-24 17:00:00,329.35177429143846
2012-07-24 18:00:00,284.5677101799798
2012-07-24 19:00:00,305.6786453829677
2012-07-24 20:00:00,303.1518602440089
2012-07-24 21:00:00,338.50906725495736
2012-07-24 22:00:00,376.03891280501847
2012-07-24 23:00:00,464.63471354604894
2012-07-25 00:00:00,45.270534392678506
2012-07-25 01:00:00,46.76015982706986
2012-07-25 02:00:00,47.305594330223975
2012-07-25 03:00:00,46.90865443998471
2012-07-25 04:00:00,49.34274236176296
2012-07-25 05:00:00,53.9706986877395
2012-07-25 06:00:00,59.954325662358166
2012-07-25 07:00:00,88.85968950691367
2012-07-25 08:00:00,118.13178960431588
2012-07-25 09:00:00,148.79141885711329
2012-07-25 10:00:00,160.97546774383824
2012-07-25 11:00:00,198.27321525043882
2012-07-25 12:00:00,219.1222416973503
2012-07-25 13:00:00,269.58237673499394
2012-07-25 14:00:00,320.7455798873281
2012-07-25 15:00:00,325.0338810834404
2012-07-25 16:00:00,393.77949024247965
2012-07-25 17:00:00,410.71918380286763
2012-07-25 18:00:00,492.76280311515865
2012-07-25 19:00:00,451.5841588731214
2012-07-25 20:00:00,430.6707533884115
2012-07-25 21:00:00,426.7303861689941
2012-07-25 22:00:00,377.7974339054585
2012-07-25 23:00:00,414.92159225815954
2012-07-26 00:00:00,35.30191306521271
2012-07-26 01:00:00,39.21644666085055
2012-07-26 02:00:00,41.072917483511176
2012-07-26 03:00:00,45.158332437817954
2012-07-26 04:00:00,46.1257839585696
2012-07-26 05:00:00,50.97604922723962
2012-07-26 06:00:00,52.655851732987095
2012-07-26 07:00:00,70.78913839068059
2012-07-26 08:00:00,77.77066571775305
2012-07-26 09:00:00,93.81886914718763
2012-07-26 10:00:00,111.30837490652668
2012-07-26 11:00:00,163.32905792719745
2012-07-26 12:00:00,227.70276823120898
2012-07-26 13:00:00,278.4786002927739
2012-07-26 14:00:00,375.3853725608868
2012-07-26 15:00:00,472.81195340072827
2012-07-26 16:00:00,569.3305886828687
2012-07-26 17:00:00,526.7032602590008
2012-07-26 18:00:00,651.5931305845777
2012-07-26 19:00:00,633.4073632772722
2012-07-26 20:00:00,570.568832805782
2012-07-26 21:00:00,564.9643079612689
2012-07-26 22:00:00,624.3720085090581
2012-07-26 23:00:00,382.62839694119015
2012-07-27 00:00:00,42.905785595280506
2012-07-27 01:00:00,48.28292230556854
2012-07-27 02:00:00,44.71567510483761
2012-07-27 03:00:00,53.46859272267722
2012-07-27 04:00:00,53.35919538155074
2012-07-27 05:00:00,54.785133289304234
2012-07-27 06:00:00,65.17095694507097
2012-07-27 07:00:00,89.34201648639737
2012-07-27 08:00:00,115.73735291249918
2012-07-27 09:00:00,197.0536182619677
2012-07-27 10:00:00,220.1272681381677
2012-07-27 11:00:00,257.50289802847266
2012-07-27 12:00:00,283.1171080691023
2012-07-27 13:00:00,312.07524929064624
2012-07-27 14:00:00,370.30789758763433
2012-07-27 15:00:00,432.9981313063338
2012-07-27 16:00:00,416.90673342070613
2012-07-27 17:00:00,534.3410058069428
2012-07-27 18:00:00,486.7856495576198
2012-07-27 19:00:00,504.53572617729554
2012-07-27 20:00:00,448.6123120403206
2012-07-27 21:00:00,495.7852493749213
2012-07-27 22:00:00,550.7520010366278
2012-07-27 23:00:00,510.59257833515824
2012-07-28 00:00:00,51.55842823150888
2012-07-28 01:00:00,48.75441647576587
2012-07-28 02:00:00,53.051923409348916
2012-07-28 03:00:00,58.63049312600952
2012-07-28 04:00:00,55.864089309981516
2012-07-28 05:00:00,57.3526997770259
2012-07-28 06:00:00,75.24625010356625
2012-07-28 07:00:00,89.5176236183494
2012-07-28 08:00:00,110.8308042067111
2012-07-28 09:00:00,151.2046320227633
2012-07-28 10:00:00,208.77488032419566
2012-07-28 11:00:00,277.23886307929405
2012-07-28 12:00:00,303.2480607725115
2012-07-28 13:00:00,362.6346521976111
2012-07-28 14:00:00,402.83075291044895
2012-07-28 15:00:00,511.38365201110145
2012-07-28 16:00:00,489.471460666844
2012-07-28 17:00:00,448.2247904635581
2012-07-28 18:00:00,515.8528212721841
2012-07-28 19:00:00,213.08336467993504
2012-07-28 20:00:00,228.58164084080389
2012-07-28 21:00:00,265.6668555993838
2012-07-28 22:00:00,293.6025265444639
2012-07-28 23:00:00,301.44857762185154
2012-07-29 00:00:00,25.430479030106294
2012-07-29 01:00:00,31.132122794757695
2012-07-29 02:00:00,40.2410940485896
2012-07-29 03:00:00,48.61792248580103
2012-07-29 04:00:00,50.8767215510883
2012-07-29 05:00:00,46.86953317005806
2012-07-29 06:00:00,58.28391345969758
2012-07-29 07:00:00,72.89976327592198
2012-07-29 08:00:00,93.85177870210781
2012-07-29 09:00:00,116.69374247916568
2012-07-29 10:00:00,127.23218917242217
2012-07-29 11:00:00,170.2602703182046
2012-07-29 12:00:00,191.59801619861778
2012-07-29 13:00:00,255.58431952200064
2012-07-29 14:00:00,288.16151570059674
2012-07-29 15:00:00,329.42163221217737
2012-07-29 16:00:00,364.0613101611189
2012-07-29 17:00:00,437.6069567488132
2012-07-29 18:00:00,462.21153078588014
2012-07-29 19:00:00,374.97729061236043
2012-07-29 20:00:00,338.384398395345
2012-07-29 21:00:00,337.2802202697899
2012-07-29 22:00:00,346.2677267774985
2012-07-29 23:00:00,375.81936315338703
2012-07-30 00:00:00,33.658336873476316
2012-07-30 01:00:00,36.62518473142447
2012-07-30 02:00:00,37.79558190650585
2012-07-30 03:00:00,34.163166379852626
2012-07-30 04:00:00,37.755526338630276
2012-07-30 05:00:00,42.48721051303743
2012-07-30 06:00:00,47.44257874405556
2012-07-30 07:00:00,62.96229953651111
2012-07-30 08:00:00,79.94291297242609
2012-07-30 09:00:00,94.868045024457345
2012-07-30 10:00:00,115.59741480207913
2012-07-30 11:00:00,163.2773286741714
2012-07-30 12:00:00,163.46323216057962
2012-07-30 13:00:00,231.422926890225
2012-07-30 14:00:00,258.4142451244297
2012-07-30 15:00:00,287.06413266245266
2012-07-30 16:00:00,318.895897398091
2012-07-30 17:00:00,288.9767515893397
2012-07-30 18:00:00,316.29046171795704
2012-07-30 19:00:00,432.0367425790744
2012-07-30 20:00:00,283.57212234827983
2012-07-30 21:00:00,311.7728983077657
2012-07-30 22:00:00,308.963987332018
2012-07-30 23:00:00,341.70860126474076
2012-07-31 00:00:00,28.51839056840341
2012-07-31 01:00:00,27.746681874247596
2012-07-31 02:00:00,30.664329139308247
2012-07-31 03:00:00,33.627592567697064
2012-07-31 04:00:00,37.16363532518355
2012-07-31 05:00:00,41.60526504803847
2012-07-31 06:00:00,39.30490495132014
2012-07-31 07:00:00,54.98471460856676
2012-07-31 08:00:00,67.96190079719047
2012-07-31 09:00:00,89.62808113820043
2012-07-31 10:00:00,103.17783364778086
2012-07-31 11:00:00,141.61786219496193
2012-07-31 12:00:00,202.28813165277944
2012-07-31 13:00:00,213.66355607069482
2012-07-31 14:00:00,236.13092326213481
2012-07-31 15:00:00,203.85804823978697
2012-07-31 16:00:00,242.69492046254638
2012-07-31 17:00:00,302.0254431515156
2012-07-31 18:00:00,307.12849793751604
2012-07-31 19:00:00,291.7027042528618
2012-07-31 20:00:00,252.2962061756729
2012-07-31 21:00:00,235.22492598325516
2012-07-31 22:00:00,282.72380141875374
2012-07-31 23:00:00,250.13732652013576
2012-08-20 00:00:00,22.085502453737682
2012-08-20 01:00:00,24.807932721086786
2012-08-20 02:00:00,27.41656165133253
2012-08-20 03:00:00,27.33533201978858
2012-08-20 04:00:00,32.86070686764681
2012-08-20 05:00:00,35.75724682882852
2012-08-20 06:00:00,44.37719918843184
2012-08-20 07:00:00,51.52694655853783
2012-08-20 08:00:00,60.979760380578824
2012-08-20 09:00:00,73.76235781986303
2012-08-20 10:00:00,82.79277616848998
2012-08-20 11:00:00,102.83368322044753
2012-08-20 12:00:00,119.8283975223149
2012-08-20 13:00:00,154.50257082267743
2012-08-20 14:00:00,191.28796637058693
2012-08-20 15:00:00,214.70283941216272
2012-08-20 16:00:00,237.27949038076204
2012-08-20 17:00:00,236.50932008370836
2012-08-20 18:00:00,157.99969958616984
2012-08-20 19:00:00,172.818813283605
2012-08-20 20:00:00,176.81751429430307
2012-08-20 21:00:00,178.11311652336516
2012-08-20 22:00:00,195.6793931950081
2012-08-20 23:00:00,216.255671431507
2012-08-21 00:00:00,21.34959634886625
2012-08-21 01:00:00,23.7778282220046
2012-08-21 02:00:00,23.8449506368433
2012-08-21 03:00:00,24.01967072223907
2012-08-21 04:00:00,26.545411526419397
2012-08-21 05:00:00,32.07126422524241
2012-08-21 06:00:00,35.53518063720965
2012-08-21 07:00:00,47.56832665420912
2012-08-21 08:00:00,52.84213502479174
2012-08-21 09:00:00,71.91350099912337
2012-08-21 10:00:00,95.65123179804395
2012-08-21 11:00:00,127.04954888050844
2012-08-21 12:00:00,165.2484323821499
2012-08-21 13:00:00,202.6405703933341
2012-08-21 14:00:00,249.78836322310892
2012-08-21 15:00:00,271.8062089994657
2012-08-21 16:00:00,300.3874514668696
2012-08-21 17:00:00,275.2400779189042
2012-08-21 18:00:00,279.4263620141652
2012-08-21 19:00:00,176.4661669095952
2012-08-21 20:00:00,203.64877636744632
2012-08-21 21:00:00,225.06305927501444
2012-08-21 22:00:00,226.69846177158377
2012-08-21 23:00:00,221.53886085479724
2012-08-22 00:00:00,23.21180183879655
2012-08-22 01:00:00,27.637539941917144
2012-08-22 02:00:00,30.54371060369202
2012-08-22 03:00:00,33.75547387367698
2012-08-22 04:00:00,31.364591100282077
2012-08-22 05:00:00,39.240716588877035
2012-08-22 06:00:00,49.04338192843742
2012-08-22 07:00:00,50.3539867251576
2012-08-22 08:00:00,63.92448664611508
2012-08-22 09:00:00,86.39003227769932
2012-08-22 10:00:00,108.05592033210094
2012-08-22 11:00:00,131.14723168941006
2012-08-22 12:00:00,163.07993204639752
2012-08-22 13:00:00,201.51700240909952
2012-08-22 14:00:00,232.76382472512466
2012-08-22 15:00:00,247.3982308130216
2012-08-22 16:00:00,240.13395619304652
2012-08-22 17:00:00,265.38476577489786
2012-08-22 18:00:00,220.3017233605629
2012-08-22 19:00:00,194.56451693127306
2012-08-22 20:00:00,216.06477229159708
2012-08-22 21:00:00,230.89970380358085
2012-08-22 22:00:00,255.1795039021682
2012-08-22 23:00:00,234.2970128594978
2012-08-23 00:00:00,26.322960773274037
2012-08-23 01:00:00,25.723856696973925
2012-08-23 02:00:00,28.42879779511643
2012-08-23 03:00:00,31.90921714214135
2012-08-23 04:00:00,34.721887087267696
2012-08-23 05:00:00,38.37299821316905
2012-08-23 06:00:00,37.14325863344633
2012-08-23 07:00:00,47.31867536122478
2012-08-23 08:00:00,67.17573549120777
2012-08-23 09:00:00,85.59209318849014
2012-08-23 10:00:00,127.30601127378141
2012-08-23 11:00:00,168.03777584804547
2012-08-23 12:00:00,218.388465182208
2012-08-23 13:00:00,275.83877934189337
2012-08-23 14:00:00,251.22558428362655
2012-08-23 15:00:00,273.37011535167863
2012-08-23 16:00:00,280.6252076312061
2012-08-23 17:00:00,327.5051440377341
2012-08-23 18:00:00,329.61506716117276
2012-08-23 19:00:00,330.3353642384373
2012-08-23 20:00:00,300.6441944283998
2012-08-23 21:00:00,333.97603476555156
2012-08-23 22:00:00,347.43400246755317
2012-08-23 23:00:00,318.9938757691271
2012-08-24 00:00:00,36.611401240207776
2012-08-24 01:00:00,36.30876595322426
2012-08-24 02:00:00,44.9815482705679
2012-08-24 03:00:00,44.60972410354107
2012-08-24 04:00:00,49.00932572269337
2012-08-24 05:00:00,49.658809715019096
2012-08-24 06:00:00,48.24190263316374
2012-08-24 07:00:00,60.29314093778238
2012-08-24 08:00:00,75.68794125526415
2012-08-24 09:00:00,122.80482543794736
2012-08-24 10:00:00,170.30427550126979
2012-08-24 11:00:00,191.64753629959006
2012-08-24 12:00:00,220.7938622284543
2012-08-24 13:00:00,286.459671922314
2012-08-24 14:00:00,294.3197699940199
2012-08-24 15:00:00,287.36439803107726
2012-08-24 16:00:00,317.5816309885551
2012-08-24 17:00:00,324.62319408206173
2012-08-24 18:00:00,300.109269925626
2012-08-24 19:00:00,343.3859281856575
2012-08-24 20:00:00,329.1768192476314
2012-08-24 21:00:00,381.8907786699401
2012-08-24 22:00:00,410.22172134091534
2012-08-24 23:00:00,389.5595558489631
2012-08-25 00:00:00,46.03265424316756
2012-08-25 01:00:00,43.041359901643155
2012-08-25 02:00:00,42.71377014492034
2012-08-25 03:00:00,51.113133291498634
2012-08-25 04:00:00,56.299135918792004
2012-08-25 05:00:00,56.41369190632544
2012-08-25 06:00:00,56.82361743067181
2012-08-25 07:00:00,63.12354198826908
2012-08-25 08:00:00,80.0640950436788
2012-08-25 09:00:00,100.59665306450383
2012-08-25 10:00:00,124.20905418007453
2012-08-25 11:00:00,153.2491982920586
2012-08-25 12:00:00,189.23374657398656
2012-08-25 13:00:00,218.7399028259379
2012-08-25 14:00:00,165.5553374178152
2012-08-25 15:00:00,157.74354052090308
2012-08-25 16:00:00,179.5497165932399
2012-08-25 17:00:00,199.45949871731688
2012-08-25 18:00:00,242.85186583864933
2012-08-25 19:00:00,213.361272198916
2012-08-25 20:00:00,205.67243673271147
2012-08-25 21:00:00,234.20719273076466
2012-08-25 22:00:00,258.83478526328526
2012-08-25 23:00:00,279.26502941340146
2012-08-26 00:00:00,24.710284556713255
2012-08-26 01:00:00,27.027912484494195
2012-08-26 02:00:00,29.847590694452443
2012-08-26 03:00:00,33.15673534421911
2012-08-26 04:00:00,36.26657309826984
2012-08-26 05:00:00,40.31829479112249
2012-08-26 06:00:00,43.81944445885165
2012-08-26 07:00:00,49.243281034170636
2012-08-26 08:00:00,73.44546131579615
2012-08-26 09:00:00,80.7494902966986
2012-08-26 10:00:00,130.76889223460873
2012-08-26 11:00:00,143.77364108593972
2012-08-26 12:00:00,135.3964330902065
2012-08-26 13:00:00,116.05357410335655
2012-08-26 14:00:00,97.6283945890454
2012-08-26 15:00:00,109.98034608212849
2012-08-26 16:00:00,121.54511110200515
2012-08-26 17:00:00,134.5298623708816
2012-08-26 18:00:00,144.4017785225234
2012-08-26 19:00:00,161.66002642821547
2012-08-26 20:00:00,179.72077438395715
2012-08-26 21:00:00,215.84195344721422
2012-08-26 22:00:00,209.2774518768951
2012-08-26 23:00:00,253.7598502579799
2012-08-27 00:00:00,22.92619600041788
2012-08-27 01:00:00,23.453712555936963
2012-08-27 02:00:00,26.121259587793414
2012-08-27 03:00:00,28.6455011222588
2012-08-27 04:00:00,34.1996493186144
2012-08-27 05:00:00,34.44815830119746
2012-08-27 06:00:00,38.07048601985519
2012-08-27 07:00:00,50.96215306643724
2012-08-27 08:00:00,57.20123727874754
2012-08-27 09:00:00,63.37936306771274
2012-08-27 10:00:00,98.72748801440457
2012-08-27 11:00:00,127.84865725917255
2012-08-27 12:00:00,152.25194809892176
2012-08-27 13:00:00,186.33617050599923
2012-08-27 14:00:00,252.47658348844493
2012-08-27 15:00:00,269.95594369310226
2012-08-27 16:00:00,296.03815297307983
2012-08-27 17:00:00,357.693161234567
2012-08-27 18:00:00,346.18129130277623
2012-08-27 19:00:00,269.6173844338142
2012-08-27 20:00:00,296.4303849157941
2012-08-27 21:00:00,299.62102501703333
2012-08-27 22:00:00,266.8674296902989
2012-08-27 23:00:00,293.4120302415464
2012-08-28 00:00:00,28.966269158506567
2012-08-28 01:00:00,27.485089539586276
2012-08-28 02:00:00,33.52509210404759
2012-08-28 03:00:00,30.435751581118016
2012-08-28 04:00:00,37.452282775206704
2012-08-28 05:00:00,40.82887185008921
2012-08-28 06:00:00,40.629172543025646
2012-08-28 07:00:00,49.99565247956875
2012-08-28 08:00:00,54.67911775307269
2012-08-28 09:00:00,75.0520040708015
2012-08-28 10:00:00,117.87722613877327
2012-08-28 11:00:00,162.508783504992
2012-08-28 12:00:00,207.18661695807438
2012-08-28 13:00:00,258.5023986074326
2012-08-28 14:00:00,318.6406757875901
2012-08-28 15:00:00,353.67071921794394
2012-08-28 16:00:00,391.1594278752166
2012-08-28 17:00:00,403.66786741968224
2012-08-28 18:00:00,392.8050770144945
2012-08-28 19:00:00,359.70290219419365
2012-08-28 20:00:00,365.1738297926023
2012-08-28 21:00:00,402.53349547006246
2012-08-28 22:00:00,381.6099325710145
2012-08-28 23:00:00,384.0684210421839
2012-08-29 00:00:00,31.519547850995526
2012-08-29 01:00:00,33.934826427001575
2012-08-29 02:00:00,33.650080268160515
2012-08-29 03:00:00,36.997165149490336
2012-08-29 04:00:00,40.49193181366853
2012-08-29 05:00:00,44.51878709051256
2012-08-29 06:00:00,49.20007179284687
2012-08-29 07:00:00,65.07215297869945
2012-08-29 08:00:00,81.18065569396782
2012-08-29 09:00:00,115.34846995449544
2012-08-29 10:00:00,139.277938487893
2012-08-29 11:00:00,153.40308487208335
2012-08-29 12:00:00,201.45791960264248
2012-08-29 13:00:00,205.76289766146385
2012-08-29 14:00:00,249.8989392349158
2012-08-29 15:00:00,281.2124765751893
2012-08-29 16:00:00,315.42512947168177
2012-08-29 17:00:00,383.0836664863503
2012-08-29 18:00:00,348.99729773131867
2012-08-29 19:00:00,299.9539534656298
2012-08-29 20:00:00,291.9177607282792
2012-08-29 21:00:00,326.74790770808494
2012-08-29 22:00:00,354.6336579772006
2012-08-29 23:00:00,374.9911232047751
2012-08-30 00:00:00,30.63288948979809
2012-08-30 01:00:00,35.907531251241714
2012-08-30 02:00:00,33.56996198864961
2012-08-30 03:00:00,37.09994471697285
2012-08-30 04:00:00,41.00111577331603
2012-08-30 05:00:00,45.31250672963354
2012-08-30 06:00:00,41.52257783896334
2012-08-30 07:00:00,58.1526734063097
2012-08-30 08:00:00,75.96167689784173
2012-08-30 09:00:00,102.73830115095159
2012-08-30 10:00:00,126.54259424785397
2012-08-30 11:00:00,189.04154782746895
2012-08-30 12:00:00,195.60088659438333
2012-08-30 13:00:00,205.76513295750527
2012-08-30 14:00:00,228.57791526228948
2012-08-30 15:00:00,294.27937363536756
2012-08-30 16:00:00,339.9097432286396
2012-08-30 17:00:00,446.6995243101145
2012-08-30 18:00:00,436.13477914878484
2012-08-30 19:00:00,376.8307479114951
2012-08-30 20:00:00,350.494115637844
2012-08-30 21:00:00,332.2825558324802
2012-08-30 22:00:00,315.8626239078789
2012-08-30 23:00:00,341.5937008071977
2012-08-31 00:00:00,32.39859535383039
2012-08-31 01:00:00,35.80540534842088
2012-08-31 02:00:00,33.01340886600548
2012-08-31 03:00:00,36.297165719361935
2012-08-31 04:00:00,38.37806649646443
2012-08-31 05:00:00,42.633706420524994
2012-08-31 06:00:00,46.8384247317803
2012-08-31 07:00:00,51.09954148090968
2012-08-31 08:00:00,85.17157212953494
2012-08-31 09:00:00,110.87262900309014
2012-08-31 10:00:00,147.09043962137278
2012-08-31 11:00:00,336.2410572761265
2012-08-31 12:00:00,379.74592273060955
2012-08-31 13:00:00,440.1935938612309
2012-08-31 14:00:00,516.9523869221892
2012-08-31 15:00:00,572.7988775686038
2012-08-31 16:00:00,628.1407233368335
2012-08-31 17:00:00,604.3324370483973
2012-08-31 18:00:00,608.69364505773
2012-08-31 19:00:00,487.331456456696
2012-08-31 20:00:00,538.575828578487
2012-08-31 21:00:00,477.14889037419715
2012-08-31 22:00:00,527.322534968403
2012-08-31 23:00:00,505.1666232016222
2012-09-20 00:00:00,23.219786643258754
2012-09-20 01:00:00,20.731604051779914
2012-09-20 02:00:00,22.852582427398612
2012-09-20 03:00:00,21.988792809978793
2012-09-20 04:00:00,24.744522448604968
2012-09-20 05:00:00,27.346483597495013
2012-09-20 06:00:00,29.680323216200392
2012-09-20 07:00:00,32.60089016678751
2012-09-20 08:00:00,48.75327649747968
2012-09-20 09:00:00,70.3140652763829
2012-09-20 10:00:00,90.51653879791797
2012-09-20 11:00:00,133.3920252239133
2012-09-20 12:00:00,150.88554124775814
2012-09-20 13:00:00,169.38459929360883
2012-09-20 14:00:00,180.96834394604645
2012-09-20 15:00:00,206.16868488133477
2012-09-20 16:00:00,219.89095670017687
2012-09-20 17:00:00,234.92869156165494
2012-09-20 18:00:00,224.8228433938465
2012-09-20 19:00:00,205.52679696315934
2012-09-20 20:00:00,200.66594953536423
2012-09-20 21:00:00,224.07002006311774
2012-09-20 22:00:00,203.27417312923194
2012-09-20 23:00:00,241.8096222399155
2012-09-21 00:00:00,27.255384168060136
2012-09-21 01:00:00,27.026685018344796
2012-09-21 02:00:00,29.868622442964064
2012-09-21 03:00:00,29.641290992886866
2012-09-21 04:00:00,32.25405231319929
2012-09-21 05:00:00,33.115989520894814
2012-09-21 06:00:00,40.00961329787435
2012-09-21 07:00:00,45.74654457136025
2012-09-21 08:00:00,57.6710681161209
2012-09-21 09:00:00,75.73702584680112
2012-09-21 10:00:00,108.07987911388265
2012-09-21 11:00:00,137.21203779172166
2012-09-21 12:00:00,157.70074401213722
2012-09-21 13:00:00,191.37695413537602
2012-09-21 14:00:00,216.47482492744228
2012-09-21 15:00:00,236.1685808029958
2012-09-21 16:00:00,259.6551533925081
2012-09-21 17:00:00,265.4123445105084
2012-09-21 18:00:00,261.82674362626506
2012-09-21 19:00:00,259.6624448282649
2012-09-21 20:00:00,259.75926916104174
2012-09-21 21:00:00,260.2550597900283
2012-09-21 22:00:00,284.66491203318265
2012-09-21 23:00:00,322.0024787444621
2012-09-22 00:00:00,32.44266673719501
2012-09-22 01:00:00,28.425324898021998
2012-09-22 02:00:00,27.560335256987933
2012-09-22 03:00:00,32.955162539789185
2012-09-22 04:00:00,36.42049725222863
2012-09-22 05:00:00,40.56354521268136
2012-09-22 06:00:00,44.59752232295719
2012-09-22 07:00:00,55.31478856576559
2012-09-22 08:00:00,72.3795508499217
2012-09-22 09:00:00,91.19064592487747
2012-09-22 10:00:00,113.76670703788544
2012-09-22 11:00:00,152.68114329519324
2012-09-22 12:00:00,188.54273018654692
2012-09-22 13:00:00,226.82917496413722
2012-09-22 14:00:00,271.7359628813527
2012-09-22 15:00:00,291.0534173776699
2012-09-22 16:00:00,304.5973234339023
2012-09-22 17:00:00,336.62665046080525
2012-09-22 18:00:00,342.62909155572265
2012-09-22 19:00:00,334.5256823507671
2012-09-22 20:00:00,396.20021217551454
2012-09-22 21:00:00,368.12828499727425
2012-09-22 22:00:00,390.6036250031748
2012-09-22 23:00:00,478.53667744668473
2012-09-23 00:00:00,96.08147330563419
2012-09-23 01:00:00,68.181812327644
2012-09-23 02:00:00,74.69715768704825
2012-09-23 03:00:00,67.97961286488777
2012-09-23 04:00:00,70.58081016180196
2012-09-23 05:00:00,73.92204135080564
2012-09-23 06:00:00,74.39827760912799
2012-09-23 07:00:00,89.82117004234082
2012-09-23 08:00:00,113.23440632113933
2012-09-23 09:00:00,138.73563511789047
2012-09-23 10:00:00,182.54566694357788
2012-09-23 11:00:00,208.8585481024801
2012-09-23 12:00:00,235.09352325434105
2012-09-23 13:00:00,336.6709326951656
2012-09-23 14:00:00,373.99698782186044
2012-09-23 15:00:00,447.20542795051523
2012-09-23 16:00:00,503.2511264573686
2012-09-23 17:00:00,450.9060587469505
2012-09-23 18:00:00,452.28638733661995
2012-09-23 19:00:00,439.6632109857794
2012-09-23 20:00:00,485.8951233598139
2012-09-23 21:00:00,483.66127895014415
2012-09-23 22:00:00,528.0580640293005
2012-09-23 23:00:00,478.1318316151877
2012-09-24 00:00:00,38.27885095941584
2012-09-24 01:00:00,39.47466746574156
2012-09-24 02:00:00,45.99841216428894
2012-09-24 03:00:00,51.40271549374887
2012-09-24 04:00:00,50.453760847119995
2012-09-24 05:00:00,61.02221338703604
2012-09-24 06:00:00,71.52955763264445
2012-09-24 07:00:00,71.92054306306964
2012-09-24 08:00:00,105.79068098333295
2012-09-24 09:00:00,128.39791569828432
2012-09-24 10:00:00,156.64485001296867
2012-09-24 11:00:00,215.90791494529748
2012-09-24 12:00:00,250.22680914307412
2012-09-24 13:00:00,349.4759927950721
2012-09-24 14:00:00,376.1217341266668
2012-09-24 15:00:00,405.34413665536744
2012-09-24 16:00:00,418.9204891340385
2012-09-24 17:00:00,443.0812353561051
2012-09-24 18:00:00,411.6548906203684
2012-09-24 19:00:00,418.22862144476204
2012-09-24 20:00:00,379.7316458683982
2012-09-24 21:00:00,407.40494471241766
2012-09-24 22:00:00,457.28183580959507
2012-09-24 23:00:00,377.73457228254966
2012-09-25 00:00:00,34.79734207091618
2012-09-25 01:00:00,33.82983122367404
2012-09-25 02:00:00,33.0557116139483
2012-09-25 03:00:00,39.59784715629407
2012-09-25 04:00:00,44.10157420580713
2012-09-25 05:00:00,44.27449802476682
2012-09-25 06:00:00,52.62331166105801
2012-09-25 07:00:00,57.85661248805896
2012-09-25 08:00:00,81.78472847505174
2012-09-25 09:00:00,124.56030098752822
2012-09-25 10:00:00,154.595539229442
2012-09-25 11:00:00,222.36583049596044
2012-09-25 12:00:00,264.08849655941395
2012-09-25 13:00:00,282.1933767411812
2012-09-25 14:00:00,366.3805852662374
2012-09-25 15:00:00,423.19082415920417
2012-09-25 16:00:00,445.1738973964993
2012-09-25 17:00:00,490.71809201885424
2012-09-25 18:00:00,505.5703160164077
2012-09-25 19:00:00,477.20198465485305
2012-09-25 20:00:00,471.98896456381
2012-09-25 21:00:00,521.620027400067
2012-09-25 22:00:00,574.9851599600911
2012-09-25 23:00:00,640.3931382687193
2012-09-26 00:00:00,51.389364523138816
2012-09-26 01:00:00,57.087792070470165
2012-09-26 02:00:00,62.23358447015916
2012-09-26 03:00:00,68.7776335332944
2012-09-26 04:00:00,63.408046738638355
2012-09-26 05:00:00,69.71507819004208
2012-09-26 06:00:00,72.95405561648565
2012-09-26 07:00:00,75.2331121117314
2012-09-26 08:00:00,95.32386610271276
2012-09-26 09:00:00,138.08433516600394
2012-09-26 10:00:00,133.18301448913485
2012-09-26 11:00:00,192.8892628404776
2012-09-26 12:00:00,229.7179030315509
2012-09-26 13:00:00,278.77301954365174
2012-09-26 14:00:00,390.66380783812326
2012-09-26 15:00:00,432.8581774154542
2012-09-26 16:00:00,498.68853330483415
2012-09-26 17:00:00,528.6770432340164
2012-09-26 18:00:00,576.7733363246787
2012-09-26 19:00:00,533.1786263315137
2012-09-26 20:00:00,430.1990530337555
2012-09-26 21:00:00,504.274529707971
2012-09-26 22:00:00,479.4220994399897
2012-09-26 23:00:00,440.44938470733814
2012-09-27 00:00:00,44.10404349012915
2012-09-27 01:00:00,48.74171665228559
2012-09-27 02:00:00,53.86705513165493
2012-09-27 03:00:00,58.61522072676685
2012-09-27 04:00:00,46.554269066610274
2012-09-27 05:00:00,62.104785702278875
2012-09-27 06:00:00,61.63210334080087
2012-09-27 07:00:00,87.43796805855033
2012-09-27 08:00:00,116.51328838410366
2012-09-27 09:00:00,149.99444201244145
2012-09-27 10:00:00,234.80890937339348
2012-09-27 11:00:00,267.096651700709
2012-09-27 12:00:00,316.3896903543984
2012-09-27 13:00:00,341.62480011147954
2012-09-27 14:00:00,421.05664773667513
2012-09-27 15:00:00,458.17110820773934
2012-09-27 16:00:00,408.6644815495431
2012-09-27 17:00:00,329.4157469164978
2012-09-27 18:00:00,359.3842816110564
2012-09-27 19:00:00,417.248363789717
2012-09-27 20:00:00,417.78399538908513
2012-09-27 21:00:00,353.29247212628115
2012-09-27 22:00:00,390.44224087115083
2012-09-27 23:00:00,421.5837511749394
2012-09-28 00:00:00,41.974710207452816
2012-09-28 01:00:00,45.08864532958346
2012-09-28 02:00:00,52.47203145527714
2012-09-28 03:00:00,62.2019463545093
2012-09-28 04:00:00,57.211753212945055
2012-09-28 05:00:00,62.8345976667053
2012-09-28 06:00:00,64.18307433363348
2012-09-28 07:00:00,69.84055578671517
2012-09-28 08:00:00,102.35973622861559
2012-09-28 09:00:00,118.46911756159955
2012-09-28 10:00:00,148.829390716439
2012-09-28 11:00:00,196.48124623053747
2012-09-28 12:00:00,312.3776386949067
2012-09-28 13:00:00,360.81428897806137
2012-09-28 14:00:00,381.52654844993344
2012-09-28 15:00:00,403.4062824142058
2012-09-28 16:00:00,445.3954889529226
2012-09-28 17:00:00,470.1113616416094
2012-09-28 18:00:00,527.7071329742521
2012-09-28 19:00:00,565.3072411917999
2012-09-28 20:00:00,570.9527690790711
2012-09-28 21:00:00,634.2531982630798
2012-09-28 22:00:00,625.0672315424281
2012-09-28 23:00:00,625.7680862362192
2012-09-29 00:00:00,57.654325494260455
2012-09-29 01:00:00,63.71685166800688
2012-09-29 02:00:00,74.24695869520441
2012-09-29 03:00:00,74.33020786725402
2012-09-29 04:00:00,83.49272559126968
2012-09-29 05:00:00,81.94103692435736
2012-09-29 06:00:00,91.49798373937696
2012-09-29 07:00:00,91.21247658261525
2012-09-29 08:00:00,104.36021707250227
2012-09-29 09:00:00,122.23374202879423
2012-09-29 10:00:00,167.0595336154823
2012-09-29 11:00:00,206.8085737075401
2012-09-29 12:00:00,330.9225075266718
2012-09-29 13:00:00,365.72000704059786
2012-09-29 14:00:00,394.8204402724205
2012-09-29 15:00:00,417.48479601864864
2012-09-29 16:00:00,489.8333352944239
2012-09-29 17:00:00,558.868624999327
2012-09-29 18:00:00,447.8710009078685
2012-09-29 19:00:00,390.68998479260387
2012-09-29 20:00:00,434.0050277429266
2012-09-29 21:00:00,474.71124343970524
2012-09-29 22:00:00,441.5244427674136
2012-09-29 23:00:00,516.2169962286101
2012-09-30 00:00:00,47.37509628841449
2012-09-30 01:00:00,52.35673051568279
2012-09-30 02:00:00,51.92394199548452
2012-09-30 03:00:00,52.29297745170798
2012-09-30 04:00:00,57.7917417124342
2012-09-30 05:00:00,55.6073099694397
2012-09-30 06:00:00,62.4150814006641
2012-09-30 07:00:00,63.09686038119347
2012-09-30 08:00:00,90.82015536129539
2012-09-30 09:00:00,117.52728391609817
2012-09-30 10:00:00,195.52796821403635
2012-09-30 11:00:00,258.74948215913486
2012-09-30 12:00:00,307.5352151492528
2012-09-30 13:00:00,337.24820361971416
2012-09-30 14:00:00,372.71086915201806
2012-09-30 15:00:00,457.0472592568976
2012-09-30 16:00:00,502.5085466987417
2012-09-30 17:00:00,552.3948719216924
2012-09-30 18:00:00,325.32803143884786
2012-09-30 19:00:00,264.48774262554605
2012-09-30 20:00:00,292.29942628598803
2012-09-30 21:00:00,338.74792657391095
2012-09-30 22:00:00,335.94778583903
2012-09-30 23:00:00,377.0764744965991
2012-10-20 00:00:00,33.68688092166132
2012-10-20 01:00:00,43.134139576610984
2012-10-20 02:00:00,41.93555691997002
2012-10-20 03:00:00,44.334123486960884
2012-10-20 04:00:00,54.14282683792563
2012-10-20 05:00:00,46.78068089685141
2012-10-20 06:00:00,63.86644970492457
2012-10-20 07:00:00,57.13620152608088
2012-10-20 08:00:00,93.48608925900096
2012-10-20 09:00:00,128.31535260783124
2012-10-20 10:00:00,165.1826209598549
2012-10-20 11:00:00,194.8178644092064
2012-10-20 12:00:00,242.0420043132139
2012-10-20 13:00:00,282.47641099283055
2012-10-20 14:00:00,317.13417500643476
2012-10-20 15:00:00,335.33901201201894
2012-10-20 16:00:00,375.9814545789083
2012-10-20 17:00:00,442.6598612774652
2012-10-20 18:00:00,452.0622069702563
2012-10-20 19:00:00,428.56415742091696
2012-10-20 20:00:00,525.4558799527692
2012-10-20 21:00:00,467.57303035330966
2012-10-20 22:00:00,454.2231652494036
2012-10-20 23:00:00,423.2267385359288
2012-10-21 00:00:00,45.23254444292003
2012-10-21 01:00:00,45.31887773039986
2012-10-21 02:00:00,44.48223789164465
2012-10-21 03:00:00,43.54310657777248
2012-10-21 04:00:00,41.49205267315894
2012-10-21 05:00:00,53.18194743648272
2012-10-21 06:00:00,64.4960842530601
2012-10-21 07:00:00,71.27804199059818
2012-10-21 08:00:00,76.88848737811732
2012-10-21 09:00:00,115.16249050748661
2012-10-21 10:00:00,159.4205234644112
2012-10-21 11:00:00,197.37683048808918
2012-10-21 12:00:00,246.71429665008077
2012-10-21 13:00:00,291.23342189245716
2012-10-21 14:00:00,328.06776158235834
2012-10-21 15:00:00,371.0981858324456
2012-10-21 16:00:00,372.234203913246
2012-10-21 17:00:00,382.1064808761073
2012-10-21 18:00:00,417.9450261357557
2012-10-21 19:00:00,418.42088789878505
2012-10-21 20:00:00,429.5721806749788
2012-10-21 21:00:00,351.41065089312025
2012-10-21 22:00:00,377.48039533444336
2012-10-21 23:00:00,438.3525979738098
2012-10-22 00:00:00,32.3861037013819
2012-10-22 01:00:00,31.349959396297276
2012-10-22 02:00:00,32.97255679639877
2012-10-22 03:00:00,43.714542852674505
2012-10-22 04:00:00,43.34773537276688
2012-10-22 05:00:00,41.9938935833106
2012-10-22 06:00:00,43.33585362476824
2012-10-22 07:00:00,59.424959478605366
2012-10-22 08:00:00,73.91420662164661
2012-10-22 09:00:00,92.45126331757157
2012-10-22 10:00:00,124.94222544694446
2012-10-22 11:00:00,214.7971398054198
2012-10-22 12:00:00,249.69067911215575
2012-10-22 13:00:00,362.4993748793241
2012-10-22 14:00:00,406.9142502297555
2012-10-22 15:00:00,456.4043378100403
2012-10-22 16:00:00,461.3168638421129
2012-10-22 17:00:00,504.5847122856603
2012-10-22 18:00:00,273.78725427143337
2012-10-22 19:00:00,343.6009680051514
2012-10-22 20:00:00,325.99690246472534
2012-10-22 21:00:00,304.02787664262473
2012-10-22 22:00:00,258.39390494072455
2012-10-22 23:00:00,284.09566629649737
2012-10-23 00:00:00,25.543266236504554
2012-10-23 01:00:00,33.191781314767965
2012-10-23 02:00:00,29.540753188486114
2012-10-23 03:00:00,38.38625063166328
2012-10-23 04:00:00,40.16532335270363
2012-10-23 05:00:00,46.522218487001666
2012-10-23 06:00:00,43.2668214008776
2012-10-23 07:00:00,56.63071623535991
2012-10-23 08:00:00,70.59525328218531
2012-10-23 09:00:00,86.35287960099544
2012-10-23 10:00:00,124.20990652723732
2012-10-23 11:00:00,190.49045862060032
2012-10-23 12:00:00,242.89125702396288
2012-10-23 13:00:00,280.597833847892
2012-10-23 14:00:00,363.33622997501527
2012-10-23 15:00:00,405.7128602469325
2012-10-23 16:00:00,419.1451679229214
2012-10-23 17:00:00,476.6866752877906
2012-10-23 18:00:00,401.5716412679645
2012-10-23 19:00:00,418.41792230489074
2012-10-23 20:00:00,359.63290134782756
2012-10-23 21:00:00,348.4211767782208
2012-10-23 22:00:00,392.08681007924594
2012-10-23 23:00:00,383.16301126325254
2012-10-24 00:00:00,39.324861574557204
2012-10-24 01:00:00,46.05993662971223
2012-10-24 02:00:00,50.903277853200095
2012-10-24 03:00:00,45.32582631040064
2012-10-24 04:00:00,50.09197362021262
2012-10-24 05:00:00,50.639143533975265
2012-10-24 06:00:00,54.2390327079273
2012-10-24 07:00:00,57.50474271138488
2012-10-24 08:00:00,71.63885280325145
2012-10-24 09:00:00,86.26085449210234
2012-10-24 10:00:00,104.61232819103297
2012-10-24 11:00:00,146.5822932982848
2012-10-24 12:00:00,197.2163631151524
2012-10-24 13:00:00,257.65373666669507
2012-10-24 14:00:00,496.975251727078
2012-10-24 15:00:00,432.86042482945584
2012-10-24 16:00:00,568.882926314429
2012-10-24 17:00:00,426.0716564800588
2012-10-24 18:00:00,492.1374731841964
2012-10-24 19:00:00,466.58315902667835
2012-10-24 20:00:00,436.2636480970157
2012-10-24 21:00:00,483.38311304777886
2012-10-24 22:00:00,498.3964078896764
2012-10-24 23:00:00,463.166688434355
2012-10-25 00:00:00,56.11795541251526
2012-10-25 01:00:00,51.920910897698526
2012-10-25 02:00:00,45.52623202399594
2012-10-25 03:00:00,41.43503932583902
2012-10-25 04:00:00,45.556473586310794
2012-10-25 05:00:00,50.86981610046683
2012-10-25 06:00:00,56.50965422029068
2012-10-25 07:00:00,62.45181475799368
2012-10-25 08:00:00,73.90883709649452
2012-10-25 09:00:00,82.10296691260048
2012-10-25 10:00:00,94.36270443978594
2012-10-25 11:00:00,103.74871418700914
2012-10-25 12:00:00,129.6660269425369
2012-10-25 13:00:00,140.73215578501558
2012-10-25 14:00:00,197.68589614715603
2012-10-25 15:00:00,258.25884793820086
2012-10-25 16:00:00,257.4205820884463
2012-10-25 17:00:00,284.489132508443
2012-10-25 18:00:00,220.78265017278338
2012-10-25 19:00:00,235.86471417194576
2012-10-25 20:00:00,226.75077281829655
2012-10-25 21:00:00,250.59430031329853
2012-10-25 22:00:00,310.82019676129244
2012-10-25 23:00:00,346.1718491418764
2012-10-26 00:00:00,42.402665986196084
2012-10-26 01:00:00,38.52231069635856
2012-10-26 02:00:00,42.68298435458598
2012-10-26 03:00:00,47.661186079805276
2012-10-26 04:00:00,52.67290351129944
2012-10-26 05:00:00,57.6132024356165
2012-10-26 06:00:00,63.50740899150488
2012-10-26 07:00:00,70.36664455958845
2012-10-26 08:00:00,82.13648151991369
2012-10-26 09:00:00,90.77338022205005
2012-10-26 10:00:00,99.80236934026922
2012-10-26 11:00:00,135.65660710389827
2012-10-26 12:00:00,170.44299860461896
2012-10-26 13:00:00,200.67020114738474
2012-10-26 14:00:00,261.7008870815401
2012-10-26 15:00:00,310.0034959391788
2012-10-26 16:00:00,252.94654324709308
2012-10-26 17:00:00,255.8604049350647
2012-10-26 18:00:00,271.73792529961975
2012-10-26 19:00:00,266.93110637821235
2012-10-26 20:00:00,294.99971710484635
2012-10-26 21:00:00,354.2902339729145
2012-10-26 22:00:00,341.12383737750497
2012-10-26 23:00:00,381.2021053732126
2012-10-27 00:00:00,34.045280961666485
2012-10-27 01:00:00,37.40297205376524
2012-10-27 02:00:00,41.765355397430824
2012-10-27 03:00:00,46.1925298156719
2012-10-27 04:00:00,50.74823449786335
2012-10-27 05:00:00,61.58092033875236
2012-10-27 06:00:00,68.0563398004587
2012-10-27 07:00:00,70.96077106601608
2012-10-27 08:00:00,90.93755116343125
2012-10-27 09:00:00,100.49990887689728
2012-10-27 10:00:00,130.74478598562462
2012-10-27 11:00:00,173.3177448392393
2012-10-27 12:00:00,266.9534267606624
2012-10-27 13:00:00,341.8187156337397
2012-10-27 14:00:00,361.4405492107867
2012-10-27 15:00:00,272.6055092911983
2012-10-27 16:00:00,284.04154846775333
2012-10-27 17:00:00,313.90937377408983
2012-10-27 18:00:00,346.91789097336357
2012-10-27 19:00:00,305.5288593958739
2012-10-27 20:00:00,337.6561402380862
2012-10-27 21:00:00,373.161701535884
2012-10-27 22:00:00,414.5334176243387
2012-10-27 23:00:00,497.3475613040012
2012-10-28 00:00:00,45.37373980211224
2012-10-28 01:00:00,45.14381283886838
2012-10-28 02:00:00,53.053721629220156
2012-10-28 03:00:00,63.438779076113356
2012-10-28 04:00:00,70.47211381044643
2012-10-28 05:00:00,77.08183692885038
2012-10-28 06:00:00,90.82328899098187
2012-10-28 07:00:00,99.85551403316205
2012-10-28 08:00:00,115.30950867708066
2012-10-28 09:00:00,132.0588037088457
2012-10-28 10:00:00,147.33734382639676
2012-10-28 11:00:00,170.19519132508137
2012-10-28 12:00:00,162.03730538051354
2012-10-28 13:00:00,176.77861830669747
2012-10-28 14:00:00,206.3249934348284
2012-10-28 15:00:00,216.6502461942749
2012-10-28 16:00:00,212.49124068441202
2012-10-28 17:00:00,194.89756143195197
2012-10-28 18:00:00,151.12206637684977
2012-10-28 19:00:00,163.17549936787103
2012-10-28 20:00:00,183.62535142621613
2012-10-28 21:00:00,231.13033970229566
2012-10-28 22:00:00,252.80852511623112
2012-10-28 23:00:00,243.4134670954249
2012-10-29 00:00:00,25.636483955852015
2012-10-30 13:00:00,66.22139832543105
2012-10-30 14:00:00,73.18477804010644
2012-10-30 15:00:00,74.1197996267506
2012-10-30 16:00:00,81.91372005471145
2012-10-30 17:00:00,90.06146210417187
2012-10-30 18:00:00,99.88047391744273
2012-10-30 19:00:00,252.81558865929568
2012-10-30 20:00:00,132.89071057326825
2012-10-30 21:00:00,137.52766894398172
2012-10-30 22:00:00,164.69463299700374
2012-10-30 23:00:00,182.01277026875664
2012-10-31 00:00:00,18.879970975088067
2012-10-31 01:00:00,20.811515204393956
2012-10-31 02:00:00,22.73930162613102
2012-10-31 03:00:00,25.484056614458435
2012-10-31 04:00:00,25.205331808591342
2012-10-31 05:00:00,30.693354919782475
2012-10-31 06:00:00,34.29948374859568
2012-10-31 07:00:00,34.31835262168726
2012-10-31 08:00:00,44.631966630963056
2012-10-31 09:00:00,54.731213152806674
2012-10-31 10:00:00,68.87268640306776
2012-10-31 11:00:00,82.16495378657402
2012-10-31 12:00:00,117.24852988984472
2012-10-31 13:00:00,153.9500558658677
2012-10-31 14:00:00,169.13326824090908
2012-10-31 15:00:00,175.4534253128637
2012-10-31 16:00:00,194.75952065647832
2012-10-31 17:00:00,191.16403060645047
2012-10-31 18:00:00,211.26550485135988
2012-10-31 19:00:00,264.02278878377564
2012-10-31 20:00:00,291.7855811457564
2012-10-31 21:00:00,322.4677148391618
2012-10-31 22:00:00,279.0713616323771
2012-10-31 23:00:00,311.911947577734
2012-11-20 00:00:00,22.986840347427407
2012-11-20 01:00:00,28.16719262648843
2012-11-20 02:00:00,25.35292220127257
2012-11-20 03:00:00,31.772120753970455
2012-11-20 04:00:00,37.657909698210524
2012-11-20 05:00:00,41.189921764607924
2012-11-20 06:00:00,42.51008798652243
2012-11-20 07:00:00,42.04489879013746
2012-11-20 08:00:00,51.95920126097468
2012-11-20 09:00:00,60.88167696584491
2012-11-20 10:00:00,81.20300479383475
2012-11-20 11:00:00,92.90793896543774
2012-11-20 12:00:00,101.09740241819689
2012-11-20 13:00:00,134.03348601668108
2012-11-20 14:00:00,150.83113621860278
2012-11-20 15:00:00,183.04037573895434
2012-11-20 16:00:00,164.86704476743824
2012-11-20 17:00:00,153.8748769048588
2012-11-20 18:00:00,180.69719198786893
2012-11-20 19:00:00,182.671002556939
2012-11-20 20:00:00,178.4909874610127
2012-11-20 21:00:00,203.29597717252926
2012-11-20 22:00:00,224.67316218093848
2012-11-20 23:00:00,193.92017353403278
2012-11-21 00:00:00,20.986140434822683
2012-11-21 01:00:00,22.0520548282752
2012-11-21 02:00:00,19.82875356872305
2012-11-21 03:00:00,21.913806797125158
2012-11-21 04:00:00,24.218109659660985
2012-11-21 05:00:00,26.764716916474278
2012-11-21 06:00:00,30.06903306704639
2012-11-21 07:00:00,31.62931381015934
2012-11-21 08:00:00,39.87987797748545
2012-11-21 09:00:00,52.68382460361879
2012-11-21 10:00:00,79.2766942999431
2012-11-21 11:00:00,119.35354781583159
2012-11-21 12:00:00,166.24965573832975
2012-11-21 13:00:00,201.7406932649106
2012-11-21 14:00:00,239.9982229991024
2012-11-21 15:00:00,249.23056502549883
2012-11-21 16:00:00,276.12968083852115
2012-11-21 17:00:00,250.64997553506976
2012-11-21 18:00:00,296.64847116984305
2012-11-21 19:00:00,280.1976016821147
2012-11-21 20:00:00,207.90145590283518
2012-11-21 21:00:00,284.13032309634616
2012-11-21 22:00:00,303.2683022548805
2012-11-21 23:00:00,267.34484693757224
2012-11-22 00:00:00,26.09955580186716
2012-11-22 01:00:00,26.51492758044738
2012-11-22 02:00:00,22.478204972030934
2012-11-22 03:00:00,24.906005216116668
2012-11-22 04:00:00,24.001389998449806
2012-11-22 05:00:00,30.41927791464535
2012-11-22 06:00:00,38.01827271365649
2012-11-22 07:00:00,34.871657880213576
2012-11-22 08:00:00,40.48993818586405
2012-11-22 09:00:00,62.21508629206526
2012-11-22 10:00:00,89.63555027884156
2012-11-22 11:00:00,147.84390467226436
2012-11-22 12:00:00,184.6545956524424
2012-11-22 13:00:00,227.4101314668526
2012-11-22 14:00:00,271.97349227679325
2012-11-22 15:00:00,300.57232508522617
2012-11-22 16:00:00,298.0502312944694
2012-11-22 17:00:00,304.419301861068
2012-11-22 18:00:00,270.88526534713554
2012-11-22 19:00:00,166.82217029489567
2012-11-22 20:00:00,188.85929828988364
2012-11-22 21:00:00,240.97917960803156
2012-11-22 22:00:00,254.37183158130918
2012-11-22 23:00:00,234.33681719952682
2012-11-23 00:00:00,26.756658023050576
2012-11-23 01:00:00,23.279826955325266
2012-11-23 02:00:00,26.749323940538968
2012-11-23 03:00:00,31.93179803649885
2012-11-23 04:00:00,30.58556236538284
2012-11-23 05:00:00,31.570712019650966
2012-11-23 06:00:00,34.89046758529369
2012-11-23 07:00:00,38.559305458891856
2012-11-23 08:00:00,38.13823385492722
2012-11-23 09:00:00,55.665666217309926
2012-11-23 10:00:00,88.59751815948218
2012-11-23 11:00:00,139.4584802099221
2012-11-23 12:00:00,205.13481909293307
2012-11-23 13:00:00,239.42058495544052
2012-11-23 14:00:00,299.28350086557066
2012-11-23 15:00:00,292.4718824126807
2012-11-23 16:00:00,313.1251347033544
2012-11-23 17:00:00,355.4740427282144
2012-11-23 18:00:00,341.9946650461624
2012-11-23 19:00:00,372.05170485009637
2012-11-23 20:00:00,446.0196570584862
2012-11-23 21:00:00,464.2469642795258
2012-11-23 22:00:00,628.6815042245265
2012-11-23 23:00:00,606.4146341267419
2012-11-24 00:00:00,59.16825011432137
2012-11-24 01:00:00,48.228387195554895
2012-11-24 02:00:00,54.122153657419986
2012-11-24 03:00:00,51.320332309691466
2012-11-24 04:00:00,52.76875149802777
2012-11-24 05:00:00,58.22815318384156
2012-11-24 06:00:00,58.14329767906976
2012-11-24 07:00:00,70.69759155742166
2012-11-24 08:00:00,75.06403489533956
2012-11-24 09:00:00,86.4799960333689
2012-11-24 10:00:00,90.83284020781673
2012-11-24 11:00:00,112.35900516278045
2012-11-24 12:00:00,145.46390726105403
2012-11-24 13:00:00,168.0566835872965
2012-11-24 14:00:00,194.93979060996483
2012-11-24 15:00:00,196.17097928817796
2012-11-24 16:00:00,196.0597085777249
2012-11-24 17:00:00,195.2943266586806
2012-11-24 18:00:00,225.57627335042028
2012-11-24 19:00:00,237.51225350804813
2012-11-24 20:00:00,235.729232053031
2012-11-24 21:00:00,261.46267950721233
2012-11-24 22:00:00,291.9575940940226
2012-11-24 23:00:00,319.340891613201
2012-11-25 00:00:00,27.38464334880727
2012-11-25 01:00:00,31.910405216081273
2012-11-25 02:00:00,34.92481699519071
2012-11-25 03:00:00,39.903601878599204
2012-11-25 04:00:00,44.09958593949767
2012-11-25 05:00:00,45.04299930883795
2012-11-25 06:00:00,50.21303695057875
2012-11-25 07:00:00,52.31951770085299
2012-11-25 08:00:00,57.61816722427857
2012-11-25 09:00:00,68.96178464644406
2012-11-25 10:00:00,77.06269573436265
2012-11-25 11:00:00,99.99333793296223
2012-11-25 12:00:00,110.50793893161966
2012-11-25 13:00:00,120.87270364817374
2012-11-25 14:00:00,147.58542081041873
2012-11-25 15:00:00,164.07374600800662
2012-11-25 16:00:00,188.53970136937963
2012-11-25 17:00:00,190.5650339659488
2012-11-25 18:00:00,191.79273245863965
2012-11-25 19:00:00,227.98745995276184
2012-11-25 20:00:00,181.30058693807678
2012-11-25 21:00:00,251.18820273090165
2012-11-25 22:00:00,221.4338627291741
2012-11-25 23:00:00,203.28079839876708
2012-11-26 00:00:00,18.71801881047164
2012-11-26 01:00:00,19.689295945791685
2012-11-26 02:00:00,21.75968478462889
2012-11-26 03:00:00,24.04778125281878
2012-11-26 04:00:00,27.922193426492985
2012-11-26 05:00:00,29.984507591905796
2012-11-26 06:00:00,34.10313916088575
2012-11-26 07:00:00,42.004779649542606
2012-11-26 08:00:00,46.42170888884418
2012-11-26 09:00:00,64.42770955219406
2012-11-26 10:00:00,87.45494721705381
2012-11-26 11:00:00,148.00907185787543
2012-11-26 12:00:00,171.14626954578924
2012-11-26 13:00:00,189.142815854595
2012-11-26 14:00:00,205.28489114779222
2012-11-26 15:00:00,230.41706564042653
2012-11-26 16:00:00,283.58127172355654
2012-11-26 17:00:00,289.6046982457885
2012-11-26 18:00:00,209.65642518997984
2012-11-26 19:00:00,213.0409226560936
2012-11-26 20:00:00,249.72419237874072
2012-11-26 21:00:00,275.98344421344586
2012-11-26 22:00:00,243.29199953293318
2012-11-26 23:00:00,248.05857062460993
2012-11-27 00:00:00,24.050334593491527
2012-11-27 01:00:00,25.253900770778223
2012-11-27 02:00:00,27.526059159218143
2012-11-27 03:00:00,30.661971302561962
2012-11-27 04:00:00,26.678585114776887
2012-11-27 05:00:00,29.81302301333122
2012-11-27 06:00:00,33.234963238407694
2012-11-27 07:00:00,36.32426259528692
2012-11-27 08:00:00,42.40075370084988
2012-11-27 09:00:00,47.79429457860406
2012-11-27 10:00:00,52.05452306914259
2012-11-27 11:00:00,49.12506188944154
2012-11-27 12:00:00,52.481792504454525
2012-11-27 13:00:00,57.754075997851196
2012-11-27 14:00:00,63.76845567454082
2012-11-27 15:00:00,87.9612708101206
2012-11-27 16:00:00,97.21066366990604
2012-11-27 17:00:00,109.11176047365463
2012-11-27 18:00:00,98.18463981642641
2012-11-27 19:00:00,125.51400100188332
2012-11-27 20:00:00,130.3199974830722
2012-11-27 21:00:00,124.50773404321525
2012-11-27 22:00:00,140.0254433009185
2012-11-27 23:00:00,161.05772003556058
2012-11-28 00:00:00,18.102892035573962
2012-11-28 01:00:00,20.288007657625194
2012-11-28 02:00:00,22.421352838287625
2012-11-28 03:00:00,26.671852978033417
2012-11-28 04:00:00,29.324324398810287
2012-11-28 05:00:00,32.69017177324831
2012-11-28 06:00:00,38.75157781034389
2012-11-28 07:00:00,48.64165567037066
2012-11-28 08:00:00,47.434438165807755
2012-11-28 09:00:00,66.59684779263173
2012-11-28 10:00:00,82.67991751619141
2012-11-28 11:00:00,100.94456683205492
2012-11-28 12:00:00,122.57613049126999
2012-11-28 13:00:00,136.08220164360134
2012-11-28 14:00:00,162.57893602015852
2012-11-28 15:00:00,203.18171243391004
2012-11-28 16:00:00,231.67181414032436
2012-11-28 17:00:00,236.229995003332
2012-11-28 18:00:00,242.90226560129696
2012-11-28 19:00:00,256.452173986476
2012-11-28 20:00:00,287.3661712773562
2012-11-28 21:00:00,285.2088929000696
2012-11-28 22:00:00,269.43965898943355
2012-11-28 23:00:00,274.9522600452413
2012-11-29 00:00:00,23.63955716989285
2012-11-29 01:00:00,22.52753817520959
2012-11-29 02:00:00,24.983618259834927
2012-11-29 04:00:00,24.148382992127818
2012-11-29 05:00:00,29.81957890637921
2012-11-29 06:00:00,34.62390319368418
2012-11-29 07:00:00,39.20263822253072
2012-11-29 08:00:00,39.45122532747698
2012-11-29 09:00:00,56.065302128319196
2012-11-29 10:00:00,63.31879484529902
2012-11-29 11:00:00,129.3421010179146
2012-11-29 12:00:00,135.36091804842997
2012-11-29 13:00:00,182.74019689399776
2012-11-29 14:00:00,159.82488302225886
2012-11-29 15:00:00,175.08356003221473
2012-11-29 16:00:00,204.01899254771226
2012-11-29 17:00:00,216.63690736370353
2012-11-29 18:00:00,195.6702322051432
2012-11-29 19:00:00,194.19796047758166
2012-11-29 20:00:00,217.61129739407633
2012-11-29 21:00:00,178.96911324837745
2012-11-29 22:00:00,185.8576869563439
2012-11-29 23:00:00,247.27091286245485
2012-11-30 00:00:00,22.986937330848562
2012-11-30 01:00:00,24.32753796802615
2012-11-30 02:00:00,25.54935217868723
2012-11-30 03:00:00,28.235943600539514
2012-11-30 04:00:00,29.6973671416832
2012-11-30 05:00:00,29.021462411086645
2012-11-30 06:00:00,29.361548156488467
2012-11-30 07:00:00,37.2405618455689
2012-11-30 08:00:00,40.77051774423931
2012-11-30 09:00:00,50.29311095001192
2012-11-30 10:00:00,75.95124205962442
2012-11-30 11:00:00,110.18500390960745
2012-11-30 12:00:00,149.54762357372087
2012-11-30 13:00:00,195.17059533610666
2012-11-30 14:00:00,213.4760430695972
2012-11-30 15:00:00,255.27674156731092
2012-11-30 16:00:00,252.24692737137985
2012-11-30 17:00:00,221.542475696371
2012-11-30 18:00:00,197.90111012215468
2012-11-30 19:00:00,194.5462205239156
2012-11-30 20:00:00,215.00334223713566
2012-11-30 21:00:00,197.37744954493803
2012-11-30 22:00:00,218.8966594653073
2012-11-30 23:00:00,239.6454214599052
2012-12-20 00:00:00,27.491767389662552
2012-12-20 01:00:00,28.11058349648917
2012-12-20 02:00:00,31.06649611441962
2012-12-20 03:00:00,30.516894398409768
2012-12-20 04:00:00,33.72583786354902
2012-12-20 05:00:00,37.368459571955064
2012-12-20 06:00:00,44.49341335758059
2012-12-20 07:00:00,45.682427627721864
2012-12-20 08:00:00,50.486072641328306
2012-12-20 09:00:00,55.794835412790945
2012-12-20 10:00:00,67.42007934243395
2012-12-20 11:00:00,89.43955668603299
2012-12-20 12:00:00,111.1221833603618
2012-12-20 13:00:00,116.38260618609415
2012-12-20 14:00:00,136.42239234793394
2012-12-20 15:00:00,135.27767595209386
2012-12-20 16:00:00,156.22950408666676
2012-12-20 17:00:00,144.71942457210096
2012-12-20 18:00:00,148.58681634984458
2012-12-20 19:00:00,161.8313635058018
2012-12-20 20:00:00,166.74117167221837
2012-12-20 21:00:00,184.2745086567024
2012-12-20 22:00:00,174.09889981911624
2012-12-20 23:00:00,254.1393124476923
2012-12-21 00:00:00,16.112250065777168
2012-12-21 01:00:00,19.002932211643955
2012-12-21 02:00:00,20.19911690118621
2012-12-21 03:00:00,22.32311495077225
2012-12-21 04:00:00,25.65420200698505
2012-12-21 05:00:00,24.745572152737143
2012-12-21 06:00:00,36.516611600819665
2012-12-21 07:00:00,38.02815146444918
2012-12-21 08:00:00,41.87489921332549
2012-12-21 09:00:00,55.68379990599762
2012-12-21 10:00:00,64.93625638868484
2012-12-21 11:00:00,70.78949545206757
2012-12-21 12:00:00,80.92541808922861
2012-12-21 13:00:00,90.36391125079228
2012-12-21 14:00:00,100.38412080065496
2012-12-21 15:00:00,99.97965387176872
2012-12-21 16:00:00,114.29513995431266
2012-12-21 17:00:00,87.40623189894178
2012-12-21 18:00:00,96.09863629621717
2012-12-21 19:00:00,134.52586048365677
2012-12-21 20:00:00,159.47410397363197
2012-12-21 21:00:00,166.12687096396067
2012-12-21 22:00:00,172.07017857318255
2012-12-21 23:00:00,193.31360408242926
2012-12-22 00:00:00,19.89583277460467
2012-12-22 01:00:00,21.482716099447813
2012-12-22 02:00:00,24.05023323064468
2012-12-22 03:00:00,24.73767303998487
2012-12-22 04:00:00,27.70611958090906
2012-12-22 05:00:00,30.638336371510125
2012-12-22 06:00:00,35.91391602520704
2012-12-22 07:00:00,39.69037258831832
2012-12-22 08:00:00,44.50220142425281
2012-12-22 09:00:00,45.468932953900534
2012-12-22 10:00:00,49.7335568038808
2012-12-22 11:00:00,65.58880982380694
2012-12-22 12:00:00,84.69486482054161
2012-12-22 13:00:00,96.6802259560654
2012-12-22 14:00:00,107.12235318403823
2012-12-22 15:00:00,123.9224842033159
2012-12-22 16:00:00,118.8274418310926
2012-12-22 17:00:00,118.27053803404506
2012-12-22 18:00:00,117.86646114205558
2012-12-22 19:00:00,116.99964264585307
2012-12-22 20:00:00,129.8935158152532
2012-12-22 21:00:00,130.93104013255197
2012-12-22 22:00:00,144.69883380552582
2012-12-22 23:00:00,160.494922411024
2012-12-23 00:00:00,15.809409981977069
2012-12-23 01:00:00,17.53524863808945
2012-12-23 02:00:00,17.298654762051918
2012-12-23 03:00:00,19.01897720879073
2012-12-23 04:00:00,22.293832866101212
2012-12-23 05:00:00,24.033070385922453
2012-12-23 06:00:00,19.423398009375738
2012-12-23 07:00:00,21.465826878423215
2012-12-23 08:00:00,20.63288259374834
2012-12-23 09:00:00,31.234914515970235
2012-12-23 10:00:00,33.575243621991184
2012-12-23 11:00:00,45.64201097094471
2012-12-23 12:00:00,69.0947716363389
2012-12-23 13:00:00,84.28468500771226
2012-12-23 14:00:00,109.42757796219979
2012-12-23 15:00:00,116.8391571129855
2012-12-23 16:00:00,130.46634139515814
2012-12-23 17:00:00,110.0428687975374
2012-12-23 18:00:00,122.1272693721789
2012-12-23 19:00:00,142.4416613417452
2012-12-23 20:00:00,101.63501128848849
2012-12-23 21:00:00,99.32182357065534
2012-12-23 22:00:00,124.6512890547258
2012-12-23 23:00:00,140.54889502727755
2012-12-24 00:00:00,10.750306982067679
2012-12-24 01:00:00,11.880734177180448
2012-12-24 02:00:00,11.440653473298605
2012-12-24 03:00:00,12.643672683601258
2012-12-24 05:00:00,13.198352640732773
2012-12-24 06:00:00,17.06634352927404
2012-12-24 07:00:00,20.602771754071515
2012-12-24 08:00:00,23.92214782690773
2012-12-24 09:00:00,28.709329646394476
2012-12-24 10:00:00,34.009936345690704
2012-12-24 11:00:00,39.31173137375729
2012-12-24 12:00:00,49.650965135994674
2012-12-24 13:00:00,33.638668818459024
2012-12-24 14:00:00,34.03286093729179
2012-12-24 15:00:00,36.96005919927119
2012-12-24 16:00:00,40.846520871624136
2012-12-24 17:00:00,41.68516295389119
2012-12-24 18:00:00,46.4756375450455
2012-12-24 19:00:00,50.950912456461005
2012-12-24 20:00:00,55.97590916839846
2012-12-24 21:00:00,62.570922844639306
2012-12-24 22:00:00,71.15353468487862
2012-12-24 23:00:00,78.17100033163767
2012-12-25 00:00:00,7.650042159653074
2012-12-25 01:00:00,9.701247511889445
2012-12-25 02:00:00,10.72136294043051
2012-12-25 04:00:00,12.539766746886913
2012-12-25 05:00:00,11.938452051558688
2012-12-25 06:00:00,13.1938162834028
2012-12-25 07:00:00,14.656842862179037
2012-12-25 08:00:00,19.134071538404626
2012-12-25 09:00:00,20.35477383339712
2012-12-25 10:00:00,28.349608986948915
2012-12-25 11:00:00,35.831513972946034
2012-12-25 12:00:00,40.99641536282721
2012-12-25 13:00:00,86.01701597454903
2012-12-25 14:00:00,95.46135583411065
2012-12-25 15:00:00,88.71202535228262
2012-12-25 16:00:00,97.46118438030722
2012-12-25 17:00:00,88.01134826554727
2012-12-25 18:00:00,85.19555856361177
2012-12-25 19:00:00,93.669736448249
2012-12-25 20:00:00,104.59462491700496
2012-12-25 21:00:00,109.93556807218579
2012-12-25 22:00:00,114.44742773248711
2012-12-25 23:00:00,129.1112054061494
2012-12-26 00:00:00,12.900545461551715
2012-12-26 01:00:00,13.16383641637906
2012-12-26 02:00:00,14.548053509147946
2012-12-26 03:00:00,14.36280371023454
2012-12-26 04:00:00,15.42327307245851
2012-12-26 05:00:00,17.047962362807286
2012-12-26 06:00:00,18.64692548252038
2012-12-26 07:00:00,15.16547540035377
2012-12-26 08:00:00,16.760170867931606
2012-12-26 09:00:00,18.522553372491736
2012-12-26 10:00:00,20.36459050057623
2012-12-26 11:00:00,22.71886320769259
2012-12-26 12:00:00,25.886961149342174
2012-12-26 13:00:00,28.609053172468364
2012-12-26 14:00:00,29.120737240192717
2012-12-26 15:00:00,38.77459374997144
2012-12-26 16:00:00,42.85185920178899
2012-12-26 17:00:00,43.35401537407505
2012-12-26 18:00:00,50.78381059493229
2012-12-26 19:00:00,64.47871553140088
2012-12-26 20:00:00,69.24936518033729
2012-12-26 21:00:00,79.13718676395213
2012-12-26 22:00:00,67.78216454015956
2012-12-26 23:00:00,85.39627055557794
2012-12-27 00:00:00,8.745476898761446
2012-12-27 01:00:00,8.478223317590233
2012-12-27 02:00:00,10.295874555318377
2012-12-27 03:00:00,11.371521920862564
2012-12-27 04:00:00,12.554146354150243
2012-12-27 05:00:00,16.81624112499319
2012-12-27 06:00:00,19.997729682224534
2012-12-27 07:00:00,21.91673921282493
2012-12-27 08:00:00,27.508083679368536
2012-12-27 09:00:00,32.8577607448869
2012-12-27 10:00:00,40.68083915311903
2012-12-27 11:00:00,44.96616324638807
2012-12-27 12:00:00,59.50031314035723
2012-12-27 13:00:00,65.75695048139144
2012-12-27 14:00:00,57.41158822943815
2012-12-27 15:00:00,62.63459650948792
2012-12-27 16:00:00,74.13656503523399
2012-12-27 17:00:00,81.93224839645052
2012-12-27 18:00:00,76.21268358145782
2012-12-27 19:00:00,83.55287169559718
2012-12-27 20:00:00,93.96627436959044
2012-12-27 21:00:00,102.87136276281369
2012-12-27 22:00:00,112.11285113702856
2012-12-27 23:00:00,125.64329550992693
2012-12-28 00:00:00,14.47104952932137
2012-12-28 01:00:00,15.866506171685174
2012-12-28 02:00:00,17.717048480088675
2012-12-28 03:00:00,19.532924386507837
2012-12-28 04:00:00,21.777655397107615
2012-12-28 05:00:00,24.005651651211984
2012-12-28 06:00:00,23.83672966548076
2012-12-28 07:00:00,26.302853620012456
2012-12-28 08:00:00,32.035517757482886
2012-12-28 09:00:00,34.97144139921114
2012-12-28 10:00:00,43.67417702265897
2012-12-28 11:00:00,54.54355546986361
2012-12-28 12:00:00,66.43136766337193
2012-12-28 13:00:00,73.41682628706296
2012-12-28 14:00:00,81.1368269486444
2012-12-28 15:00:00,89.30055989517737
2012-12-28 16:00:00,99.68643576261141
2012-12-28 17:00:00,79.2513533002591
2012-12-28 18:00:00,87.58487207042468
2012-12-28 19:00:00,88.62220536173574
2012-12-28 20:00:00,100.18455338487064
2012-12-28 21:00:00,101.4343828348076
2012-12-28 22:00:00,113.38525870221139
2012-12-28 23:00:00,134.8801284112273
2012-12-29 00:00:00,12.290219028400534
2012-12-29 01:00:00,12.815876540565444
2012-12-29 02:00:00,15.010821085625317
2012-12-29 03:00:00,15.411960920276927
2012-12-29 04:00:00,17.298783126024166
2012-12-29 05:00:00,19.11780233362772
2012-12-29 06:00:00,23.504285436878106
2012-12-29 07:00:00,26.110160101813445
2012-12-29 08:00:00,23.977554373951904
2012-12-29 09:00:00,26.498866517114266
2012-12-29 10:00:00,29.796951462051084
2012-12-29 11:00:00,24.998595311938743
2012-12-29 12:00:00,24.538399324905164
2012-12-29 13:00:00,27.118686005804626
2012-12-29 14:00:00,39.40162866655439
2012-12-29 15:00:00,42.87472473925888
2012-12-29 16:00:00,63.441113009350154
2012-12-29 17:00:00,62.20462633280914
2012-12-29 18:00:00,84.70563586289693
2012-12-29 19:00:00,107.34783381580692
2012-12-29 20:00:00,134.46923637386226
2012-12-29 21:00:00,142.6789880582753
2012-12-29 22:00:00,143.4727817054234
2012-12-29 23:00:00,146.3560640581859
2012-12-30 00:00:00,14.305920159373203
2012-12-30 01:00:00,16.866326833348438
2012-12-30 02:00:00,18.5610272753502
2012-12-30 03:00:00,20.599910699884717
2012-12-30 04:00:00,22.87011110271216
2012-12-30 05:00:00,27.72587062815333
2012-12-30 06:00:00,27.53889726923145
2012-12-30 07:00:00,29.11613914338947
2012-12-30 08:00:00,34.09825981911175
2012-12-30 09:00:00,37.91415388015448
2012-12-30 10:00:00,52.521385696722604
2012-12-30 11:00:00,57.50753490813378
2012-12-30 12:00:00,72.55322720188502
2012-12-30 13:00:00,86.98573524788083
2012-12-30 14:00:00,94.74185423975082
2012-12-30 15:00:00,94.54297340628237
2012-12-30 16:00:00,104.10469104238533
2012-12-30 17:00:00,103.16479147411856
2012-12-30 18:00:00,102.67033059582215
2012-12-30 19:00:00,118.88138308378144
2012-12-30 20:00:00,115.47211286764632
2012-12-30 21:00:00,115.62138777963136
2012-12-30 22:00:00,118.814941926684
2012-12-30 23:00:00,139.99619413604057
2012-12-31 00:00:00,11.46650423798055
2012-12-31 01:00:00,12.672241734138638
2012-12-31 02:00:00,12.502835495365671
2012-12-31 03:00:00,13.937911558936104
2012-12-31 04:00:00,12.654065756149473
2012-12-31 05:00:00,15.461006674230589
2012-12-31 06:00:00,17.327232642441114
2012-12-31 07:00:00,19.415941872861318
2012-12-31 08:00:00,18.614471615219088
2012-12-31 09:00:00,25.11604182869589
2012-12-31 10:00:00,26.720365409902033
2012-12-31 11:00:00,35.79343385966795
2012-12-31 12:00:00,43.251245978292616
2012-12-31 13:00:00,60.76698337120286
2012-12-31 14:00:00,70.2483388473828
2012-12-31 15:00:00,77.91701837740366
2012-12-31 16:00:00,77.73199527834133
2012-12-31 17:00:00,87.64718943255944
2012-12-31 18:00:00,95.76601499773653
2012-12-31 19:00:00,87.47852975951301
2012-12-31 20:00:00,96.67716094219347
2012-12-31 21:00:00,107.47798706743825
2012-12-31 22:00:00,127.73912904305145
2012-12-31 23:00:00,123.65230920467809
