datetime,count
2011-01-20 00:00:00,16.57320804588836
2011-01-20 01:00:00,4.734608197998983
2011-01-20 02:00:00,3.9988715009024913
2011-01-20 03:00:00,5.18191779569569
2011-01-20 04:00:00,2.663537712306807
2011-01-20 05:00:00,20.600233488525273
2011-01-20 06:00:00,79.98730108125497
2011-01-20 07:00:00,162.6895209633232
2011-01-20 08:00:00,449.4322051276094
2011-01-20 09:00:00,223.74226895068705
2011-01-20 10:00:00,93.62751309373903
2011-01-20 11:00:00,103.56107282490592
2011-01-20 12:00:00,134.46683603877403
2011-01-20 13:00:00,100.34176607477714
2011-01-20 14:00:00,89.21675337242367
2011-01-20 15:00:00,98.37986833985802
2011-01-20 16:00:00,119.45188864761876
2011-01-20 17:00:00,276.0924146316654
2011-01-20 18:00:00,248.2807649717905
2011-01-20 19:00:00,190.48359553582944
2011-01-20 20:00:00,121.70887559998853
2011-01-20 21:00:00,85.35172685021936
2011-01-20 22:00:00,47.75468535243523
2011-01-20 23:00:00,27.349511131510575
2011-01-21 00:00:00,34.85033752860271
2011-01-21 01:00:00,10.614824057850543
2011-01-21 02:00:00,8.35478911273482
2011-01-21 03:00:00,2.0137154748142923
2011-01-21 04:00:00,1.9508861416006993
2011-01-21 05:00:00,7.158105758323648
2011-01-21 06:00:00,51.24749439993661
2011-01-21 07:00:00,120.17018644532368
2011-01-21 08:00:00,220.5328445101412
2011-01-21 09:00:00,129.0283414771356
2011-01-21 10:00:00,60.06484040307849
2011-01-21 11:00:00,81.46889963175893
2011-01-21 12:00:00,100.6992418937058
2011-01-21 13:00:00,81.37536997764876
2011-01-21 14:00:00,67.78351909261694
2011-01-21 15:00:00,60.86029953313309
2011-01-21 16:00:00,84.52231086750433
2011-01-21 17:00:00,121.22738296781554
2011-01-21 18:00:00,111.19045959533312
2011-01-21 19:00:00,61.36068458219859
2011-01-21 20:00:00,45.467184790234086
2011-01-21 21:00:00,29.644892649652192
2011-01-21 22:00:00,36.900077934901276
2011-01-21 23:00:00,21.084445433943795
2011-01-22 00:00:00,26.17836608441587
2011-01-22 01:00:00,23.56042292936894
2011-01-22 02:00:00,15.197701500894073
2011-01-22 03:00:00,7.472912590607898
2011-01-22 04:00:00,2.071326266894729
2011-01-22 06:00:00,6.021003097137497
2011-01-22 07:00:00,14.314892383255415
2011-01-22 08:00:00,25.19884842303821
2011-01-22 09:00:00,38.6775239776211
2011-01-22 10:00:00,60.96236288752673
2011-01-22 11:00:00,65.21208011539427
2011-01-22 12:00:00,89.37374318317566
2011-01-22 13:00:00,140.45814901211887
2011-01-22 14:00:00,110.28477368745311
2011-01-22 15:00:00,153.2896945160452
2011-01-22 16:00:00,114.79893218433364
2011-01-22 17:00:00,125.3406382805324
2011-01-22 18:00:00,49.65197252798923
2011-01-22 19:00:00,39.278832798047404
2011-01-22 20:00:00,34.40563659899553
2011-01-22 21:00:00,40.915481511731066
2011-01-22 22:00:00,28.64703216831714
2011-01-22 23:00:00,17.482336604443258
2011-01-23 00:00:00,22.075820150538732
2011-01-23 01:00:00,11.952125266283302
2011-01-23 02:00:00,7.686764840784167
2011-01-23 03:00:00,6.18430167595066
2011-01-23 05:00:00,2.643088256499462
2011-01-23 06:00:00,3.2322629236450044
2011-01-23 07:00:00,7.6651112746930306
2011-01-23 08:00:00,12.675502360197147
2011-01-23 09:00:00,43.70522794964598
2011-01-23 10:00:00,50.01752994014487
2011-01-23 11:00:00,109.26974204388505
2011-01-23 12:00:00,85.47582645371762
2011-01-23 13:00:00,77.0911023017194
2011-01-23 14:00:00,152.02927848848557
2011-01-23 15:00:00,146.08805224785232
2011-01-23 16:00:00,158.25400281918934
2011-01-23 17:00:00,66.04307233801131
2011-01-23 18:00:00,59.24487889792539
2011-01-23 19:00:00,39.13054082524589
2011-01-23 20:00:00,26.571609409890623
2011-01-23 21:00:00,21.360582394019495
2011-01-23 22:00:00,16.74777540953524
2011-01-23 23:00:00,11.143745734694678
2011-01-24 00:00:00,9.495884985106336
2011-01-24 01:00:00,3.69747475969806
2011-01-24 03:00:00,0.9092471258884298
2011-01-24 04:00:00,1.5326735148821253
2011-01-24 05:00:00,5.822098794134087
2011-01-24 06:00:00,39.54710053476121
2011-01-24 07:00:00,79.5832684153847
2011-01-24 08:00:00,148.1036559895396
2011-01-24 09:00:00,107.05198647515486
2011-01-24 10:00:00,55.63872288467101
2011-01-24 11:00:00,45.83205949520222
2011-01-24 12:00:00,58.44310532106766
2011-01-24 13:00:00,53.47214080597456
2011-01-24 14:00:00,43.278174658729235
2011-01-24 15:00:00,91.67930925165066
2011-01-24 16:00:00,69.71990479396912
2011-01-24 17:00:00,100.20568677217838
2011-01-24 18:00:00,119.15936372690857
2011-01-24 19:00:00,87.26956442293006
2011-01-24 20:00:00,49.56347991773128
2011-01-24 21:00:00,34.51775624854569
2011-01-24 22:00:00,22.15583517058955
2011-01-24 23:00:00,18.51596295712987
2011-01-25 00:00:00,10.723575437689107
2011-01-25 01:00:00,3.6904150298206986
2011-01-25 02:00:00,2.1083316245667074
2011-01-25 04:00:00,2.710425404628083
2011-01-25 05:00:00,7.230683673967753
2011-01-25 06:00:00,46.14452356318075
2011-01-25 07:00:00,116.1994546546127
2011-01-25 08:00:00,202.17005728321624
2011-01-25 09:00:00,155.4235579830819
2011-01-25 10:00:00,71.21596562390513
2011-01-25 11:00:00,64.18248084738784
2011-01-25 12:00:00,111.38340659553775
2011-01-25 13:00:00,107.25017856165593
2011-01-25 14:00:00,98.4510583400949
2011-01-25 15:00:00,92.45702008948763
2011-01-25 16:00:00,137.69422649084936
2011-01-25 17:00:00,244.3783856293943
2011-01-25 18:00:00,227.67884857423718
2011-01-25 19:00:00,136.82517730724953
2011-01-25 20:00:00,81.83113876970793
2011-01-25 21:00:00,68.00547929000767
2011-01-25 22:00:00,29.76543259479468
2011-01-25 23:00:00,15.320605610293333
2011-01-26 00:00:00,10.358991248069639
2011-01-26 01:00:00,5.137420687458436
2011-01-26 02:00:00,3.6350572370274743
2011-01-26 05:00:00,3.4988755472726405
2011-01-26 06:00:00,18.213073560267848
2011-01-26 07:00:00,64.10390578796118
2011-01-26 08:00:00,129.55811478632626
2011-01-26 09:00:00,78.86750095870816
2011-01-26 10:00:00,27.31411398693776
2011-01-26 11:00:00,11.452317704637206
2011-01-26 12:00:00,9.664167639001304
2011-01-26 13:00:00,10.98188818267651
2011-01-26 14:00:00,9.965303989538384
2011-01-26 15:00:00,11.026502518120772
2011-01-26 16:00:00,16.62209511735444
2011-01-26 17:00:00,41.25916169951451
2011-01-27 16:00:00,99.17071567380319
2011-01-27 17:00:00,166.53528273376128
2011-01-27 18:00:00,154.59210707852193
2011-01-27 19:00:00,128.82608125069854
2011-01-27 20:00:00,80.99486962201985
2011-01-27 21:00:00,67.37327798958519
2011-01-27 22:00:00,55.32282107671961
2011-01-27 23:00:00,37.08297567433163
2011-01-28 00:00:00,20.168563267231622
2011-01-28 01:00:00,6.942752050994389
2011-01-28 02:00:00,3.723426463581596
2011-01-28 03:00:00,2.5305527810640425
2011-01-28 05:00:00,14.675863345495866
2011-01-28 06:00:00,42.95825680872298
2011-01-28 07:00:00,79.37819505835682
2011-01-28 08:00:00,171.32565002882663
2011-01-28 09:00:00,95.49163376255503
2011-01-28 10:00:00,46.19533541969419
2011-01-28 11:00:00,42.52116310266775
2011-01-28 12:00:00,38.98018782534191
2011-01-28 13:00:00,43.58805454369527
2011-01-28 14:00:00,31.62640480557545
2011-01-28 15:00:00,54.88494087340367
2011-01-28 16:00:00,65.99550537998896
2011-01-28 17:00:00,164.94070603307088
2011-01-28 18:00:00,210.28485384841582
2011-01-28 19:00:00,149.83409324330003
2011-01-28 20:00:00,134.3816491698955
2011-01-28 21:00:00,62.155312170885864
2011-01-28 22:00:00,46.493933965570825
2011-01-28 23:00:00,39.55174918837199
2011-01-29 00:00:00,18.164426329344945
2011-01-29 01:00:00,16.859960927975287
2011-01-29 02:00:00,11.418240668547044
2011-01-29 03:00:00,10.39897981320335
2011-01-29 04:00:00,2.6546525233929725
2011-01-29 06:00:00,2.322173100367831
2011-01-29 07:00:00,14.365955445175398
2011-01-29 08:00:00,28.64662920205375
2011-01-29 09:00:00,55.584229183639465
2011-01-29 10:00:00,57.34822448723991
2011-01-29 11:00:00,51.92120582658383
2011-01-29 12:00:00,95.5329419956998
2011-01-29 13:00:00,109.43587114411267
2011-01-29 14:00:00,115.994790924088
2011-01-29 15:00:00,132.36312180002957
2011-01-29 16:00:00,145.61200541812684
2011-01-29 17:00:00,53.04964231960141
2011-01-29 18:00:00,72.92535183321732
2011-01-29 19:00:00,66.18474819127891
2011-01-29 20:00:00,55.92825933102439
2011-01-29 21:00:00,56.05459796931105
2011-01-29 22:00:00,52.56193895406396
2011-01-29 23:00:00,41.357983821468345
2011-01-30 00:00:00,36.83265272928107
2011-01-30 01:00:00,36.73939635361871
2011-01-30 02:00:00,24.855065407872246
2011-01-30 03:00:00,10.046224130942097
2011-01-30 04:00:00,3.0620984578472017
2011-01-30 05:00:00,1.9286878614479173
2011-01-30 07:00:00,5.1669335384190935
2011-01-30 08:00:00,16.629709815306597
2011-01-30 09:00:00,51.31536338850818
2011-01-30 10:00:00,111.88399098059907
2011-01-30 11:00:00,84.52722802270786
2011-01-30 12:00:00,186.94562418298244
2011-01-30 13:00:00,127.12210567372047
2011-01-30 14:00:00,149.05862649642503
2011-01-30 15:00:00,114.27527922231614
2011-01-30 16:00:00,106.16968177048544
2011-01-30 17:00:00,80.6145723788328
2011-01-30 18:00:00,48.051687757558305
2011-01-30 19:00:00,45.89917983823705
2011-01-30 20:00:00,41.38176434945906
2011-01-30 21:00:00,41.19506478348396
2011-01-30 22:00:00,37.73419064002438
2011-01-30 23:00:00,13.794707204398188
2011-01-31 00:00:00,15.398856022811723
2011-01-31 01:00:00,3.799495565052614
2011-01-31 02:00:00,2.7025776730311453
2011-01-31 03:00:00,1.9368841987666952
2011-01-31 04:00:00,1.1118498744359138
2011-01-31 05:00:00,2.11623220593944
2011-01-31 06:00:00,23.042246605218963
2011-01-31 07:00:00,81.2321585997281
2011-01-31 08:00:00,211.20253094478647
2011-01-31 09:00:00,112.98567790055877
2011-01-31 10:00:00,65.27047257694547
2011-01-31 11:00:00,56.82856262784048
2011-01-31 12:00:00,57.61859846368455
2011-01-31 13:00:00,87.94060840411132
2011-01-31 14:00:00,45.308674173140794
2011-01-31 15:00:00,60.27945870519049
2011-01-31 16:00:00,73.49549007407364
2011-01-31 17:00:00,141.01198822947003
2011-01-31 18:00:00,138.05226313735727
2011-01-31 19:00:00,131.29993963949843
2011-01-31 20:00:00,68.6642697795151
2011-01-31 21:00:00,41.40338680005444
2011-01-31 22:00:00,37.19108486703246
2011-01-31 23:00:00,15.668091459466686
2011-02-20 00:00:00,32.191419860381444
2011-02-20 01:00:00,24.692318061206738
2011-02-20 02:00:00,27.79739608736585
2011-02-20 03:00:00,8.40089174309882
2011-02-20 04:00:00,2.1337258156338055
2011-02-20 06:00:00,3.7472005450586985
2011-02-20 07:00:00,12.632131375831975
2011-02-20 08:00:00,35.296544729851504
2011-02-20 09:00:00,59.82385162374447
2011-02-20 10:00:00,121.03919814322659
2011-02-20 11:00:00,134.32187754001714
2011-02-20 12:00:00,153.09560614406251
2011-02-20 13:00:00,170.1415155420698
2011-02-20 14:00:00,222.47446611071788
2011-02-20 15:00:00,180.0844904594951
2011-02-20 16:00:00,161.09389294339857
2011-02-20 17:00:00,167.8779341755663
2011-02-20 18:00:00,136.53345958858358
2011-02-20 19:00:00,90.4877688878831
2011-02-20 20:00:00,60.228345726439315
2011-02-20 21:00:00,57.69464359090601
2011-02-20 22:00:00,68.63850691540443
2011-02-20 23:00:00,36.53466715046399
2011-02-21 00:00:00,27.574690632507743
2011-02-21 01:00:00,16.15412285947817
2011-02-21 02:00:00,11.491265323657716
2011-02-21 03:00:00,4.566493124787687
2011-02-21 04:00:00,7.506273987410408
2011-02-21 05:00:00,4.089875378001899
2011-02-21 06:00:00,6.580233803903226
2011-02-21 07:00:00,19.366215204705103
2011-02-21 08:00:00,89.90517061589121
2011-02-21 09:00:00,113.26374911547435
2011-02-21 10:00:00,141.67788435318906
2011-02-21 11:00:00,144.5688459263623
2011-02-21 12:00:00,225.56850948287533
2011-02-21 13:00:00,173.91513121531173
2011-02-21 14:00:00,179.05211461827804
2011-02-21 15:00:00,207.2968335997677
2011-02-21 16:00:00,181.93891130199344
2011-02-21 17:00:00,182.82335481789065
2011-02-21 18:00:00,149.93772643756088
2011-02-21 19:00:00,125.89710601099495
2011-02-21 20:00:00,81.59186666181124
2011-02-21 21:00:00,52.91546502003043
2011-02-21 22:00:00,46.026944300615064
2011-02-21 23:00:00,27.953110954868535
2011-02-22 06:00:00,42.604141040307965
2011-02-22 07:00:00,149.99464795949962
2011-02-22 08:00:00,299.9302242912017
2011-02-22 09:00:00,191.22766829263506
2011-02-22 10:00:00,75.59112185316134
2011-02-22 11:00:00,86.25016988616949
2011-02-22 12:00:00,74.23790126059448
2011-02-22 13:00:00,85.72391321360482
2011-02-22 14:00:00,61.29281188240466
2011-02-22 15:00:00,69.28096179929796
2011-02-22 16:00:00,74.43303089630241
2011-02-22 17:00:00,148.28993084993235
2011-02-22 18:00:00,126.89929290533274
2011-02-22 19:00:00,109.21712980206873
2011-02-22 20:00:00,74.66586976669879
2011-02-22 21:00:00,56.23790993683888
2011-02-22 22:00:00,44.36218802321473
2011-02-22 23:00:00,31.44703346208803
2011-02-23 00:00:00,12.522909880442867
2011-02-23 01:00:00,6.967487839068598
2011-02-23 02:00:00,1.563931108826614
2011-02-23 03:00:00,1.3263096278137516
2011-02-23 05:00:00,4.513046535099232
2011-02-23 06:00:00,28.43395441911261
2011-02-23 07:00:00,98.69665242576353
2011-02-23 08:00:00,193.93051478746202
2011-02-23 09:00:00,135.87321159596496
2011-02-23 10:00:00,70.23751381306751
2011-02-23 11:00:00,80.7162718969802
2011-02-23 12:00:00,93.35722089447697
2011-02-23 13:00:00,82.6173229452222
2011-02-23 14:00:00,72.97471215209177
2011-02-23 15:00:00,93.1088399317059
2011-02-23 16:00:00,113.6313853154692
2011-02-23 17:00:00,314.35445380045735
2011-02-23 18:00:00,263.4919375362674
2011-02-23 19:00:00,140.87589344091134
2011-02-23 20:00:00,101.69583914206282
2011-02-23 21:00:00,67.53732039391869
2011-02-23 22:00:00,54.7818187409978
2011-02-23 23:00:00,24.09551373287421
2011-02-24 00:00:00,13.419729041673516
2011-02-24 01:00:00,6.2776702949685825
2011-02-24 02:00:00,3.010354405732989
2011-02-24 03:00:00,2.5749977073859625
2011-02-24 05:00:00,15.012046913926497
2011-02-24 06:00:00,83.90179173453961
2011-02-24 07:00:00,334.29509354501306
2011-02-24 08:00:00,716.124112011333
2011-02-24 09:00:00,219.51663022634727
2011-02-24 10:00:00,100.38488519776266
2011-02-24 11:00:00,101.23885867972355
2011-02-24 12:00:00,131.63193428372864
2011-02-24 13:00:00,119.04594896882048
2011-02-24 14:00:00,114.98810647051295
2011-02-24 15:00:00,75.01191595269933
2011-02-24 16:00:00,106.01533521557626
2011-02-24 17:00:00,274.50742601072375
2011-02-24 18:00:00,223.0167914255511
2011-02-24 19:00:00,92.52401241433789
2011-02-24 20:00:00,95.86853164174521
2011-02-24 21:00:00,102.60127043772704
2011-02-24 22:00:00,45.4067257462694
2011-02-24 23:00:00,45.660888229800605
2011-02-25 00:00:00,10.549363345504611
2011-02-25 01:00:00,11.529768111956127
2011-02-25 02:00:00,8.314456435770245
2011-02-25 03:00:00,1.8735520258615974
2011-02-25 05:00:00,9.248422277778978
2011-02-25 06:00:00,45.231901607158754
2011-02-25 07:00:00,136.7000326250246
2011-02-25 08:00:00,439.0525216696506
2011-02-25 09:00:00,120.36516993544792
2011-02-25 10:00:00,51.98039868840996
2011-02-25 11:00:00,131.0874300789029
2011-02-25 12:00:00,198.94660275950744
2011-02-25 13:00:00,187.3974091548732
2011-02-25 14:00:00,139.22102982315016
2011-02-25 15:00:00,190.40168480223247
2011-02-25 16:00:00,186.45864941467707
2011-02-25 17:00:00,250.53250119024034
2011-02-25 18:00:00,204.43674605684924
2011-02-25 19:00:00,139.71635000530836
2011-02-25 20:00:00,87.5449792590737
2011-02-25 21:00:00,80.75238220157888
2011-02-25 22:00:00,82.13285095948346
2011-02-25 23:00:00,61.87013986302229
2011-02-26 00:00:00,37.873416287968446
2011-02-26 01:00:00,20.707301039172044
2011-02-26 02:00:00,16.22364422039875
2011-02-26 03:00:00,11.933682594177489
2011-02-26 04:00:00,2.529834919253956
2011-02-26 05:00:00,1.9311372322102414
2011-02-26 06:00:00,3.319089376632397
2011-02-26 07:00:00,8.099200910179164
2011-02-26 08:00:00,48.23890566065487
2011-02-26 09:00:00,69.24024070760527
2011-02-26 10:00:00,151.16177201598592
2011-02-26 11:00:00,227.56922358186887
2011-02-26 12:00:00,260.78439685275174
2011-02-26 13:00:00,288.49523622931105
2011-02-26 14:00:00,241.76762266032986
2011-02-26 15:00:00,250.4542650086968
2011-02-26 16:00:00,227.58832275257942
2011-02-26 17:00:00,224.73163985613579
2011-02-26 18:00:00,141.93957240588662
2011-02-26 19:00:00,86.0128224733706
2011-02-26 20:00:00,73.57670000964714
2011-02-26 21:00:00,67.26035317455874
2011-02-26 22:00:00,63.815544155016426
2011-02-26 23:00:00,43.43677857057914
2011-02-27 00:00:00,31.750997036775615
2011-02-27 01:00:00,42.246809785889546
2011-02-27 02:00:00,34.79249700051946
2011-02-27 03:00:00,12.452060488556356
2011-02-27 04:00:00,9.061283031835954
2011-02-27 06:00:00,3.031478675849785
2011-02-27 07:00:00,15.925193853168782
2011-02-27 08:00:00,28.852260378702486
2011-02-27 09:00:00,42.681622623195324
2011-02-27 10:00:00,107.87807597050495
2011-02-27 11:00:00,138.16461216195688
2011-02-27 12:00:00,261.1952050130581
2011-02-27 13:00:00,264.3077397726006
2011-02-27 14:00:00,206.93724452382125
2011-02-27 15:00:00,265.5226970597793
2011-02-27 16:00:00,281.31522069762525
2011-02-27 17:00:00,176.69585010221797
2011-02-27 18:00:00,121.47104741057846
2011-02-27 19:00:00,97.94063728961912
2011-02-27 20:00:00,89.32721783712897
2011-02-27 21:00:00,77.508792996242
2011-02-27 22:00:00,57.85522798531253
2011-02-27 23:00:00,30.932768803610067
2011-02-28 00:00:00,15.652234548142513
2011-02-28 01:00:00,4.2118308894874135
2011-02-28 03:00:00,0.9938219656586857
2011-02-28 05:00:00,7.522582727665864
2011-02-28 06:00:00,60.383974291673326
2011-02-28 07:00:00,131.2916129477559
2011-02-28 08:00:00,216.79247992593247
2011-02-28 09:00:00,181.65752163979857
2011-02-28 10:00:00,93.85494302462197
2011-02-28 11:00:00,104.23375375105744
2011-02-28 12:00:00,158.13383847083955
2011-02-28 13:00:00,85.41230826577542
2011-02-28 14:00:00,33.32217073657581
2011-02-28 15:00:00,27.651302206969042
2011-02-28 16:00:00,75.37983556074292
2011-02-28 17:00:00,84.07796940270576
2011-02-28 18:00:00,139.56772892173333
2011-02-28 19:00:00,84.37211287649282
2011-02-28 20:00:00,62.21464603593027
2011-02-28 21:00:00,49.02632258062635
2011-02-28 22:00:00,23.96539004852965
2011-02-28 23:00:00,25.01753737788485
2011-03-20 00:00:00,60.02627316417215
2011-03-20 01:00:00,33.7402839678621
2011-03-20 02:00:00,35.48726191754311
2011-03-20 03:00:00,19.483385050555285
2011-03-20 04:00:00,2.5282239406146036
2011-03-20 05:00:00,3.430126402897876
2011-03-20 06:00:00,2.7178311200045564
2011-03-20 07:00:00,11.27697582165304
2011-03-20 08:00:00,67.18281516392516
2011-03-20 09:00:00,213.58719208245395
2011-03-20 10:00:00,244.20132618652855
2011-03-20 11:00:00,281.5957162842397
2011-03-20 12:00:00,310.98202917154885
2011-03-20 13:00:00,335.8660364622328
2011-03-20 14:00:00,385.83194438913256
2011-03-20 15:00:00,358.38814120842915
2011-03-20 16:00:00,338.21953037467034
2011-03-20 17:00:00,238.84056151540503
2011-03-20 18:00:00,151.13798763591254
2011-03-20 19:00:00,153.39835102177318
2011-03-20 20:00:00,115.36420014279544
2011-03-20 21:00:00,63.4783649656272
2011-03-20 22:00:00,42.56851286157919
2011-03-20 23:00:00,23.35798158121942
2011-03-21 00:00:00,25.02520908831063
2011-03-21 01:00:00,11.839614195466925
2011-03-21 02:00:00,5.586157231407774
2011-03-21 03:00:00,2.0313966168101234
2011-03-21 05:00:00,10.307061439484476
2011-03-21 06:00:00,53.28369014732732
2011-03-21 07:00:00,80.53292869957346
2011-03-21 08:00:00,271.50279527618835
2011-03-21 09:00:00,126.24535457509289
2011-03-21 10:00:00,80.46897788383346
2011-03-21 11:00:00,123.745649438897
2011-03-21 12:00:00,207.9670087966081
2011-03-21 13:00:00,197.19452039811196
2011-03-21 14:00:00,217.4334183471492
2011-03-21 15:00:00,239.64345213263852
2011-03-21 16:00:00,322.04601618760006
2011-03-21 17:00:00,902.6863033266993
2011-03-21 18:00:00,759.7833110628674
2011-03-21 19:00:00,585.3101268174235
2011-03-21 20:00:00,327.54236107140616
2011-03-21 21:00:00,176.33241066352952
2011-03-21 22:00:00,142.0449247736072
2011-03-21 23:00:00,62.357801833510926
2011-03-22 00:00:00,46.83413020630185
2011-03-22 01:00:00,7.560552064725209
2011-03-22 02:00:00,6.348515865468454
2011-03-22 03:00:00,3.423202087700755
2011-03-22 04:00:00,3.6773901330983616
2011-03-22 05:00:00,18.67402573501063
2011-03-22 06:00:00,104.72857003540437
2011-03-22 07:00:00,374.9006338870863
2011-03-22 08:00:00,547.2419954675854
2011-03-22 09:00:00,172.6948995463012
2011-03-22 10:00:00,120.17843816049016
2011-03-22 11:00:00,122.21646333928568
2011-03-22 12:00:00,170.0464579843448
2011-03-22 13:00:00,192.61135935515014
2011-03-22 14:00:00,152.5157596830318
2011-03-22 15:00:00,186.81284885210616
2011-03-22 16:00:00,244.87308386180376
2011-03-22 17:00:00,545.9310133360458
2011-03-22 18:00:00,541.533787359902
2011-03-22 19:00:00,312.3360182476104
2011-03-22 20:00:00,232.0381501033792
2011-03-22 21:00:00,136.18877789380446
2011-03-22 22:00:00,85.24174800936416
2011-03-22 23:00:00,48.605472797833016
2011-03-23 00:00:00,16.91744836890795
2011-03-23 01:00:00,10.849453849620632
2011-03-23 02:00:00,4.830274841027855
2011-03-23 03:00:00,2.376511666381369
2011-03-23 05:00:00,7.145480198193909
2011-03-23 06:00:00,69.23102976714758
2011-03-23 07:00:00,154.38068897762014
2011-03-23 08:00:00,299.1517887906357
2011-03-23 09:00:00,146.71927969202102
2011-03-23 10:00:00,49.057155601247395
2011-03-23 11:00:00,51.536279427302524
2011-03-23 12:00:00,48.20033506165064
2011-03-23 13:00:00,44.11829427939941
2011-03-23 14:00:00,63.507005750525124
2011-03-23 15:00:00,93.05335927457698
2011-03-23 16:00:00,177.954109854078
2011-03-23 17:00:00,435.90134427469525
2011-03-23 18:00:00,232.06758338359495
2011-03-23 19:00:00,167.82198824422727
2011-03-23 20:00:00,31.749081877554865
2011-03-23 21:00:00,24.293890183168315
2011-03-23 22:00:00,48.698257238428646
2011-03-23 23:00:00,20.636526866770197
2011-03-24 00:00:00,12.716578333045533
2011-03-24 01:00:00,5.019260843398261
2011-03-24 02:00:00,3.936654643486466
2011-03-24 03:00:00,1.8111879119557988
2011-03-24 04:00:00,1.9091002834847177
2011-03-24 05:00:00,14.419314767617577
2011-03-24 06:00:00,51.33954452729662
2011-03-24 07:00:00,69.68008860812417
2011-03-24 08:00:00,104.27352335756763
2011-03-24 09:00:00,130.79241528124223
2011-03-24 10:00:00,59.701741498121294
2011-03-24 11:00:00,61.10963022568214
2011-03-24 12:00:00,91.38483067148397
2011-03-24 13:00:00,77.47694082227686
2011-03-24 14:00:00,63.553233662662464
2011-03-24 15:00:00,73.20752706783577
2011-03-24 16:00:00,101.03351460605289
2011-03-24 17:00:00,238.9068535614251
2011-03-24 18:00:00,339.4456683897737
2011-03-24 19:00:00,247.06964428890484
2011-03-24 20:00:00,119.90065588160493
2011-03-24 21:00:00,77.68965964135437
2011-03-24 22:00:00,68.43050016140562
2011-03-24 23:00:00,55.58740982974379
2011-03-25 00:00:00,33.11961306375538
2011-03-25 01:00:00,14.580362353814648
2011-03-25 02:00:00,3.9040604583694574
2011-03-25 03:00:00,3.5248898611489783
2011-03-25 04:00:00,2.417192072677571
2011-03-25 05:00:00,14.386198397586313
2011-03-25 06:00:00,53.726828047217495
2011-03-25 07:00:00,199.06075825280703
2011-03-25 08:00:00,455.36290920088845
2011-03-25 09:00:00,222.21820855864183
2011-03-25 10:00:00,145.89932542437066
2011-03-25 11:00:00,106.65486949977344
2011-03-25 12:00:00,124.41724839221914
2011-03-25 13:00:00,114.84311618500388
2011-03-25 14:00:00,173.58522046381395
2011-03-25 15:00:00,127.52894677312402
2011-03-25 16:00:00,186.30374294807683
2011-03-25 17:00:00,429.13513514311256
2011-03-25 18:00:00,219.86096240907182
2011-03-25 19:00:00,239.79502326272217
2011-03-25 20:00:00,99.3285475580367
2011-03-25 21:00:00,73.96515562637295
2011-03-25 22:00:00,99.21721095127995
2011-03-25 23:00:00,76.32397915405659
2011-03-26 00:00:00,110.39805352726974
2011-03-26 01:00:00,46.17388546768138
2011-03-26 02:00:00,48.078732505129594
2011-03-26 03:00:00,13.343627663835013
2011-03-26 04:00:00,5.597200459715055
2011-03-26 05:00:00,9.052470816076024
2011-03-26 06:00:00,11.471156872966333
2011-03-26 07:00:00,41.37592398221208
2011-03-26 08:00:00,139.41939889214956
2011-03-26 09:00:00,253.1275685595515
2011-03-26 10:00:00,242.50968805185747
2011-03-26 11:00:00,252.82599676992172
2011-03-26 12:00:00,343.7125174972007
2011-03-26 13:00:00,378.0190645514967
2011-03-26 14:00:00,407.98852614652986
2011-03-26 15:00:00,435.89469299877624
2011-03-26 16:00:00,413.19359844997973
2011-03-26 17:00:00,348.4851902642205
2011-03-26 18:00:00,207.52707679726512
2011-03-26 19:00:00,123.24387492714871
2011-03-26 20:00:00,88.35276968661596
2011-03-26 21:00:00,91.05599157861629
2011-03-26 22:00:00,82.91339354737289
2011-03-26 23:00:00,85.70004475037372
2011-03-27 00:00:00,99.1868422891168
2011-03-27 01:00:00,71.44991505813113
2011-03-27 02:00:00,32.00067932806859
2011-03-27 03:00:00,7.181895455471628
2011-03-27 04:00:00,4.550217819075199
2011-03-27 06:00:00,8.705470623654968
2011-03-27 07:00:00,26.38695045358211
2011-03-27 08:00:00,41.705351092048396
2011-03-27 09:00:00,186.84153459144036
2011-03-27 10:00:00,156.87936627603176
2011-03-27 11:00:00,272.56919630839946
2011-03-27 12:00:00,350.4423403398812
2011-03-27 13:00:00,371.43580189766743
2011-03-27 14:00:00,438.5407340500251
2011-03-27 15:00:00,391.46004026192577
2011-03-27 16:00:00,353.63123514915975
2011-03-27 17:00:00,336.9762892024849
2011-03-27 18:00:00,225.72979873019958
2011-03-27 19:00:00,176.3461165369962
2011-03-27 20:00:00,114.31081268167458
2011-03-27 21:00:00,77.1315855798646
2011-03-27 22:00:00,66.05478832331833
2011-03-27 23:00:00,32.91039221724768
2011-03-28 00:00:00,11.409625053245485
2011-03-28 01:00:00,6.834619271198118
2011-03-28 02:00:00,3.542091810956264
2011-03-28 03:00:00,1.5206784457496325
2011-03-28 05:00:00,11.463127174892914
2011-03-28 06:00:00,63.04527931744663
2011-03-28 07:00:00,151.77265188647843
2011-03-28 08:00:00,279.91465913659204
2011-03-28 09:00:00,137.5230975768114
2011-03-28 10:00:00,108.3773755136276
2011-03-28 11:00:00,95.5888982671424
2011-03-28 12:00:00,194.38258789034887
2011-03-28 13:00:00,168.64102295391447
2011-03-28 14:00:00,153.89603763604939
2011-03-28 15:00:00,169.56153583928358
2011-03-28 16:00:00,207.78184844247664
2011-03-28 17:00:00,491.97817358431723
2011-03-28 18:00:00,389.5007085784503
2011-03-28 19:00:00,220.07671971697815
2011-03-28 20:00:00,150.75442368959577
2011-03-28 21:00:00,104.58285116258149
2011-03-28 22:00:00,58.94252882544907
2011-03-28 23:00:00,42.67783728490499
2011-03-29 00:00:00,18.803632761438198
2011-03-29 01:00:00,4.284603677462646
2011-03-29 02:00:00,2.6264812306458767
2011-03-29 03:00:00,2.0091379424027256
2011-03-29 04:00:00,2.5944522079004195
2011-03-29 05:00:00,22.848533551307273
2011-03-29 06:00:00,102.77166763843222
2011-03-29 07:00:00,216.53688168691588
2011-03-29 08:00:00,462.43459325064566
2011-03-29 09:00:00,278.2737567741198
2011-03-29 10:00:00,160.93611429599392
2011-03-29 11:00:00,98.8933329516617
2011-03-29 12:00:00,172.1174593453146
2011-03-29 13:00:00,171.7958737617896
2011-03-29 14:00:00,171.43630001133454
2011-03-29 15:00:00,158.8537716903742
2011-03-29 16:00:00,167.2318128724446
2011-03-29 17:00:00,365.061524223826
2011-03-29 18:00:00,359.79958248323544
2011-03-29 19:00:00,290.1627882667314
2011-03-29 20:00:00,168.03290325370475
2011-03-29 21:00:00,128.65296771179757
2011-03-29 22:00:00,91.89705502877808
2011-03-29 23:00:00,46.112948456580604
2011-03-30 00:00:00,24.429897641425143
2011-03-30 01:00:00,6.744515610192643
2011-03-30 02:00:00,4.093350655544
2011-03-30 03:00:00,2.308182346814958
2011-03-30 04:00:00,3.006926354065775
2011-03-30 05:00:00,38.61999734906136
2011-03-30 06:00:00,86.63850164164425
2011-03-30 07:00:00,382.60636858952626
2011-03-30 08:00:00,520.0824269177303
2011-03-30 09:00:00,253.76264572188407
2011-03-30 10:00:00,127.98401149427964
2011-03-30 11:00:00,100.01240493054851
2011-03-30 12:00:00,154.69497407678972
2011-03-30 13:00:00,147.51675815037333
2011-03-30 14:00:00,149.89483504588708
2011-03-30 15:00:00,37.9052504141726
2011-03-30 16:00:00,46.5230301524334
2011-03-30 17:00:00,117.62676616452032
2011-03-30 18:00:00,146.7978671639932
2011-03-30 19:00:00,150.08515187511495
2011-03-30 20:00:00,46.14992571983728
2011-03-30 21:00:00,89.94243247503393
2011-03-30 22:00:00,50.6874211536802
2011-03-30 23:00:00,18.593445460055715
2011-03-31 00:00:00,8.302416615012278
2011-03-31 01:00:00,5.192259063062076
2011-03-31 02:00:00,4.838929001893138
2011-03-31 03:00:00,2.004361852878184
2011-03-31 04:00:00,2.52415125612624
2011-03-31 05:00:00,10.481409625701263
2011-03-31 06:00:00,29.156602246674304
2011-03-31 07:00:00,109.42715691508526
2011-03-31 08:00:00,303.23961920405713
2011-03-31 09:00:00,95.5681614626962
2011-03-31 10:00:00,48.22245046340706
2011-03-31 11:00:00,49.28603154541336
2011-03-31 12:00:00,54.77719534091021
2011-03-31 13:00:00,57.560024745106816
2011-03-31 14:00:00,44.73816884292943
2011-03-31 15:00:00,33.04537612040539
2011-03-31 16:00:00,79.47215765122263
2011-03-31 17:00:00,206.56458758188458
2011-03-31 18:00:00,190.70025656124338
2011-03-31 19:00:00,152.9518603724869
2011-03-31 20:00:00,57.786768702382076
2011-03-31 21:00:00,74.43363427014174
2011-03-31 22:00:00,44.18022927831789
2011-03-31 23:00:00,29.707127072114137
2011-04-20 00:00:00,22.090699207825104
2011-04-20 01:00:00,4.119803953930427
2011-04-20 02:00:00,3.8369981260524835
2011-04-20 03:00:00,2.1306869813859213
2011-04-20 04:00:00,1.3396057522829168
2011-04-20 05:00:00,10.536503609781043
2011-04-20 06:00:00,60.61363356276652
2011-04-20 07:00:00,195.77715776334833
2011-04-20 08:00:00,467.90525957689573
2011-04-20 09:00:00,226.0555258555645
2011-04-20 10:00:00,130.7723971078783
2011-04-20 11:00:00,122.10532072019323
2011-04-20 12:00:00,188.46190540022147
2011-04-20 13:00:00,163.79953014013006
2011-04-20 14:00:00,172.99605903380896
2011-04-20 15:00:00,248.28846040818402
2011-04-20 16:00:00,382.4520546873115
2011-04-20 17:00:00,771.8876411550862
2011-04-20 18:00:00,578.8257553146582
2011-04-20 19:00:00,539.5856472530514
2011-04-20 20:00:00,361.23983579157607
2011-04-20 21:00:00,281.7877954445859
2011-04-20 22:00:00,185.744115375089
2011-04-20 23:00:00,104.37231700914862
2011-04-21 00:00:00,34.39721320784427
2011-04-21 01:00:00,15.115048715423116
2011-04-21 02:00:00,11.844538154376796
2011-04-21 03:00:00,4.370203289654108
2011-04-21 04:00:00,3.0235639533337317
2011-04-21 05:00:00,29.904852085068526
2011-04-21 06:00:00,80.7133853097683
2011-04-21 07:00:00,315.9035347732835
2011-04-21 08:00:00,557.2265116080631
2011-04-21 09:00:00,235.64333608065266
2011-04-21 10:00:00,184.40008513835804
2011-04-21 11:00:00,150.85811795398723
2011-04-21 12:00:00,199.41350678023412
2011-04-21 13:00:00,253.41040733715536
2011-04-21 14:00:00,211.15127617480115
2011-04-21 15:00:00,214.8179726917636
2011-04-21 16:00:00,295.09767526001184
2011-04-21 17:00:00,753.8526569651475
2011-04-21 18:00:00,566.9180322299782
2011-04-21 19:00:00,404.8764669623285
2011-04-21 20:00:00,285.7916209203251
2011-04-21 21:00:00,211.74685952689637
2011-04-21 22:00:00,199.01890312499066
2011-04-21 23:00:00,104.5055329546061
2011-04-22 00:00:00,36.89756188873707
2011-04-22 01:00:00,23.751126411273887
2011-04-22 02:00:00,10.154731538539577
2011-04-22 03:00:00,6.681312984119969
2011-04-22 04:00:00,3.6391519345124506
2011-04-22 05:00:00,20.99418472444656
2011-04-22 06:00:00,81.39849973307294
2011-04-22 07:00:00,286.5928186518177
2011-04-22 08:00:00,460.868790992114
2011-04-22 09:00:00,130.38908942282166
2011-04-22 10:00:00,110.50512638836861
2011-04-22 11:00:00,61.7812258370778
2011-04-22 12:00:00,66.03919896131636
2011-04-22 13:00:00,29.073712723000323
2011-04-22 14:00:00,19.146767338090733
2011-04-22 15:00:00,30.627889064193397
2011-04-22 16:00:00,59.29354565064619
2011-04-22 17:00:00,115.58196972533298
2011-04-22 18:00:00,78.84791016872852
2011-04-22 19:00:00,81.33572317715142
2011-04-22 20:00:00,41.605054192194295
2011-04-22 21:00:00,46.218966118909115
2011-04-22 22:00:00,32.61937493567557
2011-04-22 23:00:00,47.22742427809563
2011-04-23 00:00:00,26.36517951571195
2011-04-23 01:00:00,19.93710007016089
2011-04-23 02:00:00,32.88345853875473
2011-04-23 03:00:00,9.99007511436374
2011-04-23 04:00:00,4.100518304227845
2011-04-23 05:00:00,3.841380745200164
2011-04-23 06:00:00,16.466577362374206
2011-04-23 07:00:00,29.24269801167572
2011-04-23 08:00:00,55.39184774275292
2011-04-23 09:00:00,45.3034677011808
2011-04-23 10:00:00,117.69981647292725
2011-04-23 11:00:00,141.7672232327314
2011-04-23 12:00:00,123.70718316521767
2011-04-23 13:00:00,152.13073032329473
2011-04-23 14:00:00,267.69966108745575
2011-04-23 15:00:00,411.7322849870713
2011-04-23 16:00:00,428.79272525530985
2011-04-23 17:00:00,435.9339785676846
2011-04-23 18:00:00,286.8915722187262
2011-04-23 19:00:00,232.8190617477431
2011-04-23 20:00:00,120.04997053645961
2011-04-23 21:00:00,147.41831295321774
2011-04-23 22:00:00,156.76577723904964
2011-04-23 23:00:00,75.59508686927741
2011-04-24 00:00:00,103.19870291674405
2011-04-24 01:00:00,43.894334176364076
2011-04-24 02:00:00,49.52385022292415
2011-04-24 03:00:00,15.156551842028685
2011-04-24 04:00:00,8.411283349996712
2011-04-24 05:00:00,10.919434421818353
2011-04-24 06:00:00,4.769959791292105
2011-04-24 07:00:00,15.512461477706788
2011-04-24 08:00:00,78.26192145437281
2011-04-24 09:00:00,163.05928180657457
2011-04-24 10:00:00,306.9279546804843
2011-04-24 11:00:00,416.7509590704242
2011-04-24 12:00:00,442.5123004632727
2011-04-24 13:00:00,482.3637703809496
2011-04-24 14:00:00,515.3480663146104
2011-04-24 15:00:00,528.4015219493957
2011-04-24 16:00:00,419.5259748168302
2011-04-24 17:00:00,511.7376248550104
2011-04-24 18:00:00,413.5515527376853
2011-04-24 19:00:00,139.3644304816804
2011-04-24 20:00:00,90.76728051370317
2011-04-24 21:00:00,49.97333117810013
2011-04-24 22:00:00,31.06242584672958
2011-04-24 23:00:00,35.869236250337615
2011-04-25 00:00:00,11.330163869743943
2011-04-25 01:00:00,5.653492294518504
2011-04-25 02:00:00,4.612373353729108
2011-04-25 03:00:00,1.7982191609933587
2011-04-25 04:00:00,2.599350762996886
2011-04-25 05:00:00,9.289134259434348
2011-04-25 06:00:00,38.62095496432246
2011-04-25 07:00:00,162.40947869760916
2011-04-25 08:00:00,437.82385557951994
2011-04-25 09:00:00,316.42274635708486
2011-04-25 10:00:00,124.01992022853848
2011-04-25 11:00:00,133.7469846094172
2011-04-25 12:00:00,148.95695044384166
2011-04-25 13:00:00,149.33088533719828
2011-04-25 14:00:00,140.50959574215076
2011-04-25 15:00:00,146.6192692710396
2011-04-25 16:00:00,219.99540565550757
2011-04-25 17:00:00,427.62988065859116
2011-04-25 18:00:00,409.36920193815763
2011-04-25 19:00:00,316.4414562934905
2011-04-25 20:00:00,175.69529913621852
2011-04-25 21:00:00,152.37662718620737
2011-04-25 22:00:00,78.60180509560577
2011-04-25 23:00:00,34.86156475237658
2011-04-26 00:00:00,21.038509250408072
2011-04-26 01:00:00,7.3962896058404
2011-04-26 02:00:00,3.947184457343778
2011-04-26 03:00:00,2.2831316992017126
2011-04-26 04:00:00,3.858034960069589
2011-04-26 05:00:00,14.433509684927884
2011-04-26 06:00:00,66.45918762927721
2011-04-26 07:00:00,352.97892340525624
2011-04-26 08:00:00,544.6678414564177
2011-04-26 09:00:00,215.58317664192214
2011-04-26 10:00:00,98.69345224592047
2011-04-26 11:00:00,96.61725892391159
2011-04-26 12:00:00,130.50970126190137
2011-04-26 13:00:00,133.37944195278598
2011-04-26 14:00:00,130.68082654698316
2011-04-26 15:00:00,126.33182918964506
2011-04-26 16:00:00,188.17383681353408
2011-04-26 17:00:00,405.6943224197714
2011-04-26 18:00:00,402.80791716602175
2011-04-26 19:00:00,305.23827495225333
2011-04-26 20:00:00,203.96722284860286
2011-04-26 21:00:00,152.32461233812288
2011-04-26 22:00:00,94.21594615389783
2011-04-26 23:00:00,39.34394399474595
2011-04-27 00:00:00,27.436759118966787
2011-04-27 01:00:00,8.843160596029477
2011-04-27 02:00:00,3.928845505609524
2011-04-27 03:00:00,2.2333664586431867
2011-04-27 04:00:00,2.5950564622142016
2011-04-27 05:00:00,9.622908582095203
2011-04-27 06:00:00,49.239391575350616
2011-04-27 07:00:00,262.27851834280284
2011-04-27 08:00:00,377.1595128900472
2011-04-27 09:00:00,142.77838849162154
2011-04-27 10:00:00,83.95209622626219
2011-04-27 11:00:00,109.67941931406878
2011-04-27 12:00:00,85.42550508017275
2011-04-27 13:00:00,82.64411589523893
2011-04-27 14:00:00,112.841114022145
2011-04-27 15:00:00,137.10803814290884
2011-04-27 16:00:00,200.00697511524308
2011-04-27 17:00:00,250.33618063961745
2011-04-27 18:00:00,255.71976189049323
2011-04-27 19:00:00,303.4988458273967
2011-04-27 20:00:00,174.0100280974604
2011-04-27 21:00:00,112.09797056979674
2011-04-27 22:00:00,50.45785962283425
2011-04-27 23:00:00,30.17529157902428
2011-04-28 00:00:00,32.45723857073392
2011-04-28 01:00:00,8.168743429090739
2011-04-28 02:00:00,3.512501506492318
2011-04-28 03:00:00,2.3998891224962824
2011-04-28 04:00:00,2.464237747028647
2011-04-28 05:00:00,17.256553364968877
2011-04-28 06:00:00,111.07980946518991
2011-04-28 07:00:00,264.0857650896024
2011-04-28 08:00:00,385.9016787341795
2011-04-28 09:00:00,114.28012899747037
2011-04-28 10:00:00,74.04783785628699
2011-04-28 11:00:00,74.10802843433515
2011-04-28 12:00:00,110.22095047824801
2011-04-28 13:00:00,67.564055256324
2011-04-28 14:00:00,72.38972995403613
2011-04-28 15:00:00,139.93257211837513
2011-04-28 16:00:00,183.7238366768728
2011-04-28 17:00:00,540.7369801837107
2011-04-28 18:00:00,530.3737685430475
2011-04-28 19:00:00,529.5759578325603
2011-04-28 20:00:00,333.33669657448195
2011-04-28 21:00:00,290.03967363714224
2011-04-28 22:00:00,220.01575758174067
2011-04-28 23:00:00,149.5019500858379
2011-04-29 00:00:00,63.93490934207948
2011-04-29 01:00:00,35.23928268123202
2011-04-29 02:00:00,23.71182012658156
2011-04-29 03:00:00,9.937693802397485
2011-04-29 04:00:00,5.449285608122417
2011-04-29 05:00:00,20.529898676029774
2011-04-29 06:00:00,98.47129376734566
2011-04-29 07:00:00,289.84266066560093
2011-04-29 08:00:00,580.7540995720314
2011-04-29 09:00:00,298.34820006532055
2011-04-29 10:00:00,194.71358316476002
2011-04-29 11:00:00,220.121219096475
2011-04-29 12:00:00,258.5986762886746
2011-04-29 13:00:00,274.1854815139832
2011-04-29 14:00:00,229.2042906276739
2011-04-29 15:00:00,206.98402193420108
2011-04-29 16:00:00,267.29748573579167
2011-04-29 17:00:00,528.3229158149871
2011-04-29 18:00:00,425.19745189001543
2011-04-29 19:00:00,233.77175334747398
2011-04-29 20:00:00,218.74278411280707
2011-04-29 21:00:00,139.66106473003896
2011-04-29 22:00:00,156.8833310394244
2011-04-29 23:00:00,116.35930639700456
2011-04-30 00:00:00,45.733154875419906
2011-04-30 01:00:00,53.90356861984443
2011-04-30 02:00:00,43.28869030506343
2011-04-30 03:00:00,21.23037703077506
2011-04-30 04:00:00,7.379923869920176
2011-04-30 05:00:00,5.811357906427334
2011-04-30 06:00:00,17.050674223648507
2011-04-30 07:00:00,35.975994146016745
2011-04-30 08:00:00,102.29541345049529
2011-04-30 09:00:00,169.06912828731657
2011-04-30 10:00:00,285.07910539916975
2011-04-30 11:00:00,366.28190976179246
2011-04-30 12:00:00,428.35335226154217
2011-04-30 13:00:00,474.22624269840264
2011-04-30 14:00:00,586.6482525803563
2011-04-30 15:00:00,558.9488190532832
2011-04-30 16:00:00,533.8447754271839
2011-04-30 17:00:00,555.670321195971
2011-04-30 18:00:00,479.50521230524083
2011-04-30 19:00:00,375.8163200251238
2011-04-30 20:00:00,172.27708128474583
2011-04-30 21:00:00,168.59077150099776
2011-04-30 22:00:00,125.34954389088584
2011-04-30 23:00:00,93.71983996070296
2011-05-20 00:00:00,47.52050166844821
2011-05-20 01:00:00,15.406931489586194
2011-05-20 02:00:00,14.805457756555718
2011-05-20 03:00:00,6.716243367208466
2011-05-20 04:00:00,5.196701420958038
2011-05-20 05:00:00,32.776858365013396
2011-05-20 06:00:00,125.99415578586154
2011-05-20 07:00:00,307.60133827404235
2011-05-20 08:00:00,704.5803698644719
2011-05-20 09:00:00,283.49497142387247
2011-05-20 10:00:00,223.2342618522757
2011-05-20 11:00:00,287.415860049859
2011-05-20 12:00:00,341.4638918813642
2011-05-20 13:00:00,240.90247080758482
2011-05-20 14:00:00,264.6223761183426
2011-05-20 15:00:00,274.1548896334911
2011-05-20 16:00:00,392.5877976548145
2011-05-20 17:00:00,481.32272476028373
2011-05-20 18:00:00,497.5437131037761
2011-05-20 19:00:00,409.8434279463777
2011-05-20 20:00:00,277.2215190993602
2011-05-20 21:00:00,294.5259478593086
2011-05-20 22:00:00,252.9278878170881
2011-05-20 23:00:00,183.9044821198493
2011-05-21 00:00:00,156.63419466465987
2011-05-21 01:00:00,105.1277880848257
2011-05-21 02:00:00,66.54715443833528
2011-05-21 03:00:00,28.313101873851572
2011-05-21 04:00:00,5.645873050612057
2011-05-21 05:00:00,10.893441860464293
2011-05-21 06:00:00,28.970668687577547
2011-05-21 07:00:00,107.46867005144269
2011-05-21 08:00:00,192.61393101140828
2011-05-21 09:00:00,330.0592092692295
2011-05-21 10:00:00,567.2438705705644
2011-05-21 11:00:00,557.3955264459884
2011-05-21 12:00:00,629.8413415841612
2011-05-21 13:00:00,711.1850607060379
2011-05-21 14:00:00,727.6515491456113
2011-05-21 15:00:00,628.0715749618782
2011-05-21 16:00:00,621.6183485228868
2011-05-21 17:00:00,602.8233504985405
2011-05-21 18:00:00,564.7829606348062
2011-05-21 19:00:00,429.5673214445335
2011-05-21 20:00:00,396.3886510969974
2011-05-21 21:00:00,321.969397113322
2011-05-21 22:00:00,221.54267072792558
2011-05-21 23:00:00,193.7016860669337
2011-05-22 00:00:00,155.72578262273106
2011-05-22 01:00:00,78.41447744718975
2011-05-22 02:00:00,76.86605646143374
2011-05-22 03:00:00,27.74960053860525
2011-05-22 04:00:00,9.425362084117626
2011-05-22 05:00:00,14.460900198177063
2011-05-22 06:00:00,18.479336396352835
2011-05-22 07:00:00,60.86990606093078
2011-05-22 08:00:00,155.39695414998272
2011-05-22 09:00:00,210.0016770551735
2011-05-22 10:00:00,373.10601516921577
2011-05-22 11:00:00,448.05013224142834
2011-05-22 12:00:00,474.7803553460541
2011-05-22 13:00:00,602.4434632335759
2011-05-22 14:00:00,291.1790221430191
2011-05-22 15:00:00,471.9071028733933
2011-05-22 16:00:00,493.5990636421141
2011-05-22 17:00:00,434.53104295538066
2011-05-22 18:00:00,411.93946445649857
2011-05-22 19:00:00,335.67470765833343
2011-05-22 20:00:00,291.97541327954815
2011-05-22 21:00:00,180.02533507458233
2011-05-22 22:00:00,137.6706573854459
2011-05-22 23:00:00,70.02689851076748
2011-05-23 00:00:00,27.73847462341506
2011-05-23 01:00:00,14.26240233224791
2011-05-23 02:00:00,4.018583432379924
2011-05-23 03:00:00,2.4584165812867456
2011-05-23 04:00:00,4.60236069515697
2011-05-23 05:00:00,22.4018969675552
2011-05-23 06:00:00,83.8279703994845
2011-05-23 07:00:00,267.01480740159036
2011-05-23 08:00:00,342.88845999895585
2011-05-23 09:00:00,170.67114217733757
2011-05-23 10:00:00,124.35242113062016
2011-05-23 11:00:00,130.32711631542998
2011-05-23 12:00:00,175.97508902213934
2011-05-23 13:00:00,208.75757465272898
2011-05-23 14:00:00,223.77363760596626
2011-05-23 15:00:00,207.4517844698709
2011-05-23 16:00:00,304.8358065716381
2011-05-23 17:00:00,594.1553106249467
2011-05-23 18:00:00,513.8880027372172
2011-05-23 19:00:00,468.89559634022294
2011-05-23 20:00:00,180.97942147588435
2011-05-23 21:00:00,184.25040315368037
2011-05-23 22:00:00,109.84732360855264
2011-05-23 23:00:00,56.73233799933543
2011-05-24 00:00:00,26.75035276756642
2011-05-24 01:00:00,13.441073950752424
2011-05-24 02:00:00,9.767051090695341
2011-05-24 03:00:00,5.083436604176405
2011-05-24 04:00:00,4.995736660613928
2011-05-24 05:00:00,19.43642764913674
2011-05-24 06:00:00,97.10314033038274
2011-05-24 07:00:00,222.94714783799927
2011-05-24 08:00:00,316.6721018246699
2011-05-24 09:00:00,312.54355141843934
2011-05-24 10:00:00,134.05428874447983
2011-05-24 11:00:00,178.05019179274515
2011-05-24 12:00:00,182.67530112829445
2011-05-24 13:00:00,200.86073914309097
2011-05-24 14:00:00,156.1934040389027
2011-05-24 15:00:00,168.20830677734378
2011-05-24 16:00:00,332.9519483734225
2011-05-24 17:00:00,701.0999449266582
2011-05-24 18:00:00,751.764905069143
2011-05-24 19:00:00,547.4753303127533
2011-05-24 20:00:00,321.7425641895697
2011-05-24 21:00:00,224.6265400907183
2011-05-24 22:00:00,73.61877787839016
2011-05-24 23:00:00,103.50025235378993
2011-05-25 00:00:00,28.380516942137497
2011-05-25 01:00:00,11.64746564817984
2011-05-25 02:00:00,9.816725925143851
2011-05-25 03:00:00,5.0760851715649835
2011-05-25 04:00:00,4.851040579660746
2011-05-25 05:00:00,29.73254369499684
2011-05-25 06:00:00,135.59968729193642
2011-05-25 07:00:00,378.0342061518029
2011-05-25 08:00:00,510.19922792090506
2011-05-25 09:00:00,270.74171755011196
2011-05-25 10:00:00,197.49027723566442
2011-05-25 11:00:00,192.8342104891459
2011-05-25 12:00:00,312.8295262737208
2011-05-25 13:00:00,281.82206108513986
2011-05-25 14:00:00,226.56757641366386
2011-05-25 15:00:00,218.16694707392625
2011-05-25 16:00:00,336.6526688244677
2011-05-25 17:00:00,792.8820237321381
2011-05-25 18:00:00,721.2436135188522
2011-05-25 19:00:00,547.1626738402339
2011-05-25 20:00:00,429.21822198228887
2011-05-25 21:00:00,260.88725598058375
2011-05-25 22:00:00,218.73850766242052
2011-05-25 23:00:00,185.2485217058918
2011-05-26 00:00:00,79.92694679068335
2011-05-26 01:00:00,28.636550059993677
2011-05-26 02:00:00,8.664837311087068
2011-05-26 03:00:00,5.590873281693277
2011-05-26 04:00:00,6.070617681252273
2011-05-26 05:00:00,22.220400301271418
2011-05-26 06:00:00,83.73836047985695
2011-05-26 07:00:00,279.6318378454832
2011-05-26 08:00:00,521.0390769714044
2011-05-26 09:00:00,264.3147976449183
2011-05-26 10:00:00,155.52267695539092
2011-05-26 11:00:00,189.8778187254176
2011-05-26 12:00:00,206.47694325354635
2011-05-26 13:00:00,224.24833111505743
2011-05-26 14:00:00,196.00451288098014
2011-05-26 15:00:00,209.77048885202836
2011-05-26 16:00:00,265.4556016616335
2011-05-26 17:00:00,639.0814980546137
2011-05-26 18:00:00,616.2602377658183
2011-05-26 19:00:00,501.4818643054291
2011-05-26 20:00:00,417.8680808842459
2011-05-26 21:00:00,339.20717012098254
2011-05-26 22:00:00,264.6787853863157
2011-05-26 23:00:00,173.8888446466371
2011-05-27 00:00:00,83.47253299135014
2011-05-27 01:00:00,27.073551217800386
2011-05-27 02:00:00,16.874422067871482
2011-05-27 03:00:00,7.354602300457758
2011-05-27 04:00:00,6.030613663423397
2011-05-27 05:00:00,43.466946106849235
2011-05-27 06:00:00,140.01333272501296
2011-05-27 07:00:00,445.0845291959398
2011-05-27 08:00:00,546.617648805061
2011-05-27 09:00:00,319.1684235351027
2011-05-27 10:00:00,245.43068482930192
2011-05-27 11:00:00,227.27447503722414
2011-05-27 12:00:00,331.48867149041587
2011-05-27 13:00:00,335.15954311685425
2011-05-27 14:00:00,249.08664503208217
2011-05-27 15:00:00,278.64195303225586
2011-05-27 16:00:00,354.67233478427295
2011-05-27 17:00:00,613.3871692757639
2011-05-27 18:00:00,702.1625194885353
2011-05-27 19:00:00,274.18182076729823
2011-05-27 20:00:00,339.5907262111208
2011-05-27 21:00:00,221.03544186331501
2011-05-27 22:00:00,321.9865925933897
2011-05-27 23:00:00,192.19456252319628
2011-05-28 00:00:00,138.64685172312198
2011-05-28 01:00:00,105.44854957009672
2011-05-28 02:00:00,76.58905998602384
2011-05-28 03:00:00,38.6794605285653
2011-05-28 04:00:00,10.32328070714191
2011-05-28 05:00:00,12.869434847634007
2011-05-28 06:00:00,32.077746575367165
2011-05-28 07:00:00,74.23206059103575
2011-05-28 08:00:00,142.88252388945702
2011-05-28 09:00:00,297.01773959720344
2011-05-28 10:00:00,347.58007279895304
2011-05-28 11:00:00,446.74856635352535
2011-05-28 12:00:00,435.0047542314368
2011-05-28 13:00:00,452.31935405858326
2011-05-28 14:00:00,423.82583533830007
2011-05-28 15:00:00,522.4766050563197
2011-05-28 16:00:00,506.3179063021482
2011-05-28 17:00:00,630.8657043072436
2011-05-28 18:00:00,463.4827417942261
2011-05-28 19:00:00,369.3994525681828
2011-05-28 20:00:00,303.538501568361
2011-05-28 21:00:00,263.77881033516763
2011-05-28 22:00:00,238.09553141289646
2011-05-28 23:00:00,231.77485525228454
2011-05-29 00:00:00,117.8722422415655
2011-05-29 01:00:00,100.02928848484045
2011-05-29 02:00:00,63.22325857255787
2011-05-29 03:00:00,33.84975923645848
2011-05-29 04:00:00,10.158746477145773
2011-05-29 05:00:00,15.537594352319854
2011-05-29 06:00:00,12.856042500604438
2011-05-29 07:00:00,31.867607392893103
2011-05-29 08:00:00,74.65415714673759
2011-05-29 09:00:00,83.05038086553931
2011-05-29 10:00:00,300.10489996230655
2011-05-29 11:00:00,337.81899776047516
2011-05-29 12:00:00,425.9706313030952
2011-05-29 13:00:00,456.0395665886562
2011-05-29 14:00:00,354.50342319159375
2011-05-29 15:00:00,376.80826202086996
2011-05-29 16:00:00,353.41563014945365
2011-05-29 17:00:00,381.4225202621685
2011-05-29 18:00:00,390.683734237368
2011-05-29 19:00:00,354.34912289186525
2011-05-29 20:00:00,220.90373372934673
2011-05-29 21:00:00,177.31452089424616
2011-05-29 22:00:00,151.23163323836712
2011-05-29 23:00:00,133.8102649025402
2011-05-30 00:00:00,89.67696296647873
2011-05-30 01:00:00,76.90953872953729
2011-05-30 02:00:00,45.7551091581763
2011-05-30 03:00:00,18.52189706245943
2011-05-30 04:00:00,9.848598855861974
2011-05-30 05:00:00,10.143508791087804
2011-05-30 06:00:00,17.092609438010584
2011-05-30 07:00:00,69.33856702410543
2011-05-30 08:00:00,134.9413166597125
2011-05-30 09:00:00,222.54894960903323
2011-05-30 10:00:00,218.44280110804695
2011-05-30 11:00:00,306.22479548282183
2011-05-30 12:00:00,320.1732474164436
2011-05-30 13:00:00,348.0164060012402
2011-05-30 14:00:00,293.5957348871848
2011-05-30 15:00:00,314.7561313894449
2011-05-30 16:00:00,388.79891672332127
2011-05-30 17:00:00,556.5517607450322
2011-05-30 18:00:00,486.8631298479865
2011-05-30 19:00:00,221.79518795840426
2011-05-30 20:00:00,358.3920717639869
2011-05-30 21:00:00,331.22433233030904
2011-05-30 22:00:00,254.4086570569706
2011-05-30 23:00:00,109.33092911598081
2011-05-31 00:00:00,40.429845880498334
2011-05-31 01:00:00,30.49632288937442
2011-05-31 02:00:00,14.31385830090784
2011-05-31 03:00:00,6.946776377545458
2011-05-31 04:00:00,7.567717092447012
2011-05-31 05:00:00,31.34197363795497
2011-05-31 06:00:00,131.12919164454775
2011-05-31 07:00:00,402.47135251130237
2011-05-31 08:00:00,455.6452708504358
2011-05-31 09:00:00,224.62589742995144
2011-05-31 10:00:00,143.35217640860807
2011-05-31 11:00:00,164.0604545742976
2011-05-31 12:00:00,210.1346003772672
2011-05-31 13:00:00,164.79943277457988
2011-05-31 14:00:00,148.251540209224
2011-05-31 15:00:00,169.29581794945642
2011-05-31 16:00:00,254.6726464425428
2011-05-31 17:00:00,655.3906037754434
2011-05-31 18:00:00,651.2116008214048
2011-05-31 19:00:00,507.3709154802773
2011-05-31 20:00:00,410.0097714119634
2011-05-31 21:00:00,295.7195799236322
2011-05-31 22:00:00,214.06793765725052
2011-05-31 23:00:00,143.75501433087845
2011-06-20 00:00:00,34.75268635088899
2011-06-20 01:00:00,14.864684014841878
2011-06-20 02:00:00,7.503378916130791
2011-06-20 03:00:00,2.988989283450513
2011-06-20 04:00:00,4.727074818502229
2011-06-20 05:00:00,20.84636741740047
2011-06-20 06:00:00,115.162600047157
2011-06-20 07:00:00,144.62366027450597
2011-06-20 08:00:00,333.6913376248461
2011-06-20 09:00:00,273.8084201110658
2011-06-20 10:00:00,180.93429339935514
2011-06-20 11:00:00,177.1417001081249
2011-06-20 12:00:00,203.4433780915126
2011-06-20 13:00:00,198.0399618267668
2011-06-20 14:00:00,204.3264250361406
2011-06-20 15:00:00,220.99286520804526
2011-06-20 16:00:00,262.3335523389684
2011-06-20 17:00:00,538.5548821474109
2011-06-20 18:00:00,539.1905876143885
2011-06-20 19:00:00,506.3958945826922
2011-06-20 20:00:00,329.4299571113222
2011-06-20 21:00:00,284.4612656641828
2011-06-20 22:00:00,154.8295787093323
2011-06-20 23:00:00,81.24095180976413
2011-06-21 00:00:00,24.677522307850285
2011-06-21 01:00:00,12.066004701665216
2011-06-21 02:00:00,5.1933714632352865
2011-06-21 03:00:00,4.1524768262020215
2011-06-21 04:00:00,9.117062147561283
2011-06-21 05:00:00,44.37347487221266
2011-06-21 06:00:00,164.16093280578272
2011-06-21 07:00:00,291.0936450011316
2011-06-21 08:00:00,524.0662655818682
2011-06-21 09:00:00,261.61352130846916
2011-06-21 10:00:00,141.1447819953249
2011-06-21 11:00:00,121.2343198527744
2011-06-21 12:00:00,205.24765424317116
2011-06-21 13:00:00,234.3206113211526
2011-06-21 14:00:00,200.37821610359978
2011-06-21 15:00:00,216.8938108159187
2011-06-21 16:00:00,323.26238060535127
2011-06-21 17:00:00,701.6979469977589
2011-06-21 18:00:00,778.6868582385737
2011-06-21 19:00:00,551.455964558696
2011-06-21 20:00:00,308.7326702428702
2011-06-21 21:00:00,300.97880081086754
2011-06-21 22:00:00,178.30431169899708
2011-06-21 23:00:00,97.57820355892162
2011-06-22 00:00:00,39.16882894041094
2011-06-22 01:00:00,13.760095406777987
2011-06-22 02:00:00,6.989858220075443
2011-06-22 03:00:00,4.198338810510446
2011-06-22 04:00:00,5.994389428252144
2011-06-22 05:00:00,27.031195465941543
2011-06-22 06:00:00,171.22960430382938
2011-06-22 07:00:00,373.8730644257789
2011-06-22 08:00:00,519.3441753919449
2011-06-22 09:00:00,238.57443961364694
2011-06-22 10:00:00,138.46734180717223
2011-06-22 11:00:00,172.37790651295154
2011-06-22 12:00:00,182.72887940240523
2011-06-22 13:00:00,154.33277340869628
2011-06-22 14:00:00,191.4370511708251
2011-06-22 15:00:00,196.51248299096005
2011-06-22 16:00:00,286.1131406016823
2011-06-22 17:00:00,579.3783061433894
2011-06-22 18:00:00,590.7815737579269
2011-06-22 19:00:00,412.8896990496167
2011-06-22 20:00:00,374.2287169582845
2011-06-22 21:00:00,228.52712908018856
2011-06-22 22:00:00,165.14225135473012
2011-06-22 23:00:00,89.33859130242281
2011-06-23 00:00:00,50.396110888381365
2011-06-23 01:00:00,20.479408307601656
2011-06-23 02:00:00,8.782015075270044
2011-06-23 03:00:00,3.9577353594923474
2011-06-23 04:00:00,6.4028577145683805
2011-06-23 05:00:00,29.800119838583548
2011-06-23 06:00:00,129.02138928207088
2011-06-23 07:00:00,313.5417214777996
2011-06-23 08:00:00,420.33333443878814
2011-06-23 09:00:00,189.38925641007503
2011-06-23 10:00:00,142.7197818857956
2011-06-23 11:00:00,115.24934159919333
2011-06-23 12:00:00,199.61405257383788
2011-06-23 13:00:00,164.09354925297333
2011-06-23 14:00:00,170.15660635347288
2011-06-23 15:00:00,164.65404075246855
2011-06-23 16:00:00,277.2610465839818
2011-06-23 17:00:00,422.088149029087
2011-06-23 18:00:00,505.37985044151947
2011-06-23 19:00:00,359.0355544505211
2011-06-23 20:00:00,348.7518300037315
2011-06-23 21:00:00,257.7523118229516
2011-06-23 22:00:00,184.22562902168687
2011-06-23 23:00:00,127.20341845320269
2011-06-24 00:00:00,63.35547150103978
2011-06-24 01:00:00,28.454936949457668
2011-06-24 02:00:00,13.538534640645237
2011-06-24 03:00:00,6.515609123229318
2011-06-24 04:00:00,6.422338721107334
2011-06-24 05:00:00,19.341634643970007
2011-06-24 06:00:00,126.29755744393643
2011-06-24 07:00:00,434.3448095828187
2011-06-24 08:00:00,531.1821527128862
2011-06-24 09:00:00,272.0863917844254
2011-06-24 10:00:00,184.22193954236462
2011-06-24 11:00:00,230.42967027926778
2011-06-24 12:00:00,268.8180271750136
2011-06-24 13:00:00,283.33523257723834
2011-06-24 14:00:00,238.1263007887803
2011-06-24 15:00:00,344.1953629150218
2011-06-24 16:00:00,468.077089372875
2011-06-24 17:00:00,722.2554349097976
2011-06-24 18:00:00,640.6082267668897
2011-06-24 19:00:00,469.7491324713543
2011-06-24 20:00:00,349.9482284802457
2011-06-24 21:00:00,264.12631634432483
2011-06-24 22:00:00,229.1859301185062
2011-06-24 23:00:00,179.72350767232786
2011-06-25 00:00:00,126.07474707996549
2011-06-25 01:00:00,91.2339655970593
2011-06-25 02:00:00,83.87295129080216
2011-06-25 03:00:00,37.44944163758272
2011-06-25 04:00:00,10.235784099686267
2011-06-25 05:00:00,11.712600475153252
2011-06-25 06:00:00,38.004927276734335
2011-06-25 07:00:00,75.35791296620681
2011-06-25 08:00:00,178.65469158193636
2011-06-25 09:00:00,251.61525945213367
2011-06-25 10:00:00,358.5843798295682
2011-06-25 11:00:00,443.51740823458437
2011-06-25 12:00:00,523.0229972395256
2011-06-25 13:00:00,572.6900571541951
2011-06-25 14:00:00,547.402239349616
2011-06-25 15:00:00,523.6426162310557
2011-06-25 16:00:00,661.2393184490171
2011-06-25 17:00:00,625.4940948598338
2011-06-25 18:00:00,474.15682627039615
2011-06-25 19:00:00,423.9323532642879
2011-06-25 20:00:00,332.62727591647035
2011-06-25 21:00:00,259.41627466202124
2011-06-25 22:00:00,221.8498727154478
2011-06-25 23:00:00,201.37438100894644
2011-06-26 00:00:00,134.7510539624262
2011-06-26 01:00:00,120.60940176832369
2011-06-26 02:00:00,84.63031225776446
2011-06-26 03:00:00,46.56641991667214
2011-06-26 04:00:00,14.503770850033003
2011-06-26 05:00:00,15.075927120558267
2011-06-26 06:00:00,22.74572037355296
2011-06-26 07:00:00,51.63659138241729
2011-06-26 08:00:00,129.08951232738355
2011-06-26 09:00:00,241.0135769195632
2011-06-26 10:00:00,359.83835844570564
2011-06-26 11:00:00,482.93084555243075
2011-06-26 12:00:00,549.6052464830606
2011-06-26 13:00:00,583.0265508328356
2011-06-26 14:00:00,567.9166899043275
2011-06-26 15:00:00,523.1514523631499
2011-06-26 16:00:00,522.0659408389822
2011-06-26 17:00:00,436.9981121089689
2011-06-26 18:00:00,392.4262769026747
2011-06-26 19:00:00,352.81586532980043
2011-06-26 20:00:00,260.57097238018866
2011-06-26 21:00:00,224.984466181151
2011-06-26 22:00:00,146.03414519241423
2011-06-26 23:00:00,108.01447886218386
2011-06-27 00:00:00,41.07969434808771
2011-06-27 01:00:00,14.28515227623845
2011-06-27 02:00:00,9.773305508076152
2011-06-27 03:00:00,5.332276701724503
2011-06-27 04:00:00,8.157659486400958
2011-06-27 05:00:00,28.049452588336205
2011-06-27 06:00:00,189.5236821524454
2011-06-27 07:00:00,427.42866902181976
2011-06-27 08:00:00,468.6101628529274
2011-06-27 09:00:00,322.5042682896091
2011-06-27 10:00:00,159.14293506653405
2011-06-27 11:00:00,183.07354940506406
2011-06-27 12:00:00,249.5205467689779
2011-06-27 13:00:00,201.68054211173805
2011-06-27 14:00:00,176.37075615385046
2011-06-27 15:00:00,203.7477298709115
2011-06-27 16:00:00,297.25789795263313
2011-06-27 17:00:00,633.1826543657369
2011-06-27 18:00:00,618.1178495663637
2011-06-27 19:00:00,504.2494561632976
2011-06-27 20:00:00,306.78426805411823
2011-06-27 21:00:00,189.4379385888061
2011-06-27 22:00:00,123.51414763564468
2011-06-27 23:00:00,81.43798297025934
2011-06-28 00:00:00,27.03791171843497
2011-06-28 01:00:00,19.64545290499696
2011-06-28 02:00:00,11.572350212467386
2011-06-28 03:00:00,7.193268111472308
2011-06-28 04:00:00,6.329325184166832
2011-06-28 05:00:00,30.703853572265906
2011-06-28 06:00:00,160.57507297530762
2011-06-28 07:00:00,397.5781890729117
2011-06-28 08:00:00,552.2851575837078
2011-06-28 09:00:00,272.60611060620124
2011-06-28 10:00:00,129.2942206568374
2011-06-28 11:00:00,183.476165394979
2011-06-28 12:00:00,161.42084401603864
2011-06-28 13:00:00,180.0114290830842
2011-06-28 14:00:00,144.78981598812913
2011-06-28 15:00:00,161.72131199481223
2011-06-28 16:00:00,256.5814738239569
2011-06-28 17:00:00,541.1429781691952
2011-06-28 18:00:00,519.3451659632924
2011-06-28 19:00:00,427.9466698856656
2011-06-28 20:00:00,328.7018910175
2011-06-28 21:00:00,244.47745509572957
2011-06-28 22:00:00,150.9790167632311
2011-06-28 23:00:00,101.06859321099267
2011-06-29 00:00:00,39.248951716934315
2011-06-29 01:00:00,14.97832272064905
2011-06-29 02:00:00,8.693737174721035
2011-06-29 03:00:00,6.507775166844477
2011-06-29 04:00:00,8.070341517516301
2011-06-29 05:00:00,35.65168006072131
2011-06-29 06:00:00,144.3924091010489
2011-06-29 07:00:00,307.61981997348903
2011-06-29 08:00:00,426.3183090813649
2011-06-29 09:00:00,195.56908938087037
2011-06-29 10:00:00,115.44839605623446
2011-06-29 11:00:00,150.936475246308
2011-06-29 12:00:00,218.953998707568
2011-06-29 13:00:00,172.64953211924941
2011-06-29 14:00:00,198.2835593125077
2011-06-29 15:00:00,208.40538899729316
2011-06-29 16:00:00,331.5994943587469
2011-06-29 17:00:00,528.8141439141228
2011-06-29 18:00:00,517.4366292433142
2011-06-29 19:00:00,553.7552875147061
2011-06-29 20:00:00,339.9134429725296
2011-06-29 21:00:00,255.57750136507067
2011-06-29 22:00:00,179.39241558130442
2011-06-29 23:00:00,95.68607933513316
2011-06-30 00:00:00,51.80524543664781
2011-06-30 01:00:00,18.985535986404717
2011-06-30 02:00:00,7.979299715767708
2011-06-30 03:00:00,6.132955888326755
2011-06-30 04:00:00,5.571347484272384
2011-06-30 05:00:00,35.33970819480593
2011-06-30 06:00:00,137.50427851724496
2011-06-30 07:00:00,456.4777345667714
2011-06-30 08:00:00,461.173038334575
2011-06-30 09:00:00,193.3977695540993
2011-06-30 10:00:00,127.82781537516264
2011-06-30 11:00:00,172.22689609819471
2011-06-30 12:00:00,238.42727808145605
2011-06-30 13:00:00,228.01130220993062
2011-06-30 14:00:00,190.25103204149593
2011-06-30 15:00:00,204.39990078953207
2011-06-30 16:00:00,255.47076654656888
2011-06-30 17:00:00,480.20034192958246
2011-06-30 18:00:00,560.6654886056505
2011-06-30 19:00:00,417.4623954483524
2011-06-30 20:00:00,298.72743086664366
2011-06-30 21:00:00,277.5578809466291
2011-06-30 22:00:00,207.4887841180224
2011-06-30 23:00:00,131.38392474170666
2011-07-20 00:00:00,59.25380662098817
2011-07-20 01:00:00,21.09390822684791
2011-07-20 02:00:00,8.192895950375732
2011-07-20 03:00:00,6.943890150008172
2011-07-20 04:00:00,7.424745733705704
2011-07-20 05:00:00,47.129542242347796
2011-07-20 06:00:00,173.9014484360919
2011-07-20 07:00:00,428.2630811552588
2011-07-20 08:00:00,547.579501797866
2011-07-20 09:00:00,239.59706263669625
2011-07-20 10:00:00,151.45744279895703
2011-07-20 11:00:00,159.08443828087252
2011-07-20 12:00:00,179.9410572085137
2011-07-20 13:00:00,180.25915080011669
2011-07-20 14:00:00,186.04523044247418
2011-07-20 15:00:00,220.2832350214171
2011-07-20 16:00:00,296.4438471360294
2011-07-20 17:00:00,559.1703473485909
2011-07-20 18:00:00,540.0160151720098
2011-07-20 19:00:00,414.11039116926923
2011-07-20 20:00:00,297.995026713524
2011-07-20 21:00:00,287.78050861595915
2011-07-20 22:00:00,187.03755281946746
2011-07-20 23:00:00,96.81090358653977
2011-07-21 00:00:00,46.02966585338181
2011-07-21 01:00:00,17.814878338597794
2011-07-21 02:00:00,7.795178649221856
2011-07-21 03:00:00,4.479267928648766
2011-07-21 04:00:00,6.6651831670983945
2011-07-21 05:00:00,34.437922115272734
2011-07-21 06:00:00,179.23534562280645
2011-07-21 07:00:00,436.0537278552284
2011-07-21 08:00:00,503.96052423007177
2011-07-21 09:00:00,175.1381388622157
2011-07-21 10:00:00,101.55511479877985
2011-07-21 11:00:00,127.14502079230604
2011-07-21 12:00:00,161.40583527980556
2011-07-21 13:00:00,174.09152808456787
2011-07-21 14:00:00,191.39196203764578
2011-07-21 15:00:00,191.37900315888135
2011-07-21 16:00:00,328.98633543745694
2011-07-21 17:00:00,545.762872389514
2011-07-21 18:00:00,640.224066015546
2011-07-21 19:00:00,353.3204282111682
2011-07-21 20:00:00,300.2142491713447
2011-07-21 21:00:00,242.53617051509843
2011-07-21 22:00:00,161.50676702147965
2011-07-21 23:00:00,118.77429572271129
2011-07-22 00:00:00,71.73640310921363
2011-07-22 01:00:00,31.29105253824362
2011-07-22 02:00:00,11.319485178434478
2011-07-22 03:00:00,8.030131721911282
2011-07-22 04:00:00,8.690067112067672
2011-07-22 05:00:00,31.60896131155552
2011-07-22 06:00:00,120.58294958908739
2011-07-22 07:00:00,386.83021583453115
2011-07-22 08:00:00,620.1667442670466
2011-07-22 09:00:00,296.2631086456987
2011-07-22 10:00:00,179.3419535078909
2011-07-22 11:00:00,211.83674080365554
2011-07-22 12:00:00,285.0467543930231
2011-07-22 13:00:00,257.2155270367085
2011-07-22 14:00:00,272.0320357767565
2011-07-22 15:00:00,273.25852352331793
2011-07-22 16:00:00,264.63764455441293
2011-07-22 17:00:00,500.4518158142829
2011-07-22 18:00:00,585.1452033651511
2011-07-22 19:00:00,496.7971818819114
2011-07-22 20:00:00,327.98294085481746
2011-07-22 21:00:00,292.5999462627324
2011-07-22 22:00:00,293.32454533532484
2011-07-22 23:00:00,135.68027630615666
2011-07-23 00:00:00,111.2091241111338
2011-07-23 01:00:00,84.79431175772052
2011-07-23 02:00:00,51.41439952600799
2011-07-23 03:00:00,30.741393394310673
2011-07-23 04:00:00,14.392071648265622
2011-07-23 05:00:00,11.790638848048188
2011-07-23 06:00:00,35.0160120745278
2011-07-23 07:00:00,64.82460375102842
2011-07-23 08:00:00,185.96460754593704
2011-07-23 09:00:00,285.72253730673634
2011-07-23 10:00:00,342.0052174281924
2011-07-23 11:00:00,397.06097224646027
2011-07-23 12:00:00,369.5134349200612
2011-07-23 13:00:00,356.339885440201
2011-07-23 14:00:00,359.5032388693788
2011-07-23 15:00:00,327.3965173504134
2011-07-23 16:00:00,331.7367700233778
2011-07-23 17:00:00,315.5441746697441
2011-07-23 18:00:00,324.3099380426285
2011-07-23 19:00:00,318.4161164957823
2011-07-23 20:00:00,278.6167094767567
2011-07-23 21:00:00,263.82686249506446
2011-07-23 22:00:00,242.3226585237529
2011-07-23 23:00:00,174.178298609872
2011-07-24 00:00:00,184.8523291110308
2011-07-24 01:00:00,111.97023852416766
2011-07-24 02:00:00,84.80826231731848
2011-07-24 03:00:00,28.731061530179808
2011-07-24 04:00:00,11.185448849776899
2011-07-24 05:00:00,10.405594235658043
2011-07-24 06:00:00,20.984586554892
2011-07-24 07:00:00,51.762169554443346
2011-07-24 08:00:00,108.67446743929736
2011-07-24 09:00:00,205.68000800301755
2011-07-24 10:00:00,295.2907973979389
2011-07-24 11:00:00,353.13868903091594
2011-07-24 12:00:00,345.3631202410533
2011-07-24 13:00:00,430.3476262084392
2011-07-24 14:00:00,337.39898922012526
2011-07-24 15:00:00,369.24447890624515
2011-07-24 16:00:00,382.660192450442
2011-07-24 17:00:00,352.73646700782433
2011-07-24 18:00:00,337.68323068900986
2011-07-24 19:00:00,329.00327814791655
2011-07-24 20:00:00,333.51190255366936
2011-07-24 21:00:00,246.02850118460998
2011-07-24 22:00:00,139.51336727967953
2011-07-24 23:00:00,112.78823429637018
2011-07-25 00:00:00,58.652208659653056
2011-07-25 01:00:00,21.431100851155872
2011-07-25 02:00:00,8.784153100746876
2011-07-25 03:00:00,5.476884241957377
2011-07-25 04:00:00,7.320920906065256
2011-07-25 05:00:00,25.097160616071047
2011-07-25 06:00:00,143.51906124597696
2011-07-25 07:00:00,388.21814145673017
2011-07-25 08:00:00,535.1377063844656
2011-07-25 09:00:00,233.63858337761172
2011-07-25 10:00:00,148.04596960318105
2011-07-25 11:00:00,150.81086422138506
2011-07-25 12:00:00,179.3498212359505
2011-07-25 13:00:00,227.50824718696725
2011-07-25 14:00:00,149.98778190657114
2011-07-25 15:00:00,123.95068977295699
2011-07-25 16:00:00,217.0279919721433
2011-07-25 17:00:00,584.5662465771402
2011-07-25 18:00:00,781.4036115480538
2011-07-25 19:00:00,567.3288085771054
2011-07-25 20:00:00,295.3105108433932
2011-07-25 21:00:00,192.5287172615787
2011-07-25 22:00:00,140.35497742313393
2011-07-25 23:00:00,99.98470109271122
2011-07-26 00:00:00,39.09114375371734
2011-07-26 01:00:00,16.97922807207965
2011-07-26 02:00:00,14.865474351607425
2011-07-26 03:00:00,6.3228622979948135
2011-07-26 04:00:00,8.67561332512063
2011-07-26 05:00:00,34.11549833446087
2011-07-26 06:00:00,137.8647794808465
2011-07-26 07:00:00,406.1640976591484
2011-07-26 08:00:00,417.4858853759093
2011-07-26 09:00:00,242.58856574078294
2011-07-26 10:00:00,185.2781157513602
2011-07-26 11:00:00,195.27425426526426
2011-07-26 12:00:00,239.43157332883962
2011-07-26 13:00:00,193.3968473638696
2011-07-26 14:00:00,193.44729762835
2011-07-26 15:00:00,197.47511633451523
2011-07-26 16:00:00,312.64535711033744
2011-07-26 17:00:00,591.7508753749769
2011-07-26 18:00:00,547.5737574904185
2011-07-26 19:00:00,354.7320395037049
2011-07-26 20:00:00,323.38772357718074
2011-07-26 21:00:00,308.0250827610526
2011-07-26 22:00:00,186.16299021676207
2011-07-26 23:00:00,117.7763378664807
2011-07-27 00:00:00,53.05533423408869
2011-07-27 01:00:00,14.488435956615078
2011-07-27 02:00:00,5.858568176724646
2011-07-27 03:00:00,4.499418168197105
2011-07-27 04:00:00,5.701690504300549
2011-07-27 05:00:00,43.16644788883038
2011-07-27 06:00:00,134.6667144585701
2011-07-27 07:00:00,381.0440414368201
2011-07-27 08:00:00,498.38784262628894
2011-07-27 09:00:00,228.08328903227232
2011-07-27 10:00:00,144.86039325386542
2011-07-27 11:00:00,185.0650558552496
2011-07-27 12:00:00,230.13253369807373
2011-07-27 13:00:00,187.47266373754897
2011-07-27 14:00:00,263.46467447076157
2011-07-27 15:00:00,257.7018024558932
2011-07-27 16:00:00,430.78822311591006
2011-07-27 17:00:00,728.7005047754568
2011-07-27 18:00:00,689.2384626630029
2011-07-27 19:00:00,525.8899109481538
2011-07-27 20:00:00,356.0214351354292
2011-07-27 21:00:00,329.4806992944349
2011-07-27 22:00:00,253.87641446840072
2011-07-27 23:00:00,126.96236030273666
2011-07-28 00:00:00,66.52301064844312
2011-07-28 01:00:00,28.487363466429635
2011-07-28 02:00:00,19.07660972960416
2011-07-28 03:00:00,7.693051627308434
2011-07-28 04:00:00,7.654391323829237
2011-07-28 05:00:00,39.3213532745797
2011-07-28 06:00:00,157.39104849220817
2011-07-28 07:00:00,458.4776605863257
2011-07-28 08:00:00,621.1179123525085
2011-07-28 09:00:00,266.7862339334671
2011-07-28 10:00:00,145.8107894086741
2011-07-28 11:00:00,156.08031167520383
2011-07-28 12:00:00,182.79057921582927
2011-07-28 13:00:00,232.31481529579764
2011-07-28 14:00:00,218.68677966618952
2011-07-28 15:00:00,200.16754852316424
2011-07-28 16:00:00,333.67351706064596
2011-07-28 17:00:00,624.7000377954109
2011-07-28 18:00:00,544.5418928559379
2011-07-28 19:00:00,439.9927003888138
2011-07-28 20:00:00,313.6703250202298
2011-07-28 21:00:00,254.70701554028165
2011-07-28 22:00:00,159.49634514928937
2011-07-28 23:00:00,113.45515427976149
2011-07-29 00:00:00,71.94272549231694
2011-07-29 01:00:00,25.688525082649342
2011-07-29 02:00:00,12.628162532956278
2011-07-29 03:00:00,7.030684879074032
2011-07-29 04:00:00,7.981546782216585
2011-07-29 05:00:00,34.726314737286216
2011-07-29 06:00:00,162.8260351095472
2011-07-29 07:00:00,337.73556621560846
2011-07-29 08:00:00,621.106065581479
2011-07-29 09:00:00,336.2850988361247
2011-07-29 10:00:00,225.74131611407967
2011-07-29 11:00:00,253.51072065033858
2011-07-29 12:00:00,291.0492310244702
2011-07-29 13:00:00,232.43381955083402
2011-07-29 14:00:00,297.29220188577705
2011-07-29 15:00:00,315.30608131556465
2011-07-29 16:00:00,395.52768892359967
2011-07-29 17:00:00,516.132564190031
2011-07-29 18:00:00,463.48207877731994
2011-07-29 19:00:00,388.6897351253902
2011-07-29 20:00:00,295.27263403099397
2011-07-29 21:00:00,286.4107112796095
2011-07-29 22:00:00,269.061812438335
2011-07-29 23:00:00,169.83074805940652
2011-07-30 00:00:00,106.08931866933854
2011-07-30 01:00:00,71.3075083890911
2011-07-30 02:00:00,58.50835247121245
2011-07-30 03:00:00,28.845904961384306
2011-07-30 04:00:00,13.679317482263478
2011-07-30 05:00:00,19.00190182347221
2011-07-30 06:00:00,49.8597002428634
2011-07-30 07:00:00,64.28760179838198
2011-07-30 08:00:00,154.08974471753848
2011-07-30 09:00:00,250.26707518534388
2011-07-30 10:00:00,281.2798095572332
2011-07-30 11:00:00,375.2141426663099
2011-07-30 12:00:00,379.41843295451184
2011-07-30 13:00:00,353.96341273078644
2011-07-30 14:00:00,368.4430013488717
2011-07-30 15:00:00,346.8023020334804
2011-07-30 16:00:00,366.90876492508016
2011-07-30 17:00:00,332.841625771676
2011-07-30 18:00:00,300.6253804264504
2011-07-30 19:00:00,333.4130000214827
2011-07-30 20:00:00,258.28418194314537
2011-07-30 21:00:00,241.72589353139054
2011-07-30 22:00:00,204.1751715860895
2011-07-30 23:00:00,158.49332073160824
2011-07-31 00:00:00,183.74775476777006
2011-07-31 01:00:00,96.83084807230446
2011-07-31 02:00:00,75.90775059114098
2011-07-31 03:00:00,31.250062304801844
2011-07-31 04:00:00,11.09173955846744
2011-07-31 05:00:00,10.261469770049443
2011-07-31 06:00:00,25.959420698163786
2011-07-31 07:00:00,49.928457235554944
2011-07-31 08:00:00,109.02258070371313
2011-07-31 09:00:00,254.27876560946586
2011-07-31 10:00:00,293.15773021275373
2011-07-31 11:00:00,383.5454479973556
2011-07-31 12:00:00,466.8689259725677
2011-07-31 13:00:00,475.2288249937824
2011-07-31 14:00:00,467.05618731789497
2011-07-31 15:00:00,369.8869866130067
2011-07-31 16:00:00,365.67757228164277
2011-07-31 17:00:00,342.4072846629836
2011-07-31 18:00:00,388.8613994441695
2011-07-31 19:00:00,302.77524385390495
2011-07-31 20:00:00,254.98918737672096
2011-07-31 21:00:00,196.1612181961654
2011-07-31 22:00:00,124.17016077827081
2011-07-31 23:00:00,87.12408063765525
2011-08-20 00:00:00,101.42706238065124
2011-08-20 01:00:00,96.90807935298807
2011-08-20 02:00:00,60.03600569064644
2011-08-20 03:00:00,26.30092753586465
2011-08-20 04:00:00,7.5628326673640585
2011-08-20 05:00:00,7.737756766370046
2011-08-20 06:00:00,27.304458112973887
2011-08-20 07:00:00,39.3095238785442
2011-08-20 08:00:00,140.35250116564103
2011-08-20 09:00:00,237.95150187502568
2011-08-20 10:00:00,446.0708051962623
2011-08-20 11:00:00,454.20272303094197
2011-08-20 12:00:00,534.91396597295
2011-08-20 13:00:00,505.5377195427952
2011-08-20 14:00:00,459.67638359000176
2011-08-20 15:00:00,498.42206537854923
2011-08-20 16:00:00,510.3926737350616
2011-08-20 17:00:00,467.6612358430942
2011-08-20 18:00:00,396.78066842943116
2011-08-20 19:00:00,417.33203047134253
2011-08-20 20:00:00,326.42536520390115
2011-08-20 21:00:00,297.0508826544217
2011-08-20 22:00:00,154.11076020527406
2011-08-20 23:00:00,167.96841554410832
2011-08-21 00:00:00,168.35892453204056
2011-08-21 01:00:00,97.20774742184726
2011-08-21 02:00:00,66.39146848489199
2011-08-21 03:00:00,31.491990929407166
2011-08-21 04:00:00,7.556295578644322
2011-08-21 05:00:00,6.5578265050299684
2011-08-21 06:00:00,10.335855563037939
2011-08-21 07:00:00,32.97394696999525
2011-08-21 08:00:00,84.75400955903176
2011-08-21 09:00:00,178.51367395836851
2011-08-21 10:00:00,274.7836231402183
2011-08-21 11:00:00,303.27822877198327
2011-08-21 12:00:00,352.51451569803913
2011-08-21 13:00:00,493.00347559558804
2011-08-21 14:00:00,235.81722654193157
2011-08-21 15:00:00,218.52916818058702
2011-08-21 16:00:00,277.17763565195315
2011-08-21 17:00:00,227.94716391827572
2011-08-21 18:00:00,244.59359230325038
2011-08-21 19:00:00,333.39153791177625
2011-08-21 20:00:00,200.97359716094562
2011-08-21 21:00:00,162.52607205443167
2011-08-21 22:00:00,91.9186607939976
2011-08-21 23:00:00,102.82034147352712
2011-08-22 00:00:00,31.925327129098843
2011-08-22 01:00:00,13.482428733245396
2011-08-22 02:00:00,9.357499989868618
2011-08-22 03:00:00,5.962049029583275
2011-08-22 04:00:00,6.077395774957616
2011-08-22 05:00:00,26.09981744686061
2011-08-22 06:00:00,91.85784455842723
2011-08-22 07:00:00,304.72782542057405
2011-08-22 08:00:00,434.80649975479156
2011-08-22 09:00:00,217.1758217484389
2011-08-22 10:00:00,127.79569715235544
2011-08-22 11:00:00,108.38786672841336
2011-08-22 12:00:00,162.4853904498261
2011-08-22 13:00:00,140.4860136521843
2011-08-22 14:00:00,136.21339232857915
2011-08-22 15:00:00,137.5082781715277
2011-08-22 16:00:00,241.33627014087702
2011-08-22 17:00:00,387.48059700673923
2011-08-22 18:00:00,379.4381538350063
2011-08-22 19:00:00,323.2982980395595
2011-08-22 20:00:00,229.38392958738567
2011-08-22 21:00:00,162.17824415861935
2011-08-22 22:00:00,107.64484105513063
2011-08-22 23:00:00,67.3209970226577
2011-08-23 00:00:00,27.143903374202136
2011-08-23 01:00:00,10.724396169672602
2011-08-23 02:00:00,6.537651610990501
2011-08-23 03:00:00,3.0168622188722467
2011-08-23 04:00:00,4.5606318644262505
2011-08-23 05:00:00,31.51494458112173
2011-08-23 06:00:00,123.16908690730479
2011-08-23 07:00:00,264.1629689526658
2011-08-23 08:00:00,499.0182507229299
2011-08-23 09:00:00,346.9285009443923
2011-08-23 10:00:00,172.26270596461316
2011-08-23 11:00:00,181.54001488781506
2011-08-23 12:00:00,267.2889462281788
2011-08-23 13:00:00,240.204835970209
2011-08-23 14:00:00,209.7173815765406
2011-08-23 15:00:00,239.66596455782718
2011-08-23 16:00:00,375.0082667995107
2011-08-23 17:00:00,660.9095932471805
2011-08-23 18:00:00,583.2654092416913
2011-08-23 19:00:00,371.0654633342115
2011-08-23 20:00:00,298.5853052364125
2011-08-23 21:00:00,176.52001290466765
2011-08-23 22:00:00,144.67656375249786
2011-08-23 23:00:00,106.10267456489115
2011-08-24 00:00:00,35.72057122110875
2011-08-24 01:00:00,15.544404625634241
2011-08-24 02:00:00,7.439853786420561
2011-08-24 03:00:00,4.351490154106047
2011-08-24 04:00:00,8.831479493468764
2011-08-24 05:00:00,41.619013154355656
2011-08-24 06:00:00,141.0444687716838
2011-08-24 07:00:00,390.6004703542231
2011-08-24 08:00:00,589.5532032245768
2011-08-24 09:00:00,272.8906743519913
2011-08-24 10:00:00,148.87642622792495
2011-08-24 11:00:00,173.72093660705613
2011-08-24 12:00:00,201.26187374235656
2011-08-24 13:00:00,199.49634542909692
2011-08-24 14:00:00,193.1114565100935
2011-08-24 15:00:00,220.3300875006614
2011-08-24 16:00:00,314.90700539389394
2011-08-24 17:00:00,601.5217533253015
2011-08-24 18:00:00,642.1747348366971
2011-08-24 19:00:00,477.51510401380125
2011-08-24 20:00:00,367.1094940381925
2011-08-24 21:00:00,277.01036070429075
2011-08-24 22:00:00,171.0499899225778
2011-08-24 23:00:00,113.07412263745785
2011-08-25 00:00:00,54.738734381035
2011-08-25 01:00:00,26.310159522787327
2011-08-25 02:00:00,9.57377167900457
2011-08-25 03:00:00,5.522689264728712
2011-08-25 04:00:00,7.538813664989731
2011-08-25 05:00:00,32.70576010238919
2011-08-25 06:00:00,140.90471440389922
2011-08-25 07:00:00,298.6838460786977
2011-08-25 08:00:00,468.13780277140455
2011-08-25 09:00:00,221.80565846406805
2011-08-25 10:00:00,138.9723719324886
2011-08-25 11:00:00,82.68503130129592
2011-08-25 12:00:00,90.53494186780475
2011-08-25 13:00:00,138.42086704110886
2011-08-25 14:00:00,119.29000676054461
2011-08-25 15:00:00,170.9905408353367
2011-08-25 16:00:00,212.74648019492406
2011-08-25 17:00:00,376.2445009692051
2011-08-25 18:00:00,294.66094250722495
2011-08-25 19:00:00,217.6325757401996
2011-08-25 20:00:00,219.87102707557744
2011-08-25 21:00:00,232.3079472644683
2011-08-25 22:00:00,137.95250327072537
2011-08-25 23:00:00,108.42498173573678
2011-08-26 00:00:00,60.725417057467375
2011-08-26 01:00:00,24.77189252051534
2011-08-26 02:00:00,13.351284232870334
2011-08-26 03:00:00,6.440810894956744
2011-08-26 04:00:00,6.2957023517676545
2011-08-26 05:00:00,21.97817646308559
2011-08-26 06:00:00,85.14685080456576
2011-08-26 07:00:00,213.47549589685775
2011-08-26 08:00:00,531.8124521075804
2011-08-26 09:00:00,249.4590413450152
2011-08-26 10:00:00,161.4711142031814
2011-08-26 11:00:00,177.1469371857212
2011-08-26 12:00:00,288.9505233833497
2011-08-26 13:00:00,241.76358776148507
2011-08-26 14:00:00,208.8642128278996
2011-08-26 15:00:00,242.9668871258961
2011-08-26 16:00:00,301.3192741250481
2011-08-26 17:00:00,468.85110466929
2011-08-26 18:00:00,501.708845460663
2011-08-26 19:00:00,282.0161772922745
2011-08-26 20:00:00,249.1246555377282
2011-08-26 21:00:00,221.78662154868155
2011-08-26 22:00:00,224.0415171133109
2011-08-26 23:00:00,174.63328401059917
2011-08-27 00:00:00,161.71128739051397
2011-08-27 01:00:00,113.43032526529439
2011-08-27 02:00:00,89.92107683957742
2011-08-27 03:00:00,37.917669720371336
2011-08-27 04:00:00,12.2609763701242
2011-08-27 05:00:00,12.526974069847974
2011-08-27 06:00:00,29.677797805117486
2011-08-27 07:00:00,56.72127477466753
2011-08-27 08:00:00,156.23802322331514
2011-08-27 09:00:00,205.65892277170406
2011-08-27 10:00:00,314.8385401687588
2011-08-27 11:00:00,253.38998696071388
2011-08-27 12:00:00,206.82419344404454
2011-08-27 13:00:00,235.53234709025935
2011-08-27 14:00:00,149.09217847056672
2011-08-27 15:00:00,196.71198727126966
2011-08-27 16:00:00,197.12607867494586
2011-08-27 17:00:00,95.71619768177386
2011-08-28 07:00:00,12.775755173672982
2011-08-28 08:00:00,39.538634411453224
2011-08-28 09:00:00,217.26800748466934
2011-08-28 10:00:00,367.834922833463
2011-08-28 11:00:00,398.5574365526618
2011-08-28 12:00:00,452.3484721569607
2011-08-28 13:00:00,535.3949831412926
2011-08-28 14:00:00,488.80198741473697
2011-08-28 15:00:00,453.83598340380416
2011-08-28 16:00:00,519.002788498765
2011-08-28 17:00:00,522.3428360122094
2011-08-28 18:00:00,419.8353592972525
2011-08-28 19:00:00,333.19081486306345
2011-08-28 20:00:00,313.0802301651372
2011-08-28 21:00:00,219.04975939629767
2011-08-28 22:00:00,138.5890818994566
2011-08-28 23:00:00,87.47437571375359
2011-08-29 00:00:00,37.900442866988186
2011-08-29 01:00:00,15.187378277537277
2011-08-29 02:00:00,7.110239517313057
2011-08-29 03:00:00,7.598827183816814
2011-08-29 04:00:00,7.221709299992329
2011-08-29 05:00:00,34.334787002494565
2011-08-29 06:00:00,162.32392686234832
2011-08-29 07:00:00,367.1121198193013
2011-08-29 08:00:00,447.506090375478
2011-08-29 09:00:00,265.1591924520742
2011-08-29 10:00:00,140.53954802190609
2011-08-29 11:00:00,176.398343153824
2011-08-29 12:00:00,296.9399954006331
2011-08-29 13:00:00,270.3246597375804
2011-08-29 14:00:00,200.5554400125073
2011-08-29 15:00:00,202.58192081200923
2011-08-29 16:00:00,314.9694778842486
2011-08-29 17:00:00,623.862662548059
2011-08-29 18:00:00,517.949594540295
2011-08-29 19:00:00,351.3688173245297
2011-08-29 20:00:00,311.7371361266936
2011-08-29 21:00:00,206.74264957532526
2011-08-29 22:00:00,128.77940362161866
2011-08-29 23:00:00,74.04914429195293
2011-08-30 00:00:00,31.359464187126544
2011-08-30 01:00:00,16.002949154648096
2011-08-30 02:00:00,6.071185791939976
2011-08-30 03:00:00,4.510972495117401
2011-08-30 04:00:00,9.181490455125827
2011-08-30 05:00:00,26.99326902818923
2011-08-30 06:00:00,123.83448612980915
2011-08-30 07:00:00,382.2788449385138
2011-08-30 08:00:00,398.3013355195059
2011-08-30 09:00:00,223.957349846701
2011-08-30 10:00:00,140.5461826118947
2011-08-30 11:00:00,183.3942946615003
2011-08-30 12:00:00,257.1078629451672
2011-08-30 13:00:00,242.4486390684345
2011-08-30 14:00:00,188.80667537100578
2011-08-30 15:00:00,221.30194291714733
2011-08-30 16:00:00,346.4429777919913
2011-08-30 17:00:00,616.6050270128263
2011-08-30 18:00:00,575.0052533942876
2011-08-30 19:00:00,332.7979830380638
2011-08-30 20:00:00,247.55468047026895
2011-08-30 21:00:00,216.16806726195225
2011-08-30 22:00:00,145.5380084193237
2011-08-30 23:00:00,105.69133770073253
2011-08-31 00:00:00,29.619141370011214
2011-08-31 01:00:00,12.077001808872604
2011-08-31 02:00:00,7.29614620433096
2011-08-31 03:00:00,5.05370058369288
2011-08-31 04:00:00,7.357622402312835
2011-08-31 05:00:00,30.412524889908397
2011-08-31 06:00:00,120.64477624723993
2011-08-31 07:00:00,286.3492608014258
2011-08-31 08:00:00,466.7841152846108
2011-08-31 09:00:00,288.76264936662324
2011-08-31 10:00:00,158.73481711538827
2011-08-31 11:00:00,201.44756366773
2011-08-31 12:00:00,231.83774901730754
2011-08-31 13:00:00,231.6554151470348
2011-08-31 14:00:00,199.2551534627266
2011-08-31 15:00:00,228.0601246295427
2011-08-31 16:00:00,342.19868595307355
2011-08-31 17:00:00,702.2907661790268
2011-08-31 18:00:00,718.4615557869693
2011-08-31 19:00:00,445.823500029447
2011-08-31 20:00:00,346.91741741860915
2011-08-31 21:00:00,238.95755319125809
2011-08-31 22:00:00,170.89549786495223
2011-08-31 23:00:00,106.88509299722983
2011-09-20 00:00:00,23.58427457187319
2011-09-20 01:00:00,7.277156083783341
2011-09-20 02:00:00,2.9040396287952723
2011-09-20 03:00:00,4.02057199200333
2011-09-20 04:00:00,5.845042618688782
2011-09-20 05:00:00,31.62070483547801
2011-09-20 06:00:00,107.00462592783435
2011-09-20 07:00:00,226.39392136797608
2011-09-20 08:00:00,137.21215976454053
2011-09-20 09:00:00,65.32508583246944
2011-09-20 10:00:00,43.03134470496863
2011-09-20 11:00:00,32.292273944023364
2011-09-20 12:00:00,60.37383989261854
2011-09-20 13:00:00,68.12205882200111
2011-09-20 14:00:00,57.749719272727006
2011-09-20 15:00:00,140.67954393433845
2011-09-20 16:00:00,173.17408354794114
2011-09-20 17:00:00,411.9860205334388
2011-09-20 18:00:00,435.59735997775033
2011-09-20 19:00:00,267.0309778591221
2011-09-20 20:00:00,193.53660932709238
2011-09-20 21:00:00,146.54231469251351
2011-09-20 22:00:00,131.25899994006477
2011-09-20 23:00:00,82.05475594036623
2011-09-21 00:00:00,19.52846305102379
2011-09-21 01:00:00,6.965131025401764
2011-09-21 02:00:00,3.7460696685153723
2011-09-21 03:00:00,3.453192132013467
2011-09-21 04:00:00,4.167618622903263
2011-09-21 05:00:00,13.886237437318025
2011-09-21 06:00:00,77.11360264474591
2011-09-21 07:00:00,220.74473496366
2011-09-21 08:00:00,296.3032318319147
2011-09-21 09:00:00,118.15574778667933
2011-09-21 10:00:00,57.216842086572655
2011-09-21 11:00:00,77.65069774146826
2011-09-21 12:00:00,107.03902148359606
2011-09-21 13:00:00,140.204941603511
2011-09-21 14:00:00,127.28884981446335
2011-09-21 15:00:00,143.4273873405986
2011-09-21 16:00:00,235.35541211521172
2011-09-21 17:00:00,520.1131791605617
2011-09-21 18:00:00,245.0183820962145
2011-09-21 19:00:00,115.47030806928026
2011-09-21 20:00:00,67.66732531681
2011-09-21 21:00:00,84.02290172314204
2011-09-21 22:00:00,79.34606651063314
2011-09-21 23:00:00,87.13966103024276
2011-09-22 00:00:00,18.833051669742755
2011-09-22 01:00:00,5.7945355730924595
2011-09-22 02:00:00,3.7874927586223253
2011-09-22 03:00:00,2.8841076508610057
2011-09-22 04:00:00,3.134781294531694
2011-09-22 05:00:00,15.424694774418048
2011-09-22 06:00:00,58.00076939792745
2011-09-22 07:00:00,191.45010527070673
2011-09-22 08:00:00,233.34153700397326
2011-09-22 09:00:00,136.43356116487612
2011-09-22 10:00:00,138.03554372387245
2011-09-22 11:00:00,128.3954477322409
2011-09-22 12:00:00,104.48500413718969
2011-09-22 13:00:00,99.65446864024581
2011-09-22 14:00:00,105.57216431874602
2011-09-22 15:00:00,130.2361059582628
2011-09-22 16:00:00,236.3810311089227
2011-09-22 17:00:00,307.4231788541698
2011-09-22 18:00:00,219.27015749496104
2011-09-22 19:00:00,160.71004276782568
2011-09-22 20:00:00,84.91913959638279
2011-09-22 21:00:00,105.61108487619238
2011-09-22 22:00:00,77.32488143350459
2011-09-22 23:00:00,55.319550056303235
2011-09-23 00:00:00,30.455262756586873
2011-09-23 01:00:00,14.511283502507096
2011-09-23 02:00:00,7.564105777100093
2011-09-23 03:00:00,6.271130821540455
2011-09-23 04:00:00,5.190093135641918
2011-09-23 05:00:00,27.601493999012327
2011-09-23 06:00:00,72.61229902137269
2011-09-23 07:00:00,186.90551430738088
2011-09-23 08:00:00,323.8092814727793
2011-09-23 09:00:00,133.22091714932918
2011-09-23 10:00:00,90.03571910053505
2011-09-23 11:00:00,101.2729944693135
2011-09-23 12:00:00,140.6716285714208
2011-09-23 13:00:00,113.99130018863652
2011-09-23 14:00:00,112.40268893777935
2011-09-23 15:00:00,211.2089764328746
2011-09-23 16:00:00,172.4639051738847
2011-09-23 17:00:00,192.90208191211724
2011-09-23 18:00:00,175.38592817019855
2011-09-23 19:00:00,220.11208759392377
2011-09-23 20:00:00,170.91318196306636
2011-09-23 21:00:00,169.8094512310659
2011-09-23 22:00:00,168.86778278616947
2011-09-23 23:00:00,98.24743348447846
2011-09-24 00:00:00,106.544617680527
2011-09-24 01:00:00,84.85417383454087
2011-09-24 02:00:00,63.982943678416966
2011-09-24 03:00:00,42.01126047208715
2011-09-24 04:00:00,10.74409722326192
2011-09-24 05:00:00,9.789646428087657
2011-09-24 06:00:00,19.20961085040078
2011-09-24 07:00:00,67.9978592451749
2011-09-24 08:00:00,111.73486925280848
2011-09-24 09:00:00,257.5343689849398
2011-09-24 10:00:00,310.18304470942456
2011-09-24 11:00:00,321.49028920197316
2011-09-24 12:00:00,304.52083534351124
2011-09-24 13:00:00,314.802511818808
2011-09-24 14:00:00,339.9654757132351
2011-09-24 15:00:00,372.3527904761119
2011-09-24 16:00:00,397.82187409173446
2011-09-24 17:00:00,363.0594285757491
2011-09-24 18:00:00,295.7489114756871
2011-09-24 19:00:00,245.33345177414398
2011-09-24 20:00:00,200.6919537246203
2011-09-24 21:00:00,228.1062382486799
2011-09-24 22:00:00,137.41382561492492
2011-09-24 23:00:00,132.49004508090724
2011-09-25 00:00:00,112.54819380814084
2011-09-25 01:00:00,106.21581175571299
2011-09-25 02:00:00,36.350833533092754
2011-09-25 03:00:00,21.677402139401394
2011-09-25 04:00:00,9.968502482456522
2011-09-25 05:00:00,16.571149514810628
2011-09-25 06:00:00,16.814314504704825
2011-09-25 07:00:00,40.639898245025186
2011-09-25 08:00:00,99.85605758620751
2011-09-25 09:00:00,173.158147144553
2011-09-25 10:00:00,192.5200877994153
2011-09-25 11:00:00,397.6819028876081
2011-09-25 12:00:00,386.24390918622845
2011-09-25 13:00:00,437.9658426623796
2011-09-25 14:00:00,303.034651494731
2011-09-25 15:00:00,310.5213440058285
2011-09-25 16:00:00,455.9828139448298
2011-09-25 17:00:00,370.2286079378537
2011-09-25 18:00:00,354.68315869011735
2011-09-25 19:00:00,183.51921466517052
2011-09-25 20:00:00,181.456585380441
2011-09-25 21:00:00,170.12723729698683
2011-09-25 22:00:00,162.06560967241393
2011-09-25 23:00:00,87.2307061880342
2011-09-26 00:00:00,45.11863778858836
2011-09-26 01:00:00,10.866277917752022
2011-09-26 02:00:00,4.883184983379367
2011-09-26 03:00:00,3.5016303152459898
2011-09-26 04:00:00,6.566316370258936
2011-09-26 05:00:00,27.218876791125965
2011-09-26 06:00:00,83.7594459427428
2011-09-26 07:00:00,367.05505707440125
2011-09-26 08:00:00,537.6927149909925
2011-09-26 09:00:00,284.18618174542223
2011-09-26 10:00:00,130.38430208476893
2011-09-26 11:00:00,145.3298941704
2011-09-26 12:00:00,177.67490117185358
2011-09-26 13:00:00,209.62979895858837
2011-09-26 14:00:00,165.4475951498316
2011-09-26 15:00:00,211.34679578881585
2011-09-26 16:00:00,279.43829684246134
2011-09-26 17:00:00,571.4450757018781
2011-09-26 18:00:00,346.86895183150347
2011-09-26 19:00:00,267.0169718942566
2011-09-26 20:00:00,292.9672603912835
2011-09-26 21:00:00,200.56643802694853
2011-09-26 22:00:00,134.56798938858051
2011-09-26 23:00:00,79.35355822455617
2011-09-27 00:00:00,25.490049597235377
2011-09-27 01:00:00,10.257913139145819
2011-09-27 02:00:00,5.772459518689935
2011-09-27 03:00:00,5.290648147734922
2011-09-27 04:00:00,5.44806968236816
2011-09-27 05:00:00,16.90849248339304
2011-09-27 06:00:00,119.85766942695116
2011-09-27 07:00:00,383.35309731110425
2011-09-27 08:00:00,728.5830688798161
2011-09-27 09:00:00,178.5654356087153
2011-09-27 10:00:00,61.54256455811994
2011-09-27 11:00:00,137.65398418796806
2011-09-27 12:00:00,139.47206127280327
2011-09-27 13:00:00,173.27080685557976
2011-09-27 14:00:00,141.84160260563087
2011-09-27 15:00:00,164.22435025858906
2011-09-27 16:00:00,204.41627564400233
2011-09-27 17:00:00,430.14103363341087
2011-09-27 18:00:00,371.11536314899666
2011-09-27 19:00:00,315.0905536048281
2011-09-27 20:00:00,214.99597285120046
2011-09-27 21:00:00,188.7280955040685
2011-09-27 22:00:00,169.00778878234343
2011-09-27 23:00:00,93.29411827033432
2011-09-28 00:00:00,35.03506846169482
2011-09-28 01:00:00,12.064270140257099
2011-09-28 02:00:00,6.526464289609851
2011-09-28 03:00:00,5.748891114838277
2011-09-28 04:00:00,7.500241762709488
2011-09-28 05:00:00,29.175182507379247
2011-09-28 06:00:00,61.829116213116684
2011-09-28 07:00:00,163.03766798175204
2011-09-28 08:00:00,343.81349158457
2011-09-28 09:00:00,167.92308869363575
2011-09-28 10:00:00,67.57591217177072
2011-09-28 11:00:00,122.65748425721037
2011-09-28 12:00:00,119.84469649103372
2011-09-28 13:00:00,176.69913608350615
2011-09-28 14:00:00,197.85552604735227
2011-09-28 15:00:00,230.87708546279603
2011-09-28 16:00:00,353.40922638269103
2011-09-28 17:00:00,728.6143369439583
2011-09-28 18:00:00,390.23967912354544
2011-09-28 19:00:00,260.64279873273637
2011-09-28 20:00:00,95.62400157181987
2011-09-28 21:00:00,91.00399061427612
2011-09-28 22:00:00,142.06104597535264
2011-09-28 23:00:00,80.8350578054445
2011-09-29 00:00:00,30.214252532663664
2011-09-29 01:00:00,8.98483399234027
2011-09-29 02:00:00,6.326638928739872
2011-09-29 03:00:00,5.003278287971332
2011-09-29 04:00:00,5.503648934886798
2011-09-29 05:00:00,27.65808680830114
2011-09-29 06:00:00,123.02703841554825
2011-09-29 07:00:00,298.7791426370924
2011-09-29 08:00:00,592.582163687509
2011-09-29 09:00:00,267.8209552465862
2011-09-29 10:00:00,186.1259770439362
2011-09-29 11:00:00,233.91804913357862
2011-09-29 12:00:00,283.8987738291438
2011-09-29 13:00:00,256.5537024261529
2011-09-29 14:00:00,232.5523303176851
2011-09-29 15:00:00,244.23346691898442
2011-09-29 16:00:00,452.9318758496619
2011-09-29 17:00:00,778.2781567133411
2011-09-29 18:00:00,798.9440820547724
2011-09-29 19:00:00,514.6886843771489
2011-09-29 20:00:00,404.8052340362226
2011-09-29 21:00:00,256.41611320306754
2011-09-29 22:00:00,212.51227027254902
2011-09-29 23:00:00,125.18629526810689
2011-09-30 00:00:00,58.81848727368943
2011-09-30 01:00:00,35.6914398219262
2011-09-30 02:00:00,11.956810941263225
2011-09-30 03:00:00,10.815058663288271
2011-09-30 04:00:00,8.04633542146052
2011-09-30 05:00:00,37.80836788785967
2011-09-30 06:00:00,106.69744530856653
2011-09-30 07:00:00,329.60641018262703
2011-09-30 08:00:00,696.070650307766
2011-09-30 09:00:00,335.25688551315324
2011-09-30 10:00:00,186.04239163920516
2011-09-30 11:00:00,241.93991800067352
2011-09-30 12:00:00,351.273329248062
2011-09-30 13:00:00,352.9967650836286
2011-09-30 14:00:00,300.98052303030755
2011-09-30 15:00:00,302.93106400708524
2011-09-30 16:00:00,404.1639305187185
2011-09-30 17:00:00,629.1242575361176
2011-09-30 18:00:00,488.1686564000024
2011-09-30 19:00:00,382.37765604548804
2011-09-30 20:00:00,301.54263594273647
2011-09-30 21:00:00,241.77857486807574
2011-09-30 22:00:00,198.6638212313232
2011-09-30 23:00:00,145.6164492116847
2011-10-20 00:00:00,27.199901661935968
2011-10-20 01:00:00,14.323307743858923
2011-10-20 02:00:00,5.358211439899149
2011-10-20 03:00:00,6.718206820002093
2011-10-20 04:00:00,8.01360718588022
2011-10-20 05:00:00,35.69658844217701
2011-10-20 06:00:00,138.81117115448677
2011-10-20 07:00:00,439.3425762690376
2011-10-20 08:00:00,768.2740015825716
2011-10-20 09:00:00,297.60395364009645
2011-10-20 10:00:00,174.76981957350196
2011-10-20 11:00:00,196.26441659694868
2011-10-20 12:00:00,309.07145096461807
2011-10-20 13:00:00,268.5579427524788
2011-10-20 14:00:00,264.31668817843405
2011-10-20 15:00:00,264.2815264682507
2011-10-20 16:00:00,430.79582356874477
2011-10-20 17:00:00,863.0324316526214
2011-10-20 18:00:00,737.8437704770733
2011-10-20 19:00:00,453.57701950061823
2011-10-20 20:00:00,323.2662342161936
2011-10-20 21:00:00,248.41268590343117
2011-10-20 22:00:00,171.14397630009736
2011-10-20 23:00:00,108.46200601478783
2011-10-21 00:00:00,78.03163450406052
2011-10-21 01:00:00,31.783981628167563
2011-10-21 02:00:00,12.732581500725866
2011-10-21 03:00:00,7.809027583980012
2011-10-21 04:00:00,7.320828398141043
2011-10-21 05:00:00,26.204992984114956
2011-10-21 06:00:00,131.24923639291865
2011-10-21 07:00:00,390.78490417361644
2011-10-21 08:00:00,565.199736136209
2011-10-21 09:00:00,314.0610946270545
2011-10-21 10:00:00,203.6502101098431
2011-10-21 11:00:00,276.27270385732913
2011-10-21 12:00:00,316.56249405374615
2011-10-21 13:00:00,285.02364877919865
2011-10-21 14:00:00,305.44793741621856
2011-10-21 15:00:00,317.88772233045654
2011-10-21 16:00:00,468.1442763556498
2011-10-21 17:00:00,713.7061241408512
2011-10-21 18:00:00,648.8732320710691
2011-10-21 19:00:00,422.9474275868809
2011-10-21 20:00:00,291.2935917832483
2011-10-21 21:00:00,250.42309678835315
2011-10-21 22:00:00,200.0513274344654
2011-10-21 23:00:00,118.63329920709398
2011-10-22 00:00:00,119.2897792331303
2011-10-22 01:00:00,86.04367061442467
2011-10-22 02:00:00,45.20993967651737
2011-10-22 03:00:00,25.772975133964096
2011-10-22 04:00:00,7.913122467924838
2011-10-22 05:00:00,7.807253473688539
2011-10-22 06:00:00,22.965063326984826
2011-10-22 07:00:00,58.10909196006913
2011-10-22 08:00:00,118.62803842857232
2011-10-22 09:00:00,215.0527753636377
2011-10-22 10:00:00,295.24151954148186
2011-10-22 11:00:00,336.87925075622024
2011-10-22 12:00:00,518.0607463909072
2011-10-22 13:00:00,612.167547688982
2011-10-22 14:00:00,586.8236730772746
2011-10-22 15:00:00,576.624940960385
2011-10-22 16:00:00,658.3712499922951
2011-10-22 17:00:00,515.6381176950147
2011-10-22 18:00:00,454.20488884346264
2011-10-22 19:00:00,224.5881978828564
2011-10-22 20:00:00,194.47307325298013
2011-10-22 21:00:00,162.05734104054585
2011-10-22 22:00:00,144.08016064334126
2011-10-22 23:00:00,86.68065059694133
2011-10-23 00:00:00,82.85825890604846
2011-10-23 01:00:00,82.94059890630365
2011-10-23 02:00:00,56.45031993149014
2011-10-23 03:00:00,40.16620883208925
2011-10-23 04:00:00,15.477985825139958
2011-10-23 05:00:00,10.52360184248188
2011-10-23 06:00:00,14.609995995809589
2011-10-23 07:00:00,42.6176020112586
2011-10-23 08:00:00,106.61363244282192
2011-10-23 09:00:00,141.3969223548804
2011-10-23 10:00:00,327.50644063639675
2011-10-23 11:00:00,349.5753097592069
2011-10-23 12:00:00,451.55863462891773
2011-10-23 13:00:00,451.0157090816701
2011-10-23 14:00:00,540.307583518993
2011-10-23 15:00:00,487.8200810305235
2011-10-23 16:00:00,530.3750330541578
2011-10-23 17:00:00,373.83776733129605
2011-10-23 18:00:00,299.63232307901075
2011-10-23 19:00:00,185.30347321611896
2011-10-23 20:00:00,187.9467819098069
2011-10-23 21:00:00,138.6280110916893
2011-10-23 22:00:00,116.40742135244996
2011-10-23 23:00:00,90.94317243965142
2011-10-24 00:00:00,35.5826672567467
2011-10-24 01:00:00,10.335308511796118
2011-10-24 02:00:00,5.900213472674382
2011-10-24 03:00:00,3.6224449228057662
2011-10-24 04:00:00,9.49033529071241
2011-10-24 05:00:00,37.42794763662096
2011-10-24 06:00:00,128.9041197870838
2011-10-24 07:00:00,398.58233348665635
2011-10-24 08:00:00,880.4063716814388
2011-10-24 09:00:00,402.9825500784806
2011-10-24 10:00:00,147.7180719996708
2011-10-24 11:00:00,154.55252705103214
2011-10-24 12:00:00,187.293335938719
2011-10-24 13:00:00,313.2373208409303
2011-10-24 14:00:00,245.20725839030928
2011-10-24 15:00:00,215.33937478458694
2011-10-24 16:00:00,356.942236790119
2011-10-24 17:00:00,681.3135180891212
2011-10-24 18:00:00,613.8459584943562
2011-10-24 19:00:00,274.19633330026846
2011-10-24 20:00:00,219.27162128606986
2011-10-24 21:00:00,202.31220406816257
2011-10-24 22:00:00,130.39847808961295
2011-10-24 23:00:00,69.49291227930857
2011-10-25 00:00:00,34.647980757720134
2011-10-25 01:00:00,10.753722873535194
2011-10-25 02:00:00,2.7512917718716063
2011-10-25 03:00:00,4.526215435396794
2011-10-25 04:00:00,5.678251292893289
2011-10-25 05:00:00,26.26304261997238
2011-10-25 06:00:00,134.80143875852872
2011-10-25 07:00:00,320.2636411111998
2011-10-25 08:00:00,531.070717952464
2011-10-25 09:00:00,347.2865071665045
2011-10-25 10:00:00,174.41358519691804
2011-10-25 11:00:00,203.39856470249487
2011-10-25 12:00:00,269.28514476040544
2011-10-25 13:00:00,256.0227099861089
2011-10-25 14:00:00,233.4891222609223
2011-10-25 15:00:00,252.1385535609585
2011-10-25 16:00:00,441.47705034642746
2011-10-25 17:00:00,659.7659726473378
2011-10-25 18:00:00,720.0065788598345
2011-10-25 19:00:00,465.2466218600034
2011-10-25 20:00:00,288.99888903430997
2011-10-25 21:00:00,226.44628464420427
2011-10-25 22:00:00,169.23705922998548
2011-10-25 23:00:00,102.95884229465472
2011-10-26 00:00:00,48.810114014304716
2011-10-26 01:00:00,13.21723618620997
2011-10-26 02:00:00,4.507049166243678
2011-10-26 03:00:00,3.7530747972496865
2011-10-26 04:00:00,5.070965443943225
2011-10-26 05:00:00,39.59395150437559
2011-10-26 06:00:00,148.54718512774292
2011-10-26 07:00:00,467.4761839135567
2011-10-26 08:00:00,739.312014180481
2011-10-26 09:00:00,452.65982939945474
2011-10-26 10:00:00,206.77321243318897
2011-10-26 11:00:00,177.02677680257582
2011-10-26 12:00:00,310.8420770015784
2011-10-26 13:00:00,199.79488770781205
2011-10-26 14:00:00,152.0651668622777
2011-10-26 15:00:00,157.2446192445711
2011-10-26 16:00:00,268.954576125735
2011-10-26 17:00:00,627.0119832337384
2011-10-26 18:00:00,606.221913434772
2011-10-26 19:00:00,282.6811359459556
2011-10-26 20:00:00,190.72144511991732
2011-10-26 21:00:00,200.88267347150335
2011-10-26 22:00:00,114.05817680241036
2011-10-26 23:00:00,70.24933743347579
2011-10-27 00:00:00,32.1609260578484
2011-10-27 01:00:00,9.772224384025453
2011-10-27 02:00:00,5.077431734366777
2011-10-27 03:00:00,3.312581515344973
2011-10-27 04:00:00,5.781710584768687
2011-10-27 05:00:00,22.512096174844874
2011-10-27 06:00:00,90.7718684381323
2011-10-27 07:00:00,328.26691965618267
2011-10-27 08:00:00,513.6055482383462
2011-10-27 09:00:00,363.58765604107737
2011-10-27 10:00:00,105.44151035491858
2011-10-27 11:00:00,118.05595361106073
2011-10-27 12:00:00,111.32218558215561
2011-10-27 13:00:00,156.54601178281825
2011-10-27 14:00:00,123.46150571203849
2011-10-27 15:00:00,160.57491983905769
2011-10-27 16:00:00,299.3689758528524
2011-10-27 17:00:00,492.9409476490607
2011-10-27 18:00:00,604.8454858304499
2011-10-27 19:00:00,399.15006315096826
2011-10-27 20:00:00,304.3165978260739
2011-10-27 21:00:00,251.8936458142892
2011-10-27 22:00:00,140.2287439773559
2011-10-27 23:00:00,111.31342730519059
2011-10-28 00:00:00,68.95359371320676
2011-10-28 01:00:00,26.489013459073384
2011-10-28 02:00:00,7.466018884329726
2011-10-28 03:00:00,3.2004077452660917
2011-10-28 04:00:00,5.092277234683706
2011-10-28 05:00:00,42.32866700005574
2011-10-28 06:00:00,174.68417039440246
2011-10-28 07:00:00,395.9941886944604
2011-10-28 08:00:00,578.3156458156585
2011-10-28 09:00:00,305.61198214280347
2011-10-28 10:00:00,207.03090863845077
2011-10-28 11:00:00,285.32430395504895
2011-10-28 12:00:00,366.99432825357
2011-10-28 13:00:00,345.8547160953711
2011-10-28 14:00:00,288.38960546113907
2011-10-28 15:00:00,285.53063522004624
2011-10-28 16:00:00,514.4043180652475
2011-10-28 17:00:00,815.6522298874056
2011-10-28 18:00:00,683.4952949217133
2011-10-28 19:00:00,448.2311277574662
2011-10-28 20:00:00,124.16879897996664
2011-10-28 21:00:00,89.5084708536765
2011-10-28 22:00:00,68.93833924985982
2011-10-28 23:00:00,33.90899132732749
2011-10-29 00:00:00,29.05537719381374
2011-10-29 01:00:00,36.37503905429081
2011-10-29 02:00:00,35.84921330916498
2011-10-29 03:00:00,12.617602093976542
2011-10-29 04:00:00,4.879923866638622
2011-10-29 05:00:00,3.735753035723496
2011-10-29 06:00:00,9.049518774266458
2011-10-29 07:00:00,25.469783780167155
2011-10-29 08:00:00,63.89291268842244
2011-10-29 09:00:00,95.92971605916435
2011-10-29 10:00:00,112.54626180693111
2011-10-29 11:00:00,105.54614136869576
2011-10-29 12:00:00,50.83557966743412
2011-10-29 13:00:00,62.43081304728434
2011-10-29 14:00:00,69.72432652466847
2011-10-29 15:00:00,158.0664415806558
2011-10-29 16:00:00,91.07171056989924
2011-10-29 17:00:00,81.39640381327527
2011-10-29 18:00:00,57.21138572348007
2011-10-29 19:00:00,81.23436649689768
2011-10-29 20:00:00,72.00498161977468
2011-10-29 21:00:00,58.907041649743306
2011-10-29 22:00:00,67.40065497258509
2011-10-29 23:00:00,65.76514538043091
2011-10-30 00:00:00,45.12927783615517
2011-10-30 01:00:00,49.64336708216129
2011-10-30 02:00:00,23.842823683294593
2011-10-30 03:00:00,14.30476296092828
2011-10-30 04:00:00,3.35629071574613
2011-10-30 05:00:00,3.577889996091381
2011-10-30 06:00:00,10.688455442965719
2011-10-30 07:00:00,21.67137674450237
2011-10-30 08:00:00,61.17875867683959
2011-10-30 09:00:00,156.43654299154056
2011-10-30 10:00:00,247.01204094327613
2011-10-30 11:00:00,449.3209940880633
2011-10-30 12:00:00,451.0787263711078
2011-10-30 13:00:00,486.0946094165134
2011-10-30 14:00:00,466.4539233882674
2011-10-30 15:00:00,502.58999732593367
2011-10-30 16:00:00,507.1019569575475
2011-10-30 17:00:00,291.5238393840906
2011-10-30 18:00:00,287.74593013466864
2011-10-30 19:00:00,295.97336590201263
2011-10-30 20:00:00,135.1039501410884
2011-10-30 21:00:00,83.123279614812
2011-10-30 22:00:00,57.06736250929758
2011-10-30 23:00:00,37.94810245839992
2011-10-31 00:00:00,22.854826297409094
2011-10-31 01:00:00,8.076063952210076
2011-10-31 02:00:00,2.607082725094043
2011-10-31 03:00:00,2.8726207783160493
2011-10-31 04:00:00,3.6252040654341737
2011-10-31 05:00:00,18.712073169837137
2011-10-31 06:00:00,62.14926632061076
2011-10-31 07:00:00,296.48201556223484
2011-10-31 08:00:00,357.450996342746
2011-10-31 09:00:00,233.23330037910532
2011-10-31 10:00:00,136.78734140888739
2011-10-31 11:00:00,173.57263959349422
2011-10-31 12:00:00,297.52974468370934
2011-10-31 13:00:00,334.90121939990127
2011-10-31 14:00:00,291.1870752630713
2011-10-31 15:00:00,309.4343580455775
2011-10-31 16:00:00,501.29896689804895
2011-10-31 17:00:00,771.3085246554327
2011-10-31 18:00:00,472.72531937171067
2011-10-31 19:00:00,339.3760755922822
2011-10-31 20:00:00,219.62928801120447
2011-10-31 21:00:00,118.64925267148972
2011-10-31 22:00:00,79.12300190635081
2011-10-31 23:00:00,45.00815779300886
2011-11-20 00:00:00,92.25563015331281
2011-11-20 01:00:00,73.85864845411506
2011-11-20 02:00:00,41.86494784055988
2011-11-20 03:00:00,17.566295816901853
2011-11-20 04:00:00,6.523884901149152
2011-11-20 05:00:00,6.691632902276931
2011-11-20 06:00:00,12.03543763886059
2011-11-20 07:00:00,52.17824579787196
2011-11-20 08:00:00,66.94863004639043
2011-11-20 09:00:00,183.2013957647824
2011-11-20 10:00:00,286.8963602783511
2011-11-20 11:00:00,368.5718026579416
2011-11-20 12:00:00,439.7397484558903
2011-11-20 13:00:00,496.58236787758847
2011-11-20 14:00:00,483.50089289368907
2011-11-20 15:00:00,368.62453104857207
2011-11-20 16:00:00,438.8593280851504
2011-11-20 17:00:00,366.1961632989157
2011-11-20 18:00:00,360.38853471257244
2011-11-20 19:00:00,223.69298423357185
2011-11-20 20:00:00,197.58692001508484
2011-11-20 21:00:00,157.43338232826596
2011-11-20 22:00:00,119.07467579347248
2011-11-20 23:00:00,87.4898518757739
2011-11-21 00:00:00,25.258896458344186
2011-11-21 01:00:00,5.322587298236139
2011-11-21 02:00:00,4.740382801543166
2011-11-21 03:00:00,2.619316156579219
2011-11-21 04:00:00,3.5258867155691953
2011-11-21 05:00:00,23.39986437757481
2011-11-21 06:00:00,86.92423429453366
2011-11-21 07:00:00,372.211308699898
2011-11-21 08:00:00,495.537335560254
2011-11-21 09:00:00,294.20184823661504
2011-11-21 10:00:00,95.40051827370304
2011-11-21 11:00:00,110.23435344151207
2011-11-21 12:00:00,172.30805390752607
2011-11-21 13:00:00,160.64177769506855
2011-11-21 14:00:00,132.4576396659451
2011-11-21 15:00:00,108.72837362971134
2011-11-21 16:00:00,209.65079145791933
2011-11-21 17:00:00,271.031572349988
2011-11-21 18:00:00,323.967739040421
2011-11-21 19:00:00,262.830130208441
2011-11-21 20:00:00,164.38119827394556
2011-11-21 21:00:00,107.36264512184681
2011-11-21 22:00:00,68.78840732398197
2011-11-21 23:00:00,44.492324723253304
2011-11-22 00:00:00,14.111237477167032
2011-11-22 01:00:00,5.586765251130265
2011-11-22 02:00:00,4.6145033670104905
2011-11-22 03:00:00,3.5165512139096786
2011-11-22 04:00:00,4.941099825086168
2011-11-22 05:00:00,10.162968959528593
2011-11-22 06:00:00,96.36323711164955
2011-11-22 07:00:00,100.42371303931651
2011-11-22 08:00:00,201.48618255789313
2011-11-22 09:00:00,79.00959506456242
2011-11-22 10:00:00,43.012984168113746
2011-11-22 11:00:00,55.81356845509023
2011-11-22 12:00:00,67.31050076399666
2011-11-22 13:00:00,75.39162608410953
2011-11-22 14:00:00,70.09197523062915
2011-11-22 15:00:00,59.55443078474813
2011-11-22 16:00:00,123.3035969278681
2011-11-22 17:00:00,262.8066950720602
2011-11-22 18:00:00,192.1563501451582
2011-11-22 19:00:00,263.10787654649033
2011-11-22 20:00:00,177.5027448146266
2011-11-22 21:00:00,162.3786593582007
2011-11-22 22:00:00,133.72900111850632
2011-11-22 23:00:00,86.60438427153605
2011-11-23 00:00:00,30.527618304776148
2011-11-23 01:00:00,7.974451937481667
2011-11-23 02:00:00,4.263232623147807
2011-11-23 03:00:00,3.904732554209573
2011-11-23 04:00:00,5.387616779985019
2011-11-23 05:00:00,14.630924671664852
2011-11-23 06:00:00,68.31655256993872
2011-11-23 07:00:00,180.59477042635393
2011-11-23 08:00:00,442.8371583553027
2011-11-23 09:00:00,183.91903964943745
2011-11-23 10:00:00,79.2998454215333
2011-11-23 11:00:00,104.56509930907038
2011-11-23 12:00:00,201.15163540235045
2011-11-23 13:00:00,171.08865514977018
2011-11-23 14:00:00,159.44387667035454
2011-11-23 15:00:00,234.5974250483367
2011-11-23 16:00:00,266.10105242264353
2011-11-23 17:00:00,385.8626701068089
2011-11-23 18:00:00,415.96952147093117
2011-11-23 19:00:00,328.5882761325422
2011-11-23 20:00:00,251.73490745737053
2011-11-23 21:00:00,216.39237596243814
2011-11-23 22:00:00,162.85981266674733
2011-11-23 23:00:00,113.76616578103092
2011-11-24 00:00:00,52.92091542566532
2011-11-24 01:00:00,17.374847640369598
2011-11-24 02:00:00,8.178717228470104
2011-11-24 03:00:00,7.023718502236115
2011-11-24 04:00:00,9.277153808879865
2011-11-24 05:00:00,18.323498184117128
2011-11-24 06:00:00,64.57049102446689
2011-11-24 07:00:00,156.45735631307787
2011-11-24 08:00:00,331.99835194491004
2011-11-24 09:00:00,221.29962137955386
2011-11-24 10:00:00,197.925164811457
2011-11-24 11:00:00,260.81324804081345
2011-11-24 12:00:00,259.35096964275084
2011-11-24 13:00:00,268.9230290822376
2011-11-24 14:00:00,259.11351184300764
2011-11-24 15:00:00,256.58905948609845
2011-11-24 16:00:00,317.4746304582611
2011-11-24 17:00:00,378.1905245379212
2011-11-24 18:00:00,284.9673876478371
2011-11-24 19:00:00,265.53979010686004
2011-11-24 20:00:00,170.41335503308565
2011-11-24 21:00:00,141.50632526052524
2011-11-24 22:00:00,128.9008006510119
2011-11-24 23:00:00,82.84897460051569
2011-11-25 00:00:00,39.29788542772554
2011-11-25 01:00:00,23.93879567554211
2011-11-25 02:00:00,9.477229899407003
2011-11-25 03:00:00,5.023452785580993
2011-11-25 04:00:00,7.798697612947805
2011-11-25 05:00:00,19.738261607866534
2011-11-25 06:00:00,95.20588123134105
2011-11-25 07:00:00,251.4020262958131
2011-11-25 08:00:00,492.9524653590872
2011-11-25 09:00:00,207.3492290417839
2011-11-25 10:00:00,171.67213925298572
2011-11-25 11:00:00,189.60557681322356
2011-11-25 12:00:00,215.16888781301935
2011-11-25 13:00:00,231.06486655467845
2011-11-25 14:00:00,253.93368122213232
2011-11-25 15:00:00,271.51807229529726
2011-11-25 16:00:00,474.7651872630183
2011-11-25 17:00:00,585.775288188367
2011-11-25 18:00:00,436.96914867446236
2011-11-25 19:00:00,233.63067357487913
2011-11-25 20:00:00,290.242079607374
2011-11-25 21:00:00,181.75222313068787
2011-11-25 22:00:00,181.2916567414917
2011-11-25 23:00:00,127.68325558486264
2011-11-26 00:00:00,110.9340870356058
2011-11-26 01:00:00,86.57350023064765
2011-11-26 02:00:00,54.67904680032775
2011-11-26 03:00:00,19.992291706580147
2011-11-26 04:00:00,8.407006905997553
2011-11-26 05:00:00,9.133122360085071
2011-11-26 06:00:00,24.106983118724646
2011-11-26 07:00:00,72.87929147470338
2011-11-26 08:00:00,160.62906260349158
2011-11-26 09:00:00,157.66544469205442
2011-11-26 10:00:00,232.12601839937986
2011-11-26 11:00:00,420.2984609693598
2011-11-26 12:00:00,403.6577785627195
2011-11-26 13:00:00,595.0078508828824
2011-11-26 14:00:00,491.7145611691477
2011-11-26 15:00:00,534.0179022712258
2011-11-26 16:00:00,394.77098685526636
2011-11-26 17:00:00,326.3967265394639
2011-11-26 18:00:00,216.5629029637715
2011-11-26 19:00:00,229.83150613567497
2011-11-26 20:00:00,171.5656728692306
2011-11-26 21:00:00,126.60319893056483
2011-11-26 22:00:00,144.75516147143443
2011-11-26 23:00:00,75.76252801005909
2011-11-27 00:00:00,84.2795903673393
2011-11-27 01:00:00,101.58092873849967
2011-11-27 02:00:00,75.77943704654099
2011-11-27 03:00:00,36.11802297673842
2011-11-27 04:00:00,12.425467672435591
2011-11-27 05:00:00,7.140704857469424
2011-11-27 06:00:00,20.307516663399277
2011-11-27 07:00:00,47.66636928656665
2011-11-27 08:00:00,102.5754417654441
2011-11-27 09:00:00,138.98092066303687
2011-11-27 10:00:00,248.3705204282941
2011-11-27 11:00:00,323.6717364645242
2011-11-27 12:00:00,475.79068843527034
2011-11-27 13:00:00,501.60742074385143
2011-11-27 14:00:00,592.2155075442812
2011-11-27 15:00:00,497.651672350079
2011-11-27 16:00:00,565.0003352238936
2011-11-27 17:00:00,447.21917615985586
2011-11-27 18:00:00,300.11133958394066
2011-11-27 19:00:00,230.22999967181443
2011-11-27 20:00:00,176.27238644432578
2011-11-27 21:00:00,153.0729043068624
2011-11-27 22:00:00,107.12097233248481
2011-11-27 23:00:00,83.89747103666572
2011-11-28 00:00:00,34.990266520589714
2011-11-28 01:00:00,16.024696438734175
2011-11-28 03:00:00,4.539785882427749
2011-11-28 04:00:00,6.82126229081656
2011-11-28 05:00:00,33.963767814633876
2011-11-28 06:00:00,111.42255683199082
2011-11-28 07:00:00,490.18680277819584
2011-11-28 08:00:00,641.3931434318001
2011-11-28 09:00:00,325.10143749234095
2011-11-28 10:00:00,116.98072104523843
2011-11-28 11:00:00,118.82051968905468
2011-11-28 12:00:00,204.5583435523373
2011-11-28 13:00:00,230.6347928052826
2011-11-28 14:00:00,188.36056421572957
2011-11-28 15:00:00,203.05299940051358
2011-11-28 16:00:00,278.2746856145416
2011-11-28 17:00:00,550.81788000506
2011-11-28 18:00:00,527.5734701350565
2011-11-28 19:00:00,383.88192786476014
2011-11-28 20:00:00,286.74181470367495
2011-11-28 21:00:00,193.66169651346752
2011-11-28 22:00:00,108.78552263659542
2011-11-28 23:00:00,47.0404980842166
2011-11-29 00:00:00,21.796989209170302
2011-11-29 01:00:00,11.60301360893974
2011-11-29 02:00:00,3.623754897226715
2011-11-29 03:00:00,4.2140617610622435
2011-11-29 04:00:00,5.688597652044891
2011-11-29 05:00:00,25.0567916522829
2011-11-29 06:00:00,83.49160071264467
2011-11-29 07:00:00,274.8026227181263
2011-11-29 08:00:00,361.3642235626343
2011-11-29 09:00:00,168.55701093711144
2011-11-29 10:00:00,104.78941276303574
2011-11-29 11:00:00,48.66655909446832
2011-11-29 12:00:00,88.44752844328676
2011-11-29 13:00:00,105.01325600054832
2011-11-29 14:00:00,54.63705932438259
2011-11-29 15:00:00,75.48061769936497
2011-11-29 16:00:00,148.23379761838987
2011-11-29 17:00:00,305.46410487491454
2011-11-29 18:00:00,292.0652270388836
2011-11-29 19:00:00,162.47679050044783
2011-11-29 20:00:00,202.06780042298914
2011-11-29 21:00:00,131.16952793700446
2011-11-29 22:00:00,99.880915750886
2011-11-29 23:00:00,75.05850095858885
2011-11-30 00:00:00,45.08461509035585
2011-11-30 01:00:00,12.390385450673099
2011-11-30 02:00:00,5.987562582434794
2011-11-30 03:00:00,3.695006371751019
2011-11-30 04:00:00,5.148632993195375
2011-11-30 05:00:00,30.869674195069443
2011-11-30 06:00:00,80.26927690490109
2011-11-30 07:00:00,379.37013017386414
2011-11-30 08:00:00,525.050522648233
2011-11-30 09:00:00,215.67324656084853
2011-11-30 10:00:00,156.59222506807453
2011-11-30 11:00:00,173.57611579543996
2011-11-30 12:00:00,304.0531931059352
2011-11-30 13:00:00,244.8052530341106
2011-11-30 14:00:00,241.1324378722255
2011-11-30 15:00:00,242.35952128216525
2011-11-30 16:00:00,386.0367673719267
2011-11-30 17:00:00,617.1503814693344
2011-11-30 18:00:00,471.11636077545865
2011-11-30 19:00:00,345.3232695039268
2011-11-30 20:00:00,257.7632506783745
2011-11-30 21:00:00,190.29612460893264
2011-11-30 22:00:00,164.74380575978404
2011-11-30 23:00:00,94.20507477046614
2011-12-20 00:00:00,37.50987475675332
2011-12-20 01:00:00,10.182141156854263
2011-12-20 02:00:00,3.85504759864083
2011-12-20 03:00:00,4.097685105830732
2011-12-20 04:00:00,6.906679026719036
2011-12-20 05:00:00,47.631810865036684
2011-12-20 06:00:00,164.38433362638438
2011-12-20 07:00:00,467.0931585987895
2011-12-20 08:00:00,806.8714392696016
2011-12-20 09:00:00,280.4619016978182
2011-12-20 10:00:00,155.08272185432048
2011-12-20 11:00:00,134.73004444118035
2011-12-20 12:00:00,229.02566601172884
2011-12-20 13:00:00,233.4385810563558
2011-12-20 14:00:00,178.2811871816613
2011-12-20 15:00:00,269.39264133217864
2011-12-20 16:00:00,353.50226092161313
2011-12-20 17:00:00,494.9313846280082
2011-12-20 18:00:00,463.4995385388821
2011-12-20 19:00:00,315.8319914674856
2011-12-20 20:00:00,205.91847049663951
2011-12-20 21:00:00,155.43074698692539
2011-12-20 22:00:00,129.4613446251711
2011-12-20 23:00:00,114.812672846144
2011-12-21 00:00:00,20.879584591054215
2011-12-21 01:00:00,7.623015582331229
2011-12-21 02:00:00,3.641919461023003
2011-12-21 03:00:00,4.039272170322206
2011-12-21 04:00:00,3.0743800186952877
2011-12-21 05:00:00,19.66639614573331
2011-12-21 06:00:00,80.06067970270985
2011-12-21 07:00:00,176.44772456261012
2011-12-21 08:00:00,181.0052263315913
2011-12-21 09:00:00,230.29181535811296
2011-12-21 10:00:00,106.73978362551829
2011-12-21 11:00:00,114.20506229217938
2011-12-21 12:00:00,58.02408886981186
2011-12-21 13:00:00,25.39902866551109
2011-12-21 14:00:00,84.62857701581764
2011-12-21 15:00:00,82.93664408464647
2011-12-21 16:00:00,20.80701607734645
2011-12-21 17:00:00,36.55271985513154
2011-12-21 18:00:00,64.17069916104263
2011-12-21 19:00:00,82.91319586667376
2011-12-21 20:00:00,73.05980572692616
2011-12-21 21:00:00,161.60028717472568
2011-12-21 22:00:00,137.64144779874277
2011-12-21 23:00:00,71.54032578376723
2011-12-22 00:00:00,29.388685424012863
2011-12-22 01:00:00,15.286607372055055
2011-12-22 02:00:00,9.012396400560402
2011-12-22 03:00:00,4.057365191599718
2011-12-22 04:00:00,3.616884213792115
2011-12-22 05:00:00,38.03979217571658
2011-12-22 06:00:00,94.41499711563597
2011-12-22 07:00:00,238.65886532732247
2011-12-22 08:00:00,568.3303578609853
2011-12-22 09:00:00,282.81555638654277
2011-12-22 10:00:00,96.68127232162549
2011-12-22 11:00:00,148.4639798784923
2011-12-22 12:00:00,193.12351972293408
2011-12-22 13:00:00,180.1340448297913
2011-12-22 14:00:00,173.9819849942017
2011-12-22 15:00:00,173.31642017979732
2011-12-22 16:00:00,247.25432466097732
2011-12-22 17:00:00,386.77838744603173
2011-12-22 18:00:00,442.51208945701524
2011-12-22 19:00:00,302.9596662172482
2011-12-22 20:00:00,161.70511871211463
2011-12-22 21:00:00,114.81519123340139
2011-12-22 22:00:00,53.30042370750721
2011-12-22 23:00:00,41.13702036528015
2011-12-23 00:00:00,23.590634962340825
2011-12-23 01:00:00,9.88417781290595
2011-12-23 02:00:00,7.076076006627392
2011-12-23 03:00:00,3.5961547358788444
2011-12-23 04:00:00,2.031980793961282
2011-12-23 05:00:00,15.64735786693921
2011-12-23 06:00:00,71.61114546651108
2011-12-23 07:00:00,206.3146533223248
2011-12-23 08:00:00,235.89235271215614
2011-12-23 09:00:00,161.9622434755895
2011-12-23 10:00:00,108.99191326744848
2011-12-23 11:00:00,157.4957779316251
2011-12-23 12:00:00,196.7455703890647
2011-12-23 13:00:00,175.68851324544872
2011-12-23 14:00:00,115.38064928664923
2011-12-23 15:00:00,102.48172072063804
2011-12-23 16:00:00,163.3311762607422
2011-12-23 17:00:00,286.88486906949765
2011-12-23 18:00:00,250.87092990162185
2011-12-23 19:00:00,182.31451486095972
2011-12-23 20:00:00,83.16693060368772
2011-12-23 21:00:00,91.16960276833332
2011-12-23 22:00:00,57.212395111424
2011-12-23 23:00:00,44.075115446295904
2011-12-24 00:00:00,37.67892946125791
2011-12-24 01:00:00,29.36059454838591
2011-12-24 02:00:00,28.921055747614545
2011-12-24 03:00:00,12.36867120045657
2011-12-24 04:00:00,2.338396062497908
2011-12-24 05:00:00,1.6619378160256033
2011-12-24 06:00:00,4.382579202792311
2011-12-24 07:00:00,12.233630724679458
2011-12-24 08:00:00,35.60220179268382
2011-12-24 09:00:00,59.948212459686786
2011-12-24 10:00:00,104.91905858673712
2011-12-24 11:00:00,122.04152350015978
2011-12-24 12:00:00,181.71574031682948
2011-12-24 13:00:00,172.7739710942919
2011-12-24 14:00:00,174.4523452684169
2011-12-24 15:00:00,176.81199184794752
2011-12-24 16:00:00,167.44861322609523
2011-12-24 17:00:00,88.48481906239283
2011-12-24 18:00:00,110.88945053258155
2011-12-24 19:00:00,79.19675831244038
2011-12-24 20:00:00,51.535751080130765
2011-12-24 21:00:00,68.10484493893279
2011-12-24 22:00:00,42.17565773014744
2011-12-24 23:00:00,33.15874669328346
2011-12-25 00:00:00,37.7739402474917
2011-12-25 01:00:00,26.06842424642977
2011-12-25 02:00:00,25.944484248268644
2011-12-25 03:00:00,14.087108601583312
2011-12-25 05:00:00,4.3166420779364945
2011-12-25 06:00:00,3.9458601064956573
2011-12-25 07:00:00,7.963948709053302
2011-12-25 08:00:00,19.060193181494395
2011-12-25 09:00:00,77.25375241132015
2011-12-25 10:00:00,63.94079351514706
2011-12-25 11:00:00,159.18399429062157
2011-12-25 12:00:00,95.91036878352259
2011-12-25 13:00:00,160.48337051291116
2011-12-25 14:00:00,141.723628014642
2011-12-25 15:00:00,145.87866453215295
2011-12-25 16:00:00,115.25775004669885
2011-12-25 17:00:00,74.33591601888897
2011-12-25 18:00:00,68.39442066909149
2011-12-25 19:00:00,54.33019950321265
2011-12-25 20:00:00,56.6259608427748
2011-12-25 21:00:00,52.75384866634354
2011-12-25 22:00:00,46.14001308182385
2011-12-25 23:00:00,21.870695139347372
2011-12-26 00:00:00,23.519306928567307
2011-12-26 01:00:00,12.889093182417609
2011-12-26 02:00:00,14.35676881176094
2011-12-26 04:00:00,3.844983123250999
2011-12-26 05:00:00,5.423482202455636
2011-12-26 06:00:00,9.784074342237787
2011-12-26 07:00:00,27.494207171321754
2011-12-26 08:00:00,99.48103299906273
2011-12-26 09:00:00,82.6795116641865
2011-12-26 10:00:00,150.21753608810354
2011-12-26 11:00:00,152.66288091303375
2011-12-26 12:00:00,229.6422088089902
2011-12-26 13:00:00,255.96411774381136
2011-12-26 14:00:00,219.9052084445223
2011-12-26 15:00:00,204.48763853570992
2011-12-26 16:00:00,222.95862955795758
2011-12-26 17:00:00,199.26522501693677
2011-12-26 18:00:00,114.80385892574216
2011-12-26 19:00:00,79.97353339510171
2011-12-26 20:00:00,71.36604996837417
2011-12-26 21:00:00,52.151095769225996
2011-12-26 22:00:00,52.15521151616441
2011-12-26 23:00:00,36.2376408479969
2011-12-27 00:00:00,15.911895204147559
2011-12-27 01:00:00,4.814448101419209
2011-12-27 02:00:00,2.6645347480065267
2011-12-27 03:00:00,2.704107135691561
2011-12-27 04:00:00,1.7007019638059402
2011-12-27 05:00:00,18.02214580341006
2011-12-27 06:00:00,62.097604226078346
2011-12-27 07:00:00,186.95079452644916
2011-12-27 08:00:00,287.24624152409444
2011-12-27 09:00:00,105.59265498446473
2011-12-27 10:00:00,73.22079333599402
2011-12-27 11:00:00,56.70134477680635
2011-12-27 12:00:00,56.75455211056587
2011-12-27 13:00:00,59.21677665615531
2011-12-27 14:00:00,47.54504828889245
2011-12-27 15:00:00,47.18669229173176
2011-12-27 16:00:00,69.68723257623624
2011-12-27 17:00:00,275.530836246429
2011-12-27 18:00:00,206.5391767458884
2011-12-27 19:00:00,168.28115138356142
2011-12-27 20:00:00,139.38204194119638
2011-12-27 21:00:00,112.85596568618978
2011-12-27 22:00:00,76.90697163956841
2011-12-27 23:00:00,39.721245517959176
2011-12-28 00:00:00,22.452555062182114
2011-12-28 01:00:00,8.975668120854612
2011-12-28 02:00:00,3.5795546553844653
2011-12-28 03:00:00,3.2527811048772635
2011-12-28 05:00:00,20.63523783260056
2011-12-28 06:00:00,82.94150854195983
2011-12-28 07:00:00,201.19297969415578
2011-12-28 08:00:00,393.7054747074317
2011-12-28 09:00:00,167.64059246106848
2011-12-28 10:00:00,96.0522936673167
2011-12-28 11:00:00,106.93785663772424
2011-12-28 12:00:00,120.48392047871232
2011-12-28 13:00:00,101.90243216567006
2011-12-28 14:00:00,85.30534274106958
2011-12-28 15:00:00,83.60841083276154
2011-12-28 16:00:00,123.59038275169169
2011-12-28 17:00:00,187.73038464008098
2011-12-28 18:00:00,289.2623551925217
2011-12-28 19:00:00,217.18793831412276
2011-12-28 20:00:00,139.50032895808366
2011-12-28 21:00:00,72.32351999231905
2011-12-28 22:00:00,51.92625669612927
2011-12-28 23:00:00,33.8918887688052
2011-12-29 00:00:00,16.3493987350937
2011-12-29 01:00:00,9.217700497516743
2011-12-29 02:00:00,4.255923113826331
2011-12-29 03:00:00,2.377924631362129
2011-12-29 04:00:00,2.768210583587188
2011-12-29 05:00:00,19.08328313265962
2011-12-29 06:00:00,51.57631440106971
2011-12-29 07:00:00,111.70796642662495
2011-12-29 08:00:00,329.3773380251994
2011-12-29 09:00:00,184.6114991751292
2011-12-29 10:00:00,70.17916175956007
2011-12-29 11:00:00,96.37803400981888
2011-12-29 12:00:00,121.7590865013042
2011-12-29 13:00:00,98.89045647652917
2011-12-29 14:00:00,89.0678960894678
2011-12-29 15:00:00,95.01204903592341
2011-12-29 16:00:00,148.44111545435828
2011-12-29 17:00:00,313.52976103845253
2011-12-29 18:00:00,236.2475012560673
2011-12-29 19:00:00,167.05145328050781
2011-12-29 20:00:00,90.25403690085604
2011-12-29 21:00:00,75.4258218387608
2011-12-29 22:00:00,61.26730229174815
2011-12-29 23:00:00,48.28416051002115
2011-12-30 00:00:00,27.236196247461045
2011-12-30 01:00:00,7.624047974366591
2011-12-30 02:00:00,11.10716492980865
2011-12-30 03:00:00,6.233009342760846
2011-12-30 04:00:00,2.522144734973833
2011-12-30 05:00:00,10.577217770428287
2011-12-30 06:00:00,50.196990097395684
2011-12-30 07:00:00,133.63822779369661
2011-12-30 08:00:00,412.8776894740837
2011-12-30 09:00:00,188.5503539381393
2011-12-30 10:00:00,67.88097436731422
2011-12-30 11:00:00,111.77766075275737
2011-12-30 12:00:00,141.44217063201413
2011-12-30 13:00:00,129.74116900742342
2011-12-30 14:00:00,132.28633233111196
2011-12-30 15:00:00,192.4270243581094
2011-12-30 16:00:00,224.7275677979611
2011-12-30 17:00:00,362.439322739337
2011-12-30 18:00:00,274.01008211010617
2011-12-30 19:00:00,141.0994270102708
2011-12-30 20:00:00,109.68208660685477
2011-12-30 21:00:00,91.78844583186547
2011-12-30 22:00:00,76.6459069855903
2011-12-30 23:00:00,37.72014966637789
2011-12-31 00:00:00,32.06396796420517
2011-12-31 01:00:00,20.320947106916407
2011-12-31 02:00:00,13.967234867182933
2011-12-31 03:00:00,7.7811446379116775
2011-12-31 04:00:00,2.9459591201913153
2011-12-31 05:00:00,2.359351550616397
2011-12-31 06:00:00,9.640503422828838
2011-12-31 07:00:00,8.701474039855508
2011-12-31 08:00:00,51.09314069388617
2011-12-31 09:00:00,33.39931481101095
2011-12-31 10:00:00,111.81774934590477
2011-12-31 11:00:00,262.2206200359364
2011-12-31 12:00:00,363.7966294583385
2011-12-31 13:00:00,310.1510984854952
2011-12-31 14:00:00,263.93192845705084
2011-12-31 15:00:00,224.21796506912426
2011-12-31 16:00:00,245.3992056517415
2011-12-31 17:00:00,179.84892882760536
2011-12-31 18:00:00,160.01381613563336
2011-12-31 19:00:00,137.56894292672686
2011-12-31 20:00:00,115.07455197676362
2011-12-31 21:00:00,97.9431592157863
2011-12-31 22:00:00,90.59004409095151
2011-12-31 23:00:00,52.49033127039219
2012-01-20 00:00:00,26.340531267953693
2012-01-20 01:00:00,9.210743100282142
2012-01-20 02:00:00,6.6018227877447275
2012-01-20 03:00:00,8.089798540149035
2012-01-20 04:00:00,3.498735822075777
2012-01-20 05:00:00,15.756863658689916
2012-01-20 06:00:00,63.610535066335345
2012-01-20 07:00:00,103.7676449820529
2012-01-20 08:00:00,246.88580820412386
2012-01-20 09:00:00,188.01006428774343
2012-01-20 10:00:00,55.294891733644604
2012-01-20 11:00:00,49.11978157203534
2012-01-20 12:00:00,54.109238796318145
2012-01-20 13:00:00,94.52842701599798
2012-01-20 14:00:00,58.989287620346225
2012-01-20 15:00:00,67.62916505378087
2012-01-20 16:00:00,91.46186135063573
2012-01-20 17:00:00,190.56635932772957
2012-01-20 18:00:00,184.0028116797785
2012-01-20 19:00:00,162.2734685502888
2012-01-20 20:00:00,104.49760994766488
2012-01-20 21:00:00,84.74313892760391
2012-01-20 22:00:00,59.56675669035242
2012-01-20 23:00:00,18.455190683780227
2012-01-21 00:00:00,21.58462361760028
2012-01-21 01:00:00,15.963124042051126
2012-01-21 02:00:00,10.555718563830661
2012-01-21 03:00:00,7.0391113841598525
2012-01-21 04:00:00,2.4296999971016837
2012-01-21 05:00:00,3.105201766220186
2012-01-21 06:00:00,3.375454444224927
2012-01-21 07:00:00,9.136356529075565
2012-01-21 08:00:00,25.176479028446998
2012-01-21 09:00:00,39.954603703503054
2012-01-21 10:00:00,30.3908958663703
2012-01-21 11:00:00,58.406080688849755
2012-01-21 12:00:00,83.31200362428473
2012-01-21 13:00:00,63.38402661380508
2012-01-21 14:00:00,54.60971054232869
2012-01-21 15:00:00,53.29201180029213
2012-01-21 16:00:00,58.24593924254299
2012-01-21 17:00:00,51.055939596101
2012-01-21 18:00:00,54.516268136476334
2012-01-21 19:00:00,43.12820036537955
2012-01-21 20:00:00,34.212354207376116
2012-01-21 21:00:00,32.771818327812525
2012-01-21 22:00:00,28.32800385967206
2012-01-21 23:00:00,25.95581264054711
2012-01-22 00:00:00,22.748193397046126
2012-01-22 01:00:00,23.628241827404764
2012-01-22 02:00:00,22.254199176733238
2012-01-22 03:00:00,8.912106141196624
2012-01-22 04:00:00,2.896448997840592
2012-01-22 05:00:00,3.1502063884942144
2012-01-22 06:00:00,4.13241452129631
2012-01-22 07:00:00,6.200190847031857
2012-01-22 08:00:00,15.82808642928526
2012-01-22 09:00:00,39.88971825135794
2012-01-22 10:00:00,79.95382036488856
2012-01-22 11:00:00,41.65577330743926
2012-01-22 12:00:00,86.46223568819808
2012-01-22 13:00:00,103.15816268526143
2012-01-22 14:00:00,101.04334309701085
2012-01-22 15:00:00,84.53275008715354
2012-01-22 16:00:00,87.87136178781022
2012-01-22 17:00:00,73.11992536105606
2012-01-22 18:00:00,48.780157322944184
2012-01-22 19:00:00,42.85209624077066
2012-01-22 20:00:00,31.08967654409738
2012-01-22 21:00:00,26.80334076166998
2012-01-22 22:00:00,34.38657004154717
2012-01-22 23:00:00,22.02527161952191
2012-01-23 00:00:00,9.606364999036467
2012-01-23 01:00:00,6.515379994523498
2012-01-23 02:00:00,3.1396034235802146
2012-01-23 03:00:00,1.6045818090528445
2012-01-23 04:00:00,3.076444442926509
2012-01-23 05:00:00,9.63602473545848
2012-01-23 06:00:00,30.382607853886586
2012-01-23 07:00:00,49.712548740253936
2012-01-23 08:00:00,263.8598247962926
2012-01-23 09:00:00,177.12708779097483
2012-01-23 10:00:00,59.86645645696998
2012-01-23 11:00:00,54.90886654459766
2012-01-23 12:00:00,72.01816733283775
2012-01-23 13:00:00,58.03504644881654
2012-01-23 14:00:00,42.204657587988486
2012-01-23 15:00:00,31.9800785298191
2012-01-23 16:00:00,134.39087674226892
2012-01-23 17:00:00,221.00867241482266
2012-01-23 18:00:00,228.64779096467248
2012-01-23 19:00:00,189.58948434094572
2012-01-23 20:00:00,70.3357470743175
2012-01-23 21:00:00,45.25637740815918
2012-01-23 22:00:00,39.57968089703591
2012-01-23 23:00:00,19.152072539102946
2012-01-24 00:00:00,10.205107949742695
2012-01-24 01:00:00,4.835725687062285
2012-01-24 02:00:00,3.2483636235443805
2012-01-24 03:00:00,1.7265907112429186
2012-01-24 04:00:00,1.764764167878606
2012-01-24 05:00:00,8.05506501783967
2012-01-24 06:00:00,60.491353573945844
2012-01-24 07:00:00,192.63542405268316
2012-01-24 08:00:00,375.7788684254648
2012-01-24 09:00:00,173.65360350540814
2012-01-24 10:00:00,71.98531055232193
2012-01-24 11:00:00,96.81884395437156
2012-01-24 12:00:00,105.64795431033795
2012-01-24 13:00:00,108.81353765217528
2012-01-24 14:00:00,52.874478803935304
2012-01-24 15:00:00,85.263659252328
2012-01-24 16:00:00,160.46133298905423
2012-01-24 17:00:00,425.0891972026675
2012-01-24 18:00:00,315.2623326010806
2012-01-24 19:00:00,337.5668333578983
2012-01-24 20:00:00,116.73031073284976
2012-01-24 21:00:00,116.91686951360478
2012-01-24 22:00:00,54.30308200210314
2012-01-24 23:00:00,33.0136877100679
2012-01-25 00:00:00,7.603337847284699
2012-01-25 01:00:00,7.340947540303381
2012-01-25 02:00:00,5.7173742353402
2012-01-25 03:00:00,4.99119298490965
2012-01-25 04:00:00,1.652157271168519
2012-01-25 05:00:00,11.366652522230803
2012-01-25 06:00:00,77.35895809208954
2012-01-25 07:00:00,183.76177414371355
2012-01-25 08:00:00,362.80676100706836
2012-01-25 09:00:00,167.74926240888774
2012-01-25 10:00:00,79.16587341923423
2012-01-25 11:00:00,84.00114911315136
2012-01-25 12:00:00,148.5197045367173
2012-01-25 13:00:00,126.9977813599393
2012-01-25 14:00:00,101.59294196402541
2012-01-25 15:00:00,112.99155051205557
2012-01-25 16:00:00,187.58318720421838
2012-01-25 17:00:00,318.5230246147768
2012-01-25 18:00:00,236.77823488437946
2012-01-25 19:00:00,224.59280288598265
2012-01-25 20:00:00,131.67054164779606
2012-01-25 21:00:00,96.33695754043639
2012-01-25 22:00:00,68.23177764513699
2012-01-25 23:00:00,30.580570512500472
2012-01-26 00:00:00,20.297961417492903
2012-01-26 01:00:00,7.2143179983808405
2012-01-26 02:00:00,5.518012311090762
2012-01-26 03:00:00,2.5027047521498775
2012-01-26 04:00:00,5.299516829114565
2012-01-26 05:00:00,18.936008317075572
2012-01-26 06:00:00,80.31399499322485
2012-01-26 07:00:00,264.55702202697347
2012-01-26 08:00:00,502.8304273631319
2012-01-26 09:00:00,234.3581565409709
2012-01-26 10:00:00,63.70095790497278
2012-01-26 11:00:00,104.39073301531047
2012-01-26 12:00:00,107.37298690862158
2012-01-26 13:00:00,117.33725604501757
2012-01-26 14:00:00,98.47814940267662
2012-01-26 15:00:00,128.05579999850474
2012-01-26 16:00:00,183.6504372195543
2012-01-26 17:00:00,478.3405349467343
2012-01-26 18:00:00,486.06633210642036
2012-01-26 19:00:00,336.9605426544259
2012-01-26 20:00:00,194.27167100514745
2012-01-26 21:00:00,193.29478808764517
2012-01-26 22:00:00,160.95038862839917
2012-01-26 23:00:00,62.484927361870255
2012-01-27 00:00:00,35.837462947368365
2012-01-27 01:00:00,11.78767069233712
2012-01-27 02:00:00,9.53000341481555
2012-01-27 03:00:00,2.544286883014174
2012-01-27 04:00:00,1.6791221854593528
2012-01-27 05:00:00,14.554164720251363
2012-01-27 06:00:00,29.020262951865117
2012-01-27 07:00:00,84.30643998704367
2012-01-27 08:00:00,239.03721321080408
2012-01-27 09:00:00,148.9436687609321
2012-01-27 10:00:00,40.06389136218639
2012-01-27 11:00:00,104.86744104464894
2012-01-27 12:00:00,181.1809524630336
2012-01-27 13:00:00,194.1834089991332
2012-01-27 14:00:00,171.12398355515825
2012-01-27 15:00:00,138.39585370471812
2012-01-27 16:00:00,245.0568234543744
2012-01-27 17:00:00,343.38946866314643
2012-01-27 18:00:00,291.5216152421891
2012-01-27 19:00:00,192.6943125736999
2012-01-27 20:00:00,114.25321261986947
2012-01-27 21:00:00,93.42058893198342
2012-01-27 22:00:00,95.71496538163476
2012-01-27 23:00:00,46.880079011112365
2012-01-28 00:00:00,38.61424294975012
2012-01-28 01:00:00,38.6100174649623
2012-01-28 02:00:00,31.446058794778182
2012-01-28 03:00:00,26.821911345865235
2012-01-28 04:00:00,3.4751997534536834
2012-01-28 05:00:00,1.8448465826965466
2012-01-28 06:00:00,3.85504346262568
2012-01-28 07:00:00,3.909933569029215
2012-01-28 08:00:00,35.43802873116549
2012-01-28 09:00:00,37.87719993218806
2012-01-28 10:00:00,115.38329017035568
2012-01-28 11:00:00,188.81090683023305
2012-01-28 12:00:00,112.8709269469997
2012-01-28 13:00:00,187.51575656481904
2012-01-28 14:00:00,143.94872352146723
2012-01-28 15:00:00,209.36457499907624
2012-01-28 16:00:00,286.78816963270884
2012-01-28 17:00:00,199.7957451362902
2012-01-28 18:00:00,191.39588637824707
2012-01-28 19:00:00,101.14896331506226
2012-01-28 20:00:00,91.65972653000775
2012-01-28 21:00:00,78.55253400101155
2012-01-28 22:00:00,76.91694709815177
2012-01-28 23:00:00,51.68459012253716
2012-01-29 00:00:00,71.27344645318131
2012-01-29 01:00:00,28.552715424507305
2012-01-29 02:00:00,32.58834366171564
2012-01-29 03:00:00,15.38293417073109
2012-01-29 04:00:00,2.3662971203608616
2012-01-29 05:00:00,2.25724927256595
2012-01-29 06:00:00,4.939685778436706
2012-01-29 07:00:00,11.656088560224553
2012-01-29 08:00:00,38.42889579995706
2012-01-29 09:00:00,60.996877699689186
2012-01-29 10:00:00,104.36933093592268
2012-01-29 11:00:00,143.10248588066992
2012-01-29 12:00:00,243.7499401226586
2012-01-29 13:00:00,248.6995061652226
2012-01-29 14:00:00,209.69968213934345
2012-01-29 15:00:00,265.9003930887259
2012-01-29 16:00:00,168.53450765049598
2012-01-29 17:00:00,123.36211256630125
2012-01-29 18:00:00,103.94587736183365
2012-01-29 19:00:00,79.50513338240846
2012-01-29 20:00:00,48.939481768618535
2012-01-29 21:00:00,32.78035949816621
2012-01-29 22:00:00,25.368859429761365
2012-01-29 23:00:00,15.103114343354639
2012-01-30 00:00:00,13.10976462383705
2012-01-30 01:00:00,2.8175737855654273
2012-01-30 02:00:00,2.8051929523489068
2012-01-30 03:00:00,1.6421984688091178
2012-01-30 04:00:00,1.7715326123805823
2012-01-30 05:00:00,8.162227478324345
2012-01-30 06:00:00,27.43968983752094
2012-01-30 07:00:00,60.55602870428271
2012-01-30 08:00:00,140.01954187373786
2012-01-30 09:00:00,96.96400882786426
2012-01-30 10:00:00,48.39283929488481
2012-01-30 11:00:00,86.22890970004697
2012-01-30 12:00:00,82.507680661911
2012-01-30 13:00:00,102.52551499029585
2012-01-30 14:00:00,111.43950672359075
2012-01-30 15:00:00,118.76693327121534
2012-01-30 16:00:00,184.2084120836671
2012-01-30 17:00:00,333.11789795051715
2012-01-30 18:00:00,299.8071111743216
2012-01-30 19:00:00,161.35943247850233
2012-01-30 20:00:00,118.27671756530547
2012-01-30 21:00:00,96.91783002123803
2012-01-30 22:00:00,51.89526596619825
2012-01-30 23:00:00,32.49707711275267
2012-01-31 00:00:00,21.918380410494454
2012-01-31 01:00:00,3.7615173474165267
2012-01-31 02:00:00,4.0696308446369525
2012-01-31 03:00:00,3.0563728373810344
2012-01-31 04:00:00,2.5412311256778177
2012-01-31 05:00:00,20.78064146210063
2012-01-31 06:00:00,77.31522173621566
2012-01-31 07:00:00,136.9776706378873
2012-01-31 08:00:00,404.204211085281
2012-01-31 09:00:00,193.5138161640346
2012-01-31 10:00:00,111.09988576491997
2012-01-31 11:00:00,111.40810629614843
2012-01-31 12:00:00,134.72484075406135
2012-01-31 13:00:00,191.89548123834217
2012-01-31 14:00:00,106.784226388382
2012-01-31 15:00:00,125.3894177021243
2012-01-31 16:00:00,186.53841911314638
2012-01-31 17:00:00,472.86148843050194
2012-01-31 18:00:00,454.0556885155485
2012-01-31 19:00:00,300.65190122633373
2012-01-31 20:00:00,176.21876864380113
2012-01-31 21:00:00,154.5625500847645
2012-01-31 22:00:00,102.84623181197688
2012-01-31 23:00:00,68.02996648989937
2012-02-20 00:00:00,34.65890315387604
2012-02-20 01:00:00,24.108954609898355
2012-02-20 02:00:00,20.27670817954164
2012-02-20 03:00:00,8.971012762453531
2012-02-20 05:00:00,2.3971543828567343
2012-02-20 06:00:00,11.143102789245171
2012-02-20 07:00:00,13.385470867759356
2012-02-20 08:00:00,72.19141938081484
2012-02-20 09:00:00,116.17973100322845
2012-02-20 10:00:00,180.08354588122904
2012-02-20 11:00:00,220.4600870023788
2012-02-20 12:00:00,258.77346483430216
2012-02-20 13:00:00,251.68281698142346
2012-02-20 14:00:00,205.7415107673254
2012-02-20 15:00:00,221.08624949535525
2012-02-20 16:00:00,174.89945626626883
2012-02-20 17:00:00,242.64224499132396
2012-02-20 18:00:00,231.72170177486547
2012-02-20 19:00:00,156.268049646526
2012-02-20 20:00:00,124.30825356415397
2012-02-20 21:00:00,100.28087573035384
2012-02-20 22:00:00,80.67329166992884
2012-02-20 23:00:00,42.96805956555861
2012-02-21 00:00:00,14.845098515841942
2012-02-21 01:00:00,4.209333233651784
2012-02-21 02:00:00,2.2947853339456006
2012-02-21 04:00:00,1.7120515153874813
2012-02-21 05:00:00,9.33694606644027
2012-02-21 06:00:00,42.214811745167644
2012-02-21 07:00:00,152.4657329646395
2012-02-21 08:00:00,297.4344211411113
2012-02-21 09:00:00,219.76338000777994
2012-02-21 10:00:00,80.4769977385882
2012-02-21 11:00:00,77.81998311488488
2012-02-21 12:00:00,112.36421231960232
2012-02-21 13:00:00,109.43216620745322
2012-02-21 14:00:00,101.3385945136175
2012-02-21 15:00:00,95.33598907086134
2012-02-21 16:00:00,138.3687995123044
2012-02-21 17:00:00,351.4465671340472
2012-02-21 18:00:00,319.43761131995393
2012-02-21 19:00:00,217.8110386105969
2012-02-21 20:00:00,192.74209807816314
2012-02-21 21:00:00,157.24469422466638
2012-02-21 22:00:00,69.0258681239151
2012-02-21 23:00:00,45.99222570853646
2012-02-22 00:00:00,24.051118513205285
2012-02-22 01:00:00,10.273604363850174
2012-02-22 02:00:00,2.5397091649027637
2012-02-22 03:00:00,1.794207952628854
2012-02-22 04:00:00,1.6297425151433205
2012-02-22 05:00:00,18.616400511534458
2012-02-22 06:00:00,67.95150886407146
2012-02-22 07:00:00,188.09776261577244
2012-02-22 08:00:00,519.3513570770208
2012-02-22 09:00:00,187.74748313191535
2012-02-22 10:00:00,91.45837242405811
2012-02-22 11:00:00,95.67873372191889
2012-02-22 12:00:00,147.76759783851108
2012-02-22 13:00:00,166.53814152589297
2012-02-22 14:00:00,134.6313371407654
2012-02-22 15:00:00,92.7641537840381
2012-02-22 16:00:00,99.85248651915889
2012-02-22 17:00:00,311.35994761046635
2012-02-22 18:00:00,332.7790994109376
2012-02-22 19:00:00,269.95174924858566
2012-02-22 20:00:00,170.56879389101843
2012-02-22 21:00:00,105.95145667533711
2012-02-22 22:00:00,104.68368496880791
2012-02-22 23:00:00,44.99772868233132
2012-02-23 00:00:00,17.791906244607016
2012-02-23 01:00:00,6.50392064614814
2012-02-23 02:00:00,5.109366896049088
2012-02-23 03:00:00,1.9034935038850438
2012-02-23 04:00:00,1.3744964675221811
2012-02-23 05:00:00,11.519491767390141
2012-02-23 06:00:00,88.47823722264833
2012-02-23 07:00:00,188.63200790962242
2012-02-23 08:00:00,515.2623111998352
2012-02-23 09:00:00,205.7137488696898
2012-02-23 10:00:00,84.58044832467189
2012-02-23 11:00:00,101.39016721414119
2012-02-23 12:00:00,107.39182995204474
2012-02-23 13:00:00,118.3449797241231
2012-02-23 14:00:00,114.2350176896112
2012-02-23 15:00:00,137.55411858117617
2012-02-23 16:00:00,176.8034766896959
2012-02-23 17:00:00,399.608449459828
2012-02-23 18:00:00,440.1393784353746
2012-02-23 19:00:00,327.75359041857064
2012-02-23 20:00:00,238.30781879182732
2012-02-23 21:00:00,151.77460591173755
2012-02-23 22:00:00,109.14715833762195
2012-02-23 23:00:00,95.7300735635308
2012-02-24 00:00:00,44.00415735684531
2012-02-24 01:00:00,16.792532535423263
2012-02-24 02:00:00,6.4380535316186664
2012-02-24 03:00:00,2.6728091562912364
2012-02-24 04:00:00,2.7902784817670634
2012-02-24 05:00:00,13.591393348786431
2012-02-24 06:00:00,84.87048143548333
2012-02-24 07:00:00,112.31155608002284
2012-02-24 08:00:00,287.15654039153554
2012-02-24 09:00:00,200.09416298584947
2012-02-24 10:00:00,90.29536137788988
2012-02-24 11:00:00,126.99814470402603
2012-02-24 12:00:00,166.67724925756102
2012-02-24 13:00:00,143.3473232400077
2012-02-24 14:00:00,132.58168221289964
2012-02-24 15:00:00,83.20608135665502
2012-02-24 16:00:00,157.62876075794634
2012-02-24 17:00:00,294.62876855328676
2012-02-24 18:00:00,248.7811088959957
2012-02-24 19:00:00,255.33339284215947
2012-02-24 20:00:00,132.2495623626945
2012-02-24 21:00:00,121.20171994451275
2012-02-24 22:00:00,142.72372907790063
2012-02-24 23:00:00,75.76231125203783
2012-02-25 00:00:00,65.68795284891115
2012-02-25 01:00:00,44.173720124399615
2012-02-25 02:00:00,37.81663482883664
2012-02-25 03:00:00,10.378998440977291
2012-02-25 04:00:00,3.684456131055826
2012-02-25 05:00:00,3.4471428505996444
2012-02-25 06:00:00,7.009351043930101
2012-02-25 07:00:00,33.75134670811034
2012-02-25 08:00:00,67.0073632845987
2012-02-25 09:00:00,62.441620249903345
2012-02-25 10:00:00,139.7700576149068
2012-02-25 11:00:00,137.1537451266493
2012-02-25 12:00:00,121.68868098617475
2012-02-25 13:00:00,127.78424137127466
2012-02-25 14:00:00,125.89308390322145
2012-02-25 15:00:00,141.57766481320755
2012-02-25 16:00:00,118.06203346187704
2012-02-25 17:00:00,97.46232237018938
2012-02-25 18:00:00,73.55859883867272
2012-02-25 19:00:00,68.20220933243935
2012-02-25 20:00:00,61.20037917459189
2012-02-25 21:00:00,53.26293614557152
2012-02-25 22:00:00,58.422570328356784
2012-02-25 23:00:00,47.556317233261595
2012-02-26 00:00:00,36.46857912956632
2012-02-26 01:00:00,30.619003505619848
2012-02-26 02:00:00,28.827933039504703
2012-02-26 03:00:00,14.390997679772221
2012-02-26 04:00:00,3.6772314433008266
2012-02-26 05:00:00,2.0221625038294317
2012-02-26 06:00:00,3.7479265046826162
2012-02-26 07:00:00,10.683105297075418
2012-02-26 08:00:00,24.016869408325412
2012-02-26 09:00:00,50.89091399045649
2012-02-26 10:00:00,88.87867723030045
2012-02-26 11:00:00,116.33378635309838
2012-02-26 12:00:00,217.4024201373183
2012-02-26 13:00:00,159.7886592195668
2012-02-26 14:00:00,150.6025347096576
2012-02-26 15:00:00,167.21562596037765
2012-02-26 16:00:00,208.20286096052075
2012-02-26 17:00:00,188.2857612484228
2012-02-26 18:00:00,134.5452120252149
2012-02-26 19:00:00,99.1449941844791
2012-02-26 20:00:00,84.28505606365185
2012-02-26 21:00:00,69.89019405089356
2012-02-26 22:00:00,41.900206937665544
2012-02-26 23:00:00,29.85214466277883
2012-02-27 00:00:00,17.834784263666027
2012-02-27 01:00:00,5.092435069285038
2012-02-27 02:00:00,2.8255016324798534
2012-02-27 03:00:00,2.566803944981471
2012-02-27 04:00:00,3.199001014904668
2012-02-27 05:00:00,13.767255674453457
2012-02-27 06:00:00,55.87428133437545
2012-02-27 07:00:00,126.45031599008374
2012-02-27 08:00:00,322.62747121363657
2012-02-27 09:00:00,176.90956604192536
2012-02-27 10:00:00,75.22626012891907
2012-02-27 11:00:00,89.88382382776803
2012-02-27 12:00:00,146.59752777978963
2012-02-27 13:00:00,182.6011886441896
2012-02-27 14:00:00,149.67420997608585
2012-02-27 15:00:00,106.73983452302551
2012-02-27 16:00:00,138.66278562360392
2012-02-27 17:00:00,315.8795847887421
2012-02-27 18:00:00,304.3771144880037
2012-02-27 19:00:00,183.31919116878163
2012-02-27 20:00:00,138.25885557959054
2012-02-27 21:00:00,149.5015936458377
2012-02-27 22:00:00,128.58035393732087
2012-02-27 23:00:00,71.8879955967779
2012-02-28 00:00:00,29.028982163478684
2012-02-28 01:00:00,9.58813292603096
2012-02-28 02:00:00,5.481790989467642
2012-02-28 03:00:00,1.5254236966701933
2012-02-28 04:00:00,1.7984069540380394
2012-02-28 05:00:00,12.163336218222177
2012-02-28 06:00:00,80.88294507200963
2012-02-28 07:00:00,220.17171159743233
2012-02-28 08:00:00,280.0673947164933
2012-02-28 09:00:00,191.84699083108646
2012-02-28 10:00:00,93.82966068923166
2012-02-28 11:00:00,72.98936318251529
2012-02-28 12:00:00,117.08719915482125
2012-02-28 13:00:00,123.6382451964229
2012-02-28 14:00:00,96.00938743252858
2012-02-28 15:00:00,126.01758865578441
2012-02-28 16:00:00,170.37939198038848
2012-02-28 17:00:00,513.3406280661047
2012-02-28 18:00:00,478.0149325214505
2012-02-28 19:00:00,259.20693622390496
2012-02-28 20:00:00,147.151996942078
2012-02-28 21:00:00,149.54209066552212
2012-02-28 22:00:00,104.77542280096557
2012-02-28 23:00:00,50.68379583645426
2012-02-29 00:00:00,23.447965351617892
2012-02-29 01:00:00,9.7579107756814345
2012-02-29 02:00:00,4.000654289324269
2012-02-29 03:00:00,2.7313442366012985
2012-02-29 05:00:00,16.333989409668703
2012-02-29 06:00:00,81.28454454386569
2012-02-29 07:00:00,318.4808037685932
2012-02-29 08:00:00,634.205495809019
2012-02-29 09:00:00,167.40941356617455
2012-02-29 10:00:00,62.81871678306751
2012-02-29 11:00:00,63.41059895435139
2012-02-29 12:00:00,39.230689776761324
2012-02-29 13:00:00,63.4021030586766
2012-02-29 14:00:00,53.75947650278613
2012-02-29 15:00:00,102.2212486237733
2012-02-29 16:00:00,118.34593905983634
2012-02-29 17:00:00,371.48043740622364
2012-02-29 18:00:00,304.84031267317397
2012-02-29 19:00:00,302.11847579017217
2012-02-29 20:00:00,128.94567768598253
2012-02-29 21:00:00,63.88986610956755
2012-02-29 22:00:00,26.913468734677707
2012-02-29 23:00:00,20.00654395376217
2012-03-20 00:00:00,21.61348205849965
2012-03-20 01:00:00,11.816433633100354
2012-03-20 02:00:00,5.116648196811647
2012-03-20 03:00:00,2.5583109795988133
2012-03-20 04:00:00,2.7815245243408064
2012-03-20 05:00:00,13.674080670995457
2012-03-20 06:00:00,76.68575424200654
2012-03-20 07:00:00,116.3998170892265
2012-03-20 08:00:00,490.8353905166261
2012-03-20 09:00:00,393.33768913708457
2012-03-20 10:00:00,207.67982304969755
2012-03-20 11:00:00,193.45163309133576
2012-03-20 12:00:00,206.1226095610243
2012-03-20 13:00:00,227.66310708684273
2012-03-20 14:00:00,226.69660793390938
2012-03-20 15:00:00,261.4176170821693
2012-03-20 16:00:00,448.02834078228983
2012-03-20 17:00:00,827.6293953416364
2012-03-20 18:00:00,676.7836345362131
2012-03-20 19:00:00,542.1874868750729
2012-03-20 20:00:00,302.364488564445
2012-03-20 21:00:00,267.81176050163447
2012-03-20 22:00:00,172.23929729638638
2012-03-20 23:00:00,65.32782703967116
2012-03-21 00:00:00,29.257098741553108
2012-03-21 01:00:00,18.544887581956072
2012-03-21 02:00:00,4.812701958476838
2012-03-21 03:00:00,3.038401582987101
2012-03-21 04:00:00,2.7573417649538126
2012-03-21 05:00:00,17.868948904410654
2012-03-21 06:00:00,84.3329362419695
2012-03-21 07:00:00,174.4669865062376
2012-03-21 08:00:00,329.0330868859744
2012-03-21 09:00:00,288.64494605106864
2012-03-21 10:00:00,130.24486255209723
2012-03-21 11:00:00,99.61902580508445
2012-03-21 12:00:00,176.08126904138615
2012-03-21 13:00:00,103.55420898667167
2012-03-21 14:00:00,134.2584833386593
2012-03-21 15:00:00,148.28901162084162
2012-03-21 16:00:00,329.2616056184712
2012-03-21 17:00:00,747.5058520728816
2012-03-21 18:00:00,608.1324850250412
2012-03-21 19:00:00,479.82176267574005
2012-03-21 20:00:00,342.9924630144009
2012-03-21 21:00:00,203.73791750385922
2012-03-21 22:00:00,154.67336264316177
2012-03-21 23:00:00,136.7853846642685
2012-03-22 00:00:00,38.485128446262
2012-03-22 01:00:00,21.645733307189825
2012-03-22 02:00:00,10.193678843996144
2012-03-22 03:00:00,5.600369403852917
2012-03-22 04:00:00,2.47804939495449
2012-03-22 05:00:00,12.189007664209708
2012-03-22 06:00:00,66.23775755237136
2012-03-22 07:00:00,236.54396078360722
2012-03-22 08:00:00,427.64354283457294
2012-03-22 09:00:00,178.42823197163867
2012-03-22 10:00:00,60.55022503411889
2012-03-22 11:00:00,89.60754548334621
2012-03-22 12:00:00,166.72398881833305
2012-03-22 13:00:00,164.81703619316343
2012-03-22 14:00:00,203.36161563340457
2012-03-22 15:00:00,254.65370291568752
2012-03-22 16:00:00,371.9027916381065
2012-03-22 17:00:00,710.6342050238534
2012-03-22 18:00:00,712.2425423752751
2012-03-22 19:00:00,534.7150508195705
2012-03-22 20:00:00,401.25301554334925
2012-03-22 21:00:00,301.56535510246835
2012-03-22 22:00:00,234.57885623151947
2012-03-22 23:00:00,128.24523143999875
2012-03-23 00:00:00,64.28441378682676
2012-03-23 01:00:00,37.60025462431319
2012-03-23 02:00:00,13.440830403225725
2012-03-23 03:00:00,6.400759801289079
2012-03-23 04:00:00,4.48917065966975
2012-03-23 05:00:00,20.03833693427552
2012-03-23 06:00:00,101.00143412864199
2012-03-23 07:00:00,252.18484598713474
2012-03-23 08:00:00,493.16829588648073
2012-03-23 09:00:00,261.5053879714755
2012-03-23 10:00:00,195.47567058194002
2012-03-23 11:00:00,260.93801641913745
2012-03-23 12:00:00,296.55002408279483
2012-03-23 13:00:00,356.72818521828134
2012-03-23 14:00:00,355.1919163076135
2012-03-23 15:00:00,329.85341453333234
2012-03-23 16:00:00,443.15929631522016
2012-03-23 17:00:00,735.2209668287934
2012-03-23 18:00:00,581.9322247597232
2012-03-23 19:00:00,348.9730762687232
2012-03-23 20:00:00,247.53425982679084
2012-03-23 21:00:00,226.60290688750152
2012-03-23 22:00:00,208.38958890234193
2012-03-23 23:00:00,146.37526462323794
2012-03-24 00:00:00,107.87360075939179
2012-03-24 01:00:00,133.7116576309866
2012-03-24 02:00:00,75.64809386795481
2012-03-24 03:00:00,33.53367358397035
2012-03-24 04:00:00,13.229910222286449
2012-03-24 05:00:00,15.744197305356272
2012-03-24 06:00:00,40.24149210896428
2012-03-24 07:00:00,105.94120128861906
2012-03-24 08:00:00,188.9697000819291
2012-03-24 09:00:00,328.69593505498744
2012-03-24 10:00:00,392.8486545067817
2012-03-24 11:00:00,254.93374913043954
2012-03-24 12:00:00,209.27843700949205
2012-03-24 13:00:00,197.93214891208788
2012-03-24 14:00:00,147.40228667170635
2012-03-24 15:00:00,75.88603631589461
2012-03-24 16:00:00,71.05748848379302
2012-03-24 17:00:00,106.80235497962965
2012-03-24 18:00:00,89.93033890207118
2012-03-24 19:00:00,140.08679190442112
2012-03-24 20:00:00,50.74717954728601
2012-03-24 21:00:00,39.77799407097339
2012-03-24 22:00:00,38.0043383110486
2012-03-24 23:00:00,73.45012031560887
2012-03-25 00:00:00,47.37061907716911
2012-03-25 01:00:00,21.548918141130414
2012-03-25 02:00:00,12.526747085489216
2012-03-25 03:00:00,7.426863191590766
2012-03-25 04:00:00,4.883783440449189
2012-03-25 05:00:00,5.00184883212218
2012-03-25 06:00:00,7.4407975075335004
2012-03-25 07:00:00,14.139071502569665
2012-03-25 08:00:00,33.47682903690482
2012-03-25 09:00:00,62.951764701908104
2012-03-25 10:00:00,123.47734303575706
2012-03-25 11:00:00,111.30716423274889
2012-03-25 12:00:00,187.88952344755302
2012-03-25 13:00:00,571.9529431261254
2012-03-25 14:00:00,488.1032504577015
2012-03-25 15:00:00,275.7895200188754
2012-03-25 16:00:00,296.0556567702938
2012-03-25 17:00:00,385.74217307841565
2012-03-25 18:00:00,324.44527892555266
2012-03-25 19:00:00,213.60145104175092
2012-03-25 20:00:00,183.78236704138814
2012-03-25 21:00:00,164.5464343807479
2012-03-25 22:00:00,87.12092335093935
2012-03-25 23:00:00,59.31322717900745
2012-03-26 00:00:00,33.443435152884156
2012-03-26 01:00:00,14.028809587004979
2012-03-26 02:00:00,9.485370024458916
2012-03-26 03:00:00,3.5886988947661806
2012-03-26 04:00:00,7.630518147130122
2012-03-26 05:00:00,43.153513181397024
2012-03-26 06:00:00,160.03266347725977
2012-03-26 07:00:00,424.89282789618244
2012-03-26 08:00:00,592.4714084826078
2012-03-26 09:00:00,162.05301370045214
2012-03-26 10:00:00,144.9324562077568
2012-03-26 11:00:00,168.6686877441204
2012-03-26 12:00:00,260.8425999380515
2012-03-26 13:00:00,209.06678604485512
2012-03-26 14:00:00,213.16799718997433
2012-03-26 15:00:00,206.03073177444392
2012-03-26 16:00:00,310.43547637355283
2012-03-26 17:00:00,588.4241797609504
2012-03-26 18:00:00,565.9149240861435
2012-03-26 19:00:00,424.4483432568986
2012-03-26 20:00:00,199.51889186615497
2012-03-26 21:00:00,111.21543469865709
2012-03-26 22:00:00,85.74692968641482
2012-03-26 23:00:00,40.77547381143851
2012-03-27 00:00:00,21.472154662097296
2012-03-27 01:00:00,4.667062445705701
2012-03-27 02:00:00,2.312317939038023
2012-03-27 03:00:00,1.9908216290055774
2012-03-27 04:00:00,2.973289009705387
2012-03-27 05:00:00,22.170318858928653
2012-03-27 06:00:00,109.34297251369956
2012-03-27 07:00:00,259.0548298873674
2012-03-27 08:00:00,521.9713520418399
2012-03-27 09:00:00,202.99926962603982
2012-03-27 10:00:00,115.32712940238771
2012-03-27 11:00:00,95.74897355867925
2012-03-27 12:00:00,122.10171086359793
2012-03-27 13:00:00,133.83687452758758
2012-03-27 14:00:00,141.44554291634944
2012-03-27 15:00:00,170.42643830189496
2012-03-27 16:00:00,227.7466036726052
2012-03-27 17:00:00,422.9540829818757
2012-03-27 18:00:00,474.662871960859
2012-03-27 19:00:00,310.8494881425581
2012-03-27 20:00:00,221.046614324335
2012-03-27 21:00:00,131.99063338260376
2012-03-27 22:00:00,90.33670477609843
2012-03-27 23:00:00,59.50940895494585
2012-03-28 00:00:00,39.81191315517752
2012-03-28 01:00:00,9.751798734814079
2012-03-28 02:00:00,3.4679645067463216
2012-03-28 03:00:00,2.9749067761275114
2012-03-28 04:00:00,2.402366071689623
2012-03-28 05:00:00,35.34645777933452
2012-03-28 06:00:00,137.36744244004413
2012-03-28 07:00:00,471.94783376543774
2012-03-28 08:00:00,553.0842125273624
2012-03-28 09:00:00,208.9745923772594
2012-03-28 10:00:00,121.57465594521885
2012-03-28 11:00:00,151.01904984715918
2012-03-28 12:00:00,242.8503643021893
2012-03-28 13:00:00,197.5673238955222
2012-03-28 14:00:00,207.50600010723392
2012-03-28 15:00:00,266.01250012499185
2012-03-28 16:00:00,263.24980963685397
2012-03-28 17:00:00,756.1091537722954
2012-03-28 18:00:00,661.7364234922314
2012-03-28 19:00:00,512.3221315551963
2012-03-28 20:00:00,380.21894621560216
2012-03-28 21:00:00,358.25606543007365
2012-03-28 22:00:00,210.88493170050077
2012-03-28 23:00:00,116.55238581335271
2012-03-29 00:00:00,57.32766415891419
2012-03-29 01:00:00,31.776844055695168
2012-03-29 02:00:00,6.480125279079175
2012-03-29 03:00:00,2.6268136083457376
2012-03-29 04:00:00,3.5551333136167176
2012-03-29 05:00:00,27.096268862476364
2012-03-29 06:00:00,93.98109841277899
2012-03-29 07:00:00,272.80142360243696
2012-03-29 08:00:00,459.81931819672934
2012-03-29 09:00:00,240.8125434080093
2012-03-29 10:00:00,138.1752195745068
2012-03-29 11:00:00,146.76119243883463
2012-03-29 12:00:00,201.31888748541635
2012-03-29 13:00:00,150.28495438653692
2012-03-29 14:00:00,139.8384547382322
2012-03-29 15:00:00,163.40222043233493
2012-03-29 16:00:00,291.4521193577899
2012-03-29 17:00:00,624.0387960993261
2012-03-29 18:00:00,544.4042916056011
2012-03-29 19:00:00,344.90840357187193
2012-03-29 20:00:00,252.03589887106787
2012-03-29 21:00:00,175.37204605204724
2012-03-29 22:00:00,124.82328931999665
2012-03-29 23:00:00,100.24176852188285
2012-03-30 00:00:00,56.66853098330702
2012-03-30 01:00:00,19.84954558041354
2012-03-30 02:00:00,11.470757579125248
2012-03-30 03:00:00,8.130171421248235
2012-03-30 04:00:00,5.546222817557951
2012-03-30 05:00:00,23.975911452634673
2012-03-30 06:00:00,82.58490721339265
2012-03-30 07:00:00,298.3335472838425
2012-03-30 08:00:00,417.3827784085455
2012-03-30 09:00:00,261.65531490754057
2012-03-30 10:00:00,105.10067188242083
2012-03-30 11:00:00,131.52709240523532
2012-03-30 12:00:00,172.1420006228081
2012-03-30 13:00:00,106.54812324405374
2012-03-30 14:00:00,83.63807758702619
2012-03-30 15:00:00,89.29570344037235
2012-03-30 16:00:00,98.32556019231968
2012-03-30 17:00:00,325.17585582239724
2012-03-30 18:00:00,279.01569213315605
2012-03-30 19:00:00,202.49393860992507
2012-03-30 20:00:00,156.48779798410374
2012-03-30 21:00:00,105.22081821312396
2012-03-30 22:00:00,92.47351007640769
2012-03-30 23:00:00,85.56129803209645
2012-03-31 00:00:00,76.6601253270359
2012-03-31 01:00:00,48.17701223965174
2012-03-31 02:00:00,41.525764579507886
2012-03-31 03:00:00,17.260450030789585
2012-03-31 04:00:00,4.4083705430765905
2012-03-31 05:00:00,7.83867918399047
2012-03-31 06:00:00,19.40824091588421
2012-03-31 07:00:00,50.2902706601253
2012-03-31 08:00:00,116.84820530521785
2012-03-31 09:00:00,160.1791684665556
2012-03-31 10:00:00,265.6141260030471
2012-03-31 11:00:00,512.4010446681384
2012-03-31 12:00:00,428.21407313943394
2012-03-31 13:00:00,617.3328621873492
2012-03-31 14:00:00,411.013366652631
2012-03-31 15:00:00,375.92923499173065
2012-03-31 16:00:00,309.63021859020796
2012-03-31 17:00:00,234.27178918563726
2012-03-31 18:00:00,152.59294062273466
2012-03-31 19:00:00,135.20345523538992
2012-03-31 20:00:00,95.34526330931782
2012-03-31 21:00:00,81.72737205682408
2012-03-31 22:00:00,70.07483160643099
2012-03-31 23:00:00,52.32428699975746
2012-04-20 00:00:00,40.587435472550126
2012-04-20 01:00:00,17.426872152794672
2012-04-20 02:00:00,9.977578384610396
2012-04-20 03:00:00,4.048257176981578
2012-04-20 04:00:00,2.6365518116074522
2012-04-20 05:00:00,13.379590511050893
2012-04-20 06:00:00,54.523963312709476
2012-04-20 07:00:00,167.03990351045886
2012-04-20 08:00:00,265.2601089801646
2012-04-20 09:00:00,237.8735647922875
2012-04-20 10:00:00,87.55395482946537
2012-04-20 11:00:00,111.40146605344417
2012-04-20 12:00:00,201.9215888307652
2012-04-20 13:00:00,280.18988367201405
2012-04-20 14:00:00,252.83696767945943
2012-04-20 15:00:00,247.93377128758888
2012-04-20 16:00:00,386.6754890246192
2012-04-20 17:00:00,536.9074478970998
2012-04-20 18:00:00,427.8226188574351
2012-04-20 19:00:00,354.3040116203267
2012-04-20 20:00:00,249.91277704852578
2012-04-20 21:00:00,192.13729261436683
2012-04-20 22:00:00,130.77782229143307
2012-04-20 23:00:00,132.9260447638381
2012-04-21 00:00:00,108.1111976187819
2012-04-21 01:00:00,70.40013729096663
2012-04-21 02:00:00,63.32173564473641
2012-04-21 03:00:00,26.940785523376803
2012-04-21 04:00:00,8.611289079512897
2012-04-21 05:00:00,12.431041313809644
2012-04-21 06:00:00,35.54107967285542
2012-04-21 07:00:00,62.746269189298864
2012-04-21 08:00:00,189.5245858739401
2012-04-21 09:00:00,297.53045405074465
2012-04-21 10:00:00,413.3762819814271
2012-04-21 11:00:00,459.8221685717446
2012-04-21 12:00:00,529.03861236919
2012-04-21 13:00:00,608.7899352089006
2012-04-21 14:00:00,658.0931615534788
2012-04-21 15:00:00,734.0838621928799
2012-04-21 16:00:00,740.4356798708232
2012-04-21 17:00:00,610.6599702954908
2012-04-21 18:00:00,421.94145065625213
2012-04-21 19:00:00,201.73411523443514
2012-04-21 20:00:00,51.612565661950576
2012-04-21 21:00:00,56.603797063026505
2012-04-21 22:00:00,96.35331251517715
2012-04-21 23:00:00,43.03196027769522
2012-04-22 00:00:00,82.19416548718684
2012-04-22 01:00:00,61.06625714431952
2012-04-22 02:00:00,64.2476404721356
2012-04-22 03:00:00,24.84347110829386
2012-04-22 04:00:00,9.967758610562733
2012-04-22 05:00:00,6.482519671345716
2012-04-22 06:00:00,9.20241080874251
2012-04-22 07:00:00,21.076820969856623
2012-04-22 08:00:00,52.90668499165872
2012-04-22 09:00:00,82.36334056751568
2012-04-22 10:00:00,91.88539966643825
2012-04-22 11:00:00,52.71719799812161
2012-04-22 12:00:00,59.755513299551346
2012-04-22 13:00:00,133.78372436108955
2012-04-22 14:00:00,56.046847119819915
2012-04-22 15:00:00,54.90480839344608
2012-04-22 16:00:00,47.899193318735406
2012-04-22 17:00:00,36.49867550392483
2012-04-22 18:00:00,30.291538203318954
2012-04-22 19:00:00,23.685642669867836
2012-04-22 20:00:00,25.846620594870664
2012-04-22 21:00:00,22.63631496056721
2012-04-22 22:00:00,11.888960211372137
2012-04-22 23:00:00,20.60923819590883
2012-04-23 00:00:00,15.221602199249537
2012-04-23 01:00:00,3.385096066673185
2012-04-23 02:00:00,2.3041268010668206
2012-04-23 03:00:00,1.5703218429672858
2012-04-23 04:00:00,1.6949396536663583
2012-04-23 05:00:00,9.702204932457738
2012-04-23 06:00:00,62.6829311423376
2012-04-23 07:00:00,141.79007383349875
2012-04-23 08:00:00,371.877965276944
2012-04-23 09:00:00,147.58592002498594
2012-04-23 10:00:00,65.91373639407774
2012-04-23 11:00:00,56.366641327813554
2012-04-23 12:00:00,66.27930435744362
2012-04-23 13:00:00,70.1777562842875
2012-04-23 14:00:00,75.11922650730932
2012-04-23 15:00:00,79.17685920736986
2012-04-23 16:00:00,68.37586638860576
2012-04-23 17:00:00,184.06766250547167
2012-04-23 18:00:00,179.47635090251651
2012-04-23 19:00:00,138.85102344940952
2012-04-23 20:00:00,89.24585675268496
2012-04-23 21:00:00,59.211044871394044
2012-04-23 22:00:00,43.67549899043549
2012-04-23 23:00:00,28.06657114963875
2012-04-24 00:00:00,15.043511946203784
2012-04-24 01:00:00,4.588640394285983
2012-04-24 02:00:00,1.7451762603485217
2012-04-24 03:00:00,1.9037869264401723
2012-04-24 04:00:00,1.2136189324591236
2012-04-24 05:00:00,17.767315869826874
2012-04-24 06:00:00,103.70630758407538
2012-04-24 07:00:00,277.58421982859176
2012-04-24 08:00:00,344.6971305969797
2012-04-24 09:00:00,220.26380362061832
2012-04-24 10:00:00,152.45271998249885
2012-04-24 11:00:00,144.45163367640336
2012-04-24 12:00:00,206.5802493052679
2012-04-24 13:00:00,178.56066746082456
2012-04-24 14:00:00,204.68772384219852
2012-04-24 15:00:00,243.41299281433507
2012-04-24 16:00:00,395.72482743871194
2012-04-24 17:00:00,615.6058747438427
2012-04-24 18:00:00,550.8635830762885
2012-04-24 19:00:00,458.44836655146446
2012-04-24 20:00:00,320.0448772659628
2012-04-24 21:00:00,191.21554114428383
2012-04-24 22:00:00,116.07048054508655
2012-04-24 23:00:00,86.0718620306572
2012-04-25 00:00:00,31.84012270640812
2012-04-25 01:00:00,7.9803632356719225
2012-04-25 02:00:00,4.2530763356643275
2012-04-25 03:00:00,1.2068141577905798
2012-04-25 04:00:00,1.172526937114148
2012-04-25 05:00:00,25.781714458521677
2012-04-25 06:00:00,84.78517437430035
2012-04-25 07:00:00,385.091955426139
2012-04-25 08:00:00,503.17245313244024
2012-04-25 09:00:00,278.1664302413475
2012-04-25 10:00:00,141.37453958883168
2012-04-25 11:00:00,118.83513836230772
2012-04-25 12:00:00,181.35944354457345
2012-04-25 13:00:00,231.34026096385102
2012-04-25 14:00:00,176.78130547902816
2012-04-25 15:00:00,234.3291031658775
2012-04-25 16:00:00,281.03982883775774
2012-04-25 17:00:00,540.1607493968191
2012-04-25 18:00:00,523.6308808264786
2012-04-25 19:00:00,516.4223183577923
2012-04-25 20:00:00,325.0755501086721
2012-04-25 21:00:00,237.29149042845316
2012-04-25 22:00:00,148.73018809574518
2012-04-25 23:00:00,111.46049840701815
2012-04-26 00:00:00,27.130355203265953
2012-04-26 01:00:00,16.336742930599694
2012-04-26 02:00:00,9.471594004363892
2012-04-26 03:00:00,4.885863474362588
2012-04-26 04:00:00,5.510716892181841
2012-04-26 05:00:00,18.81819065146037
2012-04-26 06:00:00,79.04897494791025
2012-04-26 07:00:00,236.5680997065029
2012-04-26 08:00:00,497.9462473218165
2012-04-26 09:00:00,207.57091921105962
2012-04-26 10:00:00,42.89506893090025
2012-04-26 11:00:00,43.39313904160958
2012-04-26 12:00:00,59.149103604812545
2012-04-26 13:00:00,76.1945986966967
2012-04-26 14:00:00,75.9740175136137
2012-04-26 15:00:00,75.36283601007831
2012-04-26 16:00:00,110.63408853760482
2012-04-26 17:00:00,424.669211184212
2012-04-26 18:00:00,344.74414202096403
2012-04-26 19:00:00,262.3690804140612
2012-04-26 20:00:00,216.80933065851877
2012-04-26 21:00:00,158.14235936258856
2012-04-26 22:00:00,135.3716976679434
2012-04-26 23:00:00,59.31353829008098
2012-04-27 00:00:00,53.46218495773608
2012-04-27 01:00:00,29.392504382819812
2012-04-27 02:00:00,19.965597888013768
2012-04-27 03:00:00,9.001017508185628
2012-04-27 04:00:00,5.240862864648618
2012-04-27 05:00:00,30.056452517412296
2012-04-27 06:00:00,137.08522304702296
2012-04-27 07:00:00,266.76002922104726
2012-04-27 08:00:00,484.94283095689144
2012-04-27 09:00:00,353.10097176391105
2012-04-27 10:00:00,229.67407608391576
2012-04-27 11:00:00,255.24769350291
2012-04-27 12:00:00,310.85423136551566
2012-04-27 13:00:00,386.2969553575691
2012-04-27 14:00:00,347.4773297487495
2012-04-27 15:00:00,318.47776651344776
2012-04-27 16:00:00,441.7010926485566
2012-04-27 17:00:00,653.0602725186487
2012-04-27 18:00:00,524.6120687943279
2012-04-27 19:00:00,446.52196384122783
2012-04-27 20:00:00,213.37159048928783
2012-04-27 21:00:00,190.09641941231868
2012-04-27 22:00:00,152.10171645631158
2012-04-27 23:00:00,106.77888006008237
2012-04-28 00:00:00,80.14192104873254
2012-04-28 01:00:00,52.101769398155525
2012-04-28 02:00:00,49.07559217721795
2012-04-28 03:00:00,21.76101025894705
2012-04-28 04:00:00,10.112911473158308
2012-04-28 05:00:00,7.226274345751851
2012-04-28 06:00:00,26.011052838317752
2012-04-28 07:00:00,46.80935912414167
2012-04-28 08:00:00,182.38129265700016
2012-04-28 09:00:00,200.5195811113593
2012-04-28 10:00:00,235.1698631504852
2012-04-28 11:00:00,286.02583912229943
2012-04-28 12:00:00,408.9977051453509
2012-04-28 13:00:00,420.7925710921811
2012-04-28 14:00:00,427.23529341373063
2012-04-28 15:00:00,494.10017748717166
2012-04-28 16:00:00,409.4053159837102
2012-04-28 17:00:00,283.9223297926537
2012-04-28 18:00:00,169.62234837890853
2012-04-28 19:00:00,176.73671857408937
2012-04-28 20:00:00,117.2112107718774
2012-04-28 21:00:00,92.4987357453039
2012-04-28 22:00:00,112.67008421980566
2012-04-28 23:00:00,89.0559625710083
2012-04-29 00:00:00,79.52841414543484
2012-04-29 01:00:00,64.21992117913965
2012-04-29 02:00:00,31.92139217900456
2012-04-29 03:00:00,17.45564772351975
2012-04-29 04:00:00,8.469480102655659
2012-04-29 05:00:00,7.970239863653755
2012-04-29 06:00:00,14.233589099235916
2012-04-29 07:00:00,33.843287385201975
2012-04-29 08:00:00,137.91356648593072
2012-04-29 09:00:00,224.8969419520047
2012-04-29 10:00:00,323.7520025450372
2012-04-29 11:00:00,309.4376041582027
2012-04-29 12:00:00,408.14964045611936
2012-04-29 13:00:00,379.90433527149554
2012-04-29 14:00:00,437.038747501039
2012-04-29 15:00:00,418.84197706778826
2012-04-29 16:00:00,411.4059188578487
2012-04-29 17:00:00,440.2164092307698
2012-04-29 18:00:00,389.73423917136796
2012-04-29 19:00:00,241.86759436652716
2012-04-29 20:00:00,178.8607125656741
2012-04-29 21:00:00,129.4528258922613
2012-04-29 22:00:00,88.84109353719647
2012-04-29 23:00:00,54.35232829441533
2012-04-30 00:00:00,35.664406866050165
2012-04-30 01:00:00,12.74985714483457
2012-04-30 02:00:00,13.948805229322355
2012-04-30 03:00:00,2.9389181971903624
2012-04-30 04:00:00,1.3001197651745726
2012-04-30 05:00:00,7.473103232928176
2012-04-30 06:00:00,79.33312794338026
2012-04-30 07:00:00,197.90128859919594
2012-04-30 08:00:00,504.9720293490121
2012-04-30 09:00:00,211.16708427611184
2012-04-30 10:00:00,136.96460805212897
2012-04-30 11:00:00,135.629239660846
2012-04-30 12:00:00,190.65215908742925
2012-04-30 13:00:00,153.29612694256565
2012-04-30 14:00:00,136.14150987329293
2012-04-30 15:00:00,137.41461190539175
2012-04-30 16:00:00,242.44806102652325
2012-04-30 17:00:00,525.8086697363905
2012-04-30 18:00:00,522.9444431473324
2012-04-30 19:00:00,345.610890757449
2012-04-30 20:00:00,226.5213417925398
2012-04-30 21:00:00,162.56226787002285
2012-04-30 22:00:00,121.63820911018584
2012-04-30 23:00:00,56.64470288911015
2012-05-20 00:00:00,122.64748327744705
2012-05-20 01:00:00,75.52461269503549
2012-05-20 02:00:00,54.26393185911223
2012-05-20 03:00:00,23.82857103799294
2012-05-20 04:00:00,12.675683686009814
2012-05-20 05:00:00,12.943016959002206
2012-05-20 06:00:00,11.806160746482655
2012-05-20 07:00:00,42.89096810739936
2012-05-20 08:00:00,128.67032994713554
2012-05-20 09:00:00,206.73328444258215
2012-05-20 10:00:00,309.6474933257243
2012-05-20 11:00:00,397.6699564080177
2012-05-20 12:00:00,497.4552277188473
2012-05-20 13:00:00,634.6741061944716
2012-05-20 14:00:00,602.4529431333184
2012-05-20 15:00:00,529.6418700441499
2012-05-20 16:00:00,596.5817478961334
2012-05-20 17:00:00,484.6580284665485
2012-05-20 18:00:00,392.8044483328672
2012-05-20 19:00:00,400.3177267725313
2012-05-20 20:00:00,299.918497054658
2012-05-20 21:00:00,191.39616017245456
2012-05-20 22:00:00,116.87272360630996
2012-05-20 23:00:00,59.932006652043306
2012-05-21 00:00:00,16.04260588160604
2012-05-21 01:00:00,7.292576678478825
2012-05-21 02:00:00,3.21889360538333
2012-05-21 03:00:00,1.6338900858208651
2012-05-21 04:00:00,1.8269359358816328
2012-05-21 05:00:00,10.205317197398873
2012-05-21 06:00:00,39.35156155779205
2012-05-21 07:00:00,89.32070111073362
2012-05-21 08:00:00,160.6862884423181
2012-05-21 09:00:00,112.9921431778782
2012-05-21 10:00:00,69.72113487134727
2012-05-21 11:00:00,126.10553080514036
2012-05-21 12:00:00,197.86279073545998
2012-05-21 13:00:00,123.39141021706014
2012-05-21 14:00:00,103.82154298768607
2012-05-21 15:00:00,206.9733628600024
2012-05-21 16:00:00,283.4241454618767
2012-05-21 17:00:00,568.0978865331822
2012-05-21 18:00:00,602.6095266910095
2012-05-21 19:00:00,351.4690239443243
2012-05-21 20:00:00,253.36630621811852
2012-05-21 21:00:00,171.21066286756184
2012-05-21 22:00:00,141.20132790357195
2012-05-21 23:00:00,71.07538088134655
2012-05-22 00:00:00,29.680012593869836
2012-05-22 01:00:00,14.801451866398855
2012-05-22 02:00:00,5.816659997716005
2012-05-22 03:00:00,4.420561535345016
2012-05-22 04:00:00,4.836996379369745
2012-05-22 05:00:00,13.041467251333753
2012-05-22 06:00:00,58.240634682929674
2012-05-22 07:00:00,130.4229166634116
2012-05-22 08:00:00,436.81207111579596
2012-05-22 09:00:00,336.2307434841879
2012-05-22 10:00:00,171.3974744893429
2012-05-22 11:00:00,151.28291417583642
2012-05-22 12:00:00,209.74188326258164
2012-05-22 13:00:00,232.91977574439684
2012-05-22 14:00:00,188.68814303298285
2012-05-22 15:00:00,280.96774057932726
2012-05-22 16:00:00,369.72352232176337
2012-05-22 17:00:00,653.4452805716835
2012-05-22 18:00:00,621.289715927025
2012-05-22 19:00:00,473.7692308320752
2012-05-22 20:00:00,392.8557729150424
2012-05-22 21:00:00,227.86674478581864
2012-05-22 22:00:00,193.8338118595712
2012-05-22 23:00:00,106.88738652711662
2012-05-23 00:00:00,42.16203478193482
2012-05-23 01:00:00,17.33349278169062
2012-05-23 02:00:00,8.000631403024714
2012-05-23 03:00:00,5.820626209986217
2012-05-23 04:00:00,3.314325415729001
2012-05-23 05:00:00,16.480708947599528
2012-05-23 06:00:00,151.26473666464028
2012-05-23 07:00:00,427.8411834168935
2012-05-23 08:00:00,640.6882638076225
2012-05-23 09:00:00,315.1850730688931
2012-05-23 10:00:00,155.82345967241432
2012-05-23 11:00:00,206.72598979100465
2012-05-23 12:00:00,220.93133325179394
2012-05-23 13:00:00,266.41693429376033
2012-05-23 14:00:00,261.0033476909591
2012-05-23 15:00:00,256.0670292760049
2012-05-23 16:00:00,277.8400619507899
2012-05-23 17:00:00,470.4303432101576
2012-05-23 18:00:00,479.86111734704457
2012-05-23 19:00:00,306.9923574839915
2012-05-23 20:00:00,209.7650874979249
2012-05-23 21:00:00,151.0673052564471
2012-05-23 22:00:00,162.32539750853013
2012-05-23 23:00:00,146.60780390277444
2012-05-24 00:00:00,64.33866216936532
2012-05-24 01:00:00,22.64251147045518
2012-05-24 02:00:00,11.26557905986524
2012-05-24 03:00:00,3.3048766988638496
2012-05-24 04:00:00,4.04996542281662
2012-05-24 05:00:00,27.267910032719637
2012-05-24 06:00:00,141.16558017823053
2012-05-24 07:00:00,404.2385201878353
2012-05-24 08:00:00,531.9828905078778
2012-05-24 09:00:00,280.4623029020737
2012-05-24 10:00:00,204.1489838806514
2012-05-24 11:00:00,257.9764666538748
2012-05-24 12:00:00,326.40902217996654
2012-05-24 13:00:00,318.47108465408553
2012-05-24 14:00:00,218.17412526940015
2012-05-24 15:00:00,236.91884291959704
2012-05-24 16:00:00,332.78893780565204
2012-05-24 17:00:00,680.545295849625
2012-05-24 18:00:00,601.5125749017769
2012-05-24 19:00:00,511.42952604468866
2012-05-24 20:00:00,331.28561874643066
2012-05-24 21:00:00,179.1119750920418
2012-05-24 22:00:00,216.11828681969092
2012-05-24 23:00:00,142.37509646868708
2012-05-25 00:00:00,83.1967184061625
2012-05-25 01:00:00,30.709922758048826
2012-05-25 02:00:00,13.58201550975493
2012-05-25 03:00:00,4.948530656183869
2012-05-25 04:00:00,5.75604346074385
2012-05-25 05:00:00,28.723061822046855
2012-05-25 06:00:00,125.64162747720295
2012-05-25 07:00:00,470.4498593390815
2012-05-25 08:00:00,721.6640010384739
2012-05-25 09:00:00,406.5938941302082
2012-05-25 10:00:00,209.27883617681343
2012-05-25 11:00:00,269.3234122178214
2012-05-25 12:00:00,317.0607147148741
2012-05-25 13:00:00,332.51214567906845
2012-05-25 14:00:00,280.2998621225195
2012-05-25 15:00:00,294.6395864776271
2012-05-25 16:00:00,355.8425485733118
2012-05-25 17:00:00,711.2505137742182
2012-05-25 18:00:00,611.4904127373304
2012-05-25 19:00:00,503.5677752337701
2012-05-25 20:00:00,357.44400812844816
2012-05-25 21:00:00,295.4860184970835
2012-05-25 22:00:00,278.78030174405814
2012-05-25 23:00:00,212.81841716214254
2012-05-26 00:00:00,170.52016336851477
2012-05-26 01:00:00,107.93102100174951
2012-05-26 02:00:00,69.93213103965009
2012-05-26 03:00:00,33.620484086993564
2012-05-26 04:00:00,9.186964681181118
2012-05-26 05:00:00,9.634922043039955
2012-05-26 06:00:00,28.321615369524032
2012-05-26 07:00:00,78.83223352256682
2012-05-26 08:00:00,155.4512782409458
2012-05-26 09:00:00,292.1007424240416
2012-05-26 10:00:00,294.40828188231774
2012-05-26 11:00:00,456.8734042453179
2012-05-26 12:00:00,442.4251634385339
2012-05-26 13:00:00,482.98035815538356
2012-05-26 14:00:00,399.69096533025004
2012-05-26 15:00:00,486.64008054855077
2012-05-26 16:00:00,406.53108216145375
2012-05-26 17:00:00,392.7452648047105
2012-05-26 18:00:00,474.74051186486366
2012-05-26 19:00:00,404.3437786365945
2012-05-26 20:00:00,293.537081854549
2012-05-26 21:00:00,252.72800306304765
2012-05-26 22:00:00,232.92344091176415
2012-05-26 23:00:00,201.20314919776195
2012-05-27 00:00:00,141.95771235764335
2012-05-27 01:00:00,80.23632857202524
2012-05-27 02:00:00,63.80209567903618
2012-05-27 03:00:00,34.71226743976713
2012-05-27 04:00:00,5.984816613476772
2012-05-27 05:00:00,5.98635785468797
2012-05-27 06:00:00,14.061995038552492
2012-05-27 07:00:00,46.40632303950408
2012-05-27 08:00:00,80.09970498793344
2012-05-27 09:00:00,159.94660948327228
2012-05-27 10:00:00,308.96388465792
2012-05-27 11:00:00,365.92805141586405
2012-05-27 12:00:00,429.66790654638027
2012-05-27 13:00:00,445.946391215655
2012-05-27 14:00:00,406.83631521641945
2012-05-27 15:00:00,409.74045002646085
2012-05-27 16:00:00,411.6987140535486
2012-05-27 17:00:00,435.350463964746
2012-05-27 18:00:00,439.0477064952504
2012-05-27 19:00:00,341.04845851855094
2012-05-27 20:00:00,314.81767324694465
2012-05-27 21:00:00,175.53979216249326
2012-05-27 22:00:00,93.13792500280242
2012-05-27 23:00:00,81.7582426387609
2012-05-28 00:00:00,77.70525728516044
2012-05-28 01:00:00,28.90984613509199
2012-05-28 02:00:00,33.52316174008292
2012-05-28 03:00:00,16.856632921753405
2012-05-28 04:00:00,9.587065428584143
2012-05-28 05:00:00,17.099220683614874
2012-05-28 06:00:00,40.86560530005735
2012-05-28 07:00:00,75.55123094857585
2012-05-28 08:00:00,112.64021692198914
2012-05-28 09:00:00,216.33893328945763
2012-05-28 10:00:00,235.31119914345516
2012-05-28 11:00:00,340.81159679831416
2012-05-28 12:00:00,436.53929874228356
2012-05-28 13:00:00,325.1338383799602
2012-05-28 14:00:00,338.5083370060137
2012-05-28 15:00:00,331.99360270435926
2012-05-28 16:00:00,399.3411998002648
2012-05-28 17:00:00,581.6764380618966
2012-05-28 18:00:00,560.3121683853069
2012-05-28 19:00:00,533.1645237145398
2012-05-28 20:00:00,445.3683749764446
2012-05-28 21:00:00,333.1673017840823
2012-05-28 22:00:00,275.8721185874236
2012-05-28 23:00:00,164.15224417409647
2012-05-29 00:00:00,38.656790517536606
2012-05-29 01:00:00,12.46948172217693
2012-05-29 02:00:00,9.124475224615125
2012-05-29 03:00:00,3.7897324304855533
2012-05-29 04:00:00,4.27367450956722
2012-05-29 05:00:00,23.66839706904745
2012-05-29 06:00:00,119.83949628104922
2012-05-29 07:00:00,342.25270049480537
2012-05-29 08:00:00,644.3721943526899
2012-05-29 09:00:00,246.90935419230317
2012-05-29 10:00:00,168.82205223704366
2012-05-29 11:00:00,181.96485296605303
2012-05-29 12:00:00,188.118931119445
2012-05-29 13:00:00,172.07741286874003
2012-05-29 14:00:00,167.04125758010628
2012-05-29 15:00:00,167.30136265349427
2012-05-29 16:00:00,299.7533633444516
2012-05-29 17:00:00,491.1280384147814
2012-05-29 18:00:00,488.9812579939067
2012-05-29 19:00:00,398.24455202933126
2012-05-29 20:00:00,243.36471316531023
2012-05-29 21:00:00,106.77811632074786
2012-05-29 22:00:00,134.59128403198446
2012-05-29 23:00:00,64.16320285034196
2012-05-30 00:00:00,31.79136335177799
2012-05-30 01:00:00,13.803649371030245
2012-05-30 02:00:00,7.412552017219455
2012-05-30 03:00:00,4.303350813200953
2012-05-30 04:00:00,4.172094878848918
2012-05-30 05:00:00,32.68613927783753
2012-05-30 06:00:00,154.46264360491853
2012-05-30 07:00:00,222.98967568740392
2012-05-30 08:00:00,628.479010554628
2012-05-30 09:00:00,319.04638939696355
2012-05-30 10:00:00,166.26915375454126
2012-05-30 11:00:00,256.00806066825743
2012-05-30 12:00:00,316.8264624813861
2012-05-30 13:00:00,281.1875469225297
2012-05-30 14:00:00,278.29525358971404
2012-05-30 15:00:00,254.45706495074003
2012-05-30 16:00:00,392.7675512257907
2012-05-30 17:00:00,671.6414334915977
2012-05-30 18:00:00,750.1789192356448
2012-05-30 19:00:00,602.5382689440819
2012-05-30 20:00:00,285.9487904239364
2012-05-30 21:00:00,316.38367030019776
2012-05-30 22:00:00,220.5015095765511
2012-05-30 23:00:00,149.3078162084207
2012-05-31 00:00:00,70.21792380946347
2012-05-31 01:00:00,29.117908225493764
2012-05-31 02:00:00,10.078553842220474
2012-05-31 03:00:00,6.144001126057393
2012-05-31 04:00:00,7.710961066885648
2012-05-31 05:00:00,32.97058237618711
2012-05-31 06:00:00,142.26190140999964
2012-05-31 07:00:00,503.92616148574007
2012-05-31 08:00:00,644.784670046628
2012-05-31 09:00:00,333.6086073388193
2012-05-31 10:00:00,175.9625027530602
2012-05-31 11:00:00,253.59462756515683
2012-05-31 12:00:00,395.9535934555332
2012-05-31 13:00:00,366.91873753737474
2012-05-31 14:00:00,274.87496416648304
2012-05-31 15:00:00,286.36400771366345
2012-05-31 16:00:00,456.64275487132227
2012-05-31 17:00:00,921.4888497055201
2012-05-31 18:00:00,885.3158392259257
2012-05-31 19:00:00,687.374558527775
2012-05-31 20:00:00,504.3615159260282
2012-05-31 21:00:00,385.2118819745624
2012-05-31 22:00:00,317.9967275229667
2012-05-31 23:00:00,192.34913897874458
2012-06-20 00:00:00,38.72320628522627
2012-06-20 01:00:00,15.530576002932001
2012-06-20 02:00:00,7.217698644154714
2012-06-20 03:00:00,4.658290826112751
2012-06-20 04:00:00,6.24613544108285
2012-06-20 05:00:00,31.22500855010383
2012-06-20 06:00:00,100.81565466207903
2012-06-20 07:00:00,395.37438497185366
2012-06-20 08:00:00,512.8557035165713
2012-06-20 09:00:00,259.2814774377235
2012-06-20 10:00:00,105.8105447007624
2012-06-20 11:00:00,119.884248328075
2012-06-20 12:00:00,154.88303976831867
2012-06-20 13:00:00,139.00478036708435
2012-06-20 14:00:00,138.98403544750093
2012-06-20 15:00:00,163.30391970439283
2012-06-20 16:00:00,246.4972708036189
2012-06-20 17:00:00,523.0394576873185
2012-06-20 18:00:00,492.62795704634766
2012-06-20 19:00:00,342.7223822415754
2012-06-20 20:00:00,263.1797747260937
2012-06-20 21:00:00,203.40331716970059
2012-06-20 22:00:00,137.92277351708202
2012-06-20 23:00:00,89.66357967577238
2012-06-21 00:00:00,55.48233289501306
2012-06-21 01:00:00,18.31192488519743
2012-06-21 02:00:00,6.871234918823198
2012-06-21 03:00:00,5.166421096363804
2012-06-21 04:00:00,6.132588884440407
2012-06-21 05:00:00,34.40047733471912
2012-06-21 06:00:00,129.39068080067244
2012-06-21 07:00:00,318.2327554861632
2012-06-21 08:00:00,485.025852778059
2012-06-21 09:00:00,189.5315446737908
2012-06-21 10:00:00,135.94022034948827
2012-06-21 11:00:00,130.69328983606212
2012-06-21 12:00:00,190.29585238833752
2012-06-21 13:00:00,149.32376485546553
2012-06-21 14:00:00,145.82789430047742
2012-06-21 15:00:00,148.2994770273314
2012-06-21 16:00:00,252.7346312056151
2012-06-21 17:00:00,545.1825856274446
2012-06-21 18:00:00,603.9549465037444
2012-06-21 19:00:00,396.2159310040873
2012-06-21 20:00:00,286.3431164787977
2012-06-21 21:00:00,267.9929040204032
2012-06-21 22:00:00,175.4672358840304
2012-06-21 23:00:00,135.35807824916253
2012-06-22 00:00:00,69.09087114305316
2012-06-22 01:00:00,24.36142146246076
2012-06-22 02:00:00,11.557717123047425
2012-06-22 03:00:00,6.020116011747903
2012-06-22 04:00:00,8.30625763696424
2012-06-22 05:00:00,28.99629170812496
2012-06-22 06:00:00,120.1870916093054
2012-06-22 07:00:00,287.88330807782944
2012-06-22 08:00:00,476.7811183498436
2012-06-22 09:00:00,240.24767722336043
2012-06-22 10:00:00,179.0925886966111
2012-06-22 11:00:00,208.247044741034
2012-06-22 12:00:00,223.1948801617457
2012-06-22 13:00:00,229.41226044110212
2012-06-22 14:00:00,220.52169801682598
2012-06-22 15:00:00,295.30178044091
2012-06-22 16:00:00,334.5714554070459
2012-06-22 17:00:00,627.9943118454262
2012-06-22 18:00:00,566.9074895522542
2012-06-22 19:00:00,354.9834846122879
2012-06-22 20:00:00,273.42939998920707
2012-06-22 21:00:00,174.7542362971337
2012-06-22 22:00:00,190.51557025822547
2012-06-22 23:00:00,159.28611905023868
2012-06-23 00:00:00,136.99707087642358
2012-06-23 01:00:00,71.68559013212865
2012-06-23 02:00:00,71.65230425046174
2012-06-23 03:00:00,24.450402803565982
2012-06-23 04:00:00,5.976985966308218
2012-06-23 05:00:00,9.144576686155313
2012-06-23 06:00:00,23.947792312621996
2012-06-23 07:00:00,59.7669403453176
2012-06-23 08:00:00,156.00263142459073
2012-06-23 09:00:00,219.21725846060465
2012-06-23 10:00:00,284.3187419521454
2012-06-23 11:00:00,477.17140537705484
2012-06-23 12:00:00,487.15550002863733
2012-06-23 13:00:00,479.73871660823744
2012-06-23 14:00:00,475.88485074383703
2012-06-23 15:00:00,420.61543484782
2012-06-23 16:00:00,441.1344687212322
2012-06-23 17:00:00,424.38924869044655
2012-06-23 18:00:00,445.8135086364995
2012-06-23 19:00:00,339.05015054238294
2012-06-23 20:00:00,289.25421737566836
2012-06-23 21:00:00,219.17273280494473
2012-06-23 22:00:00,222.64447775350652
2012-06-23 23:00:00,174.40518554447556
2012-06-24 00:00:00,121.39507763212099
2012-06-24 01:00:00,122.35057477500443
2012-06-24 02:00:00,95.40938933597157
2012-06-24 03:00:00,34.687754164684755
2012-06-24 04:00:00,14.513570583809662
2012-06-24 05:00:00,12.68168703451651
2012-06-24 06:00:00,18.90571638698279
2012-06-24 07:00:00,54.12228292329711
2012-06-24 08:00:00,114.30438096074002
2012-06-24 09:00:00,228.83823270451472
2012-06-24 10:00:00,404.170097617932
2012-06-24 11:00:00,491.9024057271258
2012-06-24 12:00:00,528.5741437537689
2012-06-24 13:00:00,559.5771108541879
2012-06-24 14:00:00,495.1133753710162
2012-06-24 15:00:00,412.71844797253505
2012-06-24 16:00:00,457.85021602095514
2012-06-24 17:00:00,435.6347492036044
2012-06-24 18:00:00,458.91817111275395
2012-06-24 19:00:00,433.9239554289396
2012-06-24 20:00:00,313.36848918093693
2012-06-24 21:00:00,233.2604382480096
2012-06-24 22:00:00,175.24506732758206
2012-06-24 23:00:00,100.00625315736154
2012-06-25 00:00:00,28.335724644965637
2012-06-25 01:00:00,14.690853707603567
2012-06-25 02:00:00,9.231287713483987
2012-06-25 03:00:00,5.9748929718589965
2012-06-25 04:00:00,6.7866351450840545
2012-06-25 05:00:00,31.764921369880536
2012-06-25 06:00:00,157.51703262018628
2012-06-25 07:00:00,375.74195806080553
2012-06-25 08:00:00,502.5236176665317
2012-06-25 09:00:00,231.2529106460008
2012-06-25 10:00:00,131.52583807111708
2012-06-25 11:00:00,148.9338680645431
2012-06-25 12:00:00,268.76714356902124
2012-06-25 13:00:00,195.11630368736243
2012-06-25 14:00:00,190.3715447093985
2012-06-25 15:00:00,244.4588036576453
2012-06-25 16:00:00,379.08243095919426
2012-06-25 17:00:00,654.8230106804884
2012-06-25 18:00:00,515.4606262004212
2012-06-25 19:00:00,335.7056010793861
2012-06-25 20:00:00,244.4035571237689
2012-06-25 21:00:00,164.67728228943358
2012-06-25 22:00:00,129.80744378346674
2012-06-25 23:00:00,70.24384405918697
2012-06-26 00:00:00,25.620827130764802
2012-06-26 01:00:00,9.258729757323593
2012-06-26 02:00:00,7.61999009775452
2012-06-26 03:00:00,3.1970113649214067
2012-06-26 04:00:00,4.980664336119213
2012-06-26 05:00:00,41.491424003818395
2012-06-26 06:00:00,146.86403082044242
2012-06-26 07:00:00,363.6856244766049
2012-06-26 08:00:00,544.0632943004249
2012-06-26 09:00:00,301.98467246653297
2012-06-26 10:00:00,142.6576620198606
2012-06-26 11:00:00,184.95134184653153
2012-06-26 12:00:00,227.21227749638646
2012-06-26 13:00:00,193.91729155989287
2012-06-26 14:00:00,206.53671462171138
2012-06-26 15:00:00,215.38065683094771
2012-06-26 16:00:00,322.95978445604504
2012-06-26 17:00:00,630.9006004166603
2012-06-26 18:00:00,557.274872254248
2012-06-26 19:00:00,419.25380111769437
2012-06-26 20:00:00,307.3342111176615
2012-06-26 21:00:00,233.3402018168085
2012-06-26 22:00:00,163.75517210844237
2012-06-26 23:00:00,81.61533037334338
2012-06-27 00:00:00,30.676312062644207
2012-06-27 01:00:00,8.20569248802882
2012-06-27 02:00:00,5.20889435653001
2012-06-27 03:00:00,2.966798796654054
2012-06-27 04:00:00,4.825618179018587
2012-06-27 05:00:00,32.11452359685787
2012-06-27 06:00:00,142.39200201664914
2012-06-27 07:00:00,360.91907173721825
2012-06-27 08:00:00,466.15308271589566
2012-06-27 09:00:00,214.1762672136385
2012-06-27 10:00:00,123.37881961105319
2012-06-27 11:00:00,122.31475845994163
2012-06-27 12:00:00,183.14095453207602
2012-06-27 13:00:00,166.1103458887787
2012-06-27 14:00:00,198.75411971498204
2012-06-27 15:00:00,194.54504659052412
2012-06-27 16:00:00,309.05406099708296
2012-06-27 17:00:00,575.0241723926177
2012-06-27 18:00:00,508.59463590766256
2012-06-27 19:00:00,390.550930246429
2012-06-27 20:00:00,310.0790836536317
2012-06-27 21:00:00,225.72581622016864
2012-06-27 22:00:00,191.67170423115445
2012-06-27 23:00:00,91.26899283393412
2012-06-28 00:00:00,49.94148176985819
2012-06-28 01:00:00,20.200151367281038
2012-06-28 02:00:00,9.34108753328747
2012-06-28 03:00:00,5.385133756246999
2012-06-28 04:00:00,6.304472115087832
2012-06-28 05:00:00,31.07886379668534
2012-06-28 06:00:00,129.22691388256962
2012-06-28 07:00:00,408.576082881744
2012-06-28 08:00:00,491.1648073224973
2012-06-28 09:00:00,232.32057573670332
2012-06-28 10:00:00,158.68532314212212
2012-06-28 11:00:00,169.9085892214715
2012-06-28 12:00:00,206.9378365768738
2012-06-28 13:00:00,195.66311262096588
2012-06-28 14:00:00,170.60865198135164
2012-06-28 15:00:00,181.21343944800026
2012-06-28 16:00:00,278.5218672955574
2012-06-28 17:00:00,497.40423122849126
2012-06-28 18:00:00,523.467111991962
2012-06-28 19:00:00,389.3961575175405
2012-06-28 20:00:00,340.82557308534575
2012-06-28 21:00:00,254.58449816256814
2012-06-28 22:00:00,194.35209565358593
2012-06-28 23:00:00,141.61993206286996
2012-06-29 00:00:00,85.53727090949299
2012-06-29 01:00:00,27.32811878939088
2012-06-29 02:00:00,13.431895901708561
2012-06-29 03:00:00,6.126303516046233
2012-06-29 04:00:00,5.425259803191457
2012-06-29 05:00:00,31.973476268960205
2012-06-29 06:00:00,117.08284437667609
2012-06-29 07:00:00,339.9625577786736
2012-06-29 08:00:00,480.11104905967926
2012-06-29 09:00:00,249.38102146888377
2012-06-29 10:00:00,178.4652461371404
2012-06-29 11:00:00,216.74855012562676
2012-06-29 12:00:00,237.28289122987286
2012-06-29 13:00:00,208.86560715160138
2012-06-29 14:00:00,207.24425375403177
2012-06-29 15:00:00,201.49040995058323
2012-06-29 16:00:00,300.99875045676725
2012-06-29 17:00:00,519.3273359681057
2012-06-29 18:00:00,421.3772683812936
2012-06-29 19:00:00,375.1218333435551
2012-06-29 20:00:00,255.22456934932563
2012-06-29 21:00:00,226.83404132871541
2012-06-29 22:00:00,124.6069418750981
2012-06-29 23:00:00,99.29999144760808
2012-06-30 00:00:00,86.77477455860571
2012-06-30 01:00:00,86.79720402768334
2012-06-30 02:00:00,60.40401777009152
2012-06-30 03:00:00,26.733864908969363
2012-06-30 04:00:00,6.5607790720007015
2012-06-30 05:00:00,8.379112136798557
2012-06-30 06:00:00,19.782792577256206
2012-06-30 07:00:00,59.68420777995815
2012-06-30 08:00:00,153.4692459059143
2012-06-30 09:00:00,283.7946907037113
2012-06-30 10:00:00,263.27165229163603
2012-06-30 11:00:00,340.81013419675287
2012-06-30 12:00:00,353.646917576612
2012-06-30 13:00:00,374.35240058010436
2012-06-30 14:00:00,371.97125004724427
2012-06-30 15:00:00,354.3808900795439
2012-06-30 16:00:00,310.0520269612292
2012-06-30 17:00:00,322.92575242033246
2012-06-30 18:00:00,366.32627528197736
2012-06-30 19:00:00,312.25262666724956
2012-06-30 20:00:00,283.4668551834098
2012-06-30 21:00:00,242.09929083660734
2012-06-30 22:00:00,205.1084328873557
2012-06-30 23:00:00,180.57780670659426
2012-07-20 00:00:00,46.029643904731984
2012-07-20 01:00:00,26.325325324235518
2012-07-20 02:00:00,12.292743425189133
2012-07-20 03:00:00,4.980668492311147
2012-07-20 04:00:00,7.572797857692546
2012-07-20 05:00:00,33.09178230014074
2012-07-20 06:00:00,172.80132509583675
2012-07-20 07:00:00,405.0295926054828
2012-07-20 08:00:00,581.869516097409
2012-07-20 09:00:00,328.9083788393026
2012-07-20 10:00:00,178.3268439847185
2012-07-20 11:00:00,157.62628039020052
2012-07-20 12:00:00,142.77280587340053
2012-07-20 13:00:00,141.13091824243475
2012-07-20 14:00:00,107.07409183317806
2012-07-20 15:00:00,165.29012368981964
2012-07-20 16:00:00,177.7040479285542
2012-07-20 17:00:00,217.16846929028117
2012-07-20 18:00:00,310.3053877553741
2012-07-20 19:00:00,237.31231083140338
2012-07-20 20:00:00,67.15517441986493
2012-07-20 21:00:00,72.63155265226295
2012-07-20 22:00:00,134.95560201334672
2012-07-20 23:00:00,102.52502611170931
2012-07-21 00:00:00,76.18086628111459
2012-07-21 01:00:00,102.15283650943688
2012-07-21 02:00:00,38.85325847050335
2012-07-21 03:00:00,24.237118598187873
2012-07-21 04:00:00,5.3254293560272234
2012-07-21 05:00:00,6.034324355245769
2012-07-21 06:00:00,18.253145222865786
2012-07-21 07:00:00,68.37785527091393
2012-07-21 08:00:00,156.15304173500982
2012-07-21 09:00:00,291.2855357173568
2012-07-21 10:00:00,150.82920295339753
2012-07-21 11:00:00,336.62104619488207
2012-07-21 12:00:00,180.83613772429763
2012-07-21 13:00:00,229.49213071329987
2012-07-21 14:00:00,343.38603012233625
2012-07-21 15:00:00,248.50320002273412
2012-07-21 16:00:00,177.18055953242535
2012-07-21 17:00:00,214.83180161773362
2012-07-21 18:00:00,216.6302423670386
2012-07-21 19:00:00,282.8846115824851
2012-07-21 20:00:00,159.66283766596328
2012-07-21 21:00:00,195.23673292028033
2012-07-21 22:00:00,134.89370973435376
2012-07-21 23:00:00,116.38982684152825
2012-07-22 00:00:00,125.52156413395882
2012-07-22 01:00:00,123.40253102634422
2012-07-22 02:00:00,76.24453579312478
2012-07-22 03:00:00,35.39791829658318
2012-07-22 04:00:00,11.132228818773662
2012-07-22 05:00:00,10.103938908338442
2012-07-22 06:00:00,10.848711488855924
2012-07-22 07:00:00,24.666975303762086
2012-07-22 08:00:00,96.27225398799123
2012-07-22 09:00:00,264.0673805473203
2012-07-22 10:00:00,439.51418607109497
2012-07-22 11:00:00,439.9847278760266
2012-07-22 12:00:00,431.1712884406376
2012-07-22 13:00:00,417.81249242913856
2012-07-22 14:00:00,395.84051517893533
2012-07-22 15:00:00,396.8983681376845
2012-07-22 16:00:00,327.0270460785291
2012-07-22 17:00:00,318.7361886207294
2012-07-22 18:00:00,288.00207411112865
2012-07-22 19:00:00,292.5645096869311
2012-07-22 20:00:00,232.7433606137165
2012-07-22 21:00:00,187.85843735028888
2012-07-22 22:00:00,121.97787593981761
2012-07-22 23:00:00,108.79947736303384
2012-07-23 00:00:00,31.71248140592428
2012-07-23 01:00:00,14.515709209774778
2012-07-23 02:00:00,9.495801217645813
2012-07-23 03:00:00,3.6600625065619212
2012-07-23 04:00:00,4.17514774998599
2012-07-23 05:00:00,17.362002397880364
2012-07-23 06:00:00,110.42279799018391
2012-07-23 07:00:00,318.41763482576346
2012-07-23 08:00:00,521.5081146038154
2012-07-23 09:00:00,312.1911396423099
2012-07-23 10:00:00,175.56574228806392
2012-07-23 11:00:00,228.8113911099786
2012-07-23 12:00:00,288.838390316732
2012-07-23 13:00:00,293.28762249613555
2012-07-23 14:00:00,194.5588692613266
2012-07-23 15:00:00,189.9952864630268
2012-07-23 16:00:00,356.70726337757736
2012-07-23 17:00:00,701.7491420004391
2012-07-23 18:00:00,677.8675350725183
2012-07-23 19:00:00,440.1952086755903
2012-07-23 20:00:00,381.78735688038023
2012-07-23 21:00:00,258.18961276792464
2012-07-23 22:00:00,162.7630800235348
2012-07-23 23:00:00,81.27094110088014
2012-07-24 00:00:00,41.58898783810866
2012-07-24 01:00:00,19.429195312527032
2012-07-24 02:00:00,12.36196127693441
2012-07-24 03:00:00,6.94815781950605
2012-07-24 04:00:00,8.292153575045516
2012-07-24 05:00:00,47.58522736825958
2012-07-24 06:00:00,172.0229383644337
2012-07-24 07:00:00,443.8690365843889
2012-07-24 08:00:00,454.8800423468849
2012-07-24 09:00:00,257.72109561989845
2012-07-24 10:00:00,109.92686414792412
2012-07-24 11:00:00,143.0256721117682
2012-07-24 12:00:00,190.3464013552433
2012-07-24 13:00:00,166.43446229650516
2012-07-24 14:00:00,191.9286996644076
2012-07-24 15:00:00,187.55107861096934
2012-07-24 16:00:00,291.1680535963954
2012-07-24 17:00:00,473.75409505202
2012-07-24 18:00:00,562.2903623160221
2012-07-24 19:00:00,455.08224152811096
2012-07-24 20:00:00,301.451201445466
2012-07-24 21:00:00,233.4769869207349
2012-07-24 22:00:00,144.27767897860403
2012-07-24 23:00:00,85.12785157122903
2012-07-25 00:00:00,48.69788570162849
2012-07-25 01:00:00,16.861741761491114
2012-07-25 02:00:00,13.104905198875553
2012-07-25 03:00:00,5.615799868576866
2012-07-25 04:00:00,5.546086620006223
2012-07-25 05:00:00,39.56098211040028
2012-07-25 06:00:00,142.5462134629312
2012-07-25 07:00:00,302.51274052211187
2012-07-25 08:00:00,505.7527900577039
2012-07-25 09:00:00,214.34055072992504
2012-07-25 10:00:00,145.99974979726454
2012-07-25 11:00:00,178.3819537953384
2012-07-25 12:00:00,252.25219559784705
2012-07-25 13:00:00,239.05419710613148
2012-07-25 14:00:00,228.38485826810822
2012-07-25 15:00:00,228.21764544463375
2012-07-25 16:00:00,403.82892869203766
2012-07-25 17:00:00,864.7168027380901
2012-07-25 18:00:00,673.5622335305254
2012-07-25 19:00:00,598.6985550728198
2012-07-25 20:00:00,426.2884273202432
2012-07-25 21:00:00,311.8935528935975
2012-07-25 22:00:00,245.57912433656105
2012-07-25 23:00:00,129.3373227894428
2012-07-26 00:00:00,42.96944257961631
2012-07-26 01:00:00,20.765010969784303
2012-07-26 02:00:00,9.22951395005446
2012-07-26 03:00:00,6.067985525966454
2012-07-26 04:00:00,4.5517379568529455
2012-07-26 05:00:00,29.64244019216647
2012-07-26 06:00:00,165.50125010970214
2012-07-26 07:00:00,400.0402741876018
2012-07-26 08:00:00,429.7810160879288
2012-07-26 09:00:00,216.0073269856303
2012-07-26 10:00:00,118.76166656670814
2012-07-26 11:00:00,137.15400672690703
2012-07-26 12:00:00,170.25529754599117
2012-07-26 13:00:00,185.16091571570345
2012-07-26 14:00:00,202.1715033213215
2012-07-26 15:00:00,183.6130480585226
2012-07-26 16:00:00,307.78972760011385
2012-07-26 17:00:00,531.8477019991873
2012-07-26 18:00:00,607.8373568524709
2012-07-26 19:00:00,442.7360236849609
2012-07-26 20:00:00,417.45542835111
2012-07-26 21:00:00,282.6783053098676
2012-07-26 22:00:00,216.11705018447228
2012-07-26 23:00:00,108.63586837769355
2012-07-27 00:00:00,68.56604958651273
2012-07-27 01:00:00,29.626182775199613
2012-07-27 02:00:00,11.231867543943832
2012-07-27 03:00:00,9.096439921712916
2012-07-27 04:00:00,9.640041440397813
2012-07-27 05:00:00,35.38079864885596
2012-07-27 06:00:00,136.33952175755627
2012-07-27 07:00:00,346.54524975647894
2012-07-27 08:00:00,694.2021726807986
2012-07-27 09:00:00,324.94025619799913
2012-07-27 10:00:00,211.1254017732087
2012-07-27 11:00:00,230.7619592271357
2012-07-27 12:00:00,294.05977245713507
2012-07-27 13:00:00,280.46751860962337
2012-07-27 14:00:00,260.16610824116924
2012-07-27 15:00:00,285.154016146737
2012-07-27 16:00:00,364.9349937045267
2012-07-27 17:00:00,535.5982375056401
2012-07-27 18:00:00,593.1747164003738
2012-07-27 19:00:00,401.90963082465095
2012-07-27 20:00:00,315.35239241022026
2012-07-27 21:00:00,275.2311825249003
2012-07-27 22:00:00,251.7778842132233
2012-07-27 23:00:00,139.13727619642307
2012-07-28 00:00:00,132.43553525696382
2012-07-28 01:00:00,82.84012584790617
2012-07-28 02:00:00,81.72300746081443
2012-07-28 03:00:00,32.71539943141716
2012-07-28 04:00:00,9.659422323148918
2012-07-28 05:00:00,13.344053974057063
2012-07-28 06:00:00,38.933998135539696
2012-07-28 07:00:00,78.62729580578704
2012-07-28 08:00:00,152.35730116099992
2012-07-28 09:00:00,251.70405995216765
2012-07-28 10:00:00,316.08691021530365
2012-07-28 11:00:00,370.53573615759365
2012-07-28 12:00:00,393.56882851130763
2012-07-28 13:00:00,378.6934531132602
2012-07-28 14:00:00,361.2512046405352
2012-07-28 15:00:00,346.6435848685345
2012-07-28 16:00:00,383.9826181098796
2012-07-28 17:00:00,391.3262259872729
2012-07-28 18:00:00,352.91311897434923
2012-07-28 19:00:00,332.85289446153064
2012-07-28 20:00:00,277.5328679405455
2012-07-28 21:00:00,255.64612273792332
2012-07-28 22:00:00,248.4732224544095
2012-07-28 23:00:00,232.81495416312637
2012-07-29 00:00:00,142.88163818014579
2012-07-29 01:00:00,123.8933127868858
2012-07-29 02:00:00,105.04455705364012
2012-07-29 03:00:00,41.60362582053589
2012-07-29 04:00:00,6.764027327354481
2012-07-29 05:00:00,5.981962084606106
2012-07-29 06:00:00,18.654499544969454
2012-07-29 07:00:00,52.143387389070384
2012-07-29 08:00:00,98.82215299644544
2012-07-29 09:00:00,206.78888997450485
2012-07-29 10:00:00,307.0308592487155
2012-07-29 11:00:00,364.94195435352145
2012-07-29 12:00:00,402.79216742376946
2012-07-29 13:00:00,487.834735727334
2012-07-29 14:00:00,410.68678706180543
2012-07-29 15:00:00,444.4961844932259
2012-07-29 16:00:00,438.5564177692737
2012-07-29 17:00:00,393.693647680896
2012-07-29 18:00:00,446.26461984570835
2012-07-29 19:00:00,321.7031379712392
2012-07-29 20:00:00,243.17354557013013
2012-07-29 21:00:00,198.4912029462669
2012-07-29 22:00:00,150.40403120570883
2012-07-29 23:00:00,112.9580430108966
2012-07-30 00:00:00,57.52904569413966
2012-07-30 01:00:00,29.624339276701345
2012-07-30 02:00:00,16.854699925113014
2012-07-30 03:00:00,6.517856564989756
2012-07-30 04:00:00,7.250399501522982
2012-07-30 05:00:00,29.586435274522817
2012-07-30 06:00:00,122.3082263215251
2012-07-30 07:00:00,337.8122322728852
2012-07-30 08:00:00,596.0264320184473
2012-07-30 09:00:00,325.5683840528751
2012-07-30 10:00:00,198.14660517530388
2012-07-30 11:00:00,215.61072828490344
2012-07-30 12:00:00,293.0784808475083
2012-07-30 13:00:00,248.117677835146
2012-07-30 14:00:00,231.1950261518032
2012-07-30 15:00:00,248.44561785310438
2012-07-30 16:00:00,347.6926278640189
2012-07-30 17:00:00,617.126839499638
2012-07-30 18:00:00,601.3029434265678
2012-07-30 19:00:00,501.3594471537594
2012-07-30 20:00:00,313.9040398660385
2012-07-30 21:00:00,216.7083492404811
2012-07-30 22:00:00,123.96097434687726
2012-07-30 23:00:00,75.7739809408066
2012-07-31 00:00:00,30.88553886310647
2012-07-31 01:00:00,20.897752529788445
2012-07-31 02:00:00,10.384540428685526
2012-07-31 03:00:00,7.251150630140098
2012-07-31 04:00:00,8.292153575045516
2012-07-31 05:00:00,39.97111553353102
2012-07-31 06:00:00,145.11301265320563
2012-07-31 07:00:00,396.5913246551125
2012-07-31 08:00:00,560.0789708272833
2012-07-31 09:00:00,249.93863777700906
2012-07-31 10:00:00,150.37699586280107
2012-07-31 11:00:00,169.90048754174825
2012-07-31 12:00:00,239.1406170855157
2012-07-31 13:00:00,163.17960964694876
2012-07-31 14:00:00,163.03549120857176
2012-07-31 15:00:00,255.08842275036397
2012-07-31 16:00:00,328.72195400104533
2012-07-31 17:00:00,639.1936514068253
2012-07-31 18:00:00,563.1651162970059
2012-07-31 19:00:00,424.56918892361443
2012-07-31 20:00:00,219.2287571649684
2012-07-31 21:00:00,201.90637657659758
2012-07-31 22:00:00,154.81333729205357
2012-07-31 23:00:00,108.99539540648273
2012-08-20 00:00:00,29.42942319080428
2012-08-20 01:00:00,14.224639723468263
2012-08-20 02:00:00,8.129872915604915
2012-08-20 03:00:00,4.569455449317656
2012-08-20 04:00:00,5.724308581100155
2012-08-20 05:00:00,16.228019538865095
2012-08-20 06:00:00,142.914753816468
2012-08-20 07:00:00,299.568035855079
2012-08-20 08:00:00,668.7040127378109
2012-08-20 09:00:00,272.6379597037092
2012-08-20 10:00:00,165.97693471073651
2012-08-20 11:00:00,191.530823105101
2012-08-20 12:00:00,252.56476461481293
2012-08-20 13:00:00,208.32083765956975
2012-08-20 14:00:00,161.29965948360575
2012-08-20 15:00:00,169.1559766488112
2012-08-20 16:00:00,271.33790998479463
2012-08-20 17:00:00,500.6277199953576
2012-08-20 18:00:00,538.1993274412958
2012-08-20 19:00:00,332.6434544324964
2012-08-20 20:00:00,164.75056171156973
2012-08-20 21:00:00,131.9314219735301
2012-08-20 22:00:00,65.96297434140239
2012-08-20 23:00:00,36.50683885739009
2012-08-21 00:00:00,26.257708280876592
2012-08-21 01:00:00,12.945584645615337
2012-08-21 02:00:00,4.3735789077828375
2012-08-21 03:00:00,3.0134116688522665
2012-08-21 04:00:00,6.143766023090704
2012-08-21 05:00:00,31.772934982110833
2012-08-21 06:00:00,133.5543937467585
2012-08-21 07:00:00,308.8400087854456
2012-08-21 08:00:00,481.1646165801855
2012-08-21 09:00:00,227.76180790615558
2012-08-21 10:00:00,182.82457529952995
2012-08-21 11:00:00,209.22645197310973
2012-08-21 12:00:00,285.4929237128225
2012-08-21 13:00:00,221.6998127818551
2012-08-21 14:00:00,209.40840618967914
2012-08-21 15:00:00,197.28189331680085
2012-08-21 16:00:00,324.94986284248114
2012-08-21 17:00:00,584.4870889512783
2012-08-21 18:00:00,582.001600621845
2012-08-21 19:00:00,419.6288108434202
2012-08-21 20:00:00,243.78190520131574
2012-08-21 21:00:00,186.7537095544516
2012-08-21 22:00:00,117.28825341113716
2012-08-21 23:00:00,73.15152105092216
2012-08-22 00:00:00,34.04767327866152
2012-08-22 01:00:00,11.157961109921217
2012-08-22 02:00:00,3.884217522452435
2012-08-22 03:00:00,3.7873753693180983
2012-08-22 04:00:00,7.939284200440647
2012-08-22 05:00:00,23.8988483304796
2012-08-22 06:00:00,117.65380407935871
2012-08-22 07:00:00,273.890947748039
2012-08-22 08:00:00,638.4035115842794
2012-08-22 09:00:00,261.9835329744226
2012-08-22 10:00:00,186.3104058082686
2012-08-22 11:00:00,190.70134775998622
2012-08-22 12:00:00,248.19968141114524
2012-08-22 13:00:00,217.33297531107942
2012-08-22 14:00:00,194.00959555741827
2012-08-22 15:00:00,218.57877435595108
2012-08-22 16:00:00,278.1592677686963
2012-08-22 17:00:00,678.2416181743891
2012-08-22 18:00:00,701.0514715791581
2012-08-22 19:00:00,403.19666990144526
2012-08-22 20:00:00,406.48359189968005
2012-08-22 21:00:00,215.1849966977918
2012-08-22 22:00:00,168.38999567799266
2012-08-22 23:00:00,108.21135687543281
2012-08-23 00:00:00,49.55408640870169
2012-08-23 01:00:00,18.17688579932935
2012-08-23 02:00:00,7.091637737720604
2012-08-23 03:00:00,6.0522764268773015
2012-08-23 04:00:00,5.32133620764656
2012-08-23 05:00:00,25.646984774072532
2012-08-23 06:00:00,85.89285791076283
2012-08-23 07:00:00,248.39941958897188
2012-08-23 08:00:00,568.792060057893
2012-08-23 09:00:00,287.5581537448641
2012-08-23 10:00:00,182.10138960543733
2012-08-23 11:00:00,262.60551462173277
2012-08-23 12:00:00,257.5721947651765
2012-08-23 13:00:00,318.92014384688406
2012-08-23 14:00:00,202.02174872915424
2012-08-23 15:00:00,219.05999583981855
2012-08-23 16:00:00,383.0430162741105
2012-08-23 17:00:00,756.9702549606508
2012-08-23 18:00:00,769.7062652395648
2012-08-23 19:00:00,508.2477127126779
2012-08-23 20:00:00,388.75887373106565
2012-08-23 21:00:00,278.31250532173806
2012-08-23 22:00:00,213.29865286685836
2012-08-23 23:00:00,158.39593383826883
2012-08-24 00:00:00,70.54867051600041
2012-08-24 01:00:00,35.15489638905533
2012-08-24 02:00:00,15.494541706667059
2012-08-24 03:00:00,8.08975610757831
2012-08-24 04:00:00,9.108567030740181
2012-08-24 05:00:00,20.058182984670115
2012-08-24 06:00:00,79.61230412944985
2012-08-24 07:00:00,255.33899351625737
2012-08-24 08:00:00,579.5471311587395
2012-08-24 09:00:00,330.72104420455474
2012-08-24 10:00:00,223.3226298425951
2012-08-24 11:00:00,241.2217945889382
2012-08-24 12:00:00,279.4696115393294
2012-08-24 13:00:00,314.3631478819773
2012-08-24 14:00:00,220.89383245103832
2012-08-24 15:00:00,274.5478756509755
2012-08-24 16:00:00,378.30505478875716
2012-08-24 17:00:00,670.2101015016842
2012-08-24 18:00:00,544.0306071533936
2012-08-24 19:00:00,412.59723728812463
2012-08-24 20:00:00,277.8602003193555
2012-08-24 21:00:00,243.99135105467457
2012-08-24 22:00:00,213.1084407079018
2012-08-24 23:00:00,147.3790938236527
2012-08-25 00:00:00,122.18983349147072
2012-08-25 01:00:00,114.04789808915416
2012-08-25 02:00:00,74.3907714072955
2012-08-25 03:00:00,33.24272401433118
2012-08-25 04:00:00,11.87776051768187
2012-08-25 05:00:00,12.038100803426547
2012-08-25 06:00:00,38.9285310747795
2012-08-25 07:00:00,57.57331050932796
2012-08-25 08:00:00,121.61141531411633
2012-08-25 09:00:00,215.14765055330489
2012-08-25 10:00:00,330.25426627329983
2012-08-25 11:00:00,309.9058433936057
2012-08-25 12:00:00,540.8254277318827
2012-08-25 13:00:00,541.0439010015792
2012-08-25 14:00:00,403.33704351405135
2012-08-25 15:00:00,337.7234880665125
2012-08-25 16:00:00,338.15857367657713
2012-08-25 17:00:00,299.48419747362925
2012-08-25 18:00:00,392.61793808416627
2012-08-25 19:00:00,292.75806799497275
2012-08-25 20:00:00,111.288536329117
2012-08-25 21:00:00,175.89513956638356
2012-08-25 22:00:00,149.84381027736924
2012-08-25 23:00:00,126.13054811635273
2012-08-26 00:00:00,111.71579687792088
2012-08-26 01:00:00,108.66187590292492
2012-08-26 02:00:00,76.79172431648702
2012-08-26 03:00:00,33.51302872530112
2012-08-26 04:00:00,6.777179324265301
2012-08-26 05:00:00,4.815107014629598
2012-08-26 06:00:00,8.331170301394648
2012-08-26 07:00:00,24.7280432994214
2012-08-26 08:00:00,80.26870277634598
2012-08-26 09:00:00,150.60928527210456
2012-08-26 10:00:00,337.1963357920604
2012-08-26 11:00:00,356.96930014421025
2012-08-26 12:00:00,330.9985550160721
2012-08-26 13:00:00,342.9007228651452
2012-08-26 14:00:00,286.9546442098619
2012-08-26 15:00:00,190.76855944958018
2012-08-26 16:00:00,172.48808460504395
2012-08-26 17:00:00,159.08011446945932
2012-08-26 18:00:00,177.79719708019496
2012-08-26 19:00:00,182.51788067622255
2012-08-26 20:00:00,209.21886982254242
2012-08-26 21:00:00,122.58170768435315
2012-08-26 22:00:00,107.21883378940404
2012-08-26 23:00:00,67.3735028725374
2012-08-27 00:00:00,34.376979254594815
2012-08-27 01:00:00,11.71348852431448
2012-08-27 02:00:00,5.3520268156631055
2012-08-27 03:00:00,3.8204652361873617
2012-08-27 04:00:00,3.282642376664759
2012-08-27 05:00:00,16.64484252963109
2012-08-27 06:00:00,71.19926004159493
2012-08-27 07:00:00,212.37389344551917
2012-08-27 08:00:00,364.0711653042642
2012-08-27 09:00:00,235.36057457730007
2012-08-27 10:00:00,218.33168890187704
2012-08-27 11:00:00,201.88943263014576
2012-08-27 12:00:00,227.14316501191118
2012-08-27 13:00:00,225.78663788093147
2012-08-27 14:00:00,240.60743251358733
2012-08-27 15:00:00,189.0038540146466
2012-08-27 16:00:00,315.33645340874523
2012-08-27 17:00:00,630.7835857350813
2012-08-27 18:00:00,663.6175047483792
2012-08-27 19:00:00,619.7363274923049
2012-08-27 20:00:00,487.58334075993633
2012-08-27 21:00:00,268.531179879178
2012-08-27 22:00:00,107.3762125211578
2012-08-27 23:00:00,70.95865324181474
2012-08-28 00:00:00,41.89107726639477
2012-08-28 01:00:00,27.184821822279336
2012-08-28 02:00:00,11.96619065577853
2012-08-28 03:00:00,4.911463325661079
2012-08-28 04:00:00,6.195748847462118
2012-08-28 05:00:00,29.99576038736366
2012-08-28 06:00:00,163.29122748919676
2012-08-28 07:00:00,319.69986115410944
2012-08-28 08:00:00,498.34934483874446
2012-08-28 09:00:00,328.51479997501764
2012-08-28 10:00:00,138.97296833848648
2012-08-28 11:00:00,153.23334922870663
2012-08-28 12:00:00,206.70223466930022
2012-08-28 13:00:00,172.29482619115913
2012-08-28 14:00:00,153.23334922870663
2012-08-28 15:00:00,232.1259077130953
2012-08-28 16:00:00,343.644016255956
2012-08-28 17:00:00,757.016097194944
2012-08-28 18:00:00,646.910544569749
2012-08-28 19:00:00,418.519953502633
2012-08-28 20:00:00,276.034099343889
2012-08-28 21:00:00,202.15482631007325
2012-08-28 22:00:00,146.56565540930634
2012-08-28 23:00:00,102.02631693625223
2012-08-29 00:00:00,38.12251322927955
2012-08-29 01:00:00,14.225019567399507
2012-08-29 02:00:00,4.717438468684227
2012-08-29 03:00:00,6.145709371614702
2012-08-29 04:00:00,6.21143640137026
2012-08-29 05:00:00,41.082123372162826
2012-08-29 06:00:00,173.64151447056375
2012-08-29 07:00:00,309.74983267523567
2012-08-29 08:00:00,604.5926006827796
2012-08-29 09:00:00,200.3424844204412
2012-08-29 10:00:00,168.47794123046916
2012-08-29 11:00:00,231.20748387628396
2012-08-29 12:00:00,258.121785643594
2012-08-29 13:00:00,223.6154521257474
2012-08-29 14:00:00,217.54065024493553
2012-08-29 15:00:00,247.52222069920168
2012-08-29 16:00:00,346.91692114961774
2012-08-29 17:00:00,741.0887890793206
2012-08-29 18:00:00,700.0306332816051
2012-08-29 19:00:00,530.6596247197525
2012-08-29 20:00:00,339.49455372253055
2012-08-29 21:00:00,255.04281346380043
2012-08-29 22:00:00,173.51322386026993
2012-08-29 23:00:00,120.04676489919927
2012-08-30 00:00:00,60.46104557318028
2012-08-30 01:00:00,25.7700749722657
2012-08-30 02:00:00,6.784311200010668
2012-08-30 03:00:00,4.839472997576086
2012-08-30 04:00:00,5.9672225562647565
2012-08-30 05:00:00,29.949596955732904
2012-08-30 06:00:00,149.59793464752707
2012-08-30 07:00:00,368.77379327868306
2012-08-30 08:00:00,488.06624528360146
2012-08-30 09:00:00,266.4650858548028
2012-08-30 10:00:00,151.5261401042557
2012-08-30 11:00:00,274.2852556762423
2012-08-30 12:00:00,302.3415650323224
2012-08-30 13:00:00,295.44487893691525
2012-08-30 14:00:00,216.20177605809081
2012-08-30 15:00:00,229.6800996052584
2012-08-30 16:00:00,346.4358743987601
2012-08-30 17:00:00,857.9106120167164
2012-08-30 18:00:00,787.3978096862622
2012-08-30 19:00:00,575.4227127123439
2012-08-30 20:00:00,402.10055502329095
2012-08-30 21:00:00,332.81813733476275
2012-08-30 22:00:00,196.75861118945005
2012-08-30 23:00:00,146.6488456708904
2012-08-31 00:00:00,67.40881880770489
2012-08-31 01:00:00,33.57544974000599
2012-08-31 02:00:00,14.34066616251958
2012-08-31 03:00:00,6.877372830214392
2012-08-31 04:00:00,6.731641258656477
2012-08-31 05:00:00,27.197833037754123
2012-08-31 06:00:00,118.0421625176193
2012-08-31 07:00:00,205.70953095867714
2012-08-31 08:00:00,672.2072572009712
2012-08-31 09:00:00,252.68233386091714
2012-08-31 10:00:00,177.90294956494512
2012-08-31 11:00:00,240.23404508679153
2012-08-31 12:00:00,288.4813424737707
2012-08-31 13:00:00,277.5124886392657
2012-08-31 14:00:00,283.4234697268618
2012-08-31 15:00:00,273.6015574770802
2012-08-31 16:00:00,367.90859710155127
2012-08-31 17:00:00,619.7720856342867
2012-08-31 18:00:00,581.9752368199989
2012-08-31 19:00:00,396.64635933206245
2012-08-31 20:00:00,313.2906480399961
2012-08-31 21:00:00,260.5804155453665
2012-08-31 22:00:00,226.54845487705353
2012-08-31 23:00:00,205.9004044067868
2012-09-20 00:00:00,47.267334941701336
2012-09-20 01:00:00,33.94297955968028
2012-09-20 02:00:00,22.726731527042464
2012-09-20 03:00:00,7.972912067600517
2012-09-20 04:00:00,7.386339194411675
2012-09-20 05:00:00,45.71970177041286
2012-09-20 06:00:00,151.1155760848793
2012-09-20 07:00:00,525.4219431751901
2012-09-20 08:00:00,629.6818856100432
2012-09-20 09:00:00,333.3489357430502
2012-09-20 10:00:00,187.9106685160101
2012-09-20 11:00:00,219.5863539719361
2012-09-20 12:00:00,296.1344402996268
2012-09-20 13:00:00,283.9641667522816
2012-09-20 14:00:00,242.81551098011036
2012-09-20 15:00:00,264.5074494788956
2012-09-20 16:00:00,428.2683906936871
2012-09-20 17:00:00,778.7867461816065
2012-09-20 18:00:00,585.5954340959543
2012-09-20 19:00:00,459.6520540572461
2012-09-20 20:00:00,382.1576447915023
2012-09-20 21:00:00,301.16816043184343
2012-09-20 22:00:00,253.8221864076003
2012-09-20 23:00:00,165.34577748697558
2012-09-21 00:00:00,85.42697151874216
2012-09-21 01:00:00,43.352054915396735
2012-09-21 02:00:00,25.811039255104813
2012-09-21 03:00:00,11.85092767006233
2012-09-21 04:00:00,9.104823872700678
2012-09-21 05:00:00,43.70767675075806
2012-09-21 06:00:00,152.3693614756484
2012-09-21 07:00:00,471.29363964736757
2012-09-21 08:00:00,638.0708732082826
2012-09-21 09:00:00,321.971700026143
2012-09-21 10:00:00,198.67547339893562
2012-09-21 11:00:00,258.7338587755724
2012-09-21 12:00:00,307.9378496993968
2012-09-21 13:00:00,331.44647052389587
2012-09-21 14:00:00,331.958618725897
2012-09-21 15:00:00,306.4776593403497
2012-09-21 16:00:00,406.3909533997118
2012-09-21 17:00:00,653.4240929998253
2012-09-21 18:00:00,600.3477664477575
2012-09-21 19:00:00,512.2718094155349
2012-09-21 20:00:00,306.24932771812064
2012-09-21 21:00:00,283.66034592544895
2012-09-21 22:00:00,224.86209190639252
2012-09-21 23:00:00,133.97939301282955
2012-09-22 00:00:00,133.328507860931
2012-09-22 01:00:00,103.57751825916296
2012-09-22 02:00:00,70.92952666415536
2012-09-22 03:00:00,38.21118052394963
2012-09-22 04:00:00,8.750249066999965
2012-09-22 05:00:00,12.72131196063787
2012-09-22 06:00:00,26.793047780894078
2012-09-22 07:00:00,68.21105571268271
2012-09-22 08:00:00,150.10877057185297
2012-09-22 09:00:00,235.16134083748662
2012-09-22 10:00:00,342.0779591978937
2012-09-22 11:00:00,388.6050431926439
2012-09-22 12:00:00,497.8773946931744
2012-09-22 13:00:00,542.5800852901257
2012-09-22 14:00:00,561.6799144231991
2012-09-22 15:00:00,680.5732042203557
2012-09-22 16:00:00,584.3909435788129
2012-09-22 17:00:00,660.7841769399802
2012-09-22 18:00:00,502.6765197171949
2012-09-22 19:00:00,328.281790330182
2012-09-22 20:00:00,329.40309676639953
2012-09-22 21:00:00,263.64639772692055
2012-09-22 22:00:00,204.8068337937487
2012-09-22 23:00:00,161.13753008728767
2012-09-23 00:00:00,148.48805149810948
2012-09-23 01:00:00,125.87309533360187
2012-09-23 02:00:00,129.64939321380578
2012-09-23 03:00:00,33.321447783579906
2012-09-23 04:00:00,3.8137048276076606
2012-09-23 05:00:00,7.139251090367978
2012-09-23 06:00:00,14.451284181855172
2012-09-23 07:00:00,33.83574383400398
2012-09-23 08:00:00,100.04483913769576
2012-09-23 09:00:00,162.56730647054644
2012-09-23 10:00:00,383.1414768147632
2012-09-23 11:00:00,549.0622392254976
2012-09-23 12:00:00,555.3672847470917
2012-09-23 13:00:00,651.7204343644995
2012-09-23 14:00:00,626.0111910305042
2012-09-23 15:00:00,612.9959480969023
2012-09-23 16:00:00,564.7694953202283
2012-09-23 17:00:00,503.16837431648736
2012-09-23 18:00:00,366.92713573691293
2012-09-23 19:00:00,289.2401491475729
2012-09-23 20:00:00,221.00171710454808
2012-09-23 21:00:00,131.2174473107087
2012-09-23 22:00:00,122.19280502490362
2012-09-23 23:00:00,65.8119186696906
2012-09-24 00:00:00,35.63233925662305
2012-09-24 01:00:00,24.629388676407768
2012-09-24 02:00:00,11.414179688368533
2012-09-24 03:00:00,5.085955128214256
2012-09-24 04:00:00,6.508453240227897
2012-09-24 05:00:00,29.355540903050326
2012-09-24 06:00:00,120.87020837858081
2012-09-24 07:00:00,380.2622799875142
2012-09-24 08:00:00,510.5525956282972
2012-09-24 09:00:00,245.33087813731223
2012-09-24 10:00:00,160.85670766167127
2012-09-24 11:00:00,185.4676296275265
2012-09-24 12:00:00,296.88548747505956
2012-09-24 13:00:00,258.30832233229324
2012-09-24 14:00:00,227.1239948975713
2012-09-24 15:00:00,255.50609619600758
2012-09-24 16:00:00,456.2944969643885
2012-09-24 17:00:00,694.1535142416645
2012-09-24 18:00:00,761.3805255409949
2012-09-24 19:00:00,502.93305863890845
2012-09-24 20:00:00,291.1981833803384
2012-09-24 21:00:00,205.7461217632685
2012-09-24 22:00:00,127.08004475234097
2012-09-24 23:00:00,80.6588674509144
2012-09-25 00:00:00,33.48755788908845
2012-09-25 01:00:00,12.386176575905289
2012-09-25 02:00:00,3.9049271298618904
2012-09-25 03:00:00,2.809209019530288
2012-09-25 04:00:00,5.071456931290387
2012-09-25 05:00:00,34.82309476719534
2012-09-25 06:00:00,106.73723878110076
2012-09-25 07:00:00,320.7950667342807
2012-09-25 08:00:00,632.3378284243105
2012-09-25 09:00:00,310.4317757163515
2012-09-25 10:00:00,181.09682442931208
2012-09-25 11:00:00,201.74181092699558
2012-09-25 12:00:00,243.30959787162757
2012-09-25 13:00:00,241.1629097376283
2012-09-25 14:00:00,250.7831408228729
2012-09-25 15:00:00,303.4814799809828
2012-09-25 16:00:00,469.29598764075115
2012-09-25 17:00:00,790.8592572781297
2012-09-25 18:00:00,763.8227081207592
2012-09-25 19:00:00,484.97682424618483
2012-09-25 20:00:00,310.2050836057659
2012-09-25 21:00:00,225.57216653371958
2012-09-25 22:00:00,186.80438650952124
2012-09-25 23:00:00,91.53306451186009
2012-09-26 00:00:00,35.168024394639566
2012-09-26 01:00:00,13.282228960069556
2012-09-26 02:00:00,6.85126203318776
2012-09-26 03:00:00,5.2916699713378135
2012-09-26 04:00:00,7.22307566933978
2012-09-26 05:00:00,37.36027937889028
2012-09-26 06:00:00,166.13973450236122
2012-09-26 07:00:00,404.94211273251904
2012-09-26 08:00:00,698.6090865666768
2012-09-26 09:00:00,343.27012232182557
2012-09-26 10:00:00,157.33754700866513
2012-09-26 11:00:00,217.86390996845225
2012-09-26 12:00:00,258.5979364329855
2012-09-26 13:00:00,217.70689153980416
2012-09-26 14:00:00,197.5396288491172
2012-09-26 15:00:00,233.50237165528216
2012-09-26 16:00:00,346.50113197587154
2012-09-26 17:00:00,719.2585172917942
2012-09-26 18:00:00,805.2283242015588
2012-09-26 19:00:00,566.9207355122576
2012-09-26 20:00:00,317.10803956775123
2012-09-26 21:00:00,237.61214598750354
2012-09-26 22:00:00,123.88734616011082
2012-09-26 23:00:00,90.19638643988569
2012-09-27 00:00:00,58.45851827098064
2012-09-27 01:00:00,32.12280155526349
2012-09-27 02:00:00,14.366109575983028
2012-09-27 03:00:00,7.779875805471338
2012-09-27 04:00:00,4.403956820284781
2012-09-27 05:00:00,38.212492423242495
2012-09-27 06:00:00,142.15279553094797
2012-09-27 07:00:00,346.2596577685687
2012-09-27 08:00:00,638.525593476667
2012-09-27 09:00:00,316.1059017558034
2012-09-27 10:00:00,204.39678191835668
2012-09-27 11:00:00,231.71208903821238
2012-09-27 12:00:00,303.19190630508626
2012-09-27 13:00:00,281.8517613440247
2012-09-27 14:00:00,282.0047470815494
2012-09-27 15:00:00,309.4306693225655
2012-09-27 16:00:00,326.96545611328054
2012-09-27 17:00:00,551.0380250484685
2012-09-27 18:00:00,595.1605128206344
2012-09-27 19:00:00,496.3586527514038
2012-09-27 20:00:00,382.5284742412005
2012-09-27 21:00:00,140.16797570347794
2012-09-27 22:00:00,104.59995762488231
2012-09-27 23:00:00,56.008108945423935
2012-09-28 00:00:00,47.014093398585445
2012-09-28 01:00:00,20.13983816969468
2012-09-28 02:00:00,6.044969286458458
2012-09-28 03:00:00,7.03607355929732
2012-09-28 04:00:00,5.804382460076468
2012-09-28 05:00:00,37.085071114610194
2012-09-28 06:00:00,56.332651278254914
2012-09-28 07:00:00,293.68408650988687
2012-09-28 08:00:00,660.341313864129
2012-09-28 09:00:00,339.0488571711677
2012-09-28 10:00:00,206.32616392708917
2012-09-28 11:00:00,208.05211097322277
2012-09-28 12:00:00,432.0109467984869
2012-09-28 13:00:00,443.21466425644894
2012-09-28 14:00:00,396.6471158756751
2012-09-28 15:00:00,318.3107620794838
2012-09-28 16:00:00,460.0443329041051
2012-09-28 17:00:00,624.5972775823141
2012-09-28 18:00:00,635.4738718687632
2012-09-28 19:00:00,311.23525946984626
2012-09-28 20:00:00,286.3839445615883
2012-09-28 21:00:00,214.4642551158445
2012-09-28 22:00:00,245.47703327132953
2012-09-28 23:00:00,151.10973953832416
2012-09-29 00:00:00,144.1264050302607
2012-09-29 01:00:00,113.0859312836036
2012-09-29 02:00:00,65.91348495360735
2012-09-29 03:00:00,37.930825605065415
2012-09-29 04:00:00,13.66906747197928
2012-09-29 05:00:00,11.726965527583104
2012-09-29 06:00:00,31.934409048857958
2012-09-29 07:00:00,64.1555850481633
2012-09-29 08:00:00,133.9996465174323
2012-09-29 09:00:00,216.9158410397093
2012-09-29 10:00:00,424.00189743218453
2012-09-29 11:00:00,511.077257290811
2012-09-29 12:00:00,587.7010022177736
2012-09-29 13:00:00,631.6841649180018
2012-09-29 14:00:00,589.720493875199
2012-09-29 15:00:00,624.3781122863535
2012-09-29 16:00:00,666.5414811927203
2012-09-29 17:00:00,645.1020440524434
2012-09-29 18:00:00,405.05180352785084
2012-09-29 19:00:00,342.67679032242427
2012-09-29 20:00:00,253.53997610451609
2012-09-29 21:00:00,247.1000416513306
2012-09-29 22:00:00,194.78973232195747
2012-09-29 23:00:00,183.60359252140037
2012-09-30 00:00:00,103.5310036945534
2012-09-30 01:00:00,84.25274929860775
2012-09-30 02:00:00,64.57618735346078
2012-09-30 03:00:00,25.289224334127805
2012-09-30 04:00:00,5.816392351510221
2012-09-30 05:00:00,9.817627055092
2012-09-30 06:00:00,22.327928607753893
2012-09-30 07:00:00,47.35875053271703
2012-09-30 08:00:00,110.82797254804959
2012-09-30 09:00:00,197.52192112660933
2012-09-30 10:00:00,389.35066892819117
2012-09-30 11:00:00,587.217510978391
2012-09-30 12:00:00,695.3514361509507
2012-09-30 13:00:00,756.4903416005413
2012-09-30 14:00:00,709.0024526966871
2012-09-30 15:00:00,736.8445430615895
2012-09-30 16:00:00,727.443743017567
2012-09-30 17:00:00,554.5789467373539
2012-09-30 18:00:00,372.6613254429073
2012-09-30 19:00:00,161.9215485813911
2012-09-30 20:00:00,116.55355292587329
2012-09-30 21:00:00,102.99640651593982
2012-09-30 22:00:00,82.59943954671833
2012-09-30 23:00:00,68.53202270378709
2012-10-20 00:00:00,133.8569788318177
2012-10-20 01:00:00,78.71684115452108
2012-10-20 02:00:00,46.79913747800602
2012-10-20 03:00:00,15.508304966724886
2012-10-20 04:00:00,6.782005837219795
2012-10-20 05:00:00,7.568505605787144
2012-10-20 06:00:00,19.897453614051084
2012-10-20 07:00:00,39.07096172629309
2012-10-20 08:00:00,157.75425815412507
2012-10-20 09:00:00,276.50795466792795
2012-10-20 10:00:00,395.89846612069465
2012-10-20 11:00:00,567.5907357286382
2012-10-20 12:00:00,464.59219058341824
2012-10-20 13:00:00,550.5366532080908
2012-10-20 14:00:00,569.8959151568313
2012-10-20 15:00:00,557.0084094250823
2012-10-20 16:00:00,559.3156813258603
2012-10-20 17:00:00,543.3241630492217
2012-10-20 18:00:00,447.9102153391498
2012-10-20 19:00:00,282.6051229893082
2012-10-20 20:00:00,206.34003653485513
2012-10-20 21:00:00,168.76780353193556
2012-10-20 22:00:00,154.8295048808536
2012-10-20 23:00:00,168.1579437126424
2012-10-21 00:00:00,124.84287306196079
2012-10-21 01:00:00,92.42686953783853
2012-10-21 02:00:00,58.90423281007795
2012-10-21 03:00:00,19.048054667594467
2012-10-21 04:00:00,8.585223552233336
2012-10-21 05:00:00,6.7382882218425735
2012-10-21 06:00:00,14.32302772129641
2012-10-21 07:00:00,35.62061751691839
2012-10-21 08:00:00,84.76997453761228
2012-10-21 09:00:00,170.19393346368906
2012-10-21 10:00:00,343.6504069425881
2012-10-21 11:00:00,363.88285513538773
2012-10-21 12:00:00,454.5441825569574
2012-10-21 13:00:00,545.9747488802396
2012-10-21 14:00:00,477.7471835797808
2012-10-21 15:00:00,461.29290182910466
2012-10-21 16:00:00,642.054404491
2012-10-21 17:00:00,453.26654431647313
2012-10-21 18:00:00,367.01165331922147
2012-10-21 19:00:00,258.1603132030268
2012-10-21 20:00:00,180.18808064007627
2012-10-21 21:00:00,189.2230726396526
2012-10-21 22:00:00,129.00041191991113
2012-10-21 23:00:00,96.43154237286261
2012-10-22 00:00:00,36.293894528529236
2012-10-22 01:00:00,17.545296523840303
2012-10-22 02:00:00,7.819026353029106
2012-10-22 03:00:00,4.204670661136603
2012-10-22 04:00:00,6.592154513347683
2012-10-22 05:00:00,23.44529886785699
2012-10-22 06:00:00,106.8440726095324
2012-10-22 07:00:00,347.97027575001295
2012-10-22 08:00:00,449.07188699093405
2012-10-22 09:00:00,205.33722456476673
2012-10-22 10:00:00,165.85343694180182
2012-10-22 11:00:00,137.7417708891864
2012-10-22 12:00:00,259.86098335619295
2012-10-22 13:00:00,204.45721851962003
2012-10-22 14:00:00,195.07211530754296
2012-10-22 15:00:00,221.86426011370114
2012-10-22 16:00:00,381.6890623208798
2012-10-22 17:00:00,629.0906595730985
2012-10-22 18:00:00,578.5280218413565
2012-10-22 19:00:00,350.9179063064317
2012-10-22 20:00:00,245.68887272523034
2012-10-22 21:00:00,184.1994528851399
2012-10-22 22:00:00,115.38901229241722
2012-10-22 23:00:00,70.25787981389311
2012-10-23 00:00:00,37.28951495805226
2012-10-23 01:00:00,9.634800295154738
2012-10-23 02:00:00,3.1302647097601537
2012-10-23 03:00:00,2.7115802766288346
2012-10-23 04:00:00,7.88850440322353
2012-10-23 05:00:00,30.107568134212308
2012-10-23 06:00:00,123.69526812636444
2012-10-23 07:00:00,318.4928012095959
2012-10-23 08:00:00,669.683638763093
2012-10-23 09:00:00,222.85212741362383
2012-10-23 10:00:00,145.30966036050307
2012-10-23 11:00:00,154.23147103544574
2012-10-23 12:00:00,214.80230098512445
2012-10-23 13:00:00,281.72465008166307
2012-10-23 14:00:00,204.41773774837074
2012-10-23 15:00:00,231.85333692965102
2012-10-23 16:00:00,355.2129186478131
2012-10-23 17:00:00,747.4067687188921
2012-10-23 18:00:00,511.8274304435856
2012-10-23 19:00:00,346.33214841345364
2012-10-23 20:00:00,255.13452682325953
2012-10-23 21:00:00,177.69998065222632
2012-10-23 22:00:00,139.35107383983333
2012-10-23 23:00:00,87.52206441874971
2012-10-24 00:00:00,35.05797154833684
2012-10-24 01:00:00,19.57605352284078
2012-10-24 02:00:00,6.564017006701408
2012-10-24 03:00:00,3.629121964671321
2012-10-24 04:00:00,5.610103015836029
2012-10-24 05:00:00,31.05313288350793
2012-10-24 06:00:00,146.11396814505508
2012-10-24 07:00:00,325.2383493669483
2012-10-24 08:00:00,638.7262725339731
2012-10-24 09:00:00,292.3977085218234
2012-10-24 10:00:00,157.67311331428837
2012-10-24 11:00:00,160.9968273377318
2012-10-24 12:00:00,310.5171981262787
2012-10-24 13:00:00,313.6081102098107
2012-10-24 14:00:00,246.7748191189927
2012-10-24 15:00:00,335.68591219748595
2012-10-24 16:00:00,504.5399972461624
2012-10-24 17:00:00,660.2112831794633
2012-10-24 18:00:00,787.4334792448881
2012-10-24 19:00:00,481.90856754222773
2012-10-24 20:00:00,377.7916530198597
2012-10-24 21:00:00,294.47511263530726
2012-10-24 22:00:00,220.8201134837714
2012-10-24 23:00:00,101.58243031400076
2012-10-25 00:00:00,64.67738856743716
2012-10-25 01:00:00,35.159791572821625
2012-10-25 02:00:00,12.28641741650146
2012-10-25 03:00:00,4.274753176094164
2012-10-25 04:00:00,5.618592192042694
2012-10-25 05:00:00,25.293746804155326
2012-10-25 06:00:00,130.46589737460212
2012-10-25 07:00:00,294.9990515547092
2012-10-25 08:00:00,499.1738945813003
2012-10-25 09:00:00,322.79689436708054
2012-10-25 10:00:00,147.07406145069987
2012-10-25 11:00:00,137.30274180389242
2012-10-25 12:00:00,167.16245142278225
2012-10-25 13:00:00,128.4867647571128
2012-10-25 14:00:00,227.99532030364006
2012-10-25 15:00:00,329.49169708280266
2012-10-25 16:00:00,429.0878687757475
2012-10-25 17:00:00,711.880934949882
2012-10-25 18:00:00,235.05887299809237
2012-10-25 19:00:00,191.99158333522928
2012-10-25 20:00:00,171.5533201718756
2012-10-25 21:00:00,124.0085663854702
2012-10-25 22:00:00,168.86931271933946
2012-10-25 23:00:00,87.60803645337803
2012-10-26 00:00:00,84.52593824940564
2012-10-26 01:00:00,22.458031957787874
2012-10-26 02:00:00,6.88955915800303
2012-10-26 03:00:00,6.921531565963765
2012-10-26 04:00:00,7.779914757774489
2012-10-26 05:00:00,24.666128444910285
2012-10-26 06:00:00,107.84011972632682
2012-10-26 07:00:00,325.5502211164773
2012-10-26 08:00:00,440.98220210838355
2012-10-26 09:00:00,306.05064392406166
2012-10-26 10:00:00,182.32990288765097
2012-10-26 11:00:00,203.78018205422853
2012-10-26 12:00:00,284.37419701961363
2012-10-26 13:00:00,311.0876280007354
2012-10-26 14:00:00,375.6086809141003
2012-10-26 15:00:00,401.43118550406314
2012-10-26 16:00:00,406.7191593061147
2012-10-26 17:00:00,468.1697251061792
2012-10-26 18:00:00,410.1220083024266
2012-10-26 19:00:00,190.8226006319964
2012-10-26 20:00:00,151.70304710406168
2012-10-26 21:00:00,215.3252051602557
2012-10-26 22:00:00,120.17901121730573
2012-10-26 23:00:00,117.48018532572391
2012-10-27 00:00:00,134.932887723526
2012-10-27 01:00:00,75.55742761177856
2012-10-27 02:00:00,51.87497854797165
2012-10-27 03:00:00,24.56441162772551
2012-10-27 04:00:00,9.432034078979779
2012-10-27 05:00:00,10.821813892210836
2012-10-27 06:00:00,39.5047315263495
2012-10-27 07:00:00,91.48716004899794
2012-10-27 08:00:00,166.29991852497193
2012-10-27 09:00:00,249.32192814498592
2012-10-27 10:00:00,314.83628827609044
2012-10-27 11:00:00,480.5608875896669
2012-10-27 12:00:00,577.1269544234519
2012-10-27 13:00:00,531.0403307116238
2012-10-27 14:00:00,471.70934924149964
2012-10-27 15:00:00,483.8897584957995
2012-10-27 16:00:00,537.4576550445476
2012-10-27 17:00:00,565.5105645701697
2012-10-27 18:00:00,483.7155837041129
2012-10-27 19:00:00,298.38049562944525
2012-10-27 20:00:00,214.68853614859955
2012-10-27 21:00:00,197.27577877463034
2012-10-27 22:00:00,159.61046663339437
2012-10-27 23:00:00,150.4215314720726
2012-10-28 00:00:00,107.44761039744961
2012-10-28 01:00:00,91.67458803428003
2012-10-28 02:00:00,56.58094047671493
2012-10-28 03:00:00,39.48458073082259
2012-10-28 04:00:00,14.434318393547558
2012-10-28 05:00:00,9.476224454024484
2012-10-28 06:00:00,17.352186460149493
2012-10-28 07:00:00,42.84128829738356
2012-10-28 08:00:00,110.65424257084841
2012-10-28 09:00:00,216.7030792402972
2012-10-28 10:00:00,303.6596718183902
2012-10-28 11:00:00,384.3803279103227
2012-10-28 12:00:00,362.6581846569486
2012-10-28 13:00:00,430.42745864477376
2012-10-28 14:00:00,409.06948075428113
2012-10-28 15:00:00,369.8555930423214
2012-10-28 16:00:00,308.76579544186524
2012-10-28 17:00:00,202.1160792608508
2012-10-28 18:00:00,61.45505901564589
2012-10-28 19:00:00,67.19505374886863
2012-10-28 20:00:00,65.28756155293003
2012-10-28 21:00:00,90.84231785388192
2012-10-28 22:00:00,61.791331300821916
2012-10-28 23:00:00,37.69131056069849
2012-10-29 00:00:00,29.416375354560092
2012-10-30 13:00:00,71.41404838028896
2012-10-30 14:00:00,66.53290822539797
2012-10-30 15:00:00,60.48166258985311
2012-10-30 16:00:00,103.57223370576496
2012-10-30 17:00:00,194.49718506438745
2012-10-30 18:00:00,190.33414857761366
2012-10-30 19:00:00,503.94490451036074
2012-10-30 20:00:00,152.63230993398045
2012-10-30 21:00:00,87.80803132085455
2012-10-30 22:00:00,99.53787786503608
2012-10-30 23:00:00,72.09379141542446
2012-10-31 00:00:00,33.480237310042085
2012-10-31 01:00:00,11.530221691181312
2012-10-31 02:00:00,3.208527582098869
2012-10-31 03:00:00,3.1142258749175125
2012-10-31 04:00:00,3.9065129570080845
2012-10-31 05:00:00,28.704105659000547
2012-10-31 06:00:00,108.12155995404393
2012-10-31 07:00:00,301.9646574755282
2012-10-31 08:00:00,583.9068343149721
2012-10-31 09:00:00,263.0277200667419
2012-10-31 10:00:00,164.45818846632994
2012-10-31 11:00:00,202.6364097420093
2012-10-31 12:00:00,291.5786142325635
2012-10-31 13:00:00,338.5979332722384
2012-10-31 14:00:00,370.0538758141678
2012-10-31 15:00:00,388.3616335161409
2012-10-31 16:00:00,591.2203538074139
2012-10-31 17:00:00,1008.6629109870366
2012-10-31 18:00:00,850.7477634903089
2012-10-31 19:00:00,633.0489157088687
2012-10-31 20:00:00,377.54781528073727
2012-10-31 21:00:00,238.52973566745305
2012-10-31 22:00:00,192.67318045659343
2012-10-31 23:00:00,107.46272578943612
2012-11-20 00:00:00,33.583215498638545
2012-11-20 01:00:00,15.068513735616145
2012-11-20 02:00:00,3.3455875113200726
2012-11-20 03:00:00,3.8161360490895984
2012-11-20 04:00:00,13.114688386278397
2012-11-20 05:00:00,60.96436868979526
2012-11-20 06:00:00,186.8186390968559
2012-11-20 07:00:00,326.2779962786109
2012-11-20 08:00:00,629.6206364220272
2012-11-20 09:00:00,330.3464034644263
2012-11-20 10:00:00,114.68305055102317
2012-11-20 11:00:00,112.57363491740752
2012-11-20 12:00:00,184.24302327663378
2012-11-20 13:00:00,169.03204787053966
2012-11-20 14:00:00,156.954489391827
2012-11-20 15:00:00,177.18731856330254
2012-11-20 16:00:00,253.6040597612034
2012-11-20 17:00:00,492.68903569438663
2012-11-20 18:00:00,486.4737305186677
2012-11-20 19:00:00,350.0827501939475
2012-11-20 20:00:00,245.29099021866332
2012-11-20 21:00:00,168.26486290260087
2012-11-20 22:00:00,121.25600017679689
2012-11-20 23:00:00,97.77340121343704
2012-11-21 00:00:00,24.748751504693793
2012-11-21 01:00:00,16.825478833901784
2012-11-21 02:00:00,4.838590405555709
2012-11-21 03:00:00,3.978698921241864
2012-11-21 04:00:00,3.8129274911759214
2012-11-21 05:00:00,30.45864661738226
2012-11-21 06:00:00,93.023723966656
2012-11-21 07:00:00,344.8274962124775
2012-11-21 08:00:00,564.9370266797895
2012-11-21 09:00:00,194.96536028673356
2012-11-21 10:00:00,145.20984914111588
2012-11-21 11:00:00,178.97170594182134
2012-11-21 12:00:00,186.16627471469118
2012-11-21 13:00:00,195.04783921596754
2012-11-21 14:00:00,192.3773905720694
2012-11-21 15:00:00,190.61834355412248
2012-11-21 16:00:00,303.3476515942929
2012-11-21 17:00:00,527.2751964559827
2012-11-21 18:00:00,450.0637795770603
2012-11-21 19:00:00,354.233737338205
2012-11-21 20:00:00,267.0510968032322
2012-11-21 21:00:00,220.59594848972742
2012-11-21 22:00:00,160.79796430973713
2012-11-21 23:00:00,118.25348356925892
2012-11-22 00:00:00,89.59989746063077
2012-11-22 01:00:00,41.71274958614203
2012-11-22 02:00:00,16.87921435053676
2012-11-22 03:00:00,8.983990024347325
2012-11-22 04:00:00,7.2543859533901225
2012-11-22 05:00:00,12.608081502422598
2012-11-22 06:00:00,38.772464381485776
2012-11-22 07:00:00,126.60072382126602
2012-11-22 08:00:00,331.88597147245883
2012-11-22 09:00:00,206.13951560443192
2012-11-22 10:00:00,267.64988254936776
2012-11-22 11:00:00,246.1579342504465
2012-11-22 12:00:00,273.76977647771895
2012-11-22 13:00:00,245.92551970686455
2012-11-22 14:00:00,263.081531347009
2012-11-22 15:00:00,231.7488847745146
2012-11-22 16:00:00,301.68185362832565
2012-11-22 17:00:00,295.52955940714673
2012-11-22 18:00:00,289.3149116924981
2012-11-22 19:00:00,175.07192607025252
2012-11-22 20:00:00,182.08037730220565
2012-11-22 21:00:00,164.06812130528095
2012-11-22 22:00:00,114.12732385576156
2012-11-22 23:00:00,80.56223406414239
2012-11-23 00:00:00,39.19755559227553
2012-11-23 01:00:00,25.364172347051674
2012-11-23 02:00:00,7.955581504119342
2012-11-23 03:00:00,2.6954982031472694
2012-11-23 04:00:00,7.749347249661229
2012-11-23 05:00:00,17.964146401205138
2012-11-23 06:00:00,73.65287191864053
2012-11-23 07:00:00,242.38425367346318
2012-11-23 08:00:00,528.3418104526819
2012-11-23 09:00:00,280.3346151980993
2012-11-23 10:00:00,180.49524973049307
2012-11-23 11:00:00,235.85422431486688
2012-11-23 12:00:00,264.55336368432944
2012-11-23 13:00:00,253.49186355197398
2012-11-23 14:00:00,250.85083377691248
2012-11-23 15:00:00,264.2829126836587
2012-11-23 16:00:00,438.5279783719784
2012-11-23 17:00:00,633.0908758126087
2012-11-23 18:00:00,454.8008793831147
2012-11-23 19:00:00,370.2663891595394
2012-11-23 20:00:00,256.82922486286174
2012-11-23 21:00:00,161.35512377432897
2012-11-23 22:00:00,143.97233765263698
2012-11-23 23:00:00,121.7406250573728
2012-11-24 00:00:00,83.04238174625237
2012-11-24 01:00:00,50.00733501158967
2012-11-24 02:00:00,30.148756101197343
2012-11-24 03:00:00,12.881661740344002
2012-11-24 04:00:00,5.109324869426088
2012-11-24 05:00:00,3.561501169186065
2012-11-24 06:00:00,14.908406935707536
2012-11-24 07:00:00,41.62686278657999
2012-11-24 08:00:00,103.99252873399296
2012-11-24 09:00:00,176.5883732347637
2012-11-24 10:00:00,207.7245891881569
2012-11-24 11:00:00,198.41540438979334
2012-11-24 12:00:00,224.66574587462094
2012-11-24 13:00:00,227.24445772226764
2012-11-24 14:00:00,224.08649761390566
2012-11-24 15:00:00,176.90273325244723
2012-11-24 16:00:00,228.6407042699103
2012-11-24 17:00:00,222.49409253343205
2012-11-24 18:00:00,166.43493847000252
2012-11-24 19:00:00,161.18871123078935
2012-11-24 20:00:00,114.4638634966814
2012-11-24 21:00:00,93.49942477331449
2012-11-24 22:00:00,73.85128814434172
2012-11-24 23:00:00,60.818408423821985
2012-11-25 00:00:00,46.63005733288208
2012-11-25 01:00:00,52.32215380419331
2012-11-25 02:00:00,24.49691337359401
2012-11-25 03:00:00,10.69143230262175
2012-11-25 04:00:00,3.771594887703677
2012-11-25 05:00:00,3.400050917280736
2012-11-25 06:00:00,10.198205183459802
2012-11-25 07:00:00,30.360688847642052
2012-11-25 08:00:00,50.61198345726832
2012-11-25 09:00:00,120.11690776214984
2012-11-25 10:00:00,143.11258525127107
2012-11-25 11:00:00,187.76529944748933
2012-11-25 12:00:00,252.28527565222436
2012-11-25 13:00:00,238.66455546591007
2012-11-25 14:00:00,272.99232044488514
2012-11-25 15:00:00,271.70716417161543
2012-11-25 16:00:00,265.32146172442083
2012-11-25 17:00:00,184.29205228620268
2012-11-25 18:00:00,142.89553763612716
2012-11-25 19:00:00,98.40492209788938
2012-11-25 20:00:00,77.46519355773943
2012-11-25 21:00:00,61.058541186793626
2012-11-25 22:00:00,52.419421030581255
2012-11-25 23:00:00,34.532688106621286
2012-11-26 00:00:00,18.40500595162252
2012-11-26 01:00:00,7.119922381452388
2012-11-26 02:00:00,3.0834035062393093
2012-11-26 03:00:00,2.157869920631236
2012-11-26 04:00:00,4.354648339382272
2012-11-26 05:00:00,17.437565964743357
2012-11-26 06:00:00,108.32958357153089
2012-11-26 07:00:00,322.42707895503275
2012-11-26 08:00:00,493.8695737043149
2012-11-26 09:00:00,251.0823956117157
2012-11-26 10:00:00,139.46647492592962
2012-11-26 11:00:00,146.69451551582947
2012-11-26 12:00:00,188.57894679106604
2012-11-26 13:00:00,189.74721329014503
2012-11-26 14:00:00,175.5628122430771
2012-11-26 15:00:00,168.8453185215082
2012-11-26 16:00:00,269.07040858654113
2012-11-26 17:00:00,430.56499396370657
2012-11-26 18:00:00,491.6887703904043
2012-11-26 19:00:00,254.76446965220927
2012-11-26 20:00:00,197.21925175328792
2012-11-26 21:00:00,137.4806763693043
2012-11-26 22:00:00,84.77874645124129
2012-11-26 23:00:00,82.83424037070752
2012-11-27 00:00:00,45.12561970060447
2012-11-27 01:00:00,16.918916602593672
2012-11-27 02:00:00,5.70390129923104
2012-11-27 03:00:00,4.108591769607794
2012-11-27 04:00:00,7.6483895954563
2012-11-27 05:00:00,33.42279006876281
2012-11-27 06:00:00,139.35260214692494
2012-11-27 07:00:00,219.57180019056827
2012-11-27 08:00:00,278.5816380170952
2012-11-27 09:00:00,252.14588763853396
2012-11-27 10:00:00,75.01785375352594
2012-11-27 11:00:00,36.90430985400962
2012-11-27 12:00:00,37.16822378555471
2012-11-27 13:00:00,52.11728682372354
2012-11-27 14:00:00,36.758452890594086
2012-11-27 15:00:00,116.12451151379057
2012-11-27 16:00:00,160.58295968961298
2012-11-27 17:00:00,324.0571952254178
2012-11-27 18:00:00,156.44303286997953
2012-11-27 19:00:00,187.24038353131937
2012-11-27 20:00:00,107.02151613247257
2012-11-27 21:00:00,58.98987831727346
2012-11-27 22:00:00,82.34288140642315
2012-11-27 23:00:00,62.52596873553835
2012-11-28 00:00:00,45.51511297291054
2012-11-28 01:00:00,35.924866645204695
2012-11-28 02:00:00,12.757127385422791
2012-11-28 03:00:00,9.005828001157342
2012-11-28 04:00:00,12.996072516797605
2012-11-28 05:00:00,49.32022620468182
2012-11-28 06:00:00,171.85380001536097
2012-11-28 07:00:00,432.9379047870861
2012-11-28 08:00:00,417.15296941893087
2012-11-28 09:00:00,328.8762290846551
2012-11-28 10:00:00,158.0428519198487
2012-11-28 11:00:00,184.674451086073
2012-11-28 12:00:00,206.0951893345166
2012-11-28 13:00:00,256.5395120353604
2012-11-28 14:00:00,222.75672261196695
2012-11-28 15:00:00,215.9044541702084
2012-11-28 16:00:00,277.7701189581098
2012-11-28 17:00:00,472.49635523305614
2012-11-28 18:00:00,375.4910279007147
2012-11-28 19:00:00,297.0408260368486
2012-11-28 20:00:00,222.91685169359224
2012-11-28 21:00:00,170.41229866390069
2012-11-28 22:00:00,120.22882029232571
2012-11-28 23:00:00,61.35023998877711
2012-11-29 00:00:00,29.37790392367438
2012-11-29 01:00:00,14.233565344391119
2012-11-29 02:00:00,3.455342451019169
2012-11-29 04:00:00,5.670964402465758
2012-11-29 05:00:00,26.719374702263018
2012-11-29 06:00:00,106.11527314356292
2012-11-29 07:00:00,286.184092673773
2012-11-29 08:00:00,749.2562294091163
2012-11-29 09:00:00,276.14929377470986
2012-11-29 10:00:00,109.534959481095
2012-11-29 11:00:00,197.8847751177911
2012-11-29 12:00:00,288.4359516993576
2012-11-29 13:00:00,235.0219999896276
2012-11-29 14:00:00,209.3203537354912
2012-11-29 15:00:00,210.86753592354765
2012-11-29 16:00:00,342.2140245634312
2012-11-29 17:00:00,534.5873251020763
2012-11-29 18:00:00,504.84298270777765
2012-11-29 19:00:00,230.55331554833256
2012-11-29 20:00:00,228.84314309296298
2012-11-29 21:00:00,111.9182472089973
2012-11-29 22:00:00,94.81499449465713
2012-11-29 23:00:00,99.6123757396133
2012-11-30 00:00:00,33.71121631344047
2012-11-30 01:00:00,26.7152215273058
2012-11-30 02:00:00,4.838914580782415
2012-11-30 03:00:00,1.9532128165873086
2012-11-30 04:00:00,2.697526226719489
2012-11-30 05:00:00,17.010585729319203
2012-11-30 06:00:00,51.09526032824926
2012-11-30 07:00:00,178.36383711772058
2012-11-30 08:00:00,492.491262285555
2012-11-30 09:00:00,294.3284137617031
2012-11-30 10:00:00,156.90412898677386
2012-11-30 11:00:00,186.00309640676815
2012-11-30 12:00:00,271.29353490249696
2012-11-30 13:00:00,281.40081602611383
2012-11-30 14:00:00,255.51157882086616
2012-11-30 15:00:00,268.71127241887893
2012-11-30 16:00:00,399.6886782867445
2012-11-30 17:00:00,625.1857712487273
2012-11-30 18:00:00,413.49160927130555
2012-11-30 19:00:00,233.13567465762657
2012-11-30 20:00:00,180.28751793813007
2012-11-30 21:00:00,181.58693919468868
2012-11-30 22:00:00,102.2781474057901
2012-11-30 23:00:00,136.17767362878584
2012-12-20 00:00:00,47.64298678367018
2012-12-20 01:00:00,18.46230255124737
2012-12-20 02:00:00,7.678258642644099
2012-12-20 03:00:00,3.327413537578689
2012-12-20 04:00:00,4.95838606876218
2012-12-20 05:00:00,28.26920453400411
2012-12-20 06:00:00,89.53638855756871
2012-12-20 07:00:00,345.7648483460379
2012-12-20 08:00:00,544.4637414641056
2012-12-20 09:00:00,234.39045471211867
2012-12-20 10:00:00,115.93683986855831
2012-12-20 11:00:00,131.96520886403337
2012-12-20 12:00:00,224.72874654405527
2012-12-20 13:00:00,202.27255879280733
2012-12-20 14:00:00,168.55347450738222
2012-12-20 15:00:00,161.53973170429106
2012-12-20 16:00:00,173.41024617731907
2012-12-20 17:00:00,428.71462700404874
2012-12-20 18:00:00,349.6431593752683
2012-12-20 19:00:00,126.16327055053613
2012-12-20 20:00:00,117.0158681995972
2012-12-20 21:00:00,83.40024261509
2012-12-20 22:00:00,49.13723416392031
2012-12-20 23:00:00,31.645902546956275
2012-12-21 00:00:00,16.3856122257936
2012-12-21 01:00:00,10.435865308584807
2012-12-21 02:00:00,5.217557576130555
2012-12-21 03:00:00,2.616463618929175
2012-12-21 04:00:00,2.741198721195088
2012-12-21 05:00:00,11.546295403002782
2012-12-21 06:00:00,60.28851358323449
2012-12-21 07:00:00,171.49999290748895
2012-12-21 08:00:00,280.1030539127704
2012-12-21 09:00:00,256.5404906578021
2012-12-21 10:00:00,113.79063423072121
2012-12-21 11:00:00,106.72731446759045
2012-12-21 12:00:00,122.14754067438525
2012-12-21 13:00:00,108.66083962746406
2012-12-21 14:00:00,88.56333257511363
2012-12-21 15:00:00,90.6418949632133
2012-12-21 16:00:00,113.65365698487763
2012-12-21 17:00:00,240.18410537978673
2012-12-21 18:00:00,223.7170918512117
2012-12-21 19:00:00,148.3494807493224
2012-12-21 20:00:00,93.33220614653091
2012-12-21 21:00:00,138.1062530199132
2012-12-21 22:00:00,79.42086400539972
2012-12-21 23:00:00,66.08188162284102
2012-12-22 00:00:00,34.44165815932131
2012-12-22 01:00:00,30.849573484832426
2012-12-22 02:00:00,24.395475576480518
2012-12-22 03:00:00,12.585427614191207
2012-12-22 04:00:00,3.676643649326057
2012-12-22 05:00:00,2.5456833681329303
2012-12-22 06:00:00,8.12942130127849
2012-12-22 07:00:00,21.739064746437133
2012-12-22 08:00:00,46.27525471161113
2012-12-22 09:00:00,81.09948515715102
2012-12-22 10:00:00,127.85573492166439
2012-12-22 11:00:00,133.05204860905184
2012-12-22 12:00:00,142.5778236363254
2012-12-22 13:00:00,114.04534215084095
2012-12-22 14:00:00,114.15437387484485
2012-12-22 15:00:00,121.4935231903799
2012-12-22 16:00:00,93.77482367901854
2012-12-22 17:00:00,102.65749962876966
2012-12-22 18:00:00,117.54871644285721
2012-12-22 19:00:00,83.39348227220228
2012-12-22 20:00:00,70.12580692065053
2012-12-22 21:00:00,57.356346754391225
2012-12-22 22:00:00,39.63659575313823
2012-12-22 23:00:00,30.25505986631489
2012-12-23 00:00:00,31.545510294699636
2012-12-23 01:00:00,30.10949913290593
2012-12-23 02:00:00,16.47942018522679
2012-12-23 03:00:00,11.641285748083034
2012-12-23 04:00:00,2.9520394941875097
2012-12-23 05:00:00,1.2538516651019107
2012-12-23 06:00:00,2.9855382257987135
2012-12-23 07:00:00,7.095983523301486
2012-12-23 08:00:00,22.065964217260294
2012-12-23 09:00:00,56.77352621977888
2012-12-23 10:00:00,81.80242499462285
2012-12-23 11:00:00,154.04999948193148
2012-12-23 12:00:00,193.09543478180527
2012-12-23 13:00:00,207.68289298554313
2012-12-23 14:00:00,170.02667452462453
2012-12-23 15:00:00,162.28817104001774
2012-12-23 16:00:00,184.54848072366744
2012-12-23 17:00:00,130.2393973748306
2012-12-23 18:00:00,108.45688598288174
2012-12-23 19:00:00,47.59078684212104
2012-12-23 20:00:00,36.1880223390362
2012-12-23 21:00:00,30.91640075384399
2012-12-23 22:00:00,45.52611787475241
2012-12-23 23:00:00,19.099018306910725
2012-12-24 00:00:00,9.962460426715522
2012-12-24 01:00:00,4.54539656082205
2012-12-24 02:00:00,3.4469973839356483
2012-12-24 03:00:00,1.9943436688403815
2012-12-24 05:00:00,10.216734993390189
2012-12-24 06:00:00,20.64776750717442
2012-12-24 07:00:00,57.294160065625505
2012-12-24 08:00:00,167.4895790911832
2012-12-24 09:00:00,133.3559119271418
2012-12-24 10:00:00,89.06063386464926
2012-12-24 11:00:00,93.80205926349434
2012-12-24 12:00:00,90.39612597318452
2012-12-24 13:00:00,61.93779536899089
2012-12-24 14:00:00,54.117650672494925
2012-12-24 15:00:00,41.5277645314519
2012-12-24 16:00:00,63.43560949555886
2012-12-24 17:00:00,221.04587650289054
2012-12-24 18:00:00,173.62106438948254
2012-12-24 19:00:00,221.47612766359651
2012-12-24 20:00:00,112.09551178278755
2012-12-24 21:00:00,66.80939661612817
2012-12-24 22:00:00,53.4911525739282
2012-12-24 23:00:00,31.62358485068952
2012-12-25 00:00:00,9.286054119463781
2012-12-25 01:00:00,18.28842086218936
2012-12-25 02:00:00,13.473029711053135
2012-12-25 04:00:00,5.096046568222678
2012-12-25 05:00:00,6.826461162689724
2012-12-25 06:00:00,12.445590180581915
2012-12-25 07:00:00,30.146729146685523
2012-12-25 08:00:00,57.3225252286911
2012-12-25 09:00:00,84.35706754041117
2012-12-25 10:00:00,107.74569854873721
2012-12-25 11:00:00,171.67516808694035
2012-12-25 12:00:00,168.44564903541794
2012-12-25 13:00:00,208.07621966544727
2012-12-25 14:00:00,199.73754362354686
2012-12-25 15:00:00,184.12621460707516
2012-12-25 16:00:00,168.00285931539517
2012-12-25 17:00:00,162.65717481681276
2012-12-25 18:00:00,157.77238796103225
2012-12-25 19:00:00,136.83072310257853
2012-12-25 20:00:00,72.31134726758994
2012-12-25 21:00:00,52.64568003764502
2012-12-25 22:00:00,60.91668335363505
2012-12-25 23:00:00,34.637152643073584
2012-12-26 00:00:00,22.29685630987334
2012-12-26 01:00:00,2.9316424664981215
2012-12-26 02:00:00,1.5696097668643316
2012-12-26 03:00:00,2.8081024465353885
2012-12-26 04:00:00,1.1466307633596347
2012-12-26 05:00:00,8.258964994495523
2012-12-26 06:00:00,44.14017843699598
2012-12-26 07:00:00,39.306281258485896
2012-12-26 08:00:00,58.56280866201255
2012-12-26 09:00:00,31.149826630398557
2012-12-26 10:00:00,13.601118148301847
2012-12-26 11:00:00,11.041881917721561
2012-12-26 12:00:00,13.765562075951621
2012-12-26 13:00:00,14.879899172747184
2012-12-26 14:00:00,15.09730006896331
2012-12-26 15:00:00,22.740086571952656
2012-12-26 16:00:00,35.704248920933466
2012-12-26 17:00:00,61.82548998179019
2012-12-26 18:00:00,52.21782083535031
2012-12-26 19:00:00,107.66635007993796
2012-12-26 20:00:00,46.76665728779881
2012-12-26 21:00:00,41.806637330910895
2012-12-26 22:00:00,9.092044906708084
2012-12-26 23:00:00,10.80052305998895
2012-12-27 00:00:00,8.501063867992723
2012-12-27 01:00:00,1.9199494694575072
2012-12-27 02:00:00,2.229936754114533
2012-12-27 03:00:00,2.9093640363573536
2012-12-27 04:00:00,2.204312052377374
2012-12-27 05:00:00,20.773057520588985
2012-12-27 06:00:00,60.562150591010216
2012-12-27 07:00:00,237.56218492622597
2012-12-27 08:00:00,508.0126862173672
2012-12-27 09:00:00,275.41629378825985
2012-12-27 10:00:00,134.493832756509
2012-12-27 11:00:00,84.29663164949044
2012-12-27 12:00:00,142.56504276520886
2012-12-27 13:00:00,127.30797050725303
2012-12-27 14:00:00,95.44615616995907
2012-12-27 15:00:00,82.72904387252052
2012-12-27 16:00:00,132.0121599469917
2012-12-27 17:00:00,296.070056494954
2012-12-27 18:00:00,250.80897202067794
2012-12-27 19:00:00,153.45973282168822
2012-12-27 20:00:00,138.87313912583738
2012-12-27 21:00:00,85.33422812805152
2012-12-27 22:00:00,42.553677427506855
2012-12-27 23:00:00,35.893745791796285
2012-12-28 00:00:00,30.6111057736156
2012-12-28 01:00:00,10.080154310331677
2012-12-28 02:00:00,5.227035840648258
2012-12-28 03:00:00,4.829251728572844
2012-12-28 04:00:00,2.9955341113571268
2012-12-28 05:00:00,20.75708630851328
2012-12-28 06:00:00,38.517210426822956
2012-12-28 07:00:00,90.21987240484502
2012-12-28 08:00:00,412.2072829019685
2012-12-28 09:00:00,150.22992846866032
2012-12-28 10:00:00,86.50033912956671
2012-12-28 11:00:00,88.24456220185706
2012-12-28 12:00:00,108.57807315039845
2012-12-28 13:00:00,99.42384132391882
2012-12-28 14:00:00,79.96655511308437
2012-12-28 15:00:00,107.87231481352586
2012-12-28 16:00:00,107.85811898994135
2012-12-28 17:00:00,194.52111435542685
2012-12-28 18:00:00,205.39568659954273
2012-12-28 19:00:00,194.42634194682842
2012-12-28 20:00:00,75.41413384821453
2012-12-28 21:00:00,60.561428638218835
2012-12-28 22:00:00,65.45348520039083
2012-12-28 23:00:00,37.07335761968282
2012-12-29 00:00:00,28.72565052487484
2012-12-29 01:00:00,24.655004360713487
2012-12-29 02:00:00,27.184180174559305
2012-12-29 03:00:00,10.095710820995745
2012-12-29 04:00:00,3.2920463622888048
2012-12-29 05:00:00,2.4827114493266182
2012-12-29 06:00:00,6.598055713603902
2012-12-29 07:00:00,13.938153901627619
2012-12-29 08:00:00,32.034435017857554
2012-12-29 09:00:00,76.67237202791993
2012-12-29 10:00:00,124.06451777421927
2012-12-29 11:00:00,70.59228172498358
2012-12-29 12:00:00,39.13056881359973
2012-12-29 13:00:00,45.852071592722574
2012-12-29 14:00:00,222.8094133092523
2012-12-29 15:00:00,181.30635325887962
2012-12-29 16:00:00,179.80811234151815
2012-12-29 17:00:00,111.91904771354437
2012-12-29 18:00:00,83.33107441102497
2012-12-29 19:00:00,75.94540338810131
2012-12-29 20:00:00,48.08348982866122
2012-12-29 21:00:00,41.21912507396681
2012-12-29 22:00:00,42.05865410210364
2012-12-29 23:00:00,39.250570628840066
2012-12-30 00:00:00,40.9380901162384
2012-12-30 01:00:00,33.59592479371731
2012-12-30 02:00:00,34.93973184590882
2012-12-30 03:00:00,14.032850601351246
2012-12-30 04:00:00,1.3469507139406496
2012-12-30 05:00:00,1.5530964302864805
2012-12-30 06:00:00,2.8642568205148757
2012-12-30 07:00:00,3.3459125695753658
2012-12-30 08:00:00,21.92932586116109
2012-12-30 09:00:00,47.17717559576001
2012-12-30 10:00:00,109.48879759145007
2012-12-30 11:00:00,128.47028492010804
2012-12-30 12:00:00,169.05163499032003
2012-12-30 13:00:00,136.19208986743706
2012-12-30 14:00:00,98.02520391868777
2012-12-30 15:00:00,103.13302983870139
2012-12-30 16:00:00,119.76825898827853
2012-12-30 17:00:00,109.84213818167056
2012-12-30 18:00:00,83.8612739317729
2012-12-30 19:00:00,48.7579953962117
2012-12-30 20:00:00,46.601427517610496
2012-12-30 21:00:00,26.650110140697976
2012-12-30 22:00:00,21.94265699796782
2012-12-30 23:00:00,14.608421631534279
2012-12-31 00:00:00,9.048694618755633
2012-12-31 01:00:00,3.741849762737961
2012-12-31 02:00:00,3.0936241609387856
2012-12-31 03:00:00,2.2457813048457607
2012-12-31 04:00:00,2.2192802189088
2012-12-31 05:00:00,4.225741099155362
2012-12-31 06:00:00,34.173704377841574
2012-12-31 07:00:00,84.25303052296792
2012-12-31 08:00:00,209.01026899488363
2012-12-31 09:00:00,136.6878438249609
2012-12-31 10:00:00,48.38086459012808
2012-12-31 11:00:00,72.6154152700481
2012-12-31 12:00:00,118.5334408186379
2012-12-31 13:00:00,108.80549556697268
2012-12-31 14:00:00,83.74227366834866
2012-12-31 15:00:00,87.93641516910643
2012-12-31 16:00:00,101.07784674064708
2012-12-31 17:00:00,160.8678299021975
2012-12-31 18:00:00,172.10104572795103
2012-12-31 19:00:00,181.9796908311565
2012-12-31 20:00:00,112.15640935528054
2012-12-31 21:00:00,89.13851067356532
2012-12-31 22:00:00,55.74064059920498
2012-12-31 23:00:00,26.602238568508437
